=== run start 2026-09-11T17:30:43Z DBHOST=172.27.0.2 ===
Picked up JAVA_TOOL_OPTIONS: -Dfineract.feign.debug=true -Dfineract.capture.log=/work/fineract-e2e-tests-runner/build/capture/feign-buydown-fees-mnt.log
To honour the JVM settings for this build a single-use Daemon process will be forked. For more on this, please refer to https://docs.gradle.org/8.14.5/userguide/gradle_daemon.html#sec:disabling_the_daemon in the Gradle documentation.
Daemon will be stopped at the end of the build 
> Task :buildSrc:extractPluginRequests UP-TO-DATE
> Task :buildSrc:generatePluginAdapters UP-TO-DATE
> Task :buildSrc:compileJava UP-TO-DATE
> Task :buildSrc:compileGroovy UP-TO-DATE
> Task :buildSrc:compileGroovyPlugins UP-TO-DATE
> Task :buildSrc:pluginDescriptors UP-TO-DATE
> Task :buildSrc:processResources UP-TO-DATE
> Task :buildSrc:classes UP-TO-DATE
> Task :buildSrc:jar UP-TO-DATE

> Configure project :
matching ref: COMMIT - 426a23544e8426a38ae43ae404670a0a7e85b9eb
  ref configuration: COMMIT - pattern: null
    version: ${describe.tag.version.major}.${describe.tag.version.minor.next}.0-SNAPSHOT
    describeTagPattern: .*(\d+\.\d+\.\d+).*
    describeTagFirstParent: false

project version: 1.16.0-SNAPSHOT

> Task :fineract-avro-schemas:compileJava UP-TO-DATE
> Task :fineract-avro-schemas:processResources UP-TO-DATE
> Task :fineract-avro-schemas:classes
> Task :fineract-avro-schemas:jar UP-TO-DATE
> Task :fineract-client-feign:cleanupGeneratedJavaFiles UP-TO-DATE
> Task :fineract-client-feign:licenseFormatMain UP-TO-DATE
> Task :spotlessInternalRegisterDependencies UP-TO-DATE
> Task :fineract-client-feign:spotlessMisc UP-TO-DATE
> Task :fineract-client-feign:spotlessMiscApply UP-TO-DATE
> Task :fineract-client-feign:compileJava UP-TO-DATE
> Task :fineract-client-feign:processResources UP-TO-DATE
> Task :fineract-client-feign:classes UP-TO-DATE
> Task :fineract-client-feign:jar UP-TO-DATE
> Task :fineract-e2e-tests-core:compileJava NO-SOURCE
> Task :fineract-e2e-tests-core:processResources NO-SOURCE
> Task :fineract-e2e-tests-core:classes UP-TO-DATE
> Task :fineract-e2e-tests-core:compileTestJava UP-TO-DATE
> Task :fineract-e2e-tests-core:processTestResources UP-TO-DATE
> Task :fineract-e2e-tests-core:testClasses UP-TO-DATE
> Task :fineract-e2e-tests-runner:compileJava NO-SOURCE
> Task :fineract-e2e-tests-runner:processResources NO-SOURCE
> Task :fineract-e2e-tests-runner:classes UP-TO-DATE
> Task :fineract-e2e-tests-runner:compileTestJava UP-TO-DATE
> Task :fineract-e2e-tests-runner:processTestResources UP-TO-DATE
> Task :fineract-e2e-tests-runner:testClasses UP-TO-DATE
Picked up JAVA_TOOL_OPTIONS: -Dfineract.feign.debug=true -Dfineract.capture.log=/work/fineract-e2e-tests-runner/build/capture/feign-buydown-fees-mnt.log
17:31:00.393 [main] INFO  o.a.f.t.s.hook.InitializingHook - Setting up global defaults for Fineract
> Task :fineract-e2e-tests-runner:cucumber

Mockito is currently self-attaching to enable the inline-mock-maker. This will no longer work in future releases of the JDK. Please add Mockito as an agent to your build as described in Mockito's documentation: https://javadoc.io/doc/org.mockito/mockito-core/latest/org.mockito/org/mockito/Mockito.html#0.3
WARNING: A Java agent has been loaded dynamically (/gradle-home/caches/modules-2/files-2.1/net.bytebuddy/byte-buddy-agent/1.17.8/f09415827a71be7ed621c7bd02550678f28bc81c/byte-buddy-agent-1.17.8.jar)
WARNING: If a serviceability tool is in use, please run with -XX:+EnableDynamicAgentLoading to hide this warning
WARNING: If a serviceability tool is not in use, please run with -Djdk.instrument.traceUsage for more information
WARNING: Dynamic loading of agents will be disallowed by default in a future release
OpenJDK 64-Bit Server VM warning: Sharing is only supported for boot loader classes because bootstrap classpath has been appended

@BuyDownFeeFeature @TestRailId:C3770
[1mScenario:[22m Verify loan with Buy Down fees and full payment - UC1.1                                                                       [90m# fineract-e2e-tests-runner/src/test/resources/features/LoanBuyDownFees.feature:5[39m
  [32m✔[39m [32m[1mWhen [22mAdmin sets the business date to [1m"01 January 2024"[22m[39m                                                                              [90m# org.apache.fineract.test.stepdef.common.BusinessDateStepDef.setBusinessDate(java.lang.String)[39m
  [32m✔[39m [32m[1mAnd [22mAdmin creates a client with random data[39m                                                                                         [90m# org.apache.fineract.test.stepdef.common.ClientStepDef.createClientRandomFirstNameLastName()[39m
  [32m✔[39m [32m[1mAnd [22mAdmin creates a fully customized loan with the following data:[39m                                                                  [90m# org.apache.fineract.test.stepdef.loan.LoanStepDef.createFullyCustomizedLoan(io.cucumber.datatable.DataTable)[39m
      | LoanProduct                                              | submitted on date | with Principal | ANNUAL interest rate % | interest type     | interest calculation period | amortization type  | loanTermFrequency | loanTermFrequencyType | repaymentEvery | repaymentFrequencyType | numberOfRepayments | graceOnPrincipalPayment | graceOnInterestPayment | interest free period | Payment strategy            |
      | LP2_PROGRESSIVE_ADVANCED_PAYMENT_ALLOCATION_BUYDOWN_FEES | 01 January 2024   | 100            | 7                      | DECLINING_BALANCE | DAILY                       | EQUAL_INSTALLMENTS | 3                 | MONTHS                | 1              | MONTHS                 | 3                  | 0                       | 0                      | 0                    | ADVANCED_PAYMENT_ALLOCATION |
  [32m✔[39m [32m[1mAnd [22mAdmin successfully approves the loan on [1m"01 January 2024"[22m with [1m"100"[22m amount and expected disbursement date on [1m"01 January 2024"[22m[39m [90m# org.apache.fineract.test.stepdef.loan.LoanStepDef.approveLoan(java.lang.String,java.lang.String,java.lang.String)[39m
  [32m✔[39m [32m[1mAnd [22mAdmin successfully disburse the loan on [1m"01 January 2024"[22m with [1m"100"[22m EUR transaction amount[39m                                     [90m# org.apache.fineract.test.stepdef.loan.LoanStepDef.disburseLoan(java.lang.String,java.lang.String)[39m
  [32m✔[39m [32m[1mThen [22mLoan status will be [1m"ACTIVE"[22m[39m                                                                                                   [90m# org.apache.fineract.test.stepdef.loan.LoanStepDef.loanStatus(java.lang.String)[39m
  [32m✔[39m [32m[1mWhen [22mAdmin adds buy down fee with [1m"AUTOPAY"[22m payment type to the loan on [1m"01 January 2024"[22m with [1m"50"[22m EUR transaction amount[39m          [90m# org.apache.fineract.test.stepdef.loan.LoanStepDef.adminAddsBuyDownFeesToTheLoanOnWithEURTransactionAmount(java.lang.String,java.lang.String,java.lang.String)[39m
  [32m✔[39m [32m[1mThen [22mLoan Repayment schedule has [1m3[22m periods, with the following data for periods:[39m                                                    [90m# org.apache.fineract.test.stepdef.loan.LoanStepDef.loanRepaymentSchedulePeriodsCheck(int,io.cucumber.datatable.DataTable)[39m
      | Nr | Days | Date             | Paid date | Balance of loan | Principal due | Interest | Fees | Penalties | Due   | Paid | In advance | Late | Outstanding |
      |    |      | 01 January 2024  |           | 100.0           |               |          | 0.0  |           | 0.0   | 0.0  |            |      |             |
      | 1  | 31   | 01 February 2024 |           | 66.86           | 33.14         | 0.58     | 0.0  | 0.0       | 33.72 | 0.0  | 0.0        | 0.0  | 33.72       |
      | 2  | 29   | 01 March 2024    |           | 33.53           | 33.33         | 0.39     | 0.0  | 0.0       | 33.72 | 0.0  | 0.0        | 0.0  | 33.72       |
      | 3  | 31   | 01 April 2024    |           | 0.0             | 33.53         | 0.2      | 0.0  | 0.0       | 33.73 | 0.0  | 0.0        | 0.0  | 33.73       |
  [32m✔[39m [32m[1mAnd [22mLoan Repayment schedule has the following data in Total row:[39m                                                                    [90m# org.apache.fineract.test.stepdef.loan.LoanStepDef.loanRepaymentScheduleAmountCheck(io.cucumber.datatable.DataTable)[39m
      | Principal due | Interest | Fees | Penalties | Due    | Paid | In advance | Late | Outstanding |
      | 100.0         | 1.17     | 0.0  | 0.0       | 101.17 | 0.0  | 0.0        | 0.0  | 101.17      |
  [32m✔[39m [32m[1mAnd [22mLoan Transactions tab has the following data:[39m                                                                                   [90m# org.apache.fineract.test.stepdef.loan.LoanStepDef.loanTransactionsTabCheck(io.cucumber.datatable.DataTable)[39m
      | Transaction date | Transaction Type | Amount | Principal | Interest | Fees | Penalties | Loan Balance | Reverted |
      | 01 January 2024  | Disbursement     | 100.0  | 0.0       | 0.0      | 0.0  | 0.0       | 100.0        | false    |
      | 01 January 2024  | Buy Down Fee     | 50.0   | 0.0       | 50.0     | 0.0  | 0.0       | 0.0          | false    |
  [32m✔[39m [32m[1mAnd [22mLoan Transactions tab has a [1m"BUY_DOWN_FEE"[22m transaction with date [1m"01 January 2024"[22m which has the following Journal entries:[39m     [90m# org.apache.fineract.test.stepdef.common.JournalEntriesStepDef.journalEntryDataCheck(java.lang.String,java.lang.String,io.cucumber.datatable.DataTable)[39m
      | Type      | Account code | Account name                | Debit | Credit |
      | EXPENSE   | 450280       | Buy Down Expense            | 50.0  |        |
      | LIABILITY | 145024       | Deferred Capitalized Income |       | 50.0   |
  [32m✔[39m [32m[1mAnd [22mBuy down fee contains the following data:[39m                                                                                       [90m# org.apache.fineract.test.stepdef.loan.LoanStepDef.checkBuyDownFeeData(io.cucumber.datatable.DataTable)[39m
      | Date            | Fee Amount | Amortized Amount | Not Yet Amortized Amount | Adjusted Amount | Charged Off Amount |
      | 01 January 2024 | 50.0       | 0.0              | 50.0                     | 0.0             | 0.0                |
  [32m✔[39m [32m[1mAnd [22mLoanBuyDownFeeTransactionCreatedBusinessEvent is created on [1m"01 January 2024"[22m[39m                                                   [90m# org.apache.fineract.test.stepdef.loan.LoanStepDef.checkLoanBuyDownFeeTransactionCreatedBusinessEvent(java.lang.String)[39m
  [32m✔[39m [32m[1mWhen [22mAdmin sets the business date to [1m"1 February 2024"[22m[39m                                                                              [90m# org.apache.fineract.test.stepdef.common.BusinessDateStepDef.setBusinessDate(java.lang.String)[39m
  [32m✔[39m [32m[1mAnd [22mCustomer makes [1m"AUTOPAY"[22m repayment on [1m"01 February 2024"[22m with [1m33.72[22m EUR transaction amount[39m                                      [90m# org.apache.fineract.test.stepdef.loan.LoanRepaymentStepDef.makeLoanRepayment(java.lang.String,java.lang.String,double)[39m
  [32m✔[39m [32m[1mThen [22mLoan status will be [1m"ACTIVE"[22m[39m                                                                                                   [90m# org.apache.fineract.test.stepdef.loan.LoanStepDef.loanStatus(java.lang.String)[39m
  [32m✔[39m [32m[1mThen [22mLoan Transactions tab has the following data:[39m                                                                                  [90m# org.apache.fineract.test.stepdef.loan.LoanStepDef.loanTransactionsTabCheck(io.cucumber.datatable.DataTable)[39m
      | Transaction date | Transaction Type | Amount | Principal | Interest | Fees | Penalties | Loan Balance | Reverted |
      | 01 January 2024  | Disbursement     | 100.0  | 0.0       | 0.0      | 0.0  | 0.0       | 100.0        | false    |
      | 01 January 2024  | Buy Down Fee     | 50.0   | 0.0       | 50.0     | 0.0  | 0.0       | 0.0          | false    |
      | 01 February 2024 | Repayment        | 33.72  | 33.14     | 0.58     | 0.0  | 0.0       | 66.86        | false    |
  [32m✔[39m [32m[1mWhen [22mAdmin sets the business date to [1m"1 March 2024"[22m[39m                                                                                 [90m# org.apache.fineract.test.stepdef.common.BusinessDateStepDef.setBusinessDate(java.lang.String)[39m
  [32m✔[39m [32m[1mAnd [22mCustomer makes [1m"AUTOPAY"[22m repayment on [1m"01 March 2024"[22m with [1m33.72[22m EUR transaction amount[39m                                         [90m# org.apache.fineract.test.stepdef.loan.LoanRepaymentStepDef.makeLoanRepayment(java.lang.String,java.lang.String,double)[39m
  [32m✔[39m [32m[1mWhen [22mAdmin sets the business date to [1m"1 April 2024"[22m[39m                                                                                 [90m# org.apache.fineract.test.stepdef.common.BusinessDateStepDef.setBusinessDate(java.lang.String)[39m
  [32m✔[39m [32m[1mWhen [22mAdmin runs inline COB job for Loan[39m                                                                                             [90m# org.apache.fineract.test.stepdef.loan.InlineCOBStepDef.runInlineCOB()[39m
  [32m✔[39m [32m[1mAnd [22mCustomer makes [1m"AUTOPAY"[22m repayment on [1m"01 April 2024"[22m with [1m33.73[22m EUR transaction amount[39m                                         [90m# org.apache.fineract.test.stepdef.loan.LoanRepaymentStepDef.makeLoanRepayment(java.lang.String,java.lang.String,double)[39m
  [32m✔[39m [32m[1mThen [22mLoan status will be [1m"CLOSED_OBLIGATIONS_MET"[22m[39m                                                                                   [90m# org.apache.fineract.test.stepdef.loan.LoanStepDef.loanStatus(java.lang.String)[39m
  [32m✔[39m [32m[1mAnd [22mLoan Transactions tab has the following data:[39m                                                                                   [90m# org.apache.fineract.test.stepdef.loan.LoanStepDef.loanTransactionsTabCheck(io.cucumber.datatable.DataTable)[39m
      | Transaction date | Transaction Type          | Amount | Principal | Interest | Fees | Penalties | Loan Balance | Reverted |
      | 01 January 2024  | Disbursement              | 100.0  | 0.0       | 0.0      | 0.0  | 0.0       | 100.0        | false    |
      | 01 January 2024  | Buy Down Fee              | 50.0   | 0.0       | 50.0     | 0.0  | 0.0       | 0.0          | false    |
      | 01 February 2024 | Repayment                 | 33.72  | 33.14     | 0.58     | 0.0  | 0.0       | 66.86        | false    |
      | 01 March 2024    | Repayment                 | 33.72  | 33.33     | 0.39     | 0.0  | 0.0       | 33.53        | false    |
      | 31 March 2024    | Accrual                   | 1.16   | 0.0       | 1.16     | 0.0  | 0.0       | 0.0          | false    |
      | 31 March 2024    | Buy Down Fee Amortization | 50.0   | 0.0       | 50.0     | 0.0  | 0.0       | 0.0          | false    |
      | 01 April 2024    | Repayment                 | 33.73  | 33.53     | 0.2      | 0.0  | 0.0       | 0.0          | false    |
      | 01 April 2024    | Accrual                   | 0.01   | 0.0       | 0.01     | 0.0  | 0.0       | 0.0          | false    |
  [32m✔[39m [32m[1mAnd [22mBuy down fee by external-id contains the following data:[39m                                                                        [90m# org.apache.fineract.test.stepdef.loan.LoanStepDef.checkBuyDownFeeByExternalIdData(io.cucumber.datatable.DataTable)[39m
      | Date            | Fee Amount | Amortized Amount | Not Yet Amortized Amount | Adjusted Amount | Charged Off Amount |
      | 01 January 2024 | 50.0       | 50.0             | 0.0                      | 0.0             | 0.0                |
  [32m✔[39m [32m[1mAnd [22mLoanBuyDownFeeAmortizationTransactionCreatedBusinessEvent is created on [1m"31 March 2024"[22m[39m                                         [90m# org.apache.fineract.test.stepdef.loan.LoanStepDef.checkLoanBuyDownFeeAmortizationTransactionCreatedBusinessEvent(java.lang.String)[39m

@BuyDownFeeFeature @TestRailId:C3827
[1mScenario:[22m Verify loan with Buy Down fees and full payment and daily amortization - UC1.2                                                         [90m# fineract-e2e-tests-runner/src/test/resources/features/LoanBuyDownFees.feature:66[39m
  [32m✔[39m [32m[1mWhen [22mAdmin sets the business date to [1m"01 January 2024"[22m[39m                                                                                       [90m# org.apache.fineract.test.stepdef.common.BusinessDateStepDef.setBusinessDate(java.lang.String)[39m
  [32m✔[39m [32m[1mAnd [22mAdmin creates a client with random data[39m                                                                                                  [90m# org.apache.fineract.test.stepdef.common.ClientStepDef.createClientRandomFirstNameLastName()[39m
  [32m✔[39m [32m[1mAnd [22mAdmin creates a fully customized loan with the following data:[39m                                                                           [90m# org.apache.fineract.test.stepdef.loan.LoanStepDef.createFullyCustomizedLoan(io.cucumber.datatable.DataTable)[39m
      | LoanProduct                                              | submitted on date | with Principal | ANNUAL interest rate % | interest type     | interest calculation period | amortization type  | loanTermFrequency | loanTermFrequencyType | repaymentEvery | repaymentFrequencyType | numberOfRepayments | graceOnPrincipalPayment | graceOnInterestPayment | interest free period | Payment strategy            |
      | LP2_PROGRESSIVE_ADVANCED_PAYMENT_ALLOCATION_BUYDOWN_FEES | 01 January 2024   | 100            | 7                      | DECLINING_BALANCE | DAILY                       | EQUAL_INSTALLMENTS | 3                 | MONTHS                | 1              | MONTHS                 | 3                  | 0                       | 0                      | 0                    | ADVANCED_PAYMENT_ALLOCATION |
  [32m✔[39m [32m[1mAnd [22mAdmin successfully approves the loan on [1m"01 January 2024"[22m with [1m"100"[22m amount and expected disbursement date on [1m"01 January 2024"[22m[39m          [90m# org.apache.fineract.test.stepdef.loan.LoanStepDef.approveLoan(java.lang.String,java.lang.String,java.lang.String)[39m
  [32m✔[39m [32m[1mAnd [22mAdmin successfully disburse the loan on [1m"01 January 2024"[22m with [1m"100"[22m EUR transaction amount[39m                                              [90m# org.apache.fineract.test.stepdef.loan.LoanStepDef.disburseLoan(java.lang.String,java.lang.String)[39m
  [32m✔[39m [32m[1mThen [22mLoan status will be [1m"ACTIVE"[22m[39m                                                                                                            [90m# org.apache.fineract.test.stepdef.loan.LoanStepDef.loanStatus(java.lang.String)[39m
  [32m✔[39m [32m[1mWhen [22mAdmin runs inline COB job for Loan[39m                                                                                                      [90m# org.apache.fineract.test.stepdef.loan.InlineCOBStepDef.runInlineCOB()[39m
  [32m✔[39m [32m[1mWhen [22mAdmin adds buy down fee with [1m"AUTOPAY"[22m payment type to the loan on [1m"01 January 2024"[22m with [1m"50"[22m EUR transaction amount[39m                   [90m# org.apache.fineract.test.stepdef.loan.LoanStepDef.adminAddsBuyDownFeesToTheLoanOnWithEURTransactionAmount(java.lang.String,java.lang.String,java.lang.String)[39m
  [32m✔[39m [32m[1mThen [22mLoan Repayment schedule has [1m3[22m periods, with the following data for periods:[39m                                                             [90m# org.apache.fineract.test.stepdef.loan.LoanStepDef.loanRepaymentSchedulePeriodsCheck(int,io.cucumber.datatable.DataTable)[39m
      | Nr | Days | Date             | Paid date | Balance of loan | Principal due | Interest | Fees | Penalties | Due   | Paid | In advance | Late | Outstanding |
      |    |      | 01 January 2024  |           | 100.0           |               |          | 0.0  |           | 0.0   | 0.0  |            |      |             |
      | 1  | 31   | 01 February 2024 |           | 66.86           | 33.14         | 0.58     | 0.0  | 0.0       | 33.72 | 0.0  | 0.0        | 0.0  | 33.72       |
      | 2  | 29   | 01 March 2024    |           | 33.53           | 33.33         | 0.39     | 0.0  | 0.0       | 33.72 | 0.0  | 0.0        | 0.0  | 33.72       |
      | 3  | 31   | 01 April 2024    |           | 0.0             | 33.53         | 0.2      | 0.0  | 0.0       | 33.73 | 0.0  | 0.0        | 0.0  | 33.73       |
  [32m✔[39m [32m[1mAnd [22mLoan Repayment schedule has the following data in Total row:[39m                                                                             [90m# org.apache.fineract.test.stepdef.loan.LoanStepDef.loanRepaymentScheduleAmountCheck(io.cucumber.datatable.DataTable)[39m
      | Principal due | Interest | Fees | Penalties | Due    | Paid | In advance | Late | Outstanding |
      | 100.0         | 1.17     | 0.0  | 0.0       | 101.17 | 0.0  | 0.0        | 0.0  | 101.17      |
  [32m✔[39m [32m[1mAnd [22mLoan Transactions tab has the following data:[39m                                                                                            [90m# org.apache.fineract.test.stepdef.loan.LoanStepDef.loanTransactionsTabCheck(io.cucumber.datatable.DataTable)[39m
      | Transaction date | Transaction Type | Amount | Principal | Interest | Fees | Penalties | Loan Balance | Reverted |
      | 01 January 2024  | Disbursement     | 100.0  | 0.0       | 0.0      | 0.0  | 0.0       | 100.0        | false    |
      | 01 January 2024  | Buy Down Fee     | 50.0   | 0.0       | 50.0     | 0.0  | 0.0       | 0.0          | false    |
  [32m✔[39m [32m[1mAnd [22mLoan Transactions tab has a [1m"BUY_DOWN_FEE"[22m transaction with date [1m"01 January 2024"[22m which has the following Journal entries:[39m              [90m# org.apache.fineract.test.stepdef.common.JournalEntriesStepDef.journalEntryDataCheck(java.lang.String,java.lang.String,io.cucumber.datatable.DataTable)[39m
      | Type      | Account code | Account name                | Debit | Credit |
      | EXPENSE   | 450280       | Buy Down Expense            | 50.0  |        |
      | LIABILITY | 145024       | Deferred Capitalized Income |       | 50.0   |
  [32m✔[39m [32m[1mAnd [22mBuy down fee by external-id contains the following data:[39m                                                                                 [90m# org.apache.fineract.test.stepdef.loan.LoanStepDef.checkBuyDownFeeByExternalIdData(io.cucumber.datatable.DataTable)[39m
      | Date            | Fee Amount | Amortized Amount | Not Yet Amortized Amount | Adjusted Amount | Charged Off Amount |
      | 01 January 2024 | 50.0       | 0.0              | 50.0                     | 0.0             | 0.0                |
  [32m✔[39m [32m[1mAnd [22mLoanBuyDownFeeTransactionCreatedBusinessEvent is created on [1m"01 January 2024"[22m[39m                                                            [90m# org.apache.fineract.test.stepdef.loan.LoanStepDef.checkLoanBuyDownFeeTransactionCreatedBusinessEvent(java.lang.String)[39m
  [32m✔[39m [32m[1mWhen [22mAdmin sets the business date to [1m"2 January 2024"[22m[39m                                                                                        [90m# org.apache.fineract.test.stepdef.common.BusinessDateStepDef.setBusinessDate(java.lang.String)[39m
  [32m✔[39m [32m[1mWhen [22mAdmin runs inline COB job for Loan[39m                                                                                                      [90m# org.apache.fineract.test.stepdef.loan.InlineCOBStepDef.runInlineCOB()[39m
  [32m✔[39m [32m[1mThen [22mLoan Transactions tab has the following data:[39m                                                                                           [90m# org.apache.fineract.test.stepdef.loan.LoanStepDef.loanTransactionsTabCheck(io.cucumber.datatable.DataTable)[39m
      | Transaction date | Transaction Type          | Amount | Principal | Interest | Fees | Penalties | Loan Balance | Reverted |
      | 01 January 2024  | Disbursement              | 100.0  | 0.0       | 0.0      | 0.0  | 0.0       | 100.0        | false    |
      | 01 January 2024  | Buy Down Fee              | 50.0   | 0.0       | 50.0     | 0.0  | 0.0       | 0.0          | false    |
      | 01 January 2024  | Buy Down Fee Amortization | 0.55   | 0.0       | 0.55     | 0.0  | 0.0       | 0.0          | false    |
  [32m✔[39m [32m[1mAnd [22mLoan Transactions tab has a [1m"BUY_DOWN_FEE_AMORTIZATION"[22m transaction with date [1m"01 January 2024"[22m which has the following Journal entries:[39m [90m# org.apache.fineract.test.stepdef.common.JournalEntriesStepDef.journalEntryDataCheck(java.lang.String,java.lang.String,io.cucumber.datatable.DataTable)[39m
      | Type      | Account code | Account name                | Debit | Credit |
      | INCOME    | 450281       | Income From Buy Down        |       | 0.55   |
      | LIABILITY | 145024       | Deferred Capitalized Income | 0.55  |        |
  [32m✔[39m [32m[1mAnd [22mBuy down fee by external-id contains the following data:[39m                                                                                 [90m# org.apache.fineract.test.stepdef.loan.LoanStepDef.checkBuyDownFeeByExternalIdData(io.cucumber.datatable.DataTable)[39m
      | Date            | Fee Amount | Amortized Amount | Not Yet Amortized Amount | Adjusted Amount | Charged Off Amount |
      | 01 January 2024 | 50.0       | 0.55             | 49.45                    | 0.0             | 0.0                |
  [32m✔[39m [32m[1mAnd [22mLoanBuyDownFeeAmortizationTransactionCreatedBusinessEvent is created on [1m"01 January 2024"[22m[39m                                                [90m# org.apache.fineract.test.stepdef.loan.LoanStepDef.checkLoanBuyDownFeeAmortizationTransactionCreatedBusinessEvent(java.lang.String)[39m
  [32m✔[39m [32m[1mWhen [22mAdmin sets the business date to [1m"1 February 2024"[22m[39m                                                                                       [90m# org.apache.fineract.test.stepdef.common.BusinessDateStepDef.setBusinessDate(java.lang.String)[39m
  [32m✔[39m [32m[1mAnd [22mCustomer makes [1m"AUTOPAY"[22m repayment on [1m"01 February 2024"[22m with [1m33.72[22m EUR transaction amount[39m                                               [90m# org.apache.fineract.test.stepdef.loan.LoanRepaymentStepDef.makeLoanRepayment(java.lang.String,java.lang.String,double)[39m
  [32m✔[39m [32m[1mThen [22mLoan status will be [1m"ACTIVE"[22m[39m                                                                                                            [90m# org.apache.fineract.test.stepdef.loan.LoanStepDef.loanStatus(java.lang.String)[39m
  [32m✔[39m [32m[1mWhen [22mAdmin sets the business date to [1m"1 March 2024"[22m[39m                                                                                          [90m# org.apache.fineract.test.stepdef.common.BusinessDateStepDef.setBusinessDate(java.lang.String)[39m
  [32m✔[39m [32m[1mWhen [22mAdmin runs inline COB job for Loan[39m                                                                                                      [90m# org.apache.fineract.test.stepdef.loan.InlineCOBStepDef.runInlineCOB()[39m
  [32m✔[39m [32m[1mAnd [22mCustomer makes [1m"AUTOPAY"[22m repayment on [1m"01 March 2024"[22m with [1m33.72[22m EUR transaction amount[39m                                                  [90m# org.apache.fineract.test.stepdef.loan.LoanRepaymentStepDef.makeLoanRepayment(java.lang.String,java.lang.String,double)[39m
  [32m✔[39m [32m[1mWhen [22mAdmin sets the business date to [1m"1 April 2024"[22m[39m                                                                                          [90m# org.apache.fineract.test.stepdef.common.BusinessDateStepDef.setBusinessDate(java.lang.String)[39m
  [32m✔[39m [32m[1mWhen [22mAdmin runs inline COB job for Loan[39m                                                                                                      [90m# org.apache.fineract.test.stepdef.loan.InlineCOBStepDef.runInlineCOB()[39m
  [32m✔[39m [32m[1mAnd [22mCustomer makes [1m"AUTOPAY"[22m repayment on [1m"01 April 2024"[22m with [1m33.73[22m EUR transaction amount[39m                                                  [90m# org.apache.fineract.test.stepdef.loan.LoanRepaymentStepDef.makeLoanRepayment(java.lang.String,java.lang.String,double)[39m
  [32m✔[39m [32m[1mWhen [22mAdmin runs inline COB job for Loan[39m                                                                                                      [90m# org.apache.fineract.test.stepdef.loan.InlineCOBStepDef.runInlineCOB()[39m
  [32m✔[39m [32m[1mThen [22mLoan status will be [1m"CLOSED_OBLIGATIONS_MET"[22m[39m                                                                                            [90m# org.apache.fineract.test.stepdef.loan.LoanStepDef.loanStatus(java.lang.String)[39m
  [32m✔[39m [32m[1mAnd [22mLoan Transactions tab has the following data:[39m                                                                                            [90m# org.apache.fineract.test.stepdef.loan.LoanStepDef.loanTransactionsTabCheck(io.cucumber.datatable.DataTable)[39m
      | Transaction date | Transaction Type          | Amount | Principal | Interest | Fees | Penalties | Loan Balance | Reverted |
      | 01 January 2024  | Disbursement              | 100.0  | 0.0       | 0.0      | 0.0  | 0.0       | 100.0        | false    |
      | 01 January 2024  | Buy Down Fee              | 50.0   | 0.0       | 50.0     | 0.0  | 0.0       | 0.0          | false    |
      | 01 January 2024  | Buy Down Fee Amortization | 0.55   | 0.0       | 0.55     | 0.0  | 0.0       | 0.0          | false    |
      | 02 January 2024  | Accrual                   | 0.02   | 0.0       | 0.02     | 0.0  | 0.0       | 0.0          | false    |
      | 02 January 2024  | Buy Down Fee Amortization | 0.55   | 0.0       | 0.55     | 0.0  | 0.0       | 0.0          | false    |
      | 03 January 2024  | Accrual                   | 0.02   | 0.0       | 0.02     | 0.0  | 0.0       | 0.0          | false    |
      | 03 January 2024  | Buy Down Fee Amortization | 0.55   | 0.0       | 0.55     | 0.0  | 0.0       | 0.0          | false    |
      | 04 January 2024  | Accrual                   | 0.02   | 0.0       | 0.02     | 0.0  | 0.0       | 0.0          | false    |
      | 04 January 2024  | Buy Down Fee Amortization | 0.55   | 0.0       | 0.55     | 0.0  | 0.0       | 0.0          | false    |
      | 05 January 2024  | Accrual                   | 0.02   | 0.0       | 0.02     | 0.0  | 0.0       | 0.0          | false    |
      | 05 January 2024  | Buy Down Fee Amortization | 0.55   | 0.0       | 0.55     | 0.0  | 0.0       | 0.0          | false    |
      | 06 January 2024  | Accrual                   | 0.01   | 0.0       | 0.01     | 0.0  | 0.0       | 0.0          | false    |
      | 06 January 2024  | Buy Down Fee Amortization | 0.55   | 0.0       | 0.55     | 0.0  | 0.0       | 0.0          | false    |
      | 07 January 2024  | Accrual                   | 0.02   | 0.0       | 0.02     | 0.0  | 0.0       | 0.0          | false    |
      | 07 January 2024  | Buy Down Fee Amortization | 0.55   | 0.0       | 0.55     | 0.0  | 0.0       | 0.0          | false    |
      | 08 January 2024  | Accrual                   | 0.02   | 0.0       | 0.02     | 0.0  | 0.0       | 0.0          | false    |
      | 08 January 2024  | Buy Down Fee Amortization | 0.55   | 0.0       | 0.55     | 0.0  | 0.0       | 0.0          | false    |
      | 09 January 2024  | Accrual                   | 0.02   | 0.0       | 0.02     | 0.0  | 0.0       | 0.0          | false    |
      | 09 January 2024  | Buy Down Fee Amortization | 0.55   | 0.0       | 0.55     | 0.0  | 0.0       | 0.0          | false    |
      | 10 January 2024  | Accrual                   | 0.02   | 0.0       | 0.02     | 0.0  | 0.0       | 0.0          | false    |
      | 10 January 2024  | Buy Down Fee Amortization | 0.54   | 0.0       | 0.54     | 0.0  | 0.0       | 0.0          | false    |
      | 11 January 2024  | Accrual                   | 0.02   | 0.0       | 0.02     | 0.0  | 0.0       | 0.0          | false    |
      | 11 January 2024  | Buy Down Fee Amortization | 0.55   | 0.0       | 0.55     | 0.0  | 0.0       | 0.0          | false    |
      | 12 January 2024  | Accrual                   | 0.02   | 0.0       | 0.02     | 0.0  | 0.0       | 0.0          | false    |
      | 12 January 2024  | Buy Down Fee Amortization | 0.55   | 0.0       | 0.55     | 0.0  | 0.0       | 0.0          | false    |
      | 13 January 2024  | Accrual                   | 0.02   | 0.0       | 0.02     | 0.0  | 0.0       | 0.0          | false    |
      | 13 January 2024  | Buy Down Fee Amortization | 0.55   | 0.0       | 0.55     | 0.0  | 0.0       | 0.0          | false    |
      | 14 January 2024  | Accrual                   | 0.01   | 0.0       | 0.01     | 0.0  | 0.0       | 0.0          | false    |
      | 14 January 2024  | Buy Down Fee Amortization | 0.55   | 0.0       | 0.55     | 0.0  | 0.0       | 0.0          | false    |
      | 15 January 2024  | Accrual                   | 0.02   | 0.0       | 0.02     | 0.0  | 0.0       | 0.0          | false    |
      | 15 January 2024  | Buy Down Fee Amortization | 0.55   | 0.0       | 0.55     | 0.0  | 0.0       | 0.0          | false    |
      | 16 January 2024  | Accrual                   | 0.02   | 0.0       | 0.02     | 0.0  | 0.0       | 0.0          | false    |
      | 16 January 2024  | Buy Down Fee Amortization | 0.55   | 0.0       | 0.55     | 0.0  | 0.0       | 0.0          | false    |
      | 17 January 2024  | Accrual                   | 0.02   | 0.0       | 0.02     | 0.0  | 0.0       | 0.0          | false    |
      | 17 January 2024  | Buy Down Fee Amortization | 0.55   | 0.0       | 0.55     | 0.0  | 0.0       | 0.0          | false    |
      | 18 January 2024  | Accrual                   | 0.02   | 0.0       | 0.02     | 0.0  | 0.0       | 0.0          | false    |
      | 18 January 2024  | Buy Down Fee Amortization | 0.55   | 0.0       | 0.55     | 0.0  | 0.0       | 0.0          | false    |
      | 19 January 2024  | Accrual                   | 0.02   | 0.0       | 0.02     | 0.0  | 0.0       | 0.0          | false    |
      | 19 January 2024  | Buy Down Fee Amortization | 0.55   | 0.0       | 0.55     | 0.0  | 0.0       | 0.0          | false    |
      | 20 January 2024  | Accrual                   | 0.02   | 0.0       | 0.02     | 0.0  | 0.0       | 0.0          | false    |
      | 20 January 2024  | Buy Down Fee Amortization | 0.55   | 0.0       | 0.55     | 0.0  | 0.0       | 0.0          | false    |
      | 21 January 2024  | Accrual                   | 0.02   | 0.0       | 0.02     | 0.0  | 0.0       | 0.0          | false    |
      | 21 January 2024  | Buy Down Fee Amortization | 0.55   | 0.0       | 0.55     | 0.0  | 0.0       | 0.0          | false    |
      | 22 January 2024  | Accrual                   | 0.02   | 0.0       | 0.02     | 0.0  | 0.0       | 0.0          | false    |
      | 22 January 2024  | Buy Down Fee Amortization | 0.55   | 0.0       | 0.55     | 0.0  | 0.0       | 0.0          | false    |
      | 23 January 2024  | Accrual                   | 0.01   | 0.0       | 0.01     | 0.0  | 0.0       | 0.0          | false    |
      | 23 January 2024  | Buy Down Fee Amortization | 0.55   | 0.0       | 0.55     | 0.0  | 0.0       | 0.0          | false    |
      | 24 January 2024  | Accrual                   | 0.02   | 0.0       | 0.02     | 0.0  | 0.0       | 0.0          | false    |
      | 24 January 2024  | Buy Down Fee Amortization | 0.55   | 0.0       | 0.55     | 0.0  | 0.0       | 0.0          | false    |
      | 25 January 2024  | Accrual                   | 0.02   | 0.0       | 0.02     | 0.0  | 0.0       | 0.0          | false    |
      | 25 January 2024  | Buy Down Fee Amortization | 0.55   | 0.0       | 0.55     | 0.0  | 0.0       | 0.0          | false    |
      | 26 January 2024  | Accrual                   | 0.02   | 0.0       | 0.02     | 0.0  | 0.0       | 0.0          | false    |
      | 26 January 2024  | Buy Down Fee Amortization | 0.55   | 0.0       | 0.55     | 0.0  | 0.0       | 0.0          | false    |
      | 27 January 2024  | Accrual                   | 0.02   | 0.0       | 0.02     | 0.0  | 0.0       | 0.0          | false    |
      | 27 January 2024  | Buy Down Fee Amortization | 0.55   | 0.0       | 0.55     | 0.0  | 0.0       | 0.0          | false    |
      | 28 January 2024  | Accrual                   | 0.02   | 0.0       | 0.02     | 0.0  | 0.0       | 0.0          | false    |
      | 28 January 2024  | Buy Down Fee Amortization | 0.54   | 0.0       | 0.54     | 0.0  | 0.0       | 0.0          | false    |
      | 29 January 2024  | Accrual                   | 0.02   | 0.0       | 0.02     | 0.0  | 0.0       | 0.0          | false    |
      | 29 January 2024  | Buy Down Fee Amortization | 0.55   | 0.0       | 0.55     | 0.0  | 0.0       | 0.0          | false    |
      | 30 January 2024  | Accrual                   | 0.02   | 0.0       | 0.02     | 0.0  | 0.0       | 0.0          | false    |
      | 30 January 2024  | Buy Down Fee Amortization | 0.55   | 0.0       | 0.55     | 0.0  | 0.0       | 0.0          | false    |
      | 31 January 2024  | Accrual                   | 0.01   | 0.0       | 0.01     | 0.0  | 0.0       | 0.0          | false    |
      | 31 January 2024  | Buy Down Fee Amortization | 0.55   | 0.0       | 0.55     | 0.0  | 0.0       | 0.0          | false    |
      | 01 February 2024 | Repayment                 | 33.72  | 33.14     | 0.58     | 0.0  | 0.0       | 66.86        | false    |
      | 01 February 2024 | Accrual                   | 0.02   | 0.0       | 0.02     | 0.0  | 0.0       | 0.0          | false    |
      | 01 February 2024 | Buy Down Fee Amortization | 0.55   | 0.0       | 0.55     | 0.0  | 0.0       | 0.0          | false    |
      | 02 February 2024 | Accrual                   | 0.01   | 0.0       | 0.01     | 0.0  | 0.0       | 0.0          | false    |
      | 02 February 2024 | Buy Down Fee Amortization | 0.55   | 0.0       | 0.55     | 0.0  | 0.0       | 0.0          | false    |
      | 03 February 2024 | Accrual                   | 0.02   | 0.0       | 0.02     | 0.0  | 0.0       | 0.0          | false    |
      | 03 February 2024 | Buy Down Fee Amortization | 0.55   | 0.0       | 0.55     | 0.0  | 0.0       | 0.0          | false    |
      | 04 February 2024 | Accrual                   | 0.01   | 0.0       | 0.01     | 0.0  | 0.0       | 0.0          | false    |
      | 04 February 2024 | Buy Down Fee Amortization | 0.55   | 0.0       | 0.55     | 0.0  | 0.0       | 0.0          | false    |
      | 05 February 2024 | Accrual                   | 0.01   | 0.0       | 0.01     | 0.0  | 0.0       | 0.0          | false    |
      | 05 February 2024 | Buy Down Fee Amortization | 0.55   | 0.0       | 0.55     | 0.0  | 0.0       | 0.0          | false    |
      | 06 February 2024 | Accrual                   | 0.02   | 0.0       | 0.02     | 0.0  | 0.0       | 0.0          | false    |
      | 06 February 2024 | Buy Down Fee Amortization | 0.55   | 0.0       | 0.55     | 0.0  | 0.0       | 0.0          | false    |
      | 07 February 2024 | Accrual                   | 0.01   | 0.0       | 0.01     | 0.0  | 0.0       | 0.0          | false    |
      | 07 February 2024 | Buy Down Fee Amortization | 0.55   | 0.0       | 0.55     | 0.0  | 0.0       | 0.0          | false    |
      | 08 February 2024 | Accrual                   | 0.01   | 0.0       | 0.01     | 0.0  | 0.0       | 0.0          | false    |
      | 08 February 2024 | Buy Down Fee Amortization | 0.55   | 0.0       | 0.55     | 0.0  | 0.0       | 0.0          | false    |
      | 09 February 2024 | Accrual                   | 0.02   | 0.0       | 0.02     | 0.0  | 0.0       | 0.0          | false    |
      | 09 February 2024 | Buy Down Fee Amortization | 0.55   | 0.0       | 0.55     | 0.0  | 0.0       | 0.0          | false    |
      | 10 February 2024 | Accrual                   | 0.01   | 0.0       | 0.01     | 0.0  | 0.0       | 0.0          | false    |
      | 10 February 2024 | Buy Down Fee Amortization | 0.55   | 0.0       | 0.55     | 0.0  | 0.0       | 0.0          | false    |
      | 11 February 2024 | Accrual                   | 0.01   | 0.0       | 0.01     | 0.0  | 0.0       | 0.0          | false    |
      | 11 February 2024 | Buy Down Fee Amortization | 0.55   | 0.0       | 0.55     | 0.0  | 0.0       | 0.0          | false    |
      | 12 February 2024 | Accrual                   | 0.02   | 0.0       | 0.02     | 0.0  | 0.0       | 0.0          | false    |
      | 12 February 2024 | Buy Down Fee Amortization | 0.55   | 0.0       | 0.55     | 0.0  | 0.0       | 0.0          | false    |
      | 13 February 2024 | Accrual                   | 0.01   | 0.0       | 0.01     | 0.0  | 0.0       | 0.0          | false    |
      | 13 February 2024 | Buy Down Fee Amortization | 0.55   | 0.0       | 0.55     | 0.0  | 0.0       | 0.0          | false    |
      | 14 February 2024 | Accrual                   | 0.01   | 0.0       | 0.01     | 0.0  | 0.0       | 0.0          | false    |
      | 14 February 2024 | Buy Down Fee Amortization | 0.55   | 0.0       | 0.55     | 0.0  | 0.0       | 0.0          | false    |
      | 15 February 2024 | Accrual                   | 0.02   | 0.0       | 0.02     | 0.0  | 0.0       | 0.0          | false    |
      | 15 February 2024 | Buy Down Fee Amortization | 0.54   | 0.0       | 0.54     | 0.0  | 0.0       | 0.0          | false    |
      | 16 February 2024 | Accrual                   | 0.01   | 0.0       | 0.01     | 0.0  | 0.0       | 0.0          | false    |
      | 16 February 2024 | Buy Down Fee Amortization | 0.55   | 0.0       | 0.55     | 0.0  | 0.0       | 0.0          | false    |
      | 17 February 2024 | Accrual                   | 0.02   | 0.0       | 0.02     | 0.0  | 0.0       | 0.0          | false    |
      | 17 February 2024 | Buy Down Fee Amortization | 0.55   | 0.0       | 0.55     | 0.0  | 0.0       | 0.0          | false    |
      | 18 February 2024 | Accrual                   | 0.01   | 0.0       | 0.01     | 0.0  | 0.0       | 0.0          | false    |
      | 18 February 2024 | Buy Down Fee Amortization | 0.55   | 0.0       | 0.55     | 0.0  | 0.0       | 0.0          | false    |
      | 19 February 2024 | Accrual                   | 0.01   | 0.0       | 0.01     | 0.0  | 0.0       | 0.0          | false    |
      | 19 February 2024 | Buy Down Fee Amortization | 0.55   | 0.0       | 0.55     | 0.0  | 0.0       | 0.0          | false    |
      | 20 February 2024 | Accrual                   | 0.02   | 0.0       | 0.02     | 0.0  | 0.0       | 0.0          | false    |
      | 20 February 2024 | Buy Down Fee Amortization | 0.55   | 0.0       | 0.55     | 0.0  | 0.0       | 0.0          | false    |
      | 21 February 2024 | Accrual                   | 0.01   | 0.0       | 0.01     | 0.0  | 0.0       | 0.0          | false    |
      | 21 February 2024 | Buy Down Fee Amortization | 0.55   | 0.0       | 0.55     | 0.0  | 0.0       | 0.0          | false    |
      | 22 February 2024 | Accrual                   | 0.01   | 0.0       | 0.01     | 0.0  | 0.0       | 0.0          | false    |
      | 22 February 2024 | Buy Down Fee Amortization | 0.55   | 0.0       | 0.55     | 0.0  | 0.0       | 0.0          | false    |
      | 23 February 2024 | Accrual                   | 0.02   | 0.0       | 0.02     | 0.0  | 0.0       | 0.0          | false    |
      | 23 February 2024 | Buy Down Fee Amortization | 0.55   | 0.0       | 0.55     | 0.0  | 0.0       | 0.0          | false    |
      | 24 February 2024 | Accrual                   | 0.01   | 0.0       | 0.01     | 0.0  | 0.0       | 0.0          | false    |
      | 24 February 2024 | Buy Down Fee Amortization | 0.55   | 0.0       | 0.55     | 0.0  | 0.0       | 0.0          | false    |
      | 25 February 2024 | Accrual                   | 0.01   | 0.0       | 0.01     | 0.0  | 0.0       | 0.0          | false    |
      | 25 February 2024 | Buy Down Fee Amortization | 0.55   | 0.0       | 0.55     | 0.0  | 0.0       | 0.0          | false    |
      | 26 February 2024 | Accrual                   | 0.02   | 0.0       | 0.02     | 0.0  | 0.0       | 0.0          | false    |
      | 26 February 2024 | Buy Down Fee Amortization | 0.55   | 0.0       | 0.55     | 0.0  | 0.0       | 0.0          | false    |
      | 27 February 2024 | Accrual                   | 0.01   | 0.0       | 0.01     | 0.0  | 0.0       | 0.0          | false    |
      | 27 February 2024 | Buy Down Fee Amortization | 0.55   | 0.0       | 0.55     | 0.0  | 0.0       | 0.0          | false    |
      | 28 February 2024 | Accrual                   | 0.01   | 0.0       | 0.01     | 0.0  | 0.0       | 0.0          | false    |
      | 28 February 2024 | Buy Down Fee Amortization | 0.55   | 0.0       | 0.55     | 0.0  | 0.0       | 0.0          | false    |
      | 29 February 2024 | Accrual                   | 0.02   | 0.0       | 0.02     | 0.0  | 0.0       | 0.0          | false    |
      | 29 February 2024 | Buy Down Fee Amortization | 0.55   | 0.0       | 0.55     | 0.0  | 0.0       | 0.0          | false    |
      | 01 March 2024    | Repayment                 | 33.72  | 33.33     | 0.39     | 0.0  | 0.0       | 33.53        | false    |
      | 01 March 2024    | Accrual                   | 0.01   | 0.0       | 0.01     | 0.0  | 0.0       | 0.0          | false    |
      | 01 March 2024    | Buy Down Fee Amortization | 0.55   | 0.0       | 0.55     | 0.0  | 0.0       | 0.0          | false    |
      | 02 March 2024    | Accrual                   | 0.01   | 0.0       | 0.01     | 0.0  | 0.0       | 0.0          | false    |
      | 02 March 2024    | Buy Down Fee Amortization | 0.55   | 0.0       | 0.55     | 0.0  | 0.0       | 0.0          | false    |
      | 03 March 2024    | Buy Down Fee Amortization | 0.55   | 0.0       | 0.55     | 0.0  | 0.0       | 0.0          | false    |
      | 04 March 2024    | Accrual                   | 0.01   | 0.0       | 0.01     | 0.0  | 0.0       | 0.0          | false    |
      | 04 March 2024    | Buy Down Fee Amortization | 0.54   | 0.0       | 0.54     | 0.0  | 0.0       | 0.0          | false    |
      | 05 March 2024    | Accrual                   | 0.01   | 0.0       | 0.01     | 0.0  | 0.0       | 0.0          | false    |
      | 05 March 2024    | Buy Down Fee Amortization | 0.55   | 0.0       | 0.55     | 0.0  | 0.0       | 0.0          | false    |
      | 06 March 2024    | Buy Down Fee Amortization | 0.55   | 0.0       | 0.55     | 0.0  | 0.0       | 0.0          | false    |
      | 07 March 2024    | Accrual                   | 0.01   | 0.0       | 0.01     | 0.0  | 0.0       | 0.0          | false    |
      | 07 March 2024    | Buy Down Fee Amortization | 0.55   | 0.0       | 0.55     | 0.0  | 0.0       | 0.0          | false    |
      | 08 March 2024    | Buy Down Fee Amortization | 0.55   | 0.0       | 0.55     | 0.0  | 0.0       | 0.0          | false    |
      | 09 March 2024    | Accrual                   | 0.01   | 0.0       | 0.01     | 0.0  | 0.0       | 0.0          | false    |
      | 09 March 2024    | Buy Down Fee Amortization | 0.55   | 0.0       | 0.55     | 0.0  | 0.0       | 0.0          | false    |
      | 10 March 2024    | Accrual                   | 0.01   | 0.0       | 0.01     | 0.0  | 0.0       | 0.0          | false    |
      | 10 March 2024    | Buy Down Fee Amortization | 0.55   | 0.0       | 0.55     | 0.0  | 0.0       | 0.0          | false    |
      | 11 March 2024    | Buy Down Fee Amortization | 0.55   | 0.0       | 0.55     | 0.0  | 0.0       | 0.0          | false    |
      | 12 March 2024    | Accrual                   | 0.01   | 0.0       | 0.01     | 0.0  | 0.0       | 0.0          | false    |
      | 12 March 2024    | Buy Down Fee Amortization | 0.55   | 0.0       | 0.55     | 0.0  | 0.0       | 0.0          | false    |
      | 13 March 2024    | Accrual                   | 0.01   | 0.0       | 0.01     | 0.0  | 0.0       | 0.0          | false    |
      | 13 March 2024    | Buy Down Fee Amortization | 0.55   | 0.0       | 0.55     | 0.0  | 0.0       | 0.0          | false    |
      | 14 March 2024    | Buy Down Fee Amortization | 0.55   | 0.0       | 0.55     | 0.0  | 0.0       | 0.0          | false    |
      | 15 March 2024    | Accrual                   | 0.01   | 0.0       | 0.01     | 0.0  | 0.0       | 0.0          | false    |
      | 15 March 2024    | Buy Down Fee Amortization | 0.55   | 0.0       | 0.55     | 0.0  | 0.0       | 0.0          | false    |
      | 16 March 2024    | Buy Down Fee Amortization | 0.55   | 0.0       | 0.55     | 0.0  | 0.0       | 0.0          | false    |
      | 17 March 2024    | Accrual                   | 0.01   | 0.0       | 0.01     | 0.0  | 0.0       | 0.0          | false    |
      | 17 March 2024    | Buy Down Fee Amortization | 0.55   | 0.0       | 0.55     | 0.0  | 0.0       | 0.0          | false    |
      | 18 March 2024    | Accrual                   | 0.01   | 0.0       | 0.01     | 0.0  | 0.0       | 0.0          | false    |
      | 18 March 2024    | Buy Down Fee Amortization | 0.55   | 0.0       | 0.55     | 0.0  | 0.0       | 0.0          | false    |
      | 19 March 2024    | Buy Down Fee Amortization | 0.55   | 0.0       | 0.55     | 0.0  | 0.0       | 0.0          | false    |
      | 20 March 2024    | Accrual                   | 0.01   | 0.0       | 0.01     | 0.0  | 0.0       | 0.0          | false    |
      | 20 March 2024    | Buy Down Fee Amortization | 0.55   | 0.0       | 0.55     | 0.0  | 0.0       | 0.0          | false    |
      | 21 March 2024    | Accrual                   | 0.01   | 0.0       | 0.01     | 0.0  | 0.0       | 0.0          | false    |
      | 21 March 2024    | Buy Down Fee Amortization | 0.55   | 0.0       | 0.55     | 0.0  | 0.0       | 0.0          | false    |
      | 22 March 2024    | Buy Down Fee Amortization | 0.54   | 0.0       | 0.54     | 0.0  | 0.0       | 0.0          | false    |
      | 23 March 2024    | Accrual                   | 0.01   | 0.0       | 0.01     | 0.0  | 0.0       | 0.0          | false    |
      | 23 March 2024    | Buy Down Fee Amortization | 0.55   | 0.0       | 0.55     | 0.0  | 0.0       | 0.0          | false    |
      | 24 March 2024    | Accrual                   | 0.01   | 0.0       | 0.01     | 0.0  | 0.0       | 0.0          | false    |
      | 24 March 2024    | Buy Down Fee Amortization | 0.55   | 0.0       | 0.55     | 0.0  | 0.0       | 0.0          | false    |
      | 25 March 2024    | Buy Down Fee Amortization | 0.55   | 0.0       | 0.55     | 0.0  | 0.0       | 0.0          | false    |
      | 26 March 2024    | Accrual                   | 0.01   | 0.0       | 0.01     | 0.0  | 0.0       | 0.0          | false    |
      | 26 March 2024    | Buy Down Fee Amortization | 0.55   | 0.0       | 0.55     | 0.0  | 0.0       | 0.0          | false    |
      | 27 March 2024    | Buy Down Fee Amortization | 0.55   | 0.0       | 0.55     | 0.0  | 0.0       | 0.0          | false    |
      | 28 March 2024    | Accrual                   | 0.01   | 0.0       | 0.01     | 0.0  | 0.0       | 0.0          | false    |
      | 28 March 2024    | Buy Down Fee Amortization | 0.55   | 0.0       | 0.55     | 0.0  | 0.0       | 0.0          | false    |
      | 29 March 2024    | Accrual                   | 0.01   | 0.0       | 0.01     | 0.0  | 0.0       | 0.0          | false    |
      | 29 March 2024    | Buy Down Fee Amortization | 0.55   | 0.0       | 0.55     | 0.0  | 0.0       | 0.0          | false    |
      | 30 March 2024    | Buy Down Fee Amortization | 0.55   | 0.0       | 0.55     | 0.0  | 0.0       | 0.0          | false    |
      | 31 March 2024    | Accrual                   | 0.01   | 0.0       | 0.01     | 0.0  | 0.0       | 0.0          | false    |
      | 31 March 2024    | Buy Down Fee Amortization | 0.55   | 0.0       | 0.55     | 0.0  | 0.0       | 0.0          | false    |
      | 01 April 2024    | Repayment                 | 33.73  | 33.53     | 0.2      | 0.0  | 0.0       | 0.0          | false    |
      | 01 April 2024    | Accrual                   | 0.01   | 0.0       | 0.01     | 0.0  | 0.0       | 0.0          | false    |
  [32m✔[39m [32m[1mAnd [22mBuy down fee by external-id contains the following data:[39m                                                                                 [90m# org.apache.fineract.test.stepdef.loan.LoanStepDef.checkBuyDownFeeByExternalIdData(io.cucumber.datatable.DataTable)[39m
      | Date            | Fee Amount | Amortized Amount | Not Yet Amortized Amount | Adjusted Amount | Charged Off Amount |
      | 01 January 2024 | 50.0       | 50.0             | 0.0                      | 0.0             | 0.0                |
  [32m✔[39m [32m[1mAnd [22mLoanBuyDownFeeAmortizationTransactionCreatedBusinessEvent is created on [1m"31 March 2024"[22m[39m                                                  [90m# org.apache.fineract.test.stepdef.loan.LoanStepDef.checkLoanBuyDownFeeAmortizationTransactionCreatedBusinessEvent(java.lang.String)[39m

@BuyDownFeeFeature @TestRailId:C3771
[1mScenario:[22m Verify loan with Buy Down fees and early payoff - UC2.1                                                                              [90m# fineract-e2e-tests-runner/src/test/resources/features/LoanBuyDownFees.feature:311[39m
  [32m✔[39m [32m[1mWhen [22mAdmin sets the business date to [1m"01 January 2024"[22m[39m                                                                                     [90m# org.apache.fineract.test.stepdef.common.BusinessDateStepDef.setBusinessDate(java.lang.String)[39m
  [32m✔[39m [32m[1mAnd [22mAdmin creates a client with random data[39m                                                                                                [90m# org.apache.fineract.test.stepdef.common.ClientStepDef.createClientRandomFirstNameLastName()[39m
  [32m✔[39m [32m[1mAnd [22mAdmin creates a fully customized loan with the following data:[39m                                                                         [90m# org.apache.fineract.test.stepdef.loan.LoanStepDef.createFullyCustomizedLoan(io.cucumber.datatable.DataTable)[39m
      | LoanProduct                                              | submitted on date | with Principal | ANNUAL interest rate % | interest type     | interest calculation period | amortization type  | loanTermFrequency | loanTermFrequencyType | repaymentEvery | repaymentFrequencyType | numberOfRepayments | graceOnPrincipalPayment | graceOnInterestPayment | interest free period | Payment strategy            |
      | LP2_PROGRESSIVE_ADVANCED_PAYMENT_ALLOCATION_BUYDOWN_FEES | 01 January 2024   | 100            | 7                      | DECLINING_BALANCE | DAILY                       | EQUAL_INSTALLMENTS | 3                 | MONTHS                | 1              | MONTHS                 | 3                  | 0                       | 0                      | 0                    | ADVANCED_PAYMENT_ALLOCATION |
  [32m✔[39m [32m[1mAnd [22mAdmin successfully approves the loan on [1m"01 January 2024"[22m with [1m"100"[22m amount and expected disbursement date on [1m"01 January 2024"[22m[39m        [90m# org.apache.fineract.test.stepdef.loan.LoanStepDef.approveLoan(java.lang.String,java.lang.String,java.lang.String)[39m
  [32m✔[39m [32m[1mAnd [22mAdmin successfully disburse the loan on [1m"01 January 2024"[22m with [1m"100"[22m EUR transaction amount[39m                                            [90m# org.apache.fineract.test.stepdef.loan.LoanStepDef.disburseLoan(java.lang.String,java.lang.String)[39m
  [32m✔[39m [32m[1mThen [22mLoan status will be [1m"ACTIVE"[22m[39m                                                                                                          [90m# org.apache.fineract.test.stepdef.loan.LoanStepDef.loanStatus(java.lang.String)[39m
  [32m✔[39m [32m[1mWhen [22mAdmin adds buy down fee with [1m"AUTOPAY"[22m payment type to the loan on [1m"01 January 2024"[22m with [1m"50"[22m EUR transaction amount[39m                 [90m# org.apache.fineract.test.stepdef.loan.LoanStepDef.adminAddsBuyDownFeesToTheLoanOnWithEURTransactionAmount(java.lang.String,java.lang.String,java.lang.String)[39m
  [32m✔[39m [32m[1mThen [22mLoan Repayment schedule has [1m3[22m periods, with the following data for periods:[39m                                                           [90m# org.apache.fineract.test.stepdef.loan.LoanStepDef.loanRepaymentSchedulePeriodsCheck(int,io.cucumber.datatable.DataTable)[39m
      | Nr | Days | Date             | Paid date | Balance of loan | Principal due | Interest | Fees | Penalties | Due   | Paid | In advance | Late | Outstanding |
      |    |      | 01 January 2024  |           | 100.0           |               |          | 0.0  |           | 0.0   | 0.0  |            |      |             |
      | 1  | 31   | 01 February 2024 |           | 66.86           | 33.14         | 0.58     | 0.0  | 0.0       | 33.72 | 0.0  | 0.0        | 0.0  | 33.72       |
      | 2  | 29   | 01 March 2024    |           | 33.53           | 33.33         | 0.39     | 0.0  | 0.0       | 33.72 | 0.0  | 0.0        | 0.0  | 33.72       |
      | 3  | 31   | 01 April 2024    |           | 0.0             | 33.53         | 0.2      | 0.0  | 0.0       | 33.73 | 0.0  | 0.0        | 0.0  | 33.73       |
  [32m✔[39m [32m[1mAnd [22mLoan Repayment schedule has the following data in Total row:[39m                                                                           [90m# org.apache.fineract.test.stepdef.loan.LoanStepDef.loanRepaymentScheduleAmountCheck(io.cucumber.datatable.DataTable)[39m
      | Principal due | Interest | Fees | Penalties | Due    | Paid | In advance | Late | Outstanding |
      | 100.0         | 1.17     | 0.0  | 0.0       | 101.17 | 0.0  | 0.0        | 0.0  | 101.17      |
  [32m✔[39m [32m[1mAnd [22mLoan Transactions tab has the following data:[39m                                                                                          [90m# org.apache.fineract.test.stepdef.loan.LoanStepDef.loanTransactionsTabCheck(io.cucumber.datatable.DataTable)[39m
      | Transaction date | Transaction Type | Amount | Principal | Interest | Fees | Penalties | Loan Balance | Reverted |
      | 01 January 2024  | Disbursement     | 100.0  | 0.0       | 0.0      | 0.0  | 0.0       | 100.0        | false    |
      | 01 January 2024  | Buy Down Fee     | 50.0   | 0.0       | 50.0     | 0.0  | 0.0       | 0.0          | false    |
  [32m✔[39m [32m[1mAnd [22mLoan Transactions tab has a [1m"BUY_DOWN_FEE"[22m transaction with date [1m"01 January 2024"[22m which has the following Journal entries:[39m            [90m# org.apache.fineract.test.stepdef.common.JournalEntriesStepDef.journalEntryDataCheck(java.lang.String,java.lang.String,io.cucumber.datatable.DataTable)[39m
      | Type      | Account code | Account name                | Debit | Credit |
      | EXPENSE   | 450280       | Buy Down Expense            | 50.0  |        |
      | LIABILITY | 145024       | Deferred Capitalized Income |       | 50.0   |
  [32m✔[39m [32m[1mAnd [22mBuy down fee by external-id contains the following data:[39m                                                                               [90m# org.apache.fineract.test.stepdef.loan.LoanStepDef.checkBuyDownFeeByExternalIdData(io.cucumber.datatable.DataTable)[39m
      | Date            | Fee Amount | Amortized Amount | Not Yet Amortized Amount | Adjusted Amount | Charged Off Amount |
      | 01 January 2024 | 50.0       | 0.0              | 50.0                     | 0.0             | 0.0                |
  [32m✔[39m [32m[1mAnd [22mLoanBuyDownFeeTransactionCreatedBusinessEvent is created on [1m"01 January 2024"[22m[39m                                                          [90m# org.apache.fineract.test.stepdef.loan.LoanStepDef.checkLoanBuyDownFeeTransactionCreatedBusinessEvent(java.lang.String)[39m
  [32m✔[39m [32m[1mWhen [22mAdmin sets the business date to [1m"1 February 2024"[22m[39m                                                                                     [90m# org.apache.fineract.test.stepdef.common.BusinessDateStepDef.setBusinessDate(java.lang.String)[39m
  [32m✔[39m [32m[1mAnd [22mCustomer makes [1m"AUTOPAY"[22m repayment on [1m"01 February 2024"[22m with [1m33.72[22m EUR transaction amount[39m                                             [90m# org.apache.fineract.test.stepdef.loan.LoanRepaymentStepDef.makeLoanRepayment(java.lang.String,java.lang.String,double)[39m
  [32m✔[39m [32m[1mThen [22mLoan status will be [1m"ACTIVE"[22m[39m                                                                                                          [90m# org.apache.fineract.test.stepdef.loan.LoanStepDef.loanStatus(java.lang.String)[39m
  [32m✔[39m [32m[1mThen [22mLoan Transactions tab has the following data:[39m                                                                                         [90m# org.apache.fineract.test.stepdef.loan.LoanStepDef.loanTransactionsTabCheck(io.cucumber.datatable.DataTable)[39m
      | Transaction date | Transaction Type | Amount | Principal | Interest | Fees | Penalties | Loan Balance | Reverted |
      | 01 January 2024  | Disbursement     | 100.0  | 0.0       | 0.0      | 0.0  | 0.0       | 100.0        | false    |
      | 01 January 2024  | Buy Down Fee     | 50.0   | 0.0       | 50.0     | 0.0  | 0.0       | 0.0          | false    |
      | 01 February 2024 | Repayment        | 33.72  | 33.14     | 0.58     | 0.0  | 0.0       | 66.86        | false    |
  [32m✔[39m [32m[1mWhen [22mAdmin sets the business date to [1m"1 March 2024"[22m[39m                                                                                        [90m# org.apache.fineract.test.stepdef.common.BusinessDateStepDef.setBusinessDate(java.lang.String)[39m
  [32m✔[39m [32m[1mWhen [22mLoan Pay-off is made on [1m"1 March 2024"[22m[39m                                                                                                [90m# org.apache.fineract.test.stepdef.loan.LoanRepaymentStepDef.makeLoanPayOff(java.lang.String)[39m
  [32m✔[39m [32m[1mThen [22mLoan is closed with zero outstanding balance and it's all installments have obligations met[39m                                           [90m# org.apache.fineract.test.stepdef.loan.LoanStepDef.loanClosedAndInstallmentsObligationsMet()[39m
  [32m✔[39m [32m[1mThen [22mLoan Transactions tab has the following data:[39m                                                                                         [90m# org.apache.fineract.test.stepdef.loan.LoanStepDef.loanTransactionsTabCheck(io.cucumber.datatable.DataTable)[39m
      | Transaction date | Transaction Type          | Amount | Principal | Interest | Fees | Penalties | Loan Balance | Reverted |
      | 01 January 2024  | Disbursement              | 100.0  | 0.0       | 0.0      | 0.0  | 0.0       | 100.0        | false    |
      | 01 January 2024  | Buy Down Fee              | 50.0   | 0.0       | 50.0     | 0.0  | 0.0       | 0.0          | false    |
      | 01 February 2024 | Repayment                 | 33.72  | 33.14     | 0.58     | 0.0  | 0.0       | 66.86        | false    |
      | 01 March 2024    | Repayment                 | 67.25  | 66.86     | 0.39     | 0.0  | 0.0       | 0.0          | false    |
      | 01 March 2024    | Accrual                   | 0.97   | 0.0       | 0.97     | 0.0  | 0.0       | 0.0          | false    |
      | 01 March 2024    | Buy Down Fee Amortization | 50.0   | 0.0       | 50.0     | 0.0  | 0.0       | 0.0          | false    |
  [32m✔[39m [32m[1mAnd [22mLoan Transactions tab has a [1m"BUY_DOWN_FEE_AMORTIZATION"[22m transaction with date [1m"01 March 2024"[22m which has the following Journal entries:[39m [90m# org.apache.fineract.test.stepdef.common.JournalEntriesStepDef.journalEntryDataCheck(java.lang.String,java.lang.String,io.cucumber.datatable.DataTable)[39m
      | Type      | Account code | Account name                | Debit | Credit |
      | INCOME    | 450281       | Income From Buy Down        |       | 50.0   |
      | LIABILITY | 145024       | Deferred Capitalized Income | 50.0  |        |
  [32m✔[39m [32m[1mAnd [22mBuy down fee contains the following data:[39m                                                                                              [90m# org.apache.fineract.test.stepdef.loan.LoanStepDef.checkBuyDownFeeData(io.cucumber.datatable.DataTable)[39m
      | Date            | Fee Amount | Amortized Amount | Not Yet Amortized Amount | Adjusted Amount | Charged Off Amount |
      | 01 January 2024 | 50.0       | 50.0             | 0.0                      | 0.0             | 0.0                |
  [32m✔[39m [32m[1mAnd [22mLoanBuyDownFeeAmortizationTransactionCreatedBusinessEvent is created on [1m"01 March 2024"[22m[39m                                                [90m# org.apache.fineract.test.stepdef.loan.LoanStepDef.checkLoanBuyDownFeeAmortizationTransactionCreatedBusinessEvent(java.lang.String)[39m

@BuyDownFeeFeature @TestRailId:C3828
[1mScenario:[22m Verify loan with Buy Down fees and early payoff and daily amortization - UC2.2                                                         [90m# fineract-e2e-tests-runner/src/test/resources/features/LoanBuyDownFees.feature:371[39m
  [32m✔[39m [32m[1mWhen [22mAdmin sets the business date to [1m"01 January 2024"[22m[39m                                                                                       [90m# org.apache.fineract.test.stepdef.common.BusinessDateStepDef.setBusinessDate(java.lang.String)[39m
  [32m✔[39m [32m[1mAnd [22mAdmin creates a client with random data[39m                                                                                                  [90m# org.apache.fineract.test.stepdef.common.ClientStepDef.createClientRandomFirstNameLastName()[39m
  [32m✔[39m [32m[1mAnd [22mAdmin creates a fully customized loan with the following data:[39m                                                                           [90m# org.apache.fineract.test.stepdef.loan.LoanStepDef.createFullyCustomizedLoan(io.cucumber.datatable.DataTable)[39m
      | LoanProduct                                              | submitted on date | with Principal | ANNUAL interest rate % | interest type     | interest calculation period | amortization type  | loanTermFrequency | loanTermFrequencyType | repaymentEvery | repaymentFrequencyType | numberOfRepayments | graceOnPrincipalPayment | graceOnInterestPayment | interest free period | Payment strategy            |
      | LP2_PROGRESSIVE_ADVANCED_PAYMENT_ALLOCATION_BUYDOWN_FEES | 01 January 2024   | 100            | 7                      | DECLINING_BALANCE | DAILY                       | EQUAL_INSTALLMENTS | 3                 | MONTHS                | 1              | MONTHS                 | 3                  | 0                       | 0                      | 0                    | ADVANCED_PAYMENT_ALLOCATION |
  [32m✔[39m [32m[1mAnd [22mAdmin successfully approves the loan on [1m"01 January 2024"[22m with [1m"100"[22m amount and expected disbursement date on [1m"01 January 2024"[22m[39m          [90m# org.apache.fineract.test.stepdef.loan.LoanStepDef.approveLoan(java.lang.String,java.lang.String,java.lang.String)[39m
  [32m✔[39m [32m[1mAnd [22mAdmin successfully disburse the loan on [1m"01 January 2024"[22m with [1m"100"[22m EUR transaction amount[39m                                              [90m# org.apache.fineract.test.stepdef.loan.LoanStepDef.disburseLoan(java.lang.String,java.lang.String)[39m
  [32m✔[39m [32m[1mThen [22mLoan status will be [1m"ACTIVE"[22m[39m                                                                                                            [90m# org.apache.fineract.test.stepdef.loan.LoanStepDef.loanStatus(java.lang.String)[39m
  [32m✔[39m [32m[1mWhen [22mAdmin adds buy down fee with [1m"AUTOPAY"[22m payment type to the loan on [1m"01 January 2024"[22m with [1m"50"[22m EUR transaction amount[39m                   [90m# org.apache.fineract.test.stepdef.loan.LoanStepDef.adminAddsBuyDownFeesToTheLoanOnWithEURTransactionAmount(java.lang.String,java.lang.String,java.lang.String)[39m
  [32m✔[39m [32m[1mThen [22mLoan Repayment schedule has [1m3[22m periods, with the following data for periods:[39m                                                             [90m# org.apache.fineract.test.stepdef.loan.LoanStepDef.loanRepaymentSchedulePeriodsCheck(int,io.cucumber.datatable.DataTable)[39m
      | Nr | Days | Date             | Paid date | Balance of loan | Principal due | Interest | Fees | Penalties | Due   | Paid | In advance | Late | Outstanding |
      |    |      | 01 January 2024  |           | 100.0           |               |          | 0.0  |           | 0.0   | 0.0  |            |      |             |
      | 1  | 31   | 01 February 2024 |           | 66.86           | 33.14         | 0.58     | 0.0  | 0.0       | 33.72 | 0.0  | 0.0        | 0.0  | 33.72       |
      | 2  | 29   | 01 March 2024    |           | 33.53           | 33.33         | 0.39     | 0.0  | 0.0       | 33.72 | 0.0  | 0.0        | 0.0  | 33.72       |
      | 3  | 31   | 01 April 2024    |           | 0.0             | 33.53         | 0.2      | 0.0  | 0.0       | 33.73 | 0.0  | 0.0        | 0.0  | 33.73       |
  [32m✔[39m [32m[1mAnd [22mLoan Repayment schedule has the following data in Total row:[39m                                                                             [90m# org.apache.fineract.test.stepdef.loan.LoanStepDef.loanRepaymentScheduleAmountCheck(io.cucumber.datatable.DataTable)[39m
      | Principal due | Interest | Fees | Penalties | Due    | Paid | In advance | Late | Outstanding |
      | 100.0         | 1.17     | 0.0  | 0.0       | 101.17 | 0.0  | 0.0        | 0.0  | 101.17      |
  [32m✔[39m [32m[1mAnd [22mLoan Transactions tab has the following data:[39m                                                                                            [90m# org.apache.fineract.test.stepdef.loan.LoanStepDef.loanTransactionsTabCheck(io.cucumber.datatable.DataTable)[39m
      | Transaction date | Transaction Type | Amount | Principal | Interest | Fees | Penalties | Loan Balance | Reverted |
      | 01 January 2024  | Disbursement     | 100.0  | 0.0       | 0.0      | 0.0  | 0.0       | 100.0        | false    |
      | 01 January 2024  | Buy Down Fee     | 50.0   | 0.0       | 50.0     | 0.0  | 0.0       | 0.0          | false    |
  [32m✔[39m [32m[1mAnd [22mLoan Transactions tab has a [1m"BUY_DOWN_FEE"[22m transaction with date [1m"01 January 2024"[22m which has the following Journal entries:[39m              [90m# org.apache.fineract.test.stepdef.common.JournalEntriesStepDef.journalEntryDataCheck(java.lang.String,java.lang.String,io.cucumber.datatable.DataTable)[39m
      | Type      | Account code | Account name                | Debit | Credit |
      | EXPENSE   | 450280       | Buy Down Expense            | 50.0  |        |
      | LIABILITY | 145024       | Deferred Capitalized Income |       | 50.0   |
  [32m✔[39m [32m[1mAnd [22mBuy down fee by external-id contains the following data:[39m                                                                                 [90m# org.apache.fineract.test.stepdef.loan.LoanStepDef.checkBuyDownFeeByExternalIdData(io.cucumber.datatable.DataTable)[39m
      | Date            | Fee Amount | Amortized Amount | Not Yet Amortized Amount | Adjusted Amount | Charged Off Amount |
      | 01 January 2024 | 50.0       | 0.0              | 50.0                     | 0.0             | 0.0                |
  [32m✔[39m [32m[1mAnd [22mLoanBuyDownFeeTransactionCreatedBusinessEvent is created on [1m"01 January 2024"[22m[39m                                                            [90m# org.apache.fineract.test.stepdef.loan.LoanStepDef.checkLoanBuyDownFeeTransactionCreatedBusinessEvent(java.lang.String)[39m
  [32m✔[39m [32m[1mWhen [22mAdmin sets the business date to [1m"2 January 2024"[22m[39m                                                                                        [90m# org.apache.fineract.test.stepdef.common.BusinessDateStepDef.setBusinessDate(java.lang.String)[39m
  [32m✔[39m [32m[1mWhen [22mAdmin runs inline COB job for Loan[39m                                                                                                      [90m# org.apache.fineract.test.stepdef.loan.InlineCOBStepDef.runInlineCOB()[39m
  [32m✔[39m [32m[1mThen [22mLoan Transactions tab has the following data:[39m                                                                                           [90m# org.apache.fineract.test.stepdef.loan.LoanStepDef.loanTransactionsTabCheck(io.cucumber.datatable.DataTable)[39m
      | Transaction date | Transaction Type          | Amount | Principal | Interest | Fees | Penalties | Loan Balance | Reverted |
      | 01 January 2024  | Disbursement              | 100.0  | 0.0       | 0.0      | 0.0  | 0.0       | 100.0        | false    |
      | 01 January 2024  | Buy Down Fee              | 50.0   | 0.0       | 50.0     | 0.0  | 0.0       | 0.0          | false    |
      | 01 January 2024  | Buy Down Fee Amortization | 0.55   | 0.0       | 0.55     | 0.0  | 0.0       | 0.0          | false    |
  [32m✔[39m [32m[1mAnd [22mLoan Transactions tab has a [1m"BUY_DOWN_FEE_AMORTIZATION"[22m transaction with date [1m"01 January 2024"[22m which has the following Journal entries:[39m [90m# org.apache.fineract.test.stepdef.common.JournalEntriesStepDef.journalEntryDataCheck(java.lang.String,java.lang.String,io.cucumber.datatable.DataTable)[39m
      | Type      | Account code | Account name                | Debit | Credit |
      | INCOME    | 450281       | Income From Buy Down        |       | 0.55   |
      | LIABILITY | 145024       | Deferred Capitalized Income | 0.55  |        |
  [32m✔[39m [32m[1mAnd [22mBuy down fee by external-id contains the following data:[39m                                                                                 [90m# org.apache.fineract.test.stepdef.loan.LoanStepDef.checkBuyDownFeeByExternalIdData(io.cucumber.datatable.DataTable)[39m
      | Date            | Fee Amount | Amortized Amount | Not Yet Amortized Amount | Adjusted Amount | Charged Off Amount |
      | 01 January 2024 | 50.0       | 0.55             | 49.45                    | 0.0             | 0.0                |
  [32m✔[39m [32m[1mAnd [22mLoanBuyDownFeeAmortizationTransactionCreatedBusinessEvent is created on [1m"01 January 2024"[22m[39m                                                [90m# org.apache.fineract.test.stepdef.loan.LoanStepDef.checkLoanBuyDownFeeAmortizationTransactionCreatedBusinessEvent(java.lang.String)[39m
  [32m✔[39m [32m[1mWhen [22mAdmin sets the business date to [1m"1 February 2024"[22m[39m                                                                                       [90m# org.apache.fineract.test.stepdef.common.BusinessDateStepDef.setBusinessDate(java.lang.String)[39m
  [32m✔[39m [32m[1mAnd [22mCustomer makes [1m"AUTOPAY"[22m repayment on [1m"01 February 2024"[22m with [1m33.72[22m EUR transaction amount[39m                                               [90m# org.apache.fineract.test.stepdef.loan.LoanRepaymentStepDef.makeLoanRepayment(java.lang.String,java.lang.String,double)[39m
  [32m✔[39m [32m[1mThen [22mLoan status will be [1m"ACTIVE"[22m[39m                                                                                                            [90m# org.apache.fineract.test.stepdef.loan.LoanStepDef.loanStatus(java.lang.String)[39m
  [32m✔[39m [32m[1mWhen [22mAdmin sets the business date to [1m"1 March 2024"[22m[39m                                                                                          [90m# org.apache.fineract.test.stepdef.common.BusinessDateStepDef.setBusinessDate(java.lang.String)[39m
  [32m✔[39m [32m[1mWhen [22mAdmin runs inline COB job for Loan[39m                                                                                                      [90m# org.apache.fineract.test.stepdef.loan.InlineCOBStepDef.runInlineCOB()[39m
  [32m✔[39m [32m[1mWhen [22mLoan Pay-off is made on [1m"1 March 2024"[22m[39m                                                                                                  [90m# org.apache.fineract.test.stepdef.loan.LoanRepaymentStepDef.makeLoanPayOff(java.lang.String)[39m
  [32m✔[39m [32m[1mThen [22mLoan is closed with zero outstanding balance and it's all installments have obligations met[39m                                             [90m# org.apache.fineract.test.stepdef.loan.LoanStepDef.loanClosedAndInstallmentsObligationsMet()[39m
  [32m✔[39m [32m[1mAnd [22mLoan Transactions tab has the following data:[39m                                                                                            [90m# org.apache.fineract.test.stepdef.loan.LoanStepDef.loanTransactionsTabCheck(io.cucumber.datatable.DataTable)[39m
      | Transaction date | Transaction Type          | Amount | Principal | Interest | Fees | Penalties | Loan Balance | Reverted |
      | 01 January 2024  | Disbursement              | 100.0  | 0.0       | 0.0      | 0.0  | 0.0       | 100.0        | false    |
      | 01 January 2024  | Buy Down Fee              | 50.0   | 0.0       | 50.0     | 0.0  | 0.0       | 0.0          | false    |
      | 01 January 2024  | Buy Down Fee Amortization | 0.55   | 0.0       | 0.55     | 0.0  | 0.0       | 0.0          | false    |
      | 02 January 2024  | Accrual                   | 0.02   | 0.0       | 0.02     | 0.0  | 0.0       | 0.0          | false    |
      | 02 January 2024  | Buy Down Fee Amortization | 0.55   | 0.0       | 0.55     | 0.0  | 0.0       | 0.0          | false    |
      | 03 January 2024  | Accrual                   | 0.02   | 0.0       | 0.02     | 0.0  | 0.0       | 0.0          | false    |
      | 03 January 2024  | Buy Down Fee Amortization | 0.55   | 0.0       | 0.55     | 0.0  | 0.0       | 0.0          | false    |
      | 04 January 2024  | Accrual                   | 0.02   | 0.0       | 0.02     | 0.0  | 0.0       | 0.0          | false    |
      | 04 January 2024  | Buy Down Fee Amortization | 0.55   | 0.0       | 0.55     | 0.0  | 0.0       | 0.0          | false    |
      | 05 January 2024  | Accrual                   | 0.02   | 0.0       | 0.02     | 0.0  | 0.0       | 0.0          | false    |
      | 05 January 2024  | Buy Down Fee Amortization | 0.55   | 0.0       | 0.55     | 0.0  | 0.0       | 0.0          | false    |
      | 06 January 2024  | Accrual                   | 0.01   | 0.0       | 0.01     | 0.0  | 0.0       | 0.0          | false    |
      | 06 January 2024  | Buy Down Fee Amortization | 0.55   | 0.0       | 0.55     | 0.0  | 0.0       | 0.0          | false    |
      | 07 January 2024  | Accrual                   | 0.02   | 0.0       | 0.02     | 0.0  | 0.0       | 0.0          | false    |
      | 07 January 2024  | Buy Down Fee Amortization | 0.55   | 0.0       | 0.55     | 0.0  | 0.0       | 0.0          | false    |
      | 08 January 2024  | Accrual                   | 0.02   | 0.0       | 0.02     | 0.0  | 0.0       | 0.0          | false    |
      | 08 January 2024  | Buy Down Fee Amortization | 0.55   | 0.0       | 0.55     | 0.0  | 0.0       | 0.0          | false    |
      | 09 January 2024  | Accrual                   | 0.02   | 0.0       | 0.02     | 0.0  | 0.0       | 0.0          | false    |
      | 09 January 2024  | Buy Down Fee Amortization | 0.55   | 0.0       | 0.55     | 0.0  | 0.0       | 0.0          | false    |
      | 10 January 2024  | Accrual                   | 0.02   | 0.0       | 0.02     | 0.0  | 0.0       | 0.0          | false    |
      | 10 January 2024  | Buy Down Fee Amortization | 0.54   | 0.0       | 0.54     | 0.0  | 0.0       | 0.0          | false    |
      | 11 January 2024  | Accrual                   | 0.02   | 0.0       | 0.02     | 0.0  | 0.0       | 0.0          | false    |
      | 11 January 2024  | Buy Down Fee Amortization | 0.55   | 0.0       | 0.55     | 0.0  | 0.0       | 0.0          | false    |
      | 12 January 2024  | Accrual                   | 0.02   | 0.0       | 0.02     | 0.0  | 0.0       | 0.0          | false    |
      | 12 January 2024  | Buy Down Fee Amortization | 0.55   | 0.0       | 0.55     | 0.0  | 0.0       | 0.0          | false    |
      | 13 January 2024  | Accrual                   | 0.02   | 0.0       | 0.02     | 0.0  | 0.0       | 0.0          | false    |
      | 13 January 2024  | Buy Down Fee Amortization | 0.55   | 0.0       | 0.55     | 0.0  | 0.0       | 0.0          | false    |
      | 14 January 2024  | Accrual                   | 0.01   | 0.0       | 0.01     | 0.0  | 0.0       | 0.0          | false    |
      | 14 January 2024  | Buy Down Fee Amortization | 0.55   | 0.0       | 0.55     | 0.0  | 0.0       | 0.0          | false    |
      | 15 January 2024  | Accrual                   | 0.02   | 0.0       | 0.02     | 0.0  | 0.0       | 0.0          | false    |
      | 15 January 2024  | Buy Down Fee Amortization | 0.55   | 0.0       | 0.55     | 0.0  | 0.0       | 0.0          | false    |
      | 16 January 2024  | Accrual                   | 0.02   | 0.0       | 0.02     | 0.0  | 0.0       | 0.0          | false    |
      | 16 January 2024  | Buy Down Fee Amortization | 0.55   | 0.0       | 0.55     | 0.0  | 0.0       | 0.0          | false    |
      | 17 January 2024  | Accrual                   | 0.02   | 0.0       | 0.02     | 0.0  | 0.0       | 0.0          | false    |
      | 17 January 2024  | Buy Down Fee Amortization | 0.55   | 0.0       | 0.55     | 0.0  | 0.0       | 0.0          | false    |
      | 18 January 2024  | Accrual                   | 0.02   | 0.0       | 0.02     | 0.0  | 0.0       | 0.0          | false    |
      | 18 January 2024  | Buy Down Fee Amortization | 0.55   | 0.0       | 0.55     | 0.0  | 0.0       | 0.0          | false    |
      | 19 January 2024  | Accrual                   | 0.02   | 0.0       | 0.02     | 0.0  | 0.0       | 0.0          | false    |
      | 19 January 2024  | Buy Down Fee Amortization | 0.55   | 0.0       | 0.55     | 0.0  | 0.0       | 0.0          | false    |
      | 20 January 2024  | Accrual                   | 0.02   | 0.0       | 0.02     | 0.0  | 0.0       | 0.0          | false    |
      | 20 January 2024  | Buy Down Fee Amortization | 0.55   | 0.0       | 0.55     | 0.0  | 0.0       | 0.0          | false    |
      | 21 January 2024  | Accrual                   | 0.02   | 0.0       | 0.02     | 0.0  | 0.0       | 0.0          | false    |
      | 21 January 2024  | Buy Down Fee Amortization | 0.55   | 0.0       | 0.55     | 0.0  | 0.0       | 0.0          | false    |
      | 22 January 2024  | Accrual                   | 0.02   | 0.0       | 0.02     | 0.0  | 0.0       | 0.0          | false    |
      | 22 January 2024  | Buy Down Fee Amortization | 0.55   | 0.0       | 0.55     | 0.0  | 0.0       | 0.0          | false    |
      | 23 January 2024  | Accrual                   | 0.01   | 0.0       | 0.01     | 0.0  | 0.0       | 0.0          | false    |
      | 23 January 2024  | Buy Down Fee Amortization | 0.55   | 0.0       | 0.55     | 0.0  | 0.0       | 0.0          | false    |
      | 24 January 2024  | Accrual                   | 0.02   | 0.0       | 0.02     | 0.0  | 0.0       | 0.0          | false    |
      | 24 January 2024  | Buy Down Fee Amortization | 0.55   | 0.0       | 0.55     | 0.0  | 0.0       | 0.0          | false    |
      | 25 January 2024  | Accrual                   | 0.02   | 0.0       | 0.02     | 0.0  | 0.0       | 0.0          | false    |
      | 25 January 2024  | Buy Down Fee Amortization | 0.55   | 0.0       | 0.55     | 0.0  | 0.0       | 0.0          | false    |
      | 26 January 2024  | Accrual                   | 0.02   | 0.0       | 0.02     | 0.0  | 0.0       | 0.0          | false    |
      | 26 January 2024  | Buy Down Fee Amortization | 0.55   | 0.0       | 0.55     | 0.0  | 0.0       | 0.0          | false    |
      | 27 January 2024  | Accrual                   | 0.02   | 0.0       | 0.02     | 0.0  | 0.0       | 0.0          | false    |
      | 27 January 2024  | Buy Down Fee Amortization | 0.55   | 0.0       | 0.55     | 0.0  | 0.0       | 0.0          | false    |
      | 28 January 2024  | Accrual                   | 0.02   | 0.0       | 0.02     | 0.0  | 0.0       | 0.0          | false    |
      | 28 January 2024  | Buy Down Fee Amortization | 0.54   | 0.0       | 0.54     | 0.0  | 0.0       | 0.0          | false    |
      | 29 January 2024  | Accrual                   | 0.02   | 0.0       | 0.02     | 0.0  | 0.0       | 0.0          | false    |
      | 29 January 2024  | Buy Down Fee Amortization | 0.55   | 0.0       | 0.55     | 0.0  | 0.0       | 0.0          | false    |
      | 30 January 2024  | Accrual                   | 0.02   | 0.0       | 0.02     | 0.0  | 0.0       | 0.0          | false    |
      | 30 January 2024  | Buy Down Fee Amortization | 0.55   | 0.0       | 0.55     | 0.0  | 0.0       | 0.0          | false    |
      | 31 January 2024  | Accrual                   | 0.01   | 0.0       | 0.01     | 0.0  | 0.0       | 0.0          | false    |
      | 31 January 2024  | Buy Down Fee Amortization | 0.55   | 0.0       | 0.55     | 0.0  | 0.0       | 0.0          | false    |
      | 01 February 2024 | Repayment                 | 33.72  | 33.14     | 0.58     | 0.0  | 0.0       | 66.86        | false    |
      | 01 February 2024 | Accrual                   | 0.02   | 0.0       | 0.02     | 0.0  | 0.0       | 0.0          | false    |
      | 01 February 2024 | Buy Down Fee Amortization | 0.55   | 0.0       | 0.55     | 0.0  | 0.0       | 0.0          | false    |
      | 02 February 2024 | Accrual                   | 0.01   | 0.0       | 0.01     | 0.0  | 0.0       | 0.0          | false    |
      | 02 February 2024 | Buy Down Fee Amortization | 0.55   | 0.0       | 0.55     | 0.0  | 0.0       | 0.0          | false    |
      | 03 February 2024 | Accrual                   | 0.02   | 0.0       | 0.02     | 0.0  | 0.0       | 0.0          | false    |
      | 03 February 2024 | Buy Down Fee Amortization | 0.55   | 0.0       | 0.55     | 0.0  | 0.0       | 0.0          | false    |
      | 04 February 2024 | Accrual                   | 0.01   | 0.0       | 0.01     | 0.0  | 0.0       | 0.0          | false    |
      | 04 February 2024 | Buy Down Fee Amortization | 0.55   | 0.0       | 0.55     | 0.0  | 0.0       | 0.0          | false    |
      | 05 February 2024 | Accrual                   | 0.01   | 0.0       | 0.01     | 0.0  | 0.0       | 0.0          | false    |
      | 05 February 2024 | Buy Down Fee Amortization | 0.55   | 0.0       | 0.55     | 0.0  | 0.0       | 0.0          | false    |
      | 06 February 2024 | Accrual                   | 0.02   | 0.0       | 0.02     | 0.0  | 0.0       | 0.0          | false    |
      | 06 February 2024 | Buy Down Fee Amortization | 0.55   | 0.0       | 0.55     | 0.0  | 0.0       | 0.0          | false    |
      | 07 February 2024 | Accrual                   | 0.01   | 0.0       | 0.01     | 0.0  | 0.0       | 0.0          | false    |
      | 07 February 2024 | Buy Down Fee Amortization | 0.55   | 0.0       | 0.55     | 0.0  | 0.0       | 0.0          | false    |
      | 08 February 2024 | Accrual                   | 0.01   | 0.0       | 0.01     | 0.0  | 0.0       | 0.0          | false    |
      | 08 February 2024 | Buy Down Fee Amortization | 0.55   | 0.0       | 0.55     | 0.0  | 0.0       | 0.0          | false    |
      | 09 February 2024 | Accrual                   | 0.02   | 0.0       | 0.02     | 0.0  | 0.0       | 0.0          | false    |
      | 09 February 2024 | Buy Down Fee Amortization | 0.55   | 0.0       | 0.55     | 0.0  | 0.0       | 0.0          | false    |
      | 10 February 2024 | Accrual                   | 0.01   | 0.0       | 0.01     | 0.0  | 0.0       | 0.0          | false    |
      | 10 February 2024 | Buy Down Fee Amortization | 0.55   | 0.0       | 0.55     | 0.0  | 0.0       | 0.0          | false    |
      | 11 February 2024 | Accrual                   | 0.01   | 0.0       | 0.01     | 0.0  | 0.0       | 0.0          | false    |
      | 11 February 2024 | Buy Down Fee Amortization | 0.55   | 0.0       | 0.55     | 0.0  | 0.0       | 0.0          | false    |
      | 12 February 2024 | Accrual                   | 0.02   | 0.0       | 0.02     | 0.0  | 0.0       | 0.0          | false    |
      | 12 February 2024 | Buy Down Fee Amortization | 0.55   | 0.0       | 0.55     | 0.0  | 0.0       | 0.0          | false    |
      | 13 February 2024 | Accrual                   | 0.01   | 0.0       | 0.01     | 0.0  | 0.0       | 0.0          | false    |
      | 13 February 2024 | Buy Down Fee Amortization | 0.55   | 0.0       | 0.55     | 0.0  | 0.0       | 0.0          | false    |
      | 14 February 2024 | Accrual                   | 0.01   | 0.0       | 0.01     | 0.0  | 0.0       | 0.0          | false    |
      | 14 February 2024 | Buy Down Fee Amortization | 0.55   | 0.0       | 0.55     | 0.0  | 0.0       | 0.0          | false    |
      | 15 February 2024 | Accrual                   | 0.02   | 0.0       | 0.02     | 0.0  | 0.0       | 0.0          | false    |
      | 15 February 2024 | Buy Down Fee Amortization | 0.54   | 0.0       | 0.54     | 0.0  | 0.0       | 0.0          | false    |
      | 16 February 2024 | Accrual                   | 0.01   | 0.0       | 0.01     | 0.0  | 0.0       | 0.0          | false    |
      | 16 February 2024 | Buy Down Fee Amortization | 0.55   | 0.0       | 0.55     | 0.0  | 0.0       | 0.0          | false    |
      | 17 February 2024 | Accrual                   | 0.02   | 0.0       | 0.02     | 0.0  | 0.0       | 0.0          | false    |
      | 17 February 2024 | Buy Down Fee Amortization | 0.55   | 0.0       | 0.55     | 0.0  | 0.0       | 0.0          | false    |
      | 18 February 2024 | Accrual                   | 0.01   | 0.0       | 0.01     | 0.0  | 0.0       | 0.0          | false    |
      | 18 February 2024 | Buy Down Fee Amortization | 0.55   | 0.0       | 0.55     | 0.0  | 0.0       | 0.0          | false    |
      | 19 February 2024 | Accrual                   | 0.01   | 0.0       | 0.01     | 0.0  | 0.0       | 0.0          | false    |
      | 19 February 2024 | Buy Down Fee Amortization | 0.55   | 0.0       | 0.55     | 0.0  | 0.0       | 0.0          | false    |
      | 20 February 2024 | Accrual                   | 0.02   | 0.0       | 0.02     | 0.0  | 0.0       | 0.0          | false    |
      | 20 February 2024 | Buy Down Fee Amortization | 0.55   | 0.0       | 0.55     | 0.0  | 0.0       | 0.0          | false    |
      | 21 February 2024 | Accrual                   | 0.01   | 0.0       | 0.01     | 0.0  | 0.0       | 0.0          | false    |
      | 21 February 2024 | Buy Down Fee Amortization | 0.55   | 0.0       | 0.55     | 0.0  | 0.0       | 0.0          | false    |
      | 22 February 2024 | Accrual                   | 0.01   | 0.0       | 0.01     | 0.0  | 0.0       | 0.0          | false    |
      | 22 February 2024 | Buy Down Fee Amortization | 0.55   | 0.0       | 0.55     | 0.0  | 0.0       | 0.0          | false    |
      | 23 February 2024 | Accrual                   | 0.02   | 0.0       | 0.02     | 0.0  | 0.0       | 0.0          | false    |
      | 23 February 2024 | Buy Down Fee Amortization | 0.55   | 0.0       | 0.55     | 0.0  | 0.0       | 0.0          | false    |
      | 24 February 2024 | Accrual                   | 0.01   | 0.0       | 0.01     | 0.0  | 0.0       | 0.0          | false    |
      | 24 February 2024 | Buy Down Fee Amortization | 0.55   | 0.0       | 0.55     | 0.0  | 0.0       | 0.0          | false    |
      | 25 February 2024 | Accrual                   | 0.01   | 0.0       | 0.01     | 0.0  | 0.0       | 0.0          | false    |
      | 25 February 2024 | Buy Down Fee Amortization | 0.55   | 0.0       | 0.55     | 0.0  | 0.0       | 0.0          | false    |
      | 26 February 2024 | Accrual                   | 0.02   | 0.0       | 0.02     | 0.0  | 0.0       | 0.0          | false    |
      | 26 February 2024 | Buy Down Fee Amortization | 0.55   | 0.0       | 0.55     | 0.0  | 0.0       | 0.0          | false    |
      | 27 February 2024 | Accrual                   | 0.01   | 0.0       | 0.01     | 0.0  | 0.0       | 0.0          | false    |
      | 27 February 2024 | Buy Down Fee Amortization | 0.55   | 0.0       | 0.55     | 0.0  | 0.0       | 0.0          | false    |
      | 28 February 2024 | Accrual                   | 0.01   | 0.0       | 0.01     | 0.0  | 0.0       | 0.0          | false    |
      | 28 February 2024 | Buy Down Fee Amortization | 0.55   | 0.0       | 0.55     | 0.0  | 0.0       | 0.0          | false    |
      | 29 February 2024 | Accrual                   | 0.02   | 0.0       | 0.02     | 0.0  | 0.0       | 0.0          | false    |
      | 29 February 2024 | Buy Down Fee Amortization | 0.55   | 0.0       | 0.55     | 0.0  | 0.0       | 0.0          | false    |
      | 01 March 2024    | Repayment                 | 67.25  | 66.86     | 0.39     | 0.0  | 0.0       | 0.0          | false    |
      | 01 March 2024    | Accrual                   | 0.01   | 0.0       | 0.01     | 0.0  | 0.0       | 0.0          | false    |
      | 01 March 2024    | Buy Down Fee Amortization | 17.03  | 0.0       | 17.03    | 0.0  | 0.0       | 0.0          | false    |
  [32m✔[39m [32m[1mAnd [22mLoan Transactions tab has a [1m"BUY_DOWN_FEE_AMORTIZATION"[22m transaction with date [1m"01 March 2024"[22m which has the following Journal entries:[39m   [90m# org.apache.fineract.test.stepdef.common.JournalEntriesStepDef.journalEntryDataCheck(java.lang.String,java.lang.String,io.cucumber.datatable.DataTable)[39m
      | Type      | Account code | Account name                | Debit | Credit |
      | INCOME    | 450281       | Income From Buy Down        |       | 17.03  |
      | LIABILITY | 145024       | Deferred Capitalized Income | 17.03 |        |
  [32m✔[39m [32m[1mAnd [22mBuy down fee by external-id contains the following data:[39m                                                                                 [90m# org.apache.fineract.test.stepdef.loan.LoanStepDef.checkBuyDownFeeByExternalIdData(io.cucumber.datatable.DataTable)[39m
      | Date            | Fee Amount | Amortized Amount | Not Yet Amortized Amount | Adjusted Amount | Charged Off Amount |
      | 01 January 2024 | 50.0       | 50.0             | 0.0                      | 0.0             | 0.0                |
  [32m✔[39m [32m[1mAnd [22mLoanBuyDownFeeAmortizationTransactionCreatedBusinessEvent is created on [1m"01 March 2024"[22m[39m                                                  [90m# org.apache.fineract.test.stepdef.loan.LoanStepDef.checkLoanBuyDownFeeAmortizationTransactionCreatedBusinessEvent(java.lang.String)[39m

@BuyDownFeeFeature @TestRailId:C3772
[1mScenario:[22m Verify loan with Buy Down fees and charge-off transaction - amortization in case of loan charge-off event - UC3.1                       [90m# fineract-e2e-tests-runner/src/test/resources/features/LoanBuyDownFees.feature:563[39m
  [32m✔[39m [32m[1mWhen [22mAdmin sets the business date to [1m"01 January 2024"[22m[39m                                                                                        [90m# org.apache.fineract.test.stepdef.common.BusinessDateStepDef.setBusinessDate(java.lang.String)[39m
  [32m✔[39m [32m[1mAnd [22mAdmin creates a client with random data[39m                                                                                                   [90m# org.apache.fineract.test.stepdef.common.ClientStepDef.createClientRandomFirstNameLastName()[39m
  [32m✔[39m [32m[1mAnd [22mAdmin creates a fully customized loan with the following data:[39m                                                                            [90m# org.apache.fineract.test.stepdef.loan.LoanStepDef.createFullyCustomizedLoan(io.cucumber.datatable.DataTable)[39m
      | LoanProduct                                              | submitted on date | with Principal | ANNUAL interest rate % | interest type     | interest calculation period | amortization type  | loanTermFrequency | loanTermFrequencyType | repaymentEvery | repaymentFrequencyType | numberOfRepayments | graceOnPrincipalPayment | graceOnInterestPayment | interest free period | Payment strategy            |
      | LP2_PROGRESSIVE_ADVANCED_PAYMENT_ALLOCATION_BUYDOWN_FEES | 01 January 2024   | 100            | 7                      | DECLINING_BALANCE | DAILY                       | EQUAL_INSTALLMENTS | 3                 | MONTHS                | 1              | MONTHS                 | 3                  | 0                       | 0                      | 0                    | ADVANCED_PAYMENT_ALLOCATION |
  [32m✔[39m [32m[1mAnd [22mAdmin successfully approves the loan on [1m"01 January 2024"[22m with [1m"100"[22m amount and expected disbursement date on [1m"01 January 2024"[22m[39m           [90m# org.apache.fineract.test.stepdef.loan.LoanStepDef.approveLoan(java.lang.String,java.lang.String,java.lang.String)[39m
  [32m✔[39m [32m[1mAnd [22mAdmin successfully disburse the loan on [1m"01 January 2024"[22m with [1m"100"[22m EUR transaction amount[39m                                               [90m# org.apache.fineract.test.stepdef.loan.LoanStepDef.disburseLoan(java.lang.String,java.lang.String)[39m
  [32m✔[39m [32m[1mThen [22mLoan status will be [1m"ACTIVE"[22m[39m                                                                                                             [90m# org.apache.fineract.test.stepdef.loan.LoanStepDef.loanStatus(java.lang.String)[39m
  [32m✔[39m [32m[1mWhen [22mAdmin adds buy down fee with [1m"AUTOPAY"[22m payment type to the loan on [1m"01 January 2024"[22m with [1m"50"[22m EUR transaction amount[39m                    [90m# org.apache.fineract.test.stepdef.loan.LoanStepDef.adminAddsBuyDownFeesToTheLoanOnWithEURTransactionAmount(java.lang.String,java.lang.String,java.lang.String)[39m
  [32m✔[39m [32m[1mThen [22mLoan Repayment schedule has [1m3[22m periods, with the following data for periods:[39m                                                              [90m# org.apache.fineract.test.stepdef.loan.LoanStepDef.loanRepaymentSchedulePeriodsCheck(int,io.cucumber.datatable.DataTable)[39m
      | Nr | Days | Date             | Paid date | Balance of loan | Principal due | Interest | Fees | Penalties | Due   | Paid | In advance | Late | Outstanding |
      |    |      | 01 January 2024  |           | 100.0           |               |          | 0.0  |           | 0.0   | 0.0  |            |      |             |
      | 1  | 31   | 01 February 2024 |           | 66.86           | 33.14         | 0.58     | 0.0  | 0.0       | 33.72 | 0.0  | 0.0        | 0.0  | 33.72       |
      | 2  | 29   | 01 March 2024    |           | 33.53           | 33.33         | 0.39     | 0.0  | 0.0       | 33.72 | 0.0  | 0.0        | 0.0  | 33.72       |
      | 3  | 31   | 01 April 2024    |           | 0.0             | 33.53         | 0.2      | 0.0  | 0.0       | 33.73 | 0.0  | 0.0        | 0.0  | 33.73       |
  [32m✔[39m [32m[1mAnd [22mLoan Repayment schedule has the following data in Total row:[39m                                                                              [90m# org.apache.fineract.test.stepdef.loan.LoanStepDef.loanRepaymentScheduleAmountCheck(io.cucumber.datatable.DataTable)[39m
      | Principal due | Interest | Fees | Penalties | Due    | Paid | In advance | Late | Outstanding |
      | 100.0         | 1.17     | 0.0  | 0.0       | 101.17 | 0.0  | 0.0        | 0.0  | 101.17      |
  [32m✔[39m [32m[1mAnd [22mLoan Transactions tab has the following data:[39m                                                                                             [90m# org.apache.fineract.test.stepdef.loan.LoanStepDef.loanTransactionsTabCheck(io.cucumber.datatable.DataTable)[39m
      | Transaction date | Transaction Type | Amount | Principal | Interest | Fees | Penalties | Loan Balance | Reverted |
      | 01 January 2024  | Disbursement     | 100.0  | 0.0       | 0.0      | 0.0  | 0.0       | 100.0        | false    |
      | 01 January 2024  | Buy Down Fee     | 50.0   | 0.0       | 50.0     | 0.0  | 0.0       | 0.0          | false    |
  [32m✔[39m [32m[1mAnd [22mLoan Transactions tab has a [1m"BUY_DOWN_FEE"[22m transaction with date [1m"01 January 2024"[22m which has the following Journal entries:[39m               [90m# org.apache.fineract.test.stepdef.common.JournalEntriesStepDef.journalEntryDataCheck(java.lang.String,java.lang.String,io.cucumber.datatable.DataTable)[39m
      | Type      | Account code | Account name                | Debit | Credit |
      | EXPENSE   | 450280       | Buy Down Expense            | 50.0  |        |
      | LIABILITY | 145024       | Deferred Capitalized Income |       | 50.0   |
  [32m✔[39m [32m[1mAnd [22mBuy down fee contains the following data:[39m                                                                                                 [90m# org.apache.fineract.test.stepdef.loan.LoanStepDef.checkBuyDownFeeData(io.cucumber.datatable.DataTable)[39m
      | Date            | Fee Amount | Amortized Amount | Not Yet Amortized Amount | Adjusted Amount | Charged Off Amount |
      | 01 January 2024 | 50.0       | 0.0              | 50.0                     | 0.0             | 0.0                |
  [32m✔[39m [32m[1mAnd [22mLoanBuyDownFeeTransactionCreatedBusinessEvent is created on [1m"01 January 2024"[22m[39m                                                             [90m# org.apache.fineract.test.stepdef.loan.LoanStepDef.checkLoanBuyDownFeeTransactionCreatedBusinessEvent(java.lang.String)[39m
  [32m✔[39m [32m[1mWhen [22mAdmin sets the business date to [1m"1 February 2024"[22m[39m                                                                                        [90m# org.apache.fineract.test.stepdef.common.BusinessDateStepDef.setBusinessDate(java.lang.String)[39m
  [32m✔[39m [32m[1mAnd [22mCustomer makes [1m"AUTOPAY"[22m repayment on [1m"01 February 2024"[22m with [1m33.72[22m EUR transaction amount[39m                                                [90m# org.apache.fineract.test.stepdef.loan.LoanRepaymentStepDef.makeLoanRepayment(java.lang.String,java.lang.String,double)[39m
  [32m✔[39m [32m[1mThen [22mLoan status will be [1m"ACTIVE"[22m[39m                                                                                                             [90m# org.apache.fineract.test.stepdef.loan.LoanStepDef.loanStatus(java.lang.String)[39m
  [32m✔[39m [32m[1mThen [22mLoan Transactions tab has the following data:[39m                                                                                            [90m# org.apache.fineract.test.stepdef.loan.LoanStepDef.loanTransactionsTabCheck(io.cucumber.datatable.DataTable)[39m
      | Transaction date | Transaction Type | Amount | Principal | Interest | Fees | Penalties | Loan Balance | Reverted |
      | 01 January 2024  | Disbursement     | 100.0  | 0.0       | 0.0      | 0.0  | 0.0       | 100.0        | false    |
      | 01 January 2024  | Buy Down Fee     | 50.0   | 0.0       | 50.0     | 0.0  | 0.0       | 0.0          | false    |
      | 01 February 2024 | Repayment        | 33.72  | 33.14     | 0.58     | 0.0  | 0.0       | 66.86        | false    |
  [32m✔[39m [32m[1mWhen [22mAdmin sets the business date to [1m"1 March 2024"[22m[39m                                                                                           [90m# org.apache.fineract.test.stepdef.common.BusinessDateStepDef.setBusinessDate(java.lang.String)[39m
  [32m✔[39m [32m[1mAnd [22mAdmin does charge-off the loan on [1m"1 March 2024"[22m[39m                                                                                          [90m# org.apache.fineract.test.stepdef.loan.LoanStepDef.chargeOffLoan(java.lang.String)[39m
  [32m✔[39m [32m[1mThen [22mLoan status will be [1m"ACTIVE"[22m[39m                                                                                                             [90m# org.apache.fineract.test.stepdef.loan.LoanStepDef.loanStatus(java.lang.String)[39m
  [32m✔[39m [32m[1mAnd [22mLoan marked as charged-off on [1m"01 March 2024"[22m[39m                                                                                             [90m# org.apache.fineract.test.stepdef.loan.LoanStepDef.isLoanChargedOff(java.lang.String)[39m
  [32m✔[39m [32m[1mAnd [22mLoan Transactions tab has a [1m"CHARGE_OFF"[22m transaction with date [1m"01 March 2024"[22m which has the following Journal entries:[39m                   [90m# org.apache.fineract.test.stepdef.common.JournalEntriesStepDef.journalEntryDataCheck(java.lang.String,java.lang.String,io.cucumber.datatable.DataTable)[39m
      | Type    | Account code | Account name               | Debit | Credit |
      | ASSET   | 112601       | Loans Receivable           |       | 66.86  |
      | ASSET   | 112603       | Interest/Fee Receivable    |       | 0.59   |
      | EXPENSE | 744007       | Credit Loss/Bad Debt       | 66.86 |        |
      | INCOME  | 404001       | Interest Income Charge Off | 0.59  |        |
  [32m✔[39m [32m[1mThen [22mLoan Transactions tab has the following data:[39m                                                                                            [90m# org.apache.fineract.test.stepdef.loan.LoanStepDef.loanTransactionsTabCheck(io.cucumber.datatable.DataTable)[39m
      | Transaction date | Transaction Type          | Amount | Principal | Interest | Fees | Penalties | Loan Balance | Reverted |
      | 01 January 2024  | Disbursement              | 100.0  | 0.0       | 0.0      | 0.0  | 0.0       | 100.0        | false    |
      | 01 January 2024  | Buy Down Fee              | 50.0   | 0.0       | 50.0     | 0.0  | 0.0       | 0.0          | false    |
      | 01 February 2024 | Repayment                 | 33.72  | 33.14     | 0.58     | 0.0  | 0.0       | 66.86        | false    |
      | 01 March 2024    | Buy Down Fee Amortization | 33.52  | 0.0       | 33.52    | 0.0  | 0.0       | 0.0          | false    |
      | 01 March 2024    | Accrual                   | 0.97   | 0.0       | 0.97     | 0.0  | 0.0       | 0.0          | false    |
      | 01 March 2024    | Charge-off                | 67.45  | 66.86     | 0.59     | 0.0  | 0.0       | 0.0          | false    |
      | 01 March 2024    | Buy Down Fee Amortization | 16.48  | 0.0       | 16.48    | 0.0  | 0.0       | 0.0          | false    |
  [32m✔[39m [32m[1mAnd [22mLoan Transactions tab has [1m2[22m a [1m"BUY_DOWN_FEE_AMORTIZATION"[22m transactions with date [1m"01 March 2024"[22m which has the following Journal entries:[39m [90m# org.apache.fineract.test.stepdef.common.JournalEntriesStepDef.journalEntryDataCheck(int,java.lang.String,java.lang.String,io.cucumber.datatable.DataTable)[39m
      | Type      | Account code | Account name                | Debit | Credit |
      | INCOME    | 450281       | Income From Buy Down        |       | 33.52  |
      | LIABILITY | 145024       | Deferred Capitalized Income | 33.52 |        |
      | EXPENSE   | 744007       | Credit Loss/Bad Debt        |       | 16.48  |
      | LIABILITY | 145024       | Deferred Capitalized Income | 16.48 |        |
  [32m✔[39m [32m[1mAnd [22mBuy down fee by external-id contains the following data:[39m                                                                                  [90m# org.apache.fineract.test.stepdef.loan.LoanStepDef.checkBuyDownFeeByExternalIdData(io.cucumber.datatable.DataTable)[39m
      | Date            | Fee Amount | Amortized Amount | Not Yet Amortized Amount | Adjusted Amount | Charged Off Amount |
      | 01 January 2024 | 50.0       | 33.52            | 0.0                      | 0.0             | 16.48              |
  [32m✔[39m [32m[1mAnd [22mLoanBuyDownFeeAmortizationTransactionCreatedBusinessEvent is created on [1m"01 March 2024"[22m[39m                                                   [90m# org.apache.fineract.test.stepdef.loan.LoanStepDef.checkLoanBuyDownFeeAmortizationTransactionCreatedBusinessEvent(java.lang.String)[39m
  [32m✔[39m [32m[1mWhen [22mLoan Pay-off is made on [1m"1 March 2024"[22m[39m                                                                                                   [90m# org.apache.fineract.test.stepdef.loan.LoanRepaymentStepDef.makeLoanPayOff(java.lang.String)[39m
  [32m✔[39m [32m[1mThen [22mLoan is closed with zero outstanding balance and it's all installments have obligations met[39m                                              [90m# org.apache.fineract.test.stepdef.loan.LoanStepDef.loanClosedAndInstallmentsObligationsMet()[39m

@BuyDownFeeFeature @TestRailId:C3829
[1mScenario:[22m Verify loan with Buy Down fees and charge-off transaction - daily amortization and amortization in case of loan charge-off event - UC3.2 [90m# fineract-e2e-tests-runner/src/test/resources/features/LoanBuyDownFees.feature:637[39m
  [32m✔[39m [32m[1mWhen [22mAdmin sets the business date to [1m"01 January 2024"[22m[39m                                                                                         [90m# org.apache.fineract.test.stepdef.common.BusinessDateStepDef.setBusinessDate(java.lang.String)[39m
  [32m✔[39m [32m[1mAnd [22mAdmin creates a client with random data[39m                                                                                                    [90m# org.apache.fineract.test.stepdef.common.ClientStepDef.createClientRandomFirstNameLastName()[39m
  [32m✔[39m [32m[1mAnd [22mAdmin creates a fully customized loan with the following data:[39m                                                                             [90m# org.apache.fineract.test.stepdef.loan.LoanStepDef.createFullyCustomizedLoan(io.cucumber.datatable.DataTable)[39m
      | LoanProduct                                              | submitted on date | with Principal | ANNUAL interest rate % | interest type     | interest calculation period | amortization type  | loanTermFrequency | loanTermFrequencyType | repaymentEvery | repaymentFrequencyType | numberOfRepayments | graceOnPrincipalPayment | graceOnInterestPayment | interest free period | Payment strategy            |
      | LP2_PROGRESSIVE_ADVANCED_PAYMENT_ALLOCATION_BUYDOWN_FEES | 01 January 2024   | 100            | 7                      | DECLINING_BALANCE | DAILY                       | EQUAL_INSTALLMENTS | 3                 | MONTHS                | 1              | MONTHS                 | 3                  | 0                       | 0                      | 0                    | ADVANCED_PAYMENT_ALLOCATION |
  [32m✔[39m [32m[1mAnd [22mAdmin successfully approves the loan on [1m"01 January 2024"[22m with [1m"100"[22m amount and expected disbursement date on [1m"01 January 2024"[22m[39m            [90m# org.apache.fineract.test.stepdef.loan.LoanStepDef.approveLoan(java.lang.String,java.lang.String,java.lang.String)[39m
  [32m✔[39m [32m[1mAnd [22mAdmin successfully disburse the loan on [1m"01 January 2024"[22m with [1m"100"[22m EUR transaction amount[39m                                                [90m# org.apache.fineract.test.stepdef.loan.LoanStepDef.disburseLoan(java.lang.String,java.lang.String)[39m
  [32m✔[39m [32m[1mThen [22mLoan status will be [1m"ACTIVE"[22m[39m                                                                                                              [90m# org.apache.fineract.test.stepdef.loan.LoanStepDef.loanStatus(java.lang.String)[39m
  [32m✔[39m [32m[1mWhen [22mAdmin adds buy down fee with [1m"AUTOPAY"[22m payment type to the loan on [1m"01 January 2024"[22m with [1m"50"[22m EUR transaction amount[39m                     [90m# org.apache.fineract.test.stepdef.loan.LoanStepDef.adminAddsBuyDownFeesToTheLoanOnWithEURTransactionAmount(java.lang.String,java.lang.String,java.lang.String)[39m
  [32m✔[39m [32m[1mThen [22mLoan Repayment schedule has [1m3[22m periods, with the following data for periods:[39m                                                               [90m# org.apache.fineract.test.stepdef.loan.LoanStepDef.loanRepaymentSchedulePeriodsCheck(int,io.cucumber.datatable.DataTable)[39m
      | Nr | Days | Date             | Paid date | Balance of loan | Principal due | Interest | Fees | Penalties | Due   | Paid | In advance | Late | Outstanding |
      |    |      | 01 January 2024  |           | 100.0           |               |          | 0.0  |           | 0.0   | 0.0  |            |      |             |
      | 1  | 31   | 01 February 2024 |           | 66.86           | 33.14         | 0.58     | 0.0  | 0.0       | 33.72 | 0.0  | 0.0        | 0.0  | 33.72       |
      | 2  | 29   | 01 March 2024    |           | 33.53           | 33.33         | 0.39     | 0.0  | 0.0       | 33.72 | 0.0  | 0.0        | 0.0  | 33.72       |
      | 3  | 31   | 01 April 2024    |           | 0.0             | 33.53         | 0.2      | 0.0  | 0.0       | 33.73 | 0.0  | 0.0        | 0.0  | 33.73       |
  [32m✔[39m [32m[1mAnd [22mLoan Repayment schedule has the following data in Total row:[39m                                                                               [90m# org.apache.fineract.test.stepdef.loan.LoanStepDef.loanRepaymentScheduleAmountCheck(io.cucumber.datatable.DataTable)[39m
      | Principal due | Interest | Fees | Penalties | Due    | Paid | In advance | Late | Outstanding |
      | 100.0         | 1.17     | 0.0  | 0.0       | 101.17 | 0.0  | 0.0        | 0.0  | 101.17      |
  [32m✔[39m [32m[1mAnd [22mLoan Transactions tab has the following data:[39m                                                                                              [90m# org.apache.fineract.test.stepdef.loan.LoanStepDef.loanTransactionsTabCheck(io.cucumber.datatable.DataTable)[39m
      | Transaction date | Transaction Type | Amount | Principal | Interest | Fees | Penalties | Loan Balance | Reverted |
      | 01 January 2024  | Disbursement     | 100.0  | 0.0       | 0.0      | 0.0  | 0.0       | 100.0        | false    |
      | 01 January 2024  | Buy Down Fee     | 50.0   | 0.0       | 50.0     | 0.0  | 0.0       | 0.0          | false    |
  [32m✔[39m [32m[1mAnd [22mLoan Transactions tab has a [1m"BUY_DOWN_FEE"[22m transaction with date [1m"01 January 2024"[22m which has the following Journal entries:[39m                [90m# org.apache.fineract.test.stepdef.common.JournalEntriesStepDef.journalEntryDataCheck(java.lang.String,java.lang.String,io.cucumber.datatable.DataTable)[39m
      | Type      | Account code | Account name                | Debit | Credit |
      | EXPENSE   | 450280       | Buy Down Expense            | 50.0  |        |
      | LIABILITY | 145024       | Deferred Capitalized Income |       | 50.0   |
  [32m✔[39m [32m[1mAnd [22mBuy down fee by external-id contains the following data:[39m                                                                                   [90m# org.apache.fineract.test.stepdef.loan.LoanStepDef.checkBuyDownFeeByExternalIdData(io.cucumber.datatable.DataTable)[39m
      | Date            | Fee Amount | Amortized Amount | Not Yet Amortized Amount | Adjusted Amount | Charged Off Amount |
      | 01 January 2024 | 50.0       | 0.0              | 50.0                     | 0.0             | 0.0                |
  [32m✔[39m [32m[1mAnd [22mLoanBuyDownFeeTransactionCreatedBusinessEvent is created on [1m"01 January 2024"[22m[39m                                                              [90m# org.apache.fineract.test.stepdef.loan.LoanStepDef.checkLoanBuyDownFeeTransactionCreatedBusinessEvent(java.lang.String)[39m
  [32m✔[39m [32m[1mWhen [22mAdmin sets the business date to [1m"2 January 2024"[22m[39m                                                                                          [90m# org.apache.fineract.test.stepdef.common.BusinessDateStepDef.setBusinessDate(java.lang.String)[39m
  [32m✔[39m [32m[1mWhen [22mAdmin runs inline COB job for Loan[39m                                                                                                        [90m# org.apache.fineract.test.stepdef.loan.InlineCOBStepDef.runInlineCOB()[39m
  [32m✔[39m [32m[1mThen [22mLoan Transactions tab has the following data:[39m                                                                                             [90m# org.apache.fineract.test.stepdef.loan.LoanStepDef.loanTransactionsTabCheck(io.cucumber.datatable.DataTable)[39m
      | Transaction date | Transaction Type          | Amount | Principal | Interest | Fees | Penalties | Loan Balance | Reverted |
      | 01 January 2024  | Disbursement              | 100.0  | 0.0       | 0.0      | 0.0  | 0.0       | 100.0        | false    |
      | 01 January 2024  | Buy Down Fee              | 50.0   | 0.0       | 50.0     | 0.0  | 0.0       | 0.0          | false    |
      | 01 January 2024  | Buy Down Fee Amortization | 0.55   | 0.0       | 0.55     | 0.0  | 0.0       | 0.0          | false    |
  [32m✔[39m [32m[1mAnd [22mLoan Transactions tab has a [1m"BUY_DOWN_FEE_AMORTIZATION"[22m transaction with date [1m"01 January 2024"[22m which has the following Journal entries:[39m   [90m# org.apache.fineract.test.stepdef.common.JournalEntriesStepDef.journalEntryDataCheck(java.lang.String,java.lang.String,io.cucumber.datatable.DataTable)[39m
      | Type      | Account code | Account name                | Debit | Credit |
      | INCOME    | 450281       | Income From Buy Down        |       | 0.55   |
      | LIABILITY | 145024       | Deferred Capitalized Income | 0.55  |        |
  [32m✔[39m [32m[1mAnd [22mBuy down fee by external-id contains the following data:[39m                                                                                   [90m# org.apache.fineract.test.stepdef.loan.LoanStepDef.checkBuyDownFeeByExternalIdData(io.cucumber.datatable.DataTable)[39m
      | Date            | Fee Amount | Amortized Amount | Not Yet Amortized Amount | Adjusted Amount | Charged Off Amount |
      | 01 January 2024 | 50.0       | 0.55             | 49.45                    | 0.0             | 0.0                |
  [32m✔[39m [32m[1mAnd [22mLoanBuyDownFeeAmortizationTransactionCreatedBusinessEvent is created on [1m"01 January 2024"[22m[39m                                                  [90m# org.apache.fineract.test.stepdef.loan.LoanStepDef.checkLoanBuyDownFeeAmortizationTransactionCreatedBusinessEvent(java.lang.String)[39m
  [32m✔[39m [32m[1mWhen [22mAdmin sets the business date to [1m"1 February 2024"[22m[39m                                                                                         [90m# org.apache.fineract.test.stepdef.common.BusinessDateStepDef.setBusinessDate(java.lang.String)[39m
  [32m✔[39m [32m[1mAnd [22mCustomer makes [1m"AUTOPAY"[22m repayment on [1m"01 February 2024"[22m with [1m33.72[22m EUR transaction amount[39m                                                 [90m# org.apache.fineract.test.stepdef.loan.LoanRepaymentStepDef.makeLoanRepayment(java.lang.String,java.lang.String,double)[39m
  [32m✔[39m [32m[1mThen [22mLoan status will be [1m"ACTIVE"[22m[39m                                                                                                              [90m# org.apache.fineract.test.stepdef.loan.LoanStepDef.loanStatus(java.lang.String)[39m
  [32m✔[39m [32m[1mWhen [22mAdmin sets the business date to [1m"1 March 2024"[22m[39m                                                                                            [90m# org.apache.fineract.test.stepdef.common.BusinessDateStepDef.setBusinessDate(java.lang.String)[39m
  [32m✔[39m [32m[1mWhen [22mAdmin runs inline COB job for Loan[39m                                                                                                        [90m# org.apache.fineract.test.stepdef.loan.InlineCOBStepDef.runInlineCOB()[39m
  [32m✔[39m [32m[1mAnd [22mAdmin does charge-off the loan on [1m"1 March 2024"[22m[39m                                                                                           [90m# org.apache.fineract.test.stepdef.loan.LoanStepDef.chargeOffLoan(java.lang.String)[39m
  [32m✔[39m [32m[1mThen [22mLoan status will be [1m"ACTIVE"[22m[39m                                                                                                              [90m# org.apache.fineract.test.stepdef.loan.LoanStepDef.loanStatus(java.lang.String)[39m
  [32m✔[39m [32m[1mAnd [22mLoan marked as charged-off on [1m"01 March 2024"[22m[39m                                                                                              [90m# org.apache.fineract.test.stepdef.loan.LoanStepDef.isLoanChargedOff(java.lang.String)[39m
  [32m✔[39m [32m[1mAnd [22mLoan Transactions tab has a [1m"CHARGE_OFF"[22m transaction with date [1m"01 March 2024"[22m which has the following Journal entries:[39m                    [90m# org.apache.fineract.test.stepdef.common.JournalEntriesStepDef.journalEntryDataCheck(java.lang.String,java.lang.String,io.cucumber.datatable.DataTable)[39m
      | Type    | Account code | Account name               | Debit | Credit |
      | ASSET   | 112601       | Loans Receivable           |       | 66.86  |
      | ASSET   | 112603       | Interest/Fee Receivable    |       | 0.59   |
      | EXPENSE | 744007       | Credit Loss/Bad Debt       | 66.86 |        |
      | INCOME  | 404001       | Interest Income Charge Off | 0.59  |        |
  [32m✔[39m [32m[1mAnd [22mLoan Transactions tab has the following data:[39m                                                                                              [90m# org.apache.fineract.test.stepdef.loan.LoanStepDef.loanTransactionsTabCheck(io.cucumber.datatable.DataTable)[39m
      | Transaction date | Transaction Type          | Amount | Principal | Interest | Fees | Penalties | Loan Balance | Reverted |
      | 01 January 2024  | Disbursement              | 100.0  | 0.0       | 0.0      | 0.0  | 0.0       | 100.0        | false    |
      | 01 January 2024  | Buy Down Fee              | 50.0   | 0.0       | 50.0     | 0.0  | 0.0       | 0.0          | false    |
      | 01 January 2024  | Buy Down Fee Amortization | 0.55   | 0.0       | 0.55     | 0.0  | 0.0       | 0.0          | false    |
      | 02 January 2024  | Accrual                   | 0.02   | 0.0       | 0.02     | 0.0  | 0.0       | 0.0          | false    |
      | 02 January 2024  | Buy Down Fee Amortization | 0.55   | 0.0       | 0.55     | 0.0  | 0.0       | 0.0          | false    |
      | 03 January 2024  | Accrual                   | 0.02   | 0.0       | 0.02     | 0.0  | 0.0       | 0.0          | false    |
      | 03 January 2024  | Buy Down Fee Amortization | 0.55   | 0.0       | 0.55     | 0.0  | 0.0       | 0.0          | false    |
      | 04 January 2024  | Accrual                   | 0.02   | 0.0       | 0.02     | 0.0  | 0.0       | 0.0          | false    |
      | 04 January 2024  | Buy Down Fee Amortization | 0.55   | 0.0       | 0.55     | 0.0  | 0.0       | 0.0          | false    |
      | 05 January 2024  | Accrual                   | 0.02   | 0.0       | 0.02     | 0.0  | 0.0       | 0.0          | false    |
      | 05 January 2024  | Buy Down Fee Amortization | 0.55   | 0.0       | 0.55     | 0.0  | 0.0       | 0.0          | false    |
      | 06 January 2024  | Accrual                   | 0.01   | 0.0       | 0.01     | 0.0  | 0.0       | 0.0          | false    |
      | 06 January 2024  | Buy Down Fee Amortization | 0.55   | 0.0       | 0.55     | 0.0  | 0.0       | 0.0          | false    |
      | 07 January 2024  | Accrual                   | 0.02   | 0.0       | 0.02     | 0.0  | 0.0       | 0.0          | false    |
      | 07 January 2024  | Buy Down Fee Amortization | 0.55   | 0.0       | 0.55     | 0.0  | 0.0       | 0.0          | false    |
      | 08 January 2024  | Accrual                   | 0.02   | 0.0       | 0.02     | 0.0  | 0.0       | 0.0          | false    |
      | 08 January 2024  | Buy Down Fee Amortization | 0.55   | 0.0       | 0.55     | 0.0  | 0.0       | 0.0          | false    |
      | 09 January 2024  | Accrual                   | 0.02   | 0.0       | 0.02     | 0.0  | 0.0       | 0.0          | false    |
      | 09 January 2024  | Buy Down Fee Amortization | 0.55   | 0.0       | 0.55     | 0.0  | 0.0       | 0.0          | false    |
      | 10 January 2024  | Accrual                   | 0.02   | 0.0       | 0.02     | 0.0  | 0.0       | 0.0          | false    |
      | 10 January 2024  | Buy Down Fee Amortization | 0.54   | 0.0       | 0.54     | 0.0  | 0.0       | 0.0          | false    |
      | 11 January 2024  | Accrual                   | 0.02   | 0.0       | 0.02     | 0.0  | 0.0       | 0.0          | false    |
      | 11 January 2024  | Buy Down Fee Amortization | 0.55   | 0.0       | 0.55     | 0.0  | 0.0       | 0.0          | false    |
      | 12 January 2024  | Accrual                   | 0.02   | 0.0       | 0.02     | 0.0  | 0.0       | 0.0          | false    |
      | 12 January 2024  | Buy Down Fee Amortization | 0.55   | 0.0       | 0.55     | 0.0  | 0.0       | 0.0          | false    |
      | 13 January 2024  | Accrual                   | 0.02   | 0.0       | 0.02     | 0.0  | 0.0       | 0.0          | false    |
      | 13 January 2024  | Buy Down Fee Amortization | 0.55   | 0.0       | 0.55     | 0.0  | 0.0       | 0.0          | false    |
      | 14 January 2024  | Accrual                   | 0.01   | 0.0       | 0.01     | 0.0  | 0.0       | 0.0          | false    |
      | 14 January 2024  | Buy Down Fee Amortization | 0.55   | 0.0       | 0.55     | 0.0  | 0.0       | 0.0          | false    |
      | 15 January 2024  | Accrual                   | 0.02   | 0.0       | 0.02     | 0.0  | 0.0       | 0.0          | false    |
      | 15 January 2024  | Buy Down Fee Amortization | 0.55   | 0.0       | 0.55     | 0.0  | 0.0       | 0.0          | false    |
      | 16 January 2024  | Accrual                   | 0.02   | 0.0       | 0.02     | 0.0  | 0.0       | 0.0          | false    |
      | 16 January 2024  | Buy Down Fee Amortization | 0.55   | 0.0       | 0.55     | 0.0  | 0.0       | 0.0          | false    |
      | 17 January 2024  | Accrual                   | 0.02   | 0.0       | 0.02     | 0.0  | 0.0       | 0.0          | false    |
      | 17 January 2024  | Buy Down Fee Amortization | 0.55   | 0.0       | 0.55     | 0.0  | 0.0       | 0.0          | false    |
      | 18 January 2024  | Accrual                   | 0.02   | 0.0       | 0.02     | 0.0  | 0.0       | 0.0          | false    |
      | 18 January 2024  | Buy Down Fee Amortization | 0.55   | 0.0       | 0.55     | 0.0  | 0.0       | 0.0          | false    |
      | 19 January 2024  | Accrual                   | 0.02   | 0.0       | 0.02     | 0.0  | 0.0       | 0.0          | false    |
      | 19 January 2024  | Buy Down Fee Amortization | 0.55   | 0.0       | 0.55     | 0.0  | 0.0       | 0.0          | false    |
      | 20 January 2024  | Accrual                   | 0.02   | 0.0       | 0.02     | 0.0  | 0.0       | 0.0          | false    |
      | 20 January 2024  | Buy Down Fee Amortization | 0.55   | 0.0       | 0.55     | 0.0  | 0.0       | 0.0          | false    |
      | 21 January 2024  | Accrual                   | 0.02   | 0.0       | 0.02     | 0.0  | 0.0       | 0.0          | false    |
      | 21 January 2024  | Buy Down Fee Amortization | 0.55   | 0.0       | 0.55     | 0.0  | 0.0       | 0.0          | false    |
      | 22 January 2024  | Accrual                   | 0.02   | 0.0       | 0.02     | 0.0  | 0.0       | 0.0          | false    |
      | 22 January 2024  | Buy Down Fee Amortization | 0.55   | 0.0       | 0.55     | 0.0  | 0.0       | 0.0          | false    |
      | 23 January 2024  | Accrual                   | 0.01   | 0.0       | 0.01     | 0.0  | 0.0       | 0.0          | false    |
      | 23 January 2024  | Buy Down Fee Amortization | 0.55   | 0.0       | 0.55     | 0.0  | 0.0       | 0.0          | false    |
      | 24 January 2024  | Accrual                   | 0.02   | 0.0       | 0.02     | 0.0  | 0.0       | 0.0          | false    |
      | 24 January 2024  | Buy Down Fee Amortization | 0.55   | 0.0       | 0.55     | 0.0  | 0.0       | 0.0          | false    |
      | 25 January 2024  | Accrual                   | 0.02   | 0.0       | 0.02     | 0.0  | 0.0       | 0.0          | false    |
      | 25 January 2024  | Buy Down Fee Amortization | 0.55   | 0.0       | 0.55     | 0.0  | 0.0       | 0.0          | false    |
      | 26 January 2024  | Accrual                   | 0.02   | 0.0       | 0.02     | 0.0  | 0.0       | 0.0          | false    |
      | 26 January 2024  | Buy Down Fee Amortization | 0.55   | 0.0       | 0.55     | 0.0  | 0.0       | 0.0          | false    |
      | 27 January 2024  | Accrual                   | 0.02   | 0.0       | 0.02     | 0.0  | 0.0       | 0.0          | false    |
      | 27 January 2024  | Buy Down Fee Amortization | 0.55   | 0.0       | 0.55     | 0.0  | 0.0       | 0.0          | false    |
      | 28 January 2024  | Accrual                   | 0.02   | 0.0       | 0.02     | 0.0  | 0.0       | 0.0          | false    |
      | 28 January 2024  | Buy Down Fee Amortization | 0.54   | 0.0       | 0.54     | 0.0  | 0.0       | 0.0          | false    |
      | 29 January 2024  | Accrual                   | 0.02   | 0.0       | 0.02     | 0.0  | 0.0       | 0.0          | false    |
      | 29 January 2024  | Buy Down Fee Amortization | 0.55   | 0.0       | 0.55     | 0.0  | 0.0       | 0.0          | false    |
      | 30 January 2024  | Accrual                   | 0.02   | 0.0       | 0.02     | 0.0  | 0.0       | 0.0          | false    |
      | 30 January 2024  | Buy Down Fee Amortization | 0.55   | 0.0       | 0.55     | 0.0  | 0.0       | 0.0          | false    |
      | 31 January 2024  | Accrual                   | 0.01   | 0.0       | 0.01     | 0.0  | 0.0       | 0.0          | false    |
      | 31 January 2024  | Buy Down Fee Amortization | 0.55   | 0.0       | 0.55     | 0.0  | 0.0       | 0.0          | false    |
      | 01 February 2024 | Repayment                 | 33.72  | 33.14     | 0.58     | 0.0  | 0.0       | 66.86        | false    |
      | 01 February 2024 | Accrual                   | 0.02   | 0.0       | 0.02     | 0.0  | 0.0       | 0.0          | false    |
      | 01 February 2024 | Buy Down Fee Amortization | 0.55   | 0.0       | 0.55     | 0.0  | 0.0       | 0.0          | false    |
      | 02 February 2024 | Accrual                   | 0.01   | 0.0       | 0.01     | 0.0  | 0.0       | 0.0          | false    |
      | 02 February 2024 | Buy Down Fee Amortization | 0.55   | 0.0       | 0.55     | 0.0  | 0.0       | 0.0          | false    |
      | 03 February 2024 | Accrual                   | 0.02   | 0.0       | 0.02     | 0.0  | 0.0       | 0.0          | false    |
      | 03 February 2024 | Buy Down Fee Amortization | 0.55   | 0.0       | 0.55     | 0.0  | 0.0       | 0.0          | false    |
      | 04 February 2024 | Accrual                   | 0.01   | 0.0       | 0.01     | 0.0  | 0.0       | 0.0          | false    |
      | 04 February 2024 | Buy Down Fee Amortization | 0.55   | 0.0       | 0.55     | 0.0  | 0.0       | 0.0          | false    |
      | 05 February 2024 | Accrual                   | 0.01   | 0.0       | 0.01     | 0.0  | 0.0       | 0.0          | false    |
      | 05 February 2024 | Buy Down Fee Amortization | 0.55   | 0.0       | 0.55     | 0.0  | 0.0       | 0.0          | false    |
      | 06 February 2024 | Accrual                   | 0.02   | 0.0       | 0.02     | 0.0  | 0.0       | 0.0          | false    |
      | 06 February 2024 | Buy Down Fee Amortization | 0.55   | 0.0       | 0.55     | 0.0  | 0.0       | 0.0          | false    |
      | 07 February 2024 | Accrual                   | 0.01   | 0.0       | 0.01     | 0.0  | 0.0       | 0.0          | false    |
      | 07 February 2024 | Buy Down Fee Amortization | 0.55   | 0.0       | 0.55     | 0.0  | 0.0       | 0.0          | false    |
      | 08 February 2024 | Accrual                   | 0.01   | 0.0       | 0.01     | 0.0  | 0.0       | 0.0          | false    |
      | 08 February 2024 | Buy Down Fee Amortization | 0.55   | 0.0       | 0.55     | 0.0  | 0.0       | 0.0          | false    |
      | 09 February 2024 | Accrual                   | 0.02   | 0.0       | 0.02     | 0.0  | 0.0       | 0.0          | false    |
      | 09 February 2024 | Buy Down Fee Amortization | 0.55   | 0.0       | 0.55     | 0.0  | 0.0       | 0.0          | false    |
      | 10 February 2024 | Accrual                   | 0.01   | 0.0       | 0.01     | 0.0  | 0.0       | 0.0          | false    |
      | 10 February 2024 | Buy Down Fee Amortization | 0.55   | 0.0       | 0.55     | 0.0  | 0.0       | 0.0          | false    |
      | 11 February 2024 | Accrual                   | 0.01   | 0.0       | 0.01     | 0.0  | 0.0       | 0.0          | false    |
      | 11 February 2024 | Buy Down Fee Amortization | 0.55   | 0.0       | 0.55     | 0.0  | 0.0       | 0.0          | false    |
      | 12 February 2024 | Accrual                   | 0.02   | 0.0       | 0.02     | 0.0  | 0.0       | 0.0          | false    |
      | 12 February 2024 | Buy Down Fee Amortization | 0.55   | 0.0       | 0.55     | 0.0  | 0.0       | 0.0          | false    |
      | 13 February 2024 | Accrual                   | 0.01   | 0.0       | 0.01     | 0.0  | 0.0       | 0.0          | false    |
      | 13 February 2024 | Buy Down Fee Amortization | 0.55   | 0.0       | 0.55     | 0.0  | 0.0       | 0.0          | false    |
      | 14 February 2024 | Accrual                   | 0.01   | 0.0       | 0.01     | 0.0  | 0.0       | 0.0          | false    |
      | 14 February 2024 | Buy Down Fee Amortization | 0.55   | 0.0       | 0.55     | 0.0  | 0.0       | 0.0          | false    |
      | 15 February 2024 | Accrual                   | 0.02   | 0.0       | 0.02     | 0.0  | 0.0       | 0.0          | false    |
      | 15 February 2024 | Buy Down Fee Amortization | 0.54   | 0.0       | 0.54     | 0.0  | 0.0       | 0.0          | false    |
      | 16 February 2024 | Accrual                   | 0.01   | 0.0       | 0.01     | 0.0  | 0.0       | 0.0          | false    |
      | 16 February 2024 | Buy Down Fee Amortization | 0.55   | 0.0       | 0.55     | 0.0  | 0.0       | 0.0          | false    |
      | 17 February 2024 | Accrual                   | 0.02   | 0.0       | 0.02     | 0.0  | 0.0       | 0.0          | false    |
      | 17 February 2024 | Buy Down Fee Amortization | 0.55   | 0.0       | 0.55     | 0.0  | 0.0       | 0.0          | false    |
      | 18 February 2024 | Accrual                   | 0.01   | 0.0       | 0.01     | 0.0  | 0.0       | 0.0          | false    |
      | 18 February 2024 | Buy Down Fee Amortization | 0.55   | 0.0       | 0.55     | 0.0  | 0.0       | 0.0          | false    |
      | 19 February 2024 | Accrual                   | 0.01   | 0.0       | 0.01     | 0.0  | 0.0       | 0.0          | false    |
      | 19 February 2024 | Buy Down Fee Amortization | 0.55   | 0.0       | 0.55     | 0.0  | 0.0       | 0.0          | false    |
      | 20 February 2024 | Accrual                   | 0.02   | 0.0       | 0.02     | 0.0  | 0.0       | 0.0          | false    |
      | 20 February 2024 | Buy Down Fee Amortization | 0.55   | 0.0       | 0.55     | 0.0  | 0.0       | 0.0          | false    |
      | 21 February 2024 | Accrual                   | 0.01   | 0.0       | 0.01     | 0.0  | 0.0       | 0.0          | false    |
      | 21 February 2024 | Buy Down Fee Amortization | 0.55   | 0.0       | 0.55     | 0.0  | 0.0       | 0.0          | false    |
      | 22 February 2024 | Accrual                   | 0.01   | 0.0       | 0.01     | 0.0  | 0.0       | 0.0          | false    |
      | 22 February 2024 | Buy Down Fee Amortization | 0.55   | 0.0       | 0.55     | 0.0  | 0.0       | 0.0          | false    |
      | 23 February 2024 | Accrual                   | 0.02   | 0.0       | 0.02     | 0.0  | 0.0       | 0.0          | false    |
      | 23 February 2024 | Buy Down Fee Amortization | 0.55   | 0.0       | 0.55     | 0.0  | 0.0       | 0.0          | false    |
      | 24 February 2024 | Accrual                   | 0.01   | 0.0       | 0.01     | 0.0  | 0.0       | 0.0          | false    |
      | 24 February 2024 | Buy Down Fee Amortization | 0.55   | 0.0       | 0.55     | 0.0  | 0.0       | 0.0          | false    |
      | 25 February 2024 | Accrual                   | 0.01   | 0.0       | 0.01     | 0.0  | 0.0       | 0.0          | false    |
      | 25 February 2024 | Buy Down Fee Amortization | 0.55   | 0.0       | 0.55     | 0.0  | 0.0       | 0.0          | false    |
      | 26 February 2024 | Accrual                   | 0.02   | 0.0       | 0.02     | 0.0  | 0.0       | 0.0          | false    |
      | 26 February 2024 | Buy Down Fee Amortization | 0.55   | 0.0       | 0.55     | 0.0  | 0.0       | 0.0          | false    |
      | 27 February 2024 | Accrual                   | 0.01   | 0.0       | 0.01     | 0.0  | 0.0       | 0.0          | false    |
      | 27 February 2024 | Buy Down Fee Amortization | 0.55   | 0.0       | 0.55     | 0.0  | 0.0       | 0.0          | false    |
      | 28 February 2024 | Accrual                   | 0.01   | 0.0       | 0.01     | 0.0  | 0.0       | 0.0          | false    |
      | 28 February 2024 | Buy Down Fee Amortization | 0.55   | 0.0       | 0.55     | 0.0  | 0.0       | 0.0          | false    |
      | 29 February 2024 | Accrual                   | 0.02   | 0.0       | 0.02     | 0.0  | 0.0       | 0.0          | false    |
      | 29 February 2024 | Buy Down Fee Amortization | 0.55   | 0.0       | 0.55     | 0.0  | 0.0       | 0.0          | false    |
      | 01 March 2024    | Buy Down Fee Amortization | 0.55   | 0.0       | 0.55     | 0.0  | 0.0       | 0.0          | false    |
      | 01 March 2024    | Accrual                   | 0.01   | 0.0       | 0.01     | 0.0  | 0.0       | 0.0          | false    |
      | 01 March 2024    | Charge-off                | 67.45  | 66.86     | 0.59     | 0.0  | 0.0       | 0.0          | false    |
      | 01 March 2024    | Buy Down Fee Amortization | 16.48  | 0.0       | 16.48    | 0.0  | 0.0       | 0.0          | false    |
  [32m✔[39m [32m[1mAnd [22mLoan Transactions tab has [1m2[22m a [1m"BUY_DOWN_FEE_AMORTIZATION"[22m transactions with date [1m"01 March 2024"[22m which has the following Journal entries:[39m  [90m# org.apache.fineract.test.stepdef.common.JournalEntriesStepDef.journalEntryDataCheck(int,java.lang.String,java.lang.String,io.cucumber.datatable.DataTable)[39m
      | Type      | Account code | Account name                | Debit | Credit |
      | INCOME    | 450281       | Income From Buy Down        |       | 0.55   |
      | LIABILITY | 145024       | Deferred Capitalized Income | 0.55  |        |
      | EXPENSE   | 744007       | Credit Loss/Bad Debt        |       | 16.48  |
      | LIABILITY | 145024       | Deferred Capitalized Income | 16.48 |        |
  [32m✔[39m [32m[1mAnd [22mBuy down fee by external-id contains the following data:[39m                                                                                   [90m# org.apache.fineract.test.stepdef.loan.LoanStepDef.checkBuyDownFeeByExternalIdData(io.cucumber.datatable.DataTable)[39m
      | Date            | Fee Amount | Amortized Amount | Not Yet Amortized Amount | Adjusted Amount | Charged Off Amount |
      | 01 January 2024 | 50.0       | 33.52            | 0.0                      | 0.0             | 16.48              |
  [32m✔[39m [32m[1mAnd [22mLoanBuyDownFeeAmortizationTransactionCreatedBusinessEvent is created on [1m"01 March 2024"[22m[39m                                                    [90m# org.apache.fineract.test.stepdef.loan.LoanStepDef.checkLoanBuyDownFeeAmortizationTransactionCreatedBusinessEvent(java.lang.String)[39m
  [32m✔[39m [32m[1mWhen [22mLoan Pay-off is made on [1m"1 March 2024"[22m[39m                                                                                                    [90m# org.apache.fineract.test.stepdef.loan.LoanRepaymentStepDef.makeLoanPayOff(java.lang.String)[39m
  [32m✔[39m [32m[1mThen [22mLoan is closed with zero outstanding balance and it's all installments have obligations met[39m                                               [90m# org.apache.fineract.test.stepdef.loan.LoanStepDef.loanClosedAndInstallmentsObligationsMet()[39m

@BuyDownFeeFeature @TestRailId:C3848
[1mScenario:[22m Verify loan with Buy Down fees and undo the charge-off transaction - amortization in case of loan charge-off event should also be reversed  - UC3.3 [90m# fineract-e2e-tests-runner/src/test/resources/features/LoanBuyDownFees.feature:842[39m
  [32m✔[39m [32m[1mWhen [22mAdmin sets the business date to [1m"01 January 2024"[22m[39m                                                                                                    [90m# org.apache.fineract.test.stepdef.common.BusinessDateStepDef.setBusinessDate(java.lang.String)[39m
  [32m✔[39m [32m[1mAnd [22mAdmin creates a client with random data[39m                                                                                                               [90m# org.apache.fineract.test.stepdef.common.ClientStepDef.createClientRandomFirstNameLastName()[39m
  [32m✔[39m [32m[1mAnd [22mAdmin creates a fully customized loan with the following data:[39m                                                                                        [90m# org.apache.fineract.test.stepdef.loan.LoanStepDef.createFullyCustomizedLoan(io.cucumber.datatable.DataTable)[39m
      | LoanProduct                                              | submitted on date | with Principal | ANNUAL interest rate % | interest type     | interest calculation period | amortization type  | loanTermFrequency | loanTermFrequencyType | repaymentEvery | repaymentFrequencyType | numberOfRepayments | graceOnPrincipalPayment | graceOnInterestPayment | interest free period | Payment strategy            |
      | LP2_PROGRESSIVE_ADVANCED_PAYMENT_ALLOCATION_BUYDOWN_FEES | 01 January 2024   | 100            | 7                      | DECLINING_BALANCE | DAILY                       | EQUAL_INSTALLMENTS | 3                 | MONTHS                | 1              | MONTHS                 | 3                  | 0                       | 0                      | 0                    | ADVANCED_PAYMENT_ALLOCATION |
  [32m✔[39m [32m[1mAnd [22mAdmin successfully approves the loan on [1m"01 January 2024"[22m with [1m"100"[22m amount and expected disbursement date on [1m"01 January 2024"[22m[39m                       [90m# org.apache.fineract.test.stepdef.loan.LoanStepDef.approveLoan(java.lang.String,java.lang.String,java.lang.String)[39m
  [32m✔[39m [32m[1mAnd [22mAdmin successfully disburse the loan on [1m"01 January 2024"[22m with [1m"100"[22m EUR transaction amount[39m                                                           [90m# org.apache.fineract.test.stepdef.loan.LoanStepDef.disburseLoan(java.lang.String,java.lang.String)[39m
  [32m✔[39m [32m[1mThen [22mLoan status will be [1m"ACTIVE"[22m[39m                                                                                                                         [90m# org.apache.fineract.test.stepdef.loan.LoanStepDef.loanStatus(java.lang.String)[39m
  [32m✔[39m [32m[1mWhen [22mAdmin adds buy down fee with [1m"AUTOPAY"[22m payment type to the loan on [1m"01 January 2024"[22m with [1m"50"[22m EUR transaction amount[39m                                [90m# org.apache.fineract.test.stepdef.loan.LoanStepDef.adminAddsBuyDownFeesToTheLoanOnWithEURTransactionAmount(java.lang.String,java.lang.String,java.lang.String)[39m
  [32m✔[39m [32m[1mThen [22mLoan Repayment schedule has [1m3[22m periods, with the following data for periods:[39m                                                                          [90m# org.apache.fineract.test.stepdef.loan.LoanStepDef.loanRepaymentSchedulePeriodsCheck(int,io.cucumber.datatable.DataTable)[39m
      | Nr | Days | Date             | Paid date | Balance of loan | Principal due | Interest | Fees | Penalties | Due   | Paid | In advance | Late | Outstanding |
      |    |      | 01 January 2024  |           | 100.0           |               |          | 0.0  |           | 0.0   | 0.0  |            |      |             |
      | 1  | 31   | 01 February 2024 |           | 66.86           | 33.14         | 0.58     | 0.0  | 0.0       | 33.72 | 0.0  | 0.0        | 0.0  | 33.72       |
      | 2  | 29   | 01 March 2024    |           | 33.53           | 33.33         | 0.39     | 0.0  | 0.0       | 33.72 | 0.0  | 0.0        | 0.0  | 33.72       |
      | 3  | 31   | 01 April 2024    |           | 0.0             | 33.53         | 0.2      | 0.0  | 0.0       | 33.73 | 0.0  | 0.0        | 0.0  | 33.73       |
  [32m✔[39m [32m[1mAnd [22mLoan Repayment schedule has the following data in Total row:[39m                                                                                          [90m# org.apache.fineract.test.stepdef.loan.LoanStepDef.loanRepaymentScheduleAmountCheck(io.cucumber.datatable.DataTable)[39m
      | Principal due | Interest | Fees | Penalties | Due    | Paid | In advance | Late | Outstanding |
      | 100.0         | 1.17     | 0.0  | 0.0       | 101.17 | 0.0  | 0.0        | 0.0  | 101.17      |
  [32m✔[39m [32m[1mAnd [22mLoan Transactions tab has the following data:[39m                                                                                                         [90m# org.apache.fineract.test.stepdef.loan.LoanStepDef.loanTransactionsTabCheck(io.cucumber.datatable.DataTable)[39m
      | Transaction date | Transaction Type | Amount | Principal | Interest | Fees | Penalties | Loan Balance | Reverted |
      | 01 January 2024  | Disbursement     | 100.0  | 0.0       | 0.0      | 0.0  | 0.0       | 100.0        | false    |
      | 01 January 2024  | Buy Down Fee     | 50.0   | 0.0       | 50.0     | 0.0  | 0.0       | 0.0          | false    |
  [32m✔[39m [32m[1mAnd [22mLoan Transactions tab has a [1m"BUY_DOWN_FEE"[22m transaction with date [1m"01 January 2024"[22m which has the following Journal entries:[39m                           [90m# org.apache.fineract.test.stepdef.common.JournalEntriesStepDef.journalEntryDataCheck(java.lang.String,java.lang.String,io.cucumber.datatable.DataTable)[39m
      | Type      | Account code | Account name                | Debit | Credit |
      | EXPENSE   | 450280       | Buy Down Expense            | 50.0  |        |
      | LIABILITY | 145024       | Deferred Capitalized Income |       | 50.0   |
  [32m✔[39m [32m[1mAnd [22mBuy down fee by external-id contains the following data:[39m                                                                                              [90m# org.apache.fineract.test.stepdef.loan.LoanStepDef.checkBuyDownFeeByExternalIdData(io.cucumber.datatable.DataTable)[39m
      | Date            | Fee Amount | Amortized Amount | Not Yet Amortized Amount | Adjusted Amount | Charged Off Amount |
      | 01 January 2024 | 50.0       | 0.0              | 50.0                     | 0.0             | 0.0                |
  [32m✔[39m [32m[1mAnd [22mLoanBuyDownFeeTransactionCreatedBusinessEvent is created on [1m"01 January 2024"[22m[39m                                                                         [90m# org.apache.fineract.test.stepdef.loan.LoanStepDef.checkLoanBuyDownFeeTransactionCreatedBusinessEvent(java.lang.String)[39m
  [32m✔[39m [32m[1mWhen [22mAdmin sets the business date to [1m"1 February 2024"[22m[39m                                                                                                    [90m# org.apache.fineract.test.stepdef.common.BusinessDateStepDef.setBusinessDate(java.lang.String)[39m
  [32m✔[39m [32m[1mAnd [22mAdmin does charge-off the loan on [1m"1 February 2024"[22m[39m                                                                                                   [90m# org.apache.fineract.test.stepdef.loan.LoanStepDef.chargeOffLoan(java.lang.String)[39m
  [32m✔[39m [32m[1mThen [22mLoan status will be [1m"ACTIVE"[22m[39m                                                                                                                         [90m# org.apache.fineract.test.stepdef.loan.LoanStepDef.loanStatus(java.lang.String)[39m
  [32m✔[39m [32m[1mAnd [22mLoan marked as charged-off on [1m"01 February 2024"[22m[39m                                                                                                      [90m# org.apache.fineract.test.stepdef.loan.LoanStepDef.isLoanChargedOff(java.lang.String)[39m
  [32m✔[39m [32m[1mThen [22mLoan Repayment schedule has [1m3[22m periods, with the following data for periods:[39m                                                                          [90m# org.apache.fineract.test.stepdef.loan.LoanStepDef.loanRepaymentSchedulePeriodsCheck(int,io.cucumber.datatable.DataTable)[39m
      | Nr | Days | Date             | Paid date | Balance of loan | Principal due | Interest | Fees | Penalties | Due   | Paid | In advance | Late | Outstanding |
      |    |      | 01 January 2024  |           | 100.0           |               |          | 0.0  |           | 0.0   | 0.0  |            |      |             |
      | 1  | 31   | 01 February 2024 |           | 66.86           | 33.14         | 0.58     | 0.0  | 0.0       | 33.72 | 0.0  | 0.0        | 0.0  | 33.72       |
      | 2  | 29   | 01 March 2024    |           | 33.53           | 33.33         | 0.39     | 0.0  | 0.0       | 33.72 | 0.0  | 0.0        | 0.0  | 33.72       |
      | 3  | 31   | 01 April 2024    |           | 0.0             | 33.53         | 0.2      | 0.0  | 0.0       | 33.73 | 0.0  | 0.0        | 0.0  | 33.73       |
  [32m✔[39m [32m[1mAnd [22mLoan Repayment schedule has the following data in Total row:[39m                                                                                          [90m# org.apache.fineract.test.stepdef.loan.LoanStepDef.loanRepaymentScheduleAmountCheck(io.cucumber.datatable.DataTable)[39m
      | Principal due | Interest | Fees | Penalties | Due    | Paid | In advance | Late | Outstanding |
      | 100.0         | 1.17     | 0.0  | 0.0       | 101.17 | 0.0  | 0.0        | 0.0  | 101.17      |
  [32m✔[39m [32m[1mAnd [22mLoan Transactions tab has a [1m"CHARGE_OFF"[22m transaction with date [1m"01 February 2024"[22m which has the following Journal entries:[39m                            [90m# org.apache.fineract.test.stepdef.common.JournalEntriesStepDef.journalEntryDataCheck(java.lang.String,java.lang.String,io.cucumber.datatable.DataTable)[39m
      | Type    | Account code | Account name               | Debit | Credit |
      | ASSET   | 112601       | Loans Receivable           |       | 100.0  |
      | ASSET   | 112603       | Interest/Fee Receivable    |       | 1.17   |
      | EXPENSE | 744007       | Credit Loss/Bad Debt       | 100.0 |        |
      | INCOME  | 404001       | Interest Income Charge Off | 1.17  |        |
  [32m✔[39m [32m[1mThen [22mLoan Transactions tab has the following data:[39m                                                                                                        [90m# org.apache.fineract.test.stepdef.loan.LoanStepDef.loanTransactionsTabCheck(io.cucumber.datatable.DataTable)[39m
      | Transaction date | Transaction Type          | Amount | Principal | Interest | Fees | Penalties | Loan Balance | Reverted |
      | 01 January 2024  | Disbursement              | 100.0  | 0.0       | 0.0      | 0.0  | 0.0       | 100.0        | false    |
      | 01 January 2024  | Buy Down Fee              | 50.0   | 0.0       | 50.0     | 0.0  | 0.0       | 0.0          | false    |
      | 01 February 2024 | Buy Down Fee Amortization | 17.58  | 0.0       | 17.58    | 0.0  | 0.0       | 0.0          | false    |
      | 01 February 2024 | Accrual                   | 0.58   | 0.0       | 0.58     | 0.0  | 0.0       | 0.0          | false    |
      | 01 February 2024 | Charge-off                | 101.17 | 100.0     | 1.17     | 0.0  | 0.0       | 0.0          | false    |
      | 01 February 2024 | Buy Down Fee Amortization | 32.42  | 0.0       | 32.42    | 0.0  | 0.0       | 0.0          | false    |
  [32m✔[39m [32m[1mAnd [22mBuy down fee by external-id contains the following data:[39m                                                                                              [90m# org.apache.fineract.test.stepdef.loan.LoanStepDef.checkBuyDownFeeByExternalIdData(io.cucumber.datatable.DataTable)[39m
      | Date            | Fee Amount | Amortized Amount | Not Yet Amortized Amount | Adjusted Amount | Charged Off Amount |
      | 01 January 2024 | 50.0       | 17.58            | 0.0                      | 0.0             | 32.42              |
  [32m✔[39m [32m[1mAnd [22mLoanBuyDownFeeAmortizationTransactionCreatedBusinessEvent is created on [1m"01 February 2024"[22m[39m                                                            [90m# org.apache.fineract.test.stepdef.loan.LoanStepDef.checkLoanBuyDownFeeAmortizationTransactionCreatedBusinessEvent(java.lang.String)[39m
  [32m✔[39m [32m[1mAnd [22mLoan Transactions tab has [1m2[22m a [1m"BUY_DOWN_FEE_AMORTIZATION"[22m transactions with date [1m"01 February 2024"[22m which has the following Journal entries:[39m          [90m# org.apache.fineract.test.stepdef.common.JournalEntriesStepDef.journalEntryDataCheck(int,java.lang.String,java.lang.String,io.cucumber.datatable.DataTable)[39m
      | Type      | Account code | Account name                | Debit | Credit |
      | INCOME    | 450281       | Income From Buy Down        |       | 17.58  |
      | LIABILITY | 145024       | Deferred Capitalized Income | 17.58 |        |
      | EXPENSE   | 744007       | Credit Loss/Bad Debt        |       | 32.42  |
      | LIABILITY | 145024       | Deferred Capitalized Income | 32.42 |        |
  [32m✔[39m [32m[1mThen [22mAdmin does a charge-off undo the loan[39m                                                                                                                [90m# org.apache.fineract.test.stepdef.loan.LoanStepDef.chargeOffUndo()[39m
  [32m✔[39m [32m[1mThen [22mLoan Transactions tab has the following data:[39m                                                                                                        [90m# org.apache.fineract.test.stepdef.loan.LoanStepDef.loanTransactionsTabCheck(io.cucumber.datatable.DataTable)[39m
      | Transaction date | Transaction Type          | Amount | Principal | Interest | Fees | Penalties | Loan Balance | Reverted |
      | 01 January 2024  | Disbursement              | 100.0  | 0.0       | 0.0      | 0.0  | 0.0       | 100.0        | false    |
      | 01 January 2024  | Buy Down Fee              | 50.0   | 0.0       | 50.0     | 0.0  | 0.0       | 0.0          | false    |
      | 01 February 2024 | Buy Down Fee Amortization | 17.58  | 0.0       | 17.58    | 0.0  | 0.0       | 0.0          | false    |
      | 01 February 2024 | Accrual                   | 0.58   | 0.0       | 0.58     | 0.0  | 0.0       | 0.0          | false    |
      | 01 February 2024 | Charge-off                | 101.17 | 100.0     | 1.17     | 0.0  | 0.0       | 0.0          | true     |
  [32m✔[39m [32m[1mAnd [22mLoan Transactions tab has a [1m"CHARGE_OFF"[22m transaction with date [1m"01 February 2024"[22m which has the following Journal entries:[39m                            [90m# org.apache.fineract.test.stepdef.common.JournalEntriesStepDef.journalEntryDataCheck(java.lang.String,java.lang.String,io.cucumber.datatable.DataTable)[39m
      | Type    | Account code | Account name               | Debit | Credit |
      | ASSET   | 112601       | Loans Receivable           |       | 100.0  |
      | ASSET   | 112603       | Interest/Fee Receivable    |       | 1.17   |
      | EXPENSE | 744007       | Credit Loss/Bad Debt       | 100.0 |        |
      | INCOME  | 404001       | Interest Income Charge Off | 1.17  |        |
      | ASSET   | 112601       | Loans Receivable           | 100.0 |        |
      | ASSET   | 112603       | Interest/Fee Receivable    | 1.17  |        |
      | EXPENSE | 744007       | Credit Loss/Bad Debt       |       | 100.0  |
      | INCOME  | 404001       | Interest Income Charge Off |       | 1.17   |
  [32m✔[39m [32m[1mAnd [22mLoan Transactions tab has [1m1[22m a [1m"BUY_DOWN_FEE_AMORTIZATION"[22m transactions with date [1m"01 February 2024"[22m which has the following Journal entries:[39m          [90m# org.apache.fineract.test.stepdef.common.JournalEntriesStepDef.journalEntryDataCheck(int,java.lang.String,java.lang.String,io.cucumber.datatable.DataTable)[39m
      | Type      | Account code | Account name                | Debit | Credit |
      | INCOME    | 450281       | Income From Buy Down        |       | 17.58  |
      | LIABILITY | 145024       | Deferred Capitalized Income | 17.58 |        |
  [32m✔[39m [32m[1mAnd [22mBuy down fee by external-id contains the following data:[39m                                                                                              [90m# org.apache.fineract.test.stepdef.loan.LoanStepDef.checkBuyDownFeeByExternalIdData(io.cucumber.datatable.DataTable)[39m
      | Date            | Fee Amount | Amortized Amount | Not Yet Amortized Amount | Adjusted Amount | Charged Off Amount |
      | 01 January 2024 | 50.0       | 17.58            | 32.42                    | 0.0             | 0.0                |
  [32m✔[39m [32m[1mWhen [22mLoan Pay-off is made on [1m"1 February 2024"[22m[39m                                                                                                            [90m# org.apache.fineract.test.stepdef.loan.LoanRepaymentStepDef.makeLoanPayOff(java.lang.String)[39m
  [32m✔[39m [32m[1mThen [22mLoan is closed with zero outstanding balance and it's all installments have obligations met[39m                                                          [90m# org.apache.fineract.test.stepdef.loan.LoanStepDef.loanClosedAndInstallmentsObligationsMet()[39m

@BuyDownFeeFeature @TestRailId:C3849
[1mScenario:[22m Verify loan with Buy Down fees and undo the charge-off a fraud loan - amortization in case of loan charge-off event should also be reversed  - UC3.4 [90m# fineract-e2e-tests-runner/src/test/resources/features/LoanBuyDownFees.feature:942[39m
  [32m✔[39m [32m[1mWhen [22mAdmin sets the business date to [1m"01 January 2024"[22m[39m                                                                                                     [90m# org.apache.fineract.test.stepdef.common.BusinessDateStepDef.setBusinessDate(java.lang.String)[39m
  [32m✔[39m [32m[1mAnd [22mAdmin creates a client with random data[39m                                                                                                                [90m# org.apache.fineract.test.stepdef.common.ClientStepDef.createClientRandomFirstNameLastName()[39m
  [32m✔[39m [32m[1mAnd [22mAdmin creates a fully customized loan with the following data:[39m                                                                                         [90m# org.apache.fineract.test.stepdef.loan.LoanStepDef.createFullyCustomizedLoan(io.cucumber.datatable.DataTable)[39m
      | LoanProduct                                              | submitted on date | with Principal | ANNUAL interest rate % | interest type     | interest calculation period | amortization type  | loanTermFrequency | loanTermFrequencyType | repaymentEvery | repaymentFrequencyType | numberOfRepayments | graceOnPrincipalPayment | graceOnInterestPayment | interest free period | Payment strategy            |
      | LP2_PROGRESSIVE_ADVANCED_PAYMENT_ALLOCATION_BUYDOWN_FEES | 01 January 2024   | 100            | 7                      | DECLINING_BALANCE | DAILY                       | EQUAL_INSTALLMENTS | 3                 | MONTHS                | 1              | MONTHS                 | 3                  | 0                       | 0                      | 0                    | ADVANCED_PAYMENT_ALLOCATION |
  [32m✔[39m [32m[1mAnd [22mAdmin successfully approves the loan on [1m"01 January 2024"[22m with [1m"100"[22m amount and expected disbursement date on [1m"01 January 2024"[22m[39m                        [90m# org.apache.fineract.test.stepdef.loan.LoanStepDef.approveLoan(java.lang.String,java.lang.String,java.lang.String)[39m
  [32m✔[39m [32m[1mAnd [22mAdmin successfully disburse the loan on [1m"01 January 2024"[22m with [1m"100"[22m EUR transaction amount[39m                                                            [90m# org.apache.fineract.test.stepdef.loan.LoanStepDef.disburseLoan(java.lang.String,java.lang.String)[39m
  [32m✔[39m [32m[1mThen [22mLoan status will be [1m"ACTIVE"[22m[39m                                                                                                                          [90m# org.apache.fineract.test.stepdef.loan.LoanStepDef.loanStatus(java.lang.String)[39m
  [32m✔[39m [32m[1mWhen [22mAdmin adds buy down fee with [1m"AUTOPAY"[22m payment type to the loan on [1m"01 January 2024"[22m with [1m"50"[22m EUR transaction amount[39m                                 [90m# org.apache.fineract.test.stepdef.loan.LoanStepDef.adminAddsBuyDownFeesToTheLoanOnWithEURTransactionAmount(java.lang.String,java.lang.String,java.lang.String)[39m
  [32m✔[39m [32m[1mThen [22mLoan Repayment schedule has [1m3[22m periods, with the following data for periods:[39m                                                                           [90m# org.apache.fineract.test.stepdef.loan.LoanStepDef.loanRepaymentSchedulePeriodsCheck(int,io.cucumber.datatable.DataTable)[39m
      | Nr | Days | Date             | Paid date | Balance of loan | Principal due | Interest | Fees | Penalties | Due   | Paid | In advance | Late | Outstanding |
      |    |      | 01 January 2024  |           | 100.0           |               |          | 0.0  |           | 0.0   | 0.0  |            |      |             |
      | 1  | 31   | 01 February 2024 |           | 66.86           | 33.14         | 0.58     | 0.0  | 0.0       | 33.72 | 0.0  | 0.0        | 0.0  | 33.72       |
      | 2  | 29   | 01 March 2024    |           | 33.53           | 33.33         | 0.39     | 0.0  | 0.0       | 33.72 | 0.0  | 0.0        | 0.0  | 33.72       |
      | 3  | 31   | 01 April 2024    |           | 0.0             | 33.53         | 0.2      | 0.0  | 0.0       | 33.73 | 0.0  | 0.0        | 0.0  | 33.73       |
  [32m✔[39m [32m[1mAnd [22mLoan Repayment schedule has the following data in Total row:[39m                                                                                           [90m# org.apache.fineract.test.stepdef.loan.LoanStepDef.loanRepaymentScheduleAmountCheck(io.cucumber.datatable.DataTable)[39m
      | Principal due | Interest | Fees | Penalties | Due    | Paid | In advance | Late | Outstanding |
      | 100.0         | 1.17     | 0.0  | 0.0       | 101.17 | 0.0  | 0.0        | 0.0  | 101.17      |
  [32m✔[39m [32m[1mAnd [22mLoan Transactions tab has the following data:[39m                                                                                                          [90m# org.apache.fineract.test.stepdef.loan.LoanStepDef.loanTransactionsTabCheck(io.cucumber.datatable.DataTable)[39m
      | Transaction date | Transaction Type | Amount | Principal | Interest | Fees | Penalties | Loan Balance | Reverted |
      | 01 January 2024  | Disbursement     | 100.0  | 0.0       | 0.0      | 0.0  | 0.0       | 100.0        | false    |
      | 01 January 2024  | Buy Down Fee     | 50.0   | 0.0       | 50.0     | 0.0  | 0.0       | 0.0          | false    |
  [32m✔[39m [32m[1mAnd [22mLoan Transactions tab has a [1m"BUY_DOWN_FEE"[22m transaction with date [1m"01 January 2024"[22m which has the following Journal entries:[39m                            [90m# org.apache.fineract.test.stepdef.common.JournalEntriesStepDef.journalEntryDataCheck(java.lang.String,java.lang.String,io.cucumber.datatable.DataTable)[39m
      | Type      | Account code | Account name                | Debit | Credit |
      | EXPENSE   | 450280       | Buy Down Expense            | 50.0  |        |
      | LIABILITY | 145024       | Deferred Capitalized Income |       | 50.0   |
  [32m✔[39m [32m[1mAnd [22mBuy down fee by external-id contains the following data:[39m                                                                                               [90m# org.apache.fineract.test.stepdef.loan.LoanStepDef.checkBuyDownFeeByExternalIdData(io.cucumber.datatable.DataTable)[39m
      | Date            | Fee Amount | Amortized Amount | Not Yet Amortized Amount | Adjusted Amount | Charged Off Amount |
      | 01 January 2024 | 50.0       | 0.0              | 50.0                     | 0.0             | 0.0                |
  [32m✔[39m [32m[1mAnd [22mLoanBuyDownFeeTransactionCreatedBusinessEvent is created on [1m"01 January 2024"[22m[39m                                                                          [90m# org.apache.fineract.test.stepdef.loan.LoanStepDef.checkLoanBuyDownFeeTransactionCreatedBusinessEvent(java.lang.String)[39m
  [32m✔[39m [32m[1mThen [22mAdmin can successfully set Fraud flag to the loan[39m                                                                                                     [90m# org.apache.fineract.test.stepdef.loan.LoanStepDef.setFraud()[39m
  [32m✔[39m [32m[1mWhen [22mAdmin sets the business date to [1m"1 February 2024"[22m[39m                                                                                                     [90m# org.apache.fineract.test.stepdef.common.BusinessDateStepDef.setBusinessDate(java.lang.String)[39m
  [32m✔[39m [32m[1mAnd [22mAdmin does charge-off the loan on [1m"1 February 2024"[22m[39m                                                                                                    [90m# org.apache.fineract.test.stepdef.loan.LoanStepDef.chargeOffLoan(java.lang.String)[39m
  [32m✔[39m [32m[1mThen [22mLoan status will be [1m"ACTIVE"[22m[39m                                                                                                                          [90m# org.apache.fineract.test.stepdef.loan.LoanStepDef.loanStatus(java.lang.String)[39m
  [32m✔[39m [32m[1mAnd [22mLoan marked as charged-off on [1m"01 February 2024"[22m[39m                                                                                                       [90m# org.apache.fineract.test.stepdef.loan.LoanStepDef.isLoanChargedOff(java.lang.String)[39m
  [32m✔[39m [32m[1mThen [22mLoan Repayment schedule has [1m3[22m periods, with the following data for periods:[39m                                                                           [90m# org.apache.fineract.test.stepdef.loan.LoanStepDef.loanRepaymentSchedulePeriodsCheck(int,io.cucumber.datatable.DataTable)[39m
      | Nr | Days | Date             | Paid date | Balance of loan | Principal due | Interest | Fees | Penalties | Due   | Paid | In advance | Late | Outstanding |
      |    |      | 01 January 2024  |           | 100.0           |               |          | 0.0  |           | 0.0   | 0.0  |            |      |             |
      | 1  | 31   | 01 February 2024 |           | 66.86           | 33.14         | 0.58     | 0.0  | 0.0       | 33.72 | 0.0  | 0.0        | 0.0  | 33.72       |
      | 2  | 29   | 01 March 2024    |           | 33.53           | 33.33         | 0.39     | 0.0  | 0.0       | 33.72 | 0.0  | 0.0        | 0.0  | 33.72       |
      | 3  | 31   | 01 April 2024    |           | 0.0             | 33.53         | 0.2      | 0.0  | 0.0       | 33.73 | 0.0  | 0.0        | 0.0  | 33.73       |
  [32m✔[39m [32m[1mAnd [22mLoan Repayment schedule has the following data in Total row:[39m                                                                                           [90m# org.apache.fineract.test.stepdef.loan.LoanStepDef.loanRepaymentScheduleAmountCheck(io.cucumber.datatable.DataTable)[39m
      | Principal due | Interest | Fees | Penalties | Due    | Paid | In advance | Late | Outstanding |
      | 100.0         | 1.17     | 0.0  | 0.0       | 101.17 | 0.0  | 0.0        | 0.0  | 101.17      |
  [32m✔[39m [32m[1mAnd [22mLoan Transactions tab has a [1m"CHARGE_OFF"[22m transaction with date [1m"01 February 2024"[22m which has the following Journal entries:[39m                             [90m# org.apache.fineract.test.stepdef.common.JournalEntriesStepDef.journalEntryDataCheck(java.lang.String,java.lang.String,io.cucumber.datatable.DataTable)[39m
      | Type    | Account code | Account name               | Debit | Credit |
      | ASSET   | 112601       | Loans Receivable           |       | 100.0  |
      | ASSET   | 112603       | Interest/Fee Receivable    |       | 1.17   |
      | EXPENSE | 744037       | Credit Loss/Bad Debt-Fraud | 100.0 |        |
      | INCOME  | 404001       | Interest Income Charge Off | 1.17  |        |
  [32m✔[39m [32m[1mThen [22mLoan Transactions tab has the following data:[39m                                                                                                         [90m# org.apache.fineract.test.stepdef.loan.LoanStepDef.loanTransactionsTabCheck(io.cucumber.datatable.DataTable)[39m
      | Transaction date | Transaction Type          | Amount | Principal | Interest | Fees | Penalties | Loan Balance | Reverted |
      | 01 January 2024  | Disbursement              | 100.0  | 0.0       | 0.0      | 0.0  | 0.0       | 100.0        | false    |
      | 01 January 2024  | Buy Down Fee              | 50.0   | 0.0       | 50.0     | 0.0  | 0.0       | 0.0          | false    |
      | 01 February 2024 | Buy Down Fee Amortization | 17.58  | 0.0       | 17.58    | 0.0  | 0.0       | 0.0          | false    |
      | 01 February 2024 | Accrual                   | 0.58   | 0.0       | 0.58     | 0.0  | 0.0       | 0.0          | false    |
      | 01 February 2024 | Charge-off                | 101.17 | 100.0     | 1.17     | 0.0  | 0.0       | 0.0          | false    |
      | 01 February 2024 | Buy Down Fee Amortization | 32.42  | 0.0       | 32.42    | 0.0  | 0.0       | 0.0          | false    |
  [32m✔[39m [32m[1mAnd [22mLoan Transactions tab has [1m2[22m a [1m"BUY_DOWN_FEE_AMORTIZATION"[22m transactions with date [1m"01 February 2024"[22m which has the following Journal entries:[39m           [90m# org.apache.fineract.test.stepdef.common.JournalEntriesStepDef.journalEntryDataCheck(int,java.lang.String,java.lang.String,io.cucumber.datatable.DataTable)[39m
      | Type      | Account code | Account name                | Debit | Credit |
      | INCOME    | 450281       | Income From Buy Down        |       | 17.58  |
      | LIABILITY | 145024       | Deferred Capitalized Income | 17.58 |        |
      | EXPENSE   | 744037       | Credit Loss/Bad Debt-Fraud  |       | 32.42  |
      | LIABILITY | 145024       | Deferred Capitalized Income | 32.42 |        |
  [32m✔[39m [32m[1mAnd [22mBuy down fee by external-id contains the following data:[39m                                                                                               [90m# org.apache.fineract.test.stepdef.loan.LoanStepDef.checkBuyDownFeeByExternalIdData(io.cucumber.datatable.DataTable)[39m
      | Date            | Fee Amount | Amortized Amount | Not Yet Amortized Amount | Adjusted Amount | Charged Off Amount |
      | 01 January 2024 | 50.0       | 17.58            | 0.0                      | 0.0             | 32.42              |
  [32m✔[39m [32m[1mAnd [22mLoanBuyDownFeeAmortizationTransactionCreatedBusinessEvent is created on [1m"01 February 2024"[22m[39m                                                             [90m# org.apache.fineract.test.stepdef.loan.LoanStepDef.checkLoanBuyDownFeeAmortizationTransactionCreatedBusinessEvent(java.lang.String)[39m
  [32m✔[39m [32m[1mThen [22mAdmin does a charge-off undo the loan[39m                                                                                                                 [90m# org.apache.fineract.test.stepdef.loan.LoanStepDef.chargeOffUndo()[39m
  [32m✔[39m [32m[1mThen [22mLoan Transactions tab has the following data:[39m                                                                                                         [90m# org.apache.fineract.test.stepdef.loan.LoanStepDef.loanTransactionsTabCheck(io.cucumber.datatable.DataTable)[39m
      | Transaction date | Transaction Type          | Amount | Principal | Interest | Fees | Penalties | Loan Balance | Reverted |
      | 01 January 2024  | Disbursement              | 100.0  | 0.0       | 0.0      | 0.0  | 0.0       | 100.0        | false    |
      | 01 January 2024  | Buy Down Fee              | 50.0   | 0.0       | 50.0     | 0.0  | 0.0       | 0.0          | false    |
      | 01 February 2024 | Buy Down Fee Amortization | 17.58  | 0.0       | 17.58    | 0.0  | 0.0       | 0.0          | false    |
      | 01 February 2024 | Accrual                   | 0.58   | 0.0       | 0.58     | 0.0  | 0.0       | 0.0          | false    |
      | 01 February 2024 | Charge-off                | 101.17 | 100.0     | 1.17     | 0.0  | 0.0       | 0.0          | true     |
  [32m✔[39m [32m[1mAnd [22mLoan Transactions tab has a [1m"CHARGE_OFF"[22m transaction with date [1m"01 February 2024"[22m which has the following Journal entries:[39m                             [90m# org.apache.fineract.test.stepdef.common.JournalEntriesStepDef.journalEntryDataCheck(java.lang.String,java.lang.String,io.cucumber.datatable.DataTable)[39m
      | Type    | Account code | Account name               | Debit | Credit |
      | ASSET   | 112601       | Loans Receivable           |       | 100.0  |
      | ASSET   | 112603       | Interest/Fee Receivable    |       | 1.17   |
      | EXPENSE | 744037       | Credit Loss/Bad Debt-Fraud | 100.0 |        |
      | INCOME  | 404001       | Interest Income Charge Off | 1.17  |        |
      | ASSET   | 112601       | Loans Receivable           | 100.0 |        |
      | ASSET   | 112603       | Interest/Fee Receivable    | 1.17  |        |
      | EXPENSE | 744037       | Credit Loss/Bad Debt-Fraud |       | 100.0  |
      | INCOME  | 404001       | Interest Income Charge Off |       | 1.17   |
  [32m✔[39m [32m[1mAnd [22mLoan Transactions tab has [1m1[22m a [1m"BUY_DOWN_FEE_AMORTIZATION"[22m transactions with date [1m"01 February 2024"[22m which has the following Journal entries:[39m           [90m# org.apache.fineract.test.stepdef.common.JournalEntriesStepDef.journalEntryDataCheck(int,java.lang.String,java.lang.String,io.cucumber.datatable.DataTable)[39m
      | Type      | Account code | Account name                | Debit | Credit |
      | INCOME    | 450281       | Income From Buy Down        |       | 17.58  |
      | LIABILITY | 145024       | Deferred Capitalized Income | 17.58 |        |
  [32m✔[39m [32m[1mAnd [22mBuy down fee by external-id contains the following data:[39m                                                                                               [90m# org.apache.fineract.test.stepdef.loan.LoanStepDef.checkBuyDownFeeByExternalIdData(io.cucumber.datatable.DataTable)[39m
      | Date            | Fee Amount | Amortized Amount | Not Yet Amortized Amount | Adjusted Amount | Charged Off Amount |
      | 01 January 2024 | 50.0       | 17.58            | 32.42                    | 0.0             | 0.0                |
  [32m✔[39m [32m[1mWhen [22mLoan Pay-off is made on [1m"1 February 2024"[22m[39m                                                                                                             [90m# org.apache.fineract.test.stepdef.loan.LoanRepaymentStepDef.makeLoanPayOff(java.lang.String)[39m
  [32m✔[39m [32m[1mThen [22mLoan is closed with zero outstanding balance and it's all installments have obligations met[39m                                                           [90m# org.apache.fineract.test.stepdef.loan.LoanStepDef.loanClosedAndInstallmentsObligationsMet()[39m

@BuyDownFeeFeature @TestRailId:C3850
[1mScenario:[22m Verify loan with Buy Down fees and charge-off with "delinquent" reason - amortization in case of loan charge-off event - UC3.5            [90m# fineract-e2e-tests-runner/src/test/resources/features/LoanBuyDownFees.feature:1043[39m
  [32m✔[39m [32m[1mWhen [22mAdmin sets the business date to [1m"01 January 2024"[22m[39m                                                                                          [90m# org.apache.fineract.test.stepdef.common.BusinessDateStepDef.setBusinessDate(java.lang.String)[39m
  [32m✔[39m [32m[1mAnd [22mAdmin creates a client with random data[39m                                                                                                     [90m# org.apache.fineract.test.stepdef.common.ClientStepDef.createClientRandomFirstNameLastName()[39m
  [32m✔[39m [32m[1mAnd [22mAdmin creates a fully customized loan with the following data:[39m                                                                              [90m# org.apache.fineract.test.stepdef.loan.LoanStepDef.createFullyCustomizedLoan(io.cucumber.datatable.DataTable)[39m
      | LoanProduct                                                                | submitted on date | with Principal | ANNUAL interest rate % | interest type     | interest calculation period | amortization type  | loanTermFrequency | loanTermFrequencyType | repaymentEvery | repaymentFrequencyType | numberOfRepayments | graceOnPrincipalPayment | graceOnInterestPayment | interest free period | Payment strategy            |
      | LP2_PROGRESSIVE_ADVANCED_PAYMENT_ALLOCATION_BUYDOWN_FEES_CHARGE_OFF_REASON | 01 January 2024   | 100            | 7                      | DECLINING_BALANCE | DAILY                       | EQUAL_INSTALLMENTS | 3                 | MONTHS                | 1              | MONTHS                 | 3                  | 0                       | 0                      | 0                    | ADVANCED_PAYMENT_ALLOCATION |
  [32m✔[39m [32m[1mAnd [22mAdmin successfully approves the loan on [1m"01 January 2024"[22m with [1m"100"[22m amount and expected disbursement date on [1m"01 January 2024"[22m[39m             [90m# org.apache.fineract.test.stepdef.loan.LoanStepDef.approveLoan(java.lang.String,java.lang.String,java.lang.String)[39m
  [32m✔[39m [32m[1mAnd [22mAdmin successfully disburse the loan on [1m"01 January 2024"[22m with [1m"100"[22m EUR transaction amount[39m                                                 [90m# org.apache.fineract.test.stepdef.loan.LoanStepDef.disburseLoan(java.lang.String,java.lang.String)[39m
  [32m✔[39m [32m[1mThen [22mLoan status will be [1m"ACTIVE"[22m[39m                                                                                                               [90m# org.apache.fineract.test.stepdef.loan.LoanStepDef.loanStatus(java.lang.String)[39m
  [32m✔[39m [32m[1mWhen [22mAdmin adds buy down fee with [1m"AUTOPAY"[22m payment type to the loan on [1m"01 January 2024"[22m with [1m"50"[22m EUR transaction amount[39m                      [90m# org.apache.fineract.test.stepdef.loan.LoanStepDef.adminAddsBuyDownFeesToTheLoanOnWithEURTransactionAmount(java.lang.String,java.lang.String,java.lang.String)[39m
  [32m✔[39m [32m[1mThen [22mLoan Repayment schedule has [1m3[22m periods, with the following data for periods:[39m                                                                [90m# org.apache.fineract.test.stepdef.loan.LoanStepDef.loanRepaymentSchedulePeriodsCheck(int,io.cucumber.datatable.DataTable)[39m
      | Nr | Days | Date             | Paid date | Balance of loan | Principal due | Interest | Fees | Penalties | Due   | Paid | In advance | Late | Outstanding |
      |    |      | 01 January 2024  |           | 100.0           |               |          | 0.0  |           | 0.0   | 0.0  |            |      |             |
      | 1  | 31   | 01 February 2024 |           | 66.86           | 33.14         | 0.58     | 0.0  | 0.0       | 33.72 | 0.0  | 0.0        | 0.0  | 33.72       |
      | 2  | 29   | 01 March 2024    |           | 33.53           | 33.33         | 0.39     | 0.0  | 0.0       | 33.72 | 0.0  | 0.0        | 0.0  | 33.72       |
      | 3  | 31   | 01 April 2024    |           | 0.0             | 33.53         | 0.2      | 0.0  | 0.0       | 33.73 | 0.0  | 0.0        | 0.0  | 33.73       |
  [32m✔[39m [32m[1mAnd [22mLoan Repayment schedule has the following data in Total row:[39m                                                                                [90m# org.apache.fineract.test.stepdef.loan.LoanStepDef.loanRepaymentScheduleAmountCheck(io.cucumber.datatable.DataTable)[39m
      | Principal due | Interest | Fees | Penalties | Due    | Paid | In advance | Late | Outstanding |
      | 100.0         | 1.17     | 0.0  | 0.0       | 101.17 | 0.0  | 0.0        | 0.0  | 101.17      |
  [32m✔[39m [32m[1mAnd [22mLoan Transactions tab has the following data:[39m                                                                                               [90m# org.apache.fineract.test.stepdef.loan.LoanStepDef.loanTransactionsTabCheck(io.cucumber.datatable.DataTable)[39m
      | Transaction date | Transaction Type | Amount | Principal | Interest | Fees | Penalties | Loan Balance | Reverted |
      | 01 January 2024  | Disbursement     | 100.0  | 0.0       | 0.0      | 0.0  | 0.0       | 100.0        | false    |
      | 01 January 2024  | Buy Down Fee     | 50.0   | 0.0       | 50.0     | 0.0  | 0.0       | 0.0          | false    |
  [32m✔[39m [32m[1mAnd [22mLoan Transactions tab has a [1m"BUY_DOWN_FEE"[22m transaction with date [1m"01 January 2024"[22m which has the following Journal entries:[39m                 [90m# org.apache.fineract.test.stepdef.common.JournalEntriesStepDef.journalEntryDataCheck(java.lang.String,java.lang.String,io.cucumber.datatable.DataTable)[39m
      | Type      | Account code | Account name                | Debit | Credit |
      | EXPENSE   | 450280       | Buy Down Expense            | 50.0  |        |
      | LIABILITY | 145024       | Deferred Capitalized Income |       | 50.0   |
  [32m✔[39m [32m[1mAnd [22mBuy down fee by external-id contains the following data:[39m                                                                                    [90m# org.apache.fineract.test.stepdef.loan.LoanStepDef.checkBuyDownFeeByExternalIdData(io.cucumber.datatable.DataTable)[39m
      | Date            | Fee Amount | Amortized Amount | Not Yet Amortized Amount | Adjusted Amount | Charged Off Amount |
      | 01 January 2024 | 50.0       | 0.0              | 50.0                     | 0.0             | 0.0                |
  [32m✔[39m [32m[1mAnd [22mLoanBuyDownFeeTransactionCreatedBusinessEvent is created on [1m"01 January 2024"[22m[39m                                                               [90m# org.apache.fineract.test.stepdef.loan.LoanStepDef.checkLoanBuyDownFeeTransactionCreatedBusinessEvent(java.lang.String)[39m
  [32m✔[39m [32m[1mThen [22mAdmin can successfully set Fraud flag to the loan[39m                                                                                          [90m# org.apache.fineract.test.stepdef.loan.LoanStepDef.setFraud()[39m
  [32m✔[39m [32m[1mWhen [22mAdmin sets the business date to [1m"25 January 2024"[22m[39m                                                                                          [90m# org.apache.fineract.test.stepdef.common.BusinessDateStepDef.setBusinessDate(java.lang.String)[39m
  [32m✔[39m [32m[1mAnd [22mAdmin does charge-off the loan with reason [1m"DELINQUENT"[22m on [1m"25 January 2024"[22m[39m                                                                [90m# org.apache.fineract.test.stepdef.loan.LoanStepDef.chargeOffLoan(java.lang.String,java.lang.String)[39m
  [32m✔[39m [32m[1mAnd [22mLoan Transactions tab has a [1m"CHARGE_OFF"[22m transaction with date [1m"25 January 2024"[22m which has the following Journal entries:[39m                   [90m# org.apache.fineract.test.stepdef.common.JournalEntriesStepDef.journalEntryDataCheck(java.lang.String,java.lang.String,io.cucumber.datatable.DataTable)[39m
      | Type    | Account code | Account name               | Debit | Credit |
      | ASSET   | 112601       | Loans Receivable           |       | 100.0  |
      | ASSET   | 112603       | Interest/Fee Receivable    |       | 1.17   |
      | EXPENSE | 744007       | Credit Loss/Bad Debt       | 100.0 |        |
      | INCOME  | 404001       | Interest Income Charge Off | 1.17  |        |
  [32m✔[39m [32m[1mThen [22mLoan Transactions tab has the following data:[39m                                                                                              [90m# org.apache.fineract.test.stepdef.loan.LoanStepDef.loanTransactionsTabCheck(io.cucumber.datatable.DataTable)[39m
      | Transaction date | Transaction Type          | Amount | Principal | Interest | Fees | Penalties | Loan Balance | Reverted |
      | 01 January 2024  | Disbursement              | 100.0  | 0.0       | 0.0      | 0.0  | 0.0       | 100.0        | false    |
      | 01 January 2024  | Buy Down Fee              | 50.0   | 0.0       | 50.0     | 0.0  | 0.0       | 0.0          | false    |
      | 25 January 2024  | Buy Down Fee Amortization | 13.74  | 0.0       | 13.74    | 0.0  | 0.0       | 0.0          | false    |
      | 25 January 2024  | Accrual                   | 0.45   | 0.0       | 0.45     | 0.0  | 0.0       | 0.0          | false    |
      | 25 January 2024  | Charge-off                | 101.17 | 100.0     | 1.17     | 0.0  | 0.0       | 0.0          | false    |
      | 25 January 2024  | Buy Down Fee Amortization | 36.26  | 0.0       | 36.26    | 0.0  | 0.0       | 0.0          | false    |
  [32m✔[39m [32m[1mAnd [22mLoan Transactions tab has [1m2[22m a [1m"BUY_DOWN_FEE_AMORTIZATION"[22m transactions with date [1m"25 January 2024"[22m which has the following Journal entries:[39m [90m# org.apache.fineract.test.stepdef.common.JournalEntriesStepDef.journalEntryDataCheck(int,java.lang.String,java.lang.String,io.cucumber.datatable.DataTable)[39m
      | Type      | Account code | Account name                | Debit | Credit |
      | INCOME    | 450281       | Income From Buy Down        |       | 13.74  |
      | LIABILITY | 145024       | Deferred Capitalized Income | 13.74 |        |
      | EXPENSE   | 744007       | Credit Loss/Bad Debt        |       | 36.26  |
      | LIABILITY | 145024       | Deferred Capitalized Income | 36.26 |        |
  [32m✔[39m [32m[1mAnd [22mBuy down fee by external-id contains the following data:[39m                                                                                    [90m# org.apache.fineract.test.stepdef.loan.LoanStepDef.checkBuyDownFeeByExternalIdData(io.cucumber.datatable.DataTable)[39m
      | Date            | Fee Amount | Amortized Amount | Not Yet Amortized Amount | Adjusted Amount | Charged Off Amount |
      | 01 January 2024 | 50.0       | 13.74            | 0.0                      | 0.0             | 36.26              |
  [32m✔[39m [32m[1mAnd [22mLoanBuyDownFeeAmortizationTransactionCreatedBusinessEvent is created on [1m"25 January 2024"[22m[39m                                                   [90m# org.apache.fineract.test.stepdef.loan.LoanStepDef.checkLoanBuyDownFeeAmortizationTransactionCreatedBusinessEvent(java.lang.String)[39m
  [32m✔[39m [32m[1mWhen [22mLoan Pay-off is made on [1m"25 January 2024"[22m[39m                                                                                                  [90m# org.apache.fineract.test.stepdef.loan.LoanRepaymentStepDef.makeLoanPayOff(java.lang.String)[39m
  [32m✔[39m [32m[1mThen [22mLoan is closed with zero outstanding balance and it's all installments have obligations met[39m                                                [90m# org.apache.fineract.test.stepdef.loan.LoanStepDef.loanClosedAndInstallmentsObligationsMet()[39m

@BuyDownFeeFeature @TestRailId:C3851
[1mScenario:[22m Verify loan with Buy Down fees and charge-off a fraud loan - amortization in case of loan charge-off event - UC3.6                        [90m# fineract-e2e-tests-runner/src/test/resources/features/LoanBuyDownFees.feature:1106[39m
  [32m✔[39m [32m[1mWhen [22mAdmin sets the business date to [1m"01 January 2024"[22m[39m                                                                                          [90m# org.apache.fineract.test.stepdef.common.BusinessDateStepDef.setBusinessDate(java.lang.String)[39m
  [32m✔[39m [32m[1mAnd [22mAdmin creates a client with random data[39m                                                                                                     [90m# org.apache.fineract.test.stepdef.common.ClientStepDef.createClientRandomFirstNameLastName()[39m
  [32m✔[39m [32m[1mAnd [22mAdmin creates a fully customized loan with the following data:[39m                                                                              [90m# org.apache.fineract.test.stepdef.loan.LoanStepDef.createFullyCustomizedLoan(io.cucumber.datatable.DataTable)[39m
      | LoanProduct                                                                | submitted on date | with Principal | ANNUAL interest rate % | interest type     | interest calculation period | amortization type  | loanTermFrequency | loanTermFrequencyType | repaymentEvery | repaymentFrequencyType | numberOfRepayments | graceOnPrincipalPayment | graceOnInterestPayment | interest free period | Payment strategy            |
      | LP2_PROGRESSIVE_ADVANCED_PAYMENT_ALLOCATION_BUYDOWN_FEES_CHARGE_OFF_REASON | 01 January 2024   | 100            | 7                      | DECLINING_BALANCE | DAILY                       | EQUAL_INSTALLMENTS | 3                 | MONTHS                | 1              | MONTHS                 | 3                  | 0                       | 0                      | 0                    | ADVANCED_PAYMENT_ALLOCATION |
  [32m✔[39m [32m[1mAnd [22mAdmin successfully approves the loan on [1m"01 January 2024"[22m with [1m"100"[22m amount and expected disbursement date on [1m"01 January 2024"[22m[39m             [90m# org.apache.fineract.test.stepdef.loan.LoanStepDef.approveLoan(java.lang.String,java.lang.String,java.lang.String)[39m
  [32m✔[39m [32m[1mAnd [22mAdmin successfully disburse the loan on [1m"01 January 2024"[22m with [1m"100"[22m EUR transaction amount[39m                                                 [90m# org.apache.fineract.test.stepdef.loan.LoanStepDef.disburseLoan(java.lang.String,java.lang.String)[39m
  [32m✔[39m [32m[1mThen [22mLoan status will be [1m"ACTIVE"[22m[39m                                                                                                               [90m# org.apache.fineract.test.stepdef.loan.LoanStepDef.loanStatus(java.lang.String)[39m
  [32m✔[39m [32m[1mWhen [22mAdmin adds buy down fee with [1m"AUTOPAY"[22m payment type to the loan on [1m"01 January 2024"[22m with [1m"50"[22m EUR transaction amount[39m                      [90m# org.apache.fineract.test.stepdef.loan.LoanStepDef.adminAddsBuyDownFeesToTheLoanOnWithEURTransactionAmount(java.lang.String,java.lang.String,java.lang.String)[39m
  [32m✔[39m [32m[1mThen [22mLoan Repayment schedule has [1m3[22m periods, with the following data for periods:[39m                                                                [90m# org.apache.fineract.test.stepdef.loan.LoanStepDef.loanRepaymentSchedulePeriodsCheck(int,io.cucumber.datatable.DataTable)[39m
      | Nr | Days | Date             | Paid date | Balance of loan | Principal due | Interest | Fees | Penalties | Due   | Paid | In advance | Late | Outstanding |
      |    |      | 01 January 2024  |           | 100.0           |               |          | 0.0  |           | 0.0   | 0.0  |            |      |             |
      | 1  | 31   | 01 February 2024 |           | 66.86           | 33.14         | 0.58     | 0.0  | 0.0       | 33.72 | 0.0  | 0.0        | 0.0  | 33.72       |
      | 2  | 29   | 01 March 2024    |           | 33.53           | 33.33         | 0.39     | 0.0  | 0.0       | 33.72 | 0.0  | 0.0        | 0.0  | 33.72       |
      | 3  | 31   | 01 April 2024    |           | 0.0             | 33.53         | 0.2      | 0.0  | 0.0       | 33.73 | 0.0  | 0.0        | 0.0  | 33.73       |
  [32m✔[39m [32m[1mAnd [22mLoan Repayment schedule has the following data in Total row:[39m                                                                                [90m# org.apache.fineract.test.stepdef.loan.LoanStepDef.loanRepaymentScheduleAmountCheck(io.cucumber.datatable.DataTable)[39m
      | Principal due | Interest | Fees | Penalties | Due    | Paid | In advance | Late | Outstanding |
      | 100.0         | 1.17     | 0.0  | 0.0       | 101.17 | 0.0  | 0.0        | 0.0  | 101.17      |
  [32m✔[39m [32m[1mAnd [22mLoan Transactions tab has the following data:[39m                                                                                               [90m# org.apache.fineract.test.stepdef.loan.LoanStepDef.loanTransactionsTabCheck(io.cucumber.datatable.DataTable)[39m
      | Transaction date | Transaction Type | Amount | Principal | Interest | Fees | Penalties | Loan Balance | Reverted |
      | 01 January 2024  | Disbursement     | 100.0  | 0.0       | 0.0      | 0.0  | 0.0       | 100.0        | false    |
      | 01 January 2024  | Buy Down Fee     | 50.0   | 0.0       | 50.0     | 0.0  | 0.0       | 0.0          | false    |
  [32m✔[39m [32m[1mAnd [22mLoan Transactions tab has a [1m"BUY_DOWN_FEE"[22m transaction with date [1m"01 January 2024"[22m which has the following Journal entries:[39m                 [90m# org.apache.fineract.test.stepdef.common.JournalEntriesStepDef.journalEntryDataCheck(java.lang.String,java.lang.String,io.cucumber.datatable.DataTable)[39m
      | Type      | Account code | Account name                | Debit | Credit |
      | EXPENSE   | 450280       | Buy Down Expense            | 50.0  |        |
      | LIABILITY | 145024       | Deferred Capitalized Income |       | 50.0   |
  [32m✔[39m [32m[1mAnd [22mBuy down fee by external-id contains the following data:[39m                                                                                    [90m# org.apache.fineract.test.stepdef.loan.LoanStepDef.checkBuyDownFeeByExternalIdData(io.cucumber.datatable.DataTable)[39m
      | Date            | Fee Amount | Amortized Amount | Not Yet Amortized Amount | Adjusted Amount | Charged Off Amount |
      | 01 January 2024 | 50.0       | 0.0              | 50.0                     | 0.0             | 0.0                |
  [32m✔[39m [32m[1mAnd [22mLoanBuyDownFeeTransactionCreatedBusinessEvent is created on [1m"01 January 2024"[22m[39m                                                               [90m# org.apache.fineract.test.stepdef.loan.LoanStepDef.checkLoanBuyDownFeeTransactionCreatedBusinessEvent(java.lang.String)[39m
  [32m✔[39m [32m[1mThen [22mAdmin can successfully set Fraud flag to the loan[39m                                                                                          [90m# org.apache.fineract.test.stepdef.loan.LoanStepDef.setFraud()[39m
  [32m✔[39m [32m[1mWhen [22mAdmin sets the business date to [1m"25 January 2024"[22m[39m                                                                                          [90m# org.apache.fineract.test.stepdef.common.BusinessDateStepDef.setBusinessDate(java.lang.String)[39m
  [32m✔[39m [32m[1mAnd [22mAdmin does charge-off the loan on [1m"25 January 2024"[22m[39m                                                                                         [90m# org.apache.fineract.test.stepdef.loan.LoanStepDef.chargeOffLoan(java.lang.String)[39m
  [32m✔[39m [32m[1mAnd [22mLoan Transactions tab has a [1m"CHARGE_OFF"[22m transaction with date [1m"25 January 2024"[22m which has the following Journal entries:[39m                   [90m# org.apache.fineract.test.stepdef.common.JournalEntriesStepDef.journalEntryDataCheck(java.lang.String,java.lang.String,io.cucumber.datatable.DataTable)[39m
      | Type    | Account code | Account name               | Debit | Credit |
      | ASSET   | 112601       | Loans Receivable           |       | 100.0  |
      | ASSET   | 112603       | Interest/Fee Receivable    |       | 1.17   |
      | EXPENSE | 744037       | Credit Loss/Bad Debt-Fraud | 100.0 |        |
      | INCOME  | 404001       | Interest Income Charge Off | 1.17  |        |
  [32m✔[39m [32m[1mThen [22mLoan Transactions tab has the following data:[39m                                                                                              [90m# org.apache.fineract.test.stepdef.loan.LoanStepDef.loanTransactionsTabCheck(io.cucumber.datatable.DataTable)[39m
      | Transaction date | Transaction Type          | Amount | Principal | Interest | Fees | Penalties | Loan Balance | Reverted |
      | 01 January 2024  | Disbursement              | 100.0  | 0.0       | 0.0      | 0.0  | 0.0       | 100.0        | false    |
      | 01 January 2024  | Buy Down Fee              | 50.0   | 0.0       | 50.0     | 0.0  | 0.0       | 0.0          | false    |
      | 25 January 2024  | Buy Down Fee Amortization | 13.74  | 0.0       | 13.74    | 0.0  | 0.0       | 0.0          | false    |
      | 25 January 2024  | Accrual                   | 0.45   | 0.0       | 0.45     | 0.0  | 0.0       | 0.0          | false    |
      | 25 January 2024  | Charge-off                | 101.17 | 100.0     | 1.17     | 0.0  | 0.0       | 0.0          | false    |
      | 25 January 2024  | Buy Down Fee Amortization | 36.26  | 0.0       | 36.26    | 0.0  | 0.0       | 0.0          | false    |
  [32m✔[39m [32m[1mAnd [22mLoan Transactions tab has [1m2[22m a [1m"BUY_DOWN_FEE_AMORTIZATION"[22m transactions with date [1m"25 January 2024"[22m which has the following Journal entries:[39m [90m# org.apache.fineract.test.stepdef.common.JournalEntriesStepDef.journalEntryDataCheck(int,java.lang.String,java.lang.String,io.cucumber.datatable.DataTable)[39m
      | Type      | Account code | Account name                | Debit | Credit |
      | INCOME    | 450281       | Income From Buy Down        |       | 13.74  |
      | LIABILITY | 145024       | Deferred Capitalized Income | 13.74 |        |
      | EXPENSE   | 744037       | Credit Loss/Bad Debt-Fraud  |       | 36.26  |
      | LIABILITY | 145024       | Deferred Capitalized Income | 36.26 |        |
  [32m✔[39m [32m[1mAnd [22mBuy down fee by external-id contains the following data:[39m                                                                                    [90m# org.apache.fineract.test.stepdef.loan.LoanStepDef.checkBuyDownFeeByExternalIdData(io.cucumber.datatable.DataTable)[39m
      | Date            | Fee Amount | Amortized Amount | Not Yet Amortized Amount | Adjusted Amount | Charged Off Amount |
      | 01 January 2024 | 50.0       | 13.74            | 0.0                      | 0.0             | 36.26              |
  [32m✔[39m [32m[1mAnd [22mLoanBuyDownFeeAmortizationTransactionCreatedBusinessEvent is created on [1m"25 January 2024"[22m[39m                                                   [90m# org.apache.fineract.test.stepdef.loan.LoanStepDef.checkLoanBuyDownFeeAmortizationTransactionCreatedBusinessEvent(java.lang.String)[39m
  [32m✔[39m [32m[1mWhen [22mLoan Pay-off is made on [1m"25 January 2024"[22m[39m                                                                                                  [90m# org.apache.fineract.test.stepdef.loan.LoanRepaymentStepDef.makeLoanPayOff(java.lang.String)[39m
  [32m✔[39m [32m[1mThen [22mLoan is closed with zero outstanding balance and it's all installments have obligations met[39m                                                [90m# org.apache.fineract.test.stepdef.loan.LoanStepDef.loanClosedAndInstallmentsObligationsMet()[39m

@BuyDownFeeFeature @TestRailId:C3852
[1mScenario:[22m Verify loan with Buy Down fees and undo the charge-off transaction with "delinquent" reason - amortization in case of loan charge-off event should also be reversed - UC3.7 [90m# fineract-e2e-tests-runner/src/test/resources/features/LoanBuyDownFees.feature:1168[39m
  [32m✔[39m [32m[1mWhen [22mAdmin sets the business date to [1m"01 January 2024"[22m[39m                                                                                                                            [90m# org.apache.fineract.test.stepdef.common.BusinessDateStepDef.setBusinessDate(java.lang.String)[39m
  [32m✔[39m [32m[1mAnd [22mAdmin creates a client with random data[39m                                                                                                                                       [90m# org.apache.fineract.test.stepdef.common.ClientStepDef.createClientRandomFirstNameLastName()[39m
  [32m✔[39m [32m[1mAnd [22mAdmin creates a fully customized loan with the following data:[39m                                                                                                                [90m# org.apache.fineract.test.stepdef.loan.LoanStepDef.createFullyCustomizedLoan(io.cucumber.datatable.DataTable)[39m
      | LoanProduct                                                                | submitted on date | with Principal | ANNUAL interest rate % | interest type     | interest calculation period | amortization type  | loanTermFrequency | loanTermFrequencyType | repaymentEvery | repaymentFrequencyType | numberOfRepayments | graceOnPrincipalPayment | graceOnInterestPayment | interest free period | Payment strategy            |
      | LP2_PROGRESSIVE_ADVANCED_PAYMENT_ALLOCATION_BUYDOWN_FEES_CHARGE_OFF_REASON | 01 January 2024   | 100            | 7                      | DECLINING_BALANCE | DAILY                       | EQUAL_INSTALLMENTS | 3                 | MONTHS                | 1              | MONTHS                 | 3                  | 0                       | 0                      | 0                    | ADVANCED_PAYMENT_ALLOCATION |
  [32m✔[39m [32m[1mAnd [22mAdmin successfully approves the loan on [1m"01 January 2024"[22m with [1m"100"[22m amount and expected disbursement date on [1m"01 January 2024"[22m[39m                                               [90m# org.apache.fineract.test.stepdef.loan.LoanStepDef.approveLoan(java.lang.String,java.lang.String,java.lang.String)[39m
  [32m✔[39m [32m[1mAnd [22mAdmin successfully disburse the loan on [1m"01 January 2024"[22m with [1m"100"[22m EUR transaction amount[39m                                                                                   [90m# org.apache.fineract.test.stepdef.loan.LoanStepDef.disburseLoan(java.lang.String,java.lang.String)[39m
  [32m✔[39m [32m[1mThen [22mLoan status will be [1m"ACTIVE"[22m[39m                                                                                                                                                 [90m# org.apache.fineract.test.stepdef.loan.LoanStepDef.loanStatus(java.lang.String)[39m
  [32m✔[39m [32m[1mWhen [22mAdmin adds buy down fee with [1m"AUTOPAY"[22m payment type to the loan on [1m"01 January 2024"[22m with [1m"50"[22m EUR transaction amount[39m                                                        [90m# org.apache.fineract.test.stepdef.loan.LoanStepDef.adminAddsBuyDownFeesToTheLoanOnWithEURTransactionAmount(java.lang.String,java.lang.String,java.lang.String)[39m
  [32m✔[39m [32m[1mThen [22mLoan Repayment schedule has [1m3[22m periods, with the following data for periods:[39m                                                                                                  [90m# org.apache.fineract.test.stepdef.loan.LoanStepDef.loanRepaymentSchedulePeriodsCheck(int,io.cucumber.datatable.DataTable)[39m
      | Nr | Days | Date             | Paid date | Balance of loan | Principal due | Interest | Fees | Penalties | Due   | Paid | In advance | Late | Outstanding |
      |    |      | 01 January 2024  |           | 100.0           |               |          | 0.0  |           | 0.0   | 0.0  |            |      |             |
      | 1  | 31   | 01 February 2024 |           | 66.86           | 33.14         | 0.58     | 0.0  | 0.0       | 33.72 | 0.0  | 0.0        | 0.0  | 33.72       |
      | 2  | 29   | 01 March 2024    |           | 33.53           | 33.33         | 0.39     | 0.0  | 0.0       | 33.72 | 0.0  | 0.0        | 0.0  | 33.72       |
      | 3  | 31   | 01 April 2024    |           | 0.0             | 33.53         | 0.2      | 0.0  | 0.0       | 33.73 | 0.0  | 0.0        | 0.0  | 33.73       |
  [32m✔[39m [32m[1mAnd [22mLoan Repayment schedule has the following data in Total row:[39m                                                                                                                  [90m# org.apache.fineract.test.stepdef.loan.LoanStepDef.loanRepaymentScheduleAmountCheck(io.cucumber.datatable.DataTable)[39m
      | Principal due | Interest | Fees | Penalties | Due    | Paid | In advance | Late | Outstanding |
      | 100.0         | 1.17     | 0.0  | 0.0       | 101.17 | 0.0  | 0.0        | 0.0  | 101.17      |
  [32m✔[39m [32m[1mAnd [22mLoan Transactions tab has the following data:[39m                                                                                                                                 [90m# org.apache.fineract.test.stepdef.loan.LoanStepDef.loanTransactionsTabCheck(io.cucumber.datatable.DataTable)[39m
      | Transaction date | Transaction Type | Amount | Principal | Interest | Fees | Penalties | Loan Balance | Reverted |
      | 01 January 2024  | Disbursement     | 100.0  | 0.0       | 0.0      | 0.0  | 0.0       | 100.0        | false    |
      | 01 January 2024  | Buy Down Fee     | 50.0   | 0.0       | 50.0     | 0.0  | 0.0       | 0.0          | false    |
  [32m✔[39m [32m[1mAnd [22mLoan Transactions tab has a [1m"BUY_DOWN_FEE"[22m transaction with date [1m"01 January 2024"[22m which has the following Journal entries:[39m                                                   [90m# org.apache.fineract.test.stepdef.common.JournalEntriesStepDef.journalEntryDataCheck(java.lang.String,java.lang.String,io.cucumber.datatable.DataTable)[39m
      | Type      | Account code | Account name                | Debit | Credit |
      | EXPENSE   | 450280       | Buy Down Expense            | 50.0  |        |
      | LIABILITY | 145024       | Deferred Capitalized Income |       | 50.0   |
  [32m✔[39m [32m[1mAnd [22mBuy down fee by external-id contains the following data:[39m                                                                                                                      [90m# org.apache.fineract.test.stepdef.loan.LoanStepDef.checkBuyDownFeeByExternalIdData(io.cucumber.datatable.DataTable)[39m
      | Date            | Fee Amount | Amortized Amount | Not Yet Amortized Amount | Adjusted Amount | Charged Off Amount |
      | 01 January 2024 | 50.0       | 0.0              | 50.0                     | 0.0             | 0.0                |
  [32m✔[39m [32m[1mAnd [22mLoanBuyDownFeeTransactionCreatedBusinessEvent is created on [1m"01 January 2024"[22m[39m                                                                                                 [90m# org.apache.fineract.test.stepdef.loan.LoanStepDef.checkLoanBuyDownFeeTransactionCreatedBusinessEvent(java.lang.String)[39m
  [32m✔[39m [32m[1mThen [22mAdmin can successfully set Fraud flag to the loan[39m                                                                                                                            [90m# org.apache.fineract.test.stepdef.loan.LoanStepDef.setFraud()[39m
  [32m✔[39m [32m[1mWhen [22mAdmin sets the business date to [1m"25 January 2024"[22m[39m                                                                                                                            [90m# org.apache.fineract.test.stepdef.common.BusinessDateStepDef.setBusinessDate(java.lang.String)[39m
  [32m✔[39m [32m[1mAnd [22mAdmin does charge-off the loan with reason [1m"DELINQUENT"[22m on [1m"25 January 2024"[22m[39m                                                                                                  [90m# org.apache.fineract.test.stepdef.loan.LoanStepDef.chargeOffLoan(java.lang.String,java.lang.String)[39m
  [32m✔[39m [32m[1mAnd [22mLoan Transactions tab has a [1m"CHARGE_OFF"[22m transaction with date [1m"25 January 2024"[22m which has the following Journal entries:[39m                                                     [90m# org.apache.fineract.test.stepdef.common.JournalEntriesStepDef.journalEntryDataCheck(java.lang.String,java.lang.String,io.cucumber.datatable.DataTable)[39m
      | Type    | Account code | Account name               | Debit | Credit |
      | ASSET   | 112601       | Loans Receivable           |       | 100.0  |
      | ASSET   | 112603       | Interest/Fee Receivable    |       | 1.17   |
      | EXPENSE | 744007       | Credit Loss/Bad Debt       | 100.0 |        |
      | INCOME  | 404001       | Interest Income Charge Off | 1.17  |        |
  [32m✔[39m [32m[1mThen [22mLoan Transactions tab has the following data:[39m                                                                                                                                [90m# org.apache.fineract.test.stepdef.loan.LoanStepDef.loanTransactionsTabCheck(io.cucumber.datatable.DataTable)[39m
      | Transaction date | Transaction Type          | Amount | Principal | Interest | Fees | Penalties | Loan Balance | Reverted |
      | 01 January 2024  | Disbursement              | 100.0  | 0.0       | 0.0      | 0.0  | 0.0       | 100.0        | false    |
      | 01 January 2024  | Buy Down Fee              | 50.0   | 0.0       | 50.0     | 0.0  | 0.0       | 0.0          | false    |
      | 25 January 2024  | Buy Down Fee Amortization | 13.74  | 0.0       | 13.74    | 0.0  | 0.0       | 0.0          | false    |
      | 25 January 2024  | Accrual                   | 0.45   | 0.0       | 0.45     | 0.0  | 0.0       | 0.0          | false    |
      | 25 January 2024  | Charge-off                | 101.17 | 100.0     | 1.17     | 0.0  | 0.0       | 0.0          | false    |
      | 25 January 2024  | Buy Down Fee Amortization | 36.26  | 0.0       | 36.26    | 0.0  | 0.0       | 0.0          | false    |
  [32m✔[39m [32m[1mAnd [22mLoan Transactions tab has [1m2[22m a [1m"BUY_DOWN_FEE_AMORTIZATION"[22m transactions with date [1m"25 January 2024"[22m which has the following Journal entries:[39m                                   [90m# org.apache.fineract.test.stepdef.common.JournalEntriesStepDef.journalEntryDataCheck(int,java.lang.String,java.lang.String,io.cucumber.datatable.DataTable)[39m
      | Type      | Account code | Account name                | Debit | Credit |
      | INCOME    | 450281       | Income From Buy Down        |       | 13.74  |
      | LIABILITY | 145024       | Deferred Capitalized Income | 13.74 |        |
      | EXPENSE   | 744007       | Credit Loss/Bad Debt        |       | 36.26  |
      | LIABILITY | 145024       | Deferred Capitalized Income | 36.26 |        |
  [32m✔[39m [32m[1mAnd [22mBuy down fee by external-id contains the following data:[39m                                                                                                                      [90m# org.apache.fineract.test.stepdef.loan.LoanStepDef.checkBuyDownFeeByExternalIdData(io.cucumber.datatable.DataTable)[39m
      | Date            | Fee Amount | Amortized Amount | Not Yet Amortized Amount | Adjusted Amount | Charged Off Amount |
      | 01 January 2024 | 50.0       | 13.74            | 0.0                      | 0.0             | 36.26              |
  [32m✔[39m [32m[1mAnd [22mLoanBuyDownFeeAmortizationTransactionCreatedBusinessEvent is created on [1m"25 January 2024"[22m[39m                                                                                     [90m# org.apache.fineract.test.stepdef.loan.LoanStepDef.checkLoanBuyDownFeeAmortizationTransactionCreatedBusinessEvent(java.lang.String)[39m
  [32m✔[39m [32m[1mThen [22mAdmin does a charge-off undo the loan[39m                                                                                                                                        [90m# org.apache.fineract.test.stepdef.loan.LoanStepDef.chargeOffUndo()[39m
  [32m✔[39m [32m[1mThen [22mLoan Transactions tab has the following data:[39m                                                                                                                                [90m# org.apache.fineract.test.stepdef.loan.LoanStepDef.loanTransactionsTabCheck(io.cucumber.datatable.DataTable)[39m
      | Transaction date | Transaction Type          | Amount | Principal | Interest | Fees | Penalties | Loan Balance | Reverted |
      | 01 January 2024  | Disbursement              | 100.0  | 0.0       | 0.0      | 0.0  | 0.0       | 100.0        | false    |
      | 01 January 2024  | Buy Down Fee              | 50.0   | 0.0       | 50.0     | 0.0  | 0.0       | 0.0          | false    |
      | 25 January 2024  | Buy Down Fee Amortization | 13.74  | 0.0       | 13.74    | 0.0  | 0.0       | 0.0          | false    |
      | 25 January 2024  | Accrual                   | 0.45   | 0.0       | 0.45     | 0.0  | 0.0       | 0.0          | false    |
      | 25 January 2024  | Charge-off                | 101.17 | 100.0     | 1.17     | 0.0  | 0.0       | 0.0          | true     |
  [32m✔[39m [32m[1mAnd [22mLoan Transactions tab has a [1m"CHARGE_OFF"[22m transaction with date [1m"25 January 2024"[22m which has the following Journal entries:[39m                                                     [90m# org.apache.fineract.test.stepdef.common.JournalEntriesStepDef.journalEntryDataCheck(java.lang.String,java.lang.String,io.cucumber.datatable.DataTable)[39m
      | Type    | Account code | Account name               | Debit | Credit |
      | ASSET   | 112601       | Loans Receivable           |       | 100.0  |
      | ASSET   | 112603       | Interest/Fee Receivable    |       | 1.17   |
      | EXPENSE | 744007       | Credit Loss/Bad Debt       | 100.0 |        |
      | INCOME  | 404001       | Interest Income Charge Off | 1.17  |        |
      | ASSET   | 112601       | Loans Receivable           | 100.0 |        |
      | ASSET   | 112603       | Interest/Fee Receivable    | 1.17  |        |
      | EXPENSE | 744007       | Credit Loss/Bad Debt       |       | 100.0  |
      | INCOME  | 404001       | Interest Income Charge Off |       | 1.17   |
  [32m✔[39m [32m[1mAnd [22mLoan Transactions tab has [1m1[22m a [1m"BUY_DOWN_FEE_AMORTIZATION"[22m transactions with date [1m"25 January 2024"[22m which has the following Journal entries:[39m                                   [90m# org.apache.fineract.test.stepdef.common.JournalEntriesStepDef.journalEntryDataCheck(int,java.lang.String,java.lang.String,io.cucumber.datatable.DataTable)[39m
      | Type      | Account code | Account name                | Debit | Credit |
      | INCOME    | 450281       | Income From Buy Down        |       | 13.74  |
      | LIABILITY | 145024       | Deferred Capitalized Income | 13.74 |        |
  [32m✔[39m [32m[1mAnd [22mBuy down fee by external-id contains the following data:[39m                                                                                                                      [90m# org.apache.fineract.test.stepdef.loan.LoanStepDef.checkBuyDownFeeByExternalIdData(io.cucumber.datatable.DataTable)[39m
      | Date            | Fee Amount | Amortized Amount | Not Yet Amortized Amount | Adjusted Amount | Charged Off Amount |
      | 01 January 2024 | 50.0       | 13.74            | 36.26                    | 0.0             | 0.0                |
  [32m✔[39m [32m[1mWhen [22mLoan Pay-off is made on [1m"25 January 2024"[22m[39m                                                                                                                                    [90m# org.apache.fineract.test.stepdef.loan.LoanRepaymentStepDef.makeLoanPayOff(java.lang.String)[39m
  [32m✔[39m [32m[1mThen [22mLoan is closed with zero outstanding balance and it's all installments have obligations met[39m                                                                                  [90m# org.apache.fineract.test.stepdef.loan.LoanStepDef.loanClosedAndInstallmentsObligationsMet()[39m

@BuyDownFeeFeature @TestRailId:C3886
[1mScenario:[22m Verify loan with with a few Buy Down fees with adjustment and charge-off transaction - amortization in case of loan charge-off event - UC3.8 [90m# fineract-e2e-tests-runner/src/test/resources/features/LoanBuyDownFees.feature:1255[39m
  [32m✔[39m [32m[1mWhen [22mAdmin sets the business date to [1m"01 January 2024"[22m[39m                                                                                             [90m# org.apache.fineract.test.stepdef.common.BusinessDateStepDef.setBusinessDate(java.lang.String)[39m
  [32m✔[39m [32m[1mAnd [22mAdmin creates a client with random data[39m                                                                                                        [90m# org.apache.fineract.test.stepdef.common.ClientStepDef.createClientRandomFirstNameLastName()[39m
  [32m✔[39m [32m[1mAnd [22mAdmin creates a fully customized loan with the following data:[39m                                                                                 [90m# org.apache.fineract.test.stepdef.loan.LoanStepDef.createFullyCustomizedLoan(io.cucumber.datatable.DataTable)[39m
      | LoanProduct                                              | submitted on date | with Principal | ANNUAL interest rate % | interest type     | interest calculation period | amortization type  | loanTermFrequency | loanTermFrequencyType | repaymentEvery | repaymentFrequencyType | numberOfRepayments | graceOnPrincipalPayment | graceOnInterestPayment | interest free period | Payment strategy            |
      | LP2_PROGRESSIVE_ADVANCED_PAYMENT_ALLOCATION_BUYDOWN_FEES | 01 January 2024   | 100            | 7                      | DECLINING_BALANCE | DAILY                       | EQUAL_INSTALLMENTS | 3                 | MONTHS                | 1              | MONTHS                 | 3                  | 0                       | 0                      | 0                    | ADVANCED_PAYMENT_ALLOCATION |
  [32m✔[39m [32m[1mAnd [22mAdmin successfully approves the loan on [1m"01 January 2024"[22m with [1m"100"[22m amount and expected disbursement date on [1m"01 January 2024"[22m[39m                [90m# org.apache.fineract.test.stepdef.loan.LoanStepDef.approveLoan(java.lang.String,java.lang.String,java.lang.String)[39m
  [32m✔[39m [32m[1mAnd [22mAdmin successfully disburse the loan on [1m"01 January 2024"[22m with [1m"100"[22m EUR transaction amount[39m                                                    [90m# org.apache.fineract.test.stepdef.loan.LoanStepDef.disburseLoan(java.lang.String,java.lang.String)[39m
  [32m✔[39m [32m[1mThen [22mLoan status will be [1m"ACTIVE"[22m[39m                                                                                                                  [90m# org.apache.fineract.test.stepdef.loan.LoanStepDef.loanStatus(java.lang.String)[39m
  [32m✔[39m [32m[1mWhen [22mAdmin adds buy down fee with [1m"AUTOPAY"[22m payment type to the loan on [1m"01 January 2024"[22m with [1m"50"[22m EUR transaction amount[39m                         [90m# org.apache.fineract.test.stepdef.loan.LoanStepDef.adminAddsBuyDownFeesToTheLoanOnWithEURTransactionAmount(java.lang.String,java.lang.String,java.lang.String)[39m
  [32m✔[39m [32m[1mThen [22mLoan Repayment schedule has [1m3[22m periods, with the following data for periods:[39m                                                                   [90m# org.apache.fineract.test.stepdef.loan.LoanStepDef.loanRepaymentSchedulePeriodsCheck(int,io.cucumber.datatable.DataTable)[39m
      | Nr | Days | Date             | Paid date | Balance of loan | Principal due | Interest | Fees | Penalties | Due   | Paid | In advance | Late | Outstanding |
      |    |      | 01 January 2024  |           | 100.0           |               |          | 0.0  |           | 0.0   | 0.0  |            |      |             |
      | 1  | 31   | 01 February 2024 |           | 66.86           | 33.14         | 0.58     | 0.0  | 0.0       | 33.72 | 0.0  | 0.0        | 0.0  | 33.72       |
      | 2  | 29   | 01 March 2024    |           | 33.53           | 33.33         | 0.39     | 0.0  | 0.0       | 33.72 | 0.0  | 0.0        | 0.0  | 33.72       |
      | 3  | 31   | 01 April 2024    |           | 0.0             | 33.53         | 0.2      | 0.0  | 0.0       | 33.73 | 0.0  | 0.0        | 0.0  | 33.73       |
  [32m✔[39m [32m[1mAnd [22mLoan Repayment schedule has the following data in Total row:[39m                                                                                   [90m# org.apache.fineract.test.stepdef.loan.LoanStepDef.loanRepaymentScheduleAmountCheck(io.cucumber.datatable.DataTable)[39m
      | Principal due | Interest | Fees | Penalties | Due    | Paid | In advance | Late | Outstanding |
      | 100.0         | 1.17     | 0.0  | 0.0       | 101.17 | 0.0  | 0.0        | 0.0  | 101.17      |
  [32m✔[39m [32m[1mAnd [22mLoan Transactions tab has the following data:[39m                                                                                                  [90m# org.apache.fineract.test.stepdef.loan.LoanStepDef.loanTransactionsTabCheck(io.cucumber.datatable.DataTable)[39m
      | Transaction date | Transaction Type | Amount | Principal | Interest | Fees | Penalties | Loan Balance | Reverted |
      | 01 January 2024  | Disbursement     | 100.0  | 0.0       | 0.0      | 0.0  | 0.0       | 100.0        | false    |
      | 01 January 2024  | Buy Down Fee     | 50.0   | 0.0       | 50.0     | 0.0  | 0.0       | 0.0          | false    |
  [32m✔[39m [32m[1mAnd [22mLoan Transactions tab has a [1m"BUY_DOWN_FEE"[22m transaction with date [1m"01 January 2024"[22m which has the following Journal entries:[39m                    [90m# org.apache.fineract.test.stepdef.common.JournalEntriesStepDef.journalEntryDataCheck(java.lang.String,java.lang.String,io.cucumber.datatable.DataTable)[39m
      | Type      | Account code | Account name                | Debit | Credit |
      | EXPENSE   | 450280       | Buy Down Expense            | 50.0  |        |
      | LIABILITY | 145024       | Deferred Capitalized Income |       | 50.0   |
  [32m✔[39m [32m[1mAnd [22mBuy down fee by external-id contains the following data:[39m                                                                                       [90m# org.apache.fineract.test.stepdef.loan.LoanStepDef.checkBuyDownFeeByExternalIdData(io.cucumber.datatable.DataTable)[39m
      | Date            | Fee Amount | Amortized Amount | Not Yet Amortized Amount | Adjusted Amount | Charged Off Amount |
      | 01 January 2024 | 50.0       | 0.0              | 50.0                     | 0.0             | 0.0                |
  [32m✔[39m [32m[1mAnd [22mLoanBuyDownFeeTransactionCreatedBusinessEvent is created on [1m"01 January 2024"[22m[39m                                                                  [90m# org.apache.fineract.test.stepdef.loan.LoanStepDef.checkLoanBuyDownFeeTransactionCreatedBusinessEvent(java.lang.String)[39m
  [32m✔[39m [32m[1mWhen [22mAdmin sets the business date to [1m"1 February 2024"[22m[39m                                                                                             [90m# org.apache.fineract.test.stepdef.common.BusinessDateStepDef.setBusinessDate(java.lang.String)[39m
  [32m✔[39m [32m[1mWhen [22mAdmin runs inline COB job for Loan[39m                                                                                                            [90m# org.apache.fineract.test.stepdef.loan.InlineCOBStepDef.runInlineCOB()[39m
  [32m✔[39m [32m[1mThen [22mLoan status will be [1m"ACTIVE"[22m[39m                                                                                                                  [90m# org.apache.fineract.test.stepdef.loan.LoanStepDef.loanStatus(java.lang.String)[39m
  [32m✔[39m [32m[1mWhen [22mAdmin adds buy down fee with [1m"AUTOPAY"[22m payment type to the loan on [1m"1 February 2024"[22m with [1m"50"[22m EUR transaction amount[39m                         [90m# org.apache.fineract.test.stepdef.loan.LoanStepDef.adminAddsBuyDownFeesToTheLoanOnWithEURTransactionAmount(java.lang.String,java.lang.String,java.lang.String)[39m
  [32m✔[39m [32m[1mThen [22mLoan Transactions tab has the following data:[39m                                                                                                 [90m# org.apache.fineract.test.stepdef.loan.LoanStepDef.loanTransactionsTabCheck(io.cucumber.datatable.DataTable)[39m
      | Transaction date | Transaction Type          | Amount | Principal | Interest | Fees | Penalties | Loan Balance | Reverted |
      | 01 January 2024  | Disbursement              | 100.0  | 0.0       | 0.0      | 0.0  | 0.0       | 100.0        | false    |
      | 01 January 2024  | Buy Down Fee              | 50.0   | 0.0       | 50.0     | 0.0  | 0.0       | 0.0          | false    |
      | 31 January 2024  | Accrual                   | 0.56   | 0.0       | 0.56     | 0.0  | 0.0       | 0.0          | false    |
      | 31 January 2024  | Buy Down Fee Amortization | 17.03  | 0.0       | 17.03    | 0.0  | 0.0       | 0.0          | false    |
      | 01 February 2024 | Buy Down Fee              | 50.0   | 0.0       | 50.0     | 0.0  | 0.0       | 0.0          | false    |
  [32m✔[39m [32m[1mAnd [22mBuy down fee by external-id contains the following data:[39m                                                                                       [90m# org.apache.fineract.test.stepdef.loan.LoanStepDef.checkBuyDownFeeByExternalIdData(io.cucumber.datatable.DataTable)[39m
      | Date             | Fee Amount | Amortized Amount | Not Yet Amortized Amount | Adjusted Amount | Charged Off Amount |
      | 01 January 2024  | 50.0       | 17.03            | 32.97                    | 0.0             | 0.0                |
      | 01 February 2024 | 50.0       | 0.0              | 50.0                     | 0.0             | 0.0                |
  [32m✔[39m [32m[1mAnd [22mLoanBuyDownFeeAmortizationTransactionCreatedBusinessEvent is created on [1m"31 January 2024"[22m[39m                                                      [90m# org.apache.fineract.test.stepdef.loan.LoanStepDef.checkLoanBuyDownFeeAmortizationTransactionCreatedBusinessEvent(java.lang.String)[39m
  [32m✔[39m [32m[1mAnd [22mLoanBuyDownFeeTransactionCreatedBusinessEvent is created on [1m"01 February 2024"[22m[39m                                                                 [90m# org.apache.fineract.test.stepdef.loan.LoanStepDef.checkLoanBuyDownFeeTransactionCreatedBusinessEvent(java.lang.String)[39m
  [32m✔[39m [32m[1mWhen [22mAdmin sets the business date to [1m"1 March 2024"[22m[39m                                                                                                [90m# org.apache.fineract.test.stepdef.common.BusinessDateStepDef.setBusinessDate(java.lang.String)[39m
  [32m✔[39m [32m[1mAnd [22mAdmin does charge-off the loan on [1m"1 March 2024"[22m[39m                                                                                               [90m# org.apache.fineract.test.stepdef.loan.LoanStepDef.chargeOffLoan(java.lang.String)[39m
  [32m✔[39m [32m[1mThen [22mLoan status will be [1m"ACTIVE"[22m[39m                                                                                                                  [90m# org.apache.fineract.test.stepdef.loan.LoanStepDef.loanStatus(java.lang.String)[39m
  [32m✔[39m [32m[1mAnd [22mLoan marked as charged-off on [1m"01 March 2024"[22m[39m                                                                                                  [90m# org.apache.fineract.test.stepdef.loan.LoanStepDef.isLoanChargedOff(java.lang.String)[39m
  [32m✔[39m [32m[1mAnd [22mLoan Transactions tab has a [1m"CHARGE_OFF"[22m transaction with date [1m"01 March 2024"[22m which has the following Journal entries:[39m                        [90m# org.apache.fineract.test.stepdef.common.JournalEntriesStepDef.journalEntryDataCheck(java.lang.String,java.lang.String,io.cucumber.datatable.DataTable)[39m
      | Type    | Account code | Account name               | Debit | Credit |
      | ASSET   | 112601       | Loans Receivable           |       | 100.0  |
      | ASSET   | 112603       | Interest/Fee Receivable    |       | 1.36   |
      | EXPENSE | 744007       | Credit Loss/Bad Debt       | 100.0 |        |
      | INCOME  | 404001       | Interest Income Charge Off | 1.36  |        |
  [32m✔[39m [32m[1mThen [22mLoan Transactions tab has the following data:[39m                                                                                                 [90m# org.apache.fineract.test.stepdef.loan.LoanStepDef.loanTransactionsTabCheck(io.cucumber.datatable.DataTable)[39m
      | Transaction date | Transaction Type          | Amount | Principal | Interest | Fees | Penalties | Loan Balance | Reverted |
      | 01 January 2024  | Disbursement              | 100.0  | 0.0       | 0.0      | 0.0  | 0.0       | 100.0        | false    |
      | 01 January 2024  | Buy Down Fee              | 50.0   | 0.0       | 50.0     | 0.0  | 0.0       | 0.0          | false    |
      | 31 January 2024  | Accrual                   | 0.56   | 0.0       | 0.56     | 0.0  | 0.0       | 0.0          | false    |
      | 31 January 2024  | Buy Down Fee Amortization | 17.03  | 0.0       | 17.03    | 0.0  | 0.0       | 0.0          | false    |
      | 01 February 2024 | Buy Down Fee              | 50.0   | 0.0       | 50.0     | 0.0  | 0.0       | 0.0          | false    |
      | 01 March 2024    | Buy Down Fee Amortization | 41.49  | 0.0       | 41.49    | 0.0  | 0.0       | 0.0          | false    |
      | 01 March 2024    | Accrual                   | 0.6    | 0.0       | 0.6      | 0.0  | 0.0       | 0.0          | false    |
      | 01 March 2024    | Charge-off                | 101.36 | 100.0     | 1.36     | 0.0  | 0.0       | 0.0          | false    |
      | 01 March 2024    | Buy Down Fee Amortization | 41.48  | 0.0       | 41.48    | 0.0  | 0.0       | 0.0          | false    |
  [32m✔[39m [32m[1mAnd [22mLoan Transactions tab has [1m2[22m a [1m"BUY_DOWN_FEE_AMORTIZATION"[22m transactions with date [1m"01 March 2024"[22m which has the following Journal entries:[39m      [90m# org.apache.fineract.test.stepdef.common.JournalEntriesStepDef.journalEntryDataCheck(int,java.lang.String,java.lang.String,io.cucumber.datatable.DataTable)[39m
      | Type      | Account code | Account name                | Debit | Credit |
      | INCOME    | 450281       | Income From Buy Down        |       | 41.49  |
      | LIABILITY | 145024       | Deferred Capitalized Income | 41.49 |        |
      | EXPENSE   | 744007       | Credit Loss/Bad Debt        |       | 41.48  |
      | LIABILITY | 145024       | Deferred Capitalized Income | 41.48 |        |
  [32m✔[39m [32m[1mAnd [22mBuy down fee by external-id contains the following data:[39m                                                                                       [90m# org.apache.fineract.test.stepdef.loan.LoanStepDef.checkBuyDownFeeByExternalIdData(io.cucumber.datatable.DataTable)[39m
      | Date             | Fee Amount | Amortized Amount | Not Yet Amortized Amount | Adjusted Amount | Charged Off Amount |
      | 01 January 2024  | 50.0       | 33.52            | 0.0                      | 0.0             | 16.48              |
      | 01 February 2024 | 50.0       | 25.0             | 0.0                      | 0.0             | 25.0               |
  [32m✔[39m [32m[1mAnd [22mLoanBuyDownFeeAmortizationTransactionCreatedBusinessEvent is created on [1m"01 March 2024"[22m[39m                                                        [90m# org.apache.fineract.test.stepdef.loan.LoanStepDef.checkLoanBuyDownFeeAmortizationTransactionCreatedBusinessEvent(java.lang.String)[39m
  [32m✔[39m [32m[1mWhen [22mLoan Pay-off is made on [1m"1 March 2024"[22m[39m                                                                                                        [90m# org.apache.fineract.test.stepdef.loan.LoanRepaymentStepDef.makeLoanPayOff(java.lang.String)[39m
  [32m✔[39m [32m[1mThen [22mLoan is closed with zero outstanding balance and it's all installments have obligations met[39m                                                   [90m# org.apache.fineract.test.stepdef.loan.LoanStepDef.loanClosedAndInstallmentsObligationsMet()[39m

@BuyDownFeeFeature @TestRailId:С3825
[1mScenario:[22m Verify loan with Buy Down Fee adjustment trn and repayment trns - UC4                                                              [90m# fineract-e2e-tests-runner/src/test/resources/features/LoanBuyDownFees.feature:1342[39m
  [32m✔[39m [32m[1mWhen [22mAdmin sets the business date to [1m"01 January 2024"[22m[39m                                                                                   [90m# org.apache.fineract.test.stepdef.common.BusinessDateStepDef.setBusinessDate(java.lang.String)[39m
  [32m✔[39m [32m[1mAnd [22mAdmin creates a client with random data[39m                                                                                              [90m# org.apache.fineract.test.stepdef.common.ClientStepDef.createClientRandomFirstNameLastName()[39m
  [32m✔[39m [32m[1mAnd [22mAdmin creates a fully customized loan with the following data:[39m                                                                       [90m# org.apache.fineract.test.stepdef.loan.LoanStepDef.createFullyCustomizedLoan(io.cucumber.datatable.DataTable)[39m
      | LoanProduct                                              | submitted on date | with Principal | ANNUAL interest rate % | interest type     | interest calculation period | amortization type  | loanTermFrequency | loanTermFrequencyType | repaymentEvery | repaymentFrequencyType | numberOfRepayments | graceOnPrincipalPayment | graceOnInterestPayment | interest free period | Payment strategy            |
      | LP2_PROGRESSIVE_ADVANCED_PAYMENT_ALLOCATION_BUYDOWN_FEES | 01 January 2024   | 100            | 7                      | DECLINING_BALANCE | DAILY                       | EQUAL_INSTALLMENTS | 3                 | MONTHS                | 1              | MONTHS                 | 3                  | 0                       | 0                      | 0                    | ADVANCED_PAYMENT_ALLOCATION |
  [32m✔[39m [32m[1mAnd [22mAdmin successfully approves the loan on [1m"01 January 2024"[22m with [1m"100"[22m amount and expected disbursement date on [1m"01 January 2024"[22m[39m      [90m# org.apache.fineract.test.stepdef.loan.LoanStepDef.approveLoan(java.lang.String,java.lang.String,java.lang.String)[39m
  [32m✔[39m [32m[1mAnd [22mAdmin successfully disburse the loan on [1m"01 January 2024"[22m with [1m"100"[22m EUR transaction amount[39m                                          [90m# org.apache.fineract.test.stepdef.loan.LoanStepDef.disburseLoan(java.lang.String,java.lang.String)[39m
  [32m✔[39m [32m[1mThen [22mLoan status will be [1m"ACTIVE"[22m[39m                                                                                                        [90m# org.apache.fineract.test.stepdef.loan.LoanStepDef.loanStatus(java.lang.String)[39m
  [32m✔[39m [32m[1mWhen [22mAdmin adds buy down fee with [1m"AUTOPAY"[22m payment type to the loan on [1m"01 January 2024"[22m with [1m"50"[22m EUR transaction amount[39m               [90m# org.apache.fineract.test.stepdef.loan.LoanStepDef.adminAddsBuyDownFeesToTheLoanOnWithEURTransactionAmount(java.lang.String,java.lang.String,java.lang.String)[39m
  [32m✔[39m [32m[1mThen [22mLoan Repayment schedule has [1m3[22m periods, with the following data for periods:[39m                                                         [90m# org.apache.fineract.test.stepdef.loan.LoanStepDef.loanRepaymentSchedulePeriodsCheck(int,io.cucumber.datatable.DataTable)[39m
      | Nr | Days | Date             | Paid date | Balance of loan | Principal due | Interest | Fees | Penalties | Due   | Paid | In advance | Late | Outstanding |
      |    |      | 01 January 2024  |           | 100.0           |               |          | 0.0  |           | 0.0   | 0.0  |            |      |             |
      | 1  | 31   | 01 February 2024 |           | 66.86           | 33.14         | 0.58     | 0.0  | 0.0       | 33.72 | 0.0  | 0.0        | 0.0  | 33.72       |
      | 2  | 29   | 01 March 2024    |           | 33.53           | 33.33         | 0.39     | 0.0  | 0.0       | 33.72 | 0.0  | 0.0        | 0.0  | 33.72       |
      | 3  | 31   | 01 April 2024    |           | 0.0             | 33.53         | 0.2      | 0.0  | 0.0       | 33.73 | 0.0  | 0.0        | 0.0  | 33.73       |
  [32m✔[39m [32m[1mAnd [22mLoan Repayment schedule has the following data in Total row:[39m                                                                         [90m# org.apache.fineract.test.stepdef.loan.LoanStepDef.loanRepaymentScheduleAmountCheck(io.cucumber.datatable.DataTable)[39m
      | Principal due | Interest | Fees | Penalties | Due    | Paid | In advance | Late | Outstanding |
      | 100.0         | 1.17     | 0.0  | 0.0       | 101.17 | 0.0  | 0.0        | 0.0  | 101.17      |
  [32m✔[39m [32m[1mAnd [22mLoan Transactions tab has the following data:[39m                                                                                        [90m# org.apache.fineract.test.stepdef.loan.LoanStepDef.loanTransactionsTabCheck(io.cucumber.datatable.DataTable)[39m
      | Transaction date | Transaction Type | Amount | Principal | Interest | Fees | Penalties | Loan Balance | Reverted |
      | 01 January 2024  | Disbursement     | 100.0  | 0.0       | 0.0      | 0.0  | 0.0       | 100.0        | false    |
      | 01 January 2024  | Buy Down Fee     | 50.0   | 0.0       | 50.0     | 0.0  | 0.0       | 0.0          | false    |
  [32m✔[39m [32m[1mAnd [22mLoan Transactions tab has a [1m"BUY_DOWN_FEE"[22m transaction with date [1m"01 January 2024"[22m which has the following Journal entries:[39m          [90m# org.apache.fineract.test.stepdef.common.JournalEntriesStepDef.journalEntryDataCheck(java.lang.String,java.lang.String,io.cucumber.datatable.DataTable)[39m
      | Type      | Account code | Account name                | Debit | Credit |
      | EXPENSE   | 450280       | Buy Down Expense            | 50.0  |        |
      | LIABILITY | 145024       | Deferred Capitalized Income |       | 50.0   |
  [32m✔[39m [32m[1mAnd [22mBuy down fee by external-id contains the following data:[39m                                                                             [90m# org.apache.fineract.test.stepdef.loan.LoanStepDef.checkBuyDownFeeByExternalIdData(io.cucumber.datatable.DataTable)[39m
      | Date            | Fee Amount | Amortized Amount | Not Yet Amortized Amount | Adjusted Amount | Charged Off Amount |
      | 01 January 2024 | 50.0       | 0.0              | 50.0                     | 0.0             | 0.0                |
  [32m✔[39m [32m[1mAnd [22mLoanBuyDownFeeTransactionCreatedBusinessEvent is created on [1m"01 January 2024"[22m[39m                                                        [90m# org.apache.fineract.test.stepdef.loan.LoanStepDef.checkLoanBuyDownFeeTransactionCreatedBusinessEvent(java.lang.String)[39m
  [32m✔[39m [32m[1mWhen [22mAdmin sets the business date to [1m"1 February 2024"[22m[39m                                                                                   [90m# org.apache.fineract.test.stepdef.common.BusinessDateStepDef.setBusinessDate(java.lang.String)[39m
  [32m✔[39m [32m[1mAnd [22mCustomer makes [1m"AUTOPAY"[22m repayment on [1m"01 February 2024"[22m with [1m33.72[22m EUR transaction amount[39m                                           [90m# org.apache.fineract.test.stepdef.loan.LoanRepaymentStepDef.makeLoanRepayment(java.lang.String,java.lang.String,double)[39m
  [32m✔[39m [32m[1mThen [22mLoan status will be [1m"ACTIVE"[22m[39m                                                                                                        [90m# org.apache.fineract.test.stepdef.loan.LoanStepDef.loanStatus(java.lang.String)[39m
  [32m✔[39m [32m[1mThen [22mLoan Repayment schedule has [1m3[22m periods, with the following data for periods:[39m                                                         [90m# org.apache.fineract.test.stepdef.loan.LoanStepDef.loanRepaymentSchedulePeriodsCheck(int,io.cucumber.datatable.DataTable)[39m
      | Nr | Days | Date             | Paid date        | Balance of loan | Principal due | Interest | Fees | Penalties | Due   | Paid  | In advance | Late | Outstanding |
      |    |      | 01 January 2024  |                  | 100.0           |               |          | 0.0  |           | 0.0   | 0.0   |            |      |             |
      | 1  | 31   | 01 February 2024 | 01 February 2024 | 66.86           | 33.14         | 0.58     | 0.0  | 0.0       | 33.72 | 33.72 | 0.0        | 0.0  | 0.0         |
      | 2  | 29   | 01 March 2024    |                  | 33.53           | 33.33         | 0.39     | 0.0  | 0.0       | 33.72 | 0.0   | 0.0        | 0.0  | 33.72       |
      | 3  | 31   | 01 April 2024    |                  | 0.0             | 33.53         | 0.2      | 0.0  | 0.0       | 33.73 | 0.0   | 0.0        | 0.0  | 33.73       |
  [32m✔[39m [32m[1mAnd [22mLoan Repayment schedule has the following data in Total row:[39m                                                                         [90m# org.apache.fineract.test.stepdef.loan.LoanStepDef.loanRepaymentScheduleAmountCheck(io.cucumber.datatable.DataTable)[39m
      | Principal due | Interest | Fees | Penalties | Due    | Paid  | In advance | Late | Outstanding |
      | 100.0         | 1.17     | 0.0  | 0.0       | 101.17 | 33.72 | 0.0        | 0.0  | 67.45       |
  [32m✔[39m [32m[1mThen [22mLoan Transactions tab has the following data:[39m                                                                                       [90m# org.apache.fineract.test.stepdef.loan.LoanStepDef.loanTransactionsTabCheck(io.cucumber.datatable.DataTable)[39m
      | Transaction date | Transaction Type | Amount | Principal | Interest | Fees | Penalties | Loan Balance | Reverted |
      | 01 January 2024  | Disbursement     | 100.0  | 0.0       | 0.0      | 0.0  | 0.0       | 100.0        | false    |
      | 01 January 2024  | Buy Down Fee     | 50.0   | 0.0       | 50.0     | 0.0  | 0.0       | 0.0          | false    |
      | 01 February 2024 | Repayment        | 33.72  | 33.14     | 0.58     | 0.0  | 0.0       | 66.86        | false    |
  [32m✔[39m [32m[1mWhen [22mAdmin sets the business date to [1m"1 March 2024"[22m[39m                                                                                      [90m# org.apache.fineract.test.stepdef.common.BusinessDateStepDef.setBusinessDate(java.lang.String)[39m
  [32m✔[39m [32m[1mAnd [22mAdmin adds buy down fee adjustment with [1m"AUTOPAY"[22m payment type to the loan on [1m"01 March 2024"[22m with [1m"10"[22m EUR transaction amount[39m       [90m# org.apache.fineract.test.stepdef.loan.LoanStepDef.adminAddsBuyDownFeesAdjustmentToTheLoan(java.lang.String,java.lang.String,java.lang.String)[39m
  [32m✔[39m [32m[1mThen [22mLoan Repayment schedule has [1m3[22m periods, with the following data for periods:[39m                                                         [90m# org.apache.fineract.test.stepdef.loan.LoanStepDef.loanRepaymentSchedulePeriodsCheck(int,io.cucumber.datatable.DataTable)[39m
      | Nr | Days | Date             | Paid date        | Balance of loan | Principal due | Interest | Fees | Penalties | Due   | Paid  | In advance | Late | Outstanding |
      |    |      | 01 January 2024  |                  | 100.0           |               |          | 0.0  |           | 0.0   | 0.0   |            |      |             |
      | 1  | 31   | 01 February 2024 | 01 February 2024 | 66.86           | 33.14         | 0.58     | 0.0  | 0.0       | 33.72 | 33.72 | 0.0        | 0.0  | 0.0         |
      | 2  | 29   | 01 March 2024    |                  | 33.53           | 33.33         | 0.39     | 0.0  | 0.0       | 33.72 | 0.0   | 0.0        | 0.0  | 33.72       |
      | 3  | 31   | 01 April 2024    |                  | 0.0             | 33.53         | 0.2      | 0.0  | 0.0       | 33.73 | 0.0   | 0.0        | 0.0  | 33.73       |
  [32m✔[39m [32m[1mAnd [22mLoan Repayment schedule has the following data in Total row:[39m                                                                         [90m# org.apache.fineract.test.stepdef.loan.LoanStepDef.loanRepaymentScheduleAmountCheck(io.cucumber.datatable.DataTable)[39m
      | Principal due | Interest | Fees | Penalties | Due    | Paid  | In advance | Late | Outstanding |
      | 100.0         | 1.17     | 0.0  | 0.0       | 101.17 | 33.72 | 0.0        | 0.0  | 67.45       |
  [32m✔[39m [32m[1mThen [22mLoan Transactions tab has the following data:[39m                                                                                       [90m# org.apache.fineract.test.stepdef.loan.LoanStepDef.loanTransactionsTabCheck(io.cucumber.datatable.DataTable)[39m
      | Transaction date | Transaction Type        | Amount | Principal | Interest | Fees | Penalties | Loan Balance | Reverted |
      | 01 January 2024  | Disbursement            | 100.0  | 0.0       | 0.0      | 0.0  | 0.0       | 100.0        | false    |
      | 01 January 2024  | Buy Down Fee            | 50.0   | 0.0       | 50.0     | 0.0  | 0.0       | 0.0          | false    |
      | 01 February 2024 | Repayment               | 33.72  | 33.14     | 0.58     | 0.0  | 0.0       | 66.86        | false    |
      | 01 March 2024    | Buy Down Fee Adjustment | 10.0   | 0.0       | 10.0     | 0.0  | 0.0       | 0.0          | false    |
  [32m✔[39m [32m[1mAnd [22mLoan Transactions tab has a [1m"BUY_DOWN_FEE_ADJUSTMENT"[22m transaction with date [1m"01 March 2024"[22m which has the following Journal entries:[39m [90m# org.apache.fineract.test.stepdef.common.JournalEntriesStepDef.journalEntryDataCheck(java.lang.String,java.lang.String,io.cucumber.datatable.DataTable)[39m
      | Type      | Account code | Account name                | Debit | Credit |
      | EXPENSE   | 450280       | Buy Down Expense            |       | 10.0   |
      | LIABILITY | 145024       | Deferred Capitalized Income | 10.0  |        |
  [32m✔[39m [32m[1mAnd [22mBuy down fee by external-id contains the following data:[39m                                                                             [90m# org.apache.fineract.test.stepdef.loan.LoanStepDef.checkBuyDownFeeByExternalIdData(io.cucumber.datatable.DataTable)[39m
      | Date            | Fee Amount | Amortized Amount | Not Yet Amortized Amount | Adjusted Amount | Charged Off Amount |
      | 01 January 2024 | 50.0       | 0.0              | 40.0                     | 10.0            | 0.0                |
  [32m✔[39m [32m[1mAnd [22mLoanBuyDownFeeAdjustmentTransactionCreatedBusinessEvent is created on [1m"01 March 2024"[22m[39m                                                [90m# org.apache.fineract.test.stepdef.loan.LoanStepDef.checkLoanBuyDownFeeAdjustmentTransactionCreatedBusinessEvent(java.lang.String)[39m
  [32m✔[39m [32m[1mWhen [22mAdmin sets the business date to [1m"1 April 2024"[22m[39m                                                                                      [90m# org.apache.fineract.test.stepdef.common.BusinessDateStepDef.setBusinessDate(java.lang.String)[39m
  [32m✔[39m [32m[1mWhen [22mAdmin runs inline COB job for Loan[39m                                                                                                  [90m# org.apache.fineract.test.stepdef.loan.InlineCOBStepDef.runInlineCOB()[39m
  [32m✔[39m [32m[1mAnd [22mCustomer makes [1m"AUTOPAY"[22m repayment on [1m"01 April 2024"[22m with [1m33.73[22m EUR transaction amount[39m                                              [90m# org.apache.fineract.test.stepdef.loan.LoanRepaymentStepDef.makeLoanRepayment(java.lang.String,java.lang.String,double)[39m
  [32m✔[39m [32m[1mThen [22mLoan Transactions tab has the following data:[39m                                                                                       [90m# org.apache.fineract.test.stepdef.loan.LoanStepDef.loanTransactionsTabCheck(io.cucumber.datatable.DataTable)[39m
      | Transaction date | Transaction Type          | Amount | Principal | Interest | Fees | Penalties | Loan Balance | Reverted |
      | 01 January 2024  | Disbursement              | 100.0  | 0.0       | 0.0      | 0.0  | 0.0       | 100.0        | false    |
      | 01 January 2024  | Buy Down Fee              | 50.0   | 0.0       | 50.0     | 0.0  | 0.0       | 0.0          | false    |
      | 01 February 2024 | Repayment                 | 33.72  | 33.14     | 0.58     | 0.0  | 0.0       | 66.86        | false    |
      | 01 March 2024    | Buy Down Fee Adjustment   | 10.0   | 0.0       | 10.0     | 0.0  | 0.0       | 0.0          | false    |
      | 31 March 2024    | Accrual                   | 1.35   | 0.0       | 1.35     | 0.0  | 0.0       | 0.0          | false    |
      | 31 March 2024    | Buy Down Fee Amortization | 40.0   | 0.0       | 40.0     | 0.0  | 0.0       | 0.0          | false    |
      | 01 April 2024    | Repayment                 | 33.73  | 33.34     | 0.39     | 0.0  | 0.0       | 33.52        | false    |
  [32m✔[39m [32m[1mAnd [22mBuy down fee by external-id contains the following data:[39m                                                                             [90m# org.apache.fineract.test.stepdef.loan.LoanStepDef.checkBuyDownFeeByExternalIdData(io.cucumber.datatable.DataTable)[39m
      | Date            | Fee Amount | Amortized Amount | Not Yet Amortized Amount | Adjusted Amount | Charged Off Amount |
      | 01 January 2024 | 50.0       | 40.0             | 0.0                      | 10.0            | 0.0                |
  [32m✔[39m [32m[1mAnd [22mLoanBuyDownFeeAmortizationTransactionCreatedBusinessEvent is created on [1m"31 March 2024"[22m[39m                                              [90m# org.apache.fineract.test.stepdef.loan.LoanStepDef.checkLoanBuyDownFeeAmortizationTransactionCreatedBusinessEvent(java.lang.String)[39m
  [32m✔[39m [32m[1mWhen [22mLoan Pay-off is made on [1m"1 April 2024"[22m[39m                                                                                              [90m# org.apache.fineract.test.stepdef.loan.LoanRepaymentStepDef.makeLoanPayOff(java.lang.String)[39m
  [32m✔[39m [32m[1mThen [22mLoan is closed with zero outstanding balance and it's all installments have obligations met[39m                                         [90m# org.apache.fineract.test.stepdef.loan.LoanStepDef.loanClosedAndInstallmentsObligationsMet()[39m
  [32m✔[39m [32m[1mThen [22mLoan Transactions tab has the following data:[39m                                                                                       [90m# org.apache.fineract.test.stepdef.loan.LoanStepDef.loanTransactionsTabCheck(io.cucumber.datatable.DataTable)[39m
      | Transaction date | Transaction Type          | Amount | Principal | Interest | Fees | Penalties | Loan Balance | Reverted |
      | 01 January 2024  | Disbursement              | 100.0  | 0.0       | 0.0      | 0.0  | 0.0       | 100.0        | false    |
      | 01 January 2024  | Buy Down Fee              | 50.0   | 0.0       | 50.0     | 0.0  | 0.0       | 0.0          | false    |
      | 01 February 2024 | Repayment                 | 33.72  | 33.14     | 0.58     | 0.0  | 0.0       | 66.86        | false    |
      | 01 March 2024    | Buy Down Fee Adjustment   | 10.0   | 0.0       | 10.0     | 0.0  | 0.0       | 0.0          | false    |
      | 31 March 2024    | Accrual                   | 1.35   | 0.0       | 1.35     | 0.0  | 0.0       | 0.0          | false    |
      | 31 March 2024    | Buy Down Fee Amortization | 40.0   | 0.0       | 40.0     | 0.0  | 0.0       | 0.0          | false    |
      | 01 April 2024    | Repayment                 | 33.73  | 33.34     | 0.39     | 0.0  | 0.0       | 33.52        | false    |
      | 01 April 2024    | Repayment                 | 33.91  | 33.52     | 0.39     | 0.0  | 0.0       | 0.0          | false    |
      | 01 April 2024    | Accrual                   | 0.01   | 0.0       | 0.01     | 0.0  | 0.0       | 0.0          | false    |

@BuyDownFeeFeature @TestRailId:С3826
[1mScenario:[22m Verify loan with a few Buy Down Fee adjustment trns and repayment trns - UC5                                                       [90m# fineract-e2e-tests-runner/src/test/resources/features/LoanBuyDownFees.feature:1449[39m
  [32m✔[39m [32m[1mWhen [22mAdmin sets the business date to [1m"01 January 2024"[22m[39m                                                                                   [90m# org.apache.fineract.test.stepdef.common.BusinessDateStepDef.setBusinessDate(java.lang.String)[39m
  [32m✔[39m [32m[1mAnd [22mAdmin creates a client with random data[39m                                                                                              [90m# org.apache.fineract.test.stepdef.common.ClientStepDef.createClientRandomFirstNameLastName()[39m
  [32m✔[39m [32m[1mAnd [22mAdmin creates a fully customized loan with the following data:[39m                                                                       [90m# org.apache.fineract.test.stepdef.loan.LoanStepDef.createFullyCustomizedLoan(io.cucumber.datatable.DataTable)[39m
      | LoanProduct                                              | submitted on date | with Principal | ANNUAL interest rate % | interest type     | interest calculation period | amortization type  | loanTermFrequency | loanTermFrequencyType | repaymentEvery | repaymentFrequencyType | numberOfRepayments | graceOnPrincipalPayment | graceOnInterestPayment | interest free period | Payment strategy            |
      | LP2_PROGRESSIVE_ADVANCED_PAYMENT_ALLOCATION_BUYDOWN_FEES | 01 January 2024   | 100            | 7                      | DECLINING_BALANCE | DAILY                       | EQUAL_INSTALLMENTS | 3                 | MONTHS                | 1              | MONTHS                 | 3                  | 0                       | 0                      | 0                    | ADVANCED_PAYMENT_ALLOCATION |
  [32m✔[39m [32m[1mAnd [22mAdmin successfully approves the loan on [1m"01 January 2024"[22m with [1m"100"[22m amount and expected disbursement date on [1m"01 January 2024"[22m[39m      [90m# org.apache.fineract.test.stepdef.loan.LoanStepDef.approveLoan(java.lang.String,java.lang.String,java.lang.String)[39m
  [32m✔[39m [32m[1mAnd [22mAdmin successfully disburse the loan on [1m"01 January 2024"[22m with [1m"100"[22m EUR transaction amount[39m                                          [90m# org.apache.fineract.test.stepdef.loan.LoanStepDef.disburseLoan(java.lang.String,java.lang.String)[39m
  [32m✔[39m [32m[1mThen [22mLoan status will be [1m"ACTIVE"[22m[39m                                                                                                        [90m# org.apache.fineract.test.stepdef.loan.LoanStepDef.loanStatus(java.lang.String)[39m
  [32m✔[39m [32m[1mWhen [22mAdmin adds buy down fee with [1m"AUTOPAY"[22m payment type to the loan on [1m"01 January 2024"[22m with [1m"50"[22m EUR transaction amount[39m               [90m# org.apache.fineract.test.stepdef.loan.LoanStepDef.adminAddsBuyDownFeesToTheLoanOnWithEURTransactionAmount(java.lang.String,java.lang.String,java.lang.String)[39m
  [32m✔[39m [32m[1mThen [22mLoan Repayment schedule has [1m3[22m periods, with the following data for periods:[39m                                                         [90m# org.apache.fineract.test.stepdef.loan.LoanStepDef.loanRepaymentSchedulePeriodsCheck(int,io.cucumber.datatable.DataTable)[39m
      | Nr | Days | Date             | Paid date | Balance of loan | Principal due | Interest | Fees | Penalties | Due   | Paid | In advance | Late | Outstanding |
      |    |      | 01 January 2024  |           | 100.0           |               |          | 0.0  |           | 0.0   | 0.0  |            |      |             |
      | 1  | 31   | 01 February 2024 |           | 66.86           | 33.14         | 0.58     | 0.0  | 0.0       | 33.72 | 0.0  | 0.0        | 0.0  | 33.72       |
      | 2  | 29   | 01 March 2024    |           | 33.53           | 33.33         | 0.39     | 0.0  | 0.0       | 33.72 | 0.0  | 0.0        | 0.0  | 33.72       |
      | 3  | 31   | 01 April 2024    |           | 0.0             | 33.53         | 0.2      | 0.0  | 0.0       | 33.73 | 0.0  | 0.0        | 0.0  | 33.73       |
  [32m✔[39m [32m[1mAnd [22mLoan Repayment schedule has the following data in Total row:[39m                                                                         [90m# org.apache.fineract.test.stepdef.loan.LoanStepDef.loanRepaymentScheduleAmountCheck(io.cucumber.datatable.DataTable)[39m
      | Principal due | Interest | Fees | Penalties | Due    | Paid | In advance | Late | Outstanding |
      | 100.0         | 1.17     | 0.0  | 0.0       | 101.17 | 0.0  | 0.0        | 0.0  | 101.17      |
  [32m✔[39m [32m[1mAnd [22mLoan Transactions tab has the following data:[39m                                                                                        [90m# org.apache.fineract.test.stepdef.loan.LoanStepDef.loanTransactionsTabCheck(io.cucumber.datatable.DataTable)[39m
      | Transaction date | Transaction Type | Amount | Principal | Interest | Fees | Penalties | Loan Balance | Reverted |
      | 01 January 2024  | Disbursement     | 100.0  | 0.0       | 0.0      | 0.0  | 0.0       | 100.0        | false    |
      | 01 January 2024  | Buy Down Fee     | 50.0   | 0.0       | 50.0     | 0.0  | 0.0       | 0.0          | false    |
  [32m✔[39m [32m[1mAnd [22mLoan Transactions tab has a [1m"BUY_DOWN_FEE"[22m transaction with date [1m"01 January 2024"[22m which has the following Journal entries:[39m          [90m# org.apache.fineract.test.stepdef.common.JournalEntriesStepDef.journalEntryDataCheck(java.lang.String,java.lang.String,io.cucumber.datatable.DataTable)[39m
      | Type      | Account code | Account name                | Debit | Credit |
      | EXPENSE   | 450280       | Buy Down Expense            | 50.0  |        |
      | LIABILITY | 145024       | Deferred Capitalized Income |       | 50.0   |
  [32m✔[39m [32m[1mAnd [22mBuy down fee by external-id contains the following data:[39m                                                                             [90m# org.apache.fineract.test.stepdef.loan.LoanStepDef.checkBuyDownFeeByExternalIdData(io.cucumber.datatable.DataTable)[39m
      | Date            | Fee Amount | Amortized Amount | Not Yet Amortized Amount | Adjusted Amount | Charged Off Amount |
      | 01 January 2024 | 50.0       | 0.0              | 50.0                     | 0.0             | 0.0                |
  [32m✔[39m [32m[1mAnd [22mLoanBuyDownFeeTransactionCreatedBusinessEvent is created on [1m"01 January 2024"[22m[39m                                                        [90m# org.apache.fineract.test.stepdef.loan.LoanStepDef.checkLoanBuyDownFeeTransactionCreatedBusinessEvent(java.lang.String)[39m
  [32m✔[39m [32m[1mWhen [22mAdmin sets the business date to [1m"1 February 2024"[22m[39m                                                                                   [90m# org.apache.fineract.test.stepdef.common.BusinessDateStepDef.setBusinessDate(java.lang.String)[39m
  [32m✔[39m [32m[1mAnd [22mCustomer makes [1m"AUTOPAY"[22m repayment on [1m"01 February 2024"[22m with [1m33.72[22m EUR transaction amount[39m                                           [90m# org.apache.fineract.test.stepdef.loan.LoanRepaymentStepDef.makeLoanRepayment(java.lang.String,java.lang.String,double)[39m
  [32m✔[39m [32m[1mThen [22mLoan status will be [1m"ACTIVE"[22m[39m                                                                                                        [90m# org.apache.fineract.test.stepdef.loan.LoanStepDef.loanStatus(java.lang.String)[39m
  [32m✔[39m [32m[1mThen [22mLoan Repayment schedule has [1m3[22m periods, with the following data for periods:[39m                                                         [90m# org.apache.fineract.test.stepdef.loan.LoanStepDef.loanRepaymentSchedulePeriodsCheck(int,io.cucumber.datatable.DataTable)[39m
      | Nr | Days | Date             | Paid date        | Balance of loan | Principal due | Interest | Fees | Penalties | Due   | Paid  | In advance | Late | Outstanding |
      |    |      | 01 January 2024  |                  | 100.0           |               |          | 0.0  |           | 0.0   | 0.0   |            |      |             |
      | 1  | 31   | 01 February 2024 | 01 February 2024 | 66.86           | 33.14         | 0.58     | 0.0  | 0.0       | 33.72 | 33.72 | 0.0        | 0.0  | 0.0         |
      | 2  | 29   | 01 March 2024    |                  | 33.53           | 33.33         | 0.39     | 0.0  | 0.0       | 33.72 | 0.0   | 0.0        | 0.0  | 33.72       |
      | 3  | 31   | 01 April 2024    |                  | 0.0             | 33.53         | 0.2      | 0.0  | 0.0       | 33.73 | 0.0   | 0.0        | 0.0  | 33.73       |
  [32m✔[39m [32m[1mAnd [22mLoan Repayment schedule has the following data in Total row:[39m                                                                         [90m# org.apache.fineract.test.stepdef.loan.LoanStepDef.loanRepaymentScheduleAmountCheck(io.cucumber.datatable.DataTable)[39m
      | Principal due | Interest | Fees | Penalties | Due    | Paid  | In advance | Late | Outstanding |
      | 100.0         | 1.17     | 0.0  | 0.0       | 101.17 | 33.72 | 0.0        | 0.0  | 67.45       |
  [32m✔[39m [32m[1mThen [22mLoan Transactions tab has the following data:[39m                                                                                       [90m# org.apache.fineract.test.stepdef.loan.LoanStepDef.loanTransactionsTabCheck(io.cucumber.datatable.DataTable)[39m
      | Transaction date | Transaction Type | Amount | Principal | Interest | Fees | Penalties | Loan Balance | Reverted |
      | 01 January 2024  | Disbursement     | 100.0  | 0.0       | 0.0      | 0.0  | 0.0       | 100.0        | false    |
      | 01 January 2024  | Buy Down Fee     | 50.0   | 0.0       | 50.0     | 0.0  | 0.0       | 0.0          | false    |
      | 01 February 2024 | Repayment        | 33.72  | 33.14     | 0.58     | 0.0  | 0.0       | 66.86        | false    |
  [32m✔[39m [32m[1mWhen [22mAdmin sets the business date to [1m"1 March 2024"[22m[39m                                                                                      [90m# org.apache.fineract.test.stepdef.common.BusinessDateStepDef.setBusinessDate(java.lang.String)[39m
  [32m✔[39m [32m[1mAnd [22mAdmin adds buy down fee adjustment with [1m"AUTOPAY"[22m payment type to the loan on [1m"01 March 2024"[22m with [1m"10"[22m EUR transaction amount[39m       [90m# org.apache.fineract.test.stepdef.loan.LoanStepDef.adminAddsBuyDownFeesAdjustmentToTheLoan(java.lang.String,java.lang.String,java.lang.String)[39m
  [32m✔[39m [32m[1mThen [22mLoan Transactions tab has the following data:[39m                                                                                       [90m# org.apache.fineract.test.stepdef.loan.LoanStepDef.loanTransactionsTabCheck(io.cucumber.datatable.DataTable)[39m
      | Transaction date | Transaction Type        | Amount | Principal | Interest | Fees | Penalties | Loan Balance | Reverted |
      | 01 January 2024  | Disbursement            | 100.0  | 0.0       | 0.0      | 0.0  | 0.0       | 100.0        | false    |
      | 01 January 2024  | Buy Down Fee            | 50.0   | 0.0       | 50.0     | 0.0  | 0.0       | 0.0          | false    |
      | 01 February 2024 | Repayment               | 33.72  | 33.14     | 0.58     | 0.0  | 0.0       | 66.86        | false    |
      | 01 March 2024    | Buy Down Fee Adjustment | 10.0   | 0.0       | 10.0     | 0.0  | 0.0       | 0.0          | false    |
  [32m✔[39m [32m[1mAnd [22mLoan Transactions tab has a [1m"BUY_DOWN_FEE_ADJUSTMENT"[22m transaction with date [1m"01 March 2024"[22m which has the following Journal entries:[39m [90m# org.apache.fineract.test.stepdef.common.JournalEntriesStepDef.journalEntryDataCheck(java.lang.String,java.lang.String,io.cucumber.datatable.DataTable)[39m
      | Type      | Account code | Account name                | Debit | Credit |
      | EXPENSE   | 450280       | Buy Down Expense            |       | 10.0   |
      | LIABILITY | 145024       | Deferred Capitalized Income | 10.0  |        |
  [32m✔[39m [32m[1mAnd [22mBuy down fee by external-id contains the following data:[39m                                                                             [90m# org.apache.fineract.test.stepdef.loan.LoanStepDef.checkBuyDownFeeByExternalIdData(io.cucumber.datatable.DataTable)[39m
      | Date            | Fee Amount | Amortized Amount | Not Yet Amortized Amount | Adjusted Amount | Charged Off Amount |
      | 01 January 2024 | 50.0       | 0.0              | 40.0                     | 10.0            | 0.0                |
  [32m✔[39m [32m[1mAnd [22mLoanBuyDownFeeAdjustmentTransactionCreatedBusinessEvent is created on [1m"01 March 2024"[22m[39m                                                [90m# org.apache.fineract.test.stepdef.loan.LoanStepDef.checkLoanBuyDownFeeAdjustmentTransactionCreatedBusinessEvent(java.lang.String)[39m
  [32m✔[39m [32m[1mWhen [22mAdmin sets the business date to [1m"15 March 2024"[22m[39m                                                                                     [90m# org.apache.fineract.test.stepdef.common.BusinessDateStepDef.setBusinessDate(java.lang.String)[39m
  [32m✔[39m [32m[1mAnd [22mAdmin adds buy down fee adjustment with [1m"AUTOPAY"[22m payment type to the loan on [1m"15 March 2024"[22m with [1m"5"[22m EUR transaction amount[39m        [90m# org.apache.fineract.test.stepdef.loan.LoanStepDef.adminAddsBuyDownFeesAdjustmentToTheLoan(java.lang.String,java.lang.String,java.lang.String)[39m
  [32m✔[39m [32m[1mThen [22mLoan Transactions tab has the following data:[39m                                                                                       [90m# org.apache.fineract.test.stepdef.loan.LoanStepDef.loanTransactionsTabCheck(io.cucumber.datatable.DataTable)[39m
      | Transaction date | Transaction Type        | Amount | Principal | Interest | Fees | Penalties | Loan Balance | Reverted |
      | 01 January 2024  | Disbursement            | 100.0  | 0.0       | 0.0      | 0.0  | 0.0       | 100.0        | false    |
      | 01 January 2024  | Buy Down Fee            | 50.0   | 0.0       | 50.0     | 0.0  | 0.0       | 0.0          | false    |
      | 01 February 2024 | Repayment               | 33.72  | 33.14     | 0.58     | 0.0  | 0.0       | 66.86        | false    |
      | 01 March 2024    | Buy Down Fee Adjustment | 10.0   | 0.0       | 10.0     | 0.0  | 0.0       | 0.0          | false    |
      | 15 March 2024    | Buy Down Fee Adjustment | 5.0    | 0.0       | 5.0      | 0.0  | 0.0       | 0.0          | false    |
  [32m✔[39m [32m[1mAnd [22mLoan Transactions tab has a [1m"BUY_DOWN_FEE_ADJUSTMENT"[22m transaction with date [1m"15 March 2024"[22m which has the following Journal entries:[39m [90m# org.apache.fineract.test.stepdef.common.JournalEntriesStepDef.journalEntryDataCheck(java.lang.String,java.lang.String,io.cucumber.datatable.DataTable)[39m
      | Type      | Account code | Account name                | Debit | Credit |
      | EXPENSE   | 450280       | Buy Down Expense            |       | 5.0    |
      | LIABILITY | 145024       | Deferred Capitalized Income | 5.0   |        |
  [32m✔[39m [32m[1mAnd [22mBuy down fee by external-id contains the following data:[39m                                                                             [90m# org.apache.fineract.test.stepdef.loan.LoanStepDef.checkBuyDownFeeByExternalIdData(io.cucumber.datatable.DataTable)[39m
      | Date            | Fee Amount | Amortized Amount | Not Yet Amortized Amount | Adjusted Amount | Charged Off Amount |
      | 01 January 2024 | 50.0       | 0.0              | 35.0                     | 15.0            | 0.0                |
  [32m✔[39m [32m[1mAnd [22mLoanBuyDownFeeAdjustmentTransactionCreatedBusinessEvent is created on [1m"15 March 2024"[22m[39m                                                [90m# org.apache.fineract.test.stepdef.loan.LoanStepDef.checkLoanBuyDownFeeAdjustmentTransactionCreatedBusinessEvent(java.lang.String)[39m
  [32m✔[39m [32m[1mWhen [22mAdmin sets the business date to [1m"1 April 2024"[22m[39m                                                                                      [90m# org.apache.fineract.test.stepdef.common.BusinessDateStepDef.setBusinessDate(java.lang.String)[39m
  [32m✔[39m [32m[1mWhen [22mAdmin runs inline COB job for Loan[39m                                                                                                  [90m# org.apache.fineract.test.stepdef.loan.InlineCOBStepDef.runInlineCOB()[39m
  [32m✔[39m [32m[1mAnd [22mCustomer makes [1m"AUTOPAY"[22m repayment on [1m"01 April 2024"[22m with [1m33.73[22m EUR transaction amount[39m                                              [90m# org.apache.fineract.test.stepdef.loan.LoanRepaymentStepDef.makeLoanRepayment(java.lang.String,java.lang.String,double)[39m
  [32m✔[39m [32m[1mThen [22mLoan Transactions tab has the following data:[39m                                                                                       [90m# org.apache.fineract.test.stepdef.loan.LoanStepDef.loanTransactionsTabCheck(io.cucumber.datatable.DataTable)[39m
      | Transaction date | Transaction Type          | Amount | Principal | Interest | Fees | Penalties | Loan Balance | Reverted |
      | 01 January 2024  | Disbursement              | 100.0  | 0.0       | 0.0      | 0.0  | 0.0       | 100.0        | false    |
      | 01 January 2024  | Buy Down Fee              | 50.0   | 0.0       | 50.0     | 0.0  | 0.0       | 0.0          | false    |
      | 01 February 2024 | Repayment                 | 33.72  | 33.14     | 0.58     | 0.0  | 0.0       | 66.86        | false    |
      | 01 March 2024    | Buy Down Fee Adjustment   | 10.0   | 0.0       | 10.0     | 0.0  | 0.0       | 0.0          | false    |
      | 15 March 2024    | Buy Down Fee Adjustment   | 5.0    | 0.0       | 5.0      | 0.0  | 0.0       | 0.0          | false    |
      | 31 March 2024    | Accrual                   | 1.35   | 0.0       | 1.35     | 0.0  | 0.0       | 0.0          | false    |
      | 31 March 2024    | Buy Down Fee Amortization | 35.0   | 0.0       | 35.0     | 0.0  | 0.0       | 0.0          | false    |
      | 01 April 2024    | Repayment                 | 33.73  | 33.34     | 0.39     | 0.0  | 0.0       | 33.52        | false    |
  [32m✔[39m [32m[1mAnd [22mBuy down fee by external-id contains the following data:[39m                                                                             [90m# org.apache.fineract.test.stepdef.loan.LoanStepDef.checkBuyDownFeeByExternalIdData(io.cucumber.datatable.DataTable)[39m
      | Date            | Fee Amount | Amortized Amount | Not Yet Amortized Amount | Adjusted Amount | Charged Off Amount |
      | 01 January 2024 | 50.0       | 35.0             | 0.0                      | 15.0            | 0.0                |
  [32m✔[39m [32m[1mAnd [22mLoanBuyDownFeeAmortizationTransactionCreatedBusinessEvent is created on [1m"31 March 2024"[22m[39m                                              [90m# org.apache.fineract.test.stepdef.loan.LoanStepDef.checkLoanBuyDownFeeAmortizationTransactionCreatedBusinessEvent(java.lang.String)[39m
  [32m✔[39m [32m[1mWhen [22mLoan Pay-off is made on [1m"1 April 2024"[22m[39m                                                                                              [90m# org.apache.fineract.test.stepdef.loan.LoanRepaymentStepDef.makeLoanPayOff(java.lang.String)[39m
  [32m✔[39m [32m[1mThen [22mLoan is closed with zero outstanding balance and it's all installments have obligations met[39m                                         [90m# org.apache.fineract.test.stepdef.loan.LoanStepDef.loanClosedAndInstallmentsObligationsMet()[39m
  [32m✔[39m [32m[1mThen [22mLoan Transactions tab has the following data:[39m                                                                                       [90m# org.apache.fineract.test.stepdef.loan.LoanStepDef.loanTransactionsTabCheck(io.cucumber.datatable.DataTable)[39m
      | Transaction date | Transaction Type          | Amount | Principal | Interest | Fees | Penalties | Loan Balance | Reverted |
      | 01 January 2024  | Disbursement              | 100.0  | 0.0       | 0.0      | 0.0  | 0.0       | 100.0        | false    |
      | 01 January 2024  | Buy Down Fee              | 50.0   | 0.0       | 50.0     | 0.0  | 0.0       | 0.0          | false    |
      | 01 February 2024 | Repayment                 | 33.72  | 33.14     | 0.58     | 0.0  | 0.0       | 66.86        | false    |
      | 01 March 2024    | Buy Down Fee Adjustment   | 10.0   | 0.0       | 10.0     | 0.0  | 0.0       | 0.0          | false    |
      | 15 March 2024    | Buy Down Fee Adjustment   | 5.0    | 0.0       | 5.0      | 0.0  | 0.0       | 0.0          | false    |
      | 31 March 2024    | Accrual                   | 1.35   | 0.0       | 1.35     | 0.0  | 0.0       | 0.0          | false    |
      | 31 March 2024    | Buy Down Fee Amortization | 35.0   | 0.0       | 35.0     | 0.0  | 0.0       | 0.0          | false    |
      | 01 April 2024    | Repayment                 | 33.73  | 33.34     | 0.39     | 0.0  | 0.0       | 33.52        | false    |
      | 01 April 2024    | Repayment                 | 33.91  | 33.52     | 0.39     | 0.0  | 0.0       | 0.0          | false    |
      | 01 April 2024    | Accrual                   | 0.01   | 0.0       | 0.01     | 0.0  | 0.0       | 0.0          | false    |

@BuyDownFeeFeature @TestRailId:C3853
[1mScenario:[22m Verify add buy down fee to a progressive loan after disbursement and then write off loan - amortization in case of loan close event    [90m# fineract-e2e-tests-runner/src/test/resources/features/LoanBuyDownFees.feature:1567[39m
  [32m✔[39m [32m[1mWhen [22mAdmin sets the business date to [1m"01 January 2024"[22m[39m                                                                                       [90m# org.apache.fineract.test.stepdef.common.BusinessDateStepDef.setBusinessDate(java.lang.String)[39m
  [32m✔[39m [32m[1mAnd [22mAdmin creates a client with random data[39m                                                                                                  [90m# org.apache.fineract.test.stepdef.common.ClientStepDef.createClientRandomFirstNameLastName()[39m
  [32m✔[39m [32m[1mAnd [22mAdmin creates a fully customized loan with the following data:[39m                                                                           [90m# org.apache.fineract.test.stepdef.loan.LoanStepDef.createFullyCustomizedLoan(io.cucumber.datatable.DataTable)[39m
      | LoanProduct                                              | submitted on date | with Principal | ANNUAL interest rate % | interest type     | interest calculation period | amortization type  | loanTermFrequency | loanTermFrequencyType | repaymentEvery | repaymentFrequencyType | numberOfRepayments | graceOnPrincipalPayment | graceOnInterestPayment | interest free period | Payment strategy            |
      | LP2_PROGRESSIVE_ADVANCED_PAYMENT_ALLOCATION_BUYDOWN_FEES | 01 January 2024   | 1000           | 7                      | DECLINING_BALANCE | DAILY                       | EQUAL_INSTALLMENTS | 3                 | MONTHS                | 1              | MONTHS                 | 3                  | 0                       | 0                      | 0                    | ADVANCED_PAYMENT_ALLOCATION |
  [32m✔[39m [32m[1mAnd [22mAdmin successfully approves the loan on [1m"01 January 2024"[22m with [1m"1000"[22m amount and expected disbursement date on [1m"01 January 2024"[22m[39m         [90m# org.apache.fineract.test.stepdef.loan.LoanStepDef.approveLoan(java.lang.String,java.lang.String,java.lang.String)[39m
  [32m✔[39m [32m[1mAnd [22mAdmin successfully disburse the loan on [1m"01 January 2024"[22m with [1m"900"[22m EUR transaction amount[39m                                              [90m# org.apache.fineract.test.stepdef.loan.LoanStepDef.disburseLoan(java.lang.String,java.lang.String)[39m
  [32m✔[39m [32m[1mThen [22mLoan status will be [1m"ACTIVE"[22m[39m                                                                                                            [90m# org.apache.fineract.test.stepdef.loan.LoanStepDef.loanStatus(java.lang.String)[39m
  [32m✔[39m [32m[1mWhen [22mAdmin sets the business date to [1m"2 January 2024"[22m[39m                                                                                        [90m# org.apache.fineract.test.stepdef.common.BusinessDateStepDef.setBusinessDate(java.lang.String)[39m
  [32m✔[39m [32m[1mWhen [22mAdmin adds buy down fee with [1m"AUTOPAY"[22m payment type to the loan on [1m"2 January 2024"[22m with [1m"100"[22m EUR transaction amount[39m                   [90m# org.apache.fineract.test.stepdef.loan.LoanStepDef.adminAddsBuyDownFeesToTheLoanOnWithEURTransactionAmount(java.lang.String,java.lang.String,java.lang.String)[39m
  [32m✔[39m [32m[1mThen [22mLoan Repayment schedule has [1m3[22m periods, with the following data for periods:[39m                                                             [90m# org.apache.fineract.test.stepdef.loan.LoanStepDef.loanRepaymentSchedulePeriodsCheck(int,io.cucumber.datatable.DataTable)[39m
      | Nr | Days | Date             | Paid date | Balance of loan | Principal due | Interest | Fees | Penalties | Due    | Paid | In advance | Late | Outstanding |
      |    |      | 01 January 2024  |           | 900.0           |               |          | 0.0  |           | 0.0    | 0.0  |            |      |             |
      | 1  | 31   | 01 February 2024 |           | 601.74          | 298.26        | 5.25     | 0.0  | 0.0       | 303.51 | 0.0  | 0.0        | 0.0  | 303.51      |
      | 2  | 29   | 01 March 2024    |           | 301.74          | 300.0         | 3.51     | 0.0  | 0.0       | 303.51 | 0.0  | 0.0        | 0.0  | 303.51      |
      | 3  | 31   | 01 April 2024    |           | 0.0             | 301.74        | 1.76     | 0.0  | 0.0       | 303.5  | 0.0  | 0.0        | 0.0  | 303.5       |
  [32m✔[39m [32m[1mAnd [22mLoan Repayment schedule has the following data in Total row:[39m                                                                             [90m# org.apache.fineract.test.stepdef.loan.LoanStepDef.loanRepaymentScheduleAmountCheck(io.cucumber.datatable.DataTable)[39m
      | Principal due | Interest | Fees | Penalties | Due    | Paid | In advance | Late | Outstanding |
      | 900.0         | 10.52    | 0.0  | 0.0       | 910.52 | 0.0  | 0.0        | 0.0  | 910.52      |
  [32m✔[39m [32m[1mAnd [22mLoan Transactions tab has the following data:[39m                                                                                            [90m# org.apache.fineract.test.stepdef.loan.LoanStepDef.loanTransactionsTabCheck(io.cucumber.datatable.DataTable)[39m
      | Transaction date | Transaction Type | Amount | Principal | Interest | Fees | Penalties | Loan Balance | Reverted |
      | 01 January 2024  | Disbursement     | 900.0  | 0.0       | 0.0      | 0.0  | 0.0       | 900.0        | false    |
      | 02 January 2024  | Buy Down Fee     | 100.0  | 0.0       | 100.0    | 0.0  | 0.0       | 0.0          | false    |
  [32m✔[39m [32m[1mAnd [22mLoan Transactions tab has a [1m"BUY_DOWN_FEE"[22m transaction with date [1m"02 January 2024"[22m which has the following Journal entries:[39m              [90m# org.apache.fineract.test.stepdef.common.JournalEntriesStepDef.journalEntryDataCheck(java.lang.String,java.lang.String,io.cucumber.datatable.DataTable)[39m
      | Type      | Account code | Account name                | Debit | Credit |
      | EXPENSE   | 450280       | Buy Down Expense            | 100.0 |        |
      | LIABILITY | 145024       | Deferred Capitalized Income |       | 100.0  |
  [32m✔[39m [32m[1mAnd [22mBuy down fee by external-id contains the following data:[39m                                                                                 [90m# org.apache.fineract.test.stepdef.loan.LoanStepDef.checkBuyDownFeeByExternalIdData(io.cucumber.datatable.DataTable)[39m
      | Date            | Fee Amount | Amortized Amount | Not Yet Amortized Amount | Adjusted Amount | Charged Off Amount |
      | 02 January 2024 | 100.0      | 0.0              | 100.0                    | 0.0             | 0.0                |
  [32m✔[39m [32m[1mAnd [22mLoanBuyDownFeeTransactionCreatedBusinessEvent is created on [1m"02 January 2024"[22m[39m                                                            [90m# org.apache.fineract.test.stepdef.loan.LoanStepDef.checkLoanBuyDownFeeTransactionCreatedBusinessEvent(java.lang.String)[39m
  [32m✔[39m [32m[1mAnd [22mAdmin does write-off the loan on [1m"02 January 2024"[22m[39m                                                                                       [90m# org.apache.fineract.test.stepdef.loan.LoanStepDef.writeOffLoan(java.lang.String)[39m
  [32m✔[39m [32m[1mThen [22mLoan has [1m0[22m outstanding amount[39m                                                                                                           [90m# org.apache.fineract.test.stepdef.loan.LoanStepDef.loanOutstanding(double)[39m
  [32m✔[39m [32m[1mThen [22mLoan status will be [1m"CLOSED_WRITTEN_OFF"[22m[39m                                                                                                [90m# org.apache.fineract.test.stepdef.loan.LoanStepDef.loanStatus(java.lang.String)[39m
  [32m✔[39m [32m[1mThen [22mLoan Repayment schedule has [1m3[22m periods, with the following data for periods:[39m                                                             [90m# org.apache.fineract.test.stepdef.loan.LoanStepDef.loanRepaymentSchedulePeriodsCheck(int,io.cucumber.datatable.DataTable)[39m
      | Nr | Days | Date             | Paid date       | Balance of loan | Principal due | Interest | Fees | Penalties | Due    | Paid | In advance | Late | Outstanding |
      |    |      | 01 January 2024  |                 | 900.0           |               |          | 0.0  |           | 0.0    | 0.0  |            |      |             |
      | 1  | 31   | 01 February 2024 | 02 January 2024 | 601.74          | 298.26        | 5.25     | 0.0  | 0.0       | 303.51 | 0.0  | 0.0        | 0.0  | 0.0         |
      | 2  | 29   | 01 March 2024    | 02 January 2024 | 301.74          | 300.0         | 3.51     | 0.0  | 0.0       | 303.51 | 0.0  | 0.0        | 0.0  | 0.0         |
      | 3  | 31   | 01 April 2024    | 02 January 2024 | 0.0             | 301.74        | 1.76     | 0.0  | 0.0       | 303.5  | 0.0  | 0.0        | 0.0  | 0.0         |
  [32m✔[39m [32m[1mAnd [22mLoan Repayment schedule has the following data in Total row:[39m                                                                             [90m# org.apache.fineract.test.stepdef.loan.LoanStepDef.loanRepaymentScheduleAmountCheck(io.cucumber.datatable.DataTable)[39m
      | Principal due | Interest | Fees | Penalties | Due    | Paid | In advance | Late | Outstanding |
      | 900.0         | 10.52    | 0.0  | 0.0       | 910.52 | 0.0  | 0.0        | 0.0  | 0.0         |
  [32m✔[39m [32m[1mAnd [22mLoan Transactions tab has the following data:[39m                                                                                            [90m# org.apache.fineract.test.stepdef.loan.LoanStepDef.loanTransactionsTabCheck(io.cucumber.datatable.DataTable)[39m
      | Transaction date | Transaction Type          | Amount | Principal | Interest | Fees | Penalties | Loan Balance | Reverted |
      | 01 January 2024  | Disbursement              | 900.0  | 0.0       | 0.0      | 0.0  | 0.0       | 900.0        | false    |
      | 02 January 2024  | Buy Down Fee              | 100.0  | 0.0       | 100.0    | 0.0  | 0.0       | 0.0          | false    |
      | 02 January 2024  | Close (as written-off)    | 910.52 | 900.0     | 10.52    | 0.0  | 0.0       | 0.0          | false    |
      | 02 January 2024  | Buy Down Fee Amortization | 100.0  | 0.0       | 100.0    | 0.0  | 0.0       | 0.0          | false    |
  [32m✔[39m [32m[1mAnd [22mLoan Transactions tab has a [1m"BUY_DOWN_FEE_AMORTIZATION"[22m transaction with date [1m"02 January 2024"[22m which has the following Journal entries:[39m [90m# org.apache.fineract.test.stepdef.common.JournalEntriesStepDef.journalEntryDataCheck(java.lang.String,java.lang.String,io.cucumber.datatable.DataTable)[39m
      | Type      | Account code | Account name                | Debit | Credit |
      | EXPENSE   | e4           | Written off                 |       | 100.0  |
      | LIABILITY | 145024       | Deferred Capitalized Income | 100.0 |        |
  [32m✔[39m [32m[1mAnd [22mBuy down fee by external-id contains the following data:[39m                                                                                 [90m# org.apache.fineract.test.stepdef.loan.LoanStepDef.checkBuyDownFeeByExternalIdData(io.cucumber.datatable.DataTable)[39m
      | Date            | Fee Amount | Amortized Amount | Not Yet Amortized Amount | Adjusted Amount | Charged Off Amount |
      | 02 January 2024 | 100.0      | 100.0            | 0.0                      | 0.0             | 0.0                |
  [32m✔[39m [32m[1mAnd [22mLoanBuyDownFeeAmortizationTransactionCreatedBusinessEvent is created on [1m"02 January 2024"[22m[39m                                                [90m# org.apache.fineract.test.stepdef.loan.LoanStepDef.checkLoanBuyDownFeeAmortizationTransactionCreatedBusinessEvent(java.lang.String)[39m

@BuyDownFeeFeature @TestRailId:C3881
[1mScenario:[22m Verify loan with Buy Down Fee adjustment reversal scenario - UC7                                                                   [90m# fineract-e2e-tests-runner/src/test/resources/features/LoanBuyDownFees.feature:1628[39m
  [32m✔[39m [32m[1mWhen [22mAdmin sets the business date to [1m"01 January 2024"[22m[39m                                                                                   [90m# org.apache.fineract.test.stepdef.common.BusinessDateStepDef.setBusinessDate(java.lang.String)[39m
  [32m✔[39m [32m[1mAnd [22mAdmin creates a client with random data[39m                                                                                              [90m# org.apache.fineract.test.stepdef.common.ClientStepDef.createClientRandomFirstNameLastName()[39m
  [32m✔[39m [32m[1mAnd [22mAdmin creates a fully customized loan with the following data:[39m                                                                       [90m# org.apache.fineract.test.stepdef.loan.LoanStepDef.createFullyCustomizedLoan(io.cucumber.datatable.DataTable)[39m
      | LoanProduct                                              | submitted on date | with Principal | ANNUAL interest rate % | interest type     | interest calculation period | amortization type  | loanTermFrequency | loanTermFrequencyType | repaymentEvery | repaymentFrequencyType | numberOfRepayments | graceOnPrincipalPayment | graceOnInterestPayment | interest free period | Payment strategy            |
      | LP2_PROGRESSIVE_ADVANCED_PAYMENT_ALLOCATION_BUYDOWN_FEES | 01 January 2024   | 100            | 7                      | DECLINING_BALANCE | DAILY                       | EQUAL_INSTALLMENTS | 3                 | MONTHS                | 1              | MONTHS                 | 3                  | 0                       | 0                      | 0                    | ADVANCED_PAYMENT_ALLOCATION |
  [32m✔[39m [32m[1mAnd [22mAdmin successfully approves the loan on [1m"01 January 2024"[22m with [1m"100"[22m amount and expected disbursement date on [1m"01 January 2024"[22m[39m      [90m# org.apache.fineract.test.stepdef.loan.LoanStepDef.approveLoan(java.lang.String,java.lang.String,java.lang.String)[39m
  [32m✔[39m [32m[1mAnd [22mAdmin successfully disburse the loan on [1m"01 January 2024"[22m with [1m"100"[22m EUR transaction amount[39m                                          [90m# org.apache.fineract.test.stepdef.loan.LoanStepDef.disburseLoan(java.lang.String,java.lang.String)[39m
  [32m✔[39m [32m[1mThen [22mLoan status will be [1m"ACTIVE"[22m[39m                                                                                                        [90m# org.apache.fineract.test.stepdef.loan.LoanStepDef.loanStatus(java.lang.String)[39m
  [32m✔[39m [32m[1mWhen [22mAdmin adds buy down fee with [1m"AUTOPAY"[22m payment type to the loan on [1m"01 January 2024"[22m with [1m"50"[22m EUR transaction amount[39m               [90m# org.apache.fineract.test.stepdef.loan.LoanStepDef.adminAddsBuyDownFeesToTheLoanOnWithEURTransactionAmount(java.lang.String,java.lang.String,java.lang.String)[39m
  [32m✔[39m [32m[1mThen [22mLoan Repayment schedule has [1m3[22m periods, with the following data for periods:[39m                                                         [90m# org.apache.fineract.test.stepdef.loan.LoanStepDef.loanRepaymentSchedulePeriodsCheck(int,io.cucumber.datatable.DataTable)[39m
      | Nr | Days | Date             | Paid date | Balance of loan | Principal due | Interest | Fees | Penalties | Due   | Paid | In advance | Late | Outstanding |
      |    |      | 01 January 2024  |           | 100.0           |               |          | 0.0  |           | 0.0   | 0.0  |            |      |             |
      | 1  | 31   | 01 February 2024 |           | 66.86           | 33.14         | 0.58     | 0.0  | 0.0       | 33.72 | 0.0  | 0.0        | 0.0  | 33.72       |
      | 2  | 29   | 01 March 2024    |           | 33.53           | 33.33         | 0.39     | 0.0  | 0.0       | 33.72 | 0.0  | 0.0        | 0.0  | 33.72       |
      | 3  | 31   | 01 April 2024    |           | 0.0             | 33.53         | 0.2      | 0.0  | 0.0       | 33.73 | 0.0  | 0.0        | 0.0  | 33.73       |
  [32m✔[39m [32m[1mAnd [22mLoan Repayment schedule has the following data in Total row:[39m                                                                         [90m# org.apache.fineract.test.stepdef.loan.LoanStepDef.loanRepaymentScheduleAmountCheck(io.cucumber.datatable.DataTable)[39m
      | Principal due | Interest | Fees | Penalties | Due    | Paid | In advance | Late | Outstanding |
      | 100.0         | 1.17     | 0.0  | 0.0       | 101.17 | 0.0  | 0.0        | 0.0  | 101.17      |
  [32m✔[39m [32m[1mAnd [22mLoan Transactions tab has the following data:[39m                                                                                        [90m# org.apache.fineract.test.stepdef.loan.LoanStepDef.loanTransactionsTabCheck(io.cucumber.datatable.DataTable)[39m
      | Transaction date | Transaction Type | Amount | Principal | Interest | Fees | Penalties | Loan Balance | Reverted |
      | 01 January 2024  | Disbursement     | 100.0  | 0.0       | 0.0      | 0.0  | 0.0       | 100.0        | false    |
      | 01 January 2024  | Buy Down Fee     | 50.0   | 0.0       | 50.0     | 0.0  | 0.0       | 0.0          | false    |
  [32m✔[39m [32m[1mAnd [22mLoan Transactions tab has a [1m"BUY_DOWN_FEE"[22m transaction with date [1m"01 January 2024"[22m which has the following Journal entries:[39m          [90m# org.apache.fineract.test.stepdef.common.JournalEntriesStepDef.journalEntryDataCheck(java.lang.String,java.lang.String,io.cucumber.datatable.DataTable)[39m
      | Type      | Account code | Account name                | Debit | Credit |
      | EXPENSE   | 450280       | Buy Down Expense            | 50.0  |        |
      | LIABILITY | 145024       | Deferred Capitalized Income |       | 50.0   |
  [32m✔[39m [32m[1mAnd [22mBuy down fee by external-id contains the following data:[39m                                                                             [90m# org.apache.fineract.test.stepdef.loan.LoanStepDef.checkBuyDownFeeByExternalIdData(io.cucumber.datatable.DataTable)[39m
      | Date            | Fee Amount | Amortized Amount | Not Yet Amortized Amount | Adjusted Amount | Charged Off Amount |
      | 01 January 2024 | 50.0       | 0.0              | 50.0                     | 0.0             | 0.0                |
  [32m✔[39m [32m[1mAnd [22mLoanBuyDownFeeTransactionCreatedBusinessEvent is created on [1m"01 January 2024"[22m[39m                                                        [90m# org.apache.fineract.test.stepdef.loan.LoanStepDef.checkLoanBuyDownFeeTransactionCreatedBusinessEvent(java.lang.String)[39m
  [32m✔[39m [32m[1mWhen [22mAdmin sets the business date to [1m"2 January 2024"[22m[39m                                                                                    [90m# org.apache.fineract.test.stepdef.common.BusinessDateStepDef.setBusinessDate(java.lang.String)[39m
  [32m✔[39m [32m[1mWhen [22mAdmin runs inline COB job for Loan[39m                                                                                                  [90m# org.apache.fineract.test.stepdef.loan.InlineCOBStepDef.runInlineCOB()[39m
  [32m✔[39m [32m[1mWhen [22mAdmin sets the business date to [1m"1 February 2024"[22m[39m                                                                                   [90m# org.apache.fineract.test.stepdef.common.BusinessDateStepDef.setBusinessDate(java.lang.String)[39m
  [32m✔[39m [32m[1mAnd [22mCustomer makes [1m"AUTOPAY"[22m repayment on [1m"01 February 2024"[22m with [1m33.72[22m EUR transaction amount[39m                                           [90m# org.apache.fineract.test.stepdef.loan.LoanRepaymentStepDef.makeLoanRepayment(java.lang.String,java.lang.String,double)[39m
  [32m✔[39m [32m[1mWhen [22mAdmin runs inline COB job for Loan[39m                                                                                                  [90m# org.apache.fineract.test.stepdef.loan.InlineCOBStepDef.runInlineCOB()[39m
  [32m✔[39m [32m[1mThen [22mLoan Repayment schedule has [1m3[22m periods, with the following data for periods:[39m                                                         [90m# org.apache.fineract.test.stepdef.loan.LoanStepDef.loanRepaymentSchedulePeriodsCheck(int,io.cucumber.datatable.DataTable)[39m
      | Nr | Days | Date             | Paid date        | Balance of loan | Principal due | Interest | Fees | Penalties | Due   | Paid  | In advance | Late | Outstanding |
      |    |      | 01 January 2024  |                  | 100.0           |               |          | 0.0  |           | 0.0   | 0.0   |            |      |             |
      | 1  | 31   | 01 February 2024 | 01 February 2024 | 66.86           | 33.14         | 0.58     | 0.0  | 0.0       | 33.72 | 33.72 | 0.0        | 0.0  | 0.0         |
      | 2  | 29   | 01 March 2024    |                  | 33.53           | 33.33         | 0.39     | 0.0  | 0.0       | 33.72 | 0.0   | 0.0        | 0.0  | 33.72       |
      | 3  | 31   | 01 April 2024    |                  | 0.0             | 33.53         | 0.2      | 0.0  | 0.0       | 33.73 | 0.0   | 0.0        | 0.0  | 33.73       |
  [32m✔[39m [32m[1mAnd [22mLoan Repayment schedule has the following data in Total row:[39m                                                                         [90m# org.apache.fineract.test.stepdef.loan.LoanStepDef.loanRepaymentScheduleAmountCheck(io.cucumber.datatable.DataTable)[39m
      | Principal due | Interest | Fees | Penalties | Due    | Paid  | In advance | Late | Outstanding |
      | 100.0         | 1.17     | 0.0  | 0.0       | 101.17 | 33.72 | 0.0        | 0.0  | 67.45       |
  [32m✔[39m [32m[1mThen [22mLoan Transactions tab has the following data:[39m                                                                                       [90m# org.apache.fineract.test.stepdef.loan.LoanStepDef.loanTransactionsTabCheck(io.cucumber.datatable.DataTable)[39m
      | Transaction date | Transaction Type          | Amount | Principal | Interest | Fees | Penalties | Loan Balance | Reverted |
      | 01 January 2024  | Disbursement              | 100.0  | 0.0       | 0.0      | 0.0  | 0.0       | 100.0        | false    |
      | 01 January 2024  | Buy Down Fee              | 50.0   | 0.0       | 50.0     | 0.0  | 0.0       | 0.0          | false    |
      | 01 January 2024  | Buy Down Fee Amortization | 0.55   | 0.0       | 0.55     | 0.0  | 0.0       | 0.0          | false    |
      | 02 January 2024  | Accrual                   | 0.02   | 0.0       | 0.02     | 0.0  | 0.0       | 0.0          | false    |
      | 02 January 2024  | Buy Down Fee Amortization | 0.55   | 0.0       | 0.55     | 0.0  | 0.0       | 0.0          | false    |
      | 03 January 2024  | Accrual                   | 0.02   | 0.0       | 0.02     | 0.0  | 0.0       | 0.0          | false    |
      | 03 January 2024  | Buy Down Fee Amortization | 0.55   | 0.0       | 0.55     | 0.0  | 0.0       | 0.0          | false    |
      | 04 January 2024  | Accrual                   | 0.02   | 0.0       | 0.02     | 0.0  | 0.0       | 0.0          | false    |
      | 04 January 2024  | Buy Down Fee Amortization | 0.55   | 0.0       | 0.55     | 0.0  | 0.0       | 0.0          | false    |
      | 05 January 2024  | Accrual                   | 0.02   | 0.0       | 0.02     | 0.0  | 0.0       | 0.0          | false    |
      | 05 January 2024  | Buy Down Fee Amortization | 0.55   | 0.0       | 0.55     | 0.0  | 0.0       | 0.0          | false    |
      | 06 January 2024  | Accrual                   | 0.01   | 0.0       | 0.01     | 0.0  | 0.0       | 0.0          | false    |
      | 06 January 2024  | Buy Down Fee Amortization | 0.55   | 0.0       | 0.55     | 0.0  | 0.0       | 0.0          | false    |
      | 07 January 2024  | Accrual                   | 0.02   | 0.0       | 0.02     | 0.0  | 0.0       | 0.0          | false    |
      | 07 January 2024  | Buy Down Fee Amortization | 0.55   | 0.0       | 0.55     | 0.0  | 0.0       | 0.0          | false    |
      | 08 January 2024  | Accrual                   | 0.02   | 0.0       | 0.02     | 0.0  | 0.0       | 0.0          | false    |
      | 08 January 2024  | Buy Down Fee Amortization | 0.55   | 0.0       | 0.55     | 0.0  | 0.0       | 0.0          | false    |
      | 09 January 2024  | Accrual                   | 0.02   | 0.0       | 0.02     | 0.0  | 0.0       | 0.0          | false    |
      | 09 January 2024  | Buy Down Fee Amortization | 0.55   | 0.0       | 0.55     | 0.0  | 0.0       | 0.0          | false    |
      | 10 January 2024  | Accrual                   | 0.02   | 0.0       | 0.02     | 0.0  | 0.0       | 0.0          | false    |
      | 10 January 2024  | Buy Down Fee Amortization | 0.54   | 0.0       | 0.54     | 0.0  | 0.0       | 0.0          | false    |
      | 11 January 2024  | Accrual                   | 0.02   | 0.0       | 0.02     | 0.0  | 0.0       | 0.0          | false    |
      | 11 January 2024  | Buy Down Fee Amortization | 0.55   | 0.0       | 0.55     | 0.0  | 0.0       | 0.0          | false    |
      | 12 January 2024  | Accrual                   | 0.02   | 0.0       | 0.02     | 0.0  | 0.0       | 0.0          | false    |
      | 12 January 2024  | Buy Down Fee Amortization | 0.55   | 0.0       | 0.55     | 0.0  | 0.0       | 0.0          | false    |
      | 13 January 2024  | Accrual                   | 0.02   | 0.0       | 0.02     | 0.0  | 0.0       | 0.0          | false    |
      | 13 January 2024  | Buy Down Fee Amortization | 0.55   | 0.0       | 0.55     | 0.0  | 0.0       | 0.0          | false    |
      | 14 January 2024  | Accrual                   | 0.01   | 0.0       | 0.01     | 0.0  | 0.0       | 0.0          | false    |
      | 14 January 2024  | Buy Down Fee Amortization | 0.55   | 0.0       | 0.55     | 0.0  | 0.0       | 0.0          | false    |
      | 15 January 2024  | Accrual                   | 0.02   | 0.0       | 0.02     | 0.0  | 0.0       | 0.0          | false    |
      | 15 January 2024  | Buy Down Fee Amortization | 0.55   | 0.0       | 0.55     | 0.0  | 0.0       | 0.0          | false    |
      | 16 January 2024  | Accrual                   | 0.02   | 0.0       | 0.02     | 0.0  | 0.0       | 0.0          | false    |
      | 16 January 2024  | Buy Down Fee Amortization | 0.55   | 0.0       | 0.55     | 0.0  | 0.0       | 0.0          | false    |
      | 17 January 2024  | Accrual                   | 0.02   | 0.0       | 0.02     | 0.0  | 0.0       | 0.0          | false    |
      | 17 January 2024  | Buy Down Fee Amortization | 0.55   | 0.0       | 0.55     | 0.0  | 0.0       | 0.0          | false    |
      | 18 January 2024  | Accrual                   | 0.02   | 0.0       | 0.02     | 0.0  | 0.0       | 0.0          | false    |
      | 18 January 2024  | Buy Down Fee Amortization | 0.55   | 0.0       | 0.55     | 0.0  | 0.0       | 0.0          | false    |
      | 19 January 2024  | Accrual                   | 0.02   | 0.0       | 0.02     | 0.0  | 0.0       | 0.0          | false    |
      | 19 January 2024  | Buy Down Fee Amortization | 0.55   | 0.0       | 0.55     | 0.0  | 0.0       | 0.0          | false    |
      | 20 January 2024  | Accrual                   | 0.02   | 0.0       | 0.02     | 0.0  | 0.0       | 0.0          | false    |
      | 20 January 2024  | Buy Down Fee Amortization | 0.55   | 0.0       | 0.55     | 0.0  | 0.0       | 0.0          | false    |
      | 21 January 2024  | Accrual                   | 0.02   | 0.0       | 0.02     | 0.0  | 0.0       | 0.0          | false    |
      | 21 January 2024  | Buy Down Fee Amortization | 0.55   | 0.0       | 0.55     | 0.0  | 0.0       | 0.0          | false    |
      | 22 January 2024  | Accrual                   | 0.02   | 0.0       | 0.02     | 0.0  | 0.0       | 0.0          | false    |
      | 22 January 2024  | Buy Down Fee Amortization | 0.55   | 0.0       | 0.55     | 0.0  | 0.0       | 0.0          | false    |
      | 23 January 2024  | Accrual                   | 0.01   | 0.0       | 0.01     | 0.0  | 0.0       | 0.0          | false    |
      | 23 January 2024  | Buy Down Fee Amortization | 0.55   | 0.0       | 0.55     | 0.0  | 0.0       | 0.0          | false    |
      | 24 January 2024  | Accrual                   | 0.02   | 0.0       | 0.02     | 0.0  | 0.0       | 0.0          | false    |
      | 24 January 2024  | Buy Down Fee Amortization | 0.55   | 0.0       | 0.55     | 0.0  | 0.0       | 0.0          | false    |
      | 25 January 2024  | Accrual                   | 0.02   | 0.0       | 0.02     | 0.0  | 0.0       | 0.0          | false    |
      | 25 January 2024  | Buy Down Fee Amortization | 0.55   | 0.0       | 0.55     | 0.0  | 0.0       | 0.0          | false    |
      | 26 January 2024  | Accrual                   | 0.02   | 0.0       | 0.02     | 0.0  | 0.0       | 0.0          | false    |
      | 26 January 2024  | Buy Down Fee Amortization | 0.55   | 0.0       | 0.55     | 0.0  | 0.0       | 0.0          | false    |
      | 27 January 2024  | Accrual                   | 0.02   | 0.0       | 0.02     | 0.0  | 0.0       | 0.0          | false    |
      | 27 January 2024  | Buy Down Fee Amortization | 0.55   | 0.0       | 0.55     | 0.0  | 0.0       | 0.0          | false    |
      | 28 January 2024  | Accrual                   | 0.02   | 0.0       | 0.02     | 0.0  | 0.0       | 0.0          | false    |
      | 28 January 2024  | Buy Down Fee Amortization | 0.54   | 0.0       | 0.54     | 0.0  | 0.0       | 0.0          | false    |
      | 29 January 2024  | Accrual                   | 0.02   | 0.0       | 0.02     | 0.0  | 0.0       | 0.0          | false    |
      | 29 January 2024  | Buy Down Fee Amortization | 0.55   | 0.0       | 0.55     | 0.0  | 0.0       | 0.0          | false    |
      | 30 January 2024  | Accrual                   | 0.02   | 0.0       | 0.02     | 0.0  | 0.0       | 0.0          | false    |
      | 30 January 2024  | Buy Down Fee Amortization | 0.55   | 0.0       | 0.55     | 0.0  | 0.0       | 0.0          | false    |
      | 31 January 2024  | Accrual                   | 0.01   | 0.0       | 0.01     | 0.0  | 0.0       | 0.0          | false    |
      | 31 January 2024  | Buy Down Fee Amortization | 0.55   | 0.0       | 0.55     | 0.0  | 0.0       | 0.0          | false    |
      | 01 February 2024 | Repayment                 | 33.72  | 33.14     | 0.58     | 0.0  | 0.0       | 66.86        | false    |
  [32m✔[39m [32m[1mAnd [22mBuy down fee by external-id contains the following data:[39m                                                                             [90m# org.apache.fineract.test.stepdef.loan.LoanStepDef.checkBuyDownFeeByExternalIdData(io.cucumber.datatable.DataTable)[39m
      | Date            | Fee Amount | Amortized Amount | Not Yet Amortized Amount | Adjusted Amount | Charged Off Amount |
      | 01 January 2024 | 50.0       | 17.03            | 32.97                    | 0.0             | 0.0                |
  [32m✔[39m [32m[1mAnd [22mLoanBuyDownFeeAmortizationTransactionCreatedBusinessEvent is created on [1m"31 January 2024"[22m[39m                                            [90m# org.apache.fineract.test.stepdef.loan.LoanStepDef.checkLoanBuyDownFeeAmortizationTransactionCreatedBusinessEvent(java.lang.String)[39m
  [32m✔[39m [32m[1mWhen [22mAdmin sets the business date to [1m"1 March 2024"[22m[39m                                                                                      [90m# org.apache.fineract.test.stepdef.common.BusinessDateStepDef.setBusinessDate(java.lang.String)[39m
  [32m✔[39m [32m[1mAnd [22mCustomer makes [1m"AUTOPAY"[22m repayment on [1m"01 March 2024"[22m with [1m33.72[22m EUR transaction amount[39m                                              [90m# org.apache.fineract.test.stepdef.loan.LoanRepaymentStepDef.makeLoanRepayment(java.lang.String,java.lang.String,double)[39m
  [32m✔[39m [32m[1mWhen [22mAdmin runs inline COB job for Loan[39m                                                                                                  [90m# org.apache.fineract.test.stepdef.loan.InlineCOBStepDef.runInlineCOB()[39m
  [32m✔[39m [32m[1mThen [22mLoan Repayment schedule has [1m3[22m periods, with the following data for periods:[39m                                                         [90m# org.apache.fineract.test.stepdef.loan.LoanStepDef.loanRepaymentSchedulePeriodsCheck(int,io.cucumber.datatable.DataTable)[39m
      | Nr | Days | Date             | Paid date        | Balance of loan | Principal due | Interest | Fees | Penalties | Due   | Paid  | In advance | Late | Outstanding |
      |    |      | 01 January 2024  |                  | 100.0           |               |          | 0.0  |           | 0.0   | 0.0   |            |      |             |
      | 1  | 31   | 01 February 2024 | 01 February 2024 | 66.86           | 33.14         | 0.58     | 0.0  | 0.0       | 33.72 | 33.72 | 0.0        | 0.0  | 0.0         |
      | 2  | 29   | 01 March 2024    | 01 March 2024    | 33.53           | 33.33         | 0.39     | 0.0  | 0.0       | 33.72 | 33.72 | 0.0        | 0.0  | 0.0         |
      | 3  | 31   | 01 April 2024    |                  | 0.0             | 33.53         | 0.2      | 0.0  | 0.0       | 33.73 | 0.0   | 0.0        | 0.0  | 33.73       |
  [32m✔[39m [32m[1mAnd [22mLoan Repayment schedule has the following data in Total row:[39m                                                                         [90m# org.apache.fineract.test.stepdef.loan.LoanStepDef.loanRepaymentScheduleAmountCheck(io.cucumber.datatable.DataTable)[39m
      | Principal due | Interest | Fees | Penalties | Due    | Paid  | In advance | Late | Outstanding |
      | 100.0         | 1.17     | 0.0  | 0.0       | 101.17 | 67.44 | 0.0        | 0.0  | 33.73       |
  [32m✔[39m [32m[1mThen [22mLoan Transactions tab has the following data:[39m                                                                                       [90m# org.apache.fineract.test.stepdef.loan.LoanStepDef.loanTransactionsTabCheck(io.cucumber.datatable.DataTable)[39m
      | Transaction date | Transaction Type          | Amount | Principal | Interest | Fees | Penalties | Loan Balance | Reverted |
      | 01 January 2024  | Disbursement              | 100.0  | 0.0       | 0.0      | 0.0  | 0.0       | 100.0        | false    |
      | 01 January 2024  | Buy Down Fee              | 50.0   | 0.0       | 50.0     | 0.0  | 0.0       | 0.0          | false    |
      | 01 January 2024  | Buy Down Fee Amortization | 0.55   | 0.0       | 0.55     | 0.0  | 0.0       | 0.0          | false    |
      | 02 January 2024  | Accrual                   | 0.02   | 0.0       | 0.02     | 0.0  | 0.0       | 0.0          | false    |
      | 02 January 2024  | Buy Down Fee Amortization | 0.55   | 0.0       | 0.55     | 0.0  | 0.0       | 0.0          | false    |
      | 03 January 2024  | Accrual                   | 0.02   | 0.0       | 0.02     | 0.0  | 0.0       | 0.0          | false    |
      | 03 January 2024  | Buy Down Fee Amortization | 0.55   | 0.0       | 0.55     | 0.0  | 0.0       | 0.0          | false    |
      | 04 January 2024  | Accrual                   | 0.02   | 0.0       | 0.02     | 0.0  | 0.0       | 0.0          | false    |
      | 04 January 2024  | Buy Down Fee Amortization | 0.55   | 0.0       | 0.55     | 0.0  | 0.0       | 0.0          | false    |
      | 05 January 2024  | Accrual                   | 0.02   | 0.0       | 0.02     | 0.0  | 0.0       | 0.0          | false    |
      | 05 January 2024  | Buy Down Fee Amortization | 0.55   | 0.0       | 0.55     | 0.0  | 0.0       | 0.0          | false    |
      | 06 January 2024  | Accrual                   | 0.01   | 0.0       | 0.01     | 0.0  | 0.0       | 0.0          | false    |
      | 06 January 2024  | Buy Down Fee Amortization | 0.55   | 0.0       | 0.55     | 0.0  | 0.0       | 0.0          | false    |
      | 07 January 2024  | Accrual                   | 0.02   | 0.0       | 0.02     | 0.0  | 0.0       | 0.0          | false    |
      | 07 January 2024  | Buy Down Fee Amortization | 0.55   | 0.0       | 0.55     | 0.0  | 0.0       | 0.0          | false    |
      | 08 January 2024  | Accrual                   | 0.02   | 0.0       | 0.02     | 0.0  | 0.0       | 0.0          | false    |
      | 08 January 2024  | Buy Down Fee Amortization | 0.55   | 0.0       | 0.55     | 0.0  | 0.0       | 0.0          | false    |
      | 09 January 2024  | Accrual                   | 0.02   | 0.0       | 0.02     | 0.0  | 0.0       | 0.0          | false    |
      | 09 January 2024  | Buy Down Fee Amortization | 0.55   | 0.0       | 0.55     | 0.0  | 0.0       | 0.0          | false    |
      | 10 January 2024  | Accrual                   | 0.02   | 0.0       | 0.02     | 0.0  | 0.0       | 0.0          | false    |
      | 10 January 2024  | Buy Down Fee Amortization | 0.54   | 0.0       | 0.54     | 0.0  | 0.0       | 0.0          | false    |
      | 11 January 2024  | Accrual                   | 0.02   | 0.0       | 0.02     | 0.0  | 0.0       | 0.0          | false    |
      | 11 January 2024  | Buy Down Fee Amortization | 0.55   | 0.0       | 0.55     | 0.0  | 0.0       | 0.0          | false    |
      | 12 January 2024  | Accrual                   | 0.02   | 0.0       | 0.02     | 0.0  | 0.0       | 0.0          | false    |
      | 12 January 2024  | Buy Down Fee Amortization | 0.55   | 0.0       | 0.55     | 0.0  | 0.0       | 0.0          | false    |
      | 13 January 2024  | Accrual                   | 0.02   | 0.0       | 0.02     | 0.0  | 0.0       | 0.0          | false    |
      | 13 January 2024  | Buy Down Fee Amortization | 0.55   | 0.0       | 0.55     | 0.0  | 0.0       | 0.0          | false    |
      | 14 January 2024  | Accrual                   | 0.01   | 0.0       | 0.01     | 0.0  | 0.0       | 0.0          | false    |
      | 14 January 2024  | Buy Down Fee Amortization | 0.55   | 0.0       | 0.55     | 0.0  | 0.0       | 0.0          | false    |
      | 15 January 2024  | Accrual                   | 0.02   | 0.0       | 0.02     | 0.0  | 0.0       | 0.0          | false    |
      | 15 January 2024  | Buy Down Fee Amortization | 0.55   | 0.0       | 0.55     | 0.0  | 0.0       | 0.0          | false    |
      | 16 January 2024  | Accrual                   | 0.02   | 0.0       | 0.02     | 0.0  | 0.0       | 0.0          | false    |
      | 16 January 2024  | Buy Down Fee Amortization | 0.55   | 0.0       | 0.55     | 0.0  | 0.0       | 0.0          | false    |
      | 17 January 2024  | Accrual                   | 0.02   | 0.0       | 0.02     | 0.0  | 0.0       | 0.0          | false    |
      | 17 January 2024  | Buy Down Fee Amortization | 0.55   | 0.0       | 0.55     | 0.0  | 0.0       | 0.0          | false    |
      | 18 January 2024  | Accrual                   | 0.02   | 0.0       | 0.02     | 0.0  | 0.0       | 0.0          | false    |
      | 18 January 2024  | Buy Down Fee Amortization | 0.55   | 0.0       | 0.55     | 0.0  | 0.0       | 0.0          | false    |
      | 19 January 2024  | Accrual                   | 0.02   | 0.0       | 0.02     | 0.0  | 0.0       | 0.0          | false    |
      | 19 January 2024  | Buy Down Fee Amortization | 0.55   | 0.0       | 0.55     | 0.0  | 0.0       | 0.0          | false    |
      | 20 January 2024  | Accrual                   | 0.02   | 0.0       | 0.02     | 0.0  | 0.0       | 0.0          | false    |
      | 20 January 2024  | Buy Down Fee Amortization | 0.55   | 0.0       | 0.55     | 0.0  | 0.0       | 0.0          | false    |
      | 21 January 2024  | Accrual                   | 0.02   | 0.0       | 0.02     | 0.0  | 0.0       | 0.0          | false    |
      | 21 January 2024  | Buy Down Fee Amortization | 0.55   | 0.0       | 0.55     | 0.0  | 0.0       | 0.0          | false    |
      | 22 January 2024  | Accrual                   | 0.02   | 0.0       | 0.02     | 0.0  | 0.0       | 0.0          | false    |
      | 22 January 2024  | Buy Down Fee Amortization | 0.55   | 0.0       | 0.55     | 0.0  | 0.0       | 0.0          | false    |
      | 23 January 2024  | Accrual                   | 0.01   | 0.0       | 0.01     | 0.0  | 0.0       | 0.0          | false    |
      | 23 January 2024  | Buy Down Fee Amortization | 0.55   | 0.0       | 0.55     | 0.0  | 0.0       | 0.0          | false    |
      | 24 January 2024  | Accrual                   | 0.02   | 0.0       | 0.02     | 0.0  | 0.0       | 0.0          | false    |
      | 24 January 2024  | Buy Down Fee Amortization | 0.55   | 0.0       | 0.55     | 0.0  | 0.0       | 0.0          | false    |
      | 25 January 2024  | Accrual                   | 0.02   | 0.0       | 0.02     | 0.0  | 0.0       | 0.0          | false    |
      | 25 January 2024  | Buy Down Fee Amortization | 0.55   | 0.0       | 0.55     | 0.0  | 0.0       | 0.0          | false    |
      | 26 January 2024  | Accrual                   | 0.02   | 0.0       | 0.02     | 0.0  | 0.0       | 0.0          | false    |
      | 26 January 2024  | Buy Down Fee Amortization | 0.55   | 0.0       | 0.55     | 0.0  | 0.0       | 0.0          | false    |
      | 27 January 2024  | Accrual                   | 0.02   | 0.0       | 0.02     | 0.0  | 0.0       | 0.0          | false    |
      | 27 January 2024  | Buy Down Fee Amortization | 0.55   | 0.0       | 0.55     | 0.0  | 0.0       | 0.0          | false    |
      | 28 January 2024  | Accrual                   | 0.02   | 0.0       | 0.02     | 0.0  | 0.0       | 0.0          | false    |
      | 28 January 2024  | Buy Down Fee Amortization | 0.54   | 0.0       | 0.54     | 0.0  | 0.0       | 0.0          | false    |
      | 29 January 2024  | Accrual                   | 0.02   | 0.0       | 0.02     | 0.0  | 0.0       | 0.0          | false    |
      | 29 January 2024  | Buy Down Fee Amortization | 0.55   | 0.0       | 0.55     | 0.0  | 0.0       | 0.0          | false    |
      | 30 January 2024  | Accrual                   | 0.02   | 0.0       | 0.02     | 0.0  | 0.0       | 0.0          | false    |
      | 30 January 2024  | Buy Down Fee Amortization | 0.55   | 0.0       | 0.55     | 0.0  | 0.0       | 0.0          | false    |
      | 31 January 2024  | Accrual                   | 0.01   | 0.0       | 0.01     | 0.0  | 0.0       | 0.0          | false    |
      | 31 January 2024  | Buy Down Fee Amortization | 0.55   | 0.0       | 0.55     | 0.0  | 0.0       | 0.0          | false    |
      | 01 February 2024 | Repayment                 | 33.72  | 33.14     | 0.58     | 0.0  | 0.0       | 66.86        | false    |
      | 01 February 2024 | Accrual                   | 0.02   | 0.0       | 0.02     | 0.0  | 0.0       | 0.0          | false    |
      | 01 February 2024 | Buy Down Fee Amortization | 0.55   | 0.0       | 0.55     | 0.0  | 0.0       | 0.0          | false    |
      | 02 February 2024 | Accrual                   | 0.01   | 0.0       | 0.01     | 0.0  | 0.0       | 0.0          | false    |
      | 02 February 2024 | Buy Down Fee Amortization | 0.55   | 0.0       | 0.55     | 0.0  | 0.0       | 0.0          | false    |
      | 03 February 2024 | Accrual                   | 0.02   | 0.0       | 0.02     | 0.0  | 0.0       | 0.0          | false    |
      | 03 February 2024 | Buy Down Fee Amortization | 0.55   | 0.0       | 0.55     | 0.0  | 0.0       | 0.0          | false    |
      | 04 February 2024 | Accrual                   | 0.01   | 0.0       | 0.01     | 0.0  | 0.0       | 0.0          | false    |
      | 04 February 2024 | Buy Down Fee Amortization | 0.55   | 0.0       | 0.55     | 0.0  | 0.0       | 0.0          | false    |
      | 05 February 2024 | Accrual                   | 0.01   | 0.0       | 0.01     | 0.0  | 0.0       | 0.0          | false    |
      | 05 February 2024 | Buy Down Fee Amortization | 0.55   | 0.0       | 0.55     | 0.0  | 0.0       | 0.0          | false    |
      | 06 February 2024 | Accrual                   | 0.02   | 0.0       | 0.02     | 0.0  | 0.0       | 0.0          | false    |
      | 06 February 2024 | Buy Down Fee Amortization | 0.55   | 0.0       | 0.55     | 0.0  | 0.0       | 0.0          | false    |
      | 07 February 2024 | Accrual                   | 0.01   | 0.0       | 0.01     | 0.0  | 0.0       | 0.0          | false    |
      | 07 February 2024 | Buy Down Fee Amortization | 0.55   | 0.0       | 0.55     | 0.0  | 0.0       | 0.0          | false    |
      | 08 February 2024 | Accrual                   | 0.01   | 0.0       | 0.01     | 0.0  | 0.0       | 0.0          | false    |
      | 08 February 2024 | Buy Down Fee Amortization | 0.55   | 0.0       | 0.55     | 0.0  | 0.0       | 0.0          | false    |
      | 09 February 2024 | Accrual                   | 0.02   | 0.0       | 0.02     | 0.0  | 0.0       | 0.0          | false    |
      | 09 February 2024 | Buy Down Fee Amortization | 0.55   | 0.0       | 0.55     | 0.0  | 0.0       | 0.0          | false    |
      | 10 February 2024 | Accrual                   | 0.01   | 0.0       | 0.01     | 0.0  | 0.0       | 0.0          | false    |
      | 10 February 2024 | Buy Down Fee Amortization | 0.55   | 0.0       | 0.55     | 0.0  | 0.0       | 0.0          | false    |
      | 11 February 2024 | Accrual                   | 0.01   | 0.0       | 0.01     | 0.0  | 0.0       | 0.0          | false    |
      | 11 February 2024 | Buy Down Fee Amortization | 0.55   | 0.0       | 0.55     | 0.0  | 0.0       | 0.0          | false    |
      | 12 February 2024 | Accrual                   | 0.02   | 0.0       | 0.02     | 0.0  | 0.0       | 0.0          | false    |
      | 12 February 2024 | Buy Down Fee Amortization | 0.55   | 0.0       | 0.55     | 0.0  | 0.0       | 0.0          | false    |
      | 13 February 2024 | Accrual                   | 0.01   | 0.0       | 0.01     | 0.0  | 0.0       | 0.0          | false    |
      | 13 February 2024 | Buy Down Fee Amortization | 0.55   | 0.0       | 0.55     | 0.0  | 0.0       | 0.0          | false    |
      | 14 February 2024 | Accrual                   | 0.01   | 0.0       | 0.01     | 0.0  | 0.0       | 0.0          | false    |
      | 14 February 2024 | Buy Down Fee Amortization | 0.55   | 0.0       | 0.55     | 0.0  | 0.0       | 0.0          | false    |
      | 15 February 2024 | Accrual                   | 0.02   | 0.0       | 0.02     | 0.0  | 0.0       | 0.0          | false    |
      | 15 February 2024 | Buy Down Fee Amortization | 0.54   | 0.0       | 0.54     | 0.0  | 0.0       | 0.0          | false    |
      | 16 February 2024 | Accrual                   | 0.01   | 0.0       | 0.01     | 0.0  | 0.0       | 0.0          | false    |
      | 16 February 2024 | Buy Down Fee Amortization | 0.55   | 0.0       | 0.55     | 0.0  | 0.0       | 0.0          | false    |
      | 17 February 2024 | Accrual                   | 0.02   | 0.0       | 0.02     | 0.0  | 0.0       | 0.0          | false    |
      | 17 February 2024 | Buy Down Fee Amortization | 0.55   | 0.0       | 0.55     | 0.0  | 0.0       | 0.0          | false    |
      | 18 February 2024 | Accrual                   | 0.01   | 0.0       | 0.01     | 0.0  | 0.0       | 0.0          | false    |
      | 18 February 2024 | Buy Down Fee Amortization | 0.55   | 0.0       | 0.55     | 0.0  | 0.0       | 0.0          | false    |
      | 19 February 2024 | Accrual                   | 0.01   | 0.0       | 0.01     | 0.0  | 0.0       | 0.0          | false    |
      | 19 February 2024 | Buy Down Fee Amortization | 0.55   | 0.0       | 0.55     | 0.0  | 0.0       | 0.0          | false    |
      | 20 February 2024 | Accrual                   | 0.02   | 0.0       | 0.02     | 0.0  | 0.0       | 0.0          | false    |
      | 20 February 2024 | Buy Down Fee Amortization | 0.55   | 0.0       | 0.55     | 0.0  | 0.0       | 0.0          | false    |
      | 21 February 2024 | Accrual                   | 0.01   | 0.0       | 0.01     | 0.0  | 0.0       | 0.0          | false    |
      | 21 February 2024 | Buy Down Fee Amortization | 0.55   | 0.0       | 0.55     | 0.0  | 0.0       | 0.0          | false    |
      | 22 February 2024 | Accrual                   | 0.01   | 0.0       | 0.01     | 0.0  | 0.0       | 0.0          | false    |
      | 22 February 2024 | Buy Down Fee Amortization | 0.55   | 0.0       | 0.55     | 0.0  | 0.0       | 0.0          | false    |
      | 23 February 2024 | Accrual                   | 0.02   | 0.0       | 0.02     | 0.0  | 0.0       | 0.0          | false    |
      | 23 February 2024 | Buy Down Fee Amortization | 0.55   | 0.0       | 0.55     | 0.0  | 0.0       | 0.0          | false    |
      | 24 February 2024 | Accrual                   | 0.01   | 0.0       | 0.01     | 0.0  | 0.0       | 0.0          | false    |
      | 24 February 2024 | Buy Down Fee Amortization | 0.55   | 0.0       | 0.55     | 0.0  | 0.0       | 0.0          | false    |
      | 25 February 2024 | Accrual                   | 0.01   | 0.0       | 0.01     | 0.0  | 0.0       | 0.0          | false    |
      | 25 February 2024 | Buy Down Fee Amortization | 0.55   | 0.0       | 0.55     | 0.0  | 0.0       | 0.0          | false    |
      | 26 February 2024 | Accrual                   | 0.02   | 0.0       | 0.02     | 0.0  | 0.0       | 0.0          | false    |
      | 26 February 2024 | Buy Down Fee Amortization | 0.55   | 0.0       | 0.55     | 0.0  | 0.0       | 0.0          | false    |
      | 27 February 2024 | Accrual                   | 0.01   | 0.0       | 0.01     | 0.0  | 0.0       | 0.0          | false    |
      | 27 February 2024 | Buy Down Fee Amortization | 0.55   | 0.0       | 0.55     | 0.0  | 0.0       | 0.0          | false    |
      | 28 February 2024 | Accrual                   | 0.01   | 0.0       | 0.01     | 0.0  | 0.0       | 0.0          | false    |
      | 28 February 2024 | Buy Down Fee Amortization | 0.55   | 0.0       | 0.55     | 0.0  | 0.0       | 0.0          | false    |
      | 29 February 2024 | Accrual                   | 0.02   | 0.0       | 0.02     | 0.0  | 0.0       | 0.0          | false    |
      | 29 February 2024 | Buy Down Fee Amortization | 0.55   | 0.0       | 0.55     | 0.0  | 0.0       | 0.0          | false    |
      | 01 March 2024    | Repayment                 | 33.72  | 33.33     | 0.39     | 0.0  | 0.0       | 33.53        | false    |
  [32m✔[39m [32m[1mAnd [22mLoanBuyDownFeeAmortizationTransactionCreatedBusinessEvent is created on [1m"29 February 2024"[22m[39m                                           [90m# org.apache.fineract.test.stepdef.loan.LoanStepDef.checkLoanBuyDownFeeAmortizationTransactionCreatedBusinessEvent(java.lang.String)[39m
  [32m✔[39m [32m[1mAnd [22mAdmin adds buy down fee adjustment with [1m"AUTOPAY"[22m payment type to the loan on [1m"01 March 2024"[22m with [1m"10"[22m EUR transaction amount[39m       [90m# org.apache.fineract.test.stepdef.loan.LoanStepDef.adminAddsBuyDownFeesAdjustmentToTheLoan(java.lang.String,java.lang.String,java.lang.String)[39m
  [32m✔[39m [32m[1mWhen [22mAdmin sets the business date to [1m"2 March 2024"[22m[39m                                                                                      [90m# org.apache.fineract.test.stepdef.common.BusinessDateStepDef.setBusinessDate(java.lang.String)[39m
  [32m✔[39m [32m[1mWhen [22mAdmin runs inline COB job for Loan[39m                                                                                                  [90m# org.apache.fineract.test.stepdef.loan.InlineCOBStepDef.runInlineCOB()[39m
  [32m✔[39m [32m[1mThen [22mLoan Repayment schedule has [1m3[22m periods, with the following data for periods:[39m                                                         [90m# org.apache.fineract.test.stepdef.loan.LoanStepDef.loanRepaymentSchedulePeriodsCheck(int,io.cucumber.datatable.DataTable)[39m
      | Nr | Days | Date             | Paid date        | Balance of loan | Principal due | Interest | Fees | Penalties | Due   | Paid  | In advance | Late | Outstanding |
      |    |      | 01 January 2024  |                  | 100.0           |               |          | 0.0  |           | 0.0   | 0.0   |            |      |             |
      | 1  | 31   | 01 February 2024 | 01 February 2024 | 66.86           | 33.14         | 0.58     | 0.0  | 0.0       | 33.72 | 33.72 | 0.0        | 0.0  | 0.0         |
      | 2  | 29   | 01 March 2024    | 01 March 2024    | 33.53           | 33.33         | 0.39     | 0.0  | 0.0       | 33.72 | 33.72 | 0.0        | 0.0  | 0.0         |
      | 3  | 31   | 01 April 2024    |                  | 0.0             | 33.53         | 0.2      | 0.0  | 0.0       | 33.73 | 0.0   | 0.0        | 0.0  | 33.73       |
  [32m✔[39m [32m[1mAnd [22mLoan Repayment schedule has the following data in Total row:[39m                                                                         [90m# org.apache.fineract.test.stepdef.loan.LoanStepDef.loanRepaymentScheduleAmountCheck(io.cucumber.datatable.DataTable)[39m
      | Principal due | Interest | Fees | Penalties | Due    | Paid  | In advance | Late | Outstanding |
      | 100.0         | 1.17     | 0.0  | 0.0       | 101.17 | 67.44 | 0.0        | 0.0  | 33.73       |
  [32m✔[39m [32m[1mThen [22mLoan Transactions tab has the following data:[39m                                                                                       [90m# org.apache.fineract.test.stepdef.loan.LoanStepDef.loanTransactionsTabCheck(io.cucumber.datatable.DataTable)[39m
      | Transaction date | Transaction Type          | Amount | Principal | Interest | Fees | Penalties | Loan Balance | Reverted |
      | 01 January 2024  | Disbursement              | 100.0  | 0.0       | 0.0      | 0.0  | 0.0       | 100.0        | false    |
      | 01 January 2024  | Buy Down Fee              | 50.0   | 0.0       | 50.0     | 0.0  | 0.0       | 0.0          | false    |
      | 01 January 2024  | Buy Down Fee Amortization | 0.55   | 0.0       | 0.55     | 0.0  | 0.0       | 0.0          | false    |
      | 02 January 2024  | Accrual                   | 0.02   | 0.0       | 0.02     | 0.0  | 0.0       | 0.0          | false    |
      | 02 January 2024  | Buy Down Fee Amortization | 0.55   | 0.0       | 0.55     | 0.0  | 0.0       | 0.0          | false    |
      | 03 January 2024  | Accrual                   | 0.02   | 0.0       | 0.02     | 0.0  | 0.0       | 0.0          | false    |
      | 03 January 2024  | Buy Down Fee Amortization | 0.55   | 0.0       | 0.55     | 0.0  | 0.0       | 0.0          | false    |
      | 04 January 2024  | Accrual                   | 0.02   | 0.0       | 0.02     | 0.0  | 0.0       | 0.0          | false    |
      | 04 January 2024  | Buy Down Fee Amortization | 0.55   | 0.0       | 0.55     | 0.0  | 0.0       | 0.0          | false    |
      | 05 January 2024  | Accrual                   | 0.02   | 0.0       | 0.02     | 0.0  | 0.0       | 0.0          | false    |
      | 05 January 2024  | Buy Down Fee Amortization | 0.55   | 0.0       | 0.55     | 0.0  | 0.0       | 0.0          | false    |
      | 06 January 2024  | Accrual                   | 0.01   | 0.0       | 0.01     | 0.0  | 0.0       | 0.0          | false    |
      | 06 January 2024  | Buy Down Fee Amortization | 0.55   | 0.0       | 0.55     | 0.0  | 0.0       | 0.0          | false    |
      | 07 January 2024  | Accrual                   | 0.02   | 0.0       | 0.02     | 0.0  | 0.0       | 0.0          | false    |
      | 07 January 2024  | Buy Down Fee Amortization | 0.55   | 0.0       | 0.55     | 0.0  | 0.0       | 0.0          | false    |
      | 08 January 2024  | Accrual                   | 0.02   | 0.0       | 0.02     | 0.0  | 0.0       | 0.0          | false    |
      | 08 January 2024  | Buy Down Fee Amortization | 0.55   | 0.0       | 0.55     | 0.0  | 0.0       | 0.0          | false    |
      | 09 January 2024  | Accrual                   | 0.02   | 0.0       | 0.02     | 0.0  | 0.0       | 0.0          | false    |
      | 09 January 2024  | Buy Down Fee Amortization | 0.55   | 0.0       | 0.55     | 0.0  | 0.0       | 0.0          | false    |
      | 10 January 2024  | Accrual                   | 0.02   | 0.0       | 0.02     | 0.0  | 0.0       | 0.0          | false    |
      | 10 January 2024  | Buy Down Fee Amortization | 0.54   | 0.0       | 0.54     | 0.0  | 0.0       | 0.0          | false    |
      | 11 January 2024  | Accrual                   | 0.02   | 0.0       | 0.02     | 0.0  | 0.0       | 0.0          | false    |
      | 11 January 2024  | Buy Down Fee Amortization | 0.55   | 0.0       | 0.55     | 0.0  | 0.0       | 0.0          | false    |
      | 12 January 2024  | Accrual                   | 0.02   | 0.0       | 0.02     | 0.0  | 0.0       | 0.0          | false    |
      | 12 January 2024  | Buy Down Fee Amortization | 0.55   | 0.0       | 0.55     | 0.0  | 0.0       | 0.0          | false    |
      | 13 January 2024  | Accrual                   | 0.02   | 0.0       | 0.02     | 0.0  | 0.0       | 0.0          | false    |
      | 13 January 2024  | Buy Down Fee Amortization | 0.55   | 0.0       | 0.55     | 0.0  | 0.0       | 0.0          | false    |
      | 14 January 2024  | Accrual                   | 0.01   | 0.0       | 0.01     | 0.0  | 0.0       | 0.0          | false    |
      | 14 January 2024  | Buy Down Fee Amortization | 0.55   | 0.0       | 0.55     | 0.0  | 0.0       | 0.0          | false    |
      | 15 January 2024  | Accrual                   | 0.02   | 0.0       | 0.02     | 0.0  | 0.0       | 0.0          | false    |
      | 15 January 2024  | Buy Down Fee Amortization | 0.55   | 0.0       | 0.55     | 0.0  | 0.0       | 0.0          | false    |
      | 16 January 2024  | Accrual                   | 0.02   | 0.0       | 0.02     | 0.0  | 0.0       | 0.0          | false    |
      | 16 January 2024  | Buy Down Fee Amortization | 0.55   | 0.0       | 0.55     | 0.0  | 0.0       | 0.0          | false    |
      | 17 January 2024  | Accrual                   | 0.02   | 0.0       | 0.02     | 0.0  | 0.0       | 0.0          | false    |
      | 17 January 2024  | Buy Down Fee Amortization | 0.55   | 0.0       | 0.55     | 0.0  | 0.0       | 0.0          | false    |
      | 18 January 2024  | Accrual                   | 0.02   | 0.0       | 0.02     | 0.0  | 0.0       | 0.0          | false    |
      | 18 January 2024  | Buy Down Fee Amortization | 0.55   | 0.0       | 0.55     | 0.0  | 0.0       | 0.0          | false    |
      | 19 January 2024  | Accrual                   | 0.02   | 0.0       | 0.02     | 0.0  | 0.0       | 0.0          | false    |
      | 19 January 2024  | Buy Down Fee Amortization | 0.55   | 0.0       | 0.55     | 0.0  | 0.0       | 0.0          | false    |
      | 20 January 2024  | Accrual                   | 0.02   | 0.0       | 0.02     | 0.0  | 0.0       | 0.0          | false    |
      | 20 January 2024  | Buy Down Fee Amortization | 0.55   | 0.0       | 0.55     | 0.0  | 0.0       | 0.0          | false    |
      | 21 January 2024  | Accrual                   | 0.02   | 0.0       | 0.02     | 0.0  | 0.0       | 0.0          | false    |
      | 21 January 2024  | Buy Down Fee Amortization | 0.55   | 0.0       | 0.55     | 0.0  | 0.0       | 0.0          | false    |
      | 22 January 2024  | Accrual                   | 0.02   | 0.0       | 0.02     | 0.0  | 0.0       | 0.0          | false    |
      | 22 January 2024  | Buy Down Fee Amortization | 0.55   | 0.0       | 0.55     | 0.0  | 0.0       | 0.0          | false    |
      | 23 January 2024  | Accrual                   | 0.01   | 0.0       | 0.01     | 0.0  | 0.0       | 0.0          | false    |
      | 23 January 2024  | Buy Down Fee Amortization | 0.55   | 0.0       | 0.55     | 0.0  | 0.0       | 0.0          | false    |
      | 24 January 2024  | Accrual                   | 0.02   | 0.0       | 0.02     | 0.0  | 0.0       | 0.0          | false    |
      | 24 January 2024  | Buy Down Fee Amortization | 0.55   | 0.0       | 0.55     | 0.0  | 0.0       | 0.0          | false    |
      | 25 January 2024  | Accrual                   | 0.02   | 0.0       | 0.02     | 0.0  | 0.0       | 0.0          | false    |
      | 25 January 2024  | Buy Down Fee Amortization | 0.55   | 0.0       | 0.55     | 0.0  | 0.0       | 0.0          | false    |
      | 26 January 2024  | Accrual                   | 0.02   | 0.0       | 0.02     | 0.0  | 0.0       | 0.0          | false    |
      | 26 January 2024  | Buy Down Fee Amortization | 0.55   | 0.0       | 0.55     | 0.0  | 0.0       | 0.0          | false    |
      | 27 January 2024  | Accrual                   | 0.02   | 0.0       | 0.02     | 0.0  | 0.0       | 0.0          | false    |
      | 27 January 2024  | Buy Down Fee Amortization | 0.55   | 0.0       | 0.55     | 0.0  | 0.0       | 0.0          | false    |
      | 28 January 2024  | Accrual                   | 0.02   | 0.0       | 0.02     | 0.0  | 0.0       | 0.0          | false    |
      | 28 January 2024  | Buy Down Fee Amortization | 0.54   | 0.0       | 0.54     | 0.0  | 0.0       | 0.0          | false    |
      | 29 January 2024  | Accrual                   | 0.02   | 0.0       | 0.02     | 0.0  | 0.0       | 0.0          | false    |
      | 29 January 2024  | Buy Down Fee Amortization | 0.55   | 0.0       | 0.55     | 0.0  | 0.0       | 0.0          | false    |
      | 30 January 2024  | Accrual                   | 0.02   | 0.0       | 0.02     | 0.0  | 0.0       | 0.0          | false    |
      | 30 January 2024  | Buy Down Fee Amortization | 0.55   | 0.0       | 0.55     | 0.0  | 0.0       | 0.0          | false    |
      | 31 January 2024  | Accrual                   | 0.01   | 0.0       | 0.01     | 0.0  | 0.0       | 0.0          | false    |
      | 31 January 2024  | Buy Down Fee Amortization | 0.55   | 0.0       | 0.55     | 0.0  | 0.0       | 0.0          | false    |
      | 01 February 2024 | Repayment                 | 33.72  | 33.14     | 0.58     | 0.0  | 0.0       | 66.86        | false    |
      | 01 February 2024 | Accrual                   | 0.02   | 0.0       | 0.02     | 0.0  | 0.0       | 0.0          | false    |
      | 01 February 2024 | Buy Down Fee Amortization | 0.55   | 0.0       | 0.55     | 0.0  | 0.0       | 0.0          | false    |
      | 02 February 2024 | Accrual                   | 0.01   | 0.0       | 0.01     | 0.0  | 0.0       | 0.0          | false    |
      | 02 February 2024 | Buy Down Fee Amortization | 0.55   | 0.0       | 0.55     | 0.0  | 0.0       | 0.0          | false    |
      | 03 February 2024 | Accrual                   | 0.02   | 0.0       | 0.02     | 0.0  | 0.0       | 0.0          | false    |
      | 03 February 2024 | Buy Down Fee Amortization | 0.55   | 0.0       | 0.55     | 0.0  | 0.0       | 0.0          | false    |
      | 04 February 2024 | Accrual                   | 0.01   | 0.0       | 0.01     | 0.0  | 0.0       | 0.0          | false    |
      | 04 February 2024 | Buy Down Fee Amortization | 0.55   | 0.0       | 0.55     | 0.0  | 0.0       | 0.0          | false    |
      | 05 February 2024 | Accrual                   | 0.01   | 0.0       | 0.01     | 0.0  | 0.0       | 0.0          | false    |
      | 05 February 2024 | Buy Down Fee Amortization | 0.55   | 0.0       | 0.55     | 0.0  | 0.0       | 0.0          | false    |
      | 06 February 2024 | Accrual                   | 0.02   | 0.0       | 0.02     | 0.0  | 0.0       | 0.0          | false    |
      | 06 February 2024 | Buy Down Fee Amortization | 0.55   | 0.0       | 0.55     | 0.0  | 0.0       | 0.0          | false    |
      | 07 February 2024 | Accrual                   | 0.01   | 0.0       | 0.01     | 0.0  | 0.0       | 0.0          | false    |
      | 07 February 2024 | Buy Down Fee Amortization | 0.55   | 0.0       | 0.55     | 0.0  | 0.0       | 0.0          | false    |
      | 08 February 2024 | Accrual                   | 0.01   | 0.0       | 0.01     | 0.0  | 0.0       | 0.0          | false    |
      | 08 February 2024 | Buy Down Fee Amortization | 0.55   | 0.0       | 0.55     | 0.0  | 0.0       | 0.0          | false    |
      | 09 February 2024 | Accrual                   | 0.02   | 0.0       | 0.02     | 0.0  | 0.0       | 0.0          | false    |
      | 09 February 2024 | Buy Down Fee Amortization | 0.55   | 0.0       | 0.55     | 0.0  | 0.0       | 0.0          | false    |
      | 10 February 2024 | Accrual                   | 0.01   | 0.0       | 0.01     | 0.0  | 0.0       | 0.0          | false    |
      | 10 February 2024 | Buy Down Fee Amortization | 0.55   | 0.0       | 0.55     | 0.0  | 0.0       | 0.0          | false    |
      | 11 February 2024 | Accrual                   | 0.01   | 0.0       | 0.01     | 0.0  | 0.0       | 0.0          | false    |
      | 11 February 2024 | Buy Down Fee Amortization | 0.55   | 0.0       | 0.55     | 0.0  | 0.0       | 0.0          | false    |
      | 12 February 2024 | Accrual                   | 0.02   | 0.0       | 0.02     | 0.0  | 0.0       | 0.0          | false    |
      | 12 February 2024 | Buy Down Fee Amortization | 0.55   | 0.0       | 0.55     | 0.0  | 0.0       | 0.0          | false    |
      | 13 February 2024 | Accrual                   | 0.01   | 0.0       | 0.01     | 0.0  | 0.0       | 0.0          | false    |
      | 13 February 2024 | Buy Down Fee Amortization | 0.55   | 0.0       | 0.55     | 0.0  | 0.0       | 0.0          | false    |
      | 14 February 2024 | Accrual                   | 0.01   | 0.0       | 0.01     | 0.0  | 0.0       | 0.0          | false    |
      | 14 February 2024 | Buy Down Fee Amortization | 0.55   | 0.0       | 0.55     | 0.0  | 0.0       | 0.0          | false    |
      | 15 February 2024 | Accrual                   | 0.02   | 0.0       | 0.02     | 0.0  | 0.0       | 0.0          | false    |
      | 15 February 2024 | Buy Down Fee Amortization | 0.54   | 0.0       | 0.54     | 0.0  | 0.0       | 0.0          | false    |
      | 16 February 2024 | Accrual                   | 0.01   | 0.0       | 0.01     | 0.0  | 0.0       | 0.0          | false    |
      | 16 February 2024 | Buy Down Fee Amortization | 0.55   | 0.0       | 0.55     | 0.0  | 0.0       | 0.0          | false    |
      | 17 February 2024 | Accrual                   | 0.02   | 0.0       | 0.02     | 0.0  | 0.0       | 0.0          | false    |
      | 17 February 2024 | Buy Down Fee Amortization | 0.55   | 0.0       | 0.55     | 0.0  | 0.0       | 0.0          | false    |
      | 18 February 2024 | Accrual                   | 0.01   | 0.0       | 0.01     | 0.0  | 0.0       | 0.0          | false    |
      | 18 February 2024 | Buy Down Fee Amortization | 0.55   | 0.0       | 0.55     | 0.0  | 0.0       | 0.0          | false    |
      | 19 February 2024 | Accrual                   | 0.01   | 0.0       | 0.01     | 0.0  | 0.0       | 0.0          | false    |
      | 19 February 2024 | Buy Down Fee Amortization | 0.55   | 0.0       | 0.55     | 0.0  | 0.0       | 0.0          | false    |
      | 20 February 2024 | Accrual                   | 0.02   | 0.0       | 0.02     | 0.0  | 0.0       | 0.0          | false    |
      | 20 February 2024 | Buy Down Fee Amortization | 0.55   | 0.0       | 0.55     | 0.0  | 0.0       | 0.0          | false    |
      | 21 February 2024 | Accrual                   | 0.01   | 0.0       | 0.01     | 0.0  | 0.0       | 0.0          | false    |
      | 21 February 2024 | Buy Down Fee Amortization | 0.55   | 0.0       | 0.55     | 0.0  | 0.0       | 0.0          | false    |
      | 22 February 2024 | Accrual                   | 0.01   | 0.0       | 0.01     | 0.0  | 0.0       | 0.0          | false    |
      | 22 February 2024 | Buy Down Fee Amortization | 0.55   | 0.0       | 0.55     | 0.0  | 0.0       | 0.0          | false    |
      | 23 February 2024 | Accrual                   | 0.02   | 0.0       | 0.02     | 0.0  | 0.0       | 0.0          | false    |
      | 23 February 2024 | Buy Down Fee Amortization | 0.55   | 0.0       | 0.55     | 0.0  | 0.0       | 0.0          | false    |
      | 24 February 2024 | Accrual                   | 0.01   | 0.0       | 0.01     | 0.0  | 0.0       | 0.0          | false    |
      | 24 February 2024 | Buy Down Fee Amortization | 0.55   | 0.0       | 0.55     | 0.0  | 0.0       | 0.0          | false    |
      | 25 February 2024 | Accrual                   | 0.01   | 0.0       | 0.01     | 0.0  | 0.0       | 0.0          | false    |
      | 25 February 2024 | Buy Down Fee Amortization | 0.55   | 0.0       | 0.55     | 0.0  | 0.0       | 0.0          | false    |
      | 26 February 2024 | Accrual                   | 0.02   | 0.0       | 0.02     | 0.0  | 0.0       | 0.0          | false    |
      | 26 February 2024 | Buy Down Fee Amortization | 0.55   | 0.0       | 0.55     | 0.0  | 0.0       | 0.0          | false    |
      | 27 February 2024 | Accrual                   | 0.01   | 0.0       | 0.01     | 0.0  | 0.0       | 0.0          | false    |
      | 27 February 2024 | Buy Down Fee Amortization | 0.55   | 0.0       | 0.55     | 0.0  | 0.0       | 0.0          | false    |
      | 28 February 2024 | Accrual                   | 0.01   | 0.0       | 0.01     | 0.0  | 0.0       | 0.0          | false    |
      | 28 February 2024 | Buy Down Fee Amortization | 0.55   | 0.0       | 0.55     | 0.0  | 0.0       | 0.0          | false    |
      | 29 February 2024 | Accrual                   | 0.02   | 0.0       | 0.02     | 0.0  | 0.0       | 0.0          | false    |
      | 29 February 2024 | Buy Down Fee Amortization | 0.55   | 0.0       | 0.55     | 0.0  | 0.0       | 0.0          | false    |
      | 01 March 2024    | Repayment                 | 33.72  | 33.33     | 0.39     | 0.0  | 0.0       | 33.53        | false    |
      | 01 March 2024    | Buy Down Fee Adjustment   | 10.0   | 0.0       | 10.0     | 0.0  | 0.0       | 0.0          | false    |
      | 01 March 2024    | Accrual                   | 0.01   | 0.0       | 0.01     | 0.0  | 0.0       | 0.0          | false    |
      | 01 March 2024    | Buy Down Fee Amortization | 0.22   | 0.0       | 0.22     | 0.0  | 0.0       | 0.0          | false    |
  [32m✔[39m [32m[1mAnd [22mLoan Transactions tab has a [1m"BUY_DOWN_FEE_ADJUSTMENT"[22m transaction with date [1m"01 March 2024"[22m which has the following Journal entries:[39m [90m# org.apache.fineract.test.stepdef.common.JournalEntriesStepDef.journalEntryDataCheck(java.lang.String,java.lang.String,io.cucumber.datatable.DataTable)[39m
      | Type      | Account code | Account name                | Debit | Credit |
      | EXPENSE   | 450280       | Buy Down Expense            |       | 10.0   |
      | LIABILITY | 145024       | Deferred Capitalized Income | 10.0  |        |
  [32m✔[39m [32m[1mAnd [22mBuy down fee by external-id contains the following data:[39m                                                                             [90m# org.apache.fineract.test.stepdef.loan.LoanStepDef.checkBuyDownFeeByExternalIdData(io.cucumber.datatable.DataTable)[39m
      | Date            | Fee Amount | Amortized Amount | Not Yet Amortized Amount | Adjusted Amount | Charged Off Amount |
      | 01 January 2024 | 50.0       | 33.19            | 6.81                     | 10.0            | 0.0                |
  [32m✔[39m [32m[1mAnd [22mLoanBuyDownFeeAmortizationTransactionCreatedBusinessEvent is created on [1m"01 March 2024"[22m[39m                                              [90m# org.apache.fineract.test.stepdef.loan.LoanStepDef.checkLoanBuyDownFeeAmortizationTransactionCreatedBusinessEvent(java.lang.String)[39m
  [32m✔[39m [32m[1mAnd [22mLoanBuyDownFeeAdjustmentTransactionCreatedBusinessEvent is created on [1m"01 March 2024"[22m[39m                                                [90m# org.apache.fineract.test.stepdef.loan.LoanStepDef.checkLoanBuyDownFeeAdjustmentTransactionCreatedBusinessEvent(java.lang.String)[39m
  [32m✔[39m [32m[1mWhen [22mCustomer undo [1m"1"[22mth [1m"Buy Down Fee Adjustment"[22m transaction made on [1m"01 March 2024"[22m[39m                                                   [90m# org.apache.fineract.test.stepdef.loan.LoanRepaymentStepDef.undoNthTransactionType(java.lang.String,java.lang.String,java.lang.String)[39m
  [32m✔[39m [32m[1mWhen [22mAdmin sets the business date to [1m"3 March 2024"[22m[39m                                                                                      [90m# org.apache.fineract.test.stepdef.common.BusinessDateStepDef.setBusinessDate(java.lang.String)[39m
  [32m✔[39m [32m[1mWhen [22mAdmin runs inline COB job for Loan[39m                                                                                                  [90m# org.apache.fineract.test.stepdef.loan.InlineCOBStepDef.runInlineCOB()[39m
  [32m✔[39m [32m[1mThen [22mLoan Transactions tab has the following data:[39m                                                                                       [90m# org.apache.fineract.test.stepdef.loan.LoanStepDef.loanTransactionsTabCheck(io.cucumber.datatable.DataTable)[39m
      | Transaction date | Transaction Type          | Amount | Principal | Interest | Fees | Penalties | Loan Balance | Reverted |
      | 01 January 2024  | Disbursement              | 100.0  | 0.0       | 0.0      | 0.0  | 0.0       | 100.0        | false    |
      | 01 January 2024  | Buy Down Fee              | 50.0   | 0.0       | 50.0     | 0.0  | 0.0       | 0.0          | false    |
      | 01 January 2024  | Buy Down Fee Amortization | 0.55   | 0.0       | 0.55     | 0.0  | 0.0       | 0.0          | false    |
      | 02 January 2024  | Accrual                   | 0.02   | 0.0       | 0.02     | 0.0  | 0.0       | 0.0          | false    |
      | 02 January 2024  | Buy Down Fee Amortization | 0.55   | 0.0       | 0.55     | 0.0  | 0.0       | 0.0          | false    |
      | 03 January 2024  | Accrual                   | 0.02   | 0.0       | 0.02     | 0.0  | 0.0       | 0.0          | false    |
      | 03 January 2024  | Buy Down Fee Amortization | 0.55   | 0.0       | 0.55     | 0.0  | 0.0       | 0.0          | false    |
      | 04 January 2024  | Accrual                   | 0.02   | 0.0       | 0.02     | 0.0  | 0.0       | 0.0          | false    |
      | 04 January 2024  | Buy Down Fee Amortization | 0.55   | 0.0       | 0.55     | 0.0  | 0.0       | 0.0          | false    |
      | 05 January 2024  | Accrual                   | 0.02   | 0.0       | 0.02     | 0.0  | 0.0       | 0.0          | false    |
      | 05 January 2024  | Buy Down Fee Amortization | 0.55   | 0.0       | 0.55     | 0.0  | 0.0       | 0.0          | false    |
      | 06 January 2024  | Accrual                   | 0.01   | 0.0       | 0.01     | 0.0  | 0.0       | 0.0          | false    |
      | 06 January 2024  | Buy Down Fee Amortization | 0.55   | 0.0       | 0.55     | 0.0  | 0.0       | 0.0          | false    |
      | 07 January 2024  | Accrual                   | 0.02   | 0.0       | 0.02     | 0.0  | 0.0       | 0.0          | false    |
      | 07 January 2024  | Buy Down Fee Amortization | 0.55   | 0.0       | 0.55     | 0.0  | 0.0       | 0.0          | false    |
      | 08 January 2024  | Accrual                   | 0.02   | 0.0       | 0.02     | 0.0  | 0.0       | 0.0          | false    |
      | 08 January 2024  | Buy Down Fee Amortization | 0.55   | 0.0       | 0.55     | 0.0  | 0.0       | 0.0          | false    |
      | 09 January 2024  | Accrual                   | 0.02   | 0.0       | 0.02     | 0.0  | 0.0       | 0.0          | false    |
      | 09 January 2024  | Buy Down Fee Amortization | 0.55   | 0.0       | 0.55     | 0.0  | 0.0       | 0.0          | false    |
      | 10 January 2024  | Accrual                   | 0.02   | 0.0       | 0.02     | 0.0  | 0.0       | 0.0          | false    |
      | 10 January 2024  | Buy Down Fee Amortization | 0.54   | 0.0       | 0.54     | 0.0  | 0.0       | 0.0          | false    |
      | 11 January 2024  | Accrual                   | 0.02   | 0.0       | 0.02     | 0.0  | 0.0       | 0.0          | false    |
      | 11 January 2024  | Buy Down Fee Amortization | 0.55   | 0.0       | 0.55     | 0.0  | 0.0       | 0.0          | false    |
      | 12 January 2024  | Accrual                   | 0.02   | 0.0       | 0.02     | 0.0  | 0.0       | 0.0          | false    |
      | 12 January 2024  | Buy Down Fee Amortization | 0.55   | 0.0       | 0.55     | 0.0  | 0.0       | 0.0          | false    |
      | 13 January 2024  | Accrual                   | 0.02   | 0.0       | 0.02     | 0.0  | 0.0       | 0.0          | false    |
      | 13 January 2024  | Buy Down Fee Amortization | 0.55   | 0.0       | 0.55     | 0.0  | 0.0       | 0.0          | false    |
      | 14 January 2024  | Accrual                   | 0.01   | 0.0       | 0.01     | 0.0  | 0.0       | 0.0          | false    |
      | 14 January 2024  | Buy Down Fee Amortization | 0.55   | 0.0       | 0.55     | 0.0  | 0.0       | 0.0          | false    |
      | 15 January 2024  | Accrual                   | 0.02   | 0.0       | 0.02     | 0.0  | 0.0       | 0.0          | false    |
      | 15 January 2024  | Buy Down Fee Amortization | 0.55   | 0.0       | 0.55     | 0.0  | 0.0       | 0.0          | false    |
      | 16 January 2024  | Accrual                   | 0.02   | 0.0       | 0.02     | 0.0  | 0.0       | 0.0          | false    |
      | 16 January 2024  | Buy Down Fee Amortization | 0.55   | 0.0       | 0.55     | 0.0  | 0.0       | 0.0          | false    |
      | 17 January 2024  | Accrual                   | 0.02   | 0.0       | 0.02     | 0.0  | 0.0       | 0.0          | false    |
      | 17 January 2024  | Buy Down Fee Amortization | 0.55   | 0.0       | 0.55     | 0.0  | 0.0       | 0.0          | false    |
      | 18 January 2024  | Accrual                   | 0.02   | 0.0       | 0.02     | 0.0  | 0.0       | 0.0          | false    |
      | 18 January 2024  | Buy Down Fee Amortization | 0.55   | 0.0       | 0.55     | 0.0  | 0.0       | 0.0          | false    |
      | 19 January 2024  | Accrual                   | 0.02   | 0.0       | 0.02     | 0.0  | 0.0       | 0.0          | false    |
      | 19 January 2024  | Buy Down Fee Amortization | 0.55   | 0.0       | 0.55     | 0.0  | 0.0       | 0.0          | false    |
      | 20 January 2024  | Accrual                   | 0.02   | 0.0       | 0.02     | 0.0  | 0.0       | 0.0          | false    |
      | 20 January 2024  | Buy Down Fee Amortization | 0.55   | 0.0       | 0.55     | 0.0  | 0.0       | 0.0          | false    |
      | 21 January 2024  | Accrual                   | 0.02   | 0.0       | 0.02     | 0.0  | 0.0       | 0.0          | false    |
      | 21 January 2024  | Buy Down Fee Amortization | 0.55   | 0.0       | 0.55     | 0.0  | 0.0       | 0.0          | false    |
      | 22 January 2024  | Accrual                   | 0.02   | 0.0       | 0.02     | 0.0  | 0.0       | 0.0          | false    |
      | 22 January 2024  | Buy Down Fee Amortization | 0.55   | 0.0       | 0.55     | 0.0  | 0.0       | 0.0          | false    |
      | 23 January 2024  | Accrual                   | 0.01   | 0.0       | 0.01     | 0.0  | 0.0       | 0.0          | false    |
      | 23 January 2024  | Buy Down Fee Amortization | 0.55   | 0.0       | 0.55     | 0.0  | 0.0       | 0.0          | false    |
      | 24 January 2024  | Accrual                   | 0.02   | 0.0       | 0.02     | 0.0  | 0.0       | 0.0          | false    |
      | 24 January 2024  | Buy Down Fee Amortization | 0.55   | 0.0       | 0.55     | 0.0  | 0.0       | 0.0          | false    |
      | 25 January 2024  | Accrual                   | 0.02   | 0.0       | 0.02     | 0.0  | 0.0       | 0.0          | false    |
      | 25 January 2024  | Buy Down Fee Amortization | 0.55   | 0.0       | 0.55     | 0.0  | 0.0       | 0.0          | false    |
      | 26 January 2024  | Accrual                   | 0.02   | 0.0       | 0.02     | 0.0  | 0.0       | 0.0          | false    |
      | 26 January 2024  | Buy Down Fee Amortization | 0.55   | 0.0       | 0.55     | 0.0  | 0.0       | 0.0          | false    |
      | 27 January 2024  | Accrual                   | 0.02   | 0.0       | 0.02     | 0.0  | 0.0       | 0.0          | false    |
      | 27 January 2024  | Buy Down Fee Amortization | 0.55   | 0.0       | 0.55     | 0.0  | 0.0       | 0.0          | false    |
      | 28 January 2024  | Accrual                   | 0.02   | 0.0       | 0.02     | 0.0  | 0.0       | 0.0          | false    |
      | 28 January 2024  | Buy Down Fee Amortization | 0.54   | 0.0       | 0.54     | 0.0  | 0.0       | 0.0          | false    |
      | 29 January 2024  | Accrual                   | 0.02   | 0.0       | 0.02     | 0.0  | 0.0       | 0.0          | false    |
      | 29 January 2024  | Buy Down Fee Amortization | 0.55   | 0.0       | 0.55     | 0.0  | 0.0       | 0.0          | false    |
      | 30 January 2024  | Accrual                   | 0.02   | 0.0       | 0.02     | 0.0  | 0.0       | 0.0          | false    |
      | 30 January 2024  | Buy Down Fee Amortization | 0.55   | 0.0       | 0.55     | 0.0  | 0.0       | 0.0          | false    |
      | 31 January 2024  | Accrual                   | 0.01   | 0.0       | 0.01     | 0.0  | 0.0       | 0.0          | false    |
      | 31 January 2024  | Buy Down Fee Amortization | 0.55   | 0.0       | 0.55     | 0.0  | 0.0       | 0.0          | false    |
      | 01 February 2024 | Repayment                 | 33.72  | 33.14     | 0.58     | 0.0  | 0.0       | 66.86        | false    |
      | 01 February 2024 | Accrual                   | 0.02   | 0.0       | 0.02     | 0.0  | 0.0       | 0.0          | false    |
      | 01 February 2024 | Buy Down Fee Amortization | 0.55   | 0.0       | 0.55     | 0.0  | 0.0       | 0.0          | false    |
      | 02 February 2024 | Accrual                   | 0.01   | 0.0       | 0.01     | 0.0  | 0.0       | 0.0          | false    |
      | 02 February 2024 | Buy Down Fee Amortization | 0.55   | 0.0       | 0.55     | 0.0  | 0.0       | 0.0          | false    |
      | 03 February 2024 | Accrual                   | 0.02   | 0.0       | 0.02     | 0.0  | 0.0       | 0.0          | false    |
      | 03 February 2024 | Buy Down Fee Amortization | 0.55   | 0.0       | 0.55     | 0.0  | 0.0       | 0.0          | false    |
      | 04 February 2024 | Accrual                   | 0.01   | 0.0       | 0.01     | 0.0  | 0.0       | 0.0          | false    |
      | 04 February 2024 | Buy Down Fee Amortization | 0.55   | 0.0       | 0.55     | 0.0  | 0.0       | 0.0          | false    |
      | 05 February 2024 | Accrual                   | 0.01   | 0.0       | 0.01     | 0.0  | 0.0       | 0.0          | false    |
      | 05 February 2024 | Buy Down Fee Amortization | 0.55   | 0.0       | 0.55     | 0.0  | 0.0       | 0.0          | false    |
      | 06 February 2024 | Accrual                   | 0.02   | 0.0       | 0.02     | 0.0  | 0.0       | 0.0          | false    |
      | 06 February 2024 | Buy Down Fee Amortization | 0.55   | 0.0       | 0.55     | 0.0  | 0.0       | 0.0          | false    |
      | 07 February 2024 | Accrual                   | 0.01   | 0.0       | 0.01     | 0.0  | 0.0       | 0.0          | false    |
      | 07 February 2024 | Buy Down Fee Amortization | 0.55   | 0.0       | 0.55     | 0.0  | 0.0       | 0.0          | false    |
      | 08 February 2024 | Accrual                   | 0.01   | 0.0       | 0.01     | 0.0  | 0.0       | 0.0          | false    |
      | 08 February 2024 | Buy Down Fee Amortization | 0.55   | 0.0       | 0.55     | 0.0  | 0.0       | 0.0          | false    |
      | 09 February 2024 | Accrual                   | 0.02   | 0.0       | 0.02     | 0.0  | 0.0       | 0.0          | false    |
      | 09 February 2024 | Buy Down Fee Amortization | 0.55   | 0.0       | 0.55     | 0.0  | 0.0       | 0.0          | false    |
      | 10 February 2024 | Accrual                   | 0.01   | 0.0       | 0.01     | 0.0  | 0.0       | 0.0          | false    |
      | 10 February 2024 | Buy Down Fee Amortization | 0.55   | 0.0       | 0.55     | 0.0  | 0.0       | 0.0          | false    |
      | 11 February 2024 | Accrual                   | 0.01   | 0.0       | 0.01     | 0.0  | 0.0       | 0.0          | false    |
      | 11 February 2024 | Buy Down Fee Amortization | 0.55   | 0.0       | 0.55     | 0.0  | 0.0       | 0.0          | false    |
      | 12 February 2024 | Accrual                   | 0.02   | 0.0       | 0.02     | 0.0  | 0.0       | 0.0          | false    |
      | 12 February 2024 | Buy Down Fee Amortization | 0.55   | 0.0       | 0.55     | 0.0  | 0.0       | 0.0          | false    |
      | 13 February 2024 | Accrual                   | 0.01   | 0.0       | 0.01     | 0.0  | 0.0       | 0.0          | false    |
      | 13 February 2024 | Buy Down Fee Amortization | 0.55   | 0.0       | 0.55     | 0.0  | 0.0       | 0.0          | false    |
      | 14 February 2024 | Accrual                   | 0.01   | 0.0       | 0.01     | 0.0  | 0.0       | 0.0          | false    |
      | 14 February 2024 | Buy Down Fee Amortization | 0.55   | 0.0       | 0.55     | 0.0  | 0.0       | 0.0          | false    |
      | 15 February 2024 | Accrual                   | 0.02   | 0.0       | 0.02     | 0.0  | 0.0       | 0.0          | false    |
      | 15 February 2024 | Buy Down Fee Amortization | 0.54   | 0.0       | 0.54     | 0.0  | 0.0       | 0.0          | false    |
      | 16 February 2024 | Accrual                   | 0.01   | 0.0       | 0.01     | 0.0  | 0.0       | 0.0          | false    |
      | 16 February 2024 | Buy Down Fee Amortization | 0.55   | 0.0       | 0.55     | 0.0  | 0.0       | 0.0          | false    |
      | 17 February 2024 | Accrual                   | 0.02   | 0.0       | 0.02     | 0.0  | 0.0       | 0.0          | false    |
      | 17 February 2024 | Buy Down Fee Amortization | 0.55   | 0.0       | 0.55     | 0.0  | 0.0       | 0.0          | false    |
      | 18 February 2024 | Accrual                   | 0.01   | 0.0       | 0.01     | 0.0  | 0.0       | 0.0          | false    |
      | 18 February 2024 | Buy Down Fee Amortization | 0.55   | 0.0       | 0.55     | 0.0  | 0.0       | 0.0          | false    |
      | 19 February 2024 | Accrual                   | 0.01   | 0.0       | 0.01     | 0.0  | 0.0       | 0.0          | false    |
      | 19 February 2024 | Buy Down Fee Amortization | 0.55   | 0.0       | 0.55     | 0.0  | 0.0       | 0.0          | false    |
      | 20 February 2024 | Accrual                   | 0.02   | 0.0       | 0.02     | 0.0  | 0.0       | 0.0          | false    |
      | 20 February 2024 | Buy Down Fee Amortization | 0.55   | 0.0       | 0.55     | 0.0  | 0.0       | 0.0          | false    |
      | 21 February 2024 | Accrual                   | 0.01   | 0.0       | 0.01     | 0.0  | 0.0       | 0.0          | false    |
      | 21 February 2024 | Buy Down Fee Amortization | 0.55   | 0.0       | 0.55     | 0.0  | 0.0       | 0.0          | false    |
      | 22 February 2024 | Accrual                   | 0.01   | 0.0       | 0.01     | 0.0  | 0.0       | 0.0          | false    |
      | 22 February 2024 | Buy Down Fee Amortization | 0.55   | 0.0       | 0.55     | 0.0  | 0.0       | 0.0          | false    |
      | 23 February 2024 | Accrual                   | 0.02   | 0.0       | 0.02     | 0.0  | 0.0       | 0.0          | false    |
      | 23 February 2024 | Buy Down Fee Amortization | 0.55   | 0.0       | 0.55     | 0.0  | 0.0       | 0.0          | false    |
      | 24 February 2024 | Accrual                   | 0.01   | 0.0       | 0.01     | 0.0  | 0.0       | 0.0          | false    |
      | 24 February 2024 | Buy Down Fee Amortization | 0.55   | 0.0       | 0.55     | 0.0  | 0.0       | 0.0          | false    |
      | 25 February 2024 | Accrual                   | 0.01   | 0.0       | 0.01     | 0.0  | 0.0       | 0.0          | false    |
      | 25 February 2024 | Buy Down Fee Amortization | 0.55   | 0.0       | 0.55     | 0.0  | 0.0       | 0.0          | false    |
      | 26 February 2024 | Accrual                   | 0.02   | 0.0       | 0.02     | 0.0  | 0.0       | 0.0          | false    |
      | 26 February 2024 | Buy Down Fee Amortization | 0.55   | 0.0       | 0.55     | 0.0  | 0.0       | 0.0          | false    |
      | 27 February 2024 | Accrual                   | 0.01   | 0.0       | 0.01     | 0.0  | 0.0       | 0.0          | false    |
      | 27 February 2024 | Buy Down Fee Amortization | 0.55   | 0.0       | 0.55     | 0.0  | 0.0       | 0.0          | false    |
      | 28 February 2024 | Accrual                   | 0.01   | 0.0       | 0.01     | 0.0  | 0.0       | 0.0          | false    |
      | 28 February 2024 | Buy Down Fee Amortization | 0.55   | 0.0       | 0.55     | 0.0  | 0.0       | 0.0          | false    |
      | 29 February 2024 | Accrual                   | 0.02   | 0.0       | 0.02     | 0.0  | 0.0       | 0.0          | false    |
      | 29 February 2024 | Buy Down Fee Amortization | 0.55   | 0.0       | 0.55     | 0.0  | 0.0       | 0.0          | false    |
      | 01 March 2024    | Repayment                 | 33.72  | 33.33     | 0.39     | 0.0  | 0.0       | 33.53        | false    |
      | 01 March 2024    | Buy Down Fee Adjustment   | 10.0   | 0.0       | 10.0     | 0.0  | 0.0       | 0.0          | true     |
      | 01 March 2024    | Accrual                   | 0.01   | 0.0       | 0.01     | 0.0  | 0.0       | 0.0          | false    |
      | 01 March 2024    | Buy Down Fee Amortization | 0.22   | 0.0       | 0.22     | 0.0  | 0.0       | 0.0          | false    |
      | 02 March 2024    | Accrual                   | 0.01   | 0.0       | 0.01     | 0.0  | 0.0       | 0.0          | false    |
      | 02 March 2024    | Buy Down Fee Amortization | 0.88   | 0.0       | 0.88     | 0.0  | 0.0       | 0.0          | false    |
  [32m✔[39m [32m[1mAnd [22mLoan Transactions tab has a [1m"BUY_DOWN_FEE_ADJUSTMENT"[22m transaction with date [1m"01 March 2024"[22m which has the following Journal entries:[39m [90m# org.apache.fineract.test.stepdef.common.JournalEntriesStepDef.journalEntryDataCheck(java.lang.String,java.lang.String,io.cucumber.datatable.DataTable)[39m
      | Type      | Account code | Account name                | Debit | Credit |
      | EXPENSE   | 450280       | Buy Down Expense            |       | 10.0   |
      | LIABILITY | 145024       | Deferred Capitalized Income | 10.0  |        |
      | EXPENSE   | 450280       | Buy Down Expense            | 10.0  |        |
      | LIABILITY | 145024       | Deferred Capitalized Income |       | 10.0   |
  [32m✔[39m [32m[1mAnd [22mBuy down fee by external-id contains the following data:[39m                                                                             [90m# org.apache.fineract.test.stepdef.loan.LoanStepDef.checkBuyDownFeeByExternalIdData(io.cucumber.datatable.DataTable)[39m
      | Date            | Fee Amount | Amortized Amount | Not Yet Amortized Amount | Adjusted Amount | Charged Off Amount |
      | 01 January 2024 | 50.0       | 34.07            | 15.93                    | 0.0             | 0.0                |
  [32m✔[39m [32m[1mAnd [22mLoanBuyDownFeeAmortizationTransactionCreatedBusinessEvent is created on [1m"02 March 2024"[22m[39m                                              [90m# org.apache.fineract.test.stepdef.loan.LoanStepDef.checkLoanBuyDownFeeAmortizationTransactionCreatedBusinessEvent(java.lang.String)[39m
  [32m✔[39m [32m[1mWhen [22mLoan Pay-off is made on [1m"03 March 2024"[22m[39m                                                                                             [90m# org.apache.fineract.test.stepdef.loan.LoanRepaymentStepDef.makeLoanPayOff(java.lang.String)[39m
  [32m✔[39m [32m[1mThen [22mLoan is closed with zero outstanding balance and it's all installments have obligations met[39m                                         [90m# org.apache.fineract.test.stepdef.loan.LoanStepDef.loanClosedAndInstallmentsObligationsMet()[39m

@BuyDownFeeFeature @TestRailId:C3887
[1mScenario:[22m Verify Buy Down Fee reversal - UC6                                                                                            [90m# fineract-e2e-tests-runner/src/test/resources/features/LoanBuyDownFees.feature:2188[39m
  [32m✔[39m [32m[1mWhen [22mAdmin sets the business date to [1m"01 January 2024"[22m[39m                                                                              [90m# org.apache.fineract.test.stepdef.common.BusinessDateStepDef.setBusinessDate(java.lang.String)[39m
  [32m✔[39m [32m[1mAnd [22mAdmin creates a client with random data[39m                                                                                         [90m# org.apache.fineract.test.stepdef.common.ClientStepDef.createClientRandomFirstNameLastName()[39m
  [32m✔[39m [32m[1mWhen [22mAdmin creates a fully customized loan with the following data:[39m                                                                 [90m# org.apache.fineract.test.stepdef.loan.LoanStepDef.createFullyCustomizedLoan(io.cucumber.datatable.DataTable)[39m
      | LoanProduct                                              | submitted on date | with Principal | ANNUAL interest rate % | interest type     | interest calculation period | amortization type  | loanTermFrequency | loanTermFrequencyType | repaymentEvery | repaymentFrequencyType | numberOfRepayments | graceOnPrincipalPayment | graceOnInterestPayment | interest free period | Payment strategy            |
      | LP2_PROGRESSIVE_ADVANCED_PAYMENT_ALLOCATION_BUYDOWN_FEES | 01 January 2024   | 100            | 7                      | DECLINING_BALANCE | DAILY                       | EQUAL_INSTALLMENTS | 3                 | MONTHS                | 1              | MONTHS                 | 3                  | 0                       | 0                      | 0                    | ADVANCED_PAYMENT_ALLOCATION |
  [32m✔[39m [32m[1mAnd [22mAdmin successfully approves the loan on [1m"01 January 2024"[22m with [1m"100"[22m amount and expected disbursement date on [1m"01 January 2024"[22m[39m [90m# org.apache.fineract.test.stepdef.loan.LoanStepDef.approveLoan(java.lang.String,java.lang.String,java.lang.String)[39m
  [32m✔[39m [32m[1mAnd [22mAdmin successfully disburse the loan on [1m"01 January 2024"[22m with [1m"100"[22m EUR transaction amount[39m                                     [90m# org.apache.fineract.test.stepdef.loan.LoanStepDef.disburseLoan(java.lang.String,java.lang.String)[39m
  [32m✔[39m [32m[1mAnd [22mAdmin adds buy down fee with [1m"AUTOPAY"[22m payment type to the loan on [1m"01 January 2024"[22m with [1m"50"[22m EUR transaction amount[39m           [90m# org.apache.fineract.test.stepdef.loan.LoanStepDef.adminAddsBuyDownFeesToTheLoanOnWithEURTransactionAmount(java.lang.String,java.lang.String,java.lang.String)[39m
  [32m✔[39m [32m[1mWhen [22mAdmin sets the business date to [1m"02 January 2024"[22m[39m                                                                              [90m# org.apache.fineract.test.stepdef.common.BusinessDateStepDef.setBusinessDate(java.lang.String)[39m
  [32m✔[39m [32m[1mAnd [22mAdmin runs inline COB job for Loan[39m                                                                                              [90m# org.apache.fineract.test.stepdef.loan.InlineCOBStepDef.runInlineCOB()[39m
  [32m✔[39m [32m[1mThen [22mLoan status will be [1m"ACTIVE"[22m[39m                                                                                                   [90m# org.apache.fineract.test.stepdef.loan.LoanStepDef.loanStatus(java.lang.String)[39m
  [32m✔[39m [32m[1mThen [22mLoan Repayment schedule has [1m3[22m periods, with the following data for periods:[39m                                                    [90m# org.apache.fineract.test.stepdef.loan.LoanStepDef.loanRepaymentSchedulePeriodsCheck(int,io.cucumber.datatable.DataTable)[39m
      | Nr | Days | Date             | Paid date | Balance of loan | Principal due | Interest | Fees | Penalties | Due   | Paid | In advance | Late | Outstanding |
      |    |      | 01 January 2024  |           | 100.0           |               |          | 0.0  |           | 0.0   | 0.0  |            |      |             |
      | 1  | 31   | 01 February 2024 |           | 66.86           | 33.14         | 0.58     | 0.0  | 0.0       | 33.72 | 0.0  | 0.0        | 0.0  | 33.72       |
      | 2  | 29   | 01 March 2024    |           | 33.53           | 33.33         | 0.39     | 0.0  | 0.0       | 33.72 | 0.0  | 0.0        | 0.0  | 33.72       |
      | 3  | 31   | 01 April 2024    |           | 0.0             | 33.53         | 0.2      | 0.0  | 0.0       | 33.73 | 0.0  | 0.0        | 0.0  | 33.73       |
  [32m✔[39m [32m[1mAnd [22mLoan Repayment schedule has the following data in Total row:[39m                                                                    [90m# org.apache.fineract.test.stepdef.loan.LoanStepDef.loanRepaymentScheduleAmountCheck(io.cucumber.datatable.DataTable)[39m
      | Principal due | Interest | Fees | Penalties | Due    | Paid | In advance | Late | Outstanding |
      | 100.0         | 1.17     | 0.0  | 0.0       | 101.17 | 0.0  | 0.0        | 0.0  | 101.17      |
  [32m✔[39m [32m[1mAnd [22mLoan Transactions tab has the following data:[39m                                                                                   [90m# org.apache.fineract.test.stepdef.loan.LoanStepDef.loanTransactionsTabCheck(io.cucumber.datatable.DataTable)[39m
      | Transaction date | Transaction Type          | Amount | Principal | Interest | Fees | Penalties | Loan Balance | Reverted |
      | 01 January 2024  | Disbursement              | 100.0  | 0.0       | 0.0      | 0.0  | 0.0       | 100.0        | false    |
      | 01 January 2024  | Buy Down Fee              | 50.0   | 0.0       | 50.0     | 0.0  | 0.0       | 0.0          | false    |
      | 01 January 2024  | Buy Down Fee Amortization | 0.55   | 0.0       | 0.55     | 0.0  | 0.0       | 0.0          | false    |
  [32m✔[39m [32m[1mAnd [22mLoan Transactions tab has a [1m"BUY_DOWN_FEE"[22m transaction with date [1m"01 January 2024"[22m which has the following Journal entries:[39m     [90m# org.apache.fineract.test.stepdef.common.JournalEntriesStepDef.journalEntryDataCheck(java.lang.String,java.lang.String,io.cucumber.datatable.DataTable)[39m
      | Type      | Account code | Account name                | Debit | Credit |
      | EXPENSE   | 450280       | Buy Down Expense            | 50.0  |        |
      | LIABILITY | 145024       | Deferred Capitalized Income |       | 50.0   |
  [32m✔[39m [32m[1mAnd [22mLoanBuyDownFeeTransactionCreatedBusinessEvent is created on [1m"01 January 2024"[22m[39m                                                   [90m# org.apache.fineract.test.stepdef.loan.LoanStepDef.checkLoanBuyDownFeeTransactionCreatedBusinessEvent(java.lang.String)[39m
  [32m✔[39m [32m[1mAnd [22mLoanBuyDownFeeAmortizationTransactionCreatedBusinessEvent is created on [1m"01 January 2024"[22m[39m                                       [90m# org.apache.fineract.test.stepdef.loan.LoanStepDef.checkLoanBuyDownFeeAmortizationTransactionCreatedBusinessEvent(java.lang.String)[39m
  [32m✔[39m [32m[1mWhen [22mAdmin sets the business date to [1m"1 February 2024"[22m[39m                                                                              [90m# org.apache.fineract.test.stepdef.common.BusinessDateStepDef.setBusinessDate(java.lang.String)[39m
  [32m✔[39m [32m[1mAnd [22mCustomer makes [1m"AUTOPAY"[22m repayment on [1m"01 February 2024"[22m with [1m33.72[22m EUR transaction amount[39m                                      [90m# org.apache.fineract.test.stepdef.loan.LoanRepaymentStepDef.makeLoanRepayment(java.lang.String,java.lang.String,double)[39m
  [32m✔[39m [32m[1mThen [22mLoan Repayment schedule has [1m3[22m periods, with the following data for periods:[39m                                                    [90m# org.apache.fineract.test.stepdef.loan.LoanStepDef.loanRepaymentSchedulePeriodsCheck(int,io.cucumber.datatable.DataTable)[39m
      | Nr | Days | Date             | Paid date        | Balance of loan | Principal due | Interest | Fees | Penalties | Due   | Paid  | In advance | Late | Outstanding |
      |    |      | 01 January 2024  |                  | 100.0           |               |          | 0.0  |           | 0.0   | 0.0   |            |      |             |
      | 1  | 31   | 01 February 2024 | 01 February 2024 | 66.86           | 33.14         | 0.58     | 0.0  | 0.0       | 33.72 | 33.72 | 0.0        | 0.0  | 0.0         |
      | 2  | 29   | 01 March 2024    |                  | 33.53           | 33.33         | 0.39     | 0.0  | 0.0       | 33.72 | 0.0   | 0.0        | 0.0  | 33.72       |
      | 3  | 31   | 01 April 2024    |                  | 0.0             | 33.53         | 0.2      | 0.0  | 0.0       | 33.73 | 0.0   | 0.0        | 0.0  | 33.73       |
  [32m✔[39m [32m[1mAnd [22mLoan Repayment schedule has the following data in Total row:[39m                                                                    [90m# org.apache.fineract.test.stepdef.loan.LoanStepDef.loanRepaymentScheduleAmountCheck(io.cucumber.datatable.DataTable)[39m
      | Principal due | Interest | Fees | Penalties | Due    | Paid  | In advance | Late | Outstanding |
      | 100.0         | 1.17     | 0.0  | 0.0       | 101.17 | 33.72 | 0.0        | 0.0  | 67.45       |
  [32m✔[39m [32m[1mAnd [22mLoan Transactions tab has the following data:[39m                                                                                   [90m# org.apache.fineract.test.stepdef.loan.LoanStepDef.loanTransactionsTabCheck(io.cucumber.datatable.DataTable)[39m
      | Transaction date | Transaction Type          | Amount | Principal | Interest | Fees | Penalties | Loan Balance | Reverted |
      | 01 January 2024  | Disbursement              | 100.0  | 0.0       | 0.0      | 0.0  | 0.0       | 100.0        | false    |
      | 01 January 2024  | Buy Down Fee              | 50.0   | 0.0       | 50.0     | 0.0  | 0.0       | 0.0          | false    |
      | 01 January 2024  | Buy Down Fee Amortization | 0.55   | 0.0       | 0.55     | 0.0  | 0.0       | 0.0          | false    |
      | 01 February 2024 | Repayment                 | 33.72  | 33.14     | 0.58     | 0.0  | 0.0       | 66.86        | false    |
  [32m✔[39m [32m[1mWhen [22mAdmin sets the business date to [1m"16 February 2024"[22m[39m                                                                             [90m# org.apache.fineract.test.stepdef.common.BusinessDateStepDef.setBusinessDate(java.lang.String)[39m
  [32m✔[39m [32m[1mAnd [22mAdmin runs inline COB job for Loan[39m                                                                                              [90m# org.apache.fineract.test.stepdef.loan.InlineCOBStepDef.runInlineCOB()[39m
  [32m✔[39m [32m[1mThen [22mLoan Repayment schedule has [1m3[22m periods, with the following data for periods:[39m                                                    [90m# org.apache.fineract.test.stepdef.loan.LoanStepDef.loanRepaymentSchedulePeriodsCheck(int,io.cucumber.datatable.DataTable)[39m
      | Nr | Days | Date             | Paid date        | Balance of loan | Principal due | Interest | Fees | Penalties | Due   | Paid  | In advance | Late | Outstanding |
      |    |      | 01 January 2024  |                  | 100.0           |               |          | 0.0  |           | 0.0   | 0.0   |            |      |             |
      | 1  | 31   | 01 February 2024 | 01 February 2024 | 66.86           | 33.14         | 0.58     | 0.0  | 0.0       | 33.72 | 33.72 | 0.0        | 0.0  | 0.0         |
      | 2  | 29   | 01 March 2024    |                  | 33.53           | 33.33         | 0.39     | 0.0  | 0.0       | 33.72 | 0.0   | 0.0        | 0.0  | 33.72       |
      | 3  | 31   | 01 April 2024    |                  | 0.0             | 33.53         | 0.2      | 0.0  | 0.0       | 33.73 | 0.0   | 0.0        | 0.0  | 33.73       |
  [32m✔[39m [32m[1mAnd [22mLoan Repayment schedule has the following data in Total row:[39m                                                                    [90m# org.apache.fineract.test.stepdef.loan.LoanStepDef.loanRepaymentScheduleAmountCheck(io.cucumber.datatable.DataTable)[39m
      | Principal due | Interest | Fees | Penalties | Due    | Paid  | In advance | Late | Outstanding |
      | 100.0         | 1.17     | 0.0  | 0.0       | 101.17 | 33.72 | 0.0        | 0.0  | 67.45       |
  [32m✔[39m [32m[1mThen [22mLoan Transactions tab has the following data:[39m                                                                                  [90m# org.apache.fineract.test.stepdef.loan.LoanStepDef.loanTransactionsTabCheck(io.cucumber.datatable.DataTable)[39m
      | Transaction date | Transaction Type          | Amount | Principal | Interest | Fees | Penalties | Loan Balance | Reverted |
      | 01 January 2024  | Disbursement              | 100.0  | 0.0       | 0.0      | 0.0  | 0.0       | 100.0        | false    |
      | 01 January 2024  | Buy Down Fee              | 50.0   | 0.0       | 50.0     | 0.0  | 0.0       | 0.0          | false    |
      | 01 January 2024  | Buy Down Fee Amortization | 0.55   | 0.0       | 0.55     | 0.0  | 0.0       | 0.0          | false    |
      | 02 January 2024  | Accrual                   | 0.02   | 0.0       | 0.02     | 0.0  | 0.0       | 0.0          | false    |
      | 02 January 2024  | Buy Down Fee Amortization | 0.55   | 0.0       | 0.55     | 0.0  | 0.0       | 0.0          | false    |
      | 03 January 2024  | Accrual                   | 0.02   | 0.0       | 0.02     | 0.0  | 0.0       | 0.0          | false    |
      | 03 January 2024  | Buy Down Fee Amortization | 0.55   | 0.0       | 0.55     | 0.0  | 0.0       | 0.0          | false    |
      | 04 January 2024  | Accrual                   | 0.02   | 0.0       | 0.02     | 0.0  | 0.0       | 0.0          | false    |
      | 04 January 2024  | Buy Down Fee Amortization | 0.55   | 0.0       | 0.55     | 0.0  | 0.0       | 0.0          | false    |
      | 05 January 2024  | Accrual                   | 0.02   | 0.0       | 0.02     | 0.0  | 0.0       | 0.0          | false    |
      | 05 January 2024  | Buy Down Fee Amortization | 0.55   | 0.0       | 0.55     | 0.0  | 0.0       | 0.0          | false    |
      | 06 January 2024  | Accrual                   | 0.01   | 0.0       | 0.01     | 0.0  | 0.0       | 0.0          | false    |
      | 06 January 2024  | Buy Down Fee Amortization | 0.55   | 0.0       | 0.55     | 0.0  | 0.0       | 0.0          | false    |
      | 07 January 2024  | Accrual                   | 0.02   | 0.0       | 0.02     | 0.0  | 0.0       | 0.0          | false    |
      | 07 January 2024  | Buy Down Fee Amortization | 0.55   | 0.0       | 0.55     | 0.0  | 0.0       | 0.0          | false    |
      | 08 January 2024  | Accrual                   | 0.02   | 0.0       | 0.02     | 0.0  | 0.0       | 0.0          | false    |
      | 08 January 2024  | Buy Down Fee Amortization | 0.55   | 0.0       | 0.55     | 0.0  | 0.0       | 0.0          | false    |
      | 09 January 2024  | Accrual                   | 0.02   | 0.0       | 0.02     | 0.0  | 0.0       | 0.0          | false    |
      | 09 January 2024  | Buy Down Fee Amortization | 0.55   | 0.0       | 0.55     | 0.0  | 0.0       | 0.0          | false    |
      | 10 January 2024  | Accrual                   | 0.02   | 0.0       | 0.02     | 0.0  | 0.0       | 0.0          | false    |
      | 10 January 2024  | Buy Down Fee Amortization | 0.54   | 0.0       | 0.54     | 0.0  | 0.0       | 0.0          | false    |
      | 11 January 2024  | Accrual                   | 0.02   | 0.0       | 0.02     | 0.0  | 0.0       | 0.0          | false    |
      | 11 January 2024  | Buy Down Fee Amortization | 0.55   | 0.0       | 0.55     | 0.0  | 0.0       | 0.0          | false    |
      | 12 January 2024  | Accrual                   | 0.02   | 0.0       | 0.02     | 0.0  | 0.0       | 0.0          | false    |
      | 12 January 2024  | Buy Down Fee Amortization | 0.55   | 0.0       | 0.55     | 0.0  | 0.0       | 0.0          | false    |
      | 13 January 2024  | Accrual                   | 0.02   | 0.0       | 0.02     | 0.0  | 0.0       | 0.0          | false    |
      | 13 January 2024  | Buy Down Fee Amortization | 0.55   | 0.0       | 0.55     | 0.0  | 0.0       | 0.0          | false    |
      | 14 January 2024  | Accrual                   | 0.01   | 0.0       | 0.01     | 0.0  | 0.0       | 0.0          | false    |
      | 14 January 2024  | Buy Down Fee Amortization | 0.55   | 0.0       | 0.55     | 0.0  | 0.0       | 0.0          | false    |
      | 15 January 2024  | Accrual                   | 0.02   | 0.0       | 0.02     | 0.0  | 0.0       | 0.0          | false    |
      | 15 January 2024  | Buy Down Fee Amortization | 0.55   | 0.0       | 0.55     | 0.0  | 0.0       | 0.0          | false    |
      | 16 January 2024  | Accrual                   | 0.02   | 0.0       | 0.02     | 0.0  | 0.0       | 0.0          | false    |
      | 16 January 2024  | Buy Down Fee Amortization | 0.55   | 0.0       | 0.55     | 0.0  | 0.0       | 0.0          | false    |
      | 17 January 2024  | Accrual                   | 0.02   | 0.0       | 0.02     | 0.0  | 0.0       | 0.0          | false    |
      | 17 January 2024  | Buy Down Fee Amortization | 0.55   | 0.0       | 0.55     | 0.0  | 0.0       | 0.0          | false    |
      | 18 January 2024  | Accrual                   | 0.02   | 0.0       | 0.02     | 0.0  | 0.0       | 0.0          | false    |
      | 18 January 2024  | Buy Down Fee Amortization | 0.55   | 0.0       | 0.55     | 0.0  | 0.0       | 0.0          | false    |
      | 19 January 2024  | Accrual                   | 0.02   | 0.0       | 0.02     | 0.0  | 0.0       | 0.0          | false    |
      | 19 January 2024  | Buy Down Fee Amortization | 0.55   | 0.0       | 0.55     | 0.0  | 0.0       | 0.0          | false    |
      | 20 January 2024  | Accrual                   | 0.02   | 0.0       | 0.02     | 0.0  | 0.0       | 0.0          | false    |
      | 20 January 2024  | Buy Down Fee Amortization | 0.55   | 0.0       | 0.55     | 0.0  | 0.0       | 0.0          | false    |
      | 21 January 2024  | Accrual                   | 0.02   | 0.0       | 0.02     | 0.0  | 0.0       | 0.0          | false    |
      | 21 January 2024  | Buy Down Fee Amortization | 0.55   | 0.0       | 0.55     | 0.0  | 0.0       | 0.0          | false    |
      | 22 January 2024  | Accrual                   | 0.02   | 0.0       | 0.02     | 0.0  | 0.0       | 0.0          | false    |
      | 22 January 2024  | Buy Down Fee Amortization | 0.55   | 0.0       | 0.55     | 0.0  | 0.0       | 0.0          | false    |
      | 23 January 2024  | Accrual                   | 0.01   | 0.0       | 0.01     | 0.0  | 0.0       | 0.0          | false    |
      | 23 January 2024  | Buy Down Fee Amortization | 0.55   | 0.0       | 0.55     | 0.0  | 0.0       | 0.0          | false    |
      | 24 January 2024  | Accrual                   | 0.02   | 0.0       | 0.02     | 0.0  | 0.0       | 0.0          | false    |
      | 24 January 2024  | Buy Down Fee Amortization | 0.55   | 0.0       | 0.55     | 0.0  | 0.0       | 0.0          | false    |
      | 25 January 2024  | Accrual                   | 0.02   | 0.0       | 0.02     | 0.0  | 0.0       | 0.0          | false    |
      | 25 January 2024  | Buy Down Fee Amortization | 0.55   | 0.0       | 0.55     | 0.0  | 0.0       | 0.0          | false    |
      | 26 January 2024  | Accrual                   | 0.02   | 0.0       | 0.02     | 0.0  | 0.0       | 0.0          | false    |
      | 26 January 2024  | Buy Down Fee Amortization | 0.55   | 0.0       | 0.55     | 0.0  | 0.0       | 0.0          | false    |
      | 27 January 2024  | Accrual                   | 0.02   | 0.0       | 0.02     | 0.0  | 0.0       | 0.0          | false    |
      | 27 January 2024  | Buy Down Fee Amortization | 0.55   | 0.0       | 0.55     | 0.0  | 0.0       | 0.0          | false    |
      | 28 January 2024  | Accrual                   | 0.02   | 0.0       | 0.02     | 0.0  | 0.0       | 0.0          | false    |
      | 28 January 2024  | Buy Down Fee Amortization | 0.54   | 0.0       | 0.54     | 0.0  | 0.0       | 0.0          | false    |
      | 29 January 2024  | Accrual                   | 0.02   | 0.0       | 0.02     | 0.0  | 0.0       | 0.0          | false    |
      | 29 January 2024  | Buy Down Fee Amortization | 0.55   | 0.0       | 0.55     | 0.0  | 0.0       | 0.0          | false    |
      | 30 January 2024  | Accrual                   | 0.02   | 0.0       | 0.02     | 0.0  | 0.0       | 0.0          | false    |
      | 30 January 2024  | Buy Down Fee Amortization | 0.55   | 0.0       | 0.55     | 0.0  | 0.0       | 0.0          | false    |
      | 31 January 2024  | Accrual                   | 0.01   | 0.0       | 0.01     | 0.0  | 0.0       | 0.0          | false    |
      | 31 January 2024  | Buy Down Fee Amortization | 0.55   | 0.0       | 0.55     | 0.0  | 0.0       | 0.0          | false    |
      | 01 February 2024 | Repayment                 | 33.72  | 33.14     | 0.58     | 0.0  | 0.0       | 66.86        | false    |
      | 01 February 2024 | Accrual                   | 0.02   | 0.0       | 0.02     | 0.0  | 0.0       | 0.0          | false    |
      | 01 February 2024 | Buy Down Fee Amortization | 0.55   | 0.0       | 0.55     | 0.0  | 0.0       | 0.0          | false    |
      | 02 February 2024 | Accrual                   | 0.01   | 0.0       | 0.01     | 0.0  | 0.0       | 0.0          | false    |
      | 02 February 2024 | Buy Down Fee Amortization | 0.55   | 0.0       | 0.55     | 0.0  | 0.0       | 0.0          | false    |
      | 03 February 2024 | Accrual                   | 0.02   | 0.0       | 0.02     | 0.0  | 0.0       | 0.0          | false    |
      | 03 February 2024 | Buy Down Fee Amortization | 0.55   | 0.0       | 0.55     | 0.0  | 0.0       | 0.0          | false    |
      | 04 February 2024 | Accrual                   | 0.01   | 0.0       | 0.01     | 0.0  | 0.0       | 0.0          | false    |
      | 04 February 2024 | Buy Down Fee Amortization | 0.55   | 0.0       | 0.55     | 0.0  | 0.0       | 0.0          | false    |
      | 05 February 2024 | Accrual                   | 0.01   | 0.0       | 0.01     | 0.0  | 0.0       | 0.0          | false    |
      | 05 February 2024 | Buy Down Fee Amortization | 0.55   | 0.0       | 0.55     | 0.0  | 0.0       | 0.0          | false    |
      | 06 February 2024 | Accrual                   | 0.02   | 0.0       | 0.02     | 0.0  | 0.0       | 0.0          | false    |
      | 06 February 2024 | Buy Down Fee Amortization | 0.55   | 0.0       | 0.55     | 0.0  | 0.0       | 0.0          | false    |
      | 07 February 2024 | Accrual                   | 0.01   | 0.0       | 0.01     | 0.0  | 0.0       | 0.0          | false    |
      | 07 February 2024 | Buy Down Fee Amortization | 0.55   | 0.0       | 0.55     | 0.0  | 0.0       | 0.0          | false    |
      | 08 February 2024 | Accrual                   | 0.01   | 0.0       | 0.01     | 0.0  | 0.0       | 0.0          | false    |
      | 08 February 2024 | Buy Down Fee Amortization | 0.55   | 0.0       | 0.55     | 0.0  | 0.0       | 0.0          | false    |
      | 09 February 2024 | Accrual                   | 0.02   | 0.0       | 0.02     | 0.0  | 0.0       | 0.0          | false    |
      | 09 February 2024 | Buy Down Fee Amortization | 0.55   | 0.0       | 0.55     | 0.0  | 0.0       | 0.0          | false    |
      | 10 February 2024 | Accrual                   | 0.01   | 0.0       | 0.01     | 0.0  | 0.0       | 0.0          | false    |
      | 10 February 2024 | Buy Down Fee Amortization | 0.55   | 0.0       | 0.55     | 0.0  | 0.0       | 0.0          | false    |
      | 11 February 2024 | Accrual                   | 0.01   | 0.0       | 0.01     | 0.0  | 0.0       | 0.0          | false    |
      | 11 February 2024 | Buy Down Fee Amortization | 0.55   | 0.0       | 0.55     | 0.0  | 0.0       | 0.0          | false    |
      | 12 February 2024 | Accrual                   | 0.02   | 0.0       | 0.02     | 0.0  | 0.0       | 0.0          | false    |
      | 12 February 2024 | Buy Down Fee Amortization | 0.55   | 0.0       | 0.55     | 0.0  | 0.0       | 0.0          | false    |
      | 13 February 2024 | Accrual                   | 0.01   | 0.0       | 0.01     | 0.0  | 0.0       | 0.0          | false    |
      | 13 February 2024 | Buy Down Fee Amortization | 0.55   | 0.0       | 0.55     | 0.0  | 0.0       | 0.0          | false    |
      | 14 February 2024 | Accrual                   | 0.01   | 0.0       | 0.01     | 0.0  | 0.0       | 0.0          | false    |
      | 14 February 2024 | Buy Down Fee Amortization | 0.55   | 0.0       | 0.55     | 0.0  | 0.0       | 0.0          | false    |
      | 15 February 2024 | Accrual                   | 0.02   | 0.0       | 0.02     | 0.0  | 0.0       | 0.0          | false    |
      | 15 February 2024 | Buy Down Fee Amortization | 0.54   | 0.0       | 0.54     | 0.0  | 0.0       | 0.0          | false    |
  [32m✔[39m [32m[1mAnd [22mLoanBuyDownFeeAmortizationTransactionCreatedBusinessEvent is created on [1m"15 February 2024"[22m[39m                                      [90m# org.apache.fineract.test.stepdef.loan.LoanStepDef.checkLoanBuyDownFeeAmortizationTransactionCreatedBusinessEvent(java.lang.String)[39m
  [32m✔[39m [32m[1mWhen [22mCustomer undo [1m"1"[22mth [1m"Buy Down Fee"[22m transaction made on [1m"01 January 2024"[22m[39m                                                       [90m# org.apache.fineract.test.stepdef.loan.LoanRepaymentStepDef.undoNthTransactionType(java.lang.String,java.lang.String,java.lang.String)[39m
  [32m✔[39m [32m[1mWhen [22mAdmin sets the business date to [1m"17 February 2024"[22m[39m                                                                             [90m# org.apache.fineract.test.stepdef.common.BusinessDateStepDef.setBusinessDate(java.lang.String)[39m
  [32m✔[39m [32m[1mAnd [22mAdmin runs inline COB job for Loan[39m                                                                                              [90m# org.apache.fineract.test.stepdef.loan.InlineCOBStepDef.runInlineCOB()[39m
  [32m✔[39m [32m[1mThen [22mLoan Repayment schedule has [1m3[22m periods, with the following data for periods:[39m                                                    [90m# org.apache.fineract.test.stepdef.loan.LoanStepDef.loanRepaymentSchedulePeriodsCheck(int,io.cucumber.datatable.DataTable)[39m
      | Nr | Days | Date             | Paid date        | Balance of loan | Principal due | Interest | Fees | Penalties | Due   | Paid  | In advance | Late | Outstanding |
      |    |      | 01 January 2024  |                  | 100.0           |               |          | 0.0  |           | 0.0   | 0.0   |            |      |             |
      | 1  | 31   | 01 February 2024 | 01 February 2024 | 66.86           | 33.14         | 0.58     | 0.0  | 0.0       | 33.72 | 33.72 | 0.0        | 0.0  | 0.0         |
      | 2  | 29   | 01 March 2024    |                  | 33.53           | 33.33         | 0.39     | 0.0  | 0.0       | 33.72 | 0.0   | 0.0        | 0.0  | 33.72       |
      | 3  | 31   | 01 April 2024    |                  | 0.0             | 33.53         | 0.2      | 0.0  | 0.0       | 33.73 | 0.0   | 0.0        | 0.0  | 33.73       |
  [32m✔[39m [32m[1mAnd [22mLoan Repayment schedule has the following data in Total row:[39m                                                                    [90m# org.apache.fineract.test.stepdef.loan.LoanStepDef.loanRepaymentScheduleAmountCheck(io.cucumber.datatable.DataTable)[39m
      | Principal due | Interest | Fees | Penalties | Due    | Paid  | In advance | Late | Outstanding |
      | 100.0         | 1.17     | 0.0  | 0.0       | 101.17 | 33.72 | 0.0        | 0.0  | 67.45       |
  [32m✔[39m [32m[1mThen [22mLoan Transactions tab has the following data:[39m                                                                                  [90m# org.apache.fineract.test.stepdef.loan.LoanStepDef.loanTransactionsTabCheck(io.cucumber.datatable.DataTable)[39m
      | Transaction date | Transaction Type                     | Amount | Principal | Interest | Fees | Penalties | Loan Balance | Reverted |
      | 01 January 2024  | Disbursement                         | 100.0  | 0.0       | 0.0      | 0.0  | 0.0       | 100.0        | false    |
      | 01 January 2024  | Buy Down Fee                         | 50.0   | 0.0       | 50.0     | 0.0  | 0.0       | 0.0          | true     |
      | 01 January 2024  | Buy Down Fee Amortization            | 0.55   | 0.0       | 0.55     | 0.0  | 0.0       | 0.0          | false    |
      | 02 January 2024  | Accrual                              | 0.02   | 0.0       | 0.02     | 0.0  | 0.0       | 0.0          | false    |
      | 02 January 2024  | Buy Down Fee Amortization            | 0.55   | 0.0       | 0.55     | 0.0  | 0.0       | 0.0          | false    |
      | 03 January 2024  | Accrual                              | 0.02   | 0.0       | 0.02     | 0.0  | 0.0       | 0.0          | false    |
      | 03 January 2024  | Buy Down Fee Amortization            | 0.55   | 0.0       | 0.55     | 0.0  | 0.0       | 0.0          | false    |
      | 04 January 2024  | Accrual                              | 0.02   | 0.0       | 0.02     | 0.0  | 0.0       | 0.0          | false    |
      | 04 January 2024  | Buy Down Fee Amortization            | 0.55   | 0.0       | 0.55     | 0.0  | 0.0       | 0.0          | false    |
      | 05 January 2024  | Accrual                              | 0.02   | 0.0       | 0.02     | 0.0  | 0.0       | 0.0          | false    |
      | 05 January 2024  | Buy Down Fee Amortization            | 0.55   | 0.0       | 0.55     | 0.0  | 0.0       | 0.0          | false    |
      | 06 January 2024  | Accrual                              | 0.01   | 0.0       | 0.01     | 0.0  | 0.0       | 0.0          | false    |
      | 06 January 2024  | Buy Down Fee Amortization            | 0.55   | 0.0       | 0.55     | 0.0  | 0.0       | 0.0          | false    |
      | 07 January 2024  | Accrual                              | 0.02   | 0.0       | 0.02     | 0.0  | 0.0       | 0.0          | false    |
      | 07 January 2024  | Buy Down Fee Amortization            | 0.55   | 0.0       | 0.55     | 0.0  | 0.0       | 0.0          | false    |
      | 08 January 2024  | Accrual                              | 0.02   | 0.0       | 0.02     | 0.0  | 0.0       | 0.0          | false    |
      | 08 January 2024  | Buy Down Fee Amortization            | 0.55   | 0.0       | 0.55     | 0.0  | 0.0       | 0.0          | false    |
      | 09 January 2024  | Accrual                              | 0.02   | 0.0       | 0.02     | 0.0  | 0.0       | 0.0          | false    |
      | 09 January 2024  | Buy Down Fee Amortization            | 0.55   | 0.0       | 0.55     | 0.0  | 0.0       | 0.0          | false    |
      | 10 January 2024  | Accrual                              | 0.02   | 0.0       | 0.02     | 0.0  | 0.0       | 0.0          | false    |
      | 10 January 2024  | Buy Down Fee Amortization            | 0.54   | 0.0       | 0.54     | 0.0  | 0.0       | 0.0          | false    |
      | 11 January 2024  | Accrual                              | 0.02   | 0.0       | 0.02     | 0.0  | 0.0       | 0.0          | false    |
      | 11 January 2024  | Buy Down Fee Amortization            | 0.55   | 0.0       | 0.55     | 0.0  | 0.0       | 0.0          | false    |
      | 12 January 2024  | Accrual                              | 0.02   | 0.0       | 0.02     | 0.0  | 0.0       | 0.0          | false    |
      | 12 January 2024  | Buy Down Fee Amortization            | 0.55   | 0.0       | 0.55     | 0.0  | 0.0       | 0.0          | false    |
      | 13 January 2024  | Accrual                              | 0.02   | 0.0       | 0.02     | 0.0  | 0.0       | 0.0          | false    |
      | 13 January 2024  | Buy Down Fee Amortization            | 0.55   | 0.0       | 0.55     | 0.0  | 0.0       | 0.0          | false    |
      | 14 January 2024  | Accrual                              | 0.01   | 0.0       | 0.01     | 0.0  | 0.0       | 0.0          | false    |
      | 14 January 2024  | Buy Down Fee Amortization            | 0.55   | 0.0       | 0.55     | 0.0  | 0.0       | 0.0          | false    |
      | 15 January 2024  | Accrual                              | 0.02   | 0.0       | 0.02     | 0.0  | 0.0       | 0.0          | false    |
      | 15 January 2024  | Buy Down Fee Amortization            | 0.55   | 0.0       | 0.55     | 0.0  | 0.0       | 0.0          | false    |
      | 16 January 2024  | Accrual                              | 0.02   | 0.0       | 0.02     | 0.0  | 0.0       | 0.0          | false    |
      | 16 January 2024  | Buy Down Fee Amortization            | 0.55   | 0.0       | 0.55     | 0.0  | 0.0       | 0.0          | false    |
      | 17 January 2024  | Accrual                              | 0.02   | 0.0       | 0.02     | 0.0  | 0.0       | 0.0          | false    |
      | 17 January 2024  | Buy Down Fee Amortization            | 0.55   | 0.0       | 0.55     | 0.0  | 0.0       | 0.0          | false    |
      | 18 January 2024  | Accrual                              | 0.02   | 0.0       | 0.02     | 0.0  | 0.0       | 0.0          | false    |
      | 18 January 2024  | Buy Down Fee Amortization            | 0.55   | 0.0       | 0.55     | 0.0  | 0.0       | 0.0          | false    |
      | 19 January 2024  | Accrual                              | 0.02   | 0.0       | 0.02     | 0.0  | 0.0       | 0.0          | false    |
      | 19 January 2024  | Buy Down Fee Amortization            | 0.55   | 0.0       | 0.55     | 0.0  | 0.0       | 0.0          | false    |
      | 20 January 2024  | Accrual                              | 0.02   | 0.0       | 0.02     | 0.0  | 0.0       | 0.0          | false    |
      | 20 January 2024  | Buy Down Fee Amortization            | 0.55   | 0.0       | 0.55     | 0.0  | 0.0       | 0.0          | false    |
      | 21 January 2024  | Accrual                              | 0.02   | 0.0       | 0.02     | 0.0  | 0.0       | 0.0          | false    |
      | 21 January 2024  | Buy Down Fee Amortization            | 0.55   | 0.0       | 0.55     | 0.0  | 0.0       | 0.0          | false    |
      | 22 January 2024  | Accrual                              | 0.02   | 0.0       | 0.02     | 0.0  | 0.0       | 0.0          | false    |
      | 22 January 2024  | Buy Down Fee Amortization            | 0.55   | 0.0       | 0.55     | 0.0  | 0.0       | 0.0          | false    |
      | 23 January 2024  | Accrual                              | 0.01   | 0.0       | 0.01     | 0.0  | 0.0       | 0.0          | false    |
      | 23 January 2024  | Buy Down Fee Amortization            | 0.55   | 0.0       | 0.55     | 0.0  | 0.0       | 0.0          | false    |
      | 24 January 2024  | Accrual                              | 0.02   | 0.0       | 0.02     | 0.0  | 0.0       | 0.0          | false    |
      | 24 January 2024  | Buy Down Fee Amortization            | 0.55   | 0.0       | 0.55     | 0.0  | 0.0       | 0.0          | false    |
      | 25 January 2024  | Accrual                              | 0.02   | 0.0       | 0.02     | 0.0  | 0.0       | 0.0          | false    |
      | 25 January 2024  | Buy Down Fee Amortization            | 0.55   | 0.0       | 0.55     | 0.0  | 0.0       | 0.0          | false    |
      | 26 January 2024  | Accrual                              | 0.02   | 0.0       | 0.02     | 0.0  | 0.0       | 0.0          | false    |
      | 26 January 2024  | Buy Down Fee Amortization            | 0.55   | 0.0       | 0.55     | 0.0  | 0.0       | 0.0          | false    |
      | 27 January 2024  | Accrual                              | 0.02   | 0.0       | 0.02     | 0.0  | 0.0       | 0.0          | false    |
      | 27 January 2024  | Buy Down Fee Amortization            | 0.55   | 0.0       | 0.55     | 0.0  | 0.0       | 0.0          | false    |
      | 28 January 2024  | Accrual                              | 0.02   | 0.0       | 0.02     | 0.0  | 0.0       | 0.0          | false    |
      | 28 January 2024  | Buy Down Fee Amortization            | 0.54   | 0.0       | 0.54     | 0.0  | 0.0       | 0.0          | false    |
      | 29 January 2024  | Accrual                              | 0.02   | 0.0       | 0.02     | 0.0  | 0.0       | 0.0          | false    |
      | 29 January 2024  | Buy Down Fee Amortization            | 0.55   | 0.0       | 0.55     | 0.0  | 0.0       | 0.0          | false    |
      | 30 January 2024  | Accrual                              | 0.02   | 0.0       | 0.02     | 0.0  | 0.0       | 0.0          | false    |
      | 30 January 2024  | Buy Down Fee Amortization            | 0.55   | 0.0       | 0.55     | 0.0  | 0.0       | 0.0          | false    |
      | 31 January 2024  | Accrual                              | 0.01   | 0.0       | 0.01     | 0.0  | 0.0       | 0.0          | false    |
      | 31 January 2024  | Buy Down Fee Amortization            | 0.55   | 0.0       | 0.55     | 0.0  | 0.0       | 0.0          | false    |
      | 01 February 2024 | Repayment                            | 33.72  | 33.14     | 0.58     | 0.0  | 0.0       | 66.86        | false    |
      | 01 February 2024 | Accrual                              | 0.02   | 0.0       | 0.02     | 0.0  | 0.0       | 0.0          | false    |
      | 01 February 2024 | Buy Down Fee Amortization            | 0.55   | 0.0       | 0.55     | 0.0  | 0.0       | 0.0          | false    |
      | 02 February 2024 | Accrual                              | 0.01   | 0.0       | 0.01     | 0.0  | 0.0       | 0.0          | false    |
      | 02 February 2024 | Buy Down Fee Amortization            | 0.55   | 0.0       | 0.55     | 0.0  | 0.0       | 0.0          | false    |
      | 03 February 2024 | Accrual                              | 0.02   | 0.0       | 0.02     | 0.0  | 0.0       | 0.0          | false    |
      | 03 February 2024 | Buy Down Fee Amortization            | 0.55   | 0.0       | 0.55     | 0.0  | 0.0       | 0.0          | false    |
      | 04 February 2024 | Accrual                              | 0.01   | 0.0       | 0.01     | 0.0  | 0.0       | 0.0          | false    |
      | 04 February 2024 | Buy Down Fee Amortization            | 0.55   | 0.0       | 0.55     | 0.0  | 0.0       | 0.0          | false    |
      | 05 February 2024 | Accrual                              | 0.01   | 0.0       | 0.01     | 0.0  | 0.0       | 0.0          | false    |
      | 05 February 2024 | Buy Down Fee Amortization            | 0.55   | 0.0       | 0.55     | 0.0  | 0.0       | 0.0          | false    |
      | 06 February 2024 | Accrual                              | 0.02   | 0.0       | 0.02     | 0.0  | 0.0       | 0.0          | false    |
      | 06 February 2024 | Buy Down Fee Amortization            | 0.55   | 0.0       | 0.55     | 0.0  | 0.0       | 0.0          | false    |
      | 07 February 2024 | Accrual                              | 0.01   | 0.0       | 0.01     | 0.0  | 0.0       | 0.0          | false    |
      | 07 February 2024 | Buy Down Fee Amortization            | 0.55   | 0.0       | 0.55     | 0.0  | 0.0       | 0.0          | false    |
      | 08 February 2024 | Accrual                              | 0.01   | 0.0       | 0.01     | 0.0  | 0.0       | 0.0          | false    |
      | 08 February 2024 | Buy Down Fee Amortization            | 0.55   | 0.0       | 0.55     | 0.0  | 0.0       | 0.0          | false    |
      | 09 February 2024 | Accrual                              | 0.02   | 0.0       | 0.02     | 0.0  | 0.0       | 0.0          | false    |
      | 09 February 2024 | Buy Down Fee Amortization            | 0.55   | 0.0       | 0.55     | 0.0  | 0.0       | 0.0          | false    |
      | 10 February 2024 | Accrual                              | 0.01   | 0.0       | 0.01     | 0.0  | 0.0       | 0.0          | false    |
      | 10 February 2024 | Buy Down Fee Amortization            | 0.55   | 0.0       | 0.55     | 0.0  | 0.0       | 0.0          | false    |
      | 11 February 2024 | Accrual                              | 0.01   | 0.0       | 0.01     | 0.0  | 0.0       | 0.0          | false    |
      | 11 February 2024 | Buy Down Fee Amortization            | 0.55   | 0.0       | 0.55     | 0.0  | 0.0       | 0.0          | false    |
      | 12 February 2024 | Accrual                              | 0.02   | 0.0       | 0.02     | 0.0  | 0.0       | 0.0          | false    |
      | 12 February 2024 | Buy Down Fee Amortization            | 0.55   | 0.0       | 0.55     | 0.0  | 0.0       | 0.0          | false    |
      | 13 February 2024 | Accrual                              | 0.01   | 0.0       | 0.01     | 0.0  | 0.0       | 0.0          | false    |
      | 13 February 2024 | Buy Down Fee Amortization            | 0.55   | 0.0       | 0.55     | 0.0  | 0.0       | 0.0          | false    |
      | 14 February 2024 | Accrual                              | 0.01   | 0.0       | 0.01     | 0.0  | 0.0       | 0.0          | false    |
      | 14 February 2024 | Buy Down Fee Amortization            | 0.55   | 0.0       | 0.55     | 0.0  | 0.0       | 0.0          | false    |
      | 15 February 2024 | Accrual                              | 0.02   | 0.0       | 0.02     | 0.0  | 0.0       | 0.0          | false    |
      | 15 February 2024 | Buy Down Fee Amortization            | 0.54   | 0.0       | 0.54     | 0.0  | 0.0       | 0.0          | false    |
      | 16 February 2024 | Accrual                              | 0.01   | 0.0       | 0.01     | 0.0  | 0.0       | 0.0          | false    |
      | 16 February 2024 | Buy Down Fee Amortization Adjustment | 25.27  | 0.0       | 25.27    | 0.0  | 0.0       | 0.0          | false    |
  [32m✔[39m [32m[1mAnd [22mLoan Transactions tab has a [1m"BUY_DOWN_FEE"[22m transaction with date [1m"01 January 2024"[22m which has the following Journal entries:[39m     [90m# org.apache.fineract.test.stepdef.common.JournalEntriesStepDef.journalEntryDataCheck(java.lang.String,java.lang.String,io.cucumber.datatable.DataTable)[39m
      | Type      | Account code | Account name                | Debit | Credit |
      | EXPENSE   | 450280       | Buy Down Expense            | 50.0  |        |
      | LIABILITY | 145024       | Deferred Capitalized Income |       | 50.0   |
      | EXPENSE   | 450280       | Buy Down Expense            |       | 50.0   |
      | LIABILITY | 145024       | Deferred Capitalized Income | 50.0  |        |
  [32m✔[39m [32m[1mAnd [22mLoanBuyDownFeeAmortizationAdjustmentTransactionCreatedBusinessEvent is created on [1m"16 February 2024"[22m[39m                            [90m# org.apache.fineract.test.stepdef.loan.LoanStepDef.checkLoanBuyDownFeeAmortizationAdjustmentTransactionCreatedBusinessEvent(java.lang.String)[39m
  [32m✔[39m [32m[1mWhen [22mLoan Pay-off is made on [1m"17 February 2024"[22m[39m                                                                                     [90m# org.apache.fineract.test.stepdef.loan.LoanRepaymentStepDef.makeLoanPayOff(java.lang.String)[39m
  [32m✔[39m [32m[1mThen [22mLoan is closed with zero outstanding balance and it's all installments have obligations met[39m                                    [90m# org.apache.fineract.test.stepdef.loan.LoanStepDef.loanClosedAndInstallmentsObligationsMet()[39m

@BuyDownFeeFeature @TestRailId:C3888
[1mScenario:[22m Verify Buy Down Fee reversal on same business date                                                                            [90m# fineract-e2e-tests-runner/src/test/resources/features/LoanBuyDownFees.feature:2471[39m
  [32m✔[39m [32m[1mWhen [22mAdmin sets the business date to [1m"01 January 2024"[22m[39m                                                                              [90m# org.apache.fineract.test.stepdef.common.BusinessDateStepDef.setBusinessDate(java.lang.String)[39m
  [32m✔[39m [32m[1mAnd [22mAdmin creates a client with random data[39m                                                                                         [90m# org.apache.fineract.test.stepdef.common.ClientStepDef.createClientRandomFirstNameLastName()[39m
  [32m✔[39m [32m[1mWhen [22mAdmin creates a fully customized loan with the following data:[39m                                                                 [90m# org.apache.fineract.test.stepdef.loan.LoanStepDef.createFullyCustomizedLoan(io.cucumber.datatable.DataTable)[39m
      | LoanProduct                                              | submitted on date | with Principal | ANNUAL interest rate % | interest type     | interest calculation period | amortization type  | loanTermFrequency | loanTermFrequencyType | repaymentEvery | repaymentFrequencyType | numberOfRepayments | graceOnPrincipalPayment | graceOnInterestPayment | interest free period | Payment strategy            |
      | LP2_PROGRESSIVE_ADVANCED_PAYMENT_ALLOCATION_BUYDOWN_FEES | 01 January 2024   | 100            | 7                      | DECLINING_BALANCE | DAILY                       | EQUAL_INSTALLMENTS | 3                 | MONTHS                | 1              | MONTHS                 | 3                  | 0                       | 0                      | 0                    | ADVANCED_PAYMENT_ALLOCATION |
  [32m✔[39m [32m[1mAnd [22mAdmin successfully approves the loan on [1m"01 January 2024"[22m with [1m"100"[22m amount and expected disbursement date on [1m"01 January 2024"[22m[39m [90m# org.apache.fineract.test.stepdef.loan.LoanStepDef.approveLoan(java.lang.String,java.lang.String,java.lang.String)[39m
  [32m✔[39m [32m[1mAnd [22mAdmin successfully disburse the loan on [1m"01 January 2024"[22m with [1m"100"[22m EUR transaction amount[39m                                     [90m# org.apache.fineract.test.stepdef.loan.LoanStepDef.disburseLoan(java.lang.String,java.lang.String)[39m
  [32m✔[39m [32m[1mThen [22mLoan Repayment schedule has [1m3[22m periods, with the following data for periods:[39m                                                    [90m# org.apache.fineract.test.stepdef.loan.LoanStepDef.loanRepaymentSchedulePeriodsCheck(int,io.cucumber.datatable.DataTable)[39m
      | Nr | Days | Date             | Paid date | Balance of loan | Principal due | Interest | Fees | Penalties | Due   | Paid | In advance | Late | Outstanding |
      |    |      | 01 January 2024  |           | 100.0           |               |          | 0.0  |           | 0.0   | 0.0  |            |      |             |
      | 1  | 31   | 01 February 2024 |           | 66.86           | 33.14         | 0.58     | 0.0  | 0.0       | 33.72 | 0.0  | 0.0        | 0.0  | 33.72       |
      | 2  | 29   | 01 March 2024    |           | 33.53           | 33.33         | 0.39     | 0.0  | 0.0       | 33.72 | 0.0  | 0.0        | 0.0  | 33.72       |
      | 3  | 31   | 01 April 2024    |           | 0.0             | 33.53         | 0.2      | 0.0  | 0.0       | 33.73 | 0.0  | 0.0        | 0.0  | 33.73       |
  [32m✔[39m [32m[1mAnd [22mLoan Repayment schedule has the following data in Total row:[39m                                                                    [90m# org.apache.fineract.test.stepdef.loan.LoanStepDef.loanRepaymentScheduleAmountCheck(io.cucumber.datatable.DataTable)[39m
      | Principal due | Interest | Fees | Penalties | Due    | Paid | In advance | Late | Outstanding |
      | 100.0         | 1.17     | 0.0  | 0.0       | 101.17 | 0.0  | 0.0        | 0.0  | 101.17      |
  [32m✔[39m [32m[1mThen [22mLoan Transactions tab has the following data:[39m                                                                                  [90m# org.apache.fineract.test.stepdef.loan.LoanStepDef.loanTransactionsTabCheck(io.cucumber.datatable.DataTable)[39m
      | Transaction date | Transaction Type | Amount | Principal | Interest | Fees | Penalties | Loan Balance | Reverted |
      | 01 January 2024  | Disbursement     | 100.0  | 0.0       | 0.0      | 0.0  | 0.0       | 100.0        | false    |
  [32m✔[39m [32m[1mAnd [22mAdmin adds buy down fee with [1m"AUTOPAY"[22m payment type to the loan on [1m"01 January 2024"[22m with [1m"50"[22m EUR transaction amount[39m           [90m# org.apache.fineract.test.stepdef.loan.LoanStepDef.adminAddsBuyDownFeesToTheLoanOnWithEURTransactionAmount(java.lang.String,java.lang.String,java.lang.String)[39m
  [32m✔[39m [32m[1mThen [22mLoan Repayment schedule has [1m3[22m periods, with the following data for periods:[39m                                                    [90m# org.apache.fineract.test.stepdef.loan.LoanStepDef.loanRepaymentSchedulePeriodsCheck(int,io.cucumber.datatable.DataTable)[39m
      | Nr | Days | Date             | Paid date | Balance of loan | Principal due | Interest | Fees | Penalties | Due   | Paid | In advance | Late | Outstanding |
      |    |      | 01 January 2024  |           | 100.0           |               |          | 0.0  |           | 0.0   | 0.0  |            |      |             |
      | 1  | 31   | 01 February 2024 |           | 66.86           | 33.14         | 0.58     | 0.0  | 0.0       | 33.72 | 0.0  | 0.0        | 0.0  | 33.72       |
      | 2  | 29   | 01 March 2024    |           | 33.53           | 33.33         | 0.39     | 0.0  | 0.0       | 33.72 | 0.0  | 0.0        | 0.0  | 33.72       |
      | 3  | 31   | 01 April 2024    |           | 0.0             | 33.53         | 0.2      | 0.0  | 0.0       | 33.73 | 0.0  | 0.0        | 0.0  | 33.73       |
  [32m✔[39m [32m[1mAnd [22mLoan Repayment schedule has the following data in Total row:[39m                                                                    [90m# org.apache.fineract.test.stepdef.loan.LoanStepDef.loanRepaymentScheduleAmountCheck(io.cucumber.datatable.DataTable)[39m
      | Principal due | Interest | Fees | Penalties | Due    | Paid | In advance | Late | Outstanding |
      | 100.0         | 1.17     | 0.0  | 0.0       | 101.17 | 0.0  | 0.0        | 0.0  | 101.17      |
  [32m✔[39m [32m[1mThen [22mLoan Transactions tab has the following data:[39m                                                                                  [90m# org.apache.fineract.test.stepdef.loan.LoanStepDef.loanTransactionsTabCheck(io.cucumber.datatable.DataTable)[39m
      | Transaction date | Transaction Type | Amount | Principal | Interest | Fees | Penalties | Loan Balance | Reverted |
      | 01 January 2024  | Disbursement     | 100.0  | 0.0       | 0.0      | 0.0  | 0.0       | 100.0        | false    |
      | 01 January 2024  | Buy Down Fee     | 50.0   | 0.0       | 50.0     | 0.0  | 0.0       | 0.0          | false    |
  [32m✔[39m [32m[1mAnd [22mLoanBuyDownFeeTransactionCreatedBusinessEvent is created on [1m"01 January 2024"[22m[39m                                                   [90m# org.apache.fineract.test.stepdef.loan.LoanStepDef.checkLoanBuyDownFeeTransactionCreatedBusinessEvent(java.lang.String)[39m
  [32m✔[39m [32m[1mWhen [22mCustomer undo [1m"1"[22mth [1m"Buy Down Fee"[22m transaction made on [1m"01 January 2024"[22m[39m                                                       [90m# org.apache.fineract.test.stepdef.loan.LoanRepaymentStepDef.undoNthTransactionType(java.lang.String,java.lang.String,java.lang.String)[39m
  [32m✔[39m [32m[1mWhen [22mAdmin sets the business date to [1m"02 January 2024"[22m[39m                                                                              [90m# org.apache.fineract.test.stepdef.common.BusinessDateStepDef.setBusinessDate(java.lang.String)[39m
  [32m✔[39m [32m[1mAnd [22mAdmin runs inline COB job for Loan[39m                                                                                              [90m# org.apache.fineract.test.stepdef.loan.InlineCOBStepDef.runInlineCOB()[39m
  [32m✔[39m [32m[1mThen [22mLoan Repayment schedule has [1m3[22m periods, with the following data for periods:[39m                                                    [90m# org.apache.fineract.test.stepdef.loan.LoanStepDef.loanRepaymentSchedulePeriodsCheck(int,io.cucumber.datatable.DataTable)[39m
      | Nr | Days | Date             | Paid date | Balance of loan | Principal due | Interest | Fees | Penalties | Due   | Paid | In advance | Late | Outstanding |
      |    |      | 01 January 2024  |           | 100.0           |               |          | 0.0  |           | 0.0   | 0.0  |            |      |             |
      | 1  | 31   | 01 February 2024 |           | 66.86           | 33.14         | 0.58     | 0.0  | 0.0       | 33.72 | 0.0  | 0.0        | 0.0  | 33.72       |
      | 2  | 29   | 01 March 2024    |           | 33.53           | 33.33         | 0.39     | 0.0  | 0.0       | 33.72 | 0.0  | 0.0        | 0.0  | 33.72       |
      | 3  | 31   | 01 April 2024    |           | 0.0             | 33.53         | 0.2      | 0.0  | 0.0       | 33.73 | 0.0  | 0.0        | 0.0  | 33.73       |
  [32m✔[39m [32m[1mAnd [22mLoan Repayment schedule has the following data in Total row:[39m                                                                    [90m# org.apache.fineract.test.stepdef.loan.LoanStepDef.loanRepaymentScheduleAmountCheck(io.cucumber.datatable.DataTable)[39m
      | Principal due | Interest | Fees | Penalties | Due    | Paid | In advance | Late | Outstanding |
      | 100.0         | 1.17     | 0.0  | 0.0       | 101.17 | 0.0  | 0.0        | 0.0  | 101.17      |
  [32m✔[39m [32m[1mAnd [22mLoan Transactions tab has the following data:[39m                                                                                   [90m# org.apache.fineract.test.stepdef.loan.LoanStepDef.loanTransactionsTabCheck(io.cucumber.datatable.DataTable)[39m
      | Transaction date | Transaction Type | Amount | Principal | Interest | Fees | Penalties | Loan Balance | Reverted |
      | 01 January 2024  | Disbursement     | 100.0  | 0.0       | 0.0      | 0.0  | 0.0       | 100.0        | false    |
      | 01 January 2024  | Buy Down Fee     | 50.0   | 0.0       | 50.0     | 0.0  | 0.0       | 0.0          | true     |
  [32m✔[39m [32m[1mAnd [22mLoan Transactions tab has a [1m"BUY_DOWN_FEE"[22m transaction with date [1m"01 January 2024"[22m which has the following Journal entries:[39m     [90m# org.apache.fineract.test.stepdef.common.JournalEntriesStepDef.journalEntryDataCheck(java.lang.String,java.lang.String,io.cucumber.datatable.DataTable)[39m
      | Type      | Account code | Account name                | Debit | Credit |
      | EXPENSE   | 450280       | Buy Down Expense            | 50.0  |        |
      | LIABILITY | 145024       | Deferred Capitalized Income |       | 50.0   |
      | EXPENSE   | 450280       | Buy Down Expense            |       | 50.0   |
      | LIABILITY | 145024       | Deferred Capitalized Income | 50.0  |        |
  [32m✔[39m [32m[1mWhen [22mLoan Pay-off is made on [1m"02 January 2024"[22m[39m                                                                                      [90m# org.apache.fineract.test.stepdef.loan.LoanRepaymentStepDef.makeLoanPayOff(java.lang.String)[39m
  [32m✔[39m [32m[1mThen [22mLoan is closed with zero outstanding balance and it's all installments have obligations met[39m                                    [90m# org.apache.fineract.test.stepdef.loan.LoanStepDef.loanClosedAndInstallmentsObligationsMet()[39m

@BuyDownFeeFeature @TestRailId:C3889
[1mScenario:[22m Verify Buy Down Fee reversal forbidden when adjustment exists                                                                        [90m# fineract-e2e-tests-runner/src/test/resources/features/LoanBuyDownFees.feature:2534[39m
  [32m✔[39m [32m[1mWhen [22mAdmin sets the business date to [1m"01 January 2024"[22m[39m                                                                                     [90m# org.apache.fineract.test.stepdef.common.BusinessDateStepDef.setBusinessDate(java.lang.String)[39m
  [32m✔[39m [32m[1mAnd [22mAdmin creates a client with random data[39m                                                                                                [90m# org.apache.fineract.test.stepdef.common.ClientStepDef.createClientRandomFirstNameLastName()[39m
  [32m✔[39m [32m[1mWhen [22mAdmin creates a fully customized loan with the following data:[39m                                                                        [90m# org.apache.fineract.test.stepdef.loan.LoanStepDef.createFullyCustomizedLoan(io.cucumber.datatable.DataTable)[39m
      | LoanProduct                                              | submitted on date | with Principal | ANNUAL interest rate % | interest type     | interest calculation period | amortization type  | loanTermFrequency | loanTermFrequencyType | repaymentEvery | repaymentFrequencyType | numberOfRepayments | graceOnPrincipalPayment | graceOnInterestPayment | interest free period | Payment strategy            |
      | LP2_PROGRESSIVE_ADVANCED_PAYMENT_ALLOCATION_BUYDOWN_FEES | 01 January 2024   | 100            | 7                      | DECLINING_BALANCE | DAILY                       | EQUAL_INSTALLMENTS | 3                 | MONTHS                | 1              | MONTHS                 | 3                  | 0                       | 0                      | 0                    | ADVANCED_PAYMENT_ALLOCATION |
  [32m✔[39m [32m[1mAnd [22mAdmin successfully approves the loan on [1m"01 January 2024"[22m with [1m"100"[22m amount and expected disbursement date on [1m"01 January 2024"[22m[39m        [90m# org.apache.fineract.test.stepdef.loan.LoanStepDef.approveLoan(java.lang.String,java.lang.String,java.lang.String)[39m
  [32m✔[39m [32m[1mAnd [22mAdmin successfully disburse the loan on [1m"01 January 2024"[22m with [1m"100"[22m EUR transaction amount[39m                                            [90m# org.apache.fineract.test.stepdef.loan.LoanStepDef.disburseLoan(java.lang.String,java.lang.String)[39m
  [32m✔[39m [32m[1mAnd [22mAdmin adds buy down fee with [1m"AUTOPAY"[22m payment type to the loan on [1m"01 January 2024"[22m with [1m"50"[22m EUR transaction amount[39m                  [90m# org.apache.fineract.test.stepdef.loan.LoanStepDef.adminAddsBuyDownFeesToTheLoanOnWithEURTransactionAmount(java.lang.String,java.lang.String,java.lang.String)[39m
  [32m✔[39m [32m[1mWhen [22mAdmin sets the business date to [1m"02 January 2024"[22m[39m                                                                                     [90m# org.apache.fineract.test.stepdef.common.BusinessDateStepDef.setBusinessDate(java.lang.String)[39m
  [32m✔[39m [32m[1mAnd [22mAdmin runs inline COB job for Loan[39m                                                                                                     [90m# org.apache.fineract.test.stepdef.loan.InlineCOBStepDef.runInlineCOB()[39m
  [32m✔[39m [32m[1mThen [22mLoan status will be [1m"ACTIVE"[22m[39m                                                                                                          [90m# org.apache.fineract.test.stepdef.loan.LoanStepDef.loanStatus(java.lang.String)[39m
  [32m✔[39m [32m[1mThen [22mLoan Repayment schedule has [1m3[22m periods, with the following data for periods:[39m                                                           [90m# org.apache.fineract.test.stepdef.loan.LoanStepDef.loanRepaymentSchedulePeriodsCheck(int,io.cucumber.datatable.DataTable)[39m
      | Nr | Days | Date             | Paid date | Balance of loan | Principal due | Interest | Fees | Penalties | Due   | Paid | In advance | Late | Outstanding |
      |    |      | 01 January 2024  |           | 100.0           |               |          | 0.0  |           | 0.0   | 0.0  |            |      |             |
      | 1  | 31   | 01 February 2024 |           | 66.86           | 33.14         | 0.58     | 0.0  | 0.0       | 33.72 | 0.0  | 0.0        | 0.0  | 33.72       |
      | 2  | 29   | 01 March 2024    |           | 33.53           | 33.33         | 0.39     | 0.0  | 0.0       | 33.72 | 0.0  | 0.0        | 0.0  | 33.72       |
      | 3  | 31   | 01 April 2024    |           | 0.0             | 33.53         | 0.2      | 0.0  | 0.0       | 33.73 | 0.0  | 0.0        | 0.0  | 33.73       |
  [32m✔[39m [32m[1mAnd [22mLoan Repayment schedule has the following data in Total row:[39m                                                                           [90m# org.apache.fineract.test.stepdef.loan.LoanStepDef.loanRepaymentScheduleAmountCheck(io.cucumber.datatable.DataTable)[39m
      | Principal due | Interest | Fees | Penalties | Due    | Paid | In advance | Late | Outstanding |
      | 100.0         | 1.17     | 0.0  | 0.0       | 101.17 | 0.0  | 0.0        | 0.0  | 101.17      |
  [32m✔[39m [32m[1mAnd [22mLoan Transactions tab has the following data:[39m                                                                                          [90m# org.apache.fineract.test.stepdef.loan.LoanStepDef.loanTransactionsTabCheck(io.cucumber.datatable.DataTable)[39m
      | Transaction date | Transaction Type          | Amount | Principal | Interest | Fees | Penalties | Loan Balance | Reverted |
      | 01 January 2024  | Disbursement              | 100.0  | 0.0       | 0.0      | 0.0  | 0.0       | 100.0        | false    |
      | 01 January 2024  | Buy Down Fee              | 50.0   | 0.0       | 50.0     | 0.0  | 0.0       | 0.0          | false    |
      | 01 January 2024  | Buy Down Fee Amortization | 0.55   | 0.0       | 0.55     | 0.0  | 0.0       | 0.0          | false    |
  [32m✔[39m [32m[1mAnd [22mLoanBuyDownFeeTransactionCreatedBusinessEvent is created on [1m"01 January 2024"[22m[39m                                                          [90m# org.apache.fineract.test.stepdef.loan.LoanStepDef.checkLoanBuyDownFeeTransactionCreatedBusinessEvent(java.lang.String)[39m
  [32m✔[39m [32m[1mAnd [22mLoanBuyDownFeeAmortizationTransactionCreatedBusinessEvent is created on [1m"01 January 2024"[22m[39m                                              [90m# org.apache.fineract.test.stepdef.loan.LoanStepDef.checkLoanBuyDownFeeAmortizationTransactionCreatedBusinessEvent(java.lang.String)[39m
  [32m✔[39m [32m[1mWhen [22mAdmin sets the business date to [1m"10 January 2024"[22m[39m                                                                                     [90m# org.apache.fineract.test.stepdef.common.BusinessDateStepDef.setBusinessDate(java.lang.String)[39m
  [32m✔[39m [32m[1mAnd [22mAdmin adds buy down fee adjustment with [1m"AUTOPAY"[22m payment type to the loan on [1m"10 January 2024"[22m with [1m"10"[22m EUR transaction amount[39m       [90m# org.apache.fineract.test.stepdef.loan.LoanStepDef.adminAddsBuyDownFeesAdjustmentToTheLoan(java.lang.String,java.lang.String,java.lang.String)[39m
  [32m✔[39m [32m[1mThen [22mLoan Repayment schedule has [1m3[22m periods, with the following data for periods:[39m                                                           [90m# org.apache.fineract.test.stepdef.loan.LoanStepDef.loanRepaymentSchedulePeriodsCheck(int,io.cucumber.datatable.DataTable)[39m
      | Nr | Days | Date             | Paid date | Balance of loan | Principal due | Interest | Fees | Penalties | Due   | Paid | In advance | Late | Outstanding |
      |    |      | 01 January 2024  |           | 100.0           |               |          | 0.0  |           | 0.0   | 0.0  |            |      |             |
      | 1  | 31   | 01 February 2024 |           | 66.86           | 33.14         | 0.58     | 0.0  | 0.0       | 33.72 | 0.0  | 0.0        | 0.0  | 33.72       |
      | 2  | 29   | 01 March 2024    |           | 33.53           | 33.33         | 0.39     | 0.0  | 0.0       | 33.72 | 0.0  | 0.0        | 0.0  | 33.72       |
      | 3  | 31   | 01 April 2024    |           | 0.0             | 33.53         | 0.2      | 0.0  | 0.0       | 33.73 | 0.0  | 0.0        | 0.0  | 33.73       |
  [32m✔[39m [32m[1mAnd [22mLoan Repayment schedule has the following data in Total row:[39m                                                                           [90m# org.apache.fineract.test.stepdef.loan.LoanStepDef.loanRepaymentScheduleAmountCheck(io.cucumber.datatable.DataTable)[39m
      | Principal due | Interest | Fees | Penalties | Due    | Paid | In advance | Late | Outstanding |
      | 100.0         | 1.17     | 0.0  | 0.0       | 101.17 | 0.0  | 0.0        | 0.0  | 101.17      |
  [32m✔[39m [32m[1mThen [22mLoan Transactions tab has the following data:[39m                                                                                         [90m# org.apache.fineract.test.stepdef.loan.LoanStepDef.loanTransactionsTabCheck(io.cucumber.datatable.DataTable)[39m
      | Transaction date | Transaction Type          | Amount | Principal | Interest | Fees | Penalties | Loan Balance | Reverted |
      | 01 January 2024  | Disbursement              | 100.0  | 0.0       | 0.0      | 0.0  | 0.0       | 100.0        | false    |
      | 01 January 2024  | Buy Down Fee              | 50.0   | 0.0       | 50.0     | 0.0  | 0.0       | 0.0          | false    |
      | 01 January 2024  | Buy Down Fee Amortization | 0.55   | 0.0       | 0.55     | 0.0  | 0.0       | 0.0          | false    |
      | 10 January 2024  | Buy Down Fee Adjustment   | 10.0   | 0.0       | 10.0     | 0.0  | 0.0       | 0.0          | false    |
  [32m✔[39m [32m[1mAnd [22mLoan Transactions tab has a [1m"BUY_DOWN_FEE_ADJUSTMENT"[22m transaction with date [1m"10 January 2024"[22m which has the following Journal entries:[39m [90m# org.apache.fineract.test.stepdef.common.JournalEntriesStepDef.journalEntryDataCheck(java.lang.String,java.lang.String,io.cucumber.datatable.DataTable)[39m
      | Type      | Account code | Account name                | Debit | Credit |
      | EXPENSE   | 450280       | Buy Down Expense            |       | 10.0   |
      | LIABILITY | 145024       | Deferred Capitalized Income | 10.0  |        |
  [32m✔[39m [32m[1mAnd [22mLoanBuyDownFeeAdjustmentTransactionCreatedBusinessEvent is created on [1m"10 January 2024"[22m[39m                                                [90m# org.apache.fineract.test.stepdef.loan.LoanStepDef.checkLoanBuyDownFeeAdjustmentTransactionCreatedBusinessEvent(java.lang.String)[39m
  [32m✔[39m [32m[1mThen [22mCustomer is forbidden to undo [1m"1"[22mth [1m"Buy Down Fee"[22m transaction made on [1m"01 January 2024"[22m due to adjustment exists[39m                     [90m# org.apache.fineract.test.stepdef.loan.LoanRepaymentStepDef.makeTransactionUndoForbiddenAdjustmentExiists(java.lang.String,java.lang.String,java.lang.String)[39m
  [32m✔[39m [32m[1mWhen [22mCustomer undo [1m"1"[22mth [1m"Buy Down Fee Adjustment"[22m transaction made on [1m"10 January 2024"[22m[39m                                                   [90m# org.apache.fineract.test.stepdef.loan.LoanRepaymentStepDef.undoNthTransactionType(java.lang.String,java.lang.String,java.lang.String)[39m
  [32m✔[39m [32m[1mWhen [22mAdmin sets the business date to [1m"11 January 2024"[22m[39m                                                                                     [90m# org.apache.fineract.test.stepdef.common.BusinessDateStepDef.setBusinessDate(java.lang.String)[39m
  [32m✔[39m [32m[1mAnd [22mAdmin runs inline COB job for Loan[39m                                                                                                     [90m# org.apache.fineract.test.stepdef.loan.InlineCOBStepDef.runInlineCOB()[39m
  [32m✔[39m [32m[1mThen [22mLoan Repayment schedule has [1m3[22m periods, with the following data for periods:[39m                                                           [90m# org.apache.fineract.test.stepdef.loan.LoanStepDef.loanRepaymentSchedulePeriodsCheck(int,io.cucumber.datatable.DataTable)[39m
      | Nr | Days | Date             | Paid date | Balance of loan | Principal due | Interest | Fees | Penalties | Due   | Paid | In advance | Late | Outstanding |
      |    |      | 01 January 2024  |           | 100.0           |               |          | 0.0  |           | 0.0   | 0.0  |            |      |             |
      | 1  | 31   | 01 February 2024 |           | 66.86           | 33.14         | 0.58     | 0.0  | 0.0       | 33.72 | 0.0  | 0.0        | 0.0  | 33.72       |
      | 2  | 29   | 01 March 2024    |           | 33.53           | 33.33         | 0.39     | 0.0  | 0.0       | 33.72 | 0.0  | 0.0        | 0.0  | 33.72       |
      | 3  | 31   | 01 April 2024    |           | 0.0             | 33.53         | 0.2      | 0.0  | 0.0       | 33.73 | 0.0  | 0.0        | 0.0  | 33.73       |
  [32m✔[39m [32m[1mAnd [22mLoan Repayment schedule has the following data in Total row:[39m                                                                           [90m# org.apache.fineract.test.stepdef.loan.LoanStepDef.loanRepaymentScheduleAmountCheck(io.cucumber.datatable.DataTable)[39m
      | Principal due | Interest | Fees | Penalties | Due    | Paid | In advance | Late | Outstanding |
      | 100.0         | 1.17     | 0.0  | 0.0       | 101.17 | 0.0  | 0.0        | 0.0  | 101.17      |
  [32m✔[39m [32m[1mThen [22mLoan Transactions tab has the following data:[39m                                                                                         [90m# org.apache.fineract.test.stepdef.loan.LoanStepDef.loanTransactionsTabCheck(io.cucumber.datatable.DataTable)[39m
      | Transaction date | Transaction Type          | Amount | Principal | Interest | Fees | Penalties | Loan Balance | Reverted |
      | 01 January 2024  | Disbursement              | 100.0  | 0.0       | 0.0      | 0.0  | 0.0       | 100.0        | false    |
      | 01 January 2024  | Buy Down Fee              | 50.0   | 0.0       | 50.0     | 0.0  | 0.0       | 0.0          | false    |
      | 01 January 2024  | Buy Down Fee Amortization | 0.55   | 0.0       | 0.55     | 0.0  | 0.0       | 0.0          | false    |
      | 02 January 2024  | Accrual                   | 0.02   | 0.0       | 0.02     | 0.0  | 0.0       | 0.0          | false    |
      | 02 January 2024  | Buy Down Fee Amortization | 0.55   | 0.0       | 0.55     | 0.0  | 0.0       | 0.0          | false    |
      | 03 January 2024  | Accrual                   | 0.02   | 0.0       | 0.02     | 0.0  | 0.0       | 0.0          | false    |
      | 03 January 2024  | Buy Down Fee Amortization | 0.55   | 0.0       | 0.55     | 0.0  | 0.0       | 0.0          | false    |
      | 04 January 2024  | Accrual                   | 0.02   | 0.0       | 0.02     | 0.0  | 0.0       | 0.0          | false    |
      | 04 January 2024  | Buy Down Fee Amortization | 0.55   | 0.0       | 0.55     | 0.0  | 0.0       | 0.0          | false    |
      | 05 January 2024  | Accrual                   | 0.02   | 0.0       | 0.02     | 0.0  | 0.0       | 0.0          | false    |
      | 05 January 2024  | Buy Down Fee Amortization | 0.55   | 0.0       | 0.55     | 0.0  | 0.0       | 0.0          | false    |
      | 06 January 2024  | Accrual                   | 0.01   | 0.0       | 0.01     | 0.0  | 0.0       | 0.0          | false    |
      | 06 January 2024  | Buy Down Fee Amortization | 0.55   | 0.0       | 0.55     | 0.0  | 0.0       | 0.0          | false    |
      | 07 January 2024  | Accrual                   | 0.02   | 0.0       | 0.02     | 0.0  | 0.0       | 0.0          | false    |
      | 07 January 2024  | Buy Down Fee Amortization | 0.55   | 0.0       | 0.55     | 0.0  | 0.0       | 0.0          | false    |
      | 08 January 2024  | Accrual                   | 0.02   | 0.0       | 0.02     | 0.0  | 0.0       | 0.0          | false    |
      | 08 January 2024  | Buy Down Fee Amortization | 0.55   | 0.0       | 0.55     | 0.0  | 0.0       | 0.0          | false    |
      | 09 January 2024  | Accrual                   | 0.02   | 0.0       | 0.02     | 0.0  | 0.0       | 0.0          | false    |
      | 09 January 2024  | Buy Down Fee Amortization | 0.55   | 0.0       | 0.55     | 0.0  | 0.0       | 0.0          | false    |
      | 10 January 2024  | Buy Down Fee Adjustment   | 10.0   | 0.0       | 10.0     | 0.0  | 0.0       | 0.0          | true     |
      | 10 January 2024  | Accrual                   | 0.02   | 0.0       | 0.02     | 0.0  | 0.0       | 0.0          | false    |
      | 10 January 2024  | Buy Down Fee Amortization | 0.54   | 0.0       | 0.54     | 0.0  | 0.0       | 0.0          | false    |
  [32m✔[39m [32m[1mAnd [22mLoan Transactions tab has a [1m"BUY_DOWN_FEE_ADJUSTMENT"[22m transaction with date [1m"10 January 2024"[22m which has the following Journal entries:[39m [90m# org.apache.fineract.test.stepdef.common.JournalEntriesStepDef.journalEntryDataCheck(java.lang.String,java.lang.String,io.cucumber.datatable.DataTable)[39m
      | Type      | Account code | Account name                | Debit | Credit |
      | EXPENSE   | 450280       | Buy Down Expense            |       | 10.0   |
      | LIABILITY | 145024       | Deferred Capitalized Income | 10.0  |        |
      | EXPENSE   | 450280       | Buy Down Expense            | 10.0  |        |
      | LIABILITY | 145024       | Deferred Capitalized Income |       | 10.0   |
  [32m✔[39m [32m[1mAnd [22mLoanBuyDownFeeAmortizationTransactionCreatedBusinessEvent is created on [1m"10 January 2024"[22m[39m                                              [90m# org.apache.fineract.test.stepdef.loan.LoanStepDef.checkLoanBuyDownFeeAmortizationTransactionCreatedBusinessEvent(java.lang.String)[39m
  [32m✔[39m [32m[1mWhen [22mCustomer undo [1m"1"[22mth [1m"Buy Down Fee"[22m transaction made on [1m"01 January 2024"[22m[39m                                                              [90m# org.apache.fineract.test.stepdef.loan.LoanRepaymentStepDef.undoNthTransactionType(java.lang.String,java.lang.String,java.lang.String)[39m
  [32m✔[39m [32m[1mWhen [22mAdmin sets the business date to [1m"12 January 2024"[22m[39m                                                                                     [90m# org.apache.fineract.test.stepdef.common.BusinessDateStepDef.setBusinessDate(java.lang.String)[39m
  [32m✔[39m [32m[1mAnd [22mAdmin runs inline COB job for Loan[39m                                                                                                     [90m# org.apache.fineract.test.stepdef.loan.InlineCOBStepDef.runInlineCOB()[39m
  [32m✔[39m [32m[1mThen [22mLoan Repayment schedule has [1m3[22m periods, with the following data for periods:[39m                                                           [90m# org.apache.fineract.test.stepdef.loan.LoanStepDef.loanRepaymentSchedulePeriodsCheck(int,io.cucumber.datatable.DataTable)[39m
      | Nr | Days | Date             | Paid date | Balance of loan | Principal due | Interest | Fees | Penalties | Due   | Paid | In advance | Late | Outstanding |
      |    |      | 01 January 2024  |           | 100.0           |               |          | 0.0  |           | 0.0   | 0.0  |            |      |             |
      | 1  | 31   | 01 February 2024 |           | 66.86           | 33.14         | 0.58     | 0.0  | 0.0       | 33.72 | 0.0  | 0.0        | 0.0  | 33.72       |
      | 2  | 29   | 01 March 2024    |           | 33.53           | 33.33         | 0.39     | 0.0  | 0.0       | 33.72 | 0.0  | 0.0        | 0.0  | 33.72       |
      | 3  | 31   | 01 April 2024    |           | 0.0             | 33.53         | 0.2      | 0.0  | 0.0       | 33.73 | 0.0  | 0.0        | 0.0  | 33.73       |
  [32m✔[39m [32m[1mAnd [22mLoan Repayment schedule has the following data in Total row:[39m                                                                           [90m# org.apache.fineract.test.stepdef.loan.LoanStepDef.loanRepaymentScheduleAmountCheck(io.cucumber.datatable.DataTable)[39m
      | Principal due | Interest | Fees | Penalties | Due    | Paid | In advance | Late | Outstanding |
      | 100.0         | 1.17     | 0.0  | 0.0       | 101.17 | 0.0  | 0.0        | 0.0  | 101.17      |
  [32m✔[39m [32m[1mThen [22mLoan Transactions tab has the following data:[39m                                                                                         [90m# org.apache.fineract.test.stepdef.loan.LoanStepDef.loanTransactionsTabCheck(io.cucumber.datatable.DataTable)[39m
      | Transaction date | Transaction Type                     | Amount | Principal | Interest | Fees | Penalties | Loan Balance | Reverted |
      | 01 January 2024  | Disbursement                         | 100.0  | 0.0       | 0.0      | 0.0  | 0.0       | 100.0        | false    |
      | 01 January 2024  | Buy Down Fee                         | 50.0   | 0.0       | 50.0     | 0.0  | 0.0       | 0.0          | true     |
      | 01 January 2024  | Buy Down Fee Amortization            | 0.55   | 0.0       | 0.55     | 0.0  | 0.0       | 0.0          | false    |
      | 02 January 2024  | Accrual                              | 0.02   | 0.0       | 0.02     | 0.0  | 0.0       | 0.0          | false    |
      | 02 January 2024  | Buy Down Fee Amortization            | 0.55   | 0.0       | 0.55     | 0.0  | 0.0       | 0.0          | false    |
      | 03 January 2024  | Accrual                              | 0.02   | 0.0       | 0.02     | 0.0  | 0.0       | 0.0          | false    |
      | 03 January 2024  | Buy Down Fee Amortization            | 0.55   | 0.0       | 0.55     | 0.0  | 0.0       | 0.0          | false    |
      | 04 January 2024  | Accrual                              | 0.02   | 0.0       | 0.02     | 0.0  | 0.0       | 0.0          | false    |
      | 04 January 2024  | Buy Down Fee Amortization            | 0.55   | 0.0       | 0.55     | 0.0  | 0.0       | 0.0          | false    |
      | 05 January 2024  | Accrual                              | 0.02   | 0.0       | 0.02     | 0.0  | 0.0       | 0.0          | false    |
      | 05 January 2024  | Buy Down Fee Amortization            | 0.55   | 0.0       | 0.55     | 0.0  | 0.0       | 0.0          | false    |
      | 06 January 2024  | Accrual                              | 0.01   | 0.0       | 0.01     | 0.0  | 0.0       | 0.0          | false    |
      | 06 January 2024  | Buy Down Fee Amortization            | 0.55   | 0.0       | 0.55     | 0.0  | 0.0       | 0.0          | false    |
      | 07 January 2024  | Accrual                              | 0.02   | 0.0       | 0.02     | 0.0  | 0.0       | 0.0          | false    |
      | 07 January 2024  | Buy Down Fee Amortization            | 0.55   | 0.0       | 0.55     | 0.0  | 0.0       | 0.0          | false    |
      | 08 January 2024  | Accrual                              | 0.02   | 0.0       | 0.02     | 0.0  | 0.0       | 0.0          | false    |
      | 08 January 2024  | Buy Down Fee Amortization            | 0.55   | 0.0       | 0.55     | 0.0  | 0.0       | 0.0          | false    |
      | 09 January 2024  | Accrual                              | 0.02   | 0.0       | 0.02     | 0.0  | 0.0       | 0.0          | false    |
      | 09 January 2024  | Buy Down Fee Amortization            | 0.55   | 0.0       | 0.55     | 0.0  | 0.0       | 0.0          | false    |
      | 10 January 2024  | Buy Down Fee Adjustment              | 10.0   | 0.0       | 10.0     | 0.0  | 0.0       | 0.0          | true     |
      | 10 January 2024  | Accrual                              | 0.02   | 0.0       | 0.02     | 0.0  | 0.0       | 0.0          | false    |
      | 10 January 2024  | Buy Down Fee Amortization            | 0.54   | 0.0       | 0.54     | 0.0  | 0.0       | 0.0          | false    |
      | 11 January 2024  | Buy Down Fee Amortization Adjustment | 5.49   | 0.0       | 5.49     | 0.0  | 0.0       | 0.0          | false    |
      | 11 January 2024  | Accrual                              | 0.02   | 0.0       | 0.02     | 0.0  | 0.0       | 0.0          | false    |
  [32m✔[39m [32m[1mAnd [22mLoanBuyDownFeeAmortizationAdjustmentTransactionCreatedBusinessEvent is created on [1m"11 January 2024"[22m[39m                                    [90m# org.apache.fineract.test.stepdef.loan.LoanStepDef.checkLoanBuyDownFeeAmortizationAdjustmentTransactionCreatedBusinessEvent(java.lang.String)[39m
  [32m✔[39m [32m[1mWhen [22mLoan Pay-off is made on [1m"12 January 2024"[22m[39m                                                                                             [90m# org.apache.fineract.test.stepdef.loan.LoanRepaymentStepDef.makeLoanPayOff(java.lang.String)[39m
  [32m✔[39m [32m[1mThen [22mLoan is closed with zero outstanding balance and it's all installments have obligations met[39m                                           [90m# org.apache.fineract.test.stepdef.loan.LoanStepDef.loanClosedAndInstallmentsObligationsMet()[39m

@BuyDownFeeFeature @TestRailId:C3981
[1mScenario:[22m Verify loan with Buy Down fees and full payment for non-merchant - UC1                                                               [90m# fineract-e2e-tests-runner/src/test/resources/features/LoanBuyDownFees.feature:2676[39m
  [32m✔[39m [32m[1mWhen [22mAdmin sets the business date to [1m"01 January 2024"[22m[39m                                                                                     [90m# org.apache.fineract.test.stepdef.common.BusinessDateStepDef.setBusinessDate(java.lang.String)[39m
  [32m✔[39m [32m[1mAnd [22mAdmin creates a client with random data[39m                                                                                                [90m# org.apache.fineract.test.stepdef.common.ClientStepDef.createClientRandomFirstNameLastName()[39m
  [32m✔[39m [32m[1mAnd [22mAdmin creates a fully customized loan with the following data:[39m                                                                         [90m# org.apache.fineract.test.stepdef.loan.LoanStepDef.createFullyCustomizedLoan(io.cucumber.datatable.DataTable)[39m
      | LoanProduct                                                           | submitted on date | with Principal | ANNUAL interest rate % | interest type     | interest calculation period | amortization type  | loanTermFrequency | loanTermFrequencyType | repaymentEvery | repaymentFrequencyType | numberOfRepayments | graceOnPrincipalPayment | graceOnInterestPayment | interest free period | Payment strategy            |
      | LP2_PROGRESSIVE_ADVANCED_PAYMENT_ALLOCATION_BUYDOWN_FEES_NON_MERCHANT | 01 January 2024   | 100            | 7                      | DECLINING_BALANCE | DAILY                       | EQUAL_INSTALLMENTS | 3                 | MONTHS                | 1              | MONTHS                 | 3                  | 0                       | 0                      | 0                    | ADVANCED_PAYMENT_ALLOCATION |
  [32m✔[39m [32m[1mAnd [22mAdmin successfully approves the loan on [1m"01 January 2024"[22m with [1m"100"[22m amount and expected disbursement date on [1m"01 January 2024"[22m[39m        [90m# org.apache.fineract.test.stepdef.loan.LoanStepDef.approveLoan(java.lang.String,java.lang.String,java.lang.String)[39m
  [32m✔[39m [32m[1mAnd [22mAdmin successfully disburse the loan on [1m"01 January 2024"[22m with [1m"100"[22m EUR transaction amount[39m                                            [90m# org.apache.fineract.test.stepdef.loan.LoanStepDef.disburseLoan(java.lang.String,java.lang.String)[39m
  [32m✔[39m [32m[1mThen [22mLoan status will be [1m"ACTIVE"[22m[39m                                                                                                          [90m# org.apache.fineract.test.stepdef.loan.LoanStepDef.loanStatus(java.lang.String)[39m
  [32m✔[39m [32m[1mWhen [22mAdmin adds buy down fee with [1m"AUTOPAY"[22m payment type to the loan on [1m"01 January 2024"[22m with [1m"50"[22m EUR transaction amount[39m                 [90m# org.apache.fineract.test.stepdef.loan.LoanStepDef.adminAddsBuyDownFeesToTheLoanOnWithEURTransactionAmount(java.lang.String,java.lang.String,java.lang.String)[39m
  [32m✔[39m [32m[1mThen [22mLoan Repayment schedule has [1m3[22m periods, with the following data for periods:[39m                                                           [90m# org.apache.fineract.test.stepdef.loan.LoanStepDef.loanRepaymentSchedulePeriodsCheck(int,io.cucumber.datatable.DataTable)[39m
      | Nr | Days | Date             | Paid date | Balance of loan | Principal due | Interest | Fees | Penalties | Due   | Paid | In advance | Late | Outstanding |
      |    |      | 01 January 2024  |           | 100.0           |               |          | 0.0  |           | 0.0   | 0.0  |            |      |             |
      | 1  | 31   | 01 February 2024 |           | 66.86           | 33.14         | 0.58     | 0.0  | 0.0       | 33.72 | 0.0  | 0.0        | 0.0  | 33.72       |
      | 2  | 29   | 01 March 2024    |           | 33.53           | 33.33         | 0.39     | 0.0  | 0.0       | 33.72 | 0.0  | 0.0        | 0.0  | 33.72       |
      | 3  | 31   | 01 April 2024    |           | 0.0             | 33.53         | 0.2      | 0.0  | 0.0       | 33.73 | 0.0  | 0.0        | 0.0  | 33.73       |
  [32m✔[39m [32m[1mAnd [22mLoan Repayment schedule has the following data in Total row:[39m                                                                           [90m# org.apache.fineract.test.stepdef.loan.LoanStepDef.loanRepaymentScheduleAmountCheck(io.cucumber.datatable.DataTable)[39m
      | Principal due | Interest | Fees | Penalties | Due    | Paid | In advance | Late | Outstanding |
      | 100.0         | 1.17     | 0.0  | 0.0       | 101.17 | 0.0  | 0.0        | 0.0  | 101.17      |
  [32m✔[39m [32m[1mAnd [22mLoan Transactions tab has the following data:[39m                                                                                          [90m# org.apache.fineract.test.stepdef.loan.LoanStepDef.loanTransactionsTabCheck(io.cucumber.datatable.DataTable)[39m
      | Transaction date | Transaction Type | Amount | Principal | Interest | Fees | Penalties | Loan Balance | Reverted |
      | 01 January 2024  | Disbursement     | 100.0  | 0.0       | 0.0      | 0.0  | 0.0       | 100.0        | false    |
      | 01 January 2024  | Buy Down Fee     | 50.0   | 0.0       | 50.0     | 0.0  | 0.0       | 0.0          | false    |
  [32m✔[39m [32m[1mAnd [22mLoan Transactions tab has a [1m"BUY_DOWN_FEE"[22m transaction with date [1m"01 January 2024"[22m which has the following Journal entries:[39m            [90m# org.apache.fineract.test.stepdef.common.JournalEntriesStepDef.journalEntryDataCheck(java.lang.String,java.lang.String,io.cucumber.datatable.DataTable)[39m
      | Type      | Account code | Account name                | Debit | Credit |
      | LIABILITY | 145023       | Suspense/Clearing account   | 50.0  |        |
      | LIABILITY | 145024       | Deferred Capitalized Income |       | 50.0   |
  [32m✔[39m [32m[1mAnd [22mBuy down fee contains the following data:[39m                                                                                              [90m# org.apache.fineract.test.stepdef.loan.LoanStepDef.checkBuyDownFeeData(io.cucumber.datatable.DataTable)[39m
      | Date            | Fee Amount | Amortized Amount | Not Yet Amortized Amount | Adjusted Amount | Charged Off Amount |
      | 01 January 2024 | 50.0       | 0.0              | 50.0                     | 0.0             | 0.0                |
  [32m✔[39m [32m[1mAnd [22mLoanBuyDownFeeTransactionCreatedBusinessEvent is created on [1m"01 January 2024"[22m[39m                                                          [90m# org.apache.fineract.test.stepdef.loan.LoanStepDef.checkLoanBuyDownFeeTransactionCreatedBusinessEvent(java.lang.String)[39m
  [32m✔[39m [32m[1mWhen [22mAdmin sets the business date to [1m"1 February 2024"[22m[39m                                                                                     [90m# org.apache.fineract.test.stepdef.common.BusinessDateStepDef.setBusinessDate(java.lang.String)[39m
  [32m✔[39m [32m[1mAnd [22mCustomer makes [1m"AUTOPAY"[22m repayment on [1m"01 February 2024"[22m with [1m33.72[22m EUR transaction amount[39m                                             [90m# org.apache.fineract.test.stepdef.loan.LoanRepaymentStepDef.makeLoanRepayment(java.lang.String,java.lang.String,double)[39m
  [32m✔[39m [32m[1mThen [22mLoan status will be [1m"ACTIVE"[22m[39m                                                                                                          [90m# org.apache.fineract.test.stepdef.loan.LoanStepDef.loanStatus(java.lang.String)[39m
  [32m✔[39m [32m[1mThen [22mLoan Transactions tab has the following data:[39m                                                                                         [90m# org.apache.fineract.test.stepdef.loan.LoanStepDef.loanTransactionsTabCheck(io.cucumber.datatable.DataTable)[39m
      | Transaction date | Transaction Type | Amount | Principal | Interest | Fees | Penalties | Loan Balance | Reverted |
      | 01 January 2024  | Disbursement     | 100.0  | 0.0       | 0.0      | 0.0  | 0.0       | 100.0        | false    |
      | 01 January 2024  | Buy Down Fee     | 50.0   | 0.0       | 50.0     | 0.0  | 0.0       | 0.0          | false    |
      | 01 February 2024 | Repayment        | 33.72  | 33.14     | 0.58     | 0.0  | 0.0       | 66.86        | false    |
  [32m✔[39m [32m[1mWhen [22mAdmin sets the business date to [1m"1 March 2024"[22m[39m                                                                                        [90m# org.apache.fineract.test.stepdef.common.BusinessDateStepDef.setBusinessDate(java.lang.String)[39m
  [32m✔[39m [32m[1mAnd [22mCustomer makes [1m"AUTOPAY"[22m repayment on [1m"01 March 2024"[22m with [1m33.72[22m EUR transaction amount[39m                                                [90m# org.apache.fineract.test.stepdef.loan.LoanRepaymentStepDef.makeLoanRepayment(java.lang.String,java.lang.String,double)[39m
  [32m✔[39m [32m[1mWhen [22mAdmin sets the business date to [1m"1 April 2024"[22m[39m                                                                                        [90m# org.apache.fineract.test.stepdef.common.BusinessDateStepDef.setBusinessDate(java.lang.String)[39m
  [32m✔[39m [32m[1mWhen [22mAdmin runs inline COB job for Loan[39m                                                                                                    [90m# org.apache.fineract.test.stepdef.loan.InlineCOBStepDef.runInlineCOB()[39m
  [32m✔[39m [32m[1mAnd [22mCustomer makes [1m"AUTOPAY"[22m repayment on [1m"01 April 2024"[22m with [1m33.73[22m EUR transaction amount[39m                                                [90m# org.apache.fineract.test.stepdef.loan.LoanRepaymentStepDef.makeLoanRepayment(java.lang.String,java.lang.String,double)[39m
  [32m✔[39m [32m[1mThen [22mLoan status will be [1m"CLOSED_OBLIGATIONS_MET"[22m[39m                                                                                          [90m# org.apache.fineract.test.stepdef.loan.LoanStepDef.loanStatus(java.lang.String)[39m
  [32m✔[39m [32m[1mAnd [22mLoan Transactions tab has the following data:[39m                                                                                          [90m# org.apache.fineract.test.stepdef.loan.LoanStepDef.loanTransactionsTabCheck(io.cucumber.datatable.DataTable)[39m
      | Transaction date | Transaction Type          | Amount | Principal | Interest | Fees | Penalties | Loan Balance | Reverted |
      | 01 January 2024  | Disbursement              | 100.0  | 0.0       | 0.0      | 0.0  | 0.0       | 100.0        | false    |
      | 01 January 2024  | Buy Down Fee              | 50.0   | 0.0       | 50.0     | 0.0  | 0.0       | 0.0          | false    |
      | 01 February 2024 | Repayment                 | 33.72  | 33.14     | 0.58     | 0.0  | 0.0       | 66.86        | false    |
      | 01 March 2024    | Repayment                 | 33.72  | 33.33     | 0.39     | 0.0  | 0.0       | 33.53        | false    |
      | 31 March 2024    | Accrual                   | 1.16   | 0.0       | 1.16     | 0.0  | 0.0       | 0.0          | false    |
      | 31 March 2024    | Buy Down Fee Amortization | 50.0   | 0.0       | 50.0     | 0.0  | 0.0       | 0.0          | false    |
      | 01 April 2024    | Repayment                 | 33.73  | 33.53     | 0.2      | 0.0  | 0.0       | 0.0          | false    |
      | 01 April 2024    | Accrual                   | 0.01   | 0.0       | 0.01     | 0.0  | 0.0       | 0.0          | false    |
  [32m✔[39m [32m[1mAnd [22mLoan Transactions tab has a [1m"BUY_DOWN_FEE_AMORTIZATION"[22m transaction with date [1m"31 March 2024"[22m which has the following Journal entries:[39m [90m# org.apache.fineract.test.stepdef.common.JournalEntriesStepDef.journalEntryDataCheck(java.lang.String,java.lang.String,io.cucumber.datatable.DataTable)[39m
      | Type      | Account code | Account name                | Debit | Credit |
      | INCOME    | 450281       | Income From Buy Down        |       | 50.0   |
      | LIABILITY | 145024       | Deferred Capitalized Income | 50.0  |        |
  [32m✔[39m [32m[1mAnd [22mBuy down fee by external-id contains the following data:[39m                                                                               [90m# org.apache.fineract.test.stepdef.loan.LoanStepDef.checkBuyDownFeeByExternalIdData(io.cucumber.datatable.DataTable)[39m
      | Date            | Fee Amount | Amortized Amount | Not Yet Amortized Amount | Adjusted Amount | Charged Off Amount |
      | 01 January 2024 | 50.0       | 50.0             | 0.0                      | 0.0             | 0.0                |
  [32m✔[39m [32m[1mAnd [22mLoanBuyDownFeeAmortizationTransactionCreatedBusinessEvent is created on [1m"31 March 2024"[22m[39m                                                [90m# org.apache.fineract.test.stepdef.loan.LoanStepDef.checkLoanBuyDownFeeAmortizationTransactionCreatedBusinessEvent(java.lang.String)[39m

@BuyDownFeeFeature @TestRailId:C3982
[1mScenario:[22m Verify Buy Down Fee reversal on same business date for non-merchant - UC2                                                     [90m# fineract-e2e-tests-runner/src/test/resources/features/LoanBuyDownFees.feature:2741[39m
  [32m✔[39m [32m[1mWhen [22mAdmin sets the business date to [1m"01 January 2024"[22m[39m                                                                              [90m# org.apache.fineract.test.stepdef.common.BusinessDateStepDef.setBusinessDate(java.lang.String)[39m
  [32m✔[39m [32m[1mAnd [22mAdmin creates a client with random data[39m                                                                                         [90m# org.apache.fineract.test.stepdef.common.ClientStepDef.createClientRandomFirstNameLastName()[39m
  [32m✔[39m [32m[1mWhen [22mAdmin creates a fully customized loan with the following data:[39m                                                                 [90m# org.apache.fineract.test.stepdef.loan.LoanStepDef.createFullyCustomizedLoan(io.cucumber.datatable.DataTable)[39m
      | LoanProduct                                                           | submitted on date | with Principal | ANNUAL interest rate % | interest type     | interest calculation period | amortization type  | loanTermFrequency | loanTermFrequencyType | repaymentEvery | repaymentFrequencyType | numberOfRepayments | graceOnPrincipalPayment | graceOnInterestPayment | interest free period | Payment strategy            |
      | LP2_PROGRESSIVE_ADVANCED_PAYMENT_ALLOCATION_BUYDOWN_FEES_NON_MERCHANT | 01 January 2024   | 100            | 7                      | DECLINING_BALANCE | DAILY                       | EQUAL_INSTALLMENTS | 3                 | MONTHS                | 1              | MONTHS                 | 3                  | 0                       | 0                      | 0                    | ADVANCED_PAYMENT_ALLOCATION |
  [32m✔[39m [32m[1mAnd [22mAdmin successfully approves the loan on [1m"01 January 2024"[22m with [1m"100"[22m amount and expected disbursement date on [1m"01 January 2024"[22m[39m [90m# org.apache.fineract.test.stepdef.loan.LoanStepDef.approveLoan(java.lang.String,java.lang.String,java.lang.String)[39m
  [32m✔[39m [32m[1mAnd [22mAdmin successfully disburse the loan on [1m"01 January 2024"[22m with [1m"100"[22m EUR transaction amount[39m                                     [90m# org.apache.fineract.test.stepdef.loan.LoanStepDef.disburseLoan(java.lang.String,java.lang.String)[39m
  [32m✔[39m [32m[1mThen [22mLoan Repayment schedule has [1m3[22m periods, with the following data for periods:[39m                                                    [90m# org.apache.fineract.test.stepdef.loan.LoanStepDef.loanRepaymentSchedulePeriodsCheck(int,io.cucumber.datatable.DataTable)[39m
      | Nr | Days | Date             | Paid date | Balance of loan | Principal due | Interest | Fees | Penalties | Due   | Paid | In advance | Late | Outstanding |
      |    |      | 01 January 2024  |           | 100.0           |               |          | 0.0  |           | 0.0   | 0.0  |            |      |             |
      | 1  | 31   | 01 February 2024 |           | 66.86           | 33.14         | 0.58     | 0.0  | 0.0       | 33.72 | 0.0  | 0.0        | 0.0  | 33.72       |
      | 2  | 29   | 01 March 2024    |           | 33.53           | 33.33         | 0.39     | 0.0  | 0.0       | 33.72 | 0.0  | 0.0        | 0.0  | 33.72       |
      | 3  | 31   | 01 April 2024    |           | 0.0             | 33.53         | 0.2      | 0.0  | 0.0       | 33.73 | 0.0  | 0.0        | 0.0  | 33.73       |
  [32m✔[39m [32m[1mAnd [22mLoan Repayment schedule has the following data in Total row:[39m                                                                    [90m# org.apache.fineract.test.stepdef.loan.LoanStepDef.loanRepaymentScheduleAmountCheck(io.cucumber.datatable.DataTable)[39m
      | Principal due | Interest | Fees | Penalties | Due    | Paid | In advance | Late | Outstanding |
      | 100.0         | 1.17     | 0.0  | 0.0       | 101.17 | 0.0  | 0.0        | 0.0  | 101.17      |
  [32m✔[39m [32m[1mThen [22mLoan Transactions tab has the following data:[39m                                                                                  [90m# org.apache.fineract.test.stepdef.loan.LoanStepDef.loanTransactionsTabCheck(io.cucumber.datatable.DataTable)[39m
      | Transaction date | Transaction Type | Amount | Principal | Interest | Fees | Penalties | Loan Balance | Reverted |
      | 01 January 2024  | Disbursement     | 100.0  | 0.0       | 0.0      | 0.0  | 0.0       | 100.0        | false    |
  [32m✔[39m [32m[1mAnd [22mAdmin adds buy down fee with [1m"AUTOPAY"[22m payment type to the loan on [1m"01 January 2024"[22m with [1m"50"[22m EUR transaction amount[39m           [90m# org.apache.fineract.test.stepdef.loan.LoanStepDef.adminAddsBuyDownFeesToTheLoanOnWithEURTransactionAmount(java.lang.String,java.lang.String,java.lang.String)[39m
  [32m✔[39m [32m[1mThen [22mLoan Repayment schedule has [1m3[22m periods, with the following data for periods:[39m                                                    [90m# org.apache.fineract.test.stepdef.loan.LoanStepDef.loanRepaymentSchedulePeriodsCheck(int,io.cucumber.datatable.DataTable)[39m
      | Nr | Days | Date             | Paid date | Balance of loan | Principal due | Interest | Fees | Penalties | Due   | Paid | In advance | Late | Outstanding |
      |    |      | 01 January 2024  |           | 100.0           |               |          | 0.0  |           | 0.0   | 0.0  |            |      |             |
      | 1  | 31   | 01 February 2024 |           | 66.86           | 33.14         | 0.58     | 0.0  | 0.0       | 33.72 | 0.0  | 0.0        | 0.0  | 33.72       |
      | 2  | 29   | 01 March 2024    |           | 33.53           | 33.33         | 0.39     | 0.0  | 0.0       | 33.72 | 0.0  | 0.0        | 0.0  | 33.72       |
      | 3  | 31   | 01 April 2024    |           | 0.0             | 33.53         | 0.2      | 0.0  | 0.0       | 33.73 | 0.0  | 0.0        | 0.0  | 33.73       |
  [32m✔[39m [32m[1mAnd [22mLoan Repayment schedule has the following data in Total row:[39m                                                                    [90m# org.apache.fineract.test.stepdef.loan.LoanStepDef.loanRepaymentScheduleAmountCheck(io.cucumber.datatable.DataTable)[39m
      | Principal due | Interest | Fees | Penalties | Due    | Paid | In advance | Late | Outstanding |
      | 100.0         | 1.17     | 0.0  | 0.0       | 101.17 | 0.0  | 0.0        | 0.0  | 101.17      |
  [32m✔[39m [32m[1mThen [22mLoan Transactions tab has the following data:[39m                                                                                  [90m# org.apache.fineract.test.stepdef.loan.LoanStepDef.loanTransactionsTabCheck(io.cucumber.datatable.DataTable)[39m
      | Transaction date | Transaction Type | Amount | Principal | Interest | Fees | Penalties | Loan Balance | Reverted |
      | 01 January 2024  | Disbursement     | 100.0  | 0.0       | 0.0      | 0.0  | 0.0       | 100.0        | false    |
      | 01 January 2024  | Buy Down Fee     | 50.0   | 0.0       | 50.0     | 0.0  | 0.0       | 0.0          | false    |
  [32m✔[39m [32m[1mAnd [22mLoanBuyDownFeeTransactionCreatedBusinessEvent is created on [1m"01 January 2024"[22m[39m                                                   [90m# org.apache.fineract.test.stepdef.loan.LoanStepDef.checkLoanBuyDownFeeTransactionCreatedBusinessEvent(java.lang.String)[39m
  [32m✔[39m [32m[1mWhen [22mCustomer undo [1m"1"[22mth [1m"Buy Down Fee"[22m transaction made on [1m"01 January 2024"[22m[39m                                                       [90m# org.apache.fineract.test.stepdef.loan.LoanRepaymentStepDef.undoNthTransactionType(java.lang.String,java.lang.String,java.lang.String)[39m
  [32m✔[39m [32m[1mWhen [22mAdmin sets the business date to [1m"02 January 2024"[22m[39m                                                                              [90m# org.apache.fineract.test.stepdef.common.BusinessDateStepDef.setBusinessDate(java.lang.String)[39m
  [32m✔[39m [32m[1mAnd [22mAdmin runs inline COB job for Loan[39m                                                                                              [90m# org.apache.fineract.test.stepdef.loan.InlineCOBStepDef.runInlineCOB()[39m
  [32m✔[39m [32m[1mThen [22mLoan Repayment schedule has [1m3[22m periods, with the following data for periods:[39m                                                    [90m# org.apache.fineract.test.stepdef.loan.LoanStepDef.loanRepaymentSchedulePeriodsCheck(int,io.cucumber.datatable.DataTable)[39m
      | Nr | Days | Date             | Paid date | Balance of loan | Principal due | Interest | Fees | Penalties | Due   | Paid | In advance | Late | Outstanding |
      |    |      | 01 January 2024  |           | 100.0           |               |          | 0.0  |           | 0.0   | 0.0  |            |      |             |
      | 1  | 31   | 01 February 2024 |           | 66.86           | 33.14         | 0.58     | 0.0  | 0.0       | 33.72 | 0.0  | 0.0        | 0.0  | 33.72       |
      | 2  | 29   | 01 March 2024    |           | 33.53           | 33.33         | 0.39     | 0.0  | 0.0       | 33.72 | 0.0  | 0.0        | 0.0  | 33.72       |
      | 3  | 31   | 01 April 2024    |           | 0.0             | 33.53         | 0.2      | 0.0  | 0.0       | 33.73 | 0.0  | 0.0        | 0.0  | 33.73       |
  [32m✔[39m [32m[1mAnd [22mLoan Repayment schedule has the following data in Total row:[39m                                                                    [90m# org.apache.fineract.test.stepdef.loan.LoanStepDef.loanRepaymentScheduleAmountCheck(io.cucumber.datatable.DataTable)[39m
      | Principal due | Interest | Fees | Penalties | Due    | Paid | In advance | Late | Outstanding |
      | 100.0         | 1.17     | 0.0  | 0.0       | 101.17 | 0.0  | 0.0        | 0.0  | 101.17      |
  [32m✔[39m [32m[1mAnd [22mLoan Transactions tab has the following data:[39m                                                                                   [90m# org.apache.fineract.test.stepdef.loan.LoanStepDef.loanTransactionsTabCheck(io.cucumber.datatable.DataTable)[39m
      | Transaction date | Transaction Type | Amount | Principal | Interest | Fees | Penalties | Loan Balance | Reverted |
      | 01 January 2024  | Disbursement     | 100.0  | 0.0       | 0.0      | 0.0  | 0.0       | 100.0        | false    |
      | 01 January 2024  | Buy Down Fee     | 50.0   | 0.0       | 50.0     | 0.0  | 0.0       | 0.0          | true     |
  [32m✔[39m [32m[1mAnd [22mLoan Transactions tab has a [1m"BUY_DOWN_FEE"[22m transaction with date [1m"01 January 2024"[22m which has the following Journal entries:[39m     [90m# org.apache.fineract.test.stepdef.common.JournalEntriesStepDef.journalEntryDataCheck(java.lang.String,java.lang.String,io.cucumber.datatable.DataTable)[39m
      | Type      | Account code | Account name                | Debit | Credit |
      | LIABILITY | 145023       | Suspense/Clearing account   | 50.0  |        |
      | LIABILITY | 145024       | Deferred Capitalized Income |       | 50.0   |
      | LIABILITY | 145023       | Suspense/Clearing account   |       | 50.0   |
      | LIABILITY | 145024       | Deferred Capitalized Income | 50.0  |        |
  [32m✔[39m [32m[1mWhen [22mLoan Pay-off is made on [1m"02 January 2024"[22m[39m                                                                                      [90m# org.apache.fineract.test.stepdef.loan.LoanRepaymentStepDef.makeLoanPayOff(java.lang.String)[39m
  [32m✔[39m [32m[1mThen [22mLoan is closed with zero outstanding balance and it's all installments have obligations met[39m                                    [90m# org.apache.fineract.test.stepdef.loan.LoanStepDef.loanClosedAndInstallmentsObligationsMet()[39m

@BuyDownFeeFeature @TestRailId:C3983
[1mScenario:[22m Verify loan with Buy Down fees and undo the charge-off transaction for non merchant - amortization in case of loan charge-off event is also reversed - UC3.1 [90m# fineract-e2e-tests-runner/src/test/resources/features/LoanBuyDownFees.feature:2803[39m
  [32m✔[39m [32m[1mWhen [22mAdmin sets the business date to [1m"01 January 2024"[22m[39m                                                                                                             [90m# org.apache.fineract.test.stepdef.common.BusinessDateStepDef.setBusinessDate(java.lang.String)[39m
  [32m✔[39m [32m[1mAnd [22mAdmin creates a client with random data[39m                                                                                                                        [90m# org.apache.fineract.test.stepdef.common.ClientStepDef.createClientRandomFirstNameLastName()[39m
  [32m✔[39m [32m[1mAnd [22mAdmin creates a fully customized loan with the following data:[39m                                                                                                 [90m# org.apache.fineract.test.stepdef.loan.LoanStepDef.createFullyCustomizedLoan(io.cucumber.datatable.DataTable)[39m
      | LoanProduct                                                           | submitted on date | with Principal | ANNUAL interest rate % | interest type     | interest calculation period | amortization type  | loanTermFrequency | loanTermFrequencyType | repaymentEvery | repaymentFrequencyType | numberOfRepayments | graceOnPrincipalPayment | graceOnInterestPayment | interest free period | Payment strategy            |
      | LP2_PROGRESSIVE_ADVANCED_PAYMENT_ALLOCATION_BUYDOWN_FEES_NON_MERCHANT | 01 January 2024   | 100            | 7                      | DECLINING_BALANCE | DAILY                       | EQUAL_INSTALLMENTS | 3                 | MONTHS                | 1              | MONTHS                 | 3                  | 0                       | 0                      | 0                    | ADVANCED_PAYMENT_ALLOCATION |
  [32m✔[39m [32m[1mAnd [22mAdmin successfully approves the loan on [1m"01 January 2024"[22m with [1m"100"[22m amount and expected disbursement date on [1m"01 January 2024"[22m[39m                                [90m# org.apache.fineract.test.stepdef.loan.LoanStepDef.approveLoan(java.lang.String,java.lang.String,java.lang.String)[39m
  [32m✔[39m [32m[1mAnd [22mAdmin successfully disburse the loan on [1m"01 January 2024"[22m with [1m"100"[22m EUR transaction amount[39m                                                                    [90m# org.apache.fineract.test.stepdef.loan.LoanStepDef.disburseLoan(java.lang.String,java.lang.String)[39m
  [32m✔[39m [32m[1mThen [22mLoan status will be [1m"ACTIVE"[22m[39m                                                                                                                                  [90m# org.apache.fineract.test.stepdef.loan.LoanStepDef.loanStatus(java.lang.String)[39m
  [32m✔[39m [32m[1mWhen [22mAdmin adds buy down fee with [1m"AUTOPAY"[22m payment type to the loan on [1m"01 January 2024"[22m with [1m"50"[22m EUR transaction amount[39m                                         [90m# org.apache.fineract.test.stepdef.loan.LoanStepDef.adminAddsBuyDownFeesToTheLoanOnWithEURTransactionAmount(java.lang.String,java.lang.String,java.lang.String)[39m
  [32m✔[39m [32m[1mThen [22mLoan Repayment schedule has [1m3[22m periods, with the following data for periods:[39m                                                                                   [90m# org.apache.fineract.test.stepdef.loan.LoanStepDef.loanRepaymentSchedulePeriodsCheck(int,io.cucumber.datatable.DataTable)[39m
      | Nr | Days | Date             | Paid date | Balance of loan | Principal due | Interest | Fees | Penalties | Due   | Paid | In advance | Late | Outstanding |
      |    |      | 01 January 2024  |           | 100.0           |               |          | 0.0  |           | 0.0   | 0.0  |            |      |             |
      | 1  | 31   | 01 February 2024 |           | 66.86           | 33.14         | 0.58     | 0.0  | 0.0       | 33.72 | 0.0  | 0.0        | 0.0  | 33.72       |
      | 2  | 29   | 01 March 2024    |           | 33.53           | 33.33         | 0.39     | 0.0  | 0.0       | 33.72 | 0.0  | 0.0        | 0.0  | 33.72       |
      | 3  | 31   | 01 April 2024    |           | 0.0             | 33.53         | 0.2      | 0.0  | 0.0       | 33.73 | 0.0  | 0.0        | 0.0  | 33.73       |
  [32m✔[39m [32m[1mAnd [22mLoan Repayment schedule has the following data in Total row:[39m                                                                                                   [90m# org.apache.fineract.test.stepdef.loan.LoanStepDef.loanRepaymentScheduleAmountCheck(io.cucumber.datatable.DataTable)[39m
      | Principal due | Interest | Fees | Penalties | Due    | Paid | In advance | Late | Outstanding |
      | 100.0         | 1.17     | 0.0  | 0.0       | 101.17 | 0.0  | 0.0        | 0.0  | 101.17      |
  [32m✔[39m [32m[1mAnd [22mLoan Transactions tab has the following data:[39m                                                                                                                  [90m# org.apache.fineract.test.stepdef.loan.LoanStepDef.loanTransactionsTabCheck(io.cucumber.datatable.DataTable)[39m
      | Transaction date | Transaction Type | Amount | Principal | Interest | Fees | Penalties | Loan Balance | Reverted |
      | 01 January 2024  | Disbursement     | 100.0  | 0.0       | 0.0      | 0.0  | 0.0       | 100.0        | false    |
      | 01 January 2024  | Buy Down Fee     | 50.0   | 0.0       | 50.0     | 0.0  | 0.0       | 0.0          | false    |
  [32m✔[39m [32m[1mAnd [22mLoan Transactions tab has a [1m"BUY_DOWN_FEE"[22m transaction with date [1m"01 January 2024"[22m which has the following Journal entries:[39m                                    [90m# org.apache.fineract.test.stepdef.common.JournalEntriesStepDef.journalEntryDataCheck(java.lang.String,java.lang.String,io.cucumber.datatable.DataTable)[39m
      | Type      | Account code | Account name                | Debit | Credit |
      | LIABILITY | 145023       | Suspense/Clearing account   | 50.0  |        |
      | LIABILITY | 145024       | Deferred Capitalized Income |       | 50.0   |
  [32m✔[39m [32m[1mAnd [22mBuy down fee by external-id contains the following data:[39m                                                                                                       [90m# org.apache.fineract.test.stepdef.loan.LoanStepDef.checkBuyDownFeeByExternalIdData(io.cucumber.datatable.DataTable)[39m
      | Date            | Fee Amount | Amortized Amount | Not Yet Amortized Amount | Adjusted Amount | Charged Off Amount |
      | 01 January 2024 | 50.0       | 0.0              | 50.0                     | 0.0             | 0.0                |
  [32m✔[39m [32m[1mAnd [22mLoanBuyDownFeeTransactionCreatedBusinessEvent is created on [1m"01 January 2024"[22m[39m                                                                                  [90m# org.apache.fineract.test.stepdef.loan.LoanStepDef.checkLoanBuyDownFeeTransactionCreatedBusinessEvent(java.lang.String)[39m
  [32m✔[39m [32m[1mWhen [22mAdmin sets the business date to [1m"1 February 2024"[22m[39m                                                                                                             [90m# org.apache.fineract.test.stepdef.common.BusinessDateStepDef.setBusinessDate(java.lang.String)[39m
  [32m✔[39m [32m[1mAnd [22mAdmin does charge-off the loan on [1m"1 February 2024"[22m[39m                                                                                                            [90m# org.apache.fineract.test.stepdef.loan.LoanStepDef.chargeOffLoan(java.lang.String)[39m
  [32m✔[39m [32m[1mThen [22mLoan status will be [1m"ACTIVE"[22m[39m                                                                                                                                  [90m# org.apache.fineract.test.stepdef.loan.LoanStepDef.loanStatus(java.lang.String)[39m
  [32m✔[39m [32m[1mAnd [22mLoan marked as charged-off on [1m"01 February 2024"[22m[39m                                                                                                               [90m# org.apache.fineract.test.stepdef.loan.LoanStepDef.isLoanChargedOff(java.lang.String)[39m
  [32m✔[39m [32m[1mThen [22mLoan Repayment schedule has [1m3[22m periods, with the following data for periods:[39m                                                                                   [90m# org.apache.fineract.test.stepdef.loan.LoanStepDef.loanRepaymentSchedulePeriodsCheck(int,io.cucumber.datatable.DataTable)[39m
      | Nr | Days | Date             | Paid date | Balance of loan | Principal due | Interest | Fees | Penalties | Due   | Paid | In advance | Late | Outstanding |
      |    |      | 01 January 2024  |           | 100.0           |               |          | 0.0  |           | 0.0   | 0.0  |            |      |             |
      | 1  | 31   | 01 February 2024 |           | 66.86           | 33.14         | 0.58     | 0.0  | 0.0       | 33.72 | 0.0  | 0.0        | 0.0  | 33.72       |
      | 2  | 29   | 01 March 2024    |           | 33.53           | 33.33         | 0.39     | 0.0  | 0.0       | 33.72 | 0.0  | 0.0        | 0.0  | 33.72       |
      | 3  | 31   | 01 April 2024    |           | 0.0             | 33.53         | 0.2      | 0.0  | 0.0       | 33.73 | 0.0  | 0.0        | 0.0  | 33.73       |
  [32m✔[39m [32m[1mAnd [22mLoan Repayment schedule has the following data in Total row:[39m                                                                                                   [90m# org.apache.fineract.test.stepdef.loan.LoanStepDef.loanRepaymentScheduleAmountCheck(io.cucumber.datatable.DataTable)[39m
      | Principal due | Interest | Fees | Penalties | Due    | Paid | In advance | Late | Outstanding |
      | 100.0         | 1.17     | 0.0  | 0.0       | 101.17 | 0.0  | 0.0        | 0.0  | 101.17      |
  [32m✔[39m [32m[1mAnd [22mLoan Transactions tab has a [1m"CHARGE_OFF"[22m transaction with date [1m"01 February 2024"[22m which has the following Journal entries:[39m                                     [90m# org.apache.fineract.test.stepdef.common.JournalEntriesStepDef.journalEntryDataCheck(java.lang.String,java.lang.String,io.cucumber.datatable.DataTable)[39m
      | Type    | Account code | Account name               | Debit | Credit |
      | ASSET   | 112601       | Loans Receivable           |       | 100.0  |
      | ASSET   | 112603       | Interest/Fee Receivable    |       | 1.17   |
      | EXPENSE | 744007       | Credit Loss/Bad Debt       | 100.0 |        |
      | INCOME  | 404001       | Interest Income Charge Off | 1.17  |        |
  [32m✔[39m [32m[1mThen [22mLoan Transactions tab has the following data:[39m                                                                                                                 [90m# org.apache.fineract.test.stepdef.loan.LoanStepDef.loanTransactionsTabCheck(io.cucumber.datatable.DataTable)[39m
      | Transaction date | Transaction Type          | Amount | Principal | Interest | Fees | Penalties | Loan Balance | Reverted |
      | 01 January 2024  | Disbursement              | 100.0  | 0.0       | 0.0      | 0.0  | 0.0       | 100.0        | false    |
      | 01 January 2024  | Buy Down Fee              | 50.0   | 0.0       | 50.0     | 0.0  | 0.0       | 0.0          | false    |
      | 01 February 2024 | Buy Down Fee Amortization | 17.58  | 0.0       | 17.58    | 0.0  | 0.0       | 0.0          | false    |
      | 01 February 2024 | Accrual                   | 0.58   | 0.0       | 0.58     | 0.0  | 0.0       | 0.0          | false    |
      | 01 February 2024 | Charge-off                | 101.17 | 100.0     | 1.17     | 0.0  | 0.0       | 0.0          | false    |
      | 01 February 2024 | Buy Down Fee Amortization | 32.42  | 0.0       | 32.42    | 0.0  | 0.0       | 0.0          | false    |
  [32m✔[39m [32m[1mAnd [22mBuy down fee by external-id contains the following data:[39m                                                                                                       [90m# org.apache.fineract.test.stepdef.loan.LoanStepDef.checkBuyDownFeeByExternalIdData(io.cucumber.datatable.DataTable)[39m
      | Date            | Fee Amount | Amortized Amount | Not Yet Amortized Amount | Adjusted Amount | Charged Off Amount |
      | 01 January 2024 | 50.0       | 17.58            | 0.0                      | 0.0             | 32.42              |
  [32m✔[39m [32m[1mAnd [22mLoanBuyDownFeeAmortizationTransactionCreatedBusinessEvent is created on [1m"01 February 2024"[22m[39m                                                                     [90m# org.apache.fineract.test.stepdef.loan.LoanStepDef.checkLoanBuyDownFeeAmortizationTransactionCreatedBusinessEvent(java.lang.String)[39m
  [32m✔[39m [32m[1mAnd [22mLoan Transactions tab has [1m2[22m a [1m"BUY_DOWN_FEE_AMORTIZATION"[22m transactions with date [1m"01 February 2024"[22m which has the following Journal entries:[39m                   [90m# org.apache.fineract.test.stepdef.common.JournalEntriesStepDef.journalEntryDataCheck(int,java.lang.String,java.lang.String,io.cucumber.datatable.DataTable)[39m
      | Type      | Account code | Account name                | Debit | Credit |
      | INCOME    | 450281       | Income From Buy Down        |       | 17.58  |
      | LIABILITY | 145024       | Deferred Capitalized Income | 17.58 |        |
      | EXPENSE   | 744007       | Credit Loss/Bad Debt        |       | 32.42  |
      | LIABILITY | 145024       | Deferred Capitalized Income | 32.42 |        |
  [32m✔[39m [32m[1mThen [22mAdmin does a charge-off undo the loan[39m                                                                                                                         [90m# org.apache.fineract.test.stepdef.loan.LoanStepDef.chargeOffUndo()[39m
  [32m✔[39m [32m[1mThen [22mLoan Transactions tab has the following data:[39m                                                                                                                 [90m# org.apache.fineract.test.stepdef.loan.LoanStepDef.loanTransactionsTabCheck(io.cucumber.datatable.DataTable)[39m
      | Transaction date | Transaction Type          | Amount | Principal | Interest | Fees | Penalties | Loan Balance | Reverted |
      | 01 January 2024  | Disbursement              | 100.0  | 0.0       | 0.0      | 0.0  | 0.0       | 100.0        | false    |
      | 01 January 2024  | Buy Down Fee              | 50.0   | 0.0       | 50.0     | 0.0  | 0.0       | 0.0          | false    |
      | 01 February 2024 | Buy Down Fee Amortization | 17.58  | 0.0       | 17.58    | 0.0  | 0.0       | 0.0          | false    |
      | 01 February 2024 | Accrual                   | 0.58   | 0.0       | 0.58     | 0.0  | 0.0       | 0.0          | false    |
      | 01 February 2024 | Charge-off                | 101.17 | 100.0     | 1.17     | 0.0  | 0.0       | 0.0          | true     |
  [32m✔[39m [32m[1mAnd [22mLoan Transactions tab has a [1m"CHARGE_OFF"[22m transaction with date [1m"01 February 2024"[22m which has the following Journal entries:[39m                                     [90m# org.apache.fineract.test.stepdef.common.JournalEntriesStepDef.journalEntryDataCheck(java.lang.String,java.lang.String,io.cucumber.datatable.DataTable)[39m
      | Type    | Account code | Account name               | Debit | Credit |
      | ASSET   | 112601       | Loans Receivable           |       | 100.0  |
      | ASSET   | 112603       | Interest/Fee Receivable    |       | 1.17   |
      | EXPENSE | 744007       | Credit Loss/Bad Debt       | 100.0 |        |
      | INCOME  | 404001       | Interest Income Charge Off | 1.17  |        |
      | ASSET   | 112601       | Loans Receivable           | 100.0 |        |
      | ASSET   | 112603       | Interest/Fee Receivable    | 1.17  |        |
      | EXPENSE | 744007       | Credit Loss/Bad Debt       |       | 100.0  |
      | INCOME  | 404001       | Interest Income Charge Off |       | 1.17   |
  [32m✔[39m [32m[1mAnd [22mLoan Transactions tab has [1m1[22m a [1m"BUY_DOWN_FEE_AMORTIZATION"[22m transactions with date [1m"01 February 2024"[22m which has the following Journal entries:[39m                   [90m# org.apache.fineract.test.stepdef.common.JournalEntriesStepDef.journalEntryDataCheck(int,java.lang.String,java.lang.String,io.cucumber.datatable.DataTable)[39m
      | Type      | Account code | Account name                | Debit | Credit |
      | INCOME    | 450281       | Income From Buy Down        |       | 17.58  |
      | LIABILITY | 145024       | Deferred Capitalized Income | 17.58 |        |
  [32m✔[39m [32m[1mAnd [22mBuy down fee by external-id contains the following data:[39m                                                                                                       [90m# org.apache.fineract.test.stepdef.loan.LoanStepDef.checkBuyDownFeeByExternalIdData(io.cucumber.datatable.DataTable)[39m
      | Date            | Fee Amount | Amortized Amount | Not Yet Amortized Amount | Adjusted Amount | Charged Off Amount |
      | 01 January 2024 | 50.0       | 17.58            | 32.42                    | 0.0             | 0.0                |
  [32m✔[39m [32m[1mWhen [22mLoan Pay-off is made on [1m"01 February 2024"[22m[39m                                                                                                                    [90m# org.apache.fineract.test.stepdef.loan.LoanRepaymentStepDef.makeLoanPayOff(java.lang.String)[39m
  [32m✔[39m [32m[1mThen [22mLoan is closed with zero outstanding balance and it's all installments have obligations met[39m                                                                   [90m# org.apache.fineract.test.stepdef.loan.LoanStepDef.loanClosedAndInstallmentsObligationsMet()[39m

@BuyDownFeeFeature @TestRailId:C3984
[1mScenario:[22m Verify loan with Buy Down fees and undo the charge-off a fraud loan for non-merchant - amortization in case of loan charge-off event is also reversed - UC3.2 [90m# fineract-e2e-tests-runner/src/test/resources/features/LoanBuyDownFees.feature:2904[39m
  [32m✔[39m [32m[1mWhen [22mAdmin sets the business date to [1m"01 January 2024"[22m[39m                                                                                                              [90m# org.apache.fineract.test.stepdef.common.BusinessDateStepDef.setBusinessDate(java.lang.String)[39m
  [32m✔[39m [32m[1mAnd [22mAdmin creates a client with random data[39m                                                                                                                         [90m# org.apache.fineract.test.stepdef.common.ClientStepDef.createClientRandomFirstNameLastName()[39m
  [32m✔[39m [32m[1mAnd [22mAdmin creates a fully customized loan with the following data:[39m                                                                                                  [90m# org.apache.fineract.test.stepdef.loan.LoanStepDef.createFullyCustomizedLoan(io.cucumber.datatable.DataTable)[39m
      | LoanProduct                                                           | submitted on date | with Principal | ANNUAL interest rate % | interest type     | interest calculation period | amortization type  | loanTermFrequency | loanTermFrequencyType | repaymentEvery | repaymentFrequencyType | numberOfRepayments | graceOnPrincipalPayment | graceOnInterestPayment | interest free period | Payment strategy            |
      | LP2_PROGRESSIVE_ADVANCED_PAYMENT_ALLOCATION_BUYDOWN_FEES_NON_MERCHANT | 01 January 2024   | 100            | 7                      | DECLINING_BALANCE | DAILY                       | EQUAL_INSTALLMENTS | 3                 | MONTHS                | 1              | MONTHS                 | 3                  | 0                       | 0                      | 0                    | ADVANCED_PAYMENT_ALLOCATION |
  [32m✔[39m [32m[1mAnd [22mAdmin successfully approves the loan on [1m"01 January 2024"[22m with [1m"100"[22m amount and expected disbursement date on [1m"01 January 2024"[22m[39m                                 [90m# org.apache.fineract.test.stepdef.loan.LoanStepDef.approveLoan(java.lang.String,java.lang.String,java.lang.String)[39m
  [32m✔[39m [32m[1mAnd [22mAdmin successfully disburse the loan on [1m"01 January 2024"[22m with [1m"100"[22m EUR transaction amount[39m                                                                     [90m# org.apache.fineract.test.stepdef.loan.LoanStepDef.disburseLoan(java.lang.String,java.lang.String)[39m
  [32m✔[39m [32m[1mThen [22mLoan status will be [1m"ACTIVE"[22m[39m                                                                                                                                   [90m# org.apache.fineract.test.stepdef.loan.LoanStepDef.loanStatus(java.lang.String)[39m
  [32m✔[39m [32m[1mWhen [22mAdmin adds buy down fee with [1m"AUTOPAY"[22m payment type to the loan on [1m"01 January 2024"[22m with [1m"50"[22m EUR transaction amount[39m                                          [90m# org.apache.fineract.test.stepdef.loan.LoanStepDef.adminAddsBuyDownFeesToTheLoanOnWithEURTransactionAmount(java.lang.String,java.lang.String,java.lang.String)[39m
  [32m✔[39m [32m[1mThen [22mLoan Repayment schedule has [1m3[22m periods, with the following data for periods:[39m                                                                                    [90m# org.apache.fineract.test.stepdef.loan.LoanStepDef.loanRepaymentSchedulePeriodsCheck(int,io.cucumber.datatable.DataTable)[39m
      | Nr | Days | Date             | Paid date | Balance of loan | Principal due | Interest | Fees | Penalties | Due   | Paid | In advance | Late | Outstanding |
      |    |      | 01 January 2024  |           | 100.0           |               |          | 0.0  |           | 0.0   | 0.0  |            |      |             |
      | 1  | 31   | 01 February 2024 |           | 66.86           | 33.14         | 0.58     | 0.0  | 0.0       | 33.72 | 0.0  | 0.0        | 0.0  | 33.72       |
      | 2  | 29   | 01 March 2024    |           | 33.53           | 33.33         | 0.39     | 0.0  | 0.0       | 33.72 | 0.0  | 0.0        | 0.0  | 33.72       |
      | 3  | 31   | 01 April 2024    |           | 0.0             | 33.53         | 0.2      | 0.0  | 0.0       | 33.73 | 0.0  | 0.0        | 0.0  | 33.73       |
  [32m✔[39m [32m[1mAnd [22mLoan Repayment schedule has the following data in Total row:[39m                                                                                                    [90m# org.apache.fineract.test.stepdef.loan.LoanStepDef.loanRepaymentScheduleAmountCheck(io.cucumber.datatable.DataTable)[39m
      | Principal due | Interest | Fees | Penalties | Due    | Paid | In advance | Late | Outstanding |
      | 100.0         | 1.17     | 0.0  | 0.0       | 101.17 | 0.0  | 0.0        | 0.0  | 101.17      |
  [32m✔[39m [32m[1mAnd [22mLoan Transactions tab has the following data:[39m                                                                                                                   [90m# org.apache.fineract.test.stepdef.loan.LoanStepDef.loanTransactionsTabCheck(io.cucumber.datatable.DataTable)[39m
      | Transaction date | Transaction Type | Amount | Principal | Interest | Fees | Penalties | Loan Balance | Reverted |
      | 01 January 2024  | Disbursement     | 100.0  | 0.0       | 0.0      | 0.0  | 0.0       | 100.0        | false    |
      | 01 January 2024  | Buy Down Fee     | 50.0   | 0.0       | 50.0     | 0.0  | 0.0       | 0.0          | false    |
  [32m✔[39m [32m[1mAnd [22mLoan Transactions tab has a [1m"BUY_DOWN_FEE"[22m transaction with date [1m"01 January 2024"[22m which has the following Journal entries:[39m                                     [90m# org.apache.fineract.test.stepdef.common.JournalEntriesStepDef.journalEntryDataCheck(java.lang.String,java.lang.String,io.cucumber.datatable.DataTable)[39m
      | Type      | Account code | Account name                | Debit | Credit |
      | LIABILITY | 145023       | Suspense/Clearing account   | 50.0  |        |
      | LIABILITY | 145024       | Deferred Capitalized Income |       | 50.0   |
  [32m✔[39m [32m[1mAnd [22mBuy down fee by external-id contains the following data:[39m                                                                                                        [90m# org.apache.fineract.test.stepdef.loan.LoanStepDef.checkBuyDownFeeByExternalIdData(io.cucumber.datatable.DataTable)[39m
      | Date            | Fee Amount | Amortized Amount | Not Yet Amortized Amount | Adjusted Amount | Charged Off Amount |
      | 01 January 2024 | 50.0       | 0.0              | 50.0                     | 0.0             | 0.0                |
  [32m✔[39m [32m[1mAnd [22mLoanBuyDownFeeTransactionCreatedBusinessEvent is created on [1m"01 January 2024"[22m[39m                                                                                   [90m# org.apache.fineract.test.stepdef.loan.LoanStepDef.checkLoanBuyDownFeeTransactionCreatedBusinessEvent(java.lang.String)[39m
  [32m✔[39m [32m[1mThen [22mAdmin can successfully set Fraud flag to the loan[39m                                                                                                              [90m# org.apache.fineract.test.stepdef.loan.LoanStepDef.setFraud()[39m
  [32m✔[39m [32m[1mWhen [22mAdmin sets the business date to [1m"1 February 2024"[22m[39m                                                                                                              [90m# org.apache.fineract.test.stepdef.common.BusinessDateStepDef.setBusinessDate(java.lang.String)[39m
  [32m✔[39m [32m[1mAnd [22mAdmin does charge-off the loan on [1m"1 February 2024"[22m[39m                                                                                                             [90m# org.apache.fineract.test.stepdef.loan.LoanStepDef.chargeOffLoan(java.lang.String)[39m
  [32m✔[39m [32m[1mThen [22mLoan status will be [1m"ACTIVE"[22m[39m                                                                                                                                   [90m# org.apache.fineract.test.stepdef.loan.LoanStepDef.loanStatus(java.lang.String)[39m
  [32m✔[39m [32m[1mAnd [22mLoan marked as charged-off on [1m"01 February 2024"[22m[39m                                                                                                                [90m# org.apache.fineract.test.stepdef.loan.LoanStepDef.isLoanChargedOff(java.lang.String)[39m
  [32m✔[39m [32m[1mThen [22mLoan Repayment schedule has [1m3[22m periods, with the following data for periods:[39m                                                                                    [90m# org.apache.fineract.test.stepdef.loan.LoanStepDef.loanRepaymentSchedulePeriodsCheck(int,io.cucumber.datatable.DataTable)[39m
      | Nr | Days | Date             | Paid date | Balance of loan | Principal due | Interest | Fees | Penalties | Due   | Paid | In advance | Late | Outstanding |
      |    |      | 01 January 2024  |           | 100.0           |               |          | 0.0  |           | 0.0   | 0.0  |            |      |             |
      | 1  | 31   | 01 February 2024 |           | 66.86           | 33.14         | 0.58     | 0.0  | 0.0       | 33.72 | 0.0  | 0.0        | 0.0  | 33.72       |
      | 2  | 29   | 01 March 2024    |           | 33.53           | 33.33         | 0.39     | 0.0  | 0.0       | 33.72 | 0.0  | 0.0        | 0.0  | 33.72       |
      | 3  | 31   | 01 April 2024    |           | 0.0             | 33.53         | 0.2      | 0.0  | 0.0       | 33.73 | 0.0  | 0.0        | 0.0  | 33.73       |
  [32m✔[39m [32m[1mAnd [22mLoan Repayment schedule has the following data in Total row:[39m                                                                                                    [90m# org.apache.fineract.test.stepdef.loan.LoanStepDef.loanRepaymentScheduleAmountCheck(io.cucumber.datatable.DataTable)[39m
      | Principal due | Interest | Fees | Penalties | Due    | Paid | In advance | Late | Outstanding |
      | 100.0         | 1.17     | 0.0  | 0.0       | 101.17 | 0.0  | 0.0        | 0.0  | 101.17      |
  [32m✔[39m [32m[1mAnd [22mLoan Transactions tab has a [1m"CHARGE_OFF"[22m transaction with date [1m"01 February 2024"[22m which has the following Journal entries:[39m                                      [90m# org.apache.fineract.test.stepdef.common.JournalEntriesStepDef.journalEntryDataCheck(java.lang.String,java.lang.String,io.cucumber.datatable.DataTable)[39m
      | Type    | Account code | Account name               | Debit | Credit |
      | ASSET   | 112601       | Loans Receivable           |       | 100.0  |
      | ASSET   | 112603       | Interest/Fee Receivable    |       | 1.17   |
      | EXPENSE | 744037       | Credit Loss/Bad Debt-Fraud | 100.0 |        |
      | INCOME  | 404001       | Interest Income Charge Off | 1.17  |        |
  [32m✔[39m [32m[1mThen [22mLoan Transactions tab has the following data:[39m                                                                                                                  [90m# org.apache.fineract.test.stepdef.loan.LoanStepDef.loanTransactionsTabCheck(io.cucumber.datatable.DataTable)[39m
      | Transaction date | Transaction Type          | Amount | Principal | Interest | Fees | Penalties | Loan Balance | Reverted |
      | 01 January 2024  | Disbursement              | 100.0  | 0.0       | 0.0      | 0.0  | 0.0       | 100.0        | false    |
      | 01 January 2024  | Buy Down Fee              | 50.0   | 0.0       | 50.0     | 0.0  | 0.0       | 0.0          | false    |
      | 01 February 2024 | Buy Down Fee Amortization | 17.58  | 0.0       | 17.58    | 0.0  | 0.0       | 0.0          | false    |
      | 01 February 2024 | Accrual                   | 0.58   | 0.0       | 0.58     | 0.0  | 0.0       | 0.0          | false    |
      | 01 February 2024 | Charge-off                | 101.17 | 100.0     | 1.17     | 0.0  | 0.0       | 0.0          | false    |
      | 01 February 2024 | Buy Down Fee Amortization | 32.42  | 0.0       | 32.42    | 0.0  | 0.0       | 0.0          | false    |
  [32m✔[39m [32m[1mAnd [22mLoan Transactions tab has [1m2[22m a [1m"BUY_DOWN_FEE_AMORTIZATION"[22m transactions with date [1m"01 February 2024"[22m which has the following Journal entries:[39m                    [90m# org.apache.fineract.test.stepdef.common.JournalEntriesStepDef.journalEntryDataCheck(int,java.lang.String,java.lang.String,io.cucumber.datatable.DataTable)[39m
      | Type      | Account code | Account name                | Debit | Credit |
      | INCOME    | 450281       | Income From Buy Down        |       | 17.58  |
      | LIABILITY | 145024       | Deferred Capitalized Income | 17.58 |        |
      | EXPENSE   | 744037       | Credit Loss/Bad Debt-Fraud  |       | 32.42  |
      | LIABILITY | 145024       | Deferred Capitalized Income | 32.42 |        |
  [32m✔[39m [32m[1mAnd [22mBuy down fee by external-id contains the following data:[39m                                                                                                        [90m# org.apache.fineract.test.stepdef.loan.LoanStepDef.checkBuyDownFeeByExternalIdData(io.cucumber.datatable.DataTable)[39m
      | Date            | Fee Amount | Amortized Amount | Not Yet Amortized Amount | Adjusted Amount | Charged Off Amount |
      | 01 January 2024 | 50.0       | 17.58            | 0.0                      | 0.0             | 32.42              |
  [32m✔[39m [32m[1mAnd [22mLoanBuyDownFeeAmortizationTransactionCreatedBusinessEvent is created on [1m"01 February 2024"[22m[39m                                                                      [90m# org.apache.fineract.test.stepdef.loan.LoanStepDef.checkLoanBuyDownFeeAmortizationTransactionCreatedBusinessEvent(java.lang.String)[39m
  [32m✔[39m [32m[1mThen [22mAdmin does a charge-off undo the loan[39m                                                                                                                          [90m# org.apache.fineract.test.stepdef.loan.LoanStepDef.chargeOffUndo()[39m
  [32m✔[39m [32m[1mThen [22mLoan Transactions tab has the following data:[39m                                                                                                                  [90m# org.apache.fineract.test.stepdef.loan.LoanStepDef.loanTransactionsTabCheck(io.cucumber.datatable.DataTable)[39m
      | Transaction date | Transaction Type          | Amount | Principal | Interest | Fees | Penalties | Loan Balance | Reverted |
      | 01 January 2024  | Disbursement              | 100.0  | 0.0       | 0.0      | 0.0  | 0.0       | 100.0        | false    |
      | 01 January 2024  | Buy Down Fee              | 50.0   | 0.0       | 50.0     | 0.0  | 0.0       | 0.0          | false    |
      | 01 February 2024 | Buy Down Fee Amortization | 17.58  | 0.0       | 17.58    | 0.0  | 0.0       | 0.0          | false    |
      | 01 February 2024 | Accrual                   | 0.58   | 0.0       | 0.58     | 0.0  | 0.0       | 0.0          | false    |
      | 01 February 2024 | Charge-off                | 101.17 | 100.0     | 1.17     | 0.0  | 0.0       | 0.0          | true     |
  [32m✔[39m [32m[1mAnd [22mLoan Transactions tab has a [1m"CHARGE_OFF"[22m transaction with date [1m"01 February 2024"[22m which has the following Journal entries:[39m                                      [90m# org.apache.fineract.test.stepdef.common.JournalEntriesStepDef.journalEntryDataCheck(java.lang.String,java.lang.String,io.cucumber.datatable.DataTable)[39m
      | Type    | Account code | Account name               | Debit | Credit |
      | ASSET   | 112601       | Loans Receivable           |       | 100.0  |
      | ASSET   | 112603       | Interest/Fee Receivable    |       | 1.17   |
      | EXPENSE | 744037       | Credit Loss/Bad Debt-Fraud | 100.0 |        |
      | INCOME  | 404001       | Interest Income Charge Off | 1.17  |        |
      | ASSET   | 112601       | Loans Receivable           | 100.0 |        |
      | ASSET   | 112603       | Interest/Fee Receivable    | 1.17  |        |
      | EXPENSE | 744037       | Credit Loss/Bad Debt-Fraud |       | 100.0  |
      | INCOME  | 404001       | Interest Income Charge Off |       | 1.17   |
  [32m✔[39m [32m[1mAnd [22mLoan Transactions tab has [1m1[22m a [1m"BUY_DOWN_FEE_AMORTIZATION"[22m transactions with date [1m"01 February 2024"[22m which has the following Journal entries:[39m                    [90m# org.apache.fineract.test.stepdef.common.JournalEntriesStepDef.journalEntryDataCheck(int,java.lang.String,java.lang.String,io.cucumber.datatable.DataTable)[39m
      | Type      | Account code | Account name                | Debit | Credit |
      | INCOME    | 450281       | Income From Buy Down        |       | 17.58  |
      | LIABILITY | 145024       | Deferred Capitalized Income | 17.58 |        |
  [32m✔[39m [32m[1mAnd [22mBuy down fee by external-id contains the following data:[39m                                                                                                        [90m# org.apache.fineract.test.stepdef.loan.LoanStepDef.checkBuyDownFeeByExternalIdData(io.cucumber.datatable.DataTable)[39m
      | Date            | Fee Amount | Amortized Amount | Not Yet Amortized Amount | Adjusted Amount | Charged Off Amount |
      | 01 January 2024 | 50.0       | 17.58            | 32.42                    | 0.0             | 0.0                |
  [32m✔[39m [32m[1mWhen [22mLoan Pay-off is made on [1m"01 February 2024"[22m[39m                                                                                                                     [90m# org.apache.fineract.test.stepdef.loan.LoanRepaymentStepDef.makeLoanPayOff(java.lang.String)[39m
  [32m✔[39m [32m[1mThen [22mLoan is closed with zero outstanding balance and it's all installments have obligations met[39m                                                                    [90m# org.apache.fineract.test.stepdef.loan.LoanStepDef.loanClosedAndInstallmentsObligationsMet()[39m

@BuyDownFeeFeature @TestRailId:C3985
[1mScenario:[22m Verify loan with Buy Down fees and undo the charge-off transaction with "delinquent" reason for non-merchant - amortization in case of loan charge-off event is also reversed - UC3.3 [90m# fineract-e2e-tests-runner/src/test/resources/features/LoanBuyDownFees.feature:3005[39m
  [32m✔[39m [32m[1mWhen [22mAdmin sets the business date to [1m"01 January 2024"[22m[39m                                                                                                                                      [90m# org.apache.fineract.test.stepdef.common.BusinessDateStepDef.setBusinessDate(java.lang.String)[39m
  [32m✔[39m [32m[1mAnd [22mAdmin creates a client with random data[39m                                                                                                                                                 [90m# org.apache.fineract.test.stepdef.common.ClientStepDef.createClientRandomFirstNameLastName()[39m
  [32m✔[39m [32m[1mAnd [22mAdmin creates a fully customized loan with the following data:[39m                                                                                                                          [90m# org.apache.fineract.test.stepdef.loan.LoanStepDef.createFullyCustomizedLoan(io.cucumber.datatable.DataTable)[39m
      | LoanProduct                                                                             | submitted on date | with Principal | ANNUAL interest rate % | interest type     | interest calculation period | amortization type  | loanTermFrequency | loanTermFrequencyType | repaymentEvery | repaymentFrequencyType | numberOfRepayments | graceOnPrincipalPayment | graceOnInterestPayment | interest free period | Payment strategy            |
      | LP2_PROGRESSIVE_ADVANCED_PAYMENT_ALLOCATION_BUYDOWN_FEES_NON_MERCHANT_CHARGE_OFF_REASON | 01 January 2024   | 100            | 7                      | DECLINING_BALANCE | DAILY                       | EQUAL_INSTALLMENTS | 3                 | MONTHS                | 1              | MONTHS                 | 3                  | 0                       | 0                      | 0                    | ADVANCED_PAYMENT_ALLOCATION |
  [32m✔[39m [32m[1mAnd [22mAdmin successfully approves the loan on [1m"01 January 2024"[22m with [1m"100"[22m amount and expected disbursement date on [1m"01 January 2024"[22m[39m                                                         [90m# org.apache.fineract.test.stepdef.loan.LoanStepDef.approveLoan(java.lang.String,java.lang.String,java.lang.String)[39m
  [32m✔[39m [32m[1mAnd [22mAdmin successfully disburse the loan on [1m"01 January 2024"[22m with [1m"100"[22m EUR transaction amount[39m                                                                                             [90m# org.apache.fineract.test.stepdef.loan.LoanStepDef.disburseLoan(java.lang.String,java.lang.String)[39m
  [32m✔[39m [32m[1mThen [22mLoan status will be [1m"ACTIVE"[22m[39m                                                                                                                                                           [90m# org.apache.fineract.test.stepdef.loan.LoanStepDef.loanStatus(java.lang.String)[39m
  [32m✔[39m [32m[1mWhen [22mAdmin adds buy down fee with [1m"AUTOPAY"[22m payment type to the loan on [1m"01 January 2024"[22m with [1m"50"[22m EUR transaction amount[39m                                                                  [90m# org.apache.fineract.test.stepdef.loan.LoanStepDef.adminAddsBuyDownFeesToTheLoanOnWithEURTransactionAmount(java.lang.String,java.lang.String,java.lang.String)[39m
  [32m✔[39m [32m[1mThen [22mLoan Repayment schedule has [1m3[22m periods, with the following data for periods:[39m                                                                                                            [90m# org.apache.fineract.test.stepdef.loan.LoanStepDef.loanRepaymentSchedulePeriodsCheck(int,io.cucumber.datatable.DataTable)[39m
      | Nr | Days | Date             | Paid date | Balance of loan | Principal due | Interest | Fees | Penalties | Due   | Paid | In advance | Late | Outstanding |
      |    |      | 01 January 2024  |           | 100.0           |               |          | 0.0  |           | 0.0   | 0.0  |            |      |             |
      | 1  | 31   | 01 February 2024 |           | 66.86           | 33.14         | 0.58     | 0.0  | 0.0       | 33.72 | 0.0  | 0.0        | 0.0  | 33.72       |
      | 2  | 29   | 01 March 2024    |           | 33.53           | 33.33         | 0.39     | 0.0  | 0.0       | 33.72 | 0.0  | 0.0        | 0.0  | 33.72       |
      | 3  | 31   | 01 April 2024    |           | 0.0             | 33.53         | 0.2      | 0.0  | 0.0       | 33.73 | 0.0  | 0.0        | 0.0  | 33.73       |
  [32m✔[39m [32m[1mAnd [22mLoan Repayment schedule has the following data in Total row:[39m                                                                                                                            [90m# org.apache.fineract.test.stepdef.loan.LoanStepDef.loanRepaymentScheduleAmountCheck(io.cucumber.datatable.DataTable)[39m
      | Principal due | Interest | Fees | Penalties | Due    | Paid | In advance | Late | Outstanding |
      | 100.0         | 1.17     | 0.0  | 0.0       | 101.17 | 0.0  | 0.0        | 0.0  | 101.17      |
  [32m✔[39m [32m[1mAnd [22mLoan Transactions tab has the following data:[39m                                                                                                                                           [90m# org.apache.fineract.test.stepdef.loan.LoanStepDef.loanTransactionsTabCheck(io.cucumber.datatable.DataTable)[39m
      | Transaction date | Transaction Type | Amount | Principal | Interest | Fees | Penalties | Loan Balance | Reverted |
      | 01 January 2024  | Disbursement     | 100.0  | 0.0       | 0.0      | 0.0  | 0.0       | 100.0        | false    |
      | 01 January 2024  | Buy Down Fee     | 50.0   | 0.0       | 50.0     | 0.0  | 0.0       | 0.0          | false    |
  [32m✔[39m [32m[1mAnd [22mLoan Transactions tab has a [1m"BUY_DOWN_FEE"[22m transaction with date [1m"01 January 2024"[22m which has the following Journal entries:[39m                                                             [90m# org.apache.fineract.test.stepdef.common.JournalEntriesStepDef.journalEntryDataCheck(java.lang.String,java.lang.String,io.cucumber.datatable.DataTable)[39m
      | Type      | Account code | Account name                | Debit | Credit |
      | LIABILITY | 145023       | Suspense/Clearing account   | 50.0  |        |
      | LIABILITY | 145024       | Deferred Capitalized Income |       | 50.0   |
  [32m✔[39m [32m[1mAnd [22mBuy down fee by external-id contains the following data:[39m                                                                                                                                [90m# org.apache.fineract.test.stepdef.loan.LoanStepDef.checkBuyDownFeeByExternalIdData(io.cucumber.datatable.DataTable)[39m
      | Date            | Fee Amount | Amortized Amount | Not Yet Amortized Amount | Adjusted Amount | Charged Off Amount |
      | 01 January 2024 | 50.0       | 0.0              | 50.0                     | 0.0             | 0.0                |
  [32m✔[39m [32m[1mAnd [22mLoanBuyDownFeeTransactionCreatedBusinessEvent is created on [1m"01 January 2024"[22m[39m                                                                                                           [90m# org.apache.fineract.test.stepdef.loan.LoanStepDef.checkLoanBuyDownFeeTransactionCreatedBusinessEvent(java.lang.String)[39m
  [32m✔[39m [32m[1mThen [22mAdmin can successfully set Fraud flag to the loan[39m                                                                                                                                      [90m# org.apache.fineract.test.stepdef.loan.LoanStepDef.setFraud()[39m
  [32m✔[39m [32m[1mWhen [22mAdmin sets the business date to [1m"25 January 2024"[22m[39m                                                                                                                                      [90m# org.apache.fineract.test.stepdef.common.BusinessDateStepDef.setBusinessDate(java.lang.String)[39m
  [32m✔[39m [32m[1mAnd [22mAdmin does charge-off the loan with reason [1m"DELINQUENT"[22m on [1m"25 January 2024"[22m[39m                                                                                                            [90m# org.apache.fineract.test.stepdef.loan.LoanStepDef.chargeOffLoan(java.lang.String,java.lang.String)[39m
  [32m✔[39m [32m[1mAnd [22mLoan Transactions tab has a [1m"CHARGE_OFF"[22m transaction with date [1m"25 January 2024"[22m which has the following Journal entries:[39m                                                               [90m# org.apache.fineract.test.stepdef.common.JournalEntriesStepDef.journalEntryDataCheck(java.lang.String,java.lang.String,io.cucumber.datatable.DataTable)[39m
      | Type    | Account code | Account name               | Debit | Credit |
      | ASSET   | 112601       | Loans Receivable           |       | 100.0  |
      | ASSET   | 112603       | Interest/Fee Receivable    |       | 1.17   |
      | EXPENSE | 744007       | Credit Loss/Bad Debt       | 100.0 |        |
      | INCOME  | 404001       | Interest Income Charge Off | 1.17  |        |
  [32m✔[39m [32m[1mThen [22mLoan Transactions tab has the following data:[39m                                                                                                                                          [90m# org.apache.fineract.test.stepdef.loan.LoanStepDef.loanTransactionsTabCheck(io.cucumber.datatable.DataTable)[39m
      | Transaction date | Transaction Type          | Amount | Principal | Interest | Fees | Penalties | Loan Balance | Reverted |
      | 01 January 2024  | Disbursement              | 100.0  | 0.0       | 0.0      | 0.0  | 0.0       | 100.0        | false    |
      | 01 January 2024  | Buy Down Fee              | 50.0   | 0.0       | 50.0     | 0.0  | 0.0       | 0.0          | false    |
      | 25 January 2024  | Buy Down Fee Amortization | 13.74  | 0.0       | 13.74    | 0.0  | 0.0       | 0.0          | false    |
      | 25 January 2024  | Accrual                   | 0.45   | 0.0       | 0.45     | 0.0  | 0.0       | 0.0          | false    |
      | 25 January 2024  | Charge-off                | 101.17 | 100.0     | 1.17     | 0.0  | 0.0       | 0.0          | false    |
      | 25 January 2024  | Buy Down Fee Amortization | 36.26  | 0.0       | 36.26    | 0.0  | 0.0       | 0.0          | false    |
  [32m✔[39m [32m[1mAnd [22mLoan Transactions tab has [1m2[22m a [1m"BUY_DOWN_FEE_AMORTIZATION"[22m transactions with date [1m"25 January 2024"[22m which has the following Journal entries:[39m                                             [90m# org.apache.fineract.test.stepdef.common.JournalEntriesStepDef.journalEntryDataCheck(int,java.lang.String,java.lang.String,io.cucumber.datatable.DataTable)[39m
      | Type      | Account code | Account name                | Debit | Credit |
      | INCOME    | 450281       | Income From Buy Down        |       | 13.74  |
      | LIABILITY | 145024       | Deferred Capitalized Income | 13.74 |        |
      | EXPENSE   | 744007       | Credit Loss/Bad Debt        |       | 36.26  |
      | LIABILITY | 145024       | Deferred Capitalized Income | 36.26 |        |
  [32m✔[39m [32m[1mAnd [22mBuy down fee by external-id contains the following data:[39m                                                                                                                                [90m# org.apache.fineract.test.stepdef.loan.LoanStepDef.checkBuyDownFeeByExternalIdData(io.cucumber.datatable.DataTable)[39m
      | Date            | Fee Amount | Amortized Amount | Not Yet Amortized Amount | Adjusted Amount | Charged Off Amount |
      | 01 January 2024 | 50.0       | 13.74            | 0.0                      | 0.0             | 36.26              |
  [32m✔[39m [32m[1mAnd [22mLoanBuyDownFeeAmortizationTransactionCreatedBusinessEvent is created on [1m"25 January 2024"[22m[39m                                                                                               [90m# org.apache.fineract.test.stepdef.loan.LoanStepDef.checkLoanBuyDownFeeAmortizationTransactionCreatedBusinessEvent(java.lang.String)[39m
  [32m✔[39m [32m[1mThen [22mAdmin does a charge-off undo the loan[39m                                                                                                                                                  [90m# org.apache.fineract.test.stepdef.loan.LoanStepDef.chargeOffUndo()[39m
  [32m✔[39m [32m[1mThen [22mLoan Transactions tab has the following data:[39m                                                                                                                                          [90m# org.apache.fineract.test.stepdef.loan.LoanStepDef.loanTransactionsTabCheck(io.cucumber.datatable.DataTable)[39m
      | Transaction date | Transaction Type          | Amount | Principal | Interest | Fees | Penalties | Loan Balance | Reverted |
      | 01 January 2024  | Disbursement              | 100.0  | 0.0       | 0.0      | 0.0  | 0.0       | 100.0        | false    |
      | 01 January 2024  | Buy Down Fee              | 50.0   | 0.0       | 50.0     | 0.0  | 0.0       | 0.0          | false    |
      | 25 January 2024  | Buy Down Fee Amortization | 13.74  | 0.0       | 13.74    | 0.0  | 0.0       | 0.0          | false    |
      | 25 January 2024  | Accrual                   | 0.45   | 0.0       | 0.45     | 0.0  | 0.0       | 0.0          | false    |
      | 25 January 2024  | Charge-off                | 101.17 | 100.0     | 1.17     | 0.0  | 0.0       | 0.0          | true     |
  [32m✔[39m [32m[1mAnd [22mLoan Transactions tab has a [1m"CHARGE_OFF"[22m transaction with date [1m"25 January 2024"[22m which has the following Journal entries:[39m                                                               [90m# org.apache.fineract.test.stepdef.common.JournalEntriesStepDef.journalEntryDataCheck(java.lang.String,java.lang.String,io.cucumber.datatable.DataTable)[39m
      | Type    | Account code | Account name               | Debit | Credit |
      | ASSET   | 112601       | Loans Receivable           |       | 100.0  |
      | ASSET   | 112603       | Interest/Fee Receivable    |       | 1.17   |
      | EXPENSE | 744007       | Credit Loss/Bad Debt       | 100.0 |        |
      | INCOME  | 404001       | Interest Income Charge Off | 1.17  |        |
      | ASSET   | 112601       | Loans Receivable           | 100.0 |        |
      | ASSET   | 112603       | Interest/Fee Receivable    | 1.17  |        |
      | EXPENSE | 744007       | Credit Loss/Bad Debt       |       | 100.0  |
      | INCOME  | 404001       | Interest Income Charge Off |       | 1.17   |
  [32m✔[39m [32m[1mAnd [22mLoan Transactions tab has [1m1[22m a [1m"BUY_DOWN_FEE_AMORTIZATION"[22m transactions with date [1m"25 January 2024"[22m which has the following Journal entries:[39m                                             [90m# org.apache.fineract.test.stepdef.common.JournalEntriesStepDef.journalEntryDataCheck(int,java.lang.String,java.lang.String,io.cucumber.datatable.DataTable)[39m
      | Type      | Account code | Account name                | Debit | Credit |
      | INCOME    | 450281       | Income From Buy Down        |       | 13.74  |
      | LIABILITY | 145024       | Deferred Capitalized Income | 13.74 |        |
  [32m✔[39m [32m[1mAnd [22mBuy down fee by external-id contains the following data:[39m                                                                                                                                [90m# org.apache.fineract.test.stepdef.loan.LoanStepDef.checkBuyDownFeeByExternalIdData(io.cucumber.datatable.DataTable)[39m
      | Date            | Fee Amount | Amortized Amount | Not Yet Amortized Amount | Adjusted Amount | Charged Off Amount |
      | 01 January 2024 | 50.0       | 13.74            | 36.26                    | 0.0             | 0.0                |
  [32m✔[39m [32m[1mWhen [22mLoan Pay-off is made on [1m"25 January 2024"[22m[39m                                                                                                                                              [90m# org.apache.fineract.test.stepdef.loan.LoanRepaymentStepDef.makeLoanPayOff(java.lang.String)[39m
  [32m✔[39m [32m[1mThen [22mLoan is closed with zero outstanding balance and it's all installments have obligations met[39m                                                                                            [90m# org.apache.fineract.test.stepdef.loan.LoanStepDef.loanClosedAndInstallmentsObligationsMet()[39m

@BuyDownFeeFeature @TestRailId:С3986
[1mScenario:[22m Verify loan with Buy Down Fee adjustment trn and repayment trns for non-merchant - UC4                                             [90m# fineract-e2e-tests-runner/src/test/resources/features/LoanBuyDownFees.feature:3092[39m
  [32m✔[39m [32m[1mWhen [22mAdmin sets the business date to [1m"01 January 2024"[22m[39m                                                                                   [90m# org.apache.fineract.test.stepdef.common.BusinessDateStepDef.setBusinessDate(java.lang.String)[39m
  [32m✔[39m [32m[1mAnd [22mAdmin creates a client with random data[39m                                                                                              [90m# org.apache.fineract.test.stepdef.common.ClientStepDef.createClientRandomFirstNameLastName()[39m
  [32m✔[39m [32m[1mAnd [22mAdmin creates a fully customized loan with the following data:[39m                                                                       [90m# org.apache.fineract.test.stepdef.loan.LoanStepDef.createFullyCustomizedLoan(io.cucumber.datatable.DataTable)[39m
      | LoanProduct                                                           | submitted on date | with Principal | ANNUAL interest rate % | interest type     | interest calculation period | amortization type  | loanTermFrequency | loanTermFrequencyType | repaymentEvery | repaymentFrequencyType | numberOfRepayments | graceOnPrincipalPayment | graceOnInterestPayment | interest free period | Payment strategy            |
      | LP2_PROGRESSIVE_ADVANCED_PAYMENT_ALLOCATION_BUYDOWN_FEES_NON_MERCHANT | 01 January 2024   | 100            | 7                      | DECLINING_BALANCE | DAILY                       | EQUAL_INSTALLMENTS | 3                 | MONTHS                | 1              | MONTHS                 | 3                  | 0                       | 0                      | 0                    | ADVANCED_PAYMENT_ALLOCATION |
  [32m✔[39m [32m[1mAnd [22mAdmin successfully approves the loan on [1m"01 January 2024"[22m with [1m"100"[22m amount and expected disbursement date on [1m"01 January 2024"[22m[39m      [90m# org.apache.fineract.test.stepdef.loan.LoanStepDef.approveLoan(java.lang.String,java.lang.String,java.lang.String)[39m
  [32m✔[39m [32m[1mAnd [22mAdmin successfully disburse the loan on [1m"01 January 2024"[22m with [1m"100"[22m EUR transaction amount[39m                                          [90m# org.apache.fineract.test.stepdef.loan.LoanStepDef.disburseLoan(java.lang.String,java.lang.String)[39m
  [32m✔[39m [32m[1mThen [22mLoan status will be [1m"ACTIVE"[22m[39m                                                                                                        [90m# org.apache.fineract.test.stepdef.loan.LoanStepDef.loanStatus(java.lang.String)[39m
  [32m✔[39m [32m[1mWhen [22mAdmin adds buy down fee with [1m"AUTOPAY"[22m payment type to the loan on [1m"01 January 2024"[22m with [1m"50"[22m EUR transaction amount[39m               [90m# org.apache.fineract.test.stepdef.loan.LoanStepDef.adminAddsBuyDownFeesToTheLoanOnWithEURTransactionAmount(java.lang.String,java.lang.String,java.lang.String)[39m
  [32m✔[39m [32m[1mThen [22mLoan Repayment schedule has [1m3[22m periods, with the following data for periods:[39m                                                         [90m# org.apache.fineract.test.stepdef.loan.LoanStepDef.loanRepaymentSchedulePeriodsCheck(int,io.cucumber.datatable.DataTable)[39m
      | Nr | Days | Date             | Paid date | Balance of loan | Principal due | Interest | Fees | Penalties | Due   | Paid | In advance | Late | Outstanding |
      |    |      | 01 January 2024  |           | 100.0           |               |          | 0.0  |           | 0.0   | 0.0  |            |      |             |
      | 1  | 31   | 01 February 2024 |           | 66.86           | 33.14         | 0.58     | 0.0  | 0.0       | 33.72 | 0.0  | 0.0        | 0.0  | 33.72       |
      | 2  | 29   | 01 March 2024    |           | 33.53           | 33.33         | 0.39     | 0.0  | 0.0       | 33.72 | 0.0  | 0.0        | 0.0  | 33.72       |
      | 3  | 31   | 01 April 2024    |           | 0.0             | 33.53         | 0.2      | 0.0  | 0.0       | 33.73 | 0.0  | 0.0        | 0.0  | 33.73       |
  [32m✔[39m [32m[1mAnd [22mLoan Repayment schedule has the following data in Total row:[39m                                                                         [90m# org.apache.fineract.test.stepdef.loan.LoanStepDef.loanRepaymentScheduleAmountCheck(io.cucumber.datatable.DataTable)[39m
      | Principal due | Interest | Fees | Penalties | Due    | Paid | In advance | Late | Outstanding |
      | 100.0         | 1.17     | 0.0  | 0.0       | 101.17 | 0.0  | 0.0        | 0.0  | 101.17      |
  [32m✔[39m [32m[1mAnd [22mLoan Transactions tab has the following data:[39m                                                                                        [90m# org.apache.fineract.test.stepdef.loan.LoanStepDef.loanTransactionsTabCheck(io.cucumber.datatable.DataTable)[39m
      | Transaction date | Transaction Type | Amount | Principal | Interest | Fees | Penalties | Loan Balance | Reverted |
      | 01 January 2024  | Disbursement     | 100.0  | 0.0       | 0.0      | 0.0  | 0.0       | 100.0        | false    |
      | 01 January 2024  | Buy Down Fee     | 50.0   | 0.0       | 50.0     | 0.0  | 0.0       | 0.0          | false    |
  [32m✔[39m [32m[1mAnd [22mLoan Transactions tab has a [1m"BUY_DOWN_FEE"[22m transaction with date [1m"01 January 2024"[22m which has the following Journal entries:[39m          [90m# org.apache.fineract.test.stepdef.common.JournalEntriesStepDef.journalEntryDataCheck(java.lang.String,java.lang.String,io.cucumber.datatable.DataTable)[39m
      | Type      | Account code | Account name                | Debit | Credit |
      | LIABILITY | 145023       | Suspense/Clearing account   | 50.0  |        |
      | LIABILITY | 145024       | Deferred Capitalized Income |       | 50.0   |
  [32m✔[39m [32m[1mAnd [22mBuy down fee by external-id contains the following data:[39m                                                                             [90m# org.apache.fineract.test.stepdef.loan.LoanStepDef.checkBuyDownFeeByExternalIdData(io.cucumber.datatable.DataTable)[39m
      | Date            | Fee Amount | Amortized Amount | Not Yet Amortized Amount | Adjusted Amount | Charged Off Amount |
      | 01 January 2024 | 50.0       | 0.0              | 50.0                     | 0.0             | 0.0                |
  [32m✔[39m [32m[1mAnd [22mLoanBuyDownFeeTransactionCreatedBusinessEvent is created on [1m"01 January 2024"[22m[39m                                                        [90m# org.apache.fineract.test.stepdef.loan.LoanStepDef.checkLoanBuyDownFeeTransactionCreatedBusinessEvent(java.lang.String)[39m
  [32m✔[39m [32m[1mWhen [22mAdmin sets the business date to [1m"1 February 2024"[22m[39m                                                                                   [90m# org.apache.fineract.test.stepdef.common.BusinessDateStepDef.setBusinessDate(java.lang.String)[39m
  [32m✔[39m [32m[1mAnd [22mCustomer makes [1m"AUTOPAY"[22m repayment on [1m"01 February 2024"[22m with [1m33.72[22m EUR transaction amount[39m                                           [90m# org.apache.fineract.test.stepdef.loan.LoanRepaymentStepDef.makeLoanRepayment(java.lang.String,java.lang.String,double)[39m
  [32m✔[39m [32m[1mThen [22mLoan status will be [1m"ACTIVE"[22m[39m                                                                                                        [90m# org.apache.fineract.test.stepdef.loan.LoanStepDef.loanStatus(java.lang.String)[39m
  [32m✔[39m [32m[1mThen [22mLoan Repayment schedule has [1m3[22m periods, with the following data for periods:[39m                                                         [90m# org.apache.fineract.test.stepdef.loan.LoanStepDef.loanRepaymentSchedulePeriodsCheck(int,io.cucumber.datatable.DataTable)[39m
      | Nr | Days | Date             | Paid date        | Balance of loan | Principal due | Interest | Fees | Penalties | Due   | Paid  | In advance | Late | Outstanding |
      |    |      | 01 January 2024  |                  | 100.0           |               |          | 0.0  |           | 0.0   | 0.0   |            |      |             |
      | 1  | 31   | 01 February 2024 | 01 February 2024 | 66.86           | 33.14         | 0.58     | 0.0  | 0.0       | 33.72 | 33.72 | 0.0        | 0.0  | 0.0         |
      | 2  | 29   | 01 March 2024    |                  | 33.53           | 33.33         | 0.39     | 0.0  | 0.0       | 33.72 | 0.0   | 0.0        | 0.0  | 33.72       |
      | 3  | 31   | 01 April 2024    |                  | 0.0             | 33.53         | 0.2      | 0.0  | 0.0       | 33.73 | 0.0   | 0.0        | 0.0  | 33.73       |
  [32m✔[39m [32m[1mAnd [22mLoan Repayment schedule has the following data in Total row:[39m                                                                         [90m# org.apache.fineract.test.stepdef.loan.LoanStepDef.loanRepaymentScheduleAmountCheck(io.cucumber.datatable.DataTable)[39m
      | Principal due | Interest | Fees | Penalties | Due    | Paid  | In advance | Late | Outstanding |
      | 100.0         | 1.17     | 0.0  | 0.0       | 101.17 | 33.72 | 0.0        | 0.0  | 67.45       |
  [32m✔[39m [32m[1mThen [22mLoan Transactions tab has the following data:[39m                                                                                       [90m# org.apache.fineract.test.stepdef.loan.LoanStepDef.loanTransactionsTabCheck(io.cucumber.datatable.DataTable)[39m
      | Transaction date | Transaction Type | Amount | Principal | Interest | Fees | Penalties | Loan Balance | Reverted |
      | 01 January 2024  | Disbursement     | 100.0  | 0.0       | 0.0      | 0.0  | 0.0       | 100.0        | false    |
      | 01 January 2024  | Buy Down Fee     | 50.0   | 0.0       | 50.0     | 0.0  | 0.0       | 0.0          | false    |
      | 01 February 2024 | Repayment        | 33.72  | 33.14     | 0.58     | 0.0  | 0.0       | 66.86        | false    |
  [32m✔[39m [32m[1mWhen [22mAdmin sets the business date to [1m"1 March 2024"[22m[39m                                                                                      [90m# org.apache.fineract.test.stepdef.common.BusinessDateStepDef.setBusinessDate(java.lang.String)[39m
  [32m✔[39m [32m[1mAnd [22mAdmin adds buy down fee adjustment with [1m"AUTOPAY"[22m payment type to the loan on [1m"01 March 2024"[22m with [1m"10"[22m EUR transaction amount[39m       [90m# org.apache.fineract.test.stepdef.loan.LoanStepDef.adminAddsBuyDownFeesAdjustmentToTheLoan(java.lang.String,java.lang.String,java.lang.String)[39m
  [32m✔[39m [32m[1mThen [22mLoan Repayment schedule has [1m3[22m periods, with the following data for periods:[39m                                                         [90m# org.apache.fineract.test.stepdef.loan.LoanStepDef.loanRepaymentSchedulePeriodsCheck(int,io.cucumber.datatable.DataTable)[39m
      | Nr | Days | Date             | Paid date        | Balance of loan | Principal due | Interest | Fees | Penalties | Due   | Paid  | In advance | Late | Outstanding |
      |    |      | 01 January 2024  |                  | 100.0           |               |          | 0.0  |           | 0.0   | 0.0   |            |      |             |
      | 1  | 31   | 01 February 2024 | 01 February 2024 | 66.86           | 33.14         | 0.58     | 0.0  | 0.0       | 33.72 | 33.72 | 0.0        | 0.0  | 0.0         |
      | 2  | 29   | 01 March 2024    |                  | 33.53           | 33.33         | 0.39     | 0.0  | 0.0       | 33.72 | 0.0   | 0.0        | 0.0  | 33.72       |
      | 3  | 31   | 01 April 2024    |                  | 0.0             | 33.53         | 0.2      | 0.0  | 0.0       | 33.73 | 0.0   | 0.0        | 0.0  | 33.73       |
  [32m✔[39m [32m[1mAnd [22mLoan Repayment schedule has the following data in Total row:[39m                                                                         [90m# org.apache.fineract.test.stepdef.loan.LoanStepDef.loanRepaymentScheduleAmountCheck(io.cucumber.datatable.DataTable)[39m
      | Principal due | Interest | Fees | Penalties | Due    | Paid  | In advance | Late | Outstanding |
      | 100.0         | 1.17     | 0.0  | 0.0       | 101.17 | 33.72 | 0.0        | 0.0  | 67.45       |
  [32m✔[39m [32m[1mThen [22mLoan Transactions tab has the following data:[39m                                                                                       [90m# org.apache.fineract.test.stepdef.loan.LoanStepDef.loanTransactionsTabCheck(io.cucumber.datatable.DataTable)[39m
      | Transaction date | Transaction Type        | Amount | Principal | Interest | Fees | Penalties | Loan Balance | Reverted |
      | 01 January 2024  | Disbursement            | 100.0  | 0.0       | 0.0      | 0.0  | 0.0       | 100.0        | false    |
      | 01 January 2024  | Buy Down Fee            | 50.0   | 0.0       | 50.0     | 0.0  | 0.0       | 0.0          | false    |
      | 01 February 2024 | Repayment               | 33.72  | 33.14     | 0.58     | 0.0  | 0.0       | 66.86        | false    |
      | 01 March 2024    | Buy Down Fee Adjustment | 10.0   | 0.0       | 10.0     | 0.0  | 0.0       | 0.0          | false    |
  [32m✔[39m [32m[1mAnd [22mLoan Transactions tab has a [1m"BUY_DOWN_FEE_ADJUSTMENT"[22m transaction with date [1m"01 March 2024"[22m which has the following Journal entries:[39m [90m# org.apache.fineract.test.stepdef.common.JournalEntriesStepDef.journalEntryDataCheck(java.lang.String,java.lang.String,io.cucumber.datatable.DataTable)[39m
      | Type      | Account code | Account name                | Debit | Credit |
      | LIABILITY | 145023       | Suspense/Clearing account   |       | 10.0   |
      | LIABILITY | 145024       | Deferred Capitalized Income | 10.0  |        |
  [32m✔[39m [32m[1mAnd [22mBuy down fee by external-id contains the following data:[39m                                                                             [90m# org.apache.fineract.test.stepdef.loan.LoanStepDef.checkBuyDownFeeByExternalIdData(io.cucumber.datatable.DataTable)[39m
      | Date            | Fee Amount | Amortized Amount | Not Yet Amortized Amount | Adjusted Amount | Charged Off Amount |
      | 01 January 2024 | 50.0       | 0.0              | 40.0                     | 10.0            | 0.0                |
  [32m✔[39m [32m[1mAnd [22mLoanBuyDownFeeAdjustmentTransactionCreatedBusinessEvent is created on [1m"01 March 2024"[22m[39m                                                [90m# org.apache.fineract.test.stepdef.loan.LoanStepDef.checkLoanBuyDownFeeAdjustmentTransactionCreatedBusinessEvent(java.lang.String)[39m
  [32m✔[39m [32m[1mWhen [22mAdmin sets the business date to [1m"1 April 2024"[22m[39m                                                                                      [90m# org.apache.fineract.test.stepdef.common.BusinessDateStepDef.setBusinessDate(java.lang.String)[39m
  [32m✔[39m [32m[1mWhen [22mAdmin runs inline COB job for Loan[39m                                                                                                  [90m# org.apache.fineract.test.stepdef.loan.InlineCOBStepDef.runInlineCOB()[39m
  [32m✔[39m [32m[1mAnd [22mCustomer makes [1m"AUTOPAY"[22m repayment on [1m"01 April 2024"[22m with [1m33.73[22m EUR transaction amount[39m                                              [90m# org.apache.fineract.test.stepdef.loan.LoanRepaymentStepDef.makeLoanRepayment(java.lang.String,java.lang.String,double)[39m
  [32m✔[39m [32m[1mThen [22mLoan Transactions tab has the following data:[39m                                                                                       [90m# org.apache.fineract.test.stepdef.loan.LoanStepDef.loanTransactionsTabCheck(io.cucumber.datatable.DataTable)[39m
      | Transaction date | Transaction Type          | Amount | Principal | Interest | Fees | Penalties | Loan Balance | Reverted |
      | 01 January 2024  | Disbursement              | 100.0  | 0.0       | 0.0      | 0.0  | 0.0       | 100.0        | false    |
      | 01 January 2024  | Buy Down Fee              | 50.0   | 0.0       | 50.0     | 0.0  | 0.0       | 0.0          | false    |
      | 01 February 2024 | Repayment                 | 33.72  | 33.14     | 0.58     | 0.0  | 0.0       | 66.86        | false    |
      | 01 March 2024    | Buy Down Fee Adjustment   | 10.0   | 0.0       | 10.0     | 0.0  | 0.0       | 0.0          | false    |
      | 31 March 2024    | Accrual                   | 1.35   | 0.0       | 1.35     | 0.0  | 0.0       | 0.0          | false    |
      | 31 March 2024    | Buy Down Fee Amortization | 40.0   | 0.0       | 40.0     | 0.0  | 0.0       | 0.0          | false    |
      | 01 April 2024    | Repayment                 | 33.73  | 33.34     | 0.39     | 0.0  | 0.0       | 33.52        | false    |
  [32m✔[39m [32m[1mAnd [22mBuy down fee by external-id contains the following data:[39m                                                                             [90m# org.apache.fineract.test.stepdef.loan.LoanStepDef.checkBuyDownFeeByExternalIdData(io.cucumber.datatable.DataTable)[39m
      | Date            | Fee Amount | Amortized Amount | Not Yet Amortized Amount | Adjusted Amount | Charged Off Amount |
      | 01 January 2024 | 50.0       | 40.0             | 0.0                      | 10.0            | 0.0                |
  [32m✔[39m [32m[1mAnd [22mLoanBuyDownFeeAmortizationTransactionCreatedBusinessEvent is created on [1m"31 March 2024"[22m[39m                                              [90m# org.apache.fineract.test.stepdef.loan.LoanStepDef.checkLoanBuyDownFeeAmortizationTransactionCreatedBusinessEvent(java.lang.String)[39m
  [32m✔[39m [32m[1mWhen [22mLoan Pay-off is made on [1m"1 April 2024"[22m[39m                                                                                              [90m# org.apache.fineract.test.stepdef.loan.LoanRepaymentStepDef.makeLoanPayOff(java.lang.String)[39m
  [32m✔[39m [32m[1mThen [22mLoan's all installments have obligations met[39m                                                                                        [90m# org.apache.fineract.test.stepdef.loan.LoanStepDef.loanInstallmentsObligationsMet()[39m
  [32m✔[39m [32m[1mThen [22mLoan Transactions tab has the following data:[39m                                                                                       [90m# org.apache.fineract.test.stepdef.loan.LoanStepDef.loanTransactionsTabCheck(io.cucumber.datatable.DataTable)[39m
      | Transaction date | Transaction Type          | Amount | Principal | Interest | Fees | Penalties | Loan Balance | Reverted |
      | 01 January 2024  | Disbursement              | 100.0  | 0.0       | 0.0      | 0.0  | 0.0       | 100.0        | false    |
      | 01 January 2024  | Buy Down Fee              | 50.0   | 0.0       | 50.0     | 0.0  | 0.0       | 0.0          | false    |
      | 01 February 2024 | Repayment                 | 33.72  | 33.14     | 0.58     | 0.0  | 0.0       | 66.86        | false    |
      | 01 March 2024    | Buy Down Fee Adjustment   | 10.0   | 0.0       | 10.0     | 0.0  | 0.0       | 0.0          | false    |
      | 31 March 2024    | Accrual                   | 1.35   | 0.0       | 1.35     | 0.0  | 0.0       | 0.0          | false    |
      | 31 March 2024    | Buy Down Fee Amortization | 40.0   | 0.0       | 40.0     | 0.0  | 0.0       | 0.0          | false    |
      | 01 April 2024    | Repayment                 | 33.73  | 33.34     | 0.39     | 0.0  | 0.0       | 33.52        | false    |
      | 01 April 2024    | Repayment                 | 33.91  | 33.52     | 0.39     | 0.0  | 0.0       | 0.0          | false    |
      | 01 April 2024    | Accrual                   | 0.01   | 0.0       | 0.01     | 0.0  | 0.0       | 0.0          | false    |
  [32m✔[39m [32m[1mWhen [22mCustomer undo [1m"1"[22mth [1m"Buy Down Fee Adjustment"[22m transaction made on [1m"01 March 2024"[22m[39m                                                   [90m# org.apache.fineract.test.stepdef.loan.LoanRepaymentStepDef.undoNthTransactionType(java.lang.String,java.lang.String,java.lang.String)[39m
  [32m✔[39m [32m[1mWhen [22mAdmin sets the business date to [1m"3 April 2024"[22m[39m                                                                                      [90m# org.apache.fineract.test.stepdef.common.BusinessDateStepDef.setBusinessDate(java.lang.String)[39m
  [32m✔[39m [32m[1mWhen [22mAdmin runs inline COB job for Loan[39m                                                                                                  [90m# org.apache.fineract.test.stepdef.loan.InlineCOBStepDef.runInlineCOB()[39m
  [32m✔[39m [32m[1mThen [22mLoan Transactions tab has the following data:[39m                                                                                       [90m# org.apache.fineract.test.stepdef.loan.LoanStepDef.loanTransactionsTabCheck(io.cucumber.datatable.DataTable)[39m
      | Transaction date | Transaction Type          | Amount | Principal | Interest | Fees | Penalties | Loan Balance | Reverted |
      | 01 January 2024  | Disbursement              | 100.0  | 0.0       | 0.0      | 0.0  | 0.0       | 100.0        | false    |
      | 01 January 2024  | Buy Down Fee              | 50.0   | 0.0       | 50.0     | 0.0  | 0.0       | 0.0          | false    |
      | 01 February 2024 | Repayment                 | 33.72  | 33.14     | 0.58     | 0.0  | 0.0       | 66.86        | false    |
      | 01 March 2024    | Buy Down Fee Adjustment   | 10.0   | 0.0       | 10.0     | 0.0  | 0.0       | 0.0          | true     |
      | 31 March 2024    | Accrual                   | 1.35   | 0.0       | 1.35     | 0.0  | 0.0       | 0.0          | false    |
      | 31 March 2024    | Buy Down Fee Amortization | 40.0   | 0.0       | 40.0     | 0.0  | 0.0       | 0.0          | false    |
      | 01 April 2024    | Repayment                 | 33.73  | 33.34     | 0.39     | 0.0  | 0.0       | 33.52        | false    |
      | 01 April 2024    | Repayment                 | 33.91  | 33.52     | 0.39     | 0.0  | 0.0       | 0.0          | false    |
      | 01 April 2024    | Accrual                   | 0.01   | 0.0       | 0.01     | 0.0  | 0.0       | 0.0          | false    |
      | 01 April 2024    | Buy Down Fee Amortization | 10.0   | 0.0       | 10.0     | 0.0  | 0.0       | 0.0          | false    |
  [32m✔[39m [32m[1mAnd [22mLoan Transactions tab has a [1m"BUY_DOWN_FEE_ADJUSTMENT"[22m transaction with date [1m"01 March 2024"[22m which has the following Journal entries:[39m [90m# org.apache.fineract.test.stepdef.common.JournalEntriesStepDef.journalEntryDataCheck(java.lang.String,java.lang.String,io.cucumber.datatable.DataTable)[39m
      | Type      | Account code | Account name                | Debit | Credit |
      | LIABILITY | 145023       | Suspense/Clearing account   |       | 10.0   |
      | LIABILITY | 145024       | Deferred Capitalized Income | 10.0  |        |
      | LIABILITY | 145023       | Suspense/Clearing account   | 10.0  |        |
      | LIABILITY | 145024       | Deferred Capitalized Income |       | 10.0   |
  [32m✔[39m [32m[1mAnd [22mBuy down fee by external-id contains the following data:[39m                                                                             [90m# org.apache.fineract.test.stepdef.loan.LoanStepDef.checkBuyDownFeeByExternalIdData(io.cucumber.datatable.DataTable)[39m
      | Date            | Fee Amount | Amortized Amount | Not Yet Amortized Amount | Adjusted Amount | Charged Off Amount |
      | 01 January 2024 | 50.0       | 50.0             | 0.0                      | 0.0             | 0.0                |
  [32m✔[39m [32m[1mAnd [22mLoanBuyDownFeeAmortizationTransactionCreatedBusinessEvent is created on [1m"01 April 2024"[22m[39m                                              [90m# org.apache.fineract.test.stepdef.loan.LoanStepDef.checkLoanBuyDownFeeAmortizationTransactionCreatedBusinessEvent(java.lang.String)[39m

@BuyDownFeeFeature @TestRailId:C4004
[1mScenario:[22m Verify buy down fee transaction creation with classification field set                                                                                                                 [90m# fineract-e2e-tests-runner/src/test/resources/features/LoanBuyDownFees.feature:3226[39m
  [32m✔[39m [32m[1mWhen [22mAdmin sets the business date to [1m"01 January 2024"[22m[39m                                                                                                                                       [90m# org.apache.fineract.test.stepdef.common.BusinessDateStepDef.setBusinessDate(java.lang.String)[39m
  [32m✔[39m [32m[1mAnd [22mAdmin creates a client with random data[39m                                                                                                                                                  [90m# org.apache.fineract.test.stepdef.common.ClientStepDef.createClientRandomFirstNameLastName()[39m
  [32m✔[39m [32m[1mAnd [22mAdmin creates a fully customized loan with the following data:[39m                                                                                                                           [90m# org.apache.fineract.test.stepdef.loan.LoanStepDef.createFullyCustomizedLoan(io.cucumber.datatable.DataTable)[39m
      | LoanProduct                                              | submitted on date | with Principal | ANNUAL interest rate % | interest type     | interest calculation period | amortization type  | loanTermFrequency | loanTermFrequencyType | repaymentEvery | repaymentFrequencyType | numberOfRepayments | graceOnPrincipalPayment | graceOnInterestPayment | interest free period | Payment strategy            |
      | LP2_PROGRESSIVE_ADVANCED_PAYMENT_ALLOCATION_BUYDOWN_FEES | 01 January 2024   | 100            | 7                      | DECLINING_BALANCE | DAILY                       | EQUAL_INSTALLMENTS | 3                 | MONTHS                | 1              | MONTHS                 | 3                  | 0                       | 0                      | 0                    | ADVANCED_PAYMENT_ALLOCATION |
  [32m✔[39m [32m[1mAnd [22mAdmin successfully approves the loan on [1m"01 January 2024"[22m with [1m"100"[22m amount and expected disbursement date on [1m"01 January 2024"[22m[39m                                                          [90m# org.apache.fineract.test.stepdef.loan.LoanStepDef.approveLoan(java.lang.String,java.lang.String,java.lang.String)[39m
  [32m✔[39m [32m[1mAnd [22mAdmin successfully disburse the loan on [1m"01 January 2024"[22m with [1m"100"[22m EUR transaction amount[39m                                                                                              [90m# org.apache.fineract.test.stepdef.loan.LoanStepDef.disburseLoan(java.lang.String,java.lang.String)[39m
  [32m✔[39m [32m[1mThen [22mLoan status will be [1m"ACTIVE"[22m[39m                                                                                                                                                            [90m# org.apache.fineract.test.stepdef.loan.LoanStepDef.loanStatus(java.lang.String)[39m
  [32m✔[39m [32m[1mWhen [22mAdmin adds buy down fee with [1m"AUTOPAY"[22m payment type to the loan on [1m"01 January 2024"[22m with [1m"50"[22m EUR transaction amount and [1m"buydown_fee_transaction_classification_value"[22m classification[39m [90m# org.apache.fineract.test.stepdef.loan.LoanStepDef.adminAddsBuyDownFeeWithClassification(java.lang.String,java.lang.String,java.lang.String,java.lang.String)[39m
  [32m✔[39m [32m[1mThen [22mLoan Repayment schedule has [1m3[22m periods, with the following data for periods:[39m                                                                                                             [90m# org.apache.fineract.test.stepdef.loan.LoanStepDef.loanRepaymentSchedulePeriodsCheck(int,io.cucumber.datatable.DataTable)[39m
      | Nr | Days | Date             | Paid date | Balance of loan | Principal due | Interest | Fees | Penalties | Due   | Paid | In advance | Late | Outstanding |
      |    |      | 01 January 2024  |           | 100.0           |               |          | 0.0  |           | 0.0   | 0.0  |            |      |             |
      | 1  | 31   | 01 February 2024 |           | 66.86           | 33.14         | 0.58     | 0.0  | 0.0       | 33.72 | 0.0  | 0.0        | 0.0  | 33.72       |
      | 2  | 29   | 01 March 2024    |           | 33.53           | 33.33         | 0.39     | 0.0  | 0.0       | 33.72 | 0.0  | 0.0        | 0.0  | 33.72       |
      | 3  | 31   | 01 April 2024    |           | 0.0             | 33.53         | 0.2      | 0.0  | 0.0       | 33.73 | 0.0  | 0.0        | 0.0  | 33.73       |
  [32m✔[39m [32m[1mAnd [22mLoan Repayment schedule has the following data in Total row:[39m                                                                                                                             [90m# org.apache.fineract.test.stepdef.loan.LoanStepDef.loanRepaymentScheduleAmountCheck(io.cucumber.datatable.DataTable)[39m
      | Principal due | Interest | Fees | Penalties | Due    | Paid | In advance | Late | Outstanding |
      | 100.0         | 1.17     | 0.0  | 0.0       | 101.17 | 0.0  | 0.0        | 0.0  | 101.17      |
  [32m✔[39m [32m[1mAnd [22mLoan Transactions tab has the following data:[39m                                                                                                                                            [90m# org.apache.fineract.test.stepdef.loan.LoanStepDef.loanTransactionsTabCheck(io.cucumber.datatable.DataTable)[39m
      | Transaction date | Transaction Type | Amount | Principal | Interest | Fees | Penalties | Loan Balance | Reverted |
      | 01 January 2024  | Disbursement     | 100.0  | 0.0       | 0.0      | 0.0  | 0.0       | 100.0        | false    |
      | 01 January 2024  | Buy Down Fee     | 50.0   | 0.0       | 50.0     | 0.0  | 0.0       | 0.0          | false    |
  [32m✔[39m [32m[1mAnd [22mLoan Transactions tab has a [1m"BUY_DOWN_FEE"[22m transaction with date [1m"01 January 2024"[22m which has the following Journal entries:[39m                                                              [90m# org.apache.fineract.test.stepdef.common.JournalEntriesStepDef.journalEntryDataCheck(java.lang.String,java.lang.String,io.cucumber.datatable.DataTable)[39m
      | Type      | Account code | Account name                | Debit | Credit |
      | EXPENSE   | 450280       | Buy Down Expense            | 50.0  |        |
      | LIABILITY | 145024       | Deferred Capitalized Income |       | 50.0   |
  [32m✔[39m [32m[1mAnd [22mLoan Transactions tab has a [1m"Buy Down Fee"[22m transaction with date [1m"01 January 2024"[22m which has classification code value [1m"buydown_fee_transaction_classification_value"[22m[39m                    [90m# org.apache.fineract.test.stepdef.loan.LoanStepDef.loanTransactionHasClassification(java.lang.String,java.lang.String,java.lang.String)[39m
  [32m✔[39m [32m[1mAnd [22mBuy down fee contains the following data:[39m                                                                                                                                                [90m# org.apache.fineract.test.stepdef.loan.LoanStepDef.checkBuyDownFeeData(io.cucumber.datatable.DataTable)[39m
      | Date            | Fee Amount | Amortized Amount | Not Yet Amortized Amount | Adjusted Amount | Charged Off Amount |
      | 01 January 2024 | 50.0       | 0.0              | 50.0                     | 0.0             | 0.0                |
  [32m✔[39m [32m[1mAnd [22mLoanBuyDownFeeTransactionCreatedBusinessEvent is created on [1m"01 January 2024"[22m[39m                                                                                                            [90m# org.apache.fineract.test.stepdef.loan.LoanStepDef.checkLoanBuyDownFeeTransactionCreatedBusinessEvent(java.lang.String)[39m
  [32m✔[39m [32m[1mAnd [22mAdmin adds buy down fee adjustment with [1m"AUTOPAY"[22m payment type to the loan on [1m"01 January 2024"[22m with [1m"25"[22m EUR transaction amount[39m                                                         [90m# org.apache.fineract.test.stepdef.loan.LoanStepDef.adminAddsBuyDownFeesAdjustmentToTheLoan(java.lang.String,java.lang.String,java.lang.String)[39m
  [32m✔[39m [32m[1mAnd [22mLoan Transactions tab has a [1m"Buy Down Fee Adjustment"[22m transaction with date [1m"01 January 2024"[22m which has classification code value [1m"buydown_fee_transaction_classification_value"[22m[39m         [90m# org.apache.fineract.test.stepdef.loan.LoanStepDef.loanTransactionHasClassification(java.lang.String,java.lang.String,java.lang.String)[39m
  [32m✔[39m [32m[1mWhen [22mLoan Pay-off is made on [1m"01 January 2024"[22m[39m                                                                                                                                               [90m# org.apache.fineract.test.stepdef.loan.LoanRepaymentStepDef.makeLoanPayOff(java.lang.String)[39m
  [32m✔[39m [32m[1mThen [22mLoan is closed with zero outstanding balance and it's all installments have obligations met[39m                                                                                             [90m# org.apache.fineract.test.stepdef.loan.LoanStepDef.loanClosedAndInstallmentsObligationsMet()[39m

@BuyDownFeeFeature @TestRailId:C4009
[1mScenario:[22m Verify Buy Down Fee amortization allocation mappings                                                                        [90m# fineract-e2e-tests-runner/src/test/resources/features/LoanBuyDownFees.feature:3265[39m
  [32m✔[39m [32m[1mWhen [22mAdmin sets the business date to [1m"1 January 2024"[22m[39m                                                                             [90m# org.apache.fineract.test.stepdef.common.BusinessDateStepDef.setBusinessDate(java.lang.String)[39m
  [32m✔[39m [32m[1mAnd [22mAdmin creates a client with random data[39m                                                                                       [90m# org.apache.fineract.test.stepdef.common.ClientStepDef.createClientRandomFirstNameLastName()[39m
  [32m✔[39m [32m[1mWhen [22mAdmin creates a fully customized loan with the following data:[39m                                                               [90m# org.apache.fineract.test.stepdef.loan.LoanStepDef.createFullyCustomizedLoan(io.cucumber.datatable.DataTable)[39m
      | LoanProduct                                              | submitted on date | with Principal | ANNUAL interest rate % | interest type     | interest calculation period | amortization type  | loanTermFrequency | loanTermFrequencyType | repaymentEvery | repaymentFrequencyType | numberOfRepayments | graceOnPrincipalPayment | graceOnInterestPayment | interest free period | Payment strategy            |
      | LP2_PROGRESSIVE_ADVANCED_PAYMENT_ALLOCATION_BUYDOWN_FEES | 01 January 2024   | 250            | 7                      | DECLINING_BALANCE | DAILY                       | EQUAL_INSTALLMENTS | 3                 | MONTHS                | 1              | MONTHS                 | 3                  | 0                       | 0                      | 0                    | ADVANCED_PAYMENT_ALLOCATION |
  [32m✔[39m [32m[1mAnd [22mAdmin successfully approves the loan on [1m"1 January 2024"[22m with [1m"250"[22m amount and expected disbursement date on [1m"1 January 2024"[22m[39m [90m# org.apache.fineract.test.stepdef.loan.LoanStepDef.approveLoan(java.lang.String,java.lang.String,java.lang.String)[39m
  [32m✔[39m [32m[1mAnd [22mAdmin successfully disburse the loan on [1m"1 January 2024"[22m with [1m"100"[22m EUR transaction amount[39m                                    [90m# org.apache.fineract.test.stepdef.loan.LoanStepDef.disburseLoan(java.lang.String,java.lang.String)[39m
  [32m✔[39m [32m[1mThen [22mLoan status will be [1m"ACTIVE"[22m[39m                                                                                                 [90m# org.apache.fineract.test.stepdef.loan.LoanStepDef.loanStatus(java.lang.String)[39m
  [32m✔[39m [32m[1mAnd [22mAdmin adds buy down fee with [1m"AUTOPAY"[22m payment type to the loan on [1m"1 January 2024"[22m with [1m"50"[22m EUR transaction amount[39m          [90m# org.apache.fineract.test.stepdef.loan.LoanStepDef.adminAddsBuyDownFeesToTheLoanOnWithEURTransactionAmount(java.lang.String,java.lang.String,java.lang.String)[39m
  [32m✔[39m [32m[1mWhen [22mAdmin sets the business date to [1m"2 January 2024"[22m[39m                                                                             [90m# org.apache.fineract.test.stepdef.common.BusinessDateStepDef.setBusinessDate(java.lang.String)[39m
  [32m✔[39m [32m[1mAnd [22mAdmin runs inline COB job for Loan[39m                                                                                            [90m# org.apache.fineract.test.stepdef.loan.InlineCOBStepDef.runInlineCOB()[39m
  [32m✔[39m [32m[1mThen [22mLoan Repayment schedule has [1m3[22m periods, with the following data for periods:[39m                                                  [90m# org.apache.fineract.test.stepdef.loan.LoanStepDef.loanRepaymentSchedulePeriodsCheck(int,io.cucumber.datatable.DataTable)[39m
      | Nr | Days | Date             | Paid date | Balance of loan | Principal due | Interest | Fees | Penalties | Due   | Paid | In advance | Late | Outstanding |
      |    |      | 01 January 2024  |           | 100.0           |               |          | 0.0  |           | 0.0   | 0.0  |            |      |             |
      | 1  | 31   | 01 February 2024 |           | 66.86           | 33.14         | 0.58     | 0.0  | 0.0       | 33.72 | 0.0  | 0.0        | 0.0  | 33.72       |
      | 2  | 29   | 01 March 2024    |           | 33.53           | 33.33         | 0.39     | 0.0  | 0.0       | 33.72 | 0.0  | 0.0        | 0.0  | 33.72       |
      | 3  | 31   | 01 April 2024    |           | 0.0             | 33.53         | 0.2      | 0.0  | 0.0       | 33.73 | 0.0  | 0.0        | 0.0  | 33.73       |
  [32m✔[39m [32m[1mAnd [22mLoan Repayment schedule has the following data in Total row:[39m                                                                  [90m# org.apache.fineract.test.stepdef.loan.LoanStepDef.loanRepaymentScheduleAmountCheck(io.cucumber.datatable.DataTable)[39m
      | Principal due | Interest | Fees | Penalties | Due    | Paid | In advance | Late | Outstanding |
      | 100.0         | 1.17     | 0.0  | 0.0       | 101.17 | 0.0  | 0.0        | 0.0  | 101.17      |
  [32m✔[39m [32m[1mAnd [22mLoan Transactions tab has the following data:[39m                                                                                 [90m# org.apache.fineract.test.stepdef.loan.LoanStepDef.loanTransactionsTabCheck(io.cucumber.datatable.DataTable)[39m
      | Transaction date | Transaction Type          | Amount | Principal | Interest | Fees | Penalties | Loan Balance | Reverted | Replayed |
      | 01 January 2024  | Disbursement              | 100.0  | 0.0       | 0.0      | 0.0  | 0.0       | 100.0        | false    | false    |
      | 01 January 2024  | Buy Down Fee              | 50.0   | 0.0       | 50.0     | 0.0  | 0.0       | 0.0          | false    | false    |
      | 01 January 2024  | Buy Down Fee Amortization | 0.55   | 0.0       | 0.55     | 0.0  | 0.0       | 0.0          | false    | false    |
  [32m✔[39m [32m[1mThen [22mLoan Transactions tab has a [1m"BUY_DOWN_FEE"[22m transaction with date [1m"01 January 2024"[22m which has the following Journal entries:[39m  [90m# org.apache.fineract.test.stepdef.common.JournalEntriesStepDef.journalEntryDataCheck(java.lang.String,java.lang.String,io.cucumber.datatable.DataTable)[39m
      | Type      | Account code | Account name                | Debit | Credit |
      | EXPENSE   | 450280       | Buy Down Expense            | 50.0  |        |
      | LIABILITY | 145024       | Deferred Capitalized Income |       | 50.0   |
  [32m✔[39m [32m[1mAnd [22mAdmin adds buy down fee with [1m"AUTOPAY"[22m payment type to the loan on [1m"2 January 2024"[22m with [1m"100"[22m EUR transaction amount[39m         [90m# org.apache.fineract.test.stepdef.loan.LoanStepDef.adminAddsBuyDownFeesToTheLoanOnWithEURTransactionAmount(java.lang.String,java.lang.String,java.lang.String)[39m
  [32m✔[39m [32m[1mWhen [22mAdmin sets the business date to [1m"3 January 2024"[22m[39m                                                                             [90m# org.apache.fineract.test.stepdef.common.BusinessDateStepDef.setBusinessDate(java.lang.String)[39m
  [32m✔[39m [32m[1mAnd [22mAdmin runs inline COB job for Loan[39m                                                                                            [90m# org.apache.fineract.test.stepdef.loan.InlineCOBStepDef.runInlineCOB()[39m
  [32m✔[39m [32m[1mAnd [22mLoan Transactions tab has the following data:[39m                                                                                 [90m# org.apache.fineract.test.stepdef.loan.LoanStepDef.loanTransactionsTabCheck(io.cucumber.datatable.DataTable)[39m
      | Transaction date | Transaction Type          | Amount | Principal | Interest | Fees | Penalties | Loan Balance | Reverted | Replayed |
      | 01 January 2024  | Disbursement              | 100.0  | 0.0       | 0.0      | 0.0  | 0.0       | 100.0        | false    | false    |
      | 01 January 2024  | Buy Down Fee              | 50.0   | 0.0       | 50.0     | 0.0  | 0.0       | 0.0          | false    | false    |
      | 01 January 2024  | Buy Down Fee Amortization | 0.55   | 0.0       | 0.55     | 0.0  | 0.0       | 0.0          | false    | false    |
      | 02 January 2024  | Buy Down Fee              | 100.0  | 0.0       | 100.0    | 0.0  | 0.0       | 0.0          | false    | false    |
      | 02 January 2024  | Accrual                   | 0.02   | 0.0       | 0.02     | 0.0  | 0.0       | 0.0          | false    | false    |
      | 02 January 2024  | Buy Down Fee Amortization | 1.66   | 0.0       | 1.66     | 0.0  | 0.0       | 0.0          | false    | false    |
  [32m✔[39m [32m[1mAnd [22mLoan Amortization Allocation Mapping for [1m"BUY_DOWN_FEE"[22m transaction created on [1m"01 January 2024"[22m contains the following data:[39m [90m# org.apache.fineract.test.stepdef.loan.LoanStepDef.checkLoanAmortizationAllocationMapping(java.lang.String,java.lang.String,io.cucumber.datatable.DataTable)[39m
      | Date            | Type | Amount |
      | 01 January 2024 | AM   | 0.55   |
      | 02 January 2024 | AM   | 0.55   |
  [32m✔[39m [32m[1mAnd [22mLoan Amortization Allocation Mapping for [1m"BUY_DOWN_FEE"[22m transaction created on [1m"02 January 2024"[22m contains the following data:[39m [90m# org.apache.fineract.test.stepdef.loan.LoanStepDef.checkLoanAmortizationAllocationMapping(java.lang.String,java.lang.String,io.cucumber.datatable.DataTable)[39m
      | Date            | Type | Amount |
      | 02 January 2024 | AM   | 1.11   |
  [32m✔[39m [32m[1mWhen [22mLoan Pay-off is made on [1m"03 January 2024"[22m[39m                                                                                    [90m# org.apache.fineract.test.stepdef.loan.LoanRepaymentStepDef.makeLoanPayOff(java.lang.String)[39m
  [32m✔[39m [32m[1mThen [22mLoan is closed with zero outstanding balance and it's all installments have obligations met[39m                                  [90m# org.apache.fineract.test.stepdef.loan.LoanStepDef.loanClosedAndInstallmentsObligationsMet()[39m

@BuyDownFeeFeature @TestRailId:C4019
[1mScenario:[22m Verify Buy Down Fee amortization allocation mappings when buy down fee transaction is reversed                              [90m# fineract-e2e-tests-runner/src/test/resources/features/LoanBuyDownFees.feature:3318[39m
  [32m✔[39m [32m[1mWhen [22mAdmin sets the business date to [1m"1 January 2024"[22m[39m                                                                             [90m# org.apache.fineract.test.stepdef.common.BusinessDateStepDef.setBusinessDate(java.lang.String)[39m
  [32m✔[39m [32m[1mAnd [22mAdmin creates a client with random data[39m                                                                                       [90m# org.apache.fineract.test.stepdef.common.ClientStepDef.createClientRandomFirstNameLastName()[39m
  [32m✔[39m [32m[1mWhen [22mAdmin creates a fully customized loan with the following data:[39m                                                               [90m# org.apache.fineract.test.stepdef.loan.LoanStepDef.createFullyCustomizedLoan(io.cucumber.datatable.DataTable)[39m
      | LoanProduct                                              | submitted on date | with Principal | ANNUAL interest rate % | interest type     | interest calculation period | amortization type  | loanTermFrequency | loanTermFrequencyType | repaymentEvery | repaymentFrequencyType | numberOfRepayments | graceOnPrincipalPayment | graceOnInterestPayment | interest free period | Payment strategy            |
      | LP2_PROGRESSIVE_ADVANCED_PAYMENT_ALLOCATION_BUYDOWN_FEES | 01 January 2024   | 350            | 7                      | DECLINING_BALANCE | DAILY                       | EQUAL_INSTALLMENTS | 3                 | MONTHS                | 1              | MONTHS                 | 3                  | 0                       | 0                      | 0                    | ADVANCED_PAYMENT_ALLOCATION |
  [32m✔[39m [32m[1mAnd [22mAdmin successfully approves the loan on [1m"1 January 2024"[22m with [1m"350"[22m amount and expected disbursement date on [1m"1 January 2024"[22m[39m [90m# org.apache.fineract.test.stepdef.loan.LoanStepDef.approveLoan(java.lang.String,java.lang.String,java.lang.String)[39m
  [32m✔[39m [32m[1mAnd [22mAdmin successfully disburse the loan on [1m"1 January 2024"[22m with [1m"100"[22m EUR transaction amount[39m                                    [90m# org.apache.fineract.test.stepdef.loan.LoanStepDef.disburseLoan(java.lang.String,java.lang.String)[39m
  [32m✔[39m [32m[1mThen [22mLoan status will be [1m"ACTIVE"[22m[39m                                                                                                 [90m# org.apache.fineract.test.stepdef.loan.LoanStepDef.loanStatus(java.lang.String)[39m
  [32m✔[39m [32m[1mAnd [22mAdmin adds buy down fee with [1m"AUTOPAY"[22m payment type to the loan on [1m"1 January 2024"[22m with [1m"50"[22m EUR transaction amount[39m          [90m# org.apache.fineract.test.stepdef.loan.LoanStepDef.adminAddsBuyDownFeesToTheLoanOnWithEURTransactionAmount(java.lang.String,java.lang.String,java.lang.String)[39m
  [32m✔[39m [32m[1mWhen [22mAdmin sets the business date to [1m"2 January 2024"[22m[39m                                                                             [90m# org.apache.fineract.test.stepdef.common.BusinessDateStepDef.setBusinessDate(java.lang.String)[39m
  [32m✔[39m [32m[1mAnd [22mAdmin runs inline COB job for Loan[39m                                                                                            [90m# org.apache.fineract.test.stepdef.loan.InlineCOBStepDef.runInlineCOB()[39m
  [32m✔[39m [32m[1mThen [22mLoan Repayment schedule has [1m3[22m periods, with the following data for periods:[39m                                                  [90m# org.apache.fineract.test.stepdef.loan.LoanStepDef.loanRepaymentSchedulePeriodsCheck(int,io.cucumber.datatable.DataTable)[39m
      | Nr | Days | Date             | Paid date | Balance of loan | Principal due | Interest | Fees | Penalties | Due   | Paid | In advance | Late | Outstanding |
      |    |      | 01 January 2024  |           | 100.0           |               |          | 0.0  |           | 0.0   | 0.0  |            |      |             |
      | 1  | 31   | 01 February 2024 |           | 66.86           | 33.14         | 0.58     | 0.0  | 0.0       | 33.72 | 0.0  | 0.0        | 0.0  | 33.72       |
      | 2  | 29   | 01 March 2024    |           | 33.53           | 33.33         | 0.39     | 0.0  | 0.0       | 33.72 | 0.0  | 0.0        | 0.0  | 33.72       |
      | 3  | 31   | 01 April 2024    |           | 0.0             | 33.53         | 0.2      | 0.0  | 0.0       | 33.73 | 0.0  | 0.0        | 0.0  | 33.73       |
  [32m✔[39m [32m[1mAnd [22mLoan Repayment schedule has the following data in Total row:[39m                                                                  [90m# org.apache.fineract.test.stepdef.loan.LoanStepDef.loanRepaymentScheduleAmountCheck(io.cucumber.datatable.DataTable)[39m
      | Principal due | Interest | Fees | Penalties | Due    | Paid | In advance | Late | Outstanding |
      | 100.0         | 1.17     | 0.0  | 0.0       | 101.17 | 0.0  | 0.0        | 0.0  | 101.17      |
  [32m✔[39m [32m[1mAnd [22mLoan Transactions tab has the following data:[39m                                                                                 [90m# org.apache.fineract.test.stepdef.loan.LoanStepDef.loanTransactionsTabCheck(io.cucumber.datatable.DataTable)[39m
      | Transaction date | Transaction Type          | Amount | Principal | Interest | Fees | Penalties | Loan Balance | Reverted | Replayed |
      | 01 January 2024  | Disbursement              | 100.0  | 0.0       | 0.0      | 0.0  | 0.0       | 100.0        | false    | false    |
      | 01 January 2024  | Buy Down Fee              | 50.0   | 0.0       | 50.0     | 0.0  | 0.0       | 0.0          | false    | false    |
      | 01 January 2024  | Buy Down Fee Amortization | 0.55   | 0.0       | 0.55     | 0.0  | 0.0       | 0.0          | false    | false    |
  [32m✔[39m [32m[1mThen [22mLoan Transactions tab has a [1m"BUY_DOWN_FEE"[22m transaction with date [1m"01 January 2024"[22m which has the following Journal entries:[39m  [90m# org.apache.fineract.test.stepdef.common.JournalEntriesStepDef.journalEntryDataCheck(java.lang.String,java.lang.String,io.cucumber.datatable.DataTable)[39m
      | Type      | Account code | Account name                | Debit | Credit |
      | EXPENSE   | 450280       | Buy Down Expense            | 50.0  |        |
      | LIABILITY | 145024       | Deferred Capitalized Income |       | 50.0   |
  [32m✔[39m [32m[1mAnd [22mAdmin adds buy down fee with [1m"AUTOPAY"[22m payment type to the loan on [1m"2 January 2024"[22m with [1m"200"[22m EUR transaction amount[39m         [90m# org.apache.fineract.test.stepdef.loan.LoanStepDef.adminAddsBuyDownFeesToTheLoanOnWithEURTransactionAmount(java.lang.String,java.lang.String,java.lang.String)[39m
  [32m✔[39m [32m[1mWhen [22mAdmin sets the business date to [1m"3 January 2024"[22m[39m                                                                             [90m# org.apache.fineract.test.stepdef.common.BusinessDateStepDef.setBusinessDate(java.lang.String)[39m
  [32m✔[39m [32m[1mAnd [22mAdmin runs inline COB job for Loan[39m                                                                                            [90m# org.apache.fineract.test.stepdef.loan.InlineCOBStepDef.runInlineCOB()[39m
  [32m✔[39m [32m[1mAnd [22mLoan Transactions tab has the following data:[39m                                                                                 [90m# org.apache.fineract.test.stepdef.loan.LoanStepDef.loanTransactionsTabCheck(io.cucumber.datatable.DataTable)[39m
      | Transaction date | Transaction Type          | Amount | Principal | Interest | Fees | Penalties | Loan Balance | Reverted | Replayed |
      | 01 January 2024  | Disbursement              | 100.0  | 0.0       | 0.0      | 0.0  | 0.0       | 100.0        | false    | false    |
      | 01 January 2024  | Buy Down Fee              | 50.0   | 0.0       | 50.0     | 0.0  | 0.0       | 0.0          | false    | false    |
      | 01 January 2024  | Buy Down Fee Amortization | 0.55   | 0.0       | 0.55     | 0.0  | 0.0       | 0.0          | false    | false    |
      | 02 January 2024  | Buy Down Fee              | 200.0  | 0.0       | 200.0    | 0.0  | 0.0       | 0.0          | false    | false    |
      | 02 January 2024  | Accrual                   | 0.02   | 0.0       | 0.02     | 0.0  | 0.0       | 0.0          | false    | false    |
      | 02 January 2024  | Buy Down Fee Amortization | 2.77   | 0.0       | 2.77     | 0.0  | 0.0       | 0.0          | false    | false    |
  [32m✔[39m [32m[1mAnd [22mLoan Amortization Allocation Mapping for [1m"BUY_DOWN_FEE"[22m transaction created on [1m"01 January 2024"[22m contains the following data:[39m [90m# org.apache.fineract.test.stepdef.loan.LoanStepDef.checkLoanAmortizationAllocationMapping(java.lang.String,java.lang.String,io.cucumber.datatable.DataTable)[39m
      | Date            | Type | Amount |
      | 01 January 2024 | AM   | 0.55   |
      | 02 January 2024 | AM   | 0.55   |
  [32m✔[39m [32m[1mAnd [22mLoan Amortization Allocation Mapping for [1m"BUY_DOWN_FEE"[22m transaction created on [1m"02 January 2024"[22m contains the following data:[39m [90m# org.apache.fineract.test.stepdef.loan.LoanStepDef.checkLoanAmortizationAllocationMapping(java.lang.String,java.lang.String,io.cucumber.datatable.DataTable)[39m
      | Date            | Type | Amount |
      | 02 January 2024 | AM   | 2.22   |
  [32m✔[39m [32m[1mWhen [22mCustomer undo [1m"1"[22mth [1m"Buy Down Fee"[22m transaction made on [1m"01 January 2024"[22m[39m                                                     [90m# org.apache.fineract.test.stepdef.loan.LoanRepaymentStepDef.undoNthTransactionType(java.lang.String,java.lang.String,java.lang.String)[39m
  [32m✔[39m [32m[1mWhen [22mAdmin sets the business date to [1m"4 January 2024"[22m[39m                                                                             [90m# org.apache.fineract.test.stepdef.common.BusinessDateStepDef.setBusinessDate(java.lang.String)[39m
  [32m✔[39m [32m[1mAnd [22mAdmin runs inline COB job for Loan[39m                                                                                            [90m# org.apache.fineract.test.stepdef.loan.InlineCOBStepDef.runInlineCOB()[39m
  [32m✔[39m [32m[1mAnd [22mLoan Transactions tab has the following data:[39m                                                                                 [90m# org.apache.fineract.test.stepdef.loan.LoanStepDef.loanTransactionsTabCheck(io.cucumber.datatable.DataTable)[39m
      | Transaction date | Transaction Type          | Amount | Principal | Interest | Fees | Penalties | Loan Balance | Reverted | Replayed |
      | 01 January 2024  | Disbursement              | 100.0  | 0.0       | 0.0      | 0.0  | 0.0       | 100.0        | false    | false    |
      | 01 January 2024  | Buy Down Fee              | 50.0   | 0.0       | 50.0     | 0.0  | 0.0       | 0.0          | true     | false    |
      | 01 January 2024  | Buy Down Fee Amortization | 0.55   | 0.0       | 0.55     | 0.0  | 0.0       | 0.0          | false    | false    |
      | 02 January 2024  | Buy Down Fee              | 200.0  | 0.0       | 200.0    | 0.0  | 0.0       | 0.0          | false    | false    |
      | 02 January 2024  | Accrual                   | 0.02   | 0.0       | 0.02     | 0.0  | 0.0       | 0.0          | false    | false    |
      | 02 January 2024  | Buy Down Fee Amortization | 2.77   | 0.0       | 2.77     | 0.0  | 0.0       | 0.0          | false    | false    |
      | 03 January 2024  | Accrual                   | 0.02   | 0.0       | 0.02     | 0.0  | 0.0       | 0.0          | false    | false    |
      | 03 January 2024  | Buy Down Fee Amortization | 1.12   | 0.0       | 1.12     | 0.0  | 0.0       | 0.0          | false    | false    |
  [32m✔[39m [32m[1mAnd [22mLoan Amortization Allocation Mapping for [1m"BUY_DOWN_FEE"[22m transaction created on [1m"01 January 2024"[22m contains the following data:[39m [90m# org.apache.fineract.test.stepdef.loan.LoanStepDef.checkLoanAmortizationAllocationMapping(java.lang.String,java.lang.String,io.cucumber.datatable.DataTable)[39m
      | Date            | Type   | Amount |
      | 01 January 2024 | AM     | 0.55   |
      | 02 January 2024 | AM     | 0.55   |
      | 03 January 2024 | AM_ADJ | 1.1    |
  [32m✔[39m [32m[1mAnd [22mLoan Amortization Allocation Mapping for [1m"BUY_DOWN_FEE"[22m transaction created on [1m"02 January 2024"[22m contains the following data:[39m [90m# org.apache.fineract.test.stepdef.loan.LoanStepDef.checkLoanAmortizationAllocationMapping(java.lang.String,java.lang.String,io.cucumber.datatable.DataTable)[39m
      | Date            | Type | Amount |
      | 02 January 2024 | AM   | 2.22   |
      | 03 January 2024 | AM   | 2.22   |
  [32m✔[39m [32m[1mWhen [22mAdmin sets the business date to [1m"5 January 2024"[22m[39m                                                                             [90m# org.apache.fineract.test.stepdef.common.BusinessDateStepDef.setBusinessDate(java.lang.String)[39m
  [32m✔[39m [32m[1mAnd [22mAdmin runs inline COB job for Loan[39m                                                                                            [90m# org.apache.fineract.test.stepdef.loan.InlineCOBStepDef.runInlineCOB()[39m
  [32m✔[39m [32m[1mAnd [22mLoan Transactions tab has the following data:[39m                                                                                 [90m# org.apache.fineract.test.stepdef.loan.LoanStepDef.loanTransactionsTabCheck(io.cucumber.datatable.DataTable)[39m
      | Transaction date | Transaction Type          | Amount | Principal | Interest | Fees | Penalties | Loan Balance | Reverted | Replayed |
      | 01 January 2024  | Disbursement              | 100.0  | 0.0       | 0.0      | 0.0  | 0.0       | 100.0        | false    | false    |
      | 01 January 2024  | Buy Down Fee              | 50.0   | 0.0       | 50.0     | 0.0  | 0.0       | 0.0          | true     | false    |
      | 01 January 2024  | Buy Down Fee Amortization | 0.55   | 0.0       | 0.55     | 0.0  | 0.0       | 0.0          | false    | false    |
      | 02 January 2024  | Buy Down Fee              | 200.0  | 0.0       | 200.0    | 0.0  | 0.0       | 0.0          | false    | false    |
      | 02 January 2024  | Accrual                   | 0.02   | 0.0       | 0.02     | 0.0  | 0.0       | 0.0          | false    | false    |
      | 02 January 2024  | Buy Down Fee Amortization | 2.77   | 0.0       | 2.77     | 0.0  | 0.0       | 0.0          | false    | false    |
      | 03 January 2024  | Accrual                   | 0.02   | 0.0       | 0.02     | 0.0  | 0.0       | 0.0          | false    | false    |
      | 03 January 2024  | Buy Down Fee Amortization | 1.12   | 0.0       | 1.12     | 0.0  | 0.0       | 0.0          | false    | false    |
      | 04 January 2024  | Accrual                   | 0.02   | 0.0       | 0.02     | 0.0  | 0.0       | 0.0          | false    | false    |
      | 04 January 2024  | Buy Down Fee Amortization | 2.23   | 0.0       | 2.23     | 0.0  | 0.0       | 0.0          | false    | false    |
  [32m✔[39m [32m[1mAnd [22mLoan Amortization Allocation Mapping for [1m"BUY_DOWN_FEE"[22m transaction created on [1m"01 January 2024"[22m contains the following data:[39m [90m# org.apache.fineract.test.stepdef.loan.LoanStepDef.checkLoanAmortizationAllocationMapping(java.lang.String,java.lang.String,io.cucumber.datatable.DataTable)[39m
      | Date            | Type   | Amount |
      | 01 January 2024 | AM     | 0.55   |
      | 02 January 2024 | AM     | 0.55   |
      | 03 January 2024 | AM_ADJ | 1.1    |
  [32m✔[39m [32m[1mAnd [22mLoan Amortization Allocation Mapping for [1m"BUY_DOWN_FEE"[22m transaction created on [1m"02 January 2024"[22m contains the following data:[39m [90m# org.apache.fineract.test.stepdef.loan.LoanStepDef.checkLoanAmortizationAllocationMapping(java.lang.String,java.lang.String,io.cucumber.datatable.DataTable)[39m
      | Date            | Type | Amount |
      | 02 January 2024 | AM   | 2.22   |
      | 03 January 2024 | AM   | 2.22   |
      | 04 January 2024 | AM   | 2.23   |
  [32m✔[39m [32m[1mWhen [22mLoan Pay-off is made on [1m"05 January 2024"[22m[39m                                                                                    [90m# org.apache.fineract.test.stepdef.loan.LoanRepaymentStepDef.makeLoanPayOff(java.lang.String)[39m
  [32m✔[39m [32m[1mThen [22mLoan is closed with zero outstanding balance and it's all installments have obligations met[39m                                  [90m# org.apache.fineract.test.stepdef.loan.LoanStepDef.loanClosedAndInstallmentsObligationsMet()[39m

@BuyDownFeeFeature @TestRailId:C4022
[1mScenario:[22m Verify Buy Down Fee amortization allocation mappings when buy down fee adjustment occurs                                                                                             [90m# fineract-e2e-tests-runner/src/test/resources/features/LoanBuyDownFees.feature:3417[39m
  [32m✔[39m [32m[1mWhen [22mAdmin sets the business date to [1m"1 January 2024"[22m[39m                                                                                                                                      [90m# org.apache.fineract.test.stepdef.common.BusinessDateStepDef.setBusinessDate(java.lang.String)[39m
  [32m✔[39m [32m[1mAnd [22mAdmin creates a client with random data[39m                                                                                                                                                [90m# org.apache.fineract.test.stepdef.common.ClientStepDef.createClientRandomFirstNameLastName()[39m
  [32m✔[39m [32m[1mWhen [22mAdmin creates a fully customized loan with the following data:[39m                                                                                                                        [90m# org.apache.fineract.test.stepdef.loan.LoanStepDef.createFullyCustomizedLoan(io.cucumber.datatable.DataTable)[39m
      | LoanProduct                                              | submitted on date | with Principal | ANNUAL interest rate % | interest type     | interest calculation period | amortization type  | loanTermFrequency | loanTermFrequencyType | repaymentEvery | repaymentFrequencyType | numberOfRepayments | graceOnPrincipalPayment | graceOnInterestPayment | interest free period | Payment strategy            |
      | LP2_PROGRESSIVE_ADVANCED_PAYMENT_ALLOCATION_BUYDOWN_FEES | 01 January 2024   | 350            | 7                      | DECLINING_BALANCE | DAILY                       | EQUAL_INSTALLMENTS | 3                 | MONTHS                | 1              | MONTHS                 | 3                  | 0                       | 0                      | 0                    | ADVANCED_PAYMENT_ALLOCATION |
  [32m✔[39m [32m[1mAnd [22mAdmin successfully approves the loan on [1m"1 January 2024"[22m with [1m"350"[22m amount and expected disbursement date on [1m"1 January 2024"[22m[39m                                                          [90m# org.apache.fineract.test.stepdef.loan.LoanStepDef.approveLoan(java.lang.String,java.lang.String,java.lang.String)[39m
  [32m✔[39m [32m[1mAnd [22mAdmin successfully disburse the loan on [1m"1 January 2024"[22m with [1m"100"[22m EUR transaction amount[39m                                                                                             [90m# org.apache.fineract.test.stepdef.loan.LoanStepDef.disburseLoan(java.lang.String,java.lang.String)[39m
  [32m✔[39m [32m[1mThen [22mLoan status will be [1m"ACTIVE"[22m[39m                                                                                                                                                          [90m# org.apache.fineract.test.stepdef.loan.LoanStepDef.loanStatus(java.lang.String)[39m
  [32m✔[39m [32m[1mAnd [22mAdmin adds buy down fee with [1m"AUTOPAY"[22m payment type to the loan on [1m"1 January 2024"[22m with [1m"50"[22m EUR transaction amount[39m                                                                   [90m# org.apache.fineract.test.stepdef.loan.LoanStepDef.adminAddsBuyDownFeesToTheLoanOnWithEURTransactionAmount(java.lang.String,java.lang.String,java.lang.String)[39m
  [32m✔[39m [32m[1mWhen [22mAdmin sets the business date to [1m"2 January 2024"[22m[39m                                                                                                                                      [90m# org.apache.fineract.test.stepdef.common.BusinessDateStepDef.setBusinessDate(java.lang.String)[39m
  [32m✔[39m [32m[1mAnd [22mAdmin runs inline COB job for Loan[39m                                                                                                                                                     [90m# org.apache.fineract.test.stepdef.loan.InlineCOBStepDef.runInlineCOB()[39m
  [32m✔[39m [32m[1mThen [22mLoan Repayment schedule has [1m3[22m periods, with the following data for periods:[39m                                                                                                           [90m# org.apache.fineract.test.stepdef.loan.LoanStepDef.loanRepaymentSchedulePeriodsCheck(int,io.cucumber.datatable.DataTable)[39m
      | Nr | Days | Date             | Paid date | Balance of loan | Principal due | Interest | Fees | Penalties | Due   | Paid | In advance | Late | Outstanding |
      |    |      | 01 January 2024  |           | 100.0           |               |          | 0.0  |           | 0.0   | 0.0  |            |      |             |
      | 1  | 31   | 01 February 2024 |           | 66.86           | 33.14         | 0.58     | 0.0  | 0.0       | 33.72 | 0.0  | 0.0        | 0.0  | 33.72       |
      | 2  | 29   | 01 March 2024    |           | 33.53           | 33.33         | 0.39     | 0.0  | 0.0       | 33.72 | 0.0  | 0.0        | 0.0  | 33.72       |
      | 3  | 31   | 01 April 2024    |           | 0.0             | 33.53         | 0.2      | 0.0  | 0.0       | 33.73 | 0.0  | 0.0        | 0.0  | 33.73       |
  [32m✔[39m [32m[1mAnd [22mLoan Repayment schedule has the following data in Total row:[39m                                                                                                                           [90m# org.apache.fineract.test.stepdef.loan.LoanStepDef.loanRepaymentScheduleAmountCheck(io.cucumber.datatable.DataTable)[39m
      | Principal due | Interest | Fees | Penalties | Due    | Paid | In advance | Late | Outstanding |
      | 100.0         | 1.17     | 0.0  | 0.0       | 101.17 | 0.0  | 0.0        | 0.0  | 101.17      |
  [32m✔[39m [32m[1mThen [22mLoan Transactions tab has the following data:[39m                                                                                                                                         [90m# org.apache.fineract.test.stepdef.loan.LoanStepDef.loanTransactionsTabCheck(io.cucumber.datatable.DataTable)[39m
      | Transaction date | Transaction Type          | Amount | Principal | Interest | Fees | Penalties | Loan Balance | Reverted | Replayed |
      | 01 January 2024  | Disbursement              | 100.0  | 0.0       | 0.0      | 0.0  | 0.0       | 100.0        | false    | false    |
      | 01 January 2024  | Buy Down Fee              | 50.0   | 0.0       | 50.0     | 0.0  | 0.0       | 0.0          | false    | false    |
      | 01 January 2024  | Buy Down Fee Amortization | 0.55   | 0.0       | 0.55     | 0.0  | 0.0       | 0.0          | false    | false    |
  [32m✔[39m [32m[1mThen [22mLoan Transactions tab has a [1m"BUY_DOWN_FEE"[22m transaction with date [1m"01 January 2024"[22m which has the following Journal entries:[39m                                                           [90m# org.apache.fineract.test.stepdef.common.JournalEntriesStepDef.journalEntryDataCheck(java.lang.String,java.lang.String,io.cucumber.datatable.DataTable)[39m
      | Type      | Account code | Account name                | Debit | Credit |
      | EXPENSE   | 450280       | Buy Down Expense            | 50.0  |        |
      | LIABILITY | 145024       | Deferred Capitalized Income |       | 50.0   |
  [32m✔[39m [32m[1mAnd [22mAdmin adds buy down fee with [1m"AUTOPAY"[22m payment type to the loan on [1m"2 January 2024"[22m with [1m"100"[22m EUR transaction amount[39m                                                                  [90m# org.apache.fineract.test.stepdef.loan.LoanStepDef.adminAddsBuyDownFeesToTheLoanOnWithEURTransactionAmount(java.lang.String,java.lang.String,java.lang.String)[39m
  [32m✔[39m [32m[1mWhen [22mAdmin sets the business date to [1m"3 January 2024"[22m[39m                                                                                                                                      [90m# org.apache.fineract.test.stepdef.common.BusinessDateStepDef.setBusinessDate(java.lang.String)[39m
  [32m✔[39m [32m[1mAnd [22mAdmin runs inline COB job for Loan[39m                                                                                                                                                     [90m# org.apache.fineract.test.stepdef.loan.InlineCOBStepDef.runInlineCOB()[39m
  [32m✔[39m [32m[1mAnd [22mLoan Transactions tab has the following data:[39m                                                                                                                                          [90m# org.apache.fineract.test.stepdef.loan.LoanStepDef.loanTransactionsTabCheck(io.cucumber.datatable.DataTable)[39m
      | Transaction date | Transaction Type          | Amount | Principal | Interest | Fees | Penalties | Loan Balance | Reverted | Replayed |
      | 01 January 2024  | Disbursement              | 100.0  | 0.0       | 0.0      | 0.0  | 0.0       | 100.0        | false    | false    |
      | 01 January 2024  | Buy Down Fee              | 50.0   | 0.0       | 50.0     | 0.0  | 0.0       | 0.0          | false    | false    |
      | 01 January 2024  | Buy Down Fee Amortization | 0.55   | 0.0       | 0.55     | 0.0  | 0.0       | 0.0          | false    | false    |
      | 02 January 2024  | Buy Down Fee              | 100.0  | 0.0       | 100.0    | 0.0  | 0.0       | 0.0          | false    | false    |
      | 02 January 2024  | Accrual                   | 0.02   | 0.0       | 0.02     | 0.0  | 0.0       | 0.0          | false    | false    |
      | 02 January 2024  | Buy Down Fee Amortization | 1.66   | 0.0       | 1.66     | 0.0  | 0.0       | 0.0          | false    | false    |
  [32m✔[39m [32m[1mAnd [22mLoan Amortization Allocation Mapping for [1m"BUY_DOWN_FEE"[22m transaction created on [1m"01 January 2024"[22m contains the following data:[39m                                                          [90m# org.apache.fineract.test.stepdef.loan.LoanStepDef.checkLoanAmortizationAllocationMapping(java.lang.String,java.lang.String,io.cucumber.datatable.DataTable)[39m
      | Date            | Type | Amount |
      | 01 January 2024 | AM   | 0.55   |
      | 02 January 2024 | AM   | 0.55   |
  [32m✔[39m [32m[1mAnd [22mLoan Amortization Allocation Mapping for [1m"BUY_DOWN_FEE"[22m transaction created on [1m"02 January 2024"[22m contains the following data:[39m                                                          [90m# org.apache.fineract.test.stepdef.loan.LoanStepDef.checkLoanAmortizationAllocationMapping(java.lang.String,java.lang.String,io.cucumber.datatable.DataTable)[39m
      | Date            | Type | Amount |
      | 02 January 2024 | AM   | 1.11   |
  [32m✔[39m [32m[1mWhen [22mAdmin adds buy down fee adjustment with [1m"AUTOPAY"[22m payment type to the loan on [1m"02 January 2024"[22m with [1m"40"[22m EUR transaction amount[39m                                                      [90m# org.apache.fineract.test.stepdef.loan.LoanStepDef.adminAddsBuyDownFeesAdjustmentToTheLoan(java.lang.String,java.lang.String,java.lang.String)[39m
  [32m✔[39m [32m[1mWhen [22mAdmin sets the business date to [1m"4 January 2024"[22m[39m                                                                                                                                      [90m# org.apache.fineract.test.stepdef.common.BusinessDateStepDef.setBusinessDate(java.lang.String)[39m
  [32m✔[39m [32m[1mAnd [22mAdmin runs inline COB job for Loan[39m                                                                                                                                                     [90m# org.apache.fineract.test.stepdef.loan.InlineCOBStepDef.runInlineCOB()[39m
  [32m✔[39m [32m[1mAnd [22mLoan Transactions tab has the following data:[39m                                                                                                                                          [90m# org.apache.fineract.test.stepdef.loan.LoanStepDef.loanTransactionsTabCheck(io.cucumber.datatable.DataTable)[39m
      | Transaction date | Transaction Type          | Amount | Principal | Interest | Fees | Penalties | Loan Balance | Reverted | Replayed |
      | 01 January 2024  | Disbursement              | 100.0  | 0.0       | 0.0      | 0.0  | 0.0       | 100.0        | false    | false    |
      | 01 January 2024  | Buy Down Fee              | 50.0   | 0.0       | 50.0     | 0.0  | 0.0       | 0.0          | false    | false    |
      | 01 January 2024  | Buy Down Fee Amortization | 0.55   | 0.0       | 0.55     | 0.0  | 0.0       | 0.0          | false    | false    |
      | 02 January 2024  | Buy Down Fee              | 100.0  | 0.0       | 100.0    | 0.0  | 0.0       | 0.0          | false    | false    |
      | 02 January 2024  | Accrual                   | 0.02   | 0.0       | 0.02     | 0.0  | 0.0       | 0.0          | false    | false    |
      | 02 January 2024  | Buy Down Fee Amortization | 1.66   | 0.0       | 1.66     | 0.0  | 0.0       | 0.0          | false    | false    |
      | 02 January 2024  | Buy Down Fee Adjustment   | 40.0   | 0.0       | 40.0     | 0.0  | 0.0       | 0.0          | false    | false    |
      | 03 January 2024  | Accrual                   | 0.02   | 0.0       | 0.02     | 0.0  | 0.0       | 0.0          | false    | false    |
      | 03 January 2024  | Buy Down Fee Amortization | 0.77   | 0.0       | 0.77     | 0.0  | 0.0       | 0.0          | false    | false    |
  [32m✔[39m [32m[1mAnd [22mLoan Amortization Allocation Mapping for [1m"BUY_DOWN_FEE"[22m transaction created on [1m"01 January 2024"[22m contains the following data:[39m                                                          [90m# org.apache.fineract.test.stepdef.loan.LoanStepDef.checkLoanAmortizationAllocationMapping(java.lang.String,java.lang.String,io.cucumber.datatable.DataTable)[39m
      | Date            | Type   | Amount |
      | 01 January 2024 | AM     | 0.55   |
      | 02 January 2024 | AM     | 0.55   |
      | 03 January 2024 | AM_ADJ | 0.34   |
  [32m✔[39m [32m[1mAnd [22mLoan Amortization Allocation Mapping for [1m"BUY_DOWN_FEE"[22m transaction created on [1m"02 January 2024"[22m contains the following data:[39m                                                          [90m# org.apache.fineract.test.stepdef.loan.LoanStepDef.checkLoanAmortizationAllocationMapping(java.lang.String,java.lang.String,io.cucumber.datatable.DataTable)[39m
      | Date            | Type | Amount |
      | 02 January 2024 | AM   | 1.11   |
      | 03 January 2024 | AM   | 1.11   |
  [32m✔[39m [32m[1mWhen [22mAdmin sets the business date to [1m"5 January 2024"[22m[39m                                                                                                                                      [90m# org.apache.fineract.test.stepdef.common.BusinessDateStepDef.setBusinessDate(java.lang.String)[39m
  [32m✔[39m [32m[1mAnd [22mAdmin runs inline COB job for Loan[39m                                                                                                                                                     [90m# org.apache.fineract.test.stepdef.loan.InlineCOBStepDef.runInlineCOB()[39m
  [32m✔[39m [32m[1mAnd [22mLoan Transactions tab has the following data:[39m                                                                                                                                          [90m# org.apache.fineract.test.stepdef.loan.LoanStepDef.loanTransactionsTabCheck(io.cucumber.datatable.DataTable)[39m
      | Transaction date | Transaction Type          | Amount | Principal | Interest | Fees | Penalties | Loan Balance | Reverted | Replayed |
      | 01 January 2024  | Disbursement              | 100.0  | 0.0       | 0.0      | 0.0  | 0.0       | 100.0        | false    | false    |
      | 01 January 2024  | Buy Down Fee              | 50.0   | 0.0       | 50.0     | 0.0  | 0.0       | 0.0          | false    | false    |
      | 01 January 2024  | Buy Down Fee Amortization | 0.55   | 0.0       | 0.55     | 0.0  | 0.0       | 0.0          | false    | false    |
      | 02 January 2024  | Buy Down Fee              | 100.0  | 0.0       | 100.0    | 0.0  | 0.0       | 0.0          | false    | false    |
      | 02 January 2024  | Accrual                   | 0.02   | 0.0       | 0.02     | 0.0  | 0.0       | 0.0          | false    | false    |
      | 02 January 2024  | Buy Down Fee Amortization | 1.66   | 0.0       | 1.66     | 0.0  | 0.0       | 0.0          | false    | false    |
      | 02 January 2024  | Buy Down Fee Adjustment   | 40.0   | 0.0       | 40.0     | 0.0  | 0.0       | 0.0          | false    | false    |
      | 03 January 2024  | Accrual                   | 0.02   | 0.0       | 0.02     | 0.0  | 0.0       | 0.0          | false    | false    |
      | 03 January 2024  | Buy Down Fee Amortization | 0.77   | 0.0       | 0.77     | 0.0  | 0.0       | 0.0          | false    | false    |
      | 04 January 2024  | Accrual                   | 0.02   | 0.0       | 0.02     | 0.0  | 0.0       | 0.0          | false    | false    |
      | 04 January 2024  | Buy Down Fee Amortization | 1.21   | 0.0       | 1.21     | 0.0  | 0.0       | 0.0          | false    | false    |
  [32m✔[39m [32m[1mAnd [22mLoan Amortization Allocation Mapping for [1m"BUY_DOWN_FEE"[22m transaction created on [1m"01 January 2024"[22m contains the following data:[39m                                                          [90m# org.apache.fineract.test.stepdef.loan.LoanStepDef.checkLoanAmortizationAllocationMapping(java.lang.String,java.lang.String,io.cucumber.datatable.DataTable)[39m
      | Date            | Type   | Amount |
      | 01 January 2024 | AM     | 0.55   |
      | 02 January 2024 | AM     | 0.55   |
      | 03 January 2024 | AM_ADJ | 0.34   |
      | 04 January 2024 | AM     | 0.1    |
  [32m✔[39m [32m[1mAnd [22mLoan Amortization Allocation Mapping for [1m"BUY_DOWN_FEE"[22m transaction created on [1m"02 January 2024"[22m contains the following data:[39m                                                          [90m# org.apache.fineract.test.stepdef.loan.LoanStepDef.checkLoanAmortizationAllocationMapping(java.lang.String,java.lang.String,io.cucumber.datatable.DataTable)[39m
      | Date            | Type | Amount |
      | 02 January 2024 | AM   | 1.11   |
      | 03 January 2024 | AM   | 1.11   |
      | 04 January 2024 | AM   | 1.11   |
  [32m✔[39m [32m[1mAnd [22mAdmin adds buy down fee adjustment of buy down fee transaction made on [1m"02 January 2024"[22m with [1m"AUTOPAY"[22m payment type to the loan on [1m"04 January 2024"[22m with [1m"60"[22m EUR transaction amount[39m [90m# org.apache.fineract.test.stepdef.loan.LoanStepDef.adminAddsBuyDownFeesAdjustmentToTheLoan(java.lang.String,java.lang.String,java.lang.String,java.lang.String)[39m
  [32m✔[39m [32m[1mWhen [22mAdmin sets the business date to [1m"6 January 2024"[22m[39m                                                                                                                                      [90m# org.apache.fineract.test.stepdef.common.BusinessDateStepDef.setBusinessDate(java.lang.String)[39m
  [32m✔[39m [32m[1mAnd [22mAdmin runs inline COB job for Loan[39m                                                                                                                                                     [90m# org.apache.fineract.test.stepdef.loan.InlineCOBStepDef.runInlineCOB()[39m
  [32m✔[39m [32m[1mAnd [22mLoan Transactions tab has the following data:[39m                                                                                                                                          [90m# org.apache.fineract.test.stepdef.loan.LoanStepDef.loanTransactionsTabCheck(io.cucumber.datatable.DataTable)[39m
      | Transaction date | Transaction Type                     | Amount | Principal | Interest | Fees | Penalties | Loan Balance | Reverted | Replayed |
      | 01 January 2024  | Disbursement                         | 100.0  | 0.0       | 0.0      | 0.0  | 0.0       | 100.0        | false    | false    |
      | 01 January 2024  | Buy Down Fee                         | 50.0   | 0.0       | 50.0     | 0.0  | 0.0       | 0.0          | false    | false    |
      | 01 January 2024  | Buy Down Fee Amortization            | 0.55   | 0.0       | 0.55     | 0.0  | 0.0       | 0.0          | false    | false    |
      | 02 January 2024  | Buy Down Fee                         | 100.0  | 0.0       | 100.0    | 0.0  | 0.0       | 0.0          | false    | false    |
      | 02 January 2024  | Accrual                              | 0.02   | 0.0       | 0.02     | 0.0  | 0.0       | 0.0          | false    | false    |
      | 02 January 2024  | Buy Down Fee Amortization            | 1.66   | 0.0       | 1.66     | 0.0  | 0.0       | 0.0          | false    | false    |
      | 02 January 2024  | Buy Down Fee Adjustment              | 40.0   | 0.0       | 40.0     | 0.0  | 0.0       | 0.0          | false    | false    |
      | 03 January 2024  | Accrual                              | 0.02   | 0.0       | 0.02     | 0.0  | 0.0       | 0.0          | false    | false    |
      | 03 January 2024  | Buy Down Fee Amortization            | 0.77   | 0.0       | 0.77     | 0.0  | 0.0       | 0.0          | false    | false    |
      | 04 January 2024  | Accrual                              | 0.02   | 0.0       | 0.02     | 0.0  | 0.0       | 0.0          | false    | false    |
      | 04 January 2024  | Buy Down Fee Amortization            | 1.21   | 0.0       | 1.21     | 0.0  | 0.0       | 0.0          | false    | false    |
      | 04 January 2024  | Buy Down Fee Adjustment              | 60.0   | 0.0       | 60.0     | 0.0  | 0.0       | 0.0          | false    | false    |
      | 05 January 2024  | Accrual                              | 0.02   | 0.0       | 0.02     | 0.0  | 0.0       | 0.0          | false    | false    |
      | 05 January 2024  | Buy Down Fee Amortization Adjustment | 0.14   | 0.0       | 0.14     | 0.0  | 0.0       | 0.0          | false    | false    |
  [32m✔[39m [32m[1mAnd [22mLoan Amortization Allocation Mapping for [1m"BUY_DOWN_FEE"[22m transaction created on [1m"01 January 2024"[22m contains the following data:[39m                                                          [90m# org.apache.fineract.test.stepdef.loan.LoanStepDef.checkLoanAmortizationAllocationMapping(java.lang.String,java.lang.String,io.cucumber.datatable.DataTable)[39m
      | Date            | Type   | Amount |
      | 01 January 2024 | AM     | 0.55   |
      | 02 January 2024 | AM     | 0.55   |
      | 03 January 2024 | AM_ADJ | 0.34   |
      | 04 January 2024 | AM     | 0.1    |
      | 05 January 2024 | AM     | 0.11   |
  [32m✔[39m [32m[1mAnd [22mLoan Amortization Allocation Mapping for [1m"BUY_DOWN_FEE"[22m transaction created on [1m"02 January 2024"[22m contains the following data:[39m                                                          [90m# org.apache.fineract.test.stepdef.loan.LoanStepDef.checkLoanAmortizationAllocationMapping(java.lang.String,java.lang.String,io.cucumber.datatable.DataTable)[39m
      | Date            | Type   | Amount |
      | 02 January 2024 | AM     | 1.11   |
      | 03 January 2024 | AM     | 1.11   |
      | 04 January 2024 | AM     | 1.11   |
      | 05 January 2024 | AM_ADJ | 0.25   |
  [32m✔[39m [32m[1mWhen [22mAdmin adds buy down fee adjustment with [1m"AUTOPAY"[22m payment type to the loan on [1m"05 January 2024"[22m with [1m"10"[22m EUR transaction amount[39m                                                      [90m# org.apache.fineract.test.stepdef.loan.LoanStepDef.adminAddsBuyDownFeesAdjustmentToTheLoan(java.lang.String,java.lang.String,java.lang.String)[39m
  [32m✔[39m [32m[1mWhen [22mAdmin sets the business date to [1m"7 January 2024"[22m[39m                                                                                                                                      [90m# org.apache.fineract.test.stepdef.common.BusinessDateStepDef.setBusinessDate(java.lang.String)[39m
  [32m✔[39m [32m[1mAnd [22mAdmin runs inline COB job for Loan[39m                                                                                                                                                     [90m# org.apache.fineract.test.stepdef.loan.InlineCOBStepDef.runInlineCOB()[39m
  [32m✔[39m [32m[1mAnd [22mLoan Transactions tab has the following data:[39m                                                                                                                                          [90m# org.apache.fineract.test.stepdef.loan.LoanStepDef.loanTransactionsTabCheck(io.cucumber.datatable.DataTable)[39m
      | Transaction date | Transaction Type                     | Amount | Principal | Interest | Fees | Penalties | Loan Balance | Reverted | Replayed |
      | 01 January 2024  | Disbursement                         | 100.0  | 0.0       | 0.0      | 0.0  | 0.0       | 100.0        | false    | false    |
      | 01 January 2024  | Buy Down Fee                         | 50.0   | 0.0       | 50.0     | 0.0  | 0.0       | 0.0          | false    | false    |
      | 01 January 2024  | Buy Down Fee Amortization            | 0.55   | 0.0       | 0.55     | 0.0  | 0.0       | 0.0          | false    | false    |
      | 02 January 2024  | Buy Down Fee                         | 100.0  | 0.0       | 100.0    | 0.0  | 0.0       | 0.0          | false    | false    |
      | 02 January 2024  | Accrual                              | 0.02   | 0.0       | 0.02     | 0.0  | 0.0       | 0.0          | false    | false    |
      | 02 January 2024  | Buy Down Fee Amortization            | 1.66   | 0.0       | 1.66     | 0.0  | 0.0       | 0.0          | false    | false    |
      | 02 January 2024  | Buy Down Fee Adjustment              | 40.0   | 0.0       | 40.0     | 0.0  | 0.0       | 0.0          | false    | false    |
      | 03 January 2024  | Accrual                              | 0.02   | 0.0       | 0.02     | 0.0  | 0.0       | 0.0          | false    | false    |
      | 03 January 2024  | Buy Down Fee Amortization            | 0.77   | 0.0       | 0.77     | 0.0  | 0.0       | 0.0          | false    | false    |
      | 04 January 2024  | Accrual                              | 0.02   | 0.0       | 0.02     | 0.0  | 0.0       | 0.0          | false    | false    |
      | 04 January 2024  | Buy Down Fee Amortization            | 1.21   | 0.0       | 1.21     | 0.0  | 0.0       | 0.0          | false    | false    |
      | 04 January 2024  | Buy Down Fee Adjustment              | 60.0   | 0.0       | 60.0     | 0.0  | 0.0       | 0.0          | false    | false    |
      | 05 January 2024  | Accrual                              | 0.02   | 0.0       | 0.02     | 0.0  | 0.0       | 0.0          | false    | false    |
      | 05 January 2024  | Buy Down Fee Amortization Adjustment | 0.14   | 0.0       | 0.14     | 0.0  | 0.0       | 0.0          | false    | false    |
      | 05 January 2024  | Buy Down Fee Adjustment              | 10.0   | 0.0       | 10.0     | 0.0  | 0.0       | 0.0          | false    | false    |
      | 06 January 2024  | Accrual                              | 0.01   | 0.0       | 0.01     | 0.0  | 0.0       | 0.0          | false    | false    |
      | 06 January 2024  | Buy Down Fee Amortization Adjustment | 0.54   | 0.0       | 0.54     | 0.0  | 0.0       | 0.0          | false    | false    |
  [32m✔[39m [32m[1mAnd [22mLoan Amortization Allocation Mapping for [1m"BUY_DOWN_FEE"[22m transaction created on [1m"01 January 2024"[22m contains the following data:[39m                                                          [90m# org.apache.fineract.test.stepdef.loan.LoanStepDef.checkLoanAmortizationAllocationMapping(java.lang.String,java.lang.String,io.cucumber.datatable.DataTable)[39m
      | Date            | Type   | Amount |
      | 01 January 2024 | AM     | 0.55   |
      | 02 January 2024 | AM     | 0.55   |
      | 03 January 2024 | AM_ADJ | 0.34   |
      | 04 January 2024 | AM     | 0.1    |
      | 05 January 2024 | AM     | 0.11   |
      | 06 January 2024 | AM_ADJ | 0.97   |
  [32m✔[39m [32m[1mAnd [22mLoan Amortization Allocation Mapping for [1m"BUY_DOWN_FEE"[22m transaction created on [1m"02 January 2024"[22m contains the following data:[39m                                                          [90m# org.apache.fineract.test.stepdef.loan.LoanStepDef.checkLoanAmortizationAllocationMapping(java.lang.String,java.lang.String,io.cucumber.datatable.DataTable)[39m
      | Date            | Type   | Amount |
      | 02 January 2024 | AM     | 1.11   |
      | 03 January 2024 | AM     | 1.11   |
      | 04 January 2024 | AM     | 1.11   |
      | 05 January 2024 | AM_ADJ | 0.25   |
      | 06 January 2024 | AM     | 0.43   |
  [32m✔[39m [32m[1mWhen [22mLoan Pay-off is made on [1m"07 January 2024"[22m[39m                                                                                                                                             [90m# org.apache.fineract.test.stepdef.loan.LoanRepaymentStepDef.makeLoanPayOff(java.lang.String)[39m
  [32m✔[39m [32m[1mThen [22mLoan is closed with zero outstanding balance and it's all installments have obligations met[39m                                                                                           [90m# org.apache.fineract.test.stepdef.loan.LoanStepDef.loanClosedAndInstallmentsObligationsMet()[39m

@BuyDownFeeFeature @TestRailId:C4040
[1mScenario:[22m Verify Buy Down Fee amortization allocation mapping when already amortized amount is greater than should be after buy down fee adjustment [90m# fineract-e2e-tests-runner/src/test/resources/features/LoanBuyDownFees.feature:3588[39m
  [32m✔[39m [32m[1mWhen [22mAdmin sets the business date to [1m"1 January 2024"[22m[39m                                                                                           [90m# org.apache.fineract.test.stepdef.common.BusinessDateStepDef.setBusinessDate(java.lang.String)[39m
  [32m✔[39m [32m[1mAnd [22mAdmin creates a client with random data[39m                                                                                                     [90m# org.apache.fineract.test.stepdef.common.ClientStepDef.createClientRandomFirstNameLastName()[39m
  [32m✔[39m [32m[1mWhen [22mAdmin creates a fully customized loan with the following data:[39m                                                                             [90m# org.apache.fineract.test.stepdef.loan.LoanStepDef.createFullyCustomizedLoan(io.cucumber.datatable.DataTable)[39m
      | LoanProduct                                              | submitted on date | with Principal | ANNUAL interest rate % | interest type     | interest calculation period | amortization type  | loanTermFrequency | loanTermFrequencyType | repaymentEvery | repaymentFrequencyType | numberOfRepayments | graceOnPrincipalPayment | graceOnInterestPayment | interest free period | Payment strategy            |
      | LP2_PROGRESSIVE_ADVANCED_PAYMENT_ALLOCATION_BUYDOWN_FEES | 01 January 2024   | 100            | 7                      | DECLINING_BALANCE | DAILY                       | EQUAL_INSTALLMENTS | 30                | DAYS                  | 1              | DAYS                   | 30                 | 0                       | 0                      | 0                    | ADVANCED_PAYMENT_ALLOCATION |
  [32m✔[39m [32m[1mAnd [22mAdmin successfully approves the loan on [1m"1 January 2024"[22m with [1m"100"[22m amount and expected disbursement date on [1m"1 January 2024"[22m[39m               [90m# org.apache.fineract.test.stepdef.loan.LoanStepDef.approveLoan(java.lang.String,java.lang.String,java.lang.String)[39m
  [32m✔[39m [32m[1mAnd [22mAdmin successfully disburse the loan on [1m"1 January 2024"[22m with [1m"100"[22m EUR transaction amount[39m                                                  [90m# org.apache.fineract.test.stepdef.loan.LoanStepDef.disburseLoan(java.lang.String,java.lang.String)[39m
  [32m✔[39m [32m[1mThen [22mLoan status will be [1m"ACTIVE"[22m[39m                                                                                                               [90m# org.apache.fineract.test.stepdef.loan.LoanStepDef.loanStatus(java.lang.String)[39m
  [32m✔[39m [32m[1mAnd [22mAdmin runs inline COB job for Loan[39m                                                                                                          [90m# org.apache.fineract.test.stepdef.loan.InlineCOBStepDef.runInlineCOB()[39m
  [32m✔[39m [32m[1mAnd [22mAdmin adds buy down fee with [1m"AUTOPAY"[22m payment type to the loan on [1m"1 January 2024"[22m with [1m"1"[22m EUR transaction amount[39m                         [90m# org.apache.fineract.test.stepdef.loan.LoanStepDef.adminAddsBuyDownFeesToTheLoanOnWithEURTransactionAmount(java.lang.String,java.lang.String,java.lang.String)[39m
  [32m✔[39m [32m[1mWhen [22mAdmin sets the business date to [1m"15 January 2024"[22m[39m                                                                                          [90m# org.apache.fineract.test.stepdef.common.BusinessDateStepDef.setBusinessDate(java.lang.String)[39m
  [32m✔[39m [32m[1mAnd [22mAdmin runs inline COB job for Loan[39m                                                                                                          [90m# org.apache.fineract.test.stepdef.loan.InlineCOBStepDef.runInlineCOB()[39m
  [32m✔[39m [32m[1mAnd [22mLoan Amortization Allocation Mapping for [1m"BUY_DOWN_FEE"[22m transaction created on [1m"01 January 2024"[22m contains the following data:[39m               [90m# org.apache.fineract.test.stepdef.loan.LoanStepDef.checkLoanAmortizationAllocationMapping(java.lang.String,java.lang.String,io.cucumber.datatable.DataTable)[39m
      | Date            | Type | Amount |
      | 01 January 2024 | AM   | 0.03   |
      | 02 January 2024 | AM   | 0.04   |
      | 03 January 2024 | AM   | 0.03   |
      | 04 January 2024 | AM   | 0.03   |
      | 05 January 2024 | AM   | 0.04   |
      | 06 January 2024 | AM   | 0.03   |
      | 07 January 2024 | AM   | 0.03   |
      | 08 January 2024 | AM   | 0.04   |
      | 09 January 2024 | AM   | 0.03   |
      | 10 January 2024 | AM   | 0.03   |
      | 11 January 2024 | AM   | 0.04   |
      | 12 January 2024 | AM   | 0.03   |
      | 13 January 2024 | AM   | 0.03   |
      | 14 January 2024 | AM   | 0.04   |
  [32m✔[39m [32m[1mAnd [22mBuy down fee by external-id contains the following data:[39m                                                                                    [90m# org.apache.fineract.test.stepdef.loan.LoanStepDef.checkBuyDownFeeByExternalIdData(io.cucumber.datatable.DataTable)[39m
      | Date            | Fee Amount | Amortized Amount | Not Yet Amortized Amount | Adjusted Amount | Charged Off Amount |
      | 01 January 2024 | 1.0        | 0.47             | 0.53                     | 0.0             | 0.0                |
  [32m✔[39m [32m[1mAnd [22mAdmin adds buy down fee adjustment with [1m"AUTOPAY"[22m payment type to the loan on [1m"15 January 2024"[22m with [1m"0.7"[22m EUR transaction amount[39m           [90m# org.apache.fineract.test.stepdef.loan.LoanStepDef.adminAddsBuyDownFeesAdjustmentToTheLoan(java.lang.String,java.lang.String,java.lang.String)[39m
  [32m✔[39m [32m[1mWhen [22mAdmin sets the business date to [1m"16 January 2024"[22m[39m                                                                                          [90m# org.apache.fineract.test.stepdef.common.BusinessDateStepDef.setBusinessDate(java.lang.String)[39m
  [32m✔[39m [32m[1mAnd [22mAdmin runs inline COB job for Loan[39m                                                                                                          [90m# org.apache.fineract.test.stepdef.loan.InlineCOBStepDef.runInlineCOB()[39m
  [32m✔[39m [32m[1mAnd [22mLoan Amortization Allocation Mapping for [1m"BUY_DOWN_FEE"[22m transaction created on [1m"01 January 2024"[22m contains the following data:[39m               [90m# org.apache.fineract.test.stepdef.loan.LoanStepDef.checkLoanAmortizationAllocationMapping(java.lang.String,java.lang.String,io.cucumber.datatable.DataTable)[39m
      | Date            | Type   | Amount |
      | 01 January 2024 | AM     | 0.03   |
      | 02 January 2024 | AM     | 0.04   |
      | 03 January 2024 | AM     | 0.03   |
      | 04 January 2024 | AM     | 0.03   |
      | 05 January 2024 | AM     | 0.04   |
      | 06 January 2024 | AM     | 0.03   |
      | 07 January 2024 | AM     | 0.03   |
      | 08 January 2024 | AM     | 0.04   |
      | 09 January 2024 | AM     | 0.03   |
      | 10 January 2024 | AM     | 0.03   |
      | 11 January 2024 | AM     | 0.04   |
      | 12 January 2024 | AM     | 0.03   |
      | 13 January 2024 | AM     | 0.03   |
      | 14 January 2024 | AM     | 0.04   |
      | 15 January 2024 | AM_ADJ | 0.17   |
  [32m✔[39m [32m[1mAnd [22mBuy down fee by external-id contains the following data:[39m                                                                                    [90m# org.apache.fineract.test.stepdef.loan.LoanStepDef.checkBuyDownFeeByExternalIdData(io.cucumber.datatable.DataTable)[39m
      | Date            | Fee Amount | Amortized Amount | Not Yet Amortized Amount | Adjusted Amount | Charged Off Amount |
      | 01 January 2024 | 1.0        | 0.3              | 0.0                      | 0.7             | 0.0                |
  [32m✔[39m [32m[1mWhen [22mAdmin sets the business date to [1m"25 January 2024"[22m[39m                                                                                          [90m# org.apache.fineract.test.stepdef.common.BusinessDateStepDef.setBusinessDate(java.lang.String)[39m
  [32m✔[39m [32m[1mAnd [22mAdmin runs inline COB job for Loan[39m                                                                                                          [90m# org.apache.fineract.test.stepdef.loan.InlineCOBStepDef.runInlineCOB()[39m
  [32m✔[39m [32m[1mAnd [22mLoan Amortization Allocation Mapping for [1m"BUY_DOWN_FEE"[22m transaction created on [1m"01 January 2024"[22m contains the following data:[39m               [90m# org.apache.fineract.test.stepdef.loan.LoanStepDef.checkLoanAmortizationAllocationMapping(java.lang.String,java.lang.String,io.cucumber.datatable.DataTable)[39m
      | Date            | Type   | Amount |
      | 01 January 2024 | AM     | 0.03   |
      | 02 January 2024 | AM     | 0.04   |
      | 03 January 2024 | AM     | 0.03   |
      | 04 January 2024 | AM     | 0.03   |
      | 05 January 2024 | AM     | 0.04   |
      | 06 January 2024 | AM     | 0.03   |
      | 07 January 2024 | AM     | 0.03   |
      | 08 January 2024 | AM     | 0.04   |
      | 09 January 2024 | AM     | 0.03   |
      | 10 January 2024 | AM     | 0.03   |
      | 11 January 2024 | AM     | 0.04   |
      | 12 January 2024 | AM     | 0.03   |
      | 13 January 2024 | AM     | 0.03   |
      | 14 January 2024 | AM     | 0.04   |
      | 15 January 2024 | AM_ADJ | 0.17   |
  [32m✔[39m [32m[1mAnd [22mBuy down fee by external-id contains the following data:[39m                                                                                    [90m# org.apache.fineract.test.stepdef.loan.LoanStepDef.checkBuyDownFeeByExternalIdData(io.cucumber.datatable.DataTable)[39m
      | Date            | Fee Amount | Amortized Amount | Not Yet Amortized Amount | Adjusted Amount | Charged Off Amount |
      | 01 January 2024 | 1.0        | 0.3              | 0.0                      | 0.7             | 0.0                |
  [32m✔[39m [32m[1mWhen [22mLoan Pay-off is made on [1m"25 January 2024"[22m[39m                                                                                                  [90m# org.apache.fineract.test.stepdef.loan.LoanRepaymentStepDef.makeLoanPayOff(java.lang.String)[39m
  [32m✔[39m [32m[1mThen [22mLoan is closed with zero outstanding balance and it's all installments have obligations met[39m                                                [90m# org.apache.fineract.test.stepdef.loan.LoanStepDef.loanClosedAndInstallmentsObligationsMet()[39m

@BuyDownFeeFeature @TestRailId:C4043
[1mScenario:[22m Verify Buy Down Fee amortization allocation mapping when after buy down fee adjustment and charge-off                           [90m# fineract-e2e-tests-runner/src/test/resources/features/LoanBuyDownFees.feature:3670[39m
  [32m✔[39m [32m[1mWhen [22mAdmin sets the business date to [1m"1 January 2024"[22m[39m                                                                                 [90m# org.apache.fineract.test.stepdef.common.BusinessDateStepDef.setBusinessDate(java.lang.String)[39m
  [32m✔[39m [32m[1mAnd [22mAdmin creates a client with random data[39m                                                                                           [90m# org.apache.fineract.test.stepdef.common.ClientStepDef.createClientRandomFirstNameLastName()[39m
  [32m✔[39m [32m[1mWhen [22mAdmin creates a fully customized loan with the following data:[39m                                                                   [90m# org.apache.fineract.test.stepdef.loan.LoanStepDef.createFullyCustomizedLoan(io.cucumber.datatable.DataTable)[39m
      | LoanProduct                                              | submitted on date | with Principal | ANNUAL interest rate % | interest type     | interest calculation period | amortization type  | loanTermFrequency | loanTermFrequencyType | repaymentEvery | repaymentFrequencyType | numberOfRepayments | graceOnPrincipalPayment | graceOnInterestPayment | interest free period | Payment strategy            |
      | LP2_PROGRESSIVE_ADVANCED_PAYMENT_ALLOCATION_BUYDOWN_FEES | 01 January 2024   | 100            | 7                      | DECLINING_BALANCE | DAILY                       | EQUAL_INSTALLMENTS | 30                | DAYS                  | 1              | DAYS                   | 30                 | 0                       | 0                      | 0                    | ADVANCED_PAYMENT_ALLOCATION |
  [32m✔[39m [32m[1mAnd [22mAdmin successfully approves the loan on [1m"1 January 2024"[22m with [1m"100"[22m amount and expected disbursement date on [1m"1 January 2024"[22m[39m     [90m# org.apache.fineract.test.stepdef.loan.LoanStepDef.approveLoan(java.lang.String,java.lang.String,java.lang.String)[39m
  [32m✔[39m [32m[1mAnd [22mAdmin successfully disburse the loan on [1m"1 January 2024"[22m with [1m"100"[22m EUR transaction amount[39m                                        [90m# org.apache.fineract.test.stepdef.loan.LoanStepDef.disburseLoan(java.lang.String,java.lang.String)[39m
  [32m✔[39m [32m[1mThen [22mLoan status will be [1m"ACTIVE"[22m[39m                                                                                                     [90m# org.apache.fineract.test.stepdef.loan.LoanStepDef.loanStatus(java.lang.String)[39m
  [32m✔[39m [32m[1mAnd [22mAdmin runs inline COB job for Loan[39m                                                                                                [90m# org.apache.fineract.test.stepdef.loan.InlineCOBStepDef.runInlineCOB()[39m
  [32m✔[39m [32m[1mAnd [22mAdmin adds buy down fee with [1m"AUTOPAY"[22m payment type to the loan on [1m"1 January 2024"[22m with [1m"1"[22m EUR transaction amount[39m               [90m# org.apache.fineract.test.stepdef.loan.LoanStepDef.adminAddsBuyDownFeesToTheLoanOnWithEURTransactionAmount(java.lang.String,java.lang.String,java.lang.String)[39m
  [32m✔[39m [32m[1mThen [22mLoan Transactions tab has the following data:[39m                                                                                    [90m# org.apache.fineract.test.stepdef.loan.LoanStepDef.loanTransactionsTabCheck(io.cucumber.datatable.DataTable)[39m
      | Transaction date | Transaction Type | Amount | Principal | Interest | Fees | Penalties | Loan Balance | Reverted |
      | 01 January 2024  | Disbursement     | 100.0  | 0.0       | 0.0      | 0.0  | 0.0       | 100.0        | false    |
      | 01 January 2024  | Buy Down Fee     | 1.0    | 0.0       | 1.0      | 0.0  | 0.0       | 0.0          | false    |
  [32m✔[39m [32m[1mWhen [22mAdmin sets the business date to [1m"15 January 2024"[22m[39m                                                                                [90m# org.apache.fineract.test.stepdef.common.BusinessDateStepDef.setBusinessDate(java.lang.String)[39m
  [32m✔[39m [32m[1mAnd [22mAdmin runs inline COB job for Loan[39m                                                                                                [90m# org.apache.fineract.test.stepdef.loan.InlineCOBStepDef.runInlineCOB()[39m
  [32m✔[39m [32m[1mAnd [22mAdmin adds buy down fee adjustment with [1m"AUTOPAY"[22m payment type to the loan on [1m"15 January 2024"[22m with [1m"0.3"[22m EUR transaction amount[39m [90m# org.apache.fineract.test.stepdef.loan.LoanStepDef.adminAddsBuyDownFeesAdjustmentToTheLoan(java.lang.String,java.lang.String,java.lang.String)[39m
  [32m✔[39m [32m[1mWhen [22mAdmin sets the business date to [1m"16 January 2024"[22m[39m                                                                                [90m# org.apache.fineract.test.stepdef.common.BusinessDateStepDef.setBusinessDate(java.lang.String)[39m
  [32m✔[39m [32m[1mAnd [22mAdmin runs inline COB job for Loan[39m                                                                                                [90m# org.apache.fineract.test.stepdef.loan.InlineCOBStepDef.runInlineCOB()[39m
  [32m✔[39m [32m[1mThen [22mLoan Transactions tab has the following data:[39m                                                                                    [90m# org.apache.fineract.test.stepdef.loan.LoanStepDef.loanTransactionsTabCheck(io.cucumber.datatable.DataTable)[39m
      | Transaction date | Transaction Type          | Amount | Principal | Interest | Fees | Penalties | Loan Balance | Reverted |
      | 01 January 2024  | Disbursement              | 100.0  | 0.0       | 0.0      | 0.0  | 0.0       | 100.0        | false    |
      | 01 January 2024  | Buy Down Fee              | 1.0    | 0.0       | 1.0      | 0.0  | 0.0       | 0.0          | false    |
      | 01 January 2024  | Buy Down Fee Amortization | 0.03   | 0.0       | 0.03     | 0.0  | 0.0       | 0.0          | false    |
      | 02 January 2024  | Accrual                   | 0.02   | 0.0       | 0.02     | 0.0  | 0.0       | 0.0          | false    |
      | 02 January 2024  | Buy Down Fee Amortization | 0.04   | 0.0       | 0.04     | 0.0  | 0.0       | 0.0          | false    |
      | 03 January 2024  | Accrual                   | 0.02   | 0.0       | 0.02     | 0.0  | 0.0       | 0.0          | false    |
      | 03 January 2024  | Buy Down Fee Amortization | 0.03   | 0.0       | 0.03     | 0.0  | 0.0       | 0.0          | false    |
      | 04 January 2024  | Accrual                   | 0.02   | 0.0       | 0.02     | 0.0  | 0.0       | 0.0          | false    |
      | 04 January 2024  | Buy Down Fee Amortization | 0.03   | 0.0       | 0.03     | 0.0  | 0.0       | 0.0          | false    |
      | 05 January 2024  | Accrual                   | 0.02   | 0.0       | 0.02     | 0.0  | 0.0       | 0.0          | false    |
      | 05 January 2024  | Buy Down Fee Amortization | 0.04   | 0.0       | 0.04     | 0.0  | 0.0       | 0.0          | false    |
      | 06 January 2024  | Accrual                   | 0.02   | 0.0       | 0.02     | 0.0  | 0.0       | 0.0          | false    |
      | 06 January 2024  | Buy Down Fee Amortization | 0.03   | 0.0       | 0.03     | 0.0  | 0.0       | 0.0          | false    |
      | 07 January 2024  | Accrual                   | 0.02   | 0.0       | 0.02     | 0.0  | 0.0       | 0.0          | false    |
      | 07 January 2024  | Buy Down Fee Amortization | 0.03   | 0.0       | 0.03     | 0.0  | 0.0       | 0.0          | false    |
      | 08 January 2024  | Accrual                   | 0.02   | 0.0       | 0.02     | 0.0  | 0.0       | 0.0          | false    |
      | 08 January 2024  | Buy Down Fee Amortization | 0.04   | 0.0       | 0.04     | 0.0  | 0.0       | 0.0          | false    |
      | 09 January 2024  | Accrual                   | 0.02   | 0.0       | 0.02     | 0.0  | 0.0       | 0.0          | false    |
      | 09 January 2024  | Buy Down Fee Amortization | 0.03   | 0.0       | 0.03     | 0.0  | 0.0       | 0.0          | false    |
      | 10 January 2024  | Accrual                   | 0.02   | 0.0       | 0.02     | 0.0  | 0.0       | 0.0          | false    |
      | 10 January 2024  | Buy Down Fee Amortization | 0.03   | 0.0       | 0.03     | 0.0  | 0.0       | 0.0          | false    |
      | 11 January 2024  | Accrual                   | 0.02   | 0.0       | 0.02     | 0.0  | 0.0       | 0.0          | false    |
      | 11 January 2024  | Buy Down Fee Amortization | 0.04   | 0.0       | 0.04     | 0.0  | 0.0       | 0.0          | false    |
      | 12 January 2024  | Accrual                   | 0.02   | 0.0       | 0.02     | 0.0  | 0.0       | 0.0          | false    |
      | 12 January 2024  | Buy Down Fee Amortization | 0.03   | 0.0       | 0.03     | 0.0  | 0.0       | 0.0          | false    |
      | 13 January 2024  | Accrual                   | 0.02   | 0.0       | 0.02     | 0.0  | 0.0       | 0.0          | false    |
      | 13 January 2024  | Buy Down Fee Amortization | 0.03   | 0.0       | 0.03     | 0.0  | 0.0       | 0.0          | false    |
      | 14 January 2024  | Accrual                   | 0.02   | 0.0       | 0.02     | 0.0  | 0.0       | 0.0          | false    |
      | 14 January 2024  | Buy Down Fee Amortization | 0.04   | 0.0       | 0.04     | 0.0  | 0.0       | 0.0          | false    |
      | 15 January 2024  | Buy Down Fee Adjustment   | 0.3    | 0.0       | 0.3      | 0.0  | 0.0       | 0.0          | false    |
      | 15 January 2024  | Accrual                   | 0.02   | 0.0       | 0.02     | 0.0  | 0.0       | 0.0          | false    |
      | 15 January 2024  | Buy Down Fee Amortization | 0.01   | 0.0       | 0.01     | 0.0  | 0.0       | 0.0          | false    |
  [32m✔[39m [32m[1mAnd [22mLoan Amortization Allocation Mapping for [1m"BUY_DOWN_FEE"[22m transaction created on [1m"01 January 2024"[22m contains the following data:[39m     [90m# org.apache.fineract.test.stepdef.loan.LoanStepDef.checkLoanAmortizationAllocationMapping(java.lang.String,java.lang.String,io.cucumber.datatable.DataTable)[39m
      | Date            | Type | Amount |
      | 01 January 2024 | AM   | 0.03   |
      | 02 January 2024 | AM   | 0.04   |
      | 03 January 2024 | AM   | 0.03   |
      | 04 January 2024 | AM   | 0.03   |
      | 05 January 2024 | AM   | 0.04   |
      | 06 January 2024 | AM   | 0.03   |
      | 07 January 2024 | AM   | 0.03   |
      | 08 January 2024 | AM   | 0.04   |
      | 09 January 2024 | AM   | 0.03   |
      | 10 January 2024 | AM   | 0.03   |
      | 11 January 2024 | AM   | 0.04   |
      | 12 January 2024 | AM   | 0.03   |
      | 13 January 2024 | AM   | 0.03   |
      | 14 January 2024 | AM   | 0.04   |
      | 15 January 2024 | AM   | 0.01   |
  [32m✔[39m [32m[1mAnd [22mBuy down fee by external-id contains the following data:[39m                                                                          [90m# org.apache.fineract.test.stepdef.loan.LoanStepDef.checkBuyDownFeeByExternalIdData(io.cucumber.datatable.DataTable)[39m
      | Date            | Fee Amount | Amortized Amount | Not Yet Amortized Amount | Adjusted Amount | Charged Off Amount |
      | 01 January 2024 | 1.0        | 0.48             | 0.22                     | 0.3             | 0.0                |
  [32m✔[39m [32m[1mAnd [22mAdmin does charge-off the loan on [1m"16 January 2024"[22m[39m                                                                               [90m# org.apache.fineract.test.stepdef.loan.LoanStepDef.chargeOffLoan(java.lang.String)[39m
  [32m✔[39m [32m[1mThen [22mLoan status will be [1m"ACTIVE"[22m[39m                                                                                                     [90m# org.apache.fineract.test.stepdef.loan.LoanStepDef.loanStatus(java.lang.String)[39m
  [32m✔[39m [32m[1mAnd [22mLoan marked as charged-off on [1m"16 January 2024"[22m[39m                                                                                   [90m# org.apache.fineract.test.stepdef.loan.LoanStepDef.isLoanChargedOff(java.lang.String)[39m
  [32m✔[39m [32m[1mThen [22mLoan Transactions tab has the following data:[39m                                                                                    [90m# org.apache.fineract.test.stepdef.loan.LoanStepDef.loanTransactionsTabCheck(io.cucumber.datatable.DataTable)[39m
      | Transaction date | Transaction Type          | Amount | Principal | Interest | Fees | Penalties | Loan Balance | Reverted |
      | 01 January 2024  | Disbursement              | 100.0  | 0.0       | 0.0      | 0.0  | 0.0       | 100.0        | false    |
      | 01 January 2024  | Buy Down Fee              | 1.0    | 0.0       | 1.0      | 0.0  | 0.0       | 0.0          | false    |
      | 01 January 2024  | Buy Down Fee Amortization | 0.03   | 0.0       | 0.03     | 0.0  | 0.0       | 0.0          | false    |
      | 02 January 2024  | Accrual                   | 0.02   | 0.0       | 0.02     | 0.0  | 0.0       | 0.0          | false    |
      | 02 January 2024  | Buy Down Fee Amortization | 0.04   | 0.0       | 0.04     | 0.0  | 0.0       | 0.0          | false    |
      | 03 January 2024  | Accrual                   | 0.02   | 0.0       | 0.02     | 0.0  | 0.0       | 0.0          | false    |
      | 03 January 2024  | Buy Down Fee Amortization | 0.03   | 0.0       | 0.03     | 0.0  | 0.0       | 0.0          | false    |
      | 04 January 2024  | Accrual                   | 0.02   | 0.0       | 0.02     | 0.0  | 0.0       | 0.0          | false    |
      | 04 January 2024  | Buy Down Fee Amortization | 0.03   | 0.0       | 0.03     | 0.0  | 0.0       | 0.0          | false    |
      | 05 January 2024  | Accrual                   | 0.02   | 0.0       | 0.02     | 0.0  | 0.0       | 0.0          | false    |
      | 05 January 2024  | Buy Down Fee Amortization | 0.04   | 0.0       | 0.04     | 0.0  | 0.0       | 0.0          | false    |
      | 06 January 2024  | Accrual                   | 0.02   | 0.0       | 0.02     | 0.0  | 0.0       | 0.0          | false    |
      | 06 January 2024  | Buy Down Fee Amortization | 0.03   | 0.0       | 0.03     | 0.0  | 0.0       | 0.0          | false    |
      | 07 January 2024  | Accrual                   | 0.02   | 0.0       | 0.02     | 0.0  | 0.0       | 0.0          | false    |
      | 07 January 2024  | Buy Down Fee Amortization | 0.03   | 0.0       | 0.03     | 0.0  | 0.0       | 0.0          | false    |
      | 08 January 2024  | Accrual                   | 0.02   | 0.0       | 0.02     | 0.0  | 0.0       | 0.0          | false    |
      | 08 January 2024  | Buy Down Fee Amortization | 0.04   | 0.0       | 0.04     | 0.0  | 0.0       | 0.0          | false    |
      | 09 January 2024  | Accrual                   | 0.02   | 0.0       | 0.02     | 0.0  | 0.0       | 0.0          | false    |
      | 09 January 2024  | Buy Down Fee Amortization | 0.03   | 0.0       | 0.03     | 0.0  | 0.0       | 0.0          | false    |
      | 10 January 2024  | Accrual                   | 0.02   | 0.0       | 0.02     | 0.0  | 0.0       | 0.0          | false    |
      | 10 January 2024  | Buy Down Fee Amortization | 0.03   | 0.0       | 0.03     | 0.0  | 0.0       | 0.0          | false    |
      | 11 January 2024  | Accrual                   | 0.02   | 0.0       | 0.02     | 0.0  | 0.0       | 0.0          | false    |
      | 11 January 2024  | Buy Down Fee Amortization | 0.04   | 0.0       | 0.04     | 0.0  | 0.0       | 0.0          | false    |
      | 12 January 2024  | Accrual                   | 0.02   | 0.0       | 0.02     | 0.0  | 0.0       | 0.0          | false    |
      | 12 January 2024  | Buy Down Fee Amortization | 0.03   | 0.0       | 0.03     | 0.0  | 0.0       | 0.0          | false    |
      | 13 January 2024  | Accrual                   | 0.02   | 0.0       | 0.02     | 0.0  | 0.0       | 0.0          | false    |
      | 13 January 2024  | Buy Down Fee Amortization | 0.03   | 0.0       | 0.03     | 0.0  | 0.0       | 0.0          | false    |
      | 14 January 2024  | Accrual                   | 0.02   | 0.0       | 0.02     | 0.0  | 0.0       | 0.0          | false    |
      | 14 January 2024  | Buy Down Fee Amortization | 0.04   | 0.0       | 0.04     | 0.0  | 0.0       | 0.0          | false    |
      | 15 January 2024  | Buy Down Fee Adjustment   | 0.3    | 0.0       | 0.3      | 0.0  | 0.0       | 0.0          | false    |
      | 15 January 2024  | Accrual                   | 0.02   | 0.0       | 0.02     | 0.0  | 0.0       | 0.0          | false    |
      | 15 January 2024  | Buy Down Fee Amortization | 0.01   | 0.0       | 0.01     | 0.0  | 0.0       | 0.0          | false    |
      | 16 January 2024  | Accrual                   | 0.02   | 0.0       | 0.02     | 0.0  | 0.0       | 0.0          | false    |
      | 16 January 2024  | Buy Down Fee Amortization | 0.02   | 0.0       | 0.02     | 0.0  | 0.0       | 0.0          | false    |
      | 16 January 2024  | Charge-off                | 100.38 | 100.0     | 0.38     | 0.0  | 0.0       | 0.0          | false    |
      | 16 January 2024  | Buy Down Fee Amortization | 0.2    | 0.0       | 0.2      | 0.0  | 0.0       | 0.0          | false    |
  [32m✔[39m [32m[1mAnd [22mLoan Amortization Allocation Mapping for [1m"BUY_DOWN_FEE"[22m transaction created on [1m"01 January 2024"[22m contains the following data:[39m     [90m# org.apache.fineract.test.stepdef.loan.LoanStepDef.checkLoanAmortizationAllocationMapping(java.lang.String,java.lang.String,io.cucumber.datatable.DataTable)[39m
      | Date            | Type | Amount |
      | 01 January 2024 | AM   | 0.03   |
      | 02 January 2024 | AM   | 0.04   |
      | 03 January 2024 | AM   | 0.03   |
      | 04 January 2024 | AM   | 0.03   |
      | 05 January 2024 | AM   | 0.04   |
      | 06 January 2024 | AM   | 0.03   |
      | 07 January 2024 | AM   | 0.03   |
      | 08 January 2024 | AM   | 0.04   |
      | 09 January 2024 | AM   | 0.03   |
      | 10 January 2024 | AM   | 0.03   |
      | 11 January 2024 | AM   | 0.04   |
      | 12 January 2024 | AM   | 0.03   |
      | 13 January 2024 | AM   | 0.03   |
      | 14 January 2024 | AM   | 0.04   |
      | 15 January 2024 | AM   | 0.01   |
      | 16 January 2024 | AM   | 0.02   |
      | 16 January 2024 | AM   | 0.2    |
  [32m✔[39m [32m[1mAnd [22mBuy down fee by external-id contains the following data:[39m                                                                          [90m# org.apache.fineract.test.stepdef.loan.LoanStepDef.checkBuyDownFeeByExternalIdData(io.cucumber.datatable.DataTable)[39m
      | Date            | Fee Amount | Amortized Amount | Not Yet Amortized Amount | Adjusted Amount | Charged Off Amount |
      | 01 January 2024 | 1.0        | 0.5              | 0.0                      | 0.3             | 0.2                |
  [32m✔[39m [32m[1mWhen [22mLoan Pay-off is made on [1m"16 January 2024"[22m[39m                                                                                        [90m# org.apache.fineract.test.stepdef.loan.LoanRepaymentStepDef.makeLoanPayOff(java.lang.String)[39m
  [32m✔[39m [32m[1mThen [22mLoan is closed with zero outstanding balance and it's all installments have obligations met[39m                                      [90m# org.apache.fineract.test.stepdef.loan.LoanStepDef.loanClosedAndInstallmentsObligationsMet()[39m

@BuyDownFeeFeature @TestRailId:C4092
[1mScenario:[22m Verify GL entries for Buydown Fee Amortization - UC1: Amortization for Buydown fee with NO classification rule                         [90m# fineract-e2e-tests-runner/src/test/resources/features/LoanBuyDownFees.feature:3812[39m
  [32m✔[39m [32m[1mWhen [22mAdmin sets the business date to [1m"01 January 2024"[22m[39m                                                                                       [90m# org.apache.fineract.test.stepdef.common.BusinessDateStepDef.setBusinessDate(java.lang.String)[39m
  [32m✔[39m [32m[1mAnd [22mAdmin creates a client with random data[39m                                                                                                  [90m# org.apache.fineract.test.stepdef.common.ClientStepDef.createClientRandomFirstNameLastName()[39m
  [32m✔[39m [32m[1mAnd [22mAdmin creates a fully customized loan with the following data:[39m                                                                           [90m# org.apache.fineract.test.stepdef.loan.LoanStepDef.createFullyCustomizedLoan(io.cucumber.datatable.DataTable)[39m
      | LoanProduct                                                                        | submitted on date | with Principal | ANNUAL interest rate % | interest type     | interest calculation period | amortization type  | loanTermFrequency | loanTermFrequencyType | repaymentEvery | repaymentFrequencyType | numberOfRepayments | graceOnPrincipalPayment | graceOnInterestPayment | interest free period | Payment strategy            |
      | LP2_PROGRESSIVE_ADVANCED_PAYMENT_ALLOCATION_BUYDOWN_FEES_CLASSIFICATION_INCOME_MAP | 01 January 2024   | 350            | 7                      | DECLINING_BALANCE | DAILY                       | EQUAL_INSTALLMENTS | 3                 | MONTHS                | 1              | MONTHS                 | 3                  | 0                       | 0                      | 0                    | ADVANCED_PAYMENT_ALLOCATION |
  [32m✔[39m [32m[1mAnd [22mAdmin successfully approves the loan on [1m"01 January 2024"[22m with [1m"350"[22m amount and expected disbursement date on [1m"01 January 2024"[22m[39m          [90m# org.apache.fineract.test.stepdef.loan.LoanStepDef.approveLoan(java.lang.String,java.lang.String,java.lang.String)[39m
  [32m✔[39m [32m[1mAnd [22mAdmin successfully disburse the loan on [1m"01 January 2024"[22m with [1m"100"[22m EUR transaction amount[39m                                              [90m# org.apache.fineract.test.stepdef.loan.LoanStepDef.disburseLoan(java.lang.String,java.lang.String)[39m
  [32m✔[39m [32m[1mAnd [22mAdmin adds buy down fee with [1m"AUTOPAY"[22m payment type to the loan on [1m"01 January 2024"[22m with [1m"50"[22m EUR transaction amount[39m                    [90m# org.apache.fineract.test.stepdef.loan.LoanStepDef.adminAddsBuyDownFeesToTheLoanOnWithEURTransactionAmount(java.lang.String,java.lang.String,java.lang.String)[39m
  [32m✔[39m [32m[1mAnd [22mAdmin sets the business date to [1m"02 January 2024"[22m[39m                                                                                        [90m# org.apache.fineract.test.stepdef.common.BusinessDateStepDef.setBusinessDate(java.lang.String)[39m
  [32m✔[39m [32m[1mAnd [22mAdmin runs inline COB job for Loan[39m                                                                                                       [90m# org.apache.fineract.test.stepdef.loan.InlineCOBStepDef.runInlineCOB()[39m
  [32m✔[39m [32m[1mThen [22mLoan Transactions tab has a [1m"BUY_DOWN_FEE"[22m transaction with date [1m"01 January 2024"[22m which has the following Journal entries:[39m             [90m# org.apache.fineract.test.stepdef.common.JournalEntriesStepDef.journalEntryDataCheck(java.lang.String,java.lang.String,io.cucumber.datatable.DataTable)[39m
      | Type      | Account code | Account name                | Debit | Credit |
      | EXPENSE   | 450280       | Buy Down Expense            | 50.0  |        |
      | LIABILITY | 145024       | Deferred Capitalized Income |       | 50.0   |
  [32m✔[39m [32m[1mAnd [22mLoan Transactions tab has a [1m"BUY_DOWN_FEE_AMORTIZATION"[22m transaction with date [1m"01 January 2024"[22m which has the following Journal entries:[39m [90m# org.apache.fineract.test.stepdef.common.JournalEntriesStepDef.journalEntryDataCheck(java.lang.String,java.lang.String,io.cucumber.datatable.DataTable)[39m
      | Type      | Account code | Account name                | Debit | Credit |
      | INCOME    | 450281       | Income From Buy Down        |       | 0.55   |
      | LIABILITY | 145024       | Deferred Capitalized Income | 0.55  |        |
  [32m✔[39m [32m[1mWhen [22mLoan Pay-off is made on [1m"02 January 2024"[22m[39m                                                                                               [90m# org.apache.fineract.test.stepdef.loan.LoanRepaymentStepDef.makeLoanPayOff(java.lang.String)[39m
  [32m✔[39m [32m[1mThen [22mLoan is closed with zero outstanding balance and it's all installments have obligations met[39m                                             [90m# org.apache.fineract.test.stepdef.loan.LoanStepDef.loanClosedAndInstallmentsObligationsMet()[39m

@BuyDownFeeFeature @TestRailId:C4093
[1mScenario:[22m Verify GL entries for Buydown Fee Amortization - UC2: Amortization for Buydown fee with classification rule: pending_bankruptcy                                                        [90m# fineract-e2e-tests-runner/src/test/resources/features/LoanBuyDownFees.feature:3836[39m
  [32m✔[39m [32m[1mWhen [22mAdmin sets the business date to [1m"01 January 2024"[22m[39m                                                                                                                                       [90m# org.apache.fineract.test.stepdef.common.BusinessDateStepDef.setBusinessDate(java.lang.String)[39m
  [32m✔[39m [32m[1mAnd [22mAdmin creates a client with random data[39m                                                                                                                                                  [90m# org.apache.fineract.test.stepdef.common.ClientStepDef.createClientRandomFirstNameLastName()[39m
  [32m✔[39m [32m[1mWhen [22mAdmin creates a fully customized loan with the following data:[39m                                                                                                                          [90m# org.apache.fineract.test.stepdef.loan.LoanStepDef.createFullyCustomizedLoan(io.cucumber.datatable.DataTable)[39m
      | LoanProduct                                                                        | submitted on date | with Principal | ANNUAL interest rate % | interest type     | interest calculation period | amortization type  | loanTermFrequency | loanTermFrequencyType | repaymentEvery | repaymentFrequencyType | numberOfRepayments | graceOnPrincipalPayment | graceOnInterestPayment | interest free period | Payment strategy            |
      | LP2_PROGRESSIVE_ADVANCED_PAYMENT_ALLOCATION_BUYDOWN_FEES_CLASSIFICATION_INCOME_MAP | 01 January 2024   | 350            | 7                      | DECLINING_BALANCE | DAILY                       | EQUAL_INSTALLMENTS | 3                 | MONTHS                | 1              | MONTHS                 | 3                  | 0                       | 0                      | 0                    | ADVANCED_PAYMENT_ALLOCATION |
  [32m✔[39m [32m[1mAnd [22mAdmin successfully approves the loan on [1m"01 January 2024"[22m with [1m"350"[22m amount and expected disbursement date on [1m"01 January 2024"[22m[39m                                                          [90m# org.apache.fineract.test.stepdef.loan.LoanStepDef.approveLoan(java.lang.String,java.lang.String,java.lang.String)[39m
  [32m✔[39m [32m[1mAnd [22mAdmin successfully disburse the loan on [1m"01 January 2024"[22m with [1m"100"[22m EUR transaction amount[39m                                                                                              [90m# org.apache.fineract.test.stepdef.loan.LoanStepDef.disburseLoan(java.lang.String,java.lang.String)[39m
  [32m✔[39m [32m[1mWhen [22mAdmin adds buy down fee with [1m"AUTOPAY"[22m payment type to the loan on [1m"01 January 2024"[22m with [1m"50"[22m EUR transaction amount and [1m"buydown_fee_transaction_classification_value"[22m classification[39m [90m# org.apache.fineract.test.stepdef.loan.LoanStepDef.adminAddsBuyDownFeeWithClassification(java.lang.String,java.lang.String,java.lang.String,java.lang.String)[39m
  [32m✔[39m [32m[1mAnd [22mAdmin sets the business date to [1m"02 January 2024"[22m[39m                                                                                                                                        [90m# org.apache.fineract.test.stepdef.common.BusinessDateStepDef.setBusinessDate(java.lang.String)[39m
  [32m✔[39m [32m[1mAnd [22mAdmin runs inline COB job for Loan[39m                                                                                                                                                       [90m# org.apache.fineract.test.stepdef.loan.InlineCOBStepDef.runInlineCOB()[39m
  [32m✔[39m [32m[1mThen [22mLoan Transactions tab has a [1m"BUY_DOWN_FEE"[22m transaction with date [1m"01 January 2024"[22m which has the following Journal entries:[39m                                                             [90m# org.apache.fineract.test.stepdef.common.JournalEntriesStepDef.journalEntryDataCheck(java.lang.String,java.lang.String,io.cucumber.datatable.DataTable)[39m
      | Type      | Account code | Account name                | Debit | Credit |
      | EXPENSE   | 450280       | Buy Down Expense            | 50.0  |        |
      | LIABILITY | 145024       | Deferred Capitalized Income |       | 50.0   |
  [32m✔[39m [32m[1mAnd [22mLoan Transactions tab has a [1m"BUY_DOWN_FEE_AMORTIZATION"[22m transaction with date [1m"01 January 2024"[22m which has the following Journal entries:[39m                                                 [90m# org.apache.fineract.test.stepdef.common.JournalEntriesStepDef.journalEntryDataCheck(java.lang.String,java.lang.String,io.cucumber.datatable.DataTable)[39m
      | Type      | Account code | Account name                | Debit | Credit |
      | INCOME    | 404007       | Fee Income                  |       | 0.55   |
      | LIABILITY | 145024       | Deferred Capitalized Income | 0.55  |        |
  [32m✔[39m [32m[1mWhen [22mLoan Pay-off is made on [1m"02 January 2024"[22m[39m                                                                                                                                               [90m# org.apache.fineract.test.stepdef.loan.LoanRepaymentStepDef.makeLoanPayOff(java.lang.String)[39m
  [32m✔[39m [32m[1mThen [22mLoan is closed with zero outstanding balance and it's all installments have obligations met[39m                                                                                             [90m# org.apache.fineract.test.stepdef.loan.LoanStepDef.loanClosedAndInstallmentsObligationsMet()[39m

@BuyDownFeeFeature @TestRailId:C4094
[1mScenario:[22m Verify GL entries for Buydown Fee Amortization - UC3: Amortization for Buydown fees with NO classification and with classification rule: pending_bankruptcy                            [90m# fineract-e2e-tests-runner/src/test/resources/features/LoanBuyDownFees.feature:3860[39m
  [32m✔[39m [32m[1mWhen [22mAdmin sets the business date to [1m"01 January 2024"[22m[39m                                                                                                                                       [90m# org.apache.fineract.test.stepdef.common.BusinessDateStepDef.setBusinessDate(java.lang.String)[39m
  [32m✔[39m [32m[1mAnd [22mAdmin creates a client with random data[39m                                                                                                                                                  [90m# org.apache.fineract.test.stepdef.common.ClientStepDef.createClientRandomFirstNameLastName()[39m
  [32m✔[39m [32m[1mWhen [22mAdmin creates a fully customized loan with the following data:[39m                                                                                                                          [90m# org.apache.fineract.test.stepdef.loan.LoanStepDef.createFullyCustomizedLoan(io.cucumber.datatable.DataTable)[39m
      | LoanProduct                                                                        | submitted on date | with Principal | ANNUAL interest rate % | interest type     | interest calculation period | amortization type  | loanTermFrequency | loanTermFrequencyType | repaymentEvery | repaymentFrequencyType | numberOfRepayments | graceOnPrincipalPayment | graceOnInterestPayment | interest free period | Payment strategy            |
      | LP2_PROGRESSIVE_ADVANCED_PAYMENT_ALLOCATION_BUYDOWN_FEES_CLASSIFICATION_INCOME_MAP | 01 January 2024   | 350            | 7                      | DECLINING_BALANCE | DAILY                       | EQUAL_INSTALLMENTS | 3                 | MONTHS                | 1              | MONTHS                 | 3                  | 0                       | 0                      | 0                    | ADVANCED_PAYMENT_ALLOCATION |
  [32m✔[39m [32m[1mAnd [22mAdmin successfully approves the loan on [1m"01 January 2024"[22m with [1m"350"[22m amount and expected disbursement date on [1m"01 January 2024"[22m[39m                                                          [90m# org.apache.fineract.test.stepdef.loan.LoanStepDef.approveLoan(java.lang.String,java.lang.String,java.lang.String)[39m
  [32m✔[39m [32m[1mAnd [22mAdmin successfully disburse the loan on [1m"01 January 2024"[22m with [1m"100"[22m EUR transaction amount[39m                                                                                              [90m# org.apache.fineract.test.stepdef.loan.LoanStepDef.disburseLoan(java.lang.String,java.lang.String)[39m
  [32m✔[39m [32m[1mAnd [22mAdmin adds buy down fee with [1m"AUTOPAY"[22m payment type to the loan on [1m"01 January 2024"[22m with [1m"50"[22m EUR transaction amount[39m                                                                    [90m# org.apache.fineract.test.stepdef.loan.LoanStepDef.adminAddsBuyDownFeesToTheLoanOnWithEURTransactionAmount(java.lang.String,java.lang.String,java.lang.String)[39m
  [32m✔[39m [32m[1mAnd [22mAdmin sets the business date to [1m"02 January 2024"[22m[39m                                                                                                                                        [90m# org.apache.fineract.test.stepdef.common.BusinessDateStepDef.setBusinessDate(java.lang.String)[39m
  [32m✔[39m [32m[1mAnd [22mAdmin runs inline COB job for Loan[39m                                                                                                                                                       [90m# org.apache.fineract.test.stepdef.loan.InlineCOBStepDef.runInlineCOB()[39m
  [32m✔[39m [32m[1mWhen [22mAdmin adds buy down fee with [1m"AUTOPAY"[22m payment type to the loan on [1m"02 January 2024"[22m with [1m"20"[22m EUR transaction amount and [1m"buydown_fee_transaction_classification_value"[22m classification[39m [90m# org.apache.fineract.test.stepdef.loan.LoanStepDef.adminAddsBuyDownFeeWithClassification(java.lang.String,java.lang.String,java.lang.String,java.lang.String)[39m
  [32m✔[39m [32m[1mAnd [22mAdmin sets the business date to [1m"03 January 2024"[22m[39m                                                                                                                                        [90m# org.apache.fineract.test.stepdef.common.BusinessDateStepDef.setBusinessDate(java.lang.String)[39m
  [32m✔[39m [32m[1mAnd [22mAdmin runs inline COB job for Loan[39m                                                                                                                                                       [90m# org.apache.fineract.test.stepdef.loan.InlineCOBStepDef.runInlineCOB()[39m
  [32m✔[39m [32m[1mThen [22mLoan Transactions tab has a [1m"BUY_DOWN_FEE"[22m transaction with date [1m"01 January 2024"[22m which has the following Journal entries:[39m                                                             [90m# org.apache.fineract.test.stepdef.common.JournalEntriesStepDef.journalEntryDataCheck(java.lang.String,java.lang.String,io.cucumber.datatable.DataTable)[39m
      | Type      | Account code | Account name                | Debit | Credit |
      | EXPENSE   | 450280       | Buy Down Expense            | 50.0  |        |
      | LIABILITY | 145024       | Deferred Capitalized Income |       | 50.0   |
  [32m✔[39m [32m[1mAnd [22mLoan Transactions tab has a [1m"BUY_DOWN_FEE_AMORTIZATION"[22m transaction with date [1m"01 January 2024"[22m which has the following Journal entries:[39m                                                 [90m# org.apache.fineract.test.stepdef.common.JournalEntriesStepDef.journalEntryDataCheck(java.lang.String,java.lang.String,io.cucumber.datatable.DataTable)[39m
      | Type      | Account code | Account name                | Debit | Credit |
      | INCOME    | 450281       | Income From Buy Down        |       | 0.55   |
      | LIABILITY | 145024       | Deferred Capitalized Income | 0.55  |        |
  [32m✔[39m [32m[1mAnd [22mLoan Transactions tab has a [1m"BUY_DOWN_FEE"[22m transaction with date [1m"02 January 2024"[22m which has the following Journal entries:[39m                                                              [90m# org.apache.fineract.test.stepdef.common.JournalEntriesStepDef.journalEntryDataCheck(java.lang.String,java.lang.String,io.cucumber.datatable.DataTable)[39m
      | Type      | Account code | Account name                | Debit | Credit |
      | EXPENSE   | 450280       | Buy Down Expense            | 20.0  |        |
      | LIABILITY | 145024       | Deferred Capitalized Income |       | 20.0   |
  [32m✔[39m [32m[1mAnd [22mLoan Transactions tab has a [1m"BUY_DOWN_FEE_AMORTIZATION"[22m transaction with date [1m"02 January 2024"[22m which has the following Journal entries:[39m                                                 [90m# org.apache.fineract.test.stepdef.common.JournalEntriesStepDef.journalEntryDataCheck(java.lang.String,java.lang.String,io.cucumber.datatable.DataTable)[39m
      | Type      | Account code | Account name                | Debit | Credit |
      | INCOME    | 404007       | Fee Income                  |       | 0.22   |
      | INCOME    | 450281       | Income From Buy Down        |       | 0.55   |
      | LIABILITY | 145024       | Deferred Capitalized Income | 0.77  |        |
  [32m✔[39m [32m[1mWhen [22mLoan Pay-off is made on [1m"02 January 2024"[22m[39m                                                                                                                                               [90m# org.apache.fineract.test.stepdef.loan.LoanRepaymentStepDef.makeLoanPayOff(java.lang.String)[39m
  [32m✔[39m [32m[1mThen [22mLoan is closed with zero outstanding balance and it's all installments have obligations met[39m                                                                                             [90m# org.apache.fineract.test.stepdef.loan.LoanStepDef.loanClosedAndInstallmentsObligationsMet()[39m

@BuyDownFeeFeature @TestRailId:C4116
[1mScenario:[22m Verify Buy Down Fee journal entries values when backdated new buy down fee with no classification and buy down fee adjustment for existing one with classification occurs on the same day [90m# fineract-e2e-tests-runner/src/test/resources/features/LoanBuyDownFees.feature:3896[39m
  [32m✔[39m [32m[1mWhen [22mAdmin sets the business date to [1m"01 January 2024"[22m[39m                                                                                                                                          [90m# org.apache.fineract.test.stepdef.common.BusinessDateStepDef.setBusinessDate(java.lang.String)[39m
  [32m✔[39m [32m[1mAnd [22mAdmin creates a client with random data[39m                                                                                                                                                     [90m# org.apache.fineract.test.stepdef.common.ClientStepDef.createClientRandomFirstNameLastName()[39m
  [32m✔[39m [32m[1mAnd [22mAdmin creates a fully customized loan with the following data:[39m                                                                                                                              [90m# org.apache.fineract.test.stepdef.loan.LoanStepDef.createFullyCustomizedLoan(io.cucumber.datatable.DataTable)[39m
      | LoanProduct                                                                        | submitted on date | with Principal | ANNUAL interest rate % | interest type     | interest calculation period | amortization type  | loanTermFrequency | loanTermFrequencyType | repaymentEvery | repaymentFrequencyType | numberOfRepayments | graceOnPrincipalPayment | graceOnInterestPayment | interest free period | Payment strategy            |
      | LP2_PROGRESSIVE_ADVANCED_PAYMENT_ALLOCATION_BUYDOWN_FEES_CLASSIFICATION_INCOME_MAP | 01 January 2024   | 100            | 7                      | DECLINING_BALANCE | DAILY                       | EQUAL_INSTALLMENTS | 3                 | MONTHS                | 1              | MONTHS                 | 3                  | 0                       | 0                      | 0                    | ADVANCED_PAYMENT_ALLOCATION |
  [32m✔[39m [32m[1mAnd [22mAdmin successfully approves the loan on [1m"01 January 2024"[22m with [1m"100"[22m amount and expected disbursement date on [1m"01 January 2024"[22m[39m                                                             [90m# org.apache.fineract.test.stepdef.loan.LoanStepDef.approveLoan(java.lang.String,java.lang.String,java.lang.String)[39m
  [32m✔[39m [32m[1mAnd [22mAdmin successfully disburse the loan on [1m"01 January 2024"[22m with [1m"100"[22m EUR transaction amount[39m                                                                                                 [90m# org.apache.fineract.test.stepdef.loan.LoanStepDef.disburseLoan(java.lang.String,java.lang.String)[39m
  [32m✔[39m [32m[1mThen [22mLoan status will be [1m"ACTIVE"[22m[39m                                                                                                                                                               [90m# org.apache.fineract.test.stepdef.loan.LoanStepDef.loanStatus(java.lang.String)[39m
  [32m✔[39m [32m[1mWhen [22mAdmin adds buy down fee with [1m"AUTOPAY"[22m payment type to the loan on [1m"01 January 2024"[22m with [1m"50"[22m EUR transaction amount and [1m"buydown_fee_transaction_classification_value"[22m classification[39m    [90m# org.apache.fineract.test.stepdef.loan.LoanStepDef.adminAddsBuyDownFeeWithClassification(java.lang.String,java.lang.String,java.lang.String,java.lang.String)[39m
  [32m✔[39m [32m[1mThen [22mLoan Repayment schedule has [1m3[22m periods, with the following data for periods:[39m                                                                                                                [90m# org.apache.fineract.test.stepdef.loan.LoanStepDef.loanRepaymentSchedulePeriodsCheck(int,io.cucumber.datatable.DataTable)[39m
      | Nr | Days | Date             | Paid date | Balance of loan | Principal due | Interest | Fees | Penalties | Due   | Paid | In advance | Late | Outstanding |
      |    |      | 01 January 2024  |           | 100.0           |               |          | 0.0  |           | 0.0   | 0.0  |            |      |             |
      | 1  | 31   | 01 February 2024 |           | 66.86           | 33.14         | 0.58     | 0.0  | 0.0       | 33.72 | 0.0  | 0.0        | 0.0  | 33.72       |
      | 2  | 29   | 01 March 2024    |           | 33.53           | 33.33         | 0.39     | 0.0  | 0.0       | 33.72 | 0.0  | 0.0        | 0.0  | 33.72       |
      | 3  | 31   | 01 April 2024    |           | 0.0             | 33.53         | 0.2      | 0.0  | 0.0       | 33.73 | 0.0  | 0.0        | 0.0  | 33.73       |
  [32m✔[39m [32m[1mAnd [22mLoan Repayment schedule has the following data in Total row:[39m                                                                                                                                [90m# org.apache.fineract.test.stepdef.loan.LoanStepDef.loanRepaymentScheduleAmountCheck(io.cucumber.datatable.DataTable)[39m
      | Principal due | Interest | Fees | Penalties | Due    | Paid | In advance | Late | Outstanding |
      | 100.0         | 1.17     | 0.0  | 0.0       | 101.17 | 0.0  | 0.0        | 0.0  | 101.17      |
  [32m✔[39m [32m[1mAnd [22mLoan Transactions tab has the following data:[39m                                                                                                                                               [90m# org.apache.fineract.test.stepdef.loan.LoanStepDef.loanTransactionsTabCheck(io.cucumber.datatable.DataTable)[39m
      | Transaction date | Transaction Type | Amount | Principal | Interest | Fees | Penalties | Loan Balance | Reverted |
      | 01 January 2024  | Disbursement     | 100.0  | 0.0       | 0.0      | 0.0  | 0.0       | 100.0        | false    |
      | 01 January 2024  | Buy Down Fee     | 50.0   | 0.0       | 50.0     | 0.0  | 0.0       | 0.0          | false    |
  [32m✔[39m [32m[1mAnd [22mLoan Transactions tab has a [1m"BUY_DOWN_FEE"[22m transaction with date [1m"01 January 2024"[22m which has the following Journal entries:[39m                                                                 [90m# org.apache.fineract.test.stepdef.common.JournalEntriesStepDef.journalEntryDataCheck(java.lang.String,java.lang.String,io.cucumber.datatable.DataTable)[39m
      | Type      | Account code | Account name                | Debit | Credit |
      | EXPENSE   | 450280       | Buy Down Expense            | 50.0  |        |
      | LIABILITY | 145024       | Deferred Capitalized Income |       | 50.0   |
  [32m✔[39m [32m[1mAnd [22mLoan Transactions tab has a [1m"Buy Down Fee"[22m transaction with date [1m"01 January 2024"[22m which has classification code value [1m"buydown_fee_transaction_classification_value"[22m[39m                       [90m# org.apache.fineract.test.stepdef.loan.LoanStepDef.loanTransactionHasClassification(java.lang.String,java.lang.String,java.lang.String)[39m
  [32m✔[39m [32m[1mAnd [22mBuy down fee contains the following data:[39m                                                                                                                                                   [90m# org.apache.fineract.test.stepdef.loan.LoanStepDef.checkBuyDownFeeData(io.cucumber.datatable.DataTable)[39m
      | Date            | Fee Amount | Amortized Amount | Not Yet Amortized Amount | Adjusted Amount | Charged Off Amount |
      | 01 January 2024 | 50.0       | 0.0              | 50.0                     | 0.0             | 0.0                |
  [32m✔[39m [32m[1mAnd [22mLoanBuyDownFeeTransactionCreatedBusinessEvent is created on [1m"01 January 2024"[22m[39m                                                                                                               [90m# org.apache.fineract.test.stepdef.loan.LoanStepDef.checkLoanBuyDownFeeTransactionCreatedBusinessEvent(java.lang.String)[39m
  [32m✔[39m [32m[1mAnd [22mAdmin adds buy down fee adjustment with [1m"AUTOPAY"[22m payment type to the loan on [1m"01 January 2024"[22m with [1m"25"[22m EUR transaction amount[39m                                                            [90m# org.apache.fineract.test.stepdef.loan.LoanStepDef.adminAddsBuyDownFeesAdjustmentToTheLoan(java.lang.String,java.lang.String,java.lang.String)[39m
  [32m✔[39m [32m[1mThen [22mLoan Transactions tab has the following data:[39m                                                                                                                                              [90m# org.apache.fineract.test.stepdef.loan.LoanStepDef.loanTransactionsTabCheck(io.cucumber.datatable.DataTable)[39m
      | Transaction date | Transaction Type        | Amount | Principal | Interest | Fees | Penalties | Loan Balance | Reverted | Replayed |
      | 01 January 2024  | Disbursement            | 100.0  | 0.0       | 0.0      | 0.0  | 0.0       | 100.0        | false    | false    |
      | 01 January 2024  | Buy Down Fee            | 50.0   | 0.0       | 50.0     | 0.0  | 0.0       | 0.0          | false    | false    |
      | 01 January 2024  | Buy Down Fee Adjustment | 25.0   | 0.0       | 25.0     | 0.0  | 0.0       | 0.0          | false    | false    |
  [32m✔[39m [32m[1mThen [22mLoan Transactions tab has a [1m"BUY_DOWN_FEE"[22m transaction with date [1m"01 January 2024"[22m which has the following Journal entries:[39m                                                                [90m# org.apache.fineract.test.stepdef.common.JournalEntriesStepDef.journalEntryDataCheck(java.lang.String,java.lang.String,io.cucumber.datatable.DataTable)[39m
      | Type      | Account code | Account name                | Debit | Credit |
      | EXPENSE   | 450280       | Buy Down Expense            | 50.0  |        |
      | LIABILITY | 145024       | Deferred Capitalized Income |       | 50.0   |
  [32m✔[39m [32m[1mAnd [22mLoan Transactions tab has a [1m"BUY_DOWN_FEE_ADJUSTMENT"[22m transaction with date [1m"01 January 2024"[22m which has the following Journal entries:[39m                                                      [90m# org.apache.fineract.test.stepdef.common.JournalEntriesStepDef.journalEntryDataCheck(java.lang.String,java.lang.String,io.cucumber.datatable.DataTable)[39m
      | Type      | Account code | Account name                | Debit | Credit |
      | EXPENSE   | 450280       | Buy Down Expense            |       | 25.0   |
      | LIABILITY | 145024       | Deferred Capitalized Income | 25.0  |        |
  [32m✔[39m [32m[1mWhen [22mAdmin sets the business date to [1m"15 April 2024"[22m[39m                                                                                                                                            [90m# org.apache.fineract.test.stepdef.common.BusinessDateStepDef.setBusinessDate(java.lang.String)[39m
  [32m✔[39m [32m[1mAnd [22mAdmin runs inline COB job for Loan[39m                                                                                                                                                          [90m# org.apache.fineract.test.stepdef.loan.InlineCOBStepDef.runInlineCOB()[39m
  [32m✔[39m [32m[1mThen [22mLoan Transactions tab has the following data:[39m                                                                                                                                              [90m# org.apache.fineract.test.stepdef.loan.LoanStepDef.loanTransactionsTabCheck(io.cucumber.datatable.DataTable)[39m
      | Transaction date | Transaction Type          | Amount | Principal | Interest | Fees | Penalties | Loan Balance | Reverted | Replayed |
      | 01 January 2024  | Disbursement              | 100.0  | 0.0       | 0.0      | 0.0  | 0.0       | 100.0        | false    | false    |
      | 01 January 2024  | Buy Down Fee              | 50.0   | 0.0       | 50.0     | 0.0  | 0.0       | 0.0          | false    | false    |
      | 01 January 2024  | Buy Down Fee Adjustment   | 25.0   | 0.0       | 25.0     | 0.0  | 0.0       | 0.0          | false    | false    |
      | 01 April 2024    | Accrual                   | 1.55   | 0.0       | 1.55     | 0.0  | 0.0       | 0.0          | false    | false    |
      | 14 April 2024    | Buy Down Fee Amortization | 25.0   | 0.0       | 25.0     | 0.0  | 0.0       | 0.0          | false    | false    |
  [32m✔[39m [32m[1mAnd [22mLoan Transactions tab has a [1m"BUY_DOWN_FEE_AMORTIZATION"[22m transaction with date [1m"14 April 2024"[22m which has the following Journal entries:[39m                                                      [90m# org.apache.fineract.test.stepdef.common.JournalEntriesStepDef.journalEntryDataCheck(java.lang.String,java.lang.String,io.cucumber.datatable.DataTable)[39m
      | Type      | Account code | Account name                | Debit | Credit |
      | INCOME    | 404007       | Fee Income                  |       | 25.0   |
      | LIABILITY | 145024       | Deferred Capitalized Income | 25.0  |        |
  [32m✔[39m [32m[1mAnd [22mLoan Amortization Allocation Mapping for [1m"BUY_DOWN_FEE"[22m transaction created on [1m"01 January 2024"[22m contains the following data:[39m                                                               [90m# org.apache.fineract.test.stepdef.loan.LoanStepDef.checkLoanAmortizationAllocationMapping(java.lang.String,java.lang.String,io.cucumber.datatable.DataTable)[39m
      | Date          | Type | Amount |
      | 14 April 2024 | AM   | 25.0   |
  [32m✔[39m [32m[1mAnd [22mAdmin adds buy down fee with [1m"AUTOPAY"[22m payment type to the loan on [1m"1 January 2024"[22m with [1m"30"[22m EUR transaction amount[39m                                                                        [90m# org.apache.fineract.test.stepdef.loan.LoanStepDef.adminAddsBuyDownFeesToTheLoanOnWithEURTransactionAmount(java.lang.String,java.lang.String,java.lang.String)[39m
  [32m✔[39m [32m[1mWhen [22mAdmin adds buy down fee adjustment with [1m"AUTOPAY"[22m payment type to the loan on [1m"01 January 2024"[22m with [1m"5"[22m EUR transaction amount[39m                                                            [90m# org.apache.fineract.test.stepdef.loan.LoanStepDef.adminAddsBuyDownFeesAdjustmentToTheLoan(java.lang.String,java.lang.String,java.lang.String)[39m
  [32m✔[39m [32m[1mWhen [22mAdmin sets the business date to [1m"16 April 2024"[22m[39m                                                                                                                                            [90m# org.apache.fineract.test.stepdef.common.BusinessDateStepDef.setBusinessDate(java.lang.String)[39m
  [32m✔[39m [32m[1mAnd [22mAdmin runs inline COB job for Loan[39m                                                                                                                                                          [90m# org.apache.fineract.test.stepdef.loan.InlineCOBStepDef.runInlineCOB()[39m
  [32m✔[39m [32m[1mThen [22mLoan Transactions tab has the following data:[39m                                                                                                                                              [90m# org.apache.fineract.test.stepdef.loan.LoanStepDef.loanTransactionsTabCheck(io.cucumber.datatable.DataTable)[39m
      | Transaction date | Transaction Type          | Amount | Principal | Interest | Fees | Penalties | Loan Balance | Reverted | Replayed |
      | 01 January 2024  | Disbursement              | 100.0  | 0.0       | 0.0      | 0.0  | 0.0       | 100.0        | false    | false    |
      | 01 January 2024  | Buy Down Fee              | 50.0   | 0.0       | 50.0     | 0.0  | 0.0       | 0.0          | false    | false    |
      | 01 January 2024  | Buy Down Fee Adjustment   | 25.0   | 0.0       | 25.0     | 0.0  | 0.0       | 0.0          | false    | false    |
      | 01 January 2024  | Buy Down Fee              | 30.0   | 0.0       | 30.0     | 0.0  | 0.0       | 0.0          | false    | false    |
      | 01 January 2024  | Buy Down Fee Adjustment   | 5.0    | 0.0       | 5.0      | 0.0  | 0.0       | 0.0          | false    | false    |
      | 01 April 2024    | Accrual                   | 1.55   | 0.0       | 1.55     | 0.0  | 0.0       | 0.0          | false    | false    |
      | 14 April 2024    | Buy Down Fee Amortization | 25.0   | 0.0       | 25.0     | 0.0  | 0.0       | 0.0          | false    | false    |
      | 15 April 2024    | Buy Down Fee Amortization | 25.0   | 0.0       | 25.0     | 0.0  | 0.0       | 0.0          | false    | false    |
  [32m✔[39m [32m[1mAnd [22mLoan Amortization Allocation Mapping for the [1m"1"[22mth [1m"BUY_DOWN_FEE"[22m transaction created on [1m"01 January 2024"[22m contains the following data:[39m                                                     [90m# org.apache.fineract.test.stepdef.loan.LoanStepDef.checkLoanAmortizationAllocationMapping(java.lang.String,java.lang.String,java.lang.String,io.cucumber.datatable.DataTable)[39m
      | Date          | Type   | Amount |
      | 14 April 2024 | AM     | 25.0   |
      | 15 April 2024 | AM_ADJ | 5.0    |
  [32m✔[39m [32m[1mAnd [22mLoan Amortization Allocation Mapping for the [1m"2"[22mth [1m"BUY_DOWN_FEE"[22m transaction created on [1m"01 January 2024"[22m contains the following data:[39m                                                     [90m# org.apache.fineract.test.stepdef.loan.LoanStepDef.checkLoanAmortizationAllocationMapping(java.lang.String,java.lang.String,java.lang.String,io.cucumber.datatable.DataTable)[39m
      | Date          | Type | Amount |
      | 15 April 2024 | AM   | 30.0   |
  [32m✔[39m [32m[1mAnd [22mLoan Transactions tab has a [1m"BUY_DOWN_FEE_AMORTIZATION"[22m transaction with date [1m"15 April 2024"[22m which has the following Journal entries:[39m                                                      [90m# org.apache.fineract.test.stepdef.common.JournalEntriesStepDef.journalEntryDataCheck(java.lang.String,java.lang.String,io.cucumber.datatable.DataTable)[39m
      | Type      | Account code | Account name                | Debit | Credit |
      | INCOME    | 450281       | Income From Buy Down        |       | 30.0   |
      | LIABILITY | 145024       | Deferred Capitalized Income |       | 5.0    |
      | LIABILITY | 145024       | Deferred Capitalized Income | 30.0  |        |
      | INCOME    | 404007       | Fee Income                  | 5.0   |        |
  [32m✔[39m [32m[1mWhen [22mLoan Pay-off is made on [1m"16 April 2024"[22m[39m                                                                                                                                                    [90m# org.apache.fineract.test.stepdef.loan.LoanRepaymentStepDef.makeLoanPayOff(java.lang.String)[39m
  [32m✔[39m [32m[1mThen [22mLoan is closed with zero outstanding balance and it's all installments have obligations met[39m                                                                                                [90m# org.apache.fineract.test.stepdef.loan.LoanStepDef.loanClosedAndInstallmentsObligationsMet()[39m

@BuyDownFeeFeature @TestRailId:C4117
[1mScenario:[22m Verify Buy Down Fee journal entries values when backdated new buy down fee and buy down fee adjustment for existing one occurs on the same day, no classification [90m# fineract-e2e-tests-runner/src/test/resources/features/LoanBuyDownFees.feature:3990[39m
  [32m✔[39m [32m[1mWhen [22mAdmin sets the business date to [1m"01 January 2024"[22m[39m                                                                                                                  [90m# org.apache.fineract.test.stepdef.common.BusinessDateStepDef.setBusinessDate(java.lang.String)[39m
  [32m✔[39m [32m[1mAnd [22mAdmin creates a client with random data[39m                                                                                                                             [90m# org.apache.fineract.test.stepdef.common.ClientStepDef.createClientRandomFirstNameLastName()[39m
  [32m✔[39m [32m[1mAnd [22mAdmin creates a fully customized loan with the following data:[39m                                                                                                      [90m# org.apache.fineract.test.stepdef.loan.LoanStepDef.createFullyCustomizedLoan(io.cucumber.datatable.DataTable)[39m
      | LoanProduct                                              | submitted on date | with Principal | ANNUAL interest rate % | interest type     | interest calculation period | amortization type  | loanTermFrequency | loanTermFrequencyType | repaymentEvery | repaymentFrequencyType | numberOfRepayments | graceOnPrincipalPayment | graceOnInterestPayment | interest free period | Payment strategy            |
      | LP2_PROGRESSIVE_ADVANCED_PAYMENT_ALLOCATION_BUYDOWN_FEES | 01 January 2024   | 100            | 7                      | DECLINING_BALANCE | DAILY                       | EQUAL_INSTALLMENTS | 3                 | MONTHS                | 1              | MONTHS                 | 3                  | 0                       | 0                      | 0                    | ADVANCED_PAYMENT_ALLOCATION |
  [32m✔[39m [32m[1mAnd [22mAdmin successfully approves the loan on [1m"01 January 2024"[22m with [1m"100"[22m amount and expected disbursement date on [1m"01 January 2024"[22m[39m                                     [90m# org.apache.fineract.test.stepdef.loan.LoanStepDef.approveLoan(java.lang.String,java.lang.String,java.lang.String)[39m
  [32m✔[39m [32m[1mAnd [22mAdmin successfully disburse the loan on [1m"01 January 2024"[22m with [1m"100"[22m EUR transaction amount[39m                                                                         [90m# org.apache.fineract.test.stepdef.loan.LoanStepDef.disburseLoan(java.lang.String,java.lang.String)[39m
  [32m✔[39m [32m[1mThen [22mLoan status will be [1m"ACTIVE"[22m[39m                                                                                                                                       [90m# org.apache.fineract.test.stepdef.loan.LoanStepDef.loanStatus(java.lang.String)[39m
  [32m✔[39m [32m[1mWhen [22mAdmin adds buy down fee with [1m"AUTOPAY"[22m payment type to the loan on [1m"01 January 2024"[22m with [1m"50"[22m EUR transaction amount[39m                                              [90m# org.apache.fineract.test.stepdef.loan.LoanStepDef.adminAddsBuyDownFeesToTheLoanOnWithEURTransactionAmount(java.lang.String,java.lang.String,java.lang.String)[39m
  [32m✔[39m [32m[1mThen [22mLoan Repayment schedule has [1m3[22m periods, with the following data for periods:[39m                                                                                        [90m# org.apache.fineract.test.stepdef.loan.LoanStepDef.loanRepaymentSchedulePeriodsCheck(int,io.cucumber.datatable.DataTable)[39m
      | Nr | Days | Date             | Paid date | Balance of loan | Principal due | Interest | Fees | Penalties | Due   | Paid | In advance | Late | Outstanding |
      |    |      | 01 January 2024  |           | 100.0           |               |          | 0.0  |           | 0.0   | 0.0  |            |      |             |
      | 1  | 31   | 01 February 2024 |           | 66.86           | 33.14         | 0.58     | 0.0  | 0.0       | 33.72 | 0.0  | 0.0        | 0.0  | 33.72       |
      | 2  | 29   | 01 March 2024    |           | 33.53           | 33.33         | 0.39     | 0.0  | 0.0       | 33.72 | 0.0  | 0.0        | 0.0  | 33.72       |
      | 3  | 31   | 01 April 2024    |           | 0.0             | 33.53         | 0.2      | 0.0  | 0.0       | 33.73 | 0.0  | 0.0        | 0.0  | 33.73       |
  [32m✔[39m [32m[1mAnd [22mLoan Repayment schedule has the following data in Total row:[39m                                                                                                        [90m# org.apache.fineract.test.stepdef.loan.LoanStepDef.loanRepaymentScheduleAmountCheck(io.cucumber.datatable.DataTable)[39m
      | Principal due | Interest | Fees | Penalties | Due    | Paid | In advance | Late | Outstanding |
      | 100.0         | 1.17     | 0.0  | 0.0       | 101.17 | 0.0  | 0.0        | 0.0  | 101.17      |
  [32m✔[39m [32m[1mAnd [22mLoan Transactions tab has the following data:[39m                                                                                                                       [90m# org.apache.fineract.test.stepdef.loan.LoanStepDef.loanTransactionsTabCheck(io.cucumber.datatable.DataTable)[39m
      | Transaction date | Transaction Type | Amount | Principal | Interest | Fees | Penalties | Loan Balance | Reverted |
      | 01 January 2024  | Disbursement     | 100.0  | 0.0       | 0.0      | 0.0  | 0.0       | 100.0        | false    |
      | 01 January 2024  | Buy Down Fee     | 50.0   | 0.0       | 50.0     | 0.0  | 0.0       | 0.0          | false    |
  [32m✔[39m [32m[1mAnd [22mLoan Transactions tab has a [1m"BUY_DOWN_FEE"[22m transaction with date [1m"01 January 2024"[22m which has the following Journal entries:[39m                                         [90m# org.apache.fineract.test.stepdef.common.JournalEntriesStepDef.journalEntryDataCheck(java.lang.String,java.lang.String,io.cucumber.datatable.DataTable)[39m
      | Type      | Account code | Account name                | Debit | Credit |
      | EXPENSE   | 450280       | Buy Down Expense            | 50.0  |        |
      | LIABILITY | 145024       | Deferred Capitalized Income |       | 50.0   |
  [32m✔[39m [32m[1mAnd [22mBuy down fee contains the following data:[39m                                                                                                                           [90m# org.apache.fineract.test.stepdef.loan.LoanStepDef.checkBuyDownFeeData(io.cucumber.datatable.DataTable)[39m
      | Date            | Fee Amount | Amortized Amount | Not Yet Amortized Amount | Adjusted Amount | Charged Off Amount |
      | 01 January 2024 | 50.0       | 0.0              | 50.0                     | 0.0             | 0.0                |
  [32m✔[39m [32m[1mAnd [22mLoanBuyDownFeeTransactionCreatedBusinessEvent is created on [1m"01 January 2024"[22m[39m                                                                                       [90m# org.apache.fineract.test.stepdef.loan.LoanStepDef.checkLoanBuyDownFeeTransactionCreatedBusinessEvent(java.lang.String)[39m
  [32m✔[39m [32m[1mAnd [22mAdmin adds buy down fee adjustment with [1m"AUTOPAY"[22m payment type to the loan on [1m"01 January 2024"[22m with [1m"25"[22m EUR transaction amount[39m                                    [90m# org.apache.fineract.test.stepdef.loan.LoanStepDef.adminAddsBuyDownFeesAdjustmentToTheLoan(java.lang.String,java.lang.String,java.lang.String)[39m
  [32m✔[39m [32m[1mThen [22mLoan Transactions tab has the following data:[39m                                                                                                                      [90m# org.apache.fineract.test.stepdef.loan.LoanStepDef.loanTransactionsTabCheck(io.cucumber.datatable.DataTable)[39m
      | Transaction date | Transaction Type        | Amount | Principal | Interest | Fees | Penalties | Loan Balance | Reverted | Replayed |
      | 01 January 2024  | Disbursement            | 100.0  | 0.0       | 0.0      | 0.0  | 0.0       | 100.0        | false    | false    |
      | 01 January 2024  | Buy Down Fee            | 50.0   | 0.0       | 50.0     | 0.0  | 0.0       | 0.0          | false    | false    |
      | 01 January 2024  | Buy Down Fee Adjustment | 25.0   | 0.0       | 25.0     | 0.0  | 0.0       | 0.0          | false    | false    |
  [32m✔[39m [32m[1mThen [22mLoan Transactions tab has a [1m"BUY_DOWN_FEE"[22m transaction with date [1m"01 January 2024"[22m which has the following Journal entries:[39m                                        [90m# org.apache.fineract.test.stepdef.common.JournalEntriesStepDef.journalEntryDataCheck(java.lang.String,java.lang.String,io.cucumber.datatable.DataTable)[39m
      | Type      | Account code | Account name                | Debit | Credit |
      | EXPENSE   | 450280       | Buy Down Expense            | 50.0  |        |
      | LIABILITY | 145024       | Deferred Capitalized Income |       | 50.0   |
  [32m✔[39m [32m[1mAnd [22mLoan Transactions tab has a [1m"BUY_DOWN_FEE_ADJUSTMENT"[22m transaction with date [1m"01 January 2024"[22m which has the following Journal entries:[39m                              [90m# org.apache.fineract.test.stepdef.common.JournalEntriesStepDef.journalEntryDataCheck(java.lang.String,java.lang.String,io.cucumber.datatable.DataTable)[39m
      | Type      | Account code | Account name                | Debit | Credit |
      | EXPENSE   | 450280       | Buy Down Expense            |       | 25.0   |
      | LIABILITY | 145024       | Deferred Capitalized Income | 25.0  |        |
  [32m✔[39m [32m[1mWhen [22mAdmin sets the business date to [1m"15 April 2024"[22m[39m                                                                                                                    [90m# org.apache.fineract.test.stepdef.common.BusinessDateStepDef.setBusinessDate(java.lang.String)[39m
  [32m✔[39m [32m[1mAnd [22mAdmin runs inline COB job for Loan[39m                                                                                                                                  [90m# org.apache.fineract.test.stepdef.loan.InlineCOBStepDef.runInlineCOB()[39m
  [32m✔[39m [32m[1mThen [22mLoan Transactions tab has the following data:[39m                                                                                                                      [90m# org.apache.fineract.test.stepdef.loan.LoanStepDef.loanTransactionsTabCheck(io.cucumber.datatable.DataTable)[39m
      | Transaction date | Transaction Type          | Amount | Principal | Interest | Fees | Penalties | Loan Balance | Reverted | Replayed |
      | 01 January 2024  | Disbursement              | 100.0  | 0.0       | 0.0      | 0.0  | 0.0       | 100.0        | false    | false    |
      | 01 January 2024  | Buy Down Fee              | 50.0   | 0.0       | 50.0     | 0.0  | 0.0       | 0.0          | false    | false    |
      | 01 January 2024  | Buy Down Fee Adjustment   | 25.0   | 0.0       | 25.0     | 0.0  | 0.0       | 0.0          | false    | false    |
      | 01 April 2024    | Accrual                   | 1.55   | 0.0       | 1.55     | 0.0  | 0.0       | 0.0          | false    | false    |
      | 14 April 2024    | Buy Down Fee Amortization | 25.0   | 0.0       | 25.0     | 0.0  | 0.0       | 0.0          | false    | false    |
  [32m✔[39m [32m[1mAnd [22mLoan Transactions tab has a [1m"BUY_DOWN_FEE_AMORTIZATION"[22m transaction with date [1m"14 April 2024"[22m which has the following Journal entries:[39m                              [90m# org.apache.fineract.test.stepdef.common.JournalEntriesStepDef.journalEntryDataCheck(java.lang.String,java.lang.String,io.cucumber.datatable.DataTable)[39m
      | Type      | Account code | Account name                | Debit | Credit |
      | INCOME    | 450281       | Income From Buy Down        |       | 25.0   |
      | LIABILITY | 145024       | Deferred Capitalized Income | 25.0  |        |
  [32m✔[39m [32m[1mAnd [22mLoan Amortization Allocation Mapping for [1m"BUY_DOWN_FEE"[22m transaction created on [1m"01 January 2024"[22m contains the following data:[39m                                       [90m# org.apache.fineract.test.stepdef.loan.LoanStepDef.checkLoanAmortizationAllocationMapping(java.lang.String,java.lang.String,io.cucumber.datatable.DataTable)[39m
      | Date          | Type | Amount |
      | 14 April 2024 | AM   | 25.0   |
  [32m✔[39m [32m[1mAnd [22mAdmin adds buy down fee with [1m"AUTOPAY"[22m payment type to the loan on [1m"1 January 2024"[22m with [1m"30"[22m EUR transaction amount[39m                                                [90m# org.apache.fineract.test.stepdef.loan.LoanStepDef.adminAddsBuyDownFeesToTheLoanOnWithEURTransactionAmount(java.lang.String,java.lang.String,java.lang.String)[39m
  [32m✔[39m [32m[1mWhen [22mAdmin adds buy down fee adjustment with [1m"AUTOPAY"[22m payment type to the loan on [1m"01 January 2024"[22m with [1m"5"[22m EUR transaction amount[39m                                    [90m# org.apache.fineract.test.stepdef.loan.LoanStepDef.adminAddsBuyDownFeesAdjustmentToTheLoan(java.lang.String,java.lang.String,java.lang.String)[39m
  [32m✔[39m [32m[1mWhen [22mAdmin sets the business date to [1m"16 April 2024"[22m[39m                                                                                                                    [90m# org.apache.fineract.test.stepdef.common.BusinessDateStepDef.setBusinessDate(java.lang.String)[39m
  [32m✔[39m [32m[1mAnd [22mAdmin runs inline COB job for Loan[39m                                                                                                                                  [90m# org.apache.fineract.test.stepdef.loan.InlineCOBStepDef.runInlineCOB()[39m
  [32m✔[39m [32m[1mThen [22mLoan Transactions tab has the following data:[39m                                                                                                                      [90m# org.apache.fineract.test.stepdef.loan.LoanStepDef.loanTransactionsTabCheck(io.cucumber.datatable.DataTable)[39m
      | Transaction date | Transaction Type          | Amount | Principal | Interest | Fees | Penalties | Loan Balance | Reverted | Replayed |
      | 01 January 2024  | Disbursement              | 100.0  | 0.0       | 0.0      | 0.0  | 0.0       | 100.0        | false    | false    |
      | 01 January 2024  | Buy Down Fee              | 50.0   | 0.0       | 50.0     | 0.0  | 0.0       | 0.0          | false    | false    |
      | 01 January 2024  | Buy Down Fee Adjustment   | 25.0   | 0.0       | 25.0     | 0.0  | 0.0       | 0.0          | false    | false    |
      | 01 January 2024  | Buy Down Fee              | 30.0   | 0.0       | 30.0     | 0.0  | 0.0       | 0.0          | false    | false    |
      | 01 January 2024  | Buy Down Fee Adjustment   | 5.0    | 0.0       | 5.0      | 0.0  | 0.0       | 0.0          | false    | false    |
      | 01 April 2024    | Accrual                   | 1.55   | 0.0       | 1.55     | 0.0  | 0.0       | 0.0          | false    | false    |
      | 14 April 2024    | Buy Down Fee Amortization | 25.0   | 0.0       | 25.0     | 0.0  | 0.0       | 0.0          | false    | false    |
      | 15 April 2024    | Buy Down Fee Amortization | 25.0   | 0.0       | 25.0     | 0.0  | 0.0       | 0.0          | false    | false    |
  [32m✔[39m [32m[1mAnd [22mLoan Amortization Allocation Mapping for the [1m"1"[22mth [1m"BUY_DOWN_FEE"[22m transaction created on [1m"01 January 2024"[22m contains the following data:[39m                             [90m# org.apache.fineract.test.stepdef.loan.LoanStepDef.checkLoanAmortizationAllocationMapping(java.lang.String,java.lang.String,java.lang.String,io.cucumber.datatable.DataTable)[39m
      | Date          | Type   | Amount |
      | 14 April 2024 | AM     | 25.0   |
      | 15 April 2024 | AM_ADJ | 5.0    |
  [32m✔[39m [32m[1mAnd [22mLoan Amortization Allocation Mapping for the [1m"2"[22mth [1m"BUY_DOWN_FEE"[22m transaction created on [1m"01 January 2024"[22m contains the following data:[39m                             [90m# org.apache.fineract.test.stepdef.loan.LoanStepDef.checkLoanAmortizationAllocationMapping(java.lang.String,java.lang.String,java.lang.String,io.cucumber.datatable.DataTable)[39m
      | Date          | Type | Amount |
      | 15 April 2024 | AM   | 30.0   |
  [32m✔[39m [32m[1mAnd [22mLoan Transactions tab has a [1m"BUY_DOWN_FEE_AMORTIZATION"[22m transaction with date [1m"15 April 2024"[22m which has the following Journal entries:[39m                              [90m# org.apache.fineract.test.stepdef.common.JournalEntriesStepDef.journalEntryDataCheck(java.lang.String,java.lang.String,io.cucumber.datatable.DataTable)[39m
      | Type      | Account code | Account name                | Debit | Credit |
      | INCOME    | 450281       | Income From Buy Down        |       | 30.0   |
      | LIABILITY | 145024       | Deferred Capitalized Income |       | 5.0    |
      | LIABILITY | 145024       | Deferred Capitalized Income | 30.0  |        |
      | INCOME    | 450281       | Income From Buy Down        | 5.0   |        |
  [32m✔[39m [32m[1mWhen [22mLoan Pay-off is made on [1m"16 April 2024"[22m[39m                                                                                                                            [90m# org.apache.fineract.test.stepdef.loan.LoanRepaymentStepDef.makeLoanPayOff(java.lang.String)[39m
  [32m✔[39m [32m[1mThen [22mLoan is closed with zero outstanding balance and it's all installments have obligations met[39m                                                                        [90m# org.apache.fineract.test.stepdef.loan.LoanStepDef.loanClosedAndInstallmentsObligationsMet()[39m

@BuyDownFeeFeature @TestRailId:CXXXX
[1mScenario Outline:[22m Verify Buy Down Fee Amortization Works correctly after Buy Down Fee Adjustment Reversal                                [90m# fineract-e2e-tests-runner/src/test/resources/features/LoanBuyDownFees.feature:4171[39m
  [32m✔[39m [32m[1mWhen [22mAdmin sets the business date to [1m"11 March 2026"[22m[39m                                                                                 [90m# org.apache.fineract.test.stepdef.common.BusinessDateStepDef.setBusinessDate(java.lang.String)[39m
  [32m✔[39m [32m[1mAnd [22mAdmin creates a client with random data[39m                                                                                          [90m# org.apache.fineract.test.stepdef.common.ClientStepDef.createClientRandomFirstNameLastName()[39m
  [32m✔[39m [32m[1mAnd [22mAdmin creates a fully customized loan with the following data:[39m                                                                   [90m# org.apache.fineract.test.stepdef.loan.LoanStepDef.createFullyCustomizedLoan(io.cucumber.datatable.DataTable)[39m
      | LoanProduct                                              | submitted on date | with Principal | ANNUAL interest rate % | interest type     | interest calculation period | amortization type  | loanTermFrequency | loanTermFrequencyType | repaymentEvery | repaymentFrequencyType | numberOfRepayments | graceOnPrincipalPayment | graceOnInterestPayment | interest free period | Payment strategy            |
      | LP2_PROGRESSIVE_ADVANCED_PAYMENT_ALLOCATION_BUYDOWN_FEES | 11 March 2026     | 1500           | 9.99                   | DECLINING_BALANCE | DAILY                       | EQUAL_INSTALLMENTS | 3                 | MONTHS                | 1              | MONTHS                 | 3                  | 0                       | 0                      | 0                    | ADVANCED_PAYMENT_ALLOCATION |
  [32m✔[39m [32m[1mAnd [22mAdmin successfully approves the loan on [1m"11 March 2026"[22m with [1m"1500"[22m amount and expected disbursement date on [1m"11 March 2026"[22m[39m     [90m# org.apache.fineract.test.stepdef.loan.LoanStepDef.approveLoan(java.lang.String,java.lang.String,java.lang.String)[39m
  [32m✔[39m [32m[1mAnd [22mAdmin successfully disburse the loan on [1m"11 March 2026"[22m with [1m"1500"[22m EUR transaction amount[39m                                       [90m# org.apache.fineract.test.stepdef.loan.LoanStepDef.disburseLoan(java.lang.String,java.lang.String)[39m
  [32m✔[39m [32m[1mThen [22mLoan status will be [1m"ACTIVE"[22m[39m                                                                                                    [90m# org.apache.fineract.test.stepdef.loan.LoanStepDef.loanStatus(java.lang.String)[39m
  [32m✔[39m [32m[1mWhen [22mAdmin adds buy down fee with [1m"AUTOPAY"[22m payment type to the loan on [1m"11 March 2026"[22m with [1m"300"[22m EUR transaction amount[39m            [90m# org.apache.fineract.test.stepdef.loan.LoanStepDef.adminAddsBuyDownFeesToTheLoanOnWithEURTransactionAmount(java.lang.String,java.lang.String,java.lang.String)[39m
  [32m✔[39m [32m[1mWhen [22mAdmin adds buy down fee with [1m"AUTOPAY"[22m payment type to the loan on [1m"11 March 2026"[22m with [1m"300"[22m EUR transaction amount[39m            [90m# org.apache.fineract.test.stepdef.loan.LoanStepDef.adminAddsBuyDownFeesToTheLoanOnWithEURTransactionAmount(java.lang.String,java.lang.String,java.lang.String)[39m
  [32m✔[39m [32m[1mWhen [22mAdmin sets the business date to [1m"12 March 2026"[22m[39m                                                                                 [90m# org.apache.fineract.test.stepdef.common.BusinessDateStepDef.setBusinessDate(java.lang.String)[39m
  [32m✔[39m [32m[1mThen [22mAdmin runs inline COB job for Loan[39m                                                                                              [90m# org.apache.fineract.test.stepdef.loan.InlineCOBStepDef.runInlineCOB()[39m
  [32m✔[39m [32m[1mThen [22mLoan Transactions tab has the following new buy down fee amortization data:[39m                                                     [90m# org.apache.fineract.test.stepdef.loan.LoanStepDef.loanTransactionsTabCheckNewBuyDownFeeAmortization(io.cucumber.datatable.DataTable)[39m
      | Transaction date | Transaction Type          | Amount | Principal | Interest | Fees | Penalties | Loan Balance | Reverted | Replayed |
      | 11 March 2026    | Buy Down Fee Amortization | 6.52   | 0.0       | 6.52     | 0.0  | 0.0       | 0.0          | false    | false    |
  [32m✔[39m [32m[1mWhen [22mAdmin sets the business date to [1m"12 April 2026"[22m[39m                                                                                 [90m# org.apache.fineract.test.stepdef.common.BusinessDateStepDef.setBusinessDate(java.lang.String)[39m
  [32m✔[39m [32m[1mThen [22mAdmin runs inline COB job for Loan[39m                                                                                              [90m# org.apache.fineract.test.stepdef.loan.InlineCOBStepDef.runInlineCOB()[39m
  [32m✔[39m [32m[1mThen [22mLoan Transactions tab has the following new buy down fee amortization data:[39m                                                     [90m# org.apache.fineract.test.stepdef.loan.LoanStepDef.loanTransactionsTabCheckNewBuyDownFeeAmortization(io.cucumber.datatable.DataTable)[39m
      | Transaction date | Transaction Type          | Amount | Principal | Interest | Fees | Penalties | Loan Balance | Reverted | Replayed |
      | 12 March 2026    | Buy Down Fee Amortization | 6.52   | 0.0       | 6.52     | 0.0  | 0.0       | 0.0          | false    | false    |
      | 13 March 2026    | Buy Down Fee Amortization | 6.52   | 0.0       | 6.52     | 0.0  | 0.0       | 0.0          | false    | false    |
      | 14 March 2026    | Buy Down Fee Amortization | 6.52   | 0.0       | 6.52     | 0.0  | 0.0       | 0.0          | false    | false    |
      | 15 March 2026    | Buy Down Fee Amortization | 6.52   | 0.0       | 6.52     | 0.0  | 0.0       | 0.0          | false    | false    |
      | 16 March 2026    | Buy Down Fee Amortization | 6.54   | 0.0       | 6.54     | 0.0  | 0.0       | 0.0          | false    | false    |
      | 17 March 2026    | Buy Down Fee Amortization | 6.52   | 0.0       | 6.52     | 0.0  | 0.0       | 0.0          | false    | false    |
      | 18 March 2026    | Buy Down Fee Amortization | 6.52   | 0.0       | 6.52     | 0.0  | 0.0       | 0.0          | false    | false    |
      | 19 March 2026    | Buy Down Fee Amortization | 6.52   | 0.0       | 6.52     | 0.0  | 0.0       | 0.0          | false    | false    |
      | 20 March 2026    | Buy Down Fee Amortization | 6.52   | 0.0       | 6.52     | 0.0  | 0.0       | 0.0          | false    | false    |
      | 21 March 2026    | Buy Down Fee Amortization | 6.52   | 0.0       | 6.52     | 0.0  | 0.0       | 0.0          | false    | false    |
      | 22 March 2026    | Buy Down Fee Amortization | 6.52   | 0.0       | 6.52     | 0.0  | 0.0       | 0.0          | false    | false    |
      | 23 March 2026    | Buy Down Fee Amortization | 6.52   | 0.0       | 6.52     | 0.0  | 0.0       | 0.0          | false    | false    |
      | 24 March 2026    | Buy Down Fee Amortization | 6.52   | 0.0       | 6.52     | 0.0  | 0.0       | 0.0          | false    | false    |
      | 25 March 2026    | Buy Down Fee Amortization | 6.52   | 0.0       | 6.52     | 0.0  | 0.0       | 0.0          | false    | false    |
      | 26 March 2026    | Buy Down Fee Amortization | 6.52   | 0.0       | 6.52     | 0.0  | 0.0       | 0.0          | false    | false    |
      | 27 March 2026    | Buy Down Fee Amortization | 6.52   | 0.0       | 6.52     | 0.0  | 0.0       | 0.0          | false    | false    |
      | 28 March 2026    | Buy Down Fee Amortization | 6.54   | 0.0       | 6.54     | 0.0  | 0.0       | 0.0          | false    | false    |
      | 29 March 2026    | Buy Down Fee Amortization | 6.52   | 0.0       | 6.52     | 0.0  | 0.0       | 0.0          | false    | false    |
      | 30 March 2026    | Buy Down Fee Amortization | 6.52   | 0.0       | 6.52     | 0.0  | 0.0       | 0.0          | false    | false    |
      | 31 March 2026    | Buy Down Fee Amortization | 6.52   | 0.0       | 6.52     | 0.0  | 0.0       | 0.0          | false    | false    |
      | 01 April 2026    | Buy Down Fee Amortization | 6.52   | 0.0       | 6.52     | 0.0  | 0.0       | 0.0          | false    | false    |
      | 02 April 2026    | Buy Down Fee Amortization | 6.52   | 0.0       | 6.52     | 0.0  | 0.0       | 0.0          | false    | false    |
      | 03 April 2026    | Buy Down Fee Amortization | 6.52   | 0.0       | 6.52     | 0.0  | 0.0       | 0.0          | false    | false    |
      | 04 April 2026    | Buy Down Fee Amortization | 6.52   | 0.0       | 6.52     | 0.0  | 0.0       | 0.0          | false    | false    |
      | 05 April 2026    | Buy Down Fee Amortization | 6.52   | 0.0       | 6.52     | 0.0  | 0.0       | 0.0          | false    | false    |
      | 06 April 2026    | Buy Down Fee Amortization | 6.52   | 0.0       | 6.52     | 0.0  | 0.0       | 0.0          | false    | false    |
      | 07 April 2026    | Buy Down Fee Amortization | 6.52   | 0.0       | 6.52     | 0.0  | 0.0       | 0.0          | false    | false    |
      | 08 April 2026    | Buy Down Fee Amortization | 6.54   | 0.0       | 6.54     | 0.0  | 0.0       | 0.0          | false    | false    |
      | 09 April 2026    | Buy Down Fee Amortization | 6.52   | 0.0       | 6.52     | 0.0  | 0.0       | 0.0          | false    | false    |
      | 10 April 2026    | Buy Down Fee Amortization | 6.52   | 0.0       | 6.52     | 0.0  | 0.0       | 0.0          | false    | false    |
      | 11 April 2026    | Buy Down Fee Amortization | 6.52   | 0.0       | 6.52     | 0.0  | 0.0       | 0.0          | false    | false    |
  [32m✔[39m [32m[1mThen [22mAdmin adds buy down fee adjustment with [1m"AUTOPAY"[22m payment type to the loan on [1m"12 April 2026"[22m with [1m"300"[22m EUR transaction amount[39m [90m# org.apache.fineract.test.stepdef.loan.LoanStepDef.adminAddsBuyDownFeesAdjustmentToTheLoan(java.lang.String,java.lang.String,java.lang.String)[39m
  [32m✔[39m [32m[1mWhen [22mAdmin sets the business date to [1m"13 April 2026"[22m[39m                                                                                 [90m# org.apache.fineract.test.stepdef.common.BusinessDateStepDef.setBusinessDate(java.lang.String)[39m
  [32m✔[39m [32m[1mThen [22mAdmin runs inline COB job for Loan[39m                                                                                              [90m# org.apache.fineract.test.stepdef.loan.InlineCOBStepDef.runInlineCOB()[39m
  [32m✔[39m [32m[1mThen [22mLoan Transactions tab has the following new buy down fee amortization data:[39m                                                     [90m# org.apache.fineract.test.stepdef.loan.LoanStepDef.loanTransactionsTabCheckNewBuyDownFeeAmortization(io.cucumber.datatable.DataTable)[39m
      | Transaction date | Transaction Type                     | Amount | Principal | Interest | Fees | Penalties | Loan Balance | Reverted | Replayed |
      | 12 April 2026    | Buy Down Fee Amortization Adjustment | 101.09 | 0.0       | 101.09   | 0.0  | 0.0       | 0.0          | false    | false    |
  [32m✔[39m [32m[1mWhen [22mCustomer undo [1m"1"[22mth [1m"Buy Down Fee Adjustment"[22m transaction made on [1m"12 April 2026"[22m[39m                                               [90m# org.apache.fineract.test.stepdef.loan.LoanRepaymentStepDef.undoNthTransactionType(java.lang.String,java.lang.String,java.lang.String)[39m
  [32m✔[39m [32m[1mWhen [22mAdmin sets the business date to [1m"14 April 2026"[22m[39m                                                                                 [90m# org.apache.fineract.test.stepdef.common.BusinessDateStepDef.setBusinessDate(java.lang.String)[39m
  [32m✔[39m [32m[1mThen [22mAdmin runs inline COB job for Loan[39m                                                                                              [90m# org.apache.fineract.test.stepdef.loan.InlineCOBStepDef.runInlineCOB()[39m
  [32m✔[39m [32m[1mThen [22mLoan Transactions tab has the following new buy down fee amortization data:[39m                                                     [90m# org.apache.fineract.test.stepdef.loan.LoanStepDef.loanTransactionsTabCheckNewBuyDownFeeAmortization(io.cucumber.datatable.DataTable)[39m
      | Transaction date | Transaction Type          | Amount | Principal | Interest | Fees | Penalties | Loan Balance | Reverted | Replayed |
      | 13 April 2026    | Buy Down Fee Amortization | 114.13 | 0.0       | 114.13   | 0.0  | 0.0       | 0.0          | false    | false    |
  [32m✔[39m [32m[1mWhen [22mAdmin sets the business date to [1m"12 June 2026"[22m[39m                                                                                  [90m# org.apache.fineract.test.stepdef.common.BusinessDateStepDef.setBusinessDate(java.lang.String)[39m
  [32m✔[39m [32m[1mThen [22mAdmin runs inline COB job for Loan[39m                                                                                              [90m# org.apache.fineract.test.stepdef.loan.InlineCOBStepDef.runInlineCOB()[39m

@BuyDownFeeFeature @TestRailId:CXXXX
[1mScenario Outline:[22m Verify Buy Down Fee Amortization Works correctly after Buy Down Fee Adjustment Reversal                                [90m# fineract-e2e-tests-runner/src/test/resources/features/LoanBuyDownFees.feature:4172[39m
  [32m✔[39m [32m[1mWhen [22mAdmin sets the business date to [1m"11 March 2026"[22m[39m                                                                                 [90m# org.apache.fineract.test.stepdef.common.BusinessDateStepDef.setBusinessDate(java.lang.String)[39m
  [32m✔[39m [32m[1mAnd [22mAdmin creates a client with random data[39m                                                                                          [90m# org.apache.fineract.test.stepdef.common.ClientStepDef.createClientRandomFirstNameLastName()[39m
  [32m✔[39m [32m[1mAnd [22mAdmin creates a fully customized loan with the following data:[39m                                                                   [90m# org.apache.fineract.test.stepdef.loan.LoanStepDef.createFullyCustomizedLoan(io.cucumber.datatable.DataTable)[39m
      | LoanProduct                                                                | submitted on date | with Principal | ANNUAL interest rate % | interest type     | interest calculation period | amortization type  | loanTermFrequency | loanTermFrequencyType | repaymentEvery | repaymentFrequencyType | numberOfRepayments | graceOnPrincipalPayment | graceOnInterestPayment | interest free period | Payment strategy            |
      | LP2_PROGRESSIVE_ADVANCED_PAYMENT_ALLOCATION_BUYDOWN_FEES_CHARGE_OFF_REASON | 11 March 2026     | 1500           | 9.99                   | DECLINING_BALANCE | DAILY                       | EQUAL_INSTALLMENTS | 3                 | MONTHS                | 1              | MONTHS                 | 3                  | 0                       | 0                      | 0                    | ADVANCED_PAYMENT_ALLOCATION |
  [32m✔[39m [32m[1mAnd [22mAdmin successfully approves the loan on [1m"11 March 2026"[22m with [1m"1500"[22m amount and expected disbursement date on [1m"11 March 2026"[22m[39m     [90m# org.apache.fineract.test.stepdef.loan.LoanStepDef.approveLoan(java.lang.String,java.lang.String,java.lang.String)[39m
  [32m✔[39m [32m[1mAnd [22mAdmin successfully disburse the loan on [1m"11 March 2026"[22m with [1m"1500"[22m EUR transaction amount[39m                                       [90m# org.apache.fineract.test.stepdef.loan.LoanStepDef.disburseLoan(java.lang.String,java.lang.String)[39m
  [32m✔[39m [32m[1mThen [22mLoan status will be [1m"ACTIVE"[22m[39m                                                                                                    [90m# org.apache.fineract.test.stepdef.loan.LoanStepDef.loanStatus(java.lang.String)[39m
  [32m✔[39m [32m[1mWhen [22mAdmin adds buy down fee with [1m"AUTOPAY"[22m payment type to the loan on [1m"11 March 2026"[22m with [1m"300"[22m EUR transaction amount[39m            [90m# org.apache.fineract.test.stepdef.loan.LoanStepDef.adminAddsBuyDownFeesToTheLoanOnWithEURTransactionAmount(java.lang.String,java.lang.String,java.lang.String)[39m
  [32m✔[39m [32m[1mWhen [22mAdmin adds buy down fee with [1m"AUTOPAY"[22m payment type to the loan on [1m"11 March 2026"[22m with [1m"300"[22m EUR transaction amount[39m            [90m# org.apache.fineract.test.stepdef.loan.LoanStepDef.adminAddsBuyDownFeesToTheLoanOnWithEURTransactionAmount(java.lang.String,java.lang.String,java.lang.String)[39m
  [32m✔[39m [32m[1mWhen [22mAdmin sets the business date to [1m"12 March 2026"[22m[39m                                                                                 [90m# org.apache.fineract.test.stepdef.common.BusinessDateStepDef.setBusinessDate(java.lang.String)[39m
  [32m✔[39m [32m[1mThen [22mAdmin runs inline COB job for Loan[39m                                                                                              [90m# org.apache.fineract.test.stepdef.loan.InlineCOBStepDef.runInlineCOB()[39m
  [32m✔[39m [32m[1mThen [22mLoan Transactions tab has the following new buy down fee amortization data:[39m                                                     [90m# org.apache.fineract.test.stepdef.loan.LoanStepDef.loanTransactionsTabCheckNewBuyDownFeeAmortization(io.cucumber.datatable.DataTable)[39m
      | Transaction date | Transaction Type          | Amount | Principal | Interest | Fees | Penalties | Loan Balance | Reverted | Replayed |
      | 11 March 2026    | Buy Down Fee Amortization | 6.52   | 0.0       | 6.52     | 0.0  | 0.0       | 0.0          | false    | false    |
  [32m✔[39m [32m[1mWhen [22mAdmin sets the business date to [1m"12 April 2026"[22m[39m                                                                                 [90m# org.apache.fineract.test.stepdef.common.BusinessDateStepDef.setBusinessDate(java.lang.String)[39m
  [32m✔[39m [32m[1mThen [22mAdmin runs inline COB job for Loan[39m                                                                                              [90m# org.apache.fineract.test.stepdef.loan.InlineCOBStepDef.runInlineCOB()[39m
  [32m✔[39m [32m[1mThen [22mLoan Transactions tab has the following new buy down fee amortization data:[39m                                                     [90m# org.apache.fineract.test.stepdef.loan.LoanStepDef.loanTransactionsTabCheckNewBuyDownFeeAmortization(io.cucumber.datatable.DataTable)[39m
      | Transaction date | Transaction Type          | Amount | Principal | Interest | Fees | Penalties | Loan Balance | Reverted | Replayed |
      | 12 March 2026    | Buy Down Fee Amortization | 6.52   | 0.0       | 6.52     | 0.0  | 0.0       | 0.0          | false    | false    |
      | 13 March 2026    | Buy Down Fee Amortization | 6.52   | 0.0       | 6.52     | 0.0  | 0.0       | 0.0          | false    | false    |
      | 14 March 2026    | Buy Down Fee Amortization | 6.52   | 0.0       | 6.52     | 0.0  | 0.0       | 0.0          | false    | false    |
      | 15 March 2026    | Buy Down Fee Amortization | 6.52   | 0.0       | 6.52     | 0.0  | 0.0       | 0.0          | false    | false    |
      | 16 March 2026    | Buy Down Fee Amortization | 6.54   | 0.0       | 6.54     | 0.0  | 0.0       | 0.0          | false    | false    |
      | 17 March 2026    | Buy Down Fee Amortization | 6.52   | 0.0       | 6.52     | 0.0  | 0.0       | 0.0          | false    | false    |
      | 18 March 2026    | Buy Down Fee Amortization | 6.52   | 0.0       | 6.52     | 0.0  | 0.0       | 0.0          | false    | false    |
      | 19 March 2026    | Buy Down Fee Amortization | 6.52   | 0.0       | 6.52     | 0.0  | 0.0       | 0.0          | false    | false    |
      | 20 March 2026    | Buy Down Fee Amortization | 6.52   | 0.0       | 6.52     | 0.0  | 0.0       | 0.0          | false    | false    |
      | 21 March 2026    | Buy Down Fee Amortization | 6.52   | 0.0       | 6.52     | 0.0  | 0.0       | 0.0          | false    | false    |
      | 22 March 2026    | Buy Down Fee Amortization | 6.52   | 0.0       | 6.52     | 0.0  | 0.0       | 0.0          | false    | false    |
      | 23 March 2026    | Buy Down Fee Amortization | 6.52   | 0.0       | 6.52     | 0.0  | 0.0       | 0.0          | false    | false    |
      | 24 March 2026    | Buy Down Fee Amortization | 6.52   | 0.0       | 6.52     | 0.0  | 0.0       | 0.0          | false    | false    |
      | 25 March 2026    | Buy Down Fee Amortization | 6.52   | 0.0       | 6.52     | 0.0  | 0.0       | 0.0          | false    | false    |
      | 26 March 2026    | Buy Down Fee Amortization | 6.52   | 0.0       | 6.52     | 0.0  | 0.0       | 0.0          | false    | false    |
      | 27 March 2026    | Buy Down Fee Amortization | 6.52   | 0.0       | 6.52     | 0.0  | 0.0       | 0.0          | false    | false    |
      | 28 March 2026    | Buy Down Fee Amortization | 6.54   | 0.0       | 6.54     | 0.0  | 0.0       | 0.0          | false    | false    |
      | 29 March 2026    | Buy Down Fee Amortization | 6.52   | 0.0       | 6.52     | 0.0  | 0.0       | 0.0          | false    | false    |
      | 30 March 2026    | Buy Down Fee Amortization | 6.52   | 0.0       | 6.52     | 0.0  | 0.0       | 0.0          | false    | false    |
      | 31 March 2026    | Buy Down Fee Amortization | 6.52   | 0.0       | 6.52     | 0.0  | 0.0       | 0.0          | false    | false    |
      | 01 April 2026    | Buy Down Fee Amortization | 6.52   | 0.0       | 6.52     | 0.0  | 0.0       | 0.0          | false    | false    |
      | 02 April 2026    | Buy Down Fee Amortization | 6.52   | 0.0       | 6.52     | 0.0  | 0.0       | 0.0          | false    | false    |
      | 03 April 2026    | Buy Down Fee Amortization | 6.52   | 0.0       | 6.52     | 0.0  | 0.0       | 0.0          | false    | false    |
      | 04 April 2026    | Buy Down Fee Amortization | 6.52   | 0.0       | 6.52     | 0.0  | 0.0       | 0.0          | false    | false    |
      | 05 April 2026    | Buy Down Fee Amortization | 6.52   | 0.0       | 6.52     | 0.0  | 0.0       | 0.0          | false    | false    |
      | 06 April 2026    | Buy Down Fee Amortization | 6.52   | 0.0       | 6.52     | 0.0  | 0.0       | 0.0          | false    | false    |
      | 07 April 2026    | Buy Down Fee Amortization | 6.52   | 0.0       | 6.52     | 0.0  | 0.0       | 0.0          | false    | false    |
      | 08 April 2026    | Buy Down Fee Amortization | 6.54   | 0.0       | 6.54     | 0.0  | 0.0       | 0.0          | false    | false    |
      | 09 April 2026    | Buy Down Fee Amortization | 6.52   | 0.0       | 6.52     | 0.0  | 0.0       | 0.0          | false    | false    |
      | 10 April 2026    | Buy Down Fee Amortization | 6.52   | 0.0       | 6.52     | 0.0  | 0.0       | 0.0          | false    | false    |
      | 11 April 2026    | Buy Down Fee Amortization | 6.52   | 0.0       | 6.52     | 0.0  | 0.0       | 0.0          | false    | false    |
  [32m✔[39m [32m[1mThen [22mAdmin adds buy down fee adjustment with [1m"AUTOPAY"[22m payment type to the loan on [1m"12 April 2026"[22m with [1m"300"[22m EUR transaction amount[39m [90m# org.apache.fineract.test.stepdef.loan.LoanStepDef.adminAddsBuyDownFeesAdjustmentToTheLoan(java.lang.String,java.lang.String,java.lang.String)[39m
  [32m✔[39m [32m[1mWhen [22mAdmin sets the business date to [1m"13 April 2026"[22m[39m                                                                                 [90m# org.apache.fineract.test.stepdef.common.BusinessDateStepDef.setBusinessDate(java.lang.String)[39m
  [32m✔[39m [32m[1mThen [22mAdmin runs inline COB job for Loan[39m                                                                                              [90m# org.apache.fineract.test.stepdef.loan.InlineCOBStepDef.runInlineCOB()[39m
  [32m✔[39m [32m[1mThen [22mLoan Transactions tab has the following new buy down fee amortization data:[39m                                                     [90m# org.apache.fineract.test.stepdef.loan.LoanStepDef.loanTransactionsTabCheckNewBuyDownFeeAmortization(io.cucumber.datatable.DataTable)[39m
      | Transaction date | Transaction Type                     | Amount | Principal | Interest | Fees | Penalties | Loan Balance | Reverted | Replayed |
      | 12 April 2026    | Buy Down Fee Amortization Adjustment | 101.09 | 0.0       | 101.09   | 0.0  | 0.0       | 0.0          | false    | false    |
  [32m✔[39m [32m[1mWhen [22mCustomer undo [1m"1"[22mth [1m"Buy Down Fee Adjustment"[22m transaction made on [1m"12 April 2026"[22m[39m                                               [90m# org.apache.fineract.test.stepdef.loan.LoanRepaymentStepDef.undoNthTransactionType(java.lang.String,java.lang.String,java.lang.String)[39m
  [32m✔[39m [32m[1mWhen [22mAdmin sets the business date to [1m"14 April 2026"[22m[39m                                                                                 [90m# org.apache.fineract.test.stepdef.common.BusinessDateStepDef.setBusinessDate(java.lang.String)[39m
  [32m✔[39m [32m[1mThen [22mAdmin runs inline COB job for Loan[39m                                                                                              [90m# org.apache.fineract.test.stepdef.loan.InlineCOBStepDef.runInlineCOB()[39m
  [32m✔[39m [32m[1mThen [22mLoan Transactions tab has the following new buy down fee amortization data:[39m                                                     [90m# org.apache.fineract.test.stepdef.loan.LoanStepDef.loanTransactionsTabCheckNewBuyDownFeeAmortization(io.cucumber.datatable.DataTable)[39m
      | Transaction date | Transaction Type          | Amount | Principal | Interest | Fees | Penalties | Loan Balance | Reverted | Replayed |
      | 13 April 2026    | Buy Down Fee Amortization | 114.13 | 0.0       | 114.13   | 0.0  | 0.0       | 0.0          | false    | false    |
  [32m✔[39m [32m[1mWhen [22mAdmin sets the business date to [1m"12 June 2026"[22m[39m                                                                                  [90m# org.apache.fineract.test.stepdef.common.BusinessDateStepDef.setBusinessDate(java.lang.String)[39m
  [32m✔[39m [32m[1mThen [22mAdmin runs inline COB job for Loan[39m                                                                                              [90m# org.apache.fineract.test.stepdef.loan.InlineCOBStepDef.runInlineCOB()[39m

@BuyDownFeeFeature @TestRailId:CXXXX
[1mScenario Outline:[22m Verify Buy Down Fee Amortization Works correctly after Buy Down Fee Adjustment Reversal                                [90m# fineract-e2e-tests-runner/src/test/resources/features/LoanBuyDownFees.feature:4173[39m
  [32m✔[39m [32m[1mWhen [22mAdmin sets the business date to [1m"11 March 2026"[22m[39m                                                                                 [90m# org.apache.fineract.test.stepdef.common.BusinessDateStepDef.setBusinessDate(java.lang.String)[39m
  [32m✔[39m [32m[1mAnd [22mAdmin creates a client with random data[39m                                                                                          [90m# org.apache.fineract.test.stepdef.common.ClientStepDef.createClientRandomFirstNameLastName()[39m
  [32m✔[39m [32m[1mAnd [22mAdmin creates a fully customized loan with the following data:[39m                                                                   [90m# org.apache.fineract.test.stepdef.loan.LoanStepDef.createFullyCustomizedLoan(io.cucumber.datatable.DataTable)[39m
      | LoanProduct                                                                             | submitted on date | with Principal | ANNUAL interest rate % | interest type     | interest calculation period | amortization type  | loanTermFrequency | loanTermFrequencyType | repaymentEvery | repaymentFrequencyType | numberOfRepayments | graceOnPrincipalPayment | graceOnInterestPayment | interest free period | Payment strategy            |
      | LP2_PROGRESSIVE_ADVANCED_PAYMENT_ALLOCATION_BUYDOWN_FEES_NON_MERCHANT_CHARGE_OFF_REASON | 11 March 2026     | 1500           | 9.99                   | DECLINING_BALANCE | DAILY                       | EQUAL_INSTALLMENTS | 3                 | MONTHS                | 1              | MONTHS                 | 3                  | 0                       | 0                      | 0                    | ADVANCED_PAYMENT_ALLOCATION |
  [32m✔[39m [32m[1mAnd [22mAdmin successfully approves the loan on [1m"11 March 2026"[22m with [1m"1500"[22m amount and expected disbursement date on [1m"11 March 2026"[22m[39m     [90m# org.apache.fineract.test.stepdef.loan.LoanStepDef.approveLoan(java.lang.String,java.lang.String,java.lang.String)[39m
  [32m✔[39m [32m[1mAnd [22mAdmin successfully disburse the loan on [1m"11 March 2026"[22m with [1m"1500"[22m EUR transaction amount[39m                                       [90m# org.apache.fineract.test.stepdef.loan.LoanStepDef.disburseLoan(java.lang.String,java.lang.String)[39m
  [32m✔[39m [32m[1mThen [22mLoan status will be [1m"ACTIVE"[22m[39m                                                                                                    [90m# org.apache.fineract.test.stepdef.loan.LoanStepDef.loanStatus(java.lang.String)[39m
  [32m✔[39m [32m[1mWhen [22mAdmin adds buy down fee with [1m"AUTOPAY"[22m payment type to the loan on [1m"11 March 2026"[22m with [1m"300"[22m EUR transaction amount[39m            [90m# org.apache.fineract.test.stepdef.loan.LoanStepDef.adminAddsBuyDownFeesToTheLoanOnWithEURTransactionAmount(java.lang.String,java.lang.String,java.lang.String)[39m
  [32m✔[39m [32m[1mWhen [22mAdmin adds buy down fee with [1m"AUTOPAY"[22m payment type to the loan on [1m"11 March 2026"[22m with [1m"300"[22m EUR transaction amount[39m            [90m# org.apache.fineract.test.stepdef.loan.LoanStepDef.adminAddsBuyDownFeesToTheLoanOnWithEURTransactionAmount(java.lang.String,java.lang.String,java.lang.String)[39m
  [32m✔[39m [32m[1mWhen [22mAdmin sets the business date to [1m"12 March 2026"[22m[39m                                                                                 [90m# org.apache.fineract.test.stepdef.common.BusinessDateStepDef.setBusinessDate(java.lang.String)[39m
  [32m✔[39m [32m[1mThen [22mAdmin runs inline COB job for Loan[39m                                                                                              [90m# org.apache.fineract.test.stepdef.loan.InlineCOBStepDef.runInlineCOB()[39m
  [32m✔[39m [32m[1mThen [22mLoan Transactions tab has the following new buy down fee amortization data:[39m                                                     [90m# org.apache.fineract.test.stepdef.loan.LoanStepDef.loanTransactionsTabCheckNewBuyDownFeeAmortization(io.cucumber.datatable.DataTable)[39m
      | Transaction date | Transaction Type          | Amount | Principal | Interest | Fees | Penalties | Loan Balance | Reverted | Replayed |
      | 11 March 2026    | Buy Down Fee Amortization | 6.52   | 0.0       | 6.52     | 0.0  | 0.0       | 0.0          | false    | false    |
  [32m✔[39m [32m[1mWhen [22mAdmin sets the business date to [1m"12 April 2026"[22m[39m                                                                                 [90m# org.apache.fineract.test.stepdef.common.BusinessDateStepDef.setBusinessDate(java.lang.String)[39m
  [32m✔[39m [32m[1mThen [22mAdmin runs inline COB job for Loan[39m                                                                                              [90m# org.apache.fineract.test.stepdef.loan.InlineCOBStepDef.runInlineCOB()[39m
  [32m✔[39m [32m[1mThen [22mLoan Transactions tab has the following new buy down fee amortization data:[39m                                                     [90m# org.apache.fineract.test.stepdef.loan.LoanStepDef.loanTransactionsTabCheckNewBuyDownFeeAmortization(io.cucumber.datatable.DataTable)[39m
      | Transaction date | Transaction Type          | Amount | Principal | Interest | Fees | Penalties | Loan Balance | Reverted | Replayed |
      | 12 March 2026    | Buy Down Fee Amortization | 6.52   | 0.0       | 6.52     | 0.0  | 0.0       | 0.0          | false    | false    |
      | 13 March 2026    | Buy Down Fee Amortization | 6.52   | 0.0       | 6.52     | 0.0  | 0.0       | 0.0          | false    | false    |
      | 14 March 2026    | Buy Down Fee Amortization | 6.52   | 0.0       | 6.52     | 0.0  | 0.0       | 0.0          | false    | false    |
      | 15 March 2026    | Buy Down Fee Amortization | 6.52   | 0.0       | 6.52     | 0.0  | 0.0       | 0.0          | false    | false    |
      | 16 March 2026    | Buy Down Fee Amortization | 6.54   | 0.0       | 6.54     | 0.0  | 0.0       | 0.0          | false    | false    |
      | 17 March 2026    | Buy Down Fee Amortization | 6.52   | 0.0       | 6.52     | 0.0  | 0.0       | 0.0          | false    | false    |
      | 18 March 2026    | Buy Down Fee Amortization | 6.52   | 0.0       | 6.52     | 0.0  | 0.0       | 0.0          | false    | false    |
      | 19 March 2026    | Buy Down Fee Amortization | 6.52   | 0.0       | 6.52     | 0.0  | 0.0       | 0.0          | false    | false    |
      | 20 March 2026    | Buy Down Fee Amortization | 6.52   | 0.0       | 6.52     | 0.0  | 0.0       | 0.0          | false    | false    |
      | 21 March 2026    | Buy Down Fee Amortization | 6.52   | 0.0       | 6.52     | 0.0  | 0.0       | 0.0          | false    | false    |
      | 22 March 2026    | Buy Down Fee Amortization | 6.52   | 0.0       | 6.52     | 0.0  | 0.0       | 0.0          | false    | false    |
      | 23 March 2026    | Buy Down Fee Amortization | 6.52   | 0.0       | 6.52     | 0.0  | 0.0       | 0.0          | false    | false    |
      | 24 March 2026    | Buy Down Fee Amortization | 6.52   | 0.0       | 6.52     | 0.0  | 0.0       | 0.0          | false    | false    |
      | 25 March 2026    | Buy Down Fee Amortization | 6.52   | 0.0       | 6.52     | 0.0  | 0.0       | 0.0          | false    | false    |
      | 26 March 2026    | Buy Down Fee Amortization | 6.52   | 0.0       | 6.52     | 0.0  | 0.0       | 0.0          | false    | false    |
      | 27 March 2026    | Buy Down Fee Amortization | 6.52   | 0.0       | 6.52     | 0.0  | 0.0       | 0.0          | false    | false    |
      | 28 March 2026    | Buy Down Fee Amortization | 6.54   | 0.0       | 6.54     | 0.0  | 0.0       | 0.0          | false    | false    |
      | 29 March 2026    | Buy Down Fee Amortization | 6.52   | 0.0       | 6.52     | 0.0  | 0.0       | 0.0          | false    | false    |
      | 30 March 2026    | Buy Down Fee Amortization | 6.52   | 0.0       | 6.52     | 0.0  | 0.0       | 0.0          | false    | false    |
      | 31 March 2026    | Buy Down Fee Amortization | 6.52   | 0.0       | 6.52     | 0.0  | 0.0       | 0.0          | false    | false    |
      | 01 April 2026    | Buy Down Fee Amortization | 6.52   | 0.0       | 6.52     | 0.0  | 0.0       | 0.0          | false    | false    |
      | 02 April 2026    | Buy Down Fee Amortization | 6.52   | 0.0       | 6.52     | 0.0  | 0.0       | 0.0          | false    | false    |
      | 03 April 2026    | Buy Down Fee Amortization | 6.52   | 0.0       | 6.52     | 0.0  | 0.0       | 0.0          | false    | false    |
      | 04 April 2026    | Buy Down Fee Amortization | 6.52   | 0.0       | 6.52     | 0.0  | 0.0       | 0.0          | false    | false    |
      | 05 April 2026    | Buy Down Fee Amortization | 6.52   | 0.0       | 6.52     | 0.0  | 0.0       | 0.0          | false    | false    |
      | 06 April 2026    | Buy Down Fee Amortization | 6.52   | 0.0       | 6.52     | 0.0  | 0.0       | 0.0          | false    | false    |
      | 07 April 2026    | Buy Down Fee Amortization | 6.52   | 0.0       | 6.52     | 0.0  | 0.0       | 0.0          | false    | false    |
      | 08 April 2026    | Buy Down Fee Amortization | 6.54   | 0.0       | 6.54     | 0.0  | 0.0       | 0.0          | false    | false    |
      | 09 April 2026    | Buy Down Fee Amortization | 6.52   | 0.0       | 6.52     | 0.0  | 0.0       | 0.0          | false    | false    |
      | 10 April 2026    | Buy Down Fee Amortization | 6.52   | 0.0       | 6.52     | 0.0  | 0.0       | 0.0          | false    | false    |
      | 11 April 2026    | Buy Down Fee Amortization | 6.52   | 0.0       | 6.52     | 0.0  | 0.0       | 0.0          | false    | false    |
  [32m✔[39m [32m[1mThen [22mAdmin adds buy down fee adjustment with [1m"AUTOPAY"[22m payment type to the loan on [1m"12 April 2026"[22m with [1m"300"[22m EUR transaction amount[39m [90m# org.apache.fineract.test.stepdef.loan.LoanStepDef.adminAddsBuyDownFeesAdjustmentToTheLoan(java.lang.String,java.lang.String,java.lang.String)[39m
  [32m✔[39m [32m[1mWhen [22mAdmin sets the business date to [1m"13 April 2026"[22m[39m                                                                                 [90m# org.apache.fineract.test.stepdef.common.BusinessDateStepDef.setBusinessDate(java.lang.String)[39m
  [32m✔[39m [32m[1mThen [22mAdmin runs inline COB job for Loan[39m                                                                                              [90m# org.apache.fineract.test.stepdef.loan.InlineCOBStepDef.runInlineCOB()[39m
  [32m✔[39m [32m[1mThen [22mLoan Transactions tab has the following new buy down fee amortization data:[39m                                                     [90m# org.apache.fineract.test.stepdef.loan.LoanStepDef.loanTransactionsTabCheckNewBuyDownFeeAmortization(io.cucumber.datatable.DataTable)[39m
      | Transaction date | Transaction Type                     | Amount | Principal | Interest | Fees | Penalties | Loan Balance | Reverted | Replayed |
      | 12 April 2026    | Buy Down Fee Amortization Adjustment | 101.09 | 0.0       | 101.09   | 0.0  | 0.0       | 0.0          | false    | false    |
  [32m✔[39m [32m[1mWhen [22mCustomer undo [1m"1"[22mth [1m"Buy Down Fee Adjustment"[22m transaction made on [1m"12 April 2026"[22m[39m                                               [90m# org.apache.fineract.test.stepdef.loan.LoanRepaymentStepDef.undoNthTransactionType(java.lang.String,java.lang.String,java.lang.String)[39m
  [32m✔[39m [32m[1mWhen [22mAdmin sets the business date to [1m"14 April 2026"[22m[39m                                                                                 [90m# org.apache.fineract.test.stepdef.common.BusinessDateStepDef.setBusinessDate(java.lang.String)[39m
  [32m✔[39m [32m[1mThen [22mAdmin runs inline COB job for Loan[39m                                                                                              [90m# org.apache.fineract.test.stepdef.loan.InlineCOBStepDef.runInlineCOB()[39m
  [32m✔[39m [32m[1mThen [22mLoan Transactions tab has the following new buy down fee amortization data:[39m                                                     [90m# org.apache.fineract.test.stepdef.loan.LoanStepDef.loanTransactionsTabCheckNewBuyDownFeeAmortization(io.cucumber.datatable.DataTable)[39m
      | Transaction date | Transaction Type          | Amount | Principal | Interest | Fees | Penalties | Loan Balance | Reverted | Replayed |
      | 13 April 2026    | Buy Down Fee Amortization | 114.13 | 0.0       | 114.13   | 0.0  | 0.0       | 0.0          | false    | false    |
  [32m✔[39m [32m[1mWhen [22mAdmin sets the business date to [1m"12 June 2026"[22m[39m                                                                                  [90m# org.apache.fineract.test.stepdef.common.BusinessDateStepDef.setBusinessDate(java.lang.String)[39m
  [32m✔[39m [32m[1mThen [22mAdmin runs inline COB job for Loan[39m                                                                                              [90m# org.apache.fineract.test.stepdef.loan.InlineCOBStepDef.runInlineCOB()[39m

@BuyDownFeeFeature @TestRailId:CXXXX
[1mScenario Outline:[22m Verify Buy Down Fee Amortization Works correctly after Buy Down Fee Adjustment Reversal                                [90m# fineract-e2e-tests-runner/src/test/resources/features/LoanBuyDownFees.feature:4174[39m
  [32m✔[39m [32m[1mWhen [22mAdmin sets the business date to [1m"11 March 2026"[22m[39m                                                                                 [90m# org.apache.fineract.test.stepdef.common.BusinessDateStepDef.setBusinessDate(java.lang.String)[39m
  [32m✔[39m [32m[1mAnd [22mAdmin creates a client with random data[39m                                                                                          [90m# org.apache.fineract.test.stepdef.common.ClientStepDef.createClientRandomFirstNameLastName()[39m
  [32m✔[39m [32m[1mAnd [22mAdmin creates a fully customized loan with the following data:[39m                                                                   [90m# org.apache.fineract.test.stepdef.loan.LoanStepDef.createFullyCustomizedLoan(io.cucumber.datatable.DataTable)[39m
      | LoanProduct                                              | submitted on date | with Principal | ANNUAL interest rate % | interest type     | interest calculation period | amortization type  | loanTermFrequency | loanTermFrequencyType | repaymentEvery | repaymentFrequencyType | numberOfRepayments | graceOnPrincipalPayment | graceOnInterestPayment | interest free period | Payment strategy            |
      | LP2_PROGRESSIVE_ADVANCED_PAYMENT_ALLOCATION_BUYDOWN_FEES | 11 March 2026     | 1500           | 9.99                   | DECLINING_BALANCE | DAILY                       | EQUAL_INSTALLMENTS | 3                 | MONTHS                | 1              | MONTHS                 | 3                  | 0                       | 0                      | 0                    | ADVANCED_PAYMENT_ALLOCATION |
  [32m✔[39m [32m[1mAnd [22mAdmin successfully approves the loan on [1m"11 March 2026"[22m with [1m"1500"[22m amount and expected disbursement date on [1m"11 March 2026"[22m[39m     [90m# org.apache.fineract.test.stepdef.loan.LoanStepDef.approveLoan(java.lang.String,java.lang.String,java.lang.String)[39m
  [32m✔[39m [32m[1mAnd [22mAdmin successfully disburse the loan on [1m"11 March 2026"[22m with [1m"1500"[22m EUR transaction amount[39m                                       [90m# org.apache.fineract.test.stepdef.loan.LoanStepDef.disburseLoan(java.lang.String,java.lang.String)[39m
  [32m✔[39m [32m[1mThen [22mLoan status will be [1m"ACTIVE"[22m[39m                                                                                                    [90m# org.apache.fineract.test.stepdef.loan.LoanStepDef.loanStatus(java.lang.String)[39m
  [32m✔[39m [32m[1mWhen [22mAdmin adds buy down fee with [1m"AUTOPAY"[22m payment type to the loan on [1m"11 March 2026"[22m with [1m"300"[22m EUR transaction amount[39m            [90m# org.apache.fineract.test.stepdef.loan.LoanStepDef.adminAddsBuyDownFeesToTheLoanOnWithEURTransactionAmount(java.lang.String,java.lang.String,java.lang.String)[39m
  [32m✔[39m [32m[1mWhen [22mAdmin adds buy down fee with [1m"AUTOPAY"[22m payment type to the loan on [1m"11 March 2026"[22m with [1m"300"[22m EUR transaction amount[39m            [90m# org.apache.fineract.test.stepdef.loan.LoanStepDef.adminAddsBuyDownFeesToTheLoanOnWithEURTransactionAmount(java.lang.String,java.lang.String,java.lang.String)[39m
  [32m✔[39m [32m[1mWhen [22mAdmin sets the business date to [1m"12 March 2026"[22m[39m                                                                                 [90m# org.apache.fineract.test.stepdef.common.BusinessDateStepDef.setBusinessDate(java.lang.String)[39m
  [32m✔[39m [32m[1mThen [22mAdmin runs inline COB job for Loan[39m                                                                                              [90m# org.apache.fineract.test.stepdef.loan.InlineCOBStepDef.runInlineCOB()[39m
  [32m✔[39m [32m[1mThen [22mLoan Transactions tab has the following new buy down fee amortization data:[39m                                                     [90m# org.apache.fineract.test.stepdef.loan.LoanStepDef.loanTransactionsTabCheckNewBuyDownFeeAmortization(io.cucumber.datatable.DataTable)[39m
      | Transaction date | Transaction Type          | Amount | Principal | Interest | Fees | Penalties | Loan Balance | Reverted | Replayed |
      | 11 March 2026    | Buy Down Fee Amortization | 6.52   | 0.0       | 6.52     | 0.0  | 0.0       | 0.0          | false    | false    |
  [32m✔[39m [32m[1mWhen [22mAdmin sets the business date to [1m"12 April 2026"[22m[39m                                                                                 [90m# org.apache.fineract.test.stepdef.common.BusinessDateStepDef.setBusinessDate(java.lang.String)[39m
  [32m✔[39m [32m[1mThen [22mAdmin runs inline COB job for Loan[39m                                                                                              [90m# org.apache.fineract.test.stepdef.loan.InlineCOBStepDef.runInlineCOB()[39m
  [32m✔[39m [32m[1mThen [22mLoan Transactions tab has the following new buy down fee amortization data:[39m                                                     [90m# org.apache.fineract.test.stepdef.loan.LoanStepDef.loanTransactionsTabCheckNewBuyDownFeeAmortization(io.cucumber.datatable.DataTable)[39m
      | Transaction date | Transaction Type          | Amount | Principal | Interest | Fees | Penalties | Loan Balance | Reverted | Replayed |
      | 12 March 2026    | Buy Down Fee Amortization | 6.52   | 0.0       | 6.52     | 0.0  | 0.0       | 0.0          | false    | false    |
      | 13 March 2026    | Buy Down Fee Amortization | 6.52   | 0.0       | 6.52     | 0.0  | 0.0       | 0.0          | false    | false    |
      | 14 March 2026    | Buy Down Fee Amortization | 6.52   | 0.0       | 6.52     | 0.0  | 0.0       | 0.0          | false    | false    |
      | 15 March 2026    | Buy Down Fee Amortization | 6.52   | 0.0       | 6.52     | 0.0  | 0.0       | 0.0          | false    | false    |
      | 16 March 2026    | Buy Down Fee Amortization | 6.54   | 0.0       | 6.54     | 0.0  | 0.0       | 0.0          | false    | false    |
      | 17 March 2026    | Buy Down Fee Amortization | 6.52   | 0.0       | 6.52     | 0.0  | 0.0       | 0.0          | false    | false    |
      | 18 March 2026    | Buy Down Fee Amortization | 6.52   | 0.0       | 6.52     | 0.0  | 0.0       | 0.0          | false    | false    |
      | 19 March 2026    | Buy Down Fee Amortization | 6.52   | 0.0       | 6.52     | 0.0  | 0.0       | 0.0          | false    | false    |
      | 20 March 2026    | Buy Down Fee Amortization | 6.52   | 0.0       | 6.52     | 0.0  | 0.0       | 0.0          | false    | false    |
      | 21 March 2026    | Buy Down Fee Amortization | 6.52   | 0.0       | 6.52     | 0.0  | 0.0       | 0.0          | false    | false    |
      | 22 March 2026    | Buy Down Fee Amortization | 6.52   | 0.0       | 6.52     | 0.0  | 0.0       | 0.0          | false    | false    |
      | 23 March 2026    | Buy Down Fee Amortization | 6.52   | 0.0       | 6.52     | 0.0  | 0.0       | 0.0          | false    | false    |
      | 24 March 2026    | Buy Down Fee Amortization | 6.52   | 0.0       | 6.52     | 0.0  | 0.0       | 0.0          | false    | false    |
      | 25 March 2026    | Buy Down Fee Amortization | 6.52   | 0.0       | 6.52     | 0.0  | 0.0       | 0.0          | false    | false    |
      | 26 March 2026    | Buy Down Fee Amortization | 6.52   | 0.0       | 6.52     | 0.0  | 0.0       | 0.0          | false    | false    |
      | 27 March 2026    | Buy Down Fee Amortization | 6.52   | 0.0       | 6.52     | 0.0  | 0.0       | 0.0          | false    | false    |
      | 28 March 2026    | Buy Down Fee Amortization | 6.54   | 0.0       | 6.54     | 0.0  | 0.0       | 0.0          | false    | false    |
      | 29 March 2026    | Buy Down Fee Amortization | 6.52   | 0.0       | 6.52     | 0.0  | 0.0       | 0.0          | false    | false    |
      | 30 March 2026    | Buy Down Fee Amortization | 6.52   | 0.0       | 6.52     | 0.0  | 0.0       | 0.0          | false    | false    |
      | 31 March 2026    | Buy Down Fee Amortization | 6.52   | 0.0       | 6.52     | 0.0  | 0.0       | 0.0          | false    | false    |
      | 01 April 2026    | Buy Down Fee Amortization | 6.52   | 0.0       | 6.52     | 0.0  | 0.0       | 0.0          | false    | false    |
      | 02 April 2026    | Buy Down Fee Amortization | 6.52   | 0.0       | 6.52     | 0.0  | 0.0       | 0.0          | false    | false    |
      | 03 April 2026    | Buy Down Fee Amortization | 6.52   | 0.0       | 6.52     | 0.0  | 0.0       | 0.0          | false    | false    |
      | 04 April 2026    | Buy Down Fee Amortization | 6.52   | 0.0       | 6.52     | 0.0  | 0.0       | 0.0          | false    | false    |
      | 05 April 2026    | Buy Down Fee Amortization | 6.52   | 0.0       | 6.52     | 0.0  | 0.0       | 0.0          | false    | false    |
      | 06 April 2026    | Buy Down Fee Amortization | 6.52   | 0.0       | 6.52     | 0.0  | 0.0       | 0.0          | false    | false    |
      | 07 April 2026    | Buy Down Fee Amortization | 6.52   | 0.0       | 6.52     | 0.0  | 0.0       | 0.0          | false    | false    |
      | 08 April 2026    | Buy Down Fee Amortization | 6.54   | 0.0       | 6.54     | 0.0  | 0.0       | 0.0          | false    | false    |
      | 09 April 2026    | Buy Down Fee Amortization | 6.52   | 0.0       | 6.52     | 0.0  | 0.0       | 0.0          | false    | false    |
      | 10 April 2026    | Buy Down Fee Amortization | 6.52   | 0.0       | 6.52     | 0.0  | 0.0       | 0.0          | false    | false    |
      | 11 April 2026    | Buy Down Fee Amortization | 6.52   | 0.0       | 6.52     | 0.0  | 0.0       | 0.0          | false    | false    |
  [32m✔[39m [32m[1mThen [22mAdmin adds buy down fee adjustment with [1m"AUTOPAY"[22m payment type to the loan on [1m"12 April 2026"[22m with [1m"300"[22m EUR transaction amount[39m [90m# org.apache.fineract.test.stepdef.loan.LoanStepDef.adminAddsBuyDownFeesAdjustmentToTheLoan(java.lang.String,java.lang.String,java.lang.String)[39m
  [32m✔[39m [32m[1mWhen [22mAdmin sets the business date to [1m"13 April 2026"[22m[39m                                                                                 [90m# org.apache.fineract.test.stepdef.common.BusinessDateStepDef.setBusinessDate(java.lang.String)[39m
  [32m✔[39m [32m[1mThen [22mAdmin runs inline COB job for Loan[39m                                                                                              [90m# org.apache.fineract.test.stepdef.loan.InlineCOBStepDef.runInlineCOB()[39m
  [32m✔[39m [32m[1mThen [22mLoan Transactions tab has the following new buy down fee amortization data:[39m                                                     [90m# org.apache.fineract.test.stepdef.loan.LoanStepDef.loanTransactionsTabCheckNewBuyDownFeeAmortization(io.cucumber.datatable.DataTable)[39m
      | Transaction date | Transaction Type                     | Amount | Principal | Interest | Fees | Penalties | Loan Balance | Reverted | Replayed |
      | 12 April 2026    | Buy Down Fee Amortization Adjustment | 101.09 | 0.0       | 101.09   | 0.0  | 0.0       | 0.0          | false    | false    |
  [32m✔[39m [32m[1mWhen [22mCustomer undo [1m"1"[22mth [1m"Buy Down Fee Adjustment"[22m transaction made on [1m"12 April 2026"[22m[39m                                               [90m# org.apache.fineract.test.stepdef.loan.LoanRepaymentStepDef.undoNthTransactionType(java.lang.String,java.lang.String,java.lang.String)[39m
  [32m✔[39m [32m[1mWhen [22mAdmin sets the business date to [1m"14 April 2026"[22m[39m                                                                                 [90m# org.apache.fineract.test.stepdef.common.BusinessDateStepDef.setBusinessDate(java.lang.String)[39m
  [32m✔[39m [32m[1mThen [22mAdmin runs inline COB job for Loan[39m                                                                                              [90m# org.apache.fineract.test.stepdef.loan.InlineCOBStepDef.runInlineCOB()[39m
  [32m✔[39m [32m[1mThen [22mLoan Transactions tab has the following new buy down fee amortization data:[39m                                                     [90m# org.apache.fineract.test.stepdef.loan.LoanStepDef.loanTransactionsTabCheckNewBuyDownFeeAmortization(io.cucumber.datatable.DataTable)[39m
      | Transaction date | Transaction Type          | Amount | Principal | Interest | Fees | Penalties | Loan Balance | Reverted | Replayed |
      | 13 April 2026    | Buy Down Fee Amortization | 114.13 | 0.0       | 114.13   | 0.0  | 0.0       | 0.0          | false    | false    |
  [32m✔[39m [32m[1mWhen [22mAdmin sets the business date to [1m"12 June 2026"[22m[39m                                                                                  [90m# org.apache.fineract.test.stepdef.common.BusinessDateStepDef.setBusinessDate(java.lang.String)[39m
  [32m✔[39m [32m[1mThen [22mAdmin runs inline COB job for Loan[39m                                                                                              [90m# org.apache.fineract.test.stepdef.loan.InlineCOBStepDef.runInlineCOB()[39m

@BuyDownFeeFeature @TestRailId:CXXXX
[1mScenario Outline:[22m Verify Buy Down Fee Amortization Works correctly after Buy Down Fee Adjustment Reversal                                [90m# fineract-e2e-tests-runner/src/test/resources/features/LoanBuyDownFees.feature:4175[39m
  [32m✔[39m [32m[1mWhen [22mAdmin sets the business date to [1m"11 March 2026"[22m[39m                                                                                 [90m# org.apache.fineract.test.stepdef.common.BusinessDateStepDef.setBusinessDate(java.lang.String)[39m
  [32m✔[39m [32m[1mAnd [22mAdmin creates a client with random data[39m                                                                                          [90m# org.apache.fineract.test.stepdef.common.ClientStepDef.createClientRandomFirstNameLastName()[39m
  [32m✔[39m [32m[1mAnd [22mAdmin creates a fully customized loan with the following data:[39m                                                                   [90m# org.apache.fineract.test.stepdef.loan.LoanStepDef.createFullyCustomizedLoan(io.cucumber.datatable.DataTable)[39m
      | LoanProduct                                                           | submitted on date | with Principal | ANNUAL interest rate % | interest type     | interest calculation period | amortization type  | loanTermFrequency | loanTermFrequencyType | repaymentEvery | repaymentFrequencyType | numberOfRepayments | graceOnPrincipalPayment | graceOnInterestPayment | interest free period | Payment strategy            |
      | LP2_PROGRESSIVE_ADVANCED_PAYMENT_ALLOCATION_BUYDOWN_FEES_NON_MERCHANT | 11 March 2026     | 1500           | 9.99                   | DECLINING_BALANCE | DAILY                       | EQUAL_INSTALLMENTS | 3                 | MONTHS                | 1              | MONTHS                 | 3                  | 0                       | 0                      | 0                    | ADVANCED_PAYMENT_ALLOCATION |
  [32m✔[39m [32m[1mAnd [22mAdmin successfully approves the loan on [1m"11 March 2026"[22m with [1m"1500"[22m amount and expected disbursement date on [1m"11 March 2026"[22m[39m     [90m# org.apache.fineract.test.stepdef.loan.LoanStepDef.approveLoan(java.lang.String,java.lang.String,java.lang.String)[39m
  [32m✔[39m [32m[1mAnd [22mAdmin successfully disburse the loan on [1m"11 March 2026"[22m with [1m"1500"[22m EUR transaction amount[39m                                       [90m# org.apache.fineract.test.stepdef.loan.LoanStepDef.disburseLoan(java.lang.String,java.lang.String)[39m
  [32m✔[39m [32m[1mThen [22mLoan status will be [1m"ACTIVE"[22m[39m                                                                                                    [90m# org.apache.fineract.test.stepdef.loan.LoanStepDef.loanStatus(java.lang.String)[39m
  [32m✔[39m [32m[1mWhen [22mAdmin adds buy down fee with [1m"AUTOPAY"[22m payment type to the loan on [1m"11 March 2026"[22m with [1m"300"[22m EUR transaction amount[39m            [90m# org.apache.fineract.test.stepdef.loan.LoanStepDef.adminAddsBuyDownFeesToTheLoanOnWithEURTransactionAmount(java.lang.String,java.lang.String,java.lang.String)[39m
  [32m✔[39m [32m[1mWhen [22mAdmin adds buy down fee with [1m"AUTOPAY"[22m payment type to the loan on [1m"11 March 2026"[22m with [1m"300"[22m EUR transaction amount[39m            [90m# org.apache.fineract.test.stepdef.loan.LoanStepDef.adminAddsBuyDownFeesToTheLoanOnWithEURTransactionAmount(java.lang.String,java.lang.String,java.lang.String)[39m
  [32m✔[39m [32m[1mWhen [22mAdmin sets the business date to [1m"12 March 2026"[22m[39m                                                                                 [90m# org.apache.fineract.test.stepdef.common.BusinessDateStepDef.setBusinessDate(java.lang.String)[39m
  [32m✔[39m [32m[1mThen [22mAdmin runs inline COB job for Loan[39m                                                                                              [90m# org.apache.fineract.test.stepdef.loan.InlineCOBStepDef.runInlineCOB()[39m
  [32m✔[39m [32m[1mThen [22mLoan Transactions tab has the following new buy down fee amortization data:[39m                                                     [90m# org.apache.fineract.test.stepdef.loan.LoanStepDef.loanTransactionsTabCheckNewBuyDownFeeAmortization(io.cucumber.datatable.DataTable)[39m
      | Transaction date | Transaction Type          | Amount | Principal | Interest | Fees | Penalties | Loan Balance | Reverted | Replayed |
      | 11 March 2026    | Buy Down Fee Amortization | 6.52   | 0.0       | 6.52     | 0.0  | 0.0       | 0.0          | false    | false    |
  [32m✔[39m [32m[1mWhen [22mAdmin sets the business date to [1m"12 April 2026"[22m[39m                                                                                 [90m# org.apache.fineract.test.stepdef.common.BusinessDateStepDef.setBusinessDate(java.lang.String)[39m
  [32m✔[39m [32m[1mThen [22mAdmin runs inline COB job for Loan[39m                                                                                              [90m# org.apache.fineract.test.stepdef.loan.InlineCOBStepDef.runInlineCOB()[39m
  [32m✔[39m [32m[1mThen [22mLoan Transactions tab has the following new buy down fee amortization data:[39m                                                     [90m# org.apache.fineract.test.stepdef.loan.LoanStepDef.loanTransactionsTabCheckNewBuyDownFeeAmortization(io.cucumber.datatable.DataTable)[39m
      | Transaction date | Transaction Type          | Amount | Principal | Interest | Fees | Penalties | Loan Balance | Reverted | Replayed |
      | 12 March 2026    | Buy Down Fee Amortization | 6.52   | 0.0       | 6.52     | 0.0  | 0.0       | 0.0          | false    | false    |
      | 13 March 2026    | Buy Down Fee Amortization | 6.52   | 0.0       | 6.52     | 0.0  | 0.0       | 0.0          | false    | false    |
      | 14 March 2026    | Buy Down Fee Amortization | 6.52   | 0.0       | 6.52     | 0.0  | 0.0       | 0.0          | false    | false    |
      | 15 March 2026    | Buy Down Fee Amortization | 6.52   | 0.0       | 6.52     | 0.0  | 0.0       | 0.0          | false    | false    |
      | 16 March 2026    | Buy Down Fee Amortization | 6.54   | 0.0       | 6.54     | 0.0  | 0.0       | 0.0          | false    | false    |
      | 17 March 2026    | Buy Down Fee Amortization | 6.52   | 0.0       | 6.52     | 0.0  | 0.0       | 0.0          | false    | false    |
      | 18 March 2026    | Buy Down Fee Amortization | 6.52   | 0.0       | 6.52     | 0.0  | 0.0       | 0.0          | false    | false    |
      | 19 March 2026    | Buy Down Fee Amortization | 6.52   | 0.0       | 6.52     | 0.0  | 0.0       | 0.0          | false    | false    |
      | 20 March 2026    | Buy Down Fee Amortization | 6.52   | 0.0       | 6.52     | 0.0  | 0.0       | 0.0          | false    | false    |
      | 21 March 2026    | Buy Down Fee Amortization | 6.52   | 0.0       | 6.52     | 0.0  | 0.0       | 0.0          | false    | false    |
      | 22 March 2026    | Buy Down Fee Amortization | 6.52   | 0.0       | 6.52     | 0.0  | 0.0       | 0.0          | false    | false    |
      | 23 March 2026    | Buy Down Fee Amortization | 6.52   | 0.0       | 6.52     | 0.0  | 0.0       | 0.0          | false    | false    |
      | 24 March 2026    | Buy Down Fee Amortization | 6.52   | 0.0       | 6.52     | 0.0  | 0.0       | 0.0          | false    | false    |
      | 25 March 2026    | Buy Down Fee Amortization | 6.52   | 0.0       | 6.52     | 0.0  | 0.0       | 0.0          | false    | false    |
      | 26 March 2026    | Buy Down Fee Amortization | 6.52   | 0.0       | 6.52     | 0.0  | 0.0       | 0.0          | false    | false    |
      | 27 March 2026    | Buy Down Fee Amortization | 6.52   | 0.0       | 6.52     | 0.0  | 0.0       | 0.0          | false    | false    |
      | 28 March 2026    | Buy Down Fee Amortization | 6.54   | 0.0       | 6.54     | 0.0  | 0.0       | 0.0          | false    | false    |
      | 29 March 2026    | Buy Down Fee Amortization | 6.52   | 0.0       | 6.52     | 0.0  | 0.0       | 0.0          | false    | false    |
      | 30 March 2026    | Buy Down Fee Amortization | 6.52   | 0.0       | 6.52     | 0.0  | 0.0       | 0.0          | false    | false    |
      | 31 March 2026    | Buy Down Fee Amortization | 6.52   | 0.0       | 6.52     | 0.0  | 0.0       | 0.0          | false    | false    |
      | 01 April 2026    | Buy Down Fee Amortization | 6.52   | 0.0       | 6.52     | 0.0  | 0.0       | 0.0          | false    | false    |
      | 02 April 2026    | Buy Down Fee Amortization | 6.52   | 0.0       | 6.52     | 0.0  | 0.0       | 0.0          | false    | false    |
      | 03 April 2026    | Buy Down Fee Amortization | 6.52   | 0.0       | 6.52     | 0.0  | 0.0       | 0.0          | false    | false    |
      | 04 April 2026    | Buy Down Fee Amortization | 6.52   | 0.0       | 6.52     | 0.0  | 0.0       | 0.0          | false    | false    |
      | 05 April 2026    | Buy Down Fee Amortization | 6.52   | 0.0       | 6.52     | 0.0  | 0.0       | 0.0          | false    | false    |
      | 06 April 2026    | Buy Down Fee Amortization | 6.52   | 0.0       | 6.52     | 0.0  | 0.0       | 0.0          | false    | false    |
      | 07 April 2026    | Buy Down Fee Amortization | 6.52   | 0.0       | 6.52     | 0.0  | 0.0       | 0.0          | false    | false    |
      | 08 April 2026    | Buy Down Fee Amortization | 6.54   | 0.0       | 6.54     | 0.0  | 0.0       | 0.0          | false    | false    |
      | 09 April 2026    | Buy Down Fee Amortization | 6.52   | 0.0       | 6.52     | 0.0  | 0.0       | 0.0          | false    | false    |
      | 10 April 2026    | Buy Down Fee Amortization | 6.52   | 0.0       | 6.52     | 0.0  | 0.0       | 0.0          | false    | false    |
      | 11 April 2026    | Buy Down Fee Amortization | 6.52   | 0.0       | 6.52     | 0.0  | 0.0       | 0.0          | false    | false    |
  [32m✔[39m [32m[1mThen [22mAdmin adds buy down fee adjustment with [1m"AUTOPAY"[22m payment type to the loan on [1m"12 April 2026"[22m with [1m"300"[22m EUR transaction amount[39m [90m# org.apache.fineract.test.stepdef.loan.LoanStepDef.adminAddsBuyDownFeesAdjustmentToTheLoan(java.lang.String,java.lang.String,java.lang.String)[39m
  [32m✔[39m [32m[1mWhen [22mAdmin sets the business date to [1m"13 April 2026"[22m[39m                                                                                 [90m# org.apache.fineract.test.stepdef.common.BusinessDateStepDef.setBusinessDate(java.lang.String)[39m
  [32m✔[39m [32m[1mThen [22mAdmin runs inline COB job for Loan[39m                                                                                              [90m# org.apache.fineract.test.stepdef.loan.InlineCOBStepDef.runInlineCOB()[39m
  [32m✔[39m [32m[1mThen [22mLoan Transactions tab has the following new buy down fee amortization data:[39m                                                     [90m# org.apache.fineract.test.stepdef.loan.LoanStepDef.loanTransactionsTabCheckNewBuyDownFeeAmortization(io.cucumber.datatable.DataTable)[39m
      | Transaction date | Transaction Type                     | Amount | Principal | Interest | Fees | Penalties | Loan Balance | Reverted | Replayed |
      | 12 April 2026    | Buy Down Fee Amortization Adjustment | 101.09 | 0.0       | 101.09   | 0.0  | 0.0       | 0.0          | false    | false    |
  [32m✔[39m [32m[1mWhen [22mCustomer undo [1m"1"[22mth [1m"Buy Down Fee Adjustment"[22m transaction made on [1m"12 April 2026"[22m[39m                                               [90m# org.apache.fineract.test.stepdef.loan.LoanRepaymentStepDef.undoNthTransactionType(java.lang.String,java.lang.String,java.lang.String)[39m
  [32m✔[39m [32m[1mWhen [22mAdmin sets the business date to [1m"14 April 2026"[22m[39m                                                                                 [90m# org.apache.fineract.test.stepdef.common.BusinessDateStepDef.setBusinessDate(java.lang.String)[39m
  [32m✔[39m [32m[1mThen [22mAdmin runs inline COB job for Loan[39m                                                                                              [90m# org.apache.fineract.test.stepdef.loan.InlineCOBStepDef.runInlineCOB()[39m
  [32m✔[39m [32m[1mThen [22mLoan Transactions tab has the following new buy down fee amortization data:[39m                                                     [90m# org.apache.fineract.test.stepdef.loan.LoanStepDef.loanTransactionsTabCheckNewBuyDownFeeAmortization(io.cucumber.datatable.DataTable)[39m
      | Transaction date | Transaction Type          | Amount | Principal | Interest | Fees | Penalties | Loan Balance | Reverted | Replayed |
      | 13 April 2026    | Buy Down Fee Amortization | 114.13 | 0.0       | 114.13   | 0.0  | 0.0       | 0.0          | false    | false    |
  [32m✔[39m [32m[1mWhen [22mAdmin sets the business date to [1m"12 June 2026"[22m[39m                                                                                  [90m# org.apache.fineract.test.stepdef.common.BusinessDateStepDef.setBusinessDate(java.lang.String)[39m
  [32m✔[39m [32m[1mThen [22mAdmin runs inline COB job for Loan[39m                                                                                              [90m# org.apache.fineract.test.stepdef.loan.InlineCOBStepDef.runInlineCOB()[39m

@BuyDownFeeFeature @TestRailId:CXXXX
[1mScenario Outline:[22m Verify Buy Down Fee Amortization Works correctly after Buy Down Fee Adjustment Reversal                                [90m# fineract-e2e-tests-runner/src/test/resources/features/LoanBuyDownFees.feature:4176[39m
  [32m✔[39m [32m[1mWhen [22mAdmin sets the business date to [1m"11 March 2026"[22m[39m                                                                                 [90m# org.apache.fineract.test.stepdef.common.BusinessDateStepDef.setBusinessDate(java.lang.String)[39m
  [32m✔[39m [32m[1mAnd [22mAdmin creates a client with random data[39m                                                                                          [90m# org.apache.fineract.test.stepdef.common.ClientStepDef.createClientRandomFirstNameLastName()[39m
  [32m✔[39m [32m[1mAnd [22mAdmin creates a fully customized loan with the following data:[39m                                                                   [90m# org.apache.fineract.test.stepdef.loan.LoanStepDef.createFullyCustomizedLoan(io.cucumber.datatable.DataTable)[39m
      | LoanProduct                                                                        | submitted on date | with Principal | ANNUAL interest rate % | interest type     | interest calculation period | amortization type  | loanTermFrequency | loanTermFrequencyType | repaymentEvery | repaymentFrequencyType | numberOfRepayments | graceOnPrincipalPayment | graceOnInterestPayment | interest free period | Payment strategy            |
      | LP2_PROGRESSIVE_ADVANCED_PAYMENT_ALLOCATION_BUYDOWN_FEES_CLASSIFICATION_INCOME_MAP | 11 March 2026     | 1500           | 9.99                   | DECLINING_BALANCE | DAILY                       | EQUAL_INSTALLMENTS | 3                 | MONTHS                | 1              | MONTHS                 | 3                  | 0                       | 0                      | 0                    | ADVANCED_PAYMENT_ALLOCATION |
  [32m✔[39m [32m[1mAnd [22mAdmin successfully approves the loan on [1m"11 March 2026"[22m with [1m"1500"[22m amount and expected disbursement date on [1m"11 March 2026"[22m[39m     [90m# org.apache.fineract.test.stepdef.loan.LoanStepDef.approveLoan(java.lang.String,java.lang.String,java.lang.String)[39m
  [32m✔[39m [32m[1mAnd [22mAdmin successfully disburse the loan on [1m"11 March 2026"[22m with [1m"1500"[22m EUR transaction amount[39m                                       [90m# org.apache.fineract.test.stepdef.loan.LoanStepDef.disburseLoan(java.lang.String,java.lang.String)[39m
  [32m✔[39m [32m[1mThen [22mLoan status will be [1m"ACTIVE"[22m[39m                                                                                                    [90m# org.apache.fineract.test.stepdef.loan.LoanStepDef.loanStatus(java.lang.String)[39m
  [32m✔[39m [32m[1mWhen [22mAdmin adds buy down fee with [1m"AUTOPAY"[22m payment type to the loan on [1m"11 March 2026"[22m with [1m"300"[22m EUR transaction amount[39m            [90m# org.apache.fineract.test.stepdef.loan.LoanStepDef.adminAddsBuyDownFeesToTheLoanOnWithEURTransactionAmount(java.lang.String,java.lang.String,java.lang.String)[39m
  [32m✔[39m [32m[1mWhen [22mAdmin adds buy down fee with [1m"AUTOPAY"[22m payment type to the loan on [1m"11 March 2026"[22m with [1m"300"[22m EUR transaction amount[39m            [90m# org.apache.fineract.test.stepdef.loan.LoanStepDef.adminAddsBuyDownFeesToTheLoanOnWithEURTransactionAmount(java.lang.String,java.lang.String,java.lang.String)[39m
  [32m✔[39m [32m[1mWhen [22mAdmin sets the business date to [1m"12 March 2026"[22m[39m                                                                                 [90m# org.apache.fineract.test.stepdef.common.BusinessDateStepDef.setBusinessDate(java.lang.String)[39m
  [32m✔[39m [32m[1mThen [22mAdmin runs inline COB job for Loan[39m                                                                                              [90m# org.apache.fineract.test.stepdef.loan.InlineCOBStepDef.runInlineCOB()[39m
  [32m✔[39m [32m[1mThen [22mLoan Transactions tab has the following new buy down fee amortization data:[39m                                                     [90m# org.apache.fineract.test.stepdef.loan.LoanStepDef.loanTransactionsTabCheckNewBuyDownFeeAmortization(io.cucumber.datatable.DataTable)[39m
      | Transaction date | Transaction Type          | Amount | Principal | Interest | Fees | Penalties | Loan Balance | Reverted | Replayed |
      | 11 March 2026    | Buy Down Fee Amortization | 6.52   | 0.0       | 6.52     | 0.0  | 0.0       | 0.0          | false    | false    |
  [32m✔[39m [32m[1mWhen [22mAdmin sets the business date to [1m"12 April 2026"[22m[39m                                                                                 [90m# org.apache.fineract.test.stepdef.common.BusinessDateStepDef.setBusinessDate(java.lang.String)[39m
  [32m✔[39m [32m[1mThen [22mAdmin runs inline COB job for Loan[39m                                                                                              [90m# org.apache.fineract.test.stepdef.loan.InlineCOBStepDef.runInlineCOB()[39m
  [32m✔[39m [32m[1mThen [22mLoan Transactions tab has the following new buy down fee amortization data:[39m                                                     [90m# org.apache.fineract.test.stepdef.loan.LoanStepDef.loanTransactionsTabCheckNewBuyDownFeeAmortization(io.cucumber.datatable.DataTable)[39m
      | Transaction date | Transaction Type          | Amount | Principal | Interest | Fees | Penalties | Loan Balance | Reverted | Replayed |
      | 12 March 2026    | Buy Down Fee Amortization | 6.52   | 0.0       | 6.52     | 0.0  | 0.0       | 0.0          | false    | false    |
      | 13 March 2026    | Buy Down Fee Amortization | 6.52   | 0.0       | 6.52     | 0.0  | 0.0       | 0.0          | false    | false    |
      | 14 March 2026    | Buy Down Fee Amortization | 6.52   | 0.0       | 6.52     | 0.0  | 0.0       | 0.0          | false    | false    |
      | 15 March 2026    | Buy Down Fee Amortization | 6.52   | 0.0       | 6.52     | 0.0  | 0.0       | 0.0          | false    | false    |
      | 16 March 2026    | Buy Down Fee Amortization | 6.54   | 0.0       | 6.54     | 0.0  | 0.0       | 0.0          | false    | false    |
      | 17 March 2026    | Buy Down Fee Amortization | 6.52   | 0.0       | 6.52     | 0.0  | 0.0       | 0.0          | false    | false    |
      | 18 March 2026    | Buy Down Fee Amortization | 6.52   | 0.0       | 6.52     | 0.0  | 0.0       | 0.0          | false    | false    |
      | 19 March 2026    | Buy Down Fee Amortization | 6.52   | 0.0       | 6.52     | 0.0  | 0.0       | 0.0          | false    | false    |
      | 20 March 2026    | Buy Down Fee Amortization | 6.52   | 0.0       | 6.52     | 0.0  | 0.0       | 0.0          | false    | false    |
      | 21 March 2026    | Buy Down Fee Amortization | 6.52   | 0.0       | 6.52     | 0.0  | 0.0       | 0.0          | false    | false    |
      | 22 March 2026    | Buy Down Fee Amortization | 6.52   | 0.0       | 6.52     | 0.0  | 0.0       | 0.0          | false    | false    |
      | 23 March 2026    | Buy Down Fee Amortization | 6.52   | 0.0       | 6.52     | 0.0  | 0.0       | 0.0          | false    | false    |
      | 24 March 2026    | Buy Down Fee Amortization | 6.52   | 0.0       | 6.52     | 0.0  | 0.0       | 0.0          | false    | false    |
      | 25 March 2026    | Buy Down Fee Amortization | 6.52   | 0.0       | 6.52     | 0.0  | 0.0       | 0.0          | false    | false    |
      | 26 March 2026    | Buy Down Fee Amortization | 6.52   | 0.0       | 6.52     | 0.0  | 0.0       | 0.0          | false    | false    |
      | 27 March 2026    | Buy Down Fee Amortization | 6.52   | 0.0       | 6.52     | 0.0  | 0.0       | 0.0          | false    | false    |
      | 28 March 2026    | Buy Down Fee Amortization | 6.54   | 0.0       | 6.54     | 0.0  | 0.0       | 0.0          | false    | false    |
      | 29 March 2026    | Buy Down Fee Amortization | 6.52   | 0.0       | 6.52     | 0.0  | 0.0       | 0.0          | false    | false    |
      | 30 March 2026    | Buy Down Fee Amortization | 6.52   | 0.0       | 6.52     | 0.0  | 0.0       | 0.0          | false    | false    |
      | 31 March 2026    | Buy Down Fee Amortization | 6.52   | 0.0       | 6.52     | 0.0  | 0.0       | 0.0          | false    | false    |
      | 01 April 2026    | Buy Down Fee Amortization | 6.52   | 0.0       | 6.52     | 0.0  | 0.0       | 0.0          | false    | false    |
      | 02 April 2026    | Buy Down Fee Amortization | 6.52   | 0.0       | 6.52     | 0.0  | 0.0       | 0.0          | false    | false    |
      | 03 April 2026    | Buy Down Fee Amortization | 6.52   | 0.0       | 6.52     | 0.0  | 0.0       | 0.0          | false    | false    |
      | 04 April 2026    | Buy Down Fee Amortization | 6.52   | 0.0       | 6.52     | 0.0  | 0.0       | 0.0          | false    | false    |
      | 05 April 2026    | Buy Down Fee Amortization | 6.52   | 0.0       | 6.52     | 0.0  | 0.0       | 0.0          | false    | false    |
      | 06 April 2026    | Buy Down Fee Amortization | 6.52   | 0.0       | 6.52     | 0.0  | 0.0       | 0.0          | false    | false    |
      | 07 April 2026    | Buy Down Fee Amortization | 6.52   | 0.0       | 6.52     | 0.0  | 0.0       | 0.0          | false    | false    |
      | 08 April 2026    | Buy Down Fee Amortization | 6.54   | 0.0       | 6.54     | 0.0  | 0.0       | 0.0          | false    | false    |
      | 09 April 2026    | Buy Down Fee Amortization | 6.52   | 0.0       | 6.52     | 0.0  | 0.0       | 0.0          | false    | false    |
      | 10 April 2026    | Buy Down Fee Amortization | 6.52   | 0.0       | 6.52     | 0.0  | 0.0       | 0.0          | false    | false    |
      | 11 April 2026    | Buy Down Fee Amortization | 6.52   | 0.0       | 6.52     | 0.0  | 0.0       | 0.0          | false    | false    |
  [32m✔[39m [32m[1mThen [22mAdmin adds buy down fee adjustment with [1m"AUTOPAY"[22m payment type to the loan on [1m"12 April 2026"[22m with [1m"300"[22m EUR transaction amount[39m [90m# org.apache.fineract.test.stepdef.loan.LoanStepDef.adminAddsBuyDownFeesAdjustmentToTheLoan(java.lang.String,java.lang.String,java.lang.String)[39m
  [32m✔[39m [32m[1mWhen [22mAdmin sets the business date to [1m"13 April 2026"[22m[39m                                                                                 [90m# org.apache.fineract.test.stepdef.common.BusinessDateStepDef.setBusinessDate(java.lang.String)[39m
  [32m✔[39m [32m[1mThen [22mAdmin runs inline COB job for Loan[39m                                                                                              [90m# org.apache.fineract.test.stepdef.loan.InlineCOBStepDef.runInlineCOB()[39m
  [32m✔[39m [32m[1mThen [22mLoan Transactions tab has the following new buy down fee amortization data:[39m                                                     [90m# org.apache.fineract.test.stepdef.loan.LoanStepDef.loanTransactionsTabCheckNewBuyDownFeeAmortization(io.cucumber.datatable.DataTable)[39m
      | Transaction date | Transaction Type                     | Amount | Principal | Interest | Fees | Penalties | Loan Balance | Reverted | Replayed |
      | 12 April 2026    | Buy Down Fee Amortization Adjustment | 101.09 | 0.0       | 101.09   | 0.0  | 0.0       | 0.0          | false    | false    |
  [32m✔[39m [32m[1mWhen [22mCustomer undo [1m"1"[22mth [1m"Buy Down Fee Adjustment"[22m transaction made on [1m"12 April 2026"[22m[39m                                               [90m# org.apache.fineract.test.stepdef.loan.LoanRepaymentStepDef.undoNthTransactionType(java.lang.String,java.lang.String,java.lang.String)[39m
  [32m✔[39m [32m[1mWhen [22mAdmin sets the business date to [1m"14 April 2026"[22m[39m                                                                                 [90m# org.apache.fineract.test.stepdef.common.BusinessDateStepDef.setBusinessDate(java.lang.String)[39m
  [32m✔[39m [32m[1mThen [22mAdmin runs inline COB job for Loan[39m                                                                                              [90m# org.apache.fineract.test.stepdef.loan.InlineCOBStepDef.runInlineCOB()[39m
  [32m✔[39m [32m[1mThen [22mLoan Transactions tab has the following new buy down fee amortization data:[39m                                                     [90m# org.apache.fineract.test.stepdef.loan.LoanStepDef.loanTransactionsTabCheckNewBuyDownFeeAmortization(io.cucumber.datatable.DataTable)[39m
      | Transaction date | Transaction Type          | Amount | Principal | Interest | Fees | Penalties | Loan Balance | Reverted | Replayed |
      | 13 April 2026    | Buy Down Fee Amortization | 114.13 | 0.0       | 114.13   | 0.0  | 0.0       | 0.0          | false    | false    |
  [32m✔[39m [32m[1mWhen [22mAdmin sets the business date to [1m"12 June 2026"[22m[39m                                                                                  [90m# org.apache.fineract.test.stepdef.common.BusinessDateStepDef.setBusinessDate(java.lang.String)[39m
  [32m✔[39m [32m[1mThen [22mAdmin runs inline COB job for Loan[39m                                                                                              [90m# org.apache.fineract.test.stepdef.loan.InlineCOBStepDef.runInlineCOB()[39m

@BuyDownFeeFeature @TestRailId:C85357
[1mScenario:[22m Verify Buy Down Fee Amortization Works correctly after Buy Down Fee Adjustment Reversal buydown fee as fee                     [90m# fineract-e2e-tests-runner/src/test/resources/features/LoanBuyDownFees.feature:4179[39m
  [32m✔[39m [32m[1mWhen [22mAdmin sets the business date to [1m"11 March 2026"[22m[39m                                                                                 [90m# org.apache.fineract.test.stepdef.common.BusinessDateStepDef.setBusinessDate(java.lang.String)[39m
  [32m✔[39m [32m[1mAnd [22mAdmin creates a client with random data[39m                                                                                          [90m# org.apache.fineract.test.stepdef.common.ClientStepDef.createClientRandomFirstNameLastName()[39m
  [32m✔[39m [32m[1mAnd [22mAdmin creates a fully customized loan with the following data:[39m                                                                   [90m# org.apache.fineract.test.stepdef.loan.LoanStepDef.createFullyCustomizedLoan(io.cucumber.datatable.DataTable)[39m
      | LoanProduct                                                         | submitted on date | with Principal | ANNUAL interest rate % | interest type     | interest calculation period | amortization type  | loanTermFrequency | loanTermFrequencyType | repaymentEvery | repaymentFrequencyType | numberOfRepayments | graceOnPrincipalPayment | graceOnInterestPayment | interest free period | Payment strategy            |
      | LP2_PROGRESSIVE_ADVANCED_PAYMENT_ALLOCATION_BUYDOWN_FEES_FEE_INCOME | 11 March 2026     | 1500           | 9.99                   | DECLINING_BALANCE | DAILY                       | EQUAL_INSTALLMENTS | 3                 | MONTHS                | 1              | MONTHS                 | 3                  | 0                       | 0                      | 0                    | ADVANCED_PAYMENT_ALLOCATION |
  [32m✔[39m [32m[1mAnd [22mAdmin successfully approves the loan on [1m"11 March 2026"[22m with [1m"1500"[22m amount and expected disbursement date on [1m"11 March 2026"[22m[39m     [90m# org.apache.fineract.test.stepdef.loan.LoanStepDef.approveLoan(java.lang.String,java.lang.String,java.lang.String)[39m
  [32m✔[39m [32m[1mAnd [22mAdmin successfully disburse the loan on [1m"11 March 2026"[22m with [1m"1500"[22m EUR transaction amount[39m                                       [90m# org.apache.fineract.test.stepdef.loan.LoanStepDef.disburseLoan(java.lang.String,java.lang.String)[39m
  [32m✔[39m [32m[1mThen [22mLoan status will be [1m"ACTIVE"[22m[39m                                                                                                    [90m# org.apache.fineract.test.stepdef.loan.LoanStepDef.loanStatus(java.lang.String)[39m
  [32m✔[39m [32m[1mWhen [22mAdmin adds buy down fee with [1m"AUTOPAY"[22m payment type to the loan on [1m"11 March 2026"[22m with [1m"300"[22m EUR transaction amount[39m            [90m# org.apache.fineract.test.stepdef.loan.LoanStepDef.adminAddsBuyDownFeesToTheLoanOnWithEURTransactionAmount(java.lang.String,java.lang.String,java.lang.String)[39m
  [32m✔[39m [32m[1mWhen [22mAdmin adds buy down fee with [1m"AUTOPAY"[22m payment type to the loan on [1m"11 March 2026"[22m with [1m"300"[22m EUR transaction amount[39m            [90m# org.apache.fineract.test.stepdef.loan.LoanStepDef.adminAddsBuyDownFeesToTheLoanOnWithEURTransactionAmount(java.lang.String,java.lang.String,java.lang.String)[39m
  [32m✔[39m [32m[1mWhen [22mAdmin sets the business date to [1m"12 March 2026"[22m[39m                                                                                 [90m# org.apache.fineract.test.stepdef.common.BusinessDateStepDef.setBusinessDate(java.lang.String)[39m
  [32m✔[39m [32m[1mThen [22mAdmin runs inline COB job for Loan[39m                                                                                              [90m# org.apache.fineract.test.stepdef.loan.InlineCOBStepDef.runInlineCOB()[39m
  [32m✔[39m [32m[1mThen [22mLoan Transactions tab has the following new buy down fee amortization data:[39m                                                     [90m# org.apache.fineract.test.stepdef.loan.LoanStepDef.loanTransactionsTabCheckNewBuyDownFeeAmortization(io.cucumber.datatable.DataTable)[39m
      | Transaction date | Transaction Type          | Amount | Principal | Fees | Interest | Penalties | Loan Balance | Reverted | Replayed |
      | 11 March 2026    | Buy Down Fee Amortization | 6.52   | 0.0       | 6.52 | 0.0      | 0.0       | 0.0          | false    | false    |
  [32m✔[39m [32m[1mWhen [22mAdmin sets the business date to [1m"12 April 2026"[22m[39m                                                                                 [90m# org.apache.fineract.test.stepdef.common.BusinessDateStepDef.setBusinessDate(java.lang.String)[39m
  [32m✔[39m [32m[1mThen [22mAdmin runs inline COB job for Loan[39m                                                                                              [90m# org.apache.fineract.test.stepdef.loan.InlineCOBStepDef.runInlineCOB()[39m
  [32m✔[39m [32m[1mThen [22mLoan Transactions tab has the following new buy down fee amortization data:[39m                                                     [90m# org.apache.fineract.test.stepdef.loan.LoanStepDef.loanTransactionsTabCheckNewBuyDownFeeAmortization(io.cucumber.datatable.DataTable)[39m
      | Transaction date | Transaction Type          | Amount | Principal | Fees | Interest | Penalties | Loan Balance | Reverted | Replayed |
      | 12 March 2026    | Buy Down Fee Amortization | 6.52   | 0.0       | 6.52 | 0.0      | 0.0       | 0.0          | false    | false    |
      | 13 March 2026    | Buy Down Fee Amortization | 6.52   | 0.0       | 6.52 | 0.0      | 0.0       | 0.0          | false    | false    |
      | 14 March 2026    | Buy Down Fee Amortization | 6.52   | 0.0       | 6.52 | 0.0      | 0.0       | 0.0          | false    | false    |
      | 15 March 2026    | Buy Down Fee Amortization | 6.52   | 0.0       | 6.52 | 0.0      | 0.0       | 0.0          | false    | false    |
      | 16 March 2026    | Buy Down Fee Amortization | 6.54   | 0.0       | 6.54 | 0.0      | 0.0       | 0.0          | false    | false    |
      | 17 March 2026    | Buy Down Fee Amortization | 6.52   | 0.0       | 6.52 | 0.0      | 0.0       | 0.0          | false    | false    |
      | 18 March 2026    | Buy Down Fee Amortization | 6.52   | 0.0       | 6.52 | 0.0      | 0.0       | 0.0          | false    | false    |
      | 19 March 2026    | Buy Down Fee Amortization | 6.52   | 0.0       | 6.52 | 0.0      | 0.0       | 0.0          | false    | false    |
      | 20 March 2026    | Buy Down Fee Amortization | 6.52   | 0.0       | 6.52 | 0.0      | 0.0       | 0.0          | false    | false    |
      | 21 March 2026    | Buy Down Fee Amortization | 6.52   | 0.0       | 6.52 | 0.0      | 0.0       | 0.0          | false    | false    |
      | 22 March 2026    | Buy Down Fee Amortization | 6.52   | 0.0       | 6.52 | 0.0      | 0.0       | 0.0          | false    | false    |
      | 23 March 2026    | Buy Down Fee Amortization | 6.52   | 0.0       | 6.52 | 0.0      | 0.0       | 0.0          | false    | false    |
      | 24 March 2026    | Buy Down Fee Amortization | 6.52   | 0.0       | 6.52 | 0.0      | 0.0       | 0.0          | false    | false    |
      | 25 March 2026    | Buy Down Fee Amortization | 6.52   | 0.0       | 6.52 | 0.0      | 0.0       | 0.0          | false    | false    |
      | 26 March 2026    | Buy Down Fee Amortization | 6.52   | 0.0       | 6.52 | 0.0      | 0.0       | 0.0          | false    | false    |
      | 27 March 2026    | Buy Down Fee Amortization | 6.52   | 0.0       | 6.52 | 0.0      | 0.0       | 0.0          | false    | false    |
      | 28 March 2026    | Buy Down Fee Amortization | 6.54   | 0.0       | 6.54 | 0.0      | 0.0       | 0.0          | false    | false    |
      | 29 March 2026    | Buy Down Fee Amortization | 6.52   | 0.0       | 6.52 | 0.0      | 0.0       | 0.0          | false    | false    |
      | 30 March 2026    | Buy Down Fee Amortization | 6.52   | 0.0       | 6.52 | 0.0      | 0.0       | 0.0          | false    | false    |
      | 31 March 2026    | Buy Down Fee Amortization | 6.52   | 0.0       | 6.52 | 0.0      | 0.0       | 0.0          | false    | false    |
      | 01 April 2026    | Buy Down Fee Amortization | 6.52   | 0.0       | 6.52 | 0.0      | 0.0       | 0.0          | false    | false    |
      | 02 April 2026    | Buy Down Fee Amortization | 6.52   | 0.0       | 6.52 | 0.0      | 0.0       | 0.0          | false    | false    |
      | 03 April 2026    | Buy Down Fee Amortization | 6.52   | 0.0       | 6.52 | 0.0      | 0.0       | 0.0          | false    | false    |
      | 04 April 2026    | Buy Down Fee Amortization | 6.52   | 0.0       | 6.52 | 0.0      | 0.0       | 0.0          | false    | false    |
      | 05 April 2026    | Buy Down Fee Amortization | 6.52   | 0.0       | 6.52 | 0.0      | 0.0       | 0.0          | false    | false    |
      | 06 April 2026    | Buy Down Fee Amortization | 6.52   | 0.0       | 6.52 | 0.0      | 0.0       | 0.0          | false    | false    |
      | 07 April 2026    | Buy Down Fee Amortization | 6.52   | 0.0       | 6.52 | 0.0      | 0.0       | 0.0          | false    | false    |
      | 08 April 2026    | Buy Down Fee Amortization | 6.54   | 0.0       | 6.54 | 0.0      | 0.0       | 0.0          | false    | false    |
      | 09 April 2026    | Buy Down Fee Amortization | 6.52   | 0.0       | 6.52 | 0.0      | 0.0       | 0.0          | false    | false    |
      | 10 April 2026    | Buy Down Fee Amortization | 6.52   | 0.0       | 6.52 | 0.0      | 0.0       | 0.0          | false    | false    |
      | 11 April 2026    | Buy Down Fee Amortization | 6.52   | 0.0       | 6.52 | 0.0      | 0.0       | 0.0          | false    | false    |
  [32m✔[39m [32m[1mThen [22mAdmin adds buy down fee adjustment with [1m"AUTOPAY"[22m payment type to the loan on [1m"12 April 2026"[22m with [1m"300"[22m EUR transaction amount[39m [90m# org.apache.fineract.test.stepdef.loan.LoanStepDef.adminAddsBuyDownFeesAdjustmentToTheLoan(java.lang.String,java.lang.String,java.lang.String)[39m
  [32m✔[39m [32m[1mWhen [22mAdmin sets the business date to [1m"13 April 2026"[22m[39m                                                                                 [90m# org.apache.fineract.test.stepdef.common.BusinessDateStepDef.setBusinessDate(java.lang.String)[39m
  [32m✔[39m [32m[1mThen [22mAdmin runs inline COB job for Loan[39m                                                                                              [90m# org.apache.fineract.test.stepdef.loan.InlineCOBStepDef.runInlineCOB()[39m
  [32m✔[39m [32m[1mThen [22mLoan Transactions tab has the following new buy down fee amortization data:[39m                                                     [90m# org.apache.fineract.test.stepdef.loan.LoanStepDef.loanTransactionsTabCheckNewBuyDownFeeAmortization(io.cucumber.datatable.DataTable)[39m
      | Transaction date | Transaction Type                     | Amount | Principal | Fees   | Interest | Penalties | Loan Balance | Reverted | Replayed |
      | 12 April 2026    | Buy Down Fee Amortization Adjustment | 101.09 | 0.0       | 101.09 | 0.0      | 0.0       | 0.0          | false    | false    |
  [32m✔[39m [32m[1mWhen [22mCustomer undo [1m"1"[22mth [1m"Buy Down Fee Adjustment"[22m transaction made on [1m"12 April 2026"[22m[39m                                               [90m# org.apache.fineract.test.stepdef.loan.LoanRepaymentStepDef.undoNthTransactionType(java.lang.String,java.lang.String,java.lang.String)[39m
  [32m✔[39m [32m[1mWhen [22mAdmin sets the business date to [1m"14 April 2026"[22m[39m                                                                                 [90m# org.apache.fineract.test.stepdef.common.BusinessDateStepDef.setBusinessDate(java.lang.String)[39m
  [32m✔[39m [32m[1mThen [22mAdmin runs inline COB job for Loan[39m                                                                                              [90m# org.apache.fineract.test.stepdef.loan.InlineCOBStepDef.runInlineCOB()[39m
  [32m✔[39m [32m[1mThen [22mLoan Transactions tab has the following new buy down fee amortization data:[39m                                                     [90m# org.apache.fineract.test.stepdef.loan.LoanStepDef.loanTransactionsTabCheckNewBuyDownFeeAmortization(io.cucumber.datatable.DataTable)[39m
      | Transaction date | Transaction Type          | Amount | Principal | Fees   | Interest | Penalties | Loan Balance | Reverted | Replayed |
      | 13 April 2026    | Buy Down Fee Amortization | 114.13 | 0.0       | 114.13 | 0.0      | 0.0       | 0.0          | false    | false    |
  [32m✔[39m [32m[1mWhen [22mAdmin sets the business date to [1m"12 June 2026"[22m[39m                                                                                  [90m# org.apache.fineract.test.stepdef.common.BusinessDateStepDef.setBusinessDate(java.lang.String)[39m
  [32m✔[39m [32m[1mThen [22mAdmin runs inline COB job for Loan[39m                                                                                              [90m# org.apache.fineract.test.stepdef.loan.InlineCOBStepDef.runInlineCOB()[39m

@BuyDownFeeFeature @TestRailId:C85358
[1mScenario:[22m Verify loan with Buy Down fees as FEE income type and full payment                                                            [90m# fineract-e2e-tests-runner/src/test/resources/features/LoanBuyDownFees.feature:4262[39m
  [32m✔[39m [32m[1mWhen [22mAdmin sets the business date to [1m"01 January 2024"[22m[39m                                                                              [90m# org.apache.fineract.test.stepdef.common.BusinessDateStepDef.setBusinessDate(java.lang.String)[39m
  [32m✔[39m [32m[1mAnd [22mAdmin creates a client with random data[39m                                                                                         [90m# org.apache.fineract.test.stepdef.common.ClientStepDef.createClientRandomFirstNameLastName()[39m
  [32m✔[39m [32m[1mAnd [22mAdmin creates a fully customized loan with the following data:[39m                                                                  [90m# org.apache.fineract.test.stepdef.loan.LoanStepDef.createFullyCustomizedLoan(io.cucumber.datatable.DataTable)[39m
      | LoanProduct                                                         | submitted on date | with Principal | ANNUAL interest rate % | interest type     | interest calculation period | amortization type  | loanTermFrequency | loanTermFrequencyType | repaymentEvery | repaymentFrequencyType | numberOfRepayments | graceOnPrincipalPayment | graceOnInterestPayment | interest free period | Payment strategy            |
      | LP2_PROGRESSIVE_ADVANCED_PAYMENT_ALLOCATION_BUYDOWN_FEES_FEE_INCOME | 01 January 2024   | 100            | 7                      | DECLINING_BALANCE | DAILY                       | EQUAL_INSTALLMENTS | 3                 | MONTHS                | 1              | MONTHS                 | 3                  | 0                       | 0                      | 0                    | ADVANCED_PAYMENT_ALLOCATION |
  [32m✔[39m [32m[1mAnd [22mAdmin successfully approves the loan on [1m"01 January 2024"[22m with [1m"100"[22m amount and expected disbursement date on [1m"01 January 2024"[22m[39m [90m# org.apache.fineract.test.stepdef.loan.LoanStepDef.approveLoan(java.lang.String,java.lang.String,java.lang.String)[39m
  [32m✔[39m [32m[1mAnd [22mAdmin successfully disburse the loan on [1m"01 January 2024"[22m with [1m"100"[22m EUR transaction amount[39m                                     [90m# org.apache.fineract.test.stepdef.loan.LoanStepDef.disburseLoan(java.lang.String,java.lang.String)[39m
  [32m✔[39m [32m[1mThen [22mLoan status will be [1m"ACTIVE"[22m[39m                                                                                                   [90m# org.apache.fineract.test.stepdef.loan.LoanStepDef.loanStatus(java.lang.String)[39m
  [32m✔[39m [32m[1mWhen [22mAdmin adds buy down fee with [1m"AUTOPAY"[22m payment type to the loan on [1m"01 January 2024"[22m with [1m"50"[22m EUR transaction amount[39m          [90m# org.apache.fineract.test.stepdef.loan.LoanStepDef.adminAddsBuyDownFeesToTheLoanOnWithEURTransactionAmount(java.lang.String,java.lang.String,java.lang.String)[39m
  [32m✔[39m [32m[1mThen [22mLoan Repayment schedule has [1m3[22m periods, with the following data for periods:[39m                                                    [90m# org.apache.fineract.test.stepdef.loan.LoanStepDef.loanRepaymentSchedulePeriodsCheck(int,io.cucumber.datatable.DataTable)[39m
      | Nr | Days | Date             | Paid date | Balance of loan | Principal due | Interest | Fees | Penalties | Due   | Paid | In advance | Late | Outstanding |
      |    |      | 01 January 2024  |           | 100.0           |               |          | 0.0  |           | 0.0   | 0.0  |            |      |             |
      | 1  | 31   | 01 February 2024 |           | 66.86           | 33.14         | 0.58     | 0.0  | 0.0       | 33.72 | 0.0  | 0.0        | 0.0  | 33.72       |
      | 2  | 29   | 01 March 2024    |           | 33.53           | 33.33         | 0.39     | 0.0  | 0.0       | 33.72 | 0.0  | 0.0        | 0.0  | 33.72       |
      | 3  | 31   | 01 April 2024    |           | 0.0             | 33.53         | 0.2      | 0.0  | 0.0       | 33.73 | 0.0  | 0.0        | 0.0  | 33.73       |
  [32m✔[39m [32m[1mAnd [22mLoan Repayment schedule has the following data in Total row:[39m                                                                    [90m# org.apache.fineract.test.stepdef.loan.LoanStepDef.loanRepaymentScheduleAmountCheck(io.cucumber.datatable.DataTable)[39m
      | Principal due | Interest | Fees | Penalties | Due    | Paid | In advance | Late | Outstanding |
      | 100.0         | 1.17     | 0.0  | 0.0       | 101.17 | 0.0  | 0.0        | 0.0  | 101.17      |
  [32m✔[39m [32m[1mAnd [22mLoan Transactions tab has the following data:[39m                                                                                   [90m# org.apache.fineract.test.stepdef.loan.LoanStepDef.loanTransactionsTabCheck(io.cucumber.datatable.DataTable)[39m
      | Transaction date | Transaction Type | Amount | Principal | Interest | Fees | Penalties | Loan Balance | Reverted |
      | 01 January 2024  | Disbursement     | 100.0  | 0.0       | 0.0      | 0.0  | 0.0       | 100.0        | false    |
      | 01 January 2024  | Buy Down Fee     | 50.0   | 0.0       | 0.0      | 50.0 | 0.0       | 0.0          | false    |
  [32m✔[39m [32m[1mAnd [22mLoan Transactions tab has a [1m"BUY_DOWN_FEE"[22m transaction with date [1m"01 January 2024"[22m which has the following Journal entries:[39m     [90m# org.apache.fineract.test.stepdef.common.JournalEntriesStepDef.journalEntryDataCheck(java.lang.String,java.lang.String,io.cucumber.datatable.DataTable)[39m
      | Type      | Account code | Account name                | Debit | Credit |
      | EXPENSE   | 450280       | Buy Down Expense            | 50.0  |        |
      | LIABILITY | 145024       | Deferred Capitalized Income |       | 50.0   |
  [32m✔[39m [32m[1mAnd [22mBuy down fee contains the following data:[39m                                                                                       [90m# org.apache.fineract.test.stepdef.loan.LoanStepDef.checkBuyDownFeeData(io.cucumber.datatable.DataTable)[39m
      | Date            | Fee Amount | Amortized Amount | Not Yet Amortized Amount | Adjusted Amount | Charged Off Amount |
      | 01 January 2024 | 50.0       | 0.0              | 50.0                     | 0.0             | 0.0                |
  [32m✔[39m [32m[1mAnd [22mLoanBuyDownFeeTransactionCreatedBusinessEvent is created on [1m"01 January 2024"[22m[39m                                                   [90m# org.apache.fineract.test.stepdef.loan.LoanStepDef.checkLoanBuyDownFeeTransactionCreatedBusinessEvent(java.lang.String)[39m
  [32m✔[39m [32m[1mWhen [22mAdmin sets the business date to [1m"1 February 2024"[22m[39m                                                                              [90m# org.apache.fineract.test.stepdef.common.BusinessDateStepDef.setBusinessDate(java.lang.String)[39m
  [32m✔[39m [32m[1mAnd [22mCustomer makes [1m"AUTOPAY"[22m repayment on [1m"01 February 2024"[22m with [1m33.72[22m EUR transaction amount[39m                                      [90m# org.apache.fineract.test.stepdef.loan.LoanRepaymentStepDef.makeLoanRepayment(java.lang.String,java.lang.String,double)[39m
  [32m✔[39m [32m[1mThen [22mLoan status will be [1m"ACTIVE"[22m[39m                                                                                                   [90m# org.apache.fineract.test.stepdef.loan.LoanStepDef.loanStatus(java.lang.String)[39m
  [32m✔[39m [32m[1mThen [22mLoan Transactions tab has the following data:[39m                                                                                  [90m# org.apache.fineract.test.stepdef.loan.LoanStepDef.loanTransactionsTabCheck(io.cucumber.datatable.DataTable)[39m
      | Transaction date | Transaction Type | Amount | Principal | Interest | Fees | Penalties | Loan Balance | Reverted |
      | 01 January 2024  | Disbursement     | 100.0  | 0.0       | 0.0      | 0.0  | 0.0       | 100.0        | false    |
      | 01 January 2024  | Buy Down Fee     | 50.0   | 0.0       | 0.0      | 50.0 | 0.0       | 0.0          | false    |
      | 01 February 2024 | Repayment        | 33.72  | 33.14     | 0.58     | 0.0  | 0.0       | 66.86        | false    |
  [32m✔[39m [32m[1mWhen [22mAdmin sets the business date to [1m"1 March 2024"[22m[39m                                                                                 [90m# org.apache.fineract.test.stepdef.common.BusinessDateStepDef.setBusinessDate(java.lang.String)[39m
  [32m✔[39m [32m[1mAnd [22mCustomer makes [1m"AUTOPAY"[22m repayment on [1m"01 March 2024"[22m with [1m33.72[22m EUR transaction amount[39m                                         [90m# org.apache.fineract.test.stepdef.loan.LoanRepaymentStepDef.makeLoanRepayment(java.lang.String,java.lang.String,double)[39m
  [32m✔[39m [32m[1mWhen [22mAdmin sets the business date to [1m"1 April 2024"[22m[39m                                                                                 [90m# org.apache.fineract.test.stepdef.common.BusinessDateStepDef.setBusinessDate(java.lang.String)[39m
  [32m✔[39m [32m[1mWhen [22mAdmin runs inline COB job for Loan[39m                                                                                             [90m# org.apache.fineract.test.stepdef.loan.InlineCOBStepDef.runInlineCOB()[39m
  [32m✔[39m [32m[1mAnd [22mCustomer makes [1m"AUTOPAY"[22m repayment on [1m"01 April 2024"[22m with [1m33.73[22m EUR transaction amount[39m                                         [90m# org.apache.fineract.test.stepdef.loan.LoanRepaymentStepDef.makeLoanRepayment(java.lang.String,java.lang.String,double)[39m
  [32m✔[39m [32m[1mThen [22mLoan status will be [1m"CLOSED_OBLIGATIONS_MET"[22m[39m                                                                                   [90m# org.apache.fineract.test.stepdef.loan.LoanStepDef.loanStatus(java.lang.String)[39m
  [32m✔[39m [32m[1mAnd [22mLoan Transactions tab has the following data:[39m                                                                                   [90m# org.apache.fineract.test.stepdef.loan.LoanStepDef.loanTransactionsTabCheck(io.cucumber.datatable.DataTable)[39m
      | Transaction date | Transaction Type          | Amount | Principal | Interest | Fees | Penalties | Loan Balance | Reverted |
      | 01 January 2024  | Disbursement              | 100.0  | 0.0       | 0.0      | 0.0  | 0.0       | 100.0        | false    |
      | 01 January 2024  | Buy Down Fee              | 50.0   | 0.0       | 0.0      | 50.0 | 0.0       | 0.0          | false    |
      | 01 February 2024 | Repayment                 | 33.72  | 33.14     | 0.58     | 0.0  | 0.0       | 66.86        | false    |
      | 01 March 2024    | Repayment                 | 33.72  | 33.33     | 0.39     | 0.0  | 0.0       | 33.53        | false    |
      | 31 March 2024    | Accrual                   | 1.16   | 0.0       | 1.16     | 0.0  | 0.0       | 0.0          | false    |
      | 31 March 2024    | Buy Down Fee Amortization | 50.0   | 0.0       | 0.0      | 50.0 | 0.0       | 0.0          | false    |
      | 01 April 2024    | Repayment                 | 33.73  | 33.53     | 0.2      | 0.0  | 0.0       | 0.0          | false    |
      | 01 April 2024    | Accrual                   | 0.01   | 0.0       | 0.01     | 0.0  | 0.0       | 0.0          | false    |
  [32m✔[39m [32m[1mAnd [22mBuy down fee by external-id contains the following data:[39m                                                                        [90m# org.apache.fineract.test.stepdef.loan.LoanStepDef.checkBuyDownFeeByExternalIdData(io.cucumber.datatable.DataTable)[39m
      | Date            | Fee Amount | Amortized Amount | Not Yet Amortized Amount | Adjusted Amount | Charged Off Amount |
      | 01 January 2024 | 50.0       | 50.0             | 0.0                      | 0.0             | 0.0                |
  [32m✔[39m [32m[1mAnd [22mLoanBuyDownFeeAmortizationTransactionCreatedBusinessEvent is created on [1m"31 March 2024"[22m[39m                                         [90m# org.apache.fineract.test.stepdef.loan.LoanStepDef.checkLoanBuyDownFeeAmortizationTransactionCreatedBusinessEvent(java.lang.String)[39m

@BuyDownFeeFeature @TestRailId:C85359
[1mScenario:[22m Verify loan with Buy Down Fee adjustment as FEE income type and repayment transactions                                             [90m# fineract-e2e-tests-runner/src/test/resources/features/LoanBuyDownFees.feature:4323[39m
  [32m✔[39m [32m[1mWhen [22mAdmin sets the business date to [1m"01 January 2024"[22m[39m                                                                                   [90m# org.apache.fineract.test.stepdef.common.BusinessDateStepDef.setBusinessDate(java.lang.String)[39m
  [32m✔[39m [32m[1mAnd [22mAdmin creates a client with random data[39m                                                                                              [90m# org.apache.fineract.test.stepdef.common.ClientStepDef.createClientRandomFirstNameLastName()[39m
  [32m✔[39m [32m[1mAnd [22mAdmin creates a fully customized loan with the following data:[39m                                                                       [90m# org.apache.fineract.test.stepdef.loan.LoanStepDef.createFullyCustomizedLoan(io.cucumber.datatable.DataTable)[39m
      | LoanProduct                                                         | submitted on date | with Principal | ANNUAL interest rate % | interest type     | interest calculation period | amortization type  | loanTermFrequency | loanTermFrequencyType | repaymentEvery | repaymentFrequencyType | numberOfRepayments | graceOnPrincipalPayment | graceOnInterestPayment | interest free period | Payment strategy            |
      | LP2_PROGRESSIVE_ADVANCED_PAYMENT_ALLOCATION_BUYDOWN_FEES_FEE_INCOME | 01 January 2024   | 100            | 7                      | DECLINING_BALANCE | DAILY                       | EQUAL_INSTALLMENTS | 3                 | MONTHS                | 1              | MONTHS                 | 3                  | 0                       | 0                      | 0                    | ADVANCED_PAYMENT_ALLOCATION |
  [32m✔[39m [32m[1mAnd [22mAdmin successfully approves the loan on [1m"01 January 2024"[22m with [1m"100"[22m amount and expected disbursement date on [1m"01 January 2024"[22m[39m      [90m# org.apache.fineract.test.stepdef.loan.LoanStepDef.approveLoan(java.lang.String,java.lang.String,java.lang.String)[39m
  [32m✔[39m [32m[1mAnd [22mAdmin successfully disburse the loan on [1m"01 January 2024"[22m with [1m"100"[22m EUR transaction amount[39m                                          [90m# org.apache.fineract.test.stepdef.loan.LoanStepDef.disburseLoan(java.lang.String,java.lang.String)[39m
  [32m✔[39m [32m[1mThen [22mLoan status will be [1m"ACTIVE"[22m[39m                                                                                                        [90m# org.apache.fineract.test.stepdef.loan.LoanStepDef.loanStatus(java.lang.String)[39m
  [32m✔[39m [32m[1mWhen [22mAdmin adds buy down fee with [1m"AUTOPAY"[22m payment type to the loan on [1m"01 January 2024"[22m with [1m"50"[22m EUR transaction amount[39m               [90m# org.apache.fineract.test.stepdef.loan.LoanStepDef.adminAddsBuyDownFeesToTheLoanOnWithEURTransactionAmount(java.lang.String,java.lang.String,java.lang.String)[39m
  [32m✔[39m [32m[1mThen [22mLoan Repayment schedule has [1m3[22m periods, with the following data for periods:[39m                                                         [90m# org.apache.fineract.test.stepdef.loan.LoanStepDef.loanRepaymentSchedulePeriodsCheck(int,io.cucumber.datatable.DataTable)[39m
      | Nr | Days | Date             | Paid date | Balance of loan | Principal due | Interest | Fees | Penalties | Due   | Paid | In advance | Late | Outstanding |
      |    |      | 01 January 2024  |           | 100.0           |               |          | 0.0  |           | 0.0   | 0.0  |            |      |             |
      | 1  | 31   | 01 February 2024 |           | 66.86           | 33.14         | 0.58     | 0.0  | 0.0       | 33.72 | 0.0  | 0.0        | 0.0  | 33.72       |
      | 2  | 29   | 01 March 2024    |           | 33.53           | 33.33         | 0.39     | 0.0  | 0.0       | 33.72 | 0.0  | 0.0        | 0.0  | 33.72       |
      | 3  | 31   | 01 April 2024    |           | 0.0             | 33.53         | 0.2      | 0.0  | 0.0       | 33.73 | 0.0  | 0.0        | 0.0  | 33.73       |
  [32m✔[39m [32m[1mAnd [22mLoan Repayment schedule has the following data in Total row:[39m                                                                         [90m# org.apache.fineract.test.stepdef.loan.LoanStepDef.loanRepaymentScheduleAmountCheck(io.cucumber.datatable.DataTable)[39m
      | Principal due | Interest | Fees | Penalties | Due    | Paid | In advance | Late | Outstanding |
      | 100.0         | 1.17     | 0.0  | 0.0       | 101.17 | 0.0  | 0.0        | 0.0  | 101.17      |
  [32m✔[39m [32m[1mAnd [22mLoan Transactions tab has the following data:[39m                                                                                        [90m# org.apache.fineract.test.stepdef.loan.LoanStepDef.loanTransactionsTabCheck(io.cucumber.datatable.DataTable)[39m
      | Transaction date | Transaction Type | Amount | Principal | Interest | Fees | Penalties | Loan Balance | Reverted |
      | 01 January 2024  | Disbursement     | 100.0  | 0.0       | 0.0      | 0.0  | 0.0       | 100.0        | false    |
      | 01 January 2024  | Buy Down Fee     | 50.0   | 0.0       | 0.0      | 50.0 | 0.0       | 0.0          | false    |
  [32m✔[39m [32m[1mAnd [22mLoan Transactions tab has a [1m"BUY_DOWN_FEE"[22m transaction with date [1m"01 January 2024"[22m which has the following Journal entries:[39m          [90m# org.apache.fineract.test.stepdef.common.JournalEntriesStepDef.journalEntryDataCheck(java.lang.String,java.lang.String,io.cucumber.datatable.DataTable)[39m
      | Type      | Account code | Account name                | Debit | Credit |
      | EXPENSE   | 450280       | Buy Down Expense            | 50.0  |        |
      | LIABILITY | 145024       | Deferred Capitalized Income |       | 50.0   |
  [32m✔[39m [32m[1mAnd [22mBuy down fee by external-id contains the following data:[39m                                                                             [90m# org.apache.fineract.test.stepdef.loan.LoanStepDef.checkBuyDownFeeByExternalIdData(io.cucumber.datatable.DataTable)[39m
      | Date            | Fee Amount | Amortized Amount | Not Yet Amortized Amount | Adjusted Amount | Charged Off Amount |
      | 01 January 2024 | 50.0       | 0.0              | 50.0                     | 0.0             | 0.0                |
  [32m✔[39m [32m[1mAnd [22mLoanBuyDownFeeTransactionCreatedBusinessEvent is created on [1m"01 January 2024"[22m[39m                                                        [90m# org.apache.fineract.test.stepdef.loan.LoanStepDef.checkLoanBuyDownFeeTransactionCreatedBusinessEvent(java.lang.String)[39m
  [32m✔[39m [32m[1mWhen [22mAdmin sets the business date to [1m"1 February 2024"[22m[39m                                                                                   [90m# org.apache.fineract.test.stepdef.common.BusinessDateStepDef.setBusinessDate(java.lang.String)[39m
  [32m✔[39m [32m[1mAnd [22mCustomer makes [1m"AUTOPAY"[22m repayment on [1m"01 February 2024"[22m with [1m33.72[22m EUR transaction amount[39m                                           [90m# org.apache.fineract.test.stepdef.loan.LoanRepaymentStepDef.makeLoanRepayment(java.lang.String,java.lang.String,double)[39m
  [32m✔[39m [32m[1mThen [22mLoan status will be [1m"ACTIVE"[22m[39m                                                                                                        [90m# org.apache.fineract.test.stepdef.loan.LoanStepDef.loanStatus(java.lang.String)[39m
  [32m✔[39m [32m[1mThen [22mLoan Repayment schedule has [1m3[22m periods, with the following data for periods:[39m                                                         [90m# org.apache.fineract.test.stepdef.loan.LoanStepDef.loanRepaymentSchedulePeriodsCheck(int,io.cucumber.datatable.DataTable)[39m
      | Nr | Days | Date             | Paid date        | Balance of loan | Principal due | Interest | Fees | Penalties | Due   | Paid  | In advance | Late | Outstanding |
      |    |      | 01 January 2024  |                  | 100.0           |               |          | 0.0  |           | 0.0   | 0.0   |            |      |             |
      | 1  | 31   | 01 February 2024 | 01 February 2024 | 66.86           | 33.14         | 0.58     | 0.0  | 0.0       | 33.72 | 33.72 | 0.0        | 0.0  | 0.0         |
      | 2  | 29   | 01 March 2024    |                  | 33.53           | 33.33         | 0.39     | 0.0  | 0.0       | 33.72 | 0.0   | 0.0        | 0.0  | 33.72       |
      | 3  | 31   | 01 April 2024    |                  | 0.0             | 33.53         | 0.2      | 0.0  | 0.0       | 33.73 | 0.0   | 0.0        | 0.0  | 33.73       |
  [32m✔[39m [32m[1mAnd [22mLoan Repayment schedule has the following data in Total row:[39m                                                                         [90m# org.apache.fineract.test.stepdef.loan.LoanStepDef.loanRepaymentScheduleAmountCheck(io.cucumber.datatable.DataTable)[39m
      | Principal due | Interest | Fees | Penalties | Due    | Paid  | In advance | Late | Outstanding |
      | 100.0         | 1.17     | 0.0  | 0.0       | 101.17 | 33.72 | 0.0        | 0.0  | 67.45       |
  [32m✔[39m [32m[1mThen [22mLoan Transactions tab has the following data:[39m                                                                                       [90m# org.apache.fineract.test.stepdef.loan.LoanStepDef.loanTransactionsTabCheck(io.cucumber.datatable.DataTable)[39m
      | Transaction date | Transaction Type | Amount | Principal | Interest | Fees | Penalties | Loan Balance | Reverted |
      | 01 January 2024  | Disbursement     | 100.0  | 0.0       | 0.0      | 0.0  | 0.0       | 100.0        | false    |
      | 01 January 2024  | Buy Down Fee     | 50.0   | 0.0       | 0.0      | 50.0 | 0.0       | 0.0          | false    |
      | 01 February 2024 | Repayment        | 33.72  | 33.14     | 0.58     | 0.0  | 0.0       | 66.86        | false    |
  [32m✔[39m [32m[1mWhen [22mAdmin sets the business date to [1m"1 March 2024"[22m[39m                                                                                      [90m# org.apache.fineract.test.stepdef.common.BusinessDateStepDef.setBusinessDate(java.lang.String)[39m
  [32m✔[39m [32m[1mAnd [22mAdmin adds buy down fee adjustment with [1m"AUTOPAY"[22m payment type to the loan on [1m"01 March 2024"[22m with [1m"10"[22m EUR transaction amount[39m       [90m# org.apache.fineract.test.stepdef.loan.LoanStepDef.adminAddsBuyDownFeesAdjustmentToTheLoan(java.lang.String,java.lang.String,java.lang.String)[39m
  [32m✔[39m [32m[1mThen [22mLoan Repayment schedule has [1m3[22m periods, with the following data for periods:[39m                                                         [90m# org.apache.fineract.test.stepdef.loan.LoanStepDef.loanRepaymentSchedulePeriodsCheck(int,io.cucumber.datatable.DataTable)[39m
      | Nr | Days | Date             | Paid date        | Balance of loan | Principal due | Interest | Fees | Penalties | Due   | Paid  | In advance | Late | Outstanding |
      |    |      | 01 January 2024  |                  | 100.0           |               |          | 0.0  |           | 0.0   | 0.0   |            |      |             |
      | 1  | 31   | 01 February 2024 | 01 February 2024 | 66.86           | 33.14         | 0.58     | 0.0  | 0.0       | 33.72 | 33.72 | 0.0        | 0.0  | 0.0         |
      | 2  | 29   | 01 March 2024    |                  | 33.53           | 33.33         | 0.39     | 0.0  | 0.0       | 33.72 | 0.0   | 0.0        | 0.0  | 33.72       |
      | 3  | 31   | 01 April 2024    |                  | 0.0             | 33.53         | 0.2      | 0.0  | 0.0       | 33.73 | 0.0   | 0.0        | 0.0  | 33.73       |
  [32m✔[39m [32m[1mAnd [22mLoan Repayment schedule has the following data in Total row:[39m                                                                         [90m# org.apache.fineract.test.stepdef.loan.LoanStepDef.loanRepaymentScheduleAmountCheck(io.cucumber.datatable.DataTable)[39m
      | Principal due | Interest | Fees | Penalties | Due    | Paid  | In advance | Late | Outstanding |
      | 100.0         | 1.17     | 0.0  | 0.0       | 101.17 | 33.72 | 0.0        | 0.0  | 67.45       |
  [32m✔[39m [32m[1mThen [22mLoan Transactions tab has the following data:[39m                                                                                       [90m# org.apache.fineract.test.stepdef.loan.LoanStepDef.loanTransactionsTabCheck(io.cucumber.datatable.DataTable)[39m
      | Transaction date | Transaction Type        | Amount | Principal | Interest | Fees | Penalties | Loan Balance | Reverted |
      | 01 January 2024  | Disbursement            | 100.0  | 0.0       | 0.0      | 0.0  | 0.0       | 100.0        | false    |
      | 01 January 2024  | Buy Down Fee            | 50.0   | 0.0       | 0.0      | 50.0 | 0.0       | 0.0          | false    |
      | 01 February 2024 | Repayment               | 33.72  | 33.14     | 0.58     | 0.0  | 0.0       | 66.86        | false    |
      | 01 March 2024    | Buy Down Fee Adjustment | 10.0   | 0.0       | 0.0      | 10.0 | 0.0       | 0.0          | false    |
  [32m✔[39m [32m[1mAnd [22mLoan Transactions tab has a [1m"BUY_DOWN_FEE_ADJUSTMENT"[22m transaction with date [1m"01 March 2024"[22m which has the following Journal entries:[39m [90m# org.apache.fineract.test.stepdef.common.JournalEntriesStepDef.journalEntryDataCheck(java.lang.String,java.lang.String,io.cucumber.datatable.DataTable)[39m
      | Type      | Account code | Account name                | Debit | Credit |
      | EXPENSE   | 450280       | Buy Down Expense            |       | 10.0   |
      | LIABILITY | 145024       | Deferred Capitalized Income | 10.0  |        |
  [32m✔[39m [32m[1mAnd [22mBuy down fee by external-id contains the following data:[39m                                                                             [90m# org.apache.fineract.test.stepdef.loan.LoanStepDef.checkBuyDownFeeByExternalIdData(io.cucumber.datatable.DataTable)[39m
      | Date            | Fee Amount | Amortized Amount | Not Yet Amortized Amount | Adjusted Amount | Charged Off Amount |
      | 01 January 2024 | 50.0       | 0.0              | 40.0                     | 10.0            | 0.0                |
  [32m✔[39m [32m[1mAnd [22mLoanBuyDownFeeAdjustmentTransactionCreatedBusinessEvent is created on [1m"01 March 2024"[22m[39m                                                [90m# org.apache.fineract.test.stepdef.loan.LoanStepDef.checkLoanBuyDownFeeAdjustmentTransactionCreatedBusinessEvent(java.lang.String)[39m
  [32m✔[39m [32m[1mWhen [22mAdmin sets the business date to [1m"1 April 2024"[22m[39m                                                                                      [90m# org.apache.fineract.test.stepdef.common.BusinessDateStepDef.setBusinessDate(java.lang.String)[39m
  [32m✔[39m [32m[1mWhen [22mAdmin runs inline COB job for Loan[39m                                                                                                  [90m# org.apache.fineract.test.stepdef.loan.InlineCOBStepDef.runInlineCOB()[39m
  [32m✔[39m [32m[1mAnd [22mCustomer makes [1m"AUTOPAY"[22m repayment on [1m"01 April 2024"[22m with [1m33.73[22m EUR transaction amount[39m                                              [90m# org.apache.fineract.test.stepdef.loan.LoanRepaymentStepDef.makeLoanRepayment(java.lang.String,java.lang.String,double)[39m
  [32m✔[39m [32m[1mThen [22mLoan Transactions tab has the following data:[39m                                                                                       [90m# org.apache.fineract.test.stepdef.loan.LoanStepDef.loanTransactionsTabCheck(io.cucumber.datatable.DataTable)[39m
      | Transaction date | Transaction Type          | Amount | Principal | Interest | Fees | Penalties | Loan Balance | Reverted |
      | 01 January 2024  | Disbursement              | 100.0  | 0.0       | 0.0      | 0.0  | 0.0       | 100.0        | false    |
      | 01 January 2024  | Buy Down Fee              | 50.0   | 0.0       | 0.0      | 50.0 | 0.0       | 0.0          | false    |
      | 01 February 2024 | Repayment                 | 33.72  | 33.14     | 0.58     | 0.0  | 0.0       | 66.86        | false    |
      | 01 March 2024    | Buy Down Fee Adjustment   | 10.0   | 0.0       | 0.0      | 10.0 | 0.0       | 0.0          | false    |
      | 31 March 2024    | Accrual                   | 1.35   | 0.0       | 1.35     | 0.0  | 0.0       | 0.0          | false    |
      | 31 March 2024    | Buy Down Fee Amortization | 40.0   | 0.0       | 0.0      | 40.0 | 0.0       | 0.0          | false    |
      | 01 April 2024    | Repayment                 | 33.73  | 33.34     | 0.39     | 0.0  | 0.0       | 33.52        | false    |
  [32m✔[39m [32m[1mAnd [22mBuy down fee by external-id contains the following data:[39m                                                                             [90m# org.apache.fineract.test.stepdef.loan.LoanStepDef.checkBuyDownFeeByExternalIdData(io.cucumber.datatable.DataTable)[39m
      | Date            | Fee Amount | Amortized Amount | Not Yet Amortized Amount | Adjusted Amount | Charged Off Amount |
      | 01 January 2024 | 50.0       | 40.0             | 0.0                      | 10.0            | 0.0                |
  [32m✔[39m [32m[1mAnd [22mLoanBuyDownFeeAmortizationTransactionCreatedBusinessEvent is created on [1m"31 March 2024"[22m[39m                                              [90m# org.apache.fineract.test.stepdef.loan.LoanStepDef.checkLoanBuyDownFeeAmortizationTransactionCreatedBusinessEvent(java.lang.String)[39m
  [32m✔[39m [32m[1mWhen [22mLoan Pay-off is made on [1m"1 April 2024"[22m[39m                                                                                              [90m# org.apache.fineract.test.stepdef.loan.LoanRepaymentStepDef.makeLoanPayOff(java.lang.String)[39m
  [32m✔[39m [32m[1mThen [22mLoan is closed with zero outstanding balance and it's all installments have obligations met[39m                                         [90m# org.apache.fineract.test.stepdef.loan.LoanStepDef.loanClosedAndInstallmentsObligationsMet()[39m
  [32m✔[39m [32m[1mThen [22mLoan Transactions tab has the following data:[39m                                                                                       [90m# org.apache.fineract.test.stepdef.loan.LoanStepDef.loanTransactionsTabCheck(io.cucumber.datatable.DataTable)[39m
      | Transaction date | Transaction Type          | Amount | Principal | Interest | Fees | Penalties | Loan Balance | Reverted |
      | 01 January 2024  | Disbursement              | 100.0  | 0.0       | 0.0      | 0.0  | 0.0       | 100.0        | false    |
      | 01 January 2024  | Buy Down Fee              | 50.0   | 0.0       | 0.0      | 50.0 | 0.0       | 0.0          | false    |
      | 01 February 2024 | Repayment                 | 33.72  | 33.14     | 0.58     | 0.0  | 0.0       | 66.86        | false    |
      | 01 March 2024    | Buy Down Fee Adjustment   | 10.0   | 0.0       | 0.0      | 10.0 | 0.0       | 0.0          | false    |
      | 31 March 2024    | Accrual                   | 1.35   | 0.0       | 1.35     | 0.0  | 0.0       | 0.0          | false    |
      | 31 March 2024    | Buy Down Fee Amortization | 40.0   | 0.0       | 0.0      | 40.0 | 0.0       | 0.0          | false    |
      | 01 April 2024    | Repayment                 | 33.73  | 33.34     | 0.39     | 0.0  | 0.0       | 33.52        | false    |
      | 01 April 2024    | Repayment                 | 33.91  | 33.52     | 0.39     | 0.0  | 0.0       | 0.0          | false    |
      | 01 April 2024    | Accrual                   | 0.01   | 0.0       | 0.01     | 0.0  | 0.0       | 0.0          | false    |

@BuyDownFeeFeature @TestRailId:C85355
[1mScenario:[22m Verify Buy Down Fee amortization allocation mappings after loan re-open via repayment reversal                              [90m# fineract-e2e-tests-runner/src/test/resources/features/LoanBuyDownFees.feature:4427[39m
  [32m✔[39m [32m[1mWhen [22mAdmin sets the business date to [1m"1 January 2026"[22m[39m                                                                             [90m# org.apache.fineract.test.stepdef.common.BusinessDateStepDef.setBusinessDate(java.lang.String)[39m
  [32m✔[39m [32m[1mAnd [22mAdmin creates a client with random data[39m                                                                                       [90m# org.apache.fineract.test.stepdef.common.ClientStepDef.createClientRandomFirstNameLastName()[39m
  [32m✔[39m [32m[1mWhen [22mAdmin creates a fully customized loan with the following data:[39m                                                               [90m# org.apache.fineract.test.stepdef.loan.LoanStepDef.createFullyCustomizedLoan(io.cucumber.datatable.DataTable)[39m
      | LoanProduct                                              | submitted on date | with Principal | ANNUAL interest rate % | interest type     | interest calculation period | amortization type  | loanTermFrequency | loanTermFrequencyType | repaymentEvery | repaymentFrequencyType | numberOfRepayments | graceOnPrincipalPayment | graceOnInterestPayment | interest free period | Payment strategy            |
      | LP2_PROGRESSIVE_ADVANCED_PAYMENT_ALLOCATION_BUYDOWN_FEES | 01 January 2026   | 250            | 7                      | DECLINING_BALANCE | DAILY                       | EQUAL_INSTALLMENTS | 3                 | MONTHS                | 1              | MONTHS                 | 3                  | 0                       | 0                      | 0                    | ADVANCED_PAYMENT_ALLOCATION |
  [32m✔[39m [32m[1mAnd [22mAdmin successfully approves the loan on [1m"1 January 2026"[22m with [1m"250"[22m amount and expected disbursement date on [1m"1 January 2026"[22m[39m [90m# org.apache.fineract.test.stepdef.loan.LoanStepDef.approveLoan(java.lang.String,java.lang.String,java.lang.String)[39m
  [32m✔[39m [32m[1mAnd [22mAdmin successfully disburse the loan on [1m"1 January 2026"[22m with [1m"100"[22m EUR transaction amount[39m                                    [90m# org.apache.fineract.test.stepdef.loan.LoanStepDef.disburseLoan(java.lang.String,java.lang.String)[39m
  [32m✔[39m [32m[1mThen [22mLoan status will be [1m"ACTIVE"[22m[39m                                                                                                 [90m# org.apache.fineract.test.stepdef.loan.LoanStepDef.loanStatus(java.lang.String)[39m
  [32m✔[39m [32m[1mAnd [22mAdmin adds buy down fee with [1m"AUTOPAY"[22m payment type to the loan on [1m"1 January 2026"[22m with [1m"50"[22m EUR transaction amount[39m          [90m# org.apache.fineract.test.stepdef.loan.LoanStepDef.adminAddsBuyDownFeesToTheLoanOnWithEURTransactionAmount(java.lang.String,java.lang.String,java.lang.String)[39m
  [32m✔[39m [32m[1mWhen [22mAdmin sets the business date to [1m"02 January 2026"[22m[39m                                                                            [90m# org.apache.fineract.test.stepdef.common.BusinessDateStepDef.setBusinessDate(java.lang.String)[39m
  [32m✔[39m [32m[1mAnd [22mAdmin runs inline COB job for Loan[39m                                                                                            [90m# org.apache.fineract.test.stepdef.loan.InlineCOBStepDef.runInlineCOB()[39m
  [32m✔[39m [32m[1mThen [22mLoan Transactions tab has the following data:[39m                                                                                [90m# org.apache.fineract.test.stepdef.loan.LoanStepDef.loanTransactionsTabCheck(io.cucumber.datatable.DataTable)[39m
      | Transaction date | Transaction Type          | Amount | Principal | Interest | Fees | Penalties | Loan Balance | Reverted | Replayed |
      | 01 January 2026  | Disbursement              | 100.0  | 0.0       | 0.0      | 0.0  | 0.0       | 100.0        | false    | false    |
      | 01 January 2026  | Buy Down Fee              | 50.0   | 0.0       | 50.0     | 0.0  | 0.0       | 0.0          | false    | false    |
      | 01 January 2026  | Buy Down Fee Amortization | 0.56   | 0.0       | 0.56     | 0.0  | 0.0       | 0.0          | false    | false    |
  [32m✔[39m [32m[1mAnd [22mLoan Amortization Allocation Mapping for [1m"BUY_DOWN_FEE"[22m transaction created on [1m"01 January 2026"[22m contains the following data:[39m [90m# org.apache.fineract.test.stepdef.loan.LoanStepDef.checkLoanAmortizationAllocationMapping(java.lang.String,java.lang.String,io.cucumber.datatable.DataTable)[39m
      | Date            | Type | Amount |
      | 01 January 2026 | AM   | 0.56   |
  [32m✔[39m [32m[1mWhen [22mAdmin sets the business date to [1m"03 January 2026"[22m[39m                                                                            [90m# org.apache.fineract.test.stepdef.common.BusinessDateStepDef.setBusinessDate(java.lang.String)[39m
  [32m✔[39m [32m[1mWhen [22mLoan Pay-off is made on [1m"03 January 2026"[22m[39m                                                                                    [90m# org.apache.fineract.test.stepdef.loan.LoanRepaymentStepDef.makeLoanPayOff(java.lang.String)[39m
  [32m✔[39m [32m[1mThen [22mLoan status will be [1m"CLOSED_OBLIGATIONS_MET"[22m[39m                                                                                 [90m# org.apache.fineract.test.stepdef.loan.LoanStepDef.loanStatus(java.lang.String)[39m
  [32m✔[39m [32m[1mAnd [22mLoan Transactions tab has the following data:[39m                                                                                 [90m# org.apache.fineract.test.stepdef.loan.LoanStepDef.loanTransactionsTabCheck(io.cucumber.datatable.DataTable)[39m
      | Transaction date | Transaction Type          | Amount | Principal | Interest | Fees | Penalties | Loan Balance | Reverted | Replayed |
      | 01 January 2026  | Disbursement              | 100.0  | 0.0       | 0.0      | 0.0  | 0.0       | 100.0        | false    | false    |
      | 01 January 2026  | Buy Down Fee              | 50.0   | 0.0       | 50.0     | 0.0  | 0.0       | 0.0          | false    | false    |
      | 01 January 2026  | Buy Down Fee Amortization | 0.56   | 0.0       | 0.56     | 0.0  | 0.0       | 0.0          | false    | false    |
      | 03 January 2026  | Repayment                 | 100.04 | 100.0     | 0.04     | 0.0  | 0.0       | 0.0          | false    | false    |
      | 03 January 2026  | Accrual                   | 0.04   | 0.0       | 0.04     | 0.0  | 0.0       | 0.0          | false    | false    |
      | 03 January 2026  | Buy Down Fee Amortization | 49.44  | 0.0       | 49.44    | 0.0  | 0.0       | 0.0          | false    | false    |
  [32m✔[39m [32m[1mAnd [22mLoan Amortization Allocation Mapping for [1m"BUY_DOWN_FEE"[22m transaction created on [1m"01 January 2026"[22m contains the following data:[39m [90m# org.apache.fineract.test.stepdef.loan.LoanStepDef.checkLoanAmortizationAllocationMapping(java.lang.String,java.lang.String,io.cucumber.datatable.DataTable)[39m
      | Date            | Type | Amount |
      | 01 January 2026 | AM   | 0.56   |
      | 03 January 2026 | AM   | 49.44  |
  [32m✔[39m [32m[1mWhen [22mCustomer undo [1m"1"[22mth [1m"Repayment"[22m transaction made on [1m"03 January 2026"[22m[39m                                                        [90m# org.apache.fineract.test.stepdef.loan.LoanRepaymentStepDef.undoNthTransactionType(java.lang.String,java.lang.String,java.lang.String)[39m
  [32m✔[39m [32m[1mThen [22mLoan status will be [1m"ACTIVE"[22m[39m                                                                                                 [90m# org.apache.fineract.test.stepdef.loan.LoanStepDef.loanStatus(java.lang.String)[39m
  [32m✔[39m [32m[1mAnd [22mLoan Transactions tab has the following data:[39m                                                                                 [90m# org.apache.fineract.test.stepdef.loan.LoanStepDef.loanTransactionsTabCheck(io.cucumber.datatable.DataTable)[39m
      | Transaction date | Transaction Type          | Amount | Principal | Interest | Fees | Penalties | Loan Balance | Reverted | Replayed |
      | 01 January 2026  | Disbursement              | 100.0  | 0.0       | 0.0      | 0.0  | 0.0       | 100.0        | false    | false    |
      | 01 January 2026  | Buy Down Fee              | 50.0   | 0.0       | 50.0     | 0.0  | 0.0       | 0.0          | false    | false    |
      | 01 January 2026  | Buy Down Fee Amortization | 0.56   | 0.0       | 0.56     | 0.0  | 0.0       | 0.0          | false    | false    |
      | 03 January 2026  | Repayment                 | 100.04 | 100.0     | 0.04     | 0.0  | 0.0       | 0.0          | true     | false    |
      | 03 January 2026  | Accrual                   | 0.04   | 0.0       | 0.04     | 0.0  | 0.0       | 0.0          | false    | false    |
      | 03 January 2026  | Buy Down Fee Amortization | 49.44  | 0.0       | 49.44    | 0.0  | 0.0       | 0.0          | false    | false    |
  [32m✔[39m [32m[1mWhen [22mAdmin sets the business date to [1m"04 January 2026"[22m[39m                                                                            [90m# org.apache.fineract.test.stepdef.common.BusinessDateStepDef.setBusinessDate(java.lang.String)[39m
  [32m✔[39m [32m[1mAnd [22mAdmin runs inline COB job for Loan[39m                                                                                            [90m# org.apache.fineract.test.stepdef.loan.InlineCOBStepDef.runInlineCOB()[39m
  [32m✔[39m [32m[1mAnd [22mLoan Transactions tab has the following data:[39m                                                                                 [90m# org.apache.fineract.test.stepdef.loan.LoanStepDef.loanTransactionsTabCheck(io.cucumber.datatable.DataTable)[39m
      | Transaction date | Transaction Type          | Amount | Principal | Interest | Fees | Penalties | Loan Balance | Reverted | Replayed |
      | 01 January 2026  | Disbursement              | 100.0  | 0.0       | 0.0      | 0.0  | 0.0       | 100.0        | false    | false    |
      | 01 January 2026  | Buy Down Fee              | 50.0   | 0.0       | 50.0     | 0.0  | 0.0       | 0.0          | false    | false    |
      | 01 January 2026  | Buy Down Fee Amortization | 0.56   | 0.0       | 0.56     | 0.0  | 0.0       | 0.0          | false    | false    |
      | 03 January 2026  | Repayment                 | 100.04 | 100.0     | 0.04     | 0.0  | 0.0       | 0.0          | true     | false    |
      | 03 January 2026  | Accrual                   | 0.04   | 0.0       | 0.04     | 0.0  | 0.0       | 0.0          | false    | false    |
      | 03 January 2026  | Buy Down Fee Amortization | 49.44  | 0.0       | 49.44    | 0.0  | 0.0       | 0.0          | false    | false    |
  [32m✔[39m [32m[1mAnd [22mLoan Amortization Allocation Mapping for [1m"BUY_DOWN_FEE"[22m transaction created on [1m"01 January 2026"[22m contains the following data:[39m [90m# org.apache.fineract.test.stepdef.loan.LoanStepDef.checkLoanAmortizationAllocationMapping(java.lang.String,java.lang.String,io.cucumber.datatable.DataTable)[39m
      | Date            | Type | Amount |
      | 01 January 2026 | AM   | 0.56   |
      | 03 January 2026 | AM   | 49.44  |
  [32m✔[39m [32m[1mWhen [22mAdmin sets the business date to [1m"05 January 2026"[22m[39m                                                                            [90m# org.apache.fineract.test.stepdef.common.BusinessDateStepDef.setBusinessDate(java.lang.String)[39m
  [32m✔[39m [32m[1mAnd [22mAdmin runs inline COB job for Loan[39m                                                                                            [90m# org.apache.fineract.test.stepdef.loan.InlineCOBStepDef.runInlineCOB()[39m
  [32m✔[39m [32m[1mAnd [22mLoan Transactions tab has the following data:[39m                                                                                 [90m# org.apache.fineract.test.stepdef.loan.LoanStepDef.loanTransactionsTabCheck(io.cucumber.datatable.DataTable)[39m
      | Transaction date | Transaction Type          | Amount | Principal | Interest | Fees | Penalties | Loan Balance | Reverted | Replayed |
      | 01 January 2026  | Disbursement              | 100.0  | 0.0       | 0.0      | 0.0  | 0.0       | 100.0        | false    | false    |
      | 01 January 2026  | Buy Down Fee              | 50.0   | 0.0       | 50.0     | 0.0  | 0.0       | 0.0          | false    | false    |
      | 01 January 2026  | Buy Down Fee Amortization | 0.56   | 0.0       | 0.56     | 0.0  | 0.0       | 0.0          | false    | false    |
      | 03 January 2026  | Repayment                 | 100.04 | 100.0     | 0.04     | 0.0  | 0.0       | 0.0          | true     | false    |
      | 03 January 2026  | Accrual                   | 0.04   | 0.0       | 0.04     | 0.0  | 0.0       | 0.0          | false    | false    |
      | 03 January 2026  | Buy Down Fee Amortization | 49.44  | 0.0       | 49.44    | 0.0  | 0.0       | 0.0          | false    | false    |
      | 04 January 2026  | Accrual                   | 0.02   | 0.0       | 0.02     | 0.0  | 0.0       | 0.0          | false    | false    |
  [32m✔[39m [32m[1mAnd [22mLoan Amortization Allocation Mapping for [1m"BUY_DOWN_FEE"[22m transaction created on [1m"01 January 2026"[22m contains the following data:[39m [90m# org.apache.fineract.test.stepdef.loan.LoanStepDef.checkLoanAmortizationAllocationMapping(java.lang.String,java.lang.String,io.cucumber.datatable.DataTable)[39m
      | Date            | Type | Amount |
      | 01 January 2026 | AM   | 0.56   |
      | 03 January 2026 | AM   | 49.44  |
  [32m✔[39m [32m[1mWhen [22mLoan Pay-off is made on [1m"05 January 2026"[22m[39m                                                                                    [90m# org.apache.fineract.test.stepdef.loan.LoanRepaymentStepDef.makeLoanPayOff(java.lang.String)[39m
  [32m✔[39m [32m[1mThen [22mLoan is closed with zero outstanding balance and it's all installments have obligations met[39m                                  [90m# org.apache.fineract.test.stepdef.loan.LoanStepDef.loanClosedAndInstallmentsObligationsMet()[39m

@BuyDownFeeFeature @TestRailId:C85356
[1mScenario:[22m Verify Buy Down Fee amortization allocation mappings after loan re-open via payout refund reversal                                                              [90m# fineract-e2e-tests-runner/src/test/resources/features/LoanBuyDownFees.feature:4506[39m
  [32m✔[39m [32m[1mWhen [22mAdmin sets the business date to [1m"01 January 2026"[22m[39m                                                                                                                [90m# org.apache.fineract.test.stepdef.common.BusinessDateStepDef.setBusinessDate(java.lang.String)[39m
  [32m✔[39m [32m[1mAnd [22mAdmin creates a client with random data[39m                                                                                                                           [90m# org.apache.fineract.test.stepdef.common.ClientStepDef.createClientRandomFirstNameLastName()[39m
  [32m✔[39m [32m[1mWhen [22mAdmin creates a fully customized loan with the following data:[39m                                                                                                   [90m# org.apache.fineract.test.stepdef.loan.LoanStepDef.createFullyCustomizedLoan(io.cucumber.datatable.DataTable)[39m
      | LoanProduct                                              | submitted on date | with Principal | ANNUAL interest rate % | interest type     | interest calculation period | amortization type  | loanTermFrequency | loanTermFrequencyType | repaymentEvery | repaymentFrequencyType | numberOfRepayments | graceOnPrincipalPayment | graceOnInterestPayment | interest free period | Payment strategy            |
      | LP2_PROGRESSIVE_ADVANCED_PAYMENT_ALLOCATION_BUYDOWN_FEES | 01 January 2026   | 250            | 7                      | DECLINING_BALANCE | DAILY                       | EQUAL_INSTALLMENTS | 3                 | MONTHS                | 1              | MONTHS                 | 3                  | 0                       | 0                      | 0                    | ADVANCED_PAYMENT_ALLOCATION |
  [32m✔[39m [32m[1mAnd [22mAdmin successfully approves the loan on [1m"01 January 2026"[22m with [1m"250"[22m amount and expected disbursement date on [1m"01 January 2026"[22m[39m                                   [90m# org.apache.fineract.test.stepdef.loan.LoanStepDef.approveLoan(java.lang.String,java.lang.String,java.lang.String)[39m
  [32m✔[39m [32m[1mAnd [22mAdmin successfully disburse the loan on [1m"01 January 2026"[22m with [1m"100"[22m EUR transaction amount[39m                                                                       [90m# org.apache.fineract.test.stepdef.loan.LoanStepDef.disburseLoan(java.lang.String,java.lang.String)[39m
  [32m✔[39m [32m[1mThen [22mLoan status will be [1m"ACTIVE"[22m[39m                                                                                                                                     [90m# org.apache.fineract.test.stepdef.loan.LoanStepDef.loanStatus(java.lang.String)[39m
  [32m✔[39m [32m[1mAnd [22mAdmin adds buy down fee with [1m"AUTOPAY"[22m payment type to the loan on [1m"01 January 2026"[22m with [1m"50"[22m EUR transaction amount[39m                                             [90m# org.apache.fineract.test.stepdef.loan.LoanStepDef.adminAddsBuyDownFeesToTheLoanOnWithEURTransactionAmount(java.lang.String,java.lang.String,java.lang.String)[39m
  [32m✔[39m [32m[1mWhen [22mAdmin sets the business date to [1m"02 January 2026"[22m[39m                                                                                                                [90m# org.apache.fineract.test.stepdef.common.BusinessDateStepDef.setBusinessDate(java.lang.String)[39m
  [32m✔[39m [32m[1mAnd [22mAdmin runs inline COB job for Loan[39m                                                                                                                                [90m# org.apache.fineract.test.stepdef.loan.InlineCOBStepDef.runInlineCOB()[39m
  [32m✔[39m [32m[1mThen [22mLoan Transactions tab has the following data:[39m                                                                                                                    [90m# org.apache.fineract.test.stepdef.loan.LoanStepDef.loanTransactionsTabCheck(io.cucumber.datatable.DataTable)[39m
      | Transaction date | Transaction Type          | Amount | Principal | Interest | Fees | Penalties | Loan Balance | Reverted | Replayed |
      | 01 January 2026  | Disbursement              | 100.0  | 0.0       | 0.0      | 0.0  | 0.0       | 100.0        | false    | false    |
      | 01 January 2026  | Buy Down Fee              | 50.0   | 0.0       | 50.0     | 0.0  | 0.0       | 0.0          | false    | false    |
      | 01 January 2026  | Buy Down Fee Amortization | 0.56   | 0.0       | 0.56     | 0.0  | 0.0       | 0.0          | false    | false    |
  [32m✔[39m [32m[1mAnd [22mLoan Amortization Allocation Mapping for [1m"BUY_DOWN_FEE"[22m transaction created on [1m"01 January 2026"[22m contains the following data:[39m                                     [90m# org.apache.fineract.test.stepdef.loan.LoanStepDef.checkLoanAmortizationAllocationMapping(java.lang.String,java.lang.String,io.cucumber.datatable.DataTable)[39m
      | Date            | Type | Amount |
      | 01 January 2026 | AM   | 0.56   |
  [32m✔[39m [32m[1mWhen [22mAdmin sets the business date to [1m"03 January 2026"[22m[39m                                                                                                                [90m# org.apache.fineract.test.stepdef.common.BusinessDateStepDef.setBusinessDate(java.lang.String)[39m
  [32m✔[39m [32m[1mAnd [22mCustomer makes [1m"PAYOUT_REFUND"[22m transaction with [1m"AUTOPAY"[22m payment type on [1m"03 January 2026"[22m with [1m100.04[22m EUR transaction amount and self-generated Idempotency key[39m [90m# org.apache.fineract.test.stepdef.loan.LoanStepDef.createTransactionWithIdempotencyKey(java.lang.String,java.lang.String,java.lang.String,double)[39m
  [32m✔[39m [32m[1mThen [22mLoan status will be [1m"CLOSED_OBLIGATIONS_MET"[22m[39m                                                                                                                     [90m# org.apache.fineract.test.stepdef.loan.LoanStepDef.loanStatus(java.lang.String)[39m
  [32m✔[39m [32m[1mAnd [22mLoan Transactions tab has the following data:[39m                                                                                                                     [90m# org.apache.fineract.test.stepdef.loan.LoanStepDef.loanTransactionsTabCheck(io.cucumber.datatable.DataTable)[39m
      | Transaction date | Transaction Type          | Amount | Principal | Interest | Fees | Penalties | Loan Balance | Reverted | Replayed |
      | 01 January 2026  | Disbursement              | 100.0  | 0.0       | 0.0      | 0.0  | 0.0       | 100.0        | false    | false    |
      | 01 January 2026  | Buy Down Fee              | 50.0   | 0.0       | 50.0     | 0.0  | 0.0       | 0.0          | false    | false    |
      | 01 January 2026  | Buy Down Fee Amortization | 0.56   | 0.0       | 0.56     | 0.0  | 0.0       | 0.0          | false    | false    |
      | 03 January 2026  | Payout Refund             | 100.04 | 100.0     | 0.04     | 0.0  | 0.0       | 0.0          | false    | false    |
      | 03 January 2026  | Accrual                   | 0.04   | 0.0       | 0.04     | 0.0  | 0.0       | 0.0          | false    | false    |
      | 03 January 2026  | Buy Down Fee Amortization | 49.44  | 0.0       | 49.44    | 0.0  | 0.0       | 0.0          | false    | false    |
  [32m✔[39m [32m[1mAnd [22mLoan Amortization Allocation Mapping for [1m"BUY_DOWN_FEE"[22m transaction created on [1m"01 January 2026"[22m contains the following data:[39m                                     [90m# org.apache.fineract.test.stepdef.loan.LoanStepDef.checkLoanAmortizationAllocationMapping(java.lang.String,java.lang.String,io.cucumber.datatable.DataTable)[39m
      | Date            | Type | Amount |
      | 01 January 2026 | AM   | 0.56   |
      | 03 January 2026 | AM   | 49.44  |
  [32m✔[39m [32m[1mWhen [22mCustomer undo [1m"1"[22mth [1m"Payout Refund"[22m transaction made on [1m"03 January 2026"[22m[39m                                                                                        [90m# org.apache.fineract.test.stepdef.loan.LoanRepaymentStepDef.undoNthTransactionType(java.lang.String,java.lang.String,java.lang.String)[39m
  [32m✔[39m [32m[1mThen [22mLoan status will be [1m"ACTIVE"[22m[39m                                                                                                                                     [90m# org.apache.fineract.test.stepdef.loan.LoanStepDef.loanStatus(java.lang.String)[39m
  [32m✔[39m [32m[1mAnd [22mLoan Transactions tab has the following data:[39m                                                                                                                     [90m# org.apache.fineract.test.stepdef.loan.LoanStepDef.loanTransactionsTabCheck(io.cucumber.datatable.DataTable)[39m
      | Transaction date | Transaction Type          | Amount | Principal | Interest | Fees | Penalties | Loan Balance | Reverted | Replayed |
      | 01 January 2026  | Disbursement              | 100.0  | 0.0       | 0.0      | 0.0  | 0.0       | 100.0        | false    | false    |
      | 01 January 2026  | Buy Down Fee              | 50.0   | 0.0       | 50.0     | 0.0  | 0.0       | 0.0          | false    | false    |
      | 01 January 2026  | Buy Down Fee Amortization | 0.56   | 0.0       | 0.56     | 0.0  | 0.0       | 0.0          | false    | false    |
      | 03 January 2026  | Payout Refund             | 100.04 | 100.0     | 0.04     | 0.0  | 0.0       | 0.0          | true     | false    |
      | 03 January 2026  | Accrual                   | 0.04   | 0.0       | 0.04     | 0.0  | 0.0       | 0.0          | false    | false    |
      | 03 January 2026  | Buy Down Fee Amortization | 49.44  | 0.0       | 49.44    | 0.0  | 0.0       | 0.0          | false    | false    |
  [32m✔[39m [32m[1mWhen [22mAdmin sets the business date to [1m"4 January 2026"[22m[39m                                                                                                                 [90m# org.apache.fineract.test.stepdef.common.BusinessDateStepDef.setBusinessDate(java.lang.String)[39m
  [32m✔[39m [32m[1mAnd [22mAdmin runs inline COB job for Loan[39m                                                                                                                                [90m# org.apache.fineract.test.stepdef.loan.InlineCOBStepDef.runInlineCOB()[39m
  [32m✔[39m [32m[1mAnd [22mLoan Transactions tab has the following data:[39m                                                                                                                     [90m# org.apache.fineract.test.stepdef.loan.LoanStepDef.loanTransactionsTabCheck(io.cucumber.datatable.DataTable)[39m
      | Transaction date | Transaction Type          | Amount | Principal | Interest | Fees | Penalties | Loan Balance | Reverted | Replayed |
      | 01 January 2026  | Disbursement              | 100.0  | 0.0       | 0.0      | 0.0  | 0.0       | 100.0        | false    | false    |
      | 01 January 2026  | Buy Down Fee              | 50.0   | 0.0       | 50.0     | 0.0  | 0.0       | 0.0          | false    | false    |
      | 01 January 2026  | Buy Down Fee Amortization | 0.56   | 0.0       | 0.56     | 0.0  | 0.0       | 0.0          | false    | false    |
      | 03 January 2026  | Payout Refund             | 100.04 | 100.0     | 0.04     | 0.0  | 0.0       | 0.0          | true     | false    |
      | 03 January 2026  | Accrual                   | 0.04   | 0.0       | 0.04     | 0.0  | 0.0       | 0.0          | false    | false    |
      | 03 January 2026  | Buy Down Fee Amortization | 49.44  | 0.0       | 49.44    | 0.0  | 0.0       | 0.0          | false    | false    |
  [32m✔[39m [32m[1mAnd [22mLoan Amortization Allocation Mapping for [1m"BUY_DOWN_FEE"[22m transaction created on [1m"01 January 2026"[22m contains the following data:[39m                                     [90m# org.apache.fineract.test.stepdef.loan.LoanStepDef.checkLoanAmortizationAllocationMapping(java.lang.String,java.lang.String,io.cucumber.datatable.DataTable)[39m
      | Date            | Type | Amount |
      | 01 January 2026 | AM   | 0.56   |
      | 03 January 2026 | AM   | 49.44  |
  [32m✔[39m [32m[1mWhen [22mAdmin sets the business date to [1m"05 January 2026"[22m[39m                                                                                                                [90m# org.apache.fineract.test.stepdef.common.BusinessDateStepDef.setBusinessDate(java.lang.String)[39m
  [32m✔[39m [32m[1mAnd [22mAdmin runs inline COB job for Loan[39m                                                                                                                                [90m# org.apache.fineract.test.stepdef.loan.InlineCOBStepDef.runInlineCOB()[39m
  [32m✔[39m [32m[1mAnd [22mLoan Transactions tab has the following data:[39m                                                                                                                     [90m# org.apache.fineract.test.stepdef.loan.LoanStepDef.loanTransactionsTabCheck(io.cucumber.datatable.DataTable)[39m
      | Transaction date | Transaction Type          | Amount | Principal | Interest | Fees | Penalties | Loan Balance | Reverted | Replayed |
      | 01 January 2026  | Disbursement              | 100.0  | 0.0       | 0.0      | 0.0  | 0.0       | 100.0        | false    | false    |
      | 01 January 2026  | Buy Down Fee              | 50.0   | 0.0       | 50.0     | 0.0  | 0.0       | 0.0          | false    | false    |
      | 01 January 2026  | Buy Down Fee Amortization | 0.56   | 0.0       | 0.56     | 0.0  | 0.0       | 0.0          | false    | false    |
      | 03 January 2026  | Payout Refund             | 100.04 | 100.0     | 0.04     | 0.0  | 0.0       | 0.0          | true     | false    |
      | 03 January 2026  | Accrual                   | 0.04   | 0.0       | 0.04     | 0.0  | 0.0       | 0.0          | false    | false    |
      | 03 January 2026  | Buy Down Fee Amortization | 49.44  | 0.0       | 49.44    | 0.0  | 0.0       | 0.0          | false    | false    |
      | 04 January 2026  | Accrual                   | 0.02   | 0.0       | 0.02     | 0.0  | 0.0       | 0.0          | false    | false    |
  [32m✔[39m [32m[1mAnd [22mLoan Amortization Allocation Mapping for [1m"BUY_DOWN_FEE"[22m transaction created on [1m"01 January 2026"[22m contains the following data:[39m                                     [90m# org.apache.fineract.test.stepdef.loan.LoanStepDef.checkLoanAmortizationAllocationMapping(java.lang.String,java.lang.String,io.cucumber.datatable.DataTable)[39m
      | Date            | Type | Amount |
      | 01 January 2026 | AM   | 0.56   |
      | 03 January 2026 | AM   | 49.44  |
  [32m✔[39m [32m[1mWhen [22mLoan Pay-off is made on [1m"05 January 2026"[22m[39m                                                                                                                        [90m# org.apache.fineract.test.stepdef.loan.LoanRepaymentStepDef.makeLoanPayOff(java.lang.String)[39m
  [32m✔[39m [32m[1mThen [22mLoan is closed with zero outstanding balance and it's all installments have obligations met[39m                                                                      [90m# org.apache.fineract.test.stepdef.loan.LoanStepDef.loanClosedAndInstallmentsObligationsMet()[39m

47 scenarios ([32m47 passed[39m)
1612 steps ([32m1612 passed[39m)
3m 14.26s

[Incubating] Problems report is available at: file:///work/build/reports/problems/problems-report.html

Deprecated Gradle features were used in this build, making it incompatible with Gradle 9.0.

You can use '--warning-mode all' to show the individual deprecation warnings and determine if they come from your own scripts or plugins.

For more on this, please refer to https://docs.gradle.org/8.14.5/userguide/command_line_interface.html#sec:command_line_warnings in the Gradle documentation.

BUILD SUCCESSFUL in 3m 29s
24 actionable tasks: 1 executed, 23 up-to-date
=== run end 2026-09-11T17:34:14Z rc=0 ===
