=== run start 2026-09-12T11:45:22Z DBHOST=172.27.0.2 ===
Picked up JAVA_TOOL_OPTIONS: -Dfineract.feign.debug=true -Dfineract.capture.log=/work/fineract-e2e-tests-runner/build/capture/feign-merchant-refund-mnt.log
To honour the JVM settings for this build a single-use Daemon process will be forked. For more on this, please refer to https://docs.gradle.org/8.14.5/userguide/gradle_daemon.html#sec:disabling_the_daemon in the Gradle documentation.
Daemon will be stopped at the end of the build 
> Task :buildSrc:extractPluginRequests UP-TO-DATE
> Task :buildSrc:generatePluginAdapters UP-TO-DATE
> Task :buildSrc:compileJava UP-TO-DATE
> Task :buildSrc:compileGroovy UP-TO-DATE
> Task :buildSrc:compileGroovyPlugins UP-TO-DATE
> Task :buildSrc:pluginDescriptors UP-TO-DATE
> Task :buildSrc:processResources UP-TO-DATE
> Task :buildSrc:classes UP-TO-DATE
> Task :buildSrc:jar UP-TO-DATE

> Configure project :
matching ref: COMMIT - 426a23544e8426a38ae43ae404670a0a7e85b9eb
  ref configuration: COMMIT - pattern: null
    version: ${describe.tag.version.major}.${describe.tag.version.minor.next}.0-SNAPSHOT
    describeTagPattern: .*(\d+\.\d+\.\d+).*
    describeTagFirstParent: false

project version: 1.16.0-SNAPSHOT

> Task :fineract-avro-schemas:compileJava UP-TO-DATE
> Task :fineract-avro-schemas:processResources UP-TO-DATE
> Task :fineract-avro-schemas:classes
> Task :fineract-avro-schemas:jar UP-TO-DATE
> Task :fineract-client-feign:cleanupGeneratedJavaFiles UP-TO-DATE
> Task :fineract-client-feign:licenseFormatMain UP-TO-DATE
> Task :spotlessInternalRegisterDependencies UP-TO-DATE
> Task :fineract-client-feign:spotlessMisc UP-TO-DATE
> Task :fineract-client-feign:spotlessMiscApply UP-TO-DATE
> Task :fineract-client-feign:compileJava UP-TO-DATE
> Task :fineract-client-feign:processResources UP-TO-DATE
> Task :fineract-client-feign:classes UP-TO-DATE
> Task :fineract-client-feign:jar UP-TO-DATE
> Task :fineract-e2e-tests-core:compileJava NO-SOURCE
> Task :fineract-e2e-tests-core:processResources NO-SOURCE
> Task :fineract-e2e-tests-core:classes UP-TO-DATE
> Task :fineract-e2e-tests-core:compileTestJava UP-TO-DATE
> Task :fineract-e2e-tests-core:processTestResources UP-TO-DATE
> Task :fineract-e2e-tests-core:testClasses UP-TO-DATE
> Task :fineract-e2e-tests-runner:compileJava NO-SOURCE
> Task :fineract-e2e-tests-runner:processResources NO-SOURCE
> Task :fineract-e2e-tests-runner:classes UP-TO-DATE
> Task :fineract-e2e-tests-runner:compileTestJava UP-TO-DATE
> Task :fineract-e2e-tests-runner:processTestResources UP-TO-DATE
> Task :fineract-e2e-tests-runner:testClasses UP-TO-DATE
Picked up JAVA_TOOL_OPTIONS: -Dfineract.feign.debug=true -Dfineract.capture.log=/work/fineract-e2e-tests-runner/build/capture/feign-merchant-refund-mnt.log
11:45:36.004 [main] INFO  o.a.f.t.s.hook.InitializingHook - Setting up global defaults for Fineract
> Task :fineract-e2e-tests-runner:cucumber

Mockito is currently self-attaching to enable the inline-mock-maker. This will no longer work in future releases of the JDK. Please add Mockito as an agent to your build as described in Mockito's documentation: https://javadoc.io/doc/org.mockito/mockito-core/latest/org.mockito/org/mockito/Mockito.html#0.3
WARNING: A Java agent has been loaded dynamically (/gradle-home/caches/modules-2/files-2.1/net.bytebuddy/byte-buddy-agent/1.17.8/f09415827a71be7ed621c7bd02550678f28bc81c/byte-buddy-agent-1.17.8.jar)
WARNING: If a serviceability tool is in use, please run with -XX:+EnableDynamicAgentLoading to hide this warning
WARNING: If a serviceability tool is not in use, please run with -Djdk.instrument.traceUsage for more information
WARNING: Dynamic loading of agents will be disallowed by default in a future release
OpenJDK 64-Bit Server VM warning: Sharing is only supported for boot loader classes because bootstrap classpath has been appended

@TestRailId:C3731
[1mScenario:[22m Merchant Issued Refund reverse replayed with penalty charge and interest recalculation                                                                                  [90m# fineract-e2e-tests-runner/src/test/resources/features/LoanMerchantIssuedRefund.feature:4[39m
  [32m✔[39m [32m[1mWhen [22mAdmin sets the business date to [1m"22 April 2025"[22m[39m                                                                                                                          [90m# org.apache.fineract.test.stepdef.common.BusinessDateStepDef.setBusinessDate(java.lang.String)[39m
  [32m✔[39m [32m[1mWhen [22mAdmin creates a client with random data[39m                                                                                                                                  [90m# org.apache.fineract.test.stepdef.common.ClientStepDef.createClientRandomFirstNameLastName()[39m
  [32m✔[39m [32m[1mWhen [22mAdmin creates a fully customized loan with the following data:[39m                                                                                                           [90m# org.apache.fineract.test.stepdef.loan.LoanStepDef.createFullyCustomizedLoan(io.cucumber.datatable.DataTable)[39m
      | LoanProduct                                                   | submitted on date | with Principal | ANNUAL interest rate % | interest type     | interest calculation period | amortization type  | loanTermFrequency | loanTermFrequencyType | repaymentEvery | repaymentFrequencyType | numberOfRepayments | graceOnPrincipalPayment | graceOnInterestPayment | interest free period | Payment strategy            |
      | LP2_ADV_CUSTOM_PMT_ALLOC_PROGRESSIVE_LOAN_SCHEDULE_HORIZONTAL | 22 April 2025     | 187.99         | 11.3                   | DECLINING_BALANCE | DAILY                       | EQUAL_INSTALLMENTS | 3                 | MONTHS                | 1              | MONTHS                 | 3                  | 0                       | 0                      | 0                    | ADVANCED_PAYMENT_ALLOCATION |
  [32m✔[39m [32m[1mAnd [22mAdmin successfully approves the loan on [1m"22 April 2025"[22m with [1m"187.99"[22m amount and expected disbursement date on [1m"22 April 2025"[22m[39m                                            [90m# org.apache.fineract.test.stepdef.loan.LoanStepDef.approveLoan(java.lang.String,java.lang.String,java.lang.String)[39m
  [32m✔[39m [32m[1mWhen [22mAdmin successfully disburse the loan on [1m"22 April 2025"[22m with [1m"187.99"[22m EUR transaction amount[39m                                                                             [90m# org.apache.fineract.test.stepdef.loan.LoanStepDef.disburseLoan(java.lang.String,java.lang.String)[39m
  [32m✔[39m [32m[1mWhen [22mAdmin sets the business date to [1m"29 April 2025"[22m[39m                                                                                                                          [90m# org.apache.fineract.test.stepdef.common.BusinessDateStepDef.setBusinessDate(java.lang.String)[39m
  [32m✔[39m [32m[1mWhen [22mCustomer makes [1m"REPAYMENT"[22m transaction with [1m"REAL_TIME"[22m payment type on [1m"29 April 2025"[22m with [1m12[22m EUR transaction amount and system-generated Idempotency key[39m              [90m# org.apache.fineract.test.stepdef.loan.LoanStepDef.createTransactionWithAutoIdempotencyKey(java.lang.String,java.lang.String,java.lang.String,double)[39m
  [32m✔[39m [32m[1mWhen [22mAdmin sets the business date to [1m"22 May 2025"[22m[39m                                                                                                                            [90m# org.apache.fineract.test.stepdef.common.BusinessDateStepDef.setBusinessDate(java.lang.String)[39m
  [32m✔[39m [32m[1mWhen [22mCustomer makes [1m"REPAYMENT"[22m transaction with [1m"AUTOPAY"[22m payment type on [1m"22 May 2025"[22m with [1m63.85[22m EUR transaction amount and system-generated Idempotency key[39m               [90m# org.apache.fineract.test.stepdef.loan.LoanStepDef.createTransactionWithAutoIdempotencyKey(java.lang.String,java.lang.String,java.lang.String,double)[39m
  [32m✔[39m [32m[1mWhen [22mAdmin sets the business date to [1m"28 May 2025"[22m[39m                                                                                                                            [90m# org.apache.fineract.test.stepdef.common.BusinessDateStepDef.setBusinessDate(java.lang.String)[39m
  [32m✔[39m [32m[1mWhen [22mCustomer makes [1m"MERCHANT_ISSUED_REFUND"[22m transaction with [1m"AUTOPAY"[22m payment type on [1m"28 May 2025"[22m with [1m187.99[22m EUR transaction amount and system-generated Idempotency key[39m [90m# org.apache.fineract.test.stepdef.loan.LoanStepDef.createTransactionWithAutoIdempotencyKey(java.lang.String,java.lang.String,java.lang.String,double)[39m
  [32m✔[39m [32m[1mWhen [22mCustomer undo [1m"2"[22mth repayment on [1m"28 May 2025"[22m[39m                                                                                                                           [90m# org.apache.fineract.test.stepdef.loan.LoanRepaymentStepDef.undoNthRepayment(java.lang.String,java.lang.String)[39m
  [32m✔[39m [32m[1mWhen [22mAdmin adds [1m"LOAN_NSF_FEE"[22m due date charge with [1m"28 May 2025"[22m due date and [1m2.80[22m EUR transaction amount[39m                                                                    [90m# org.apache.fineract.test.stepdef.loan.LoanChargeStepDef.addChargeDueDate(java.lang.String,java.lang.String,double)[39m
  [32m✔[39m [32m[1mThen [22mLoan status will be [1m"OVERPAID"[22m[39m                                                                                                                                           [90m# org.apache.fineract.test.stepdef.loan.LoanStepDef.loanStatus(java.lang.String)[39m
  [32m✔[39m [32m[1mAnd [22mLoan has [1m9.2[22m overpaid amount[39m                                                                                                                                              [90m# org.apache.fineract.test.stepdef.loan.LoanStepDef.loanOverpaid(double)[39m
  [32m✔[39m [32m[1mAnd [22mLoan Transactions tab has the following data:[39m                                                                                                                             [90m# org.apache.fineract.test.stepdef.loan.LoanStepDef.loanTransactionsTabCheck(io.cucumber.datatable.DataTable)[39m
      | Transaction date | Transaction Type       | Amount | Principal | Interest | Fees | Penalties | Loan Balance | Reverted | Replayed |
      | 22 April 2025    | Disbursement           | 187.99 | 0.0       | 0.0      | 0.0  | 0.0       | 187.99       | false    | false    |
      | 29 April 2025    | Repayment              | 12.0   | 11.59     | 0.41     | 0.0  | 0.0       | 176.4        | false    | false    |
      | 22 May 2025      | Repayment              | 63.85  | 62.57     | 1.28     | 0.0  | 0.0       | 113.83       | true     | false    |
      | 22 May 2025      | Accrual Activity       | 1.69   | 0.0       | 1.69     | 0.0  | 0.0       | 0.0          | false    | false    |
      | 28 May 2025      | Accrual                | 1.9    | 0.0       | 1.9      | 0.0  | 0.0       | 0.0          | false    | false    |
      | 28 May 2025      | Interest Refund        | 2.01   | 0.0       | 0.0      | 0.0  | 0.0       | 0.0          | false    | true     |
      | 28 May 2025      | Accrual                | 0.11   | 0.0       | 0.11     | 0.0  | 0.0       | 0.0          | false    | false    |
      | 28 May 2025      | Merchant Issued Refund | 187.99 | 176.4     | 1.6      | 0.0  | 2.8       | 0.0          | false    | true     |
      | 28 May 2025      | Accrual Activity       | 3.12   | 0.0       | 0.32     | 0.0  | 2.8       | 0.0          | false    | true     |
      | 28 May 2025      | Accrual                | 2.8    | 0.0       | 0.0      | 0.0  | 2.8       | 0.0          | false    | false    |

@TestRailId:C3774
[1mScenario:[22m Verify that the MIR works correctly when last installment principal got updated to null - 360/30                                                                                                                            [90m# fineract-e2e-tests-runner/src/test/resources/features/LoanMerchantIssuedRefund.feature:36[39m
  [32m✔[39m [32m[1mWhen [22mAdmin sets the business date to [1m"09 November 2024"[22m[39m                                                                                                                                                                           [90m# org.apache.fineract.test.stepdef.common.BusinessDateStepDef.setBusinessDate(java.lang.String)[39m
  [32m✔[39m [32m[1mAnd [22mAdmin creates a client with random data[39m                                                                                                                                                                                       [90m# org.apache.fineract.test.stepdef.common.ClientStepDef.createClientRandomFirstNameLastName()[39m
  [32m✔[39m [32m[1mAnd [22mAdmin set [1m"LP2_ADV_PYMNT_INTEREST_DAILY_INT_RECALCULATION_ZERO_INT_CHARGE_OFF_INT_RECOGNITION_FROM_DISB_DATE"[22m loan product [1m"MERCHANT_ISSUED_REFUND"[22m transaction type to [1m"LAST_INSTALLMENT"[22m future installment allocation rule[39m [90m# org.apache.fineract.test.stepdef.loan.LoanStepDef.editFutureInstallmentAllocationTypeForLoanProduct(java.lang.String,java.lang.String,java.lang.String)[39m
  [32m✔[39m [32m[1mAnd [22mAdmin creates a fully customized loan with the following data:[39m                                                                                                                                                                [90m# org.apache.fineract.test.stepdef.loan.LoanStepDef.createFullyCustomizedLoan(io.cucumber.datatable.DataTable)[39m
      | LoanProduct                                                                                       | submitted on date | with Principal | ANNUAL interest rate % | interest type     | interest calculation period | amortization type  | loanTermFrequency | loanTermFrequencyType | repaymentEvery | repaymentFrequencyType | numberOfRepayments | graceOnPrincipalPayment | graceOnInterestPayment | interest free period | Payment strategy            |
      | LP2_ADV_PYMNT_INTEREST_DAILY_INT_RECALCULATION_ZERO_INT_CHARGE_OFF_INT_RECOGNITION_FROM_DISB_DATE | 09 November 2024  | 600            | 11.99                  | DECLINING_BALANCE | DAILY                       | EQUAL_INSTALLMENTS | 24                | MONTHS                | 1              | MONTHS                 | 24                 | 0                       | 0                      | 0                    | ADVANCED_PAYMENT_ALLOCATION |
  [32m✔[39m [32m[1mAnd [22mAdmin successfully approves the loan on [1m"09 November 2024"[22m with [1m"600"[22m amount and expected disbursement date on [1m"09 November 2024"[22m[39m                                                                                             [90m# org.apache.fineract.test.stepdef.loan.LoanStepDef.approveLoan(java.lang.String,java.lang.String,java.lang.String)[39m
  [32m✔[39m [32m[1mAnd [22mAdmin successfully disburse the loan on [1m"09 November 2024"[22m with [1m"600"[22m EUR transaction amount[39m                                                                                                                                  [90m# org.apache.fineract.test.stepdef.loan.LoanStepDef.disburseLoan(java.lang.String,java.lang.String)[39m
  [32m✔[39m [32m[1mAnd [22mAdmin sets the business date to [1m"09 June 2025"[22m[39m                                                                                                                                                                                [90m# org.apache.fineract.test.stepdef.common.BusinessDateStepDef.setBusinessDate(java.lang.String)[39m
  [32m✔[39m [32m[1mAnd [22mCustomer makes [1m"AUTOPAY"[22m repayment on [1m"09 June 2025"[22m with [1m10[22m EUR transaction amount[39m                                                                                                                                           [90m# org.apache.fineract.test.stepdef.loan.LoanRepaymentStepDef.makeLoanRepayment(java.lang.String,java.lang.String,double)[39m
  [32m✔[39m [32m[1mAnd [22mAdmin sets the business date to [1m"10 June 2025"[22m[39m                                                                                                                                                                                [90m# org.apache.fineract.test.stepdef.common.BusinessDateStepDef.setBusinessDate(java.lang.String)[39m
  [32m✔[39m [32m[1mAnd [22mAdmin does charge-off the loan on [1m"10 June 2025"[22m[39m                                                                                                                                                                              [90m# org.apache.fineract.test.stepdef.loan.LoanStepDef.chargeOffLoan(java.lang.String)[39m
  [32m✔[39m [32m[1mAnd [22mCustomer makes [1m"AUTOPAY"[22m repayment on [1m"09 June 2025"[22m with [1m187.68[22m EUR transaction amount[39m                                                                                                                                       [90m# org.apache.fineract.test.stepdef.loan.LoanRepaymentStepDef.makeLoanRepayment(java.lang.String,java.lang.String,double)[39m
  [32m✔[39m [32m[1mThen [22mCustomer makes [1m"MERCHANT_ISSUED_REFUND"[22m transaction with [1m"AUTOPAY"[22m payment type on [1m"10 June 2025"[22m with [1m100[22m EUR transaction amount and system-generated Idempotency key[39m                                                       [90m# org.apache.fineract.test.stepdef.loan.LoanStepDef.createTransactionWithAutoIdempotencyKey(java.lang.String,java.lang.String,java.lang.String,double)[39m
  [32m✔[39m [32m[1mAnd [22mAdmin set [1m"LP2_ADV_PYMNT_INTEREST_DAILY_INT_RECALCULATION_ZERO_INT_CHARGE_OFF_INT_RECOGNITION_FROM_DISB_DATE"[22m loan product [1m"MERCHANT_ISSUED_REFUND"[22m transaction type to [1m"NEXT_INSTALLMENT"[22m future installment allocation rule[39m [90m# org.apache.fineract.test.stepdef.loan.LoanStepDef.editFutureInstallmentAllocationTypeForLoanProduct(java.lang.String,java.lang.String,java.lang.String)[39m

@TestRailId:C3775
[1mScenario:[22m Verify that the MIR works correctly when last installment principal got updated to null - Actual/Actual                                                                                                 [90m# fineract-e2e-tests-runner/src/test/resources/features/LoanMerchantIssuedRefund.feature:54[39m
  [32m✔[39m [32m[1mWhen [22mAdmin sets the business date to [1m"09 November 2024"[22m[39m                                                                                                                                                       [90m# org.apache.fineract.test.stepdef.common.BusinessDateStepDef.setBusinessDate(java.lang.String)[39m
  [32m✔[39m [32m[1mAnd [22mAdmin creates a client with random data[39m                                                                                                                                                                   [90m# org.apache.fineract.test.stepdef.common.ClientStepDef.createClientRandomFirstNameLastName()[39m
  [32m✔[39m [32m[1mAnd [22mAdmin set [1m"LP2_ADV_PYMNT_INT_DAILY_EMI_ACTUAL_ACTUAL_INT_REFUND_FULL_ZERO_INT_CHARGE_OFF"[22m loan product [1m"MERCHANT_ISSUED_REFUND"[22m transaction type to [1m"LAST_INSTALLMENT"[22m future installment allocation rule[39m [90m# org.apache.fineract.test.stepdef.loan.LoanStepDef.editFutureInstallmentAllocationTypeForLoanProduct(java.lang.String,java.lang.String,java.lang.String)[39m
  [32m✔[39m [32m[1mAnd [22mAdmin creates a fully customized loan with the following data:[39m                                                                                                                                            [90m# org.apache.fineract.test.stepdef.loan.LoanStepDef.createFullyCustomizedLoan(io.cucumber.datatable.DataTable)[39m
      | LoanProduct                                                                   | submitted on date | with Principal | ANNUAL interest rate % | interest type     | interest calculation period | amortization type  | loanTermFrequency | loanTermFrequencyType | repaymentEvery | repaymentFrequencyType | numberOfRepayments | graceOnPrincipalPayment | graceOnInterestPayment | interest free period | Payment strategy            |
      | LP2_ADV_PYMNT_INT_DAILY_EMI_ACTUAL_ACTUAL_INT_REFUND_FULL_ZERO_INT_CHARGE_OFF | 09 November 2024  | 600            | 11.99                  | DECLINING_BALANCE | DAILY                       | EQUAL_INSTALLMENTS | 24                | MONTHS                | 1              | MONTHS                 | 24                 | 0                       | 0                      | 0                    | ADVANCED_PAYMENT_ALLOCATION |
  [32m✔[39m [32m[1mAnd [22mAdmin successfully approves the loan on [1m"09 November 2024"[22m with [1m"600"[22m amount and expected disbursement date on [1m"09 November 2024"[22m[39m                                                                         [90m# org.apache.fineract.test.stepdef.loan.LoanStepDef.approveLoan(java.lang.String,java.lang.String,java.lang.String)[39m
  [32m✔[39m [32m[1mAnd [22mAdmin successfully disburse the loan on [1m"09 November 2024"[22m with [1m"600"[22m EUR transaction amount[39m                                                                                                              [90m# org.apache.fineract.test.stepdef.loan.LoanStepDef.disburseLoan(java.lang.String,java.lang.String)[39m
  [32m✔[39m [32m[1mAnd [22mAdmin sets the business date to [1m"09 June 2025"[22m[39m                                                                                                                                                            [90m# org.apache.fineract.test.stepdef.common.BusinessDateStepDef.setBusinessDate(java.lang.String)[39m
  [32m✔[39m [32m[1mAnd [22mCustomer makes [1m"AUTOPAY"[22m repayment on [1m"09 June 2025"[22m with [1m10[22m EUR transaction amount[39m                                                                                                                       [90m# org.apache.fineract.test.stepdef.loan.LoanRepaymentStepDef.makeLoanRepayment(java.lang.String,java.lang.String,double)[39m
  [32m✔[39m [32m[1mAnd [22mAdmin sets the business date to [1m"10 June 2025"[22m[39m                                                                                                                                                            [90m# org.apache.fineract.test.stepdef.common.BusinessDateStepDef.setBusinessDate(java.lang.String)[39m
  [32m✔[39m [32m[1mAnd [22mAdmin does charge-off the loan on [1m"10 June 2025"[22m[39m                                                                                                                                                          [90m# org.apache.fineract.test.stepdef.loan.LoanStepDef.chargeOffLoan(java.lang.String)[39m
  [32m✔[39m [32m[1mAnd [22mCustomer makes [1m"AUTOPAY"[22m repayment on [1m"09 June 2025"[22m with [1m187.68[22m EUR transaction amount[39m                                                                                                                   [90m# org.apache.fineract.test.stepdef.loan.LoanRepaymentStepDef.makeLoanRepayment(java.lang.String,java.lang.String,double)[39m
  [32m✔[39m [32m[1mThen [22mCustomer makes [1m"MERCHANT_ISSUED_REFUND"[22m transaction with [1m"AUTOPAY"[22m payment type on [1m"10 June 2025"[22m with [1m100[22m EUR transaction amount and system-generated Idempotency key[39m                                   [90m# org.apache.fineract.test.stepdef.loan.LoanStepDef.createTransactionWithAutoIdempotencyKey(java.lang.String,java.lang.String,java.lang.String,double)[39m
  [32m✔[39m [32m[1mAnd [22mAdmin set [1m"LP2_ADV_PYMNT_INT_DAILY_EMI_ACTUAL_ACTUAL_INT_REFUND_FULL_ZERO_INT_CHARGE_OFF"[22m loan product [1m"MERCHANT_ISSUED_REFUND"[22m transaction type to [1m"NEXT_INSTALLMENT"[22m future installment allocation rule[39m [90m# org.apache.fineract.test.stepdef.loan.LoanStepDef.editFutureInstallmentAllocationTypeForLoanProduct(java.lang.String,java.lang.String,java.lang.String)[39m

@TestRailId:C3842
[1mScenario:[22m Merchant Issued Refund with interestRefundCalculation = false (Interest Refund transaction should NOT be created)                                                                                       [90m# fineract-e2e-tests-runner/src/test/resources/features/LoanMerchantIssuedRefund.feature:72[39m
  [32m✔[39m [32m[1mWhen [22mAdmin sets the business date to [1m"01 July 2024"[22m[39m                                                                                                                                                           [90m# org.apache.fineract.test.stepdef.common.BusinessDateStepDef.setBusinessDate(java.lang.String)[39m
  [32m✔[39m [32m[1mAnd [22mAdmin creates a client with random data[39m                                                                                                                                                                   [90m# org.apache.fineract.test.stepdef.common.ClientStepDef.createClientRandomFirstNameLastName()[39m
  [32m✔[39m [32m[1mAnd [22mAdmin creates a fully customized loan with the following data:[39m                                                                                                                                            [90m# org.apache.fineract.test.stepdef.loan.LoanStepDef.createFullyCustomizedLoan(io.cucumber.datatable.DataTable)[39m
      | LoanProduct                                                   | submitted on date | with Principal | ANNUAL interest rate % | interest type     | interest calculation period | amortization type  | loanTermFrequency | loanTermFrequencyType | repaymentEvery | repaymentFrequencyType | numberOfRepayments | graceOnPrincipalPayment | graceOnInterestPayment | interest free period | Payment strategy            |
      | LP2_ADV_CUSTOM_PMT_ALLOC_PROGRESSIVE_LOAN_SCHEDULE_HORIZONTAL | 01 July 2024      | 1000           | 10                     | DECLINING_BALANCE | DAILY                       | EQUAL_INSTALLMENTS | 3                 | MONTHS                | 1              | MONTHS                 | 3                  | 0                       | 0                      | 0                    | ADVANCED_PAYMENT_ALLOCATION |
  [32m✔[39m [32m[1mAnd [22mAdmin successfully approves the loan on [1m"01 July 2024"[22m with [1m"1000"[22m amount and expected disbursement date on [1m"01 July 2024"[22m[39m                                                                                [90m# org.apache.fineract.test.stepdef.loan.LoanStepDef.approveLoan(java.lang.String,java.lang.String,java.lang.String)[39m
  [32m✔[39m [32m[1mAnd [22mAdmin successfully disburse the loan on [1m"01 July 2024"[22m with [1m"1000"[22m EUR transaction amount[39m                                                                                                                 [90m# org.apache.fineract.test.stepdef.loan.LoanStepDef.disburseLoan(java.lang.String,java.lang.String)[39m
  [32m✔[39m [32m[1mThen [22mLoan Repayment schedule has [1m3[22m periods, with the following data for periods:[39m                                                                                                                              [90m# org.apache.fineract.test.stepdef.loan.LoanStepDef.loanRepaymentSchedulePeriodsCheck(int,io.cucumber.datatable.DataTable)[39m
      | Nr | Days | Date              | Paid date | Balance of loan | Principal due | Interest | Fees | Penalties | Due    | Paid | In advance | Late | Outstanding |
      |    |      | 01 July 2024      |           | 1000.0          |               |          | 0.0  |           | 0.0    | 0.0  |            |      |             |
      | 1  | 31   | 01 August 2024    |           | 669.43          | 330.57        | 8.33     | 0.0  | 0.0       | 338.9  | 0.0  | 0.0        | 0.0  | 338.9       |
      | 2  | 31   | 01 September 2024 |           | 336.11          | 333.32        | 5.58     | 0.0  | 0.0       | 338.9  | 0.0  | 0.0        | 0.0  | 338.9       |
      | 3  | 30   | 01 October 2024   |           | 0.0             | 336.11        | 2.8      | 0.0  | 0.0       | 338.91 | 0.0  | 0.0        | 0.0  | 338.91      |
  [32m✔[39m [32m[1mAnd [22mLoan Repayment schedule has the following data in Total row:[39m                                                                                                                                              [90m# org.apache.fineract.test.stepdef.loan.LoanStepDef.loanRepaymentScheduleAmountCheck(io.cucumber.datatable.DataTable)[39m
      | Principal due | Interest | Fees | Penalties | Due     | Paid | In advance | Late | Outstanding |
      | 1000.0        | 16.71    | 0.0  | 0.0       | 1016.71 | 0.0  | 0.0        | 0.0  | 1016.71     |
  [32m✔[39m [32m[1mAnd [22mLoan Transactions tab has the following data:[39m                                                                                                                                                             [90m# org.apache.fineract.test.stepdef.loan.LoanStepDef.loanTransactionsTabCheck(io.cucumber.datatable.DataTable)[39m
      | Transaction date | Transaction Type | Amount | Principal | Interest | Fees | Penalties | Loan Balance | Reverted | Replayed |
      | 01 July 2024     | Disbursement     | 1000.0 | 0.0       | 0.0      | 0.0  | 0.0       | 1000.0       | false    | false    |
  [32m✔[39m [32m[1mWhen [22mAdmin sets the business date to [1m"10 July 2024"[22m[39m                                                                                                                                                           [90m# org.apache.fineract.test.stepdef.common.BusinessDateStepDef.setBusinessDate(java.lang.String)[39m
  [32m✔[39m [32m[1mAnd [22mCustomer makes [1m"REPAYMENT"[22m transaction with [1m"AUTOPAY"[22m payment type on [1m"10 July 2024"[22m with [1m338.9[22m EUR transaction amount and system-generated Idempotency key[39m                                               [90m# org.apache.fineract.test.stepdef.loan.LoanStepDef.createTransactionWithAutoIdempotencyKey(java.lang.String,java.lang.String,java.lang.String,double)[39m
  [32m✔[39m [32m[1mWhen [22mAdmin sets the business date to [1m"15 July 2024"[22m[39m                                                                                                                                                           [90m# org.apache.fineract.test.stepdef.common.BusinessDateStepDef.setBusinessDate(java.lang.String)[39m
  [32m✔[39m [32m[1mAnd [22mCustomer makes [1m"MERCHANT_ISSUED_REFUND"[22m transaction with [1m"AUTOPAY"[22m payment type on [1m"15 July 2024"[22m with [1m50[22m EUR transaction amount and system-generated Idempotency key and interestRefundCalculation [1mfalse[22m[39m [90m# org.apache.fineract.test.stepdef.loan.LoanStepDef.createTransactionWithAutoIdempotencyKeyAndWithInterestRefundCalculationFlagProvided(java.lang.String,java.lang.String,java.lang.String,double,boolean)[39m
  [32m✔[39m [32m[1mThen [22mLoan Repayment schedule has [1m3[22m periods, with the following data for periods:[39m                                                                                                                              [90m# org.apache.fineract.test.stepdef.loan.LoanStepDef.loanRepaymentSchedulePeriodsCheck(int,io.cucumber.datatable.DataTable)[39m
      | Nr | Days | Date              | Paid date    | Balance of loan | Principal due | Interest | Fees | Penalties | Due    | Paid  | In advance | Late | Outstanding |
      |    |      | 01 July 2024      |              | 1000.0          |               |          | 0.0  |           | 0.0    | 0.0   |            |      |             |
      | 1  | 31   | 01 August 2024    | 10 July 2024 | 663.52          | 336.48        | 2.42     | 0.0  | 0.0       | 338.9  | 338.9 | 338.9      | 0.0  | 0.0         |
      | 2  | 31   | 01 September 2024 |              | 333.42          | 330.1         | 8.8      | 0.0  | 0.0       | 338.9  | 0.0   | 0.0        | 0.0  | 338.9       |
      | 3  | 30   | 01 October 2024   |              | 0.0             | 333.42        | 2.36     | 0.0  | 0.0       | 335.78 | 50.0  | 50.0       | 0.0  | 285.78      |
  [32m✔[39m [32m[1mAnd [22mLoan Repayment schedule has the following data in Total row:[39m                                                                                                                                              [90m# org.apache.fineract.test.stepdef.loan.LoanStepDef.loanRepaymentScheduleAmountCheck(io.cucumber.datatable.DataTable)[39m
      | Principal due | Interest | Fees | Penalties | Due     | Paid  | In advance | Late | Outstanding |
      | 1000.0        | 13.58    | 0.0  | 0.0       | 1013.58 | 388.9 | 388.9      | 0.0  | 624.68      |
  [32m✔[39m [32m[1mAnd [22mLoan Transactions tab has the following data:[39m                                                                                                                                                             [90m# org.apache.fineract.test.stepdef.loan.LoanStepDef.loanTransactionsTabCheck(io.cucumber.datatable.DataTable)[39m
      | Transaction date | Transaction Type       | Amount | Principal | Interest | Fees | Penalties | Loan Balance | Reverted | Replayed |
      | 01 July 2024     | Disbursement           | 1000.0 | 0.0       | 0.0      | 0.0  | 0.0       | 1000.0       | false    | false    |
      | 10 July 2024     | Repayment              | 338.9  | 336.48    | 2.42     | 0.0  | 0.0       | 663.52       | false    | false    |
      | 15 July 2024     | Merchant Issued Refund | 50.0   | 50.0      | 0.0      | 0.0  | 0.0       | 613.52       | false    | false    |

@TestRailId:C3843
[1mScenario:[22m Merchant Issued Refund with interestRefundCalculation = true (Interest Refund transaction SHOULD be created)                                                                                           [90m# fineract-e2e-tests-runner/src/test/resources/features/LoanMerchantIssuedRefund.feature:112[39m
  [32m✔[39m [32m[1mWhen [22mAdmin sets the business date to [1m"01 July 2024"[22m[39m                                                                                                                                                          [90m# org.apache.fineract.test.stepdef.common.BusinessDateStepDef.setBusinessDate(java.lang.String)[39m
  [32m✔[39m [32m[1mAnd [22mAdmin creates a client with random data[39m                                                                                                                                                                  [90m# org.apache.fineract.test.stepdef.common.ClientStepDef.createClientRandomFirstNameLastName()[39m
  [32m✔[39m [32m[1mAnd [22mAdmin creates a fully customized loan with the following data:[39m                                                                                                                                           [90m# org.apache.fineract.test.stepdef.loan.LoanStepDef.createFullyCustomizedLoan(io.cucumber.datatable.DataTable)[39m
      | LoanProduct                                                   | submitted on date | with Principal | ANNUAL interest rate % | interest type     | interest calculation period | amortization type  | loanTermFrequency | loanTermFrequencyType | repaymentEvery | repaymentFrequencyType | numberOfRepayments | graceOnPrincipalPayment | graceOnInterestPayment | interest free period | Payment strategy            |
      | LP2_ADV_CUSTOM_PMT_ALLOC_PROGRESSIVE_LOAN_SCHEDULE_HORIZONTAL | 01 July 2024      | 1000           | 10                     | DECLINING_BALANCE | DAILY                       | EQUAL_INSTALLMENTS | 3                 | MONTHS                | 1              | MONTHS                 | 3                  | 0                       | 0                      | 0                    | ADVANCED_PAYMENT_ALLOCATION |
  [32m✔[39m [32m[1mAnd [22mAdmin successfully approves the loan on [1m"01 July 2024"[22m with [1m"1000"[22m amount and expected disbursement date on [1m"01 July 2024"[22m[39m                                                                               [90m# org.apache.fineract.test.stepdef.loan.LoanStepDef.approveLoan(java.lang.String,java.lang.String,java.lang.String)[39m
  [32m✔[39m [32m[1mAnd [22mAdmin successfully disburse the loan on [1m"01 July 2024"[22m with [1m"1000"[22m EUR transaction amount[39m                                                                                                                [90m# org.apache.fineract.test.stepdef.loan.LoanStepDef.disburseLoan(java.lang.String,java.lang.String)[39m
  [32m✔[39m [32m[1mThen [22mLoan Repayment schedule has [1m3[22m periods, with the following data for periods:[39m                                                                                                                             [90m# org.apache.fineract.test.stepdef.loan.LoanStepDef.loanRepaymentSchedulePeriodsCheck(int,io.cucumber.datatable.DataTable)[39m
      | Nr | Days | Date              | Paid date | Balance of loan | Principal due | Interest | Fees | Penalties | Due    | Paid | In advance | Late | Outstanding |
      |    |      | 01 July 2024      |           | 1000.0          |               |          | 0.0  |           | 0.0    | 0.0  |            |      |             |
      | 1  | 31   | 01 August 2024    |           | 669.43          | 330.57        | 8.33     | 0.0  | 0.0       | 338.9  | 0.0  | 0.0        | 0.0  | 338.9       |
      | 2  | 31   | 01 September 2024 |           | 336.11          | 333.32        | 5.58     | 0.0  | 0.0       | 338.9  | 0.0  | 0.0        | 0.0  | 338.9       |
      | 3  | 30   | 01 October 2024   |           | 0.0             | 336.11        | 2.8      | 0.0  | 0.0       | 338.91 | 0.0  | 0.0        | 0.0  | 338.91      |
  [32m✔[39m [32m[1mAnd [22mLoan Repayment schedule has the following data in Total row:[39m                                                                                                                                             [90m# org.apache.fineract.test.stepdef.loan.LoanStepDef.loanRepaymentScheduleAmountCheck(io.cucumber.datatable.DataTable)[39m
      | Principal due | Interest | Fees | Penalties | Due     | Paid | In advance | Late | Outstanding |
      | 1000.0        | 16.71    | 0.0  | 0.0       | 1016.71 | 0.0  | 0.0        | 0.0  | 1016.71     |
  [32m✔[39m [32m[1mAnd [22mLoan Transactions tab has the following data:[39m                                                                                                                                                            [90m# org.apache.fineract.test.stepdef.loan.LoanStepDef.loanTransactionsTabCheck(io.cucumber.datatable.DataTable)[39m
      | Transaction date | Transaction Type | Amount | Principal | Interest | Fees | Penalties | Loan Balance | Reverted | Replayed |
      | 01 July 2024     | Disbursement     | 1000.0 | 0.0       | 0.0      | 0.0  | 0.0       | 1000.0       | false    | false    |
  [32m✔[39m [32m[1mWhen [22mAdmin sets the business date to [1m"10 July 2024"[22m[39m                                                                                                                                                          [90m# org.apache.fineract.test.stepdef.common.BusinessDateStepDef.setBusinessDate(java.lang.String)[39m
  [32m✔[39m [32m[1mAnd [22mCustomer makes [1m"REPAYMENT"[22m transaction with [1m"AUTOPAY"[22m payment type on [1m"10 July 2024"[22m with [1m338.9[22m EUR transaction amount and system-generated Idempotency key[39m                                              [90m# org.apache.fineract.test.stepdef.loan.LoanStepDef.createTransactionWithAutoIdempotencyKey(java.lang.String,java.lang.String,java.lang.String,double)[39m
  [32m✔[39m [32m[1mWhen [22mAdmin sets the business date to [1m"15 July 2024"[22m[39m                                                                                                                                                          [90m# org.apache.fineract.test.stepdef.common.BusinessDateStepDef.setBusinessDate(java.lang.String)[39m
  [32m✔[39m [32m[1mAnd [22mCustomer makes [1m"MERCHANT_ISSUED_REFUND"[22m transaction with [1m"AUTOPAY"[22m payment type on [1m"15 July 2024"[22m with [1m50[22m EUR transaction amount and system-generated Idempotency key and interestRefundCalculation [1mtrue[22m[39m [90m# org.apache.fineract.test.stepdef.loan.LoanStepDef.createTransactionWithAutoIdempotencyKeyAndWithInterestRefundCalculationFlagProvided(java.lang.String,java.lang.String,java.lang.String,double,boolean)[39m
  [32m✔[39m [32m[1mThen [22mLoan Repayment schedule has [1m3[22m periods, with the following data for periods:[39m                                                                                                                             [90m# org.apache.fineract.test.stepdef.loan.LoanStepDef.loanRepaymentSchedulePeriodsCheck(int,io.cucumber.datatable.DataTable)[39m
      | Nr | Days | Date              | Paid date    | Balance of loan | Principal due | Interest | Fees | Penalties | Due    | Paid  | In advance | Late | Outstanding |
      |    |      | 01 July 2024      |              | 1000.0          |               |          | 0.0  |           | 0.0    | 0.0   |            |      |             |
      | 1  | 31   | 01 August 2024    | 10 July 2024 | 663.52          | 336.48        | 2.42     | 0.0  | 0.0       | 338.9  | 338.9 | 338.9      | 0.0  | 0.0         |
      | 2  | 31   | 01 September 2024 |              | 333.42          | 330.1         | 8.8      | 0.0  | 0.0       | 338.9  | 0.19  | 0.19       | 0.0  | 338.71      |
      | 3  | 30   | 01 October 2024   |              | 0.0             | 333.42        | 2.36     | 0.0  | 0.0       | 335.78 | 50.0  | 50.0       | 0.0  | 285.78      |
  [32m✔[39m [32m[1mAnd [22mLoan Repayment schedule has the following data in Total row:[39m                                                                                                                                             [90m# org.apache.fineract.test.stepdef.loan.LoanStepDef.loanRepaymentScheduleAmountCheck(io.cucumber.datatable.DataTable)[39m
      | Principal due | Interest | Fees | Penalties | Due     | Paid   | In advance | Late | Outstanding |
      | 1000.0        | 13.58    | 0.0  | 0.0       | 1013.58 | 389.09 | 389.09     | 0.0  | 624.49      |
  [32m✔[39m [32m[1mAnd [22mLoan Transactions tab has the following data:[39m                                                                                                                                                            [90m# org.apache.fineract.test.stepdef.loan.LoanStepDef.loanTransactionsTabCheck(io.cucumber.datatable.DataTable)[39m
      | Transaction date | Transaction Type       | Amount | Principal | Interest | Fees | Penalties | Loan Balance | Reverted | Replayed |
      | 01 July 2024     | Disbursement           | 1000.0 | 0.0       | 0.0      | 0.0  | 0.0       | 1000.0       | false    | false    |
      | 10 July 2024     | Repayment              | 338.9  | 336.48    | 2.42     | 0.0  | 0.0       | 663.52       | false    | false    |
      | 15 July 2024     | Merchant Issued Refund | 50.0   | 50.0      | 0.0      | 0.0  | 0.0       | 613.52       | false    | false    |
      | 15 July 2024     | Interest Refund        | 0.19   | 0.0       | 0.19     | 0.0  | 0.0       | 613.52       | false    | false    |

@TestRailId:C3844
[1mScenario:[22m Merchant Issued Refund without interestRefundCalculation (should fallback to loan product config)                                                                   [90m# fineract-e2e-tests-runner/src/test/resources/features/LoanMerchantIssuedRefund.feature:153[39m
  [32m✔[39m [32m[1mWhen [22mAdmin sets the business date to [1m"01 July 2024"[22m[39m                                                                                                                       [90m# org.apache.fineract.test.stepdef.common.BusinessDateStepDef.setBusinessDate(java.lang.String)[39m
  [32m✔[39m [32m[1mAnd [22mAdmin creates a client with random data[39m                                                                                                                               [90m# org.apache.fineract.test.stepdef.common.ClientStepDef.createClientRandomFirstNameLastName()[39m
  [32m✔[39m [32m[1mAnd [22mAdmin creates a fully customized loan with the following data:[39m                                                                                                        [90m# org.apache.fineract.test.stepdef.loan.LoanStepDef.createFullyCustomizedLoan(io.cucumber.datatable.DataTable)[39m
      | LoanProduct                                                   | submitted on date | with Principal | ANNUAL interest rate % | interest type     | interest calculation period | amortization type  | loanTermFrequency | loanTermFrequencyType | repaymentEvery | repaymentFrequencyType | numberOfRepayments | graceOnPrincipalPayment | graceOnInterestPayment | interest free period | Payment strategy            |
      | LP2_ADV_CUSTOM_PMT_ALLOC_PROGRESSIVE_LOAN_SCHEDULE_HORIZONTAL | 01 July 2024      | 1000           | 10                     | DECLINING_BALANCE | DAILY                       | EQUAL_INSTALLMENTS | 3                 | MONTHS                | 1              | MONTHS                 | 3                  | 0                       | 0                      | 0                    | ADVANCED_PAYMENT_ALLOCATION |
  [32m✔[39m [32m[1mAnd [22mAdmin successfully approves the loan on [1m"01 July 2024"[22m with [1m"1000"[22m amount and expected disbursement date on [1m"01 July 2024"[22m[39m                                            [90m# org.apache.fineract.test.stepdef.loan.LoanStepDef.approveLoan(java.lang.String,java.lang.String,java.lang.String)[39m
  [32m✔[39m [32m[1mAnd [22mAdmin successfully disburse the loan on [1m"01 July 2024"[22m with [1m"1000"[22m EUR transaction amount[39m                                                                             [90m# org.apache.fineract.test.stepdef.loan.LoanStepDef.disburseLoan(java.lang.String,java.lang.String)[39m
  [32m✔[39m [32m[1mThen [22mLoan Repayment schedule has [1m3[22m periods, with the following data for periods:[39m                                                                                          [90m# org.apache.fineract.test.stepdef.loan.LoanStepDef.loanRepaymentSchedulePeriodsCheck(int,io.cucumber.datatable.DataTable)[39m
      | Nr | Days | Date              | Paid date | Balance of loan | Principal due | Interest | Fees | Penalties | Due    | Paid | In advance | Late | Outstanding |
      |    |      | 01 July 2024      |           | 1000.0          |               |          | 0.0  |           | 0.0    | 0.0  |            |      |             |
      | 1  | 31   | 01 August 2024    |           | 669.43          | 330.57        | 8.33     | 0.0  | 0.0       | 338.9  | 0.0  | 0.0        | 0.0  | 338.9       |
      | 2  | 31   | 01 September 2024 |           | 336.11          | 333.32        | 5.58     | 0.0  | 0.0       | 338.9  | 0.0  | 0.0        | 0.0  | 338.9       |
      | 3  | 30   | 01 October 2024   |           | 0.0             | 336.11        | 2.8      | 0.0  | 0.0       | 338.91 | 0.0  | 0.0        | 0.0  | 338.91      |
  [32m✔[39m [32m[1mAnd [22mLoan Repayment schedule has the following data in Total row:[39m                                                                                                          [90m# org.apache.fineract.test.stepdef.loan.LoanStepDef.loanRepaymentScheduleAmountCheck(io.cucumber.datatable.DataTable)[39m
      | Principal due | Interest | Fees | Penalties | Due     | Paid | In advance | Late | Outstanding |
      | 1000.0        | 16.71    | 0.0  | 0.0       | 1016.71 | 0.0  | 0.0        | 0.0  | 1016.71     |
  [32m✔[39m [32m[1mAnd [22mLoan Transactions tab has the following data:[39m                                                                                                                         [90m# org.apache.fineract.test.stepdef.loan.LoanStepDef.loanTransactionsTabCheck(io.cucumber.datatable.DataTable)[39m
      | Transaction date | Transaction Type | Amount | Principal | Interest | Fees | Penalties | Loan Balance | Reverted | Replayed |
      | 01 July 2024     | Disbursement     | 1000.0 | 0.0       | 0.0      | 0.0  | 0.0       | 1000.0       | false    | false    |
  [32m✔[39m [32m[1mWhen [22mAdmin sets the business date to [1m"10 July 2024"[22m[39m                                                                                                                       [90m# org.apache.fineract.test.stepdef.common.BusinessDateStepDef.setBusinessDate(java.lang.String)[39m
  [32m✔[39m [32m[1mAnd [22mCustomer makes [1m"REPAYMENT"[22m transaction with [1m"AUTOPAY"[22m payment type on [1m"10 July 2024"[22m with [1m338.9[22m EUR transaction amount and system-generated Idempotency key[39m           [90m# org.apache.fineract.test.stepdef.loan.LoanStepDef.createTransactionWithAutoIdempotencyKey(java.lang.String,java.lang.String,java.lang.String,double)[39m
  [32m✔[39m [32m[1mWhen [22mAdmin sets the business date to [1m"15 July 2024"[22m[39m                                                                                                                       [90m# org.apache.fineract.test.stepdef.common.BusinessDateStepDef.setBusinessDate(java.lang.String)[39m
  [32m✔[39m [32m[1mAnd [22mCustomer makes [1m"MERCHANT_ISSUED_REFUND"[22m transaction with [1m"AUTOPAY"[22m payment type on [1m"15 July 2024"[22m with [1m50[22m EUR transaction amount and system-generated Idempotency key[39m [90m# org.apache.fineract.test.stepdef.loan.LoanStepDef.createTransactionWithAutoIdempotencyKey(java.lang.String,java.lang.String,java.lang.String,double)[39m
  [32m✔[39m [32m[1mThen [22mLoan Repayment schedule has [1m3[22m periods, with the following data for periods:[39m                                                                                          [90m# org.apache.fineract.test.stepdef.loan.LoanStepDef.loanRepaymentSchedulePeriodsCheck(int,io.cucumber.datatable.DataTable)[39m
      | Nr | Days | Date              | Paid date    | Balance of loan | Principal due | Interest | Fees | Penalties | Due    | Paid  | In advance | Late | Outstanding |
      |    |      | 01 July 2024      |              | 1000.0          |               |          | 0.0  |           | 0.0    | 0.0   |            |      |             |
      | 1  | 31   | 01 August 2024    | 10 July 2024 | 663.52          | 336.48        | 2.42     | 0.0  | 0.0       | 338.9  | 338.9 | 338.9      | 0.0  | 0.0         |
      | 2  | 31   | 01 September 2024 |              | 333.42          | 330.1         | 8.8      | 0.0  | 0.0       | 338.9  | 0.19  | 0.19       | 0.0  | 338.71      |
      | 3  | 30   | 01 October 2024   |              | 0.0             | 333.42        | 2.36     | 0.0  | 0.0       | 335.78 | 50.0  | 50.0       | 0.0  | 285.78      |
  [32m✔[39m [32m[1mAnd [22mLoan Repayment schedule has the following data in Total row:[39m                                                                                                          [90m# org.apache.fineract.test.stepdef.loan.LoanStepDef.loanRepaymentScheduleAmountCheck(io.cucumber.datatable.DataTable)[39m
      | Principal due | Interest | Fees | Penalties | Due     | Paid   | In advance | Late | Outstanding |
      | 1000.0        | 13.58    | 0.0  | 0.0       | 1013.58 | 389.09 | 389.09     | 0.0  | 624.49      |
  [32m✔[39m [32m[1mAnd [22mLoan Transactions tab has the following data:[39m                                                                                                                         [90m# org.apache.fineract.test.stepdef.loan.LoanStepDef.loanTransactionsTabCheck(io.cucumber.datatable.DataTable)[39m
      | Transaction date | Transaction Type       | Amount | Principal | Interest | Fees | Penalties | Loan Balance | Reverted | Replayed |
      | 01 July 2024     | Disbursement           | 1000.0 | 0.0       | 0.0      | 0.0  | 0.0       | 1000.0       | false    | false    |
      | 10 July 2024     | Repayment              | 338.9  | 336.48    | 2.42     | 0.0  | 0.0       | 663.52       | false    | false    |
      | 15 July 2024     | Merchant Issued Refund | 50.0   | 50.0      | 0.0      | 0.0  | 0.0       | 613.52       | false    | false    |
      | 15 July 2024     | Interest Refund        | 0.19   | 0.0       | 0.19     | 0.0  | 0.0       | 613.52       | false    | false    |

@TestRailId:C3854
[1mScenario:[22m Verify reversal of Merchant Issued Refund when interestRefundCalculation=false (no Interest Refund to reverse)                                                                                          [90m# fineract-e2e-tests-runner/src/test/resources/features/LoanMerchantIssuedRefund.feature:194[39m
  [32m✔[39m [32m[1mWhen [22mAdmin sets the business date to [1m"01 July 2024"[22m[39m                                                                                                                                                           [90m# org.apache.fineract.test.stepdef.common.BusinessDateStepDef.setBusinessDate(java.lang.String)[39m
  [32m✔[39m [32m[1mAnd [22mAdmin creates a client with random data[39m                                                                                                                                                                   [90m# org.apache.fineract.test.stepdef.common.ClientStepDef.createClientRandomFirstNameLastName()[39m
  [32m✔[39m [32m[1mAnd [22mAdmin creates a fully customized loan with the following data:[39m                                                                                                                                            [90m# org.apache.fineract.test.stepdef.loan.LoanStepDef.createFullyCustomizedLoan(io.cucumber.datatable.DataTable)[39m
      | LoanProduct                                                   | submitted on date | with Principal | ANNUAL interest rate % | interest type     | interest calculation period | amortization type  | loanTermFrequency | loanTermFrequencyType | repaymentEvery | repaymentFrequencyType | numberOfRepayments | graceOnPrincipalPayment | graceOnInterestPayment | interest free period | Payment strategy            |
      | LP2_ADV_CUSTOM_PMT_ALLOC_PROGRESSIVE_LOAN_SCHEDULE_HORIZONTAL | 01 July 2024      | 1000           | 10                     | DECLINING_BALANCE | DAILY                       | EQUAL_INSTALLMENTS | 3                 | MONTHS                | 1              | MONTHS                 | 3                  | 0                       | 0                      | 0                    | ADVANCED_PAYMENT_ALLOCATION |
  [32m✔[39m [32m[1mAnd [22mAdmin successfully approves the loan on [1m"01 July 2024"[22m with [1m"1000"[22m amount and expected disbursement date on [1m"01 July 2024"[22m[39m                                                                                [90m# org.apache.fineract.test.stepdef.loan.LoanStepDef.approveLoan(java.lang.String,java.lang.String,java.lang.String)[39m
  [32m✔[39m [32m[1mAnd [22mAdmin successfully disburse the loan on [1m"01 July 2024"[22m with [1m"1000"[22m EUR transaction amount[39m                                                                                                                 [90m# org.apache.fineract.test.stepdef.loan.LoanStepDef.disburseLoan(java.lang.String,java.lang.String)[39m
  [32m✔[39m [32m[1mThen [22mLoan Repayment schedule has [1m3[22m periods, with the following data for periods:[39m                                                                                                                              [90m# org.apache.fineract.test.stepdef.loan.LoanStepDef.loanRepaymentSchedulePeriodsCheck(int,io.cucumber.datatable.DataTable)[39m
      | Nr | Days | Date              | Paid date | Balance of loan | Principal due | Interest | Fees | Penalties | Due    | Paid | In advance | Late | Outstanding |
      |    |      | 01 July 2024      |           | 1000.0          |               |          | 0.0  |           | 0.0    | 0.0  |            |      |             |
      | 1  | 31   | 01 August 2024    |           | 669.43          | 330.57        | 8.33     | 0.0  | 0.0       | 338.9  | 0.0  | 0.0        | 0.0  | 338.9       |
      | 2  | 31   | 01 September 2024 |           | 336.11          | 333.32        | 5.58     | 0.0  | 0.0       | 338.9  | 0.0  | 0.0        | 0.0  | 338.9       |
      | 3  | 30   | 01 October 2024   |           | 0.0             | 336.11        | 2.8      | 0.0  | 0.0       | 338.91 | 0.0  | 0.0        | 0.0  | 338.91      |
  [32m✔[39m [32m[1mAnd [22mLoan Repayment schedule has the following data in Total row:[39m                                                                                                                                              [90m# org.apache.fineract.test.stepdef.loan.LoanStepDef.loanRepaymentScheduleAmountCheck(io.cucumber.datatable.DataTable)[39m
      | Principal due | Interest | Fees | Penalties | Due     | Paid | In advance | Late | Outstanding |
      | 1000.0        | 16.71    | 0.0  | 0.0       | 1016.71 | 0.0  | 0.0        | 0.0  | 1016.71     |
  [32m✔[39m [32m[1mAnd [22mLoan Transactions tab has the following data:[39m                                                                                                                                                             [90m# org.apache.fineract.test.stepdef.loan.LoanStepDef.loanTransactionsTabCheck(io.cucumber.datatable.DataTable)[39m
      | Transaction date | Transaction Type | Amount | Principal | Interest | Fees | Penalties | Loan Balance | Reverted | Replayed |
      | 01 July 2024     | Disbursement     | 1000.0 | 0.0       | 0.0      | 0.0  | 0.0       | 1000.0       | false    | false    |
  [32m✔[39m [32m[1mWhen [22mAdmin sets the business date to [1m"15 July 2024"[22m[39m                                                                                                                                                           [90m# org.apache.fineract.test.stepdef.common.BusinessDateStepDef.setBusinessDate(java.lang.String)[39m
  [32m✔[39m [32m[1mAnd [22mCustomer makes [1m"MERCHANT_ISSUED_REFUND"[22m transaction with [1m"AUTOPAY"[22m payment type on [1m"15 July 2024"[22m with [1m50[22m EUR transaction amount and system-generated Idempotency key and interestRefundCalculation [1mfalse[22m[39m [90m# org.apache.fineract.test.stepdef.loan.LoanStepDef.createTransactionWithAutoIdempotencyKeyAndWithInterestRefundCalculationFlagProvided(java.lang.String,java.lang.String,java.lang.String,double,boolean)[39m
  [32m✔[39m [32m[1mThen [22mLoan Repayment schedule has [1m3[22m periods, with the following data for periods:[39m                                                                                                                              [90m# org.apache.fineract.test.stepdef.loan.LoanStepDef.loanRepaymentSchedulePeriodsCheck(int,io.cucumber.datatable.DataTable)[39m
      | Nr | Days | Date              | Paid date | Balance of loan | Principal due | Interest | Fees | Penalties | Due    | Paid | In advance | Late | Outstanding |
      |    |      | 01 July 2024      |           | 1000.0          |               |          | 0.0  |           | 0.0    | 0.0  |            |      |             |
      | 1  | 31   | 01 August 2024    |           | 669.2           | 330.8         | 8.1      | 0.0  | 0.0       | 338.9  | 0.0  | 0.0        | 0.0  | 338.9       |
      | 2  | 31   | 01 September 2024 |           | 335.46          | 333.74        | 5.16     | 0.0  | 0.0       | 338.9  | 0.0  | 0.0        | 0.0  | 338.9       |
      | 3  | 30   | 01 October 2024   |           | 0.0             | 335.46        | 2.38     | 0.0  | 0.0       | 337.84 | 50.0 | 50.0       | 0.0  | 287.84      |
  [32m✔[39m [32m[1mAnd [22mLoan Repayment schedule has the following data in Total row:[39m                                                                                                                                              [90m# org.apache.fineract.test.stepdef.loan.LoanStepDef.loanRepaymentScheduleAmountCheck(io.cucumber.datatable.DataTable)[39m
      | Principal due | Interest | Fees | Penalties | Due     | Paid | In advance | Late | Outstanding |
      | 1000.0        | 15.64    | 0.0  | 0.0       | 1015.64 | 50.0 | 50.0       | 0.0  | 965.64      |
  [32m✔[39m [32m[1mAnd [22mLoan Transactions tab has the following data:[39m                                                                                                                                                             [90m# org.apache.fineract.test.stepdef.loan.LoanStepDef.loanTransactionsTabCheck(io.cucumber.datatable.DataTable)[39m
      | Transaction date | Transaction Type       | Amount | Principal | Interest | Fees | Penalties | Loan Balance | Reverted | Replayed |
      | 01 July 2024     | Disbursement           | 1000.0 | 0.0       | 0.0      | 0.0  | 0.0       | 1000.0       | false    | false    |
      | 15 July 2024     | Merchant Issued Refund | 50.0   | 50.0      | 0.0      | 0.0  | 0.0       | 950.0        | false    | false    |
  [32m✔[39m [32m[1mWhen [22mCustomer undo [1m"1"[22mth [1m"Merchant Issued Refund"[22m transaction made on [1m"15 July 2024"[22m[39m                                                                                                                          [90m# org.apache.fineract.test.stepdef.loan.LoanRepaymentStepDef.undoNthTransactionType(java.lang.String,java.lang.String,java.lang.String)[39m
  [32m✔[39m [32m[1mThen [22mLoan Repayment schedule has [1m3[22m periods, with the following data for periods:[39m                                                                                                                              [90m# org.apache.fineract.test.stepdef.loan.LoanStepDef.loanRepaymentSchedulePeriodsCheck(int,io.cucumber.datatable.DataTable)[39m
      | Nr | Days | Date              | Paid date | Balance of loan | Principal due | Interest | Fees | Penalties | Due    | Paid | In advance | Late | Outstanding |
      |    |      | 01 July 2024      |           | 1000.0          |               |          | 0.0  |           | 0.0    | 0.0  |            |      |             |
      | 1  | 31   | 01 August 2024    |           | 669.43          | 330.57        | 8.33     | 0.0  | 0.0       | 338.9  | 0.0  | 0.0        | 0.0  | 338.9       |
      | 2  | 31   | 01 September 2024 |           | 336.11          | 333.32        | 5.58     | 0.0  | 0.0       | 338.9  | 0.0  | 0.0        | 0.0  | 338.9       |
      | 3  | 30   | 01 October 2024   |           | 0.0             | 336.11        | 2.8      | 0.0  | 0.0       | 338.91 | 0.0  | 0.0        | 0.0  | 338.91      |
  [32m✔[39m [32m[1mAnd [22mLoan Repayment schedule has the following data in Total row:[39m                                                                                                                                              [90m# org.apache.fineract.test.stepdef.loan.LoanStepDef.loanRepaymentScheduleAmountCheck(io.cucumber.datatable.DataTable)[39m
      | Principal due | Interest | Fees | Penalties | Due     | Paid | In advance | Late | Outstanding |
      | 1000.0        | 16.71    | 0.0  | 0.0       | 1016.71 | 0.0  | 0.0        | 0.0  | 1016.71     |
  [32m✔[39m [32m[1mAnd [22mLoan Transactions tab has the following data:[39m                                                                                                                                                             [90m# org.apache.fineract.test.stepdef.loan.LoanStepDef.loanTransactionsTabCheck(io.cucumber.datatable.DataTable)[39m
      | Transaction date | Transaction Type       | Amount | Principal | Interest | Fees | Penalties | Loan Balance | Reverted | Replayed |
      | 01 July 2024     | Disbursement           | 1000.0 | 0.0       | 0.0      | 0.0  | 0.0       | 1000.0       | false    | false    |
      | 15 July 2024     | Merchant Issued Refund | 50.0   | 50.0      | 0.0      | 0.0  | 0.0       | 950.0        | true     | false    |

@TestRailId:C3855
[1mScenario:[22m Multiple refunds on same loan with different interestRefundCalculation settings                                                                                                                        [90m# fineract-e2e-tests-runner/src/test/resources/features/LoanMerchantIssuedRefund.feature:245[39m
  [32m✔[39m [32m[1mWhen [22mAdmin sets the business date to [1m"01 July 2024"[22m[39m                                                                                                                                                          [90m# org.apache.fineract.test.stepdef.common.BusinessDateStepDef.setBusinessDate(java.lang.String)[39m
  [32m✔[39m [32m[1mAnd [22mAdmin creates a client with random data[39m                                                                                                                                                                  [90m# org.apache.fineract.test.stepdef.common.ClientStepDef.createClientRandomFirstNameLastName()[39m
  [32m✔[39m [32m[1mAnd [22mAdmin creates a fully customized loan with the following data:[39m                                                                                                                                           [90m# org.apache.fineract.test.stepdef.loan.LoanStepDef.createFullyCustomizedLoan(io.cucumber.datatable.DataTable)[39m
      | LoanProduct                                                   | submitted on date | with Principal | ANNUAL interest rate % | interest type     | interest calculation period | amortization type  | loanTermFrequency | loanTermFrequencyType | repaymentEvery | repaymentFrequencyType | numberOfRepayments | graceOnPrincipalPayment | graceOnInterestPayment | interest free period | Payment strategy            |
      | LP2_ADV_CUSTOM_PMT_ALLOC_PROGRESSIVE_LOAN_SCHEDULE_HORIZONTAL | 01 July 2024      | 1000           | 10                     | DECLINING_BALANCE | DAILY                       | EQUAL_INSTALLMENTS | 3                 | MONTHS                | 1              | MONTHS                 | 3                  | 0                       | 0                      | 0                    | ADVANCED_PAYMENT_ALLOCATION |
  [32m✔[39m [32m[1mAnd [22mAdmin successfully approves the loan on [1m"01 July 2024"[22m with [1m"1000"[22m amount and expected disbursement date on [1m"01 July 2024"[22m[39m                                                                               [90m# org.apache.fineract.test.stepdef.loan.LoanStepDef.approveLoan(java.lang.String,java.lang.String,java.lang.String)[39m
  [32m✔[39m [32m[1mAnd [22mAdmin successfully disburse the loan on [1m"01 July 2024"[22m with [1m"1000"[22m EUR transaction amount[39m                                                                                                                [90m# org.apache.fineract.test.stepdef.loan.LoanStepDef.disburseLoan(java.lang.String,java.lang.String)[39m
  [32m✔[39m [32m[1mThen [22mLoan Repayment schedule has [1m3[22m periods, with the following data for periods:[39m                                                                                                                             [90m# org.apache.fineract.test.stepdef.loan.LoanStepDef.loanRepaymentSchedulePeriodsCheck(int,io.cucumber.datatable.DataTable)[39m
      | Nr | Days | Date              | Paid date | Balance of loan | Principal due | Interest | Fees | Penalties | Due    | Paid | In advance | Late | Outstanding |
      |    |      | 01 July 2024      |           | 1000.0          |               |          | 0.0  |           | 0.0    | 0.0  |            |      |             |
      | 1  | 31   | 01 August 2024    |           | 669.43          | 330.57        | 8.33     | 0.0  | 0.0       | 338.9  | 0.0  | 0.0        | 0.0  | 338.9       |
      | 2  | 31   | 01 September 2024 |           | 336.11          | 333.32        | 5.58     | 0.0  | 0.0       | 338.9  | 0.0  | 0.0        | 0.0  | 338.9       |
      | 3  | 30   | 01 October 2024   |           | 0.0             | 336.11        | 2.8      | 0.0  | 0.0       | 338.91 | 0.0  | 0.0        | 0.0  | 338.91      |
  [32m✔[39m [32m[1mAnd [22mLoan Repayment schedule has the following data in Total row:[39m                                                                                                                                             [90m# org.apache.fineract.test.stepdef.loan.LoanStepDef.loanRepaymentScheduleAmountCheck(io.cucumber.datatable.DataTable)[39m
      | Principal due | Interest | Fees | Penalties | Due     | Paid | In advance | Late | Outstanding |
      | 1000.0        | 16.71    | 0.0  | 0.0       | 1016.71 | 0.0  | 0.0        | 0.0  | 1016.71     |
  [32m✔[39m [32m[1mAnd [22mLoan Transactions tab has the following data:[39m                                                                                                                                                            [90m# org.apache.fineract.test.stepdef.loan.LoanStepDef.loanTransactionsTabCheck(io.cucumber.datatable.DataTable)[39m
      | Transaction date | Transaction Type | Amount | Principal | Interest | Fees | Penalties | Loan Balance | Reverted | Replayed |
      | 01 July 2024     | Disbursement     | 1000.0 | 0.0       | 0.0      | 0.0  | 0.0       | 1000.0       | false    | false    |
  [32m✔[39m [32m[1mWhen [22mAdmin sets the business date to [1m"10 July 2024"[22m[39m                                                                                                                                                          [90m# org.apache.fineract.test.stepdef.common.BusinessDateStepDef.setBusinessDate(java.lang.String)[39m
  [32m✔[39m [32m[1mAnd [22mCustomer makes [1m"MERCHANT_ISSUED_REFUND"[22m transaction with [1m"AUTOPAY"[22m payment type on [1m"10 July 2024"[22m with [1m30[22m EUR transaction amount and system-generated Idempotency key and interestRefundCalculation [1mtrue[22m[39m [90m# org.apache.fineract.test.stepdef.loan.LoanStepDef.createTransactionWithAutoIdempotencyKeyAndWithInterestRefundCalculationFlagProvided(java.lang.String,java.lang.String,java.lang.String,double,boolean)[39m
  [32m✔[39m [32m[1mAnd [22mCustomer makes [1m"PAYOUT_REFUND"[22m transaction with [1m"AUTOPAY"[22m payment type on [1m"10 July 2024"[22m with [1m20[22m EUR transaction amount and system-generated Idempotency key and interestRefundCalculation [1mfalse[22m[39m         [90m# org.apache.fineract.test.stepdef.loan.LoanStepDef.createTransactionWithAutoIdempotencyKeyAndWithInterestRefundCalculationFlagProvided(java.lang.String,java.lang.String,java.lang.String,double,boolean)[39m
  [32m✔[39m [32m[1mThen [22mLoan Repayment schedule has [1m3[22m periods, with the following data for periods:[39m                                                                                                                             [90m# org.apache.fineract.test.stepdef.loan.LoanStepDef.loanRepaymentSchedulePeriodsCheck(int,io.cucumber.datatable.DataTable)[39m
      | Nr | Days | Date              | Paid date | Balance of loan | Principal due | Interest | Fees | Penalties | Due    | Paid  | In advance | Late | Outstanding |
      |    |      | 01 July 2024      |           | 1000.0          |               |          | 0.0  |           | 0.0    | 0.0   |            |      |             |
      | 1  | 31   | 01 August 2024    |           | 669.14          | 330.86        | 8.04     | 0.0  | 0.0       | 338.9  | 20.07 | 20.07      | 0.0  | 318.83      |
      | 2  | 31   | 01 September 2024 |           | 335.57          | 333.57        | 5.33     | 0.0  | 0.0       | 338.9  | 0.0   | 0.0        | 0.0  | 338.9       |
      | 3  | 30   | 01 October 2024   |           | 0.0             | 335.57        | 2.55     | 0.0  | 0.0       | 338.12 | 30.0  | 30.0       | 0.0  | 308.12      |
  [32m✔[39m [32m[1mAnd [22mLoan Repayment schedule has the following data in Total row:[39m                                                                                                                                             [90m# org.apache.fineract.test.stepdef.loan.LoanStepDef.loanRepaymentScheduleAmountCheck(io.cucumber.datatable.DataTable)[39m
      | Principal due | Interest | Fees | Penalties | Due     | Paid  | In advance | Late | Outstanding |
      | 1000.0        | 15.92    | 0.0  | 0.0       | 1015.92 | 50.07 | 50.07      | 0.0  | 965.85      |
  [32m✔[39m [32m[1mAnd [22mLoan Transactions tab has the following data:[39m                                                                                                                                                            [90m# org.apache.fineract.test.stepdef.loan.LoanStepDef.loanTransactionsTabCheck(io.cucumber.datatable.DataTable)[39m
      | Transaction date | Transaction Type       | Amount | Principal | Interest | Fees | Penalties | Loan Balance | Reverted | Replayed |
      | 01 July 2024     | Disbursement           | 1000.0 | 0.0       | 0.0      | 0.0  | 0.0       | 1000.0       | false    | false    |
      | 10 July 2024     | Merchant Issued Refund | 30.0   | 30.0      | 0.0      | 0.0  | 0.0       | 970.0        | false    | false    |
      | 10 July 2024     | Interest Refund        | 0.07   | 0.0       | 0.07     | 0.0  | 0.0       | 970.0        | false    | false    |
      | 10 July 2024     | Payout Refund          | 20.0   | 20.0      | 0.0      | 0.0  | 0.0       | 950.0        | false    | false    |

@TestRailId:C3856
[1mScenario:[22m Merchant Issued Refund on fully paid loan with interestRefundCalculation variations                                                                                                                       [90m# fineract-e2e-tests-runner/src/test/resources/features/LoanMerchantIssuedRefund.feature:285[39m
  [32m✔[39m [32m[1mWhen [22mAdmin sets the business date to [1m"01 July 2024"[22m[39m                                                                                                                                                             [90m# org.apache.fineract.test.stepdef.common.BusinessDateStepDef.setBusinessDate(java.lang.String)[39m
  [32m✔[39m [32m[1mAnd [22mAdmin creates a client with random data[39m                                                                                                                                                                     [90m# org.apache.fineract.test.stepdef.common.ClientStepDef.createClientRandomFirstNameLastName()[39m
  [32m✔[39m [32m[1mAnd [22mAdmin creates a fully customized loan with the following data:[39m                                                                                                                                              [90m# org.apache.fineract.test.stepdef.loan.LoanStepDef.createFullyCustomizedLoan(io.cucumber.datatable.DataTable)[39m
      | LoanProduct                                                   | submitted on date | with Principal | ANNUAL interest rate % | interest type     | interest calculation period | amortization type  | loanTermFrequency | loanTermFrequencyType | repaymentEvery | repaymentFrequencyType | numberOfRepayments | graceOnPrincipalPayment | graceOnInterestPayment | interest free period | Payment strategy            |
      | LP2_ADV_CUSTOM_PMT_ALLOC_PROGRESSIVE_LOAN_SCHEDULE_HORIZONTAL | 01 July 2024      | 1000           | 10                     | DECLINING_BALANCE | DAILY                       | EQUAL_INSTALLMENTS | 1                 | MONTHS                | 1              | MONTHS                 | 1                  | 0                       | 0                      | 0                    | ADVANCED_PAYMENT_ALLOCATION |
  [32m✔[39m [32m[1mAnd [22mAdmin successfully approves the loan on [1m"01 July 2024"[22m with [1m"1000"[22m amount and expected disbursement date on [1m"01 July 2024"[22m[39m                                                                                  [90m# org.apache.fineract.test.stepdef.loan.LoanStepDef.approveLoan(java.lang.String,java.lang.String,java.lang.String)[39m
  [32m✔[39m [32m[1mAnd [22mAdmin successfully disburse the loan on [1m"01 July 2024"[22m with [1m"1000"[22m EUR transaction amount[39m                                                                                                                   [90m# org.apache.fineract.test.stepdef.loan.LoanStepDef.disburseLoan(java.lang.String,java.lang.String)[39m
  [32m✔[39m [32m[1mThen [22mLoan Repayment schedule has [1m1[22m periods, with the following data for periods:[39m                                                                                                                                [90m# org.apache.fineract.test.stepdef.loan.LoanStepDef.loanRepaymentSchedulePeriodsCheck(int,io.cucumber.datatable.DataTable)[39m
      | Nr | Days | Date           | Paid date | Balance of loan | Principal due | Interest | Fees | Penalties | Due     | Paid | In advance | Late | Outstanding |
      |    |      | 01 July 2024   |           | 1000.0          |               |          | 0.0  |           | 0.0     | 0.0  |            |      |             |
      | 1  | 31   | 01 August 2024 |           | 0.0             | 1000.0        | 8.33     | 0.0  | 0.0       | 1008.33 | 0.0  | 0.0        | 0.0  | 1008.33     |
  [32m✔[39m [32m[1mAnd [22mLoan Repayment schedule has the following data in Total row:[39m                                                                                                                                                [90m# org.apache.fineract.test.stepdef.loan.LoanStepDef.loanRepaymentScheduleAmountCheck(io.cucumber.datatable.DataTable)[39m
      | Principal due | Interest | Fees | Penalties | Due     | Paid | In advance | Late | Outstanding |
      | 1000.0        | 8.33     | 0.0  | 0.0       | 1008.33 | 0.0  | 0.0        | 0.0  | 1008.33     |
  [32m✔[39m [32m[1mAnd [22mLoan Transactions tab has the following data:[39m                                                                                                                                                               [90m# org.apache.fineract.test.stepdef.loan.LoanStepDef.loanTransactionsTabCheck(io.cucumber.datatable.DataTable)[39m
      | Transaction date | Transaction Type | Amount | Principal | Interest | Fees | Penalties | Loan Balance | Reverted | Replayed |
      | 01 July 2024     | Disbursement     | 1000.0 | 0.0       | 0.0      | 0.0  | 0.0       | 1000.0       | false    | false    |
  [32m✔[39m [32m[1mWhen [22mAdmin sets the business date to [1m"01 August 2024"[22m[39m                                                                                                                                                           [90m# org.apache.fineract.test.stepdef.common.BusinessDateStepDef.setBusinessDate(java.lang.String)[39m
  [32m✔[39m [32m[1mAnd [22mCustomer makes [1m"REPAYMENT"[22m transaction with [1m"AUTOPAY"[22m payment type on [1m"01 August 2024"[22m with [1m1008.33[22m EUR transaction amount and system-generated Idempotency key[39m                                             [90m# org.apache.fineract.test.stepdef.loan.LoanStepDef.createTransactionWithAutoIdempotencyKey(java.lang.String,java.lang.String,java.lang.String,double)[39m
  [32m✔[39m [32m[1mThen [22mLoan Repayment schedule has [1m1[22m periods, with the following data for periods:[39m                                                                                                                                [90m# org.apache.fineract.test.stepdef.loan.LoanStepDef.loanRepaymentSchedulePeriodsCheck(int,io.cucumber.datatable.DataTable)[39m
      | Nr | Days | Date           | Paid date      | Balance of loan | Principal due | Interest | Fees | Penalties | Due     | Paid    | In advance | Late | Outstanding |
      |    |      | 01 July 2024   |                | 1000.0          |               |          | 0.0  |           | 0.0     | 0.0     |            |      |             |
      | 1  | 31   | 01 August 2024 | 01 August 2024 | 0.0             | 1000.0        | 8.33     | 0.0  | 0.0       | 1008.33 | 1008.33 | 0.0        | 0.0  | 0.0         |
  [32m✔[39m [32m[1mAnd [22mLoan Repayment schedule has the following data in Total row:[39m                                                                                                                                                [90m# org.apache.fineract.test.stepdef.loan.LoanStepDef.loanRepaymentScheduleAmountCheck(io.cucumber.datatable.DataTable)[39m
      | Principal due | Interest | Fees | Penalties | Due     | Paid    | In advance | Late | Outstanding |
      | 1000.0        | 8.33     | 0.0  | 0.0       | 1008.33 | 1008.33 | 0.0        | 0.0  | 0.0         |
  [32m✔[39m [32m[1mAnd [22mLoan Transactions tab has the following data:[39m                                                                                                                                                               [90m# org.apache.fineract.test.stepdef.loan.LoanStepDef.loanTransactionsTabCheck(io.cucumber.datatable.DataTable)[39m
      | Transaction date | Transaction Type | Amount  | Principal | Interest | Fees | Penalties | Loan Balance | Reverted | Replayed |
      | 01 July 2024     | Disbursement     | 1000.0  | 0.0       | 0.0      | 0.0  | 0.0       | 1000.0       | false    | false    |
      | 01 August 2024   | Repayment        | 1008.33 | 1000.0    | 8.33     | 0.0  | 0.0       | 0.0          | false    | false    |
      | 01 August 2024   | Accrual          | 8.33    | 0.0       | 8.33     | 0.0  | 0.0       | 0.0          | false    | false    |
      | 01 August 2024   | Accrual Activity | 8.33    | 0.0       | 8.33     | 0.0  | 0.0       | 0.0          | false    | false    |
  [32m✔[39m [32m[1mWhen [22mLoan status will be [1m"CLOSED_OBLIGATIONS_MET"[22m[39m                                                                                                                                                               [90m# org.apache.fineract.test.stepdef.loan.LoanStepDef.loanStatus(java.lang.String)[39m
  [32m✔[39m [32m[1mWhen [22mAdmin sets the business date to [1m"05 August 2024"[22m[39m                                                                                                                                                           [90m# org.apache.fineract.test.stepdef.common.BusinessDateStepDef.setBusinessDate(java.lang.String)[39m
  [32m✔[39m [32m[1mAnd [22mCustomer makes [1m"MERCHANT_ISSUED_REFUND"[22m transaction with [1m"AUTOPAY"[22m payment type on [1m"05 August 2024"[22m with [1m10[22m EUR transaction amount and system-generated Idempotency key and interestRefundCalculation [1mfalse[22m[39m [90m# org.apache.fineract.test.stepdef.loan.LoanStepDef.createTransactionWithAutoIdempotencyKeyAndWithInterestRefundCalculationFlagProvided(java.lang.String,java.lang.String,java.lang.String,double,boolean)[39m
  [32m✔[39m [32m[1mThen [22mLoan Repayment schedule has [1m1[22m periods, with the following data for periods:[39m                                                                                                                                [90m# org.apache.fineract.test.stepdef.loan.LoanStepDef.loanRepaymentSchedulePeriodsCheck(int,io.cucumber.datatable.DataTable)[39m
      | Nr | Days | Date           | Paid date      | Balance of loan | Principal due | Interest | Fees | Penalties | Due     | Paid    | In advance | Late | Outstanding |
      |    |      | 01 July 2024   |                | 1000.0          |               |          | 0.0  |           | 0.0     | 0.0     |            |      |             |
      | 1  | 31   | 01 August 2024 | 01 August 2024 | 0.0             | 1000.0        | 8.33     | 0.0  | 0.0       | 1008.33 | 1008.33 | 0.0        | 0.0  | 0.0         |
  [32m✔[39m [32m[1mAnd [22mLoan Repayment schedule has the following data in Total row:[39m                                                                                                                                                [90m# org.apache.fineract.test.stepdef.loan.LoanStepDef.loanRepaymentScheduleAmountCheck(io.cucumber.datatable.DataTable)[39m
      | Principal due | Interest | Fees | Penalties | Due     | Paid    | In advance | Late | Outstanding |
      | 1000.0        | 8.33     | 0.0  | 0.0       | 1008.33 | 1008.33 | 0.0        | 0.0  | 0.0         |
  [32m✔[39m [32m[1mAnd [22mLoan Transactions tab has the following data:[39m                                                                                                                                                               [90m# org.apache.fineract.test.stepdef.loan.LoanStepDef.loanTransactionsTabCheck(io.cucumber.datatable.DataTable)[39m
      | Transaction date | Transaction Type       | Amount  | Principal | Interest | Fees | Penalties | Loan Balance | Reverted | Replayed |
      | 01 July 2024     | Disbursement           | 1000.0  | 0.0       | 0.0      | 0.0  | 0.0       | 1000.0       | false    | false    |
      | 01 August 2024   | Repayment              | 1008.33 | 1000.0    | 8.33     | 0.0  | 0.0       | 0.0          | false    | false    |
      | 01 August 2024   | Accrual                | 8.33    | 0.0       | 8.33     | 0.0  | 0.0       | 0.0          | false    | false    |
      | 01 August 2024   | Accrual Activity       | 8.33    | 0.0       | 8.33     | 0.0  | 0.0       | 0.0          | false    | false    |
      | 05 August 2024   | Merchant Issued Refund | 10.0    | 0.0       | 0.0      | 0.0  | 0.0       | 0.0          | false    | false    |
  [32m✔[39m [32m[1mThen [22mLoan status will be [1m"OVERPAID"[22m[39m                                                                                                                                                                             [90m# org.apache.fineract.test.stepdef.loan.LoanStepDef.loanStatus(java.lang.String)[39m

@TestRailId:C3873
[1mScenario:[22m Manual Interest Refund creation for Merchant Issued Refund with interestRefundCalculation = false                                                                                                       [90m# fineract-e2e-tests-runner/src/test/resources/features/LoanMerchantIssuedRefund.feature:339[39m
  [32m✔[39m [32m[1mWhen [22mAdmin sets the business date to [1m"01 July 2024"[22m[39m                                                                                                                                                           [90m# org.apache.fineract.test.stepdef.common.BusinessDateStepDef.setBusinessDate(java.lang.String)[39m
  [32m✔[39m [32m[1mAnd [22mAdmin creates a client with random data[39m                                                                                                                                                                   [90m# org.apache.fineract.test.stepdef.common.ClientStepDef.createClientRandomFirstNameLastName()[39m
  [32m✔[39m [32m[1mAnd [22mAdmin creates a fully customized loan with the following data:[39m                                                                                                                                            [90m# org.apache.fineract.test.stepdef.loan.LoanStepDef.createFullyCustomizedLoan(io.cucumber.datatable.DataTable)[39m
      | LoanProduct                                                   | submitted on date | with Principal | ANNUAL interest rate % | interest type     | interest calculation period | amortization type  | loanTermFrequency | loanTermFrequencyType | repaymentEvery | repaymentFrequencyType | numberOfRepayments | graceOnPrincipalPayment | graceOnInterestPayment | interest free period | Payment strategy            |
      | LP2_ADV_CUSTOM_PMT_ALLOC_PROGRESSIVE_LOAN_SCHEDULE_HORIZONTAL | 01 July 2024      | 1000           | 10                     | DECLINING_BALANCE | DAILY                       | EQUAL_INSTALLMENTS | 3                 | MONTHS                | 1              | MONTHS                 | 3                  | 0                       | 0                      | 0                    | ADVANCED_PAYMENT_ALLOCATION |
  [32m✔[39m [32m[1mAnd [22mAdmin successfully approves the loan on [1m"01 July 2024"[22m with [1m"1000"[22m amount and expected disbursement date on [1m"01 July 2024"[22m[39m                                                                                [90m# org.apache.fineract.test.stepdef.loan.LoanStepDef.approveLoan(java.lang.String,java.lang.String,java.lang.String)[39m
  [32m✔[39m [32m[1mAnd [22mAdmin successfully disburse the loan on [1m"01 July 2024"[22m with [1m"1000"[22m EUR transaction amount[39m                                                                                                                 [90m# org.apache.fineract.test.stepdef.loan.LoanStepDef.disburseLoan(java.lang.String,java.lang.String)[39m
  [32m✔[39m [32m[1mThen [22mLoan Repayment schedule has [1m3[22m periods, with the following data for periods:[39m                                                                                                                              [90m# org.apache.fineract.test.stepdef.loan.LoanStepDef.loanRepaymentSchedulePeriodsCheck(int,io.cucumber.datatable.DataTable)[39m
      | Nr | Days | Date              | Paid date | Balance of loan | Principal due | Interest | Fees | Penalties | Due    | Paid | In advance | Late | Outstanding |
      |    |      | 01 July 2024      |           | 1000.0          |               |          | 0.0  |           | 0.0    | 0.0  |            |      |             |
      | 1  | 31   | 01 August 2024    |           | 669.43          | 330.57        | 8.33     | 0.0  | 0.0       | 338.9  | 0.0  | 0.0        | 0.0  | 338.9       |
      | 2  | 31   | 01 September 2024 |           | 336.11          | 333.32        | 5.58     | 0.0  | 0.0       | 338.9  | 0.0  | 0.0        | 0.0  | 338.9       |
      | 3  | 30   | 01 October 2024   |           | 0.0             | 336.11        | 2.8      | 0.0  | 0.0       | 338.91 | 0.0  | 0.0        | 0.0  | 338.91      |
  [32m✔[39m [32m[1mAnd [22mLoan Repayment schedule has the following data in Total row:[39m                                                                                                                                              [90m# org.apache.fineract.test.stepdef.loan.LoanStepDef.loanRepaymentScheduleAmountCheck(io.cucumber.datatable.DataTable)[39m
      | Principal due | Interest | Fees | Penalties | Due     | Paid | In advance | Late | Outstanding |
      | 1000.0        | 16.71    | 0.0  | 0.0       | 1016.71 | 0.0  | 0.0        | 0.0  | 1016.71     |
  [32m✔[39m [32m[1mAnd [22mLoan Transactions tab has the following data:[39m                                                                                                                                                             [90m# org.apache.fineract.test.stepdef.loan.LoanStepDef.loanTransactionsTabCheck(io.cucumber.datatable.DataTable)[39m
      | Transaction date | Transaction Type | Amount | Principal | Interest | Fees | Penalties | Loan Balance | Reverted | Replayed |
      | 01 July 2024     | Disbursement     | 1000.0 | 0.0       | 0.0      | 0.0  | 0.0       | 1000.0       | false    | false    |
  [32m✔[39m [32m[1mWhen [22mAdmin sets the business date to [1m"10 July 2024"[22m[39m                                                                                                                                                           [90m# org.apache.fineract.test.stepdef.common.BusinessDateStepDef.setBusinessDate(java.lang.String)[39m
  [32m✔[39m [32m[1mAnd [22mCustomer makes [1m"REPAYMENT"[22m transaction with [1m"AUTOPAY"[22m payment type on [1m"10 July 2024"[22m with [1m338.9[22m EUR transaction amount and system-generated Idempotency key[39m                                               [90m# org.apache.fineract.test.stepdef.loan.LoanStepDef.createTransactionWithAutoIdempotencyKey(java.lang.String,java.lang.String,java.lang.String,double)[39m
  [32m✔[39m [32m[1mWhen [22mAdmin sets the business date to [1m"15 July 2024"[22m[39m                                                                                                                                                           [90m# org.apache.fineract.test.stepdef.common.BusinessDateStepDef.setBusinessDate(java.lang.String)[39m
  [32m✔[39m [32m[1mAnd [22mCustomer makes [1m"MERCHANT_ISSUED_REFUND"[22m transaction with [1m"AUTOPAY"[22m payment type on [1m"15 July 2024"[22m with [1m50[22m EUR transaction amount and system-generated Idempotency key and interestRefundCalculation [1mfalse[22m[39m [90m# org.apache.fineract.test.stepdef.loan.LoanStepDef.createTransactionWithAutoIdempotencyKeyAndWithInterestRefundCalculationFlagProvided(java.lang.String,java.lang.String,java.lang.String,double,boolean)[39m
  [32m✔[39m [32m[1mThen [22mLoan Repayment schedule has [1m3[22m periods, with the following data for periods:[39m                                                                                                                              [90m# org.apache.fineract.test.stepdef.loan.LoanStepDef.loanRepaymentSchedulePeriodsCheck(int,io.cucumber.datatable.DataTable)[39m
      | Nr | Days | Date              | Paid date    | Balance of loan | Principal due | Interest | Fees | Penalties | Due    | Paid  | In advance | Late | Outstanding |
      |    |      | 01 July 2024      |              | 1000.0          |               |          | 0.0  |           | 0.0    | 0.0   |            |      |             |
      | 1  | 31   | 01 August 2024    | 10 July 2024 | 663.52          | 336.48        | 2.42     | 0.0  | 0.0       | 338.9  | 338.9 | 338.9      | 0.0  | 0.0         |
      | 2  | 31   | 01 September 2024 |              | 333.42          | 330.1         | 8.8      | 0.0  | 0.0       | 338.9  | 0.0   | 0.0        | 0.0  | 338.9       |
      | 3  | 30   | 01 October 2024   |              | 0.0             | 333.42        | 2.36     | 0.0  | 0.0       | 335.78 | 50.0  | 50.0       | 0.0  | 285.78      |
  [32m✔[39m [32m[1mAnd [22mLoan Repayment schedule has the following data in Total row:[39m                                                                                                                                              [90m# org.apache.fineract.test.stepdef.loan.LoanStepDef.loanRepaymentScheduleAmountCheck(io.cucumber.datatable.DataTable)[39m
      | Principal due | Interest | Fees | Penalties | Due     | Paid  | In advance | Late | Outstanding |
      | 1000.0        | 13.58    | 0.0  | 0.0       | 1013.58 | 388.9 | 388.9      | 0.0  | 624.68      |
  [32m✔[39m [32m[1mAnd [22mLoan Transactions tab has the following data:[39m                                                                                                                                                             [90m# org.apache.fineract.test.stepdef.loan.LoanStepDef.loanTransactionsTabCheck(io.cucumber.datatable.DataTable)[39m
      | Transaction date | Transaction Type       | Amount | Principal | Interest | Fees | Penalties | Loan Balance | Reverted | Replayed |
      | 01 July 2024     | Disbursement           | 1000.0 | 0.0       | 0.0      | 0.0  | 0.0       | 1000.0       | false    | false    |
      | 10 July 2024     | Repayment              | 338.9  | 336.48    | 2.42     | 0.0  | 0.0       | 663.52       | false    | false    |
      | 15 July 2024     | Merchant Issued Refund | 50.0   | 50.0      | 0.0      | 0.0  | 0.0       | 613.52       | false    | false    |
  [32m✔[39m [32m[1mWhen [22mAdmin manually adds Interest Refund for [1m"MERCHANT_ISSUED_REFUND"[22m transaction made on [1m"15 July 2024"[22m with [1m0.19[22m EUR interest refund amount[39m                                                                 [90m# org.apache.fineract.test.stepdef.loan.LoanStepDef.addInterestRefundTransactionManually(java.lang.String,java.lang.String,double)[39m
  [32m✔[39m [32m[1mThen [22mLoan Repayment schedule has [1m3[22m periods, with the following data for periods:[39m                                                                                                                              [90m# org.apache.fineract.test.stepdef.loan.LoanStepDef.loanRepaymentSchedulePeriodsCheck(int,io.cucumber.datatable.DataTable)[39m
      | Nr | Days | Date              | Paid date    | Balance of loan | Principal due | Interest | Fees | Penalties | Due    | Paid  | In advance | Late | Outstanding |
      |    |      | 01 July 2024      |              | 1000.0          |               |          | 0.0  |           | 0.0    | 0.0   |            |      |             |
      | 1  | 31   | 01 August 2024    | 10 July 2024 | 663.52          | 336.48        | 2.42     | 0.0  | 0.0       | 338.9  | 338.9 | 338.9      | 0.0  | 0.0         |
      | 2  | 31   | 01 September 2024 |              | 333.42          | 330.1         | 8.8      | 0.0  | 0.0       | 338.9  | 0.19  | 0.19       | 0.0  | 338.71      |
      | 3  | 30   | 01 October 2024   |              | 0.0             | 333.42        | 2.36     | 0.0  | 0.0       | 335.78 | 50.0  | 50.0       | 0.0  | 285.78      |
  [32m✔[39m [32m[1mAnd [22mLoan Repayment schedule has the following data in Total row:[39m                                                                                                                                              [90m# org.apache.fineract.test.stepdef.loan.LoanStepDef.loanRepaymentScheduleAmountCheck(io.cucumber.datatable.DataTable)[39m
      | Principal due | Interest | Fees | Penalties | Due     | Paid   | In advance | Late | Outstanding |
      | 1000.0        | 13.58    | 0.0  | 0.0       | 1013.58 | 389.09 | 389.09     | 0.0  | 624.49      |
  [32m✔[39m [32m[1mAnd [22mLoan Transactions tab has the following data:[39m                                                                                                                                                             [90m# org.apache.fineract.test.stepdef.loan.LoanStepDef.loanTransactionsTabCheck(io.cucumber.datatable.DataTable)[39m
      | Transaction date | Transaction Type       | Amount | Principal | Interest | Fees | Penalties | Loan Balance | Reverted | Replayed |
      | 01 July 2024     | Disbursement           | 1000.0 | 0.0       | 0.0      | 0.0  | 0.0       | 1000.0       | false    | false    |
      | 10 July 2024     | Repayment              | 338.9  | 336.48    | 2.42     | 0.0  | 0.0       | 663.52       | false    | false    |
      | 15 July 2024     | Merchant Issued Refund | 50.0   | 50.0      | 0.0      | 0.0  | 0.0       | 613.52       | false    | false    |
      | 15 July 2024     | Interest Refund        | 0.19   | 0.0       | 0.19     | 0.0  | 0.0       | 613.52       | false    | false    |
  [32m✔[39m [32m[1mThen [22mLoan Transactions tab has a [1m"MERCHANT_ISSUED_REFUND"[22m transaction with date [1m"15 July 2024"[22m which has the following Journal entries:[39m                                                                       [90m# org.apache.fineract.test.stepdef.common.JournalEntriesStepDef.journalEntryDataCheck(java.lang.String,java.lang.String,io.cucumber.datatable.DataTable)[39m
      | Type      | Account code | Account name              | Debit | Credit |
      | ASSET     | 112601       | Loans Receivable          |       | 50.0   |
      | LIABILITY | 145023       | Suspense/Clearing account | 50.0  |        |
  [32m✔[39m [32m[1mThen [22mLoan Transactions tab has a [1m"INTEREST_REFUND"[22m transaction with date [1m"15 July 2024"[22m which has the following Journal entries:[39m                                                                              [90m# org.apache.fineract.test.stepdef.common.JournalEntriesStepDef.journalEntryDataCheck(java.lang.String,java.lang.String,io.cucumber.datatable.DataTable)[39m
      | Type   | Account code | Account name            | Debit | Credit |
      | ASSET  | 112603       | Interest/Fee Receivable |       | 0.19   |
      | INCOME | 404000       | Interest Income         | 0.19  |        |

@TestRailId:C3874
[1mScenario:[22m Undo Merchant Issued Refund with manual Interest Refund, both transactions are reversed                                                                                                                 [90m# fineract-e2e-tests-runner/src/test/resources/features/LoanMerchantIssuedRefund.feature:403[39m
  [32m✔[39m [32m[1mWhen [22mAdmin sets the business date to [1m"01 July 2024"[22m[39m                                                                                                                                                           [90m# org.apache.fineract.test.stepdef.common.BusinessDateStepDef.setBusinessDate(java.lang.String)[39m
  [32m✔[39m [32m[1mAnd [22mAdmin creates a client with random data[39m                                                                                                                                                                   [90m# org.apache.fineract.test.stepdef.common.ClientStepDef.createClientRandomFirstNameLastName()[39m
  [32m✔[39m [32m[1mAnd [22mAdmin creates a fully customized loan with the following data:[39m                                                                                                                                            [90m# org.apache.fineract.test.stepdef.loan.LoanStepDef.createFullyCustomizedLoan(io.cucumber.datatable.DataTable)[39m
      | LoanProduct                                                   | submitted on date | with Principal | ANNUAL interest rate % | interest type     | interest calculation period | amortization type  | loanTermFrequency | loanTermFrequencyType | repaymentEvery | repaymentFrequencyType | numberOfRepayments | graceOnPrincipalPayment | graceOnInterestPayment | interest free period | Payment strategy            |
      | LP2_ADV_CUSTOM_PMT_ALLOC_PROGRESSIVE_LOAN_SCHEDULE_HORIZONTAL | 01 July 2024      | 1000           | 10                     | DECLINING_BALANCE | DAILY                       | EQUAL_INSTALLMENTS | 3                 | MONTHS                | 1              | MONTHS                 | 3                  | 0                       | 0                      | 0                    | ADVANCED_PAYMENT_ALLOCATION |
  [32m✔[39m [32m[1mAnd [22mAdmin successfully approves the loan on [1m"01 July 2024"[22m with [1m"1000"[22m amount and expected disbursement date on [1m"01 July 2024"[22m[39m                                                                                [90m# org.apache.fineract.test.stepdef.loan.LoanStepDef.approveLoan(java.lang.String,java.lang.String,java.lang.String)[39m
  [32m✔[39m [32m[1mAnd [22mAdmin successfully disburse the loan on [1m"01 July 2024"[22m with [1m"1000"[22m EUR transaction amount[39m                                                                                                                 [90m# org.apache.fineract.test.stepdef.loan.LoanStepDef.disburseLoan(java.lang.String,java.lang.String)[39m
  [32m✔[39m [32m[1mThen [22mLoan Repayment schedule has [1m3[22m periods, with the following data for periods:[39m                                                                                                                              [90m# org.apache.fineract.test.stepdef.loan.LoanStepDef.loanRepaymentSchedulePeriodsCheck(int,io.cucumber.datatable.DataTable)[39m
      | Nr | Days | Date              | Paid date | Balance of loan | Principal due | Interest | Fees | Penalties | Due    | Paid | In advance | Late | Outstanding |
      |    |      | 01 July 2024      |           | 1000.0          |               |          | 0.0  |           | 0.0    | 0.0  |            |      |             |
      | 1  | 31   | 01 August 2024    |           | 669.43          | 330.57        | 8.33     | 0.0  | 0.0       | 338.9  | 0.0  | 0.0        | 0.0  | 338.9       |
      | 2  | 31   | 01 September 2024 |           | 336.11          | 333.32        | 5.58     | 0.0  | 0.0       | 338.9  | 0.0  | 0.0        | 0.0  | 338.9       |
      | 3  | 30   | 01 October 2024   |           | 0.0             | 336.11        | 2.8      | 0.0  | 0.0       | 338.91 | 0.0  | 0.0        | 0.0  | 338.91      |
  [32m✔[39m [32m[1mAnd [22mLoan Repayment schedule has the following data in Total row:[39m                                                                                                                                              [90m# org.apache.fineract.test.stepdef.loan.LoanStepDef.loanRepaymentScheduleAmountCheck(io.cucumber.datatable.DataTable)[39m
      | Principal due | Interest | Fees | Penalties | Due     | Paid | In advance | Late | Outstanding |
      | 1000.0        | 16.71    | 0.0  | 0.0       | 1016.71 | 0.0  | 0.0        | 0.0  | 1016.71     |
  [32m✔[39m [32m[1mAnd [22mLoan Transactions tab has the following data:[39m                                                                                                                                                             [90m# org.apache.fineract.test.stepdef.loan.LoanStepDef.loanTransactionsTabCheck(io.cucumber.datatable.DataTable)[39m
      | Transaction date | Transaction Type | Amount | Principal | Interest | Fees | Penalties | Loan Balance | Reverted | Replayed |
      | 01 July 2024     | Disbursement     | 1000.0 | 0.0       | 0.0      | 0.0  | 0.0       | 1000.0       | false    | false    |
  [32m✔[39m [32m[1mWhen [22mAdmin sets the business date to [1m"10 July 2024"[22m[39m                                                                                                                                                           [90m# org.apache.fineract.test.stepdef.common.BusinessDateStepDef.setBusinessDate(java.lang.String)[39m
  [32m✔[39m [32m[1mAnd [22mCustomer makes [1m"REPAYMENT"[22m transaction with [1m"AUTOPAY"[22m payment type on [1m"10 July 2024"[22m with [1m338.9[22m EUR transaction amount and system-generated Idempotency key[39m                                               [90m# org.apache.fineract.test.stepdef.loan.LoanStepDef.createTransactionWithAutoIdempotencyKey(java.lang.String,java.lang.String,java.lang.String,double)[39m
  [32m✔[39m [32m[1mWhen [22mAdmin sets the business date to [1m"15 July 2024"[22m[39m                                                                                                                                                           [90m# org.apache.fineract.test.stepdef.common.BusinessDateStepDef.setBusinessDate(java.lang.String)[39m
  [32m✔[39m [32m[1mAnd [22mCustomer makes [1m"MERCHANT_ISSUED_REFUND"[22m transaction with [1m"AUTOPAY"[22m payment type on [1m"15 July 2024"[22m with [1m50[22m EUR transaction amount and system-generated Idempotency key and interestRefundCalculation [1mfalse[22m[39m [90m# org.apache.fineract.test.stepdef.loan.LoanStepDef.createTransactionWithAutoIdempotencyKeyAndWithInterestRefundCalculationFlagProvided(java.lang.String,java.lang.String,java.lang.String,double,boolean)[39m
  [32m✔[39m [32m[1mThen [22mLoan Repayment schedule has [1m3[22m periods, with the following data for periods:[39m                                                                                                                              [90m# org.apache.fineract.test.stepdef.loan.LoanStepDef.loanRepaymentSchedulePeriodsCheck(int,io.cucumber.datatable.DataTable)[39m
      | Nr | Days | Date              | Paid date    | Balance of loan | Principal due | Interest | Fees | Penalties | Due    | Paid  | In advance | Late | Outstanding |
      |    |      | 01 July 2024      |              | 1000.0          |               |          | 0.0  |           | 0.0    | 0.0   |            |      |             |
      | 1  | 31   | 01 August 2024    | 10 July 2024 | 663.52          | 336.48        | 2.42     | 0.0  | 0.0       | 338.9  | 338.9 | 338.9      | 0.0  | 0.0         |
      | 2  | 31   | 01 September 2024 |              | 333.42          | 330.1         | 8.8      | 0.0  | 0.0       | 338.9  | 0.0   | 0.0        | 0.0  | 338.9       |
      | 3  | 30   | 01 October 2024   |              | 0.0             | 333.42        | 2.36     | 0.0  | 0.0       | 335.78 | 50.0  | 50.0       | 0.0  | 285.78      |
  [32m✔[39m [32m[1mAnd [22mLoan Repayment schedule has the following data in Total row:[39m                                                                                                                                              [90m# org.apache.fineract.test.stepdef.loan.LoanStepDef.loanRepaymentScheduleAmountCheck(io.cucumber.datatable.DataTable)[39m
      | Principal due | Interest | Fees | Penalties | Due     | Paid  | In advance | Late | Outstanding |
      | 1000.0        | 13.58    | 0.0  | 0.0       | 1013.58 | 388.9 | 388.9      | 0.0  | 624.68      |
  [32m✔[39m [32m[1mAnd [22mLoan Transactions tab has the following data:[39m                                                                                                                                                             [90m# org.apache.fineract.test.stepdef.loan.LoanStepDef.loanTransactionsTabCheck(io.cucumber.datatable.DataTable)[39m
      | Transaction date | Transaction Type       | Amount | Principal | Interest | Fees | Penalties | Loan Balance | Reverted | Replayed |
      | 01 July 2024     | Disbursement           | 1000.0 | 0.0       | 0.0      | 0.0  | 0.0       | 1000.0       | false    | false    |
      | 10 July 2024     | Repayment              | 338.9  | 336.48    | 2.42     | 0.0  | 0.0       | 663.52       | false    | false    |
      | 15 July 2024     | Merchant Issued Refund | 50.0   | 50.0      | 0.0      | 0.0  | 0.0       | 613.52       | false    | false    |
  [32m✔[39m [32m[1mWhen [22mAdmin manually adds Interest Refund for [1m"MERCHANT_ISSUED_REFUND"[22m transaction made on [1m"15 July 2024"[22m with [1m0.19[22m EUR interest refund amount[39m                                                                 [90m# org.apache.fineract.test.stepdef.loan.LoanStepDef.addInterestRefundTransactionManually(java.lang.String,java.lang.String,double)[39m
  [32m✔[39m [32m[1mThen [22mLoan Repayment schedule has [1m3[22m periods, with the following data for periods:[39m                                                                                                                              [90m# org.apache.fineract.test.stepdef.loan.LoanStepDef.loanRepaymentSchedulePeriodsCheck(int,io.cucumber.datatable.DataTable)[39m
      | Nr | Days | Date              | Paid date    | Balance of loan | Principal due | Interest | Fees | Penalties | Due    | Paid  | In advance | Late | Outstanding |
      |    |      | 01 July 2024      |              | 1000.0          |               |          | 0.0  |           | 0.0    | 0.0   |            |      |             |
      | 1  | 31   | 01 August 2024    | 10 July 2024 | 663.52          | 336.48        | 2.42     | 0.0  | 0.0       | 338.9  | 338.9 | 338.9      | 0.0  | 0.0         |
      | 2  | 31   | 01 September 2024 |              | 333.42          | 330.1         | 8.8      | 0.0  | 0.0       | 338.9  | 0.19  | 0.19       | 0.0  | 338.71      |
      | 3  | 30   | 01 October 2024   |              | 0.0             | 333.42        | 2.36     | 0.0  | 0.0       | 335.78 | 50.0  | 50.0       | 0.0  | 285.78      |
  [32m✔[39m [32m[1mAnd [22mLoan Repayment schedule has the following data in Total row:[39m                                                                                                                                              [90m# org.apache.fineract.test.stepdef.loan.LoanStepDef.loanRepaymentScheduleAmountCheck(io.cucumber.datatable.DataTable)[39m
      | Principal due | Interest | Fees | Penalties | Due     | Paid   | In advance | Late | Outstanding |
      | 1000.0        | 13.58    | 0.0  | 0.0       | 1013.58 | 389.09 | 389.09     | 0.0  | 624.49      |
  [32m✔[39m [32m[1mAnd [22mLoan Transactions tab has the following data:[39m                                                                                                                                                             [90m# org.apache.fineract.test.stepdef.loan.LoanStepDef.loanTransactionsTabCheck(io.cucumber.datatable.DataTable)[39m
      | Transaction date | Transaction Type       | Amount | Principal | Interest | Fees | Penalties | Loan Balance | Reverted | Replayed |
      | 01 July 2024     | Disbursement           | 1000.0 | 0.0       | 0.0      | 0.0  | 0.0       | 1000.0       | false    | false    |
      | 10 July 2024     | Repayment              | 338.9  | 336.48    | 2.42     | 0.0  | 0.0       | 663.52       | false    | false    |
      | 15 July 2024     | Merchant Issued Refund | 50.0   | 50.0      | 0.0      | 0.0  | 0.0       | 613.52       | false    | false    |
      | 15 July 2024     | Interest Refund        | 0.19   | 0.0       | 0.19     | 0.0  | 0.0       | 613.52       | false    | false    |
  [32m✔[39m [32m[1mThen [22mLoan Transactions tab has a [1m"MERCHANT_ISSUED_REFUND"[22m transaction with date [1m"15 July 2024"[22m which has the following Journal entries:[39m                                                                       [90m# org.apache.fineract.test.stepdef.common.JournalEntriesStepDef.journalEntryDataCheck(java.lang.String,java.lang.String,io.cucumber.datatable.DataTable)[39m
      | Type      | Account code | Account name              | Debit | Credit |
      | ASSET     | 112601       | Loans Receivable          |       | 50.0   |
      | LIABILITY | 145023       | Suspense/Clearing account | 50.0  |        |
  [32m✔[39m [32m[1mThen [22mLoan Transactions tab has a [1m"INTEREST_REFUND"[22m transaction with date [1m"15 July 2024"[22m which has the following Journal entries:[39m                                                                              [90m# org.apache.fineract.test.stepdef.common.JournalEntriesStepDef.journalEntryDataCheck(java.lang.String,java.lang.String,io.cucumber.datatable.DataTable)[39m
      | Type   | Account code | Account name            | Debit | Credit |
      | ASSET  | 112603       | Interest/Fee Receivable |       | 0.19   |
      | INCOME | 404000       | Interest Income         | 0.19  |        |
  [32m✔[39m [32m[1mWhen [22mCustomer undo [1m"1"[22mth transaction made on [1m"15 July 2024"[22m[39m                                                                                                                                                   [90m# org.apache.fineract.test.stepdef.loan.LoanRepaymentStepDef.undoNthTransaction(java.lang.String,java.lang.String)[39m
  [32m✔[39m [32m[1mThen [22mLoan Repayment schedule has [1m3[22m periods, with the following data for periods:[39m                                                                                                                              [90m# org.apache.fineract.test.stepdef.loan.LoanStepDef.loanRepaymentSchedulePeriodsCheck(int,io.cucumber.datatable.DataTable)[39m
      | Nr | Days | Date              | Paid date    | Balance of loan | Principal due | Interest | Fees | Penalties | Due    | Paid  | In advance | Late | Outstanding |
      |    |      | 01 July 2024      |              | 1000.0          |               |          | 0.0  |           | 0.0    | 0.0   |            |      |             |
      | 1  | 31   | 01 August 2024    | 10 July 2024 | 663.52          | 336.48        | 2.42     | 0.0  | 0.0       | 338.9  | 338.9 | 338.9      | 0.0  | 0.0         |
      | 2  | 31   | 01 September 2024 |              | 334.07          | 329.45        | 9.45     | 0.0  | 0.0       | 338.9  | 0.0   | 0.0        | 0.0  | 338.9       |
      | 3  | 30   | 01 October 2024   |              | 0.0             | 334.07        | 2.78     | 0.0  | 0.0       | 336.85 | 0.0   | 0.0        | 0.0  | 336.85      |
  [32m✔[39m [32m[1mAnd [22mLoan Repayment schedule has the following data in Total row:[39m                                                                                                                                              [90m# org.apache.fineract.test.stepdef.loan.LoanStepDef.loanRepaymentScheduleAmountCheck(io.cucumber.datatable.DataTable)[39m
      | Principal due | Interest | Fees | Penalties | Due     | Paid  | In advance | Late | Outstanding |
      | 1000.0        | 14.65    | 0.0  | 0.0       | 1014.65 | 338.9 | 338.9      | 0.0  | 675.75      |
  [32m✔[39m [32m[1mAnd [22mLoan Transactions tab has the following data:[39m                                                                                                                                                             [90m# org.apache.fineract.test.stepdef.loan.LoanStepDef.loanTransactionsTabCheck(io.cucumber.datatable.DataTable)[39m
      | Transaction date | Transaction Type       | Amount | Principal | Interest | Fees | Penalties | Loan Balance | Reverted | Replayed |
      | 01 July 2024     | Disbursement           | 1000.0 | 0.0       | 0.0      | 0.0  | 0.0       | 1000.0       | false    | false    |
      | 10 July 2024     | Repayment              | 338.9  | 336.48    | 2.42     | 0.0  | 0.0       | 663.52       | false    | false    |
      | 15 July 2024     | Merchant Issued Refund | 50.0   | 50.0      | 0.0      | 0.0  | 0.0       | 613.52       | true     | false    |
      | 15 July 2024     | Interest Refund        | 0.19   | 0.0       | 0.19     | 0.0  | 0.0       | 613.52       | true     | false    |
  [32m✔[39m [32m[1mThen [22mLoan Transactions tab has a [1m"MERCHANT_ISSUED_REFUND"[22m transaction with date [1m"15 July 2024"[22m which has the following Journal entries:[39m                                                                       [90m# org.apache.fineract.test.stepdef.common.JournalEntriesStepDef.journalEntryDataCheck(java.lang.String,java.lang.String,io.cucumber.datatable.DataTable)[39m
      | Type      | Account code | Account name              | Debit | Credit |
      | ASSET     | 112601       | Loans Receivable          |       | 50.0   |
      | LIABILITY | 145023       | Suspense/Clearing account | 50.0  |        |
      | ASSET     | 112601       | Loans Receivable          | 50.0  |        |
      | LIABILITY | 145023       | Suspense/Clearing account |       | 50.0   |
  [32m✔[39m [32m[1mThen [22mLoan Transactions tab has a [1m"INTEREST_REFUND"[22m transaction with date [1m"15 July 2024"[22m which has the following Journal entries:[39m                                                                              [90m# org.apache.fineract.test.stepdef.common.JournalEntriesStepDef.journalEntryDataCheck(java.lang.String,java.lang.String,io.cucumber.datatable.DataTable)[39m
      | Type   | Account code | Account name            | Debit | Credit |
      | ASSET  | 112603       | Interest/Fee Receivable |       | 0.19   |
      | INCOME | 404000       | Interest Income         | 0.19  |        |
      | ASSET  | 112603       | Interest/Fee Receivable | 0.19  |        |
      | INCOME | 404000       | Interest Income         |       | 0.19   |

@TestRailId:C3875
[1mScenario:[22m Prevent manual Interest Refund creation if interestRefundCalculation = true and Interest Refund already exists                                                                                         [90m# fineract-e2e-tests-runner/src/test/resources/features/LoanMerchantIssuedRefund.feature:495[39m
  [32m✔[39m [32m[1mWhen [22mAdmin sets the business date to [1m"01 July 2024"[22m[39m                                                                                                                                                          [90m# org.apache.fineract.test.stepdef.common.BusinessDateStepDef.setBusinessDate(java.lang.String)[39m
  [32m✔[39m [32m[1mAnd [22mAdmin creates a client with random data[39m                                                                                                                                                                  [90m# org.apache.fineract.test.stepdef.common.ClientStepDef.createClientRandomFirstNameLastName()[39m
  [32m✔[39m [32m[1mAnd [22mAdmin creates a fully customized loan with the following data:[39m                                                                                                                                           [90m# org.apache.fineract.test.stepdef.loan.LoanStepDef.createFullyCustomizedLoan(io.cucumber.datatable.DataTable)[39m
      | LoanProduct                                                   | submitted on date | with Principal | ANNUAL interest rate % | interest type     | interest calculation period | amortization type  | loanTermFrequency | loanTermFrequencyType | repaymentEvery | repaymentFrequencyType | numberOfRepayments | graceOnPrincipalPayment | graceOnInterestPayment | interest free period | Payment strategy            |
      | LP2_ADV_CUSTOM_PMT_ALLOC_PROGRESSIVE_LOAN_SCHEDULE_HORIZONTAL | 01 July 2024      | 1000           | 10                     | DECLINING_BALANCE | DAILY                       | EQUAL_INSTALLMENTS | 3                 | MONTHS                | 1              | MONTHS                 | 3                  | 0                       | 0                      | 0                    | ADVANCED_PAYMENT_ALLOCATION |
  [32m✔[39m [32m[1mAnd [22mAdmin successfully approves the loan on [1m"01 July 2024"[22m with [1m"1000"[22m amount and expected disbursement date on [1m"01 July 2024"[22m[39m                                                                               [90m# org.apache.fineract.test.stepdef.loan.LoanStepDef.approveLoan(java.lang.String,java.lang.String,java.lang.String)[39m
  [32m✔[39m [32m[1mAnd [22mAdmin successfully disburse the loan on [1m"01 July 2024"[22m with [1m"1000"[22m EUR transaction amount[39m                                                                                                                [90m# org.apache.fineract.test.stepdef.loan.LoanStepDef.disburseLoan(java.lang.String,java.lang.String)[39m
  [32m✔[39m [32m[1mThen [22mLoan Repayment schedule has [1m3[22m periods, with the following data for periods:[39m                                                                                                                             [90m# org.apache.fineract.test.stepdef.loan.LoanStepDef.loanRepaymentSchedulePeriodsCheck(int,io.cucumber.datatable.DataTable)[39m
      | Nr | Days | Date              | Paid date | Balance of loan | Principal due | Interest | Fees | Penalties | Due    | Paid | In advance | Late | Outstanding |
      |    |      | 01 July 2024      |           | 1000.0          |               |          | 0.0  |           | 0.0    | 0.0  |            |      |             |
      | 1  | 31   | 01 August 2024    |           | 669.43          | 330.57        | 8.33     | 0.0  | 0.0       | 338.9  | 0.0  | 0.0        | 0.0  | 338.9       |
      | 2  | 31   | 01 September 2024 |           | 336.11          | 333.32        | 5.58     | 0.0  | 0.0       | 338.9  | 0.0  | 0.0        | 0.0  | 338.9       |
      | 3  | 30   | 01 October 2024   |           | 0.0             | 336.11        | 2.8      | 0.0  | 0.0       | 338.91 | 0.0  | 0.0        | 0.0  | 338.91      |
  [32m✔[39m [32m[1mAnd [22mLoan Repayment schedule has the following data in Total row:[39m                                                                                                                                             [90m# org.apache.fineract.test.stepdef.loan.LoanStepDef.loanRepaymentScheduleAmountCheck(io.cucumber.datatable.DataTable)[39m
      | Principal due | Interest | Fees | Penalties | Due     | Paid | In advance | Late | Outstanding |
      | 1000.0        | 16.71    | 0.0  | 0.0       | 1016.71 | 0.0  | 0.0        | 0.0  | 1016.71     |
  [32m✔[39m [32m[1mAnd [22mLoan Transactions tab has the following data:[39m                                                                                                                                                            [90m# org.apache.fineract.test.stepdef.loan.LoanStepDef.loanTransactionsTabCheck(io.cucumber.datatable.DataTable)[39m
      | Transaction date | Transaction Type | Amount | Principal | Interest | Fees | Penalties | Loan Balance | Reverted | Replayed |
      | 01 July 2024     | Disbursement     | 1000.0 | 0.0       | 0.0      | 0.0  | 0.0       | 1000.0       | false    | false    |
  [32m✔[39m [32m[1mWhen [22mAdmin sets the business date to [1m"10 July 2024"[22m[39m                                                                                                                                                          [90m# org.apache.fineract.test.stepdef.common.BusinessDateStepDef.setBusinessDate(java.lang.String)[39m
  [32m✔[39m [32m[1mAnd [22mCustomer makes [1m"REPAYMENT"[22m transaction with [1m"AUTOPAY"[22m payment type on [1m"10 July 2024"[22m with [1m338.9[22m EUR transaction amount and system-generated Idempotency key[39m                                              [90m# org.apache.fineract.test.stepdef.loan.LoanStepDef.createTransactionWithAutoIdempotencyKey(java.lang.String,java.lang.String,java.lang.String,double)[39m
  [32m✔[39m [32m[1mWhen [22mAdmin sets the business date to [1m"15 July 2024"[22m[39m                                                                                                                                                          [90m# org.apache.fineract.test.stepdef.common.BusinessDateStepDef.setBusinessDate(java.lang.String)[39m
  [32m✔[39m [32m[1mAnd [22mCustomer makes [1m"MERCHANT_ISSUED_REFUND"[22m transaction with [1m"AUTOPAY"[22m payment type on [1m"15 July 2024"[22m with [1m50[22m EUR transaction amount and system-generated Idempotency key and interestRefundCalculation [1mtrue[22m[39m [90m# org.apache.fineract.test.stepdef.loan.LoanStepDef.createTransactionWithAutoIdempotencyKeyAndWithInterestRefundCalculationFlagProvided(java.lang.String,java.lang.String,java.lang.String,double,boolean)[39m
  [32m✔[39m [32m[1mThen [22mLoan Repayment schedule has [1m3[22m periods, with the following data for periods:[39m                                                                                                                             [90m# org.apache.fineract.test.stepdef.loan.LoanStepDef.loanRepaymentSchedulePeriodsCheck(int,io.cucumber.datatable.DataTable)[39m
      | Nr | Days | Date              | Paid date    | Balance of loan | Principal due | Interest | Fees | Penalties | Due    | Paid  | In advance | Late | Outstanding |
      |    |      | 01 July 2024      |              | 1000.0          |               |          | 0.0  |           | 0.0    | 0.0   |            |      |             |
      | 1  | 31   | 01 August 2024    | 10 July 2024 | 663.52          | 336.48        | 2.42     | 0.0  | 0.0       | 338.9  | 338.9 | 338.9      | 0.0  | 0.0         |
      | 2  | 31   | 01 September 2024 |              | 333.42          | 330.1         | 8.8      | 0.0  | 0.0       | 338.9  | 0.19  | 0.19       | 0.0  | 338.71      |
      | 3  | 30   | 01 October 2024   |              | 0.0             | 333.42        | 2.36     | 0.0  | 0.0       | 335.78 | 50.0  | 50.0       | 0.0  | 285.78      |
  [32m✔[39m [32m[1mAnd [22mLoan Repayment schedule has the following data in Total row:[39m                                                                                                                                             [90m# org.apache.fineract.test.stepdef.loan.LoanStepDef.loanRepaymentScheduleAmountCheck(io.cucumber.datatable.DataTable)[39m
      | Principal due | Interest | Fees | Penalties | Due     | Paid   | In advance | Late | Outstanding |
      | 1000.0        | 13.58    | 0.0  | 0.0       | 1013.58 | 389.09 | 389.09     | 0.0  | 624.49      |
  [32m✔[39m [32m[1mAnd [22mLoan Transactions tab has the following data:[39m                                                                                                                                                            [90m# org.apache.fineract.test.stepdef.loan.LoanStepDef.loanTransactionsTabCheck(io.cucumber.datatable.DataTable)[39m
      | Transaction date | Transaction Type       | Amount | Principal | Interest | Fees | Penalties | Loan Balance | Reverted | Replayed |
      | 01 July 2024     | Disbursement           | 1000.0 | 0.0       | 0.0      | 0.0  | 0.0       | 1000.0       | false    | false    |
      | 10 July 2024     | Repayment              | 338.9  | 336.48    | 2.42     | 0.0  | 0.0       | 663.52       | false    | false    |
      | 15 July 2024     | Merchant Issued Refund | 50.0   | 50.0      | 0.0      | 0.0  | 0.0       | 613.52       | false    | false    |
      | 15 July 2024     | Interest Refund        | 0.19   | 0.0       | 0.19     | 0.0  | 0.0       | 613.52       | false    | false    |
  [32m✔[39m [32m[1mWhen [22mAdmin fails to add duplicate Interest Refund for [1m"MERCHANT_ISSUED_REFUND"[22m transaction made on [1m"15 July 2024"[22m with [1m0.19[22m EUR interest refund amount[39m                                                       [90m# org.apache.fineract.test.stepdef.loan.LoanStepDef.failToAddManualInterestRefundIfAlreadyExists(java.lang.String,java.lang.String,double)[39m

@TestRailId:C3880
[1mScenario:[22m Prevent manual Interest Refund creation with mismatched transaction date for Merchant Issued Refund                                                                                                     [90m# fineract-e2e-tests-runner/src/test/resources/features/LoanMerchantIssuedRefund.feature:537[39m
  [32m✔[39m [32m[1mWhen [22mAdmin sets the business date to [1m"01 July 2024"[22m[39m                                                                                                                                                           [90m# org.apache.fineract.test.stepdef.common.BusinessDateStepDef.setBusinessDate(java.lang.String)[39m
  [32m✔[39m [32m[1mAnd [22mAdmin creates a client with random data[39m                                                                                                                                                                   [90m# org.apache.fineract.test.stepdef.common.ClientStepDef.createClientRandomFirstNameLastName()[39m
  [32m✔[39m [32m[1mAnd [22mAdmin creates a fully customized loan with the following data:[39m                                                                                                                                            [90m# org.apache.fineract.test.stepdef.loan.LoanStepDef.createFullyCustomizedLoan(io.cucumber.datatable.DataTable)[39m
      | LoanProduct                                                   | submitted on date | with Principal | ANNUAL interest rate % | interest type     | interest calculation period | amortization type  | loanTermFrequency | loanTermFrequencyType | repaymentEvery | repaymentFrequencyType | numberOfRepayments | graceOnPrincipalPayment | graceOnInterestPayment | interest free period | Payment strategy            |
      | LP2_ADV_CUSTOM_PMT_ALLOC_PROGRESSIVE_LOAN_SCHEDULE_HORIZONTAL | 01 July 2024      | 1000           | 10                     | DECLINING_BALANCE | DAILY                       | EQUAL_INSTALLMENTS | 3                 | MONTHS                | 1              | MONTHS                 | 3                  | 0                       | 0                      | 0                    | ADVANCED_PAYMENT_ALLOCATION |
  [32m✔[39m [32m[1mAnd [22mAdmin successfully approves the loan on [1m"01 July 2024"[22m with [1m"1000"[22m amount and expected disbursement date on [1m"01 July 2024"[22m[39m                                                                                [90m# org.apache.fineract.test.stepdef.loan.LoanStepDef.approveLoan(java.lang.String,java.lang.String,java.lang.String)[39m
  [32m✔[39m [32m[1mAnd [22mAdmin successfully disburse the loan on [1m"01 July 2024"[22m with [1m"1000"[22m EUR transaction amount[39m                                                                                                                 [90m# org.apache.fineract.test.stepdef.loan.LoanStepDef.disburseLoan(java.lang.String,java.lang.String)[39m
  [32m✔[39m [32m[1mWhen [22mAdmin sets the business date to [1m"10 July 2024"[22m[39m                                                                                                                                                           [90m# org.apache.fineract.test.stepdef.common.BusinessDateStepDef.setBusinessDate(java.lang.String)[39m
  [32m✔[39m [32m[1mAnd [22mCustomer makes [1m"REPAYMENT"[22m transaction with [1m"AUTOPAY"[22m payment type on [1m"10 July 2024"[22m with [1m338.9[22m EUR transaction amount and system-generated Idempotency key[39m                                               [90m# org.apache.fineract.test.stepdef.loan.LoanStepDef.createTransactionWithAutoIdempotencyKey(java.lang.String,java.lang.String,java.lang.String,double)[39m
  [32m✔[39m [32m[1mWhen [22mAdmin sets the business date to [1m"15 July 2024"[22m[39m                                                                                                                                                           [90m# org.apache.fineract.test.stepdef.common.BusinessDateStepDef.setBusinessDate(java.lang.String)[39m
  [32m✔[39m [32m[1mAnd [22mCustomer makes [1m"MERCHANT_ISSUED_REFUND"[22m transaction with [1m"AUTOPAY"[22m payment type on [1m"15 July 2024"[22m with [1m50[22m EUR transaction amount and system-generated Idempotency key and interestRefundCalculation [1mfalse[22m[39m [90m# org.apache.fineract.test.stepdef.loan.LoanStepDef.createTransactionWithAutoIdempotencyKeyAndWithInterestRefundCalculationFlagProvided(java.lang.String,java.lang.String,java.lang.String,double,boolean)[39m
  [32m✔[39m [32m[1mWhen [22mAdmin sets the business date to [1m"16 July 2024"[22m[39m                                                                                                                                                           [90m# org.apache.fineract.test.stepdef.common.BusinessDateStepDef.setBusinessDate(java.lang.String)[39m
  [32m✔[39m [32m[1mWhen [22mAdmin manually adds Interest Refund for [1m"MERCHANT_ISSUED_REFUND"[22m transaction made on invalid date [1m"16 July 2024"[22m with [1m2.42[22m EUR interest refund amount[39m                                                    [90m# org.apache.fineract.test.stepdef.loan.LoanStepDef.addInterestRefundTransactionManuallyWithInvalidDate(java.lang.String,java.lang.String,double)[39m

@TestRailId:C4127
[1mScenario:[22m High interest rate in advance paid Repayment + Merchant Issued Refund                                                                                                                                         [90m# fineract-e2e-tests-runner/src/test/resources/features/LoanMerchantIssuedRefund.feature:555[39m
  [32m✔[39m [32m[1mWhen [22mAdmin sets the business date to [1m"10 July 2025"[22m[39m                                                                                                                                                                 [90m# org.apache.fineract.test.stepdef.common.BusinessDateStepDef.setBusinessDate(java.lang.String)[39m
  [32m✔[39m [32m[1mAnd [22mAdmin creates a client with random data[39m                                                                                                                                                                         [90m# org.apache.fineract.test.stepdef.common.ClientStepDef.createClientRandomFirstNameLastName()[39m
  [32m✔[39m [32m[1mAnd [22mAdmin creates a fully customized loan with the following data:[39m                                                                                                                                                  [90m# org.apache.fineract.test.stepdef.loan.LoanStepDef.createFullyCustomizedLoan(io.cucumber.datatable.DataTable)[39m
      | LoanProduct                                                   | submitted on date | with Principal | ANNUAL interest rate % | interest type     | interest calculation period | amortization type  | loanTermFrequency | loanTermFrequencyType | repaymentEvery | repaymentFrequencyType | numberOfRepayments | graceOnPrincipalPayment | graceOnInterestPayment | interest free period | Payment strategy            |
      | LP2_ADV_CUSTOM_PMT_ALLOC_PROGRESSIVE_LOAN_SCHEDULE_HORIZONTAL | 10 July 2025      | 1000           | 24.99                  | DECLINING_BALANCE | DAILY                       | EQUAL_INSTALLMENTS | 24                | MONTHS                | 1              | MONTHS                 | 24                 | 0                       | 0                      | 0                    | ADVANCED_PAYMENT_ALLOCATION |
  [32m✔[39m [32m[1mAnd [22mAdmin successfully approves the loan on [1m"10 July 2025"[22m with [1m"1000"[22m amount and expected disbursement date on [1m"10 July 2025"[22m[39m                                                                                      [90m# org.apache.fineract.test.stepdef.loan.LoanStepDef.approveLoan(java.lang.String,java.lang.String,java.lang.String)[39m
  [32m✔[39m [32m[1mAnd [22mAdmin successfully disburse the loan on [1m"10 July 2025"[22m with [1m"733.56"[22m EUR transaction amount[39m                                                                                                                     [90m# org.apache.fineract.test.stepdef.loan.LoanStepDef.disburseLoan(java.lang.String,java.lang.String)[39m
  [32m✔[39m [32m[1mWhen [22mAdmin sets the business date to [1m"29 July 2025"[22m[39m                                                                                                                                                                 [90m# org.apache.fineract.test.stepdef.common.BusinessDateStepDef.setBusinessDate(java.lang.String)[39m
  [32m✔[39m [32m[1mAnd [22mCustomer makes [1m"REPAYMENT"[22m transaction with [1m"AUTOPAY"[22m payment type on [1m"29 July 2025"[22m with [1m540.0[22m EUR transaction amount and system-generated Idempotency key[39m                                                     [90m# org.apache.fineract.test.stepdef.loan.LoanStepDef.createTransactionWithAutoIdempotencyKey(java.lang.String,java.lang.String,java.lang.String,double)[39m
  [32m✔[39m [32m[1mThen [22mLoan Repayment schedule has [1m24[22m periods, with the following data for periods:[39m                                                                                                                                   [90m# org.apache.fineract.test.stepdef.loan.LoanStepDef.loanRepaymentSchedulePeriodsCheck(int,io.cucumber.datatable.DataTable)[39m
      | Nr | Days | Date              | Paid date    | Balance of loan | Principal due | Interest | Fees | Penalties | Due   | Paid  | In advance | Late | Outstanding |
      |    |      | 10 July 2025      |              | 733.56          |               |          | 0.0  |           | 0.0   | 0.0   |            |      |             |
      | 1  | 31   | 10 August 2025    | 29 July 2025 | 703.77          | 29.79         | 9.36     | 0.0  | 0.0       | 39.15 | 39.15 | 39.15      | 0.0  | 0.0         |
      | 2  | 31   | 10 September 2025 | 29 July 2025 | 664.62          | 39.15         | 0.0      | 0.0  | 0.0       | 39.15 | 39.15 | 39.15      | 0.0  | 0.0         |
      | 3  | 30   | 10 October 2025   | 29 July 2025 | 625.47          | 39.15         | 0.0      | 0.0  | 0.0       | 39.15 | 39.15 | 39.15      | 0.0  | 0.0         |
      | 4  | 31   | 10 November 2025  | 29 July 2025 | 586.32          | 39.15         | 0.0      | 0.0  | 0.0       | 39.15 | 39.15 | 39.15      | 0.0  | 0.0         |
      | 5  | 30   | 10 December 2025  | 29 July 2025 | 547.17          | 39.15         | 0.0      | 0.0  | 0.0       | 39.15 | 39.15 | 39.15      | 0.0  | 0.0         |
      | 6  | 31   | 10 January 2026   | 29 July 2025 | 508.02          | 39.15         | 0.0      | 0.0  | 0.0       | 39.15 | 39.15 | 39.15      | 0.0  | 0.0         |
      | 7  | 31   | 10 February 2026  | 29 July 2025 | 468.87          | 39.15         | 0.0      | 0.0  | 0.0       | 39.15 | 39.15 | 39.15      | 0.0  | 0.0         |
      | 8  | 28   | 10 March 2026     | 29 July 2025 | 429.72          | 39.15         | 0.0      | 0.0  | 0.0       | 39.15 | 39.15 | 39.15      | 0.0  | 0.0         |
      | 9  | 31   | 10 April 2026     | 29 July 2025 | 390.57          | 39.15         | 0.0      | 0.0  | 0.0       | 39.15 | 39.15 | 39.15      | 0.0  | 0.0         |
      | 10 | 30   | 10 May 2026       | 29 July 2025 | 351.42          | 39.15         | 0.0      | 0.0  | 0.0       | 39.15 | 39.15 | 39.15      | 0.0  | 0.0         |
      | 11 | 31   | 10 June 2026      | 29 July 2025 | 312.27          | 39.15         | 0.0      | 0.0  | 0.0       | 39.15 | 39.15 | 39.15      | 0.0  | 0.0         |
      | 12 | 30   | 10 July 2026      | 29 July 2025 | 273.12          | 39.15         | 0.0      | 0.0  | 0.0       | 39.15 | 39.15 | 39.15      | 0.0  | 0.0         |
      | 13 | 31   | 10 August 2026    | 29 July 2025 | 233.97          | 39.15         | 0.0      | 0.0  | 0.0       | 39.15 | 39.15 | 39.15      | 0.0  | 0.0         |
      | 14 | 31   | 10 September 2026 |              | 194.82          | 39.15         | 0.0      | 0.0  | 0.0       | 39.15 | 31.05 | 31.05      | 0.0  | 8.1         |
      | 15 | 30   | 10 October 2026   |              | 194.82          | 0.0           | 39.15    | 0.0  | 0.0       | 39.15 | 0.0   | 0.0        | 0.0  | 39.15       |
      | 16 | 31   | 10 November 2026  |              | 181.27          | 13.55         | 25.6     | 0.0  | 0.0       | 39.15 | 0.0   | 0.0        | 0.0  | 39.15       |
      | 17 | 30   | 10 December 2026  |              | 145.89          | 35.38         | 3.77     | 0.0  | 0.0       | 39.15 | 0.0   | 0.0        | 0.0  | 39.15       |
      | 18 | 31   | 10 January 2027   |              | 109.78          | 36.11         | 3.04     | 0.0  | 0.0       | 39.15 | 0.0   | 0.0        | 0.0  | 39.15       |
      | 19 | 31   | 10 February 2027  |              | 72.92           | 36.86         | 2.29     | 0.0  | 0.0       | 39.15 | 0.0   | 0.0        | 0.0  | 39.15       |
      | 20 | 28   | 10 March 2027     |              | 35.29           | 37.63         | 1.52     | 0.0  | 0.0       | 39.15 | 0.0   | 0.0        | 0.0  | 39.15       |
      | 21 | 31   | 10 April 2027     |              | 0.0             | 35.29         | 0.73     | 0.0  | 0.0       | 36.02 | 0.0   | 0.0        | 0.0  | 36.02       |
      | 22 | 30   | 10 May 2027       | 29 July 2025 | 0.0             | 0.0           | 0.0      | 0.0  | 0.0       | 0.0   | 0.0   | 0.0        | 0.0  | 0.0         |
      | 23 | 31   | 10 June 2027      | 29 July 2025 | 0.0             | 0.0           | 0.0      | 0.0  | 0.0       | 0.0   | 0.0   | 0.0        | 0.0  | 0.0         |
      | 24 | 30   | 10 July 2027      | 29 July 2025 | 0.0             | 0.0           | 0.0      | 0.0  | 0.0       | 0.0   | 0.0   | 0.0        | 0.0  | 0.0         |
  [32m✔[39m [32m[1mAnd [22mLoan Repayment schedule has the following data in Total row:[39m                                                                                                                                                    [90m# org.apache.fineract.test.stepdef.loan.LoanStepDef.loanRepaymentScheduleAmountCheck(io.cucumber.datatable.DataTable)[39m
      | Principal due | Interest | Fees | Penalties | Due    | Paid  | In advance | Late | Outstanding |
      | 733.56        | 85.46    | 0.0  | 0.0       | 819.02 | 540.0 | 540.0      | 0.0  | 279.02      |
  [32m✔[39m [32m[1mAnd [22mLoan Transactions tab has the following data:[39m                                                                                                                                                                   [90m# org.apache.fineract.test.stepdef.loan.LoanStepDef.loanTransactionsTabCheck(io.cucumber.datatable.DataTable)[39m
      | Transaction date | Transaction Type | Amount | Principal | Interest | Fees | Penalties | Loan Balance | Reverted | Replayed |
      | 10 July 2025     | Disbursement     | 733.56 | 0.0       | 0.0      | 0.0  | 0.0       | 733.56       | false    | false    |
      | 29 July 2025     | Repayment        | 540.0  | 530.64    | 9.36     | 0.0  | 0.0       | 202.92       | false    | false    |
  [32m✔[39m [32m[1mWhen [22mAdmin sets the business date to [1m"02 October 2025"[22m[39m                                                                                                                                                              [90m# org.apache.fineract.test.stepdef.common.BusinessDateStepDef.setBusinessDate(java.lang.String)[39m
  [32m✔[39m [32m[1mAnd [22mCustomer makes [1m"MERCHANT_ISSUED_REFUND"[22m transaction with [1m"AUTOPAY"[22m payment type on [1m"02 October 2025"[22m with [1m635.23[22m EUR transaction amount and system-generated Idempotency key and interestRefundCalculation [1mtrue[22m[39m [90m# org.apache.fineract.test.stepdef.loan.LoanStepDef.createTransactionWithAutoIdempotencyKeyAndWithInterestRefundCalculationFlagProvided(java.lang.String,java.lang.String,java.lang.String,double,boolean)[39m
  [32m✔[39m [32m[1mThen [22mLoan Repayment schedule has [1m24[22m periods, with the following data for periods:[39m                                                                                                                                   [90m# org.apache.fineract.test.stepdef.loan.LoanStepDef.loanRepaymentSchedulePeriodsCheck(int,io.cucumber.datatable.DataTable)[39m
      | Nr | Days | Date              | Paid date       | Balance of loan | Principal due | Interest | Fees | Penalties | Due   | Paid  | In advance | Late | Outstanding |
      |    |      | 10 July 2025      |                 | 733.56          |               |          | 0.0  |           | 0.0   | 0.0   |            |      |             |
      | 1  | 31   | 10 August 2025    | 29 July 2025    | 703.77          | 29.79         | 9.36     | 0.0  | 0.0       | 39.15 | 39.15 | 39.15      | 0.0  | 0.0         |
      | 2  | 31   | 10 September 2025 | 29 July 2025    | 664.62          | 39.15         | 0.0      | 0.0  | 0.0       | 39.15 | 39.15 | 39.15      | 0.0  | 0.0         |
      | 3  | 30   | 10 October 2025   | 29 July 2025    | 625.47          | 39.15         | 0.0      | 0.0  | 0.0       | 39.15 | 39.15 | 39.15      | 0.0  | 0.0         |
      | 4  | 31   | 10 November 2025  | 29 July 2025    | 586.32          | 39.15         | 0.0      | 0.0  | 0.0       | 39.15 | 39.15 | 39.15      | 0.0  | 0.0         |
      | 5  | 30   | 10 December 2025  | 29 July 2025    | 547.17          | 39.15         | 0.0      | 0.0  | 0.0       | 39.15 | 39.15 | 39.15      | 0.0  | 0.0         |
      | 6  | 31   | 10 January 2026   | 29 July 2025    | 508.02          | 39.15         | 0.0      | 0.0  | 0.0       | 39.15 | 39.15 | 39.15      | 0.0  | 0.0         |
      | 7  | 31   | 10 February 2026  | 29 July 2025    | 468.87          | 39.15         | 0.0      | 0.0  | 0.0       | 39.15 | 39.15 | 39.15      | 0.0  | 0.0         |
      | 8  | 28   | 10 March 2026     | 29 July 2025    | 429.72          | 39.15         | 0.0      | 0.0  | 0.0       | 39.15 | 39.15 | 39.15      | 0.0  | 0.0         |
      | 9  | 31   | 10 April 2026     | 29 July 2025    | 390.57          | 39.15         | 0.0      | 0.0  | 0.0       | 39.15 | 39.15 | 39.15      | 0.0  | 0.0         |
      | 10 | 30   | 10 May 2026       | 29 July 2025    | 351.42          | 39.15         | 0.0      | 0.0  | 0.0       | 39.15 | 39.15 | 39.15      | 0.0  | 0.0         |
      | 11 | 31   | 10 June 2026      | 29 July 2025    | 312.27          | 39.15         | 0.0      | 0.0  | 0.0       | 39.15 | 39.15 | 39.15      | 0.0  | 0.0         |
      | 12 | 30   | 10 July 2026      | 29 July 2025    | 273.12          | 39.15         | 0.0      | 0.0  | 0.0       | 39.15 | 39.15 | 39.15      | 0.0  | 0.0         |
      | 13 | 31   | 10 August 2026    | 29 July 2025    | 233.97          | 39.15         | 0.0      | 0.0  | 0.0       | 39.15 | 39.15 | 39.15      | 0.0  | 0.0         |
      | 14 | 31   | 10 September 2026 | 02 October 2025 | 202.92          | 31.05         | 0.0      | 0.0  | 0.0       | 31.05 | 31.05 | 31.05      | 0.0  | 0.0         |
      | 15 | 30   | 10 October 2026   | 02 October 2025 | 202.92          | 0.0           | 8.97     | 0.0  | 0.0       | 8.97  | 8.97  | 8.97       | 0.0  | 0.0         |
      | 16 | 31   | 10 November 2026  | 02 October 2025 | 202.92          | 0.0           | 0.0      | 0.0  | 0.0       | 0.0   | 0.0   | 0.0        | 0.0  | 0.0         |
      | 17 | 30   | 10 December 2026  | 02 October 2025 | 202.92          | 0.0           | 0.0      | 0.0  | 0.0       | 0.0   | 0.0   | 0.0        | 0.0  | 0.0         |
      | 18 | 31   | 10 January 2027   | 02 October 2025 | 202.92          | 0.0           | 0.0      | 0.0  | 0.0       | 0.0   | 0.0   | 0.0        | 0.0  | 0.0         |
      | 19 | 31   | 10 February 2027  | 02 October 2025 | 195.75          | 7.17          | 0.0      | 0.0  | 0.0       | 7.17  | 7.17  | 7.17       | 0.0  | 0.0         |
      | 20 | 28   | 10 March 2027     | 02 October 2025 | 156.6           | 39.15         | 0.0      | 0.0  | 0.0       | 39.15 | 39.15 | 39.15      | 0.0  | 0.0         |
      | 21 | 31   | 10 April 2027     | 02 October 2025 | 117.45          | 39.15         | 0.0      | 0.0  | 0.0       | 39.15 | 39.15 | 39.15      | 0.0  | 0.0         |
      | 22 | 30   | 10 May 2027       | 02 October 2025 | 78.3            | 39.15         | 0.0      | 0.0  | 0.0       | 39.15 | 39.15 | 39.15      | 0.0  | 0.0         |
      | 23 | 31   | 10 June 2027      | 02 October 2025 | 39.15           | 39.15         | 0.0      | 0.0  | 0.0       | 39.15 | 39.15 | 39.15      | 0.0  | 0.0         |
      | 24 | 30   | 10 July 2027      | 02 October 2025 | 0.0             | 39.15         | 0.0      | 0.0  | 0.0       | 39.15 | 39.15 | 39.15      | 0.0  | 0.0         |
  [32m✔[39m [32m[1mAnd [22mLoan Repayment schedule has the following data in Total row:[39m                                                                                                                                                    [90m# org.apache.fineract.test.stepdef.loan.LoanStepDef.loanRepaymentScheduleAmountCheck(io.cucumber.datatable.DataTable)[39m
      | Principal due | Interest | Fees | Penalties | Due    | Paid   | In advance | Late | Outstanding |
      | 733.56        | 18.33    | 0.0  | 0.0       | 751.89 | 751.89 | 751.89     | 0.0  | 0.0         |
  [32m✔[39m [32m[1mAnd [22mLoan Transactions tab has the following data:[39m                                                                                                                                                                   [90m# org.apache.fineract.test.stepdef.loan.LoanStepDef.loanTransactionsTabCheck(io.cucumber.datatable.DataTable)[39m
      | Transaction date | Transaction Type       | Amount | Principal | Interest | Fees | Penalties | Loan Balance | Reverted | Replayed |
      | 10 July 2025     | Disbursement           | 733.56 | 0.0       | 0.0      | 0.0  | 0.0       | 733.56       | false    | false    |
      | 29 July 2025     | Repayment              | 540.0  | 530.64    | 9.36     | 0.0  | 0.0       | 202.92       | false    | false    |
      | 10 August 2025   | Accrual Activity       | 9.36   | 0.0       | 9.36     | 0.0  | 0.0       | 0.0          | false    | false    |
      | 02 October 2025  | Merchant Issued Refund | 635.23 | 202.92    | 8.97     | 0.0  | 0.0       | 0.0          | false    | false    |
      | 02 October 2025  | Interest Refund        | 17.07  | 0.0       | 0.0      | 0.0  | 0.0       | 0.0          | false    | false    |
      | 02 October 2025  | Accrual                | 18.33  | 0.0       | 18.33    | 0.0  | 0.0       | 0.0          | false    | false    |
      | 02 October 2025  | Accrual Activity       | 8.97   | 0.0       | 8.97     | 0.0  | 0.0       | 0.0          | false    | false    |

@TestRailId:C4355
[1mScenario:[22m Verify manual Interest Refund is recalculated during reprocessing even if no prior transaction was reverse-replayed                                                                                            [90m# fineract-e2e-tests-runner/src/test/resources/features/LoanMerchantIssuedRefund.feature:642[39m
  [32m✔[39m [32m[1mWhen [22mAdmin sets the business date to [1m"01 January 2025"[22m[39m                                                                                                                                                               [90m# org.apache.fineract.test.stepdef.common.BusinessDateStepDef.setBusinessDate(java.lang.String)[39m
  [32m✔[39m [32m[1mAnd [22mAdmin creates a client with random data[39m                                                                                                                                                                          [90m# org.apache.fineract.test.stepdef.common.ClientStepDef.createClientRandomFirstNameLastName()[39m
  [32m✔[39m [32m[1mAnd [22mAdmin creates a fully customized loan with the following data:[39m                                                                                                                                                   [90m# org.apache.fineract.test.stepdef.loan.LoanStepDef.createFullyCustomizedLoan(io.cucumber.datatable.DataTable)[39m
      | LoanProduct                                                          | submitted on date | with Principal | ANNUAL interest rate % | interest type     | interest calculation period | amortization type  | loanTermFrequency | loanTermFrequencyType | repaymentEvery | repaymentFrequencyType | numberOfRepayments | graceOnPrincipalPayment | graceOnInterestPayment | interest free period | Payment strategy            |
      | LP2_ADV_PMT_ALLOC_ACTUAL_ACTUAL_PROGRESSIVE_LOAN_SCHEDULE_HORIZONTAL | 01 January 2025   | 100            | 26                     | DECLINING_BALANCE | DAILY                       | EQUAL_INSTALLMENTS | 6                 | MONTHS                | 1              | MONTHS                 | 6                  | 0                       | 0                      | 0                    | ADVANCED_PAYMENT_ALLOCATION |
  [32m✔[39m [32m[1mAnd [22mAdmin successfully approves the loan on [1m"01 January 2025"[22m with [1m"100"[22m amount and expected disbursement date on [1m"01 January 2025"[22m[39m                                                                                  [90m# org.apache.fineract.test.stepdef.loan.LoanStepDef.approveLoan(java.lang.String,java.lang.String,java.lang.String)[39m
  [32m✔[39m [32m[1mAnd [22mAdmin successfully disburse the loan on [1m"01 January 2025"[22m with [1m"100"[22m EUR transaction amount[39m                                                                                                                      [90m# org.apache.fineract.test.stepdef.loan.LoanStepDef.disburseLoan(java.lang.String,java.lang.String)[39m
  [32m✔[39m [32m[1mAnd [22mLoan Transactions tab has the following data:[39m                                                                                                                                                                    [90m# org.apache.fineract.test.stepdef.loan.LoanStepDef.loanTransactionsTabCheck(io.cucumber.datatable.DataTable)[39m
      | Transaction date | Transaction Type | Amount | Principal | Interest | Fees | Penalties | Loan Balance | Reverted | Replayed |
      | 01 January 2025  | Disbursement     | 100.0  | 0.0       | 0.0      | 0.0  | 0.0       | 100.0        | false    | false    |
  [32m✔[39m [32m[1mWhen [22mAdmin sets the business date to [1m"01 February 2025"[22m[39m                                                                                                                                                              [90m# org.apache.fineract.test.stepdef.common.BusinessDateStepDef.setBusinessDate(java.lang.String)[39m
  [32m✔[39m [32m[1mAnd [22mCustomer makes [1m"MERCHANT_ISSUED_REFUND"[22m transaction with [1m"AUTOPAY"[22m payment type on [1m"01 February 2025"[22m with [1m66.41[22m EUR transaction amount and system-generated Idempotency key and interestRefundCalculation [1mfalse[22m[39m [90m# org.apache.fineract.test.stepdef.loan.LoanStepDef.createTransactionWithAutoIdempotencyKeyAndWithInterestRefundCalculationFlagProvided(java.lang.String,java.lang.String,java.lang.String,double,boolean)[39m
  [32m✔[39m [32m[1mThen [22mLoan Transactions tab has the following data:[39m                                                                                                                                                                   [90m# org.apache.fineract.test.stepdef.loan.LoanStepDef.loanTransactionsTabCheck(io.cucumber.datatable.DataTable)[39m
      | Transaction date | Transaction Type       | Amount | Principal | Interest | Fees | Penalties | Loan Balance | Reverted | Replayed |
      | 01 January 2025  | Disbursement           | 100.0  | 0.0       | 0.0      | 0.0  | 0.0       | 100.0        | false    | false    |
      | 01 February 2025 | Merchant Issued Refund | 66.41  | 64.2      | 2.21     | 0.0  | 0.0       | 35.8         | false    | false    |
  [32m✔[39m [32m[1mWhen [22mAdmin manually adds Interest Refund for [1m"MERCHANT_ISSUED_REFUND"[22m transaction made on [1m"01 February 2025"[22m with [1m0.47[22m EUR interest refund amount[39m                                                                    [90m# org.apache.fineract.test.stepdef.loan.LoanStepDef.addInterestRefundTransactionManually(java.lang.String,java.lang.String,double)[39m
  [32m✔[39m [32m[1mThen [22mLoan Transactions tab has the following data:[39m                                                                                                                                                                   [90m# org.apache.fineract.test.stepdef.loan.LoanStepDef.loanTransactionsTabCheck(io.cucumber.datatable.DataTable)[39m
      | Transaction date | Transaction Type       | Amount | Principal | Interest | Fees | Penalties | Loan Balance | Reverted | Replayed |
      | 01 January 2025  | Disbursement           | 100.0  | 0.0       | 0.0      | 0.0  | 0.0       | 100.0        | false    | false    |
      | 01 February 2025 | Merchant Issued Refund | 66.41  | 64.2      | 2.21     | 0.0  | 0.0       | 35.8         | false    | false    |
      | 01 February 2025 | Interest Refund        | 0.47   | 0.47      | 0.0      | 0.0  | 0.0       | 35.33        | false    | false    |
  [32m✔[39m [32m[1mAnd [22mCustomer makes [1m"REPAYMENT"[22m transaction with [1m"AUTOPAY"[22m payment type on [1m"20 January 2025"[22m with [1m17.94[22m EUR transaction amount and system-generated Idempotency key[39m                                                   [90m# org.apache.fineract.test.stepdef.loan.LoanStepDef.createTransactionWithAutoIdempotencyKey(java.lang.String,java.lang.String,java.lang.String,double)[39m
  [32m✔[39m [32m[1mThen [22mLoan Transactions tab has the following data:[39m                                                                                                                                                                   [90m# org.apache.fineract.test.stepdef.loan.LoanStepDef.loanTransactionsTabCheck(io.cucumber.datatable.DataTable)[39m
      | Transaction date | Transaction Type       | Amount | Principal | Interest | Fees | Penalties | Loan Balance | Reverted | Replayed |
      | 01 January 2025  | Disbursement           | 100.0  | 0.0       | 0.0      | 0.0  | 0.0       | 100.0        | false    | false    |
      | 20 January 2025  | Repayment              | 17.94  | 16.59     | 1.35     | 0.0  | 0.0       | 83.41        | false    | false    |
      | 01 February 2025 | Merchant Issued Refund | 66.41  | 66.41     | 0.0      | 0.0  | 0.0       | 17.0         | false    | true     |
      | 01 February 2025 | Interest Refund        | 1.48   | 1.48      | 0.0      | 0.0  | 0.0       | 15.52        | false    | true     |
  [32m✔[39m [32m[1mAnd [22mCustomer makes [1m"REPAYMENT"[22m transaction with [1m"AUTOPAY"[22m payment type on [1m"25 January 2025"[22m with [1m10.94[22m EUR transaction amount and system-generated Idempotency key[39m                                                   [90m# org.apache.fineract.test.stepdef.loan.LoanStepDef.createTransactionWithAutoIdempotencyKey(java.lang.String,java.lang.String,java.lang.String,double)[39m
  [32m✔[39m [32m[1mThen [22mLoan Transactions tab has the following data:[39m                                                                                                                                                                   [90m# org.apache.fineract.test.stepdef.loan.LoanStepDef.loanTransactionsTabCheck(io.cucumber.datatable.DataTable)[39m
      | Transaction date | Transaction Type       | Amount | Principal | Interest | Fees | Penalties | Loan Balance | Reverted | Replayed |
      | 01 January 2025  | Disbursement           | 100.0  | 0.0       | 0.0      | 0.0  | 0.0       | 100.0        | false    | false    |
      | 20 January 2025  | Repayment              | 17.94  | 16.59     | 1.35     | 0.0  | 0.0       | 83.41        | false    | false    |
      | 25 January 2025  | Repayment              | 10.94  | 10.94     | 0.0      | 0.0  | 0.0       | 72.47        | false    | false    |
      | 01 February 2025 | Merchant Issued Refund | 66.41  | 66.41     | 0.0      | 0.0  | 0.0       | 6.06         | false    | true     |
      | 01 February 2025 | Interest Refund        | 1.47   | 1.47      | 0.0      | 0.0  | 0.0       | 4.59         | false    | true     |
  [32m✔[39m [32m[1mWhen [22mCustomer undo [1m"1"[22mth [1m"Repayment"[22m transaction made on [1m"20 January 2025"[22m[39m                                                                                                                                           [90m# org.apache.fineract.test.stepdef.loan.LoanRepaymentStepDef.undoNthTransactionType(java.lang.String,java.lang.String,java.lang.String)[39m
  [32m✔[39m [32m[1mThen [22mLoan Transactions tab has the following data:[39m                                                                                                                                                                   [90m# org.apache.fineract.test.stepdef.loan.LoanStepDef.loanTransactionsTabCheck(io.cucumber.datatable.DataTable)[39m
      | Transaction date | Transaction Type       | Amount | Principal | Interest | Fees | Penalties | Loan Balance | Reverted | Replayed |
      | 01 January 2025  | Disbursement           | 100.0  | 0.0       | 0.0      | 0.0  | 0.0       | 100.0        | false    | false    |
      | 20 January 2025  | Repayment              | 17.94  | 16.59     | 1.35     | 0.0  | 0.0       | 83.41        | true     | false    |
      | 25 January 2025  | Repayment              | 10.94  | 10.94     | 0.0      | 0.0  | 0.0       | 89.06        | false    | false    |
      | 01 February 2025 | Merchant Issued Refund | 66.41  | 64.26     | 2.15     | 0.0  | 0.0       | 24.8         | false    | true     |
      | 01 February 2025 | Interest Refund        | 1.46   | 1.46      | 0.0      | 0.0  | 0.0       | 23.34        | false    | true     |
  [32m✔[39m [32m[1mThen [22mLoan has [1m23.97[22m outstanding amount[39m                                                                                                                                                                               [90m# org.apache.fineract.test.stepdef.loan.LoanStepDef.loanOutstanding(double)[39m

@TestRailId:C4570
[1mScenario:[22m Verify MIR and CBR with adjust interest afterwards outcomes with improper allocations on account - UC1                                                                    [90m# fineract-e2e-tests-runner/src/test/resources/features/LoanMerchantIssuedRefund.feature:700[39m
  [32m✔[39m [32m[1mWhen [22mAdmin sets the business date to [1m"24 September 2024"[22m[39m                                                                                                                        [90m# org.apache.fineract.test.stepdef.common.BusinessDateStepDef.setBusinessDate(java.lang.String)[39m
  [32m✔[39m [32m[1mAnd [22mAdmin creates a client with random data[39m                                                                                                                                     [90m# org.apache.fineract.test.stepdef.common.ClientStepDef.createClientRandomFirstNameLastName()[39m
  [32m✔[39m [32m[1mAnd [22mAdmin creates a fully customized loan with the following data:[39m                                                                                                              [90m# org.apache.fineract.test.stepdef.loan.LoanStepDef.createFullyCustomizedLoan(io.cucumber.datatable.DataTable)[39m
      | LoanProduct                                                   | submitted on date | with Principal | ANNUAL interest rate % | interest type     | interest calculation period | amortization type  | loanTermFrequency | loanTermFrequencyType | repaymentEvery | repaymentFrequencyType | numberOfRepayments | graceOnPrincipalPayment | graceOnInterestPayment | interest free period | Payment strategy            |
      | LP2_ADV_CUSTOM_PMT_ALLOC_PROGRESSIVE_LOAN_SCHEDULE_HORIZONTAL | 24 September 2024 | 116.89         | 35.99                  | DECLINING_BALANCE | DAILY                       | EQUAL_INSTALLMENTS | 3                 | MONTHS                | 1              | MONTHS                 | 3                  | 0                       | 0                      | 0                    | ADVANCED_PAYMENT_ALLOCATION |
  [32m✔[39m [32m[1mAnd [22mAdmin successfully approves the loan on [1m"24 September 2024"[22m with [1m"116.89"[22m amount and expected disbursement date on [1m"24 September 2024"[22m[39m                                      [90m# org.apache.fineract.test.stepdef.loan.LoanStepDef.approveLoan(java.lang.String,java.lang.String,java.lang.String)[39m
  [32m✔[39m [32m[1mAnd [22mAdmin successfully disburse the loan on [1m"24 September 2024"[22m with [1m"116.89"[22m EUR transaction amount[39m                                                                            [90m# org.apache.fineract.test.stepdef.loan.LoanStepDef.disburseLoan(java.lang.String,java.lang.String)[39m
  [32m✔[39m [32m[1mThen [22mLoan Repayment schedule has [1m3[22m periods, with the following data for periods:[39m                                                                                                [90m# org.apache.fineract.test.stepdef.loan.LoanStepDef.loanRepaymentSchedulePeriodsCheck(int,io.cucumber.datatable.DataTable)[39m
      | Nr | Days | Date              | Paid date | Balance of loan | Principal due | Interest | Fees | Penalties | Due   | Paid | In advance | Late | Outstanding |
      |    |      | 24 September 2024 |           | 116.89          |               |          | 0.0  |           | 0.0   | 0.0  |            |      |             |
      | 1  | 30   | 24 October 2024   |           | 79.08           | 37.81         | 3.51     | 0.0  | 0.0       | 41.32 | 0.0  | 0.0        | 0.0  | 41.32       |
      | 2  | 31   | 24 November 2024  |           | 40.13           | 38.95         | 2.37     | 0.0  | 0.0       | 41.32 | 0.0  | 0.0        | 0.0  | 41.32       |
      | 3  | 30   | 24 December 2024  |           | 0.0             | 40.13         | 1.2      | 0.0  | 0.0       | 41.33 | 0.0  | 0.0        | 0.0  | 41.33       |
  [32m✔[39m [32m[1mAnd [22mLoan Repayment schedule has the following data in Total row:[39m                                                                                                                [90m# org.apache.fineract.test.stepdef.loan.LoanStepDef.loanRepaymentScheduleAmountCheck(io.cucumber.datatable.DataTable)[39m
      | Principal due | Interest | Fees | Penalties | Due    | Paid | In advance | Late | Outstanding |
      | 116.89        | 7.08     | 0.0  | 0.0       | 123.97 | 0.0  | 0.0        | 0.0  | 123.97      |
  [32m✔[39m [32m[1mAnd [22mLoan Transactions tab has the following data:[39m                                                                                                                               [90m# org.apache.fineract.test.stepdef.loan.LoanStepDef.loanTransactionsTabCheck(io.cucumber.datatable.DataTable)[39m
      | Transaction date  | Transaction Type | Amount | Principal | Interest | Fees | Penalties | Loan Balance | Reverted | Replayed |
      | 24 September 2024 | Disbursement     | 116.89 | 0.0       | 0.0      | 0.0  | 0.0       | 116.89       | false    | false    |
  [32m✔[39m [32m[1mWhen [22mAdmin sets the business date to [1m"26 September 2024"[22m[39m                                                                                                                        [90m# org.apache.fineract.test.stepdef.common.BusinessDateStepDef.setBusinessDate(java.lang.String)[39m
  [32m✔[39m [32m[1mAnd [22mCustomer makes [1m"REPAYMENT"[22m transaction with [1m"AUTOPAY"[22m payment type on [1m"26 September 2024"[22m with [1m117.12[22m EUR transaction amount and system-generated Idempotency key[39m           [90m# org.apache.fineract.test.stepdef.loan.LoanStepDef.createTransactionWithAutoIdempotencyKey(java.lang.String,java.lang.String,java.lang.String,double)[39m
  [32m✔[39m [32m[1mThen [22mLoan Repayment schedule has [1m3[22m periods, with the following data for periods:[39m                                                                                                [90m# org.apache.fineract.test.stepdef.loan.LoanStepDef.loanRepaymentSchedulePeriodsCheck(int,io.cucumber.datatable.DataTable)[39m
      | Nr | Days | Date              | Paid date         | Balance of loan | Principal due | Interest | Fees | Penalties | Due   | Paid  | In advance | Late | Outstanding |
      |    |      | 24 September 2024 |                   | 116.89          |               |          | 0.0  |           | 0.0   | 0.0   |            |      |             |
      | 1  | 30   | 24 October 2024   | 26 September 2024 | 75.8            | 41.09         | 0.23     | 0.0  | 0.0       | 41.32 | 41.32 | 41.32      | 0.0  | 0.0         |
      | 2  | 31   | 24 November 2024  | 26 September 2024 | 34.48           | 41.32         | 0.0      | 0.0  | 0.0       | 41.32 | 41.32 | 41.32      | 0.0  | 0.0         |
      | 3  | 30   | 24 December 2024  | 26 September 2024 | 0.0             | 34.48         | 0.0      | 0.0  | 0.0       | 34.48 | 34.48 | 34.48      | 0.0  | 0.0         |
  [32m✔[39m [32m[1mAnd [22mLoan Repayment schedule has the following data in Total row:[39m                                                                                                                [90m# org.apache.fineract.test.stepdef.loan.LoanStepDef.loanRepaymentScheduleAmountCheck(io.cucumber.datatable.DataTable)[39m
      | Principal due | Interest | Fees | Penalties | Due    | Paid   | In advance | Late | Outstanding |
      | 116.89        | 0.23     | 0.0  | 0.0       | 117.12 | 117.12 | 117.12     | 0.0  | 0.0         |
  [32m✔[39m [32m[1mAnd [22mLoan Transactions tab has the following data:[39m                                                                                                                               [90m# org.apache.fineract.test.stepdef.loan.LoanStepDef.loanTransactionsTabCheck(io.cucumber.datatable.DataTable)[39m
      | Transaction date  | Transaction Type | Amount | Principal | Interest | Fees | Penalties | Loan Balance | Reverted | Replayed |
      | 24 September 2024 | Disbursement     | 116.89 | 0.0       | 0.0      | 0.0  | 0.0       | 116.89       | false    | false    |
      | 26 September 2024 | Repayment        | 117.12 | 116.89    | 0.23     | 0.0  | 0.0       | 0.0          | false    | false    |
      | 26 September 2024 | Accrual          | 0.23   | 0.0       | 0.23     | 0.0  | 0.0       | 0.0          | false    | false    |
      | 26 September 2024 | Accrual Activity | 0.23   | 0.0       | 0.23     | 0.0  | 0.0       | 0.0          | false    | false    |
  [32m✔[39m [32m[1mWhen [22mAdmin sets the business date to [1m"06 October 2024"[22m[39m                                                                                                                          [90m# org.apache.fineract.test.stepdef.common.BusinessDateStepDef.setBusinessDate(java.lang.String)[39m
  [32m✔[39m [32m[1mThen [22mCustomer makes [1m"MERCHANT_ISSUED_REFUND"[22m transaction with [1m"AUTOPAY"[22m payment type on [1m"06 October 2024"[22m with [1m8.13[22m EUR transaction amount and system-generated Idempotency key[39m [90m# org.apache.fineract.test.stepdef.loan.LoanStepDef.createTransactionWithAutoIdempotencyKey(java.lang.String,java.lang.String,java.lang.String,double)[39m
  [32m✔[39m [32m[1mThen [22mLoan has [1m0[22m outstanding amount[39m                                                                                                                                              [90m# org.apache.fineract.test.stepdef.loan.LoanStepDef.loanOutstanding(double)[39m
  [32m✔[39m [32m[1mThen [22mLoan status will be [1m"OVERPAID"[22m[39m                                                                                                                                             [90m# org.apache.fineract.test.stepdef.loan.LoanStepDef.loanStatus(java.lang.String)[39m
  [32m✔[39m [32m[1mThen [22mLoan has [1m8.14[22m overpaid amount[39m                                                                                                                                              [90m# org.apache.fineract.test.stepdef.loan.LoanStepDef.loanOverpaid(double)[39m
  [32m✔[39m [32m[1mThen [22mLoan Repayment schedule has [1m3[22m periods, with the following data for periods:[39m                                                                                                [90m# org.apache.fineract.test.stepdef.loan.LoanStepDef.loanRepaymentSchedulePeriodsCheck(int,io.cucumber.datatable.DataTable)[39m
      | Nr | Days | Date              | Paid date         | Balance of loan | Principal due | Interest | Fees | Penalties | Due   | Paid  | In advance | Late | Outstanding |
      |    |      | 24 September 2024 |                   | 116.89          |               |          | 0.0  |           | 0.0   | 0.0   |            |      |             |
      | 1  | 30   | 24 October 2024   | 26 September 2024 | 75.8            | 41.09         | 0.23     | 0.0  | 0.0       | 41.32 | 41.32 | 41.32      | 0.0  | 0.0         |
      | 2  | 31   | 24 November 2024  | 26 September 2024 | 34.48           | 41.32         | 0.0      | 0.0  | 0.0       | 41.32 | 41.32 | 41.32      | 0.0  | 0.0         |
      | 3  | 30   | 24 December 2024  | 26 September 2024 | 0.0             | 34.48         | 0.0      | 0.0  | 0.0       | 34.48 | 34.48 | 34.48      | 0.0  | 0.0         |
  [32m✔[39m [32m[1mAnd [22mLoan Repayment schedule has the following data in Total row:[39m                                                                                                                [90m# org.apache.fineract.test.stepdef.loan.LoanStepDef.loanRepaymentScheduleAmountCheck(io.cucumber.datatable.DataTable)[39m
      | Principal due | Interest | Fees | Penalties | Due    | Paid   | In advance | Late | Outstanding |
      | 116.89        | 0.23     | 0.0  | 0.0       | 117.12 | 117.12 | 117.12     | 0.0  | 0.0         |
  [32m✔[39m [32m[1mAnd [22mLoan Transactions tab has the following data:[39m                                                                                                                               [90m# org.apache.fineract.test.stepdef.loan.LoanStepDef.loanTransactionsTabCheck(io.cucumber.datatable.DataTable)[39m
      | Transaction date  | Transaction Type       | Amount | Principal | Interest | Fees | Penalties | Loan Balance | Reverted | Replayed |
      | 24 September 2024 | Disbursement           | 116.89 | 0.0       | 0.0      | 0.0  | 0.0       | 116.89       | false    | false    |
      | 26 September 2024 | Repayment              | 117.12 | 116.89    | 0.23     | 0.0  | 0.0       | 0.0          | false    | false    |
      | 26 September 2024 | Accrual                | 0.23   | 0.0       | 0.23     | 0.0  | 0.0       | 0.0          | false    | false    |
      | 26 September 2024 | Accrual Activity       | 0.23   | 0.0       | 0.23     | 0.0  | 0.0       | 0.0          | false    | false    |
      | 06 October 2024   | Merchant Issued Refund | 8.13   | 0.0       | 0.0      | 0.0  | 0.0       | 0.0          | false    | false    |
      | 06 October 2024   | Interest Refund        | 0.01   | 0.0       | 0.0      | 0.0  | 0.0       | 0.0          | false    | false    |
  [32m✔[39m [32m[1mWhen [22mAdmin sets the business date to [1m"07 October 2024"[22m[39m                                                                                                                          [90m# org.apache.fineract.test.stepdef.common.BusinessDateStepDef.setBusinessDate(java.lang.String)[39m
  [32m✔[39m [32m[1mAnd [22mAdmin makes Credit Balance Refund transaction on [1m"07 October 2024"[22m with [1m8.14[22m EUR transaction amount[39m                                                                         [90m# org.apache.fineract.test.stepdef.loan.LoanStepDef.createCBR(java.lang.String,double)[39m
  [32m✔[39m [32m[1mThen [22mLoan is closed with zero outstanding balance and it's all installments have obligations met[39m                                                                                [90m# org.apache.fineract.test.stepdef.loan.LoanStepDef.loanClosedAndInstallmentsObligationsMet()[39m
  [32m✔[39m [32m[1mThen [22mLoan Repayment schedule has [1m3[22m periods, with the following data for periods:[39m                                                                                                [90m# org.apache.fineract.test.stepdef.loan.LoanStepDef.loanRepaymentSchedulePeriodsCheck(int,io.cucumber.datatable.DataTable)[39m
      | Nr | Days | Date              | Paid date         | Balance of loan | Principal due | Interest | Fees | Penalties | Due   | Paid  | In advance | Late | Outstanding |
      |    |      | 24 September 2024 |                   | 116.89          |               |          | 0.0  |           | 0.0   | 0.0   |            |      |             |
      | 1  | 30   | 24 October 2024   | 26 September 2024 | 75.8            | 41.09         | 0.23     | 0.0  | 0.0       | 41.32 | 41.32 | 41.32      | 0.0  | 0.0         |
      | 2  | 31   | 24 November 2024  | 26 September 2024 | 34.48           | 41.32         | 0.0      | 0.0  | 0.0       | 41.32 | 41.32 | 41.32      | 0.0  | 0.0         |
      | 3  | 30   | 24 December 2024  | 26 September 2024 | 0.0             | 34.48         | 0.0      | 0.0  | 0.0       | 34.48 | 34.48 | 34.48      | 0.0  | 0.0         |
  [32m✔[39m [32m[1mAnd [22mLoan Repayment schedule has the following data in Total row:[39m                                                                                                                [90m# org.apache.fineract.test.stepdef.loan.LoanStepDef.loanRepaymentScheduleAmountCheck(io.cucumber.datatable.DataTable)[39m
      | Principal due | Interest | Fees | Penalties | Due    | Paid   | In advance | Late | Outstanding |
      | 116.89        | 0.23     | 0.0  | 0.0       | 117.12 | 117.12 | 117.12     | 0.0  | 0.0         |
  [32m✔[39m [32m[1mAnd [22mLoan Transactions tab has the following data:[39m                                                                                                                               [90m# org.apache.fineract.test.stepdef.loan.LoanStepDef.loanTransactionsTabCheck(io.cucumber.datatable.DataTable)[39m
      | Transaction date  | Transaction Type       | Amount | Principal | Interest | Fees | Penalties | Loan Balance | Reverted | Replayed |
      | 24 September 2024 | Disbursement           | 116.89 | 0.0       | 0.0      | 0.0  | 0.0       | 116.89       | false    | false    |
      | 26 September 2024 | Accrual                | 0.23   | 0.0       | 0.23     | 0.0  | 0.0       | 0.0          | false    | false    |
      | 26 September 2024 | Repayment              | 117.12 | 116.89    | 0.23     | 0.0  | 0.0       | 0.0          | false    | false    |
      | 26 September 2024 | Accrual Activity       | 0.23   | 0.0       | 0.23     | 0.0  | 0.0       | 0.0          | false    | false    |
      | 06 October 2024   | Merchant Issued Refund | 8.13   | 0.0       | 0.0      | 0.0  | 0.0       | 0.0          | false    | false    |
      | 06 October 2024   | Interest Refund        | 0.01   | 0.0       | 0.0      | 0.0  | 0.0       | 0.0          | false    | false    |
      | 07 October 2024   | Credit Balance Refund  | 8.14   | 0.0       | 0.0      | 0.0  | 0.0       | 0.0          | false    | false    |
  [32m✔[39m [32m[1mWhen [22mAdmin sets the business date to [1m"30 October 2024"[22m[39m                                                                                                                          [90m# org.apache.fineract.test.stepdef.common.BusinessDateStepDef.setBusinessDate(java.lang.String)[39m
  [32m✔[39m [32m[1mWhen [22mAdmin creates and approves Loan reschedule with the following data:[39m                                                                                                        [90m# org.apache.fineract.test.stepdef.loan.LoanRescheduleStepDef.createAndApproveLoanReschedule(io.cucumber.datatable.DataTable)[39m
      | rescheduleFromDate | submittedOnDate | adjustedDueDate | graceOnPrincipal | graceOnInterest | extraTerms | newInterestRate |
      | 25 September 2024  | 30 October 2024 |                 |                  |                 |            | 25.99           |
  [32m✔[39m [32m[1mThen [22mLoan has [1m0[22m outstanding amount[39m                                                                                                                                              [90m# org.apache.fineract.test.stepdef.loan.LoanStepDef.loanOutstanding(double)[39m
  [32m✔[39m [32m[1mThen [22mLoan status will be [1m"OVERPAID"[22m[39m                                                                                                                                             [90m# org.apache.fineract.test.stepdef.loan.LoanStepDef.loanStatus(java.lang.String)[39m
  [32m✔[39m [32m[1mThen [22mLoan has [1m0.06[22m overpaid amount[39m                                                                                                                                              [90m# org.apache.fineract.test.stepdef.loan.LoanStepDef.loanOverpaid(double)[39m
  [32m✔[39m [32m[1mThen [22mLoan Repayment schedule has [1m3[22m periods, with the following data for periods:[39m                                                                                                [90m# org.apache.fineract.test.stepdef.loan.LoanStepDef.loanRepaymentSchedulePeriodsCheck(int,io.cucumber.datatable.DataTable)[39m
      | Nr | Days | Date              | Paid date         | Balance of loan | Principal due | Interest | Fees | Penalties | Due   | Paid  | In advance | Late | Outstanding |
      |    |      | 24 September 2024 |                   | 116.89          |               |          | 0.0  |           | 0.0   | 0.0   |            |      |             |
      | 1  | 30   | 24 October 2024   | 26 September 2024 | 76.4            | 40.49         | 0.17     | 0.0  | 0.0       | 40.66 | 40.66 | 40.66      | 0.0  | 0.0         |
      | 2  | 31   | 24 November 2024  | 26 September 2024 | 35.74           | 40.66         | 0.0      | 0.0  | 0.0       | 40.66 | 40.66 | 40.66      | 0.0  | 0.0         |
      | 3  | 30   | 24 December 2024  | 26 September 2024 | 0.0             | 35.74         | 0.0      | 0.0  | 0.0       | 35.74 | 35.74 | 35.74      | 0.0  | 0.0         |
  [32m✔[39m [32m[1mAnd [22mLoan Repayment schedule has the following data in Total row:[39m                                                                                                                [90m# org.apache.fineract.test.stepdef.loan.LoanStepDef.loanRepaymentScheduleAmountCheck(io.cucumber.datatable.DataTable)[39m
      | Principal due | Interest | Fees | Penalties | Due    | Paid   | In advance | Late | Outstanding |
      | 116.89        | 0.17     | 0.0  | 0.0       | 117.06 | 117.06 | 117.06     | 0.0  | 0.0         |
  [32m✔[39m [32m[1mAnd [22mLoan Transactions tab has the following data:[39m                                                                                                                               [90m# org.apache.fineract.test.stepdef.loan.LoanStepDef.loanTransactionsTabCheck(io.cucumber.datatable.DataTable)[39m
      | Transaction date  | Transaction Type       | Amount | Principal | Interest | Fees | Penalties | Loan Balance | Reverted | Replayed |
      | 24 September 2024 | Disbursement           | 116.89 | 0.0       | 0.0      | 0.0  | 0.0       | 116.89       | false    | false    |
      | 26 September 2024 | Accrual                | 0.23   | 0.0       | 0.23     | 0.0  | 0.0       | 0.0          | false    | false    |
      | 26 September 2024 | Repayment              | 117.12 | 116.89    | 0.17     | 0.0  | 0.0       | 0.0          | false    | true     |
      | 26 September 2024 | Accrual Activity       | 0.17   | 0.0       | 0.17     | 0.0  | 0.0       | 0.0          | false    | true     |
      | 06 October 2024   | Merchant Issued Refund | 8.13   | 0.0       | 0.0      | 0.0  | 0.0       | 0.0          | false    | false    |
      | 06 October 2024   | Interest Refund        | 0.01   | 0.0       | 0.0      | 0.0  | 0.0       | 0.0          | false    | false    |
      | 07 October 2024   | Credit Balance Refund  | 8.14   | 0.0       | 0.0      | 0.0  | 0.0       | 0.0          | false    | false    |
      | 30 October 2024   | Accrual Adjustment     | 0.06   | 0.0       | 0.06     | 0.0  | 0.0       | 0.0          | false    | false    |
  [32m✔[39m [32m[1mAnd [22mAdmin makes Credit Balance Refund transaction on [1m"30 October 2024"[22m with [1m0.06[22m EUR transaction amount[39m                                                                         [90m# org.apache.fineract.test.stepdef.loan.LoanStepDef.createCBR(java.lang.String,double)[39m
  [32m✔[39m [32m[1mThen [22mLoan is closed with zero outstanding balance and it's all installments have obligations met[39m                                                                                [90m# org.apache.fineract.test.stepdef.loan.LoanStepDef.loanClosedAndInstallmentsObligationsMet()[39m

@TestRailId:C4541
[1mScenario:[22m Verify PR and CBR with adjust interest afterwards outcomes with improper allocations on account - UC2                                                            [90m# fineract-e2e-tests-runner/src/test/resources/features/LoanMerchantIssuedRefund.feature:814[39m
  [32m✔[39m [32m[1mWhen [22mAdmin sets the business date to [1m"24 September 2024"[22m[39m                                                                                                               [90m# org.apache.fineract.test.stepdef.common.BusinessDateStepDef.setBusinessDate(java.lang.String)[39m
  [32m✔[39m [32m[1mAnd [22mAdmin creates a client with random data[39m                                                                                                                            [90m# org.apache.fineract.test.stepdef.common.ClientStepDef.createClientRandomFirstNameLastName()[39m
  [32m✔[39m [32m[1mAnd [22mAdmin creates a fully customized loan with the following data:[39m                                                                                                     [90m# org.apache.fineract.test.stepdef.loan.LoanStepDef.createFullyCustomizedLoan(io.cucumber.datatable.DataTable)[39m
      | LoanProduct                                                   | submitted on date | with Principal | ANNUAL interest rate % | interest type     | interest calculation period | amortization type  | loanTermFrequency | loanTermFrequencyType | repaymentEvery | repaymentFrequencyType | numberOfRepayments | graceOnPrincipalPayment | graceOnInterestPayment | interest free period | Payment strategy            |
      | LP2_ADV_CUSTOM_PMT_ALLOC_PROGRESSIVE_LOAN_SCHEDULE_HORIZONTAL | 24 September 2024 | 116.89         | 35.99                  | DECLINING_BALANCE | DAILY                       | EQUAL_INSTALLMENTS | 3                 | MONTHS                | 1              | MONTHS                 | 3                  | 0                       | 0                      | 0                    | ADVANCED_PAYMENT_ALLOCATION |
  [32m✔[39m [32m[1mAnd [22mAdmin successfully approves the loan on [1m"24 September 2024"[22m with [1m"116.89"[22m amount and expected disbursement date on [1m"24 September 2024"[22m[39m                             [90m# org.apache.fineract.test.stepdef.loan.LoanStepDef.approveLoan(java.lang.String,java.lang.String,java.lang.String)[39m
  [32m✔[39m [32m[1mAnd [22mAdmin successfully disburse the loan on [1m"24 September 2024"[22m with [1m"116.89"[22m EUR transaction amount[39m                                                                   [90m# org.apache.fineract.test.stepdef.loan.LoanStepDef.disburseLoan(java.lang.String,java.lang.String)[39m
  [32m✔[39m [32m[1mThen [22mLoan Repayment schedule has [1m3[22m periods, with the following data for periods:[39m                                                                                       [90m# org.apache.fineract.test.stepdef.loan.LoanStepDef.loanRepaymentSchedulePeriodsCheck(int,io.cucumber.datatable.DataTable)[39m
      | Nr | Days | Date              | Paid date | Balance of loan | Principal due | Interest | Fees | Penalties | Due   | Paid | In advance | Late | Outstanding |
      |    |      | 24 September 2024 |           | 116.89          |               |          | 0.0  |           | 0.0   | 0.0  |            |      |             |
      | 1  | 30   | 24 October 2024   |           | 79.08           | 37.81         | 3.51     | 0.0  | 0.0       | 41.32 | 0.0  | 0.0        | 0.0  | 41.32       |
      | 2  | 31   | 24 November 2024  |           | 40.13           | 38.95         | 2.37     | 0.0  | 0.0       | 41.32 | 0.0  | 0.0        | 0.0  | 41.32       |
      | 3  | 30   | 24 December 2024  |           | 0.0             | 40.13         | 1.2      | 0.0  | 0.0       | 41.33 | 0.0  | 0.0        | 0.0  | 41.33       |
  [32m✔[39m [32m[1mAnd [22mLoan Repayment schedule has the following data in Total row:[39m                                                                                                       [90m# org.apache.fineract.test.stepdef.loan.LoanStepDef.loanRepaymentScheduleAmountCheck(io.cucumber.datatable.DataTable)[39m
      | Principal due | Interest | Fees | Penalties | Due    | Paid | In advance | Late | Outstanding |
      | 116.89        | 7.08     | 0.0  | 0.0       | 123.97 | 0.0  | 0.0        | 0.0  | 123.97      |
  [32m✔[39m [32m[1mAnd [22mLoan Transactions tab has the following data:[39m                                                                                                                      [90m# org.apache.fineract.test.stepdef.loan.LoanStepDef.loanTransactionsTabCheck(io.cucumber.datatable.DataTable)[39m
      | Transaction date  | Transaction Type | Amount | Principal | Interest | Fees | Penalties | Loan Balance | Reverted | Replayed |
      | 24 September 2024 | Disbursement     | 116.89 | 0.0       | 0.0      | 0.0  | 0.0       | 116.89       | false    | false    |
  [32m✔[39m [32m[1mWhen [22mAdmin sets the business date to [1m"26 September 2024"[22m[39m                                                                                                               [90m# org.apache.fineract.test.stepdef.common.BusinessDateStepDef.setBusinessDate(java.lang.String)[39m
  [32m✔[39m [32m[1mAnd [22mCustomer makes [1m"REPAYMENT"[22m transaction with [1m"AUTOPAY"[22m payment type on [1m"26 September 2024"[22m with [1m117.12[22m EUR transaction amount and system-generated Idempotency key[39m  [90m# org.apache.fineract.test.stepdef.loan.LoanStepDef.createTransactionWithAutoIdempotencyKey(java.lang.String,java.lang.String,java.lang.String,double)[39m
  [32m✔[39m [32m[1mThen [22mLoan Repayment schedule has [1m3[22m periods, with the following data for periods:[39m                                                                                       [90m# org.apache.fineract.test.stepdef.loan.LoanStepDef.loanRepaymentSchedulePeriodsCheck(int,io.cucumber.datatable.DataTable)[39m
      | Nr | Days | Date              | Paid date         | Balance of loan | Principal due | Interest | Fees | Penalties | Due   | Paid  | In advance | Late | Outstanding |
      |    |      | 24 September 2024 |                   | 116.89          |               |          | 0.0  |           | 0.0   | 0.0   |            |      |             |
      | 1  | 30   | 24 October 2024   | 26 September 2024 | 75.8            | 41.09         | 0.23     | 0.0  | 0.0       | 41.32 | 41.32 | 41.32      | 0.0  | 0.0         |
      | 2  | 31   | 24 November 2024  | 26 September 2024 | 34.48           | 41.32         | 0.0      | 0.0  | 0.0       | 41.32 | 41.32 | 41.32      | 0.0  | 0.0         |
      | 3  | 30   | 24 December 2024  | 26 September 2024 | 0.0             | 34.48         | 0.0      | 0.0  | 0.0       | 34.48 | 34.48 | 34.48      | 0.0  | 0.0         |
  [32m✔[39m [32m[1mAnd [22mLoan Repayment schedule has the following data in Total row:[39m                                                                                                       [90m# org.apache.fineract.test.stepdef.loan.LoanStepDef.loanRepaymentScheduleAmountCheck(io.cucumber.datatable.DataTable)[39m
      | Principal due | Interest | Fees | Penalties | Due    | Paid   | In advance | Late | Outstanding |
      | 116.89        | 0.23     | 0.0  | 0.0       | 117.12 | 117.12 | 117.12     | 0.0  | 0.0         |
  [32m✔[39m [32m[1mAnd [22mLoan Transactions tab has the following data:[39m                                                                                                                      [90m# org.apache.fineract.test.stepdef.loan.LoanStepDef.loanTransactionsTabCheck(io.cucumber.datatable.DataTable)[39m
      | Transaction date  | Transaction Type | Amount | Principal | Interest | Fees | Penalties | Loan Balance | Reverted | Replayed |
      | 24 September 2024 | Disbursement     | 116.89 | 0.0       | 0.0      | 0.0  | 0.0       | 116.89       | false    | false    |
      | 26 September 2024 | Repayment        | 117.12 | 116.89    | 0.23     | 0.0  | 0.0       | 0.0          | false    | false    |
      | 26 September 2024 | Accrual          | 0.23   | 0.0       | 0.23     | 0.0  | 0.0       | 0.0          | false    | false    |
      | 26 September 2024 | Accrual Activity | 0.23   | 0.0       | 0.23     | 0.0  | 0.0       | 0.0          | false    | false    |
  [32m✔[39m [32m[1mWhen [22mAdmin sets the business date to [1m"06 October 2024"[22m[39m                                                                                                                 [90m# org.apache.fineract.test.stepdef.common.BusinessDateStepDef.setBusinessDate(java.lang.String)[39m
  [32m✔[39m [32m[1mWhen [22mCustomer makes [1m"PAYOUT_REFUND"[22m transaction with [1m"AUTOPAY"[22m payment type on [1m"06 October 2024"[22m with [1m8.13[22m EUR transaction amount and system-generated Idempotency key[39m [90m# org.apache.fineract.test.stepdef.loan.LoanStepDef.createTransactionWithAutoIdempotencyKey(java.lang.String,java.lang.String,java.lang.String,double)[39m
  [32m✔[39m [32m[1mThen [22mLoan has [1m0[22m outstanding amount[39m                                                                                                                                     [90m# org.apache.fineract.test.stepdef.loan.LoanStepDef.loanOutstanding(double)[39m
  [32m✔[39m [32m[1mThen [22mLoan status will be [1m"OVERPAID"[22m[39m                                                                                                                                    [90m# org.apache.fineract.test.stepdef.loan.LoanStepDef.loanStatus(java.lang.String)[39m
  [32m✔[39m [32m[1mThen [22mLoan has [1m8.14[22m overpaid amount[39m                                                                                                                                     [90m# org.apache.fineract.test.stepdef.loan.LoanStepDef.loanOverpaid(double)[39m
  [32m✔[39m [32m[1mThen [22mLoan Repayment schedule has [1m3[22m periods, with the following data for periods:[39m                                                                                       [90m# org.apache.fineract.test.stepdef.loan.LoanStepDef.loanRepaymentSchedulePeriodsCheck(int,io.cucumber.datatable.DataTable)[39m
      | Nr | Days | Date              | Paid date         | Balance of loan | Principal due | Interest | Fees | Penalties | Due   | Paid  | In advance | Late | Outstanding |
      |    |      | 24 September 2024 |                   | 116.89          |               |          | 0.0  |           | 0.0   | 0.0   |            |      |             |
      | 1  | 30   | 24 October 2024   | 26 September 2024 | 75.8            | 41.09         | 0.23     | 0.0  | 0.0       | 41.32 | 41.32 | 41.32      | 0.0  | 0.0         |
      | 2  | 31   | 24 November 2024  | 26 September 2024 | 34.48           | 41.32         | 0.0      | 0.0  | 0.0       | 41.32 | 41.32 | 41.32      | 0.0  | 0.0         |
      | 3  | 30   | 24 December 2024  | 26 September 2024 | 0.0             | 34.48         | 0.0      | 0.0  | 0.0       | 34.48 | 34.48 | 34.48      | 0.0  | 0.0         |
  [32m✔[39m [32m[1mAnd [22mLoan Repayment schedule has the following data in Total row:[39m                                                                                                       [90m# org.apache.fineract.test.stepdef.loan.LoanStepDef.loanRepaymentScheduleAmountCheck(io.cucumber.datatable.DataTable)[39m
      | Principal due | Interest | Fees | Penalties | Due    | Paid   | In advance | Late | Outstanding |
      | 116.89        | 0.23     | 0.0  | 0.0       | 117.12 | 117.12 | 117.12     | 0.0  | 0.0         |
  [32m✔[39m [32m[1mAnd [22mLoan Transactions tab has the following data:[39m                                                                                                                      [90m# org.apache.fineract.test.stepdef.loan.LoanStepDef.loanTransactionsTabCheck(io.cucumber.datatable.DataTable)[39m
      | Transaction date  | Transaction Type | Amount | Principal | Interest | Fees | Penalties | Loan Balance | Reverted | Replayed |
      | 24 September 2024 | Disbursement     | 116.89 | 0.0       | 0.0      | 0.0  | 0.0       | 116.89       | false    | false    |
      | 26 September 2024 | Repayment        | 117.12 | 116.89    | 0.23     | 0.0  | 0.0       | 0.0          | false    | false    |
      | 26 September 2024 | Accrual          | 0.23   | 0.0       | 0.23     | 0.0  | 0.0       | 0.0          | false    | false    |
      | 26 September 2024 | Accrual Activity | 0.23   | 0.0       | 0.23     | 0.0  | 0.0       | 0.0          | false    | false    |
      | 06 October 2024   | Payout Refund    | 8.13   | 0.0       | 0.0      | 0.0  | 0.0       | 0.0          | false    | false    |
      | 06 October 2024   | Interest Refund  | 0.01   | 0.0       | 0.0      | 0.0  | 0.0       | 0.0          | false    | false    |
  [32m✔[39m [32m[1mWhen [22mAdmin sets the business date to [1m"07 October 2024"[22m[39m                                                                                                                 [90m# org.apache.fineract.test.stepdef.common.BusinessDateStepDef.setBusinessDate(java.lang.String)[39m
  [32m✔[39m [32m[1mAnd [22mAdmin makes Credit Balance Refund transaction on [1m"07 October 2024"[22m with [1m8.14[22m EUR transaction amount[39m                                                                [90m# org.apache.fineract.test.stepdef.loan.LoanStepDef.createCBR(java.lang.String,double)[39m
  [32m✔[39m [32m[1mThen [22mLoan is closed with zero outstanding balance and it's all installments have obligations met[39m                                                                       [90m# org.apache.fineract.test.stepdef.loan.LoanStepDef.loanClosedAndInstallmentsObligationsMet()[39m
  [32m✔[39m [32m[1mThen [22mLoan Repayment schedule has [1m3[22m periods, with the following data for periods:[39m                                                                                       [90m# org.apache.fineract.test.stepdef.loan.LoanStepDef.loanRepaymentSchedulePeriodsCheck(int,io.cucumber.datatable.DataTable)[39m
      | Nr | Days | Date              | Paid date         | Balance of loan | Principal due | Interest | Fees | Penalties | Due   | Paid  | In advance | Late | Outstanding |
      |    |      | 24 September 2024 |                   | 116.89          |               |          | 0.0  |           | 0.0   | 0.0   |            |      |             |
      | 1  | 30   | 24 October 2024   | 26 September 2024 | 75.8            | 41.09         | 0.23     | 0.0  | 0.0       | 41.32 | 41.32 | 41.32      | 0.0  | 0.0         |
      | 2  | 31   | 24 November 2024  | 26 September 2024 | 34.48           | 41.32         | 0.0      | 0.0  | 0.0       | 41.32 | 41.32 | 41.32      | 0.0  | 0.0         |
      | 3  | 30   | 24 December 2024  | 26 September 2024 | 0.0             | 34.48         | 0.0      | 0.0  | 0.0       | 34.48 | 34.48 | 34.48      | 0.0  | 0.0         |
  [32m✔[39m [32m[1mAnd [22mLoan Repayment schedule has the following data in Total row:[39m                                                                                                       [90m# org.apache.fineract.test.stepdef.loan.LoanStepDef.loanRepaymentScheduleAmountCheck(io.cucumber.datatable.DataTable)[39m
      | Principal due | Interest | Fees | Penalties | Due    | Paid   | In advance | Late | Outstanding |
      | 116.89        | 0.23     | 0.0  | 0.0       | 117.12 | 117.12 | 117.12     | 0.0  | 0.0         |
  [32m✔[39m [32m[1mAnd [22mLoan Transactions tab has the following data:[39m                                                                                                                      [90m# org.apache.fineract.test.stepdef.loan.LoanStepDef.loanTransactionsTabCheck(io.cucumber.datatable.DataTable)[39m
      | Transaction date  | Transaction Type      | Amount | Principal | Interest | Fees | Penalties | Loan Balance | Reverted | Replayed |
      | 24 September 2024 | Disbursement          | 116.89 | 0.0       | 0.0      | 0.0  | 0.0       | 116.89       | false    | false    |
      | 26 September 2024 | Accrual               | 0.23   | 0.0       | 0.23     | 0.0  | 0.0       | 0.0          | false    | false    |
      | 26 September 2024 | Repayment             | 117.12 | 116.89    | 0.23     | 0.0  | 0.0       | 0.0          | false    | false    |
      | 26 September 2024 | Accrual Activity      | 0.23   | 0.0       | 0.23     | 0.0  | 0.0       | 0.0          | false    | false    |
      | 06 October 2024   | Payout Refund         | 8.13   | 0.0       | 0.0      | 0.0  | 0.0       | 0.0          | false    | false    |
      | 06 October 2024   | Interest Refund       | 0.01   | 0.0       | 0.0      | 0.0  | 0.0       | 0.0          | false    | false    |
      | 07 October 2024   | Credit Balance Refund | 8.14   | 0.0       | 0.0      | 0.0  | 0.0       | 0.0          | false    | false    |
  [32m✔[39m [32m[1mWhen [22mAdmin sets the business date to [1m"30 October 2024"[22m[39m                                                                                                                 [90m# org.apache.fineract.test.stepdef.common.BusinessDateStepDef.setBusinessDate(java.lang.String)[39m
  [32m✔[39m [32m[1mWhen [22mAdmin creates and approves Loan reschedule with the following data:[39m                                                                                               [90m# org.apache.fineract.test.stepdef.loan.LoanRescheduleStepDef.createAndApproveLoanReschedule(io.cucumber.datatable.DataTable)[39m
      | rescheduleFromDate | submittedOnDate | adjustedDueDate | graceOnPrincipal | graceOnInterest | extraTerms | newInterestRate |
      | 25 September 2024  | 30 October 2024 |                 |                  |                 |            | 25.99           |
  [32m✔[39m [32m[1mThen [22mLoan has [1m0[22m outstanding amount[39m                                                                                                                                     [90m# org.apache.fineract.test.stepdef.loan.LoanStepDef.loanOutstanding(double)[39m
  [32m✔[39m [32m[1mThen [22mLoan status will be [1m"OVERPAID"[22m[39m                                                                                                                                    [90m# org.apache.fineract.test.stepdef.loan.LoanStepDef.loanStatus(java.lang.String)[39m
  [32m✔[39m [32m[1mThen [22mLoan has [1m0.06[22m overpaid amount[39m                                                                                                                                     [90m# org.apache.fineract.test.stepdef.loan.LoanStepDef.loanOverpaid(double)[39m
  [32m✔[39m [32m[1mThen [22mLoan Repayment schedule has [1m3[22m periods, with the following data for periods:[39m                                                                                       [90m# org.apache.fineract.test.stepdef.loan.LoanStepDef.loanRepaymentSchedulePeriodsCheck(int,io.cucumber.datatable.DataTable)[39m
      | Nr | Days | Date              | Paid date         | Balance of loan | Principal due | Interest | Fees | Penalties | Due   | Paid  | In advance | Late | Outstanding |
      |    |      | 24 September 2024 |                   | 116.89          |               |          | 0.0  |           | 0.0   | 0.0   |            |      |             |
      | 1  | 30   | 24 October 2024   | 26 September 2024 | 76.4            | 40.49         | 0.17     | 0.0  | 0.0       | 40.66 | 40.66 | 40.66      | 0.0  | 0.0         |
      | 2  | 31   | 24 November 2024  | 26 September 2024 | 35.74           | 40.66         | 0.0      | 0.0  | 0.0       | 40.66 | 40.66 | 40.66      | 0.0  | 0.0         |
      | 3  | 30   | 24 December 2024  | 26 September 2024 | 0.0             | 35.74         | 0.0      | 0.0  | 0.0       | 35.74 | 35.74 | 35.74      | 0.0  | 0.0         |
  [32m✔[39m [32m[1mAnd [22mLoan Repayment schedule has the following data in Total row:[39m                                                                                                       [90m# org.apache.fineract.test.stepdef.loan.LoanStepDef.loanRepaymentScheduleAmountCheck(io.cucumber.datatable.DataTable)[39m
      | Principal due | Interest | Fees | Penalties | Due    | Paid   | In advance | Late | Outstanding |
      | 116.89        | 0.17     | 0.0  | 0.0       | 117.06 | 117.06 | 117.06     | 0.0  | 0.0         |
  [32m✔[39m [32m[1mAnd [22mLoan Transactions tab has the following data:[39m                                                                                                                      [90m# org.apache.fineract.test.stepdef.loan.LoanStepDef.loanTransactionsTabCheck(io.cucumber.datatable.DataTable)[39m
      | Transaction date  | Transaction Type      | Amount | Principal | Interest | Fees | Penalties | Loan Balance | Reverted | Replayed |
      | 24 September 2024 | Disbursement          | 116.89 | 0.0       | 0.0      | 0.0  | 0.0       | 116.89       | false    | false    |
      | 26 September 2024 | Accrual               | 0.23   | 0.0       | 0.23     | 0.0  | 0.0       | 0.0          | false    | false    |
      | 26 September 2024 | Repayment             | 117.12 | 116.89    | 0.17     | 0.0  | 0.0       | 0.0          | false    | true     |
      | 26 September 2024 | Accrual Activity      | 0.17   | 0.0       | 0.17     | 0.0  | 0.0       | 0.0          | false    | true     |
      | 06 October 2024   | Payout Refund         | 8.13   | 0.0       | 0.0      | 0.0  | 0.0       | 0.0          | false    | false    |
      | 06 October 2024   | Interest Refund       | 0.01   | 0.0       | 0.0      | 0.0  | 0.0       | 0.0          | false    | false    |
      | 07 October 2024   | Credit Balance Refund | 8.14   | 0.0       | 0.0      | 0.0  | 0.0       | 0.0          | false    | false    |
      | 30 October 2024   | Accrual Adjustment    | 0.06   | 0.0       | 0.06     | 0.0  | 0.0       | 0.0          | false    | false    |
  [32m✔[39m [32m[1mAnd [22mAdmin makes Credit Balance Refund transaction on [1m"30 October 2024"[22m with [1m0.06[22m EUR transaction amount[39m                                                                [90m# org.apache.fineract.test.stepdef.loan.LoanStepDef.createCBR(java.lang.String,double)[39m
  [32m✔[39m [32m[1mThen [22mLoan is closed with zero outstanding balance and it's all installments have obligations met[39m                                                                       [90m# org.apache.fineract.test.stepdef.loan.LoanStepDef.loanClosedAndInstallmentsObligationsMet()[39m

@TestRailId:C4571
[1mScenario:[22m Verify Goodwill Credit and CBR with adjust interest afterwards outcomes with improper allocations on account - UC3                                              [90m# fineract-e2e-tests-runner/src/test/resources/features/LoanMerchantIssuedRefund.feature:928[39m
  [32m✔[39m [32m[1mWhen [22mAdmin sets the business date to [1m"24 September 2024"[22m[39m                                                                                                              [90m# org.apache.fineract.test.stepdef.common.BusinessDateStepDef.setBusinessDate(java.lang.String)[39m
  [32m✔[39m [32m[1mAnd [22mAdmin creates a client with random data[39m                                                                                                                           [90m# org.apache.fineract.test.stepdef.common.ClientStepDef.createClientRandomFirstNameLastName()[39m
  [32m✔[39m [32m[1mAnd [22mAdmin creates a fully customized loan with the following data:[39m                                                                                                    [90m# org.apache.fineract.test.stepdef.loan.LoanStepDef.createFullyCustomizedLoan(io.cucumber.datatable.DataTable)[39m
      | LoanProduct                                                   | submitted on date | with Principal | ANNUAL interest rate % | interest type     | interest calculation period | amortization type  | loanTermFrequency | loanTermFrequencyType | repaymentEvery | repaymentFrequencyType | numberOfRepayments | graceOnPrincipalPayment | graceOnInterestPayment | interest free period | Payment strategy            |
      | LP2_ADV_CUSTOM_PMT_ALLOC_PROGRESSIVE_LOAN_SCHEDULE_HORIZONTAL | 24 September 2024 | 116.89         | 35.99                  | DECLINING_BALANCE | DAILY                       | EQUAL_INSTALLMENTS | 3                 | MONTHS                | 1              | MONTHS                 | 3                  | 0                       | 0                      | 0                    | ADVANCED_PAYMENT_ALLOCATION |
  [32m✔[39m [32m[1mAnd [22mAdmin successfully approves the loan on [1m"24 September 2024"[22m with [1m"116.89"[22m amount and expected disbursement date on [1m"24 September 2024"[22m[39m                            [90m# org.apache.fineract.test.stepdef.loan.LoanStepDef.approveLoan(java.lang.String,java.lang.String,java.lang.String)[39m
  [32m✔[39m [32m[1mAnd [22mAdmin successfully disburse the loan on [1m"24 September 2024"[22m with [1m"116.89"[22m EUR transaction amount[39m                                                                  [90m# org.apache.fineract.test.stepdef.loan.LoanStepDef.disburseLoan(java.lang.String,java.lang.String)[39m
  [32m✔[39m [32m[1mThen [22mLoan Repayment schedule has [1m3[22m periods, with the following data for periods:[39m                                                                                      [90m# org.apache.fineract.test.stepdef.loan.LoanStepDef.loanRepaymentSchedulePeriodsCheck(int,io.cucumber.datatable.DataTable)[39m
      | Nr | Days | Date              | Paid date | Balance of loan | Principal due | Interest | Fees | Penalties | Due   | Paid | In advance | Late | Outstanding |
      |    |      | 24 September 2024 |           | 116.89          |               |          | 0.0  |           | 0.0   | 0.0  |            |      |             |
      | 1  | 30   | 24 October 2024   |           | 79.08           | 37.81         | 3.51     | 0.0  | 0.0       | 41.32 | 0.0  | 0.0        | 0.0  | 41.32       |
      | 2  | 31   | 24 November 2024  |           | 40.13           | 38.95         | 2.37     | 0.0  | 0.0       | 41.32 | 0.0  | 0.0        | 0.0  | 41.32       |
      | 3  | 30   | 24 December 2024  |           | 0.0             | 40.13         | 1.2      | 0.0  | 0.0       | 41.33 | 0.0  | 0.0        | 0.0  | 41.33       |
  [32m✔[39m [32m[1mAnd [22mLoan Repayment schedule has the following data in Total row:[39m                                                                                                      [90m# org.apache.fineract.test.stepdef.loan.LoanStepDef.loanRepaymentScheduleAmountCheck(io.cucumber.datatable.DataTable)[39m
      | Principal due | Interest | Fees | Penalties | Due    | Paid | In advance | Late | Outstanding |
      | 116.89        | 7.08     | 0.0  | 0.0       | 123.97 | 0.0  | 0.0        | 0.0  | 123.97      |
  [32m✔[39m [32m[1mAnd [22mLoan Transactions tab has the following data:[39m                                                                                                                     [90m# org.apache.fineract.test.stepdef.loan.LoanStepDef.loanTransactionsTabCheck(io.cucumber.datatable.DataTable)[39m
      | Transaction date  | Transaction Type | Amount | Principal | Interest | Fees | Penalties | Loan Balance | Reverted | Replayed |
      | 24 September 2024 | Disbursement     | 116.89 | 0.0       | 0.0      | 0.0  | 0.0       | 116.89       | false    | false    |
  [32m✔[39m [32m[1mWhen [22mAdmin sets the business date to [1m"26 September 2024"[22m[39m                                                                                                              [90m# org.apache.fineract.test.stepdef.common.BusinessDateStepDef.setBusinessDate(java.lang.String)[39m
  [32m✔[39m [32m[1mAnd [22mCustomer makes [1m"REPAYMENT"[22m transaction with [1m"AUTOPAY"[22m payment type on [1m"26 September 2024"[22m with [1m117.12[22m EUR transaction amount and system-generated Idempotency key[39m [90m# org.apache.fineract.test.stepdef.loan.LoanStepDef.createTransactionWithAutoIdempotencyKey(java.lang.String,java.lang.String,java.lang.String,double)[39m
  [32m✔[39m [32m[1mThen [22mLoan Repayment schedule has [1m3[22m periods, with the following data for periods:[39m                                                                                      [90m# org.apache.fineract.test.stepdef.loan.LoanStepDef.loanRepaymentSchedulePeriodsCheck(int,io.cucumber.datatable.DataTable)[39m
      | Nr | Days | Date              | Paid date         | Balance of loan | Principal due | Interest | Fees | Penalties | Due   | Paid  | In advance | Late | Outstanding |
      |    |      | 24 September 2024 |                   | 116.89          |               |          | 0.0  |           | 0.0   | 0.0   |            |      |             |
      | 1  | 30   | 24 October 2024   | 26 September 2024 | 75.8            | 41.09         | 0.23     | 0.0  | 0.0       | 41.32 | 41.32 | 41.32      | 0.0  | 0.0         |
      | 2  | 31   | 24 November 2024  | 26 September 2024 | 34.48           | 41.32         | 0.0      | 0.0  | 0.0       | 41.32 | 41.32 | 41.32      | 0.0  | 0.0         |
      | 3  | 30   | 24 December 2024  | 26 September 2024 | 0.0             | 34.48         | 0.0      | 0.0  | 0.0       | 34.48 | 34.48 | 34.48      | 0.0  | 0.0         |
  [32m✔[39m [32m[1mAnd [22mLoan Repayment schedule has the following data in Total row:[39m                                                                                                      [90m# org.apache.fineract.test.stepdef.loan.LoanStepDef.loanRepaymentScheduleAmountCheck(io.cucumber.datatable.DataTable)[39m
      | Principal due | Interest | Fees | Penalties | Due    | Paid   | In advance | Late | Outstanding |
      | 116.89        | 0.23     | 0.0  | 0.0       | 117.12 | 117.12 | 117.12     | 0.0  | 0.0         |
  [32m✔[39m [32m[1mAnd [22mLoan Transactions tab has the following data:[39m                                                                                                                     [90m# org.apache.fineract.test.stepdef.loan.LoanStepDef.loanTransactionsTabCheck(io.cucumber.datatable.DataTable)[39m
      | Transaction date  | Transaction Type | Amount | Principal | Interest | Fees | Penalties | Loan Balance | Reverted | Replayed |
      | 24 September 2024 | Disbursement     | 116.89 | 0.0       | 0.0      | 0.0  | 0.0       | 116.89       | false    | false    |
      | 26 September 2024 | Repayment        | 117.12 | 116.89    | 0.23     | 0.0  | 0.0       | 0.0          | false    | false    |
      | 26 September 2024 | Accrual          | 0.23   | 0.0       | 0.23     | 0.0  | 0.0       | 0.0          | false    | false    |
      | 26 September 2024 | Accrual Activity | 0.23   | 0.0       | 0.23     | 0.0  | 0.0       | 0.0          | false    | false    |
  [32m✔[39m [32m[1mWhen [22mAdmin sets the business date to [1m"06 October 2024"[22m[39m                                                                                                                [90m# org.apache.fineract.test.stepdef.common.BusinessDateStepDef.setBusinessDate(java.lang.String)[39m
  [32m✔[39m [32m[1mWhen [22mAdmin makes [1m"GOODWILL_CREDIT"[22m transaction with [1m"AUTOPAY"[22m payment type on [1m"06 October 2024"[22m with [1m8.13[22m EUR transaction amount[39m                                      [90m# org.apache.fineract.test.stepdef.loan.LoanStepDef.createTransactionForRefund(java.lang.String,java.lang.String,java.lang.String,double)[39m
  [32m✔[39m [32m[1mThen [22mLoan has [1m0[22m outstanding amount[39m                                                                                                                                    [90m# org.apache.fineract.test.stepdef.loan.LoanStepDef.loanOutstanding(double)[39m
  [32m✔[39m [32m[1mThen [22mLoan status will be [1m"OVERPAID"[22m[39m                                                                                                                                   [90m# org.apache.fineract.test.stepdef.loan.LoanStepDef.loanStatus(java.lang.String)[39m
  [32m✔[39m [32m[1mThen [22mLoan has [1m8.13[22m overpaid amount[39m                                                                                                                                    [90m# org.apache.fineract.test.stepdef.loan.LoanStepDef.loanOverpaid(double)[39m
  [32m✔[39m [32m[1mThen [22mLoan Repayment schedule has [1m3[22m periods, with the following data for periods:[39m                                                                                      [90m# org.apache.fineract.test.stepdef.loan.LoanStepDef.loanRepaymentSchedulePeriodsCheck(int,io.cucumber.datatable.DataTable)[39m
      | Nr | Days | Date              | Paid date         | Balance of loan | Principal due | Interest | Fees | Penalties | Due   | Paid  | In advance | Late | Outstanding |
      |    |      | 24 September 2024 |                   | 116.89          |               |          | 0.0  |           | 0.0   | 0.0   |            |      |             |
      | 1  | 30   | 24 October 2024   | 26 September 2024 | 75.8            | 41.09         | 0.23     | 0.0  | 0.0       | 41.32 | 41.32 | 41.32      | 0.0  | 0.0         |
      | 2  | 31   | 24 November 2024  | 26 September 2024 | 34.48           | 41.32         | 0.0      | 0.0  | 0.0       | 41.32 | 41.32 | 41.32      | 0.0  | 0.0         |
      | 3  | 30   | 24 December 2024  | 26 September 2024 | 0.0             | 34.48         | 0.0      | 0.0  | 0.0       | 34.48 | 34.48 | 34.48      | 0.0  | 0.0         |
  [32m✔[39m [32m[1mAnd [22mLoan Repayment schedule has the following data in Total row:[39m                                                                                                      [90m# org.apache.fineract.test.stepdef.loan.LoanStepDef.loanRepaymentScheduleAmountCheck(io.cucumber.datatable.DataTable)[39m
      | Principal due | Interest | Fees | Penalties | Due    | Paid   | In advance | Late | Outstanding |
      | 116.89        | 0.23     | 0.0  | 0.0       | 117.12 | 117.12 | 117.12     | 0.0  | 0.0         |
  [32m✔[39m [32m[1mAnd [22mLoan Transactions tab has the following data:[39m                                                                                                                     [90m# org.apache.fineract.test.stepdef.loan.LoanStepDef.loanTransactionsTabCheck(io.cucumber.datatable.DataTable)[39m
      | Transaction date  | Transaction Type | Amount | Principal | Interest | Fees | Penalties | Loan Balance | Reverted | Replayed |
      | 24 September 2024 | Disbursement     | 116.89 | 0.0       | 0.0      | 0.0  | 0.0       | 116.89       | false    | false    |
      | 26 September 2024 | Repayment        | 117.12 | 116.89    | 0.23     | 0.0  | 0.0       | 0.0          | false    | false    |
      | 26 September 2024 | Accrual          | 0.23   | 0.0       | 0.23     | 0.0  | 0.0       | 0.0          | false    | false    |
      | 26 September 2024 | Accrual Activity | 0.23   | 0.0       | 0.23     | 0.0  | 0.0       | 0.0          | false    | false    |
      | 06 October 2024   | Goodwill Credit  | 8.13   | 0.0       | 0.0      | 0.0  | 0.0       | 0.0          | false    | false    |
  [32m✔[39m [32m[1mWhen [22mAdmin sets the business date to [1m"07 October 2024"[22m[39m                                                                                                                [90m# org.apache.fineract.test.stepdef.common.BusinessDateStepDef.setBusinessDate(java.lang.String)[39m
  [32m✔[39m [32m[1mAnd [22mAdmin makes Credit Balance Refund transaction on [1m"07 October 2024"[22m with [1m8.13[22m EUR transaction amount[39m                                                               [90m# org.apache.fineract.test.stepdef.loan.LoanStepDef.createCBR(java.lang.String,double)[39m
  [32m✔[39m [32m[1mThen [22mLoan is closed with zero outstanding balance and it's all installments have obligations met[39m                                                                      [90m# org.apache.fineract.test.stepdef.loan.LoanStepDef.loanClosedAndInstallmentsObligationsMet()[39m
  [32m✔[39m [32m[1mThen [22mLoan Repayment schedule has [1m3[22m periods, with the following data for periods:[39m                                                                                      [90m# org.apache.fineract.test.stepdef.loan.LoanStepDef.loanRepaymentSchedulePeriodsCheck(int,io.cucumber.datatable.DataTable)[39m
      | Nr | Days | Date              | Paid date         | Balance of loan | Principal due | Interest | Fees | Penalties | Due   | Paid  | In advance | Late | Outstanding |
      |    |      | 24 September 2024 |                   | 116.89          |               |          | 0.0  |           | 0.0   | 0.0   |            |      |             |
      | 1  | 30   | 24 October 2024   | 26 September 2024 | 75.8            | 41.09         | 0.23     | 0.0  | 0.0       | 41.32 | 41.32 | 41.32      | 0.0  | 0.0         |
      | 2  | 31   | 24 November 2024  | 26 September 2024 | 34.48           | 41.32         | 0.0      | 0.0  | 0.0       | 41.32 | 41.32 | 41.32      | 0.0  | 0.0         |
      | 3  | 30   | 24 December 2024  | 26 September 2024 | 0.0             | 34.48         | 0.0      | 0.0  | 0.0       | 34.48 | 34.48 | 34.48      | 0.0  | 0.0         |
  [32m✔[39m [32m[1mAnd [22mLoan Repayment schedule has the following data in Total row:[39m                                                                                                      [90m# org.apache.fineract.test.stepdef.loan.LoanStepDef.loanRepaymentScheduleAmountCheck(io.cucumber.datatable.DataTable)[39m
      | Principal due | Interest | Fees | Penalties | Due    | Paid   | In advance | Late | Outstanding |
      | 116.89        | 0.23     | 0.0  | 0.0       | 117.12 | 117.12 | 117.12     | 0.0  | 0.0         |
  [32m✔[39m [32m[1mAnd [22mLoan Transactions tab has the following data:[39m                                                                                                                     [90m# org.apache.fineract.test.stepdef.loan.LoanStepDef.loanTransactionsTabCheck(io.cucumber.datatable.DataTable)[39m
      | Transaction date  | Transaction Type      | Amount | Principal | Interest | Fees | Penalties | Loan Balance | Reverted | Replayed |
      | 24 September 2024 | Disbursement          | 116.89 | 0.0       | 0.0      | 0.0  | 0.0       | 116.89       | false    | false    |
      | 26 September 2024 | Accrual               | 0.23   | 0.0       | 0.23     | 0.0  | 0.0       | 0.0          | false    | false    |
      | 26 September 2024 | Repayment             | 117.12 | 116.89    | 0.23     | 0.0  | 0.0       | 0.0          | false    | false    |
      | 26 September 2024 | Accrual Activity      | 0.23   | 0.0       | 0.23     | 0.0  | 0.0       | 0.0          | false    | false    |
      | 06 October 2024   | Goodwill Credit       | 8.13   | 0.0       | 0.0      | 0.0  | 0.0       | 0.0          | false    | false    |
      | 07 October 2024   | Credit Balance Refund | 8.13   | 0.0       | 0.0      | 0.0  | 0.0       | 0.0          | false    | false    |
  [32m✔[39m [32m[1mWhen [22mAdmin sets the business date to [1m"30 October 2024"[22m[39m                                                                                                                [90m# org.apache.fineract.test.stepdef.common.BusinessDateStepDef.setBusinessDate(java.lang.String)[39m
  [32m✔[39m [32m[1mWhen [22mAdmin creates and approves Loan reschedule with the following data:[39m                                                                                              [90m# org.apache.fineract.test.stepdef.loan.LoanRescheduleStepDef.createAndApproveLoanReschedule(io.cucumber.datatable.DataTable)[39m
      | rescheduleFromDate | submittedOnDate | adjustedDueDate | graceOnPrincipal | graceOnInterest | extraTerms | newInterestRate |
      | 25 September 2024  | 30 October 2024 |                 |                  |                 |            | 25.99           |
  [32m✔[39m [32m[1mThen [22mLoan has [1m0[22m outstanding amount[39m                                                                                                                                    [90m# org.apache.fineract.test.stepdef.loan.LoanStepDef.loanOutstanding(double)[39m
  [32m✔[39m [32m[1mThen [22mLoan status will be [1m"OVERPAID"[22m[39m                                                                                                                                   [90m# org.apache.fineract.test.stepdef.loan.LoanStepDef.loanStatus(java.lang.String)[39m
  [32m✔[39m [32m[1mThen [22mLoan has [1m0.06[22m overpaid amount[39m                                                                                                                                    [90m# org.apache.fineract.test.stepdef.loan.LoanStepDef.loanOverpaid(double)[39m
  [32m✔[39m [32m[1mThen [22mLoan Repayment schedule has [1m3[22m periods, with the following data for periods:[39m                                                                                      [90m# org.apache.fineract.test.stepdef.loan.LoanStepDef.loanRepaymentSchedulePeriodsCheck(int,io.cucumber.datatable.DataTable)[39m
      | Nr | Days | Date              | Paid date         | Balance of loan | Principal due | Interest | Fees | Penalties | Due   | Paid  | In advance | Late | Outstanding |
      |    |      | 24 September 2024 |                   | 116.89          |               |          | 0.0  |           | 0.0   | 0.0   |            |      |             |
      | 1  | 30   | 24 October 2024   | 26 September 2024 | 76.4            | 40.49         | 0.17     | 0.0  | 0.0       | 40.66 | 40.66 | 40.66      | 0.0  | 0.0         |
      | 2  | 31   | 24 November 2024  | 26 September 2024 | 35.74           | 40.66         | 0.0      | 0.0  | 0.0       | 40.66 | 40.66 | 40.66      | 0.0  | 0.0         |
      | 3  | 30   | 24 December 2024  | 26 September 2024 | 0.0             | 35.74         | 0.0      | 0.0  | 0.0       | 35.74 | 35.74 | 35.74      | 0.0  | 0.0         |
  [32m✔[39m [32m[1mAnd [22mLoan Repayment schedule has the following data in Total row:[39m                                                                                                      [90m# org.apache.fineract.test.stepdef.loan.LoanStepDef.loanRepaymentScheduleAmountCheck(io.cucumber.datatable.DataTable)[39m
      | Principal due | Interest | Fees | Penalties | Due    | Paid   | In advance | Late | Outstanding |
      | 116.89        | 0.17     | 0.0  | 0.0       | 117.06 | 117.06 | 117.06     | 0.0  | 0.0         |
  [32m✔[39m [32m[1mAnd [22mLoan Transactions tab has the following data:[39m                                                                                                                     [90m# org.apache.fineract.test.stepdef.loan.LoanStepDef.loanTransactionsTabCheck(io.cucumber.datatable.DataTable)[39m
      | Transaction date  | Transaction Type      | Amount | Principal | Interest | Fees | Penalties | Loan Balance | Reverted | Replayed |
      | 24 September 2024 | Disbursement          | 116.89 | 0.0       | 0.0      | 0.0  | 0.0       | 116.89       | false    | false    |
      | 26 September 2024 | Accrual               | 0.23   | 0.0       | 0.23     | 0.0  | 0.0       | 0.0          | false    | false    |
      | 26 September 2024 | Repayment             | 117.12 | 116.89    | 0.17     | 0.0  | 0.0       | 0.0          | false    | true     |
      | 26 September 2024 | Accrual Activity      | 0.17   | 0.0       | 0.17     | 0.0  | 0.0       | 0.0          | false    | true     |
      | 06 October 2024   | Goodwill Credit       | 8.13   | 0.0       | 0.0      | 0.0  | 0.0       | 0.0          | false    | false    |
      | 07 October 2024   | Credit Balance Refund | 8.13   | 0.0       | 0.0      | 0.0  | 0.0       | 0.0          | false    | false    |
      | 30 October 2024   | Accrual Adjustment    | 0.06   | 0.0       | 0.06     | 0.0  | 0.0       | 0.0          | false    | false    |
  [32m✔[39m [32m[1mAnd [22mAdmin makes Credit Balance Refund transaction on [1m"30 October 2024"[22m with [1m0.06[22m EUR transaction amount[39m                                                               [90m# org.apache.fineract.test.stepdef.loan.LoanStepDef.createCBR(java.lang.String,double)[39m
  [32m✔[39m [32m[1mThen [22mLoan is closed with zero outstanding balance and it's all installments have obligations met[39m                                                                      [90m# org.apache.fineract.test.stepdef.loan.LoanStepDef.loanClosedAndInstallmentsObligationsMet()[39m

@TestRailId:C4542
[1mScenario:[22m Verify adding manual Interest Refund on closed loan with multiple tranches                                                                                                                                     [90m# fineract-e2e-tests-runner/src/test/resources/features/LoanMerchantIssuedRefund.feature:1039[39m
  [32m✔[39m [32m[1mWhen [22mAdmin sets the business date to [1m"07 March 2025"[22m[39m                                                                                                                                                                 [90m# org.apache.fineract.test.stepdef.common.BusinessDateStepDef.setBusinessDate(java.lang.String)[39m
  [32m✔[39m [32m[1mAnd [22mAdmin creates a client with random data[39m                                                                                                                                                                          [90m# org.apache.fineract.test.stepdef.common.ClientStepDef.createClientRandomFirstNameLastName()[39m
  [32m✔[39m [32m[1mAnd [22mAdmin creates a fully customized loan with the following data:[39m                                                                                                                                                   [90m# org.apache.fineract.test.stepdef.loan.LoanStepDef.createFullyCustomizedLoan(io.cucumber.datatable.DataTable)[39m
      | LoanProduct                                                                                    | submitted on date | with Principal | ANNUAL interest rate % | interest type     | interest calculation period | amortization type  | loanTermFrequency | loanTermFrequencyType | repaymentEvery | repaymentFrequencyType | numberOfRepayments | graceOnPrincipalPayment | graceOnInterestPayment | interest free period | Payment strategy            |
      | LP2_ADV_PYMNT_INT_DAILY_EMI_ACTUAL_ACTUAL_INT_REFUND_FULL_ZERO_INT_CHARGE_OFF_ACCRUAL_ACTIVITY | 07 March 2025     | 915.88         | 24.99                  | DECLINING_BALANCE | DAILY                       | EQUAL_INSTALLMENTS | 24                | MONTHS                | 1              | MONTHS                 | 24                 | 0                       | 0                      | 0                    | ADVANCED_PAYMENT_ALLOCATION |
  [32m✔[39m [32m[1mAnd [22mAdmin successfully approves the loan on [1m"07 March 2025"[22m with [1m"915.88"[22m amount and expected disbursement date on [1m"07 March 2025"[22m[39m                                                                                   [90m# org.apache.fineract.test.stepdef.loan.LoanStepDef.approveLoan(java.lang.String,java.lang.String,java.lang.String)[39m
  [32m✔[39m [32m[1mWhen [22mAdmin sets the business date to [1m"11 March 2025"[22m[39m                                                                                                                                                                 [90m# org.apache.fineract.test.stepdef.common.BusinessDateStepDef.setBusinessDate(java.lang.String)[39m
  [32m✔[39m [32m[1mAnd [22mAdmin successfully disburse the loan on [1m"11 March 2025"[22m with [1m"228.97"[22m EUR transaction amount[39m                                                                                                                     [90m# org.apache.fineract.test.stepdef.loan.LoanStepDef.disburseLoan(java.lang.String,java.lang.String)[39m
  [32m✔[39m [32m[1mAnd [22mAdmin successfully disburse the loan on [1m"11 March 2025"[22m with [1m"228.97"[22m EUR transaction amount[39m                                                                                                                     [90m# org.apache.fineract.test.stepdef.loan.LoanStepDef.disburseLoan(java.lang.String,java.lang.String)[39m
  [32m✔[39m [32m[1mAnd [22mAdmin successfully disburse the loan on [1m"11 March 2025"[22m with [1m"228.97"[22m EUR transaction amount[39m                                                                                                                     [90m# org.apache.fineract.test.stepdef.loan.LoanStepDef.disburseLoan(java.lang.String,java.lang.String)[39m
  [32m✔[39m [32m[1mAnd [22mAdmin successfully disburse the loan on [1m"11 March 2025"[22m with [1m"228.97"[22m EUR transaction amount[39m                                                                                                                     [90m# org.apache.fineract.test.stepdef.loan.LoanStepDef.disburseLoan(java.lang.String,java.lang.String)[39m
  [32m✔[39m [32m[1mThen [22mLoan Transactions tab has the following data:[39m                                                                                                                                                                   [90m# org.apache.fineract.test.stepdef.loan.LoanStepDef.loanTransactionsTabCheck(io.cucumber.datatable.DataTable)[39m
      | Transaction date | Transaction Type | Amount | Principal | Interest | Fees | Penalties | Loan Balance | Reverted | Replayed |
      | 11 March 2025    | Disbursement     | 228.97 | 0.0       | 0.0      | 0.0  | 0.0       | 228.97       | false    | false    |
      | 11 March 2025    | Disbursement     | 228.97 | 0.0       | 0.0      | 0.0  | 0.0       | 457.94       | false    | false    |
      | 11 March 2025    | Disbursement     | 228.97 | 0.0       | 0.0      | 0.0  | 0.0       | 686.91       | false    | false    |
      | 11 March 2025    | Disbursement     | 228.97 | 0.0       | 0.0      | 0.0  | 0.0       | 915.88       | false    | false    |
  [32m✔[39m [32m[1mThen [22mLoan status will be [1m"ACTIVE"[22m[39m                                                                                                                                                                                    [90m# org.apache.fineract.test.stepdef.loan.LoanStepDef.loanStatus(java.lang.String)[39m
  [32m✔[39m [32m[1mWhen [22mAdmin sets the business date to [1m"04 April 2025"[22m[39m                                                                                                                                                                 [90m# org.apache.fineract.test.stepdef.common.BusinessDateStepDef.setBusinessDate(java.lang.String)[39m
  [32m✔[39m [32m[1mAnd [22mCustomer makes [1m"REPAYMENT"[22m transaction with [1m"AUTOPAY"[22m payment type on [1m"04 April 2025"[22m with [1m48.91[22m EUR transaction amount and system-generated Idempotency key[39m                                                     [90m# org.apache.fineract.test.stepdef.loan.LoanStepDef.createTransactionWithAutoIdempotencyKey(java.lang.String,java.lang.String,java.lang.String,double)[39m
  [32m✔[39m [32m[1mThen [22mLoan Transactions tab has the following data:[39m                                                                                                                                                                   [90m# org.apache.fineract.test.stepdef.loan.LoanStepDef.loanTransactionsTabCheck(io.cucumber.datatable.DataTable)[39m
      | Transaction date | Transaction Type | Amount | Principal | Interest | Fees | Penalties | Loan Balance | Reverted | Replayed |
      | 11 March 2025    | Disbursement     | 228.97 | 0.0       | 0.0      | 0.0  | 0.0       | 228.97       | false    | false    |
      | 11 March 2025    | Disbursement     | 228.97 | 0.0       | 0.0      | 0.0  | 0.0       | 457.94       | false    | false    |
      | 11 March 2025    | Disbursement     | 228.97 | 0.0       | 0.0      | 0.0  | 0.0       | 686.91       | false    | false    |
      | 11 March 2025    | Disbursement     | 228.97 | 0.0       | 0.0      | 0.0  | 0.0       | 915.88       | false    | false    |
      | 04 April 2025    | Repayment        | 48.91  | 33.86     | 15.05    | 0.0  | 0.0       | 882.02       | false    | false    |
  [32m✔[39m [32m[1mThen [22mLoan status will be [1m"ACTIVE"[22m[39m                                                                                                                                                                                    [90m# org.apache.fineract.test.stepdef.loan.LoanStepDef.loanStatus(java.lang.String)[39m
  [32m✔[39m [32m[1mWhen [22mAdmin sets the business date to [1m"02 May 2025"[22m[39m                                                                                                                                                                   [90m# org.apache.fineract.test.stepdef.common.BusinessDateStepDef.setBusinessDate(java.lang.String)[39m
  [32m✔[39m [32m[1mAnd [22mCustomer makes [1m"REPAYMENT"[22m transaction with [1m"AUTOPAY"[22m payment type on [1m"02 May 2025"[22m with [1m48.91[22m EUR transaction amount and system-generated Idempotency key[39m                                                       [90m# org.apache.fineract.test.stepdef.loan.LoanStepDef.createTransactionWithAutoIdempotencyKey(java.lang.String,java.lang.String,java.lang.String,double)[39m
  [32m✔[39m [32m[1mThen [22mLoan Transactions tab has the following data:[39m                                                                                                                                                                   [90m# org.apache.fineract.test.stepdef.loan.LoanStepDef.loanTransactionsTabCheck(io.cucumber.datatable.DataTable)[39m
      | Transaction date | Transaction Type | Amount | Principal | Interest | Fees | Penalties | Loan Balance | Reverted | Replayed |
      | 11 March 2025    | Disbursement     | 228.97 | 0.0       | 0.0      | 0.0  | 0.0       | 228.97       | false    | false    |
      | 11 March 2025    | Disbursement     | 228.97 | 0.0       | 0.0      | 0.0  | 0.0       | 457.94       | false    | false    |
      | 11 March 2025    | Disbursement     | 228.97 | 0.0       | 0.0      | 0.0  | 0.0       | 686.91       | false    | false    |
      | 11 March 2025    | Disbursement     | 228.97 | 0.0       | 0.0      | 0.0  | 0.0       | 915.88       | false    | false    |
      | 04 April 2025    | Repayment        | 48.91  | 33.86     | 15.05    | 0.0  | 0.0       | 882.02       | false    | false    |
      | 02 May 2025      | Repayment        | 48.91  | 32.0      | 16.91    | 0.0  | 0.0       | 850.02       | false    | false    |
  [32m✔[39m [32m[1mThen [22mLoan status will be [1m"ACTIVE"[22m[39m                                                                                                                                                                                    [90m# org.apache.fineract.test.stepdef.loan.LoanStepDef.loanStatus(java.lang.String)[39m
  [32m✔[39m [32m[1mWhen [22mAdmin sets the business date to [1m"30 May 2025"[22m[39m                                                                                                                                                                   [90m# org.apache.fineract.test.stepdef.common.BusinessDateStepDef.setBusinessDate(java.lang.String)[39m
  [32m✔[39m [32m[1mAnd [22mCustomer makes [1m"REPAYMENT"[22m transaction with [1m"AUTOPAY"[22m payment type on [1m"30 May 2025"[22m with [1m48.91[22m EUR transaction amount and system-generated Idempotency key[39m                                                       [90m# org.apache.fineract.test.stepdef.loan.LoanStepDef.createTransactionWithAutoIdempotencyKey(java.lang.String,java.lang.String,java.lang.String,double)[39m
  [32m✔[39m [32m[1mThen [22mLoan Transactions tab has the following data:[39m                                                                                                                                                                   [90m# org.apache.fineract.test.stepdef.loan.LoanStepDef.loanTransactionsTabCheck(io.cucumber.datatable.DataTable)[39m
      | Transaction date | Transaction Type | Amount | Principal | Interest | Fees | Penalties | Loan Balance | Reverted | Replayed |
      | 11 March 2025    | Disbursement     | 228.97 | 0.0       | 0.0      | 0.0  | 0.0       | 228.97       | false    | false    |
      | 11 March 2025    | Disbursement     | 228.97 | 0.0       | 0.0      | 0.0  | 0.0       | 457.94       | false    | false    |
      | 11 March 2025    | Disbursement     | 228.97 | 0.0       | 0.0      | 0.0  | 0.0       | 686.91       | false    | false    |
      | 11 March 2025    | Disbursement     | 228.97 | 0.0       | 0.0      | 0.0  | 0.0       | 915.88       | false    | false    |
      | 04 April 2025    | Repayment        | 48.91  | 33.86     | 15.05    | 0.0  | 0.0       | 882.02       | false    | false    |
      | 02 May 2025      | Repayment        | 48.91  | 32.0      | 16.91    | 0.0  | 0.0       | 850.02       | false    | false    |
      | 30 May 2025      | Repayment        | 48.91  | 32.61     | 16.3     | 0.0  | 0.0       | 817.41       | false    | false    |
  [32m✔[39m [32m[1mThen [22mLoan status will be [1m"ACTIVE"[22m[39m                                                                                                                                                                                    [90m# org.apache.fineract.test.stepdef.loan.LoanStepDef.loanStatus(java.lang.String)[39m
  [32m✔[39m [32m[1mWhen [22mAdmin sets the business date to [1m"27 June 2025"[22m[39m                                                                                                                                                                  [90m# org.apache.fineract.test.stepdef.common.BusinessDateStepDef.setBusinessDate(java.lang.String)[39m
  [32m✔[39m [32m[1mAnd [22mCustomer makes [1m"REPAYMENT"[22m transaction with [1m"AUTOPAY"[22m payment type on [1m"27 June 2025"[22m with [1m48.91[22m EUR transaction amount and system-generated Idempotency key[39m                                                      [90m# org.apache.fineract.test.stepdef.loan.LoanStepDef.createTransactionWithAutoIdempotencyKey(java.lang.String,java.lang.String,java.lang.String,double)[39m
  [32m✔[39m [32m[1mThen [22mLoan Transactions tab has the following data:[39m                                                                                                                                                                   [90m# org.apache.fineract.test.stepdef.loan.LoanStepDef.loanTransactionsTabCheck(io.cucumber.datatable.DataTable)[39m
      | Transaction date | Transaction Type | Amount | Principal | Interest | Fees | Penalties | Loan Balance | Reverted | Replayed |
      | 11 March 2025    | Disbursement     | 228.97 | 0.0       | 0.0      | 0.0  | 0.0       | 228.97       | false    | false    |
      | 11 March 2025    | Disbursement     | 228.97 | 0.0       | 0.0      | 0.0  | 0.0       | 457.94       | false    | false    |
      | 11 March 2025    | Disbursement     | 228.97 | 0.0       | 0.0      | 0.0  | 0.0       | 686.91       | false    | false    |
      | 11 March 2025    | Disbursement     | 228.97 | 0.0       | 0.0      | 0.0  | 0.0       | 915.88       | false    | false    |
      | 04 April 2025    | Repayment        | 48.91  | 33.86     | 15.05    | 0.0  | 0.0       | 882.02       | false    | false    |
      | 02 May 2025      | Repayment        | 48.91  | 32.0      | 16.91    | 0.0  | 0.0       | 850.02       | false    | false    |
      | 30 May 2025      | Repayment        | 48.91  | 32.61     | 16.3     | 0.0  | 0.0       | 817.41       | false    | false    |
      | 27 June 2025     | Repayment        | 48.91  | 33.25     | 15.66    | 0.0  | 0.0       | 784.16       | false    | false    |
  [32m✔[39m [32m[1mThen [22mLoan status will be [1m"ACTIVE"[22m[39m                                                                                                                                                                                    [90m# org.apache.fineract.test.stepdef.loan.LoanStepDef.loanStatus(java.lang.String)[39m
  [32m✔[39m [32m[1mWhen [22mAdmin sets the business date to [1m"08 August 2025"[22m[39m                                                                                                                                                                [90m# org.apache.fineract.test.stepdef.common.BusinessDateStepDef.setBusinessDate(java.lang.String)[39m
  [32m✔[39m [32m[1mAnd [22mCustomer makes [1m"REPAYMENT"[22m transaction with [1m"AUTOPAY"[22m payment type on [1m"08 August 2025"[22m with [1m48.91[22m EUR transaction amount and system-generated Idempotency key[39m                                                    [90m# org.apache.fineract.test.stepdef.loan.LoanStepDef.createTransactionWithAutoIdempotencyKey(java.lang.String,java.lang.String,java.lang.String,double)[39m
  [32m✔[39m [32m[1mThen [22mLoan Transactions tab has the following data:[39m                                                                                                                                                                   [90m# org.apache.fineract.test.stepdef.loan.LoanStepDef.loanTransactionsTabCheck(io.cucumber.datatable.DataTable)[39m
      | Transaction date | Transaction Type | Amount | Principal | Interest | Fees | Penalties | Loan Balance | Reverted | Replayed |
      | 11 March 2025    | Disbursement     | 228.97 | 0.0       | 0.0      | 0.0  | 0.0       | 228.97       | false    | false    |
      | 11 March 2025    | Disbursement     | 228.97 | 0.0       | 0.0      | 0.0  | 0.0       | 457.94       | false    | false    |
      | 11 March 2025    | Disbursement     | 228.97 | 0.0       | 0.0      | 0.0  | 0.0       | 686.91       | false    | false    |
      | 11 March 2025    | Disbursement     | 228.97 | 0.0       | 0.0      | 0.0  | 0.0       | 915.88       | false    | false    |
      | 04 April 2025    | Repayment        | 48.91  | 33.86     | 15.05    | 0.0  | 0.0       | 882.02       | false    | false    |
      | 02 May 2025      | Repayment        | 48.91  | 32.0      | 16.91    | 0.0  | 0.0       | 850.02       | false    | false    |
      | 30 May 2025      | Repayment        | 48.91  | 32.61     | 16.3     | 0.0  | 0.0       | 817.41       | false    | false    |
      | 27 June 2025     | Repayment        | 48.91  | 33.25     | 15.66    | 0.0  | 0.0       | 784.16       | false    | false    |
      | 08 August 2025   | Repayment        | 48.91  | 26.36     | 22.55    | 0.0  | 0.0       | 757.8        | false    | false    |
  [32m✔[39m [32m[1mThen [22mLoan status will be [1m"ACTIVE"[22m[39m                                                                                                                                                                                    [90m# org.apache.fineract.test.stepdef.loan.LoanStepDef.loanStatus(java.lang.String)[39m
  [32m✔[39m [32m[1mWhen [22mAdmin sets the business date to [1m"05 September 2025"[22m[39m                                                                                                                                                             [90m# org.apache.fineract.test.stepdef.common.BusinessDateStepDef.setBusinessDate(java.lang.String)[39m
  [32m✔[39m [32m[1mAnd [22mCustomer makes [1m"REPAYMENT"[22m transaction with [1m"AUTOPAY"[22m payment type on [1m"05 September 2025"[22m with [1m48.91[22m EUR transaction amount and system-generated Idempotency key[39m                                                 [90m# org.apache.fineract.test.stepdef.loan.LoanStepDef.createTransactionWithAutoIdempotencyKey(java.lang.String,java.lang.String,java.lang.String,double)[39m
  [32m✔[39m [32m[1mThen [22mLoan Transactions tab has the following data:[39m                                                                                                                                                                   [90m# org.apache.fineract.test.stepdef.loan.LoanStepDef.loanTransactionsTabCheck(io.cucumber.datatable.DataTable)[39m
      | Transaction date  | Transaction Type | Amount | Principal | Interest | Fees | Penalties | Loan Balance | Reverted | Replayed |
      | 11 March 2025     | Disbursement     | 228.97 | 0.0       | 0.0      | 0.0  | 0.0       | 228.97       | false    | false    |
      | 11 March 2025     | Disbursement     | 228.97 | 0.0       | 0.0      | 0.0  | 0.0       | 457.94       | false    | false    |
      | 11 March 2025     | Disbursement     | 228.97 | 0.0       | 0.0      | 0.0  | 0.0       | 686.91       | false    | false    |
      | 11 March 2025     | Disbursement     | 228.97 | 0.0       | 0.0      | 0.0  | 0.0       | 915.88       | false    | false    |
      | 04 April 2025     | Repayment        | 48.91  | 33.86     | 15.05    | 0.0  | 0.0       | 882.02       | false    | false    |
      | 02 May 2025       | Repayment        | 48.91  | 32.0      | 16.91    | 0.0  | 0.0       | 850.02       | false    | false    |
      | 30 May 2025       | Repayment        | 48.91  | 32.61     | 16.3     | 0.0  | 0.0       | 817.41       | false    | false    |
      | 27 June 2025      | Repayment        | 48.91  | 33.25     | 15.66    | 0.0  | 0.0       | 784.16       | false    | false    |
      | 08 August 2025    | Repayment        | 48.91  | 26.36     | 22.55    | 0.0  | 0.0       | 757.8        | false    | false    |
      | 05 September 2025 | Repayment        | 48.91  | 34.38     | 14.53    | 0.0  | 0.0       | 723.42       | false    | false    |
  [32m✔[39m [32m[1mThen [22mLoan status will be [1m"ACTIVE"[22m[39m                                                                                                                                                                                    [90m# org.apache.fineract.test.stepdef.loan.LoanStepDef.loanStatus(java.lang.String)[39m
  [32m✔[39m [32m[1mWhen [22mAdmin sets the business date to [1m"03 October 2025"[22m[39m                                                                                                                                                               [90m# org.apache.fineract.test.stepdef.common.BusinessDateStepDef.setBusinessDate(java.lang.String)[39m
  [32m✔[39m [32m[1mAnd [22mCustomer makes [1m"REPAYMENT"[22m transaction with [1m"AUTOPAY"[22m payment type on [1m"03 October 2025"[22m with [1m48.91[22m EUR transaction amount and system-generated Idempotency key[39m                                                   [90m# org.apache.fineract.test.stepdef.loan.LoanStepDef.createTransactionWithAutoIdempotencyKey(java.lang.String,java.lang.String,java.lang.String,double)[39m
  [32m✔[39m [32m[1mThen [22mLoan Transactions tab has the following data:[39m                                                                                                                                                                   [90m# org.apache.fineract.test.stepdef.loan.LoanStepDef.loanTransactionsTabCheck(io.cucumber.datatable.DataTable)[39m
      | Transaction date  | Transaction Type | Amount | Principal | Interest | Fees | Penalties | Loan Balance | Reverted | Replayed |
      | 11 March 2025     | Disbursement     | 228.97 | 0.0       | 0.0      | 0.0  | 0.0       | 228.97       | false    | false    |
      | 11 March 2025     | Disbursement     | 228.97 | 0.0       | 0.0      | 0.0  | 0.0       | 457.94       | false    | false    |
      | 11 March 2025     | Disbursement     | 228.97 | 0.0       | 0.0      | 0.0  | 0.0       | 686.91       | false    | false    |
      | 11 March 2025     | Disbursement     | 228.97 | 0.0       | 0.0      | 0.0  | 0.0       | 915.88       | false    | false    |
      | 04 April 2025     | Repayment        | 48.91  | 33.86     | 15.05    | 0.0  | 0.0       | 882.02       | false    | false    |
      | 02 May 2025       | Repayment        | 48.91  | 32.0      | 16.91    | 0.0  | 0.0       | 850.02       | false    | false    |
      | 30 May 2025       | Repayment        | 48.91  | 32.61     | 16.3     | 0.0  | 0.0       | 817.41       | false    | false    |
      | 27 June 2025      | Repayment        | 48.91  | 33.25     | 15.66    | 0.0  | 0.0       | 784.16       | false    | false    |
      | 08 August 2025    | Repayment        | 48.91  | 26.36     | 22.55    | 0.0  | 0.0       | 757.8        | false    | false    |
      | 05 September 2025 | Repayment        | 48.91  | 34.38     | 14.53    | 0.0  | 0.0       | 723.42       | false    | false    |
      | 03 October 2025   | Repayment        | 48.91  | 35.04     | 13.87    | 0.0  | 0.0       | 688.38       | false    | false    |
  [32m✔[39m [32m[1mThen [22mLoan status will be [1m"ACTIVE"[22m[39m                                                                                                                                                                                    [90m# org.apache.fineract.test.stepdef.loan.LoanStepDef.loanStatus(java.lang.String)[39m
  [32m✔[39m [32m[1mWhen [22mAdmin sets the business date to [1m"08 October 2025"[22m[39m                                                                                                                                                               [90m# org.apache.fineract.test.stepdef.common.BusinessDateStepDef.setBusinessDate(java.lang.String)[39m
  [32m✔[39m [32m[1mWhen [22mAdmin sets the business date to [1m"09 October 2025"[22m[39m                                                                                                                                                               [90m# org.apache.fineract.test.stepdef.common.BusinessDateStepDef.setBusinessDate(java.lang.String)[39m
  [32m✔[39m [32m[1mAnd [22mCustomer makes [1m"MERCHANT_ISSUED_REFUND"[22m transaction with [1m"AUTOPAY"[22m payment type on [1m"08 October 2025"[22m with [1m228.97[22m EUR transaction amount and system-generated Idempotency key and interestRefundCalculation [1mfalse[22m[39m [90m# org.apache.fineract.test.stepdef.loan.LoanStepDef.createTransactionWithAutoIdempotencyKeyAndWithInterestRefundCalculationFlagProvided(java.lang.String,java.lang.String,java.lang.String,double,boolean)[39m
  [32m✔[39m [32m[1mAnd [22mCustomer makes [1m"MERCHANT_ISSUED_REFUND"[22m transaction with [1m"AUTOPAY"[22m payment type on [1m"08 October 2025"[22m with [1m228.97[22m EUR transaction amount and system-generated Idempotency key and interestRefundCalculation [1mfalse[22m[39m [90m# org.apache.fineract.test.stepdef.loan.LoanStepDef.createTransactionWithAutoIdempotencyKeyAndWithInterestRefundCalculationFlagProvided(java.lang.String,java.lang.String,java.lang.String,double,boolean)[39m
  [32m✔[39m [32m[1mAnd [22mCustomer makes [1m"MERCHANT_ISSUED_REFUND"[22m transaction with [1m"AUTOPAY"[22m payment type on [1m"08 October 2025"[22m with [1m228.97[22m EUR transaction amount and system-generated Idempotency key and interestRefundCalculation [1mfalse[22m[39m [90m# org.apache.fineract.test.stepdef.loan.LoanStepDef.createTransactionWithAutoIdempotencyKeyAndWithInterestRefundCalculationFlagProvided(java.lang.String,java.lang.String,java.lang.String,double,boolean)[39m
  [32m✔[39m [32m[1mAnd [22mCustomer makes [1m"MERCHANT_ISSUED_REFUND"[22m transaction with [1m"AUTOPAY"[22m payment type on [1m"08 October 2025"[22m with [1m228.97[22m EUR transaction amount and system-generated Idempotency key and interestRefundCalculation [1mfalse[22m[39m [90m# org.apache.fineract.test.stepdef.loan.LoanStepDef.createTransactionWithAutoIdempotencyKeyAndWithInterestRefundCalculationFlagProvided(java.lang.String,java.lang.String,java.lang.String,double,boolean)[39m
  [32m✔[39m [32m[1mThen [22mLoan Transactions tab has the following data:[39m                                                                                                                                                                   [90m# org.apache.fineract.test.stepdef.loan.LoanStepDef.loanTransactionsTabCheck(io.cucumber.datatable.DataTable)[39m
      | Transaction date  | Transaction Type       | Amount | Principal | Interest | Fees | Penalties | Loan Balance | Reverted | Replayed |
      | 11 March 2025     | Disbursement           | 228.97 | 0.0       | 0.0      | 0.0  | 0.0       | 228.97       | false    | false    |
      | 11 March 2025     | Disbursement           | 228.97 | 0.0       | 0.0      | 0.0  | 0.0       | 457.94       | false    | false    |
      | 11 March 2025     | Disbursement           | 228.97 | 0.0       | 0.0      | 0.0  | 0.0       | 686.91       | false    | false    |
      | 11 March 2025     | Disbursement           | 228.97 | 0.0       | 0.0      | 0.0  | 0.0       | 915.88       | false    | false    |
      | 04 April 2025     | Repayment              | 48.91  | 33.86     | 15.05    | 0.0  | 0.0       | 882.02       | false    | false    |
      | 11 April 2025     | Accrual Activity       | 15.05  | 0.0       | 15.05    | 0.0  | 0.0       | 0.0          | false    | false    |
      | 02 May 2025       | Repayment              | 48.91  | 32.0      | 16.91    | 0.0  | 0.0       | 850.02       | false    | false    |
      | 11 May 2025       | Accrual Activity       | 16.91  | 0.0       | 16.91    | 0.0  | 0.0       | 0.0          | false    | false    |
      | 30 May 2025       | Repayment              | 48.91  | 32.61     | 16.3     | 0.0  | 0.0       | 817.41       | false    | false    |
      | 11 June 2025      | Accrual Activity       | 16.3   | 0.0       | 16.3     | 0.0  | 0.0       | 0.0          | false    | false    |
      | 27 June 2025      | Repayment              | 48.91  | 33.25     | 15.66    | 0.0  | 0.0       | 784.16       | false    | false    |
      | 11 July 2025      | Accrual Activity       | 15.66  | 0.0       | 15.66    | 0.0  | 0.0       | 0.0          | false    | false    |
      | 08 August 2025    | Repayment              | 48.91  | 26.36     | 22.55    | 0.0  | 0.0       | 757.8        | false    | false    |
      | 11 August 2025    | Accrual Activity       | 22.55  | 0.0       | 22.55    | 0.0  | 0.0       | 0.0          | false    | false    |
      | 05 September 2025 | Repayment              | 48.91  | 34.38     | 14.53    | 0.0  | 0.0       | 723.42       | false    | false    |
      | 11 September 2025 | Accrual Activity       | 14.53  | 0.0       | 14.53    | 0.0  | 0.0       | 0.0          | false    | false    |
      | 03 October 2025   | Repayment              | 48.91  | 35.04     | 13.87    | 0.0  | 0.0       | 688.38       | false    | false    |
      | 08 October 2025   | Merchant Issued Refund | 228.97 | 226.62    | 2.35     | 0.0  | 0.0       | 461.76       | false    | false    |
      | 08 October 2025   | Merchant Issued Refund | 228.97 | 228.97    | 0.0      | 0.0  | 0.0       | 232.79       | false    | false    |
      | 08 October 2025   | Merchant Issued Refund | 228.97 | 228.97    | 0.0      | 0.0  | 0.0       | 3.82         | false    | false    |
      | 08 October 2025   | Merchant Issued Refund | 228.97 | 3.82      | 0.0      | 0.0  | 0.0       | 0.0          | false    | false    |
      | 08 October 2025   | Accrual Activity       | 16.22  | 0.0       | 16.22    | 0.0  | 0.0       | 0.0          | false    | false    |
      | 09 October 2025   | Accrual                | 117.22 | 0.0       | 117.22   | 0.0  | 0.0       | 0.0          | false    | false    |
  [32m✔[39m [32m[1mThen [22mLoan status will be [1m"OVERPAID"[22m[39m                                                                                                                                                                                  [90m# org.apache.fineract.test.stepdef.loan.LoanStepDef.loanStatus(java.lang.String)[39m
  [32m✔[39m [32m[1mWhen [22mAdmin sets the business date to [1m"09 October 2025"[22m[39m                                                                                                                                                               [90m# org.apache.fineract.test.stepdef.common.BusinessDateStepDef.setBusinessDate(java.lang.String)[39m
  [32m✔[39m [32m[1mAnd [22mAdmin runs inline COB job for Loan[39m                                                                                                                                                                               [90m# org.apache.fineract.test.stepdef.loan.InlineCOBStepDef.runInlineCOB()[39m
  [32m✔[39m [32m[1mAnd [22mAdmin makes Credit Balance Refund transaction on [1m"09 October 2025"[22m with [1m225.15[22m EUR transaction amount[39m                                                                                                            [90m# org.apache.fineract.test.stepdef.loan.LoanStepDef.createCBR(java.lang.String,double)[39m
  [32m✔[39m [32m[1mThen [22mLoan Transactions tab has the following data:[39m                                                                                                                                                                   [90m# org.apache.fineract.test.stepdef.loan.LoanStepDef.loanTransactionsTabCheck(io.cucumber.datatable.DataTable)[39m
      | Transaction date  | Transaction Type       | Amount | Principal | Interest | Fees | Penalties | Loan Balance | Reverted | Replayed |
      | 11 March 2025     | Disbursement           | 228.97 | 0.0       | 0.0      | 0.0  | 0.0       | 228.97       | false    | false    |
      | 11 March 2025     | Disbursement           | 228.97 | 0.0       | 0.0      | 0.0  | 0.0       | 457.94       | false    | false    |
      | 11 March 2025     | Disbursement           | 228.97 | 0.0       | 0.0      | 0.0  | 0.0       | 686.91       | false    | false    |
      | 11 March 2025     | Disbursement           | 228.97 | 0.0       | 0.0      | 0.0  | 0.0       | 915.88       | false    | false    |
      | 04 April 2025     | Repayment              | 48.91  | 33.86     | 15.05    | 0.0  | 0.0       | 882.02       | false    | false    |
      | 11 April 2025     | Accrual Activity       | 15.05  | 0.0       | 15.05    | 0.0  | 0.0       | 0.0          | false    | false    |
      | 02 May 2025       | Repayment              | 48.91  | 32.0      | 16.91    | 0.0  | 0.0       | 850.02       | false    | false    |
      | 11 May 2025       | Accrual Activity       | 16.91  | 0.0       | 16.91    | 0.0  | 0.0       | 0.0          | false    | false    |
      | 30 May 2025       | Repayment              | 48.91  | 32.61     | 16.3     | 0.0  | 0.0       | 817.41       | false    | false    |
      | 11 June 2025      | Accrual Activity       | 16.3   | 0.0       | 16.3     | 0.0  | 0.0       | 0.0          | false    | false    |
      | 27 June 2025      | Repayment              | 48.91  | 33.25     | 15.66    | 0.0  | 0.0       | 784.16       | false    | false    |
      | 11 July 2025      | Accrual Activity       | 15.66  | 0.0       | 15.66    | 0.0  | 0.0       | 0.0          | false    | false    |
      | 08 August 2025    | Repayment              | 48.91  | 26.36     | 22.55    | 0.0  | 0.0       | 757.8        | false    | false    |
      | 11 August 2025    | Accrual Activity       | 22.55  | 0.0       | 22.55    | 0.0  | 0.0       | 0.0          | false    | false    |
      | 05 September 2025 | Repayment              | 48.91  | 34.38     | 14.53    | 0.0  | 0.0       | 723.42       | false    | false    |
      | 11 September 2025 | Accrual Activity       | 14.53  | 0.0       | 14.53    | 0.0  | 0.0       | 0.0          | false    | false    |
      | 03 October 2025   | Repayment              | 48.91  | 35.04     | 13.87    | 0.0  | 0.0       | 688.38       | false    | false    |
      | 08 October 2025   | Merchant Issued Refund | 228.97 | 226.62    | 2.35     | 0.0  | 0.0       | 461.76       | false    | false    |
      | 08 October 2025   | Merchant Issued Refund | 228.97 | 228.97    | 0.0      | 0.0  | 0.0       | 232.79       | false    | false    |
      | 08 October 2025   | Merchant Issued Refund | 228.97 | 228.97    | 0.0      | 0.0  | 0.0       | 3.82         | false    | false    |
      | 08 October 2025   | Merchant Issued Refund | 228.97 | 3.82      | 0.0      | 0.0  | 0.0       | 0.0          | false    | false    |
      | 08 October 2025   | Accrual Activity       | 16.22  | 0.0       | 16.22    | 0.0  | 0.0       | 0.0          | false    | false    |
      | 09 October 2025   | Accrual                | 117.22 | 0.0       | 117.22   | 0.0  | 0.0       | 0.0          | false    | false    |
      | 09 October 2025   | Credit Balance Refund  | 225.15 | 0.0       | 0.0      | 0.0  | 0.0       | 0.0          | false    | false    |
  [32m✔[39m [32m[1mThen [22mLoan status will be [1m"CLOSED_OBLIGATIONS_MET"[22m[39m                                                                                                                                                                    [90m# org.apache.fineract.test.stepdef.loan.LoanStepDef.loanStatus(java.lang.String)[39m
  [32m✔[39m [32m[1mWhen [22mAdmin manually adds Interest Refund for [1m"1"[22mth [1m"MERCHANT_ISSUED_REFUND"[22m transaction made on [1m"08 October 2025"[22m with [1m0.01[22m EUR interest refund amount[39m                                                               [90m# org.apache.fineract.test.stepdef.loan.LoanStepDef.addInterestRefundTransactionManuallyNth(java.lang.String,java.lang.String,java.lang.String,double)[39m
  [32m✔[39m [32m[1mWhen [22mAdmin manually adds Interest Refund for [1m"2"[22mth [1m"MERCHANT_ISSUED_REFUND"[22m transaction made on [1m"08 October 2025"[22m with [1m0.01[22m EUR interest refund amount[39m                                                               [90m# org.apache.fineract.test.stepdef.loan.LoanStepDef.addInterestRefundTransactionManuallyNth(java.lang.String,java.lang.String,java.lang.String,double)[39m
  [32m✔[39m [32m[1mWhen [22mAdmin manually adds Interest Refund for [1m"3"[22mth [1m"MERCHANT_ISSUED_REFUND"[22m transaction made on [1m"08 October 2025"[22m with [1m0.01[22m EUR interest refund amount[39m                                                               [90m# org.apache.fineract.test.stepdef.loan.LoanStepDef.addInterestRefundTransactionManuallyNth(java.lang.String,java.lang.String,java.lang.String,double)[39m
  [32m✔[39m [32m[1mWhen [22mAdmin manually adds Interest Refund for [1m"4"[22mth [1m"MERCHANT_ISSUED_REFUND"[22m transaction made on [1m"08 October 2025"[22m with [1m0.01[22m EUR interest refund amount[39m                                                               [90m# org.apache.fineract.test.stepdef.loan.LoanStepDef.addInterestRefundTransactionManuallyNth(java.lang.String,java.lang.String,java.lang.String,double)[39m
  [32m✔[39m [32m[1mThen [22mLoan status will be [1m"OVERPAID"[22m[39m                                                                                                                                                                                  [90m# org.apache.fineract.test.stepdef.loan.LoanStepDef.loanStatus(java.lang.String)[39m

19 scenarios ([32m19 passed[39m)
528 steps ([32m528 passed[39m)
1m 34.81s

[Incubating] Problems report is available at: file:///work/build/reports/problems/problems-report.html

Deprecated Gradle features were used in this build, making it incompatible with Gradle 9.0.

You can use '--warning-mode all' to show the individual deprecation warnings and determine if they come from your own scripts or plugins.

For more on this, please refer to https://docs.gradle.org/8.14.5/userguide/command_line_interface.html#sec:command_line_warnings in the Gradle documentation.

BUILD SUCCESSFUL in 1m 47s
24 actionable tasks: 1 executed, 23 up-to-date
=== run end 2026-09-12T11:47:10Z rc=0 ===
