type_code	loan	currency	transaction_id	transaction_date	entry_type	gl_account_id	gl_account_code	gl_account_name	amount_minor	fraud	charged_off	chargeoff_tx_ids
loanTransactionType.capitalizedIncome	1	MNT	L3	2024-01-02	DEBIT	10	112601	Loans Receivable	10000	False	False	-
loanTransactionType.capitalizedIncome	1	MNT	L3	2024-01-02	CREDIT	23	145024	Deferred Capitalized Income	10000	False	False	-
loanTransactionType.capitalizedIncomeAmortization	1	MNT	L5	2024-01-02	DEBIT	23	145024	Deferred Capitalized Income	10000	False	False	-
loanTransactionType.capitalizedIncomeAmortization	1	MNT	L5	2024-01-02	CREDIT	6	404000	Interest Income	10000	False	False	-
loanTransactionType.capitalizedIncome	2	MNT	L7	2024-01-02	DEBIT	10	112601	Loans Receivable	10000	False	False	-
loanTransactionType.capitalizedIncome	2	MNT	L7	2024-01-02	CREDIT	23	145024	Deferred Capitalized Income	10000	False	False	-
loanTransactionType.capitalizedIncomeAmortization	2	MNT	L10	2024-01-02	DEBIT	23	145024	Deferred Capitalized Income	10000	False	False	-
loanTransactionType.capitalizedIncomeAmortization	2	MNT	L10	2024-01-02	CREDIT	6	404000	Interest Income	10000	False	False	-
loanTransactionType.capitalizedIncome	3	MNT	L13	2024-01-03	DEBIT	10	112601	Loans Receivable	20000	False	False	-
loanTransactionType.capitalizedIncome	3	MNT	L13	2024-01-03	CREDIT	23	145024	Deferred Capitalized Income	20000	False	False	-
loanTransactionType.capitalizedIncomeAmortization	3	MNT	L16	2024-01-03	DEBIT	23	145024	Deferred Capitalized Income	20000	False	False	-
loanTransactionType.capitalizedIncomeAmortization	3	MNT	L16	2024-01-03	CREDIT	6	404000	Interest Income	20000	False	False	-
loanTransactionType.capitalizedIncome	6	MNT	L26	2024-01-02	DEBIT	10	112601	Loans Receivable	10000	False	False	-
loanTransactionType.capitalizedIncome	6	MNT	L26	2024-01-02	DEBIT	23	145024	Deferred Capitalized Income	10000	False	False	-
loanTransactionType.capitalizedIncome	6	MNT	L26	2024-01-02	CREDIT	10	112601	Loans Receivable	10000	False	False	-
loanTransactionType.capitalizedIncome	6	MNT	L26	2024-01-02	CREDIT	23	145024	Deferred Capitalized Income	10000	False	False	-
loanTransactionType.capitalizedIncome	6	MNT	L28	2024-01-03	DEBIT	10	112601	Loans Receivable	20000	False	False	-
loanTransactionType.capitalizedIncome	6	MNT	L28	2024-01-03	CREDIT	23	145024	Deferred Capitalized Income	20000	False	False	-
loanTransactionType.capitalizedIncomeAmortization	6	MNT	L30	2024-01-03	DEBIT	23	145024	Deferred Capitalized Income	20000	False	False	-
loanTransactionType.capitalizedIncomeAmortization	6	MNT	L30	2024-01-03	CREDIT	6	404000	Interest Income	20000	False	False	-
loanTransactionType.capitalizedIncome	7	MNT	L33	2024-01-02	DEBIT	10	112601	Loans Receivable	20000	False	False	-
loanTransactionType.capitalizedIncome	7	MNT	L33	2024-01-02	DEBIT	23	145024	Deferred Capitalized Income	20000	False	False	-
loanTransactionType.capitalizedIncome	7	MNT	L33	2024-01-02	CREDIT	10	112601	Loans Receivable	20000	False	False	-
loanTransactionType.capitalizedIncome	7	MNT	L33	2024-01-02	CREDIT	23	145024	Deferred Capitalized Income	20000	False	False	-
loanTransactionType.capitalizedIncome	7	MNT	L36	2024-01-04	DEBIT	10	112601	Loans Receivable	30000	False	False	-
loanTransactionType.capitalizedIncome	7	MNT	L36	2024-01-04	CREDIT	23	145024	Deferred Capitalized Income	30000	False	False	-
loanTransactionType.capitalizedIncomeAmortization	7	MNT	L39	2024-01-04	DEBIT	23	145024	Deferred Capitalized Income	30000	False	False	-
loanTransactionType.capitalizedIncomeAmortization	7	MNT	L39	2024-01-04	CREDIT	6	404000	Interest Income	30000	False	False	-
loanTransactionType.capitalizedIncome	8	MNT	L41	2024-01-02	DEBIT	10	112601	Loans Receivable	20000	False	False	-
loanTransactionType.capitalizedIncome	8	MNT	L41	2024-01-02	CREDIT	23	145024	Deferred Capitalized Income	20000	False	False	-
loanTransactionType.capitalizedIncomeAmortization	8	MNT	L44	2024-01-02	DEBIT	23	145024	Deferred Capitalized Income	20000	False	False	-
loanTransactionType.capitalizedIncomeAmortization	8	MNT	L44	2024-01-02	CREDIT	6	404000	Interest Income	20000	False	False	-
loanTransactionType.capitalizedIncome	9	MNT	L46	2024-01-02	DEBIT	10	112601	Loans Receivable	15000	False	False	-
loanTransactionType.capitalizedIncome	9	MNT	L46	2024-01-02	CREDIT	23	145024	Deferred Capitalized Income	15000	False	False	-
loanTransactionType.capitalizedIncome	9	MNT	L48	2024-01-03	DEBIT	10	112601	Loans Receivable	5000	False	False	-
loanTransactionType.capitalizedIncome	9	MNT	L48	2024-01-03	CREDIT	23	145024	Deferred Capitalized Income	5000	False	False	-
loanTransactionType.capitalizedIncome	9	MNT	L50	2024-01-04	DEBIT	10	112601	Loans Receivable	10000	False	False	-
loanTransactionType.capitalizedIncome	9	MNT	L50	2024-01-04	CREDIT	23	145024	Deferred Capitalized Income	10000	False	False	-
loanTransactionType.capitalizedIncomeAmortization	9	MNT	L53	2024-01-04	DEBIT	23	145024	Deferred Capitalized Income	30000	False	False	-
loanTransactionType.capitalizedIncomeAmortization	9	MNT	L53	2024-01-04	CREDIT	6	404000	Interest Income	30000	False	False	-
loanTransactionType.capitalizedIncome	10	MNT	L55	2024-01-02	DEBIT	10	112601	Loans Receivable	15000	False	False	-
loanTransactionType.capitalizedIncome	10	MNT	L55	2024-01-02	DEBIT	23	145024	Deferred Capitalized Income	15000	False	False	-
loanTransactionType.capitalizedIncome	10	MNT	L55	2024-01-02	CREDIT	10	112601	Loans Receivable	15000	False	False	-
loanTransactionType.capitalizedIncome	10	MNT	L55	2024-01-02	CREDIT	23	145024	Deferred Capitalized Income	15000	False	False	-
loanTransactionType.capitalizedIncome	10	MNT	L58	2024-01-04	DEBIT	10	112601	Loans Receivable	20000	False	False	-
loanTransactionType.capitalizedIncome	10	MNT	L58	2024-01-04	CREDIT	23	145024	Deferred Capitalized Income	20000	False	False	-
loanTransactionType.capitalizedIncomeAmortization	10	MNT	L61	2024-01-04	DEBIT	23	145024	Deferred Capitalized Income	20000	False	False	-
loanTransactionType.capitalizedIncomeAmortization	10	MNT	L61	2024-01-04	CREDIT	6	404000	Interest Income	20000	False	False	-
loanTransactionType.capitalizedIncome	11	MNT	L63	2024-01-02	DEBIT	10	112601	Loans Receivable	20000	False	False	-
loanTransactionType.capitalizedIncome	11	MNT	L63	2024-01-02	DEBIT	23	145024	Deferred Capitalized Income	20000	False	False	-
loanTransactionType.capitalizedIncome	11	MNT	L63	2024-01-02	CREDIT	10	112601	Loans Receivable	20000	False	False	-
loanTransactionType.capitalizedIncome	11	MNT	L63	2024-01-02	CREDIT	23	145024	Deferred Capitalized Income	20000	False	False	-
loanTransactionType.capitalizedIncome	11	MNT	L66	2024-01-04	DEBIT	10	112601	Loans Receivable	50000	False	False	-
loanTransactionType.capitalizedIncome	11	MNT	L66	2024-01-04	CREDIT	23	145024	Deferred Capitalized Income	50000	False	False	-
loanTransactionType.capitalizedIncomeAmortization	11	MNT	L69	2024-01-04	DEBIT	23	145024	Deferred Capitalized Income	50000	False	False	-
loanTransactionType.capitalizedIncomeAmortization	11	MNT	L69	2024-01-04	CREDIT	6	404000	Interest Income	50000	False	False	-
loanTransactionType.capitalizedIncome	12	MNT	L71	2024-01-02	DEBIT	10	112601	Loans Receivable	20000	False	False	-
loanTransactionType.capitalizedIncome	12	MNT	L71	2024-01-02	CREDIT	23	145024	Deferred Capitalized Income	20000	False	False	-
loanTransactionType.capitalizedIncomeAmortization	12	MNT	L76	2024-01-03	DEBIT	23	145024	Deferred Capitalized Income	20000	False	False	-
loanTransactionType.capitalizedIncomeAmortization	12	MNT	L76	2024-01-03	CREDIT	6	404000	Interest Income	20000	False	False	-
loanTransactionType.capitalizedIncome	13	MNT	L78	2024-01-02	DEBIT	10	112601	Loans Receivable	40000	False	False	-
loanTransactionType.capitalizedIncome	13	MNT	L78	2024-01-02	DEBIT	23	145024	Deferred Capitalized Income	40000	False	False	-
loanTransactionType.capitalizedIncome	13	MNT	L78	2024-01-02	CREDIT	10	112601	Loans Receivable	40000	False	False	-
loanTransactionType.capitalizedIncome	13	MNT	L78	2024-01-02	CREDIT	23	145024	Deferred Capitalized Income	40000	False	False	-
loanTransactionType.capitalizedIncome	13	MNT	L80	2024-01-04	DEBIT	10	112601	Loans Receivable	50000	False	False	-
loanTransactionType.capitalizedIncome	13	MNT	L80	2024-01-04	CREDIT	23	145024	Deferred Capitalized Income	50000	False	False	-
loanTransactionType.capitalizedIncomeAmortization	13	MNT	L83	2024-01-04	DEBIT	23	145024	Deferred Capitalized Income	50000	False	False	-
loanTransactionType.capitalizedIncomeAmortization	13	MNT	L83	2024-01-04	CREDIT	6	404000	Interest Income	50000	False	False	-
loanTransactionType.capitalizedIncome	14	MNT	L85	2024-01-02	DEBIT	10	112601	Loans Receivable	40000	False	False	-
loanTransactionType.capitalizedIncome	14	MNT	L85	2024-01-02	CREDIT	23	145024	Deferred Capitalized Income	40000	False	False	-
loanTransactionType.capitalizedIncomeAdjustment	14	MNT	L86	2024-01-02	DEBIT	23	145024	Deferred Capitalized Income	20000	False	False	-
loanTransactionType.capitalizedIncomeAdjustment	14	MNT	L86	2024-01-02	CREDIT	10	112601	Loans Receivable	20000	False	False	-
loanTransactionType.capitalizedIncomeAmortization	14	MNT	L89	2024-01-02	DEBIT	23	145024	Deferred Capitalized Income	20000	False	False	-
loanTransactionType.capitalizedIncomeAmortization	14	MNT	L89	2024-01-02	CREDIT	6	404000	Interest Income	20000	False	False	-
loanTransactionType.capitalizedIncome	15	MNT	L91	2024-01-02	DEBIT	10	112601	Loans Receivable	40000	False	False	-
loanTransactionType.capitalizedIncome	15	MNT	L91	2024-01-02	DEBIT	23	145024	Deferred Capitalized Income	40000	False	False	-
loanTransactionType.capitalizedIncome	15	MNT	L91	2024-01-02	CREDIT	10	112601	Loans Receivable	40000	False	False	-
loanTransactionType.capitalizedIncome	15	MNT	L91	2024-01-02	CREDIT	23	145024	Deferred Capitalized Income	40000	False	False	-
loanTransactionType.capitalizedIncome	15	MNT	L93	2024-01-04	DEBIT	10	112601	Loans Receivable	50000	False	False	-
loanTransactionType.capitalizedIncome	15	MNT	L93	2024-01-04	CREDIT	23	145024	Deferred Capitalized Income	50000	False	False	-
loanTransactionType.capitalizedIncomeAmortization	15	MNT	L96	2024-01-04	DEBIT	23	145024	Deferred Capitalized Income	50000	False	False	-
loanTransactionType.capitalizedIncomeAmortization	15	MNT	L96	2024-01-04	CREDIT	6	404000	Interest Income	50000	False	False	-
loanTransactionType.capitalizedIncome	16	MNT	L98	2024-01-02	DEBIT	10	112601	Loans Receivable	60000	False	False	-
loanTransactionType.capitalizedIncome	16	MNT	L98	2024-01-02	CREDIT	23	145024	Deferred Capitalized Income	60000	False	False	-
loanTransactionType.capitalizedIncome	16	MNT	L100	2024-01-03	DEBIT	10	112601	Loans Receivable	20000	False	False	-
loanTransactionType.capitalizedIncome	16	MNT	L100	2024-01-03	CREDIT	23	145024	Deferred Capitalized Income	20000	False	False	-
loanTransactionType.capitalizedIncomeAmortization	16	MNT	L103	2024-01-03	DEBIT	23	145024	Deferred Capitalized Income	80000	False	False	-
loanTransactionType.capitalizedIncomeAmortization	16	MNT	L103	2024-01-03	CREDIT	6	404000	Interest Income	80000	False	False	-
loanTransactionType.capitalizedIncome	17	MNT	L105	2024-01-02	DEBIT	10	112601	Loans Receivable	40000	False	False	-
loanTransactionType.capitalizedIncome	17	MNT	L105	2024-01-02	DEBIT	23	145024	Deferred Capitalized Income	40000	False	False	-
loanTransactionType.capitalizedIncome	17	MNT	L105	2024-01-02	CREDIT	10	112601	Loans Receivable	40000	False	False	-
loanTransactionType.capitalizedIncome	17	MNT	L105	2024-01-02	CREDIT	23	145024	Deferred Capitalized Income	40000	False	False	-
loanTransactionType.capitalizedIncome	17	MNT	L107	2024-01-04	DEBIT	10	112601	Loans Receivable	50000	False	False	-
loanTransactionType.capitalizedIncome	17	MNT	L107	2024-01-04	CREDIT	23	145024	Deferred Capitalized Income	50000	False	False	-
loanTransactionType.capitalizedIncomeAmortization	17	MNT	L110	2024-01-04	DEBIT	23	145024	Deferred Capitalized Income	50000	False	False	-
loanTransactionType.capitalizedIncomeAmortization	17	MNT	L110	2024-01-04	CREDIT	6	404000	Interest Income	50000	False	False	-
loanTransactionType.capitalizedIncome	18	MNT	L112	2024-01-02	DEBIT	10	112601	Loans Receivable	40000	False	False	-
loanTransactionType.capitalizedIncome	18	MNT	L112	2024-01-02	CREDIT	23	145024	Deferred Capitalized Income	40000	False	False	-
loanTransactionType.capitalizedIncomeAdjustment	18	MNT	L113	2024-01-02	DEBIT	23	145024	Deferred Capitalized Income	20000	False	False	-
loanTransactionType.capitalizedIncomeAdjustment	18	MNT	L113	2024-01-02	CREDIT	10	112601	Loans Receivable	20000	False	False	-
loanTransactionType.capitalizedIncomeAmortization	18	MNT	L116	2024-01-02	DEBIT	23	145024	Deferred Capitalized Income	20000	False	False	-
loanTransactionType.capitalizedIncomeAmortization	18	MNT	L116	2024-01-02	CREDIT	6	404000	Interest Income	20000	False	False	-
loanTransactionType.capitalizedIncome	19	MNT	L118	2024-01-02	DEBIT	10	112601	Loans Receivable	10000	False	False	-
loanTransactionType.capitalizedIncome	19	MNT	L118	2024-01-02	CREDIT	23	145024	Deferred Capitalized Income	10000	False	False	-
loanTransactionType.capitalizedIncomeAmortization	19	MNT	L121	2024-01-02	DEBIT	23	145024	Deferred Capitalized Income	10000	False	False	-
loanTransactionType.capitalizedIncomeAmortization	19	MNT	L121	2024-01-02	CREDIT	6	404000	Interest Income	10000	False	False	-
loanTransactionType.capitalizedIncome	20	MNT	L123	2024-01-02	DEBIT	10	112601	Loans Receivable	10000	False	False	-
loanTransactionType.capitalizedIncome	20	MNT	L123	2024-01-02	CREDIT	23	145024	Deferred Capitalized Income	10000	False	False	-
loanTransactionType.capitalizedIncomeAmortization	20	MNT	L126	2024-01-02	DEBIT	23	145024	Deferred Capitalized Income	10000	False	False	-
loanTransactionType.capitalizedIncomeAmortization	20	MNT	L126	2024-01-02	CREDIT	6	404000	Interest Income	10000	False	False	-
loanTransactionType.capitalizedIncome	21	MNT	L129	2024-01-02	DEBIT	10	112601	Loans Receivable	10000	False	False	-
loanTransactionType.capitalizedIncome	21	MNT	L129	2024-01-02	CREDIT	23	145024	Deferred Capitalized Income	10000	False	False	-
loanTransactionType.capitalizedIncomeAmortization	21	MNT	L131	2024-01-02	DEBIT	23	145024	Deferred Capitalized Income	10000	False	False	-
loanTransactionType.capitalizedIncomeAmortization	21	MNT	L131	2024-01-02	CREDIT	13	e4	Written off	10000	False	False	-
loanTransactionType.capitalizedIncome	22	MNT	L133	2024-01-01	DEBIT	10	112601	Loans Receivable	5000	False	False	-
loanTransactionType.capitalizedIncome	22	MNT	L133	2024-01-01	CREDIT	23	145024	Deferred Capitalized Income	5000	False	False	-
loanTransactionType.capitalizedIncomeAmortization	22	MNT	L134	2024-01-01	DEBIT	23	145024	Deferred Capitalized Income	55	False	False	-
loanTransactionType.capitalizedIncomeAmortization	22	MNT	L134	2024-01-01	CREDIT	6	404000	Interest Income	55	False	False	-
loanTransactionType.capitalizedIncomeAmortization	22	MNT	L135	2024-01-02	DEBIT	23	145024	Deferred Capitalized Income	55	False	False	-
loanTransactionType.capitalizedIncomeAmortization	22	MNT	L135	2024-01-02	CREDIT	6	404000	Interest Income	55	False	False	-
loanTransactionType.capitalizedIncomeAmortization	22	MNT	L136	2024-01-03	DEBIT	23	145024	Deferred Capitalized Income	55	False	False	-
loanTransactionType.capitalizedIncomeAmortization	22	MNT	L136	2024-01-03	CREDIT	6	404000	Interest Income	55	False	False	-
loanTransactionType.capitalizedIncomeAmortization	22	MNT	L137	2024-01-04	DEBIT	23	145024	Deferred Capitalized Income	55	False	False	-
loanTransactionType.capitalizedIncomeAmortization	22	MNT	L137	2024-01-04	CREDIT	6	404000	Interest Income	55	False	False	-
loanTransactionType.capitalizedIncomeAmortization	22	MNT	L138	2024-01-05	DEBIT	23	145024	Deferred Capitalized Income	55	False	False	-
loanTransactionType.capitalizedIncomeAmortization	22	MNT	L138	2024-01-05	CREDIT	6	404000	Interest Income	55	False	False	-
loanTransactionType.capitalizedIncomeAmortization	22	MNT	L139	2024-01-06	DEBIT	23	145024	Deferred Capitalized Income	55	False	False	-
loanTransactionType.capitalizedIncomeAmortization	22	MNT	L139	2024-01-06	CREDIT	6	404000	Interest Income	55	False	False	-
loanTransactionType.capitalizedIncomeAmortization	22	MNT	L140	2024-01-07	DEBIT	23	145024	Deferred Capitalized Income	55	False	False	-
loanTransactionType.capitalizedIncomeAmortization	22	MNT	L140	2024-01-07	CREDIT	6	404000	Interest Income	55	False	False	-
loanTransactionType.capitalizedIncomeAmortization	22	MNT	L141	2024-01-08	DEBIT	23	145024	Deferred Capitalized Income	55	False	False	-
loanTransactionType.capitalizedIncomeAmortization	22	MNT	L141	2024-01-08	CREDIT	6	404000	Interest Income	55	False	False	-
loanTransactionType.capitalizedIncomeAmortization	22	MNT	L142	2024-01-09	DEBIT	23	145024	Deferred Capitalized Income	55	False	False	-
loanTransactionType.capitalizedIncomeAmortization	22	MNT	L142	2024-01-09	CREDIT	6	404000	Interest Income	55	False	False	-
loanTransactionType.capitalizedIncomeAmortization	22	MNT	L143	2024-01-10	DEBIT	23	145024	Deferred Capitalized Income	54	False	False	-
loanTransactionType.capitalizedIncomeAmortization	22	MNT	L143	2024-01-10	CREDIT	6	404000	Interest Income	54	False	False	-
loanTransactionType.capitalizedIncomeAmortization	22	MNT	L144	2024-01-11	DEBIT	23	145024	Deferred Capitalized Income	55	False	False	-
loanTransactionType.capitalizedIncomeAmortization	22	MNT	L144	2024-01-11	CREDIT	6	404000	Interest Income	55	False	False	-
loanTransactionType.capitalizedIncomeAmortization	22	MNT	L145	2024-01-12	DEBIT	23	145024	Deferred Capitalized Income	55	False	False	-
loanTransactionType.capitalizedIncomeAmortization	22	MNT	L145	2024-01-12	CREDIT	6	404000	Interest Income	55	False	False	-
loanTransactionType.capitalizedIncomeAmortization	22	MNT	L146	2024-01-13	DEBIT	23	145024	Deferred Capitalized Income	55	False	False	-
loanTransactionType.capitalizedIncomeAmortization	22	MNT	L146	2024-01-13	CREDIT	6	404000	Interest Income	55	False	False	-
loanTransactionType.capitalizedIncomeAmortization	22	MNT	L147	2024-01-14	DEBIT	23	145024	Deferred Capitalized Income	55	False	False	-
loanTransactionType.capitalizedIncomeAmortization	22	MNT	L147	2024-01-14	CREDIT	6	404000	Interest Income	55	False	False	-
loanTransactionType.capitalizedIncomeAmortization	22	MNT	L148	2024-01-15	DEBIT	23	145024	Deferred Capitalized Income	55	False	False	-
loanTransactionType.capitalizedIncomeAmortization	22	MNT	L148	2024-01-15	CREDIT	6	404000	Interest Income	55	False	False	-
loanTransactionType.capitalizedIncomeAmortization	22	MNT	L149	2024-01-16	DEBIT	23	145024	Deferred Capitalized Income	55	False	False	-
loanTransactionType.capitalizedIncomeAmortization	22	MNT	L149	2024-01-16	CREDIT	6	404000	Interest Income	55	False	False	-
loanTransactionType.capitalizedIncomeAmortization	22	MNT	L150	2024-01-17	DEBIT	23	145024	Deferred Capitalized Income	55	False	False	-
loanTransactionType.capitalizedIncomeAmortization	22	MNT	L150	2024-01-17	CREDIT	6	404000	Interest Income	55	False	False	-
loanTransactionType.capitalizedIncomeAmortization	22	MNT	L151	2024-01-18	DEBIT	23	145024	Deferred Capitalized Income	55	False	False	-
loanTransactionType.capitalizedIncomeAmortization	22	MNT	L151	2024-01-18	CREDIT	6	404000	Interest Income	55	False	False	-
loanTransactionType.capitalizedIncomeAmortization	22	MNT	L152	2024-01-19	DEBIT	23	145024	Deferred Capitalized Income	55	False	False	-
loanTransactionType.capitalizedIncomeAmortization	22	MNT	L152	2024-01-19	CREDIT	6	404000	Interest Income	55	False	False	-
loanTransactionType.capitalizedIncomeAmortization	22	MNT	L153	2024-01-20	DEBIT	23	145024	Deferred Capitalized Income	55	False	False	-
loanTransactionType.capitalizedIncomeAmortization	22	MNT	L153	2024-01-20	CREDIT	6	404000	Interest Income	55	False	False	-
loanTransactionType.capitalizedIncomeAmortization	22	MNT	L154	2024-01-21	DEBIT	23	145024	Deferred Capitalized Income	55	False	False	-
loanTransactionType.capitalizedIncomeAmortization	22	MNT	L154	2024-01-21	CREDIT	6	404000	Interest Income	55	False	False	-
loanTransactionType.capitalizedIncomeAmortization	22	MNT	L155	2024-01-22	DEBIT	23	145024	Deferred Capitalized Income	55	False	False	-
loanTransactionType.capitalizedIncomeAmortization	22	MNT	L155	2024-01-22	CREDIT	6	404000	Interest Income	55	False	False	-
loanTransactionType.capitalizedIncomeAmortization	22	MNT	L156	2024-01-23	DEBIT	23	145024	Deferred Capitalized Income	55	False	False	-
loanTransactionType.capitalizedIncomeAmortization	22	MNT	L156	2024-01-23	CREDIT	6	404000	Interest Income	55	False	False	-
loanTransactionType.capitalizedIncomeAmortization	22	MNT	L157	2024-01-24	DEBIT	23	145024	Deferred Capitalized Income	55	False	False	-
loanTransactionType.capitalizedIncomeAmortization	22	MNT	L157	2024-01-24	CREDIT	6	404000	Interest Income	55	False	False	-
loanTransactionType.capitalizedIncomeAmortization	22	MNT	L158	2024-01-25	DEBIT	23	145024	Deferred Capitalized Income	55	False	False	-
loanTransactionType.capitalizedIncomeAmortization	22	MNT	L158	2024-01-25	CREDIT	6	404000	Interest Income	55	False	False	-
loanTransactionType.capitalizedIncomeAmortization	22	MNT	L159	2024-01-26	DEBIT	23	145024	Deferred Capitalized Income	55	False	False	-
loanTransactionType.capitalizedIncomeAmortization	22	MNT	L159	2024-01-26	CREDIT	6	404000	Interest Income	55	False	False	-
loanTransactionType.capitalizedIncomeAmortization	22	MNT	L160	2024-01-27	DEBIT	23	145024	Deferred Capitalized Income	55	False	False	-
loanTransactionType.capitalizedIncomeAmortization	22	MNT	L160	2024-01-27	CREDIT	6	404000	Interest Income	55	False	False	-
loanTransactionType.capitalizedIncomeAmortization	22	MNT	L161	2024-01-28	DEBIT	23	145024	Deferred Capitalized Income	54	False	False	-
loanTransactionType.capitalizedIncomeAmortization	22	MNT	L161	2024-01-28	CREDIT	6	404000	Interest Income	54	False	False	-
loanTransactionType.capitalizedIncomeAmortization	22	MNT	L162	2024-01-29	DEBIT	23	145024	Deferred Capitalized Income	55	False	False	-
loanTransactionType.capitalizedIncomeAmortization	22	MNT	L162	2024-01-29	CREDIT	6	404000	Interest Income	55	False	False	-
loanTransactionType.capitalizedIncomeAmortization	22	MNT	L163	2024-01-30	DEBIT	23	145024	Deferred Capitalized Income	55	False	False	-
loanTransactionType.capitalizedIncomeAmortization	22	MNT	L163	2024-01-30	CREDIT	6	404000	Interest Income	55	False	False	-
loanTransactionType.capitalizedIncomeAmortization	22	MNT	L164	2024-01-31	DEBIT	23	145024	Deferred Capitalized Income	55	False	False	-
loanTransactionType.capitalizedIncomeAmortization	22	MNT	L164	2024-01-31	CREDIT	6	404000	Interest Income	55	False	False	-
loanTransactionType.capitalizedIncomeAmortization	22	MNT	L165	2024-02-01	DEBIT	23	145024	Deferred Capitalized Income	55	False	False	-
loanTransactionType.capitalizedIncomeAmortization	22	MNT	L165	2024-02-01	CREDIT	6	404000	Interest Income	55	False	False	-
loanTransactionType.capitalizedIncomeAmortization	22	MNT	L166	2024-02-02	DEBIT	23	145024	Deferred Capitalized Income	55	False	False	-
loanTransactionType.capitalizedIncomeAmortization	22	MNT	L166	2024-02-02	CREDIT	6	404000	Interest Income	55	False	False	-
loanTransactionType.capitalizedIncomeAmortization	22	MNT	L167	2024-02-03	DEBIT	23	145024	Deferred Capitalized Income	55	False	False	-
loanTransactionType.capitalizedIncomeAmortization	22	MNT	L167	2024-02-03	CREDIT	6	404000	Interest Income	55	False	False	-
loanTransactionType.capitalizedIncomeAmortization	22	MNT	L168	2024-02-04	DEBIT	23	145024	Deferred Capitalized Income	55	False	False	-
loanTransactionType.capitalizedIncomeAmortization	22	MNT	L168	2024-02-04	CREDIT	6	404000	Interest Income	55	False	False	-
loanTransactionType.capitalizedIncomeAmortization	22	MNT	L169	2024-02-05	DEBIT	23	145024	Deferred Capitalized Income	55	False	False	-
loanTransactionType.capitalizedIncomeAmortization	22	MNT	L169	2024-02-05	CREDIT	6	404000	Interest Income	55	False	False	-
loanTransactionType.capitalizedIncomeAmortization	22	MNT	L170	2024-02-06	DEBIT	23	145024	Deferred Capitalized Income	55	False	False	-
loanTransactionType.capitalizedIncomeAmortization	22	MNT	L170	2024-02-06	CREDIT	6	404000	Interest Income	55	False	False	-
loanTransactionType.capitalizedIncomeAmortization	22	MNT	L171	2024-02-07	DEBIT	23	145024	Deferred Capitalized Income	55	False	False	-
loanTransactionType.capitalizedIncomeAmortization	22	MNT	L171	2024-02-07	CREDIT	6	404000	Interest Income	55	False	False	-
loanTransactionType.capitalizedIncomeAmortization	22	MNT	L172	2024-02-08	DEBIT	23	145024	Deferred Capitalized Income	55	False	False	-
loanTransactionType.capitalizedIncomeAmortization	22	MNT	L172	2024-02-08	CREDIT	6	404000	Interest Income	55	False	False	-
loanTransactionType.capitalizedIncomeAmortization	22	MNT	L173	2024-02-09	DEBIT	23	145024	Deferred Capitalized Income	55	False	False	-
loanTransactionType.capitalizedIncomeAmortization	22	MNT	L173	2024-02-09	CREDIT	6	404000	Interest Income	55	False	False	-
loanTransactionType.capitalizedIncomeAmortization	22	MNT	L174	2024-02-10	DEBIT	23	145024	Deferred Capitalized Income	55	False	False	-
loanTransactionType.capitalizedIncomeAmortization	22	MNT	L174	2024-02-10	CREDIT	6	404000	Interest Income	55	False	False	-
loanTransactionType.capitalizedIncomeAmortization	22	MNT	L175	2024-02-11	DEBIT	23	145024	Deferred Capitalized Income	55	False	False	-
loanTransactionType.capitalizedIncomeAmortization	22	MNT	L175	2024-02-11	CREDIT	6	404000	Interest Income	55	False	False	-
loanTransactionType.capitalizedIncomeAmortization	22	MNT	L176	2024-02-12	DEBIT	23	145024	Deferred Capitalized Income	55	False	False	-
loanTransactionType.capitalizedIncomeAmortization	22	MNT	L176	2024-02-12	CREDIT	6	404000	Interest Income	55	False	False	-
loanTransactionType.capitalizedIncomeAmortization	22	MNT	L177	2024-02-13	DEBIT	23	145024	Deferred Capitalized Income	55	False	False	-
loanTransactionType.capitalizedIncomeAmortization	22	MNT	L177	2024-02-13	CREDIT	6	404000	Interest Income	55	False	False	-
loanTransactionType.capitalizedIncomeAmortization	22	MNT	L178	2024-02-14	DEBIT	23	145024	Deferred Capitalized Income	55	False	False	-
loanTransactionType.capitalizedIncomeAmortization	22	MNT	L178	2024-02-14	CREDIT	6	404000	Interest Income	55	False	False	-
loanTransactionType.capitalizedIncomeAmortization	22	MNT	L179	2024-02-15	DEBIT	23	145024	Deferred Capitalized Income	54	False	False	-
loanTransactionType.capitalizedIncomeAmortization	22	MNT	L179	2024-02-15	CREDIT	6	404000	Interest Income	54	False	False	-
loanTransactionType.capitalizedIncomeAmortization	22	MNT	L180	2024-02-16	DEBIT	23	145024	Deferred Capitalized Income	55	False	False	-
loanTransactionType.capitalizedIncomeAmortization	22	MNT	L180	2024-02-16	CREDIT	6	404000	Interest Income	55	False	False	-
loanTransactionType.capitalizedIncomeAmortization	22	MNT	L181	2024-02-17	DEBIT	23	145024	Deferred Capitalized Income	55	False	False	-
loanTransactionType.capitalizedIncomeAmortization	22	MNT	L181	2024-02-17	CREDIT	6	404000	Interest Income	55	False	False	-
loanTransactionType.capitalizedIncomeAmortization	22	MNT	L182	2024-02-18	DEBIT	23	145024	Deferred Capitalized Income	55	False	False	-
loanTransactionType.capitalizedIncomeAmortization	22	MNT	L182	2024-02-18	CREDIT	6	404000	Interest Income	55	False	False	-
loanTransactionType.capitalizedIncomeAmortization	22	MNT	L183	2024-02-19	DEBIT	23	145024	Deferred Capitalized Income	55	False	False	-
loanTransactionType.capitalizedIncomeAmortization	22	MNT	L183	2024-02-19	CREDIT	6	404000	Interest Income	55	False	False	-
loanTransactionType.capitalizedIncomeAmortization	22	MNT	L184	2024-02-20	DEBIT	23	145024	Deferred Capitalized Income	55	False	False	-
loanTransactionType.capitalizedIncomeAmortization	22	MNT	L184	2024-02-20	CREDIT	6	404000	Interest Income	55	False	False	-
loanTransactionType.capitalizedIncomeAmortization	22	MNT	L185	2024-02-21	DEBIT	23	145024	Deferred Capitalized Income	55	False	False	-
loanTransactionType.capitalizedIncomeAmortization	22	MNT	L185	2024-02-21	CREDIT	6	404000	Interest Income	55	False	False	-
loanTransactionType.capitalizedIncomeAmortization	22	MNT	L186	2024-02-22	DEBIT	23	145024	Deferred Capitalized Income	55	False	False	-
loanTransactionType.capitalizedIncomeAmortization	22	MNT	L186	2024-02-22	CREDIT	6	404000	Interest Income	55	False	False	-
loanTransactionType.capitalizedIncomeAmortization	22	MNT	L187	2024-02-23	DEBIT	23	145024	Deferred Capitalized Income	55	False	False	-
loanTransactionType.capitalizedIncomeAmortization	22	MNT	L187	2024-02-23	CREDIT	6	404000	Interest Income	55	False	False	-
loanTransactionType.capitalizedIncomeAmortization	22	MNT	L188	2024-02-24	DEBIT	23	145024	Deferred Capitalized Income	55	False	False	-
loanTransactionType.capitalizedIncomeAmortization	22	MNT	L188	2024-02-24	CREDIT	6	404000	Interest Income	55	False	False	-
loanTransactionType.capitalizedIncomeAmortization	22	MNT	L189	2024-02-25	DEBIT	23	145024	Deferred Capitalized Income	55	False	False	-
loanTransactionType.capitalizedIncomeAmortization	22	MNT	L189	2024-02-25	CREDIT	6	404000	Interest Income	55	False	False	-
loanTransactionType.capitalizedIncomeAmortization	22	MNT	L190	2024-02-26	DEBIT	23	145024	Deferred Capitalized Income	55	False	False	-
loanTransactionType.capitalizedIncomeAmortization	22	MNT	L190	2024-02-26	CREDIT	6	404000	Interest Income	55	False	False	-
loanTransactionType.capitalizedIncomeAmortization	22	MNT	L191	2024-02-27	DEBIT	23	145024	Deferred Capitalized Income	55	False	False	-
loanTransactionType.capitalizedIncomeAmortization	22	MNT	L191	2024-02-27	CREDIT	6	404000	Interest Income	55	False	False	-
loanTransactionType.capitalizedIncomeAmortization	22	MNT	L192	2024-02-28	DEBIT	23	145024	Deferred Capitalized Income	55	False	False	-
loanTransactionType.capitalizedIncomeAmortization	22	MNT	L192	2024-02-28	CREDIT	6	404000	Interest Income	55	False	False	-
loanTransactionType.capitalizedIncomeAmortization	22	MNT	L193	2024-02-29	DEBIT	23	145024	Deferred Capitalized Income	55	False	False	-
loanTransactionType.capitalizedIncomeAmortization	22	MNT	L193	2024-02-29	CREDIT	6	404000	Interest Income	55	False	False	-
loanTransactionType.capitalizedIncomeAmortization	22	MNT	L194	2024-03-01	DEBIT	23	145024	Deferred Capitalized Income	55	False	False	-
loanTransactionType.capitalizedIncomeAmortization	22	MNT	L194	2024-03-01	CREDIT	6	404000	Interest Income	55	False	False	-
loanTransactionType.capitalizedIncomeAmortization	22	MNT	L195	2024-03-02	DEBIT	23	145024	Deferred Capitalized Income	55	False	False	-
loanTransactionType.capitalizedIncomeAmortization	22	MNT	L195	2024-03-02	CREDIT	6	404000	Interest Income	55	False	False	-
loanTransactionType.capitalizedIncomeAmortization	22	MNT	L196	2024-03-03	DEBIT	23	145024	Deferred Capitalized Income	55	False	False	-
loanTransactionType.capitalizedIncomeAmortization	22	MNT	L196	2024-03-03	CREDIT	6	404000	Interest Income	55	False	False	-
loanTransactionType.capitalizedIncomeAmortization	22	MNT	L197	2024-03-04	DEBIT	23	145024	Deferred Capitalized Income	54	False	False	-
loanTransactionType.capitalizedIncomeAmortization	22	MNT	L197	2024-03-04	CREDIT	6	404000	Interest Income	54	False	False	-
loanTransactionType.capitalizedIncomeAmortization	22	MNT	L198	2024-03-05	DEBIT	23	145024	Deferred Capitalized Income	55	False	False	-
loanTransactionType.capitalizedIncomeAmortization	22	MNT	L198	2024-03-05	CREDIT	6	404000	Interest Income	55	False	False	-
loanTransactionType.capitalizedIncomeAmortization	22	MNT	L199	2024-03-06	DEBIT	23	145024	Deferred Capitalized Income	55	False	False	-
loanTransactionType.capitalizedIncomeAmortization	22	MNT	L199	2024-03-06	CREDIT	6	404000	Interest Income	55	False	False	-
loanTransactionType.capitalizedIncomeAmortization	22	MNT	L200	2024-03-07	DEBIT	23	145024	Deferred Capitalized Income	55	False	False	-
loanTransactionType.capitalizedIncomeAmortization	22	MNT	L200	2024-03-07	CREDIT	6	404000	Interest Income	55	False	False	-
loanTransactionType.capitalizedIncomeAmortization	22	MNT	L201	2024-03-08	DEBIT	23	145024	Deferred Capitalized Income	55	False	False	-
loanTransactionType.capitalizedIncomeAmortization	22	MNT	L201	2024-03-08	CREDIT	6	404000	Interest Income	55	False	False	-
loanTransactionType.capitalizedIncomeAmortization	22	MNT	L202	2024-03-09	DEBIT	23	145024	Deferred Capitalized Income	55	False	False	-
loanTransactionType.capitalizedIncomeAmortization	22	MNT	L202	2024-03-09	CREDIT	6	404000	Interest Income	55	False	False	-
loanTransactionType.capitalizedIncomeAmortization	22	MNT	L203	2024-03-10	DEBIT	23	145024	Deferred Capitalized Income	55	False	False	-
loanTransactionType.capitalizedIncomeAmortization	22	MNT	L203	2024-03-10	CREDIT	6	404000	Interest Income	55	False	False	-
loanTransactionType.capitalizedIncomeAmortization	22	MNT	L204	2024-03-11	DEBIT	23	145024	Deferred Capitalized Income	55	False	False	-
loanTransactionType.capitalizedIncomeAmortization	22	MNT	L204	2024-03-11	CREDIT	6	404000	Interest Income	55	False	False	-
loanTransactionType.capitalizedIncomeAmortization	22	MNT	L205	2024-03-12	DEBIT	23	145024	Deferred Capitalized Income	55	False	False	-
loanTransactionType.capitalizedIncomeAmortization	22	MNT	L205	2024-03-12	CREDIT	6	404000	Interest Income	55	False	False	-
loanTransactionType.capitalizedIncomeAmortization	22	MNT	L206	2024-03-13	DEBIT	23	145024	Deferred Capitalized Income	55	False	False	-
loanTransactionType.capitalizedIncomeAmortization	22	MNT	L206	2024-03-13	CREDIT	6	404000	Interest Income	55	False	False	-
loanTransactionType.capitalizedIncomeAmortization	22	MNT	L207	2024-03-14	DEBIT	23	145024	Deferred Capitalized Income	55	False	False	-
loanTransactionType.capitalizedIncomeAmortization	22	MNT	L207	2024-03-14	CREDIT	6	404000	Interest Income	55	False	False	-
loanTransactionType.capitalizedIncomeAmortization	22	MNT	L208	2024-03-15	DEBIT	23	145024	Deferred Capitalized Income	55	False	False	-
loanTransactionType.capitalizedIncomeAmortization	22	MNT	L208	2024-03-15	CREDIT	6	404000	Interest Income	55	False	False	-
loanTransactionType.capitalizedIncomeAmortization	22	MNT	L209	2024-03-16	DEBIT	23	145024	Deferred Capitalized Income	55	False	False	-
loanTransactionType.capitalizedIncomeAmortization	22	MNT	L209	2024-03-16	CREDIT	6	404000	Interest Income	55	False	False	-
loanTransactionType.capitalizedIncomeAmortization	22	MNT	L210	2024-03-17	DEBIT	23	145024	Deferred Capitalized Income	55	False	False	-
loanTransactionType.capitalizedIncomeAmortization	22	MNT	L210	2024-03-17	CREDIT	6	404000	Interest Income	55	False	False	-
loanTransactionType.capitalizedIncomeAmortization	22	MNT	L211	2024-03-18	DEBIT	23	145024	Deferred Capitalized Income	55	False	False	-
loanTransactionType.capitalizedIncomeAmortization	22	MNT	L211	2024-03-18	CREDIT	6	404000	Interest Income	55	False	False	-
loanTransactionType.capitalizedIncomeAmortization	22	MNT	L212	2024-03-19	DEBIT	23	145024	Deferred Capitalized Income	55	False	False	-
loanTransactionType.capitalizedIncomeAmortization	22	MNT	L212	2024-03-19	CREDIT	6	404000	Interest Income	55	False	False	-
loanTransactionType.capitalizedIncomeAmortization	22	MNT	L213	2024-03-20	DEBIT	23	145024	Deferred Capitalized Income	55	False	False	-
loanTransactionType.capitalizedIncomeAmortization	22	MNT	L213	2024-03-20	CREDIT	6	404000	Interest Income	55	False	False	-
loanTransactionType.capitalizedIncomeAmortization	22	MNT	L214	2024-03-21	DEBIT	23	145024	Deferred Capitalized Income	55	False	False	-
loanTransactionType.capitalizedIncomeAmortization	22	MNT	L214	2024-03-21	CREDIT	6	404000	Interest Income	55	False	False	-
loanTransactionType.capitalizedIncomeAmortization	22	MNT	L215	2024-03-22	DEBIT	23	145024	Deferred Capitalized Income	54	False	False	-
loanTransactionType.capitalizedIncomeAmortization	22	MNT	L215	2024-03-22	CREDIT	6	404000	Interest Income	54	False	False	-
loanTransactionType.capitalizedIncomeAmortization	22	MNT	L216	2024-03-23	DEBIT	23	145024	Deferred Capitalized Income	55	False	False	-
loanTransactionType.capitalizedIncomeAmortization	22	MNT	L216	2024-03-23	CREDIT	6	404000	Interest Income	55	False	False	-
loanTransactionType.capitalizedIncomeAmortization	22	MNT	L217	2024-03-24	DEBIT	23	145024	Deferred Capitalized Income	55	False	False	-
loanTransactionType.capitalizedIncomeAmortization	22	MNT	L217	2024-03-24	CREDIT	6	404000	Interest Income	55	False	False	-
loanTransactionType.capitalizedIncomeAmortization	22	MNT	L218	2024-03-25	DEBIT	23	145024	Deferred Capitalized Income	55	False	False	-
loanTransactionType.capitalizedIncomeAmortization	22	MNT	L218	2024-03-25	CREDIT	6	404000	Interest Income	55	False	False	-
loanTransactionType.capitalizedIncomeAmortization	22	MNT	L219	2024-03-26	DEBIT	23	145024	Deferred Capitalized Income	55	False	False	-
loanTransactionType.capitalizedIncomeAmortization	22	MNT	L219	2024-03-26	CREDIT	6	404000	Interest Income	55	False	False	-
loanTransactionType.capitalizedIncomeAmortization	22	MNT	L220	2024-03-27	DEBIT	23	145024	Deferred Capitalized Income	55	False	False	-
loanTransactionType.capitalizedIncomeAmortization	22	MNT	L220	2024-03-27	CREDIT	6	404000	Interest Income	55	False	False	-
loanTransactionType.capitalizedIncomeAmortization	22	MNT	L221	2024-03-28	DEBIT	23	145024	Deferred Capitalized Income	55	False	False	-
loanTransactionType.capitalizedIncomeAmortization	22	MNT	L221	2024-03-28	CREDIT	6	404000	Interest Income	55	False	False	-
loanTransactionType.capitalizedIncomeAmortization	22	MNT	L222	2024-03-29	DEBIT	23	145024	Deferred Capitalized Income	55	False	False	-
loanTransactionType.capitalizedIncomeAmortization	22	MNT	L222	2024-03-29	CREDIT	6	404000	Interest Income	55	False	False	-
loanTransactionType.capitalizedIncomeAmortization	22	MNT	L223	2024-03-30	DEBIT	23	145024	Deferred Capitalized Income	55	False	False	-
loanTransactionType.capitalizedIncomeAmortization	22	MNT	L223	2024-03-30	CREDIT	6	404000	Interest Income	55	False	False	-
loanTransactionType.capitalizedIncomeAmortization	22	MNT	L224	2024-03-31	DEBIT	23	145024	Deferred Capitalized Income	55	False	False	-
loanTransactionType.capitalizedIncomeAmortization	22	MNT	L224	2024-03-31	CREDIT	6	404000	Interest Income	55	False	False	-
loanTransactionType.capitalizedIncome	23	MNT	L227	2024-01-01	DEBIT	10	112601	Loans Receivable	5000	False	False	-
loanTransactionType.capitalizedIncome	23	MNT	L227	2024-01-01	CREDIT	23	145024	Deferred Capitalized Income	5000	False	False	-
loanTransactionType.capitalizedIncomeAmortization	23	MNT	L228	2024-01-01	DEBIT	23	145024	Deferred Capitalized Income	55	False	False	-
loanTransactionType.capitalizedIncomeAmortization	23	MNT	L228	2024-01-01	CREDIT	6	404000	Interest Income	55	False	False	-
loanTransactionType.capitalizedIncomeAmortization	23	MNT	L229	2024-01-02	DEBIT	23	145024	Deferred Capitalized Income	55	False	False	-
loanTransactionType.capitalizedIncomeAmortization	23	MNT	L229	2024-01-02	CREDIT	6	404000	Interest Income	55	False	False	-
loanTransactionType.capitalizedIncomeAmortization	23	MNT	L230	2024-01-03	DEBIT	23	145024	Deferred Capitalized Income	55	False	False	-
loanTransactionType.capitalizedIncomeAmortization	23	MNT	L230	2024-01-03	CREDIT	6	404000	Interest Income	55	False	False	-
loanTransactionType.capitalizedIncomeAmortization	23	MNT	L231	2024-01-04	DEBIT	23	145024	Deferred Capitalized Income	55	False	False	-
loanTransactionType.capitalizedIncomeAmortization	23	MNT	L231	2024-01-04	CREDIT	6	404000	Interest Income	55	False	False	-
loanTransactionType.capitalizedIncomeAmortization	23	MNT	L232	2024-01-05	DEBIT	23	145024	Deferred Capitalized Income	55	False	False	-
loanTransactionType.capitalizedIncomeAmortization	23	MNT	L232	2024-01-05	CREDIT	6	404000	Interest Income	55	False	False	-
loanTransactionType.capitalizedIncomeAmortization	23	MNT	L233	2024-01-06	DEBIT	23	145024	Deferred Capitalized Income	55	False	False	-
loanTransactionType.capitalizedIncomeAmortization	23	MNT	L233	2024-01-06	CREDIT	6	404000	Interest Income	55	False	False	-
loanTransactionType.capitalizedIncomeAmortization	23	MNT	L234	2024-01-07	DEBIT	23	145024	Deferred Capitalized Income	55	False	False	-
loanTransactionType.capitalizedIncomeAmortization	23	MNT	L234	2024-01-07	CREDIT	6	404000	Interest Income	55	False	False	-
loanTransactionType.capitalizedIncomeAmortization	23	MNT	L235	2024-01-08	DEBIT	23	145024	Deferred Capitalized Income	55	False	False	-
loanTransactionType.capitalizedIncomeAmortization	23	MNT	L235	2024-01-08	CREDIT	6	404000	Interest Income	55	False	False	-
loanTransactionType.capitalizedIncomeAmortization	23	MNT	L236	2024-01-09	DEBIT	23	145024	Deferred Capitalized Income	55	False	False	-
loanTransactionType.capitalizedIncomeAmortization	23	MNT	L236	2024-01-09	CREDIT	6	404000	Interest Income	55	False	False	-
loanTransactionType.capitalizedIncomeAmortization	23	MNT	L237	2024-01-10	DEBIT	23	145024	Deferred Capitalized Income	54	False	False	-
loanTransactionType.capitalizedIncomeAmortization	23	MNT	L237	2024-01-10	CREDIT	6	404000	Interest Income	54	False	False	-
loanTransactionType.capitalizedIncomeAmortization	23	MNT	L238	2024-01-11	DEBIT	23	145024	Deferred Capitalized Income	55	False	False	-
loanTransactionType.capitalizedIncomeAmortization	23	MNT	L238	2024-01-11	CREDIT	6	404000	Interest Income	55	False	False	-
loanTransactionType.capitalizedIncomeAmortization	23	MNT	L239	2024-01-12	DEBIT	23	145024	Deferred Capitalized Income	55	False	False	-
loanTransactionType.capitalizedIncomeAmortization	23	MNT	L239	2024-01-12	CREDIT	6	404000	Interest Income	55	False	False	-
loanTransactionType.capitalizedIncomeAmortization	23	MNT	L240	2024-01-13	DEBIT	23	145024	Deferred Capitalized Income	55	False	False	-
loanTransactionType.capitalizedIncomeAmortization	23	MNT	L240	2024-01-13	CREDIT	6	404000	Interest Income	55	False	False	-
loanTransactionType.capitalizedIncomeAmortization	23	MNT	L241	2024-01-14	DEBIT	23	145024	Deferred Capitalized Income	55	False	False	-
loanTransactionType.capitalizedIncomeAmortization	23	MNT	L241	2024-01-14	CREDIT	6	404000	Interest Income	55	False	False	-
loanTransactionType.capitalizedIncomeAmortization	23	MNT	L242	2024-01-15	DEBIT	23	145024	Deferred Capitalized Income	55	False	False	-
loanTransactionType.capitalizedIncomeAmortization	23	MNT	L242	2024-01-15	CREDIT	6	404000	Interest Income	55	False	False	-
loanTransactionType.capitalizedIncomeAmortization	23	MNT	L243	2024-01-16	DEBIT	23	145024	Deferred Capitalized Income	55	False	False	-
loanTransactionType.capitalizedIncomeAmortization	23	MNT	L243	2024-01-16	CREDIT	6	404000	Interest Income	55	False	False	-
loanTransactionType.capitalizedIncomeAmortization	23	MNT	L244	2024-01-17	DEBIT	23	145024	Deferred Capitalized Income	55	False	False	-
loanTransactionType.capitalizedIncomeAmortization	23	MNT	L244	2024-01-17	CREDIT	6	404000	Interest Income	55	False	False	-
loanTransactionType.capitalizedIncomeAmortization	23	MNT	L245	2024-01-18	DEBIT	23	145024	Deferred Capitalized Income	55	False	False	-
loanTransactionType.capitalizedIncomeAmortization	23	MNT	L245	2024-01-18	CREDIT	6	404000	Interest Income	55	False	False	-
loanTransactionType.capitalizedIncomeAmortization	23	MNT	L246	2024-01-19	DEBIT	23	145024	Deferred Capitalized Income	55	False	False	-
loanTransactionType.capitalizedIncomeAmortization	23	MNT	L246	2024-01-19	CREDIT	6	404000	Interest Income	55	False	False	-
loanTransactionType.capitalizedIncomeAmortization	23	MNT	L247	2024-01-20	DEBIT	23	145024	Deferred Capitalized Income	55	False	False	-
loanTransactionType.capitalizedIncomeAmortization	23	MNT	L247	2024-01-20	CREDIT	6	404000	Interest Income	55	False	False	-
loanTransactionType.capitalizedIncomeAmortization	23	MNT	L248	2024-01-21	DEBIT	23	145024	Deferred Capitalized Income	55	False	False	-
loanTransactionType.capitalizedIncomeAmortization	23	MNT	L248	2024-01-21	CREDIT	6	404000	Interest Income	55	False	False	-
loanTransactionType.capitalizedIncomeAmortization	23	MNT	L249	2024-01-22	DEBIT	23	145024	Deferred Capitalized Income	55	False	False	-
loanTransactionType.capitalizedIncomeAmortization	23	MNT	L249	2024-01-22	CREDIT	6	404000	Interest Income	55	False	False	-
loanTransactionType.capitalizedIncomeAmortization	23	MNT	L250	2024-01-23	DEBIT	23	145024	Deferred Capitalized Income	55	False	False	-
loanTransactionType.capitalizedIncomeAmortization	23	MNT	L250	2024-01-23	CREDIT	6	404000	Interest Income	55	False	False	-
loanTransactionType.capitalizedIncomeAmortization	23	MNT	L251	2024-01-24	DEBIT	23	145024	Deferred Capitalized Income	55	False	False	-
loanTransactionType.capitalizedIncomeAmortization	23	MNT	L251	2024-01-24	CREDIT	6	404000	Interest Income	55	False	False	-
loanTransactionType.capitalizedIncomeAmortization	23	MNT	L252	2024-01-25	DEBIT	23	145024	Deferred Capitalized Income	55	False	False	-
loanTransactionType.capitalizedIncomeAmortization	23	MNT	L252	2024-01-25	CREDIT	6	404000	Interest Income	55	False	False	-
loanTransactionType.capitalizedIncomeAmortization	23	MNT	L253	2024-01-26	DEBIT	23	145024	Deferred Capitalized Income	55	False	False	-
loanTransactionType.capitalizedIncomeAmortization	23	MNT	L253	2024-01-26	CREDIT	6	404000	Interest Income	55	False	False	-
loanTransactionType.capitalizedIncomeAmortization	23	MNT	L254	2024-01-27	DEBIT	23	145024	Deferred Capitalized Income	55	False	False	-
loanTransactionType.capitalizedIncomeAmortization	23	MNT	L254	2024-01-27	CREDIT	6	404000	Interest Income	55	False	False	-
loanTransactionType.capitalizedIncomeAmortization	23	MNT	L255	2024-01-28	DEBIT	23	145024	Deferred Capitalized Income	54	False	False	-
loanTransactionType.capitalizedIncomeAmortization	23	MNT	L255	2024-01-28	CREDIT	6	404000	Interest Income	54	False	False	-
loanTransactionType.capitalizedIncomeAmortization	23	MNT	L256	2024-01-29	DEBIT	23	145024	Deferred Capitalized Income	55	False	False	-
loanTransactionType.capitalizedIncomeAmortization	23	MNT	L256	2024-01-29	CREDIT	6	404000	Interest Income	55	False	False	-
loanTransactionType.capitalizedIncomeAmortization	23	MNT	L257	2024-01-30	DEBIT	23	145024	Deferred Capitalized Income	55	False	False	-
loanTransactionType.capitalizedIncomeAmortization	23	MNT	L257	2024-01-30	CREDIT	6	404000	Interest Income	55	False	False	-
loanTransactionType.capitalizedIncomeAmortization	23	MNT	L258	2024-01-31	DEBIT	23	145024	Deferred Capitalized Income	55	False	False	-
loanTransactionType.capitalizedIncomeAmortization	23	MNT	L258	2024-01-31	CREDIT	6	404000	Interest Income	55	False	False	-
loanTransactionType.capitalizedIncomeAmortization	23	MNT	L259	2024-02-01	DEBIT	23	145024	Deferred Capitalized Income	55	False	False	-
loanTransactionType.capitalizedIncomeAmortization	23	MNT	L259	2024-02-01	CREDIT	6	404000	Interest Income	55	False	False	-
loanTransactionType.capitalizedIncomeAmortization	23	MNT	L260	2024-02-02	DEBIT	23	145024	Deferred Capitalized Income	55	False	False	-
loanTransactionType.capitalizedIncomeAmortization	23	MNT	L260	2024-02-02	CREDIT	6	404000	Interest Income	55	False	False	-
loanTransactionType.capitalizedIncomeAmortization	23	MNT	L261	2024-02-03	DEBIT	23	145024	Deferred Capitalized Income	55	False	False	-
loanTransactionType.capitalizedIncomeAmortization	23	MNT	L261	2024-02-03	CREDIT	6	404000	Interest Income	55	False	False	-
loanTransactionType.capitalizedIncomeAmortization	23	MNT	L262	2024-02-04	DEBIT	23	145024	Deferred Capitalized Income	55	False	False	-
loanTransactionType.capitalizedIncomeAmortization	23	MNT	L262	2024-02-04	CREDIT	6	404000	Interest Income	55	False	False	-
loanTransactionType.capitalizedIncomeAmortization	23	MNT	L263	2024-02-05	DEBIT	23	145024	Deferred Capitalized Income	55	False	False	-
loanTransactionType.capitalizedIncomeAmortization	23	MNT	L263	2024-02-05	CREDIT	6	404000	Interest Income	55	False	False	-
loanTransactionType.capitalizedIncomeAmortization	23	MNT	L264	2024-02-06	DEBIT	23	145024	Deferred Capitalized Income	55	False	False	-
loanTransactionType.capitalizedIncomeAmortization	23	MNT	L264	2024-02-06	CREDIT	6	404000	Interest Income	55	False	False	-
loanTransactionType.capitalizedIncomeAmortization	23	MNT	L265	2024-02-07	DEBIT	23	145024	Deferred Capitalized Income	55	False	False	-
loanTransactionType.capitalizedIncomeAmortization	23	MNT	L265	2024-02-07	CREDIT	6	404000	Interest Income	55	False	False	-
loanTransactionType.capitalizedIncomeAmortization	23	MNT	L266	2024-02-08	DEBIT	23	145024	Deferred Capitalized Income	55	False	False	-
loanTransactionType.capitalizedIncomeAmortization	23	MNT	L266	2024-02-08	CREDIT	6	404000	Interest Income	55	False	False	-
loanTransactionType.capitalizedIncomeAmortization	23	MNT	L267	2024-02-09	DEBIT	23	145024	Deferred Capitalized Income	55	False	False	-
loanTransactionType.capitalizedIncomeAmortization	23	MNT	L267	2024-02-09	CREDIT	6	404000	Interest Income	55	False	False	-
loanTransactionType.capitalizedIncomeAmortization	23	MNT	L268	2024-02-10	DEBIT	23	145024	Deferred Capitalized Income	55	False	False	-
loanTransactionType.capitalizedIncomeAmortization	23	MNT	L268	2024-02-10	CREDIT	6	404000	Interest Income	55	False	False	-
loanTransactionType.capitalizedIncomeAmortization	23	MNT	L269	2024-02-11	DEBIT	23	145024	Deferred Capitalized Income	55	False	False	-
loanTransactionType.capitalizedIncomeAmortization	23	MNT	L269	2024-02-11	CREDIT	6	404000	Interest Income	55	False	False	-
loanTransactionType.capitalizedIncomeAmortization	23	MNT	L270	2024-02-12	DEBIT	23	145024	Deferred Capitalized Income	55	False	False	-
loanTransactionType.capitalizedIncomeAmortization	23	MNT	L270	2024-02-12	CREDIT	6	404000	Interest Income	55	False	False	-
loanTransactionType.capitalizedIncomeAmortization	23	MNT	L271	2024-02-13	DEBIT	23	145024	Deferred Capitalized Income	55	False	False	-
loanTransactionType.capitalizedIncomeAmortization	23	MNT	L271	2024-02-13	CREDIT	6	404000	Interest Income	55	False	False	-
loanTransactionType.capitalizedIncomeAmortization	23	MNT	L272	2024-02-14	DEBIT	23	145024	Deferred Capitalized Income	55	False	False	-
loanTransactionType.capitalizedIncomeAmortization	23	MNT	L272	2024-02-14	CREDIT	6	404000	Interest Income	55	False	False	-
loanTransactionType.capitalizedIncomeAmortization	23	MNT	L273	2024-02-15	DEBIT	23	145024	Deferred Capitalized Income	54	False	False	-
loanTransactionType.capitalizedIncomeAmortization	23	MNT	L273	2024-02-15	CREDIT	6	404000	Interest Income	54	False	False	-
loanTransactionType.capitalizedIncomeAmortization	23	MNT	L274	2024-02-16	DEBIT	23	145024	Deferred Capitalized Income	55	False	False	-
loanTransactionType.capitalizedIncomeAmortization	23	MNT	L274	2024-02-16	CREDIT	6	404000	Interest Income	55	False	False	-
loanTransactionType.capitalizedIncomeAmortization	23	MNT	L275	2024-02-17	DEBIT	23	145024	Deferred Capitalized Income	55	False	False	-
loanTransactionType.capitalizedIncomeAmortization	23	MNT	L275	2024-02-17	CREDIT	6	404000	Interest Income	55	False	False	-
loanTransactionType.capitalizedIncomeAmortization	23	MNT	L276	2024-02-18	DEBIT	23	145024	Deferred Capitalized Income	55	False	False	-
loanTransactionType.capitalizedIncomeAmortization	23	MNT	L276	2024-02-18	CREDIT	6	404000	Interest Income	55	False	False	-
loanTransactionType.capitalizedIncomeAmortization	23	MNT	L277	2024-02-19	DEBIT	23	145024	Deferred Capitalized Income	55	False	False	-
loanTransactionType.capitalizedIncomeAmortization	23	MNT	L277	2024-02-19	CREDIT	6	404000	Interest Income	55	False	False	-
loanTransactionType.capitalizedIncomeAmortization	23	MNT	L278	2024-02-20	DEBIT	23	145024	Deferred Capitalized Income	55	False	False	-
loanTransactionType.capitalizedIncomeAmortization	23	MNT	L278	2024-02-20	CREDIT	6	404000	Interest Income	55	False	False	-
loanTransactionType.capitalizedIncomeAmortization	23	MNT	L279	2024-02-21	DEBIT	23	145024	Deferred Capitalized Income	55	False	False	-
loanTransactionType.capitalizedIncomeAmortization	23	MNT	L279	2024-02-21	CREDIT	6	404000	Interest Income	55	False	False	-
loanTransactionType.capitalizedIncomeAmortization	23	MNT	L280	2024-02-22	DEBIT	23	145024	Deferred Capitalized Income	55	False	False	-
loanTransactionType.capitalizedIncomeAmortization	23	MNT	L280	2024-02-22	CREDIT	6	404000	Interest Income	55	False	False	-
loanTransactionType.capitalizedIncomeAmortization	23	MNT	L281	2024-02-23	DEBIT	23	145024	Deferred Capitalized Income	55	False	False	-
loanTransactionType.capitalizedIncomeAmortization	23	MNT	L281	2024-02-23	CREDIT	6	404000	Interest Income	55	False	False	-
loanTransactionType.capitalizedIncomeAmortization	23	MNT	L282	2024-02-24	DEBIT	23	145024	Deferred Capitalized Income	55	False	False	-
loanTransactionType.capitalizedIncomeAmortization	23	MNT	L282	2024-02-24	CREDIT	6	404000	Interest Income	55	False	False	-
loanTransactionType.capitalizedIncomeAmortization	23	MNT	L283	2024-02-25	DEBIT	23	145024	Deferred Capitalized Income	55	False	False	-
loanTransactionType.capitalizedIncomeAmortization	23	MNT	L283	2024-02-25	CREDIT	6	404000	Interest Income	55	False	False	-
loanTransactionType.capitalizedIncomeAmortization	23	MNT	L284	2024-02-26	DEBIT	23	145024	Deferred Capitalized Income	55	False	False	-
loanTransactionType.capitalizedIncomeAmortization	23	MNT	L284	2024-02-26	CREDIT	6	404000	Interest Income	55	False	False	-
loanTransactionType.capitalizedIncomeAmortization	23	MNT	L285	2024-02-27	DEBIT	23	145024	Deferred Capitalized Income	55	False	False	-
loanTransactionType.capitalizedIncomeAmortization	23	MNT	L285	2024-02-27	CREDIT	6	404000	Interest Income	55	False	False	-
loanTransactionType.capitalizedIncomeAmortization	23	MNT	L286	2024-02-28	DEBIT	23	145024	Deferred Capitalized Income	55	False	False	-
loanTransactionType.capitalizedIncomeAmortization	23	MNT	L286	2024-02-28	CREDIT	6	404000	Interest Income	55	False	False	-
loanTransactionType.capitalizedIncomeAmortization	23	MNT	L287	2024-02-29	DEBIT	23	145024	Deferred Capitalized Income	55	False	False	-
loanTransactionType.capitalizedIncomeAmortization	23	MNT	L287	2024-02-29	CREDIT	6	404000	Interest Income	55	False	False	-
loanTransactionType.capitalizedIncomeAmortization	23	MNT	L288	2024-03-01	DEBIT	23	145024	Deferred Capitalized Income	55	False	False	-
loanTransactionType.capitalizedIncomeAmortization	23	MNT	L288	2024-03-01	CREDIT	6	404000	Interest Income	55	False	False	-
loanTransactionType.capitalizedIncomeAmortization	23	MNT	L289	2024-03-02	DEBIT	23	145024	Deferred Capitalized Income	55	False	False	-
loanTransactionType.capitalizedIncomeAmortization	23	MNT	L289	2024-03-02	CREDIT	6	404000	Interest Income	55	False	False	-
loanTransactionType.capitalizedIncomeAmortization	23	MNT	L290	2024-03-03	DEBIT	23	145024	Deferred Capitalized Income	55	False	False	-
loanTransactionType.capitalizedIncomeAmortization	23	MNT	L290	2024-03-03	CREDIT	6	404000	Interest Income	55	False	False	-
loanTransactionType.capitalizedIncomeAmortization	23	MNT	L291	2024-03-04	DEBIT	23	145024	Deferred Capitalized Income	54	False	False	-
loanTransactionType.capitalizedIncomeAmortization	23	MNT	L291	2024-03-04	CREDIT	6	404000	Interest Income	54	False	False	-
loanTransactionType.capitalizedIncomeAmortization	23	MNT	L292	2024-03-05	DEBIT	23	145024	Deferred Capitalized Income	55	False	False	-
loanTransactionType.capitalizedIncomeAmortization	23	MNT	L292	2024-03-05	CREDIT	6	404000	Interest Income	55	False	False	-
loanTransactionType.capitalizedIncomeAmortization	23	MNT	L293	2024-03-06	DEBIT	23	145024	Deferred Capitalized Income	55	False	False	-
loanTransactionType.capitalizedIncomeAmortization	23	MNT	L293	2024-03-06	CREDIT	6	404000	Interest Income	55	False	False	-
loanTransactionType.capitalizedIncomeAmortization	23	MNT	L294	2024-03-07	DEBIT	23	145024	Deferred Capitalized Income	55	False	False	-
loanTransactionType.capitalizedIncomeAmortization	23	MNT	L294	2024-03-07	CREDIT	6	404000	Interest Income	55	False	False	-
loanTransactionType.capitalizedIncomeAmortization	23	MNT	L295	2024-03-08	DEBIT	23	145024	Deferred Capitalized Income	55	False	False	-
loanTransactionType.capitalizedIncomeAmortization	23	MNT	L295	2024-03-08	CREDIT	6	404000	Interest Income	55	False	False	-
loanTransactionType.capitalizedIncomeAmortization	23	MNT	L296	2024-03-09	DEBIT	23	145024	Deferred Capitalized Income	55	False	False	-
loanTransactionType.capitalizedIncomeAmortization	23	MNT	L296	2024-03-09	CREDIT	6	404000	Interest Income	55	False	False	-
loanTransactionType.capitalizedIncomeAmortization	23	MNT	L297	2024-03-10	DEBIT	23	145024	Deferred Capitalized Income	55	False	False	-
loanTransactionType.capitalizedIncomeAmortization	23	MNT	L297	2024-03-10	CREDIT	6	404000	Interest Income	55	False	False	-
loanTransactionType.capitalizedIncomeAmortization	23	MNT	L298	2024-03-11	DEBIT	23	145024	Deferred Capitalized Income	55	False	False	-
loanTransactionType.capitalizedIncomeAmortization	23	MNT	L298	2024-03-11	CREDIT	6	404000	Interest Income	55	False	False	-
loanTransactionType.capitalizedIncomeAmortization	23	MNT	L299	2024-03-12	DEBIT	23	145024	Deferred Capitalized Income	55	False	False	-
loanTransactionType.capitalizedIncomeAmortization	23	MNT	L299	2024-03-12	CREDIT	6	404000	Interest Income	55	False	False	-
loanTransactionType.capitalizedIncomeAmortization	23	MNT	L300	2024-03-13	DEBIT	23	145024	Deferred Capitalized Income	55	False	False	-
loanTransactionType.capitalizedIncomeAmortization	23	MNT	L300	2024-03-13	CREDIT	6	404000	Interest Income	55	False	False	-
loanTransactionType.capitalizedIncomeAmortization	23	MNT	L301	2024-03-14	DEBIT	23	145024	Deferred Capitalized Income	55	False	False	-
loanTransactionType.capitalizedIncomeAmortization	23	MNT	L301	2024-03-14	CREDIT	6	404000	Interest Income	55	False	False	-
loanTransactionType.capitalizedIncomeAmortization	23	MNT	L302	2024-03-15	DEBIT	23	145024	Deferred Capitalized Income	55	False	False	-
loanTransactionType.capitalizedIncomeAmortization	23	MNT	L302	2024-03-15	CREDIT	6	404000	Interest Income	55	False	False	-
loanTransactionType.capitalizedIncomeAmortization	23	MNT	L303	2024-03-16	DEBIT	23	145024	Deferred Capitalized Income	55	False	False	-
loanTransactionType.capitalizedIncomeAmortization	23	MNT	L303	2024-03-16	CREDIT	6	404000	Interest Income	55	False	False	-
loanTransactionType.capitalizedIncomeAmortization	23	MNT	L304	2024-03-17	DEBIT	23	145024	Deferred Capitalized Income	55	False	False	-
loanTransactionType.capitalizedIncomeAmortization	23	MNT	L304	2024-03-17	CREDIT	6	404000	Interest Income	55	False	False	-
loanTransactionType.capitalizedIncomeAmortization	23	MNT	L305	2024-03-18	DEBIT	23	145024	Deferred Capitalized Income	55	False	False	-
loanTransactionType.capitalizedIncomeAmortization	23	MNT	L305	2024-03-18	CREDIT	6	404000	Interest Income	55	False	False	-
loanTransactionType.capitalizedIncomeAmortization	23	MNT	L306	2024-03-19	DEBIT	23	145024	Deferred Capitalized Income	55	False	False	-
loanTransactionType.capitalizedIncomeAmortization	23	MNT	L306	2024-03-19	CREDIT	6	404000	Interest Income	55	False	False	-
loanTransactionType.capitalizedIncomeAmortization	23	MNT	L307	2024-03-20	DEBIT	23	145024	Deferred Capitalized Income	55	False	False	-
loanTransactionType.capitalizedIncomeAmortization	23	MNT	L307	2024-03-20	CREDIT	6	404000	Interest Income	55	False	False	-
loanTransactionType.capitalizedIncomeAmortization	23	MNT	L308	2024-03-21	DEBIT	23	145024	Deferred Capitalized Income	55	False	False	-
loanTransactionType.capitalizedIncomeAmortization	23	MNT	L308	2024-03-21	CREDIT	6	404000	Interest Income	55	False	False	-
loanTransactionType.capitalizedIncomeAmortization	23	MNT	L309	2024-03-22	DEBIT	23	145024	Deferred Capitalized Income	54	False	False	-
loanTransactionType.capitalizedIncomeAmortization	23	MNT	L309	2024-03-22	CREDIT	6	404000	Interest Income	54	False	False	-
loanTransactionType.capitalizedIncomeAmortization	23	MNT	L310	2024-03-23	DEBIT	23	145024	Deferred Capitalized Income	55	False	False	-
loanTransactionType.capitalizedIncomeAmortization	23	MNT	L310	2024-03-23	CREDIT	6	404000	Interest Income	55	False	False	-
loanTransactionType.capitalizedIncomeAmortization	23	MNT	L311	2024-03-24	DEBIT	23	145024	Deferred Capitalized Income	55	False	False	-
loanTransactionType.capitalizedIncomeAmortization	23	MNT	L311	2024-03-24	CREDIT	6	404000	Interest Income	55	False	False	-
loanTransactionType.capitalizedIncomeAmortization	23	MNT	L312	2024-03-25	DEBIT	23	145024	Deferred Capitalized Income	55	False	False	-
loanTransactionType.capitalizedIncomeAmortization	23	MNT	L312	2024-03-25	CREDIT	6	404000	Interest Income	55	False	False	-
loanTransactionType.capitalizedIncomeAmortization	23	MNT	L313	2024-03-26	DEBIT	23	145024	Deferred Capitalized Income	55	False	False	-
loanTransactionType.capitalizedIncomeAmortization	23	MNT	L313	2024-03-26	CREDIT	6	404000	Interest Income	55	False	False	-
loanTransactionType.capitalizedIncomeAmortization	23	MNT	L314	2024-03-27	DEBIT	23	145024	Deferred Capitalized Income	55	False	False	-
loanTransactionType.capitalizedIncomeAmortization	23	MNT	L314	2024-03-27	CREDIT	6	404000	Interest Income	55	False	False	-
loanTransactionType.capitalizedIncomeAmortization	23	MNT	L315	2024-03-28	DEBIT	23	145024	Deferred Capitalized Income	55	False	False	-
loanTransactionType.capitalizedIncomeAmortization	23	MNT	L315	2024-03-28	CREDIT	6	404000	Interest Income	55	False	False	-
loanTransactionType.capitalizedIncomeAmortization	23	MNT	L316	2024-03-29	DEBIT	23	145024	Deferred Capitalized Income	55	False	False	-
loanTransactionType.capitalizedIncomeAmortization	23	MNT	L316	2024-03-29	CREDIT	6	404000	Interest Income	55	False	False	-
loanTransactionType.capitalizedIncomeAmortization	23	MNT	L317	2024-03-30	DEBIT	23	145024	Deferred Capitalized Income	55	False	False	-
loanTransactionType.capitalizedIncomeAmortization	23	MNT	L317	2024-03-30	CREDIT	6	404000	Interest Income	55	False	False	-
loanTransactionType.capitalizedIncomeAmortization	23	MNT	L318	2024-03-31	DEBIT	23	145024	Deferred Capitalized Income	55	False	False	-
loanTransactionType.capitalizedIncomeAmortization	23	MNT	L318	2024-03-31	CREDIT	6	404000	Interest Income	55	False	False	-
loanTransactionType.capitalizedIncome	24	MNT	L321	2024-01-02	DEBIT	10	112601	Loans Receivable	10000	True	False	-
loanTransactionType.capitalizedIncome	24	MNT	L321	2024-01-02	CREDIT	23	145024	Deferred Capitalized Income	10000	True	False	-
loanTransactionType.capitalizedIncomeAmortization	24	MNT	L322	2024-01-26	DEBIT	23	145024	Deferred Capitalized Income	8333	True	True	L324
loanTransactionType.capitalizedIncomeAmortization	24	MNT	L322	2024-01-26	CREDIT	6	404000	Interest Income	8333	True	True	L324
loanTransactionType.capitalizedIncomeAmortization	24	MNT	L325	2024-01-26	DEBIT	23	145024	Deferred Capitalized Income	1667	True	True	L324
loanTransactionType.capitalizedIncomeAmortization	24	MNT	L325	2024-01-26	CREDIT	14	744007	Credit Loss/Bad Debt	1667	True	True	L324
loanTransactionType.capitalizedIncome	25	MNT	L328	2024-01-02	DEBIT	10	112601	Loans Receivable	10000	True	False	-
loanTransactionType.capitalizedIncome	25	MNT	L328	2024-01-02	CREDIT	23	145024	Deferred Capitalized Income	10000	True	False	-
loanTransactionType.capitalizedIncomeAmortization	25	MNT	L329	2024-01-26	DEBIT	23	145024	Deferred Capitalized Income	8333	True	True	L331
loanTransactionType.capitalizedIncomeAmortization	25	MNT	L329	2024-01-26	CREDIT	6	404000	Interest Income	8333	True	True	L331
loanTransactionType.capitalizedIncomeAmortization	25	MNT	L332	2024-01-26	DEBIT	23	145024	Deferred Capitalized Income	1667	True	True	L331
loanTransactionType.capitalizedIncomeAmortization	25	MNT	L332	2024-01-26	CREDIT	12	744037	Credit Loss/Bad Debt-Fraud	1667	True	True	L331
loanTransactionType.capitalizedIncome	26	MNT	L335	2024-01-02	DEBIT	10	112601	Loans Receivable	10000	True	False	-
loanTransactionType.capitalizedIncome	26	MNT	L335	2024-01-02	CREDIT	23	145024	Deferred Capitalized Income	10000	True	False	-
loanTransactionType.capitalizedIncomeAmortization	26	MNT	L336	2024-01-26	DEBIT	23	145024	Deferred Capitalized Income	8333	True	True	L338
loanTransactionType.capitalizedIncomeAmortization	26	MNT	L336	2024-01-26	CREDIT	6	404000	Interest Income	8333	True	True	L338
loanTransactionType.capitalizedIncomeAmortization	26	MNT	L339	2024-01-26	DEBIT	23	145024	Deferred Capitalized Income	1667	True	True	L338
loanTransactionType.capitalizedIncomeAmortization	26	MNT	L339	2024-01-26	CREDIT	14	744007	Credit Loss/Bad Debt	1667	True	True	L338
loanTransactionType.capitalizedIncome	27	MNT	L342	2024-01-02	DEBIT	10	112601	Loans Receivable	10000	True	False	-
loanTransactionType.capitalizedIncome	27	MNT	L342	2024-01-02	CREDIT	23	145024	Deferred Capitalized Income	10000	True	False	-
loanTransactionType.capitalizedIncomeAmortization	27	MNT	L343	2024-01-26	DEBIT	23	145024	Deferred Capitalized Income	8333	True	False	-
loanTransactionType.capitalizedIncomeAmortization	27	MNT	L343	2024-01-26	CREDIT	6	404000	Interest Income	8333	True	False	-
loanTransactionType.capitalizedIncomeAmortization	27	MNT	L346	2024-01-26	DEBIT	14	744007	Credit Loss/Bad Debt	1667	True	False	-
loanTransactionType.capitalizedIncomeAmortization	27	MNT	L346	2024-01-26	DEBIT	23	145024	Deferred Capitalized Income	1667	True	False	-
loanTransactionType.capitalizedIncomeAmortization	27	MNT	L346	2024-01-26	CREDIT	14	744007	Credit Loss/Bad Debt	1667	True	False	-
loanTransactionType.capitalizedIncomeAmortization	27	MNT	L346	2024-01-26	CREDIT	23	145024	Deferred Capitalized Income	1667	True	False	-
loanTransactionType.capitalizedIncomeAmortization	27	MNT	L348	2024-01-26	DEBIT	23	145024	Deferred Capitalized Income	1667	True	False	-
loanTransactionType.capitalizedIncomeAmortization	27	MNT	L348	2024-01-26	CREDIT	6	404000	Interest Income	1667	True	False	-
loanTransactionType.capitalizedIncome	28	MNT	L350	2024-01-01	DEBIT	10	112601	Loans Receivable	5000	False	False	-
loanTransactionType.capitalizedIncome	28	MNT	L350	2024-01-01	CREDIT	23	145024	Deferred Capitalized Income	5000	False	False	-
loanTransactionType.capitalizedIncomeAmortization	28	MNT	L351	2024-01-01	DEBIT	23	145024	Deferred Capitalized Income	55	False	False	-
loanTransactionType.capitalizedIncomeAmortization	28	MNT	L351	2024-01-01	CREDIT	6	404000	Interest Income	55	False	False	-
loanTransactionType.capitalizedIncomeAmortization	28	MNT	L353	2024-01-02	DEBIT	23	145024	Deferred Capitalized Income	55	False	False	-
loanTransactionType.capitalizedIncomeAmortization	28	MNT	L353	2024-01-02	CREDIT	6	404000	Interest Income	55	False	False	-
loanTransactionType.capitalizedIncomeAmortization	28	MNT	L355	2024-01-03	DEBIT	23	145024	Deferred Capitalized Income	55	False	False	-
loanTransactionType.capitalizedIncomeAmortization	28	MNT	L355	2024-01-03	CREDIT	6	404000	Interest Income	55	False	False	-
loanTransactionType.capitalizedIncomeAmortization	28	MNT	L357	2024-01-04	DEBIT	23	145024	Deferred Capitalized Income	55	False	False	-
loanTransactionType.capitalizedIncomeAmortization	28	MNT	L357	2024-01-04	CREDIT	6	404000	Interest Income	55	False	False	-
loanTransactionType.capitalizedIncomeAmortization	28	MNT	L359	2024-01-05	DEBIT	23	145024	Deferred Capitalized Income	55	False	False	-
loanTransactionType.capitalizedIncomeAmortization	28	MNT	L359	2024-01-05	CREDIT	6	404000	Interest Income	55	False	False	-
loanTransactionType.capitalizedIncomeAmortization	28	MNT	L361	2024-01-06	DEBIT	23	145024	Deferred Capitalized Income	55	False	False	-
loanTransactionType.capitalizedIncomeAmortization	28	MNT	L361	2024-01-06	CREDIT	6	404000	Interest Income	55	False	False	-
loanTransactionType.capitalizedIncomeAmortization	28	MNT	L363	2024-01-07	DEBIT	23	145024	Deferred Capitalized Income	55	False	False	-
loanTransactionType.capitalizedIncomeAmortization	28	MNT	L363	2024-01-07	CREDIT	6	404000	Interest Income	55	False	False	-
loanTransactionType.capitalizedIncomeAmortization	28	MNT	L365	2024-01-08	DEBIT	23	145024	Deferred Capitalized Income	55	False	False	-
loanTransactionType.capitalizedIncomeAmortization	28	MNT	L365	2024-01-08	CREDIT	6	404000	Interest Income	55	False	False	-
loanTransactionType.capitalizedIncomeAmortization	28	MNT	L367	2024-01-09	DEBIT	23	145024	Deferred Capitalized Income	55	False	False	-
loanTransactionType.capitalizedIncomeAmortization	28	MNT	L367	2024-01-09	CREDIT	6	404000	Interest Income	55	False	False	-
loanTransactionType.capitalizedIncomeAmortization	28	MNT	L369	2024-01-10	DEBIT	23	145024	Deferred Capitalized Income	54	False	False	-
loanTransactionType.capitalizedIncomeAmortization	28	MNT	L369	2024-01-10	CREDIT	6	404000	Interest Income	54	False	False	-
loanTransactionType.capitalizedIncomeAmortization	28	MNT	L371	2024-01-11	DEBIT	23	145024	Deferred Capitalized Income	55	False	False	-
loanTransactionType.capitalizedIncomeAmortization	28	MNT	L371	2024-01-11	CREDIT	6	404000	Interest Income	55	False	False	-
loanTransactionType.capitalizedIncomeAmortization	28	MNT	L373	2024-01-12	DEBIT	23	145024	Deferred Capitalized Income	55	False	False	-
loanTransactionType.capitalizedIncomeAmortization	28	MNT	L373	2024-01-12	CREDIT	6	404000	Interest Income	55	False	False	-
loanTransactionType.capitalizedIncomeAmortization	28	MNT	L375	2024-01-13	DEBIT	23	145024	Deferred Capitalized Income	55	False	False	-
loanTransactionType.capitalizedIncomeAmortization	28	MNT	L375	2024-01-13	CREDIT	6	404000	Interest Income	55	False	False	-
loanTransactionType.capitalizedIncomeAmortization	28	MNT	L377	2024-01-14	DEBIT	23	145024	Deferred Capitalized Income	55	False	False	-
loanTransactionType.capitalizedIncomeAmortization	28	MNT	L377	2024-01-14	CREDIT	6	404000	Interest Income	55	False	False	-
loanTransactionType.capitalizedIncomeAmortization	28	MNT	L379	2024-01-15	DEBIT	23	145024	Deferred Capitalized Income	55	False	False	-
loanTransactionType.capitalizedIncomeAmortization	28	MNT	L379	2024-01-15	CREDIT	6	404000	Interest Income	55	False	False	-
loanTransactionType.capitalizedIncomeAmortization	28	MNT	L381	2024-01-16	DEBIT	23	145024	Deferred Capitalized Income	55	False	False	-
loanTransactionType.capitalizedIncomeAmortization	28	MNT	L381	2024-01-16	CREDIT	6	404000	Interest Income	55	False	False	-
loanTransactionType.capitalizedIncomeAmortization	28	MNT	L383	2024-01-17	DEBIT	23	145024	Deferred Capitalized Income	55	False	False	-
loanTransactionType.capitalizedIncomeAmortization	28	MNT	L383	2024-01-17	CREDIT	6	404000	Interest Income	55	False	False	-
loanTransactionType.capitalizedIncomeAmortization	28	MNT	L385	2024-01-18	DEBIT	23	145024	Deferred Capitalized Income	55	False	False	-
loanTransactionType.capitalizedIncomeAmortization	28	MNT	L385	2024-01-18	CREDIT	6	404000	Interest Income	55	False	False	-
loanTransactionType.capitalizedIncomeAmortization	28	MNT	L387	2024-01-19	DEBIT	23	145024	Deferred Capitalized Income	55	False	False	-
loanTransactionType.capitalizedIncomeAmortization	28	MNT	L387	2024-01-19	CREDIT	6	404000	Interest Income	55	False	False	-
loanTransactionType.capitalizedIncomeAmortization	28	MNT	L389	2024-01-20	DEBIT	23	145024	Deferred Capitalized Income	55	False	False	-
loanTransactionType.capitalizedIncomeAmortization	28	MNT	L389	2024-01-20	CREDIT	6	404000	Interest Income	55	False	False	-
loanTransactionType.capitalizedIncomeAmortization	28	MNT	L391	2024-01-21	DEBIT	23	145024	Deferred Capitalized Income	55	False	False	-
loanTransactionType.capitalizedIncomeAmortization	28	MNT	L391	2024-01-21	CREDIT	6	404000	Interest Income	55	False	False	-
loanTransactionType.capitalizedIncomeAmortization	28	MNT	L393	2024-01-22	DEBIT	23	145024	Deferred Capitalized Income	55	False	False	-
loanTransactionType.capitalizedIncomeAmortization	28	MNT	L393	2024-01-22	CREDIT	6	404000	Interest Income	55	False	False	-
loanTransactionType.capitalizedIncomeAmortization	28	MNT	L395	2024-01-23	DEBIT	23	145024	Deferred Capitalized Income	55	False	False	-
loanTransactionType.capitalizedIncomeAmortization	28	MNT	L395	2024-01-23	CREDIT	6	404000	Interest Income	55	False	False	-
loanTransactionType.capitalizedIncomeAmortization	28	MNT	L397	2024-01-24	DEBIT	23	145024	Deferred Capitalized Income	55	False	False	-
loanTransactionType.capitalizedIncomeAmortization	28	MNT	L397	2024-01-24	CREDIT	6	404000	Interest Income	55	False	False	-
loanTransactionType.capitalizedIncomeAmortization	28	MNT	L399	2024-01-25	DEBIT	23	145024	Deferred Capitalized Income	55	False	False	-
loanTransactionType.capitalizedIncomeAmortization	28	MNT	L399	2024-01-25	CREDIT	6	404000	Interest Income	55	False	False	-
loanTransactionType.capitalizedIncomeAmortization	28	MNT	L401	2024-01-26	DEBIT	23	145024	Deferred Capitalized Income	55	False	False	-
loanTransactionType.capitalizedIncomeAmortization	28	MNT	L401	2024-01-26	CREDIT	6	404000	Interest Income	55	False	False	-
loanTransactionType.capitalizedIncomeAmortization	28	MNT	L403	2024-01-27	DEBIT	23	145024	Deferred Capitalized Income	55	False	False	-
loanTransactionType.capitalizedIncomeAmortization	28	MNT	L403	2024-01-27	CREDIT	6	404000	Interest Income	55	False	False	-
loanTransactionType.capitalizedIncomeAmortization	28	MNT	L405	2024-01-28	DEBIT	23	145024	Deferred Capitalized Income	54	False	False	-
loanTransactionType.capitalizedIncomeAmortization	28	MNT	L405	2024-01-28	CREDIT	6	404000	Interest Income	54	False	False	-
loanTransactionType.capitalizedIncomeAmortization	28	MNT	L407	2024-01-29	DEBIT	23	145024	Deferred Capitalized Income	55	False	False	-
loanTransactionType.capitalizedIncomeAmortization	28	MNT	L407	2024-01-29	CREDIT	6	404000	Interest Income	55	False	False	-
loanTransactionType.capitalizedIncomeAmortization	28	MNT	L409	2024-01-30	DEBIT	23	145024	Deferred Capitalized Income	55	False	False	-
loanTransactionType.capitalizedIncomeAmortization	28	MNT	L409	2024-01-30	CREDIT	6	404000	Interest Income	55	False	False	-
loanTransactionType.capitalizedIncomeAmortization	28	MNT	L411	2024-01-31	DEBIT	23	145024	Deferred Capitalized Income	55	False	False	-
loanTransactionType.capitalizedIncomeAmortization	28	MNT	L411	2024-01-31	CREDIT	6	404000	Interest Income	55	False	False	-
loanTransactionType.capitalizedIncomeAmortization	28	MNT	L414	2024-02-01	DEBIT	23	145024	Deferred Capitalized Income	55	False	False	-
loanTransactionType.capitalizedIncomeAmortization	28	MNT	L414	2024-02-01	CREDIT	6	404000	Interest Income	55	False	False	-
loanTransactionType.capitalizedIncomeAmortization	28	MNT	L416	2024-02-02	DEBIT	23	145024	Deferred Capitalized Income	55	False	False	-
loanTransactionType.capitalizedIncomeAmortization	28	MNT	L416	2024-02-02	CREDIT	6	404000	Interest Income	55	False	False	-
loanTransactionType.capitalizedIncomeAmortization	28	MNT	L418	2024-02-03	DEBIT	23	145024	Deferred Capitalized Income	55	False	False	-
loanTransactionType.capitalizedIncomeAmortization	28	MNT	L418	2024-02-03	CREDIT	6	404000	Interest Income	55	False	False	-
loanTransactionType.capitalizedIncomeAmortization	28	MNT	L420	2024-02-04	DEBIT	23	145024	Deferred Capitalized Income	55	False	False	-
loanTransactionType.capitalizedIncomeAmortization	28	MNT	L420	2024-02-04	CREDIT	6	404000	Interest Income	55	False	False	-
loanTransactionType.capitalizedIncomeAmortization	28	MNT	L422	2024-02-05	DEBIT	23	145024	Deferred Capitalized Income	55	False	False	-
loanTransactionType.capitalizedIncomeAmortization	28	MNT	L422	2024-02-05	CREDIT	6	404000	Interest Income	55	False	False	-
loanTransactionType.capitalizedIncomeAmortization	28	MNT	L424	2024-02-06	DEBIT	23	145024	Deferred Capitalized Income	55	False	False	-
loanTransactionType.capitalizedIncomeAmortization	28	MNT	L424	2024-02-06	CREDIT	6	404000	Interest Income	55	False	False	-
loanTransactionType.capitalizedIncomeAmortization	28	MNT	L426	2024-02-07	DEBIT	23	145024	Deferred Capitalized Income	55	False	False	-
loanTransactionType.capitalizedIncomeAmortization	28	MNT	L426	2024-02-07	CREDIT	6	404000	Interest Income	55	False	False	-
loanTransactionType.capitalizedIncomeAmortization	28	MNT	L428	2024-02-08	DEBIT	23	145024	Deferred Capitalized Income	55	False	False	-
loanTransactionType.capitalizedIncomeAmortization	28	MNT	L428	2024-02-08	CREDIT	6	404000	Interest Income	55	False	False	-
loanTransactionType.capitalizedIncomeAmortization	28	MNT	L430	2024-02-09	DEBIT	23	145024	Deferred Capitalized Income	55	False	False	-
loanTransactionType.capitalizedIncomeAmortization	28	MNT	L430	2024-02-09	CREDIT	6	404000	Interest Income	55	False	False	-
loanTransactionType.capitalizedIncomeAmortization	28	MNT	L432	2024-02-10	DEBIT	23	145024	Deferred Capitalized Income	55	False	False	-
loanTransactionType.capitalizedIncomeAmortization	28	MNT	L432	2024-02-10	CREDIT	6	404000	Interest Income	55	False	False	-
loanTransactionType.capitalizedIncomeAmortization	28	MNT	L434	2024-02-11	DEBIT	23	145024	Deferred Capitalized Income	55	False	False	-
loanTransactionType.capitalizedIncomeAmortization	28	MNT	L434	2024-02-11	CREDIT	6	404000	Interest Income	55	False	False	-
loanTransactionType.capitalizedIncomeAmortization	28	MNT	L436	2024-02-12	DEBIT	23	145024	Deferred Capitalized Income	55	False	False	-
loanTransactionType.capitalizedIncomeAmortization	28	MNT	L436	2024-02-12	CREDIT	6	404000	Interest Income	55	False	False	-
loanTransactionType.capitalizedIncomeAmortization	28	MNT	L438	2024-02-13	DEBIT	23	145024	Deferred Capitalized Income	55	False	False	-
loanTransactionType.capitalizedIncomeAmortization	28	MNT	L438	2024-02-13	CREDIT	6	404000	Interest Income	55	False	False	-
loanTransactionType.capitalizedIncomeAmortization	28	MNT	L440	2024-02-14	DEBIT	23	145024	Deferred Capitalized Income	55	False	False	-
loanTransactionType.capitalizedIncomeAmortization	28	MNT	L440	2024-02-14	CREDIT	6	404000	Interest Income	55	False	False	-
loanTransactionType.capitalizedIncomeAmortization	28	MNT	L442	2024-02-15	DEBIT	23	145024	Deferred Capitalized Income	54	False	False	-
loanTransactionType.capitalizedIncomeAmortization	28	MNT	L442	2024-02-15	CREDIT	6	404000	Interest Income	54	False	False	-
loanTransactionType.capitalizedIncomeAmortization	28	MNT	L444	2024-02-16	DEBIT	23	145024	Deferred Capitalized Income	55	False	False	-
loanTransactionType.capitalizedIncomeAmortization	28	MNT	L444	2024-02-16	CREDIT	6	404000	Interest Income	55	False	False	-
loanTransactionType.capitalizedIncomeAmortization	28	MNT	L446	2024-02-17	DEBIT	23	145024	Deferred Capitalized Income	55	False	False	-
loanTransactionType.capitalizedIncomeAmortization	28	MNT	L446	2024-02-17	CREDIT	6	404000	Interest Income	55	False	False	-
loanTransactionType.capitalizedIncomeAmortization	28	MNT	L448	2024-02-18	DEBIT	23	145024	Deferred Capitalized Income	55	False	False	-
loanTransactionType.capitalizedIncomeAmortization	28	MNT	L448	2024-02-18	CREDIT	6	404000	Interest Income	55	False	False	-
loanTransactionType.capitalizedIncomeAmortization	28	MNT	L450	2024-02-19	DEBIT	23	145024	Deferred Capitalized Income	55	False	False	-
loanTransactionType.capitalizedIncomeAmortization	28	MNT	L450	2024-02-19	CREDIT	6	404000	Interest Income	55	False	False	-
loanTransactionType.capitalizedIncomeAmortization	28	MNT	L452	2024-02-20	DEBIT	23	145024	Deferred Capitalized Income	55	False	False	-
loanTransactionType.capitalizedIncomeAmortization	28	MNT	L452	2024-02-20	CREDIT	6	404000	Interest Income	55	False	False	-
loanTransactionType.capitalizedIncomeAmortization	28	MNT	L454	2024-02-21	DEBIT	23	145024	Deferred Capitalized Income	55	False	False	-
loanTransactionType.capitalizedIncomeAmortization	28	MNT	L454	2024-02-21	CREDIT	6	404000	Interest Income	55	False	False	-
loanTransactionType.capitalizedIncomeAmortization	28	MNT	L456	2024-02-22	DEBIT	23	145024	Deferred Capitalized Income	55	False	False	-
loanTransactionType.capitalizedIncomeAmortization	28	MNT	L456	2024-02-22	CREDIT	6	404000	Interest Income	55	False	False	-
loanTransactionType.capitalizedIncomeAmortization	28	MNT	L458	2024-02-23	DEBIT	23	145024	Deferred Capitalized Income	55	False	False	-
loanTransactionType.capitalizedIncomeAmortization	28	MNT	L458	2024-02-23	CREDIT	6	404000	Interest Income	55	False	False	-
loanTransactionType.capitalizedIncomeAmortization	28	MNT	L460	2024-02-24	DEBIT	23	145024	Deferred Capitalized Income	55	False	False	-
loanTransactionType.capitalizedIncomeAmortization	28	MNT	L460	2024-02-24	CREDIT	6	404000	Interest Income	55	False	False	-
loanTransactionType.capitalizedIncomeAmortization	28	MNT	L462	2024-02-25	DEBIT	23	145024	Deferred Capitalized Income	55	False	False	-
loanTransactionType.capitalizedIncomeAmortization	28	MNT	L462	2024-02-25	CREDIT	6	404000	Interest Income	55	False	False	-
loanTransactionType.capitalizedIncomeAmortization	28	MNT	L464	2024-02-26	DEBIT	23	145024	Deferred Capitalized Income	55	False	False	-
loanTransactionType.capitalizedIncomeAmortization	28	MNT	L464	2024-02-26	CREDIT	6	404000	Interest Income	55	False	False	-
loanTransactionType.capitalizedIncomeAmortization	28	MNT	L466	2024-02-27	DEBIT	23	145024	Deferred Capitalized Income	55	False	False	-
loanTransactionType.capitalizedIncomeAmortization	28	MNT	L466	2024-02-27	CREDIT	6	404000	Interest Income	55	False	False	-
loanTransactionType.capitalizedIncomeAmortization	28	MNT	L468	2024-02-28	DEBIT	23	145024	Deferred Capitalized Income	55	False	False	-
loanTransactionType.capitalizedIncomeAmortization	28	MNT	L468	2024-02-28	CREDIT	6	404000	Interest Income	55	False	False	-
loanTransactionType.capitalizedIncomeAmortization	28	MNT	L470	2024-02-29	DEBIT	23	145024	Deferred Capitalized Income	55	False	False	-
loanTransactionType.capitalizedIncomeAmortization	28	MNT	L470	2024-02-29	CREDIT	6	404000	Interest Income	55	False	False	-
loanTransactionType.capitalizedIncomeAmortization	28	MNT	L473	2024-03-01	DEBIT	23	145024	Deferred Capitalized Income	55	False	False	-
loanTransactionType.capitalizedIncomeAmortization	28	MNT	L473	2024-03-01	CREDIT	6	404000	Interest Income	55	False	False	-
loanTransactionType.capitalizedIncomeAmortization	28	MNT	L475	2024-03-02	DEBIT	23	145024	Deferred Capitalized Income	55	False	False	-
loanTransactionType.capitalizedIncomeAmortization	28	MNT	L475	2024-03-02	CREDIT	6	404000	Interest Income	55	False	False	-
loanTransactionType.capitalizedIncomeAmortization	28	MNT	L477	2024-03-03	DEBIT	23	145024	Deferred Capitalized Income	55	False	False	-
loanTransactionType.capitalizedIncomeAmortization	28	MNT	L477	2024-03-03	CREDIT	6	404000	Interest Income	55	False	False	-
loanTransactionType.capitalizedIncomeAmortization	28	MNT	L479	2024-03-04	DEBIT	23	145024	Deferred Capitalized Income	54	False	False	-
loanTransactionType.capitalizedIncomeAmortization	28	MNT	L479	2024-03-04	CREDIT	6	404000	Interest Income	54	False	False	-
loanTransactionType.capitalizedIncomeAmortization	28	MNT	L481	2024-03-05	DEBIT	23	145024	Deferred Capitalized Income	55	False	False	-
loanTransactionType.capitalizedIncomeAmortization	28	MNT	L481	2024-03-05	CREDIT	6	404000	Interest Income	55	False	False	-
loanTransactionType.capitalizedIncomeAmortization	28	MNT	L483	2024-03-06	DEBIT	23	145024	Deferred Capitalized Income	55	False	False	-
loanTransactionType.capitalizedIncomeAmortization	28	MNT	L483	2024-03-06	CREDIT	6	404000	Interest Income	55	False	False	-
loanTransactionType.capitalizedIncomeAmortization	28	MNT	L485	2024-03-07	DEBIT	23	145024	Deferred Capitalized Income	55	False	False	-
loanTransactionType.capitalizedIncomeAmortization	28	MNT	L485	2024-03-07	CREDIT	6	404000	Interest Income	55	False	False	-
loanTransactionType.capitalizedIncomeAmortization	28	MNT	L487	2024-03-08	DEBIT	23	145024	Deferred Capitalized Income	55	False	False	-
loanTransactionType.capitalizedIncomeAmortization	28	MNT	L487	2024-03-08	CREDIT	6	404000	Interest Income	55	False	False	-
loanTransactionType.capitalizedIncomeAmortization	28	MNT	L489	2024-03-09	DEBIT	23	145024	Deferred Capitalized Income	55	False	False	-
loanTransactionType.capitalizedIncomeAmortization	28	MNT	L489	2024-03-09	CREDIT	6	404000	Interest Income	55	False	False	-
loanTransactionType.capitalizedIncomeAmortization	28	MNT	L491	2024-03-10	DEBIT	23	145024	Deferred Capitalized Income	55	False	False	-
loanTransactionType.capitalizedIncomeAmortization	28	MNT	L491	2024-03-10	CREDIT	6	404000	Interest Income	55	False	False	-
loanTransactionType.capitalizedIncomeAmortization	28	MNT	L492	2024-03-11	DEBIT	23	145024	Deferred Capitalized Income	55	False	False	-
loanTransactionType.capitalizedIncomeAmortization	28	MNT	L492	2024-03-11	CREDIT	6	404000	Interest Income	55	False	False	-
loanTransactionType.capitalizedIncomeAmortization	28	MNT	L494	2024-03-12	DEBIT	23	145024	Deferred Capitalized Income	55	False	False	-
loanTransactionType.capitalizedIncomeAmortization	28	MNT	L494	2024-03-12	CREDIT	6	404000	Interest Income	55	False	False	-
loanTransactionType.capitalizedIncomeAmortization	28	MNT	L496	2024-03-13	DEBIT	23	145024	Deferred Capitalized Income	55	False	False	-
loanTransactionType.capitalizedIncomeAmortization	28	MNT	L496	2024-03-13	CREDIT	6	404000	Interest Income	55	False	False	-
loanTransactionType.capitalizedIncomeAmortization	28	MNT	L498	2024-03-14	DEBIT	23	145024	Deferred Capitalized Income	55	False	False	-
loanTransactionType.capitalizedIncomeAmortization	28	MNT	L498	2024-03-14	CREDIT	6	404000	Interest Income	55	False	False	-
loanTransactionType.capitalizedIncomeAmortization	28	MNT	L500	2024-03-15	DEBIT	23	145024	Deferred Capitalized Income	55	False	False	-
loanTransactionType.capitalizedIncomeAmortization	28	MNT	L500	2024-03-15	CREDIT	6	404000	Interest Income	55	False	False	-
loanTransactionType.capitalizedIncomeAmortization	28	MNT	L502	2024-03-16	DEBIT	23	145024	Deferred Capitalized Income	55	False	False	-
loanTransactionType.capitalizedIncomeAmortization	28	MNT	L502	2024-03-16	CREDIT	6	404000	Interest Income	55	False	False	-
loanTransactionType.capitalizedIncomeAmortization	28	MNT	L504	2024-03-17	DEBIT	23	145024	Deferred Capitalized Income	55	False	False	-
loanTransactionType.capitalizedIncomeAmortization	28	MNT	L504	2024-03-17	CREDIT	6	404000	Interest Income	55	False	False	-
loanTransactionType.capitalizedIncomeAmortization	28	MNT	L506	2024-03-18	DEBIT	23	145024	Deferred Capitalized Income	55	False	False	-
loanTransactionType.capitalizedIncomeAmortization	28	MNT	L506	2024-03-18	CREDIT	6	404000	Interest Income	55	False	False	-
loanTransactionType.capitalizedIncomeAmortization	28	MNT	L508	2024-03-19	DEBIT	23	145024	Deferred Capitalized Income	55	False	False	-
loanTransactionType.capitalizedIncomeAmortization	28	MNT	L508	2024-03-19	CREDIT	6	404000	Interest Income	55	False	False	-
loanTransactionType.capitalizedIncomeAmortization	28	MNT	L510	2024-03-20	DEBIT	23	145024	Deferred Capitalized Income	55	False	False	-
loanTransactionType.capitalizedIncomeAmortization	28	MNT	L510	2024-03-20	CREDIT	6	404000	Interest Income	55	False	False	-
loanTransactionType.capitalizedIncomeAmortization	28	MNT	L512	2024-03-21	DEBIT	23	145024	Deferred Capitalized Income	55	False	False	-
loanTransactionType.capitalizedIncomeAmortization	28	MNT	L512	2024-03-21	CREDIT	6	404000	Interest Income	55	False	False	-
loanTransactionType.capitalizedIncomeAmortization	28	MNT	L514	2024-03-22	DEBIT	23	145024	Deferred Capitalized Income	54	False	False	-
loanTransactionType.capitalizedIncomeAmortization	28	MNT	L514	2024-03-22	CREDIT	6	404000	Interest Income	54	False	False	-
loanTransactionType.capitalizedIncomeAmortization	28	MNT	L516	2024-03-23	DEBIT	23	145024	Deferred Capitalized Income	55	False	False	-
loanTransactionType.capitalizedIncomeAmortization	28	MNT	L516	2024-03-23	CREDIT	6	404000	Interest Income	55	False	False	-
loanTransactionType.capitalizedIncomeAmortization	28	MNT	L518	2024-03-24	DEBIT	23	145024	Deferred Capitalized Income	55	False	False	-
loanTransactionType.capitalizedIncomeAmortization	28	MNT	L518	2024-03-24	CREDIT	6	404000	Interest Income	55	False	False	-
loanTransactionType.capitalizedIncomeAmortization	28	MNT	L520	2024-03-25	DEBIT	23	145024	Deferred Capitalized Income	55	False	False	-
loanTransactionType.capitalizedIncomeAmortization	28	MNT	L520	2024-03-25	CREDIT	6	404000	Interest Income	55	False	False	-
loanTransactionType.capitalizedIncomeAmortization	28	MNT	L522	2024-03-26	DEBIT	23	145024	Deferred Capitalized Income	55	False	False	-
loanTransactionType.capitalizedIncomeAmortization	28	MNT	L522	2024-03-26	CREDIT	6	404000	Interest Income	55	False	False	-
loanTransactionType.capitalizedIncomeAmortization	28	MNT	L524	2024-03-27	DEBIT	23	145024	Deferred Capitalized Income	55	False	False	-
loanTransactionType.capitalizedIncomeAmortization	28	MNT	L524	2024-03-27	CREDIT	6	404000	Interest Income	55	False	False	-
loanTransactionType.capitalizedIncomeAmortization	28	MNT	L526	2024-03-28	DEBIT	23	145024	Deferred Capitalized Income	55	False	False	-
loanTransactionType.capitalizedIncomeAmortization	28	MNT	L526	2024-03-28	CREDIT	6	404000	Interest Income	55	False	False	-
loanTransactionType.capitalizedIncomeAmortization	28	MNT	L528	2024-03-29	DEBIT	23	145024	Deferred Capitalized Income	55	False	False	-
loanTransactionType.capitalizedIncomeAmortization	28	MNT	L528	2024-03-29	CREDIT	6	404000	Interest Income	55	False	False	-
loanTransactionType.capitalizedIncomeAmortization	28	MNT	L529	2024-03-30	DEBIT	23	145024	Deferred Capitalized Income	55	False	False	-
loanTransactionType.capitalizedIncomeAmortization	28	MNT	L529	2024-03-30	CREDIT	6	404000	Interest Income	55	False	False	-
loanTransactionType.capitalizedIncomeAmortization	28	MNT	L531	2024-03-31	DEBIT	23	145024	Deferred Capitalized Income	55	False	False	-
loanTransactionType.capitalizedIncomeAmortization	28	MNT	L531	2024-03-31	CREDIT	6	404000	Interest Income	55	False	False	-
loanTransactionType.capitalizedIncome	29	MNT	L535	2024-01-01	DEBIT	10	112601	Loans Receivable	5000	False	False	-
loanTransactionType.capitalizedIncome	29	MNT	L535	2024-01-01	CREDIT	23	145024	Deferred Capitalized Income	5000	False	False	-
loanTransactionType.capitalizedIncomeAmortization	29	MNT	L536	2024-01-01	DEBIT	23	145024	Deferred Capitalized Income	55	False	False	-
loanTransactionType.capitalizedIncomeAmortization	29	MNT	L536	2024-01-01	CREDIT	6	404000	Interest Income	55	False	False	-
loanTransactionType.capitalizedIncomeAmortization	29	MNT	L538	2024-01-02	DEBIT	23	145024	Deferred Capitalized Income	55	False	False	-
loanTransactionType.capitalizedIncomeAmortization	29	MNT	L538	2024-01-02	CREDIT	6	404000	Interest Income	55	False	False	-
loanTransactionType.capitalizedIncomeAmortization	29	MNT	L540	2024-01-03	DEBIT	23	145024	Deferred Capitalized Income	55	False	False	-
loanTransactionType.capitalizedIncomeAmortization	29	MNT	L540	2024-01-03	CREDIT	6	404000	Interest Income	55	False	False	-
loanTransactionType.capitalizedIncomeAmortization	29	MNT	L542	2024-01-04	DEBIT	23	145024	Deferred Capitalized Income	55	False	False	-
loanTransactionType.capitalizedIncomeAmortization	29	MNT	L542	2024-01-04	CREDIT	6	404000	Interest Income	55	False	False	-
loanTransactionType.capitalizedIncomeAmortization	29	MNT	L544	2024-01-05	DEBIT	23	145024	Deferred Capitalized Income	55	False	False	-
loanTransactionType.capitalizedIncomeAmortization	29	MNT	L544	2024-01-05	CREDIT	6	404000	Interest Income	55	False	False	-
loanTransactionType.capitalizedIncomeAmortization	29	MNT	L546	2024-01-06	DEBIT	23	145024	Deferred Capitalized Income	55	False	False	-
loanTransactionType.capitalizedIncomeAmortization	29	MNT	L546	2024-01-06	CREDIT	6	404000	Interest Income	55	False	False	-
loanTransactionType.capitalizedIncomeAmortization	29	MNT	L548	2024-01-07	DEBIT	23	145024	Deferred Capitalized Income	55	False	False	-
loanTransactionType.capitalizedIncomeAmortization	29	MNT	L548	2024-01-07	CREDIT	6	404000	Interest Income	55	False	False	-
loanTransactionType.capitalizedIncomeAmortization	29	MNT	L550	2024-01-08	DEBIT	23	145024	Deferred Capitalized Income	55	False	False	-
loanTransactionType.capitalizedIncomeAmortization	29	MNT	L550	2024-01-08	CREDIT	6	404000	Interest Income	55	False	False	-
loanTransactionType.capitalizedIncomeAmortization	29	MNT	L552	2024-01-09	DEBIT	23	145024	Deferred Capitalized Income	55	False	False	-
loanTransactionType.capitalizedIncomeAmortization	29	MNT	L552	2024-01-09	CREDIT	6	404000	Interest Income	55	False	False	-
loanTransactionType.capitalizedIncomeAmortization	29	MNT	L554	2024-01-10	DEBIT	23	145024	Deferred Capitalized Income	54	False	False	-
loanTransactionType.capitalizedIncomeAmortization	29	MNT	L554	2024-01-10	CREDIT	6	404000	Interest Income	54	False	False	-
loanTransactionType.capitalizedIncomeAmortization	29	MNT	L556	2024-01-11	DEBIT	23	145024	Deferred Capitalized Income	55	False	False	-
loanTransactionType.capitalizedIncomeAmortization	29	MNT	L556	2024-01-11	CREDIT	6	404000	Interest Income	55	False	False	-
loanTransactionType.capitalizedIncomeAmortization	29	MNT	L558	2024-01-12	DEBIT	23	145024	Deferred Capitalized Income	55	False	False	-
loanTransactionType.capitalizedIncomeAmortization	29	MNT	L558	2024-01-12	CREDIT	6	404000	Interest Income	55	False	False	-
loanTransactionType.capitalizedIncomeAmortization	29	MNT	L560	2024-01-13	DEBIT	23	145024	Deferred Capitalized Income	55	False	False	-
loanTransactionType.capitalizedIncomeAmortization	29	MNT	L560	2024-01-13	CREDIT	6	404000	Interest Income	55	False	False	-
loanTransactionType.capitalizedIncomeAmortization	29	MNT	L562	2024-01-14	DEBIT	23	145024	Deferred Capitalized Income	55	False	False	-
loanTransactionType.capitalizedIncomeAmortization	29	MNT	L562	2024-01-14	CREDIT	6	404000	Interest Income	55	False	False	-
loanTransactionType.capitalizedIncomeAmortization	29	MNT	L564	2024-01-15	DEBIT	23	145024	Deferred Capitalized Income	55	False	False	-
loanTransactionType.capitalizedIncomeAmortization	29	MNT	L564	2024-01-15	CREDIT	6	404000	Interest Income	55	False	False	-
loanTransactionType.capitalizedIncomeAmortization	29	MNT	L566	2024-01-16	DEBIT	23	145024	Deferred Capitalized Income	55	False	False	-
loanTransactionType.capitalizedIncomeAmortization	29	MNT	L566	2024-01-16	CREDIT	6	404000	Interest Income	55	False	False	-
loanTransactionType.capitalizedIncomeAmortization	29	MNT	L568	2024-01-17	DEBIT	23	145024	Deferred Capitalized Income	55	False	False	-
loanTransactionType.capitalizedIncomeAmortization	29	MNT	L568	2024-01-17	CREDIT	6	404000	Interest Income	55	False	False	-
loanTransactionType.capitalizedIncomeAmortization	29	MNT	L570	2024-01-18	DEBIT	23	145024	Deferred Capitalized Income	55	False	False	-
loanTransactionType.capitalizedIncomeAmortization	29	MNT	L570	2024-01-18	CREDIT	6	404000	Interest Income	55	False	False	-
loanTransactionType.capitalizedIncomeAmortization	29	MNT	L572	2024-01-19	DEBIT	23	145024	Deferred Capitalized Income	55	False	False	-
loanTransactionType.capitalizedIncomeAmortization	29	MNT	L572	2024-01-19	CREDIT	6	404000	Interest Income	55	False	False	-
loanTransactionType.capitalizedIncomeAmortization	29	MNT	L574	2024-01-20	DEBIT	23	145024	Deferred Capitalized Income	55	False	False	-
loanTransactionType.capitalizedIncomeAmortization	29	MNT	L574	2024-01-20	CREDIT	6	404000	Interest Income	55	False	False	-
loanTransactionType.capitalizedIncomeAmortization	29	MNT	L576	2024-01-21	DEBIT	23	145024	Deferred Capitalized Income	55	False	False	-
loanTransactionType.capitalizedIncomeAmortization	29	MNT	L576	2024-01-21	CREDIT	6	404000	Interest Income	55	False	False	-
loanTransactionType.capitalizedIncomeAmortization	29	MNT	L578	2024-01-22	DEBIT	23	145024	Deferred Capitalized Income	55	False	False	-
loanTransactionType.capitalizedIncomeAmortization	29	MNT	L578	2024-01-22	CREDIT	6	404000	Interest Income	55	False	False	-
loanTransactionType.capitalizedIncomeAmortization	29	MNT	L580	2024-01-23	DEBIT	23	145024	Deferred Capitalized Income	55	False	False	-
loanTransactionType.capitalizedIncomeAmortization	29	MNT	L580	2024-01-23	CREDIT	6	404000	Interest Income	55	False	False	-
loanTransactionType.capitalizedIncomeAmortization	29	MNT	L582	2024-01-24	DEBIT	23	145024	Deferred Capitalized Income	55	False	False	-
loanTransactionType.capitalizedIncomeAmortization	29	MNT	L582	2024-01-24	CREDIT	6	404000	Interest Income	55	False	False	-
loanTransactionType.capitalizedIncomeAmortization	29	MNT	L584	2024-01-25	DEBIT	23	145024	Deferred Capitalized Income	55	False	False	-
loanTransactionType.capitalizedIncomeAmortization	29	MNT	L584	2024-01-25	CREDIT	6	404000	Interest Income	55	False	False	-
loanTransactionType.capitalizedIncomeAmortization	29	MNT	L586	2024-01-26	DEBIT	23	145024	Deferred Capitalized Income	55	False	False	-
loanTransactionType.capitalizedIncomeAmortization	29	MNT	L586	2024-01-26	CREDIT	6	404000	Interest Income	55	False	False	-
loanTransactionType.capitalizedIncomeAmortization	29	MNT	L588	2024-01-27	DEBIT	23	145024	Deferred Capitalized Income	55	False	False	-
loanTransactionType.capitalizedIncomeAmortization	29	MNT	L588	2024-01-27	CREDIT	6	404000	Interest Income	55	False	False	-
loanTransactionType.capitalizedIncomeAmortization	29	MNT	L590	2024-01-28	DEBIT	23	145024	Deferred Capitalized Income	54	False	False	-
loanTransactionType.capitalizedIncomeAmortization	29	MNT	L590	2024-01-28	CREDIT	6	404000	Interest Income	54	False	False	-
loanTransactionType.capitalizedIncomeAmortization	29	MNT	L592	2024-01-29	DEBIT	23	145024	Deferred Capitalized Income	55	False	False	-
loanTransactionType.capitalizedIncomeAmortization	29	MNT	L592	2024-01-29	CREDIT	6	404000	Interest Income	55	False	False	-
loanTransactionType.capitalizedIncomeAmortization	29	MNT	L594	2024-01-30	DEBIT	23	145024	Deferred Capitalized Income	55	False	False	-
loanTransactionType.capitalizedIncomeAmortization	29	MNT	L594	2024-01-30	CREDIT	6	404000	Interest Income	55	False	False	-
loanTransactionType.capitalizedIncomeAmortization	29	MNT	L596	2024-01-31	DEBIT	23	145024	Deferred Capitalized Income	55	False	False	-
loanTransactionType.capitalizedIncomeAmortization	29	MNT	L596	2024-01-31	CREDIT	6	404000	Interest Income	55	False	False	-
loanTransactionType.capitalizedIncomeAmortization	29	MNT	L599	2024-02-01	DEBIT	23	145024	Deferred Capitalized Income	55	False	False	-
loanTransactionType.capitalizedIncomeAmortization	29	MNT	L599	2024-02-01	CREDIT	6	404000	Interest Income	55	False	False	-
loanTransactionType.capitalizedIncomeAmortization	29	MNT	L601	2024-02-02	DEBIT	23	145024	Deferred Capitalized Income	55	False	False	-
loanTransactionType.capitalizedIncomeAmortization	29	MNT	L601	2024-02-02	CREDIT	6	404000	Interest Income	55	False	False	-
loanTransactionType.capitalizedIncomeAmortization	29	MNT	L603	2024-02-03	DEBIT	23	145024	Deferred Capitalized Income	55	False	False	-
loanTransactionType.capitalizedIncomeAmortization	29	MNT	L603	2024-02-03	CREDIT	6	404000	Interest Income	55	False	False	-
loanTransactionType.capitalizedIncomeAmortization	29	MNT	L605	2024-02-04	DEBIT	23	145024	Deferred Capitalized Income	55	False	False	-
loanTransactionType.capitalizedIncomeAmortization	29	MNT	L605	2024-02-04	CREDIT	6	404000	Interest Income	55	False	False	-
loanTransactionType.capitalizedIncomeAmortization	29	MNT	L607	2024-02-05	DEBIT	23	145024	Deferred Capitalized Income	55	False	False	-
loanTransactionType.capitalizedIncomeAmortization	29	MNT	L607	2024-02-05	CREDIT	6	404000	Interest Income	55	False	False	-
loanTransactionType.capitalizedIncomeAmortization	29	MNT	L609	2024-02-06	DEBIT	23	145024	Deferred Capitalized Income	55	False	False	-
loanTransactionType.capitalizedIncomeAmortization	29	MNT	L609	2024-02-06	CREDIT	6	404000	Interest Income	55	False	False	-
loanTransactionType.capitalizedIncomeAmortization	29	MNT	L611	2024-02-07	DEBIT	23	145024	Deferred Capitalized Income	55	False	False	-
loanTransactionType.capitalizedIncomeAmortization	29	MNT	L611	2024-02-07	CREDIT	6	404000	Interest Income	55	False	False	-
loanTransactionType.capitalizedIncomeAmortization	29	MNT	L613	2024-02-08	DEBIT	23	145024	Deferred Capitalized Income	55	False	False	-
loanTransactionType.capitalizedIncomeAmortization	29	MNT	L613	2024-02-08	CREDIT	6	404000	Interest Income	55	False	False	-
loanTransactionType.capitalizedIncomeAmortization	29	MNT	L615	2024-02-09	DEBIT	23	145024	Deferred Capitalized Income	55	False	False	-
loanTransactionType.capitalizedIncomeAmortization	29	MNT	L615	2024-02-09	CREDIT	6	404000	Interest Income	55	False	False	-
loanTransactionType.capitalizedIncomeAmortization	29	MNT	L617	2024-02-10	DEBIT	23	145024	Deferred Capitalized Income	55	False	False	-
loanTransactionType.capitalizedIncomeAmortization	29	MNT	L617	2024-02-10	CREDIT	6	404000	Interest Income	55	False	False	-
loanTransactionType.capitalizedIncomeAmortization	29	MNT	L619	2024-02-11	DEBIT	23	145024	Deferred Capitalized Income	55	False	False	-
loanTransactionType.capitalizedIncomeAmortization	29	MNT	L619	2024-02-11	CREDIT	6	404000	Interest Income	55	False	False	-
loanTransactionType.capitalizedIncomeAmortization	29	MNT	L621	2024-02-12	DEBIT	23	145024	Deferred Capitalized Income	55	False	False	-
loanTransactionType.capitalizedIncomeAmortization	29	MNT	L621	2024-02-12	CREDIT	6	404000	Interest Income	55	False	False	-
loanTransactionType.capitalizedIncomeAmortization	29	MNT	L623	2024-02-13	DEBIT	23	145024	Deferred Capitalized Income	55	False	False	-
loanTransactionType.capitalizedIncomeAmortization	29	MNT	L623	2024-02-13	CREDIT	6	404000	Interest Income	55	False	False	-
loanTransactionType.capitalizedIncomeAmortization	29	MNT	L625	2024-02-14	DEBIT	23	145024	Deferred Capitalized Income	55	False	False	-
loanTransactionType.capitalizedIncomeAmortization	29	MNT	L625	2024-02-14	CREDIT	6	404000	Interest Income	55	False	False	-
loanTransactionType.capitalizedIncomeAmortization	29	MNT	L627	2024-02-15	DEBIT	23	145024	Deferred Capitalized Income	54	False	False	-
loanTransactionType.capitalizedIncomeAmortization	29	MNT	L627	2024-02-15	CREDIT	6	404000	Interest Income	54	False	False	-
loanTransactionType.capitalizedIncomeAmortization	29	MNT	L629	2024-02-16	DEBIT	23	145024	Deferred Capitalized Income	55	False	False	-
loanTransactionType.capitalizedIncomeAmortization	29	MNT	L629	2024-02-16	CREDIT	6	404000	Interest Income	55	False	False	-
loanTransactionType.capitalizedIncomeAmortization	29	MNT	L631	2024-02-17	DEBIT	23	145024	Deferred Capitalized Income	55	False	False	-
loanTransactionType.capitalizedIncomeAmortization	29	MNT	L631	2024-02-17	CREDIT	6	404000	Interest Income	55	False	False	-
loanTransactionType.capitalizedIncomeAmortization	29	MNT	L633	2024-02-18	DEBIT	23	145024	Deferred Capitalized Income	55	False	False	-
loanTransactionType.capitalizedIncomeAmortization	29	MNT	L633	2024-02-18	CREDIT	6	404000	Interest Income	55	False	False	-
loanTransactionType.capitalizedIncomeAmortization	29	MNT	L635	2024-02-19	DEBIT	23	145024	Deferred Capitalized Income	55	False	False	-
loanTransactionType.capitalizedIncomeAmortization	29	MNT	L635	2024-02-19	CREDIT	6	404000	Interest Income	55	False	False	-
loanTransactionType.capitalizedIncomeAmortization	29	MNT	L637	2024-02-20	DEBIT	23	145024	Deferred Capitalized Income	55	False	False	-
loanTransactionType.capitalizedIncomeAmortization	29	MNT	L637	2024-02-20	CREDIT	6	404000	Interest Income	55	False	False	-
loanTransactionType.capitalizedIncomeAmortization	29	MNT	L639	2024-02-21	DEBIT	23	145024	Deferred Capitalized Income	55	False	False	-
loanTransactionType.capitalizedIncomeAmortization	29	MNT	L639	2024-02-21	CREDIT	6	404000	Interest Income	55	False	False	-
loanTransactionType.capitalizedIncomeAmortization	29	MNT	L641	2024-02-22	DEBIT	23	145024	Deferred Capitalized Income	55	False	False	-
loanTransactionType.capitalizedIncomeAmortization	29	MNT	L641	2024-02-22	CREDIT	6	404000	Interest Income	55	False	False	-
loanTransactionType.capitalizedIncomeAmortization	29	MNT	L643	2024-02-23	DEBIT	23	145024	Deferred Capitalized Income	55	False	False	-
loanTransactionType.capitalizedIncomeAmortization	29	MNT	L643	2024-02-23	CREDIT	6	404000	Interest Income	55	False	False	-
loanTransactionType.capitalizedIncomeAmortization	29	MNT	L645	2024-02-24	DEBIT	23	145024	Deferred Capitalized Income	55	False	False	-
loanTransactionType.capitalizedIncomeAmortization	29	MNT	L645	2024-02-24	CREDIT	6	404000	Interest Income	55	False	False	-
loanTransactionType.capitalizedIncomeAmortization	29	MNT	L647	2024-02-25	DEBIT	23	145024	Deferred Capitalized Income	55	False	False	-
loanTransactionType.capitalizedIncomeAmortization	29	MNT	L647	2024-02-25	CREDIT	6	404000	Interest Income	55	False	False	-
loanTransactionType.capitalizedIncomeAmortization	29	MNT	L649	2024-02-26	DEBIT	23	145024	Deferred Capitalized Income	55	False	False	-
loanTransactionType.capitalizedIncomeAmortization	29	MNT	L649	2024-02-26	CREDIT	6	404000	Interest Income	55	False	False	-
loanTransactionType.capitalizedIncomeAmortization	29	MNT	L651	2024-02-27	DEBIT	23	145024	Deferred Capitalized Income	55	False	False	-
loanTransactionType.capitalizedIncomeAmortization	29	MNT	L651	2024-02-27	CREDIT	6	404000	Interest Income	55	False	False	-
loanTransactionType.capitalizedIncomeAmortization	29	MNT	L653	2024-02-28	DEBIT	23	145024	Deferred Capitalized Income	55	False	False	-
loanTransactionType.capitalizedIncomeAmortization	29	MNT	L653	2024-02-28	CREDIT	6	404000	Interest Income	55	False	False	-
loanTransactionType.capitalizedIncomeAmortization	29	MNT	L655	2024-02-29	DEBIT	23	145024	Deferred Capitalized Income	55	False	False	-
loanTransactionType.capitalizedIncomeAmortization	29	MNT	L655	2024-02-29	CREDIT	6	404000	Interest Income	55	False	False	-
loanTransactionType.capitalizedIncomeAmortization	29	MNT	L658	2024-03-01	DEBIT	23	145024	Deferred Capitalized Income	1703	False	False	-
loanTransactionType.capitalizedIncomeAmortization	29	MNT	L658	2024-03-01	CREDIT	6	404000	Interest Income	1703	False	False	-
loanTransactionType.capitalizedIncome	30	MNT	L660	2024-01-01	DEBIT	10	112601	Loans Receivable	5000	False	False	-
loanTransactionType.capitalizedIncome	30	MNT	L660	2024-01-01	CREDIT	23	145024	Deferred Capitalized Income	5000	False	False	-
loanTransactionType.capitalizedIncomeAmortization	30	MNT	L661	2024-01-01	DEBIT	23	145024	Deferred Capitalized Income	55	False	False	-
loanTransactionType.capitalizedIncomeAmortization	30	MNT	L661	2024-01-01	CREDIT	6	404000	Interest Income	55	False	False	-
loanTransactionType.capitalizedIncomeAmortization	30	MNT	L663	2024-01-02	DEBIT	23	145024	Deferred Capitalized Income	55	False	False	-
loanTransactionType.capitalizedIncomeAmortization	30	MNT	L663	2024-01-02	CREDIT	6	404000	Interest Income	55	False	False	-
loanTransactionType.capitalizedIncomeAmortization	30	MNT	L665	2024-01-03	DEBIT	23	145024	Deferred Capitalized Income	55	False	False	-
loanTransactionType.capitalizedIncomeAmortization	30	MNT	L665	2024-01-03	CREDIT	6	404000	Interest Income	55	False	False	-
loanTransactionType.capitalizedIncomeAmortization	30	MNT	L667	2024-01-04	DEBIT	23	145024	Deferred Capitalized Income	55	False	False	-
loanTransactionType.capitalizedIncomeAmortization	30	MNT	L667	2024-01-04	CREDIT	6	404000	Interest Income	55	False	False	-
loanTransactionType.capitalizedIncomeAmortization	30	MNT	L669	2024-01-05	DEBIT	23	145024	Deferred Capitalized Income	55	False	False	-
loanTransactionType.capitalizedIncomeAmortization	30	MNT	L669	2024-01-05	CREDIT	6	404000	Interest Income	55	False	False	-
loanTransactionType.capitalizedIncomeAmortization	30	MNT	L671	2024-01-06	DEBIT	23	145024	Deferred Capitalized Income	55	False	False	-
loanTransactionType.capitalizedIncomeAmortization	30	MNT	L671	2024-01-06	CREDIT	6	404000	Interest Income	55	False	False	-
loanTransactionType.capitalizedIncomeAmortization	30	MNT	L673	2024-01-07	DEBIT	23	145024	Deferred Capitalized Income	55	False	False	-
loanTransactionType.capitalizedIncomeAmortization	30	MNT	L673	2024-01-07	CREDIT	6	404000	Interest Income	55	False	False	-
loanTransactionType.capitalizedIncomeAmortization	30	MNT	L675	2024-01-08	DEBIT	23	145024	Deferred Capitalized Income	55	False	False	-
loanTransactionType.capitalizedIncomeAmortization	30	MNT	L675	2024-01-08	CREDIT	6	404000	Interest Income	55	False	False	-
loanTransactionType.capitalizedIncomeAmortization	30	MNT	L677	2024-01-09	DEBIT	23	145024	Deferred Capitalized Income	55	False	False	-
loanTransactionType.capitalizedIncomeAmortization	30	MNT	L677	2024-01-09	CREDIT	6	404000	Interest Income	55	False	False	-
loanTransactionType.capitalizedIncomeAmortization	30	MNT	L679	2024-01-10	DEBIT	23	145024	Deferred Capitalized Income	54	False	False	-
loanTransactionType.capitalizedIncomeAmortization	30	MNT	L679	2024-01-10	CREDIT	6	404000	Interest Income	54	False	False	-
loanTransactionType.capitalizedIncomeAmortization	30	MNT	L681	2024-01-11	DEBIT	23	145024	Deferred Capitalized Income	55	False	False	-
loanTransactionType.capitalizedIncomeAmortization	30	MNT	L681	2024-01-11	CREDIT	6	404000	Interest Income	55	False	False	-
loanTransactionType.capitalizedIncomeAmortization	30	MNT	L683	2024-01-12	DEBIT	23	145024	Deferred Capitalized Income	55	False	False	-
loanTransactionType.capitalizedIncomeAmortization	30	MNT	L683	2024-01-12	CREDIT	6	404000	Interest Income	55	False	False	-
loanTransactionType.capitalizedIncomeAmortization	30	MNT	L685	2024-01-13	DEBIT	23	145024	Deferred Capitalized Income	55	False	False	-
loanTransactionType.capitalizedIncomeAmortization	30	MNT	L685	2024-01-13	CREDIT	6	404000	Interest Income	55	False	False	-
loanTransactionType.capitalizedIncomeAmortization	30	MNT	L687	2024-01-14	DEBIT	23	145024	Deferred Capitalized Income	55	False	False	-
loanTransactionType.capitalizedIncomeAmortization	30	MNT	L687	2024-01-14	CREDIT	6	404000	Interest Income	55	False	False	-
loanTransactionType.capitalizedIncomeAmortization	30	MNT	L689	2024-01-15	DEBIT	23	145024	Deferred Capitalized Income	55	False	False	-
loanTransactionType.capitalizedIncomeAmortization	30	MNT	L689	2024-01-15	CREDIT	6	404000	Interest Income	55	False	False	-
loanTransactionType.capitalizedIncomeAmortization	30	MNT	L691	2024-01-16	DEBIT	23	145024	Deferred Capitalized Income	55	False	False	-
loanTransactionType.capitalizedIncomeAmortization	30	MNT	L691	2024-01-16	CREDIT	6	404000	Interest Income	55	False	False	-
loanTransactionType.capitalizedIncomeAmortization	30	MNT	L693	2024-01-17	DEBIT	23	145024	Deferred Capitalized Income	55	False	False	-
loanTransactionType.capitalizedIncomeAmortization	30	MNT	L693	2024-01-17	CREDIT	6	404000	Interest Income	55	False	False	-
loanTransactionType.capitalizedIncomeAmortization	30	MNT	L695	2024-01-18	DEBIT	23	145024	Deferred Capitalized Income	55	False	False	-
loanTransactionType.capitalizedIncomeAmortization	30	MNT	L695	2024-01-18	CREDIT	6	404000	Interest Income	55	False	False	-
loanTransactionType.capitalizedIncomeAmortization	30	MNT	L697	2024-01-19	DEBIT	23	145024	Deferred Capitalized Income	55	False	False	-
loanTransactionType.capitalizedIncomeAmortization	30	MNT	L697	2024-01-19	CREDIT	6	404000	Interest Income	55	False	False	-
loanTransactionType.capitalizedIncomeAmortization	30	MNT	L699	2024-01-20	DEBIT	23	145024	Deferred Capitalized Income	55	False	False	-
loanTransactionType.capitalizedIncomeAmortization	30	MNT	L699	2024-01-20	CREDIT	6	404000	Interest Income	55	False	False	-
loanTransactionType.capitalizedIncomeAmortization	30	MNT	L701	2024-01-21	DEBIT	23	145024	Deferred Capitalized Income	55	False	False	-
loanTransactionType.capitalizedIncomeAmortization	30	MNT	L701	2024-01-21	CREDIT	6	404000	Interest Income	55	False	False	-
loanTransactionType.capitalizedIncomeAmortization	30	MNT	L703	2024-01-22	DEBIT	23	145024	Deferred Capitalized Income	55	False	False	-
loanTransactionType.capitalizedIncomeAmortization	30	MNT	L703	2024-01-22	CREDIT	6	404000	Interest Income	55	False	False	-
loanTransactionType.capitalizedIncomeAmortization	30	MNT	L705	2024-01-23	DEBIT	23	145024	Deferred Capitalized Income	55	False	False	-
loanTransactionType.capitalizedIncomeAmortization	30	MNT	L705	2024-01-23	CREDIT	6	404000	Interest Income	55	False	False	-
loanTransactionType.capitalizedIncomeAmortization	30	MNT	L707	2024-01-24	DEBIT	23	145024	Deferred Capitalized Income	55	False	False	-
loanTransactionType.capitalizedIncomeAmortization	30	MNT	L707	2024-01-24	CREDIT	6	404000	Interest Income	55	False	False	-
loanTransactionType.capitalizedIncomeAmortization	30	MNT	L709	2024-01-25	DEBIT	23	145024	Deferred Capitalized Income	55	False	False	-
loanTransactionType.capitalizedIncomeAmortization	30	MNT	L709	2024-01-25	CREDIT	6	404000	Interest Income	55	False	False	-
loanTransactionType.capitalizedIncomeAmortization	30	MNT	L711	2024-01-26	DEBIT	23	145024	Deferred Capitalized Income	55	False	False	-
loanTransactionType.capitalizedIncomeAmortization	30	MNT	L711	2024-01-26	CREDIT	6	404000	Interest Income	55	False	False	-
loanTransactionType.capitalizedIncomeAmortization	30	MNT	L713	2024-01-27	DEBIT	23	145024	Deferred Capitalized Income	55	False	False	-
loanTransactionType.capitalizedIncomeAmortization	30	MNT	L713	2024-01-27	CREDIT	6	404000	Interest Income	55	False	False	-
loanTransactionType.capitalizedIncomeAmortization	30	MNT	L715	2024-01-28	DEBIT	23	145024	Deferred Capitalized Income	54	False	False	-
loanTransactionType.capitalizedIncomeAmortization	30	MNT	L715	2024-01-28	CREDIT	6	404000	Interest Income	54	False	False	-
loanTransactionType.capitalizedIncomeAmortization	30	MNT	L717	2024-01-29	DEBIT	23	145024	Deferred Capitalized Income	55	False	False	-
loanTransactionType.capitalizedIncomeAmortization	30	MNT	L717	2024-01-29	CREDIT	6	404000	Interest Income	55	False	False	-
loanTransactionType.capitalizedIncomeAmortization	30	MNT	L719	2024-01-30	DEBIT	23	145024	Deferred Capitalized Income	55	False	False	-
loanTransactionType.capitalizedIncomeAmortization	30	MNT	L719	2024-01-30	CREDIT	6	404000	Interest Income	55	False	False	-
loanTransactionType.capitalizedIncomeAmortization	30	MNT	L721	2024-01-31	DEBIT	23	145024	Deferred Capitalized Income	55	False	False	-
loanTransactionType.capitalizedIncomeAmortization	30	MNT	L721	2024-01-31	CREDIT	6	404000	Interest Income	55	False	False	-
loanTransactionType.capitalizedIncomeAmortization	30	MNT	L724	2024-02-01	DEBIT	23	145024	Deferred Capitalized Income	55	False	False	-
loanTransactionType.capitalizedIncomeAmortization	30	MNT	L724	2024-02-01	CREDIT	6	404000	Interest Income	55	False	False	-
loanTransactionType.capitalizedIncomeAmortization	30	MNT	L726	2024-02-02	DEBIT	23	145024	Deferred Capitalized Income	55	False	False	-
loanTransactionType.capitalizedIncomeAmortization	30	MNT	L726	2024-02-02	CREDIT	6	404000	Interest Income	55	False	False	-
loanTransactionType.capitalizedIncomeAmortization	30	MNT	L728	2024-02-03	DEBIT	23	145024	Deferred Capitalized Income	55	False	False	-
loanTransactionType.capitalizedIncomeAmortization	30	MNT	L728	2024-02-03	CREDIT	6	404000	Interest Income	55	False	False	-
loanTransactionType.capitalizedIncomeAmortization	30	MNT	L730	2024-02-04	DEBIT	23	145024	Deferred Capitalized Income	55	False	False	-
loanTransactionType.capitalizedIncomeAmortization	30	MNT	L730	2024-02-04	CREDIT	6	404000	Interest Income	55	False	False	-
loanTransactionType.capitalizedIncomeAmortization	30	MNT	L732	2024-02-05	DEBIT	23	145024	Deferred Capitalized Income	55	False	False	-
loanTransactionType.capitalizedIncomeAmortization	30	MNT	L732	2024-02-05	CREDIT	6	404000	Interest Income	55	False	False	-
loanTransactionType.capitalizedIncomeAmortization	30	MNT	L734	2024-02-06	DEBIT	23	145024	Deferred Capitalized Income	55	False	False	-
loanTransactionType.capitalizedIncomeAmortization	30	MNT	L734	2024-02-06	CREDIT	6	404000	Interest Income	55	False	False	-
loanTransactionType.capitalizedIncomeAmortization	30	MNT	L736	2024-02-07	DEBIT	23	145024	Deferred Capitalized Income	55	False	False	-
loanTransactionType.capitalizedIncomeAmortization	30	MNT	L736	2024-02-07	CREDIT	6	404000	Interest Income	55	False	False	-
loanTransactionType.capitalizedIncomeAmortization	30	MNT	L738	2024-02-08	DEBIT	23	145024	Deferred Capitalized Income	55	False	False	-
loanTransactionType.capitalizedIncomeAmortization	30	MNT	L738	2024-02-08	CREDIT	6	404000	Interest Income	55	False	False	-
loanTransactionType.capitalizedIncomeAmortization	30	MNT	L740	2024-02-09	DEBIT	23	145024	Deferred Capitalized Income	55	False	False	-
loanTransactionType.capitalizedIncomeAmortization	30	MNT	L740	2024-02-09	CREDIT	6	404000	Interest Income	55	False	False	-
loanTransactionType.capitalizedIncomeAmortization	30	MNT	L742	2024-02-10	DEBIT	23	145024	Deferred Capitalized Income	55	False	False	-
loanTransactionType.capitalizedIncomeAmortization	30	MNT	L742	2024-02-10	CREDIT	6	404000	Interest Income	55	False	False	-
loanTransactionType.capitalizedIncomeAmortization	30	MNT	L744	2024-02-11	DEBIT	23	145024	Deferred Capitalized Income	55	False	False	-
loanTransactionType.capitalizedIncomeAmortization	30	MNT	L744	2024-02-11	CREDIT	6	404000	Interest Income	55	False	False	-
loanTransactionType.capitalizedIncomeAmortization	30	MNT	L746	2024-02-12	DEBIT	23	145024	Deferred Capitalized Income	55	False	False	-
loanTransactionType.capitalizedIncomeAmortization	30	MNT	L746	2024-02-12	CREDIT	6	404000	Interest Income	55	False	False	-
loanTransactionType.capitalizedIncomeAmortization	30	MNT	L748	2024-02-13	DEBIT	23	145024	Deferred Capitalized Income	55	False	False	-
loanTransactionType.capitalizedIncomeAmortization	30	MNT	L748	2024-02-13	CREDIT	6	404000	Interest Income	55	False	False	-
loanTransactionType.capitalizedIncomeAmortization	30	MNT	L750	2024-02-14	DEBIT	23	145024	Deferred Capitalized Income	55	False	False	-
loanTransactionType.capitalizedIncomeAmortization	30	MNT	L750	2024-02-14	CREDIT	6	404000	Interest Income	55	False	False	-
loanTransactionType.capitalizedIncomeAmortization	30	MNT	L752	2024-02-15	DEBIT	23	145024	Deferred Capitalized Income	54	False	False	-
loanTransactionType.capitalizedIncomeAmortization	30	MNT	L752	2024-02-15	CREDIT	6	404000	Interest Income	54	False	False	-
loanTransactionType.capitalizedIncomeAmortization	30	MNT	L754	2024-02-16	DEBIT	23	145024	Deferred Capitalized Income	55	False	False	-
loanTransactionType.capitalizedIncomeAmortization	30	MNT	L754	2024-02-16	CREDIT	6	404000	Interest Income	55	False	False	-
loanTransactionType.capitalizedIncomeAmortization	30	MNT	L756	2024-02-17	DEBIT	23	145024	Deferred Capitalized Income	55	False	False	-
loanTransactionType.capitalizedIncomeAmortization	30	MNT	L756	2024-02-17	CREDIT	6	404000	Interest Income	55	False	False	-
loanTransactionType.capitalizedIncomeAmortization	30	MNT	L758	2024-02-18	DEBIT	23	145024	Deferred Capitalized Income	55	False	False	-
loanTransactionType.capitalizedIncomeAmortization	30	MNT	L758	2024-02-18	CREDIT	6	404000	Interest Income	55	False	False	-
loanTransactionType.capitalizedIncomeAmortization	30	MNT	L760	2024-02-19	DEBIT	23	145024	Deferred Capitalized Income	55	False	False	-
loanTransactionType.capitalizedIncomeAmortization	30	MNT	L760	2024-02-19	CREDIT	6	404000	Interest Income	55	False	False	-
loanTransactionType.capitalizedIncomeAmortization	30	MNT	L762	2024-02-20	DEBIT	23	145024	Deferred Capitalized Income	55	False	False	-
loanTransactionType.capitalizedIncomeAmortization	30	MNT	L762	2024-02-20	CREDIT	6	404000	Interest Income	55	False	False	-
loanTransactionType.capitalizedIncomeAmortization	30	MNT	L764	2024-02-21	DEBIT	23	145024	Deferred Capitalized Income	55	False	False	-
loanTransactionType.capitalizedIncomeAmortization	30	MNT	L764	2024-02-21	CREDIT	6	404000	Interest Income	55	False	False	-
loanTransactionType.capitalizedIncomeAmortization	30	MNT	L766	2024-02-22	DEBIT	23	145024	Deferred Capitalized Income	55	False	False	-
loanTransactionType.capitalizedIncomeAmortization	30	MNT	L766	2024-02-22	CREDIT	6	404000	Interest Income	55	False	False	-
loanTransactionType.capitalizedIncomeAmortization	30	MNT	L768	2024-02-23	DEBIT	23	145024	Deferred Capitalized Income	55	False	False	-
loanTransactionType.capitalizedIncomeAmortization	30	MNT	L768	2024-02-23	CREDIT	6	404000	Interest Income	55	False	False	-
loanTransactionType.capitalizedIncomeAmortization	30	MNT	L770	2024-02-24	DEBIT	23	145024	Deferred Capitalized Income	55	False	False	-
loanTransactionType.capitalizedIncomeAmortization	30	MNT	L770	2024-02-24	CREDIT	6	404000	Interest Income	55	False	False	-
loanTransactionType.capitalizedIncomeAmortization	30	MNT	L772	2024-02-25	DEBIT	23	145024	Deferred Capitalized Income	55	False	False	-
loanTransactionType.capitalizedIncomeAmortization	30	MNT	L772	2024-02-25	CREDIT	6	404000	Interest Income	55	False	False	-
loanTransactionType.capitalizedIncomeAmortization	30	MNT	L774	2024-02-26	DEBIT	23	145024	Deferred Capitalized Income	55	False	False	-
loanTransactionType.capitalizedIncomeAmortization	30	MNT	L774	2024-02-26	CREDIT	6	404000	Interest Income	55	False	False	-
loanTransactionType.capitalizedIncomeAmortization	30	MNT	L776	2024-02-27	DEBIT	23	145024	Deferred Capitalized Income	55	False	False	-
loanTransactionType.capitalizedIncomeAmortization	30	MNT	L776	2024-02-27	CREDIT	6	404000	Interest Income	55	False	False	-
loanTransactionType.capitalizedIncomeAmortization	30	MNT	L778	2024-02-28	DEBIT	23	145024	Deferred Capitalized Income	55	False	False	-
loanTransactionType.capitalizedIncomeAmortization	30	MNT	L778	2024-02-28	CREDIT	6	404000	Interest Income	55	False	False	-
loanTransactionType.capitalizedIncomeAmortization	30	MNT	L780	2024-02-29	DEBIT	23	145024	Deferred Capitalized Income	55	False	False	-
loanTransactionType.capitalizedIncomeAmortization	30	MNT	L780	2024-02-29	CREDIT	6	404000	Interest Income	55	False	False	-
loanTransactionType.capitalizedIncomeAmortization	30	MNT	L781	2024-03-01	DEBIT	23	145024	Deferred Capitalized Income	55	False	True	L783
loanTransactionType.capitalizedIncomeAmortization	30	MNT	L781	2024-03-01	CREDIT	6	404000	Interest Income	55	False	True	L783
loanTransactionType.capitalizedIncomeAmortization	30	MNT	L784	2024-03-01	DEBIT	23	145024	Deferred Capitalized Income	1648	False	True	L783
loanTransactionType.capitalizedIncomeAmortization	30	MNT	L784	2024-03-01	CREDIT	14	744007	Credit Loss/Bad Debt	1648	False	True	L783
loanTransactionType.capitalizedIncome	31	MNT	L787	2024-01-01	DEBIT	10	112601	Loans Receivable	5000	False	False	-
loanTransactionType.capitalizedIncome	31	MNT	L787	2024-01-01	CREDIT	23	145024	Deferred Capitalized Income	5000	False	False	-
loanTransactionType.capitalizedIncomeAmortization	31	MNT	L790	2024-02-01	DEBIT	23	145024	Deferred Capitalized Income	1758	False	False	-
loanTransactionType.capitalizedIncomeAmortization	31	MNT	L790	2024-02-01	CREDIT	6	404000	Interest Income	1758	False	False	-
loanTransactionType.capitalizedIncomeAdjustment	31	MNT	L792	2024-03-01	DEBIT	23	145024	Deferred Capitalized Income	1000	False	False	-
loanTransactionType.capitalizedIncomeAdjustment	31	MNT	L792	2024-03-01	CREDIT	10	112601	Loans Receivable	1000	False	False	-
loanTransactionType.capitalizedIncomeAmortization	31	MNT	L795	2024-04-01	DEBIT	23	145024	Deferred Capitalized Income	2242	False	False	-
loanTransactionType.capitalizedIncomeAmortization	31	MNT	L795	2024-04-01	CREDIT	6	404000	Interest Income	2242	False	False	-
loanTransactionType.capitalizedIncome	32	MNT	L797	2024-01-01	DEBIT	10	112601	Loans Receivable	5000	False	False	-
loanTransactionType.capitalizedIncome	32	MNT	L797	2024-01-01	CREDIT	23	145024	Deferred Capitalized Income	5000	False	False	-
loanTransactionType.capitalizedIncomeAmortization	32	MNT	L800	2024-02-01	DEBIT	23	145024	Deferred Capitalized Income	1758	False	False	-
loanTransactionType.capitalizedIncomeAmortization	32	MNT	L800	2024-02-01	CREDIT	6	404000	Interest Income	1758	False	False	-
loanTransactionType.capitalizedIncomeAdjustment	32	MNT	L802	2024-03-01	DEBIT	23	145024	Deferred Capitalized Income	1000	False	False	-
loanTransactionType.capitalizedIncomeAdjustment	32	MNT	L802	2024-03-01	CREDIT	10	112601	Loans Receivable	1000	False	False	-
loanTransactionType.capitalizedIncomeAdjustment	32	MNT	L803	2024-03-15	DEBIT	23	145024	Deferred Capitalized Income	500	False	False	-
loanTransactionType.capitalizedIncomeAdjustment	32	MNT	L803	2024-03-15	CREDIT	10	112601	Loans Receivable	500	False	False	-
loanTransactionType.capitalizedIncomeAmortization	32	MNT	L806	2024-04-01	DEBIT	23	145024	Deferred Capitalized Income	1742	False	False	-
loanTransactionType.capitalizedIncomeAmortization	32	MNT	L806	2024-04-01	CREDIT	6	404000	Interest Income	1742	False	False	-
loanTransactionType.capitalizedIncome	33	MNT	L808	2024-01-01	DEBIT	10	112601	Loans Receivable	5000	False	False	-
loanTransactionType.capitalizedIncome	33	MNT	L808	2024-01-01	CREDIT	23	145024	Deferred Capitalized Income	5000	False	False	-
loanTransactionType.capitalizedIncomeAmortization	33	MNT	L809	2024-01-01	DEBIT	23	145024	Deferred Capitalized Income	55	False	False	-
loanTransactionType.capitalizedIncomeAmortization	33	MNT	L809	2024-01-01	CREDIT	6	404000	Interest Income	55	False	False	-
loanTransactionType.capitalizedIncomeAmortization	33	MNT	L811	2024-01-02	DEBIT	23	145024	Deferred Capitalized Income	55	False	False	-
loanTransactionType.capitalizedIncomeAmortization	33	MNT	L811	2024-01-02	CREDIT	6	404000	Interest Income	55	False	False	-
loanTransactionType.capitalizedIncomeAmortization	33	MNT	L813	2024-01-03	DEBIT	23	145024	Deferred Capitalized Income	55	False	False	-
loanTransactionType.capitalizedIncomeAmortization	33	MNT	L813	2024-01-03	CREDIT	6	404000	Interest Income	55	False	False	-
loanTransactionType.capitalizedIncomeAmortization	33	MNT	L815	2024-01-04	DEBIT	23	145024	Deferred Capitalized Income	55	False	False	-
loanTransactionType.capitalizedIncomeAmortization	33	MNT	L815	2024-01-04	CREDIT	6	404000	Interest Income	55	False	False	-
loanTransactionType.capitalizedIncomeAmortization	33	MNT	L817	2024-01-05	DEBIT	23	145024	Deferred Capitalized Income	55	False	False	-
loanTransactionType.capitalizedIncomeAmortization	33	MNT	L817	2024-01-05	CREDIT	6	404000	Interest Income	55	False	False	-
loanTransactionType.capitalizedIncomeAmortization	33	MNT	L819	2024-01-06	DEBIT	23	145024	Deferred Capitalized Income	55	False	False	-
loanTransactionType.capitalizedIncomeAmortization	33	MNT	L819	2024-01-06	CREDIT	6	404000	Interest Income	55	False	False	-
loanTransactionType.capitalizedIncomeAmortization	33	MNT	L821	2024-01-07	DEBIT	23	145024	Deferred Capitalized Income	55	False	False	-
loanTransactionType.capitalizedIncomeAmortization	33	MNT	L821	2024-01-07	CREDIT	6	404000	Interest Income	55	False	False	-
loanTransactionType.capitalizedIncomeAmortization	33	MNT	L823	2024-01-08	DEBIT	23	145024	Deferred Capitalized Income	55	False	False	-
loanTransactionType.capitalizedIncomeAmortization	33	MNT	L823	2024-01-08	CREDIT	6	404000	Interest Income	55	False	False	-
loanTransactionType.capitalizedIncomeAmortization	33	MNT	L825	2024-01-09	DEBIT	23	145024	Deferred Capitalized Income	55	False	False	-
loanTransactionType.capitalizedIncomeAmortization	33	MNT	L825	2024-01-09	CREDIT	6	404000	Interest Income	55	False	False	-
loanTransactionType.capitalizedIncomeAmortization	33	MNT	L827	2024-01-10	DEBIT	23	145024	Deferred Capitalized Income	54	False	False	-
loanTransactionType.capitalizedIncomeAmortization	33	MNT	L827	2024-01-10	CREDIT	6	404000	Interest Income	54	False	False	-
loanTransactionType.capitalizedIncomeAmortization	33	MNT	L829	2024-01-11	DEBIT	23	145024	Deferred Capitalized Income	55	False	False	-
loanTransactionType.capitalizedIncomeAmortization	33	MNT	L829	2024-01-11	CREDIT	6	404000	Interest Income	55	False	False	-
loanTransactionType.capitalizedIncomeAmortization	33	MNT	L831	2024-01-12	DEBIT	23	145024	Deferred Capitalized Income	55	False	False	-
loanTransactionType.capitalizedIncomeAmortization	33	MNT	L831	2024-01-12	CREDIT	6	404000	Interest Income	55	False	False	-
loanTransactionType.capitalizedIncomeAmortization	33	MNT	L833	2024-01-13	DEBIT	23	145024	Deferred Capitalized Income	55	False	False	-
loanTransactionType.capitalizedIncomeAmortization	33	MNT	L833	2024-01-13	CREDIT	6	404000	Interest Income	55	False	False	-
loanTransactionType.capitalizedIncomeAmortization	33	MNT	L835	2024-01-14	DEBIT	23	145024	Deferred Capitalized Income	55	False	False	-
loanTransactionType.capitalizedIncomeAmortization	33	MNT	L835	2024-01-14	CREDIT	6	404000	Interest Income	55	False	False	-
loanTransactionType.capitalizedIncomeAmortization	33	MNT	L837	2024-01-15	DEBIT	23	145024	Deferred Capitalized Income	55	False	False	-
loanTransactionType.capitalizedIncomeAmortization	33	MNT	L837	2024-01-15	CREDIT	6	404000	Interest Income	55	False	False	-
loanTransactionType.capitalizedIncomeAmortization	33	MNT	L839	2024-01-16	DEBIT	23	145024	Deferred Capitalized Income	55	False	False	-
loanTransactionType.capitalizedIncomeAmortization	33	MNT	L839	2024-01-16	CREDIT	6	404000	Interest Income	55	False	False	-
loanTransactionType.capitalizedIncomeAmortization	33	MNT	L841	2024-01-17	DEBIT	23	145024	Deferred Capitalized Income	55	False	False	-
loanTransactionType.capitalizedIncomeAmortization	33	MNT	L841	2024-01-17	CREDIT	6	404000	Interest Income	55	False	False	-
loanTransactionType.capitalizedIncomeAmortization	33	MNT	L843	2024-01-18	DEBIT	23	145024	Deferred Capitalized Income	55	False	False	-
loanTransactionType.capitalizedIncomeAmortization	33	MNT	L843	2024-01-18	CREDIT	6	404000	Interest Income	55	False	False	-
loanTransactionType.capitalizedIncomeAmortization	33	MNT	L845	2024-01-19	DEBIT	23	145024	Deferred Capitalized Income	55	False	False	-
loanTransactionType.capitalizedIncomeAmortization	33	MNT	L845	2024-01-19	CREDIT	6	404000	Interest Income	55	False	False	-
loanTransactionType.capitalizedIncomeAmortization	33	MNT	L847	2024-01-20	DEBIT	23	145024	Deferred Capitalized Income	55	False	False	-
loanTransactionType.capitalizedIncomeAmortization	33	MNT	L847	2024-01-20	CREDIT	6	404000	Interest Income	55	False	False	-
loanTransactionType.capitalizedIncomeAmortization	33	MNT	L849	2024-01-21	DEBIT	23	145024	Deferred Capitalized Income	55	False	False	-
loanTransactionType.capitalizedIncomeAmortization	33	MNT	L849	2024-01-21	CREDIT	6	404000	Interest Income	55	False	False	-
loanTransactionType.capitalizedIncomeAmortization	33	MNT	L851	2024-01-22	DEBIT	23	145024	Deferred Capitalized Income	55	False	False	-
loanTransactionType.capitalizedIncomeAmortization	33	MNT	L851	2024-01-22	CREDIT	6	404000	Interest Income	55	False	False	-
loanTransactionType.capitalizedIncomeAmortization	33	MNT	L853	2024-01-23	DEBIT	23	145024	Deferred Capitalized Income	55	False	False	-
loanTransactionType.capitalizedIncomeAmortization	33	MNT	L853	2024-01-23	CREDIT	6	404000	Interest Income	55	False	False	-
loanTransactionType.capitalizedIncomeAmortization	33	MNT	L855	2024-01-24	DEBIT	23	145024	Deferred Capitalized Income	55	False	False	-
loanTransactionType.capitalizedIncomeAmortization	33	MNT	L855	2024-01-24	CREDIT	6	404000	Interest Income	55	False	False	-
loanTransactionType.capitalizedIncomeAmortization	33	MNT	L857	2024-01-25	DEBIT	23	145024	Deferred Capitalized Income	55	False	False	-
loanTransactionType.capitalizedIncomeAmortization	33	MNT	L857	2024-01-25	CREDIT	6	404000	Interest Income	55	False	False	-
loanTransactionType.capitalizedIncomeAmortization	33	MNT	L859	2024-01-26	DEBIT	23	145024	Deferred Capitalized Income	55	False	False	-
loanTransactionType.capitalizedIncomeAmortization	33	MNT	L859	2024-01-26	CREDIT	6	404000	Interest Income	55	False	False	-
loanTransactionType.capitalizedIncomeAmortization	33	MNT	L861	2024-01-27	DEBIT	23	145024	Deferred Capitalized Income	55	False	False	-
loanTransactionType.capitalizedIncomeAmortization	33	MNT	L861	2024-01-27	CREDIT	6	404000	Interest Income	55	False	False	-
loanTransactionType.capitalizedIncomeAmortization	33	MNT	L863	2024-01-28	DEBIT	23	145024	Deferred Capitalized Income	54	False	False	-
loanTransactionType.capitalizedIncomeAmortization	33	MNT	L863	2024-01-28	CREDIT	6	404000	Interest Income	54	False	False	-
loanTransactionType.capitalizedIncomeAmortization	33	MNT	L865	2024-01-29	DEBIT	23	145024	Deferred Capitalized Income	55	False	False	-
loanTransactionType.capitalizedIncomeAmortization	33	MNT	L865	2024-01-29	CREDIT	6	404000	Interest Income	55	False	False	-
loanTransactionType.capitalizedIncomeAmortization	33	MNT	L867	2024-01-30	DEBIT	23	145024	Deferred Capitalized Income	55	False	False	-
loanTransactionType.capitalizedIncomeAmortization	33	MNT	L867	2024-01-30	CREDIT	6	404000	Interest Income	55	False	False	-
loanTransactionType.capitalizedIncomeAmortization	33	MNT	L869	2024-01-31	DEBIT	23	145024	Deferred Capitalized Income	55	False	False	-
loanTransactionType.capitalizedIncomeAmortization	33	MNT	L869	2024-01-31	CREDIT	6	404000	Interest Income	55	False	False	-
loanTransactionType.capitalizedIncomeAmortization	33	MNT	L871	2024-02-01	DEBIT	23	145024	Deferred Capitalized Income	55	False	False	-
loanTransactionType.capitalizedIncomeAmortization	33	MNT	L871	2024-02-01	CREDIT	6	404000	Interest Income	55	False	False	-
loanTransactionType.capitalizedIncomeAmortization	33	MNT	L873	2024-02-02	DEBIT	23	145024	Deferred Capitalized Income	55	False	False	-
loanTransactionType.capitalizedIncomeAmortization	33	MNT	L873	2024-02-02	CREDIT	6	404000	Interest Income	55	False	False	-
loanTransactionType.capitalizedIncomeAmortization	33	MNT	L875	2024-02-03	DEBIT	23	145024	Deferred Capitalized Income	55	False	False	-
loanTransactionType.capitalizedIncomeAmortization	33	MNT	L875	2024-02-03	CREDIT	6	404000	Interest Income	55	False	False	-
loanTransactionType.capitalizedIncomeAmortization	33	MNT	L877	2024-02-04	DEBIT	23	145024	Deferred Capitalized Income	55	False	False	-
loanTransactionType.capitalizedIncomeAmortization	33	MNT	L877	2024-02-04	CREDIT	6	404000	Interest Income	55	False	False	-
loanTransactionType.capitalizedIncomeAmortization	33	MNT	L879	2024-02-05	DEBIT	23	145024	Deferred Capitalized Income	55	False	False	-
loanTransactionType.capitalizedIncomeAmortization	33	MNT	L879	2024-02-05	CREDIT	6	404000	Interest Income	55	False	False	-
loanTransactionType.capitalizedIncomeAmortization	33	MNT	L881	2024-02-06	DEBIT	23	145024	Deferred Capitalized Income	55	False	False	-
loanTransactionType.capitalizedIncomeAmortization	33	MNT	L881	2024-02-06	CREDIT	6	404000	Interest Income	55	False	False	-
loanTransactionType.capitalizedIncomeAmortization	33	MNT	L883	2024-02-07	DEBIT	23	145024	Deferred Capitalized Income	55	False	False	-
loanTransactionType.capitalizedIncomeAmortization	33	MNT	L883	2024-02-07	CREDIT	6	404000	Interest Income	55	False	False	-
loanTransactionType.capitalizedIncomeAmortization	33	MNT	L885	2024-02-08	DEBIT	23	145024	Deferred Capitalized Income	55	False	False	-
loanTransactionType.capitalizedIncomeAmortization	33	MNT	L885	2024-02-08	CREDIT	6	404000	Interest Income	55	False	False	-
loanTransactionType.capitalizedIncomeAmortization	33	MNT	L887	2024-02-09	DEBIT	23	145024	Deferred Capitalized Income	55	False	False	-
loanTransactionType.capitalizedIncomeAmortization	33	MNT	L887	2024-02-09	CREDIT	6	404000	Interest Income	55	False	False	-
loanTransactionType.capitalizedIncomeAmortization	33	MNT	L889	2024-02-10	DEBIT	23	145024	Deferred Capitalized Income	55	False	False	-
loanTransactionType.capitalizedIncomeAmortization	33	MNT	L889	2024-02-10	CREDIT	6	404000	Interest Income	55	False	False	-
loanTransactionType.capitalizedIncomeAmortization	33	MNT	L891	2024-02-11	DEBIT	23	145024	Deferred Capitalized Income	55	False	False	-
loanTransactionType.capitalizedIncomeAmortization	33	MNT	L891	2024-02-11	CREDIT	6	404000	Interest Income	55	False	False	-
loanTransactionType.capitalizedIncomeAmortization	33	MNT	L893	2024-02-12	DEBIT	23	145024	Deferred Capitalized Income	55	False	False	-
loanTransactionType.capitalizedIncomeAmortization	33	MNT	L893	2024-02-12	CREDIT	6	404000	Interest Income	55	False	False	-
loanTransactionType.capitalizedIncomeAmortization	33	MNT	L895	2024-02-13	DEBIT	23	145024	Deferred Capitalized Income	55	False	False	-
loanTransactionType.capitalizedIncomeAmortization	33	MNT	L895	2024-02-13	CREDIT	6	404000	Interest Income	55	False	False	-
loanTransactionType.capitalizedIncomeAmortization	33	MNT	L897	2024-02-14	DEBIT	23	145024	Deferred Capitalized Income	55	False	False	-
loanTransactionType.capitalizedIncomeAmortization	33	MNT	L897	2024-02-14	CREDIT	6	404000	Interest Income	55	False	False	-
loanTransactionType.capitalizedIncomeAmortization	33	MNT	L899	2024-02-15	DEBIT	23	145024	Deferred Capitalized Income	54	False	False	-
loanTransactionType.capitalizedIncomeAmortization	33	MNT	L899	2024-02-15	CREDIT	6	404000	Interest Income	54	False	False	-
loanTransactionType.capitalizedIncomeAmortization	33	MNT	L901	2024-02-16	DEBIT	23	145024	Deferred Capitalized Income	55	False	False	-
loanTransactionType.capitalizedIncomeAmortization	33	MNT	L901	2024-02-16	CREDIT	6	404000	Interest Income	55	False	False	-
loanTransactionType.capitalizedIncomeAmortization	33	MNT	L903	2024-02-17	DEBIT	23	145024	Deferred Capitalized Income	55	False	False	-
loanTransactionType.capitalizedIncomeAmortization	33	MNT	L903	2024-02-17	CREDIT	6	404000	Interest Income	55	False	False	-
loanTransactionType.capitalizedIncomeAmortization	33	MNT	L905	2024-02-18	DEBIT	23	145024	Deferred Capitalized Income	55	False	False	-
loanTransactionType.capitalizedIncomeAmortization	33	MNT	L905	2024-02-18	CREDIT	6	404000	Interest Income	55	False	False	-
loanTransactionType.capitalizedIncomeAmortization	33	MNT	L907	2024-02-19	DEBIT	23	145024	Deferred Capitalized Income	55	False	False	-
loanTransactionType.capitalizedIncomeAmortization	33	MNT	L907	2024-02-19	CREDIT	6	404000	Interest Income	55	False	False	-
loanTransactionType.capitalizedIncomeAmortization	33	MNT	L909	2024-02-20	DEBIT	23	145024	Deferred Capitalized Income	55	False	False	-
loanTransactionType.capitalizedIncomeAmortization	33	MNT	L909	2024-02-20	CREDIT	6	404000	Interest Income	55	False	False	-
loanTransactionType.capitalizedIncomeAmortization	33	MNT	L911	2024-02-21	DEBIT	23	145024	Deferred Capitalized Income	55	False	False	-
loanTransactionType.capitalizedIncomeAmortization	33	MNT	L911	2024-02-21	CREDIT	6	404000	Interest Income	55	False	False	-
loanTransactionType.capitalizedIncomeAmortization	33	MNT	L913	2024-02-22	DEBIT	23	145024	Deferred Capitalized Income	55	False	False	-
loanTransactionType.capitalizedIncomeAmortization	33	MNT	L913	2024-02-22	CREDIT	6	404000	Interest Income	55	False	False	-
loanTransactionType.capitalizedIncomeAmortization	33	MNT	L915	2024-02-23	DEBIT	23	145024	Deferred Capitalized Income	55	False	False	-
loanTransactionType.capitalizedIncomeAmortization	33	MNT	L915	2024-02-23	CREDIT	6	404000	Interest Income	55	False	False	-
loanTransactionType.capitalizedIncomeAmortization	33	MNT	L917	2024-02-24	DEBIT	23	145024	Deferred Capitalized Income	55	False	False	-
loanTransactionType.capitalizedIncomeAmortization	33	MNT	L917	2024-02-24	CREDIT	6	404000	Interest Income	55	False	False	-
loanTransactionType.capitalizedIncomeAmortization	33	MNT	L919	2024-02-25	DEBIT	23	145024	Deferred Capitalized Income	55	False	False	-
loanTransactionType.capitalizedIncomeAmortization	33	MNT	L919	2024-02-25	CREDIT	6	404000	Interest Income	55	False	False	-
loanTransactionType.capitalizedIncomeAmortization	33	MNT	L921	2024-02-26	DEBIT	23	145024	Deferred Capitalized Income	55	False	False	-
loanTransactionType.capitalizedIncomeAmortization	33	MNT	L921	2024-02-26	CREDIT	6	404000	Interest Income	55	False	False	-
loanTransactionType.capitalizedIncomeAmortization	33	MNT	L923	2024-02-27	DEBIT	23	145024	Deferred Capitalized Income	55	False	False	-
loanTransactionType.capitalizedIncomeAmortization	33	MNT	L923	2024-02-27	CREDIT	6	404000	Interest Income	55	False	False	-
loanTransactionType.capitalizedIncomeAmortization	33	MNT	L925	2024-02-28	DEBIT	23	145024	Deferred Capitalized Income	55	False	False	-
loanTransactionType.capitalizedIncomeAmortization	33	MNT	L925	2024-02-28	CREDIT	6	404000	Interest Income	55	False	False	-
loanTransactionType.capitalizedIncomeAmortization	33	MNT	L927	2024-02-29	DEBIT	23	145024	Deferred Capitalized Income	55	False	False	-
loanTransactionType.capitalizedIncomeAmortization	33	MNT	L927	2024-02-29	CREDIT	6	404000	Interest Income	55	False	False	-
loanTransactionType.capitalizedIncomeAdjustment	33	MNT	L928	2024-03-01	DEBIT	1	112603	Interest/Fee Receivable	29	False	False	-
loanTransactionType.capitalizedIncomeAdjustment	33	MNT	L928	2024-03-01	DEBIT	10	112601	Loans Receivable	4971	False	False	-
loanTransactionType.capitalizedIncomeAdjustment	33	MNT	L928	2024-03-01	DEBIT	23	145024	Deferred Capitalized Income	5000	False	False	-
loanTransactionType.capitalizedIncomeAdjustment	33	MNT	L928	2024-03-01	CREDIT	1	112603	Interest/Fee Receivable	29	False	False	-
loanTransactionType.capitalizedIncomeAdjustment	33	MNT	L928	2024-03-01	CREDIT	10	112601	Loans Receivable	4971	False	False	-
loanTransactionType.capitalizedIncomeAdjustment	33	MNT	L928	2024-03-01	CREDIT	23	145024	Deferred Capitalized Income	5000	False	False	-
loanTransactionType.capitalizedIncomeAdjustment	33	MNT	L929	2024-03-01	DEBIT	23	145024	Deferred Capitalized Income	5000	False	False	-
loanTransactionType.capitalizedIncomeAdjustment	33	MNT	L929	2024-03-01	CREDIT	1	112603	Interest/Fee Receivable	87	False	False	-
loanTransactionType.capitalizedIncomeAdjustment	33	MNT	L929	2024-03-01	CREDIT	10	112601	Loans Receivable	4913	False	False	-
loanTransactionType.capitalizedIncomeAmortizationAdjustment	33	MNT	L933	2024-03-01	DEBIT	6	404000	Interest Income	3297	False	False	-
loanTransactionType.capitalizedIncomeAmortizationAdjustment	33	MNT	L933	2024-03-01	CREDIT	23	145024	Deferred Capitalized Income	3297	False	False	-
loanTransactionType.capitalizedIncome	34	MNT	L935	2024-01-01	DEBIT	10	112601	Loans Receivable	5100	False	False	-
loanTransactionType.capitalizedIncome	34	MNT	L935	2024-01-01	CREDIT	23	145024	Deferred Capitalized Income	5100	False	False	-
loanTransactionType.capitalizedIncomeAmortization	34	MNT	L936	2024-01-01	DEBIT	23	145024	Deferred Capitalized Income	56	False	False	-
loanTransactionType.capitalizedIncomeAmortization	34	MNT	L936	2024-01-01	CREDIT	6	404000	Interest Income	56	False	False	-
loanTransactionType.capitalizedIncomeAmortization	34	MNT	L938	2024-01-02	DEBIT	23	145024	Deferred Capitalized Income	56	False	False	-
loanTransactionType.capitalizedIncomeAmortization	34	MNT	L938	2024-01-02	CREDIT	6	404000	Interest Income	56	False	False	-
loanTransactionType.capitalizedIncomeAmortization	34	MNT	L940	2024-01-03	DEBIT	23	145024	Deferred Capitalized Income	56	False	False	-
loanTransactionType.capitalizedIncomeAmortization	34	MNT	L940	2024-01-03	CREDIT	6	404000	Interest Income	56	False	False	-
loanTransactionType.capitalizedIncomeAmortization	34	MNT	L942	2024-01-04	DEBIT	23	145024	Deferred Capitalized Income	56	False	False	-
loanTransactionType.capitalizedIncomeAmortization	34	MNT	L942	2024-01-04	CREDIT	6	404000	Interest Income	56	False	False	-
loanTransactionType.capitalizedIncomeAmortization	34	MNT	L944	2024-01-05	DEBIT	23	145024	Deferred Capitalized Income	56	False	False	-
loanTransactionType.capitalizedIncomeAmortization	34	MNT	L944	2024-01-05	CREDIT	6	404000	Interest Income	56	False	False	-
loanTransactionType.capitalizedIncomeAmortization	34	MNT	L946	2024-01-06	DEBIT	23	145024	Deferred Capitalized Income	56	False	False	-
loanTransactionType.capitalizedIncomeAmortization	34	MNT	L946	2024-01-06	CREDIT	6	404000	Interest Income	56	False	False	-
loanTransactionType.capitalizedIncomeAmortization	34	MNT	L948	2024-01-07	DEBIT	23	145024	Deferred Capitalized Income	56	False	False	-
loanTransactionType.capitalizedIncomeAmortization	34	MNT	L948	2024-01-07	CREDIT	6	404000	Interest Income	56	False	False	-
loanTransactionType.capitalizedIncomeAmortization	34	MNT	L950	2024-01-08	DEBIT	23	145024	Deferred Capitalized Income	56	False	False	-
loanTransactionType.capitalizedIncomeAmortization	34	MNT	L950	2024-01-08	CREDIT	6	404000	Interest Income	56	False	False	-
loanTransactionType.capitalizedIncomeAmortization	34	MNT	L952	2024-01-09	DEBIT	23	145024	Deferred Capitalized Income	56	False	False	-
loanTransactionType.capitalizedIncomeAmortization	34	MNT	L952	2024-01-09	CREDIT	6	404000	Interest Income	56	False	False	-
loanTransactionType.capitalizedIncomeAmortization	34	MNT	L954	2024-01-10	DEBIT	23	145024	Deferred Capitalized Income	56	False	False	-
loanTransactionType.capitalizedIncomeAmortization	34	MNT	L954	2024-01-10	CREDIT	6	404000	Interest Income	56	False	False	-
loanTransactionType.capitalizedIncomeAmortization	34	MNT	L956	2024-01-11	DEBIT	23	145024	Deferred Capitalized Income	56	False	False	-
loanTransactionType.capitalizedIncomeAmortization	34	MNT	L956	2024-01-11	CREDIT	6	404000	Interest Income	56	False	False	-
loanTransactionType.capitalizedIncomeAmortization	34	MNT	L958	2024-01-12	DEBIT	23	145024	Deferred Capitalized Income	57	False	False	-
loanTransactionType.capitalizedIncomeAmortization	34	MNT	L958	2024-01-12	CREDIT	6	404000	Interest Income	57	False	False	-
loanTransactionType.capitalizedIncomeAmortization	34	MNT	L960	2024-01-13	DEBIT	23	145024	Deferred Capitalized Income	56	False	False	-
loanTransactionType.capitalizedIncomeAmortization	34	MNT	L960	2024-01-13	CREDIT	6	404000	Interest Income	56	False	False	-
loanTransactionType.capitalizedIncomeAmortization	34	MNT	L962	2024-01-14	DEBIT	23	145024	Deferred Capitalized Income	56	False	False	-
loanTransactionType.capitalizedIncomeAmortization	34	MNT	L962	2024-01-14	CREDIT	6	404000	Interest Income	56	False	False	-
loanTransactionType.capitalizedIncomeAmortization	34	MNT	L964	2024-01-15	DEBIT	23	145024	Deferred Capitalized Income	56	False	False	-
loanTransactionType.capitalizedIncomeAmortization	34	MNT	L964	2024-01-15	CREDIT	6	404000	Interest Income	56	False	False	-
loanTransactionType.capitalizedIncomeAmortization	34	MNT	L966	2024-01-16	DEBIT	23	145024	Deferred Capitalized Income	56	False	False	-
loanTransactionType.capitalizedIncomeAmortization	34	MNT	L966	2024-01-16	CREDIT	6	404000	Interest Income	56	False	False	-
loanTransactionType.capitalizedIncomeAmortization	34	MNT	L968	2024-01-17	DEBIT	23	145024	Deferred Capitalized Income	56	False	False	-
loanTransactionType.capitalizedIncomeAmortization	34	MNT	L968	2024-01-17	CREDIT	6	404000	Interest Income	56	False	False	-
loanTransactionType.capitalizedIncomeAmortization	34	MNT	L970	2024-01-18	DEBIT	23	145024	Deferred Capitalized Income	56	False	False	-
loanTransactionType.capitalizedIncomeAmortization	34	MNT	L970	2024-01-18	CREDIT	6	404000	Interest Income	56	False	False	-
loanTransactionType.capitalizedIncomeAmortization	34	MNT	L972	2024-01-19	DEBIT	23	145024	Deferred Capitalized Income	56	False	False	-
loanTransactionType.capitalizedIncomeAmortization	34	MNT	L972	2024-01-19	CREDIT	6	404000	Interest Income	56	False	False	-
loanTransactionType.capitalizedIncomeAmortization	34	MNT	L974	2024-01-20	DEBIT	23	145024	Deferred Capitalized Income	56	False	False	-
loanTransactionType.capitalizedIncomeAmortization	34	MNT	L974	2024-01-20	CREDIT	6	404000	Interest Income	56	False	False	-
loanTransactionType.capitalizedIncomeAmortization	34	MNT	L976	2024-01-21	DEBIT	23	145024	Deferred Capitalized Income	56	False	False	-
loanTransactionType.capitalizedIncomeAmortization	34	MNT	L976	2024-01-21	CREDIT	6	404000	Interest Income	56	False	False	-
loanTransactionType.capitalizedIncomeAmortization	34	MNT	L978	2024-01-22	DEBIT	23	145024	Deferred Capitalized Income	56	False	False	-
loanTransactionType.capitalizedIncomeAmortization	34	MNT	L978	2024-01-22	CREDIT	6	404000	Interest Income	56	False	False	-
loanTransactionType.capitalizedIncomeAmortization	34	MNT	L980	2024-01-23	DEBIT	23	145024	Deferred Capitalized Income	56	False	False	-
loanTransactionType.capitalizedIncomeAmortization	34	MNT	L980	2024-01-23	CREDIT	6	404000	Interest Income	56	False	False	-
loanTransactionType.capitalizedIncomeAmortization	34	MNT	L982	2024-01-24	DEBIT	23	145024	Deferred Capitalized Income	56	False	False	-
loanTransactionType.capitalizedIncomeAmortization	34	MNT	L982	2024-01-24	CREDIT	6	404000	Interest Income	56	False	False	-
loanTransactionType.capitalizedIncomeAmortization	34	MNT	L984	2024-01-25	DEBIT	23	145024	Deferred Capitalized Income	56	False	False	-
loanTransactionType.capitalizedIncomeAmortization	34	MNT	L984	2024-01-25	CREDIT	6	404000	Interest Income	56	False	False	-
loanTransactionType.capitalizedIncomeAmortization	34	MNT	L986	2024-01-26	DEBIT	23	145024	Deferred Capitalized Income	56	False	False	-
loanTransactionType.capitalizedIncomeAmortization	34	MNT	L986	2024-01-26	CREDIT	6	404000	Interest Income	56	False	False	-
loanTransactionType.capitalizedIncomeAmortization	34	MNT	L988	2024-01-27	DEBIT	23	145024	Deferred Capitalized Income	56	False	False	-
loanTransactionType.capitalizedIncomeAmortization	34	MNT	L988	2024-01-27	CREDIT	6	404000	Interest Income	56	False	False	-
loanTransactionType.capitalizedIncomeAmortization	34	MNT	L990	2024-01-28	DEBIT	23	145024	Deferred Capitalized Income	56	False	False	-
loanTransactionType.capitalizedIncomeAmortization	34	MNT	L990	2024-01-28	CREDIT	6	404000	Interest Income	56	False	False	-
loanTransactionType.capitalizedIncomeAmortization	34	MNT	L992	2024-01-29	DEBIT	23	145024	Deferred Capitalized Income	56	False	False	-
loanTransactionType.capitalizedIncomeAmortization	34	MNT	L992	2024-01-29	CREDIT	6	404000	Interest Income	56	False	False	-
loanTransactionType.capitalizedIncomeAmortization	34	MNT	L994	2024-01-30	DEBIT	23	145024	Deferred Capitalized Income	56	False	False	-
loanTransactionType.capitalizedIncomeAmortization	34	MNT	L994	2024-01-30	CREDIT	6	404000	Interest Income	56	False	False	-
loanTransactionType.capitalizedIncomeAmortization	34	MNT	L996	2024-01-31	DEBIT	23	145024	Deferred Capitalized Income	56	False	False	-
loanTransactionType.capitalizedIncomeAmortization	34	MNT	L996	2024-01-31	CREDIT	6	404000	Interest Income	56	False	False	-
loanTransactionType.capitalizedIncomeAmortization	34	MNT	L998	2024-02-01	DEBIT	23	145024	Deferred Capitalized Income	56	False	False	-
loanTransactionType.capitalizedIncomeAmortization	34	MNT	L998	2024-02-01	CREDIT	6	404000	Interest Income	56	False	False	-
loanTransactionType.capitalizedIncomeAmortization	34	MNT	L1000	2024-02-02	DEBIT	23	145024	Deferred Capitalized Income	56	False	False	-
loanTransactionType.capitalizedIncomeAmortization	34	MNT	L1000	2024-02-02	CREDIT	6	404000	Interest Income	56	False	False	-
loanTransactionType.capitalizedIncomeAmortization	34	MNT	L1002	2024-02-03	DEBIT	23	145024	Deferred Capitalized Income	56	False	False	-
loanTransactionType.capitalizedIncomeAmortization	34	MNT	L1002	2024-02-03	CREDIT	6	404000	Interest Income	56	False	False	-
loanTransactionType.capitalizedIncomeAmortization	34	MNT	L1004	2024-02-04	DEBIT	23	145024	Deferred Capitalized Income	57	False	False	-
loanTransactionType.capitalizedIncomeAmortization	34	MNT	L1004	2024-02-04	CREDIT	6	404000	Interest Income	57	False	False	-
loanTransactionType.capitalizedIncomeAmortization	34	MNT	L1006	2024-02-05	DEBIT	23	145024	Deferred Capitalized Income	56	False	False	-
loanTransactionType.capitalizedIncomeAmortization	34	MNT	L1006	2024-02-05	CREDIT	6	404000	Interest Income	56	False	False	-
loanTransactionType.capitalizedIncomeAmortization	34	MNT	L1008	2024-02-06	DEBIT	23	145024	Deferred Capitalized Income	56	False	False	-
loanTransactionType.capitalizedIncomeAmortization	34	MNT	L1008	2024-02-06	CREDIT	6	404000	Interest Income	56	False	False	-
loanTransactionType.capitalizedIncomeAmortization	34	MNT	L1010	2024-02-07	DEBIT	23	145024	Deferred Capitalized Income	56	False	False	-
loanTransactionType.capitalizedIncomeAmortization	34	MNT	L1010	2024-02-07	CREDIT	6	404000	Interest Income	56	False	False	-
loanTransactionType.capitalizedIncomeAmortization	34	MNT	L1012	2024-02-08	DEBIT	23	145024	Deferred Capitalized Income	56	False	False	-
loanTransactionType.capitalizedIncomeAmortization	34	MNT	L1012	2024-02-08	CREDIT	6	404000	Interest Income	56	False	False	-
loanTransactionType.capitalizedIncomeAmortization	34	MNT	L1014	2024-02-09	DEBIT	23	145024	Deferred Capitalized Income	56	False	False	-
loanTransactionType.capitalizedIncomeAmortization	34	MNT	L1014	2024-02-09	CREDIT	6	404000	Interest Income	56	False	False	-
loanTransactionType.capitalizedIncomeAmortization	34	MNT	L1016	2024-02-10	DEBIT	23	145024	Deferred Capitalized Income	56	False	False	-
loanTransactionType.capitalizedIncomeAmortization	34	MNT	L1016	2024-02-10	CREDIT	6	404000	Interest Income	56	False	False	-
loanTransactionType.capitalizedIncomeAmortization	34	MNT	L1018	2024-02-11	DEBIT	23	145024	Deferred Capitalized Income	56	False	False	-
loanTransactionType.capitalizedIncomeAmortization	34	MNT	L1018	2024-02-11	CREDIT	6	404000	Interest Income	56	False	False	-
loanTransactionType.capitalizedIncomeAmortization	34	MNT	L1020	2024-02-12	DEBIT	23	145024	Deferred Capitalized Income	56	False	False	-
loanTransactionType.capitalizedIncomeAmortization	34	MNT	L1020	2024-02-12	CREDIT	6	404000	Interest Income	56	False	False	-
loanTransactionType.capitalizedIncomeAmortization	34	MNT	L1022	2024-02-13	DEBIT	23	145024	Deferred Capitalized Income	56	False	False	-
loanTransactionType.capitalizedIncomeAmortization	34	MNT	L1022	2024-02-13	CREDIT	6	404000	Interest Income	56	False	False	-
loanTransactionType.capitalizedIncomeAmortization	34	MNT	L1024	2024-02-14	DEBIT	23	145024	Deferred Capitalized Income	56	False	False	-
loanTransactionType.capitalizedIncomeAmortization	34	MNT	L1024	2024-02-14	CREDIT	6	404000	Interest Income	56	False	False	-
loanTransactionType.capitalizedIncomeAmortization	34	MNT	L1026	2024-02-15	DEBIT	23	145024	Deferred Capitalized Income	56	False	False	-
loanTransactionType.capitalizedIncomeAmortization	34	MNT	L1026	2024-02-15	CREDIT	6	404000	Interest Income	56	False	False	-
loanTransactionType.capitalizedIncomeAmortization	34	MNT	L1028	2024-02-16	DEBIT	23	145024	Deferred Capitalized Income	56	False	False	-
loanTransactionType.capitalizedIncomeAmortization	34	MNT	L1028	2024-02-16	CREDIT	6	404000	Interest Income	56	False	False	-
loanTransactionType.capitalizedIncomeAmortization	34	MNT	L1030	2024-02-17	DEBIT	23	145024	Deferred Capitalized Income	56	False	False	-
loanTransactionType.capitalizedIncomeAmortization	34	MNT	L1030	2024-02-17	CREDIT	6	404000	Interest Income	56	False	False	-
loanTransactionType.capitalizedIncomeAmortization	34	MNT	L1032	2024-02-18	DEBIT	23	145024	Deferred Capitalized Income	56	False	False	-
loanTransactionType.capitalizedIncomeAmortization	34	MNT	L1032	2024-02-18	CREDIT	6	404000	Interest Income	56	False	False	-
loanTransactionType.capitalizedIncomeAmortization	34	MNT	L1034	2024-02-19	DEBIT	23	145024	Deferred Capitalized Income	56	False	False	-
loanTransactionType.capitalizedIncomeAmortization	34	MNT	L1034	2024-02-19	CREDIT	6	404000	Interest Income	56	False	False	-
loanTransactionType.capitalizedIncomeAmortization	34	MNT	L1036	2024-02-20	DEBIT	23	145024	Deferred Capitalized Income	56	False	False	-
loanTransactionType.capitalizedIncomeAmortization	34	MNT	L1036	2024-02-20	CREDIT	6	404000	Interest Income	56	False	False	-
loanTransactionType.capitalizedIncomeAmortization	34	MNT	L1038	2024-02-21	DEBIT	23	145024	Deferred Capitalized Income	56	False	False	-
loanTransactionType.capitalizedIncomeAmortization	34	MNT	L1038	2024-02-21	CREDIT	6	404000	Interest Income	56	False	False	-
loanTransactionType.capitalizedIncomeAmortization	34	MNT	L1040	2024-02-22	DEBIT	23	145024	Deferred Capitalized Income	56	False	False	-
loanTransactionType.capitalizedIncomeAmortization	34	MNT	L1040	2024-02-22	CREDIT	6	404000	Interest Income	56	False	False	-
loanTransactionType.capitalizedIncomeAmortization	34	MNT	L1042	2024-02-23	DEBIT	23	145024	Deferred Capitalized Income	56	False	False	-
loanTransactionType.capitalizedIncomeAmortization	34	MNT	L1042	2024-02-23	CREDIT	6	404000	Interest Income	56	False	False	-
loanTransactionType.capitalizedIncomeAmortization	34	MNT	L1044	2024-02-24	DEBIT	23	145024	Deferred Capitalized Income	56	False	False	-
loanTransactionType.capitalizedIncomeAmortization	34	MNT	L1044	2024-02-24	CREDIT	6	404000	Interest Income	56	False	False	-
loanTransactionType.capitalizedIncomeAmortization	34	MNT	L1046	2024-02-25	DEBIT	23	145024	Deferred Capitalized Income	56	False	False	-
loanTransactionType.capitalizedIncomeAmortization	34	MNT	L1046	2024-02-25	CREDIT	6	404000	Interest Income	56	False	False	-
loanTransactionType.capitalizedIncomeAmortization	34	MNT	L1048	2024-02-26	DEBIT	23	145024	Deferred Capitalized Income	57	False	False	-
loanTransactionType.capitalizedIncomeAmortization	34	MNT	L1048	2024-02-26	CREDIT	6	404000	Interest Income	57	False	False	-
loanTransactionType.capitalizedIncomeAmortization	34	MNT	L1050	2024-02-27	DEBIT	23	145024	Deferred Capitalized Income	56	False	False	-
loanTransactionType.capitalizedIncomeAmortization	34	MNT	L1050	2024-02-27	CREDIT	6	404000	Interest Income	56	False	False	-
loanTransactionType.capitalizedIncomeAmortization	34	MNT	L1052	2024-02-28	DEBIT	23	145024	Deferred Capitalized Income	56	False	False	-
loanTransactionType.capitalizedIncomeAmortization	34	MNT	L1052	2024-02-28	CREDIT	6	404000	Interest Income	56	False	False	-
loanTransactionType.capitalizedIncomeAmortization	34	MNT	L1054	2024-02-29	DEBIT	23	145024	Deferred Capitalized Income	56	False	False	-
loanTransactionType.capitalizedIncomeAmortization	34	MNT	L1054	2024-02-29	CREDIT	6	404000	Interest Income	56	False	False	-
loanTransactionType.capitalizedIncomeAdjustment	34	MNT	L1055	2024-03-01	DEBIT	1	112603	Interest/Fee Receivable	88	False	False	-
loanTransactionType.capitalizedIncomeAdjustment	34	MNT	L1055	2024-03-01	DEBIT	10	112601	Loans Receivable	5012	False	False	-
loanTransactionType.capitalizedIncomeAdjustment	34	MNT	L1055	2024-03-01	DEBIT	23	145024	Deferred Capitalized Income	5100	False	False	-
loanTransactionType.capitalizedIncomeAdjustment	34	MNT	L1055	2024-03-01	CREDIT	1	112603	Interest/Fee Receivable	88	False	False	-
loanTransactionType.capitalizedIncomeAdjustment	34	MNT	L1055	2024-03-01	CREDIT	10	112601	Loans Receivable	5012	False	False	-
loanTransactionType.capitalizedIncomeAdjustment	34	MNT	L1055	2024-03-01	CREDIT	23	145024	Deferred Capitalized Income	5100	False	False	-
loanTransactionType.capitalizedIncomeAdjustment	34	MNT	L1056	2024-03-01	DEBIT	23	145024	Deferred Capitalized Income	5100	False	False	-
loanTransactionType.capitalizedIncomeAdjustment	34	MNT	L1056	2024-03-01	CREDIT	1	112603	Interest/Fee Receivable	96	False	False	-
loanTransactionType.capitalizedIncomeAdjustment	34	MNT	L1056	2024-03-01	CREDIT	10	112601	Loans Receivable	5004	False	False	-
loanTransactionType.capitalizedIncomeAmortizationAdjustment	34	MNT	L1059	2024-03-01	DEBIT	6	404000	Interest Income	3363	False	False	-
loanTransactionType.capitalizedIncomeAmortizationAdjustment	34	MNT	L1059	2024-03-01	CREDIT	23	145024	Deferred Capitalized Income	3363	False	False	-
loanTransactionType.capitalizedIncome	35	MNT	L1061	2024-01-01	DEBIT	10	112601	Loans Receivable	5000	False	False	-
loanTransactionType.capitalizedIncome	35	MNT	L1061	2024-01-01	CREDIT	23	145024	Deferred Capitalized Income	5000	False	False	-
loanTransactionType.capitalizedIncomeAmortization	35	MNT	L1064	2024-02-01	DEBIT	23	145024	Deferred Capitalized Income	5000	False	False	-
loanTransactionType.capitalizedIncomeAmortization	35	MNT	L1064	2024-02-01	CREDIT	6	404000	Interest Income	5000	False	False	-
loanTransactionType.capitalizedIncome	36	MNT	L1066	2024-01-01	DEBIT	10	112601	Loans Receivable	5000	False	False	-
loanTransactionType.capitalizedIncome	36	MNT	L1066	2024-01-01	CREDIT	23	145024	Deferred Capitalized Income	5000	False	False	-
loanTransactionType.capitalizedIncomeAmortization	36	MNT	L1069	2024-02-01	DEBIT	23	145024	Deferred Capitalized Income	5000	False	False	-
loanTransactionType.capitalizedIncomeAmortization	36	MNT	L1069	2024-02-01	CREDIT	6	404000	Interest Income	5000	False	False	-
loanTransactionType.capitalizedIncome	37	MNT	L1071	2024-01-01	DEBIT	10	112601	Loans Receivable	5000	False	False	-
loanTransactionType.capitalizedIncome	37	MNT	L1071	2024-01-01	CREDIT	23	145024	Deferred Capitalized Income	5000	False	False	-
loanTransactionType.capitalizedIncomeAdjustment	37	MNT	L1072	2024-02-01	DEBIT	23	145024	Deferred Capitalized Income	3000	False	False	-
loanTransactionType.capitalizedIncomeAdjustment	37	MNT	L1072	2024-02-01	CREDIT	10	112601	Loans Receivable	3000	False	False	-
loanTransactionType.capitalizedIncomeAmortization	37	MNT	L1075	2024-03-01	DEBIT	23	145024	Deferred Capitalized Income	2000	False	False	-
loanTransactionType.capitalizedIncomeAmortization	37	MNT	L1075	2024-03-01	CREDIT	6	404000	Interest Income	2000	False	False	-
loanTransactionType.capitalizedIncome	38	MNT	L1077	2024-01-01	DEBIT	10	112601	Loans Receivable	5000	False	False	-
loanTransactionType.capitalizedIncome	38	MNT	L1077	2024-01-01	CREDIT	23	145024	Deferred Capitalized Income	5000	False	False	-
loanTransactionType.capitalizedIncomeAmortization	38	MNT	L1080	2024-02-01	DEBIT	23	145024	Deferred Capitalized Income	1758	False	False	-
loanTransactionType.capitalizedIncomeAmortization	38	MNT	L1080	2024-02-01	CREDIT	6	404000	Interest Income	1758	False	False	-
loanTransactionType.capitalizedIncomeAdjustment	38	MNT	L1082	2024-03-02	DEBIT	23	145024	Deferred Capitalized Income	5000	False	False	-
loanTransactionType.capitalizedIncomeAdjustment	38	MNT	L1082	2024-03-02	CREDIT	1	112603	Interest/Fee Receivable	1	False	False	-
loanTransactionType.capitalizedIncomeAdjustment	38	MNT	L1082	2024-03-02	CREDIT	10	112601	Loans Receivable	4999	False	False	-
loanTransactionType.capitalizedIncomeAmortizationAdjustment	38	MNT	L1084	2024-03-02	DEBIT	6	404000	Interest Income	1758	False	False	-
loanTransactionType.capitalizedIncomeAmortizationAdjustment	38	MNT	L1084	2024-03-02	CREDIT	23	145024	Deferred Capitalized Income	1758	False	False	-
loanTransactionType.capitalizedIncome	39	MNT	L1086	2024-01-01	DEBIT	10	112601	Loans Receivable	5000	False	False	-
loanTransactionType.capitalizedIncome	39	MNT	L1086	2024-01-01	CREDIT	23	145024	Deferred Capitalized Income	5000	False	False	-
loanTransactionType.capitalizedIncomeAdjustment	39	MNT	L1087	2024-02-01	DEBIT	23	145024	Deferred Capitalized Income	3000	False	False	-
loanTransactionType.capitalizedIncomeAdjustment	39	MNT	L1087	2024-02-01	CREDIT	10	112601	Loans Receivable	3000	False	False	-
loanTransactionType.capitalizedIncomeAmortization	39	MNT	L1090	2024-02-01	DEBIT	23	145024	Deferred Capitalized Income	2000	False	False	-
loanTransactionType.capitalizedIncomeAmortization	39	MNT	L1090	2024-02-01	CREDIT	6	404000	Interest Income	2000	False	False	-
loanTransactionType.capitalizedIncome	40	MNT	L1092	2024-01-01	DEBIT	10	112601	Loans Receivable	5000	False	False	-
loanTransactionType.capitalizedIncome	40	MNT	L1092	2024-01-01	CREDIT	23	145024	Deferred Capitalized Income	5000	False	False	-
loanTransactionType.capitalizedIncomeAmortization	40	MNT	L1093	2024-01-01	DEBIT	23	145024	Deferred Capitalized Income	55	False	False	-
loanTransactionType.capitalizedIncomeAmortization	40	MNT	L1093	2024-01-01	CREDIT	6	404000	Interest Income	55	False	False	-
loanTransactionType.capitalizedIncomeAmortization	40	MNT	L1096	2024-01-02	DEBIT	23	145024	Deferred Capitalized Income	4945	False	False	-
loanTransactionType.capitalizedIncomeAmortization	40	MNT	L1096	2024-01-02	CREDIT	6	404000	Interest Income	4945	False	False	-
loanTransactionType.capitalizedIncome	41	MNT	L1098	2024-01-01	DEBIT	10	112601	Loans Receivable	5000	False	False	-
loanTransactionType.capitalizedIncome	41	MNT	L1098	2024-01-01	CREDIT	23	145024	Deferred Capitalized Income	5000	False	False	-
loanTransactionType.capitalizedIncomeAdjustment	41	MNT	L1099	2024-01-01	DEBIT	23	145024	Deferred Capitalized Income	4000	False	False	-
loanTransactionType.capitalizedIncomeAdjustment	41	MNT	L1099	2024-01-01	CREDIT	10	112601	Loans Receivable	4000	False	False	-
loanTransactionType.capitalizedIncomeAmortization	41	MNT	L1100	2024-01-01	DEBIT	23	145024	Deferred Capitalized Income	11	False	False	-
loanTransactionType.capitalizedIncomeAmortization	41	MNT	L1100	2024-01-01	CREDIT	6	404000	Interest Income	11	False	False	-
loanTransactionType.capitalizedIncomeAmortization	41	MNT	L1103	2024-01-02	DEBIT	23	145024	Deferred Capitalized Income	989	False	False	-
loanTransactionType.capitalizedIncomeAmortization	41	MNT	L1103	2024-01-02	CREDIT	6	404000	Interest Income	989	False	False	-
loanTransactionType.capitalizedIncome	42	MNT	L1105	2024-01-01	DEBIT	10	112601	Loans Receivable	5000	False	False	-
loanTransactionType.capitalizedIncome	42	MNT	L1105	2024-01-01	CREDIT	23	145024	Deferred Capitalized Income	5000	False	False	-
loanTransactionType.capitalizedIncomeAmortization	42	MNT	L1106	2024-01-01	DEBIT	23	145024	Deferred Capitalized Income	55	False	False	-
loanTransactionType.capitalizedIncomeAmortization	42	MNT	L1106	2024-01-01	CREDIT	6	404000	Interest Income	55	False	False	-
loanTransactionType.capitalizedIncomeAmortization	42	MNT	L1108	2024-01-02	DEBIT	23	145024	Deferred Capitalized Income	55	False	False	-
loanTransactionType.capitalizedIncomeAmortization	42	MNT	L1108	2024-01-02	CREDIT	6	404000	Interest Income	55	False	False	-
loanTransactionType.capitalizedIncomeAmortization	42	MNT	L1110	2024-01-03	DEBIT	23	145024	Deferred Capitalized Income	55	False	False	-
loanTransactionType.capitalizedIncomeAmortization	42	MNT	L1110	2024-01-03	CREDIT	6	404000	Interest Income	55	False	False	-
loanTransactionType.capitalizedIncomeAmortization	42	MNT	L1112	2024-01-04	DEBIT	23	145024	Deferred Capitalized Income	55	False	False	-
loanTransactionType.capitalizedIncomeAmortization	42	MNT	L1112	2024-01-04	CREDIT	6	404000	Interest Income	55	False	False	-
loanTransactionType.capitalizedIncomeAmortization	42	MNT	L1114	2024-01-05	DEBIT	23	145024	Deferred Capitalized Income	55	False	False	-
loanTransactionType.capitalizedIncomeAmortization	42	MNT	L1114	2024-01-05	CREDIT	6	404000	Interest Income	55	False	False	-
loanTransactionType.capitalizedIncomeAmortization	42	MNT	L1116	2024-01-06	DEBIT	23	145024	Deferred Capitalized Income	55	False	False	-
loanTransactionType.capitalizedIncomeAmortization	42	MNT	L1116	2024-01-06	CREDIT	6	404000	Interest Income	55	False	False	-
loanTransactionType.capitalizedIncomeAmortization	42	MNT	L1118	2024-01-07	DEBIT	23	145024	Deferred Capitalized Income	55	False	False	-
loanTransactionType.capitalizedIncomeAmortization	42	MNT	L1118	2024-01-07	CREDIT	6	404000	Interest Income	55	False	False	-
loanTransactionType.capitalizedIncomeAmortization	42	MNT	L1120	2024-01-08	DEBIT	23	145024	Deferred Capitalized Income	55	False	False	-
loanTransactionType.capitalizedIncomeAmortization	42	MNT	L1120	2024-01-08	CREDIT	6	404000	Interest Income	55	False	False	-
loanTransactionType.capitalizedIncomeAmortization	42	MNT	L1122	2024-01-09	DEBIT	23	145024	Deferred Capitalized Income	55	False	False	-
loanTransactionType.capitalizedIncomeAmortization	42	MNT	L1122	2024-01-09	CREDIT	6	404000	Interest Income	55	False	False	-
loanTransactionType.capitalizedIncomeAmortization	42	MNT	L1124	2024-01-10	DEBIT	23	145024	Deferred Capitalized Income	54	False	False	-
loanTransactionType.capitalizedIncomeAmortization	42	MNT	L1124	2024-01-10	CREDIT	6	404000	Interest Income	54	False	False	-
loanTransactionType.capitalizedIncomeAmortization	42	MNT	L1126	2024-01-11	DEBIT	23	145024	Deferred Capitalized Income	55	False	False	-
loanTransactionType.capitalizedIncomeAmortization	42	MNT	L1126	2024-01-11	CREDIT	6	404000	Interest Income	55	False	False	-
loanTransactionType.capitalizedIncomeAmortization	42	MNT	L1128	2024-01-12	DEBIT	23	145024	Deferred Capitalized Income	55	False	False	-
loanTransactionType.capitalizedIncomeAmortization	42	MNT	L1128	2024-01-12	CREDIT	6	404000	Interest Income	55	False	False	-
loanTransactionType.capitalizedIncomeAmortization	42	MNT	L1130	2024-01-13	DEBIT	23	145024	Deferred Capitalized Income	55	False	False	-
loanTransactionType.capitalizedIncomeAmortization	42	MNT	L1130	2024-01-13	CREDIT	6	404000	Interest Income	55	False	False	-
loanTransactionType.capitalizedIncomeAmortization	42	MNT	L1132	2024-01-14	DEBIT	23	145024	Deferred Capitalized Income	55	False	False	-
loanTransactionType.capitalizedIncomeAmortization	42	MNT	L1132	2024-01-14	CREDIT	6	404000	Interest Income	55	False	False	-
loanTransactionType.capitalizedIncomeAmortization	42	MNT	L1134	2024-01-15	DEBIT	23	145024	Deferred Capitalized Income	55	False	False	-
loanTransactionType.capitalizedIncomeAmortization	42	MNT	L1134	2024-01-15	CREDIT	6	404000	Interest Income	55	False	False	-
loanTransactionType.capitalizedIncomeAmortization	42	MNT	L1136	2024-01-16	DEBIT	23	145024	Deferred Capitalized Income	55	False	False	-
loanTransactionType.capitalizedIncomeAmortization	42	MNT	L1136	2024-01-16	CREDIT	6	404000	Interest Income	55	False	False	-
loanTransactionType.capitalizedIncomeAmortization	42	MNT	L1138	2024-01-17	DEBIT	23	145024	Deferred Capitalized Income	55	False	False	-
loanTransactionType.capitalizedIncomeAmortization	42	MNT	L1138	2024-01-17	CREDIT	6	404000	Interest Income	55	False	False	-
loanTransactionType.capitalizedIncomeAmortization	42	MNT	L1140	2024-01-18	DEBIT	23	145024	Deferred Capitalized Income	55	False	False	-
loanTransactionType.capitalizedIncomeAmortization	42	MNT	L1140	2024-01-18	CREDIT	6	404000	Interest Income	55	False	False	-
loanTransactionType.capitalizedIncomeAmortization	42	MNT	L1142	2024-01-19	DEBIT	23	145024	Deferred Capitalized Income	55	False	False	-
loanTransactionType.capitalizedIncomeAmortization	42	MNT	L1142	2024-01-19	CREDIT	6	404000	Interest Income	55	False	False	-
loanTransactionType.capitalizedIncomeAmortization	42	MNT	L1144	2024-01-20	DEBIT	23	145024	Deferred Capitalized Income	55	False	False	-
loanTransactionType.capitalizedIncomeAmortization	42	MNT	L1144	2024-01-20	CREDIT	6	404000	Interest Income	55	False	False	-
loanTransactionType.capitalizedIncomeAmortization	42	MNT	L1146	2024-01-21	DEBIT	23	145024	Deferred Capitalized Income	55	False	False	-
loanTransactionType.capitalizedIncomeAmortization	42	MNT	L1146	2024-01-21	CREDIT	6	404000	Interest Income	55	False	False	-
loanTransactionType.capitalizedIncomeAmortization	42	MNT	L1148	2024-01-22	DEBIT	23	145024	Deferred Capitalized Income	55	False	False	-
loanTransactionType.capitalizedIncomeAmortization	42	MNT	L1148	2024-01-22	CREDIT	6	404000	Interest Income	55	False	False	-
loanTransactionType.capitalizedIncomeAmortization	42	MNT	L1150	2024-01-23	DEBIT	23	145024	Deferred Capitalized Income	55	False	False	-
loanTransactionType.capitalizedIncomeAmortization	42	MNT	L1150	2024-01-23	CREDIT	6	404000	Interest Income	55	False	False	-
loanTransactionType.capitalizedIncomeAmortization	42	MNT	L1152	2024-01-24	DEBIT	23	145024	Deferred Capitalized Income	55	False	False	-
loanTransactionType.capitalizedIncomeAmortization	42	MNT	L1152	2024-01-24	CREDIT	6	404000	Interest Income	55	False	False	-
loanTransactionType.capitalizedIncomeAmortization	42	MNT	L1154	2024-01-25	DEBIT	23	145024	Deferred Capitalized Income	55	False	False	-
loanTransactionType.capitalizedIncomeAmortization	42	MNT	L1154	2024-01-25	CREDIT	6	404000	Interest Income	55	False	False	-
loanTransactionType.capitalizedIncomeAmortization	42	MNT	L1156	2024-01-26	DEBIT	23	145024	Deferred Capitalized Income	55	False	False	-
loanTransactionType.capitalizedIncomeAmortization	42	MNT	L1156	2024-01-26	CREDIT	6	404000	Interest Income	55	False	False	-
loanTransactionType.capitalizedIncomeAmortization	42	MNT	L1158	2024-01-27	DEBIT	23	145024	Deferred Capitalized Income	55	False	False	-
loanTransactionType.capitalizedIncomeAmortization	42	MNT	L1158	2024-01-27	CREDIT	6	404000	Interest Income	55	False	False	-
loanTransactionType.capitalizedIncomeAmortization	42	MNT	L1160	2024-01-28	DEBIT	23	145024	Deferred Capitalized Income	54	False	False	-
loanTransactionType.capitalizedIncomeAmortization	42	MNT	L1160	2024-01-28	CREDIT	6	404000	Interest Income	54	False	False	-
loanTransactionType.capitalizedIncomeAmortization	42	MNT	L1162	2024-01-29	DEBIT	23	145024	Deferred Capitalized Income	55	False	False	-
loanTransactionType.capitalizedIncomeAmortization	42	MNT	L1162	2024-01-29	CREDIT	6	404000	Interest Income	55	False	False	-
loanTransactionType.capitalizedIncomeAmortization	42	MNT	L1164	2024-01-30	DEBIT	23	145024	Deferred Capitalized Income	55	False	False	-
loanTransactionType.capitalizedIncomeAmortization	42	MNT	L1164	2024-01-30	CREDIT	6	404000	Interest Income	55	False	False	-
loanTransactionType.capitalizedIncomeAmortization	42	MNT	L1166	2024-01-31	DEBIT	23	145024	Deferred Capitalized Income	55	False	False	-
loanTransactionType.capitalizedIncomeAmortization	42	MNT	L1166	2024-01-31	CREDIT	6	404000	Interest Income	55	False	False	-
loanTransactionType.capitalizedIncomeAmortization	42	MNT	L1168	2024-02-01	DEBIT	23	145024	Deferred Capitalized Income	55	False	False	-
loanTransactionType.capitalizedIncomeAmortization	42	MNT	L1168	2024-02-01	CREDIT	6	404000	Interest Income	55	False	False	-
loanTransactionType.capitalizedIncomeAmortization	42	MNT	L1170	2024-02-02	DEBIT	23	145024	Deferred Capitalized Income	55	False	False	-
loanTransactionType.capitalizedIncomeAmortization	42	MNT	L1170	2024-02-02	CREDIT	6	404000	Interest Income	55	False	False	-
loanTransactionType.capitalizedIncomeAmortization	42	MNT	L1172	2024-02-03	DEBIT	23	145024	Deferred Capitalized Income	55	False	False	-
loanTransactionType.capitalizedIncomeAmortization	42	MNT	L1172	2024-02-03	CREDIT	6	404000	Interest Income	55	False	False	-
loanTransactionType.capitalizedIncomeAmortization	42	MNT	L1174	2024-02-04	DEBIT	23	145024	Deferred Capitalized Income	55	False	False	-
loanTransactionType.capitalizedIncomeAmortization	42	MNT	L1174	2024-02-04	CREDIT	6	404000	Interest Income	55	False	False	-
loanTransactionType.capitalizedIncomeAmortization	42	MNT	L1176	2024-02-05	DEBIT	23	145024	Deferred Capitalized Income	55	False	False	-
loanTransactionType.capitalizedIncomeAmortization	42	MNT	L1176	2024-02-05	CREDIT	6	404000	Interest Income	55	False	False	-
loanTransactionType.capitalizedIncomeAmortization	42	MNT	L1178	2024-02-06	DEBIT	23	145024	Deferred Capitalized Income	55	False	False	-
loanTransactionType.capitalizedIncomeAmortization	42	MNT	L1178	2024-02-06	CREDIT	6	404000	Interest Income	55	False	False	-
loanTransactionType.capitalizedIncomeAmortization	42	MNT	L1180	2024-02-07	DEBIT	23	145024	Deferred Capitalized Income	55	False	False	-
loanTransactionType.capitalizedIncomeAmortization	42	MNT	L1180	2024-02-07	CREDIT	6	404000	Interest Income	55	False	False	-
loanTransactionType.capitalizedIncomeAmortization	42	MNT	L1182	2024-02-08	DEBIT	23	145024	Deferred Capitalized Income	55	False	False	-
loanTransactionType.capitalizedIncomeAmortization	42	MNT	L1182	2024-02-08	CREDIT	6	404000	Interest Income	55	False	False	-
loanTransactionType.capitalizedIncomeAmortization	42	MNT	L1184	2024-02-09	DEBIT	23	145024	Deferred Capitalized Income	55	False	False	-
loanTransactionType.capitalizedIncomeAmortization	42	MNT	L1184	2024-02-09	CREDIT	6	404000	Interest Income	55	False	False	-
loanTransactionType.capitalizedIncomeAmortization	42	MNT	L1186	2024-02-10	DEBIT	23	145024	Deferred Capitalized Income	55	False	False	-
loanTransactionType.capitalizedIncomeAmortization	42	MNT	L1186	2024-02-10	CREDIT	6	404000	Interest Income	55	False	False	-
loanTransactionType.capitalizedIncomeAmortization	42	MNT	L1188	2024-02-11	DEBIT	23	145024	Deferred Capitalized Income	55	False	False	-
loanTransactionType.capitalizedIncomeAmortization	42	MNT	L1188	2024-02-11	CREDIT	6	404000	Interest Income	55	False	False	-
loanTransactionType.capitalizedIncomeAmortization	42	MNT	L1190	2024-02-12	DEBIT	23	145024	Deferred Capitalized Income	55	False	False	-
loanTransactionType.capitalizedIncomeAmortization	42	MNT	L1190	2024-02-12	CREDIT	6	404000	Interest Income	55	False	False	-
loanTransactionType.capitalizedIncomeAmortization	42	MNT	L1192	2024-02-13	DEBIT	23	145024	Deferred Capitalized Income	55	False	False	-
loanTransactionType.capitalizedIncomeAmortization	42	MNT	L1192	2024-02-13	CREDIT	6	404000	Interest Income	55	False	False	-
loanTransactionType.capitalizedIncomeAmortization	42	MNT	L1194	2024-02-14	DEBIT	23	145024	Deferred Capitalized Income	55	False	False	-
loanTransactionType.capitalizedIncomeAmortization	42	MNT	L1194	2024-02-14	CREDIT	6	404000	Interest Income	55	False	False	-
loanTransactionType.capitalizedIncomeAmortization	42	MNT	L1196	2024-02-15	DEBIT	23	145024	Deferred Capitalized Income	54	False	False	-
loanTransactionType.capitalizedIncomeAmortization	42	MNT	L1196	2024-02-15	CREDIT	6	404000	Interest Income	54	False	False	-
loanTransactionType.capitalizedIncomeAmortization	42	MNT	L1198	2024-02-16	DEBIT	23	145024	Deferred Capitalized Income	55	False	False	-
loanTransactionType.capitalizedIncomeAmortization	42	MNT	L1198	2024-02-16	CREDIT	6	404000	Interest Income	55	False	False	-
loanTransactionType.capitalizedIncomeAmortization	42	MNT	L1200	2024-02-17	DEBIT	23	145024	Deferred Capitalized Income	55	False	False	-
loanTransactionType.capitalizedIncomeAmortization	42	MNT	L1200	2024-02-17	CREDIT	6	404000	Interest Income	55	False	False	-
loanTransactionType.capitalizedIncomeAmortization	42	MNT	L1202	2024-02-18	DEBIT	23	145024	Deferred Capitalized Income	55	False	False	-
loanTransactionType.capitalizedIncomeAmortization	42	MNT	L1202	2024-02-18	CREDIT	6	404000	Interest Income	55	False	False	-
loanTransactionType.capitalizedIncomeAmortization	42	MNT	L1204	2024-02-19	DEBIT	23	145024	Deferred Capitalized Income	55	False	False	-
loanTransactionType.capitalizedIncomeAmortization	42	MNT	L1204	2024-02-19	CREDIT	6	404000	Interest Income	55	False	False	-
loanTransactionType.capitalizedIncomeAmortization	42	MNT	L1206	2024-02-20	DEBIT	23	145024	Deferred Capitalized Income	55	False	False	-
loanTransactionType.capitalizedIncomeAmortization	42	MNT	L1206	2024-02-20	CREDIT	6	404000	Interest Income	55	False	False	-
loanTransactionType.capitalizedIncomeAmortization	42	MNT	L1208	2024-02-21	DEBIT	23	145024	Deferred Capitalized Income	55	False	False	-
loanTransactionType.capitalizedIncomeAmortization	42	MNT	L1208	2024-02-21	CREDIT	6	404000	Interest Income	55	False	False	-
loanTransactionType.capitalizedIncomeAmortization	42	MNT	L1210	2024-02-22	DEBIT	23	145024	Deferred Capitalized Income	55	False	False	-
loanTransactionType.capitalizedIncomeAmortization	42	MNT	L1210	2024-02-22	CREDIT	6	404000	Interest Income	55	False	False	-
loanTransactionType.capitalizedIncomeAmortization	42	MNT	L1212	2024-02-23	DEBIT	23	145024	Deferred Capitalized Income	55	False	False	-
loanTransactionType.capitalizedIncomeAmortization	42	MNT	L1212	2024-02-23	CREDIT	6	404000	Interest Income	55	False	False	-
loanTransactionType.capitalizedIncomeAmortization	42	MNT	L1214	2024-02-24	DEBIT	23	145024	Deferred Capitalized Income	55	False	False	-
loanTransactionType.capitalizedIncomeAmortization	42	MNT	L1214	2024-02-24	CREDIT	6	404000	Interest Income	55	False	False	-
loanTransactionType.capitalizedIncomeAmortization	42	MNT	L1216	2024-02-25	DEBIT	23	145024	Deferred Capitalized Income	55	False	False	-
loanTransactionType.capitalizedIncomeAmortization	42	MNT	L1216	2024-02-25	CREDIT	6	404000	Interest Income	55	False	False	-
loanTransactionType.capitalizedIncomeAmortization	42	MNT	L1218	2024-02-26	DEBIT	23	145024	Deferred Capitalized Income	55	False	False	-
loanTransactionType.capitalizedIncomeAmortization	42	MNT	L1218	2024-02-26	CREDIT	6	404000	Interest Income	55	False	False	-
loanTransactionType.capitalizedIncomeAmortization	42	MNT	L1220	2024-02-27	DEBIT	23	145024	Deferred Capitalized Income	55	False	False	-
loanTransactionType.capitalizedIncomeAmortization	42	MNT	L1220	2024-02-27	CREDIT	6	404000	Interest Income	55	False	False	-
loanTransactionType.capitalizedIncomeAmortization	42	MNT	L1222	2024-02-28	DEBIT	23	145024	Deferred Capitalized Income	55	False	False	-
loanTransactionType.capitalizedIncomeAmortization	42	MNT	L1222	2024-02-28	CREDIT	6	404000	Interest Income	55	False	False	-
loanTransactionType.capitalizedIncomeAmortization	42	MNT	L1224	2024-02-29	DEBIT	23	145024	Deferred Capitalized Income	55	False	False	-
loanTransactionType.capitalizedIncomeAmortization	42	MNT	L1224	2024-02-29	CREDIT	6	404000	Interest Income	55	False	False	-
loanTransactionType.capitalizedIncomeAdjustment	42	MNT	L1225	2024-03-01	DEBIT	10	112601	Loans Receivable	4000	False	False	-
loanTransactionType.capitalizedIncomeAdjustment	42	MNT	L1225	2024-03-01	DEBIT	23	145024	Deferred Capitalized Income	4000	False	False	-
loanTransactionType.capitalizedIncomeAdjustment	42	MNT	L1225	2024-03-01	CREDIT	10	112601	Loans Receivable	4000	False	False	-
loanTransactionType.capitalizedIncomeAdjustment	42	MNT	L1225	2024-03-01	CREDIT	23	145024	Deferred Capitalized Income	4000	False	False	-
loanTransactionType.capitalizedIncomeAmortizationAdjustment	42	MNT	L1227	2024-03-01	DEBIT	6	404000	Interest Income	2297	False	False	-
loanTransactionType.capitalizedIncomeAmortizationAdjustment	42	MNT	L1227	2024-03-01	CREDIT	23	145024	Deferred Capitalized Income	2297	False	False	-
loanTransactionType.capitalizedIncomeAmortization	42	MNT	L1229	2024-03-02	DEBIT	23	145024	Deferred Capitalized Income	2407	False	False	-
loanTransactionType.capitalizedIncomeAmortization	42	MNT	L1229	2024-03-02	CREDIT	6	404000	Interest Income	2407	False	False	-
loanTransactionType.capitalizedIncomeAmortization	42	MNT	L1232	2024-03-03	DEBIT	23	145024	Deferred Capitalized Income	1593	False	False	-
loanTransactionType.capitalizedIncomeAmortization	42	MNT	L1232	2024-03-03	CREDIT	6	404000	Interest Income	1593	False	False	-
loanTransactionType.capitalizedIncome	43	MNT	L1234	2024-01-01	DEBIT	10	112601	Loans Receivable	5000	False	False	-
loanTransactionType.capitalizedIncome	43	MNT	L1234	2024-01-01	CREDIT	23	145024	Deferred Capitalized Income	5000	False	False	-
loanTransactionType.capitalizedIncomeAmortization	43	MNT	L1235	2024-01-01	DEBIT	23	145024	Deferred Capitalized Income	55	False	False	-
loanTransactionType.capitalizedIncomeAmortization	43	MNT	L1235	2024-01-01	CREDIT	6	404000	Interest Income	55	False	False	-
loanTransactionType.capitalizedIncomeAmortization	43	MNT	L1237	2024-01-02	DEBIT	23	145024	Deferred Capitalized Income	55	False	False	-
loanTransactionType.capitalizedIncomeAmortization	43	MNT	L1237	2024-01-02	CREDIT	6	404000	Interest Income	55	False	False	-
loanTransactionType.capitalizedIncomeAmortization	43	MNT	L1239	2024-01-03	DEBIT	23	145024	Deferred Capitalized Income	55	False	False	-
loanTransactionType.capitalizedIncomeAmortization	43	MNT	L1239	2024-01-03	CREDIT	6	404000	Interest Income	55	False	False	-
loanTransactionType.capitalizedIncomeAmortization	43	MNT	L1241	2024-01-04	DEBIT	23	145024	Deferred Capitalized Income	55	False	False	-
loanTransactionType.capitalizedIncomeAmortization	43	MNT	L1241	2024-01-04	CREDIT	6	404000	Interest Income	55	False	False	-
loanTransactionType.capitalizedIncomeAmortization	43	MNT	L1243	2024-01-05	DEBIT	23	145024	Deferred Capitalized Income	55	False	False	-
loanTransactionType.capitalizedIncomeAmortization	43	MNT	L1243	2024-01-05	CREDIT	6	404000	Interest Income	55	False	False	-
loanTransactionType.capitalizedIncomeAmortization	43	MNT	L1245	2024-01-06	DEBIT	23	145024	Deferred Capitalized Income	55	False	False	-
loanTransactionType.capitalizedIncomeAmortization	43	MNT	L1245	2024-01-06	CREDIT	6	404000	Interest Income	55	False	False	-
loanTransactionType.capitalizedIncomeAmortization	43	MNT	L1247	2024-01-07	DEBIT	23	145024	Deferred Capitalized Income	55	False	False	-
loanTransactionType.capitalizedIncomeAmortization	43	MNT	L1247	2024-01-07	CREDIT	6	404000	Interest Income	55	False	False	-
loanTransactionType.capitalizedIncomeAmortization	43	MNT	L1249	2024-01-08	DEBIT	23	145024	Deferred Capitalized Income	55	False	False	-
loanTransactionType.capitalizedIncomeAmortization	43	MNT	L1249	2024-01-08	CREDIT	6	404000	Interest Income	55	False	False	-
loanTransactionType.capitalizedIncomeAmortization	43	MNT	L1251	2024-01-09	DEBIT	23	145024	Deferred Capitalized Income	55	False	False	-
loanTransactionType.capitalizedIncomeAmortization	43	MNT	L1251	2024-01-09	CREDIT	6	404000	Interest Income	55	False	False	-
loanTransactionType.capitalizedIncomeAdjustment	43	MNT	L1252	2024-01-10	DEBIT	10	112601	Loans Receivable	4000	False	False	-
loanTransactionType.capitalizedIncomeAdjustment	43	MNT	L1252	2024-01-10	DEBIT	23	145024	Deferred Capitalized Income	4000	False	False	-
loanTransactionType.capitalizedIncomeAdjustment	43	MNT	L1252	2024-01-10	CREDIT	10	112601	Loans Receivable	4000	False	False	-
loanTransactionType.capitalizedIncomeAdjustment	43	MNT	L1252	2024-01-10	CREDIT	23	145024	Deferred Capitalized Income	4000	False	False	-
loanTransactionType.capitalizedIncomeAmortization	43	MNT	L1254	2024-01-10	DEBIT	23	145024	Deferred Capitalized Income	6	False	False	-
loanTransactionType.capitalizedIncomeAmortization	43	MNT	L1254	2024-01-10	CREDIT	6	404000	Interest Income	6	False	False	-
loanTransactionType.capitalizedIncomeAmortization	43	MNT	L1256	2024-01-11	DEBIT	23	145024	Deferred Capitalized Income	103	False	False	-
loanTransactionType.capitalizedIncomeAmortization	43	MNT	L1256	2024-01-11	CREDIT	6	404000	Interest Income	103	False	False	-
loanTransactionType.capitalizedIncomeAmortization	43	MNT	L1259	2024-01-12	DEBIT	23	145024	Deferred Capitalized Income	4396	False	False	-
loanTransactionType.capitalizedIncomeAmortization	43	MNT	L1259	2024-01-12	CREDIT	6	404000	Interest Income	4396	False	False	-
loanTransactionType.capitalizedIncome	44	MNT	L1261	2024-01-01	DEBIT	10	112601	Loans Receivable	6000	False	False	-
loanTransactionType.capitalizedIncome	44	MNT	L1261	2024-01-01	CREDIT	23	145024	Deferred Capitalized Income	6000	False	False	-
loanTransactionType.capitalizedIncomeAmortization	44	MNT	L1262	2024-01-01	DEBIT	23	145024	Deferred Capitalized Income	66	False	False	-
loanTransactionType.capitalizedIncomeAmortization	44	MNT	L1262	2024-01-01	CREDIT	6	404000	Interest Income	66	False	False	-
loanTransactionType.capitalizedIncomeAmortization	44	MNT	L1264	2024-01-02	DEBIT	23	145024	Deferred Capitalized Income	66	False	False	-
loanTransactionType.capitalizedIncomeAmortization	44	MNT	L1264	2024-01-02	CREDIT	6	404000	Interest Income	66	False	False	-
loanTransactionType.capitalizedIncomeAmortization	44	MNT	L1266	2024-01-03	DEBIT	23	145024	Deferred Capitalized Income	66	False	False	-
loanTransactionType.capitalizedIncomeAmortization	44	MNT	L1266	2024-01-03	CREDIT	6	404000	Interest Income	66	False	False	-
loanTransactionType.capitalizedIncomeAmortization	44	MNT	L1268	2024-01-04	DEBIT	23	145024	Deferred Capitalized Income	66	False	False	-
loanTransactionType.capitalizedIncomeAmortization	44	MNT	L1268	2024-01-04	CREDIT	6	404000	Interest Income	66	False	False	-
loanTransactionType.capitalizedIncomeAmortization	44	MNT	L1270	2024-01-05	DEBIT	23	145024	Deferred Capitalized Income	66	False	False	-
loanTransactionType.capitalizedIncomeAmortization	44	MNT	L1270	2024-01-05	CREDIT	6	404000	Interest Income	66	False	False	-
loanTransactionType.capitalizedIncomeAmortization	44	MNT	L1272	2024-01-06	DEBIT	23	145024	Deferred Capitalized Income	66	False	False	-
loanTransactionType.capitalizedIncomeAmortization	44	MNT	L1272	2024-01-06	CREDIT	6	404000	Interest Income	66	False	False	-
loanTransactionType.capitalizedIncomeAmortization	44	MNT	L1274	2024-01-07	DEBIT	23	145024	Deferred Capitalized Income	66	False	False	-
loanTransactionType.capitalizedIncomeAmortization	44	MNT	L1274	2024-01-07	CREDIT	6	404000	Interest Income	66	False	False	-
loanTransactionType.capitalizedIncomeAmortization	44	MNT	L1276	2024-01-08	DEBIT	23	145024	Deferred Capitalized Income	65	False	False	-
loanTransactionType.capitalizedIncomeAmortization	44	MNT	L1276	2024-01-08	CREDIT	6	404000	Interest Income	65	False	False	-
loanTransactionType.capitalizedIncomeAmortization	44	MNT	L1278	2024-01-09	DEBIT	23	145024	Deferred Capitalized Income	66	False	False	-
loanTransactionType.capitalizedIncomeAmortization	44	MNT	L1278	2024-01-09	CREDIT	6	404000	Interest Income	66	False	False	-
loanTransactionType.capitalizedIncomeAdjustment	44	MNT	L1279	2024-01-10	DEBIT	1	112603	Interest/Fee Receivable	25	False	False	-
loanTransactionType.capitalizedIncomeAdjustment	44	MNT	L1279	2024-01-10	DEBIT	10	112601	Loans Receivable	5475	False	False	-
loanTransactionType.capitalizedIncomeAdjustment	44	MNT	L1279	2024-01-10	DEBIT	23	145024	Deferred Capitalized Income	5500	False	False	-
loanTransactionType.capitalizedIncomeAdjustment	44	MNT	L1279	2024-01-10	CREDIT	1	112603	Interest/Fee Receivable	25	False	False	-
loanTransactionType.capitalizedIncomeAdjustment	44	MNT	L1279	2024-01-10	CREDIT	10	112601	Loans Receivable	5475	False	False	-
loanTransactionType.capitalizedIncomeAdjustment	44	MNT	L1279	2024-01-10	CREDIT	23	145024	Deferred Capitalized Income	5500	False	False	-
loanTransactionType.capitalizedIncomeAmortizationAdjustment	44	MNT	L1281	2024-01-10	DEBIT	6	404000	Interest Income	93	False	False	-
loanTransactionType.capitalizedIncomeAmortizationAdjustment	44	MNT	L1281	2024-01-10	CREDIT	23	145024	Deferred Capitalized Income	93	False	False	-
loanTransactionType.capitalizedIncomeAmortization	44	MNT	L1283	2024-01-11	DEBIT	23	145024	Deferred Capitalized Income	225	False	False	-
loanTransactionType.capitalizedIncomeAmortization	44	MNT	L1283	2024-01-11	CREDIT	6	404000	Interest Income	225	False	False	-
loanTransactionType.capitalizedIncomeAmortization	44	MNT	L1286	2024-01-12	DEBIT	23	145024	Deferred Capitalized Income	5275	False	False	-
loanTransactionType.capitalizedIncomeAmortization	44	MNT	L1286	2024-01-12	CREDIT	6	404000	Interest Income	5275	False	False	-
loanTransactionType.capitalizedIncome	45	MNT	L1288	2024-01-01	DEBIT	10	112601	Loans Receivable	10000	False	False	-
loanTransactionType.capitalizedIncome	45	MNT	L1288	2024-01-01	CREDIT	23	145024	Deferred Capitalized Income	10000	False	False	-
loanTransactionType.capitalizedIncomeAmortization	45	MNT	L1289	2024-01-01	DEBIT	23	145024	Deferred Capitalized Income	110	False	False	-
loanTransactionType.capitalizedIncomeAmortization	45	MNT	L1289	2024-01-01	CREDIT	6	404000	Interest Income	110	False	False	-
loanTransactionType.capitalizedIncomeAmortization	45	MNT	L1291	2024-01-02	DEBIT	23	145024	Deferred Capitalized Income	110	False	False	-
loanTransactionType.capitalizedIncomeAmortization	45	MNT	L1291	2024-01-02	CREDIT	6	404000	Interest Income	110	False	False	-
loanTransactionType.capitalizedIncomeAdjustment	45	MNT	L1292	2024-01-03	DEBIT	1	112603	Interest/Fee Receivable	8	False	False	-
loanTransactionType.capitalizedIncomeAdjustment	45	MNT	L1292	2024-01-03	DEBIT	10	112601	Loans Receivable	9992	False	False	-
loanTransactionType.capitalizedIncomeAdjustment	45	MNT	L1292	2024-01-03	DEBIT	23	145024	Deferred Capitalized Income	10000	False	False	-
loanTransactionType.capitalizedIncomeAdjustment	45	MNT	L1292	2024-01-03	CREDIT	1	112603	Interest/Fee Receivable	8	False	False	-
loanTransactionType.capitalizedIncomeAdjustment	45	MNT	L1292	2024-01-03	CREDIT	10	112601	Loans Receivable	9992	False	False	-
loanTransactionType.capitalizedIncomeAdjustment	45	MNT	L1292	2024-01-03	CREDIT	23	145024	Deferred Capitalized Income	10000	False	False	-
loanTransactionType.capitalizedIncomeAmortization	45	MNT	L1294	2024-01-03	DEBIT	23	145024	Deferred Capitalized Income	110	False	False	-
loanTransactionType.capitalizedIncomeAmortization	45	MNT	L1294	2024-01-03	CREDIT	6	404000	Interest Income	110	False	False	-
loanTransactionType.capitalizedIncomeAmortization	45	MNT	L1296	2024-01-04	DEBIT	23	145024	Deferred Capitalized Income	110	False	False	-
loanTransactionType.capitalizedIncomeAmortization	45	MNT	L1296	2024-01-04	CREDIT	6	404000	Interest Income	110	False	False	-
loanTransactionType.capitalizedIncomeAmortization	45	MNT	L1299	2024-01-05	DEBIT	23	145024	Deferred Capitalized Income	9560	False	False	-
loanTransactionType.capitalizedIncomeAmortization	45	MNT	L1299	2024-01-05	CREDIT	6	404000	Interest Income	9560	False	False	-
loanTransactionType.capitalizedIncome	46	MNT	L1301	2024-01-01	DEBIT	10	112601	Loans Receivable	5000	False	False	-
loanTransactionType.capitalizedIncome	46	MNT	L1301	2024-01-01	DEBIT	23	145024	Deferred Capitalized Income	5000	False	False	-
loanTransactionType.capitalizedIncome	46	MNT	L1301	2024-01-01	CREDIT	10	112601	Loans Receivable	5000	False	False	-
loanTransactionType.capitalizedIncome	46	MNT	L1301	2024-01-01	CREDIT	23	145024	Deferred Capitalized Income	5000	False	False	-
loanTransactionType.capitalizedIncomeAmortization	46	MNT	L1302	2024-01-01	DEBIT	23	145024	Deferred Capitalized Income	55	False	False	-
loanTransactionType.capitalizedIncomeAmortization	46	MNT	L1302	2024-01-01	CREDIT	6	404000	Interest Income	55	False	False	-
loanTransactionType.capitalizedIncomeAmortization	46	MNT	L1304	2024-01-02	DEBIT	23	145024	Deferred Capitalized Income	55	False	False	-
loanTransactionType.capitalizedIncomeAmortization	46	MNT	L1304	2024-01-02	CREDIT	6	404000	Interest Income	55	False	False	-
loanTransactionType.capitalizedIncomeAmortization	46	MNT	L1306	2024-01-03	DEBIT	23	145024	Deferred Capitalized Income	55	False	False	-
loanTransactionType.capitalizedIncomeAmortization	46	MNT	L1306	2024-01-03	CREDIT	6	404000	Interest Income	55	False	False	-
loanTransactionType.capitalizedIncomeAmortization	46	MNT	L1308	2024-01-04	DEBIT	23	145024	Deferred Capitalized Income	55	False	False	-
loanTransactionType.capitalizedIncomeAmortization	46	MNT	L1308	2024-01-04	CREDIT	6	404000	Interest Income	55	False	False	-
loanTransactionType.capitalizedIncomeAmortization	46	MNT	L1310	2024-01-05	DEBIT	23	145024	Deferred Capitalized Income	55	False	False	-
loanTransactionType.capitalizedIncomeAmortization	46	MNT	L1310	2024-01-05	CREDIT	6	404000	Interest Income	55	False	False	-
loanTransactionType.capitalizedIncomeAmortization	46	MNT	L1312	2024-01-06	DEBIT	23	145024	Deferred Capitalized Income	55	False	False	-
loanTransactionType.capitalizedIncomeAmortization	46	MNT	L1312	2024-01-06	CREDIT	6	404000	Interest Income	55	False	False	-
loanTransactionType.capitalizedIncomeAmortization	46	MNT	L1314	2024-01-07	DEBIT	23	145024	Deferred Capitalized Income	55	False	False	-
loanTransactionType.capitalizedIncomeAmortization	46	MNT	L1314	2024-01-07	CREDIT	6	404000	Interest Income	55	False	False	-
loanTransactionType.capitalizedIncomeAmortization	46	MNT	L1316	2024-01-08	DEBIT	23	145024	Deferred Capitalized Income	55	False	False	-
loanTransactionType.capitalizedIncomeAmortization	46	MNT	L1316	2024-01-08	CREDIT	6	404000	Interest Income	55	False	False	-
loanTransactionType.capitalizedIncomeAmortization	46	MNT	L1318	2024-01-09	DEBIT	23	145024	Deferred Capitalized Income	55	False	False	-
loanTransactionType.capitalizedIncomeAmortization	46	MNT	L1318	2024-01-09	CREDIT	6	404000	Interest Income	55	False	False	-
loanTransactionType.capitalizedIncomeAmortization	46	MNT	L1320	2024-01-10	DEBIT	23	145024	Deferred Capitalized Income	54	False	False	-
loanTransactionType.capitalizedIncomeAmortization	46	MNT	L1320	2024-01-10	CREDIT	6	404000	Interest Income	54	False	False	-
loanTransactionType.capitalizedIncomeAmortization	46	MNT	L1322	2024-01-11	DEBIT	23	145024	Deferred Capitalized Income	55	False	False	-
loanTransactionType.capitalizedIncomeAmortization	46	MNT	L1322	2024-01-11	CREDIT	6	404000	Interest Income	55	False	False	-
loanTransactionType.capitalizedIncomeAmortization	46	MNT	L1324	2024-01-12	DEBIT	23	145024	Deferred Capitalized Income	55	False	False	-
loanTransactionType.capitalizedIncomeAmortization	46	MNT	L1324	2024-01-12	CREDIT	6	404000	Interest Income	55	False	False	-
loanTransactionType.capitalizedIncomeAmortization	46	MNT	L1326	2024-01-13	DEBIT	23	145024	Deferred Capitalized Income	55	False	False	-
loanTransactionType.capitalizedIncomeAmortization	46	MNT	L1326	2024-01-13	CREDIT	6	404000	Interest Income	55	False	False	-
loanTransactionType.capitalizedIncomeAmortization	46	MNT	L1328	2024-01-14	DEBIT	23	145024	Deferred Capitalized Income	55	False	False	-
loanTransactionType.capitalizedIncomeAmortization	46	MNT	L1328	2024-01-14	CREDIT	6	404000	Interest Income	55	False	False	-
loanTransactionType.capitalizedIncomeAmortization	46	MNT	L1330	2024-01-15	DEBIT	23	145024	Deferred Capitalized Income	55	False	False	-
loanTransactionType.capitalizedIncomeAmortization	46	MNT	L1330	2024-01-15	CREDIT	6	404000	Interest Income	55	False	False	-
loanTransactionType.capitalizedIncomeAmortization	46	MNT	L1332	2024-01-16	DEBIT	23	145024	Deferred Capitalized Income	55	False	False	-
loanTransactionType.capitalizedIncomeAmortization	46	MNT	L1332	2024-01-16	CREDIT	6	404000	Interest Income	55	False	False	-
loanTransactionType.capitalizedIncomeAmortization	46	MNT	L1334	2024-01-17	DEBIT	23	145024	Deferred Capitalized Income	55	False	False	-
loanTransactionType.capitalizedIncomeAmortization	46	MNT	L1334	2024-01-17	CREDIT	6	404000	Interest Income	55	False	False	-
loanTransactionType.capitalizedIncomeAmortization	46	MNT	L1336	2024-01-18	DEBIT	23	145024	Deferred Capitalized Income	55	False	False	-
loanTransactionType.capitalizedIncomeAmortization	46	MNT	L1336	2024-01-18	CREDIT	6	404000	Interest Income	55	False	False	-
loanTransactionType.capitalizedIncomeAmortization	46	MNT	L1338	2024-01-19	DEBIT	23	145024	Deferred Capitalized Income	55	False	False	-
loanTransactionType.capitalizedIncomeAmortization	46	MNT	L1338	2024-01-19	CREDIT	6	404000	Interest Income	55	False	False	-
loanTransactionType.capitalizedIncomeAmortization	46	MNT	L1340	2024-01-20	DEBIT	23	145024	Deferred Capitalized Income	55	False	False	-
loanTransactionType.capitalizedIncomeAmortization	46	MNT	L1340	2024-01-20	CREDIT	6	404000	Interest Income	55	False	False	-
loanTransactionType.capitalizedIncomeAmortization	46	MNT	L1342	2024-01-21	DEBIT	23	145024	Deferred Capitalized Income	55	False	False	-
loanTransactionType.capitalizedIncomeAmortization	46	MNT	L1342	2024-01-21	CREDIT	6	404000	Interest Income	55	False	False	-
loanTransactionType.capitalizedIncomeAmortization	46	MNT	L1344	2024-01-22	DEBIT	23	145024	Deferred Capitalized Income	55	False	False	-
loanTransactionType.capitalizedIncomeAmortization	46	MNT	L1344	2024-01-22	CREDIT	6	404000	Interest Income	55	False	False	-
loanTransactionType.capitalizedIncomeAmortization	46	MNT	L1346	2024-01-23	DEBIT	23	145024	Deferred Capitalized Income	55	False	False	-
loanTransactionType.capitalizedIncomeAmortization	46	MNT	L1346	2024-01-23	CREDIT	6	404000	Interest Income	55	False	False	-
loanTransactionType.capitalizedIncomeAmortization	46	MNT	L1348	2024-01-24	DEBIT	23	145024	Deferred Capitalized Income	55	False	False	-
loanTransactionType.capitalizedIncomeAmortization	46	MNT	L1348	2024-01-24	CREDIT	6	404000	Interest Income	55	False	False	-
loanTransactionType.capitalizedIncomeAmortization	46	MNT	L1350	2024-01-25	DEBIT	23	145024	Deferred Capitalized Income	55	False	False	-
loanTransactionType.capitalizedIncomeAmortization	46	MNT	L1350	2024-01-25	CREDIT	6	404000	Interest Income	55	False	False	-
loanTransactionType.capitalizedIncomeAmortization	46	MNT	L1352	2024-01-26	DEBIT	23	145024	Deferred Capitalized Income	55	False	False	-
loanTransactionType.capitalizedIncomeAmortization	46	MNT	L1352	2024-01-26	CREDIT	6	404000	Interest Income	55	False	False	-
loanTransactionType.capitalizedIncomeAmortization	46	MNT	L1354	2024-01-27	DEBIT	23	145024	Deferred Capitalized Income	55	False	False	-
loanTransactionType.capitalizedIncomeAmortization	46	MNT	L1354	2024-01-27	CREDIT	6	404000	Interest Income	55	False	False	-
loanTransactionType.capitalizedIncomeAmortization	46	MNT	L1356	2024-01-28	DEBIT	23	145024	Deferred Capitalized Income	54	False	False	-
loanTransactionType.capitalizedIncomeAmortization	46	MNT	L1356	2024-01-28	CREDIT	6	404000	Interest Income	54	False	False	-
loanTransactionType.capitalizedIncomeAmortization	46	MNT	L1358	2024-01-29	DEBIT	23	145024	Deferred Capitalized Income	55	False	False	-
loanTransactionType.capitalizedIncomeAmortization	46	MNT	L1358	2024-01-29	CREDIT	6	404000	Interest Income	55	False	False	-
loanTransactionType.capitalizedIncomeAmortization	46	MNT	L1360	2024-01-30	DEBIT	23	145024	Deferred Capitalized Income	55	False	False	-
loanTransactionType.capitalizedIncomeAmortization	46	MNT	L1360	2024-01-30	CREDIT	6	404000	Interest Income	55	False	False	-
loanTransactionType.capitalizedIncomeAmortization	46	MNT	L1362	2024-01-31	DEBIT	23	145024	Deferred Capitalized Income	55	False	False	-
loanTransactionType.capitalizedIncomeAmortization	46	MNT	L1362	2024-01-31	CREDIT	6	404000	Interest Income	55	False	False	-
loanTransactionType.capitalizedIncomeAmortization	46	MNT	L1365	2024-02-01	DEBIT	23	145024	Deferred Capitalized Income	55	False	False	-
loanTransactionType.capitalizedIncomeAmortization	46	MNT	L1365	2024-02-01	CREDIT	6	404000	Interest Income	55	False	False	-
loanTransactionType.capitalizedIncomeAmortization	46	MNT	L1367	2024-02-02	DEBIT	23	145024	Deferred Capitalized Income	55	False	False	-
loanTransactionType.capitalizedIncomeAmortization	46	MNT	L1367	2024-02-02	CREDIT	6	404000	Interest Income	55	False	False	-
loanTransactionType.capitalizedIncomeAmortization	46	MNT	L1369	2024-02-03	DEBIT	23	145024	Deferred Capitalized Income	55	False	False	-
loanTransactionType.capitalizedIncomeAmortization	46	MNT	L1369	2024-02-03	CREDIT	6	404000	Interest Income	55	False	False	-
loanTransactionType.capitalizedIncomeAmortization	46	MNT	L1371	2024-02-04	DEBIT	23	145024	Deferred Capitalized Income	55	False	False	-
loanTransactionType.capitalizedIncomeAmortization	46	MNT	L1371	2024-02-04	CREDIT	6	404000	Interest Income	55	False	False	-
loanTransactionType.capitalizedIncomeAmortization	46	MNT	L1373	2024-02-05	DEBIT	23	145024	Deferred Capitalized Income	55	False	False	-
loanTransactionType.capitalizedIncomeAmortization	46	MNT	L1373	2024-02-05	CREDIT	6	404000	Interest Income	55	False	False	-
loanTransactionType.capitalizedIncomeAmortization	46	MNT	L1375	2024-02-06	DEBIT	23	145024	Deferred Capitalized Income	55	False	False	-
loanTransactionType.capitalizedIncomeAmortization	46	MNT	L1375	2024-02-06	CREDIT	6	404000	Interest Income	55	False	False	-
loanTransactionType.capitalizedIncomeAmortization	46	MNT	L1377	2024-02-07	DEBIT	23	145024	Deferred Capitalized Income	55	False	False	-
loanTransactionType.capitalizedIncomeAmortization	46	MNT	L1377	2024-02-07	CREDIT	6	404000	Interest Income	55	False	False	-
loanTransactionType.capitalizedIncomeAmortization	46	MNT	L1379	2024-02-08	DEBIT	23	145024	Deferred Capitalized Income	55	False	False	-
loanTransactionType.capitalizedIncomeAmortization	46	MNT	L1379	2024-02-08	CREDIT	6	404000	Interest Income	55	False	False	-
loanTransactionType.capitalizedIncomeAmortization	46	MNT	L1381	2024-02-09	DEBIT	23	145024	Deferred Capitalized Income	55	False	False	-
loanTransactionType.capitalizedIncomeAmortization	46	MNT	L1381	2024-02-09	CREDIT	6	404000	Interest Income	55	False	False	-
loanTransactionType.capitalizedIncomeAmortization	46	MNT	L1383	2024-02-10	DEBIT	23	145024	Deferred Capitalized Income	55	False	False	-
loanTransactionType.capitalizedIncomeAmortization	46	MNT	L1383	2024-02-10	CREDIT	6	404000	Interest Income	55	False	False	-
loanTransactionType.capitalizedIncomeAmortization	46	MNT	L1385	2024-02-11	DEBIT	23	145024	Deferred Capitalized Income	55	False	False	-
loanTransactionType.capitalizedIncomeAmortization	46	MNT	L1385	2024-02-11	CREDIT	6	404000	Interest Income	55	False	False	-
loanTransactionType.capitalizedIncomeAmortization	46	MNT	L1387	2024-02-12	DEBIT	23	145024	Deferred Capitalized Income	55	False	False	-
loanTransactionType.capitalizedIncomeAmortization	46	MNT	L1387	2024-02-12	CREDIT	6	404000	Interest Income	55	False	False	-
loanTransactionType.capitalizedIncomeAmortization	46	MNT	L1389	2024-02-13	DEBIT	23	145024	Deferred Capitalized Income	55	False	False	-
loanTransactionType.capitalizedIncomeAmortization	46	MNT	L1389	2024-02-13	CREDIT	6	404000	Interest Income	55	False	False	-
loanTransactionType.capitalizedIncomeAmortizationAdjustment	46	MNT	L1392	2024-02-14	DEBIT	6	404000	Interest Income	2418	False	False	-
loanTransactionType.capitalizedIncomeAmortizationAdjustment	46	MNT	L1392	2024-02-14	CREDIT	23	145024	Deferred Capitalized Income	2418	False	False	-
loanTransactionType.capitalizedIncome	46	MNT	L1394	2024-02-16	DEBIT	10	112601	Loans Receivable	5000	False	False	-
loanTransactionType.capitalizedIncome	46	MNT	L1394	2024-02-16	CREDIT	23	145024	Deferred Capitalized Income	5000	False	False	-
loanTransactionType.capitalizedIncomeAmortization	46	MNT	L1397	2024-02-16	DEBIT	23	145024	Deferred Capitalized Income	5000	False	False	-
loanTransactionType.capitalizedIncomeAmortization	46	MNT	L1397	2024-02-16	CREDIT	6	404000	Interest Income	5000	False	False	-
loanTransactionType.capitalizedIncome	47	MNT	L1399	2024-01-05	DEBIT	10	112601	Loans Receivable	20000	False	False	-
loanTransactionType.capitalizedIncome	47	MNT	L1399	2024-01-05	DEBIT	23	145024	Deferred Capitalized Income	20000	False	False	-
loanTransactionType.capitalizedIncome	47	MNT	L1399	2024-01-05	CREDIT	10	112601	Loans Receivable	20000	False	False	-
loanTransactionType.capitalizedIncome	47	MNT	L1399	2024-01-05	CREDIT	23	145024	Deferred Capitalized Income	20000	False	False	-
loanTransactionType.capitalizedIncomeAmortization	47	MNT	L1402	2024-01-05	DEBIT	23	145024	Deferred Capitalized Income	20000	False	False	-
loanTransactionType.capitalizedIncomeAmortization	47	MNT	L1402	2024-01-05	CREDIT	6	404000	Interest Income	20000	False	False	-
loanTransactionType.capitalizedIncomeAmortizationAdjustment	47	MNT	L1404	2024-01-05	DEBIT	6	404000	Interest Income	20000	False	False	-
loanTransactionType.capitalizedIncomeAmortizationAdjustment	47	MNT	L1404	2024-01-05	CREDIT	23	145024	Deferred Capitalized Income	20000	False	False	-
loanTransactionType.capitalizedIncome	48	MNT	L1407	2024-01-05	DEBIT	10	112601	Loans Receivable	10000	False	False	-
loanTransactionType.capitalizedIncome	48	MNT	L1407	2024-01-05	CREDIT	23	145024	Deferred Capitalized Income	10000	False	False	-
loanTransactionType.capitalizedIncome	48	MNT	L1408	2024-01-10	DEBIT	10	112601	Loans Receivable	15000	False	False	-
loanTransactionType.capitalizedIncome	48	MNT	L1408	2024-01-10	DEBIT	23	145024	Deferred Capitalized Income	15000	False	False	-
loanTransactionType.capitalizedIncome	48	MNT	L1408	2024-01-10	CREDIT	10	112601	Loans Receivable	15000	False	False	-
loanTransactionType.capitalizedIncome	48	MNT	L1408	2024-01-10	CREDIT	23	145024	Deferred Capitalized Income	15000	False	False	-
loanTransactionType.capitalizedIncome	48	MNT	L1409	2024-01-15	DEBIT	10	112601	Loans Receivable	20000	False	False	-
loanTransactionType.capitalizedIncome	48	MNT	L1409	2024-01-15	CREDIT	23	145024	Deferred Capitalized Income	20000	False	False	-
loanTransactionType.capitalizedIncomeAmortization	48	MNT	L1412	2024-01-15	DEBIT	23	145024	Deferred Capitalized Income	45000	False	False	-
loanTransactionType.capitalizedIncomeAmortization	48	MNT	L1412	2024-01-15	CREDIT	6	404000	Interest Income	45000	False	False	-
loanTransactionType.capitalizedIncomeAmortizationAdjustment	48	MNT	L1415	2024-01-15	DEBIT	6	404000	Interest Income	15000	False	False	-
loanTransactionType.capitalizedIncomeAmortizationAdjustment	48	MNT	L1415	2024-01-15	CREDIT	23	145024	Deferred Capitalized Income	15000	False	False	-
loanTransactionType.capitalizedIncome	49	MNT	L1418	2024-01-05	DEBIT	10	112601	Loans Receivable	50000	False	False	-
loanTransactionType.capitalizedIncome	49	MNT	L1418	2024-01-05	DEBIT	23	145024	Deferred Capitalized Income	50000	False	False	-
loanTransactionType.capitalizedIncome	49	MNT	L1418	2024-01-05	CREDIT	10	112601	Loans Receivable	50000	False	False	-
loanTransactionType.capitalizedIncome	49	MNT	L1418	2024-01-05	CREDIT	23	145024	Deferred Capitalized Income	50000	False	False	-
loanTransactionType.capitalizedIncome	50	MNT	L1424	2024-01-10	DEBIT	10	112601	Loans Receivable	20000	False	False	-
loanTransactionType.capitalizedIncome	50	MNT	L1424	2024-01-10	CREDIT	23	145024	Deferred Capitalized Income	20000	False	False	-
loanTransactionType.capitalizedIncomeAmortization	50	MNT	L1427	2024-01-10	DEBIT	23	145024	Deferred Capitalized Income	20000	False	False	-
loanTransactionType.capitalizedIncomeAmortization	50	MNT	L1427	2024-01-10	CREDIT	6	404000	Interest Income	20000	False	False	-
