=== run start 2026-09-11T18:48:12Z DBHOST=172.27.0.2 ===
Picked up JAVA_TOOL_OPTIONS: -Dfineract.feign.debug=true -Dfineract.capture.log=/work/fineract-e2e-tests-runner/build/capture/feign-capitalized-income-p1-mnt.log
To honour the JVM settings for this build a single-use Daemon process will be forked. For more on this, please refer to https://docs.gradle.org/8.14.5/userguide/gradle_daemon.html#sec:disabling_the_daemon in the Gradle documentation.
Daemon will be stopped at the end of the build 
> Task :buildSrc:extractPluginRequests UP-TO-DATE
> Task :buildSrc:generatePluginAdapters UP-TO-DATE
> Task :buildSrc:compileJava UP-TO-DATE
> Task :buildSrc:compileGroovy UP-TO-DATE
> Task :buildSrc:compileGroovyPlugins UP-TO-DATE
> Task :buildSrc:pluginDescriptors UP-TO-DATE
> Task :buildSrc:processResources UP-TO-DATE
> Task :buildSrc:classes UP-TO-DATE
> Task :buildSrc:jar UP-TO-DATE

> Configure project :
matching ref: COMMIT - 426a23544e8426a38ae43ae404670a0a7e85b9eb
  ref configuration: COMMIT - pattern: null
    version: ${describe.tag.version.major}.${describe.tag.version.minor.next}.0-SNAPSHOT
    describeTagPattern: .*(\d+\.\d+\.\d+).*
    describeTagFirstParent: false

project version: 1.16.0-SNAPSHOT

> Task :fineract-avro-schemas:compileJava UP-TO-DATE
> Task :fineract-avro-schemas:processResources UP-TO-DATE
> Task :fineract-avro-schemas:classes
> Task :fineract-avro-schemas:jar UP-TO-DATE
> Task :fineract-client-feign:cleanupGeneratedJavaFiles UP-TO-DATE
> Task :fineract-client-feign:licenseFormatMain UP-TO-DATE
> Task :spotlessInternalRegisterDependencies UP-TO-DATE
> Task :fineract-client-feign:spotlessMisc UP-TO-DATE
> Task :fineract-client-feign:spotlessMiscApply UP-TO-DATE
> Task :fineract-client-feign:compileJava UP-TO-DATE
> Task :fineract-client-feign:processResources UP-TO-DATE
> Task :fineract-client-feign:classes UP-TO-DATE
> Task :fineract-client-feign:jar UP-TO-DATE
> Task :fineract-e2e-tests-core:compileJava NO-SOURCE
> Task :fineract-e2e-tests-core:processResources NO-SOURCE
> Task :fineract-e2e-tests-core:classes UP-TO-DATE
> Task :fineract-e2e-tests-core:compileTestJava UP-TO-DATE
> Task :fineract-e2e-tests-core:processTestResources UP-TO-DATE
> Task :fineract-e2e-tests-core:testClasses UP-TO-DATE
> Task :fineract-e2e-tests-runner:compileJava NO-SOURCE
> Task :fineract-e2e-tests-runner:processResources NO-SOURCE
> Task :fineract-e2e-tests-runner:classes UP-TO-DATE
> Task :fineract-e2e-tests-runner:compileTestJava UP-TO-DATE
> Task :fineract-e2e-tests-runner:processTestResources UP-TO-DATE
> Task :fineract-e2e-tests-runner:testClasses UP-TO-DATE
Picked up JAVA_TOOL_OPTIONS: -Dfineract.feign.debug=true -Dfineract.capture.log=/work/fineract-e2e-tests-runner/build/capture/feign-capitalized-income-p1-mnt.log
19:00:52.827 [main] INFO  o.a.f.t.s.hook.InitializingHook - Setting up global defaults for Fineract
> Task :fineract-e2e-tests-runner:cucumber

Mockito is currently self-attaching to enable the inline-mock-maker. This will no longer work in future releases of the JDK. Please add Mockito as an agent to your build as described in Mockito's documentation: https://javadoc.io/doc/org.mockito/mockito-core/latest/org.mockito/org/mockito/Mockito.html#0.3
WARNING: A Java agent has been loaded dynamically (/gradle-home/caches/modules-2/files-2.1/net.bytebuddy/byte-buddy-agent/1.17.8/f09415827a71be7ed621c7bd02550678f28bc81c/byte-buddy-agent-1.17.8.jar)
WARNING: If a serviceability tool is in use, please run with -XX:+EnableDynamicAgentLoading to hide this warning
WARNING: If a serviceability tool is not in use, please run with -Djdk.instrument.traceUsage for more information
WARNING: Dynamic loading of agents will be disallowed by default in a future release
OpenJDK 64-Bit Server VM warning: Sharing is only supported for boot loader classes because bootstrap classpath has been appended

@CapitalizedIncomeFeature @TestRailId:C3635
[1mScenario:[22m As a user I want to add capitalized income to a progressive loan after disbursement for multidisbursal loan with downpayment - UC1 [90m# fineract-e2e-tests-runner/src/test/resources/features/LoanCapitalizedIncome-Part1.feature:5[39m
  [32m✔[39m [32m[1mWhen [22mAdmin sets the business date to [1m"1 January 2024"[22m[39m                                                                                    [90m# org.apache.fineract.test.stepdef.common.BusinessDateStepDef.setBusinessDate(java.lang.String)[39m
  [32m✔[39m [32m[1mAnd [22mAdmin creates a client with random data[39m                                                                                              [90m# org.apache.fineract.test.stepdef.common.ClientStepDef.createClientRandomFirstNameLastName()[39m
  [32m✔[39m [32m[1mAnd [22mAdmin creates a fully customized loan with the following data:[39m                                                                       [90m# org.apache.fineract.test.stepdef.loan.LoanStepDef.createFullyCustomizedLoan(io.cucumber.datatable.DataTable)[39m
      | LoanProduct                                                    | submitted on date | with Principal | ANNUAL interest rate % | interest type | interest calculation period | amortization type  | loanTermFrequency | loanTermFrequencyType | repaymentEvery | repaymentFrequencyType | numberOfRepayments | graceOnPrincipalPayment | graceOnInterestPayment | interest free period | Payment strategy            |
      | LP2_PROGRESSIVE_ADVANCED_PAYMENT_ALLOCATION_CAPITALIZED_INCOME | 1 January 2024    | 1000.0         | 0                      | FLAT          | SAME_AS_REPAYMENT_PERIOD    | EQUAL_INSTALLMENTS | 30                | DAYS                  | 30             | DAYS                   | 1                  | 0                       | 0                      | 0                    | ADVANCED_PAYMENT_ALLOCATION |
  [32m✔[39m [32m[1mAnd [22mAdmin successfully approves the loan on [1m"1 January 2024"[22m with [1m"1000"[22m amount and expected disbursement date on [1m"1 January 2024"[22m[39m       [90m# org.apache.fineract.test.stepdef.loan.LoanStepDef.approveLoan(java.lang.String,java.lang.String,java.lang.String)[39m
  [32m✔[39m [32m[1mAnd [22mAdmin successfully disburse the loan on [1m"1 January 2024"[22m with [1m"900"[22m EUR transaction amount[39m                                           [90m# org.apache.fineract.test.stepdef.loan.LoanStepDef.disburseLoan(java.lang.String,java.lang.String)[39m
  [32m✔[39m [32m[1mThen [22mLoan status will be [1m"ACTIVE"[22m[39m                                                                                                        [90m# org.apache.fineract.test.stepdef.loan.LoanStepDef.loanStatus(java.lang.String)[39m
  [32m✔[39m [32m[1mWhen [22mAdmin sets the business date to [1m"2 January 2024"[22m[39m                                                                                    [90m# org.apache.fineract.test.stepdef.common.BusinessDateStepDef.setBusinessDate(java.lang.String)[39m
  [32m✔[39m [32m[1mAnd [22mAdmin adds capitalized income with [1m"AUTOPAY"[22m payment type to the loan on [1m"2 January 2024"[22m with [1m"100"[22m EUR transaction amount[39m          [90m# org.apache.fineract.test.stepdef.loan.LoanStepDef.adminAddsCapitalizedIncomeToTheLoanOnWithEURTransactionAmount(java.lang.String,java.lang.String,java.lang.String)[39m
  [32m✔[39m [32m[1mThen [22mLoan Repayment schedule has [1m2[22m periods, with the following data for periods:[39m                                                         [90m# org.apache.fineract.test.stepdef.loan.LoanStepDef.loanRepaymentSchedulePeriodsCheck(int,io.cucumber.datatable.DataTable)[39m
      | Nr | Days | Date            | Paid date       | Balance of loan | Principal due | Interest | Fees | Penalties | Due   | Paid  | In advance | Late | Outstanding |
      |    |      | 01 January 2024 |                 | 900.0           |               |          | 0.0  |           | 0.0   | 0.0   |            |      |             |
      | 1  | 0    | 01 January 2024 | 01 January 2024 | 675.0           | 225.0         | 0.0      | 0.0  | 0.0       | 225.0 | 225.0 | 0.0        | 0.0  | 0.0         |
      |    |      | 02 January 2024 |                 | 100.0           |               |          | 0.0  |           | 0.0   | 0.0   |            |      |             |
      | 2  | 30   | 31 January 2024 |                 | 0.0             | 775.0         | 0.0      | 0.0  | 0.0       | 775.0 | 0.0   | 0.0        | 0.0  | 775.0       |
  [32m✔[39m [32m[1mAnd [22mLoan Repayment schedule has the following data in Total row:[39m                                                                         [90m# org.apache.fineract.test.stepdef.loan.LoanStepDef.loanRepaymentScheduleAmountCheck(io.cucumber.datatable.DataTable)[39m
      | Principal due | Interest | Fees | Penalties | Due    | Paid  | In advance | Late | Outstanding |
      | 1000.0        | 0.0      | 0.0  | 0.0       | 1000.0 | 225.0 | 0.0        | 0.0  | 775.0       |
  [32m✔[39m [32m[1mAnd [22mLoan Transactions tab has the following data:[39m                                                                                        [90m# org.apache.fineract.test.stepdef.loan.LoanStepDef.loanTransactionsTabCheck(io.cucumber.datatable.DataTable)[39m
      | Transaction date | Transaction Type   | Amount | Principal | Interest | Fees | Penalties | Loan Balance | Reverted |
      | 01 January 2024  | Disbursement       | 900.0  | 0.0       | 0.0      | 0.0  | 0.0       | 900.0        | false    |
      | 01 January 2024  | Down Payment       | 225.0  | 225.0     | 0.0      | 0.0  | 0.0       | 675.0        | false    |
      | 02 January 2024  | Capitalized Income | 100.0  | 100.0     | 0.0      | 0.0  | 0.0       | 775.0        | false    |
  [32m✔[39m [32m[1mAnd [22mLoan Transactions tab has a [1m"CAPITALIZED_INCOME"[22m transaction with date [1m"02 January 2024"[22m which has the following Journal entries:[39m    [90m# org.apache.fineract.test.stepdef.common.JournalEntriesStepDef.journalEntryDataCheck(java.lang.String,java.lang.String,io.cucumber.datatable.DataTable)[39m
      | Type      | Account code | Account name                | Debit | Credit |
      | ASSET     | 112601       | Loans Receivable            | 100.0 |        |
      | LIABILITY | 145024       | Deferred Capitalized Income |       | 100.0  |
  [32m✔[39m [32m[1mAnd [22mDeferred Capitalized Income contains the following data:[39m                                                                             [90m# org.apache.fineract.test.stepdef.loan.LoanCapitalizedIncomeStepDef.verifyDeferredCapitalizedIncome(io.cucumber.datatable.DataTable)[39m
      | Amount | Amortized Amount | Unrecognized Amount | Adjusted Amount | Charged Off Amount |
      | 100.0  | 0.0              | 100.0               | 0.0             | 0.0                |
  [32m✔[39m [32m[1mWhen [22mLoan Pay-off is made on [1m"02 January 2024"[22m[39m                                                                                           [90m# org.apache.fineract.test.stepdef.loan.LoanRepaymentStepDef.makeLoanPayOff(java.lang.String)[39m
  [32m✔[39m [32m[1mThen [22mLoan is closed with zero outstanding balance and it's all installments have obligations met[39m                                         [90m# org.apache.fineract.test.stepdef.loan.LoanStepDef.loanClosedAndInstallmentsObligationsMet()[39m

@CapitalizedIncomeFeature @TestRailId:C3637
[1mScenario:[22m As a user I want to add capitalized income to a progressive loan after disbursement - UC2                                       [90m# fineract-e2e-tests-runner/src/test/resources/features/LoanCapitalizedIncome-Part1.feature:42[39m
  [32m✔[39m [32m[1mWhen [22mAdmin sets the business date to [1m"1 January 2024"[22m[39m                                                                                 [90m# org.apache.fineract.test.stepdef.common.BusinessDateStepDef.setBusinessDate(java.lang.String)[39m
  [32m✔[39m [32m[1mAnd [22mAdmin creates a client with random data[39m                                                                                           [90m# org.apache.fineract.test.stepdef.common.ClientStepDef.createClientRandomFirstNameLastName()[39m
  [32m✔[39m [32m[1mAnd [22mAdmin creates a fully customized loan with the following data:[39m                                                                    [90m# org.apache.fineract.test.stepdef.loan.LoanStepDef.createFullyCustomizedLoan(io.cucumber.datatable.DataTable)[39m
      | LoanProduct                                                                      | submitted on date | with Principal | ANNUAL interest rate % | interest type     | interest calculation period | amortization type  | loanTermFrequency | loanTermFrequencyType | repaymentEvery | repaymentFrequencyType | numberOfRepayments | graceOnPrincipalPayment | graceOnInterestPayment | interest free period | Payment strategy            |
      | LP2_ADV_PYMNT_INTEREST_DAILY_EMI_360_30_INTEREST_RECALC_DAILY_CAPITALIZED_INCOME | 01 January 2024   | 1000           | 7                      | DECLINING_BALANCE | DAILY                       | EQUAL_INSTALLMENTS | 1                 | MONTHS                | 1              | MONTHS                 | 1                  | 0                       | 0                      | 0                    | ADVANCED_PAYMENT_ALLOCATION |
  [32m✔[39m [32m[1mAnd [22mAdmin successfully approves the loan on [1m"1 January 2024"[22m with [1m"1000"[22m amount and expected disbursement date on [1m"1 January 2024"[22m[39m    [90m# org.apache.fineract.test.stepdef.loan.LoanStepDef.approveLoan(java.lang.String,java.lang.String,java.lang.String)[39m
  [32m✔[39m [32m[1mAnd [22mAdmin successfully disburse the loan on [1m"1 January 2024"[22m with [1m"900"[22m EUR transaction amount[39m                                        [90m# org.apache.fineract.test.stepdef.loan.LoanStepDef.disburseLoan(java.lang.String,java.lang.String)[39m
  [32m✔[39m [32m[1mThen [22mLoan status will be [1m"ACTIVE"[22m[39m                                                                                                     [90m# org.apache.fineract.test.stepdef.loan.LoanStepDef.loanStatus(java.lang.String)[39m
  [32m✔[39m [32m[1mWhen [22mAdmin sets the business date to [1m"2 January 2024"[22m[39m                                                                                 [90m# org.apache.fineract.test.stepdef.common.BusinessDateStepDef.setBusinessDate(java.lang.String)[39m
  [32m✔[39m [32m[1mAnd [22mAdmin adds capitalized income with [1m"AUTOPAY"[22m payment type to the loan on [1m"2 January 2024"[22m with [1m"100"[22m EUR transaction amount[39m       [90m# org.apache.fineract.test.stepdef.loan.LoanStepDef.adminAddsCapitalizedIncomeToTheLoanOnWithEURTransactionAmount(java.lang.String,java.lang.String,java.lang.String)[39m
  [32m✔[39m [32m[1mThen [22mLoan Repayment schedule has [1m1[22m periods, with the following data for periods:[39m                                                      [90m# org.apache.fineract.test.stepdef.loan.LoanStepDef.loanRepaymentSchedulePeriodsCheck(int,io.cucumber.datatable.DataTable)[39m
      | Nr | Days | Date             | Paid date | Balance of loan | Principal due | Interest | Fees | Penalties | Due     | Paid | In advance | Late | Outstanding |
      |    |      | 01 January 2024  |           | 900.0           |               |          | 0.0  |           | 0.0     | 0.0  |            |      |             |
      |    |      | 02 January 2024  |           | 100.0           |               |          | 0.0  |           | 0.0     | 0.0  |            |      |             |
      | 1  | 31   | 01 February 2024 |           | 0.0             | 1000.0        | 5.81     | 0.0  | 0.0       | 1005.81 | 0.0  | 0.0        | 0.0  | 1005.81     |
  [32m✔[39m [32m[1mAnd [22mLoan Repayment schedule has the following data in Total row:[39m                                                                      [90m# org.apache.fineract.test.stepdef.loan.LoanStepDef.loanRepaymentScheduleAmountCheck(io.cucumber.datatable.DataTable)[39m
      | Principal due | Interest | Fees | Penalties | Due     | Paid | In advance | Late | Outstanding |
      | 1000.0        | 5.81     | 0.0  | 0.0       | 1005.81 | 0.0  | 0.0        | 0.0  | 1005.81     |
  [32m✔[39m [32m[1mAnd [22mLoan Transactions tab has the following data:[39m                                                                                     [90m# org.apache.fineract.test.stepdef.loan.LoanStepDef.loanTransactionsTabCheck(io.cucumber.datatable.DataTable)[39m
      | Transaction date | Transaction Type   | Amount | Principal | Interest | Fees | Penalties | Loan Balance | Reverted |
      | 01 January 2024  | Disbursement       | 900.0  | 0.0       | 0.0      | 0.0  | 0.0       | 900.0        | false    |
      | 02 January 2024  | Capitalized Income | 100.0  | 100.0     | 0.0      | 0.0  | 0.0       | 1000.0       | false    |
  [32m✔[39m [32m[1mAnd [22mLoan Transactions tab has a [1m"CAPITALIZED_INCOME"[22m transaction with date [1m"02 January 2024"[22m which has the following Journal entries:[39m [90m# org.apache.fineract.test.stepdef.common.JournalEntriesStepDef.journalEntryDataCheck(java.lang.String,java.lang.String,io.cucumber.datatable.DataTable)[39m
      | Type      | Account code | Account name                | Debit | Credit |
      | ASSET     | 112601       | Loans Receivable            | 100.0 |        |
      | LIABILITY | 145024       | Deferred Capitalized Income |       | 100.0  |
  [32m✔[39m [32m[1mWhen [22mLoan Pay-off is made on [1m"02 January 2024"[22m[39m                                                                                        [90m# org.apache.fineract.test.stepdef.loan.LoanRepaymentStepDef.makeLoanPayOff(java.lang.String)[39m
  [32m✔[39m [32m[1mThen [22mLoan is closed with zero outstanding balance and it's all installments have obligations met[39m                                      [90m# org.apache.fineract.test.stepdef.loan.LoanStepDef.loanClosedAndInstallmentsObligationsMet()[39m

@CapitalizedIncomeFeature @TestRailId:C3638
[1mScenario:[22m Verify capitalized income amount with disbursement amount calculation within approved amount for multidisbursal progressive loan - UC3 [90m# fineract-e2e-tests-runner/src/test/resources/features/LoanCapitalizedIncome-Part1.feature:74[39m
  [32m✔[39m [32m[1mWhen [22mAdmin sets the business date to [1m"1 January 2024"[22m[39m                                                                                        [90m# org.apache.fineract.test.stepdef.common.BusinessDateStepDef.setBusinessDate(java.lang.String)[39m
  [32m✔[39m [32m[1mAnd [22mAdmin creates a client with random data[39m                                                                                                  [90m# org.apache.fineract.test.stepdef.common.ClientStepDef.createClientRandomFirstNameLastName()[39m
  [32m✔[39m [32m[1mWhen [22mAdmin creates a fully customized loan with the following data:[39m                                                                          [90m# org.apache.fineract.test.stepdef.loan.LoanStepDef.createFullyCustomizedLoan(io.cucumber.datatable.DataTable)[39m
      | LoanProduct                                                                                     | submitted on date | with Principal | ANNUAL interest rate % | interest type     | interest calculation period | amortization type  | loanTermFrequency | loanTermFrequencyType | repaymentEvery | repaymentFrequencyType | numberOfRepayments | graceOnPrincipalPayment | graceOnInterestPayment | interest free period | Payment strategy            |
      | LP2_ADV_PYMNT_INTEREST_DAILY_EMI_360_30_INTEREST_RECALC_DAILY_MULTIDISBURSAL_CAPITALIZED_INCOME | 01 January 2024   | 1000           | 7                      | DECLINING_BALANCE | DAILY                       | EQUAL_INSTALLMENTS | 6                 | MONTHS                | 1              | MONTHS                 | 6                  | 0                       | 0                      | 0                    | ADVANCED_PAYMENT_ALLOCATION |
  [32m✔[39m [32m[1mAnd [22mAdmin successfully approves the loan on [1m"1 January 2024"[22m with [1m"1000"[22m amount and expected disbursement date on [1m"1 January 2024"[22m[39m           [90m# org.apache.fineract.test.stepdef.loan.LoanStepDef.approveLoan(java.lang.String,java.lang.String,java.lang.String)[39m
  [32m✔[39m [32m[1mAnd [22mAdmin successfully disburse the loan on [1m"1 January 2024"[22m with [1m"600"[22m EUR transaction amount[39m                                               [90m# org.apache.fineract.test.stepdef.loan.LoanStepDef.disburseLoan(java.lang.String,java.lang.String)[39m
  [32m✔[39m [32m[1mThen [22mLoan status will be [1m"ACTIVE"[22m[39m                                                                                                            [90m# org.apache.fineract.test.stepdef.loan.LoanStepDef.loanStatus(java.lang.String)[39m
  [32m✔[39m [32m[1mWhen [22mAdmin sets the business date to [1m"2 January 2024"[22m[39m                                                                                        [90m# org.apache.fineract.test.stepdef.common.BusinessDateStepDef.setBusinessDate(java.lang.String)[39m
  [32m✔[39m [32m[1mAnd [22mAdmin successfully disburse the loan on [1m"2 January 2024"[22m with [1m"200"[22m EUR transaction amount[39m                                               [90m# org.apache.fineract.test.stepdef.loan.LoanStepDef.disburseLoan(java.lang.String,java.lang.String)[39m
  [32m✔[39m [32m[1mWhen [22mAdmin sets the business date to [1m"3 January 2024"[22m[39m                                                                                        [90m# org.apache.fineract.test.stepdef.common.BusinessDateStepDef.setBusinessDate(java.lang.String)[39m
  [32m✔[39m [32m[1mAnd [22mAdmin adds capitalized income with [1m"AUTOPAY"[22m payment type to the loan on [1m"3 January 2024"[22m with [1m"200"[22m EUR transaction amount[39m              [90m# org.apache.fineract.test.stepdef.loan.LoanStepDef.adminAddsCapitalizedIncomeToTheLoanOnWithEURTransactionAmount(java.lang.String,java.lang.String,java.lang.String)[39m
  [32m✔[39m [32m[1mThen [22mLoan Repayment schedule has [1m6[22m periods, with the following data for periods:[39m                                                             [90m# org.apache.fineract.test.stepdef.loan.LoanStepDef.loanRepaymentSchedulePeriodsCheck(int,io.cucumber.datatable.DataTable)[39m
      | Nr | Days | Date             | Paid date | Balance of loan | Principal due | Interest | Fees | Penalties | Due    | Paid | In advance | Late | Outstanding |
      |    |      | 01 January 2024  |           | 600.0           |               |          | 0.0  |           | 0.0    | 0.0  |            |      |             |
      |    |      | 02 January 2024  |           | 200.0           |               |          | 0.0  |           | 0.0    | 0.0  |            |      |             |
      |    |      | 03 January 2024  |           | 200.0           |               |          | 0.0  |           | 0.0    | 0.0  |            |      |             |
      | 1  | 31   | 01 February 2024 |           | 835.65          | 164.35        | 5.72     | 0.0  | 0.0       | 170.07 | 0.0  | 0.0        | 0.0  | 170.07      |
      | 2  | 29   | 01 March 2024    |           | 670.45          | 165.2         | 4.87     | 0.0  | 0.0       | 170.07 | 0.0  | 0.0        | 0.0  | 170.07      |
      | 3  | 31   | 01 April 2024    |           | 504.29          | 166.16        | 3.91     | 0.0  | 0.0       | 170.07 | 0.0  | 0.0        | 0.0  | 170.07      |
      | 4  | 30   | 01 May 2024      |           | 337.16          | 167.13        | 2.94     | 0.0  | 0.0       | 170.07 | 0.0  | 0.0        | 0.0  | 170.07      |
      | 5  | 31   | 01 June 2024     |           | 169.06          | 168.1         | 1.97     | 0.0  | 0.0       | 170.07 | 0.0  | 0.0        | 0.0  | 170.07      |
      | 6  | 30   | 01 July 2024     |           | 0.0             | 169.06        | 0.99     | 0.0  | 0.0       | 170.05 | 0.0  | 0.0        | 0.0  | 170.05      |
  [32m✔[39m [32m[1mAnd [22mLoan Repayment schedule has the following data in Total row:[39m                                                                             [90m# org.apache.fineract.test.stepdef.loan.LoanStepDef.loanRepaymentScheduleAmountCheck(io.cucumber.datatable.DataTable)[39m
      | Principal due | Interest | Fees | Penalties | Due    | Paid | In advance | Late | Outstanding |
      | 1000.0        | 20.4     | 0.0  | 0.0       | 1020.4 | 0.0  | 0.0        | 0.0  | 1020.4      |
  [32m✔[39m [32m[1mAnd [22mLoan Transactions tab has the following data:[39m                                                                                            [90m# org.apache.fineract.test.stepdef.loan.LoanStepDef.loanTransactionsTabCheck(io.cucumber.datatable.DataTable)[39m
      | Transaction date | Transaction Type   | Amount | Principal | Interest | Fees | Penalties | Loan Balance | Reverted |
      | 01 January 2024  | Disbursement       | 600.0  | 0.0       | 0.0      | 0.0  | 0.0       | 600.0        | false    |
      | 02 January 2024  | Disbursement       | 200.0  | 0.0       | 0.0      | 0.0  | 0.0       | 800.0        | false    |
      | 03 January 2024  | Capitalized Income | 200.0  | 200.0     | 0.0      | 0.0  | 0.0       | 1000.0       | false    |
  [32m✔[39m [32m[1mAnd [22mLoan Transactions tab has a [1m"CAPITALIZED_INCOME"[22m transaction with date [1m"03 January 2024"[22m which has the following Journal entries:[39m        [90m# org.apache.fineract.test.stepdef.common.JournalEntriesStepDef.journalEntryDataCheck(java.lang.String,java.lang.String,io.cucumber.datatable.DataTable)[39m
      | Type      | Account code | Account name                | Debit | Credit |
      | ASSET     | 112601       | Loans Receivable            | 200.0 |        |
      | LIABILITY | 145024       | Deferred Capitalized Income |       | 200.0  |
  [32m✔[39m [32m[1mWhen [22mLoan Pay-off is made on [1m"03 January 2024"[22m[39m                                                                                               [90m# org.apache.fineract.test.stepdef.loan.LoanRepaymentStepDef.makeLoanPayOff(java.lang.String)[39m
  [32m✔[39m [32m[1mThen [22mLoan is closed with zero outstanding balance and it's all installments have obligations met[39m                                             [90m# org.apache.fineract.test.stepdef.loan.LoanStepDef.loanClosedAndInstallmentsObligationsMet()[39m

@CapitalizedIncomeFeature @TestRailId:C3639
[1mScenario:[22m Verify validation of capitalized income amount with disbursement amount within approved amount for progressive loan - UC4      [90m# fineract-e2e-tests-runner/src/test/resources/features/LoanCapitalizedIncome-Part1.feature:115[39m
  [32m✔[39m [32m[1mWhen [22mAdmin sets the business date to [1m"1 January 2024"[22m[39m                                                                                [90m# org.apache.fineract.test.stepdef.common.BusinessDateStepDef.setBusinessDate(java.lang.String)[39m
  [32m✔[39m [32m[1mAnd [22mAdmin creates a client with random data[39m                                                                                          [90m# org.apache.fineract.test.stepdef.common.ClientStepDef.createClientRandomFirstNameLastName()[39m
  [32m✔[39m [32m[1mAnd [22mAdmin creates a fully customized loan with the following data:[39m                                                                   [90m# org.apache.fineract.test.stepdef.loan.LoanStepDef.createFullyCustomizedLoan(io.cucumber.datatable.DataTable)[39m
      | LoanProduct                                                                      | submitted on date | with Principal | ANNUAL interest rate % | interest type     | interest calculation period | amortization type  | loanTermFrequency | loanTermFrequencyType | repaymentEvery | repaymentFrequencyType | numberOfRepayments | graceOnPrincipalPayment | graceOnInterestPayment | interest free period | Payment strategy            |
      | LP2_ADV_PYMNT_INTEREST_DAILY_EMI_360_30_INTEREST_RECALC_DAILY_CAPITALIZED_INCOME | 01 January 2024   | 1000           | 7                      | DECLINING_BALANCE | DAILY                       | EQUAL_INSTALLMENTS | 1                 | MONTHS                | 1              | MONTHS                 | 1                  | 0                       | 0                      | 0                    | ADVANCED_PAYMENT_ALLOCATION |
  [32m✔[39m [32m[1mAnd [22mAdmin successfully approves the loan on [1m"1 January 2024"[22m with [1m"1000"[22m amount and expected disbursement date on [1m"1 January 2024"[22m[39m   [90m# org.apache.fineract.test.stepdef.loan.LoanStepDef.approveLoan(java.lang.String,java.lang.String,java.lang.String)[39m
  [32m✔[39m [32m[1mAnd [22mAdmin successfully disburse the loan on [1m"1 January 2024"[22m with [1m"900"[22m EUR transaction amount[39m                                       [90m# org.apache.fineract.test.stepdef.loan.LoanStepDef.disburseLoan(java.lang.String,java.lang.String)[39m
  [32m✔[39m [32m[1mThen [22mLoan status will be [1m"ACTIVE"[22m[39m                                                                                                    [90m# org.apache.fineract.test.stepdef.loan.LoanStepDef.loanStatus(java.lang.String)[39m
  [32m✔[39m [32m[1mWhen [22mAdmin sets the business date to [1m"2 January 2024"[22m[39m                                                                                [90m# org.apache.fineract.test.stepdef.common.BusinessDateStepDef.setBusinessDate(java.lang.String)[39m
  [32m✔[39m [32m[1mThen [22mCapitalized income with payment type [1m"AUTOPAY"[22m on [1m"02 January 2024"[22m is forbidden with amount [1m"200"[22m while exceed approved amount[39m [90m# org.apache.fineract.test.stepdef.loan.LoanStepDef.capitalizedIncomeForbiddenExceedApprovedAmount(java.lang.String,java.lang.String,java.lang.String)[39m
  [32m✔[39m [32m[1mWhen [22mLoan Pay-off is made on [1m"02 January 2024"[22m[39m                                                                                       [90m# org.apache.fineract.test.stepdef.loan.LoanRepaymentStepDef.makeLoanPayOff(java.lang.String)[39m
  [32m✔[39m [32m[1mThen [22mLoan is closed with zero outstanding balance and it's all installments have obligations met[39m                                     [90m# org.apache.fineract.test.stepdef.loan.LoanStepDef.loanClosedAndInstallmentsObligationsMet()[39m

@CapitalizedIncomeFeature @TestRailId:C3640
[1mScenario:[22m Verify validation of capitalized income amount with disbursement amount within approved amount for multidisbursal progressive loan - UC5 [90m# fineract-e2e-tests-runner/src/test/resources/features/LoanCapitalizedIncome-Part1.feature:131[39m
  [32m✔[39m [32m[1mWhen [22mAdmin sets the business date to [1m"1 January 2024"[22m[39m                                                                                          [90m# org.apache.fineract.test.stepdef.common.BusinessDateStepDef.setBusinessDate(java.lang.String)[39m
  [32m✔[39m [32m[1mAnd [22mAdmin creates a client with random data[39m                                                                                                    [90m# org.apache.fineract.test.stepdef.common.ClientStepDef.createClientRandomFirstNameLastName()[39m
  [32m✔[39m [32m[1mAnd [22mAdmin creates a fully customized loan with the following data:[39m                                                                             [90m# org.apache.fineract.test.stepdef.loan.LoanStepDef.createFullyCustomizedLoan(io.cucumber.datatable.DataTable)[39m
      | LoanProduct                                                    | submitted on date | with Principal | ANNUAL interest rate % | interest type | interest calculation period | amortization type  | loanTermFrequency | loanTermFrequencyType | repaymentEvery | repaymentFrequencyType | numberOfRepayments | graceOnPrincipalPayment | graceOnInterestPayment | interest free period | Payment strategy            |
      | LP2_PROGRESSIVE_ADVANCED_PAYMENT_ALLOCATION_CAPITALIZED_INCOME | 1 January 2024    | 1000.0         | 0                      | FLAT          | SAME_AS_REPAYMENT_PERIOD    | EQUAL_INSTALLMENTS | 30                | DAYS                  | 30             | DAYS                   | 1                  | 0                       | 0                      | 0                    | ADVANCED_PAYMENT_ALLOCATION |
  [32m✔[39m [32m[1mAnd [22mAdmin successfully approves the loan on [1m"1 January 2024"[22m with [1m"1000"[22m amount and expected disbursement date on [1m"1 January 2024"[22m[39m             [90m# org.apache.fineract.test.stepdef.loan.LoanStepDef.approveLoan(java.lang.String,java.lang.String,java.lang.String)[39m
  [32m✔[39m [32m[1mAnd [22mAdmin successfully disburse the loan on [1m"1 January 2024"[22m with [1m"500"[22m EUR transaction amount[39m                                                 [90m# org.apache.fineract.test.stepdef.loan.LoanStepDef.disburseLoan(java.lang.String,java.lang.String)[39m
  [32m✔[39m [32m[1mThen [22mLoan status will be [1m"ACTIVE"[22m[39m                                                                                                              [90m# org.apache.fineract.test.stepdef.loan.LoanStepDef.loanStatus(java.lang.String)[39m
  [32m✔[39m [32m[1mWhen [22mAdmin sets the business date to [1m"2 January 2024"[22m[39m                                                                                          [90m# org.apache.fineract.test.stepdef.common.BusinessDateStepDef.setBusinessDate(java.lang.String)[39m
  [32m✔[39m [32m[1mAnd [22mAdmin successfully disburse the loan on [1m"2 January 2024"[22m with [1m"300"[22m EUR transaction amount[39m                                                 [90m# org.apache.fineract.test.stepdef.loan.LoanStepDef.disburseLoan(java.lang.String,java.lang.String)[39m
  [32m✔[39m [32m[1mThen [22mCapitalized income with payment type [1m"AUTOPAY"[22m on [1m"2 January 2024"[22m is forbidden with amount [1m"300"[22m while exceed approved amount[39m            [90m# org.apache.fineract.test.stepdef.loan.LoanStepDef.capitalizedIncomeForbiddenExceedApprovedAmount(java.lang.String,java.lang.String,java.lang.String)[39m
  [32m✔[39m [32m[1mWhen [22mLoan Pay-off is made on [1m"02 January 2024"[22m[39m                                                                                                 [90m# org.apache.fineract.test.stepdef.loan.LoanRepaymentStepDef.makeLoanPayOff(java.lang.String)[39m
  [32m✔[39m [32m[1mThen [22mLoan is closed with zero outstanding balance and it's all installments have obligations met[39m                                               [90m# org.apache.fineract.test.stepdef.loan.LoanStepDef.loanClosedAndInstallmentsObligationsMet()[39m

@CapitalizedIncomeFeature @TestRailId:C3641
[1mScenario:[22m Verify validation of capitalized income amount with disbursement amount within approved amount after undo disbursement - UC6    [90m# fineract-e2e-tests-runner/src/test/resources/features/LoanCapitalizedIncome-Part1.feature:148[39m
  [32m✔[39m [32m[1mWhen [22mAdmin sets the business date to [1m"1 January 2024"[22m[39m                                                                                 [90m# org.apache.fineract.test.stepdef.common.BusinessDateStepDef.setBusinessDate(java.lang.String)[39m
  [32m✔[39m [32m[1mAnd [22mAdmin creates a client with random data[39m                                                                                           [90m# org.apache.fineract.test.stepdef.common.ClientStepDef.createClientRandomFirstNameLastName()[39m
  [32m✔[39m [32m[1mAnd [22mAdmin creates a fully customized loan with the following data:[39m                                                                    [90m# org.apache.fineract.test.stepdef.loan.LoanStepDef.createFullyCustomizedLoan(io.cucumber.datatable.DataTable)[39m
      | LoanProduct                                                                      | submitted on date | with Principal | ANNUAL interest rate % | interest type     | interest calculation period | amortization type  | loanTermFrequency | loanTermFrequencyType | repaymentEvery | repaymentFrequencyType | numberOfRepayments | graceOnPrincipalPayment | graceOnInterestPayment | interest free period | Payment strategy            |
      | LP2_ADV_PYMNT_INTEREST_DAILY_EMI_360_30_INTEREST_RECALC_DAILY_CAPITALIZED_INCOME | 01 January 2024   | 1000           | 7                      | DECLINING_BALANCE | DAILY                       | EQUAL_INSTALLMENTS | 1                 | MONTHS                | 1              | MONTHS                 | 1                  | 0                       | 0                      | 0                    | ADVANCED_PAYMENT_ALLOCATION |
  [32m✔[39m [32m[1mAnd [22mAdmin successfully approves the loan on [1m"1 January 2024"[22m with [1m"1000"[22m amount and expected disbursement date on [1m"1 January 2024"[22m[39m    [90m# org.apache.fineract.test.stepdef.loan.LoanStepDef.approveLoan(java.lang.String,java.lang.String,java.lang.String)[39m
  [32m✔[39m [32m[1mAnd [22mAdmin successfully disburse the loan on [1m"1 January 2024"[22m with [1m"900"[22m EUR transaction amount[39m                                        [90m# org.apache.fineract.test.stepdef.loan.LoanStepDef.disburseLoan(java.lang.String,java.lang.String)[39m
  [32m✔[39m [32m[1mThen [22mLoan status will be [1m"ACTIVE"[22m[39m                                                                                                     [90m# org.apache.fineract.test.stepdef.loan.LoanStepDef.loanStatus(java.lang.String)[39m
  [32m✔[39m [32m[1mWhen [22mAdmin sets the business date to [1m"2 January 2024"[22m[39m                                                                                 [90m# org.apache.fineract.test.stepdef.common.BusinessDateStepDef.setBusinessDate(java.lang.String)[39m
  [32m✔[39m [32m[1mAnd [22mAdmin adds capitalized income with [1m"AUTOPAY"[22m payment type to the loan on [1m"2 January 2024"[22m with [1m"100"[22m EUR transaction amount[39m       [90m# org.apache.fineract.test.stepdef.loan.LoanStepDef.adminAddsCapitalizedIncomeToTheLoanOnWithEURTransactionAmount(java.lang.String,java.lang.String,java.lang.String)[39m
  [32m✔[39m [32m[1mThen [22mLoan Repayment schedule has [1m1[22m periods, with the following data for periods:[39m                                                      [90m# org.apache.fineract.test.stepdef.loan.LoanStepDef.loanRepaymentSchedulePeriodsCheck(int,io.cucumber.datatable.DataTable)[39m
      | Nr | Days | Date             | Paid date | Balance of loan | Principal due | Interest | Fees | Penalties | Due     | Paid | In advance | Late | Outstanding |
      |    |      | 01 January 2024  |           | 900.0           |               |          | 0.0  |           | 0.0     | 0.0  |            |      |             |
      |    |      | 02 January 2024  |           | 100.0           |               |          | 0.0  |           | 0.0     | 0.0  |            |      |             |
      | 1  | 31   | 01 February 2024 |           | 0.0             | 1000.0        | 5.81     | 0.0  | 0.0       | 1005.81 | 0.0  | 0.0        | 0.0  | 1005.81     |
  [32m✔[39m [32m[1mAnd [22mLoan Repayment schedule has the following data in Total row:[39m                                                                      [90m# org.apache.fineract.test.stepdef.loan.LoanStepDef.loanRepaymentScheduleAmountCheck(io.cucumber.datatable.DataTable)[39m
      | Principal due | Interest | Fees | Penalties | Due     | Paid | In advance | Late | Outstanding |
      | 1000.0        | 5.81     | 0.0  | 0.0       | 1005.81 | 0.0  | 0.0        | 0.0  | 1005.81     |
  [32m✔[39m [32m[1mAnd [22mLoan Transactions tab has the following data:[39m                                                                                     [90m# org.apache.fineract.test.stepdef.loan.LoanStepDef.loanTransactionsTabCheck(io.cucumber.datatable.DataTable)[39m
      | Transaction date | Transaction Type   | Amount | Principal | Interest | Fees | Penalties | Loan Balance | Reverted |
      | 01 January 2024  | Disbursement       | 900.0  | 0.0       | 0.0      | 0.0  | 0.0       | 900.0        | false    |
      | 02 January 2024  | Capitalized Income | 100.0  | 100.0     | 0.0      | 0.0  | 0.0       | 1000.0       | false    |
  [32m✔[39m [32m[1mAnd [22mLoan Transactions tab has a [1m"CAPITALIZED_INCOME"[22m transaction with date [1m"02 January 2024"[22m which has the following Journal entries:[39m [90m# org.apache.fineract.test.stepdef.common.JournalEntriesStepDef.journalEntryDataCheck(java.lang.String,java.lang.String,io.cucumber.datatable.DataTable)[39m
      | Type      | Account code | Account name                | Debit | Credit |
      | ASSET     | 112601       | Loans Receivable            | 100.0 |        |
      | LIABILITY | 145024       | Deferred Capitalized Income |       | 100.0  |
  [32m✔[39m [32m[1mWhen [22mAdmin successfully undo disbursal[39m                                                                                                [90m# org.apache.fineract.test.stepdef.loan.LoanStepDef.undoDisbursal()[39m
  [32m✔[39m [32m[1mThen [22mLoan status will be [1m"APPROVED"[22m[39m                                                                                                   [90m# org.apache.fineract.test.stepdef.loan.LoanStepDef.loanStatus(java.lang.String)[39m
  [32m✔[39m [32m[1mWhen [22mAdmin sets the business date to [1m"3 January 2024"[22m[39m                                                                                 [90m# org.apache.fineract.test.stepdef.common.BusinessDateStepDef.setBusinessDate(java.lang.String)[39m
  [32m✔[39m [32m[1mAnd [22mAdmin successfully disburse the loan on [1m"3 January 2024"[22m with [1m"800"[22m EUR transaction amount[39m                                        [90m# org.apache.fineract.test.stepdef.loan.LoanStepDef.disburseLoan(java.lang.String,java.lang.String)[39m
  [32m✔[39m [32m[1mAnd [22mAdmin adds capitalized income with [1m"AUTOPAY"[22m payment type to the loan on [1m"3 January 2024"[22m with [1m"200"[22m EUR transaction amount[39m       [90m# org.apache.fineract.test.stepdef.loan.LoanStepDef.adminAddsCapitalizedIncomeToTheLoanOnWithEURTransactionAmount(java.lang.String,java.lang.String,java.lang.String)[39m
  [32m✔[39m [32m[1mThen [22mLoan Repayment schedule has [1m1[22m periods, with the following data for periods:[39m                                                      [90m# org.apache.fineract.test.stepdef.loan.LoanStepDef.loanRepaymentSchedulePeriodsCheck(int,io.cucumber.datatable.DataTable)[39m
      | Nr | Days | Date             | Paid date | Balance of loan | Principal due | Interest | Fees | Penalties | Due     | Paid | In advance | Late | Outstanding |
      |    |      | 03 January 2024  |           | 800.0           |               |          | 0.0  |           | 0.0     | 0.0  |            |      |             |
      |    |      | 03 January 2024  |           | 200.0           |               |          | 0.0  |           | 0.0     | 0.0  |            |      |             |
      | 1  | 31   | 03 February 2024 |           | 0.0             | 1000.0        | 5.83     | 0.0  | 0.0       | 1005.83 | 0.0  | 0.0        | 0.0  | 1005.83     |
  [32m✔[39m [32m[1mAnd [22mLoan Repayment schedule has the following data in Total row:[39m                                                                      [90m# org.apache.fineract.test.stepdef.loan.LoanStepDef.loanRepaymentScheduleAmountCheck(io.cucumber.datatable.DataTable)[39m
      | Principal due | Interest | Fees | Penalties | Due     | Paid | In advance | Late | Outstanding |
      | 1000.0        | 5.83     | 0.0  | 0.0       | 1005.83 | 0.0  | 0.0        | 0.0  | 1005.83     |
  [32m✔[39m [32m[1mAnd [22mLoan Transactions tab has the following data:[39m                                                                                     [90m# org.apache.fineract.test.stepdef.loan.LoanStepDef.loanTransactionsTabCheck(io.cucumber.datatable.DataTable)[39m
      | Transaction date | Transaction Type   | Amount | Principal | Interest | Fees | Penalties | Loan Balance | Reverted |
      | 03 January 2024  | Disbursement       | 800.0  | 0.0       | 0.0      | 0.0  | 0.0       | 800.0        | false    |
      | 03 January 2024  | Capitalized Income | 200.0  | 200.0     | 0.0      | 0.0  | 0.0       | 1000.0       | false    |
  [32m✔[39m [32m[1mAnd [22mLoan Transactions tab has a [1m"CAPITALIZED_INCOME"[22m transaction with date [1m"03 January 2024"[22m which has the following Journal entries:[39m [90m# org.apache.fineract.test.stepdef.common.JournalEntriesStepDef.journalEntryDataCheck(java.lang.String,java.lang.String,io.cucumber.datatable.DataTable)[39m
      | Type      | Account code | Account name                | Debit | Credit |
      | ASSET     | 112601       | Loans Receivable            | 200.0 |        |
      | LIABILITY | 145024       | Deferred Capitalized Income |       | 200.0  |
  [32m✔[39m [32m[1mWhen [22mLoan Pay-off is made on [1m"03 January 2024"[22m[39m                                                                                        [90m# org.apache.fineract.test.stepdef.loan.LoanRepaymentStepDef.makeLoanPayOff(java.lang.String)[39m
  [32m✔[39m [32m[1mThen [22mLoan is closed with zero outstanding balance and it's all installments have obligations met[39m                                      [90m# org.apache.fineract.test.stepdef.loan.LoanStepDef.loanClosedAndInstallmentsObligationsMet()[39m

@CapitalizedIncomeFeature @TestRailId:C3642
[1mScenario:[22m Verify capitalized income amount with disbursement amount calculation within approved amount for multidisbursal loan after undo disbursement - UC7 [90m# fineract-e2e-tests-runner/src/test/resources/features/LoanCapitalizedIncome-Part1.feature:201[39m
  [32m✔[39m [32m[1mWhen [22mAdmin sets the business date to [1m"1 January 2024"[22m[39m                                                                                                    [90m# org.apache.fineract.test.stepdef.common.BusinessDateStepDef.setBusinessDate(java.lang.String)[39m
  [32m✔[39m [32m[1mAnd [22mAdmin creates a client with random data[39m                                                                                                              [90m# org.apache.fineract.test.stepdef.common.ClientStepDef.createClientRandomFirstNameLastName()[39m
  [32m✔[39m [32m[1mAnd [22mAdmin creates a fully customized loan with the following data:[39m                                                                                       [90m# org.apache.fineract.test.stepdef.loan.LoanStepDef.createFullyCustomizedLoan(io.cucumber.datatable.DataTable)[39m
      | LoanProduct                                                                                     | submitted on date | with Principal | ANNUAL interest rate % | interest type     | interest calculation period | amortization type  | loanTermFrequency | loanTermFrequencyType | repaymentEvery | repaymentFrequencyType | numberOfRepayments | graceOnPrincipalPayment | graceOnInterestPayment | interest free period | Payment strategy            |
      | LP2_ADV_PYMNT_INTEREST_DAILY_EMI_360_30_INTEREST_RECALC_DAILY_MULTIDISBURSAL_CAPITALIZED_INCOME | 01 January 2024   | 1000           | 7                      | DECLINING_BALANCE | DAILY                       | EQUAL_INSTALLMENTS | 6                 | MONTHS                | 1              | MONTHS                 | 6                  | 0                       | 0                      | 0                    | ADVANCED_PAYMENT_ALLOCATION |
  [32m✔[39m [32m[1mAnd [22mAdmin successfully approves the loan on [1m"1 January 2024"[22m with [1m"1000"[22m amount and expected disbursement date on [1m"1 January 2024"[22m[39m                       [90m# org.apache.fineract.test.stepdef.loan.LoanStepDef.approveLoan(java.lang.String,java.lang.String,java.lang.String)[39m
  [32m✔[39m [32m[1mAnd [22mAdmin successfully disburse the loan on [1m"1 January 2024"[22m with [1m"600"[22m EUR transaction amount[39m                                                           [90m# org.apache.fineract.test.stepdef.loan.LoanStepDef.disburseLoan(java.lang.String,java.lang.String)[39m
  [32m✔[39m [32m[1mThen [22mLoan status will be [1m"ACTIVE"[22m[39m                                                                                                                        [90m# org.apache.fineract.test.stepdef.loan.LoanStepDef.loanStatus(java.lang.String)[39m
  [32m✔[39m [32m[1mWhen [22mAdmin sets the business date to [1m"2 January 2024"[22m[39m                                                                                                    [90m# org.apache.fineract.test.stepdef.common.BusinessDateStepDef.setBusinessDate(java.lang.String)[39m
  [32m✔[39m [32m[1mAnd [22mAdmin successfully disburse the loan on [1m"2 January 2024"[22m with [1m"200"[22m EUR transaction amount[39m                                                           [90m# org.apache.fineract.test.stepdef.loan.LoanStepDef.disburseLoan(java.lang.String,java.lang.String)[39m
  [32m✔[39m [32m[1mAnd [22mAdmin adds capitalized income with [1m"AUTOPAY"[22m payment type to the loan on [1m"2 January 2024"[22m with [1m"200"[22m EUR transaction amount[39m                          [90m# org.apache.fineract.test.stepdef.loan.LoanStepDef.adminAddsCapitalizedIncomeToTheLoanOnWithEURTransactionAmount(java.lang.String,java.lang.String,java.lang.String)[39m
  [32m✔[39m [32m[1mThen [22mLoan Repayment schedule has [1m6[22m periods, with the following data for periods:[39m                                                                         [90m# org.apache.fineract.test.stepdef.loan.LoanStepDef.loanRepaymentSchedulePeriodsCheck(int,io.cucumber.datatable.DataTable)[39m
      | Nr | Days | Date             | Paid date | Balance of loan | Principal due | Interest | Fees | Penalties | Due    | Paid | In advance | Late | Outstanding |
      |    |      | 01 January 2024  |           | 600.0           |               |          | 0.0  |           | 0.0    | 0.0  |            |      |             |
      |    |      | 02 January 2024  |           | 200.0           |               |          | 0.0  |           | 0.0    | 0.0  |            |      |             |
      |    |      | 02 January 2024  |           | 200.0           |               |          | 0.0  |           | 0.0    | 0.0  |            |      |             |
      | 1  | 31   | 01 February 2024 |           | 835.69          | 164.31        | 5.76     | 0.0  | 0.0       | 170.07 | 0.0  | 0.0        | 0.0  | 170.07      |
      | 2  | 29   | 01 March 2024    |           | 670.49          | 165.2         | 4.87     | 0.0  | 0.0       | 170.07 | 0.0  | 0.0        | 0.0  | 170.07      |
      | 3  | 31   | 01 April 2024    |           | 504.33          | 166.16        | 3.91     | 0.0  | 0.0       | 170.07 | 0.0  | 0.0        | 0.0  | 170.07      |
      | 4  | 30   | 01 May 2024      |           | 337.2           | 167.13        | 2.94     | 0.0  | 0.0       | 170.07 | 0.0  | 0.0        | 0.0  | 170.07      |
      | 5  | 31   | 01 June 2024     |           | 169.1           | 168.1         | 1.97     | 0.0  | 0.0       | 170.07 | 0.0  | 0.0        | 0.0  | 170.07      |
      | 6  | 30   | 01 July 2024     |           | 0.0             | 169.1         | 0.99     | 0.0  | 0.0       | 170.09 | 0.0  | 0.0        | 0.0  | 170.09      |
  [32m✔[39m [32m[1mAnd [22mLoan Repayment schedule has the following data in Total row:[39m                                                                                         [90m# org.apache.fineract.test.stepdef.loan.LoanStepDef.loanRepaymentScheduleAmountCheck(io.cucumber.datatable.DataTable)[39m
      | Principal due | Interest | Fees | Penalties | Due     | Paid | In advance | Late | Outstanding |
      | 1000.0        | 20.44    | 0.0  | 0.0       | 1020.44 | 0.0  | 0.0        | 0.0  | 1020.44     |
  [32m✔[39m [32m[1mAnd [22mLoan Transactions tab has the following data:[39m                                                                                                        [90m# org.apache.fineract.test.stepdef.loan.LoanStepDef.loanTransactionsTabCheck(io.cucumber.datatable.DataTable)[39m
      | Transaction date | Transaction Type   | Amount | Principal | Interest | Fees | Penalties | Loan Balance | Reverted |
      | 01 January 2024  | Disbursement       | 600.0  | 0.0       | 0.0      | 0.0  | 0.0       | 600.0        | false    |
      | 02 January 2024  | Disbursement       | 200.0  | 0.0       | 0.0      | 0.0  | 0.0       | 800.0        | false    |
      | 02 January 2024  | Capitalized Income | 200.0  | 200.0     | 0.0      | 0.0  | 0.0       | 1000.0       | false    |
  [32m✔[39m [32m[1mAnd [22mLoan Transactions tab has a [1m"CAPITALIZED_INCOME"[22m transaction with date [1m"02 January 2024"[22m which has the following Journal entries:[39m                    [90m# org.apache.fineract.test.stepdef.common.JournalEntriesStepDef.journalEntryDataCheck(java.lang.String,java.lang.String,io.cucumber.datatable.DataTable)[39m
      | Type      | Account code | Account name                | Debit | Credit |
      | ASSET     | 112601       | Loans Receivable            | 200.0 |        |
      | LIABILITY | 145024       | Deferred Capitalized Income |       | 200.0  |
  [32m✔[39m [32m[1mWhen [22mAdmin successfully undo disbursal[39m                                                                                                                   [90m# org.apache.fineract.test.stepdef.loan.LoanStepDef.undoDisbursal()[39m
  [32m✔[39m [32m[1mThen [22mLoan status will be [1m"APPROVED"[22m[39m                                                                                                                      [90m# org.apache.fineract.test.stepdef.loan.LoanStepDef.loanStatus(java.lang.String)[39m
  [32m✔[39m [32m[1mWhen [22mAdmin sets the business date to [1m"3 January 2024"[22m[39m                                                                                                    [90m# org.apache.fineract.test.stepdef.common.BusinessDateStepDef.setBusinessDate(java.lang.String)[39m
  [32m✔[39m [32m[1mAnd [22mAdmin successfully disburse the loan on [1m"3 January 2024"[22m with [1m"500"[22m EUR transaction amount[39m                                                           [90m# org.apache.fineract.test.stepdef.loan.LoanStepDef.disburseLoan(java.lang.String,java.lang.String)[39m
  [32m✔[39m [32m[1mAnd [22mAdmin sets the business date to [1m"4 January 2024"[22m[39m                                                                                                     [90m# org.apache.fineract.test.stepdef.common.BusinessDateStepDef.setBusinessDate(java.lang.String)[39m
  [32m✔[39m [32m[1mAnd [22mAdmin successfully disburse the loan on [1m"4 January 2024"[22m with [1m"200"[22m EUR transaction amount[39m                                                           [90m# org.apache.fineract.test.stepdef.loan.LoanStepDef.disburseLoan(java.lang.String,java.lang.String)[39m
  [32m✔[39m [32m[1mAnd [22mAdmin adds capitalized income with [1m"AUTOPAY"[22m payment type to the loan on [1m"4 January 2024"[22m with [1m"300"[22m EUR transaction amount[39m                          [90m# org.apache.fineract.test.stepdef.loan.LoanStepDef.adminAddsCapitalizedIncomeToTheLoanOnWithEURTransactionAmount(java.lang.String,java.lang.String,java.lang.String)[39m
  [32m✔[39m [32m[1mThen [22mLoan Repayment schedule has [1m6[22m periods, with the following data for periods:[39m                                                                         [90m# org.apache.fineract.test.stepdef.loan.LoanStepDef.loanRepaymentSchedulePeriodsCheck(int,io.cucumber.datatable.DataTable)[39m
      | Nr | Days | Date             | Paid date | Balance of loan | Principal due | Interest | Fees | Penalties | Due    | Paid | In advance | Late | Outstanding |
      |    |      | 03 January 2024  |           | 500.0           |               |          | 0.0  |           | 0.0    | 0.0  |            |      |             |
      |    |      | 04 January 2024  |           | 200.0           |               |          | 0.0  |           | 0.0    | 0.0  |            |      |             |
      |    |      | 04 January 2024  |           | 200.0           |               |          | 0.0  |           | 0.0    | 0.0  |            |      |             |
      | 1  | 31   | 03 February 2024 |           | 835.67          | 164.33        | 5.74     | 0.0  | 0.0       | 170.07 | 0.0  | 0.0        | 0.0  | 170.07      |
      | 2  | 29   | 03 March 2024    |           | 670.47          | 165.2         | 4.87     | 0.0  | 0.0       | 170.07 | 0.0  | 0.0        | 0.0  | 170.07      |
      | 3  | 31   | 03 April 2024    |           | 504.31          | 166.16        | 3.91     | 0.0  | 0.0       | 170.07 | 0.0  | 0.0        | 0.0  | 170.07      |
      | 4  | 30   | 03 May 2024      |           | 337.18          | 167.13        | 2.94     | 0.0  | 0.0       | 170.07 | 0.0  | 0.0        | 0.0  | 170.07      |
      | 5  | 31   | 03 June 2024     |           | 169.08          | 168.1         | 1.97     | 0.0  | 0.0       | 170.07 | 0.0  | 0.0        | 0.0  | 170.07      |
      | 6  | 30   | 03 July 2024     |           | 0.0             | 169.08        | 0.99     | 0.0  | 0.0       | 170.07 | 0.0  | 0.0        | 0.0  | 170.07      |
  [32m✔[39m [32m[1mAnd [22mLoan Repayment schedule has the following data in Total row:[39m                                                                                         [90m# org.apache.fineract.test.stepdef.loan.LoanStepDef.loanRepaymentScheduleAmountCheck(io.cucumber.datatable.DataTable)[39m
      | Principal due | Interest | Fees | Penalties | Due     | Paid | In advance | Late | Outstanding |
      | 1000.0        | 20.42    | 0.0  | 0.0       | 1020.42 | 0.0  | 0.0        | 0.0  | 1020.42     |
  [32m✔[39m [32m[1mAnd [22mLoan Transactions tab has the following data:[39m                                                                                                        [90m# org.apache.fineract.test.stepdef.loan.LoanStepDef.loanTransactionsTabCheck(io.cucumber.datatable.DataTable)[39m
      | Transaction date | Transaction Type   | Amount | Principal | Interest | Fees | Penalties | Loan Balance | Reverted |
      | 03 January 2024  | Disbursement       | 500.0  | 0.0       | 0.0      | 0.0  | 0.0       | 500.0        | false    |
      | 04 January 2024  | Disbursement       | 200.0  | 0.0       | 0.0      | 0.0  | 0.0       | 700.0        | false    |
      | 04 January 2024  | Capitalized Income | 300.0  | 300.0     | 0.0      | 0.0  | 0.0       | 1000.0       | false    |
  [32m✔[39m [32m[1mAnd [22mLoan Transactions tab has a [1m"CAPITALIZED_INCOME"[22m transaction with date [1m"04 January 2024"[22m which has the following Journal entries:[39m                    [90m# org.apache.fineract.test.stepdef.common.JournalEntriesStepDef.journalEntryDataCheck(java.lang.String,java.lang.String,io.cucumber.datatable.DataTable)[39m
      | Type      | Account code | Account name                | Debit | Credit |
      | ASSET     | 112601       | Loans Receivable            | 300.0 |        |
      | LIABILITY | 145024       | Deferred Capitalized Income |       | 300.0  |
  [32m✔[39m [32m[1mWhen [22mLoan Pay-off is made on [1m"04 January 2024"[22m[39m                                                                                                           [90m# org.apache.fineract.test.stepdef.loan.LoanRepaymentStepDef.makeLoanPayOff(java.lang.String)[39m
  [32m✔[39m [32m[1mThen [22mLoan is closed with zero outstanding balance and it's all installments have obligations met[39m                                                         [90m# org.apache.fineract.test.stepdef.loan.LoanStepDef.loanClosedAndInstallmentsObligationsMet()[39m

@CapitalizedIncomeFeature @TestRailId:C3720
[1mScenario:[22m Verify capitalized income amount with disbursement amount calculation within approved amount for multidisbursal loan - UC8      [90m# fineract-e2e-tests-runner/src/test/resources/features/LoanCapitalizedIncome-Part1.feature:271[39m
  [32m✔[39m [32m[1mWhen [22mAdmin sets the business date to [1m"1 January 2024"[22m[39m                                                                                 [90m# org.apache.fineract.test.stepdef.common.BusinessDateStepDef.setBusinessDate(java.lang.String)[39m
  [32m✔[39m [32m[1mAnd [22mAdmin creates a client with random data[39m                                                                                           [90m# org.apache.fineract.test.stepdef.common.ClientStepDef.createClientRandomFirstNameLastName()[39m
  [32m✔[39m [32m[1mAnd [22mAdmin creates a fully customized loan with the following data:[39m                                                                    [90m# org.apache.fineract.test.stepdef.loan.LoanStepDef.createFullyCustomizedLoan(io.cucumber.datatable.DataTable)[39m
      | LoanProduct                                                                                     | submitted on date | with Principal | ANNUAL interest rate % | interest type     | interest calculation period | amortization type  | loanTermFrequency | loanTermFrequencyType | repaymentEvery | repaymentFrequencyType | numberOfRepayments | graceOnPrincipalPayment | graceOnInterestPayment | interest free period | Payment strategy            |
      | LP2_ADV_PYMNT_INTEREST_DAILY_EMI_360_30_INTEREST_RECALC_DAILY_MULTIDISBURSAL_CAPITALIZED_INCOME | 01 January 2024   | 1000           | 7                      | DECLINING_BALANCE | DAILY                       | EQUAL_INSTALLMENTS | 6                 | MONTHS                | 1              | MONTHS                 | 6                  | 0                       | 0                      | 0                    | ADVANCED_PAYMENT_ALLOCATION |
  [32m✔[39m [32m[1mAnd [22mAdmin successfully approves the loan on [1m"1 January 2024"[22m with [1m"1000"[22m amount and expected disbursement date on [1m"1 January 2024"[22m[39m    [90m# org.apache.fineract.test.stepdef.loan.LoanStepDef.approveLoan(java.lang.String,java.lang.String,java.lang.String)[39m
  [32m✔[39m [32m[1mAnd [22mAdmin successfully disburse the loan on [1m"1 January 2024"[22m with [1m"700"[22m EUR transaction amount[39m                                        [90m# org.apache.fineract.test.stepdef.loan.LoanStepDef.disburseLoan(java.lang.String,java.lang.String)[39m
  [32m✔[39m [32m[1mThen [22mLoan status will be [1m"ACTIVE"[22m[39m                                                                                                     [90m# org.apache.fineract.test.stepdef.loan.LoanStepDef.loanStatus(java.lang.String)[39m
  [32m✔[39m [32m[1mWhen [22mAdmin sets the business date to [1m"2 January 2024"[22m[39m                                                                                 [90m# org.apache.fineract.test.stepdef.common.BusinessDateStepDef.setBusinessDate(java.lang.String)[39m
  [32m✔[39m [32m[1mAnd [22mAdmin adds capitalized income with [1m"AUTOPAY"[22m payment type to the loan on [1m"2 January 2024"[22m with [1m"200"[22m EUR transaction amount[39m       [90m# org.apache.fineract.test.stepdef.loan.LoanStepDef.adminAddsCapitalizedIncomeToTheLoanOnWithEURTransactionAmount(java.lang.String,java.lang.String,java.lang.String)[39m
  [32m✔[39m [32m[1mThen [22mLoan Repayment schedule has [1m6[22m periods, with the following data for periods:[39m                                                      [90m# org.apache.fineract.test.stepdef.loan.LoanStepDef.loanRepaymentSchedulePeriodsCheck(int,io.cucumber.datatable.DataTable)[39m
      | Nr | Days | Date             | Paid date | Balance of loan | Principal due | Interest | Fees | Penalties | Due    | Paid | In advance | Late | Outstanding |
      |    |      | 01 January 2024  |           | 700.0           |               |          | 0.0  |           | 0.0    | 0.0  |            |      |             |
      |    |      | 02 January 2024  |           | 200.0           |               |          | 0.0  |           | 0.0    | 0.0  |            |      |             |
      | 1  | 31   | 01 February 2024 |           | 752.14          | 147.86        | 5.21     | 0.0  | 0.0       | 153.07 | 0.0  | 0.0        | 0.0  | 153.07      |
      | 2  | 29   | 01 March 2024    |           | 603.46          | 148.68        | 4.39     | 0.0  | 0.0       | 153.07 | 0.0  | 0.0        | 0.0  | 153.07      |
      | 3  | 31   | 01 April 2024    |           | 453.91          | 149.55        | 3.52     | 0.0  | 0.0       | 153.07 | 0.0  | 0.0        | 0.0  | 153.07      |
      | 4  | 30   | 01 May 2024      |           | 303.49          | 150.42        | 2.65     | 0.0  | 0.0       | 153.07 | 0.0  | 0.0        | 0.0  | 153.07      |
      | 5  | 31   | 01 June 2024     |           | 152.19          | 151.3         | 1.77     | 0.0  | 0.0       | 153.07 | 0.0  | 0.0        | 0.0  | 153.07      |
      | 6  | 30   | 01 July 2024     |           | 0.0             | 152.19        | 0.89     | 0.0  | 0.0       | 153.08 | 0.0  | 0.0        | 0.0  | 153.08      |
  [32m✔[39m [32m[1mAnd [22mLoan Repayment schedule has the following data in Total row:[39m                                                                      [90m# org.apache.fineract.test.stepdef.loan.LoanStepDef.loanRepaymentScheduleAmountCheck(io.cucumber.datatable.DataTable)[39m
      | Principal due | Interest | Fees | Penalties | Due    | Paid | In advance | Late | Outstanding |
      | 900.0         | 18.43    | 0.0  | 0.0       | 918.43 | 0.0  | 0.0        | 0.0  | 918.43      |
  [32m✔[39m [32m[1mAnd [22mLoan Transactions tab has the following data:[39m                                                                                     [90m# org.apache.fineract.test.stepdef.loan.LoanStepDef.loanTransactionsTabCheck(io.cucumber.datatable.DataTable)[39m
      | Transaction date | Transaction Type   | Amount | Principal | Interest | Fees | Penalties | Loan Balance | Reverted |
      | 01 January 2024  | Disbursement       | 700.0  | 0.0       | 0.0      | 0.0  | 0.0       | 700.0        | false    |
      | 02 January 2024  | Capitalized Income | 200.0  | 200.0     | 0.0      | 0.0  | 0.0       | 900.0        | false    |
  [32m✔[39m [32m[1mAnd [22mLoan Transactions tab has a [1m"CAPITALIZED_INCOME"[22m transaction with date [1m"02 January 2024"[22m which has the following Journal entries:[39m [90m# org.apache.fineract.test.stepdef.common.JournalEntriesStepDef.journalEntryDataCheck(java.lang.String,java.lang.String,io.cucumber.datatable.DataTable)[39m
      | Type      | Account code | Account name                | Debit | Credit |
      | ASSET     | 112601       | Loans Receivable            | 200.0 |        |
      | LIABILITY | 145024       | Deferred Capitalized Income |       | 200.0  |
  [32m✔[39m [32m[1mThen [22mAdmin fails to disburse the loan on [1m"02 January 2024"[22m with [1m"200"[22m EUR transaction amount due to exceed approved amount[39m            [90m# org.apache.fineract.test.stepdef.loan.LoanStepDef.disbursementForbiddenExceedApprovedAmount(java.lang.String,java.lang.String)[39m
  [32m✔[39m [32m[1mThen [22mCapitalized income with payment type [1m"AUTOPAY"[22m on [1m"02 January 2024"[22m is forbidden with amount [1m"200"[22m while exceed approved amount[39m  [90m# org.apache.fineract.test.stepdef.loan.LoanStepDef.capitalizedIncomeForbiddenExceedApprovedAmount(java.lang.String,java.lang.String,java.lang.String)[39m
  [32m✔[39m [32m[1mWhen [22mLoan Pay-off is made on [1m"02 January 2024"[22m[39m                                                                                        [90m# org.apache.fineract.test.stepdef.loan.LoanRepaymentStepDef.makeLoanPayOff(java.lang.String)[39m
  [32m✔[39m [32m[1mThen [22mLoan is closed with zero outstanding balance and it's all installments have obligations met[39m                                      [90m# org.apache.fineract.test.stepdef.loan.LoanStepDef.loanClosedAndInstallmentsObligationsMet()[39m

@CapitalizedIncomeFeature @TestRailId:C3721
[1mScenario:[22m Verify capitalized income amount with disbursement amount calculation within approved amount for multidisbursal loan with undo last disbursal - UC9 [90m# fineract-e2e-tests-runner/src/test/resources/features/LoanCapitalizedIncome-Part1.feature:310[39m
  [32m✔[39m [32m[1mWhen [22mAdmin sets the business date to [1m"1 January 2024"[22m[39m                                                                                                     [90m# org.apache.fineract.test.stepdef.common.BusinessDateStepDef.setBusinessDate(java.lang.String)[39m
  [32m✔[39m [32m[1mAnd [22mAdmin creates a client with random data[39m                                                                                                               [90m# org.apache.fineract.test.stepdef.common.ClientStepDef.createClientRandomFirstNameLastName()[39m
  [32m✔[39m [32m[1mAnd [22mAdmin creates a fully customized loan with the following data:[39m                                                                                        [90m# org.apache.fineract.test.stepdef.loan.LoanStepDef.createFullyCustomizedLoan(io.cucumber.datatable.DataTable)[39m
      | LoanProduct                                                                                     | submitted on date | with Principal | ANNUAL interest rate % | interest type     | interest calculation period | amortization type  | loanTermFrequency | loanTermFrequencyType | repaymentEvery | repaymentFrequencyType | numberOfRepayments | graceOnPrincipalPayment | graceOnInterestPayment | interest free period | Payment strategy            |
      | LP2_ADV_PYMNT_INTEREST_DAILY_EMI_360_30_INTEREST_RECALC_DAILY_MULTIDISBURSAL_CAPITALIZED_INCOME | 01 January 2024   | 1000           | 7                      | DECLINING_BALANCE | DAILY                       | EQUAL_INSTALLMENTS | 6                 | MONTHS                | 1              | MONTHS                 | 6                  | 0                       | 0                      | 0                    | ADVANCED_PAYMENT_ALLOCATION |
  [32m✔[39m [32m[1mAnd [22mAdmin successfully approves the loan on [1m"1 January 2024"[22m with [1m"1000"[22m amount and expected disbursement date on [1m"1 January 2024"[22m[39m                        [90m# org.apache.fineract.test.stepdef.loan.LoanStepDef.approveLoan(java.lang.String,java.lang.String,java.lang.String)[39m
  [32m✔[39m [32m[1mAnd [22mAdmin successfully disburse the loan on [1m"1 January 2024"[22m with [1m"500"[22m EUR transaction amount[39m                                                            [90m# org.apache.fineract.test.stepdef.loan.LoanStepDef.disburseLoan(java.lang.String,java.lang.String)[39m
  [32m✔[39m [32m[1mThen [22mLoan status will be [1m"ACTIVE"[22m[39m                                                                                                                         [90m# org.apache.fineract.test.stepdef.loan.LoanStepDef.loanStatus(java.lang.String)[39m
  [32m✔[39m [32m[1mWhen [22mAdmin sets the business date to [1m"2 January 2024"[22m[39m                                                                                                     [90m# org.apache.fineract.test.stepdef.common.BusinessDateStepDef.setBusinessDate(java.lang.String)[39m
  [32m✔[39m [32m[1mAnd [22mAdmin adds capitalized income with [1m"AUTOPAY"[22m payment type to the loan on [1m"2 January 2024"[22m with [1m"150"[22m EUR transaction amount[39m                           [90m# org.apache.fineract.test.stepdef.loan.LoanStepDef.adminAddsCapitalizedIncomeToTheLoanOnWithEURTransactionAmount(java.lang.String,java.lang.String,java.lang.String)[39m
  [32m✔[39m [32m[1mWhen [22mAdmin sets the business date to [1m"3 January 2024"[22m[39m                                                                                                     [90m# org.apache.fineract.test.stepdef.common.BusinessDateStepDef.setBusinessDate(java.lang.String)[39m
  [32m✔[39m [32m[1mAnd [22mAdmin successfully disburse the loan on [1m"3 January 2024"[22m with [1m"250"[22m EUR transaction amount[39m                                                            [90m# org.apache.fineract.test.stepdef.loan.LoanStepDef.disburseLoan(java.lang.String,java.lang.String)[39m
  [32m✔[39m [32m[1mAnd [22mAdmin adds capitalized income with [1m"AUTOPAY"[22m payment type to the loan on [1m"3 January 2024"[22m with [1m"50"[22m EUR transaction amount[39m                            [90m# org.apache.fineract.test.stepdef.loan.LoanStepDef.adminAddsCapitalizedIncomeToTheLoanOnWithEURTransactionAmount(java.lang.String,java.lang.String,java.lang.String)[39m
  [32m✔[39m [32m[1mThen [22mLoan Repayment schedule has [1m6[22m periods, with the following data for periods:[39m                                                                          [90m# org.apache.fineract.test.stepdef.loan.LoanStepDef.loanRepaymentSchedulePeriodsCheck(int,io.cucumber.datatable.DataTable)[39m
      | Nr | Days | Date             | Paid date | Balance of loan | Principal due | Interest | Fees | Penalties | Due    | Paid | In advance | Late | Outstanding |
      |    |      | 01 January 2024  |           | 500.0           |               |          | 0.0  |           | 0.0    | 0.0  |            |      |             |
      |    |      | 02 January 2024  |           | 150.0           |               |          | 0.0  |           | 0.0    | 0.0  |            |      |             |
      |    |      | 03 January 2024  |           | 250.0           |               |          | 0.0  |           | 0.0    | 0.0  |            |      |             |
      |    |      | 03 January 2024  |           | 50.0            |               |          | 0.0  |           | 0.0    | 0.0  |            |      |             |
      | 1  | 31   | 01 February 2024 |           | 793.84          | 156.16        | 5.4      | 0.0  | 0.0       | 161.56 | 0.0  | 0.0        | 0.0  | 161.56      |
      | 2  | 29   | 01 March 2024    |           | 636.91          | 156.93        | 4.63     | 0.0  | 0.0       | 161.56 | 0.0  | 0.0        | 0.0  | 161.56      |
      | 3  | 31   | 01 April 2024    |           | 479.07          | 157.84        | 3.72     | 0.0  | 0.0       | 161.56 | 0.0  | 0.0        | 0.0  | 161.56      |
      | 4  | 30   | 01 May 2024      |           | 320.3           | 158.77        | 2.79     | 0.0  | 0.0       | 161.56 | 0.0  | 0.0        | 0.0  | 161.56      |
      | 5  | 31   | 01 June 2024     |           | 160.61          | 159.69        | 1.87     | 0.0  | 0.0       | 161.56 | 0.0  | 0.0        | 0.0  | 161.56      |
      | 6  | 30   | 01 July 2024     |           | 0.0             | 160.61        | 0.94     | 0.0  | 0.0       | 161.55 | 0.0  | 0.0        | 0.0  | 161.55      |
  [32m✔[39m [32m[1mAnd [22mLoan Repayment schedule has the following data in Total row:[39m                                                                                          [90m# org.apache.fineract.test.stepdef.loan.LoanStepDef.loanRepaymentScheduleAmountCheck(io.cucumber.datatable.DataTable)[39m
      | Principal due | Interest | Fees | Penalties | Due    | Paid | In advance | Late | Outstanding |
      | 950.0         | 19.35    | 0.0  | 0.0       | 969.35 | 0.0  | 0.0        | 0.0  | 969.35      |
  [32m✔[39m [32m[1mAnd [22mLoan Transactions tab has the following data:[39m                                                                                                         [90m# org.apache.fineract.test.stepdef.loan.LoanStepDef.loanTransactionsTabCheck(io.cucumber.datatable.DataTable)[39m
      | Transaction date | Transaction Type   | Amount | Principal | Interest | Fees | Penalties | Loan Balance | Reverted |
      | 01 January 2024  | Disbursement       | 500.0  | 0.0       | 0.0      | 0.0  | 0.0       | 500.0        | false    |
      | 02 January 2024  | Capitalized Income | 150.0  | 150.0     | 0.0      | 0.0  | 0.0       | 650.0        | false    |
      | 03 January 2024  | Disbursement       | 250.0  | 0.0       | 0.0      | 0.0  | 0.0       | 900.0        | false    |
      | 03 January 2024  | Capitalized Income | 50.0   | 50.0      | 0.0      | 0.0  | 0.0       | 950.0        | false    |
  [32m✔[39m [32m[1mAnd [22mLoan Transactions tab has a [1m"CAPITALIZED_INCOME"[22m transaction with date [1m"02 January 2024"[22m which has the following Journal entries:[39m                     [90m# org.apache.fineract.test.stepdef.common.JournalEntriesStepDef.journalEntryDataCheck(java.lang.String,java.lang.String,io.cucumber.datatable.DataTable)[39m
      | Type      | Account code | Account name                | Debit | Credit |
      | ASSET     | 112601       | Loans Receivable            | 150.0 |        |
      | LIABILITY | 145024       | Deferred Capitalized Income |       | 150.0  |
  [32m✔[39m [32m[1mThen [22mAdmin fails to disburse the loan on [1m"03 January 2024"[22m with [1m"100"[22m EUR transaction amount due to exceed approved amount[39m                                [90m# org.apache.fineract.test.stepdef.loan.LoanStepDef.disbursementForbiddenExceedApprovedAmount(java.lang.String,java.lang.String)[39m
  [32m✔[39m [32m[1mThen [22mCapitalized income with payment type [1m"AUTOPAY"[22m on [1m"03 January 2024"[22m is forbidden with amount [1m"100"[22m while exceed approved amount[39m                      [90m# org.apache.fineract.test.stepdef.loan.LoanStepDef.capitalizedIncomeForbiddenExceedApprovedAmount(java.lang.String,java.lang.String,java.lang.String)[39m
  [32m✔[39m [32m[1mAnd [22mAdmin sets the business date to [1m"4 January 2024"[22m[39m                                                                                                      [90m# org.apache.fineract.test.stepdef.common.BusinessDateStepDef.setBusinessDate(java.lang.String)[39m
  [32m✔[39m [32m[1mWhen [22mAdmin successfully undo last disbursal[39m                                                                                                               [90m# org.apache.fineract.test.stepdef.loan.LoanStepDef.undoLastDisbursal()[39m
  [32m✔[39m [32m[1mAnd [22mLoan Transactions tab has the following data:[39m                                                                                                         [90m# org.apache.fineract.test.stepdef.loan.LoanStepDef.loanTransactionsTabCheck(io.cucumber.datatable.DataTable)[39m
      | Transaction date | Transaction Type   | Amount | Principal | Interest | Fees | Penalties | Loan Balance | Reverted |
      | 01 January 2024  | Disbursement       | 500.0  | 0.0       | 0.0      | 0.0  | 0.0       | 500.0        | false    |
      | 02 January 2024  | Capitalized Income | 150.0  | 150.0     | 0.0      | 0.0  | 0.0       | 650.0        | false    |
      | 03 January 2024  | Capitalized Income | 50.0   | 50.0      | 0.0      | 0.0  | 0.0       | 700.0        | false    |
  [32m✔[39m [32m[1mAnd [22mAdmin successfully disburse the loan on [1m"4 January 2024"[22m with [1m"100"[22m EUR transaction amount[39m                                                            [90m# org.apache.fineract.test.stepdef.loan.LoanStepDef.disburseLoan(java.lang.String,java.lang.String)[39m
  [32m✔[39m [32m[1mAnd [22mAdmin adds capitalized income with [1m"AUTOPAY"[22m payment type to the loan on [1m"4 January 2024"[22m with [1m"100"[22m EUR transaction amount[39m                           [90m# org.apache.fineract.test.stepdef.loan.LoanStepDef.adminAddsCapitalizedIncomeToTheLoanOnWithEURTransactionAmount(java.lang.String,java.lang.String,java.lang.String)[39m
  [32m✔[39m [32m[1mThen [22mLoan Repayment schedule has [1m6[22m periods, with the following data for periods:[39m                                                                          [90m# org.apache.fineract.test.stepdef.loan.LoanStepDef.loanRepaymentSchedulePeriodsCheck(int,io.cucumber.datatable.DataTable)[39m
      | Nr | Days | Date             | Paid date | Balance of loan | Principal due | Interest | Fees | Penalties | Due    | Paid | In advance | Late | Outstanding |
      |    |      | 01 January 2024  |           | 500.0           |               |          | 0.0  |           | 0.0    | 0.0  |            |      |             |
      |    |      | 02 January 2024  |           | 150.0           |               |          | 0.0  |           | 0.0    | 0.0  |            |      |             |
      |    |      | 03 January 2024  |           | 50.0            |               |          | 0.0  |           | 0.0    | 0.0  |            |      |             |
      |    |      | 04 January 2024  |           | 100.0           |               |          | 0.0  |           | 0.0    | 0.0  |            |      |             |
      |    |      | 04 January 2024  |           | 100.0           |               |          | 0.0  |           | 0.0    | 0.0  |            |      |             |
      | 1  | 31   | 01 February 2024 |           | 752.04          | 147.96        | 5.09     | 0.0  | 0.0       | 153.05 | 0.0  | 0.0        | 0.0  | 153.05      |
      | 2  | 29   | 01 March 2024    |           | 603.38          | 148.66        | 4.39     | 0.0  | 0.0       | 153.05 | 0.0  | 0.0        | 0.0  | 153.05      |
      | 3  | 31   | 01 April 2024    |           | 453.85          | 149.53        | 3.52     | 0.0  | 0.0       | 153.05 | 0.0  | 0.0        | 0.0  | 153.05      |
      | 4  | 30   | 01 May 2024      |           | 303.45          | 150.4         | 2.65     | 0.0  | 0.0       | 153.05 | 0.0  | 0.0        | 0.0  | 153.05      |
      | 5  | 31   | 01 June 2024     |           | 152.17          | 151.28        | 1.77     | 0.0  | 0.0       | 153.05 | 0.0  | 0.0        | 0.0  | 153.05      |
      | 6  | 30   | 01 July 2024     |           | 0.0             | 152.17        | 0.89     | 0.0  | 0.0       | 153.06 | 0.0  | 0.0        | 0.0  | 153.06      |
  [32m✔[39m [32m[1mAnd [22mLoan Repayment schedule has the following data in Total row:[39m                                                                                          [90m# org.apache.fineract.test.stepdef.loan.LoanStepDef.loanRepaymentScheduleAmountCheck(io.cucumber.datatable.DataTable)[39m
      | Principal due | Interest | Fees | Penalties | Due    | Paid | In advance | Late | Outstanding |
      | 900.0         | 18.31    | 0.0  | 0.0       | 918.31 | 0.0  | 0.0        | 0.0  | 918.31      |
  [32m✔[39m [32m[1mAnd [22mLoan Transactions tab has the following data:[39m                                                                                                         [90m# org.apache.fineract.test.stepdef.loan.LoanStepDef.loanTransactionsTabCheck(io.cucumber.datatable.DataTable)[39m
      | Transaction date | Transaction Type   | Amount | Principal | Interest | Fees | Penalties | Loan Balance | Reverted |
      | 01 January 2024  | Disbursement       | 500.0  | 0.0       | 0.0      | 0.0  | 0.0       | 500.0        | false    |
      | 02 January 2024  | Capitalized Income | 150.0  | 150.0     | 0.0      | 0.0  | 0.0       | 650.0        | false    |
      | 03 January 2024  | Capitalized Income | 50.0   | 50.0      | 0.0      | 0.0  | 0.0       | 700.0        | false    |
      | 04 January 2024  | Disbursement       | 100.0  | 0.0       | 0.0      | 0.0  | 0.0       | 800.0        | false    |
      | 04 January 2024  | Capitalized Income | 100.0  | 100.0     | 0.0      | 0.0  | 0.0       | 900.0        | false    |
  [32m✔[39m [32m[1mThen [22mAdmin fails to disburse the loan on [1m"04 January 2024"[22m with [1m"200"[22m EUR transaction amount due to exceed approved amount[39m                                [90m# org.apache.fineract.test.stepdef.loan.LoanStepDef.disbursementForbiddenExceedApprovedAmount(java.lang.String,java.lang.String)[39m
  [32m✔[39m [32m[1mThen [22mCapitalized income with payment type [1m"AUTOPAY"[22m on [1m"04 January 2024"[22m is forbidden with amount [1m"200"[22m while exceed approved amount[39m                      [90m# org.apache.fineract.test.stepdef.loan.LoanStepDef.capitalizedIncomeForbiddenExceedApprovedAmount(java.lang.String,java.lang.String,java.lang.String)[39m
  [32m✔[39m [32m[1mWhen [22mLoan Pay-off is made on [1m"04 January 2024"[22m[39m                                                                                                            [90m# org.apache.fineract.test.stepdef.loan.LoanRepaymentStepDef.makeLoanPayOff(java.lang.String)[39m
  [32m✔[39m [32m[1mThen [22mLoan is closed with zero outstanding balance and it's all installments have obligations met[39m                                                          [90m# org.apache.fineract.test.stepdef.loan.LoanStepDef.loanClosedAndInstallmentsObligationsMet()[39m

@CapitalizedIncomeFeature @TestRailId:C3723
[1mScenario:[22m Verify capitalized income with disbursement amount calculation within approved amount for multidisbursal loan with undo capitalized income - UC10 [90m# fineract-e2e-tests-runner/src/test/resources/features/LoanCapitalizedIncome-Part1.feature:391[39m
  [32m✔[39m [32m[1mWhen [22mAdmin sets the business date to [1m"1 January 2024"[22m[39m                                                                                                   [90m# org.apache.fineract.test.stepdef.common.BusinessDateStepDef.setBusinessDate(java.lang.String)[39m
  [32m✔[39m [32m[1mAnd [22mAdmin creates a client with random data[39m                                                                                                             [90m# org.apache.fineract.test.stepdef.common.ClientStepDef.createClientRandomFirstNameLastName()[39m
  [32m✔[39m [32m[1mAnd [22mAdmin creates a fully customized loan with the following data:[39m                                                                                      [90m# org.apache.fineract.test.stepdef.loan.LoanStepDef.createFullyCustomizedLoan(io.cucumber.datatable.DataTable)[39m
      | LoanProduct                                                                                     | submitted on date | with Principal | ANNUAL interest rate % | interest type     | interest calculation period | amortization type  | loanTermFrequency | loanTermFrequencyType | repaymentEvery | repaymentFrequencyType | numberOfRepayments | graceOnPrincipalPayment | graceOnInterestPayment | interest free period | Payment strategy            |
      | LP2_ADV_PYMNT_INTEREST_DAILY_EMI_360_30_INTEREST_RECALC_DAILY_MULTIDISBURSAL_CAPITALIZED_INCOME | 01 January 2024   | 1000           | 7                      | DECLINING_BALANCE | DAILY                       | EQUAL_INSTALLMENTS | 6                 | MONTHS                | 1              | MONTHS                 | 6                  | 0                       | 0                      | 0                    | ADVANCED_PAYMENT_ALLOCATION |
  [32m✔[39m [32m[1mAnd [22mAdmin successfully approves the loan on [1m"1 January 2024"[22m with [1m"1000"[22m amount and expected disbursement date on [1m"1 January 2024"[22m[39m                      [90m# org.apache.fineract.test.stepdef.loan.LoanStepDef.approveLoan(java.lang.String,java.lang.String,java.lang.String)[39m
  [32m✔[39m [32m[1mAnd [22mAdmin successfully disburse the loan on [1m"1 January 2024"[22m with [1m"500"[22m EUR transaction amount[39m                                                          [90m# org.apache.fineract.test.stepdef.loan.LoanStepDef.disburseLoan(java.lang.String,java.lang.String)[39m
  [32m✔[39m [32m[1mThen [22mLoan status will be [1m"ACTIVE"[22m[39m                                                                                                                       [90m# org.apache.fineract.test.stepdef.loan.LoanStepDef.loanStatus(java.lang.String)[39m
  [32m✔[39m [32m[1mWhen [22mAdmin sets the business date to [1m"2 January 2024"[22m[39m                                                                                                   [90m# org.apache.fineract.test.stepdef.common.BusinessDateStepDef.setBusinessDate(java.lang.String)[39m
  [32m✔[39m [32m[1mAnd [22mAdmin adds capitalized income with [1m"AUTOPAY"[22m payment type to the loan on [1m"2 January 2024"[22m with [1m"150"[22m EUR transaction amount[39m                         [90m# org.apache.fineract.test.stepdef.loan.LoanStepDef.adminAddsCapitalizedIncomeToTheLoanOnWithEURTransactionAmount(java.lang.String,java.lang.String,java.lang.String)[39m
  [32m✔[39m [32m[1mWhen [22mAdmin sets the business date to [1m"3 January 2024"[22m[39m                                                                                                   [90m# org.apache.fineract.test.stepdef.common.BusinessDateStepDef.setBusinessDate(java.lang.String)[39m
  [32m✔[39m [32m[1mAnd [22mAdmin successfully disburse the loan on [1m"3 January 2024"[22m with [1m"250"[22m EUR transaction amount[39m                                                          [90m# org.apache.fineract.test.stepdef.loan.LoanStepDef.disburseLoan(java.lang.String,java.lang.String)[39m
  [32m✔[39m [32m[1mThen [22mLoan Repayment schedule has [1m6[22m periods, with the following data for periods:[39m                                                                        [90m# org.apache.fineract.test.stepdef.loan.LoanStepDef.loanRepaymentSchedulePeriodsCheck(int,io.cucumber.datatable.DataTable)[39m
      | Nr | Days | Date             | Paid date | Balance of loan | Principal due | Interest | Fees | Penalties | Due    | Paid | In advance | Late | Outstanding |
      |    |      | 01 January 2024  |           | 500.0           |               |          | 0.0  |           | 0.0    | 0.0  |            |      |             |
      |    |      | 02 January 2024  |           | 150.0           |               |          | 0.0  |           | 0.0    | 0.0  |            |      |             |
      |    |      | 03 January 2024  |           | 250.0           |               |          | 0.0  |           | 0.0    | 0.0  |            |      |             |
      | 1  | 31   | 01 February 2024 |           | 752.07          | 147.93        | 5.13     | 0.0  | 0.0       | 153.06 | 0.0  | 0.0        | 0.0  | 153.06      |
      | 2  | 29   | 01 March 2024    |           | 603.4           | 148.67        | 4.39     | 0.0  | 0.0       | 153.06 | 0.0  | 0.0        | 0.0  | 153.06      |
      | 3  | 31   | 01 April 2024    |           | 453.86          | 149.54        | 3.52     | 0.0  | 0.0       | 153.06 | 0.0  | 0.0        | 0.0  | 153.06      |
      | 4  | 30   | 01 May 2024      |           | 303.45          | 150.41        | 2.65     | 0.0  | 0.0       | 153.06 | 0.0  | 0.0        | 0.0  | 153.06      |
      | 5  | 31   | 01 June 2024     |           | 152.16          | 151.29        | 1.77     | 0.0  | 0.0       | 153.06 | 0.0  | 0.0        | 0.0  | 153.06      |
      | 6  | 30   | 01 July 2024     |           | 0.0             | 152.16        | 0.89     | 0.0  | 0.0       | 153.05 | 0.0  | 0.0        | 0.0  | 153.05      |
  [32m✔[39m [32m[1mAnd [22mLoan Repayment schedule has the following data in Total row:[39m                                                                                        [90m# org.apache.fineract.test.stepdef.loan.LoanStepDef.loanRepaymentScheduleAmountCheck(io.cucumber.datatable.DataTable)[39m
      | Principal due | Interest | Fees | Penalties | Due    | Paid | In advance | Late | Outstanding |
      | 900.0         | 18.35    | 0.0  | 0.0       | 918.35 | 0.0  | 0.0        | 0.0  | 918.35      |
  [32m✔[39m [32m[1mAnd [22mLoan Transactions tab has the following data:[39m                                                                                                       [90m# org.apache.fineract.test.stepdef.loan.LoanStepDef.loanTransactionsTabCheck(io.cucumber.datatable.DataTable)[39m
      | Transaction date | Transaction Type   | Amount | Principal | Interest | Fees | Penalties | Loan Balance | Reverted |
      | 01 January 2024  | Disbursement       | 500.0  | 0.0       | 0.0      | 0.0  | 0.0       | 500.0        | false    |
      | 02 January 2024  | Capitalized Income | 150.0  | 150.0     | 0.0      | 0.0  | 0.0       | 650.0        | false    |
      | 03 January 2024  | Disbursement       | 250.0  | 0.0       | 0.0      | 0.0  | 0.0       | 900.0        | false    |
  [32m✔[39m [32m[1mAnd [22mLoan Transactions tab has a [1m"CAPITALIZED_INCOME"[22m transaction with date [1m"02 January 2024"[22m which has the following Journal entries:[39m                   [90m# org.apache.fineract.test.stepdef.common.JournalEntriesStepDef.journalEntryDataCheck(java.lang.String,java.lang.String,io.cucumber.datatable.DataTable)[39m
      | Type      | Account code | Account name                | Debit | Credit |
      | ASSET     | 112601       | Loans Receivable            | 150.0 |        |
      | LIABILITY | 145024       | Deferred Capitalized Income |       | 150.0  |
  [32m✔[39m [32m[1mAnd [22mDeferred Capitalized Income by external-id contains the following data:[39m                                                                             [90m# org.apache.fineract.test.stepdef.loan.LoanCapitalizedIncomeStepDef.verifyDeferredCapitalizedIncomeByExternalId(io.cucumber.datatable.DataTable)[39m
      | Amount | Amortized Amount | Unrecognized Amount | Adjusted Amount | Charged Off Amount |
      | 150.0  | 0.0              | 150.0               | 0.0             | 0.0                |
  [32m✔[39m [32m[1mThen [22mAdmin fails to disburse the loan on [1m"02 January 2024"[22m with [1m"200"[22m EUR transaction amount due to exceed approved amount[39m                              [90m# org.apache.fineract.test.stepdef.loan.LoanStepDef.disbursementForbiddenExceedApprovedAmount(java.lang.String,java.lang.String)[39m
  [32m✔[39m [32m[1mThen [22mCapitalized income with payment type [1m"AUTOPAY"[22m on [1m"02 January 2024"[22m is forbidden with amount [1m"200"[22m while exceed approved amount[39m                    [90m# org.apache.fineract.test.stepdef.loan.LoanStepDef.capitalizedIncomeForbiddenExceedApprovedAmount(java.lang.String,java.lang.String,java.lang.String)[39m
  [32m✔[39m [32m[1mAnd [22mAdmin sets the business date to [1m"4 January 2024"[22m[39m                                                                                                    [90m# org.apache.fineract.test.stepdef.common.BusinessDateStepDef.setBusinessDate(java.lang.String)[39m
  [32m✔[39m [32m[1mWhen [22mAdmin successfully undo last disbursal[39m                                                                                                             [90m# org.apache.fineract.test.stepdef.loan.LoanStepDef.undoLastDisbursal()[39m
  [32m✔[39m [32m[1mWhen [22mCustomer undo [1m"1"[22mth [1m"Capitalized Income"[22m transaction made on [1m"02 January 2024"[22m[39m                                                                     [90m# org.apache.fineract.test.stepdef.loan.LoanRepaymentStepDef.undoNthTransactionType(java.lang.String,java.lang.String,java.lang.String)[39m
  [32m✔[39m [32m[1mAnd [22mAdmin successfully disburse the loan on [1m"4 January 2024"[22m with [1m"200"[22m EUR transaction amount[39m                                                          [90m# org.apache.fineract.test.stepdef.loan.LoanStepDef.disburseLoan(java.lang.String,java.lang.String)[39m
  [32m✔[39m [32m[1mAnd [22mAdmin adds capitalized income with [1m"AUTOPAY"[22m payment type to the loan on [1m"4 January 2024"[22m with [1m"200"[22m EUR transaction amount[39m                         [90m# org.apache.fineract.test.stepdef.loan.LoanStepDef.adminAddsCapitalizedIncomeToTheLoanOnWithEURTransactionAmount(java.lang.String,java.lang.String,java.lang.String)[39m
  [32m✔[39m [32m[1mThen [22mLoan Repayment schedule has [1m6[22m periods, with the following data for periods:[39m                                                                        [90m# org.apache.fineract.test.stepdef.loan.LoanStepDef.loanRepaymentSchedulePeriodsCheck(int,io.cucumber.datatable.DataTable)[39m
      | Nr | Days | Date             | Paid date | Balance of loan | Principal due | Interest | Fees | Penalties | Due    | Paid | In advance | Late | Outstanding |
      |    |      | 01 January 2024  |           | 500.0           |               |          | 0.0  |           | 0.0    | 0.0  |            |      |             |
      |    |      | 04 January 2024  |           | 200.0           |               |          | 0.0  |           | 0.0    | 0.0  |            |      |             |
      |    |      | 04 January 2024  |           | 200.0           |               |          | 0.0  |           | 0.0    | 0.0  |            |      |             |
      | 1  | 31   | 01 February 2024 |           | 751.98          | 148.02        | 5.02     | 0.0  | 0.0       | 153.04 | 0.0  | 0.0        | 0.0  | 153.04      |
      | 2  | 29   | 01 March 2024    |           | 603.33          | 148.65        | 4.39     | 0.0  | 0.0       | 153.04 | 0.0  | 0.0        | 0.0  | 153.04      |
      | 3  | 31   | 01 April 2024    |           | 453.81          | 149.52        | 3.52     | 0.0  | 0.0       | 153.04 | 0.0  | 0.0        | 0.0  | 153.04      |
      | 4  | 30   | 01 May 2024      |           | 303.42          | 150.39        | 2.65     | 0.0  | 0.0       | 153.04 | 0.0  | 0.0        | 0.0  | 153.04      |
      | 5  | 31   | 01 June 2024     |           | 152.15          | 151.27        | 1.77     | 0.0  | 0.0       | 153.04 | 0.0  | 0.0        | 0.0  | 153.04      |
      | 6  | 30   | 01 July 2024     |           | 0.0             | 152.15        | 0.89     | 0.0  | 0.0       | 153.04 | 0.0  | 0.0        | 0.0  | 153.04      |
  [32m✔[39m [32m[1mAnd [22mLoan Repayment schedule has the following data in Total row:[39m                                                                                        [90m# org.apache.fineract.test.stepdef.loan.LoanStepDef.loanRepaymentScheduleAmountCheck(io.cucumber.datatable.DataTable)[39m
      | Principal due | Interest | Fees | Penalties | Due    | Paid | In advance | Late | Outstanding |
      | 900.0         | 18.24    | 0.0  | 0.0       | 918.24 | 0.0  | 0.0        | 0.0  | 918.24      |
  [32m✔[39m [32m[1mAnd [22mLoan Transactions tab has the following data:[39m                                                                                                       [90m# org.apache.fineract.test.stepdef.loan.LoanStepDef.loanTransactionsTabCheck(io.cucumber.datatable.DataTable)[39m
      | Transaction date | Transaction Type   | Amount | Principal | Interest | Fees | Penalties | Loan Balance | Reverted | Reverted |
      | 01 January 2024  | Disbursement       | 500.0  | 0.0       | 0.0      | 0.0  | 0.0       | 500.0        | false    | false    |
      | 02 January 2024  | Capitalized Income | 150.0  | 150.0     | 0.0      | 0.0  | 0.0       | 650.0        | true     | true     |
      | 04 January 2024  | Disbursement       | 200.0  | 0.0       | 0.0      | 0.0  | 0.0       | 700.0        | false    | false    |
      | 04 January 2024  | Capitalized Income | 200.0  | 200.0     | 0.0      | 0.0  | 0.0       | 900.0        | false    | false    |
  [32m✔[39m [32m[1mAnd [22mDeferred Capitalized Income by external-id contains the following data:[39m                                                                             [90m# org.apache.fineract.test.stepdef.loan.LoanCapitalizedIncomeStepDef.verifyDeferredCapitalizedIncomeByExternalId(io.cucumber.datatable.DataTable)[39m
      | Amount | Amortized Amount | Unrecognized Amount | Adjusted Amount | Charged Off Amount |
      | 200.0  | 0.0              | 200.0               | 0.0             | 0.0                |
  [32m✔[39m [32m[1mThen [22mAdmin fails to disburse the loan on [1m"04 January 2024"[22m with [1m"300"[22m EUR transaction amount due to exceed approved amount[39m                              [90m# org.apache.fineract.test.stepdef.loan.LoanStepDef.disbursementForbiddenExceedApprovedAmount(java.lang.String,java.lang.String)[39m
  [32m✔[39m [32m[1mThen [22mCapitalized income with payment type [1m"AUTOPAY"[22m on [1m"04 January 2024"[22m is forbidden with amount [1m"300"[22m while exceed approved amount[39m                    [90m# org.apache.fineract.test.stepdef.loan.LoanStepDef.capitalizedIncomeForbiddenExceedApprovedAmount(java.lang.String,java.lang.String,java.lang.String)[39m
  [32m✔[39m [32m[1mWhen [22mLoan Pay-off is made on [1m"04 January 2024"[22m[39m                                                                                                          [90m# org.apache.fineract.test.stepdef.loan.LoanRepaymentStepDef.makeLoanPayOff(java.lang.String)[39m
  [32m✔[39m [32m[1mThen [22mLoan is closed with zero outstanding balance and it's all installments have obligations met[39m                                                        [90m# org.apache.fineract.test.stepdef.loan.LoanStepDef.loanClosedAndInstallmentsObligationsMet()[39m

@CapitalizedIncomeFeature @TestRailId:C3730
[1mScenario:[22m Verify capitalized income amount with disbursement amount calculation within approved over applied amount with percentage type for multidisbursal loan - UC11            [90m# fineract-e2e-tests-runner/src/test/resources/features/LoanCapitalizedIncome-Part1.feature:469[39m
  [32m✔[39m [32m[1mWhen [22mAdmin sets the business date to [1m"1 January 2024"[22m[39m                                                                                                                          [90m# org.apache.fineract.test.stepdef.common.BusinessDateStepDef.setBusinessDate(java.lang.String)[39m
  [32m✔[39m [32m[1mAnd [22mAdmin creates a client with random data[39m                                                                                                                                    [90m# org.apache.fineract.test.stepdef.common.ClientStepDef.createClientRandomFirstNameLastName()[39m
  [32m✔[39m [32m[1mAnd [22mAdmin creates a fully customized loan with the following data:[39m                                                                                                             [90m# org.apache.fineract.test.stepdef.loan.LoanStepDef.createFullyCustomizedLoan(io.cucumber.datatable.DataTable)[39m
      | LoanProduct                                                                                         | submitted on date | with Principal | ANNUAL interest rate % | interest type     | interest calculation period | amortization type  | loanTermFrequency | loanTermFrequencyType | repaymentEvery | repaymentFrequencyType | numberOfRepayments | graceOnPrincipalPayment | graceOnInterestPayment | interest free period | Payment strategy            |
      | LP2_ADV_PYMNT_INTEREST_DAILY_RECALC_EMI_360_30_MULTIDISB_OVER_APPLIED_PERCENTAGE_CAPITALIZED_INCOME | 01 January 2024   | 1000           | 7                      | DECLINING_BALANCE | DAILY                       | EQUAL_INSTALLMENTS | 6                 | MONTHS                | 1              | MONTHS                 | 6                  | 0                       | 0                      | 0                    | ADVANCED_PAYMENT_ALLOCATION |
  [32m✔[39m [32m[1mAnd [22mAdmin successfully approves the loan on [1m"1 January 2024"[22m with [1m"1500"[22m amount and expected disbursement date on [1m"1 January 2024"[22m[39m                                             [90m# org.apache.fineract.test.stepdef.loan.LoanStepDef.approveLoan(java.lang.String,java.lang.String,java.lang.String)[39m
  [32m✔[39m [32m[1mAnd [22mAdmin successfully disburse the loan on [1m"1 January 2024"[22m with [1m"1000"[22m EUR transaction amount[39m                                                                                [90m# org.apache.fineract.test.stepdef.loan.LoanStepDef.disburseLoan(java.lang.String,java.lang.String)[39m
  [32m✔[39m [32m[1mThen [22mLoan status will be [1m"ACTIVE"[22m[39m                                                                                                                                              [90m# org.apache.fineract.test.stepdef.loan.LoanStepDef.loanStatus(java.lang.String)[39m
  [32m✔[39m [32m[1mWhen [22mAdmin sets the business date to [1m"2 January 2024"[22m[39m                                                                                                                          [90m# org.apache.fineract.test.stepdef.common.BusinessDateStepDef.setBusinessDate(java.lang.String)[39m
  [32m✔[39m [32m[1mAnd [22mAdmin adds capitalized income with [1m"AUTOPAY"[22m payment type to the loan on [1m"2 January 2024"[22m with [1m"200"[22m EUR transaction amount[39m                                                [90m# org.apache.fineract.test.stepdef.loan.LoanStepDef.adminAddsCapitalizedIncomeToTheLoanOnWithEURTransactionAmount(java.lang.String,java.lang.String,java.lang.String)[39m
  [32m✔[39m [32m[1mAnd [22mAdmin successfully disburse the loan on [1m"2 January 2024"[22m with [1m"200"[22m EUR transaction amount[39m                                                                                 [90m# org.apache.fineract.test.stepdef.loan.LoanStepDef.disburseLoan(java.lang.String,java.lang.String)[39m
  [32m✔[39m [32m[1mThen [22mLoan Repayment schedule has [1m6[22m periods, with the following data for periods:[39m                                                                                               [90m# org.apache.fineract.test.stepdef.loan.LoanStepDef.loanRepaymentSchedulePeriodsCheck(int,io.cucumber.datatable.DataTable)[39m
      | Nr | Days | Date             | Paid date | Balance of loan | Principal due | Interest | Fees | Penalties | Due    | Paid | In advance | Late | Outstanding |
      |    |      | 01 January 2024  |           | 1000.0          |               |          | 0.0  |           | 0.0    | 0.0  |            |      |             |
      |    |      | 02 January 2024  |           | 200.0           |               |          | 0.0  |           | 0.0    | 0.0  |            |      |             |
      |    |      | 02 January 2024  |           | 200.0           |               |          | 0.0  |           | 0.0    | 0.0  |            |      |             |
      | 1  | 31   | 01 February 2024 |           | 1169.98         | 230.02        | 8.09     | 0.0  | 0.0       | 238.11 | 0.0  | 0.0        | 0.0  | 238.11      |
      | 2  | 29   | 01 March 2024    |           | 938.69          | 231.29        | 6.82     | 0.0  | 0.0       | 238.11 | 0.0  | 0.0        | 0.0  | 238.11      |
      | 3  | 31   | 01 April 2024    |           | 706.06          | 232.63        | 5.48     | 0.0  | 0.0       | 238.11 | 0.0  | 0.0        | 0.0  | 238.11      |
      | 4  | 30   | 01 May 2024      |           | 472.07          | 233.99        | 4.12     | 0.0  | 0.0       | 238.11 | 0.0  | 0.0        | 0.0  | 238.11      |
      | 5  | 31   | 01 June 2024     |           | 236.71          | 235.36        | 2.75     | 0.0  | 0.0       | 238.11 | 0.0  | 0.0        | 0.0  | 238.11      |
      | 6  | 30   | 01 July 2024     |           | 0.0             | 236.71        | 1.38     | 0.0  | 0.0       | 238.09 | 0.0  | 0.0        | 0.0  | 238.09      |
  [32m✔[39m [32m[1mAnd [22mLoan Repayment schedule has the following data in Total row:[39m                                                                                                               [90m# org.apache.fineract.test.stepdef.loan.LoanStepDef.loanRepaymentScheduleAmountCheck(io.cucumber.datatable.DataTable)[39m
      | Principal due | Interest | Fees | Penalties | Due     | Paid | In advance | Late | Outstanding |
      | 1400.0        | 28.64    | 0.0  | 0.0       | 1428.64 | 0.0  | 0.0        | 0.0  | 1428.64     |
  [32m✔[39m [32m[1mAnd [22mLoan Transactions tab has the following data:[39m                                                                                                                              [90m# org.apache.fineract.test.stepdef.loan.LoanStepDef.loanTransactionsTabCheck(io.cucumber.datatable.DataTable)[39m
      | Transaction date | Transaction Type   | Amount | Principal | Interest | Fees | Penalties | Loan Balance | Reverted |
      | 01 January 2024  | Disbursement       | 1000.0 | 0.0       | 0.0      | 0.0  | 0.0       | 1000.0       | false    |
      | 02 January 2024  | Capitalized Income | 200.0  | 200.0     | 0.0      | 0.0  | 0.0       | 1200.0       | false    |
      | 02 January 2024  | Disbursement       | 200.0  | 0.0       | 0.0      | 0.0  | 0.0       | 1400.0       | false    |
  [32m✔[39m [32m[1mAnd [22mLoan Transactions tab has a [1m"CAPITALIZED_INCOME"[22m transaction with date [1m"02 January 2024"[22m which has the following Journal entries:[39m                                          [90m# org.apache.fineract.test.stepdef.common.JournalEntriesStepDef.journalEntryDataCheck(java.lang.String,java.lang.String,io.cucumber.datatable.DataTable)[39m
      | Type      | Account code | Account name                | Debit | Credit |
      | ASSET     | 112601       | Loans Receivable            | 200.0 |        |
      | LIABILITY | 145024       | Deferred Capitalized Income |       | 200.0  |
  [32m✔[39m [32m[1mThen [22mAdmin fails to disburse the loan on [1m"02 January 2024"[22m with [1m"200"[22m EUR trn amount with total disb amount [1m"1400"[22m and max disb amount [1m"1500"[22m due to exceed max applied amount[39m [90m# org.apache.fineract.test.stepdef.loan.LoanStepDef.disbursementForbiddenExceedMaxAppliedAmount(java.lang.String,java.lang.String,java.lang.String,java.lang.String)[39m
  [32m✔[39m [32m[1mThen [22mCapitalized income with payment type [1m"AUTOPAY"[22m on [1m"02 January 2024"[22m is forbidden with amount [1m"200"[22m while exceed approved amount[39m                                           [90m# org.apache.fineract.test.stepdef.loan.LoanStepDef.capitalizedIncomeForbiddenExceedApprovedAmount(java.lang.String,java.lang.String,java.lang.String)[39m
  [32m✔[39m [32m[1mWhen [22mAdmin successfully undo disbursal[39m                                                                                                                                         [90m# org.apache.fineract.test.stepdef.loan.LoanStepDef.undoDisbursal()[39m
  [32m✔[39m [32m[1mThen [22mLoan status will be [1m"APPROVED"[22m[39m                                                                                                                                            [90m# org.apache.fineract.test.stepdef.loan.LoanStepDef.loanStatus(java.lang.String)[39m
  [32m✔[39m [32m[1mWhen [22mAdmin sets the business date to [1m"3 January 2024"[22m[39m                                                                                                                          [90m# org.apache.fineract.test.stepdef.common.BusinessDateStepDef.setBusinessDate(java.lang.String)[39m
  [32m✔[39m [32m[1mAnd [22mAdmin successfully disburse the loan on [1m"3 January 2024"[22m with [1m"1000"[22m EUR transaction amount[39m                                                                                [90m# org.apache.fineract.test.stepdef.loan.LoanStepDef.disburseLoan(java.lang.String,java.lang.String)[39m
  [32m✔[39m [32m[1mAnd [22mAdmin sets the business date to [1m"4 January 2024"[22m[39m                                                                                                                           [90m# org.apache.fineract.test.stepdef.common.BusinessDateStepDef.setBusinessDate(java.lang.String)[39m
  [32m✔[39m [32m[1mAnd [22mAdmin adds capitalized income with [1m"AUTOPAY"[22m payment type to the loan on [1m"4 January 2024"[22m with [1m"500"[22m EUR transaction amount[39m                                                [90m# org.apache.fineract.test.stepdef.loan.LoanStepDef.adminAddsCapitalizedIncomeToTheLoanOnWithEURTransactionAmount(java.lang.String,java.lang.String,java.lang.String)[39m
  [32m✔[39m [32m[1mThen [22mLoan Repayment schedule has [1m6[22m periods, with the following data for periods:[39m                                                                                               [90m# org.apache.fineract.test.stepdef.loan.LoanStepDef.loanRepaymentSchedulePeriodsCheck(int,io.cucumber.datatable.DataTable)[39m
      | Nr | Days | Date             | Paid date | Balance of loan | Principal due | Interest | Fees | Penalties | Due    | Paid | In advance | Late | Outstanding |
      |    |      | 03 January 2024  |           | 1000.0          |               |          | 0.0  |           | 0.0    | 0.0  |            |      |             |
      |    |      | 04 January 2024  |           | 500.0           |               |          | 0.0  |           | 0.0    | 0.0  |            |      |             |
      | 1  | 31   | 03 February 2024 |           | 1253.55         | 246.45        | 8.66     | 0.0  | 0.0       | 255.11 | 0.0  | 0.0        | 0.0  | 255.11      |
      | 2  | 29   | 03 March 2024    |           | 1005.75         | 247.8         | 7.31     | 0.0  | 0.0       | 255.11 | 0.0  | 0.0        | 0.0  | 255.11      |
      | 3  | 31   | 03 April 2024    |           | 756.51          | 249.24        | 5.87     | 0.0  | 0.0       | 255.11 | 0.0  | 0.0        | 0.0  | 255.11      |
      | 4  | 30   | 03 May 2024      |           | 505.81          | 250.7         | 4.41     | 0.0  | 0.0       | 255.11 | 0.0  | 0.0        | 0.0  | 255.11      |
      | 5  | 31   | 03 June 2024     |           | 253.65          | 252.16        | 2.95     | 0.0  | 0.0       | 255.11 | 0.0  | 0.0        | 0.0  | 255.11      |
      | 6  | 30   | 03 July 2024     |           | 0.0             | 253.65        | 1.48     | 0.0  | 0.0       | 255.13 | 0.0  | 0.0        | 0.0  | 255.13      |
  [32m✔[39m [32m[1mAnd [22mLoan Repayment schedule has the following data in Total row:[39m                                                                                                               [90m# org.apache.fineract.test.stepdef.loan.LoanStepDef.loanRepaymentScheduleAmountCheck(io.cucumber.datatable.DataTable)[39m
      | Principal due | Interest | Fees | Penalties | Due     | Paid | In advance | Late | Outstanding |
      | 1500.0        | 30.68    | 0.0  | 0.0       | 1530.68 | 0.0  | 0.0        | 0.0  | 1530.68     |
  [32m✔[39m [32m[1mAnd [22mLoan Transactions tab has the following data:[39m                                                                                                                              [90m# org.apache.fineract.test.stepdef.loan.LoanStepDef.loanTransactionsTabCheck(io.cucumber.datatable.DataTable)[39m
      | Transaction date | Transaction Type   | Amount | Principal | Interest | Fees | Penalties | Loan Balance | Reverted |
      | 03 January 2024  | Disbursement       | 1000.0 | 0.0       | 0.0      | 0.0  | 0.0       | 1000.0       | false    |
      | 04 January 2024  | Capitalized Income | 500.0  | 500.0     | 0.0      | 0.0  | 0.0       | 1500.0       | false    |
  [32m✔[39m [32m[1mThen [22mAdmin fails to disburse the loan on [1m"04 January 2024"[22m with [1m"100"[22m EUR trn amount with total disb amount [1m"1100"[22m and max disb amount [1m"1500"[22m due to exceed max applied amount[39m [90m# org.apache.fineract.test.stepdef.loan.LoanStepDef.disbursementForbiddenExceedMaxAppliedAmount(java.lang.String,java.lang.String,java.lang.String,java.lang.String)[39m
  [32m✔[39m [32m[1mThen [22mCapitalized income with payment type [1m"AUTOPAY"[22m on [1m"04 January 2024"[22m is forbidden with amount [1m"100"[22m while exceed approved amount[39m                                           [90m# org.apache.fineract.test.stepdef.loan.LoanStepDef.capitalizedIncomeForbiddenExceedApprovedAmount(java.lang.String,java.lang.String,java.lang.String)[39m
  [32m✔[39m [32m[1mWhen [22mLoan Pay-off is made on [1m"04 January 2024"[22m[39m                                                                                                                                 [90m# org.apache.fineract.test.stepdef.loan.LoanRepaymentStepDef.makeLoanPayOff(java.lang.String)[39m
  [32m✔[39m [32m[1mThen [22mLoan is closed with zero outstanding balance and it's all installments have obligations met[39m                                                                               [90m# org.apache.fineract.test.stepdef.loan.LoanStepDef.loanClosedAndInstallmentsObligationsMet()[39m

@CapitalizedIncomeFeature @TestRailId:C3764
[1mScenario:[22m Verify capitalized income with disbursement amount within approved over applied amount with flat type with undo last disbursal for multidisbursal loan - UC12            [90m# fineract-e2e-tests-runner/src/test/resources/features/LoanCapitalizedIncome-Part1.feature:536[39m
  [32m✔[39m [32m[1mWhen [22mAdmin sets the business date to [1m"1 January 2024"[22m[39m                                                                                                                          [90m# org.apache.fineract.test.stepdef.common.BusinessDateStepDef.setBusinessDate(java.lang.String)[39m
  [32m✔[39m [32m[1mAnd [22mAdmin creates a client with random data[39m                                                                                                                                    [90m# org.apache.fineract.test.stepdef.common.ClientStepDef.createClientRandomFirstNameLastName()[39m
  [32m✔[39m [32m[1mAnd [22mAdmin creates a fully customized loan with the following data:[39m                                                                                                             [90m# org.apache.fineract.test.stepdef.loan.LoanStepDef.createFullyCustomizedLoan(io.cucumber.datatable.DataTable)[39m
      | LoanProduct                                                                                   | submitted on date | with Principal | ANNUAL interest rate % | interest type     | interest calculation period | amortization type  | loanTermFrequency | loanTermFrequencyType | repaymentEvery | repaymentFrequencyType | numberOfRepayments | graceOnPrincipalPayment | graceOnInterestPayment | interest free period | Payment strategy            |
      | LP2_ADV_PYMNT_INTEREST_DAILY_RECALC_EMI_360_30_MULTIDISB_OVER_APPLIED_FLAT_CAPITALIZED_INCOME | 01 January 2024   | 1000           | 7                      | DECLINING_BALANCE | DAILY                       | EQUAL_INSTALLMENTS | 6                 | MONTHS                | 1              | MONTHS                 | 6                  | 0                       | 0                      | 0                    | ADVANCED_PAYMENT_ALLOCATION |
  [32m✔[39m [32m[1mAnd [22mAdmin successfully approves the loan on [1m"1 January 2024"[22m with [1m"1500"[22m amount and expected disbursement date on [1m"1 January 2024"[22m[39m                                             [90m# org.apache.fineract.test.stepdef.loan.LoanStepDef.approveLoan(java.lang.String,java.lang.String,java.lang.String)[39m
  [32m✔[39m [32m[1mAnd [22mAdmin successfully disburse the loan on [1m"1 January 2024"[22m with [1m"1000"[22m EUR transaction amount[39m                                                                                [90m# org.apache.fineract.test.stepdef.loan.LoanStepDef.disburseLoan(java.lang.String,java.lang.String)[39m
  [32m✔[39m [32m[1mThen [22mLoan status will be [1m"ACTIVE"[22m[39m                                                                                                                                              [90m# org.apache.fineract.test.stepdef.loan.LoanStepDef.loanStatus(java.lang.String)[39m
  [32m✔[39m [32m[1mWhen [22mAdmin sets the business date to [1m"2 January 2024"[22m[39m                                                                                                                          [90m# org.apache.fineract.test.stepdef.common.BusinessDateStepDef.setBusinessDate(java.lang.String)[39m
  [32m✔[39m [32m[1mAnd [22mAdmin adds capitalized income with [1m"AUTOPAY"[22m payment type to the loan on [1m"2 January 2024"[22m with [1m"200"[22m EUR transaction amount[39m                                                [90m# org.apache.fineract.test.stepdef.loan.LoanStepDef.adminAddsCapitalizedIncomeToTheLoanOnWithEURTransactionAmount(java.lang.String,java.lang.String,java.lang.String)[39m
  [32m✔[39m [32m[1mAnd [22mAdmin successfully disburse the loan on [1m"2 January 2024"[22m with [1m"800"[22m EUR transaction amount[39m                                                                                 [90m# org.apache.fineract.test.stepdef.loan.LoanStepDef.disburseLoan(java.lang.String,java.lang.String)[39m
  [32m✔[39m [32m[1mThen [22mLoan Repayment schedule has [1m6[22m periods, with the following data for periods:[39m                                                                                               [90m# org.apache.fineract.test.stepdef.loan.LoanStepDef.loanRepaymentSchedulePeriodsCheck(int,io.cucumber.datatable.DataTable)[39m
      | Nr | Days | Date             | Paid date | Balance of loan | Principal due | Interest | Fees | Penalties | Due    | Paid | In advance | Late | Outstanding |
      |    |      | 01 January 2024  |           | 1000.0          |               |          | 0.0  |           | 0.0    | 0.0  |            |      |             |
      |    |      | 02 January 2024  |           | 800.0           |               |          | 0.0  |           | 0.0    | 0.0  |            |      |             |
      |    |      | 02 January 2024  |           | 200.0           |               |          | 0.0  |           | 0.0    | 0.0  |            |      |             |
      | 1  | 31   | 01 February 2024 |           | 1671.34         | 328.66        | 11.48    | 0.0  | 0.0       | 340.14 | 0.0  | 0.0        | 0.0  | 340.14      |
      | 2  | 29   | 01 March 2024    |           | 1340.95         | 330.39        | 9.75     | 0.0  | 0.0       | 340.14 | 0.0  | 0.0        | 0.0  | 340.14      |
      | 3  | 31   | 01 April 2024    |           | 1008.63         | 332.32        | 7.82     | 0.0  | 0.0       | 340.14 | 0.0  | 0.0        | 0.0  | 340.14      |
      | 4  | 30   | 01 May 2024      |           | 674.37          | 334.26        | 5.88     | 0.0  | 0.0       | 340.14 | 0.0  | 0.0        | 0.0  | 340.14      |
      | 5  | 31   | 01 June 2024     |           | 338.16          | 336.21        | 3.93     | 0.0  | 0.0       | 340.14 | 0.0  | 0.0        | 0.0  | 340.14      |
      | 6  | 30   | 01 July 2024     |           | 0.0             | 338.16        | 1.97     | 0.0  | 0.0       | 340.13 | 0.0  | 0.0        | 0.0  | 340.13      |
  [32m✔[39m [32m[1mAnd [22mLoan Repayment schedule has the following data in Total row:[39m                                                                                                               [90m# org.apache.fineract.test.stepdef.loan.LoanStepDef.loanRepaymentScheduleAmountCheck(io.cucumber.datatable.DataTable)[39m
      | Principal due | Interest | Fees | Penalties | Due     | Paid | In advance | Late | Outstanding |
      | 2000.0        | 40.83    | 0.0  | 0.0       | 2040.83 | 0.0  | 0.0        | 0.0  | 2040.83     |
  [32m✔[39m [32m[1mAnd [22mLoan Transactions tab has the following data:[39m                                                                                                                              [90m# org.apache.fineract.test.stepdef.loan.LoanStepDef.loanTransactionsTabCheck(io.cucumber.datatable.DataTable)[39m
      | Transaction date | Transaction Type   | Amount | Principal | Interest | Fees | Penalties | Loan Balance | Reverted |
      | 01 January 2024  | Disbursement       | 1000.0 | 0.0       | 0.0      | 0.0  | 0.0       | 1000.0       | false    |
      | 02 January 2024  | Capitalized Income | 200.0  | 200.0     | 0.0      | 0.0  | 0.0       | 1200.0       | false    |
      | 02 January 2024  | Disbursement       | 800.0  | 0.0       | 0.0      | 0.0  | 0.0       | 2000.0       | false    |
  [32m✔[39m [32m[1mAnd [22mLoan Transactions tab has a [1m"CAPITALIZED_INCOME"[22m transaction with date [1m"02 January 2024"[22m which has the following Journal entries:[39m                                          [90m# org.apache.fineract.test.stepdef.common.JournalEntriesStepDef.journalEntryDataCheck(java.lang.String,java.lang.String,io.cucumber.datatable.DataTable)[39m
      | Type      | Account code | Account name                | Debit | Credit |
      | ASSET     | 112601       | Loans Receivable            | 200.0 |        |
      | LIABILITY | 145024       | Deferred Capitalized Income |       | 200.0  |
  [32m✔[39m [32m[1mThen [22mAdmin fails to disburse the loan on [1m"02 January 2024"[22m with [1m"200"[22m EUR trn amount with total disb amount [1m"2000"[22m and max disb amount [1m"2000"[22m due to exceed max applied amount[39m [90m# org.apache.fineract.test.stepdef.loan.LoanStepDef.disbursementForbiddenExceedMaxAppliedAmount(java.lang.String,java.lang.String,java.lang.String,java.lang.String)[39m
  [32m✔[39m [32m[1mThen [22mCapitalized income with payment type [1m"AUTOPAY"[22m on [1m"02 January 2024"[22m is forbidden with amount [1m"101"[22m while exceed approved amount[39m                                           [90m# org.apache.fineract.test.stepdef.loan.LoanStepDef.capitalizedIncomeForbiddenExceedApprovedAmount(java.lang.String,java.lang.String,java.lang.String)[39m
  [32m✔[39m [32m[1mWhen [22mAdmin successfully undo last disbursal[39m                                                                                                                                    [90m# org.apache.fineract.test.stepdef.loan.LoanStepDef.undoLastDisbursal()[39m
  [32m✔[39m [32m[1mWhen [22mAdmin sets the business date to [1m"3 January 2024"[22m[39m                                                                                                                          [90m# org.apache.fineract.test.stepdef.common.BusinessDateStepDef.setBusinessDate(java.lang.String)[39m
  [32m✔[39m [32m[1mAnd [22mAdmin successfully disburse the loan on [1m"3 January 2024"[22m with [1m"600"[22m EUR transaction amount[39m                                                                                 [90m# org.apache.fineract.test.stepdef.loan.LoanStepDef.disburseLoan(java.lang.String,java.lang.String)[39m
  [32m✔[39m [32m[1mThen [22mLoan Repayment schedule has [1m6[22m periods, with the following data for periods:[39m                                                                                               [90m# org.apache.fineract.test.stepdef.loan.LoanStepDef.loanRepaymentSchedulePeriodsCheck(int,io.cucumber.datatable.DataTable)[39m
      | Nr | Days | Date             | Paid date | Balance of loan | Principal due | Interest | Fees | Penalties | Due    | Paid | In advance | Late | Outstanding |
      |    |      | 01 January 2024  |           | 1000.0          |               |          | 0.0  |           | 0.0    | 0.0  |            |      |             |
      |    |      | 02 January 2024  |           | 200.0           |               |          | 0.0  |           | 0.0    | 0.0  |            |      |             |
      |    |      | 03 January 2024  |           | 600.0           |               |          | 0.0  |           | 0.0    | 0.0  |            |      |             |
      | 1  | 31   | 01 February 2024 |           | 1504.13         | 295.87        | 10.24    | 0.0  | 0.0       | 306.11 | 0.0  | 0.0        | 0.0  | 306.11      |
      | 2  | 29   | 01 March 2024    |           | 1206.79         | 297.34        | 8.77     | 0.0  | 0.0       | 306.11 | 0.0  | 0.0        | 0.0  | 306.11      |
      | 3  | 31   | 01 April 2024    |           | 907.72          | 299.07        | 7.04     | 0.0  | 0.0       | 306.11 | 0.0  | 0.0        | 0.0  | 306.11      |
      | 4  | 30   | 01 May 2024      |           | 606.91          | 300.81        | 5.3      | 0.0  | 0.0       | 306.11 | 0.0  | 0.0        | 0.0  | 306.11      |
      | 5  | 31   | 01 June 2024     |           | 304.34          | 302.57        | 3.54     | 0.0  | 0.0       | 306.11 | 0.0  | 0.0        | 0.0  | 306.11      |
      | 6  | 30   | 01 July 2024     |           | 0.0             | 304.34        | 1.78     | 0.0  | 0.0       | 306.12 | 0.0  | 0.0        | 0.0  | 306.12      |
  [32m✔[39m [32m[1mAnd [22mLoan Repayment schedule has the following data in Total row:[39m                                                                                                               [90m# org.apache.fineract.test.stepdef.loan.LoanStepDef.loanRepaymentScheduleAmountCheck(io.cucumber.datatable.DataTable)[39m
      | Principal due | Interest | Fees | Penalties | Due     | Paid | In advance | Late | Outstanding |
      | 1800.0        | 36.67    | 0.0  | 0.0       | 1836.67 | 0.0  | 0.0        | 0.0  | 1836.67     |
  [32m✔[39m [32m[1mAnd [22mLoan Transactions tab has the following data:[39m                                                                                                                              [90m# org.apache.fineract.test.stepdef.loan.LoanStepDef.loanTransactionsTabCheck(io.cucumber.datatable.DataTable)[39m
      | Transaction date | Transaction Type   | Amount | Principal | Interest | Fees | Penalties | Loan Balance | Reverted |
      | 01 January 2024  | Disbursement       | 1000.0 | 0.0       | 0.0      | 0.0  | 0.0       | 1000.0       | false    |
      | 02 January 2024  | Capitalized Income | 200.0  | 200.0     | 0.0      | 0.0  | 0.0       | 1200.0       | false    |
      | 03 January 2024  | Disbursement       | 600.0  | 0.0       | 0.0      | 0.0  | 0.0       | 1800.0       | false    |
  [32m✔[39m [32m[1mThen [22mAdmin fails to disburse the loan on [1m"03 January 2024"[22m with [1m"201"[22m EUR trn amount with total disb amount [1m"1801"[22m and max disb amount [1m"2000"[22m due to exceed max applied amount[39m [90m# org.apache.fineract.test.stepdef.loan.LoanStepDef.disbursementForbiddenExceedMaxAppliedAmount(java.lang.String,java.lang.String,java.lang.String,java.lang.String)[39m
  [32m✔[39m [32m[1mThen [22mCapitalized income with payment type [1m"AUTOPAY"[22m on [1m"03 January 2024"[22m is forbidden with amount [1m"300"[22m while exceed approved amount[39m                                           [90m# org.apache.fineract.test.stepdef.loan.LoanStepDef.capitalizedIncomeForbiddenExceedApprovedAmount(java.lang.String,java.lang.String,java.lang.String)[39m
  [32m✔[39m [32m[1mWhen [22mLoan Pay-off is made on [1m"03 January 2024"[22m[39m                                                                                                                                 [90m# org.apache.fineract.test.stepdef.loan.LoanRepaymentStepDef.makeLoanPayOff(java.lang.String)[39m
  [32m✔[39m [32m[1mThen [22mLoan is closed with zero outstanding balance and it's all installments have obligations met[39m                                                                               [90m# org.apache.fineract.test.stepdef.loan.LoanStepDef.loanClosedAndInstallmentsObligationsMet()[39m

@CapitalizedIncomeFeature @TestRailId:C3765
[1mScenario:[22m Verify capitalized income with disbursement amount within approved over applied amount with percentage type with undo disbursal for single disbursal loan - UC13 [90m# fineract-e2e-tests-runner/src/test/resources/features/LoanCapitalizedIncome-Part1.feature:602[39m
  [32m✔[39m [32m[1mWhen [22mAdmin sets the business date to [1m"1 January 2024"[22m[39m                                                                                                                  [90m# org.apache.fineract.test.stepdef.common.BusinessDateStepDef.setBusinessDate(java.lang.String)[39m
  [32m✔[39m [32m[1mAnd [22mAdmin creates a client with random data[39m                                                                                                                            [90m# org.apache.fineract.test.stepdef.common.ClientStepDef.createClientRandomFirstNameLastName()[39m
  [32m✔[39m [32m[1mAnd [22mAdmin creates a fully customized loan with the following data:[39m                                                                                                     [90m# org.apache.fineract.test.stepdef.loan.LoanStepDef.createFullyCustomizedLoan(io.cucumber.datatable.DataTable)[39m
      | LoanProduct                                                                                        | submitted on date | with Principal | ANNUAL interest rate % | interest type     | interest calculation period | amortization type  | loanTermFrequency | loanTermFrequencyType | repaymentEvery | repaymentFrequencyType | numberOfRepayments | graceOnPrincipalPayment | graceOnInterestPayment | interest free period | Payment strategy            |
      | LP2_ADV_PYMNT_INTEREST_DAILY_RECALC_EMI_360_30_APPROVED_OVER_APPLIED_PERCENTAGE_CAPITALIZED_INCOME | 01 January 2024   | 1000           | 7                      | DECLINING_BALANCE | DAILY                       | EQUAL_INSTALLMENTS | 6                 | MONTHS                | 1              | MONTHS                 | 6                  | 0                       | 0                      | 0                    | ADVANCED_PAYMENT_ALLOCATION |
  [32m✔[39m [32m[1mAnd [22mAdmin successfully approves the loan on [1m"1 January 2024"[22m with [1m"1500"[22m amount and expected disbursement date on [1m"1 January 2024"[22m[39m                                     [90m# org.apache.fineract.test.stepdef.loan.LoanStepDef.approveLoan(java.lang.String,java.lang.String,java.lang.String)[39m
  [32m✔[39m [32m[1mAnd [22mAdmin successfully disburse the loan on [1m"1 January 2024"[22m with [1m"1000"[22m EUR transaction amount[39m                                                                        [90m# org.apache.fineract.test.stepdef.loan.LoanStepDef.disburseLoan(java.lang.String,java.lang.String)[39m
  [32m✔[39m [32m[1mThen [22mLoan status will be [1m"ACTIVE"[22m[39m                                                                                                                                      [90m# org.apache.fineract.test.stepdef.loan.LoanStepDef.loanStatus(java.lang.String)[39m
  [32m✔[39m [32m[1mWhen [22mAdmin sets the business date to [1m"2 January 2024"[22m[39m                                                                                                                  [90m# org.apache.fineract.test.stepdef.common.BusinessDateStepDef.setBusinessDate(java.lang.String)[39m
  [32m✔[39m [32m[1mAnd [22mAdmin adds capitalized income with [1m"AUTOPAY"[22m payment type to the loan on [1m"2 January 2024"[22m with [1m"400"[22m EUR transaction amount[39m                                        [90m# org.apache.fineract.test.stepdef.loan.LoanStepDef.adminAddsCapitalizedIncomeToTheLoanOnWithEURTransactionAmount(java.lang.String,java.lang.String,java.lang.String)[39m
  [32m✔[39m [32m[1mThen [22mLoan Repayment schedule has [1m6[22m periods, with the following data for periods:[39m                                                                                       [90m# org.apache.fineract.test.stepdef.loan.LoanStepDef.loanRepaymentSchedulePeriodsCheck(int,io.cucumber.datatable.DataTable)[39m
      | Nr | Days | Date             | Paid date | Balance of loan | Principal due | Interest | Fees | Penalties | Due    | Paid | In advance | Late | Outstanding |
      |    |      | 01 January 2024  |           | 1000.0          |               |          | 0.0  |           | 0.0    | 0.0  |            |      |             |
      |    |      | 02 January 2024  |           | 400.0           |               |          | 0.0  |           | 0.0    | 0.0  |            |      |             |
      | 1  | 31   | 01 February 2024 |           | 1169.98         | 230.02        | 8.09     | 0.0  | 0.0       | 238.11 | 0.0  | 0.0        | 0.0  | 238.11      |
      | 2  | 29   | 01 March 2024    |           | 938.69          | 231.29        | 6.82     | 0.0  | 0.0       | 238.11 | 0.0  | 0.0        | 0.0  | 238.11      |
      | 3  | 31   | 01 April 2024    |           | 706.06          | 232.63        | 5.48     | 0.0  | 0.0       | 238.11 | 0.0  | 0.0        | 0.0  | 238.11      |
      | 4  | 30   | 01 May 2024      |           | 472.07          | 233.99        | 4.12     | 0.0  | 0.0       | 238.11 | 0.0  | 0.0        | 0.0  | 238.11      |
      | 5  | 31   | 01 June 2024     |           | 236.71          | 235.36        | 2.75     | 0.0  | 0.0       | 238.11 | 0.0  | 0.0        | 0.0  | 238.11      |
      | 6  | 30   | 01 July 2024     |           | 0.0             | 236.71        | 1.38     | 0.0  | 0.0       | 238.09 | 0.0  | 0.0        | 0.0  | 238.09      |
  [32m✔[39m [32m[1mAnd [22mLoan Repayment schedule has the following data in Total row:[39m                                                                                                       [90m# org.apache.fineract.test.stepdef.loan.LoanStepDef.loanRepaymentScheduleAmountCheck(io.cucumber.datatable.DataTable)[39m
      | Principal due | Interest | Fees | Penalties | Due     | Paid | In advance | Late | Outstanding |
      | 1400.0        | 28.64    | 0.0  | 0.0       | 1428.64 | 0.0  | 0.0        | 0.0  | 1428.64     |
  [32m✔[39m [32m[1mAnd [22mLoan Transactions tab has the following data:[39m                                                                                                                      [90m# org.apache.fineract.test.stepdef.loan.LoanStepDef.loanTransactionsTabCheck(io.cucumber.datatable.DataTable)[39m
      | Transaction date | Transaction Type   | Amount | Principal | Interest | Fees | Penalties | Loan Balance | Reverted |
      | 01 January 2024  | Disbursement       | 1000.0 | 0.0       | 0.0      | 0.0  | 0.0       | 1000.0       | false    |
      | 02 January 2024  | Capitalized Income | 400.0  | 400.0     | 0.0      | 0.0  | 0.0       | 1400.0       | false    |
  [32m✔[39m [32m[1mAnd [22mLoan Transactions tab has a [1m"CAPITALIZED_INCOME"[22m transaction with date [1m"02 January 2024"[22m which has the following Journal entries:[39m                                  [90m# org.apache.fineract.test.stepdef.common.JournalEntriesStepDef.journalEntryDataCheck(java.lang.String,java.lang.String,io.cucumber.datatable.DataTable)[39m
      | Type      | Account code | Account name                | Debit | Credit |
      | ASSET     | 112601       | Loans Receivable            | 400.0 |        |
      | LIABILITY | 145024       | Deferred Capitalized Income |       | 400.0  |
  [32m✔[39m [32m[1mThen [22mCapitalized income with payment type [1m"AUTOPAY"[22m on [1m"02 January 2024"[22m is forbidden with amount [1m"200"[22m while exceed approved amount[39m                                   [90m# org.apache.fineract.test.stepdef.loan.LoanStepDef.capitalizedIncomeForbiddenExceedApprovedAmount(java.lang.String,java.lang.String,java.lang.String)[39m
  [32m✔[39m [32m[1mWhen [22mAdmin successfully undo disbursal[39m                                                                                                                                 [90m# org.apache.fineract.test.stepdef.loan.LoanStepDef.undoDisbursal()[39m
  [32m✔[39m [32m[1mThen [22mLoan status will be [1m"APPROVED"[22m[39m                                                                                                                                    [90m# org.apache.fineract.test.stepdef.loan.LoanStepDef.loanStatus(java.lang.String)[39m
  [32m✔[39m [32m[1mWhen [22mAdmin sets the business date to [1m"3 January 2024"[22m[39m                                                                                                                  [90m# org.apache.fineract.test.stepdef.common.BusinessDateStepDef.setBusinessDate(java.lang.String)[39m
  [32m✔[39m [32m[1mAnd [22mAdmin successfully disburse the loan on [1m"3 January 2024"[22m with [1m"1000"[22m EUR transaction amount[39m                                                                        [90m# org.apache.fineract.test.stepdef.loan.LoanStepDef.disburseLoan(java.lang.String,java.lang.String)[39m
  [32m✔[39m [32m[1mAnd [22mAdmin sets the business date to [1m"4 January 2024"[22m[39m                                                                                                                   [90m# org.apache.fineract.test.stepdef.common.BusinessDateStepDef.setBusinessDate(java.lang.String)[39m
  [32m✔[39m [32m[1mAnd [22mAdmin adds capitalized income with [1m"AUTOPAY"[22m payment type to the loan on [1m"4 January 2024"[22m with [1m"500"[22m EUR transaction amount[39m                                        [90m# org.apache.fineract.test.stepdef.loan.LoanStepDef.adminAddsCapitalizedIncomeToTheLoanOnWithEURTransactionAmount(java.lang.String,java.lang.String,java.lang.String)[39m
  [32m✔[39m [32m[1mThen [22mLoan Repayment schedule has [1m6[22m periods, with the following data for periods:[39m                                                                                       [90m# org.apache.fineract.test.stepdef.loan.LoanStepDef.loanRepaymentSchedulePeriodsCheck(int,io.cucumber.datatable.DataTable)[39m
      | Nr | Days | Date             | Paid date | Balance of loan | Principal due | Interest | Fees | Penalties | Due    | Paid | In advance | Late | Outstanding |
      |    |      | 03 January 2024  |           | 1000.0          |               |          | 0.0  |           | 0.0    | 0.0  |            |      |             |
      |    |      | 04 January 2024  |           | 500.0           |               |          | 0.0  |           | 0.0    | 0.0  |            |      |             |
      | 1  | 31   | 03 February 2024 |           | 1253.55         | 246.45        | 8.66     | 0.0  | 0.0       | 255.11 | 0.0  | 0.0        | 0.0  | 255.11      |
      | 2  | 29   | 03 March 2024    |           | 1005.75         | 247.8         | 7.31     | 0.0  | 0.0       | 255.11 | 0.0  | 0.0        | 0.0  | 255.11      |
      | 3  | 31   | 03 April 2024    |           | 756.51          | 249.24        | 5.87     | 0.0  | 0.0       | 255.11 | 0.0  | 0.0        | 0.0  | 255.11      |
      | 4  | 30   | 03 May 2024      |           | 505.81          | 250.7         | 4.41     | 0.0  | 0.0       | 255.11 | 0.0  | 0.0        | 0.0  | 255.11      |
      | 5  | 31   | 03 June 2024     |           | 253.65          | 252.16        | 2.95     | 0.0  | 0.0       | 255.11 | 0.0  | 0.0        | 0.0  | 255.11      |
      | 6  | 30   | 03 July 2024     |           | 0.0             | 253.65        | 1.48     | 0.0  | 0.0       | 255.13 | 0.0  | 0.0        | 0.0  | 255.13      |
  [32m✔[39m [32m[1mAnd [22mLoan Repayment schedule has the following data in Total row:[39m                                                                                                       [90m# org.apache.fineract.test.stepdef.loan.LoanStepDef.loanRepaymentScheduleAmountCheck(io.cucumber.datatable.DataTable)[39m
      | Principal due | Interest | Fees | Penalties | Due     | Paid | In advance | Late | Outstanding |
      | 1500.0        | 30.68    | 0.0  | 0.0       | 1530.68 | 0.0  | 0.0        | 0.0  | 1530.68     |
  [32m✔[39m [32m[1mAnd [22mLoan Transactions tab has the following data:[39m                                                                                                                      [90m# org.apache.fineract.test.stepdef.loan.LoanStepDef.loanTransactionsTabCheck(io.cucumber.datatable.DataTable)[39m
      | Transaction date | Transaction Type   | Amount | Principal | Interest | Fees | Penalties | Loan Balance | Reverted |
      | 03 January 2024  | Disbursement       | 1000.0 | 0.0       | 0.0      | 0.0  | 0.0       | 1000.0       | false    |
      | 04 January 2024  | Capitalized Income | 500.0  | 500.0     | 0.0      | 0.0  | 0.0       | 1500.0       | false    |
  [32m✔[39m [32m[1mThen [22mCapitalized income with payment type [1m"AUTOPAY"[22m on [1m"04 January 2024"[22m is forbidden with amount [1m"100"[22m while exceed approved amount[39m                                   [90m# org.apache.fineract.test.stepdef.loan.LoanStepDef.capitalizedIncomeForbiddenExceedApprovedAmount(java.lang.String,java.lang.String,java.lang.String)[39m
  [32m✔[39m [32m[1mWhen [22mLoan Pay-off is made on [1m"04 January 2024"[22m[39m                                                                                                                         [90m# org.apache.fineract.test.stepdef.loan.LoanRepaymentStepDef.makeLoanPayOff(java.lang.String)[39m
  [32m✔[39m [32m[1mThen [22mLoan is closed with zero outstanding balance and it's all installments have obligations met[39m                                                                       [90m# org.apache.fineract.test.stepdef.loan.LoanStepDef.loanClosedAndInstallmentsObligationsMet()[39m

@CapitalizedIncomeFeature @TestRailId:C3766
[1mScenario:[22m Verify capitalized income with adjustment amount with disbursement amount within approved over applied amount with flat type for single disbursal loan - UC14 [90m# fineract-e2e-tests-runner/src/test/resources/features/LoanCapitalizedIncome-Part1.feature:664[39m
  [32m✔[39m [32m[1mWhen [22mAdmin sets the business date to [1m"1 January 2024"[22m[39m                                                                                                               [90m# org.apache.fineract.test.stepdef.common.BusinessDateStepDef.setBusinessDate(java.lang.String)[39m
  [32m✔[39m [32m[1mAnd [22mAdmin creates a client with random data[39m                                                                                                                         [90m# org.apache.fineract.test.stepdef.common.ClientStepDef.createClientRandomFirstNameLastName()[39m
  [32m✔[39m [32m[1mAnd [22mAdmin creates a fully customized loan with the following data:[39m                                                                                                  [90m# org.apache.fineract.test.stepdef.loan.LoanStepDef.createFullyCustomizedLoan(io.cucumber.datatable.DataTable)[39m
      | LoanProduct                                                                                  | submitted on date | with Principal | ANNUAL interest rate % | interest type     | interest calculation period | amortization type  | loanTermFrequency | loanTermFrequencyType | repaymentEvery | repaymentFrequencyType | numberOfRepayments | graceOnPrincipalPayment | graceOnInterestPayment | interest free period | Payment strategy            |
      | LP2_ADV_PYMNT_INTEREST_DAILY_RECALC_EMI_360_30_APPROVED_OVER_APPLIED_FLAT_CAPITALIZED_INCOME | 01 January 2024   | 1000           | 7                      | DECLINING_BALANCE | DAILY                       | EQUAL_INSTALLMENTS | 6                 | MONTHS                | 1              | MONTHS                 | 6                  | 0                       | 0                      | 0                    | ADVANCED_PAYMENT_ALLOCATION |
  [32m✔[39m [32m[1mAnd [22mAdmin successfully approves the loan on [1m"1 January 2024"[22m with [1m"2000"[22m amount and expected disbursement date on [1m"1 January 2024"[22m[39m                                  [90m# org.apache.fineract.test.stepdef.loan.LoanStepDef.approveLoan(java.lang.String,java.lang.String,java.lang.String)[39m
  [32m✔[39m [32m[1mAnd [22mAdmin successfully disburse the loan on [1m"1 January 2024"[22m with [1m"1500"[22m EUR transaction amount[39m                                                                     [90m# org.apache.fineract.test.stepdef.loan.LoanStepDef.disburseLoan(java.lang.String,java.lang.String)[39m
  [32m✔[39m [32m[1mThen [22mLoan status will be [1m"ACTIVE"[22m[39m                                                                                                                                   [90m# org.apache.fineract.test.stepdef.loan.LoanStepDef.loanStatus(java.lang.String)[39m
  [32m✔[39m [32m[1mWhen [22mAdmin sets the business date to [1m"2 January 2024"[22m[39m                                                                                                               [90m# org.apache.fineract.test.stepdef.common.BusinessDateStepDef.setBusinessDate(java.lang.String)[39m
  [32m✔[39m [32m[1mAnd [22mAdmin runs inline COB job for Loan[39m                                                                                                                              [90m# org.apache.fineract.test.stepdef.loan.InlineCOBStepDef.runInlineCOB()[39m
  [32m✔[39m [32m[1mAnd [22mAdmin adds capitalized income with [1m"AUTOPAY"[22m payment type to the loan on [1m"2 January 2024"[22m with [1m"400"[22m EUR transaction amount[39m                                     [90m# org.apache.fineract.test.stepdef.loan.LoanStepDef.adminAddsCapitalizedIncomeToTheLoanOnWithEURTransactionAmount(java.lang.String,java.lang.String,java.lang.String)[39m
  [32m✔[39m [32m[1mThen [22mLoan Repayment schedule has [1m6[22m periods, with the following data for periods:[39m                                                                                    [90m# org.apache.fineract.test.stepdef.loan.LoanStepDef.loanRepaymentSchedulePeriodsCheck(int,io.cucumber.datatable.DataTable)[39m
      | Nr | Days | Date             | Paid date | Balance of loan | Principal due | Interest | Fees | Penalties | Due    | Paid | In advance | Late | Outstanding |
      |    |      | 01 January 2024  |           | 1500.0          |               |          | 0.0  |           | 0.0    | 0.0  |            |      |             |
      |    |      | 02 January 2024  |           | 400.0           |               |          | 0.0  |           | 0.0    | 0.0  |            |      |             |
      | 1  | 31   | 01 February 2024 |           | 1587.86         | 312.14        | 11.01    | 0.0  | 0.0       | 323.15 | 0.0  | 0.0        | 0.0  | 323.15      |
      | 2  | 29   | 01 March 2024    |           | 1273.97         | 313.89        | 9.26     | 0.0  | 0.0       | 323.15 | 0.0  | 0.0        | 0.0  | 323.15      |
      | 3  | 31   | 01 April 2024    |           | 958.25          | 315.72        | 7.43     | 0.0  | 0.0       | 323.15 | 0.0  | 0.0        | 0.0  | 323.15      |
      | 4  | 30   | 01 May 2024      |           | 640.69          | 317.56        | 5.59     | 0.0  | 0.0       | 323.15 | 0.0  | 0.0        | 0.0  | 323.15      |
      | 5  | 31   | 01 June 2024     |           | 321.28          | 319.41        | 3.74     | 0.0  | 0.0       | 323.15 | 0.0  | 0.0        | 0.0  | 323.15      |
      | 6  | 30   | 01 July 2024     |           | 0.0             | 321.28        | 1.87     | 0.0  | 0.0       | 323.15 | 0.0  | 0.0        | 0.0  | 323.15      |
  [32m✔[39m [32m[1mAnd [22mLoan Repayment schedule has the following data in Total row:[39m                                                                                                    [90m# org.apache.fineract.test.stepdef.loan.LoanStepDef.loanRepaymentScheduleAmountCheck(io.cucumber.datatable.DataTable)[39m
      | Principal due | Interest | Fees | Penalties | Due    | Paid | In advance | Late | Outstanding |
      | 1900.0        | 38.9     | 0.0  | 0.0       | 1938.9 | 0.0  | 0.0        | 0.0  | 1938.9      |
  [32m✔[39m [32m[1mAnd [22mLoan Transactions tab has the following data:[39m                                                                                                                   [90m# org.apache.fineract.test.stepdef.loan.LoanStepDef.loanTransactionsTabCheck(io.cucumber.datatable.DataTable)[39m
      | Transaction date | Transaction Type   | Amount | Principal | Interest | Fees | Penalties | Loan Balance | Reverted |
      | 01 January 2024  | Disbursement       | 1500.0 | 0.0       | 0.0      | 0.0  | 0.0       | 1500.0       | false    |
      | 02 January 2024  | Capitalized Income | 400.0  | 400.0     | 0.0      | 0.0  | 0.0       | 1900.0       | false    |
  [32m✔[39m [32m[1mAnd [22mLoan Transactions tab has a [1m"CAPITALIZED_INCOME"[22m transaction with date [1m"02 January 2024"[22m which has the following Journal entries:[39m                               [90m# org.apache.fineract.test.stepdef.common.JournalEntriesStepDef.journalEntryDataCheck(java.lang.String,java.lang.String,io.cucumber.datatable.DataTable)[39m
      | Type      | Account code | Account name                | Debit | Credit |
      | ASSET     | 112601       | Loans Receivable            | 400.0 |        |
      | LIABILITY | 145024       | Deferred Capitalized Income |       | 400.0  |
  [32m✔[39m [32m[1mThen [22mCapitalized income with payment type [1m"AUTOPAY"[22m on [1m"02 January 2024"[22m is forbidden with amount [1m"200"[22m while exceed approved amount[39m                                [90m# org.apache.fineract.test.stepdef.loan.LoanStepDef.capitalizedIncomeForbiddenExceedApprovedAmount(java.lang.String,java.lang.String,java.lang.String)[39m
  [32m✔[39m [32m[1mAnd [22mAdmin adds capitalized income adjustment with [1m"AUTOPAY"[22m payment type to the loan on [1m"02 January 2024"[22m with [1m"200"[22m EUR transaction amount[39m                         [90m# org.apache.fineract.test.stepdef.loan.LoanStepDef.adminAddsCapitalizedIncomeAdjustmentToTheLoan(java.lang.String,java.lang.String,java.lang.String)[39m
  [32m✔[39m [32m[1mAnd [22mLoan Transactions tab has the following data:[39m                                                                                                                   [90m# org.apache.fineract.test.stepdef.loan.LoanStepDef.loanTransactionsTabCheck(io.cucumber.datatable.DataTable)[39m
      | Transaction date | Transaction Type              | Amount | Principal | Interest | Fees | Penalties | Loan Balance | Reverted |
      | 01 January 2024  | Disbursement                  | 1500.0 | 0.0       | 0.0      | 0.0  | 0.0       | 1500.0       | false    |
      | 02 January 2024  | Capitalized Income            | 400.0  | 400.0     | 0.0      | 0.0  | 0.0       | 1900.0       | false    |
      | 02 January 2024  | Capitalized Income Adjustment | 200.0  | 200.0     | 0.0      | 0.0  | 0.0       | 1700.0       | false    |
  [32m✔[39m [32m[1mThen [22mCapitalized income with payment type [1m"AUTOPAY"[22m on [1m"02 January 2024"[22m is forbidden with amount [1m"200"[22m while exceed approved amount[39m                                [90m# org.apache.fineract.test.stepdef.loan.LoanStepDef.capitalizedIncomeForbiddenExceedApprovedAmount(java.lang.String,java.lang.String,java.lang.String)[39m
  [32m✔[39m [32m[1mWhen [22mLoan Pay-off is made on [1m"02 January 2024"[22m[39m                                                                                                                      [90m# org.apache.fineract.test.stepdef.loan.LoanRepaymentStepDef.makeLoanPayOff(java.lang.String)[39m
  [32m✔[39m [32m[1mThen [22mLoan is closed with zero outstanding balance and it's all installments have obligations met[39m                                                                    [90m# org.apache.fineract.test.stepdef.loan.LoanStepDef.loanClosedAndInstallmentsObligationsMet()[39m

@CapitalizedIncomeFeature @TestRailId:C3776
[1mScenario:[22m Verify capitalized income amount with disbursement amount calculation within approved over applied amount with percentage type for multidisbursal loan - UC15            [90m# fineract-e2e-tests-runner/src/test/resources/features/LoanCapitalizedIncome-Part1.feature:710[39m
  [32m✔[39m [32m[1mWhen [22mAdmin sets the business date to [1m"1 January 2024"[22m[39m                                                                                                                          [90m# org.apache.fineract.test.stepdef.common.BusinessDateStepDef.setBusinessDate(java.lang.String)[39m
  [32m✔[39m [32m[1mAnd [22mAdmin creates a client with random data[39m                                                                                                                                    [90m# org.apache.fineract.test.stepdef.common.ClientStepDef.createClientRandomFirstNameLastName()[39m
  [32m✔[39m [32m[1mAnd [22mAdmin creates a fully customized loan with the following data:[39m                                                                                                             [90m# org.apache.fineract.test.stepdef.loan.LoanStepDef.createFullyCustomizedLoan(io.cucumber.datatable.DataTable)[39m
      | LoanProduct                                                                                         | submitted on date | with Principal | ANNUAL interest rate % | interest type     | interest calculation period | amortization type  | loanTermFrequency | loanTermFrequencyType | repaymentEvery | repaymentFrequencyType | numberOfRepayments | graceOnPrincipalPayment | graceOnInterestPayment | interest free period | Payment strategy            |
      | LP2_ADV_PYMNT_INTEREST_DAILY_RECALC_EMI_360_30_MULTIDISB_OVER_APPLIED_PERCENTAGE_CAPITALIZED_INCOME | 01 January 2024   | 1000           | 7                      | DECLINING_BALANCE | DAILY                       | EQUAL_INSTALLMENTS | 6                 | MONTHS                | 1              | MONTHS                 | 6                  | 0                       | 0                      | 0                    | ADVANCED_PAYMENT_ALLOCATION |
  [32m✔[39m [32m[1mAnd [22mAdmin successfully approves the loan on [1m"1 January 2024"[22m with [1m"1300"[22m amount and expected disbursement date on [1m"1 January 2024"[22m[39m                                             [90m# org.apache.fineract.test.stepdef.loan.LoanStepDef.approveLoan(java.lang.String,java.lang.String,java.lang.String)[39m
  [32m✔[39m [32m[1mAnd [22mAdmin successfully disburse the loan on [1m"1 January 2024"[22m with [1m"1000"[22m EUR transaction amount[39m                                                                                [90m# org.apache.fineract.test.stepdef.loan.LoanStepDef.disburseLoan(java.lang.String,java.lang.String)[39m
  [32m✔[39m [32m[1mThen [22mLoan status will be [1m"ACTIVE"[22m[39m                                                                                                                                              [90m# org.apache.fineract.test.stepdef.loan.LoanStepDef.loanStatus(java.lang.String)[39m
  [32m✔[39m [32m[1mWhen [22mAdmin sets the business date to [1m"2 January 2024"[22m[39m                                                                                                                          [90m# org.apache.fineract.test.stepdef.common.BusinessDateStepDef.setBusinessDate(java.lang.String)[39m
  [32m✔[39m [32m[1mAnd [22mAdmin adds capitalized income with [1m"AUTOPAY"[22m payment type to the loan on [1m"2 January 2024"[22m with [1m"400"[22m EUR transaction amount[39m                                                [90m# org.apache.fineract.test.stepdef.loan.LoanStepDef.adminAddsCapitalizedIncomeToTheLoanOnWithEURTransactionAmount(java.lang.String,java.lang.String,java.lang.String)[39m
  [32m✔[39m [32m[1mThen [22mLoan Repayment schedule has [1m6[22m periods, with the following data for periods:[39m                                                                                               [90m# org.apache.fineract.test.stepdef.loan.LoanStepDef.loanRepaymentSchedulePeriodsCheck(int,io.cucumber.datatable.DataTable)[39m
      | Nr | Days | Date             | Paid date | Balance of loan | Principal due | Interest | Fees | Penalties | Due    | Paid | In advance | Late | Outstanding |
      |    |      | 01 January 2024  |           | 1000.0          |               |          | 0.0  |           | 0.0    | 0.0  |            |      |             |
      |    |      | 02 January 2024  |           | 400.0           |               |          | 0.0  |           | 0.0    | 0.0  |            |      |             |
      | 1  | 31   | 01 February 2024 |           | 1169.98         | 230.02        | 8.09     | 0.0  | 0.0       | 238.11 | 0.0  | 0.0        | 0.0  | 238.11      |
      | 2  | 29   | 01 March 2024    |           | 938.69          | 231.29        | 6.82     | 0.0  | 0.0       | 238.11 | 0.0  | 0.0        | 0.0  | 238.11      |
      | 3  | 31   | 01 April 2024    |           | 706.06          | 232.63        | 5.48     | 0.0  | 0.0       | 238.11 | 0.0  | 0.0        | 0.0  | 238.11      |
      | 4  | 30   | 01 May 2024      |           | 472.07          | 233.99        | 4.12     | 0.0  | 0.0       | 238.11 | 0.0  | 0.0        | 0.0  | 238.11      |
      | 5  | 31   | 01 June 2024     |           | 236.71          | 235.36        | 2.75     | 0.0  | 0.0       | 238.11 | 0.0  | 0.0        | 0.0  | 238.11      |
      | 6  | 30   | 01 July 2024     |           | 0.0             | 236.71        | 1.38     | 0.0  | 0.0       | 238.09 | 0.0  | 0.0        | 0.0  | 238.09      |
  [32m✔[39m [32m[1mAnd [22mLoan Repayment schedule has the following data in Total row:[39m                                                                                                               [90m# org.apache.fineract.test.stepdef.loan.LoanStepDef.loanRepaymentScheduleAmountCheck(io.cucumber.datatable.DataTable)[39m
      | Principal due | Interest | Fees | Penalties | Due     | Paid | In advance | Late | Outstanding |
      | 1400.0        | 28.64    | 0.0  | 0.0       | 1428.64 | 0.0  | 0.0        | 0.0  | 1428.64     |
  [32m✔[39m [32m[1mAnd [22mLoan Transactions tab has the following data:[39m                                                                                                                              [90m# org.apache.fineract.test.stepdef.loan.LoanStepDef.loanTransactionsTabCheck(io.cucumber.datatable.DataTable)[39m
      | Transaction date | Transaction Type   | Amount | Principal | Interest | Fees | Penalties | Loan Balance | Reverted |
      | 01 January 2024  | Disbursement       | 1000.0 | 0.0       | 0.0      | 0.0  | 0.0       | 1000.0       | false    |
      | 02 January 2024  | Capitalized Income | 400.0  | 400.0     | 0.0      | 0.0  | 0.0       | 1400.0       | false    |
  [32m✔[39m [32m[1mAnd [22mLoan Transactions tab has a [1m"CAPITALIZED_INCOME"[22m transaction with date [1m"02 January 2024"[22m which has the following Journal entries:[39m                                          [90m# org.apache.fineract.test.stepdef.common.JournalEntriesStepDef.journalEntryDataCheck(java.lang.String,java.lang.String,io.cucumber.datatable.DataTable)[39m
      | Type      | Account code | Account name                | Debit | Credit |
      | ASSET     | 112601       | Loans Receivable            | 400.0 |        |
      | LIABILITY | 145024       | Deferred Capitalized Income |       | 400.0  |
  [32m✔[39m [32m[1mThen [22mAdmin fails to disburse the loan on [1m"02 January 2024"[22m with [1m"200"[22m EUR trn amount with total disb amount [1m"1200"[22m and max disb amount [1m"1500"[22m due to exceed max applied amount[39m [90m# org.apache.fineract.test.stepdef.loan.LoanStepDef.disbursementForbiddenExceedMaxAppliedAmount(java.lang.String,java.lang.String,java.lang.String,java.lang.String)[39m
  [32m✔[39m [32m[1mThen [22mCapitalized income with payment type [1m"AUTOPAY"[22m on [1m"02 January 2024"[22m is forbidden with amount [1m"200"[22m while exceed approved amount[39m                                           [90m# org.apache.fineract.test.stepdef.loan.LoanStepDef.capitalizedIncomeForbiddenExceedApprovedAmount(java.lang.String,java.lang.String,java.lang.String)[39m
  [32m✔[39m [32m[1mWhen [22mAdmin successfully undo disbursal[39m                                                                                                                                         [90m# org.apache.fineract.test.stepdef.loan.LoanStepDef.undoDisbursal()[39m
  [32m✔[39m [32m[1mThen [22mLoan status will be [1m"APPROVED"[22m[39m                                                                                                                                            [90m# org.apache.fineract.test.stepdef.loan.LoanStepDef.loanStatus(java.lang.String)[39m
  [32m✔[39m [32m[1mWhen [22mAdmin sets the business date to [1m"3 January 2024"[22m[39m                                                                                                                          [90m# org.apache.fineract.test.stepdef.common.BusinessDateStepDef.setBusinessDate(java.lang.String)[39m
  [32m✔[39m [32m[1mAnd [22mAdmin successfully disburse the loan on [1m"3 January 2024"[22m with [1m"1000"[22m EUR transaction amount[39m                                                                                [90m# org.apache.fineract.test.stepdef.loan.LoanStepDef.disburseLoan(java.lang.String,java.lang.String)[39m
  [32m✔[39m [32m[1mAnd [22mAdmin sets the business date to [1m"4 January 2024"[22m[39m                                                                                                                           [90m# org.apache.fineract.test.stepdef.common.BusinessDateStepDef.setBusinessDate(java.lang.String)[39m
  [32m✔[39m [32m[1mAnd [22mAdmin adds capitalized income with [1m"AUTOPAY"[22m payment type to the loan on [1m"4 January 2024"[22m with [1m"500"[22m EUR transaction amount[39m                                                [90m# org.apache.fineract.test.stepdef.loan.LoanStepDef.adminAddsCapitalizedIncomeToTheLoanOnWithEURTransactionAmount(java.lang.String,java.lang.String,java.lang.String)[39m
  [32m✔[39m [32m[1mThen [22mLoan Repayment schedule has [1m6[22m periods, with the following data for periods:[39m                                                                                               [90m# org.apache.fineract.test.stepdef.loan.LoanStepDef.loanRepaymentSchedulePeriodsCheck(int,io.cucumber.datatable.DataTable)[39m
      | Nr | Days | Date             | Paid date | Balance of loan | Principal due | Interest | Fees | Penalties | Due    | Paid | In advance | Late | Outstanding |
      |    |      | 03 January 2024  |           | 1000.0          |               |          | 0.0  |           | 0.0    | 0.0  |            |      |             |
      |    |      | 04 January 2024  |           | 500.0           |               |          | 0.0  |           | 0.0    | 0.0  |            |      |             |
      | 1  | 31   | 03 February 2024 |           | 1253.55         | 246.45        | 8.66     | 0.0  | 0.0       | 255.11 | 0.0  | 0.0        | 0.0  | 255.11      |
      | 2  | 29   | 03 March 2024    |           | 1005.75         | 247.8         | 7.31     | 0.0  | 0.0       | 255.11 | 0.0  | 0.0        | 0.0  | 255.11      |
      | 3  | 31   | 03 April 2024    |           | 756.51          | 249.24        | 5.87     | 0.0  | 0.0       | 255.11 | 0.0  | 0.0        | 0.0  | 255.11      |
      | 4  | 30   | 03 May 2024      |           | 505.81          | 250.7         | 4.41     | 0.0  | 0.0       | 255.11 | 0.0  | 0.0        | 0.0  | 255.11      |
      | 5  | 31   | 03 June 2024     |           | 253.65          | 252.16        | 2.95     | 0.0  | 0.0       | 255.11 | 0.0  | 0.0        | 0.0  | 255.11      |
      | 6  | 30   | 03 July 2024     |           | 0.0             | 253.65        | 1.48     | 0.0  | 0.0       | 255.13 | 0.0  | 0.0        | 0.0  | 255.13      |
  [32m✔[39m [32m[1mAnd [22mLoan Repayment schedule has the following data in Total row:[39m                                                                                                               [90m# org.apache.fineract.test.stepdef.loan.LoanStepDef.loanRepaymentScheduleAmountCheck(io.cucumber.datatable.DataTable)[39m
      | Principal due | Interest | Fees | Penalties | Due     | Paid | In advance | Late | Outstanding |
      | 1500.0        | 30.68    | 0.0  | 0.0       | 1530.68 | 0.0  | 0.0        | 0.0  | 1530.68     |
  [32m✔[39m [32m[1mAnd [22mLoan Transactions tab has the following data:[39m                                                                                                                              [90m# org.apache.fineract.test.stepdef.loan.LoanStepDef.loanTransactionsTabCheck(io.cucumber.datatable.DataTable)[39m
      | Transaction date | Transaction Type   | Amount | Principal | Interest | Fees | Penalties | Loan Balance | Reverted |
      | 03 January 2024  | Disbursement       | 1000.0 | 0.0       | 0.0      | 0.0  | 0.0       | 1000.0       | false    |
      | 04 January 2024  | Capitalized Income | 500.0  | 500.0     | 0.0      | 0.0  | 0.0       | 1500.0       | false    |
  [32m✔[39m [32m[1mThen [22mAdmin fails to disburse the loan on [1m"04 January 2024"[22m with [1m"100"[22m EUR trn amount with total disb amount [1m"1100"[22m and max disb amount [1m"1500"[22m due to exceed max applied amount[39m [90m# org.apache.fineract.test.stepdef.loan.LoanStepDef.disbursementForbiddenExceedMaxAppliedAmount(java.lang.String,java.lang.String,java.lang.String,java.lang.String)[39m
  [32m✔[39m [32m[1mThen [22mCapitalized income with payment type [1m"AUTOPAY"[22m on [1m"04 January 2024"[22m is forbidden with amount [1m"100"[22m while exceed approved amount[39m                                           [90m# org.apache.fineract.test.stepdef.loan.LoanStepDef.capitalizedIncomeForbiddenExceedApprovedAmount(java.lang.String,java.lang.String,java.lang.String)[39m
  [32m✔[39m [32m[1mWhen [22mLoan Pay-off is made on [1m"04 January 2024"[22m[39m                                                                                                                                 [90m# org.apache.fineract.test.stepdef.loan.LoanRepaymentStepDef.makeLoanPayOff(java.lang.String)[39m
  [32m✔[39m [32m[1mThen [22mLoan is closed with zero outstanding balance and it's all installments have obligations met[39m                                                                               [90m# org.apache.fineract.test.stepdef.loan.LoanStepDef.loanClosedAndInstallmentsObligationsMet()[39m

@CapitalizedIncomeFeature @TestRailId:C3777
[1mScenario:[22m Verify capitalized income with disbursement amount within approved over applied amount with flat type with undo last disbursal for multidisbursal loan - UC16            [90m# fineract-e2e-tests-runner/src/test/resources/features/LoanCapitalizedIncome-Part1.feature:774[39m
  [32m✔[39m [32m[1mWhen [22mAdmin sets the business date to [1m"1 January 2024"[22m[39m                                                                                                                          [90m# org.apache.fineract.test.stepdef.common.BusinessDateStepDef.setBusinessDate(java.lang.String)[39m
  [32m✔[39m [32m[1mAnd [22mAdmin creates a client with random data[39m                                                                                                                                    [90m# org.apache.fineract.test.stepdef.common.ClientStepDef.createClientRandomFirstNameLastName()[39m
  [32m✔[39m [32m[1mAnd [22mAdmin creates a fully customized loan with the following data:[39m                                                                                                             [90m# org.apache.fineract.test.stepdef.loan.LoanStepDef.createFullyCustomizedLoan(io.cucumber.datatable.DataTable)[39m
      | LoanProduct                                                                                   | submitted on date | with Principal | ANNUAL interest rate % | interest type     | interest calculation period | amortization type  | loanTermFrequency | loanTermFrequencyType | repaymentEvery | repaymentFrequencyType | numberOfRepayments | graceOnPrincipalPayment | graceOnInterestPayment | interest free period | Payment strategy            |
      | LP2_ADV_PYMNT_INTEREST_DAILY_RECALC_EMI_360_30_MULTIDISB_OVER_APPLIED_FLAT_CAPITALIZED_INCOME | 01 January 2024   | 1000           | 7                      | DECLINING_BALANCE | DAILY                       | EQUAL_INSTALLMENTS | 6                 | MONTHS                | 1              | MONTHS                 | 6                  | 0                       | 0                      | 0                    | ADVANCED_PAYMENT_ALLOCATION |
  [32m✔[39m [32m[1mAnd [22mAdmin successfully approves the loan on [1m"1 January 2024"[22m with [1m"1500"[22m amount and expected disbursement date on [1m"1 January 2024"[22m[39m                                             [90m# org.apache.fineract.test.stepdef.loan.LoanStepDef.approveLoan(java.lang.String,java.lang.String,java.lang.String)[39m
  [32m✔[39m [32m[1mAnd [22mAdmin successfully disburse the loan on [1m"1 January 2024"[22m with [1m"1000"[22m EUR transaction amount[39m                                                                                [90m# org.apache.fineract.test.stepdef.loan.LoanStepDef.disburseLoan(java.lang.String,java.lang.String)[39m
  [32m✔[39m [32m[1mThen [22mLoan status will be [1m"ACTIVE"[22m[39m                                                                                                                                              [90m# org.apache.fineract.test.stepdef.loan.LoanStepDef.loanStatus(java.lang.String)[39m
  [32m✔[39m [32m[1mWhen [22mAdmin sets the business date to [1m"2 January 2024"[22m[39m                                                                                                                          [90m# org.apache.fineract.test.stepdef.common.BusinessDateStepDef.setBusinessDate(java.lang.String)[39m
  [32m✔[39m [32m[1mAnd [22mAdmin adds capitalized income with [1m"AUTOPAY"[22m payment type to the loan on [1m"2 January 2024"[22m with [1m"600"[22m EUR transaction amount[39m                                                [90m# org.apache.fineract.test.stepdef.loan.LoanStepDef.adminAddsCapitalizedIncomeToTheLoanOnWithEURTransactionAmount(java.lang.String,java.lang.String,java.lang.String)[39m
  [32m✔[39m [32m[1mAnd [22mAdmin successfully disburse the loan on [1m"2 January 2024"[22m with [1m"400"[22m EUR transaction amount[39m                                                                                 [90m# org.apache.fineract.test.stepdef.loan.LoanStepDef.disburseLoan(java.lang.String,java.lang.String)[39m
  [32m✔[39m [32m[1mThen [22mLoan Repayment schedule has [1m6[22m periods, with the following data for periods:[39m                                                                                               [90m# org.apache.fineract.test.stepdef.loan.LoanStepDef.loanRepaymentSchedulePeriodsCheck(int,io.cucumber.datatable.DataTable)[39m
      | Nr | Days | Date             | Paid date | Balance of loan | Principal due | Interest | Fees | Penalties | Due    | Paid | In advance | Late | Outstanding |
      |    |      | 01 January 2024  |           | 1000.0          |               |          | 0.0  |           | 0.0    | 0.0  |            |      |             |
      |    |      | 02 January 2024  |           | 400.0           |               |          | 0.0  |           | 0.0    | 0.0  |            |      |             |
      |    |      | 02 January 2024  |           | 600.0           |               |          | 0.0  |           | 0.0    | 0.0  |            |      |             |
      | 1  | 31   | 01 February 2024 |           | 1671.34         | 328.66        | 11.48    | 0.0  | 0.0       | 340.14 | 0.0  | 0.0        | 0.0  | 340.14      |
      | 2  | 29   | 01 March 2024    |           | 1340.95         | 330.39        | 9.75     | 0.0  | 0.0       | 340.14 | 0.0  | 0.0        | 0.0  | 340.14      |
      | 3  | 31   | 01 April 2024    |           | 1008.63         | 332.32        | 7.82     | 0.0  | 0.0       | 340.14 | 0.0  | 0.0        | 0.0  | 340.14      |
      | 4  | 30   | 01 May 2024      |           | 674.37          | 334.26        | 5.88     | 0.0  | 0.0       | 340.14 | 0.0  | 0.0        | 0.0  | 340.14      |
      | 5  | 31   | 01 June 2024     |           | 338.16          | 336.21        | 3.93     | 0.0  | 0.0       | 340.14 | 0.0  | 0.0        | 0.0  | 340.14      |
      | 6  | 30   | 01 July 2024     |           | 0.0             | 338.16        | 1.97     | 0.0  | 0.0       | 340.13 | 0.0  | 0.0        | 0.0  | 340.13      |
  [32m✔[39m [32m[1mAnd [22mLoan Repayment schedule has the following data in Total row:[39m                                                                                                               [90m# org.apache.fineract.test.stepdef.loan.LoanStepDef.loanRepaymentScheduleAmountCheck(io.cucumber.datatable.DataTable)[39m
      | Principal due | Interest | Fees | Penalties | Due     | Paid | In advance | Late | Outstanding |
      | 2000.0        | 40.83    | 0.0  | 0.0       | 2040.83 | 0.0  | 0.0        | 0.0  | 2040.83     |
  [32m✔[39m [32m[1mAnd [22mLoan Transactions tab has the following data:[39m                                                                                                                              [90m# org.apache.fineract.test.stepdef.loan.LoanStepDef.loanTransactionsTabCheck(io.cucumber.datatable.DataTable)[39m
      | Transaction date | Transaction Type   | Amount | Principal | Interest | Fees | Penalties | Loan Balance | Reverted |
      | 01 January 2024  | Disbursement       | 1000.0 | 0.0       | 0.0      | 0.0  | 0.0       | 1000.0       | false    |
      | 02 January 2024  | Capitalized Income | 600.0  | 600.0     | 0.0      | 0.0  | 0.0       | 1600.0       | false    |
      | 02 January 2024  | Disbursement       | 400.0  | 0.0       | 0.0      | 0.0  | 0.0       | 2000.0       | false    |
  [32m✔[39m [32m[1mAnd [22mLoan Transactions tab has a [1m"CAPITALIZED_INCOME"[22m transaction with date [1m"02 January 2024"[22m which has the following Journal entries:[39m                                          [90m# org.apache.fineract.test.stepdef.common.JournalEntriesStepDef.journalEntryDataCheck(java.lang.String,java.lang.String,io.cucumber.datatable.DataTable)[39m
      | Type      | Account code | Account name                | Debit | Credit |
      | ASSET     | 112601       | Loans Receivable            | 600.0 |        |
      | LIABILITY | 145024       | Deferred Capitalized Income |       | 600.0  |
  [32m✔[39m [32m[1mThen [22mAdmin fails to disburse the loan on [1m"02 January 2024"[22m with [1m"200"[22m EUR trn amount with total disb amount [1m"1600"[22m and max disb amount [1m"2000"[22m due to exceed max applied amount[39m [90m# org.apache.fineract.test.stepdef.loan.LoanStepDef.disbursementForbiddenExceedMaxAppliedAmount(java.lang.String,java.lang.String,java.lang.String,java.lang.String)[39m
  [32m✔[39m [32m[1mThen [22mCapitalized income with payment type [1m"AUTOPAY"[22m on [1m"02 January 2024"[22m is forbidden with amount [1m"101"[22m while exceed approved amount[39m                                           [90m# org.apache.fineract.test.stepdef.loan.LoanStepDef.capitalizedIncomeForbiddenExceedApprovedAmount(java.lang.String,java.lang.String,java.lang.String)[39m
  [32m✔[39m [32m[1mWhen [22mAdmin successfully undo last disbursal[39m                                                                                                                                    [90m# org.apache.fineract.test.stepdef.loan.LoanStepDef.undoLastDisbursal()[39m
  [32m✔[39m [32m[1mWhen [22mAdmin sets the business date to [1m"3 January 2024"[22m[39m                                                                                                                          [90m# org.apache.fineract.test.stepdef.common.BusinessDateStepDef.setBusinessDate(java.lang.String)[39m
  [32m✔[39m [32m[1mAnd [22mAdmin adds capitalized income with [1m"AUTOPAY"[22m payment type to the loan on [1m"3 January 2024"[22m with [1m"200"[22m EUR transaction amount[39m                                                [90m# org.apache.fineract.test.stepdef.loan.LoanStepDef.adminAddsCapitalizedIncomeToTheLoanOnWithEURTransactionAmount(java.lang.String,java.lang.String,java.lang.String)[39m
  [32m✔[39m [32m[1mThen [22mLoan Repayment schedule has [1m6[22m periods, with the following data for periods:[39m                                                                                               [90m# org.apache.fineract.test.stepdef.loan.LoanStepDef.loanRepaymentSchedulePeriodsCheck(int,io.cucumber.datatable.DataTable)[39m
      | Nr | Days | Date             | Paid date | Balance of loan | Principal due | Interest | Fees | Penalties | Due    | Paid | In advance | Late | Outstanding |
      |    |      | 01 January 2024  |           | 1000.0          |               |          | 0.0  |           | 0.0    | 0.0  |            |      |             |
      |    |      | 02 January 2024  |           | 600.0           |               |          | 0.0  |           | 0.0    | 0.0  |            |      |             |
      |    |      | 03 January 2024  |           | 200.0           |               |          | 0.0  |           | 0.0    | 0.0  |            |      |             |
      | 1  | 31   | 01 February 2024 |           | 1504.19         | 295.81        | 10.31    | 0.0  | 0.0       | 306.12 | 0.0  | 0.0        | 0.0  | 306.12      |
      | 2  | 29   | 01 March 2024    |           | 1206.84         | 297.35        | 8.77     | 0.0  | 0.0       | 306.12 | 0.0  | 0.0        | 0.0  | 306.12      |
      | 3  | 31   | 01 April 2024    |           | 907.76          | 299.08        | 7.04     | 0.0  | 0.0       | 306.12 | 0.0  | 0.0        | 0.0  | 306.12      |
      | 4  | 30   | 01 May 2024      |           | 606.94          | 300.82        | 5.3      | 0.0  | 0.0       | 306.12 | 0.0  | 0.0        | 0.0  | 306.12      |
      | 5  | 31   | 01 June 2024     |           | 304.36          | 302.58        | 3.54     | 0.0  | 0.0       | 306.12 | 0.0  | 0.0        | 0.0  | 306.12      |
      | 6  | 30   | 01 July 2024     |           | 0.0             | 304.36        | 1.78     | 0.0  | 0.0       | 306.14 | 0.0  | 0.0        | 0.0  | 306.14      |
  [32m✔[39m [32m[1mAnd [22mLoan Repayment schedule has the following data in Total row:[39m                                                                                                               [90m# org.apache.fineract.test.stepdef.loan.LoanStepDef.loanRepaymentScheduleAmountCheck(io.cucumber.datatable.DataTable)[39m
      | Principal due | Interest | Fees | Penalties | Due     | Paid | In advance | Late | Outstanding |
      | 1800.0        | 36.74    | 0.0  | 0.0       | 1836.74 | 0.0  | 0.0        | 0.0  | 1836.74     |
  [32m✔[39m [32m[1mAnd [22mLoan Transactions tab has the following data:[39m                                                                                                                              [90m# org.apache.fineract.test.stepdef.loan.LoanStepDef.loanTransactionsTabCheck(io.cucumber.datatable.DataTable)[39m
      | Transaction date | Transaction Type   | Amount | Principal | Interest | Fees | Penalties | Loan Balance | Reverted |
      | 01 January 2024  | Disbursement       | 1000.0 | 0.0       | 0.0      | 0.0  | 0.0       | 1000.0       | false    |
      | 02 January 2024  | Capitalized Income | 600.0  | 600.0     | 0.0      | 0.0  | 0.0       | 1600.0       | false    |
      | 03 January 2024  | Capitalized Income | 200.0  | 200.0     | 0.0      | 0.0  | 0.0       | 1800.0       | false    |
  [32m✔[39m [32m[1mThen [22mAdmin fails to disburse the loan on [1m"03 January 2024"[22m with [1m"201"[22m EUR trn amount with total disb amount [1m"1201"[22m and max disb amount [1m"2000"[22m due to exceed max applied amount[39m [90m# org.apache.fineract.test.stepdef.loan.LoanStepDef.disbursementForbiddenExceedMaxAppliedAmount(java.lang.String,java.lang.String,java.lang.String,java.lang.String)[39m
  [32m✔[39m [32m[1mThen [22mCapitalized income with payment type [1m"AUTOPAY"[22m on [1m"03 January 2024"[22m is forbidden with amount [1m"300"[22m while exceed approved amount[39m                                           [90m# org.apache.fineract.test.stepdef.loan.LoanStepDef.capitalizedIncomeForbiddenExceedApprovedAmount(java.lang.String,java.lang.String,java.lang.String)[39m
  [32m✔[39m [32m[1mWhen [22mLoan Pay-off is made on [1m"03 January 2024"[22m[39m                                                                                                                                 [90m# org.apache.fineract.test.stepdef.loan.LoanRepaymentStepDef.makeLoanPayOff(java.lang.String)[39m
  [32m✔[39m [32m[1mThen [22mLoan is closed with zero outstanding balance and it's all installments have obligations met[39m                                                                               [90m# org.apache.fineract.test.stepdef.loan.LoanStepDef.loanClosedAndInstallmentsObligationsMet()[39m

@CapitalizedIncomeFeature @TestRailId:C3778
[1mScenario:[22m Verify capitalized income with disbursement amount within approved over applied amount with percentage type with undo disbursal for single disbursal loan - UC17 [90m# fineract-e2e-tests-runner/src/test/resources/features/LoanCapitalizedIncome-Part1.feature:840[39m
  [32m✔[39m [32m[1mWhen [22mAdmin sets the business date to [1m"1 January 2024"[22m[39m                                                                                                                  [90m# org.apache.fineract.test.stepdef.common.BusinessDateStepDef.setBusinessDate(java.lang.String)[39m
  [32m✔[39m [32m[1mAnd [22mAdmin creates a client with random data[39m                                                                                                                            [90m# org.apache.fineract.test.stepdef.common.ClientStepDef.createClientRandomFirstNameLastName()[39m
  [32m✔[39m [32m[1mAnd [22mAdmin creates a fully customized loan with the following data:[39m                                                                                                     [90m# org.apache.fineract.test.stepdef.loan.LoanStepDef.createFullyCustomizedLoan(io.cucumber.datatable.DataTable)[39m
      | LoanProduct                                                                                        | submitted on date | with Principal | ANNUAL interest rate % | interest type     | interest calculation period | amortization type  | loanTermFrequency | loanTermFrequencyType | repaymentEvery | repaymentFrequencyType | numberOfRepayments | graceOnPrincipalPayment | graceOnInterestPayment | interest free period | Payment strategy            |
      | LP2_ADV_PYMNT_INTEREST_DAILY_RECALC_EMI_360_30_APPROVED_OVER_APPLIED_PERCENTAGE_CAPITALIZED_INCOME | 01 January 2024   | 1000           | 7                      | DECLINING_BALANCE | DAILY                       | EQUAL_INSTALLMENTS | 6                 | MONTHS                | 1              | MONTHS                 | 6                  | 0                       | 0                      | 0                    | ADVANCED_PAYMENT_ALLOCATION |
  [32m✔[39m [32m[1mAnd [22mAdmin successfully approves the loan on [1m"1 January 2024"[22m with [1m"1200"[22m amount and expected disbursement date on [1m"1 January 2024"[22m[39m                                     [90m# org.apache.fineract.test.stepdef.loan.LoanStepDef.approveLoan(java.lang.String,java.lang.String,java.lang.String)[39m
  [32m✔[39m [32m[1mAnd [22mAdmin successfully disburse the loan on [1m"1 January 2024"[22m with [1m"1000"[22m EUR transaction amount[39m                                                                        [90m# org.apache.fineract.test.stepdef.loan.LoanStepDef.disburseLoan(java.lang.String,java.lang.String)[39m
  [32m✔[39m [32m[1mThen [22mLoan status will be [1m"ACTIVE"[22m[39m                                                                                                                                      [90m# org.apache.fineract.test.stepdef.loan.LoanStepDef.loanStatus(java.lang.String)[39m
  [32m✔[39m [32m[1mWhen [22mAdmin sets the business date to [1m"2 January 2024"[22m[39m                                                                                                                  [90m# org.apache.fineract.test.stepdef.common.BusinessDateStepDef.setBusinessDate(java.lang.String)[39m
  [32m✔[39m [32m[1mAnd [22mAdmin adds capitalized income with [1m"AUTOPAY"[22m payment type to the loan on [1m"2 January 2024"[22m with [1m"400"[22m EUR transaction amount[39m                                        [90m# org.apache.fineract.test.stepdef.loan.LoanStepDef.adminAddsCapitalizedIncomeToTheLoanOnWithEURTransactionAmount(java.lang.String,java.lang.String,java.lang.String)[39m
  [32m✔[39m [32m[1mThen [22mLoan Repayment schedule has [1m6[22m periods, with the following data for periods:[39m                                                                                       [90m# org.apache.fineract.test.stepdef.loan.LoanStepDef.loanRepaymentSchedulePeriodsCheck(int,io.cucumber.datatable.DataTable)[39m
      | Nr | Days | Date             | Paid date | Balance of loan | Principal due | Interest | Fees | Penalties | Due    | Paid | In advance | Late | Outstanding |
      |    |      | 01 January 2024  |           | 1000.0          |               |          | 0.0  |           | 0.0    | 0.0  |            |      |             |
      |    |      | 02 January 2024  |           | 400.0           |               |          | 0.0  |           | 0.0    | 0.0  |            |      |             |
      | 1  | 31   | 01 February 2024 |           | 1169.98         | 230.02        | 8.09     | 0.0  | 0.0       | 238.11 | 0.0  | 0.0        | 0.0  | 238.11      |
      | 2  | 29   | 01 March 2024    |           | 938.69          | 231.29        | 6.82     | 0.0  | 0.0       | 238.11 | 0.0  | 0.0        | 0.0  | 238.11      |
      | 3  | 31   | 01 April 2024    |           | 706.06          | 232.63        | 5.48     | 0.0  | 0.0       | 238.11 | 0.0  | 0.0        | 0.0  | 238.11      |
      | 4  | 30   | 01 May 2024      |           | 472.07          | 233.99        | 4.12     | 0.0  | 0.0       | 238.11 | 0.0  | 0.0        | 0.0  | 238.11      |
      | 5  | 31   | 01 June 2024     |           | 236.71          | 235.36        | 2.75     | 0.0  | 0.0       | 238.11 | 0.0  | 0.0        | 0.0  | 238.11      |
      | 6  | 30   | 01 July 2024     |           | 0.0             | 236.71        | 1.38     | 0.0  | 0.0       | 238.09 | 0.0  | 0.0        | 0.0  | 238.09      |
  [32m✔[39m [32m[1mAnd [22mLoan Repayment schedule has the following data in Total row:[39m                                                                                                       [90m# org.apache.fineract.test.stepdef.loan.LoanStepDef.loanRepaymentScheduleAmountCheck(io.cucumber.datatable.DataTable)[39m
      | Principal due | Interest | Fees | Penalties | Due     | Paid | In advance | Late | Outstanding |
      | 1400.0        | 28.64    | 0.0  | 0.0       | 1428.64 | 0.0  | 0.0        | 0.0  | 1428.64     |
  [32m✔[39m [32m[1mAnd [22mLoan Transactions tab has the following data:[39m                                                                                                                      [90m# org.apache.fineract.test.stepdef.loan.LoanStepDef.loanTransactionsTabCheck(io.cucumber.datatable.DataTable)[39m
      | Transaction date | Transaction Type   | Amount | Principal | Interest | Fees | Penalties | Loan Balance | Reverted |
      | 01 January 2024  | Disbursement       | 1000.0 | 0.0       | 0.0      | 0.0  | 0.0       | 1000.0       | false    |
      | 02 January 2024  | Capitalized Income | 400.0  | 400.0     | 0.0      | 0.0  | 0.0       | 1400.0       | false    |
  [32m✔[39m [32m[1mAnd [22mLoan Transactions tab has a [1m"CAPITALIZED_INCOME"[22m transaction with date [1m"02 January 2024"[22m which has the following Journal entries:[39m                                  [90m# org.apache.fineract.test.stepdef.common.JournalEntriesStepDef.journalEntryDataCheck(java.lang.String,java.lang.String,io.cucumber.datatable.DataTable)[39m
      | Type      | Account code | Account name                | Debit | Credit |
      | ASSET     | 112601       | Loans Receivable            | 400.0 |        |
      | LIABILITY | 145024       | Deferred Capitalized Income |       | 400.0  |
  [32m✔[39m [32m[1mThen [22mCapitalized income with payment type [1m"AUTOPAY"[22m on [1m"02 January 2024"[22m is forbidden with amount [1m"200"[22m while exceed approved amount[39m                                   [90m# org.apache.fineract.test.stepdef.loan.LoanStepDef.capitalizedIncomeForbiddenExceedApprovedAmount(java.lang.String,java.lang.String,java.lang.String)[39m
  [32m✔[39m [32m[1mWhen [22mAdmin successfully undo disbursal[39m                                                                                                                                 [90m# org.apache.fineract.test.stepdef.loan.LoanStepDef.undoDisbursal()[39m
  [32m✔[39m [32m[1mThen [22mLoan status will be [1m"APPROVED"[22m[39m                                                                                                                                    [90m# org.apache.fineract.test.stepdef.loan.LoanStepDef.loanStatus(java.lang.String)[39m
  [32m✔[39m [32m[1mWhen [22mAdmin sets the business date to [1m"3 January 2024"[22m[39m                                                                                                                  [90m# org.apache.fineract.test.stepdef.common.BusinessDateStepDef.setBusinessDate(java.lang.String)[39m
  [32m✔[39m [32m[1mAnd [22mAdmin successfully disburse the loan on [1m"3 January 2024"[22m with [1m"1000"[22m EUR transaction amount[39m                                                                        [90m# org.apache.fineract.test.stepdef.loan.LoanStepDef.disburseLoan(java.lang.String,java.lang.String)[39m
  [32m✔[39m [32m[1mAnd [22mAdmin sets the business date to [1m"4 January 2024"[22m[39m                                                                                                                   [90m# org.apache.fineract.test.stepdef.common.BusinessDateStepDef.setBusinessDate(java.lang.String)[39m
  [32m✔[39m [32m[1mAnd [22mAdmin adds capitalized income with [1m"AUTOPAY"[22m payment type to the loan on [1m"4 January 2024"[22m with [1m"500"[22m EUR transaction amount[39m                                        [90m# org.apache.fineract.test.stepdef.loan.LoanStepDef.adminAddsCapitalizedIncomeToTheLoanOnWithEURTransactionAmount(java.lang.String,java.lang.String,java.lang.String)[39m
  [32m✔[39m [32m[1mThen [22mLoan Repayment schedule has [1m6[22m periods, with the following data for periods:[39m                                                                                       [90m# org.apache.fineract.test.stepdef.loan.LoanStepDef.loanRepaymentSchedulePeriodsCheck(int,io.cucumber.datatable.DataTable)[39m
      | Nr | Days | Date             | Paid date | Balance of loan | Principal due | Interest | Fees | Penalties | Due    | Paid | In advance | Late | Outstanding |
      |    |      | 03 January 2024  |           | 1000.0          |               |          | 0.0  |           | 0.0    | 0.0  |            |      |             |
      |    |      | 04 January 2024  |           | 500.0           |               |          | 0.0  |           | 0.0    | 0.0  |            |      |             |
      | 1  | 31   | 03 February 2024 |           | 1253.55         | 246.45        | 8.66     | 0.0  | 0.0       | 255.11 | 0.0  | 0.0        | 0.0  | 255.11      |
      | 2  | 29   | 03 March 2024    |           | 1005.75         | 247.8         | 7.31     | 0.0  | 0.0       | 255.11 | 0.0  | 0.0        | 0.0  | 255.11      |
      | 3  | 31   | 03 April 2024    |           | 756.51          | 249.24        | 5.87     | 0.0  | 0.0       | 255.11 | 0.0  | 0.0        | 0.0  | 255.11      |
      | 4  | 30   | 03 May 2024      |           | 505.81          | 250.7         | 4.41     | 0.0  | 0.0       | 255.11 | 0.0  | 0.0        | 0.0  | 255.11      |
      | 5  | 31   | 03 June 2024     |           | 253.65          | 252.16        | 2.95     | 0.0  | 0.0       | 255.11 | 0.0  | 0.0        | 0.0  | 255.11      |
      | 6  | 30   | 03 July 2024     |           | 0.0             | 253.65        | 1.48     | 0.0  | 0.0       | 255.13 | 0.0  | 0.0        | 0.0  | 255.13      |
  [32m✔[39m [32m[1mAnd [22mLoan Repayment schedule has the following data in Total row:[39m                                                                                                       [90m# org.apache.fineract.test.stepdef.loan.LoanStepDef.loanRepaymentScheduleAmountCheck(io.cucumber.datatable.DataTable)[39m
      | Principal due | Interest | Fees | Penalties | Due     | Paid | In advance | Late | Outstanding |
      | 1500.0        | 30.68    | 0.0  | 0.0       | 1530.68 | 0.0  | 0.0        | 0.0  | 1530.68     |
  [32m✔[39m [32m[1mAnd [22mLoan Transactions tab has the following data:[39m                                                                                                                      [90m# org.apache.fineract.test.stepdef.loan.LoanStepDef.loanTransactionsTabCheck(io.cucumber.datatable.DataTable)[39m
      | Transaction date | Transaction Type   | Amount | Principal | Interest | Fees | Penalties | Loan Balance | Reverted |
      | 03 January 2024  | Disbursement       | 1000.0 | 0.0       | 0.0      | 0.0  | 0.0       | 1000.0       | false    |
      | 04 January 2024  | Capitalized Income | 500.0  | 500.0     | 0.0      | 0.0  | 0.0       | 1500.0       | false    |
  [32m✔[39m [32m[1mThen [22mCapitalized income with payment type [1m"AUTOPAY"[22m on [1m"04 January 2024"[22m is forbidden with amount [1m"100"[22m while exceed approved amount[39m                                   [90m# org.apache.fineract.test.stepdef.loan.LoanStepDef.capitalizedIncomeForbiddenExceedApprovedAmount(java.lang.String,java.lang.String,java.lang.String)[39m
  [32m✔[39m [32m[1mWhen [22mLoan Pay-off is made on [1m"04 January 2024"[22m[39m                                                                                                                         [90m# org.apache.fineract.test.stepdef.loan.LoanRepaymentStepDef.makeLoanPayOff(java.lang.String)[39m
  [32m✔[39m [32m[1mThen [22mLoan is closed with zero outstanding balance and it's all installments have obligations met[39m                                                                       [90m# org.apache.fineract.test.stepdef.loan.LoanStepDef.loanClosedAndInstallmentsObligationsMet()[39m

@CapitalizedIncomeFeature @TestRailId:C3779
[1mScenario:[22m Verify capitalized income with adjustment amount with disbursement amount within approved over applied amount with flat type for single disbursal loan - UC18 [90m# fineract-e2e-tests-runner/src/test/resources/features/LoanCapitalizedIncome-Part1.feature:902[39m
  [32m✔[39m [32m[1mWhen [22mAdmin sets the business date to [1m"1 January 2024"[22m[39m                                                                                                               [90m# org.apache.fineract.test.stepdef.common.BusinessDateStepDef.setBusinessDate(java.lang.String)[39m
  [32m✔[39m [32m[1mAnd [22mAdmin creates a client with random data[39m                                                                                                                         [90m# org.apache.fineract.test.stepdef.common.ClientStepDef.createClientRandomFirstNameLastName()[39m
  [32m✔[39m [32m[1mAnd [22mAdmin creates a fully customized loan with the following data:[39m                                                                                                  [90m# org.apache.fineract.test.stepdef.loan.LoanStepDef.createFullyCustomizedLoan(io.cucumber.datatable.DataTable)[39m
      | LoanProduct                                                                                  | submitted on date | with Principal | ANNUAL interest rate % | interest type     | interest calculation period | amortization type  | loanTermFrequency | loanTermFrequencyType | repaymentEvery | repaymentFrequencyType | numberOfRepayments | graceOnPrincipalPayment | graceOnInterestPayment | interest free period | Payment strategy            |
      | LP2_ADV_PYMNT_INTEREST_DAILY_RECALC_EMI_360_30_APPROVED_OVER_APPLIED_FLAT_CAPITALIZED_INCOME | 01 January 2024   | 1000           | 7                      | DECLINING_BALANCE | DAILY                       | EQUAL_INSTALLMENTS | 6                 | MONTHS                | 1              | MONTHS                 | 6                  | 0                       | 0                      | 0                    | ADVANCED_PAYMENT_ALLOCATION |
  [32m✔[39m [32m[1mAnd [22mAdmin successfully approves the loan on [1m"1 January 2024"[22m with [1m"1800"[22m amount and expected disbursement date on [1m"1 January 2024"[22m[39m                                  [90m# org.apache.fineract.test.stepdef.loan.LoanStepDef.approveLoan(java.lang.String,java.lang.String,java.lang.String)[39m
  [32m✔[39m [32m[1mAnd [22mAdmin successfully disburse the loan on [1m"1 January 2024"[22m with [1m"1500"[22m EUR transaction amount[39m                                                                     [90m# org.apache.fineract.test.stepdef.loan.LoanStepDef.disburseLoan(java.lang.String,java.lang.String)[39m
  [32m✔[39m [32m[1mThen [22mLoan status will be [1m"ACTIVE"[22m[39m                                                                                                                                   [90m# org.apache.fineract.test.stepdef.loan.LoanStepDef.loanStatus(java.lang.String)[39m
  [32m✔[39m [32m[1mWhen [22mAdmin sets the business date to [1m"2 January 2024"[22m[39m                                                                                                               [90m# org.apache.fineract.test.stepdef.common.BusinessDateStepDef.setBusinessDate(java.lang.String)[39m
  [32m✔[39m [32m[1mAnd [22mAdmin runs inline COB job for Loan[39m                                                                                                                              [90m# org.apache.fineract.test.stepdef.loan.InlineCOBStepDef.runInlineCOB()[39m
  [32m✔[39m [32m[1mAnd [22mAdmin adds capitalized income with [1m"AUTOPAY"[22m payment type to the loan on [1m"2 January 2024"[22m with [1m"400"[22m EUR transaction amount[39m                                     [90m# org.apache.fineract.test.stepdef.loan.LoanStepDef.adminAddsCapitalizedIncomeToTheLoanOnWithEURTransactionAmount(java.lang.String,java.lang.String,java.lang.String)[39m
  [32m✔[39m [32m[1mThen [22mLoan Repayment schedule has [1m6[22m periods, with the following data for periods:[39m                                                                                    [90m# org.apache.fineract.test.stepdef.loan.LoanStepDef.loanRepaymentSchedulePeriodsCheck(int,io.cucumber.datatable.DataTable)[39m
      | Nr | Days | Date             | Paid date | Balance of loan | Principal due | Interest | Fees | Penalties | Due    | Paid | In advance | Late | Outstanding |
      |    |      | 01 January 2024  |           | 1500.0          |               |          | 0.0  |           | 0.0    | 0.0  |            |      |             |
      |    |      | 02 January 2024  |           | 400.0           |               |          | 0.0  |           | 0.0    | 0.0  |            |      |             |
      | 1  | 31   | 01 February 2024 |           | 1587.86         | 312.14        | 11.01    | 0.0  | 0.0       | 323.15 | 0.0  | 0.0        | 0.0  | 323.15      |
      | 2  | 29   | 01 March 2024    |           | 1273.97         | 313.89        | 9.26     | 0.0  | 0.0       | 323.15 | 0.0  | 0.0        | 0.0  | 323.15      |
      | 3  | 31   | 01 April 2024    |           | 958.25          | 315.72        | 7.43     | 0.0  | 0.0       | 323.15 | 0.0  | 0.0        | 0.0  | 323.15      |
      | 4  | 30   | 01 May 2024      |           | 640.69          | 317.56        | 5.59     | 0.0  | 0.0       | 323.15 | 0.0  | 0.0        | 0.0  | 323.15      |
      | 5  | 31   | 01 June 2024     |           | 321.28          | 319.41        | 3.74     | 0.0  | 0.0       | 323.15 | 0.0  | 0.0        | 0.0  | 323.15      |
      | 6  | 30   | 01 July 2024     |           | 0.0             | 321.28        | 1.87     | 0.0  | 0.0       | 323.15 | 0.0  | 0.0        | 0.0  | 323.15      |
  [32m✔[39m [32m[1mAnd [22mLoan Repayment schedule has the following data in Total row:[39m                                                                                                    [90m# org.apache.fineract.test.stepdef.loan.LoanStepDef.loanRepaymentScheduleAmountCheck(io.cucumber.datatable.DataTable)[39m
      | Principal due | Interest | Fees | Penalties | Due    | Paid | In advance | Late | Outstanding |
      | 1900.0        | 38.9     | 0.0  | 0.0       | 1938.9 | 0.0  | 0.0        | 0.0  | 1938.9      |
  [32m✔[39m [32m[1mAnd [22mLoan Transactions tab has the following data:[39m                                                                                                                   [90m# org.apache.fineract.test.stepdef.loan.LoanStepDef.loanTransactionsTabCheck(io.cucumber.datatable.DataTable)[39m
      | Transaction date | Transaction Type   | Amount | Principal | Interest | Fees | Penalties | Loan Balance | Reverted |
      | 01 January 2024  | Disbursement       | 1500.0 | 0.0       | 0.0      | 0.0  | 0.0       | 1500.0       | false    |
      | 02 January 2024  | Capitalized Income | 400.0  | 400.0     | 0.0      | 0.0  | 0.0       | 1900.0       | false    |
  [32m✔[39m [32m[1mAnd [22mLoan Transactions tab has a [1m"CAPITALIZED_INCOME"[22m transaction with date [1m"02 January 2024"[22m which has the following Journal entries:[39m                               [90m# org.apache.fineract.test.stepdef.common.JournalEntriesStepDef.journalEntryDataCheck(java.lang.String,java.lang.String,io.cucumber.datatable.DataTable)[39m
      | Type      | Account code | Account name                | Debit | Credit |
      | ASSET     | 112601       | Loans Receivable            | 400.0 |        |
      | LIABILITY | 145024       | Deferred Capitalized Income |       | 400.0  |
  [32m✔[39m [32m[1mThen [22mCapitalized income with payment type [1m"AUTOPAY"[22m on [1m"02 January 2024"[22m is forbidden with amount [1m"200"[22m while exceed approved amount[39m                                [90m# org.apache.fineract.test.stepdef.loan.LoanStepDef.capitalizedIncomeForbiddenExceedApprovedAmount(java.lang.String,java.lang.String,java.lang.String)[39m
  [32m✔[39m [32m[1mAnd [22mAdmin adds capitalized income adjustment with [1m"AUTOPAY"[22m payment type to the loan on [1m"02 January 2024"[22m with [1m"200"[22m EUR transaction amount[39m                         [90m# org.apache.fineract.test.stepdef.loan.LoanStepDef.adminAddsCapitalizedIncomeAdjustmentToTheLoan(java.lang.String,java.lang.String,java.lang.String)[39m
  [32m✔[39m [32m[1mAnd [22mLoan Transactions tab has the following data:[39m                                                                                                                   [90m# org.apache.fineract.test.stepdef.loan.LoanStepDef.loanTransactionsTabCheck(io.cucumber.datatable.DataTable)[39m
      | Transaction date | Transaction Type              | Amount | Principal | Interest | Fees | Penalties | Loan Balance | Reverted |
      | 01 January 2024  | Disbursement                  | 1500.0 | 0.0       | 0.0      | 0.0  | 0.0       | 1500.0       | false    |
      | 02 January 2024  | Capitalized Income            | 400.0  | 400.0     | 0.0      | 0.0  | 0.0       | 1900.0       | false    |
      | 02 January 2024  | Capitalized Income Adjustment | 200.0  | 200.0     | 0.0      | 0.0  | 0.0       | 1700.0       | false    |
  [32m✔[39m [32m[1mAnd [22mDeferred Capitalized Income by external-id contains the following data:[39m                                                                                         [90m# org.apache.fineract.test.stepdef.loan.LoanCapitalizedIncomeStepDef.verifyDeferredCapitalizedIncomeByExternalId(io.cucumber.datatable.DataTable)[39m
      | Amount | Amortized Amount | Unrecognized Amount | Adjusted Amount | Charged Off Amount |
      | 400.0  | 0.0              | 200.0               | 200.0           | 0.0                |
  [32m✔[39m [32m[1mThen [22mCapitalized income with payment type [1m"AUTOPAY"[22m on [1m"02 January 2024"[22m is forbidden with amount [1m"200"[22m while exceed approved amount[39m                                [90m# org.apache.fineract.test.stepdef.loan.LoanStepDef.capitalizedIncomeForbiddenExceedApprovedAmount(java.lang.String,java.lang.String,java.lang.String)[39m
  [32m✔[39m [32m[1mWhen [22mLoan Pay-off is made on [1m"02 January 2024"[22m[39m                                                                                                                      [90m# org.apache.fineract.test.stepdef.loan.LoanRepaymentStepDef.makeLoanPayOff(java.lang.String)[39m
  [32m✔[39m [32m[1mThen [22mLoan is closed with zero outstanding balance and it's all installments have obligations met[39m                                                                    [90m# org.apache.fineract.test.stepdef.loan.LoanStepDef.loanClosedAndInstallmentsObligationsMet()[39m

@CapitalizedIncomeFeature @TestRailId:C3646
[1mScenario:[22m As a user I want to add capitalized income to a progressive loan after disbursement and then make a full repayment - amortization in case of loan close event  [90m# fineract-e2e-tests-runner/src/test/resources/features/LoanCapitalizedIncome-Part1.feature:951[39m
  [32m✔[39m [32m[1mWhen [22mAdmin sets the business date to [1m"1 January 2024"[22m[39m                                                                                                                [90m# org.apache.fineract.test.stepdef.common.BusinessDateStepDef.setBusinessDate(java.lang.String)[39m
  [32m✔[39m [32m[1mAnd [22mAdmin creates a client with random data[39m                                                                                                                          [90m# org.apache.fineract.test.stepdef.common.ClientStepDef.createClientRandomFirstNameLastName()[39m
  [32m✔[39m [32m[1mAnd [22mAdmin creates a fully customized loan with the following data:[39m                                                                                                   [90m# org.apache.fineract.test.stepdef.loan.LoanStepDef.createFullyCustomizedLoan(io.cucumber.datatable.DataTable)[39m
      | LoanProduct                                                                      | submitted on date | with Principal | ANNUAL interest rate % | interest type     | interest calculation period | amortization type  | loanTermFrequency | loanTermFrequencyType | repaymentEvery | repaymentFrequencyType | numberOfRepayments | graceOnPrincipalPayment | graceOnInterestPayment | interest free period | Payment strategy            |
      | LP2_ADV_PYMNT_INTEREST_DAILY_EMI_360_30_INTEREST_RECALC_DAILY_CAPITALIZED_INCOME | 01 January 2024   | 1000           | 7                      | DECLINING_BALANCE | DAILY                       | EQUAL_INSTALLMENTS | 1                 | MONTHS                | 1              | MONTHS                 | 1                  | 0                       | 0                      | 0                    | ADVANCED_PAYMENT_ALLOCATION |
  [32m✔[39m [32m[1mAnd [22mAdmin successfully approves the loan on [1m"1 January 2024"[22m with [1m"1000"[22m amount and expected disbursement date on [1m"1 January 2024"[22m[39m                                   [90m# org.apache.fineract.test.stepdef.loan.LoanStepDef.approveLoan(java.lang.String,java.lang.String,java.lang.String)[39m
  [32m✔[39m [32m[1mAnd [22mAdmin successfully disburse the loan on [1m"1 January 2024"[22m with [1m"900"[22m EUR transaction amount[39m                                                                       [90m# org.apache.fineract.test.stepdef.loan.LoanStepDef.disburseLoan(java.lang.String,java.lang.String)[39m
  [32m✔[39m [32m[1mThen [22mLoan status will be [1m"ACTIVE"[22m[39m                                                                                                                                    [90m# org.apache.fineract.test.stepdef.loan.LoanStepDef.loanStatus(java.lang.String)[39m
  [32m✔[39m [32m[1mWhen [22mAdmin sets the business date to [1m"2 January 2024"[22m[39m                                                                                                                [90m# org.apache.fineract.test.stepdef.common.BusinessDateStepDef.setBusinessDate(java.lang.String)[39m
  [32m✔[39m [32m[1mAnd [22mAdmin adds capitalized income with [1m"AUTOPAY"[22m payment type to the loan on [1m"2 January 2024"[22m with [1m"100"[22m EUR transaction amount[39m                                      [90m# org.apache.fineract.test.stepdef.loan.LoanStepDef.adminAddsCapitalizedIncomeToTheLoanOnWithEURTransactionAmount(java.lang.String,java.lang.String,java.lang.String)[39m
  [32m✔[39m [32m[1mThen [22mLoan Repayment schedule has [1m1[22m periods, with the following data for periods:[39m                                                                                     [90m# org.apache.fineract.test.stepdef.loan.LoanStepDef.loanRepaymentSchedulePeriodsCheck(int,io.cucumber.datatable.DataTable)[39m
      | Nr | Days | Date             | Paid date | Balance of loan | Principal due | Interest | Fees | Penalties | Due     | Paid | In advance | Late | Outstanding |
      |    |      | 01 January 2024  |           | 900.0           |               |          | 0.0  |           | 0.0     | 0.0  |            |      |             |
      |    |      | 02 January 2024  |           | 100.0           |               |          | 0.0  |           | 0.0     | 0.0  |            |      |             |
      | 1  | 31   | 01 February 2024 |           | 0.0             | 1000.0        | 5.81     | 0.0  | 0.0       | 1005.81 | 0.0  | 0.0        | 0.0  | 1005.81     |
  [32m✔[39m [32m[1mAnd [22mLoan Repayment schedule has the following data in Total row:[39m                                                                                                     [90m# org.apache.fineract.test.stepdef.loan.LoanStepDef.loanRepaymentScheduleAmountCheck(io.cucumber.datatable.DataTable)[39m
      | Principal due | Interest | Fees | Penalties | Due     | Paid | In advance | Late | Outstanding |
      | 1000.0        | 5.81     | 0.0  | 0.0       | 1005.81 | 0.0  | 0.0        | 0.0  | 1005.81     |
  [32m✔[39m [32m[1mAnd [22mLoan Transactions tab has the following data:[39m                                                                                                                    [90m# org.apache.fineract.test.stepdef.loan.LoanStepDef.loanTransactionsTabCheck(io.cucumber.datatable.DataTable)[39m
      | Transaction date | Transaction Type   | Amount | Principal | Interest | Fees | Penalties | Loan Balance | Reverted |
      | 01 January 2024  | Disbursement       | 900.0  | 0.0       | 0.0      | 0.0  | 0.0       | 900.0        | false    |
      | 02 January 2024  | Capitalized Income | 100.0  | 100.0     | 0.0      | 0.0  | 0.0       | 1000.0       | false    |
  [32m✔[39m [32m[1mAnd [22mLoan Transactions tab has a [1m"CAPITALIZED_INCOME"[22m transaction with date [1m"02 January 2024"[22m which has the following Journal entries:[39m                                [90m# org.apache.fineract.test.stepdef.common.JournalEntriesStepDef.journalEntryDataCheck(java.lang.String,java.lang.String,io.cucumber.datatable.DataTable)[39m
      | Type      | Account code | Account name                | Debit | Credit |
      | ASSET     | 112601       | Loans Receivable            | 100.0 |        |
      | LIABILITY | 145024       | Deferred Capitalized Income |       | 100.0  |
  [32m✔[39m [32m[1mWhen [22mCustomer makes [1m"REPAYMENT"[22m transaction with [1m"AUTOPAY"[22m payment type on [1m"2 January 2024"[22m with [1m1000.17[22m EUR transaction amount and system-generated Idempotency key[39m [90m# org.apache.fineract.test.stepdef.loan.LoanStepDef.createTransactionWithAutoIdempotencyKey(java.lang.String,java.lang.String,java.lang.String,double)[39m
  [32m✔[39m [32m[1mThen [22mLoan is closed with zero outstanding balance and it's all installments have obligations met[39m                                                                     [90m# org.apache.fineract.test.stepdef.loan.LoanStepDef.loanClosedAndInstallmentsObligationsMet()[39m
  [32m✔[39m [32m[1mThen [22mLoan Repayment schedule has [1m1[22m periods, with the following data for periods:[39m                                                                                     [90m# org.apache.fineract.test.stepdef.loan.LoanStepDef.loanRepaymentSchedulePeriodsCheck(int,io.cucumber.datatable.DataTable)[39m
      | Nr | Days | Date             | Paid date       | Balance of loan | Principal due | Interest | Fees | Penalties | Due     | Paid    | In advance | Late | Outstanding |
      |    |      | 01 January 2024  |                 | 900.0           |               |          | 0.0  |           | 0.0     | 0.0     |            |      |             |
      |    |      | 02 January 2024  |                 | 100.0           |               |          | 0.0  |           | 0.0     | 0.0     |            |      |             |
      | 1  | 31   | 01 February 2024 | 02 January 2024 | 0.0             | 1000.0        | 0.17     | 0.0  | 0.0       | 1000.17 | 1000.17 | 1000.17    | 0.0  | 0.0         |
  [32m✔[39m [32m[1mAnd [22mLoan Repayment schedule has the following data in Total row:[39m                                                                                                     [90m# org.apache.fineract.test.stepdef.loan.LoanStepDef.loanRepaymentScheduleAmountCheck(io.cucumber.datatable.DataTable)[39m
      | Principal due | Interest | Fees | Penalties | Due     | Paid    | In advance | Late | Outstanding |
      | 1000.0        | 0.17     | 0.0  | 0.0       | 1000.17 | 1000.17 | 1000.17    | 0.0  | 0.0         |
  [32m✔[39m [32m[1mAnd [22mLoan Transactions tab has the following data:[39m                                                                                                                    [90m# org.apache.fineract.test.stepdef.loan.LoanStepDef.loanTransactionsTabCheck(io.cucumber.datatable.DataTable)[39m
      | Transaction date | Transaction Type                | Amount  | Principal | Interest | Fees | Penalties | Loan Balance | Reverted |
      | 01 January 2024  | Disbursement                    | 900.0   | 0.0       | 0.0      | 0.0  | 0.0       | 900.0        | false    |
      | 02 January 2024  | Capitalized Income              | 100.0   | 100.0     | 0.0      | 0.0  | 0.0       | 1000.0       | false    |
      | 02 January 2024  | Repayment                       | 1000.17 | 1000.0    | 0.17     | 0.0  | 0.0       | 0.0          | false    |
      | 02 January 2024  | Accrual                         | 0.17    | 0.0       | 0.17     | 0.0  | 0.0       | 0.0          | false    |
      | 02 January 2024  | Capitalized Income Amortization | 100.0   | 0.0       | 100.0    | 0.0  | 0.0       | 0.0          | false    |
  [32m✔[39m [32m[1mAnd [22mLoan Transactions tab has a [1m"CAPITALIZED_INCOME_AMORTIZATION"[22m transaction with date [1m"02 January 2024"[22m which has the following Journal entries:[39m                   [90m# org.apache.fineract.test.stepdef.common.JournalEntriesStepDef.journalEntryDataCheck(java.lang.String,java.lang.String,io.cucumber.datatable.DataTable)[39m
      | Type      | Account code | Account name                | Debit | Credit |
      | INCOME    | 404000       | Interest Income             |       | 100.0  |
      | LIABILITY | 145024       | Deferred Capitalized Income | 100.0 |        |
  [32m✔[39m [32m[1mAnd [22mDeferred Capitalized Income by external-id contains the following data:[39m                                                                                          [90m# org.apache.fineract.test.stepdef.loan.LoanCapitalizedIncomeStepDef.verifyDeferredCapitalizedIncomeByExternalId(io.cucumber.datatable.DataTable)[39m
      | Amount | Amortized Amount | Unrecognized Amount | Adjusted Amount | Charged Off Amount |
      | 100.0  | 100.0            | 0.0                 | 0.0             | 0.0                |
  [32m✔[39m [32m[1mAnd [22mLoanCapitalizedIncomeAmortizationTransactionCreatedBusinessEvent is raised on [1m"02 January 2024"[22m[39m                                                                  [90m# org.apache.fineract.test.stepdef.loan.LoanStepDef.checkLoanCapitalizedIncomeAmortizationTransactionCreatedBusinessEvent(java.lang.String)[39m

@CapitalizedIncomeFeature @TestRailId:C3647
[1mScenario:[22m As a user I want to add capitalized income to a progressive loan after disbursement and then overpay loan - amortization in case of loan close event        [90m# fineract-e2e-tests-runner/src/test/resources/features/LoanCapitalizedIncome-Part1.feature:1005[39m
  [32m✔[39m [32m[1mWhen [22mAdmin sets the business date to [1m"1 January 2024"[22m[39m                                                                                                             [90m# org.apache.fineract.test.stepdef.common.BusinessDateStepDef.setBusinessDate(java.lang.String)[39m
  [32m✔[39m [32m[1mAnd [22mAdmin creates a client with random data[39m                                                                                                                       [90m# org.apache.fineract.test.stepdef.common.ClientStepDef.createClientRandomFirstNameLastName()[39m
  [32m✔[39m [32m[1mAnd [22mAdmin creates a fully customized loan with the following data:[39m                                                                                                [90m# org.apache.fineract.test.stepdef.loan.LoanStepDef.createFullyCustomizedLoan(io.cucumber.datatable.DataTable)[39m
      | LoanProduct                                                                      | submitted on date | with Principal | ANNUAL interest rate % | interest type     | interest calculation period | amortization type  | loanTermFrequency | loanTermFrequencyType | repaymentEvery | repaymentFrequencyType | numberOfRepayments | graceOnPrincipalPayment | graceOnInterestPayment | interest free period | Payment strategy            |
      | LP2_ADV_PYMNT_INTEREST_DAILY_EMI_360_30_INTEREST_RECALC_DAILY_CAPITALIZED_INCOME | 01 January 2024   | 1000           | 7                      | DECLINING_BALANCE | DAILY                       | EQUAL_INSTALLMENTS | 1                 | MONTHS                | 1              | MONTHS                 | 1                  | 0                       | 0                      | 0                    | ADVANCED_PAYMENT_ALLOCATION |
  [32m✔[39m [32m[1mAnd [22mAdmin successfully approves the loan on [1m"1 January 2024"[22m with [1m"1000"[22m amount and expected disbursement date on [1m"1 January 2024"[22m[39m                                [90m# org.apache.fineract.test.stepdef.loan.LoanStepDef.approveLoan(java.lang.String,java.lang.String,java.lang.String)[39m
  [32m✔[39m [32m[1mAnd [22mAdmin successfully disburse the loan on [1m"1 January 2024"[22m with [1m"900"[22m EUR transaction amount[39m                                                                    [90m# org.apache.fineract.test.stepdef.loan.LoanStepDef.disburseLoan(java.lang.String,java.lang.String)[39m
  [32m✔[39m [32m[1mThen [22mLoan status will be [1m"ACTIVE"[22m[39m                                                                                                                                 [90m# org.apache.fineract.test.stepdef.loan.LoanStepDef.loanStatus(java.lang.String)[39m
  [32m✔[39m [32m[1mWhen [22mAdmin sets the business date to [1m"2 January 2024"[22m[39m                                                                                                             [90m# org.apache.fineract.test.stepdef.common.BusinessDateStepDef.setBusinessDate(java.lang.String)[39m
  [32m✔[39m [32m[1mAnd [22mAdmin adds capitalized income with [1m"AUTOPAY"[22m payment type to the loan on [1m"2 January 2024"[22m with [1m"100"[22m EUR transaction amount[39m                                   [90m# org.apache.fineract.test.stepdef.loan.LoanStepDef.adminAddsCapitalizedIncomeToTheLoanOnWithEURTransactionAmount(java.lang.String,java.lang.String,java.lang.String)[39m
  [32m✔[39m [32m[1mThen [22mLoan Repayment schedule has [1m1[22m periods, with the following data for periods:[39m                                                                                  [90m# org.apache.fineract.test.stepdef.loan.LoanStepDef.loanRepaymentSchedulePeriodsCheck(int,io.cucumber.datatable.DataTable)[39m
      | Nr | Days | Date             | Paid date | Balance of loan | Principal due | Interest | Fees | Penalties | Due     | Paid | In advance | Late | Outstanding |
      |    |      | 01 January 2024  |           | 900.0           |               |          | 0.0  |           | 0.0     | 0.0  |            |      |             |
      |    |      | 02 January 2024  |           | 100.0           |               |          | 0.0  |           | 0.0     | 0.0  |            |      |             |
      | 1  | 31   | 01 February 2024 |           | 0.0             | 1000.0        | 5.81     | 0.0  | 0.0       | 1005.81 | 0.0  | 0.0        | 0.0  | 1005.81     |
  [32m✔[39m [32m[1mAnd [22mLoan Repayment schedule has the following data in Total row:[39m                                                                                                  [90m# org.apache.fineract.test.stepdef.loan.LoanStepDef.loanRepaymentScheduleAmountCheck(io.cucumber.datatable.DataTable)[39m
      | Principal due | Interest | Fees | Penalties | Due     | Paid | In advance | Late | Outstanding |
      | 1000.0        | 5.81     | 0.0  | 0.0       | 1005.81 | 0.0  | 0.0        | 0.0  | 1005.81     |
  [32m✔[39m [32m[1mAnd [22mLoan Transactions tab has the following data:[39m                                                                                                                 [90m# org.apache.fineract.test.stepdef.loan.LoanStepDef.loanTransactionsTabCheck(io.cucumber.datatable.DataTable)[39m
      | Transaction date | Transaction Type   | Amount | Principal | Interest | Fees | Penalties | Loan Balance | Reverted |
      | 01 January 2024  | Disbursement       | 900.0  | 0.0       | 0.0      | 0.0  | 0.0       | 900.0        | false    |
      | 02 January 2024  | Capitalized Income | 100.0  | 100.0     | 0.0      | 0.0  | 0.0       | 1000.0       | false    |
  [32m✔[39m [32m[1mAnd [22mLoan Transactions tab has a [1m"CAPITALIZED_INCOME"[22m transaction with date [1m"02 January 2024"[22m which has the following Journal entries:[39m                             [90m# org.apache.fineract.test.stepdef.common.JournalEntriesStepDef.journalEntryDataCheck(java.lang.String,java.lang.String,io.cucumber.datatable.DataTable)[39m
      | Type      | Account code | Account name                | Debit | Credit |
      | ASSET     | 112601       | Loans Receivable            | 100.0 |        |
      | LIABILITY | 145024       | Deferred Capitalized Income |       | 100.0  |
  [32m✔[39m [32m[1mWhen [22mCustomer makes [1m"REPAYMENT"[22m transaction with [1m"AUTOPAY"[22m payment type on [1m"2 January 2024"[22m with [1m1100[22m EUR transaction amount and system-generated Idempotency key[39m [90m# org.apache.fineract.test.stepdef.loan.LoanStepDef.createTransactionWithAutoIdempotencyKey(java.lang.String,java.lang.String,java.lang.String,double)[39m
  [32m✔[39m [32m[1mThen [22mLoan Repayment schedule has [1m1[22m periods, with the following data for periods:[39m                                                                                  [90m# org.apache.fineract.test.stepdef.loan.LoanStepDef.loanRepaymentSchedulePeriodsCheck(int,io.cucumber.datatable.DataTable)[39m
      | Nr | Days | Date             | Paid date       | Balance of loan | Principal due | Interest | Fees | Penalties | Due     | Paid    | In advance | Late | Outstanding |
      |    |      | 01 January 2024  |                 | 900.0           |               |          | 0.0  |           | 0.0     | 0.0     |            |      |             |
      |    |      | 02 January 2024  |                 | 100.0           |               |          | 0.0  |           | 0.0     | 0.0     |            |      |             |
      | 1  | 31   | 01 February 2024 | 02 January 2024 | 0.0             | 1000.0        | 0.17     | 0.0  | 0.0       | 1000.17 | 1000.17 | 1000.17    | 0.0  | 0.0         |
  [32m✔[39m [32m[1mAnd [22mLoan Repayment schedule has the following data in Total row:[39m                                                                                                  [90m# org.apache.fineract.test.stepdef.loan.LoanStepDef.loanRepaymentScheduleAmountCheck(io.cucumber.datatable.DataTable)[39m
      | Principal due | Interest | Fees | Penalties | Due     | Paid    | In advance | Late | Outstanding |
      | 1000.0        | 0.17     | 0.0  | 0.0       | 1000.17 | 1000.17 | 1000.17    | 0.0  | 0.0         |
  [32m✔[39m [32m[1mAnd [22mLoan Transactions tab has the following data:[39m                                                                                                                 [90m# org.apache.fineract.test.stepdef.loan.LoanStepDef.loanTransactionsTabCheck(io.cucumber.datatable.DataTable)[39m
      | Transaction date | Transaction Type                | Amount | Principal | Interest | Fees | Penalties | Loan Balance | Reverted |
      | 01 January 2024  | Disbursement                    | 900.0  | 0.0       | 0.0      | 0.0  | 0.0       | 900.0        | false    |
      | 02 January 2024  | Capitalized Income              | 100.0  | 100.0     | 0.0      | 0.0  | 0.0       | 1000.0       | false    |
      | 02 January 2024  | Repayment                       | 1100.0 | 1000.0    | 0.17     | 0.0  | 0.0       | 0.0          | false    |
      | 02 January 2024  | Accrual                         | 0.17   | 0.0       | 0.17     | 0.0  | 0.0       | 0.0          | false    |
      | 02 January 2024  | Capitalized Income Amortization | 100.0  | 0.0       | 100.0    | 0.0  | 0.0       | 0.0          | false    |
  [32m✔[39m [32m[1mAnd [22mLoan Transactions tab has a [1m"CAPITALIZED_INCOME_AMORTIZATION"[22m transaction with date [1m"02 January 2024"[22m which has the following Journal entries:[39m                [90m# org.apache.fineract.test.stepdef.common.JournalEntriesStepDef.journalEntryDataCheck(java.lang.String,java.lang.String,io.cucumber.datatable.DataTable)[39m
      | Type      | Account code | Account name                | Debit | Credit |
      | INCOME    | 404000       | Interest Income             |       | 100.0  |
      | LIABILITY | 145024       | Deferred Capitalized Income | 100.0 |        |
  [32m✔[39m [32m[1mAnd [22mLoanCapitalizedIncomeAmortizationTransactionCreatedBusinessEvent is raised on [1m"02 January 2024"[22m[39m                                                               [90m# org.apache.fineract.test.stepdef.loan.LoanStepDef.checkLoanCapitalizedIncomeAmortizationTransactionCreatedBusinessEvent(java.lang.String)[39m
  [32m✔[39m [32m[1mWhen [22mAdmin makes Credit Balance Refund transaction on [1m"02 January 2024"[22m with [1m99.83[22m EUR transaction amount[39m                                                         [90m# org.apache.fineract.test.stepdef.loan.LoanStepDef.createCBR(java.lang.String,double)[39m
  [32m✔[39m [32m[1mThen [22mLoan is closed with zero outstanding balance and it's all installments have obligations met[39m                                                                  [90m# org.apache.fineract.test.stepdef.loan.LoanStepDef.loanClosedAndInstallmentsObligationsMet()[39m

@CapitalizedIncomeFeature @TestRailId:C3651
[1mScenario:[22m As a user I want to add capitalized income to a progressive loan after disbursement and then write off loan - amortization in case of loan close event [90m# fineract-e2e-tests-runner/src/test/resources/features/LoanCapitalizedIncome-Part1.feature:1058[39m
  [32m✔[39m [32m[1mWhen [22mAdmin sets the business date to [1m"1 January 2024"[22m[39m                                                                                                        [90m# org.apache.fineract.test.stepdef.common.BusinessDateStepDef.setBusinessDate(java.lang.String)[39m
  [32m✔[39m [32m[1mAnd [22mAdmin creates a client with random data[39m                                                                                                                  [90m# org.apache.fineract.test.stepdef.common.ClientStepDef.createClientRandomFirstNameLastName()[39m
  [32m✔[39m [32m[1mWhen [22mAdmin creates a fully customized loan with the following data:[39m                                                                                          [90m# org.apache.fineract.test.stepdef.loan.LoanStepDef.createFullyCustomizedLoan(io.cucumber.datatable.DataTable)[39m
      | LoanProduct                                                                      | submitted on date | with Principal | ANNUAL interest rate % | interest type     | interest calculation period | amortization type  | loanTermFrequency | loanTermFrequencyType | repaymentEvery | repaymentFrequencyType | numberOfRepayments | graceOnPrincipalPayment | graceOnInterestPayment | interest free period | Payment strategy            |
      | LP2_ADV_PYMNT_INTEREST_DAILY_EMI_360_30_INTEREST_RECALC_DAILY_CAPITALIZED_INCOME | 01 January 2024   | 1000           | 7                      | DECLINING_BALANCE | DAILY                       | EQUAL_INSTALLMENTS | 1                 | MONTHS                | 1              | MONTHS                 | 1                  | 0                       | 0                      | 0                    | ADVANCED_PAYMENT_ALLOCATION |
  [32m✔[39m [32m[1mAnd [22mAdmin successfully approves the loan on [1m"1 January 2024"[22m with [1m"1000"[22m amount and expected disbursement date on [1m"1 January 2024"[22m[39m                           [90m# org.apache.fineract.test.stepdef.loan.LoanStepDef.approveLoan(java.lang.String,java.lang.String,java.lang.String)[39m
  [32m✔[39m [32m[1mAnd [22mAdmin successfully disburse the loan on [1m"1 January 2024"[22m with [1m"900"[22m EUR transaction amount[39m                                                               [90m# org.apache.fineract.test.stepdef.loan.LoanStepDef.disburseLoan(java.lang.String,java.lang.String)[39m
  [32m✔[39m [32m[1mThen [22mLoan status will be [1m"ACTIVE"[22m[39m                                                                                                                            [90m# org.apache.fineract.test.stepdef.loan.LoanStepDef.loanStatus(java.lang.String)[39m
  [32m✔[39m [32m[1mWhen [22mAdmin sets the business date to [1m"2 January 2024"[22m[39m                                                                                                        [90m# org.apache.fineract.test.stepdef.common.BusinessDateStepDef.setBusinessDate(java.lang.String)[39m
  [32m✔[39m [32m[1mAnd [22mAdmin adds capitalized income with [1m"AUTOPAY"[22m payment type to the loan on [1m"2 January 2024"[22m with [1m"100"[22m EUR transaction amount[39m                              [90m# org.apache.fineract.test.stepdef.loan.LoanStepDef.adminAddsCapitalizedIncomeToTheLoanOnWithEURTransactionAmount(java.lang.String,java.lang.String,java.lang.String)[39m
  [32m✔[39m [32m[1mThen [22mLoan Repayment schedule has [1m1[22m periods, with the following data for periods:[39m                                                                             [90m# org.apache.fineract.test.stepdef.loan.LoanStepDef.loanRepaymentSchedulePeriodsCheck(int,io.cucumber.datatable.DataTable)[39m
      | Nr | Days | Date             | Paid date | Balance of loan | Principal due | Interest | Fees | Penalties | Due     | Paid | In advance | Late | Outstanding |
      |    |      | 01 January 2024  |           | 900.0           |               |          | 0.0  |           | 0.0     | 0.0  |            |      |             |
      |    |      | 02 January 2024  |           | 100.0           |               |          | 0.0  |           | 0.0     | 0.0  |            |      |             |
      | 1  | 31   | 01 February 2024 |           | 0.0             | 1000.0        | 5.81     | 0.0  | 0.0       | 1005.81 | 0.0  | 0.0        | 0.0  | 1005.81     |
  [32m✔[39m [32m[1mAnd [22mLoan Repayment schedule has the following data in Total row:[39m                                                                                             [90m# org.apache.fineract.test.stepdef.loan.LoanStepDef.loanRepaymentScheduleAmountCheck(io.cucumber.datatable.DataTable)[39m
      | Principal due | Interest | Fees | Penalties | Due     | Paid | In advance | Late | Outstanding |
      | 1000.0        | 5.81     | 0.0  | 0.0       | 1005.81 | 0.0  | 0.0        | 0.0  | 1005.81     |
  [32m✔[39m [32m[1mThen [22mLoan Transactions tab has the following data:[39m                                                                                                           [90m# org.apache.fineract.test.stepdef.loan.LoanStepDef.loanTransactionsTabCheck(io.cucumber.datatable.DataTable)[39m
      | Transaction date | Transaction Type   | Amount | Principal | Interest | Fees | Penalties | Loan Balance | Reverted |
      | 01 January 2024  | Disbursement       | 900.0  | 0.0       | 0.0      | 0.0  | 0.0       | 900.0        | false    |
      | 02 January 2024  | Capitalized Income | 100.0  | 100.0     | 0.0      | 0.0  | 0.0       | 1000.0       | false    |
  [32m✔[39m [32m[1mThen [22mLoan Transactions tab has a [1m"CAPITALIZED_INCOME"[22m transaction with date [1m"02 January 2024"[22m which has the following Journal entries:[39m                       [90m# org.apache.fineract.test.stepdef.common.JournalEntriesStepDef.journalEntryDataCheck(java.lang.String,java.lang.String,io.cucumber.datatable.DataTable)[39m
      | Type      | Account code | Account name                | Debit | Credit |
      | ASSET     | 112601       | Loans Receivable            | 100.0 |        |
      | LIABILITY | 145024       | Deferred Capitalized Income |       | 100.0  |
  [32m✔[39m [32m[1mAnd [22mAdmin does write-off the loan on [1m"02 January 2024"[22m[39m                                                                                                       [90m# org.apache.fineract.test.stepdef.loan.LoanStepDef.writeOffLoan(java.lang.String)[39m
  [32m✔[39m [32m[1mThen [22mLoan status will be [1m"CLOSED_WRITTEN_OFF"[22m[39m                                                                                                                [90m# org.apache.fineract.test.stepdef.loan.LoanStepDef.loanStatus(java.lang.String)[39m
  [32m✔[39m [32m[1mThen [22mLoan Repayment schedule has [1m1[22m periods, with the following data for periods:[39m                                                                             [90m# org.apache.fineract.test.stepdef.loan.LoanStepDef.loanRepaymentSchedulePeriodsCheck(int,io.cucumber.datatable.DataTable)[39m
      | Nr | Days | Date             | Paid date       | Balance of loan | Principal due | Interest | Fees | Penalties | Due     | Paid | In advance | Late | Outstanding |
      |    |      | 01 January 2024  |                 | 900.0           |               |          | 0.0  |           | 0.0     | 0.0  |            |      |             |
      |    |      | 02 January 2024  |                 | 100.0           |               |          | 0.0  |           | 0.0     | 0.0  |            |      |             |
      | 1  | 31   | 01 February 2024 | 02 January 2024 | 0.0             | 1000.0        | 5.81     | 0.0  | 0.0       | 1005.81 | 0.0  | 0.0        | 0.0  | 0.0         |
  [32m✔[39m [32m[1mAnd [22mLoan Repayment schedule has the following data in Total row:[39m                                                                                             [90m# org.apache.fineract.test.stepdef.loan.LoanStepDef.loanRepaymentScheduleAmountCheck(io.cucumber.datatable.DataTable)[39m
      | Principal due | Interest | Fees | Penalties | Due     | Paid | In advance | Late | Outstanding |
      | 1000.0        | 5.81     | 0.0  | 0.0       | 1005.81 | 0.0  | 0.0        | 0.0  | 0.0         |
  [32m✔[39m [32m[1mThen [22mLoan Transactions tab has the following data:[39m                                                                                                           [90m# org.apache.fineract.test.stepdef.loan.LoanStepDef.loanTransactionsTabCheck(io.cucumber.datatable.DataTable)[39m
      | Transaction date | Transaction Type                | Amount  | Principal | Interest | Fees | Penalties | Loan Balance | Reverted |
      | 01 January 2024  | Disbursement                    | 900.0   | 0.0       | 0.0      | 0.0  | 0.0       | 900.0        | false    |
      | 02 January 2024  | Capitalized Income              | 100.0   | 100.0     | 0.0      | 0.0  | 0.0       | 1000.0       | false    |
      | 02 January 2024  | Close (as written-off)          | 1005.81 | 1000.0    | 5.81     | 0.0  | 0.0       | 0.0          | false    |
      | 02 January 2024  | Capitalized Income Amortization | 100.0   | 0.0       | 100.0    | 0.0  | 0.0       | 0.0          | false    |
  [32m✔[39m [32m[1mThen [22mLoan Transactions tab has a [1m"CAPITALIZED_INCOME_AMORTIZATION"[22m transaction with date [1m"02 January 2024"[22m which has the following Journal entries:[39m          [90m# org.apache.fineract.test.stepdef.common.JournalEntriesStepDef.journalEntryDataCheck(java.lang.String,java.lang.String,io.cucumber.datatable.DataTable)[39m
      | Type      | Account code | Account name                | Debit | Credit |
      | EXPENSE   | e4           | Written off                 |       | 100.0  |
      | LIABILITY | 145024       | Deferred Capitalized Income | 100.0 |        |
  [32m✔[39m [32m[1mThen [22mLoanCapitalizedIncomeAmortizationTransactionCreatedBusinessEvent is raised on [1m"02 January 2024"[22m[39m                                                         [90m# org.apache.fineract.test.stepdef.loan.LoanStepDef.checkLoanCapitalizedIncomeAmortizationTransactionCreatedBusinessEvent(java.lang.String)[39m

@CapitalizedIncomeFeature @TestRailId:C3648
[1mScenario:[22m Verify capitalized income: daily amortization - Capitalized Income type: interest                                                            [90m# fineract-e2e-tests-runner/src/test/resources/features/LoanCapitalizedIncome-Part1.feature:1108[39m
  [32m✔[39m [32m[1mWhen [22mAdmin sets the business date to [1m"01 January 2024"[22m[39m                                                                                             [90m# org.apache.fineract.test.stepdef.common.BusinessDateStepDef.setBusinessDate(java.lang.String)[39m
  [32m✔[39m [32m[1mAnd [22mAdmin creates a client with random data[39m                                                                                                        [90m# org.apache.fineract.test.stepdef.common.ClientStepDef.createClientRandomFirstNameLastName()[39m
  [32m✔[39m [32m[1mAnd [22mAdmin creates a fully customized loan with the following data:[39m                                                                                 [90m# org.apache.fineract.test.stepdef.loan.LoanStepDef.createFullyCustomizedLoan(io.cucumber.datatable.DataTable)[39m
      | LoanProduct                                                                      | submitted on date | with Principal | ANNUAL interest rate % | interest type     | interest calculation period | amortization type  | loanTermFrequency | loanTermFrequencyType | repaymentEvery | repaymentFrequencyType | numberOfRepayments | graceOnPrincipalPayment | graceOnInterestPayment | interest free period | Payment strategy            |
      | LP2_ADV_PYMNT_INTEREST_DAILY_EMI_360_30_INTEREST_RECALC_DAILY_CAPITALIZED_INCOME | 01 January 2024   | 200            | 0                      | DECLINING_BALANCE | DAILY                       | EQUAL_INSTALLMENTS | 3                 | MONTHS                | 1              | MONTHS                 | 3                  | 0                       | 0                      | 0                    | ADVANCED_PAYMENT_ALLOCATION |
  [32m✔[39m [32m[1mAnd [22mAdmin successfully approves the loan on [1m"01 January 2024"[22m with [1m"200"[22m amount and expected disbursement date on [1m"01 January 2024"[22m[39m                [90m# org.apache.fineract.test.stepdef.loan.LoanStepDef.approveLoan(java.lang.String,java.lang.String,java.lang.String)[39m
  [32m✔[39m [32m[1mAnd [22mAdmin successfully disburse the loan on [1m"01 January 2024"[22m with [1m"100"[22m EUR transaction amount[39m                                                    [90m# org.apache.fineract.test.stepdef.loan.LoanStepDef.disburseLoan(java.lang.String,java.lang.String)[39m
  [32m✔[39m [32m[1mAnd [22mAdmin adds capitalized income with [1m"AUTOPAY"[22m payment type to the loan on [1m"01 January 2024"[22m with [1m"50"[22m EUR transaction amount[39m                    [90m# org.apache.fineract.test.stepdef.loan.LoanStepDef.adminAddsCapitalizedIncomeToTheLoanOnWithEURTransactionAmount(java.lang.String,java.lang.String,java.lang.String)[39m
  [32m✔[39m [32m[1mThen [22mLoan status will be [1m"ACTIVE"[22m[39m                                                                                                                  [90m# org.apache.fineract.test.stepdef.loan.LoanStepDef.loanStatus(java.lang.String)[39m
  [32m✔[39m [32m[1mThen [22mLoan Repayment schedule has [1m3[22m periods, with the following data for periods:[39m                                                                   [90m# org.apache.fineract.test.stepdef.loan.LoanStepDef.loanRepaymentSchedulePeriodsCheck(int,io.cucumber.datatable.DataTable)[39m
      | Nr | Days | Date             | Paid date | Balance of loan | Principal due | Interest | Fees | Penalties | Due  | Paid | In advance | Late | Outstanding |
      |    |      | 01 January 2024  |           | 100.0           |               |          | 0.0  |           | 0.0  | 0.0  |            |      |             |
      |    |      | 01 January 2024  |           | 50.0            |               |          | 0.0  |           | 0.0  | 0.0  |            |      |             |
      | 1  | 31   | 01 February 2024 |           | 100.0           | 50.0          | 0.0      | 0.0  | 0.0       | 50.0 | 0.0  | 0.0        | 0.0  | 50.0        |
      | 2  | 29   | 01 March 2024    |           | 50.0            | 50.0          | 0.0      | 0.0  | 0.0       | 50.0 | 0.0  | 0.0        | 0.0  | 50.0        |
      | 3  | 31   | 01 April 2024    |           | 0.0             | 50.0          | 0.0      | 0.0  | 0.0       | 50.0 | 0.0  | 0.0        | 0.0  | 50.0        |
  [32m✔[39m [32m[1mAnd [22mLoan Repayment schedule has the following data in Total row:[39m                                                                                   [90m# org.apache.fineract.test.stepdef.loan.LoanStepDef.loanRepaymentScheduleAmountCheck(io.cucumber.datatable.DataTable)[39m
      | Principal due | Interest | Fees | Penalties | Due   | Paid | In advance | Late | Outstanding |
      | 150.0         | 0.0      | 0.0  | 0.0       | 150.0 | 0.0  | 0.0        | 0.0  | 150.0       |
  [32m✔[39m [32m[1mAnd [22mLoan Transactions tab has the following data:[39m                                                                                                  [90m# org.apache.fineract.test.stepdef.loan.LoanStepDef.loanTransactionsTabCheck(io.cucumber.datatable.DataTable)[39m
      | Transaction date | Transaction Type   | Amount | Principal | Interest | Fees | Penalties | Loan Balance | Reverted | Replayed |
      | 01 January 2024  | Disbursement       | 100.0  | 0.0       | 0.0      | 0.0  | 0.0       | 100.0        | false    | false    |
      | 01 January 2024  | Capitalized Income | 50.0   | 50.0      | 0.0      | 0.0  | 0.0       | 150.0        | false    | false    |
  [32m✔[39m [32m[1mAnd [22mLoan Transactions tab has a [1m"CAPITALIZED_INCOME"[22m transaction with date [1m"01 January 2024"[22m which has the following Journal entries:[39m              [90m# org.apache.fineract.test.stepdef.common.JournalEntriesStepDef.journalEntryDataCheck(java.lang.String,java.lang.String,io.cucumber.datatable.DataTable)[39m
      | Type      | Account code | Account name                | Debit | Credit |
      | LIABILITY | 145024       | Deferred Capitalized Income |       | 50.0   |
      | ASSET     | 112601       | Loans Receivable            | 50.0  |        |
  [32m✔[39m [32m[1mWhen [22mAdmin sets the business date to [1m"02 January 2024"[22m[39m                                                                                             [90m# org.apache.fineract.test.stepdef.common.BusinessDateStepDef.setBusinessDate(java.lang.String)[39m
  [32m✔[39m [32m[1mAnd [22mAdmin runs inline COB job for Loan[39m                                                                                                             [90m# org.apache.fineract.test.stepdef.loan.InlineCOBStepDef.runInlineCOB()[39m
  [32m✔[39m [32m[1mThen [22mLoan Repayment schedule has [1m3[22m periods, with the following data for periods:[39m                                                                   [90m# org.apache.fineract.test.stepdef.loan.LoanStepDef.loanRepaymentSchedulePeriodsCheck(int,io.cucumber.datatable.DataTable)[39m
      | Nr | Days | Date             | Paid date | Balance of loan | Principal due | Interest | Fees | Penalties | Due  | Paid | In advance | Late | Outstanding |
      |    |      | 01 January 2024  |           | 100.0           |               |          | 0.0  |           | 0.0  | 0.0  |            |      |             |
      |    |      | 01 January 2024  |           | 50.0            |               |          | 0.0  |           | 0.0  | 0.0  |            |      |             |
      | 1  | 31   | 01 February 2024 |           | 100.0           | 50.0          | 0.0      | 0.0  | 0.0       | 50.0 | 0.0  | 0.0        | 0.0  | 50.0        |
      | 2  | 29   | 01 March 2024    |           | 50.0            | 50.0          | 0.0      | 0.0  | 0.0       | 50.0 | 0.0  | 0.0        | 0.0  | 50.0        |
      | 3  | 31   | 01 April 2024    |           | 0.0             | 50.0          | 0.0      | 0.0  | 0.0       | 50.0 | 0.0  | 0.0        | 0.0  | 50.0        |
  [32m✔[39m [32m[1mAnd [22mLoan Repayment schedule has the following data in Total row:[39m                                                                                   [90m# org.apache.fineract.test.stepdef.loan.LoanStepDef.loanRepaymentScheduleAmountCheck(io.cucumber.datatable.DataTable)[39m
      | Principal due | Interest | Fees | Penalties | Due   | Paid | In advance | Late | Outstanding |
      | 150.0         | 0.0      | 0.0  | 0.0       | 150.0 | 0.0  | 0.0        | 0.0  | 150.0       |
  [32m✔[39m [32m[1mAnd [22mAdmin sets the business date to [1m"01 February 2024"[22m[39m                                                                                             [90m# org.apache.fineract.test.stepdef.common.BusinessDateStepDef.setBusinessDate(java.lang.String)[39m
  [32m✔[39m [32m[1mAnd [22mAdmin runs inline COB job for Loan[39m                                                                                                             [90m# org.apache.fineract.test.stepdef.loan.InlineCOBStepDef.runInlineCOB()[39m
  [32m✔[39m [32m[1mThen [22mLoan Repayment schedule has [1m3[22m periods, with the following data for periods:[39m                                                                   [90m# org.apache.fineract.test.stepdef.loan.LoanStepDef.loanRepaymentSchedulePeriodsCheck(int,io.cucumber.datatable.DataTable)[39m
      | Nr | Days | Date             | Paid date | Balance of loan | Principal due | Interest | Fees | Penalties | Due  | Paid | In advance | Late | Outstanding |
      |    |      | 01 January 2024  |           | 100.0           |               |          | 0.0  |           | 0.0  | 0.0  |            |      |             |
      |    |      | 01 January 2024  |           | 50.0            |               |          | 0.0  |           | 0.0  | 0.0  |            |      |             |
      | 1  | 31   | 01 February 2024 |           | 100.0           | 50.0          | 0.0      | 0.0  | 0.0       | 50.0 | 0.0  | 0.0        | 0.0  | 50.0        |
      | 2  | 29   | 01 March 2024    |           | 50.0            | 50.0          | 0.0      | 0.0  | 0.0       | 50.0 | 0.0  | 0.0        | 0.0  | 50.0        |
      | 3  | 31   | 01 April 2024    |           | 0.0             | 50.0          | 0.0      | 0.0  | 0.0       | 50.0 | 0.0  | 0.0        | 0.0  | 50.0        |
  [32m✔[39m [32m[1mAnd [22mLoan Repayment schedule has the following data in Total row:[39m                                                                                   [90m# org.apache.fineract.test.stepdef.loan.LoanStepDef.loanRepaymentScheduleAmountCheck(io.cucumber.datatable.DataTable)[39m
      | Principal due | Interest | Fees | Penalties | Due   | Paid | In advance | Late | Outstanding |
      | 150.0         | 0.0      | 0.0  | 0.0       | 150.0 | 0.0  | 0.0        | 0.0  | 150.0       |
  [32m✔[39m [32m[1mWhen [22mAdmin sets the business date to [1m"01 March 2024"[22m[39m                                                                                               [90m# org.apache.fineract.test.stepdef.common.BusinessDateStepDef.setBusinessDate(java.lang.String)[39m
  [32m✔[39m [32m[1mAnd [22mAdmin runs inline COB job for Loan[39m                                                                                                             [90m# org.apache.fineract.test.stepdef.loan.InlineCOBStepDef.runInlineCOB()[39m
  [32m✔[39m [32m[1mThen [22mLoan Repayment schedule has [1m3[22m periods, with the following data for periods:[39m                                                                   [90m# org.apache.fineract.test.stepdef.loan.LoanStepDef.loanRepaymentSchedulePeriodsCheck(int,io.cucumber.datatable.DataTable)[39m
      | Nr | Days | Date             | Paid date | Balance of loan | Principal due | Interest | Fees | Penalties | Due  | Paid | In advance | Late | Outstanding |
      |    |      | 01 January 2024  |           | 100.0           |               |          | 0.0  |           | 0.0  | 0.0  |            |      |             |
      |    |      | 01 January 2024  |           | 50.0            |               |          | 0.0  |           | 0.0  | 0.0  |            |      |             |
      | 1  | 31   | 01 February 2024 |           | 100.0           | 50.0          | 0.0      | 0.0  | 0.0       | 50.0 | 0.0  | 0.0        | 0.0  | 50.0        |
      | 2  | 29   | 01 March 2024    |           | 50.0            | 50.0          | 0.0      | 0.0  | 0.0       | 50.0 | 0.0  | 0.0        | 0.0  | 50.0        |
      | 3  | 31   | 01 April 2024    |           | 0.0             | 50.0          | 0.0      | 0.0  | 0.0       | 50.0 | 0.0  | 0.0        | 0.0  | 50.0        |
  [32m✔[39m [32m[1mAnd [22mLoan Repayment schedule has the following data in Total row:[39m                                                                                   [90m# org.apache.fineract.test.stepdef.loan.LoanStepDef.loanRepaymentScheduleAmountCheck(io.cucumber.datatable.DataTable)[39m
      | Principal due | Interest | Fees | Penalties | Due   | Paid | In advance | Late | Outstanding |
      | 150.0         | 0.0      | 0.0  | 0.0       | 150.0 | 0.0  | 0.0        | 0.0  | 150.0       |
  [32m✔[39m [32m[1mAnd [22mAdmin sets the business date to [1m"01 April 2024"[22m[39m                                                                                                [90m# org.apache.fineract.test.stepdef.common.BusinessDateStepDef.setBusinessDate(java.lang.String)[39m
  [32m✔[39m [32m[1mAnd [22mAdmin runs inline COB job for Loan[39m                                                                                                             [90m# org.apache.fineract.test.stepdef.loan.InlineCOBStepDef.runInlineCOB()[39m
  [32m✔[39m [32m[1mThen [22mLoan Repayment schedule has [1m3[22m periods, with the following data for periods:[39m                                                                   [90m# org.apache.fineract.test.stepdef.loan.LoanStepDef.loanRepaymentSchedulePeriodsCheck(int,io.cucumber.datatable.DataTable)[39m
      | Nr | Days | Date             | Paid date | Balance of loan | Principal due | Interest | Fees | Penalties | Due  | Paid | In advance | Late | Outstanding |
      |    |      | 01 January 2024  |           | 100.0           |               |          | 0.0  |           | 0.0  | 0.0  |            |      |             |
      |    |      | 01 January 2024  |           | 50.0            |               |          | 0.0  |           | 0.0  | 0.0  |            |      |             |
      | 1  | 31   | 01 February 2024 |           | 100.0           | 50.0          | 0.0      | 0.0  | 0.0       | 50.0 | 0.0  | 0.0        | 0.0  | 50.0        |
      | 2  | 29   | 01 March 2024    |           | 50.0            | 50.0          | 0.0      | 0.0  | 0.0       | 50.0 | 0.0  | 0.0        | 0.0  | 50.0        |
      | 3  | 31   | 01 April 2024    |           | 0.0             | 50.0          | 0.0      | 0.0  | 0.0       | 50.0 | 0.0  | 0.0        | 0.0  | 50.0        |
  [32m✔[39m [32m[1mAnd [22mLoan Repayment schedule has the following data in Total row:[39m                                                                                   [90m# org.apache.fineract.test.stepdef.loan.LoanStepDef.loanRepaymentScheduleAmountCheck(io.cucumber.datatable.DataTable)[39m
      | Principal due | Interest | Fees | Penalties | Due   | Paid | In advance | Late | Outstanding |
      | 150.0         | 0.0      | 0.0  | 0.0       | 150.0 | 0.0  | 0.0        | 0.0  | 150.0       |
  [32m✔[39m [32m[1mThen [22mLoan Transactions tab has the following data:[39m                                                                                                 [90m# org.apache.fineract.test.stepdef.loan.LoanStepDef.loanTransactionsTabCheck(io.cucumber.datatable.DataTable)[39m
      | Transaction date | Transaction Type                | Amount | Principal | Interest | Fees | Penalties | Loan Balance | Reverted | Replayed |
      | 01 January 2024  | Disbursement                    | 100.0  | 0.0       | 0.0      | 0.0  | 0.0       | 100.0        | false    | false    |
      | 01 January 2024  | Capitalized Income              | 50.0   | 50.0      | 0.0      | 0.0  | 0.0       | 150.0        | false    | false    |
      | 01 January 2024  | Capitalized Income Amortization | 0.55   | 0.0       | 0.55     | 0.0  | 0.0       | 0.0          | false    | false    |
      | 02 January 2024  | Capitalized Income Amortization | 0.55   | 0.0       | 0.55     | 0.0  | 0.0       | 0.0          | false    | false    |
      | 03 January 2024  | Capitalized Income Amortization | 0.55   | 0.0       | 0.55     | 0.0  | 0.0       | 0.0          | false    | false    |
      | 04 January 2024  | Capitalized Income Amortization | 0.55   | 0.0       | 0.55     | 0.0  | 0.0       | 0.0          | false    | false    |
      | 05 January 2024  | Capitalized Income Amortization | 0.55   | 0.0       | 0.55     | 0.0  | 0.0       | 0.0          | false    | false    |
      | 06 January 2024  | Capitalized Income Amortization | 0.55   | 0.0       | 0.55     | 0.0  | 0.0       | 0.0          | false    | false    |
      | 07 January 2024  | Capitalized Income Amortization | 0.55   | 0.0       | 0.55     | 0.0  | 0.0       | 0.0          | false    | false    |
      | 08 January 2024  | Capitalized Income Amortization | 0.55   | 0.0       | 0.55     | 0.0  | 0.0       | 0.0          | false    | false    |
      | 09 January 2024  | Capitalized Income Amortization | 0.55   | 0.0       | 0.55     | 0.0  | 0.0       | 0.0          | false    | false    |
      | 10 January 2024  | Capitalized Income Amortization | 0.54   | 0.0       | 0.54     | 0.0  | 0.0       | 0.0          | false    | false    |
      | 11 January 2024  | Capitalized Income Amortization | 0.55   | 0.0       | 0.55     | 0.0  | 0.0       | 0.0          | false    | false    |
      | 12 January 2024  | Capitalized Income Amortization | 0.55   | 0.0       | 0.55     | 0.0  | 0.0       | 0.0          | false    | false    |
      | 13 January 2024  | Capitalized Income Amortization | 0.55   | 0.0       | 0.55     | 0.0  | 0.0       | 0.0          | false    | false    |
      | 14 January 2024  | Capitalized Income Amortization | 0.55   | 0.0       | 0.55     | 0.0  | 0.0       | 0.0          | false    | false    |
      | 15 January 2024  | Capitalized Income Amortization | 0.55   | 0.0       | 0.55     | 0.0  | 0.0       | 0.0          | false    | false    |
      | 16 January 2024  | Capitalized Income Amortization | 0.55   | 0.0       | 0.55     | 0.0  | 0.0       | 0.0          | false    | false    |
      | 17 January 2024  | Capitalized Income Amortization | 0.55   | 0.0       | 0.55     | 0.0  | 0.0       | 0.0          | false    | false    |
      | 18 January 2024  | Capitalized Income Amortization | 0.55   | 0.0       | 0.55     | 0.0  | 0.0       | 0.0          | false    | false    |
      | 19 January 2024  | Capitalized Income Amortization | 0.55   | 0.0       | 0.55     | 0.0  | 0.0       | 0.0          | false    | false    |
      | 20 January 2024  | Capitalized Income Amortization | 0.55   | 0.0       | 0.55     | 0.0  | 0.0       | 0.0          | false    | false    |
      | 21 January 2024  | Capitalized Income Amortization | 0.55   | 0.0       | 0.55     | 0.0  | 0.0       | 0.0          | false    | false    |
      | 22 January 2024  | Capitalized Income Amortization | 0.55   | 0.0       | 0.55     | 0.0  | 0.0       | 0.0          | false    | false    |
      | 23 January 2024  | Capitalized Income Amortization | 0.55   | 0.0       | 0.55     | 0.0  | 0.0       | 0.0          | false    | false    |
      | 24 January 2024  | Capitalized Income Amortization | 0.55   | 0.0       | 0.55     | 0.0  | 0.0       | 0.0          | false    | false    |
      | 25 January 2024  | Capitalized Income Amortization | 0.55   | 0.0       | 0.55     | 0.0  | 0.0       | 0.0          | false    | false    |
      | 26 January 2024  | Capitalized Income Amortization | 0.55   | 0.0       | 0.55     | 0.0  | 0.0       | 0.0          | false    | false    |
      | 27 January 2024  | Capitalized Income Amortization | 0.55   | 0.0       | 0.55     | 0.0  | 0.0       | 0.0          | false    | false    |
      | 28 January 2024  | Capitalized Income Amortization | 0.54   | 0.0       | 0.54     | 0.0  | 0.0       | 0.0          | false    | false    |
      | 29 January 2024  | Capitalized Income Amortization | 0.55   | 0.0       | 0.55     | 0.0  | 0.0       | 0.0          | false    | false    |
      | 30 January 2024  | Capitalized Income Amortization | 0.55   | 0.0       | 0.55     | 0.0  | 0.0       | 0.0          | false    | false    |
      | 31 January 2024  | Capitalized Income Amortization | 0.55   | 0.0       | 0.55     | 0.0  | 0.0       | 0.0          | false    | false    |
      | 01 February 2024 | Capitalized Income Amortization | 0.55   | 0.0       | 0.55     | 0.0  | 0.0       | 0.0          | false    | false    |
      | 02 February 2024 | Capitalized Income Amortization | 0.55   | 0.0       | 0.55     | 0.0  | 0.0       | 0.0          | false    | false    |
      | 03 February 2024 | Capitalized Income Amortization | 0.55   | 0.0       | 0.55     | 0.0  | 0.0       | 0.0          | false    | false    |
      | 04 February 2024 | Capitalized Income Amortization | 0.55   | 0.0       | 0.55     | 0.0  | 0.0       | 0.0          | false    | false    |
      | 05 February 2024 | Capitalized Income Amortization | 0.55   | 0.0       | 0.55     | 0.0  | 0.0       | 0.0          | false    | false    |
      | 06 February 2024 | Capitalized Income Amortization | 0.55   | 0.0       | 0.55     | 0.0  | 0.0       | 0.0          | false    | false    |
      | 07 February 2024 | Capitalized Income Amortization | 0.55   | 0.0       | 0.55     | 0.0  | 0.0       | 0.0          | false    | false    |
      | 08 February 2024 | Capitalized Income Amortization | 0.55   | 0.0       | 0.55     | 0.0  | 0.0       | 0.0          | false    | false    |
      | 09 February 2024 | Capitalized Income Amortization | 0.55   | 0.0       | 0.55     | 0.0  | 0.0       | 0.0          | false    | false    |
      | 10 February 2024 | Capitalized Income Amortization | 0.55   | 0.0       | 0.55     | 0.0  | 0.0       | 0.0          | false    | false    |
      | 11 February 2024 | Capitalized Income Amortization | 0.55   | 0.0       | 0.55     | 0.0  | 0.0       | 0.0          | false    | false    |
      | 12 February 2024 | Capitalized Income Amortization | 0.55   | 0.0       | 0.55     | 0.0  | 0.0       | 0.0          | false    | false    |
      | 13 February 2024 | Capitalized Income Amortization | 0.55   | 0.0       | 0.55     | 0.0  | 0.0       | 0.0          | false    | false    |
      | 14 February 2024 | Capitalized Income Amortization | 0.55   | 0.0       | 0.55     | 0.0  | 0.0       | 0.0          | false    | false    |
      | 15 February 2024 | Capitalized Income Amortization | 0.54   | 0.0       | 0.54     | 0.0  | 0.0       | 0.0          | false    | false    |
      | 16 February 2024 | Capitalized Income Amortization | 0.55   | 0.0       | 0.55     | 0.0  | 0.0       | 0.0          | false    | false    |
      | 17 February 2024 | Capitalized Income Amortization | 0.55   | 0.0       | 0.55     | 0.0  | 0.0       | 0.0          | false    | false    |
      | 18 February 2024 | Capitalized Income Amortization | 0.55   | 0.0       | 0.55     | 0.0  | 0.0       | 0.0          | false    | false    |
      | 19 February 2024 | Capitalized Income Amortization | 0.55   | 0.0       | 0.55     | 0.0  | 0.0       | 0.0          | false    | false    |
      | 20 February 2024 | Capitalized Income Amortization | 0.55   | 0.0       | 0.55     | 0.0  | 0.0       | 0.0          | false    | false    |
      | 21 February 2024 | Capitalized Income Amortization | 0.55   | 0.0       | 0.55     | 0.0  | 0.0       | 0.0          | false    | false    |
      | 22 February 2024 | Capitalized Income Amortization | 0.55   | 0.0       | 0.55     | 0.0  | 0.0       | 0.0          | false    | false    |
      | 23 February 2024 | Capitalized Income Amortization | 0.55   | 0.0       | 0.55     | 0.0  | 0.0       | 0.0          | false    | false    |
      | 24 February 2024 | Capitalized Income Amortization | 0.55   | 0.0       | 0.55     | 0.0  | 0.0       | 0.0          | false    | false    |
      | 25 February 2024 | Capitalized Income Amortization | 0.55   | 0.0       | 0.55     | 0.0  | 0.0       | 0.0          | false    | false    |
      | 26 February 2024 | Capitalized Income Amortization | 0.55   | 0.0       | 0.55     | 0.0  | 0.0       | 0.0          | false    | false    |
      | 27 February 2024 | Capitalized Income Amortization | 0.55   | 0.0       | 0.55     | 0.0  | 0.0       | 0.0          | false    | false    |
      | 28 February 2024 | Capitalized Income Amortization | 0.55   | 0.0       | 0.55     | 0.0  | 0.0       | 0.0          | false    | false    |
      | 29 February 2024 | Capitalized Income Amortization | 0.55   | 0.0       | 0.55     | 0.0  | 0.0       | 0.0          | false    | false    |
      | 01 March 2024    | Capitalized Income Amortization | 0.55   | 0.0       | 0.55     | 0.0  | 0.0       | 0.0          | false    | false    |
      | 02 March 2024    | Capitalized Income Amortization | 0.55   | 0.0       | 0.55     | 0.0  | 0.0       | 0.0          | false    | false    |
      | 03 March 2024    | Capitalized Income Amortization | 0.55   | 0.0       | 0.55     | 0.0  | 0.0       | 0.0          | false    | false    |
      | 04 March 2024    | Capitalized Income Amortization | 0.54   | 0.0       | 0.54     | 0.0  | 0.0       | 0.0          | false    | false    |
      | 05 March 2024    | Capitalized Income Amortization | 0.55   | 0.0       | 0.55     | 0.0  | 0.0       | 0.0          | false    | false    |
      | 06 March 2024    | Capitalized Income Amortization | 0.55   | 0.0       | 0.55     | 0.0  | 0.0       | 0.0          | false    | false    |
      | 07 March 2024    | Capitalized Income Amortization | 0.55   | 0.0       | 0.55     | 0.0  | 0.0       | 0.0          | false    | false    |
      | 08 March 2024    | Capitalized Income Amortization | 0.55   | 0.0       | 0.55     | 0.0  | 0.0       | 0.0          | false    | false    |
      | 09 March 2024    | Capitalized Income Amortization | 0.55   | 0.0       | 0.55     | 0.0  | 0.0       | 0.0          | false    | false    |
      | 10 March 2024    | Capitalized Income Amortization | 0.55   | 0.0       | 0.55     | 0.0  | 0.0       | 0.0          | false    | false    |
      | 11 March 2024    | Capitalized Income Amortization | 0.55   | 0.0       | 0.55     | 0.0  | 0.0       | 0.0          | false    | false    |
      | 12 March 2024    | Capitalized Income Amortization | 0.55   | 0.0       | 0.55     | 0.0  | 0.0       | 0.0          | false    | false    |
      | 13 March 2024    | Capitalized Income Amortization | 0.55   | 0.0       | 0.55     | 0.0  | 0.0       | 0.0          | false    | false    |
      | 14 March 2024    | Capitalized Income Amortization | 0.55   | 0.0       | 0.55     | 0.0  | 0.0       | 0.0          | false    | false    |
      | 15 March 2024    | Capitalized Income Amortization | 0.55   | 0.0       | 0.55     | 0.0  | 0.0       | 0.0          | false    | false    |
      | 16 March 2024    | Capitalized Income Amortization | 0.55   | 0.0       | 0.55     | 0.0  | 0.0       | 0.0          | false    | false    |
      | 17 March 2024    | Capitalized Income Amortization | 0.55   | 0.0       | 0.55     | 0.0  | 0.0       | 0.0          | false    | false    |
      | 18 March 2024    | Capitalized Income Amortization | 0.55   | 0.0       | 0.55     | 0.0  | 0.0       | 0.0          | false    | false    |
      | 19 March 2024    | Capitalized Income Amortization | 0.55   | 0.0       | 0.55     | 0.0  | 0.0       | 0.0          | false    | false    |
      | 20 March 2024    | Capitalized Income Amortization | 0.55   | 0.0       | 0.55     | 0.0  | 0.0       | 0.0          | false    | false    |
      | 21 March 2024    | Capitalized Income Amortization | 0.55   | 0.0       | 0.55     | 0.0  | 0.0       | 0.0          | false    | false    |
      | 22 March 2024    | Capitalized Income Amortization | 0.54   | 0.0       | 0.54     | 0.0  | 0.0       | 0.0          | false    | false    |
      | 23 March 2024    | Capitalized Income Amortization | 0.55   | 0.0       | 0.55     | 0.0  | 0.0       | 0.0          | false    | false    |
      | 24 March 2024    | Capitalized Income Amortization | 0.55   | 0.0       | 0.55     | 0.0  | 0.0       | 0.0          | false    | false    |
      | 25 March 2024    | Capitalized Income Amortization | 0.55   | 0.0       | 0.55     | 0.0  | 0.0       | 0.0          | false    | false    |
      | 26 March 2024    | Capitalized Income Amortization | 0.55   | 0.0       | 0.55     | 0.0  | 0.0       | 0.0          | false    | false    |
      | 27 March 2024    | Capitalized Income Amortization | 0.55   | 0.0       | 0.55     | 0.0  | 0.0       | 0.0          | false    | false    |
      | 28 March 2024    | Capitalized Income Amortization | 0.55   | 0.0       | 0.55     | 0.0  | 0.0       | 0.0          | false    | false    |
      | 29 March 2024    | Capitalized Income Amortization | 0.55   | 0.0       | 0.55     | 0.0  | 0.0       | 0.0          | false    | false    |
      | 30 March 2024    | Capitalized Income Amortization | 0.55   | 0.0       | 0.55     | 0.0  | 0.0       | 0.0          | false    | false    |
      | 31 March 2024    | Capitalized Income Amortization | 0.55   | 0.0       | 0.55     | 0.0  | 0.0       | 0.0          | false    | false    |
  [32m✔[39m [32m[1mAnd [22mLoan Transactions tab has a [1m"CAPITALIZED_INCOME_AMORTIZATION"[22m transaction with date [1m"01 January 2024"[22m which has the following Journal entries:[39m [90m# org.apache.fineract.test.stepdef.common.JournalEntriesStepDef.journalEntryDataCheck(java.lang.String,java.lang.String,io.cucumber.datatable.DataTable)[39m
      | Type      | Account code | Account name                | Debit | Credit |
      | INCOME    | 404000       | Interest Income             |       | 0.55   |
      | LIABILITY | 145024       | Deferred Capitalized Income | 0.55  |        |
  [32m✔[39m [32m[1mAnd [22mDeferred Capitalized Income by external-id contains the following data:[39m                                                                        [90m# org.apache.fineract.test.stepdef.loan.LoanCapitalizedIncomeStepDef.verifyDeferredCapitalizedIncomeByExternalId(io.cucumber.datatable.DataTable)[39m
      | Amount | Amortized Amount | Unrecognized Amount | Adjusted Amount | Charged Off Amount |
      | 50.0   | 50.0             | 0.0                 | 0.0             | 0.0                |
  [32m✔[39m [32m[1mAnd [22mLoan Capitalized Income Amortization Transaction Created Business Event is created on [1m"31 March 2024"[22m[39m                                          [90m# org.apache.fineract.test.stepdef.loan.LoanCapitalizedIncomeStepDef.checkLoanCapitalizedIncomeAmortizationTransactionCreatedBusinessEventCreated(java.lang.String)[39m
  [32m✔[39m [32m[1mWhen [22mLoan Pay-off is made on [1m"01 April 2024"[22m[39m                                                                                                       [90m# org.apache.fineract.test.stepdef.loan.LoanRepaymentStepDef.makeLoanPayOff(java.lang.String)[39m
  [32m✔[39m [32m[1mThen [22mLoan is closed with zero outstanding balance and it's all installments have obligations met[39m                                                   [90m# org.apache.fineract.test.stepdef.loan.LoanStepDef.loanClosedAndInstallmentsObligationsMet()[39m

@CapitalizedIncomeFeature @TestRailId:C3649
[1mScenario:[22m Verify capitalized income: daily amortization - Capitalized Income type: fee                                                                 [90m# fineract-e2e-tests-runner/src/test/resources/features/LoanCapitalizedIncome-Part1.feature:1294[39m
  [32m✔[39m [32m[1mWhen [22mAdmin sets the business date to [1m"01 January 2024"[22m[39m                                                                                             [90m# org.apache.fineract.test.stepdef.common.BusinessDateStepDef.setBusinessDate(java.lang.String)[39m
  [32m✔[39m [32m[1mAnd [22mAdmin creates a client with random data[39m                                                                                                        [90m# org.apache.fineract.test.stepdef.common.ClientStepDef.createClientRandomFirstNameLastName()[39m
  [32m✔[39m [32m[1mAnd [22mAdmin creates a fully customized loan with the following data:[39m                                                                                 [90m# org.apache.fineract.test.stepdef.loan.LoanStepDef.createFullyCustomizedLoan(io.cucumber.datatable.DataTable)[39m
      | LoanProduct                                                                          | submitted on date | with Principal | ANNUAL interest rate % | interest type     | interest calculation period | amortization type  | loanTermFrequency | loanTermFrequencyType | repaymentEvery | repaymentFrequencyType | numberOfRepayments | graceOnPrincipalPayment | graceOnInterestPayment | interest free period | Payment strategy            |
      | LP2_ADV_PYMNT_INTEREST_DAILY_EMI_360_30_INTEREST_RECALC_DAILY_CAPITALIZED_INCOME_FEE | 01 January 2024   | 200            | 0                      | DECLINING_BALANCE | DAILY                       | EQUAL_INSTALLMENTS | 3                 | MONTHS                | 1              | MONTHS                 | 3                  | 0                       | 0                      | 0                    | ADVANCED_PAYMENT_ALLOCATION |
  [32m✔[39m [32m[1mAnd [22mAdmin successfully approves the loan on [1m"01 January 2024"[22m with [1m"200"[22m amount and expected disbursement date on [1m"01 January 2024"[22m[39m                [90m# org.apache.fineract.test.stepdef.loan.LoanStepDef.approveLoan(java.lang.String,java.lang.String,java.lang.String)[39m
  [32m✔[39m [32m[1mAnd [22mAdmin successfully disburse the loan on [1m"01 January 2024"[22m with [1m"100"[22m EUR transaction amount[39m                                                    [90m# org.apache.fineract.test.stepdef.loan.LoanStepDef.disburseLoan(java.lang.String,java.lang.String)[39m
  [32m✔[39m [32m[1mAnd [22mAdmin adds capitalized income with [1m"AUTOPAY"[22m payment type to the loan on [1m"01 January 2024"[22m with [1m"50"[22m EUR transaction amount[39m                    [90m# org.apache.fineract.test.stepdef.loan.LoanStepDef.adminAddsCapitalizedIncomeToTheLoanOnWithEURTransactionAmount(java.lang.String,java.lang.String,java.lang.String)[39m
  [32m✔[39m [32m[1mThen [22mLoan status will be [1m"ACTIVE"[22m[39m                                                                                                                  [90m# org.apache.fineract.test.stepdef.loan.LoanStepDef.loanStatus(java.lang.String)[39m
  [32m✔[39m [32m[1mThen [22mLoan Repayment schedule has [1m3[22m periods, with the following data for periods:[39m                                                                   [90m# org.apache.fineract.test.stepdef.loan.LoanStepDef.loanRepaymentSchedulePeriodsCheck(int,io.cucumber.datatable.DataTable)[39m
      | Nr | Days | Date             | Paid date | Balance of loan | Principal due | Interest | Fees | Penalties | Due  | Paid | In advance | Late | Outstanding |
      |    |      | 01 January 2024  |           | 100.0           |               |          | 0.0  |           | 0.0  | 0.0  |            |      |             |
      |    |      | 01 January 2024  |           | 50.0            |               |          | 0.0  |           | 0.0  | 0.0  |            |      |             |
      | 1  | 31   | 01 February 2024 |           | 100.0           | 50.0          | 0.0      | 0.0  | 0.0       | 50.0 | 0.0  | 0.0        | 0.0  | 50.0        |
      | 2  | 29   | 01 March 2024    |           | 50.0            | 50.0          | 0.0      | 0.0  | 0.0       | 50.0 | 0.0  | 0.0        | 0.0  | 50.0        |
      | 3  | 31   | 01 April 2024    |           | 0.0             | 50.0          | 0.0      | 0.0  | 0.0       | 50.0 | 0.0  | 0.0        | 0.0  | 50.0        |
  [32m✔[39m [32m[1mAnd [22mLoan Repayment schedule has the following data in Total row:[39m                                                                                   [90m# org.apache.fineract.test.stepdef.loan.LoanStepDef.loanRepaymentScheduleAmountCheck(io.cucumber.datatable.DataTable)[39m
      | Principal due | Interest | Fees | Penalties | Due   | Paid | In advance | Late | Outstanding |
      | 150.0         | 0.0      | 0.0  | 0.0       | 150.0 | 0.0  | 0.0        | 0.0  | 150.0       |
  [32m✔[39m [32m[1mAnd [22mLoan Transactions tab has the following data:[39m                                                                                                  [90m# org.apache.fineract.test.stepdef.loan.LoanStepDef.loanTransactionsTabCheck(io.cucumber.datatable.DataTable)[39m
      | Transaction date | Transaction Type   | Amount | Principal | Interest | Fees | Penalties | Loan Balance | Reverted | Replayed |
      | 01 January 2024  | Disbursement       | 100.0  | 0.0       | 0.0      | 0.0  | 0.0       | 100.0        | false    | false    |
      | 01 January 2024  | Capitalized Income | 50.0   | 50.0      | 0.0      | 0.0  | 0.0       | 150.0        | false    | false    |
  [32m✔[39m [32m[1mAnd [22mLoan Transactions tab has a [1m"CAPITALIZED_INCOME"[22m transaction with date [1m"01 January 2024"[22m which has the following Journal entries:[39m              [90m# org.apache.fineract.test.stepdef.common.JournalEntriesStepDef.journalEntryDataCheck(java.lang.String,java.lang.String,io.cucumber.datatable.DataTable)[39m
      | Type      | Account code | Account name                | Debit | Credit |
      | LIABILITY | 145024       | Deferred Capitalized Income |       | 50.0   |
      | ASSET     | 112601       | Loans Receivable            | 50.0  |        |
  [32m✔[39m [32m[1mWhen [22mAdmin sets the business date to [1m"02 January 2024"[22m[39m                                                                                             [90m# org.apache.fineract.test.stepdef.common.BusinessDateStepDef.setBusinessDate(java.lang.String)[39m
  [32m✔[39m [32m[1mAnd [22mAdmin runs inline COB job for Loan[39m                                                                                                             [90m# org.apache.fineract.test.stepdef.loan.InlineCOBStepDef.runInlineCOB()[39m
  [32m✔[39m [32m[1mThen [22mLoan Repayment schedule has [1m3[22m periods, with the following data for periods:[39m                                                                   [90m# org.apache.fineract.test.stepdef.loan.LoanStepDef.loanRepaymentSchedulePeriodsCheck(int,io.cucumber.datatable.DataTable)[39m
      | Nr | Days | Date             | Paid date | Balance of loan | Principal due | Interest | Fees | Penalties | Due  | Paid | In advance | Late | Outstanding |
      |    |      | 01 January 2024  |           | 100.0           |               |          | 0.0  |           | 0.0  | 0.0  |            |      |             |
      |    |      | 01 January 2024  |           | 50.0            |               |          | 0.0  |           | 0.0  | 0.0  |            |      |             |
      | 1  | 31   | 01 February 2024 |           | 100.0           | 50.0          | 0.0      | 0.0  | 0.0       | 50.0 | 0.0  | 0.0        | 0.0  | 50.0        |
      | 2  | 29   | 01 March 2024    |           | 50.0            | 50.0          | 0.0      | 0.0  | 0.0       | 50.0 | 0.0  | 0.0        | 0.0  | 50.0        |
      | 3  | 31   | 01 April 2024    |           | 0.0             | 50.0          | 0.0      | 0.0  | 0.0       | 50.0 | 0.0  | 0.0        | 0.0  | 50.0        |
  [32m✔[39m [32m[1mAnd [22mLoan Repayment schedule has the following data in Total row:[39m                                                                                   [90m# org.apache.fineract.test.stepdef.loan.LoanStepDef.loanRepaymentScheduleAmountCheck(io.cucumber.datatable.DataTable)[39m
      | Principal due | Interest | Fees | Penalties | Due   | Paid | In advance | Late | Outstanding |
      | 150.0         | 0.0      | 0.0  | 0.0       | 150.0 | 0.0  | 0.0        | 0.0  | 150.0       |
  [32m✔[39m [32m[1mAnd [22mAdmin sets the business date to [1m"01 February 2024"[22m[39m                                                                                             [90m# org.apache.fineract.test.stepdef.common.BusinessDateStepDef.setBusinessDate(java.lang.String)[39m
  [32m✔[39m [32m[1mAnd [22mAdmin runs inline COB job for Loan[39m                                                                                                             [90m# org.apache.fineract.test.stepdef.loan.InlineCOBStepDef.runInlineCOB()[39m
  [32m✔[39m [32m[1mThen [22mLoan Repayment schedule has [1m3[22m periods, with the following data for periods:[39m                                                                   [90m# org.apache.fineract.test.stepdef.loan.LoanStepDef.loanRepaymentSchedulePeriodsCheck(int,io.cucumber.datatable.DataTable)[39m
      | Nr | Days | Date             | Paid date | Balance of loan | Principal due | Interest | Fees | Penalties | Due  | Paid | In advance | Late | Outstanding |
      |    |      | 01 January 2024  |           | 100.0           |               |          | 0.0  |           | 0.0  | 0.0  |            |      |             |
      |    |      | 01 January 2024  |           | 50.0            |               |          | 0.0  |           | 0.0  | 0.0  |            |      |             |
      | 1  | 31   | 01 February 2024 |           | 100.0           | 50.0          | 0.0      | 0.0  | 0.0       | 50.0 | 0.0  | 0.0        | 0.0  | 50.0        |
      | 2  | 29   | 01 March 2024    |           | 50.0            | 50.0          | 0.0      | 0.0  | 0.0       | 50.0 | 0.0  | 0.0        | 0.0  | 50.0        |
      | 3  | 31   | 01 April 2024    |           | 0.0             | 50.0          | 0.0      | 0.0  | 0.0       | 50.0 | 0.0  | 0.0        | 0.0  | 50.0        |
  [32m✔[39m [32m[1mAnd [22mLoan Repayment schedule has the following data in Total row:[39m                                                                                   [90m# org.apache.fineract.test.stepdef.loan.LoanStepDef.loanRepaymentScheduleAmountCheck(io.cucumber.datatable.DataTable)[39m
      | Principal due | Interest | Fees | Penalties | Due   | Paid | In advance | Late | Outstanding |
      | 150.0         | 0.0      | 0.0  | 0.0       | 150.0 | 0.0  | 0.0        | 0.0  | 150.0       |
  [32m✔[39m [32m[1mWhen [22mAdmin sets the business date to [1m"01 March 2024"[22m[39m                                                                                               [90m# org.apache.fineract.test.stepdef.common.BusinessDateStepDef.setBusinessDate(java.lang.String)[39m
  [32m✔[39m [32m[1mAnd [22mAdmin runs inline COB job for Loan[39m                                                                                                             [90m# org.apache.fineract.test.stepdef.loan.InlineCOBStepDef.runInlineCOB()[39m
  [32m✔[39m [32m[1mThen [22mLoan Repayment schedule has [1m3[22m periods, with the following data for periods:[39m                                                                   [90m# org.apache.fineract.test.stepdef.loan.LoanStepDef.loanRepaymentSchedulePeriodsCheck(int,io.cucumber.datatable.DataTable)[39m
      | Nr | Days | Date             | Paid date | Balance of loan | Principal due | Interest | Fees | Penalties | Due  | Paid | In advance | Late | Outstanding |
      |    |      | 01 January 2024  |           | 100.0           |               |          | 0.0  |           | 0.0  | 0.0  |            |      |             |
      |    |      | 01 January 2024  |           | 50.0            |               |          | 0.0  |           | 0.0  | 0.0  |            |      |             |
      | 1  | 31   | 01 February 2024 |           | 100.0           | 50.0          | 0.0      | 0.0  | 0.0       | 50.0 | 0.0  | 0.0        | 0.0  | 50.0        |
      | 2  | 29   | 01 March 2024    |           | 50.0            | 50.0          | 0.0      | 0.0  | 0.0       | 50.0 | 0.0  | 0.0        | 0.0  | 50.0        |
      | 3  | 31   | 01 April 2024    |           | 0.0             | 50.0          | 0.0      | 0.0  | 0.0       | 50.0 | 0.0  | 0.0        | 0.0  | 50.0        |
  [32m✔[39m [32m[1mAnd [22mLoan Repayment schedule has the following data in Total row:[39m                                                                                   [90m# org.apache.fineract.test.stepdef.loan.LoanStepDef.loanRepaymentScheduleAmountCheck(io.cucumber.datatable.DataTable)[39m
      | Principal due | Interest | Fees | Penalties | Due   | Paid | In advance | Late | Outstanding |
      | 150.0         | 0.0      | 0.0  | 0.0       | 150.0 | 0.0  | 0.0        | 0.0  | 150.0       |
  [32m✔[39m [32m[1mAnd [22mAdmin sets the business date to [1m"01 April 2024"[22m[39m                                                                                                [90m# org.apache.fineract.test.stepdef.common.BusinessDateStepDef.setBusinessDate(java.lang.String)[39m
  [32m✔[39m [32m[1mAnd [22mAdmin runs inline COB job for Loan[39m                                                                                                             [90m# org.apache.fineract.test.stepdef.loan.InlineCOBStepDef.runInlineCOB()[39m
  [32m✔[39m [32m[1mThen [22mLoan Repayment schedule has [1m3[22m periods, with the following data for periods:[39m                                                                   [90m# org.apache.fineract.test.stepdef.loan.LoanStepDef.loanRepaymentSchedulePeriodsCheck(int,io.cucumber.datatable.DataTable)[39m
      | Nr | Days | Date             | Paid date | Balance of loan | Principal due | Interest | Fees | Penalties | Due  | Paid | In advance | Late | Outstanding |
      |    |      | 01 January 2024  |           | 100.0           |               |          | 0.0  |           | 0.0  | 0.0  |            |      |             |
      |    |      | 01 January 2024  |           | 50.0            |               |          | 0.0  |           | 0.0  | 0.0  |            |      |             |
      | 1  | 31   | 01 February 2024 |           | 100.0           | 50.0          | 0.0      | 0.0  | 0.0       | 50.0 | 0.0  | 0.0        | 0.0  | 50.0        |
      | 2  | 29   | 01 March 2024    |           | 50.0            | 50.0          | 0.0      | 0.0  | 0.0       | 50.0 | 0.0  | 0.0        | 0.0  | 50.0        |
      | 3  | 31   | 01 April 2024    |           | 0.0             | 50.0          | 0.0      | 0.0  | 0.0       | 50.0 | 0.0  | 0.0        | 0.0  | 50.0        |
  [32m✔[39m [32m[1mAnd [22mLoan Repayment schedule has the following data in Total row:[39m                                                                                   [90m# org.apache.fineract.test.stepdef.loan.LoanStepDef.loanRepaymentScheduleAmountCheck(io.cucumber.datatable.DataTable)[39m
      | Principal due | Interest | Fees | Penalties | Due   | Paid | In advance | Late | Outstanding |
      | 150.0         | 0.0      | 0.0  | 0.0       | 150.0 | 0.0  | 0.0        | 0.0  | 150.0       |
  [32m✔[39m [32m[1mThen [22mLoan Transactions tab has the following data:[39m                                                                                                 [90m# org.apache.fineract.test.stepdef.loan.LoanStepDef.loanTransactionsTabCheck(io.cucumber.datatable.DataTable)[39m
      | Transaction date | Transaction Type                | Amount | Principal | Interest | Fees | Penalties | Loan Balance | Reverted | Replayed |
      | 01 January 2024  | Disbursement                    | 100.0  | 0.0       | 0.0      | 0.0  | 0.0       | 100.0        | false    | false    |
      | 01 January 2024  | Capitalized Income              | 50.0   | 50.0      | 0.0      | 0.0  | 0.0       | 150.0        | false    | false    |
      | 01 January 2024  | Capitalized Income Amortization | 0.55   | 0.0       | 0.0      | 0.55 | 0.0       | 0.0          | false    | false    |
      | 02 January 2024  | Capitalized Income Amortization | 0.55   | 0.0       | 0.0      | 0.55 | 0.0       | 0.0          | false    | false    |
      | 03 January 2024  | Capitalized Income Amortization | 0.55   | 0.0       | 0.0      | 0.55 | 0.0       | 0.0          | false    | false    |
      | 04 January 2024  | Capitalized Income Amortization | 0.55   | 0.0       | 0.0      | 0.55 | 0.0       | 0.0          | false    | false    |
      | 05 January 2024  | Capitalized Income Amortization | 0.55   | 0.0       | 0.0      | 0.55 | 0.0       | 0.0          | false    | false    |
      | 06 January 2024  | Capitalized Income Amortization | 0.55   | 0.0       | 0.0      | 0.55 | 0.0       | 0.0          | false    | false    |
      | 07 January 2024  | Capitalized Income Amortization | 0.55   | 0.0       | 0.0      | 0.55 | 0.0       | 0.0          | false    | false    |
      | 08 January 2024  | Capitalized Income Amortization | 0.55   | 0.0       | 0.0      | 0.55 | 0.0       | 0.0          | false    | false    |
      | 09 January 2024  | Capitalized Income Amortization | 0.55   | 0.0       | 0.0      | 0.55 | 0.0       | 0.0          | false    | false    |
      | 10 January 2024  | Capitalized Income Amortization | 0.54   | 0.0       | 0.0      | 0.54 | 0.0       | 0.0          | false    | false    |
      | 11 January 2024  | Capitalized Income Amortization | 0.55   | 0.0       | 0.0      | 0.55 | 0.0       | 0.0          | false    | false    |
      | 12 January 2024  | Capitalized Income Amortization | 0.55   | 0.0       | 0.0      | 0.55 | 0.0       | 0.0          | false    | false    |
      | 13 January 2024  | Capitalized Income Amortization | 0.55   | 0.0       | 0.0      | 0.55 | 0.0       | 0.0          | false    | false    |
      | 14 January 2024  | Capitalized Income Amortization | 0.55   | 0.0       | 0.0      | 0.55 | 0.0       | 0.0          | false    | false    |
      | 15 January 2024  | Capitalized Income Amortization | 0.55   | 0.0       | 0.0      | 0.55 | 0.0       | 0.0          | false    | false    |
      | 16 January 2024  | Capitalized Income Amortization | 0.55   | 0.0       | 0.0      | 0.55 | 0.0       | 0.0          | false    | false    |
      | 17 January 2024  | Capitalized Income Amortization | 0.55   | 0.0       | 0.0      | 0.55 | 0.0       | 0.0          | false    | false    |
      | 18 January 2024  | Capitalized Income Amortization | 0.55   | 0.0       | 0.0      | 0.55 | 0.0       | 0.0          | false    | false    |
      | 19 January 2024  | Capitalized Income Amortization | 0.55   | 0.0       | 0.0      | 0.55 | 0.0       | 0.0          | false    | false    |
      | 20 January 2024  | Capitalized Income Amortization | 0.55   | 0.0       | 0.0      | 0.55 | 0.0       | 0.0          | false    | false    |
      | 21 January 2024  | Capitalized Income Amortization | 0.55   | 0.0       | 0.0      | 0.55 | 0.0       | 0.0          | false    | false    |
      | 22 January 2024  | Capitalized Income Amortization | 0.55   | 0.0       | 0.0      | 0.55 | 0.0       | 0.0          | false    | false    |
      | 23 January 2024  | Capitalized Income Amortization | 0.55   | 0.0       | 0.0      | 0.55 | 0.0       | 0.0          | false    | false    |
      | 24 January 2024  | Capitalized Income Amortization | 0.55   | 0.0       | 0.0      | 0.55 | 0.0       | 0.0          | false    | false    |
      | 25 January 2024  | Capitalized Income Amortization | 0.55   | 0.0       | 0.0      | 0.55 | 0.0       | 0.0          | false    | false    |
      | 26 January 2024  | Capitalized Income Amortization | 0.55   | 0.0       | 0.0      | 0.55 | 0.0       | 0.0          | false    | false    |
      | 27 January 2024  | Capitalized Income Amortization | 0.55   | 0.0       | 0.0      | 0.55 | 0.0       | 0.0          | false    | false    |
      | 28 January 2024  | Capitalized Income Amortization | 0.54   | 0.0       | 0.0      | 0.54 | 0.0       | 0.0          | false    | false    |
      | 29 January 2024  | Capitalized Income Amortization | 0.55   | 0.0       | 0.0      | 0.55 | 0.0       | 0.0          | false    | false    |
      | 30 January 2024  | Capitalized Income Amortization | 0.55   | 0.0       | 0.0      | 0.55 | 0.0       | 0.0          | false    | false    |
      | 31 January 2024  | Capitalized Income Amortization | 0.55   | 0.0       | 0.0      | 0.55 | 0.0       | 0.0          | false    | false    |
      | 01 February 2024 | Capitalized Income Amortization | 0.55   | 0.0       | 0.0      | 0.55 | 0.0       | 0.0          | false    | false    |
      | 02 February 2024 | Capitalized Income Amortization | 0.55   | 0.0       | 0.0      | 0.55 | 0.0       | 0.0          | false    | false    |
      | 03 February 2024 | Capitalized Income Amortization | 0.55   | 0.0       | 0.0      | 0.55 | 0.0       | 0.0          | false    | false    |
      | 04 February 2024 | Capitalized Income Amortization | 0.55   | 0.0       | 0.0      | 0.55 | 0.0       | 0.0          | false    | false    |
      | 05 February 2024 | Capitalized Income Amortization | 0.55   | 0.0       | 0.0      | 0.55 | 0.0       | 0.0          | false    | false    |
      | 06 February 2024 | Capitalized Income Amortization | 0.55   | 0.0       | 0.0      | 0.55 | 0.0       | 0.0          | false    | false    |
      | 07 February 2024 | Capitalized Income Amortization | 0.55   | 0.0       | 0.0      | 0.55 | 0.0       | 0.0          | false    | false    |
      | 08 February 2024 | Capitalized Income Amortization | 0.55   | 0.0       | 0.0      | 0.55 | 0.0       | 0.0          | false    | false    |
      | 09 February 2024 | Capitalized Income Amortization | 0.55   | 0.0       | 0.0      | 0.55 | 0.0       | 0.0          | false    | false    |
      | 10 February 2024 | Capitalized Income Amortization | 0.55   | 0.0       | 0.0      | 0.55 | 0.0       | 0.0          | false    | false    |
      | 11 February 2024 | Capitalized Income Amortization | 0.55   | 0.0       | 0.0      | 0.55 | 0.0       | 0.0          | false    | false    |
      | 12 February 2024 | Capitalized Income Amortization | 0.55   | 0.0       | 0.0      | 0.55 | 0.0       | 0.0          | false    | false    |
      | 13 February 2024 | Capitalized Income Amortization | 0.55   | 0.0       | 0.0      | 0.55 | 0.0       | 0.0          | false    | false    |
      | 14 February 2024 | Capitalized Income Amortization | 0.55   | 0.0       | 0.0      | 0.55 | 0.0       | 0.0          | false    | false    |
      | 15 February 2024 | Capitalized Income Amortization | 0.54   | 0.0       | 0.0      | 0.54 | 0.0       | 0.0          | false    | false    |
      | 16 February 2024 | Capitalized Income Amortization | 0.55   | 0.0       | 0.0      | 0.55 | 0.0       | 0.0          | false    | false    |
      | 17 February 2024 | Capitalized Income Amortization | 0.55   | 0.0       | 0.0      | 0.55 | 0.0       | 0.0          | false    | false    |
      | 18 February 2024 | Capitalized Income Amortization | 0.55   | 0.0       | 0.0      | 0.55 | 0.0       | 0.0          | false    | false    |
      | 19 February 2024 | Capitalized Income Amortization | 0.55   | 0.0       | 0.0      | 0.55 | 0.0       | 0.0          | false    | false    |
      | 20 February 2024 | Capitalized Income Amortization | 0.55   | 0.0       | 0.0      | 0.55 | 0.0       | 0.0          | false    | false    |
      | 21 February 2024 | Capitalized Income Amortization | 0.55   | 0.0       | 0.0      | 0.55 | 0.0       | 0.0          | false    | false    |
      | 22 February 2024 | Capitalized Income Amortization | 0.55   | 0.0       | 0.0      | 0.55 | 0.0       | 0.0          | false    | false    |
      | 23 February 2024 | Capitalized Income Amortization | 0.55   | 0.0       | 0.0      | 0.55 | 0.0       | 0.0          | false    | false    |
      | 24 February 2024 | Capitalized Income Amortization | 0.55   | 0.0       | 0.0      | 0.55 | 0.0       | 0.0          | false    | false    |
      | 25 February 2024 | Capitalized Income Amortization | 0.55   | 0.0       | 0.0      | 0.55 | 0.0       | 0.0          | false    | false    |
      | 26 February 2024 | Capitalized Income Amortization | 0.55   | 0.0       | 0.0      | 0.55 | 0.0       | 0.0          | false    | false    |
      | 27 February 2024 | Capitalized Income Amortization | 0.55   | 0.0       | 0.0      | 0.55 | 0.0       | 0.0          | false    | false    |
      | 28 February 2024 | Capitalized Income Amortization | 0.55   | 0.0       | 0.0      | 0.55 | 0.0       | 0.0          | false    | false    |
      | 29 February 2024 | Capitalized Income Amortization | 0.55   | 0.0       | 0.0      | 0.55 | 0.0       | 0.0          | false    | false    |
      | 01 March 2024    | Capitalized Income Amortization | 0.55   | 0.0       | 0.0      | 0.55 | 0.0       | 0.0          | false    | false    |
      | 02 March 2024    | Capitalized Income Amortization | 0.55   | 0.0       | 0.0      | 0.55 | 0.0       | 0.0          | false    | false    |
      | 03 March 2024    | Capitalized Income Amortization | 0.55   | 0.0       | 0.0      | 0.55 | 0.0       | 0.0          | false    | false    |
      | 04 March 2024    | Capitalized Income Amortization | 0.54   | 0.0       | 0.0      | 0.54 | 0.0       | 0.0          | false    | false    |
      | 05 March 2024    | Capitalized Income Amortization | 0.55   | 0.0       | 0.0      | 0.55 | 0.0       | 0.0          | false    | false    |
      | 06 March 2024    | Capitalized Income Amortization | 0.55   | 0.0       | 0.0      | 0.55 | 0.0       | 0.0          | false    | false    |
      | 07 March 2024    | Capitalized Income Amortization | 0.55   | 0.0       | 0.0      | 0.55 | 0.0       | 0.0          | false    | false    |
      | 08 March 2024    | Capitalized Income Amortization | 0.55   | 0.0       | 0.0      | 0.55 | 0.0       | 0.0          | false    | false    |
      | 09 March 2024    | Capitalized Income Amortization | 0.55   | 0.0       | 0.0      | 0.55 | 0.0       | 0.0          | false    | false    |
      | 10 March 2024    | Capitalized Income Amortization | 0.55   | 0.0       | 0.0      | 0.55 | 0.0       | 0.0          | false    | false    |
      | 11 March 2024    | Capitalized Income Amortization | 0.55   | 0.0       | 0.0      | 0.55 | 0.0       | 0.0          | false    | false    |
      | 12 March 2024    | Capitalized Income Amortization | 0.55   | 0.0       | 0.0      | 0.55 | 0.0       | 0.0          | false    | false    |
      | 13 March 2024    | Capitalized Income Amortization | 0.55   | 0.0       | 0.0      | 0.55 | 0.0       | 0.0          | false    | false    |
      | 14 March 2024    | Capitalized Income Amortization | 0.55   | 0.0       | 0.0      | 0.55 | 0.0       | 0.0          | false    | false    |
      | 15 March 2024    | Capitalized Income Amortization | 0.55   | 0.0       | 0.0      | 0.55 | 0.0       | 0.0          | false    | false    |
      | 16 March 2024    | Capitalized Income Amortization | 0.55   | 0.0       | 0.0      | 0.55 | 0.0       | 0.0          | false    | false    |
      | 17 March 2024    | Capitalized Income Amortization | 0.55   | 0.0       | 0.0      | 0.55 | 0.0       | 0.0          | false    | false    |
      | 18 March 2024    | Capitalized Income Amortization | 0.55   | 0.0       | 0.0      | 0.55 | 0.0       | 0.0          | false    | false    |
      | 19 March 2024    | Capitalized Income Amortization | 0.55   | 0.0       | 0.0      | 0.55 | 0.0       | 0.0          | false    | false    |
      | 20 March 2024    | Capitalized Income Amortization | 0.55   | 0.0       | 0.0      | 0.55 | 0.0       | 0.0          | false    | false    |
      | 21 March 2024    | Capitalized Income Amortization | 0.55   | 0.0       | 0.0      | 0.55 | 0.0       | 0.0          | false    | false    |
      | 22 March 2024    | Capitalized Income Amortization | 0.54   | 0.0       | 0.0      | 0.54 | 0.0       | 0.0          | false    | false    |
      | 23 March 2024    | Capitalized Income Amortization | 0.55   | 0.0       | 0.0      | 0.55 | 0.0       | 0.0          | false    | false    |
      | 24 March 2024    | Capitalized Income Amortization | 0.55   | 0.0       | 0.0      | 0.55 | 0.0       | 0.0          | false    | false    |
      | 25 March 2024    | Capitalized Income Amortization | 0.55   | 0.0       | 0.0      | 0.55 | 0.0       | 0.0          | false    | false    |
      | 26 March 2024    | Capitalized Income Amortization | 0.55   | 0.0       | 0.0      | 0.55 | 0.0       | 0.0          | false    | false    |
      | 27 March 2024    | Capitalized Income Amortization | 0.55   | 0.0       | 0.0      | 0.55 | 0.0       | 0.0          | false    | false    |
      | 28 March 2024    | Capitalized Income Amortization | 0.55   | 0.0       | 0.0      | 0.55 | 0.0       | 0.0          | false    | false    |
      | 29 March 2024    | Capitalized Income Amortization | 0.55   | 0.0       | 0.0      | 0.55 | 0.0       | 0.0          | false    | false    |
      | 30 March 2024    | Capitalized Income Amortization | 0.55   | 0.0       | 0.0      | 0.55 | 0.0       | 0.0          | false    | false    |
      | 31 March 2024    | Capitalized Income Amortization | 0.55   | 0.0       | 0.0      | 0.55 | 0.0       | 0.0          | false    | false    |
  [32m✔[39m [32m[1mAnd [22mLoan Transactions tab has a [1m"CAPITALIZED_INCOME_AMORTIZATION"[22m transaction with date [1m"01 January 2024"[22m which has the following Journal entries:[39m [90m# org.apache.fineract.test.stepdef.common.JournalEntriesStepDef.journalEntryDataCheck(java.lang.String,java.lang.String,io.cucumber.datatable.DataTable)[39m
      | Type      | Account code | Account name                | Debit | Credit |
      | INCOME    | 404000       | Interest Income             |       | 0.55   |
      | LIABILITY | 145024       | Deferred Capitalized Income | 0.55  |        |
  [32m✔[39m [32m[1mAnd [22mLoan Capitalized Income Amortization Transaction Created Business Event is created on [1m"31 March 2024"[22m[39m                                          [90m# org.apache.fineract.test.stepdef.loan.LoanCapitalizedIncomeStepDef.checkLoanCapitalizedIncomeAmortizationTransactionCreatedBusinessEventCreated(java.lang.String)[39m
  [32m✔[39m [32m[1mWhen [22mLoan Pay-off is made on [1m"01 April 2024"[22m[39m                                                                                                       [90m# org.apache.fineract.test.stepdef.loan.LoanRepaymentStepDef.makeLoanPayOff(java.lang.String)[39m
  [32m✔[39m [32m[1mThen [22mLoan is closed with zero outstanding balance and it's all installments have obligations met[39m                                                   [90m# org.apache.fineract.test.stepdef.loan.LoanStepDef.loanClosedAndInstallmentsObligationsMet()[39m

@CapitalizedIncomeFeature @TestRailId:C3661
[1mScenario:[22m As a user I want to add capitalized income to a progressive loan after disbursement and then charge-off the loan with "delinquent" reason - amortization in case of loan charge-off event [90m# fineract-e2e-tests-runner/src/test/resources/features/LoanCapitalizedIncome-Part1.feature:1477[39m
  [32m✔[39m [32m[1mWhen [22mAdmin sets the business date to [1m"1 January 2024"[22m[39m                                                                                                                                           [90m# org.apache.fineract.test.stepdef.common.BusinessDateStepDef.setBusinessDate(java.lang.String)[39m
  [32m✔[39m [32m[1mAnd [22mAdmin creates a client with random data[39m                                                                                                                                                     [90m# org.apache.fineract.test.stepdef.common.ClientStepDef.createClientRandomFirstNameLastName()[39m
  [32m✔[39m [32m[1mWhen [22mAdmin creates a fully customized loan with the following data:[39m                                                                                                                             [90m# org.apache.fineract.test.stepdef.loan.LoanStepDef.createFullyCustomizedLoan(io.cucumber.datatable.DataTable)[39m
      | LoanProduct                                                                                 | submitted on date | with Principal | ANNUAL interest rate % | interest type     | interest calculation period | amortization type  | loanTermFrequency | loanTermFrequencyType | repaymentEvery | repaymentFrequencyType | numberOfRepayments | graceOnPrincipalPayment | graceOnInterestPayment | interest free period | Payment strategy            |
      | LP2_ADV_PYMNT_ZERO_INTEREST_CHARGE_OFF_DELINQUENT_REASON_INTEREST_RECALC_CAPITALIZED_INCOME | 01 January 2024   | 1000           | 7                      | DECLINING_BALANCE | DAILY                       | EQUAL_INSTALLMENTS | 1                 | MONTHS                | 1              | MONTHS                 | 1                  | 0                       | 0                      | 0                    | ADVANCED_PAYMENT_ALLOCATION |
  [32m✔[39m [32m[1mAnd [22mAdmin successfully approves the loan on [1m"1 January 2024"[22m with [1m"1000"[22m amount and expected disbursement date on [1m"1 January 2024"[22m[39m                                                              [90m# org.apache.fineract.test.stepdef.loan.LoanStepDef.approveLoan(java.lang.String,java.lang.String,java.lang.String)[39m
  [32m✔[39m [32m[1mAnd [22mAdmin successfully disburse the loan on [1m"1 January 2024"[22m with [1m"900"[22m EUR transaction amount[39m                                                                                                  [90m# org.apache.fineract.test.stepdef.loan.LoanStepDef.disburseLoan(java.lang.String,java.lang.String)[39m
  [32m✔[39m [32m[1mThen [22mLoan status will be [1m"ACTIVE"[22m[39m                                                                                                                                                               [90m# org.apache.fineract.test.stepdef.loan.LoanStepDef.loanStatus(java.lang.String)[39m
  [32m✔[39m [32m[1mWhen [22mAdmin sets the business date to [1m"2 January 2024"[22m[39m                                                                                                                                           [90m# org.apache.fineract.test.stepdef.common.BusinessDateStepDef.setBusinessDate(java.lang.String)[39m
  [32m✔[39m [32m[1mAnd [22mAdmin adds capitalized income with [1m"AUTOPAY"[22m payment type to the loan on [1m"2 January 2024"[22m with [1m"100"[22m EUR transaction amount[39m                                                                 [90m# org.apache.fineract.test.stepdef.loan.LoanStepDef.adminAddsCapitalizedIncomeToTheLoanOnWithEURTransactionAmount(java.lang.String,java.lang.String,java.lang.String)[39m
  [32m✔[39m [32m[1mThen [22mLoan Transactions tab has the following data:[39m                                                                                                                                              [90m# org.apache.fineract.test.stepdef.loan.LoanStepDef.loanTransactionsTabCheck(io.cucumber.datatable.DataTable)[39m
      | Transaction date | Transaction Type   | Amount | Principal | Interest | Fees | Penalties | Loan Balance | Reverted |
      | 01 January 2024  | Disbursement       | 900.0  | 0.0       | 0.0      | 0.0  | 0.0       | 900.0        | false    |
      | 02 January 2024  | Capitalized Income | 100.0  | 100.0     | 0.0      | 0.0  | 0.0       | 1000.0       | false    |
  [32m✔[39m [32m[1mThen [22mLoan Transactions tab has a [1m"CAPITALIZED_INCOME"[22m transaction with date [1m"02 January 2024"[22m which has the following Journal entries:[39m                                                          [90m# org.apache.fineract.test.stepdef.common.JournalEntriesStepDef.journalEntryDataCheck(java.lang.String,java.lang.String,io.cucumber.datatable.DataTable)[39m
      | Type      | Account code | Account name                | Debit | Credit |
      | ASSET     | 112601       | Loans Receivable            | 100.0 |        |
      | LIABILITY | 145024       | Deferred Capitalized Income |       | 100.0  |
  [32m✔[39m [32m[1mThen [22mAdmin can successfully set Fraud flag to the loan[39m                                                                                                                                          [90m# org.apache.fineract.test.stepdef.loan.LoanStepDef.setFraud()[39m
  [32m✔[39m [32m[1mWhen [22mAdmin sets the business date to [1m"26 January 2024"[22m[39m                                                                                                                                          [90m# org.apache.fineract.test.stepdef.common.BusinessDateStepDef.setBusinessDate(java.lang.String)[39m
  [32m✔[39m [32m[1mAnd [22mAdmin does charge-off the loan with reason [1m"DELINQUENT"[22m on [1m"26 January 2024"[22m[39m                                                                                                                [90m# org.apache.fineract.test.stepdef.loan.LoanStepDef.chargeOffLoan(java.lang.String,java.lang.String)[39m
  [32m✔[39m [32m[1mThen [22mLoan Transactions tab has a [1m"CHARGE_OFF"[22m transaction with date [1m"26 January 2024"[22m which has the following Journal entries:[39m                                                                  [90m# org.apache.fineract.test.stepdef.common.JournalEntriesStepDef.journalEntryDataCheck(java.lang.String,java.lang.String,io.cucumber.datatable.DataTable)[39m
      | Type    | Account code | Account name               | Debit  | Credit |
      | ASSET   | 112601       | Loans Receivable           |        | 1000.0 |
      | ASSET   | 112603       | Interest/Fee Receivable    |        | 4.58   |
      | EXPENSE | 744007       | Credit Loss/Bad Debt       | 1000.0 |        |
      | INCOME  | 404001       | Interest Income Charge Off | 4.58   |        |
  [32m✔[39m [32m[1mThen [22mLoan Transactions tab has the following data:[39m                                                                                                                                              [90m# org.apache.fineract.test.stepdef.loan.LoanStepDef.loanTransactionsTabCheck(io.cucumber.datatable.DataTable)[39m
      | Transaction date | Transaction Type                | Amount  | Principal | Interest | Fees | Penalties | Loan Balance | Reverted |
      | 01 January 2024  | Disbursement                    | 900.0   | 0.0       | 0.0      | 0.0  | 0.0       | 900.0        | false    |
      | 02 January 2024  | Capitalized Income              | 100.0   | 100.0     | 0.0      | 0.0  | 0.0       | 1000.0       | false    |
      | 26 January 2024  | Capitalized Income Amortization | 83.33   | 0.0       | 83.33    | 0.0  | 0.0       | 0.0          | false    |
      | 26 January 2024  | Accrual                         | 3.69    | 0.0       | 3.69     | 0.0  | 0.0       | 0.0          | false    |
      | 26 January 2024  | Charge-off                      | 1004.58 | 1000.0    | 4.58     | 0.0  | 0.0       | 0.0          | false    |
      | 26 January 2024  | Capitalized Income Amortization | 16.67   | 0.0       | 16.67    | 0.0  | 0.0       | 0.0          | false    |
  [32m✔[39m [32m[1mThen [22mLoan Transactions tab has [1m2[22m a [1m"CAPITALIZED_INCOME_AMORTIZATION"[22m transactions with date [1m"26 January 2024"[22m which has the following Journal entries:[39m                                          [90m# org.apache.fineract.test.stepdef.common.JournalEntriesStepDef.journalEntryDataCheck(int,java.lang.String,java.lang.String,io.cucumber.datatable.DataTable)[39m
      | Type      | Account code | Account name                | Debit | Credit |
      | INCOME    | 404000       | Interest Income             |       | 83.33  |
      | LIABILITY | 145024       | Deferred Capitalized Income | 83.33 |        |
      | EXPENSE   | 744007       | Credit Loss/Bad Debt        |       | 16.67  |
      | LIABILITY | 145024       | Deferred Capitalized Income | 16.67 |        |
  [32m✔[39m [32m[1mThen [22mLoanCapitalizedIncomeAmortizationTransactionCreatedBusinessEvent is raised on [1m"26 January 2024"[22m[39m                                                                                            [90m# org.apache.fineract.test.stepdef.loan.LoanStepDef.checkLoanCapitalizedIncomeAmortizationTransactionCreatedBusinessEvent(java.lang.String)[39m
  [32m✔[39m [32m[1mWhen [22mLoan Pay-off is made on [1m"26 January 2024"[22m[39m                                                                                                                                                  [90m# org.apache.fineract.test.stepdef.loan.LoanRepaymentStepDef.makeLoanPayOff(java.lang.String)[39m
  [32m✔[39m [32m[1mThen [22mLoan is closed with zero outstanding balance and it's all installments have obligations met[39m                                                                                                [90m# org.apache.fineract.test.stepdef.loan.LoanStepDef.loanClosedAndInstallmentsObligationsMet()[39m

@CapitalizedIncomeFeature @TestRailId:C3662
[1mScenario:[22m As a user I want to add capitalized income to a progressive loan after disbursement and then charge-off a fraud loan - amortization in case of loan charge-off event [90m# fineract-e2e-tests-runner/src/test/resources/features/LoanCapitalizedIncome-Part1.feature:1526[39m
  [32m✔[39m [32m[1mWhen [22mAdmin sets the business date to [1m"1 January 2024"[22m[39m                                                                                                                      [90m# org.apache.fineract.test.stepdef.common.BusinessDateStepDef.setBusinessDate(java.lang.String)[39m
  [32m✔[39m [32m[1mAnd [22mAdmin creates a client with random data[39m                                                                                                                                [90m# org.apache.fineract.test.stepdef.common.ClientStepDef.createClientRandomFirstNameLastName()[39m
  [32m✔[39m [32m[1mWhen [22mAdmin creates a fully customized loan with the following data:[39m                                                                                                        [90m# org.apache.fineract.test.stepdef.loan.LoanStepDef.createFullyCustomizedLoan(io.cucumber.datatable.DataTable)[39m
      | LoanProduct                                                                                 | submitted on date | with Principal | ANNUAL interest rate % | interest type     | interest calculation period | amortization type  | loanTermFrequency | loanTermFrequencyType | repaymentEvery | repaymentFrequencyType | numberOfRepayments | graceOnPrincipalPayment | graceOnInterestPayment | interest free period | Payment strategy            |
      | LP2_ADV_PYMNT_ZERO_INTEREST_CHARGE_OFF_DELINQUENT_REASON_INTEREST_RECALC_CAPITALIZED_INCOME | 01 January 2024   | 1000           | 7                      | DECLINING_BALANCE | DAILY                       | EQUAL_INSTALLMENTS | 1                 | MONTHS                | 1              | MONTHS                 | 1                  | 0                       | 0                      | 0                    | ADVANCED_PAYMENT_ALLOCATION |
  [32m✔[39m [32m[1mAnd [22mAdmin successfully approves the loan on [1m"1 January 2024"[22m with [1m"1000"[22m amount and expected disbursement date on [1m"1 January 2024"[22m[39m                                         [90m# org.apache.fineract.test.stepdef.loan.LoanStepDef.approveLoan(java.lang.String,java.lang.String,java.lang.String)[39m
  [32m✔[39m [32m[1mAnd [22mAdmin successfully disburse the loan on [1m"1 January 2024"[22m with [1m"900"[22m EUR transaction amount[39m                                                                             [90m# org.apache.fineract.test.stepdef.loan.LoanStepDef.disburseLoan(java.lang.String,java.lang.String)[39m
  [32m✔[39m [32m[1mThen [22mLoan status will be [1m"ACTIVE"[22m[39m                                                                                                                                          [90m# org.apache.fineract.test.stepdef.loan.LoanStepDef.loanStatus(java.lang.String)[39m
  [32m✔[39m [32m[1mWhen [22mAdmin sets the business date to [1m"2 January 2024"[22m[39m                                                                                                                      [90m# org.apache.fineract.test.stepdef.common.BusinessDateStepDef.setBusinessDate(java.lang.String)[39m
  [32m✔[39m [32m[1mAnd [22mAdmin adds capitalized income with [1m"AUTOPAY"[22m payment type to the loan on [1m"2 January 2024"[22m with [1m"100"[22m EUR transaction amount[39m                                            [90m# org.apache.fineract.test.stepdef.loan.LoanStepDef.adminAddsCapitalizedIncomeToTheLoanOnWithEURTransactionAmount(java.lang.String,java.lang.String,java.lang.String)[39m
  [32m✔[39m [32m[1mThen [22mLoan Transactions tab has the following data:[39m                                                                                                                         [90m# org.apache.fineract.test.stepdef.loan.LoanStepDef.loanTransactionsTabCheck(io.cucumber.datatable.DataTable)[39m
      | Transaction date | Transaction Type   | Amount | Principal | Interest | Fees | Penalties | Loan Balance | Reverted |
      | 01 January 2024  | Disbursement       | 900.0  | 0.0       | 0.0      | 0.0  | 0.0       | 900.0        | false    |
      | 02 January 2024  | Capitalized Income | 100.0  | 100.0     | 0.0      | 0.0  | 0.0       | 1000.0       | false    |
  [32m✔[39m [32m[1mThen [22mLoan Transactions tab has a [1m"CAPITALIZED_INCOME"[22m transaction with date [1m"02 January 2024"[22m which has the following Journal entries:[39m                                     [90m# org.apache.fineract.test.stepdef.common.JournalEntriesStepDef.journalEntryDataCheck(java.lang.String,java.lang.String,io.cucumber.datatable.DataTable)[39m
      | Type      | Account code | Account name                | Debit | Credit |
      | ASSET     | 112601       | Loans Receivable            | 100.0 |        |
      | LIABILITY | 145024       | Deferred Capitalized Income |       | 100.0  |
  [32m✔[39m [32m[1mThen [22mAdmin can successfully set Fraud flag to the loan[39m                                                                                                                     [90m# org.apache.fineract.test.stepdef.loan.LoanStepDef.setFraud()[39m
  [32m✔[39m [32m[1mWhen [22mAdmin sets the business date to [1m"26 January 2024"[22m[39m                                                                                                                     [90m# org.apache.fineract.test.stepdef.common.BusinessDateStepDef.setBusinessDate(java.lang.String)[39m
  [32m✔[39m [32m[1mAnd [22mAdmin does charge-off the loan on [1m"26 January 2024"[22m[39m                                                                                                                    [90m# org.apache.fineract.test.stepdef.loan.LoanStepDef.chargeOffLoan(java.lang.String)[39m
  [32m✔[39m [32m[1mThen [22mLoan Transactions tab has a [1m"CHARGE_OFF"[22m transaction with date [1m"26 January 2024"[22m which has the following Journal entries:[39m                                             [90m# org.apache.fineract.test.stepdef.common.JournalEntriesStepDef.journalEntryDataCheck(java.lang.String,java.lang.String,io.cucumber.datatable.DataTable)[39m
      | Type    | Account code | Account name               | Debit  | Credit |
      | ASSET   | 112601       | Loans Receivable           |        | 1000.0 |
      | ASSET   | 112603       | Interest/Fee Receivable    |        | 4.58   |
      | EXPENSE | 744037       | Credit Loss/Bad Debt-Fraud | 1000.0 |        |
      | INCOME  | 404001       | Interest Income Charge Off | 4.58   |        |
  [32m✔[39m [32m[1mThen [22mLoan Transactions tab has the following data:[39m                                                                                                                         [90m# org.apache.fineract.test.stepdef.loan.LoanStepDef.loanTransactionsTabCheck(io.cucumber.datatable.DataTable)[39m
      | Transaction date | Transaction Type                | Amount  | Principal | Interest | Fees | Penalties | Loan Balance | Reverted |
      | 01 January 2024  | Disbursement                    | 900.0   | 0.0       | 0.0      | 0.0  | 0.0       | 900.0        | false    |
      | 02 January 2024  | Capitalized Income              | 100.0   | 100.0     | 0.0      | 0.0  | 0.0       | 1000.0       | false    |
      | 26 January 2024  | Capitalized Income Amortization | 83.33   | 0.0       | 83.33    | 0.0  | 0.0       | 0.0          | false    |
      | 26 January 2024  | Accrual                         | 3.69    | 0.0       | 3.69     | 0.0  | 0.0       | 0.0          | false    |
      | 26 January 2024  | Charge-off                      | 1004.58 | 1000.0    | 4.58     | 0.0  | 0.0       | 0.0          | false    |
      | 26 January 2024  | Capitalized Income Amortization | 16.67   | 0.0       | 16.67    | 0.0  | 0.0       | 0.0          | false    |
  [32m✔[39m [32m[1mThen [22mLoan Transactions tab has [1m2[22m a [1m"CAPITALIZED_INCOME_AMORTIZATION"[22m transactions with date [1m"26 January 2024"[22m which has the following Journal entries:[39m                     [90m# org.apache.fineract.test.stepdef.common.JournalEntriesStepDef.journalEntryDataCheck(int,java.lang.String,java.lang.String,io.cucumber.datatable.DataTable)[39m
      | Type      | Account code | Account name                | Debit | Credit |
      | INCOME    | 404000       | Interest Income             |       | 83.33  |
      | LIABILITY | 145024       | Deferred Capitalized Income | 83.33 |        |
      | EXPENSE   | 744037       | Credit Loss/Bad Debt-Fraud  |       | 16.67  |
      | LIABILITY | 145024       | Deferred Capitalized Income | 16.67 |        |
  [32m✔[39m [32m[1mAnd [22mDeferred Capitalized Income by external-id contains the following data:[39m                                                                                                [90m# org.apache.fineract.test.stepdef.loan.LoanCapitalizedIncomeStepDef.verifyDeferredCapitalizedIncomeByExternalId(io.cucumber.datatable.DataTable)[39m
      | Amount | Amortized Amount | Unrecognized Amount | Adjusted Amount | Charged Off Amount |
      | 100.0  | 83.33            | 0.0                 | 0.0             | 16.67              |
  [32m✔[39m [32m[1mThen [22mLoanCapitalizedIncomeAmortizationTransactionCreatedBusinessEvent is raised on [1m"26 January 2024"[22m[39m                                                                       [90m# org.apache.fineract.test.stepdef.loan.LoanStepDef.checkLoanCapitalizedIncomeAmortizationTransactionCreatedBusinessEvent(java.lang.String)[39m
  [32m✔[39m [32m[1mWhen [22mLoan Pay-off is made on [1m"26 January 2024"[22m[39m                                                                                                                             [90m# org.apache.fineract.test.stepdef.loan.LoanRepaymentStepDef.makeLoanPayOff(java.lang.String)[39m
  [32m✔[39m [32m[1mThen [22mLoan is closed with zero outstanding balance and it's all installments have obligations met[39m                                                                           [90m# org.apache.fineract.test.stepdef.loan.LoanStepDef.loanClosedAndInstallmentsObligationsMet()[39m

@CapitalizedIncomeFeature @TestRailId:C3663
[1mScenario:[22m As a user I want to add capitalized income to a progressive loan after disbursement and then charge-off the loan - amortization in case of loan charge-off event [90m# fineract-e2e-tests-runner/src/test/resources/features/LoanCapitalizedIncome-Part1.feature:1578[39m
  [32m✔[39m [32m[1mWhen [22mAdmin sets the business date to [1m"1 January 2024"[22m[39m                                                                                                                  [90m# org.apache.fineract.test.stepdef.common.BusinessDateStepDef.setBusinessDate(java.lang.String)[39m
  [32m✔[39m [32m[1mAnd [22mAdmin creates a client with random data[39m                                                                                                                            [90m# org.apache.fineract.test.stepdef.common.ClientStepDef.createClientRandomFirstNameLastName()[39m
  [32m✔[39m [32m[1mWhen [22mAdmin creates a fully customized loan with the following data:[39m                                                                                                    [90m# org.apache.fineract.test.stepdef.loan.LoanStepDef.createFullyCustomizedLoan(io.cucumber.datatable.DataTable)[39m
      | LoanProduct                                                                                 | submitted on date | with Principal | ANNUAL interest rate % | interest type     | interest calculation period | amortization type  | loanTermFrequency | loanTermFrequencyType | repaymentEvery | repaymentFrequencyType | numberOfRepayments | graceOnPrincipalPayment | graceOnInterestPayment | interest free period | Payment strategy            |
      | LP2_ADV_PYMNT_ZERO_INTEREST_CHARGE_OFF_DELINQUENT_REASON_INTEREST_RECALC_CAPITALIZED_INCOME | 01 January 2024   | 1000           | 7                      | DECLINING_BALANCE | DAILY                       | EQUAL_INSTALLMENTS | 1                 | MONTHS                | 1              | MONTHS                 | 1                  | 0                       | 0                      | 0                    | ADVANCED_PAYMENT_ALLOCATION |
  [32m✔[39m [32m[1mAnd [22mAdmin successfully approves the loan on [1m"1 January 2024"[22m with [1m"1000"[22m amount and expected disbursement date on [1m"1 January 2024"[22m[39m                                     [90m# org.apache.fineract.test.stepdef.loan.LoanStepDef.approveLoan(java.lang.String,java.lang.String,java.lang.String)[39m
  [32m✔[39m [32m[1mAnd [22mAdmin successfully disburse the loan on [1m"1 January 2024"[22m with [1m"900"[22m EUR transaction amount[39m                                                                         [90m# org.apache.fineract.test.stepdef.loan.LoanStepDef.disburseLoan(java.lang.String,java.lang.String)[39m
  [32m✔[39m [32m[1mThen [22mLoan status will be [1m"ACTIVE"[22m[39m                                                                                                                                      [90m# org.apache.fineract.test.stepdef.loan.LoanStepDef.loanStatus(java.lang.String)[39m
  [32m✔[39m [32m[1mWhen [22mAdmin sets the business date to [1m"2 January 2024"[22m[39m                                                                                                                  [90m# org.apache.fineract.test.stepdef.common.BusinessDateStepDef.setBusinessDate(java.lang.String)[39m
  [32m✔[39m [32m[1mAnd [22mAdmin adds capitalized income with [1m"AUTOPAY"[22m payment type to the loan on [1m"2 January 2024"[22m with [1m"100"[22m EUR transaction amount[39m                                        [90m# org.apache.fineract.test.stepdef.loan.LoanStepDef.adminAddsCapitalizedIncomeToTheLoanOnWithEURTransactionAmount(java.lang.String,java.lang.String,java.lang.String)[39m
  [32m✔[39m [32m[1mThen [22mLoan Transactions tab has the following data:[39m                                                                                                                     [90m# org.apache.fineract.test.stepdef.loan.LoanStepDef.loanTransactionsTabCheck(io.cucumber.datatable.DataTable)[39m
      | Transaction date | Transaction Type   | Amount | Principal | Interest | Fees | Penalties | Loan Balance | Reverted |
      | 01 January 2024  | Disbursement       | 900.0  | 0.0       | 0.0      | 0.0  | 0.0       | 900.0        | false    |
      | 02 January 2024  | Capitalized Income | 100.0  | 100.0     | 0.0      | 0.0  | 0.0       | 1000.0       | false    |
  [32m✔[39m [32m[1mThen [22mLoan Transactions tab has a [1m"CAPITALIZED_INCOME"[22m transaction with date [1m"02 January 2024"[22m which has the following Journal entries:[39m                                 [90m# org.apache.fineract.test.stepdef.common.JournalEntriesStepDef.journalEntryDataCheck(java.lang.String,java.lang.String,io.cucumber.datatable.DataTable)[39m
      | Type      | Account code | Account name                | Debit | Credit |
      | ASSET     | 112601       | Loans Receivable            | 100.0 |        |
      | LIABILITY | 145024       | Deferred Capitalized Income |       | 100.0  |
  [32m✔[39m [32m[1mThen [22mAdmin can successfully set Fraud flag to the loan[39m                                                                                                                 [90m# org.apache.fineract.test.stepdef.loan.LoanStepDef.setFraud()[39m
  [32m✔[39m [32m[1mWhen [22mAdmin sets the business date to [1m"26 January 2024"[22m[39m                                                                                                                 [90m# org.apache.fineract.test.stepdef.common.BusinessDateStepDef.setBusinessDate(java.lang.String)[39m
  [32m✔[39m [32m[1mAnd [22mAdmin does charge-off the loan with reason [1m"DELINQUENT"[22m on [1m"26 January 2024"[22m[39m                                                                                       [90m# org.apache.fineract.test.stepdef.loan.LoanStepDef.chargeOffLoan(java.lang.String,java.lang.String)[39m
  [32m✔[39m [32m[1mThen [22mLoan Transactions tab has a [1m"CHARGE_OFF"[22m transaction with date [1m"26 January 2024"[22m which has the following Journal entries:[39m                                         [90m# org.apache.fineract.test.stepdef.common.JournalEntriesStepDef.journalEntryDataCheck(java.lang.String,java.lang.String,io.cucumber.datatable.DataTable)[39m
      | Type    | Account code | Account name               | Debit  | Credit |
      | ASSET   | 112601       | Loans Receivable           |        | 1000.0 |
      | ASSET   | 112603       | Interest/Fee Receivable    |        | 4.58   |
      | EXPENSE | 744007       | Credit Loss/Bad Debt       | 1000.0 |        |
      | INCOME  | 404001       | Interest Income Charge Off | 4.58   |        |
  [32m✔[39m [32m[1mThen [22mLoan Transactions tab has the following data:[39m                                                                                                                     [90m# org.apache.fineract.test.stepdef.loan.LoanStepDef.loanTransactionsTabCheck(io.cucumber.datatable.DataTable)[39m
      | Transaction date | Transaction Type                | Amount  | Principal | Interest | Fees | Penalties | Loan Balance | Reverted |
      | 01 January 2024  | Disbursement                    | 900.0   | 0.0       | 0.0      | 0.0  | 0.0       | 900.0        | false    |
      | 02 January 2024  | Capitalized Income              | 100.0   | 100.0     | 0.0      | 0.0  | 0.0       | 1000.0       | false    |
      | 26 January 2024  | Capitalized Income Amortization | 83.33   | 0.0       | 83.33    | 0.0  | 0.0       | 0.0          | false    |
      | 26 January 2024  | Accrual                         | 3.69    | 0.0       | 3.69     | 0.0  | 0.0       | 0.0          | false    |
      | 26 January 2024  | Charge-off                      | 1004.58 | 1000.0    | 4.58     | 0.0  | 0.0       | 0.0          | false    |
      | 26 January 2024  | Capitalized Income Amortization | 16.67   | 0.0       | 16.67    | 0.0  | 0.0       | 0.0          | false    |
  [32m✔[39m [32m[1mThen [22mLoan Transactions tab has [1m2[22m a [1m"CAPITALIZED_INCOME_AMORTIZATION"[22m transactions with date [1m"26 January 2024"[22m which has the following Journal entries:[39m                 [90m# org.apache.fineract.test.stepdef.common.JournalEntriesStepDef.journalEntryDataCheck(int,java.lang.String,java.lang.String,io.cucumber.datatable.DataTable)[39m
      | Type      | Account code | Account name                | Debit | Credit |
      | INCOME    | 404000       | Interest Income             |       | 83.33  |
      | LIABILITY | 145024       | Deferred Capitalized Income | 83.33 |        |
      | EXPENSE   | 744007       | Credit Loss/Bad Debt        |       | 16.67  |
      | LIABILITY | 145024       | Deferred Capitalized Income | 16.67 |        |
  [32m✔[39m [32m[1mAnd [22mDeferred Capitalized Income contains the following data:[39m                                                                                                           [90m# org.apache.fineract.test.stepdef.loan.LoanCapitalizedIncomeStepDef.verifyDeferredCapitalizedIncome(io.cucumber.datatable.DataTable)[39m
      | Amount | Amortized Amount | Unrecognized Amount | Adjusted Amount | Charged Off Amount |
      | 100.0  | 83.33            | 0.0                 | 0.0             | 16.67              |
  [32m✔[39m [32m[1mThen [22mLoanCapitalizedIncomeAmortizationTransactionCreatedBusinessEvent is raised on [1m"26 January 2024"[22m[39m                                                                   [90m# org.apache.fineract.test.stepdef.loan.LoanStepDef.checkLoanCapitalizedIncomeAmortizationTransactionCreatedBusinessEvent(java.lang.String)[39m
  [32m✔[39m [32m[1mWhen [22mLoan Pay-off is made on [1m"26 January 2024"[22m[39m                                                                                                                         [90m# org.apache.fineract.test.stepdef.loan.LoanRepaymentStepDef.makeLoanPayOff(java.lang.String)[39m
  [32m✔[39m [32m[1mThen [22mLoan is closed with zero outstanding balance and it's all installments have obligations met[39m                                                                       [90m# org.apache.fineract.test.stepdef.loan.LoanStepDef.loanClosedAndInstallmentsObligationsMet()[39m

@CapitalizedIncomeFeature @TestRailId:C3664
[1mScenario:[22m As a user I want to add capitalized income to a progressive loan after disbursement and then undo the charge-off transaction with "delinquent" reason - amortization in case of loan charge-off event should also be reversed [90m# fineract-e2e-tests-runner/src/test/resources/features/LoanCapitalizedIncome-Part1.feature:1630[39m
  [32m✔[39m [32m[1mWhen [22mAdmin sets the business date to [1m"1 January 2024"[22m[39m                                                                                                                                                                               [90m# org.apache.fineract.test.stepdef.common.BusinessDateStepDef.setBusinessDate(java.lang.String)[39m
  [32m✔[39m [32m[1mAnd [22mAdmin creates a client with random data[39m                                                                                                                                                                                         [90m# org.apache.fineract.test.stepdef.common.ClientStepDef.createClientRandomFirstNameLastName()[39m
  [32m✔[39m [32m[1mWhen [22mAdmin creates a fully customized loan with the following data:[39m                                                                                                                                                                 [90m# org.apache.fineract.test.stepdef.loan.LoanStepDef.createFullyCustomizedLoan(io.cucumber.datatable.DataTable)[39m
      | LoanProduct                                                                                 | submitted on date | with Principal | ANNUAL interest rate % | interest type     | interest calculation period | amortization type  | loanTermFrequency | loanTermFrequencyType | repaymentEvery | repaymentFrequencyType | numberOfRepayments | graceOnPrincipalPayment | graceOnInterestPayment | interest free period | Payment strategy            |
      | LP2_ADV_PYMNT_ZERO_INTEREST_CHARGE_OFF_DELINQUENT_REASON_INTEREST_RECALC_CAPITALIZED_INCOME | 01 January 2024   | 1000           | 7                      | DECLINING_BALANCE | DAILY                       | EQUAL_INSTALLMENTS | 1                 | MONTHS                | 1              | MONTHS                 | 1                  | 0                       | 0                      | 0                    | ADVANCED_PAYMENT_ALLOCATION |
  [32m✔[39m [32m[1mAnd [22mAdmin successfully approves the loan on [1m"1 January 2024"[22m with [1m"1000"[22m amount and expected disbursement date on [1m"1 January 2024"[22m[39m                                                                                                  [90m# org.apache.fineract.test.stepdef.loan.LoanStepDef.approveLoan(java.lang.String,java.lang.String,java.lang.String)[39m
  [32m✔[39m [32m[1mAnd [22mAdmin successfully disburse the loan on [1m"1 January 2024"[22m with [1m"900"[22m EUR transaction amount[39m                                                                                                                                      [90m# org.apache.fineract.test.stepdef.loan.LoanStepDef.disburseLoan(java.lang.String,java.lang.String)[39m
  [32m✔[39m [32m[1mThen [22mLoan status will be [1m"ACTIVE"[22m[39m                                                                                                                                                                                                   [90m# org.apache.fineract.test.stepdef.loan.LoanStepDef.loanStatus(java.lang.String)[39m
  [32m✔[39m [32m[1mWhen [22mAdmin sets the business date to [1m"2 January 2024"[22m[39m                                                                                                                                                                               [90m# org.apache.fineract.test.stepdef.common.BusinessDateStepDef.setBusinessDate(java.lang.String)[39m
  [32m✔[39m [32m[1mAnd [22mAdmin adds capitalized income with [1m"AUTOPAY"[22m payment type to the loan on [1m"2 January 2024"[22m with [1m"100"[22m EUR transaction amount[39m                                                                                                     [90m# org.apache.fineract.test.stepdef.loan.LoanStepDef.adminAddsCapitalizedIncomeToTheLoanOnWithEURTransactionAmount(java.lang.String,java.lang.String,java.lang.String)[39m
  [32m✔[39m [32m[1mThen [22mLoan Transactions tab has the following data:[39m                                                                                                                                                                                  [90m# org.apache.fineract.test.stepdef.loan.LoanStepDef.loanTransactionsTabCheck(io.cucumber.datatable.DataTable)[39m
      | Transaction date | Transaction Type   | Amount | Principal | Interest | Fees | Penalties | Loan Balance | Reverted |
      | 01 January 2024  | Disbursement       | 900.0  | 0.0       | 0.0      | 0.0  | 0.0       | 900.0        | false    |
      | 02 January 2024  | Capitalized Income | 100.0  | 100.0     | 0.0      | 0.0  | 0.0       | 1000.0       | false    |
  [32m✔[39m [32m[1mThen [22mLoan Transactions tab has a [1m"CAPITALIZED_INCOME"[22m transaction with date [1m"02 January 2024"[22m which has the following Journal entries:[39m                                                                                              [90m# org.apache.fineract.test.stepdef.common.JournalEntriesStepDef.journalEntryDataCheck(java.lang.String,java.lang.String,io.cucumber.datatable.DataTable)[39m
      | Type      | Account code | Account name                | Debit | Credit |
      | ASSET     | 112601       | Loans Receivable            | 100.0 |        |
      | LIABILITY | 145024       | Deferred Capitalized Income |       | 100.0  |
  [32m✔[39m [32m[1mThen [22mAdmin can successfully set Fraud flag to the loan[39m                                                                                                                                                                              [90m# org.apache.fineract.test.stepdef.loan.LoanStepDef.setFraud()[39m
  [32m✔[39m [32m[1mWhen [22mAdmin sets the business date to [1m"26 January 2024"[22m[39m                                                                                                                                                                              [90m# org.apache.fineract.test.stepdef.common.BusinessDateStepDef.setBusinessDate(java.lang.String)[39m
  [32m✔[39m [32m[1mAnd [22mAdmin does charge-off the loan with reason [1m"DELINQUENT"[22m on [1m"26 January 2024"[22m[39m                                                                                                                                                    [90m# org.apache.fineract.test.stepdef.loan.LoanStepDef.chargeOffLoan(java.lang.String,java.lang.String)[39m
  [32m✔[39m [32m[1mThen [22mLoan Transactions tab has a [1m"CHARGE_OFF"[22m transaction with date [1m"26 January 2024"[22m which has the following Journal entries:[39m                                                                                                      [90m# org.apache.fineract.test.stepdef.common.JournalEntriesStepDef.journalEntryDataCheck(java.lang.String,java.lang.String,io.cucumber.datatable.DataTable)[39m
      | Type    | Account code | Account name               | Debit  | Credit |
      | ASSET   | 112601       | Loans Receivable           |        | 1000.0 |
      | ASSET   | 112603       | Interest/Fee Receivable    |        | 4.58   |
      | EXPENSE | 744007       | Credit Loss/Bad Debt       | 1000.0 |        |
      | INCOME  | 404001       | Interest Income Charge Off | 4.58   |        |
  [32m✔[39m [32m[1mThen [22mLoan Transactions tab has the following data:[39m                                                                                                                                                                                  [90m# org.apache.fineract.test.stepdef.loan.LoanStepDef.loanTransactionsTabCheck(io.cucumber.datatable.DataTable)[39m
      | Transaction date | Transaction Type                | Amount  | Principal | Interest | Fees | Penalties | Loan Balance | Reverted |
      | 01 January 2024  | Disbursement                    | 900.0   | 0.0       | 0.0      | 0.0  | 0.0       | 900.0        | false    |
      | 02 January 2024  | Capitalized Income              | 100.0   | 100.0     | 0.0      | 0.0  | 0.0       | 1000.0       | false    |
      | 26 January 2024  | Capitalized Income Amortization | 83.33   | 0.0       | 83.33    | 0.0  | 0.0       | 0.0          | false    |
      | 26 January 2024  | Accrual                         | 3.69    | 0.0       | 3.69     | 0.0  | 0.0       | 0.0          | false    |
      | 26 January 2024  | Charge-off                      | 1004.58 | 1000.0    | 4.58     | 0.0  | 0.0       | 0.0          | false    |
      | 26 January 2024  | Capitalized Income Amortization | 16.67   | 0.0       | 16.67    | 0.0  | 0.0       | 0.0          | false    |
  [32m✔[39m [32m[1mThen [22mLoan Transactions tab has [1m2[22m a [1m"CAPITALIZED_INCOME_AMORTIZATION"[22m transactions with date [1m"26 January 2024"[22m which has the following Journal entries:[39m                                                                              [90m# org.apache.fineract.test.stepdef.common.JournalEntriesStepDef.journalEntryDataCheck(int,java.lang.String,java.lang.String,io.cucumber.datatable.DataTable)[39m
      | Type      | Account code | Account name                | Debit | Credit |
      | INCOME    | 404000       | Interest Income             |       | 83.33  |
      | LIABILITY | 145024       | Deferred Capitalized Income | 83.33 |        |
      | EXPENSE   | 744007       | Credit Loss/Bad Debt        |       | 16.67  |
      | LIABILITY | 145024       | Deferred Capitalized Income | 16.67 |        |
  [32m✔[39m [32m[1mThen [22mLoanCapitalizedIncomeAmortizationTransactionCreatedBusinessEvent is raised on [1m"26 January 2024"[22m[39m                                                                                                                                [90m# org.apache.fineract.test.stepdef.loan.LoanStepDef.checkLoanCapitalizedIncomeAmortizationTransactionCreatedBusinessEvent(java.lang.String)[39m
  [32m✔[39m [32m[1mThen [22mAdmin does a charge-off undo the loan[39m                                                                                                                                                                                          [90m# org.apache.fineract.test.stepdef.loan.LoanStepDef.chargeOffUndo()[39m
  [32m✔[39m [32m[1mThen [22mLoan Transactions tab has a [1m"CHARGE_OFF"[22m transaction with date [1m"26 January 2024"[22m which has the following Journal entries:[39m                                                                                                      [90m# org.apache.fineract.test.stepdef.common.JournalEntriesStepDef.journalEntryDataCheck(java.lang.String,java.lang.String,io.cucumber.datatable.DataTable)[39m
      | Type    | Account code | Account name               | Debit  | Credit |
      | ASSET   | 112601       | Loans Receivable           |        | 1000.0 |
      | ASSET   | 112603       | Interest/Fee Receivable    |        | 4.58   |
      | EXPENSE | 744007       | Credit Loss/Bad Debt       | 1000.0 |        |
      | INCOME  | 404001       | Interest Income Charge Off | 4.58   |        |
      | ASSET   | 112601       | Loans Receivable           | 1000.0 |        |
      | ASSET   | 112603       | Interest/Fee Receivable    | 4.58   |        |
      | EXPENSE | 744007       | Credit Loss/Bad Debt       |        | 1000.0 |
      | INCOME  | 404001       | Interest Income Charge Off |        | 4.58   |
  [32m✔[39m [32m[1mThen [22mLoan Transactions tab has the following data:[39m                                                                                                                                                                                  [90m# org.apache.fineract.test.stepdef.loan.LoanStepDef.loanTransactionsTabCheck(io.cucumber.datatable.DataTable)[39m
      | Transaction date | Transaction Type                | Amount  | Principal | Interest | Fees | Penalties | Loan Balance | Reverted |
      | 01 January 2024  | Disbursement                    | 900.0   | 0.0       | 0.0      | 0.0  | 0.0       | 900.0        | false    |
      | 02 January 2024  | Capitalized Income              | 100.0   | 100.0     | 0.0      | 0.0  | 0.0       | 1000.0       | false    |
      | 26 January 2024  | Capitalized Income Amortization | 83.33   | 0.0       | 83.33    | 0.0  | 0.0       | 0.0          | false    |
      | 26 January 2024  | Accrual                         | 3.69    | 0.0       | 3.69     | 0.0  | 0.0       | 0.0          | false    |
      | 26 January 2024  | Charge-off                      | 1004.58 | 1000.0    | 4.58     | 0.0  | 0.0       | 0.0          | true     |
  [32m✔[39m [32m[1mThen [22mReversed loan capitalized income amortization transaction has the following Journal entries:[39m                                                                                                                                   [90m# org.apache.fineract.test.stepdef.common.JournalEntriesStepDef.capitalizedIncomeAmortizationJournalEntryDataCheck(io.cucumber.datatable.DataTable)[39m
      | Type      | Account code | Account name                | Debit | Credit |
      | EXPENSE   | 744007       | Credit Loss/Bad Debt        |       | 16.67  |
      | LIABILITY | 145024       | Deferred Capitalized Income | 16.67 |        |
      | EXPENSE   | 744007       | Credit Loss/Bad Debt        | 16.67 |        |
      | LIABILITY | 145024       | Deferred Capitalized Income |       | 16.67  |
  [32m✔[39m [32m[1mAnd [22mDeferred Capitalized Income by external-id contains the following data:[39m                                                                                                                                                         [90m# org.apache.fineract.test.stepdef.loan.LoanCapitalizedIncomeStepDef.verifyDeferredCapitalizedIncomeByExternalId(io.cucumber.datatable.DataTable)[39m
      | Amount | Amortized Amount | Unrecognized Amount | Adjusted Amount | Charged Off Amount |
      | 100.0  | 83.33            | 16.67               | 0.0             | 0.0                |
  [32m✔[39m [32m[1mWhen [22mLoan Pay-off is made on [1m"26 January 2024"[22m[39m                                                                                                                                                                                      [90m# org.apache.fineract.test.stepdef.loan.LoanRepaymentStepDef.makeLoanPayOff(java.lang.String)[39m
  [32m✔[39m [32m[1mThen [22mLoan is closed with zero outstanding balance and it's all installments have obligations met[39m                                                                                                                                    [90m# org.apache.fineract.test.stepdef.loan.LoanStepDef.loanClosedAndInstallmentsObligationsMet()[39m

@CapitalizedIncomeFeature @TestRailId:C3673
[1mScenario:[22m Verify capitalized income: repayment schedule - UC1: Simple loan - full payment                                                 [90m# fineract-e2e-tests-runner/src/test/resources/features/LoanCapitalizedIncome-Part1.feature:1705[39m
  [32m✔[39m [32m[1mWhen [22mAdmin sets the business date to [1m"01 January 2024"[22m[39m                                                                                [90m# org.apache.fineract.test.stepdef.common.BusinessDateStepDef.setBusinessDate(java.lang.String)[39m
  [32m✔[39m [32m[1mAnd [22mAdmin creates a client with random data[39m                                                                                           [90m# org.apache.fineract.test.stepdef.common.ClientStepDef.createClientRandomFirstNameLastName()[39m
  [32m✔[39m [32m[1mAnd [22mAdmin creates a fully customized loan with the following data:[39m                                                                    [90m# org.apache.fineract.test.stepdef.loan.LoanStepDef.createFullyCustomizedLoan(io.cucumber.datatable.DataTable)[39m
      | LoanProduct                                                                      | submitted on date | with Principal | ANNUAL interest rate % | interest type     | interest calculation period | amortization type  | loanTermFrequency | loanTermFrequencyType | repaymentEvery | repaymentFrequencyType | numberOfRepayments | graceOnPrincipalPayment | graceOnInterestPayment | interest free period | Payment strategy            |
      | LP2_ADV_PYMNT_INTEREST_DAILY_EMI_360_30_INTEREST_RECALC_DAILY_CAPITALIZED_INCOME | 01 January 2024   | 200            | 7                      | DECLINING_BALANCE | DAILY                       | EQUAL_INSTALLMENTS | 3                 | MONTHS                | 1              | MONTHS                 | 3                  | 0                       | 0                      | 0                    | ADVANCED_PAYMENT_ALLOCATION |
  [32m✔[39m [32m[1mAnd [22mAdmin successfully approves the loan on [1m"01 January 2024"[22m with [1m"200"[22m amount and expected disbursement date on [1m"01 January 2024"[22m[39m   [90m# org.apache.fineract.test.stepdef.loan.LoanStepDef.approveLoan(java.lang.String,java.lang.String,java.lang.String)[39m
  [32m✔[39m [32m[1mAnd [22mAdmin successfully disburse the loan on [1m"01 January 2024"[22m with [1m"100"[22m EUR transaction amount[39m                                       [90m# org.apache.fineract.test.stepdef.loan.LoanStepDef.disburseLoan(java.lang.String,java.lang.String)[39m
  [32m✔[39m [32m[1mAnd [22mAdmin adds capitalized income with [1m"AUTOPAY"[22m payment type to the loan on [1m"01 January 2024"[22m with [1m"50"[22m EUR transaction amount[39m       [90m# org.apache.fineract.test.stepdef.loan.LoanStepDef.adminAddsCapitalizedIncomeToTheLoanOnWithEURTransactionAmount(java.lang.String,java.lang.String,java.lang.String)[39m
  [32m✔[39m [32m[1mThen [22mLoan status will be [1m"ACTIVE"[22m[39m                                                                                                     [90m# org.apache.fineract.test.stepdef.loan.LoanStepDef.loanStatus(java.lang.String)[39m
  [32m✔[39m [32m[1mAnd [22mLoan Transactions tab has the following data:[39m                                                                                     [90m# org.apache.fineract.test.stepdef.loan.LoanStepDef.loanTransactionsTabCheck(io.cucumber.datatable.DataTable)[39m
      | Transaction date | Transaction Type   | Amount | Principal | Interest | Fees | Penalties | Loan Balance | Reverted | Replayed |
      | 01 January 2024  | Disbursement       | 100.0  | 0.0       | 0.0      | 0.0  | 0.0       | 100.0        | false    | false    |
      | 01 January 2024  | Capitalized Income | 50.0   | 50.0      | 0.0      | 0.0  | 0.0       | 150.0        | false    | false    |
  [32m✔[39m [32m[1mAnd [22mLoan Transactions tab has a [1m"CAPITALIZED_INCOME"[22m transaction with date [1m"01 January 2024"[22m which has the following Journal entries:[39m [90m# org.apache.fineract.test.stepdef.common.JournalEntriesStepDef.journalEntryDataCheck(java.lang.String,java.lang.String,io.cucumber.datatable.DataTable)[39m
      | Type      | Account code | Account name                | Debit | Credit |
      | LIABILITY | 145024       | Deferred Capitalized Income |       | 50.0   |
      | ASSET     | 112601       | Loans Receivable            | 50.0  |        |
  [32m✔[39m [32m[1mWhen [22mAdmin sets the business date to [1m"02 January 2024"[22m[39m                                                                                [90m# org.apache.fineract.test.stepdef.common.BusinessDateStepDef.setBusinessDate(java.lang.String)[39m
  [32m✔[39m [32m[1mAnd [22mAdmin runs inline COB job for Loan[39m                                                                                                [90m# org.apache.fineract.test.stepdef.loan.InlineCOBStepDef.runInlineCOB()[39m
  [32m✔[39m [32m[1mThen [22mLoan Repayment schedule has [1m3[22m periods, with the following data for periods:[39m                                                      [90m# org.apache.fineract.test.stepdef.loan.LoanStepDef.loanRepaymentSchedulePeriodsCheck(int,io.cucumber.datatable.DataTable)[39m
      | Nr | Days | Date             | Paid date | Balance of loan | Principal due | Interest | Fees | Penalties | Due   | Paid | In advance | Late | Outstanding |
      |    |      | 01 January 2024  |           | 100.0           |               |          | 0.0  |           | 0.0   | 0.0  |            |      |             |
      |    |      | 01 January 2024  |           | 50.0            |               |          | 0.0  |           | 0.0   | 0.0  |            |      |             |
      | 1  | 31   | 01 February 2024 |           | 100.29          | 49.71         | 0.87     | 0.0  | 0.0       | 50.58 | 0.0  | 0.0        | 0.0  | 50.58       |
      | 2  | 29   | 01 March 2024    |           | 50.3            | 49.99         | 0.59     | 0.0  | 0.0       | 50.58 | 0.0  | 0.0        | 0.0  | 50.58       |
      | 3  | 31   | 01 April 2024    |           | 0.0             | 50.3          | 0.29     | 0.0  | 0.0       | 50.59 | 0.0  | 0.0        | 0.0  | 50.59       |
  [32m✔[39m [32m[1mAnd [22mLoan Repayment schedule has the following data in Total row:[39m                                                                      [90m# org.apache.fineract.test.stepdef.loan.LoanStepDef.loanRepaymentScheduleAmountCheck(io.cucumber.datatable.DataTable)[39m
      | Principal due | Interest | Fees | Penalties | Due    | Paid | In advance | Late | Outstanding |
      | 150.0         | 1.75     | 0.0  | 0.0       | 151.75 | 0.0  | 0.0        | 0.0  | 151.75      |
  [32m✔[39m [32m[1mWhen [22mAdmin sets the business date to [1m"01 February 2024"[22m[39m                                                                               [90m# org.apache.fineract.test.stepdef.common.BusinessDateStepDef.setBusinessDate(java.lang.String)[39m
  [32m✔[39m [32m[1mAnd [22mAdmin runs inline COB job for Loan[39m                                                                                                [90m# org.apache.fineract.test.stepdef.loan.InlineCOBStepDef.runInlineCOB()[39m
  [32m✔[39m [32m[1mAnd [22mCustomer makes [1m"AUTOPAY"[22m repayment on [1m"01 February 2024"[22m with [1m50.58[22m EUR transaction amount[39m                                        [90m# org.apache.fineract.test.stepdef.loan.LoanRepaymentStepDef.makeLoanRepayment(java.lang.String,java.lang.String,double)[39m
  [32m✔[39m [32m[1mThen [22mLoan Repayment schedule has [1m3[22m periods, with the following data for periods:[39m                                                      [90m# org.apache.fineract.test.stepdef.loan.LoanStepDef.loanRepaymentSchedulePeriodsCheck(int,io.cucumber.datatable.DataTable)[39m
      | Nr | Days | Date             | Paid date        | Balance of loan | Principal due | Interest | Fees | Penalties | Due   | Paid  | In advance | Late | Outstanding |
      |    |      | 01 January 2024  |                  | 100.0           |               |          | 0.0  |           | 0.0   | 0.0   |            |      |             |
      |    |      | 01 January 2024  |                  | 50.0            |               |          | 0.0  |           | 0.0   | 0.0   |            |      |             |
      | 1  | 31   | 01 February 2024 | 01 February 2024 | 100.29          | 49.71         | 0.87     | 0.0  | 0.0       | 50.58 | 50.58 | 0.0        | 0.0  | 0.0         |
      | 2  | 29   | 01 March 2024    |                  | 50.3            | 49.99         | 0.59     | 0.0  | 0.0       | 50.58 | 0.0   | 0.0        | 0.0  | 50.58       |
      | 3  | 31   | 01 April 2024    |                  | 0.0             | 50.3          | 0.29     | 0.0  | 0.0       | 50.59 | 0.0   | 0.0        | 0.0  | 50.59       |
  [32m✔[39m [32m[1mAnd [22mLoan Repayment schedule has the following data in Total row:[39m                                                                      [90m# org.apache.fineract.test.stepdef.loan.LoanStepDef.loanRepaymentScheduleAmountCheck(io.cucumber.datatable.DataTable)[39m
      | Principal due | Interest | Fees | Penalties | Due    | Paid  | In advance | Late | Outstanding |
      | 150.0         | 1.75     | 0.0  | 0.0       | 151.75 | 50.58 | 0.0        | 0.0  | 101.17      |
  [32m✔[39m [32m[1mAnd [22mLoan Transactions tab has the following data:[39m                                                                                     [90m# org.apache.fineract.test.stepdef.loan.LoanStepDef.loanTransactionsTabCheck(io.cucumber.datatable.DataTable)[39m
      | Transaction date | Transaction Type                | Amount | Principal | Interest | Fees | Penalties | Loan Balance | Reverted | Replayed |
      | 01 January 2024  | Disbursement                    | 100.0  | 0.0       | 0.0      | 0.0  | 0.0       | 100.0        | false    | false    |
      | 01 January 2024  | Capitalized Income              | 50.0   | 50.0      | 0.0      | 0.0  | 0.0       | 150.0        | false    | false    |
      | 01 January 2024  | Capitalized Income Amortization | 0.55   | 0.0       | 0.55     | 0.0  | 0.0       | 0.0          | false    | false    |
      | 02 January 2024  | Accrual                         | 0.03   | 0.0       | 0.03     | 0.0  | 0.0       | 0.0          | false    | false    |
      | 02 January 2024  | Capitalized Income Amortization | 0.55   | 0.0       | 0.55     | 0.0  | 0.0       | 0.0          | false    | false    |
      | 03 January 2024  | Accrual                         | 0.03   | 0.0       | 0.03     | 0.0  | 0.0       | 0.0          | false    | false    |
      | 03 January 2024  | Capitalized Income Amortization | 0.55   | 0.0       | 0.55     | 0.0  | 0.0       | 0.0          | false    | false    |
      | 04 January 2024  | Accrual                         | 0.02   | 0.0       | 0.02     | 0.0  | 0.0       | 0.0          | false    | false    |
      | 04 January 2024  | Capitalized Income Amortization | 0.55   | 0.0       | 0.55     | 0.0  | 0.0       | 0.0          | false    | false    |
      | 05 January 2024  | Accrual                         | 0.03   | 0.0       | 0.03     | 0.0  | 0.0       | 0.0          | false    | false    |
      | 05 January 2024  | Capitalized Income Amortization | 0.55   | 0.0       | 0.55     | 0.0  | 0.0       | 0.0          | false    | false    |
      | 06 January 2024  | Accrual                         | 0.03   | 0.0       | 0.03     | 0.0  | 0.0       | 0.0          | false    | false    |
      | 06 January 2024  | Capitalized Income Amortization | 0.55   | 0.0       | 0.55     | 0.0  | 0.0       | 0.0          | false    | false    |
      | 07 January 2024  | Accrual                         | 0.03   | 0.0       | 0.03     | 0.0  | 0.0       | 0.0          | false    | false    |
      | 07 January 2024  | Capitalized Income Amortization | 0.55   | 0.0       | 0.55     | 0.0  | 0.0       | 0.0          | false    | false    |
      | 08 January 2024  | Accrual                         | 0.03   | 0.0       | 0.03     | 0.0  | 0.0       | 0.0          | false    | false    |
      | 08 January 2024  | Capitalized Income Amortization | 0.55   | 0.0       | 0.55     | 0.0  | 0.0       | 0.0          | false    | false    |
      | 09 January 2024  | Accrual                         | 0.03   | 0.0       | 0.03     | 0.0  | 0.0       | 0.0          | false    | false    |
      | 09 January 2024  | Capitalized Income Amortization | 0.55   | 0.0       | 0.55     | 0.0  | 0.0       | 0.0          | false    | false    |
      | 10 January 2024  | Accrual                         | 0.02   | 0.0       | 0.02     | 0.0  | 0.0       | 0.0          | false    | false    |
      | 10 January 2024  | Capitalized Income Amortization | 0.54   | 0.0       | 0.54     | 0.0  | 0.0       | 0.0          | false    | false    |
      | 11 January 2024  | Accrual                         | 0.03   | 0.0       | 0.03     | 0.0  | 0.0       | 0.0          | false    | false    |
      | 11 January 2024  | Capitalized Income Amortization | 0.55   | 0.0       | 0.55     | 0.0  | 0.0       | 0.0          | false    | false    |
      | 12 January 2024  | Accrual                         | 0.03   | 0.0       | 0.03     | 0.0  | 0.0       | 0.0          | false    | false    |
      | 12 January 2024  | Capitalized Income Amortization | 0.55   | 0.0       | 0.55     | 0.0  | 0.0       | 0.0          | false    | false    |
      | 13 January 2024  | Accrual                         | 0.03   | 0.0       | 0.03     | 0.0  | 0.0       | 0.0          | false    | false    |
      | 13 January 2024  | Capitalized Income Amortization | 0.55   | 0.0       | 0.55     | 0.0  | 0.0       | 0.0          | false    | false    |
      | 14 January 2024  | Accrual                         | 0.03   | 0.0       | 0.03     | 0.0  | 0.0       | 0.0          | false    | false    |
      | 14 January 2024  | Capitalized Income Amortization | 0.55   | 0.0       | 0.55     | 0.0  | 0.0       | 0.0          | false    | false    |
      | 15 January 2024  | Accrual                         | 0.03   | 0.0       | 0.03     | 0.0  | 0.0       | 0.0          | false    | false    |
      | 15 January 2024  | Capitalized Income Amortization | 0.55   | 0.0       | 0.55     | 0.0  | 0.0       | 0.0          | false    | false    |
      | 16 January 2024  | Accrual                         | 0.02   | 0.0       | 0.02     | 0.0  | 0.0       | 0.0          | false    | false    |
      | 16 January 2024  | Capitalized Income Amortization | 0.55   | 0.0       | 0.55     | 0.0  | 0.0       | 0.0          | false    | false    |
      | 17 January 2024  | Accrual                         | 0.03   | 0.0       | 0.03     | 0.0  | 0.0       | 0.0          | false    | false    |
      | 17 January 2024  | Capitalized Income Amortization | 0.55   | 0.0       | 0.55     | 0.0  | 0.0       | 0.0          | false    | false    |
      | 18 January 2024  | Accrual                         | 0.03   | 0.0       | 0.03     | 0.0  | 0.0       | 0.0          | false    | false    |
      | 18 January 2024  | Capitalized Income Amortization | 0.55   | 0.0       | 0.55     | 0.0  | 0.0       | 0.0          | false    | false    |
      | 19 January 2024  | Accrual                         | 0.03   | 0.0       | 0.03     | 0.0  | 0.0       | 0.0          | false    | false    |
      | 19 January 2024  | Capitalized Income Amortization | 0.55   | 0.0       | 0.55     | 0.0  | 0.0       | 0.0          | false    | false    |
      | 20 January 2024  | Accrual                         | 0.03   | 0.0       | 0.03     | 0.0  | 0.0       | 0.0          | false    | false    |
      | 20 January 2024  | Capitalized Income Amortization | 0.55   | 0.0       | 0.55     | 0.0  | 0.0       | 0.0          | false    | false    |
      | 21 January 2024  | Accrual                         | 0.02   | 0.0       | 0.02     | 0.0  | 0.0       | 0.0          | false    | false    |
      | 21 January 2024  | Capitalized Income Amortization | 0.55   | 0.0       | 0.55     | 0.0  | 0.0       | 0.0          | false    | false    |
      | 22 January 2024  | Accrual                         | 0.03   | 0.0       | 0.03     | 0.0  | 0.0       | 0.0          | false    | false    |
      | 22 January 2024  | Capitalized Income Amortization | 0.55   | 0.0       | 0.55     | 0.0  | 0.0       | 0.0          | false    | false    |
      | 23 January 2024  | Accrual                         | 0.03   | 0.0       | 0.03     | 0.0  | 0.0       | 0.0          | false    | false    |
      | 23 January 2024  | Capitalized Income Amortization | 0.55   | 0.0       | 0.55     | 0.0  | 0.0       | 0.0          | false    | false    |
      | 24 January 2024  | Accrual                         | 0.03   | 0.0       | 0.03     | 0.0  | 0.0       | 0.0          | false    | false    |
      | 24 January 2024  | Capitalized Income Amortization | 0.55   | 0.0       | 0.55     | 0.0  | 0.0       | 0.0          | false    | false    |
      | 25 January 2024  | Accrual                         | 0.03   | 0.0       | 0.03     | 0.0  | 0.0       | 0.0          | false    | false    |
      | 25 January 2024  | Capitalized Income Amortization | 0.55   | 0.0       | 0.55     | 0.0  | 0.0       | 0.0          | false    | false    |
      | 26 January 2024  | Accrual                         | 0.03   | 0.0       | 0.03     | 0.0  | 0.0       | 0.0          | false    | false    |
      | 26 January 2024  | Capitalized Income Amortization | 0.55   | 0.0       | 0.55     | 0.0  | 0.0       | 0.0          | false    | false    |
      | 27 January 2024  | Accrual                         | 0.02   | 0.0       | 0.02     | 0.0  | 0.0       | 0.0          | false    | false    |
      | 27 January 2024  | Capitalized Income Amortization | 0.55   | 0.0       | 0.55     | 0.0  | 0.0       | 0.0          | false    | false    |
      | 28 January 2024  | Accrual                         | 0.03   | 0.0       | 0.03     | 0.0  | 0.0       | 0.0          | false    | false    |
      | 28 January 2024  | Capitalized Income Amortization | 0.54   | 0.0       | 0.54     | 0.0  | 0.0       | 0.0          | false    | false    |
      | 29 January 2024  | Accrual                         | 0.03   | 0.0       | 0.03     | 0.0  | 0.0       | 0.0          | false    | false    |
      | 29 January 2024  | Capitalized Income Amortization | 0.55   | 0.0       | 0.55     | 0.0  | 0.0       | 0.0          | false    | false    |
      | 30 January 2024  | Accrual                         | 0.03   | 0.0       | 0.03     | 0.0  | 0.0       | 0.0          | false    | false    |
      | 30 January 2024  | Capitalized Income Amortization | 0.55   | 0.0       | 0.55     | 0.0  | 0.0       | 0.0          | false    | false    |
      | 31 January 2024  | Accrual                         | 0.03   | 0.0       | 0.03     | 0.0  | 0.0       | 0.0          | false    | false    |
      | 31 January 2024  | Capitalized Income Amortization | 0.55   | 0.0       | 0.55     | 0.0  | 0.0       | 0.0          | false    | false    |
      | 01 February 2024 | Repayment                       | 50.58  | 49.71     | 0.87     | 0.0  | 0.0       | 100.29       | false    | false    |
  [32m✔[39m [32m[1mWhen [22mAdmin sets the business date to [1m"01 March 2024"[22m[39m                                                                                  [90m# org.apache.fineract.test.stepdef.common.BusinessDateStepDef.setBusinessDate(java.lang.String)[39m
  [32m✔[39m [32m[1mAnd [22mAdmin runs inline COB job for Loan[39m                                                                                                [90m# org.apache.fineract.test.stepdef.loan.InlineCOBStepDef.runInlineCOB()[39m
  [32m✔[39m [32m[1mAnd [22mCustomer makes [1m"AUTOPAY"[22m repayment on [1m"01 March 2024"[22m with [1m50.58[22m EUR transaction amount[39m                                           [90m# org.apache.fineract.test.stepdef.loan.LoanRepaymentStepDef.makeLoanRepayment(java.lang.String,java.lang.String,double)[39m
  [32m✔[39m [32m[1mThen [22mLoan Repayment schedule has [1m3[22m periods, with the following data for periods:[39m                                                      [90m# org.apache.fineract.test.stepdef.loan.LoanStepDef.loanRepaymentSchedulePeriodsCheck(int,io.cucumber.datatable.DataTable)[39m
      | Nr | Days | Date             | Paid date        | Balance of loan | Principal due | Interest | Fees | Penalties | Due   | Paid  | In advance | Late | Outstanding |
      |    |      | 01 January 2024  |                  | 100.0           |               |          | 0.0  |           | 0.0   | 0.0   |            |      |             |
      |    |      | 01 January 2024  |                  | 50.0            |               |          | 0.0  |           | 0.0   | 0.0   |            |      |             |
      | 1  | 31   | 01 February 2024 | 01 February 2024 | 100.29          | 49.71         | 0.87     | 0.0  | 0.0       | 50.58 | 50.58 | 0.0        | 0.0  | 0.0         |
      | 2  | 29   | 01 March 2024    | 01 March 2024    | 50.3            | 49.99         | 0.59     | 0.0  | 0.0       | 50.58 | 50.58 | 0.0        | 0.0  | 0.0         |
      | 3  | 31   | 01 April 2024    |                  | 0.0             | 50.3          | 0.29     | 0.0  | 0.0       | 50.59 | 0.0   | 0.0        | 0.0  | 50.59       |
  [32m✔[39m [32m[1mAnd [22mLoan Repayment schedule has the following data in Total row:[39m                                                                      [90m# org.apache.fineract.test.stepdef.loan.LoanStepDef.loanRepaymentScheduleAmountCheck(io.cucumber.datatable.DataTable)[39m
      | Principal due | Interest | Fees | Penalties | Due    | Paid   | In advance | Late | Outstanding |
      | 150.0         | 1.75     | 0.0  | 0.0       | 151.75 | 101.16 | 0.0        | 0.0  | 50.59       |
  [32m✔[39m [32m[1mAnd [22mLoan Transactions tab has the following data:[39m                                                                                     [90m# org.apache.fineract.test.stepdef.loan.LoanStepDef.loanTransactionsTabCheck(io.cucumber.datatable.DataTable)[39m
      | Transaction date | Transaction Type                | Amount | Principal | Interest | Fees | Penalties | Loan Balance | Reverted | Replayed |
      | 01 January 2024  | Disbursement                    | 100.0  | 0.0       | 0.0      | 0.0  | 0.0       | 100.0        | false    | false    |
      | 01 January 2024  | Capitalized Income              | 50.0   | 50.0      | 0.0      | 0.0  | 0.0       | 150.0        | false    | false    |
      | 01 January 2024  | Capitalized Income Amortization | 0.55   | 0.0       | 0.55     | 0.0  | 0.0       | 0.0          | false    | false    |
      | 02 January 2024  | Accrual                         | 0.03   | 0.0       | 0.03     | 0.0  | 0.0       | 0.0          | false    | false    |
      | 02 January 2024  | Capitalized Income Amortization | 0.55   | 0.0       | 0.55     | 0.0  | 0.0       | 0.0          | false    | false    |
      | 03 January 2024  | Accrual                         | 0.03   | 0.0       | 0.03     | 0.0  | 0.0       | 0.0          | false    | false    |
      | 03 January 2024  | Capitalized Income Amortization | 0.55   | 0.0       | 0.55     | 0.0  | 0.0       | 0.0          | false    | false    |
      | 04 January 2024  | Accrual                         | 0.02   | 0.0       | 0.02     | 0.0  | 0.0       | 0.0          | false    | false    |
      | 04 January 2024  | Capitalized Income Amortization | 0.55   | 0.0       | 0.55     | 0.0  | 0.0       | 0.0          | false    | false    |
      | 05 January 2024  | Accrual                         | 0.03   | 0.0       | 0.03     | 0.0  | 0.0       | 0.0          | false    | false    |
      | 05 January 2024  | Capitalized Income Amortization | 0.55   | 0.0       | 0.55     | 0.0  | 0.0       | 0.0          | false    | false    |
      | 06 January 2024  | Accrual                         | 0.03   | 0.0       | 0.03     | 0.0  | 0.0       | 0.0          | false    | false    |
      | 06 January 2024  | Capitalized Income Amortization | 0.55   | 0.0       | 0.55     | 0.0  | 0.0       | 0.0          | false    | false    |
      | 07 January 2024  | Accrual                         | 0.03   | 0.0       | 0.03     | 0.0  | 0.0       | 0.0          | false    | false    |
      | 07 January 2024  | Capitalized Income Amortization | 0.55   | 0.0       | 0.55     | 0.0  | 0.0       | 0.0          | false    | false    |
      | 08 January 2024  | Accrual                         | 0.03   | 0.0       | 0.03     | 0.0  | 0.0       | 0.0          | false    | false    |
      | 08 January 2024  | Capitalized Income Amortization | 0.55   | 0.0       | 0.55     | 0.0  | 0.0       | 0.0          | false    | false    |
      | 09 January 2024  | Accrual                         | 0.03   | 0.0       | 0.03     | 0.0  | 0.0       | 0.0          | false    | false    |
      | 09 January 2024  | Capitalized Income Amortization | 0.55   | 0.0       | 0.55     | 0.0  | 0.0       | 0.0          | false    | false    |
      | 10 January 2024  | Accrual                         | 0.02   | 0.0       | 0.02     | 0.0  | 0.0       | 0.0          | false    | false    |
      | 10 January 2024  | Capitalized Income Amortization | 0.54   | 0.0       | 0.54     | 0.0  | 0.0       | 0.0          | false    | false    |
      | 11 January 2024  | Accrual                         | 0.03   | 0.0       | 0.03     | 0.0  | 0.0       | 0.0          | false    | false    |
      | 11 January 2024  | Capitalized Income Amortization | 0.55   | 0.0       | 0.55     | 0.0  | 0.0       | 0.0          | false    | false    |
      | 12 January 2024  | Accrual                         | 0.03   | 0.0       | 0.03     | 0.0  | 0.0       | 0.0          | false    | false    |
      | 12 January 2024  | Capitalized Income Amortization | 0.55   | 0.0       | 0.55     | 0.0  | 0.0       | 0.0          | false    | false    |
      | 13 January 2024  | Accrual                         | 0.03   | 0.0       | 0.03     | 0.0  | 0.0       | 0.0          | false    | false    |
      | 13 January 2024  | Capitalized Income Amortization | 0.55   | 0.0       | 0.55     | 0.0  | 0.0       | 0.0          | false    | false    |
      | 14 January 2024  | Accrual                         | 0.03   | 0.0       | 0.03     | 0.0  | 0.0       | 0.0          | false    | false    |
      | 14 January 2024  | Capitalized Income Amortization | 0.55   | 0.0       | 0.55     | 0.0  | 0.0       | 0.0          | false    | false    |
      | 15 January 2024  | Accrual                         | 0.03   | 0.0       | 0.03     | 0.0  | 0.0       | 0.0          | false    | false    |
      | 15 January 2024  | Capitalized Income Amortization | 0.55   | 0.0       | 0.55     | 0.0  | 0.0       | 0.0          | false    | false    |
      | 16 January 2024  | Accrual                         | 0.02   | 0.0       | 0.02     | 0.0  | 0.0       | 0.0          | false    | false    |
      | 16 January 2024  | Capitalized Income Amortization | 0.55   | 0.0       | 0.55     | 0.0  | 0.0       | 0.0          | false    | false    |
      | 17 January 2024  | Accrual                         | 0.03   | 0.0       | 0.03     | 0.0  | 0.0       | 0.0          | false    | false    |
      | 17 January 2024  | Capitalized Income Amortization | 0.55   | 0.0       | 0.55     | 0.0  | 0.0       | 0.0          | false    | false    |
      | 18 January 2024  | Accrual                         | 0.03   | 0.0       | 0.03     | 0.0  | 0.0       | 0.0          | false    | false    |
      | 18 January 2024  | Capitalized Income Amortization | 0.55   | 0.0       | 0.55     | 0.0  | 0.0       | 0.0          | false    | false    |
      | 19 January 2024  | Accrual                         | 0.03   | 0.0       | 0.03     | 0.0  | 0.0       | 0.0          | false    | false    |
      | 19 January 2024  | Capitalized Income Amortization | 0.55   | 0.0       | 0.55     | 0.0  | 0.0       | 0.0          | false    | false    |
      | 20 January 2024  | Accrual                         | 0.03   | 0.0       | 0.03     | 0.0  | 0.0       | 0.0          | false    | false    |
      | 20 January 2024  | Capitalized Income Amortization | 0.55   | 0.0       | 0.55     | 0.0  | 0.0       | 0.0          | false    | false    |
      | 21 January 2024  | Accrual                         | 0.02   | 0.0       | 0.02     | 0.0  | 0.0       | 0.0          | false    | false    |
      | 21 January 2024  | Capitalized Income Amortization | 0.55   | 0.0       | 0.55     | 0.0  | 0.0       | 0.0          | false    | false    |
      | 22 January 2024  | Accrual                         | 0.03   | 0.0       | 0.03     | 0.0  | 0.0       | 0.0          | false    | false    |
      | 22 January 2024  | Capitalized Income Amortization | 0.55   | 0.0       | 0.55     | 0.0  | 0.0       | 0.0          | false    | false    |
      | 23 January 2024  | Accrual                         | 0.03   | 0.0       | 0.03     | 0.0  | 0.0       | 0.0          | false    | false    |
      | 23 January 2024  | Capitalized Income Amortization | 0.55   | 0.0       | 0.55     | 0.0  | 0.0       | 0.0          | false    | false    |
      | 24 January 2024  | Accrual                         | 0.03   | 0.0       | 0.03     | 0.0  | 0.0       | 0.0          | false    | false    |
      | 24 January 2024  | Capitalized Income Amortization | 0.55   | 0.0       | 0.55     | 0.0  | 0.0       | 0.0          | false    | false    |
      | 25 January 2024  | Accrual                         | 0.03   | 0.0       | 0.03     | 0.0  | 0.0       | 0.0          | false    | false    |
      | 25 January 2024  | Capitalized Income Amortization | 0.55   | 0.0       | 0.55     | 0.0  | 0.0       | 0.0          | false    | false    |
      | 26 January 2024  | Accrual                         | 0.03   | 0.0       | 0.03     | 0.0  | 0.0       | 0.0          | false    | false    |
      | 26 January 2024  | Capitalized Income Amortization | 0.55   | 0.0       | 0.55     | 0.0  | 0.0       | 0.0          | false    | false    |
      | 27 January 2024  | Accrual                         | 0.02   | 0.0       | 0.02     | 0.0  | 0.0       | 0.0          | false    | false    |
      | 27 January 2024  | Capitalized Income Amortization | 0.55   | 0.0       | 0.55     | 0.0  | 0.0       | 0.0          | false    | false    |
      | 28 January 2024  | Accrual                         | 0.03   | 0.0       | 0.03     | 0.0  | 0.0       | 0.0          | false    | false    |
      | 28 January 2024  | Capitalized Income Amortization | 0.54   | 0.0       | 0.54     | 0.0  | 0.0       | 0.0          | false    | false    |
      | 29 January 2024  | Accrual                         | 0.03   | 0.0       | 0.03     | 0.0  | 0.0       | 0.0          | false    | false    |
      | 29 January 2024  | Capitalized Income Amortization | 0.55   | 0.0       | 0.55     | 0.0  | 0.0       | 0.0          | false    | false    |
      | 30 January 2024  | Accrual                         | 0.03   | 0.0       | 0.03     | 0.0  | 0.0       | 0.0          | false    | false    |
      | 30 January 2024  | Capitalized Income Amortization | 0.55   | 0.0       | 0.55     | 0.0  | 0.0       | 0.0          | false    | false    |
      | 31 January 2024  | Accrual                         | 0.03   | 0.0       | 0.03     | 0.0  | 0.0       | 0.0          | false    | false    |
      | 31 January 2024  | Capitalized Income Amortization | 0.55   | 0.0       | 0.55     | 0.0  | 0.0       | 0.0          | false    | false    |
      | 01 February 2024 | Repayment                       | 50.58  | 49.71     | 0.87     | 0.0  | 0.0       | 100.29       | false    | false    |
      | 01 February 2024 | Accrual                         | 0.02   | 0.0       | 0.02     | 0.0  | 0.0       | 0.0          | false    | false    |
      | 01 February 2024 | Capitalized Income Amortization | 0.55   | 0.0       | 0.55     | 0.0  | 0.0       | 0.0          | false    | false    |
      | 02 February 2024 | Accrual                         | 0.02   | 0.0       | 0.02     | 0.0  | 0.0       | 0.0          | false    | false    |
      | 02 February 2024 | Capitalized Income Amortization | 0.55   | 0.0       | 0.55     | 0.0  | 0.0       | 0.0          | false    | false    |
      | 03 February 2024 | Accrual                         | 0.02   | 0.0       | 0.02     | 0.0  | 0.0       | 0.0          | false    | false    |
      | 03 February 2024 | Capitalized Income Amortization | 0.55   | 0.0       | 0.55     | 0.0  | 0.0       | 0.0          | false    | false    |
      | 04 February 2024 | Accrual                         | 0.02   | 0.0       | 0.02     | 0.0  | 0.0       | 0.0          | false    | false    |
      | 04 February 2024 | Capitalized Income Amortization | 0.55   | 0.0       | 0.55     | 0.0  | 0.0       | 0.0          | false    | false    |
      | 05 February 2024 | Accrual                         | 0.02   | 0.0       | 0.02     | 0.0  | 0.0       | 0.0          | false    | false    |
      | 05 February 2024 | Capitalized Income Amortization | 0.55   | 0.0       | 0.55     | 0.0  | 0.0       | 0.0          | false    | false    |
      | 06 February 2024 | Accrual                         | 0.02   | 0.0       | 0.02     | 0.0  | 0.0       | 0.0          | false    | false    |
      | 06 February 2024 | Capitalized Income Amortization | 0.55   | 0.0       | 0.55     | 0.0  | 0.0       | 0.0          | false    | false    |
      | 07 February 2024 | Accrual                         | 0.02   | 0.0       | 0.02     | 0.0  | 0.0       | 0.0          | false    | false    |
      | 07 February 2024 | Capitalized Income Amortization | 0.55   | 0.0       | 0.55     | 0.0  | 0.0       | 0.0          | false    | false    |
      | 08 February 2024 | Accrual                         | 0.02   | 0.0       | 0.02     | 0.0  | 0.0       | 0.0          | false    | false    |
      | 08 February 2024 | Capitalized Income Amortization | 0.55   | 0.0       | 0.55     | 0.0  | 0.0       | 0.0          | false    | false    |
      | 09 February 2024 | Accrual                         | 0.02   | 0.0       | 0.02     | 0.0  | 0.0       | 0.0          | false    | false    |
      | 09 February 2024 | Capitalized Income Amortization | 0.55   | 0.0       | 0.55     | 0.0  | 0.0       | 0.0          | false    | false    |
      | 10 February 2024 | Accrual                         | 0.02   | 0.0       | 0.02     | 0.0  | 0.0       | 0.0          | false    | false    |
      | 10 February 2024 | Capitalized Income Amortization | 0.55   | 0.0       | 0.55     | 0.0  | 0.0       | 0.0          | false    | false    |
      | 11 February 2024 | Accrual                         | 0.02   | 0.0       | 0.02     | 0.0  | 0.0       | 0.0          | false    | false    |
      | 11 February 2024 | Capitalized Income Amortization | 0.55   | 0.0       | 0.55     | 0.0  | 0.0       | 0.0          | false    | false    |
      | 12 February 2024 | Accrual                         | 0.02   | 0.0       | 0.02     | 0.0  | 0.0       | 0.0          | false    | false    |
      | 12 February 2024 | Capitalized Income Amortization | 0.55   | 0.0       | 0.55     | 0.0  | 0.0       | 0.0          | false    | false    |
      | 13 February 2024 | Accrual                         | 0.02   | 0.0       | 0.02     | 0.0  | 0.0       | 0.0          | false    | false    |
      | 13 February 2024 | Capitalized Income Amortization | 0.55   | 0.0       | 0.55     | 0.0  | 0.0       | 0.0          | false    | false    |
      | 14 February 2024 | Accrual                         | 0.02   | 0.0       | 0.02     | 0.0  | 0.0       | 0.0          | false    | false    |
      | 14 February 2024 | Capitalized Income Amortization | 0.55   | 0.0       | 0.55     | 0.0  | 0.0       | 0.0          | false    | false    |
      | 15 February 2024 | Accrual                         | 0.02   | 0.0       | 0.02     | 0.0  | 0.0       | 0.0          | false    | false    |
      | 15 February 2024 | Capitalized Income Amortization | 0.54   | 0.0       | 0.54     | 0.0  | 0.0       | 0.0          | false    | false    |
      | 16 February 2024 | Accrual                         | 0.02   | 0.0       | 0.02     | 0.0  | 0.0       | 0.0          | false    | false    |
      | 16 February 2024 | Capitalized Income Amortization | 0.55   | 0.0       | 0.55     | 0.0  | 0.0       | 0.0          | false    | false    |
      | 17 February 2024 | Accrual                         | 0.02   | 0.0       | 0.02     | 0.0  | 0.0       | 0.0          | false    | false    |
      | 17 February 2024 | Capitalized Income Amortization | 0.55   | 0.0       | 0.55     | 0.0  | 0.0       | 0.0          | false    | false    |
      | 18 February 2024 | Accrual                         | 0.02   | 0.0       | 0.02     | 0.0  | 0.0       | 0.0          | false    | false    |
      | 18 February 2024 | Capitalized Income Amortization | 0.55   | 0.0       | 0.55     | 0.0  | 0.0       | 0.0          | false    | false    |
      | 19 February 2024 | Accrual                         | 0.02   | 0.0       | 0.02     | 0.0  | 0.0       | 0.0          | false    | false    |
      | 19 February 2024 | Capitalized Income Amortization | 0.55   | 0.0       | 0.55     | 0.0  | 0.0       | 0.0          | false    | false    |
      | 20 February 2024 | Accrual                         | 0.02   | 0.0       | 0.02     | 0.0  | 0.0       | 0.0          | false    | false    |
      | 20 February 2024 | Capitalized Income Amortization | 0.55   | 0.0       | 0.55     | 0.0  | 0.0       | 0.0          | false    | false    |
      | 21 February 2024 | Accrual                         | 0.02   | 0.0       | 0.02     | 0.0  | 0.0       | 0.0          | false    | false    |
      | 21 February 2024 | Capitalized Income Amortization | 0.55   | 0.0       | 0.55     | 0.0  | 0.0       | 0.0          | false    | false    |
      | 22 February 2024 | Accrual                         | 0.02   | 0.0       | 0.02     | 0.0  | 0.0       | 0.0          | false    | false    |
      | 22 February 2024 | Capitalized Income Amortization | 0.55   | 0.0       | 0.55     | 0.0  | 0.0       | 0.0          | false    | false    |
      | 23 February 2024 | Accrual                         | 0.02   | 0.0       | 0.02     | 0.0  | 0.0       | 0.0          | false    | false    |
      | 23 February 2024 | Capitalized Income Amortization | 0.55   | 0.0       | 0.55     | 0.0  | 0.0       | 0.0          | false    | false    |
      | 24 February 2024 | Accrual                         | 0.02   | 0.0       | 0.02     | 0.0  | 0.0       | 0.0          | false    | false    |
      | 24 February 2024 | Capitalized Income Amortization | 0.55   | 0.0       | 0.55     | 0.0  | 0.0       | 0.0          | false    | false    |
      | 25 February 2024 | Accrual                         | 0.02   | 0.0       | 0.02     | 0.0  | 0.0       | 0.0          | false    | false    |
      | 25 February 2024 | Capitalized Income Amortization | 0.55   | 0.0       | 0.55     | 0.0  | 0.0       | 0.0          | false    | false    |
      | 26 February 2024 | Accrual                         | 0.02   | 0.0       | 0.02     | 0.0  | 0.0       | 0.0          | false    | false    |
      | 26 February 2024 | Capitalized Income Amortization | 0.55   | 0.0       | 0.55     | 0.0  | 0.0       | 0.0          | false    | false    |
      | 27 February 2024 | Accrual                         | 0.02   | 0.0       | 0.02     | 0.0  | 0.0       | 0.0          | false    | false    |
      | 27 February 2024 | Capitalized Income Amortization | 0.55   | 0.0       | 0.55     | 0.0  | 0.0       | 0.0          | false    | false    |
      | 28 February 2024 | Accrual                         | 0.02   | 0.0       | 0.02     | 0.0  | 0.0       | 0.0          | false    | false    |
      | 28 February 2024 | Capitalized Income Amortization | 0.55   | 0.0       | 0.55     | 0.0  | 0.0       | 0.0          | false    | false    |
      | 29 February 2024 | Accrual                         | 0.02   | 0.0       | 0.02     | 0.0  | 0.0       | 0.0          | false    | false    |
      | 29 February 2024 | Capitalized Income Amortization | 0.55   | 0.0       | 0.55     | 0.0  | 0.0       | 0.0          | false    | false    |
      | 01 March 2024    | Repayment                       | 50.58  | 49.99     | 0.59     | 0.0  | 0.0       | 50.3         | false    | false    |
  [32m✔[39m [32m[1mAnd [22mAdmin sets the business date to [1m"01 April 2024"[22m[39m                                                                                   [90m# org.apache.fineract.test.stepdef.common.BusinessDateStepDef.setBusinessDate(java.lang.String)[39m
  [32m✔[39m [32m[1mAnd [22mAdmin runs inline COB job for Loan[39m                                                                                                [90m# org.apache.fineract.test.stepdef.loan.InlineCOBStepDef.runInlineCOB()[39m
  [32m✔[39m [32m[1mAnd [22mCustomer makes [1m"AUTOPAY"[22m repayment on [1m"01 April 2024"[22m with [1m50.59[22m EUR transaction amount[39m                                           [90m# org.apache.fineract.test.stepdef.loan.LoanRepaymentStepDef.makeLoanRepayment(java.lang.String,java.lang.String,double)[39m
  [32m✔[39m [32m[1mThen [22mLoan is closed with zero outstanding balance and it's all installments have obligations met[39m                                      [90m# org.apache.fineract.test.stepdef.loan.LoanStepDef.loanClosedAndInstallmentsObligationsMet()[39m
  [32m✔[39m [32m[1mThen [22mLoan Repayment schedule has [1m3[22m periods, with the following data for periods:[39m                                                      [90m# org.apache.fineract.test.stepdef.loan.LoanStepDef.loanRepaymentSchedulePeriodsCheck(int,io.cucumber.datatable.DataTable)[39m
      | Nr | Days | Date             | Paid date        | Balance of loan | Principal due | Interest | Fees | Penalties | Due   | Paid  | In advance | Late | Outstanding |
      |    |      | 01 January 2024  |                  | 100.0           |               |          | 0.0  |           | 0.0   | 0.0   |            |      |             |
      |    |      | 01 January 2024  |                  | 50.0            |               |          | 0.0  |           | 0.0   | 0.0   |            |      |             |
      | 1  | 31   | 01 February 2024 | 01 February 2024 | 100.29          | 49.71         | 0.87     | 0.0  | 0.0       | 50.58 | 50.58 | 0.0        | 0.0  | 0.0         |
      | 2  | 29   | 01 March 2024    | 01 March 2024    | 50.3            | 49.99         | 0.59     | 0.0  | 0.0       | 50.58 | 50.58 | 0.0        | 0.0  | 0.0         |
      | 3  | 31   | 01 April 2024    | 01 April 2024    | 0.0             | 50.3          | 0.29     | 0.0  | 0.0       | 50.59 | 50.59 | 0.0        | 0.0  | 0.0         |
  [32m✔[39m [32m[1mAnd [22mLoan Repayment schedule has the following data in Total row:[39m                                                                      [90m# org.apache.fineract.test.stepdef.loan.LoanStepDef.loanRepaymentScheduleAmountCheck(io.cucumber.datatable.DataTable)[39m
      | Principal due | Interest | Fees | Penalties | Due    | Paid   | In advance | Late | Outstanding |
      | 150.0         | 1.75     | 0.0  | 0.0       | 151.75 | 151.75 | 0.0        | 0.0  | 0.0         |
  [32m✔[39m [32m[1mAnd [22mLoan Transactions tab has the following data:[39m                                                                                     [90m# org.apache.fineract.test.stepdef.loan.LoanStepDef.loanTransactionsTabCheck(io.cucumber.datatable.DataTable)[39m
      | Transaction date | Transaction Type                | Amount | Principal | Interest | Fees | Penalties | Loan Balance | Reverted | Replayed |
      | 01 January 2024  | Disbursement                    | 100.0  | 0.0       | 0.0      | 0.0  | 0.0       | 100.0        | false    | false    |
      | 01 January 2024  | Capitalized Income              | 50.0   | 50.0      | 0.0      | 0.0  | 0.0       | 150.0        | false    | false    |
      | 01 January 2024  | Capitalized Income Amortization | 0.55   | 0.0       | 0.55     | 0.0  | 0.0       | 0.0          | false    | false    |
      | 02 January 2024  | Accrual                         | 0.03   | 0.0       | 0.03     | 0.0  | 0.0       | 0.0          | false    | false    |
      | 02 January 2024  | Capitalized Income Amortization | 0.55   | 0.0       | 0.55     | 0.0  | 0.0       | 0.0          | false    | false    |
      | 03 January 2024  | Accrual                         | 0.03   | 0.0       | 0.03     | 0.0  | 0.0       | 0.0          | false    | false    |
      | 03 January 2024  | Capitalized Income Amortization | 0.55   | 0.0       | 0.55     | 0.0  | 0.0       | 0.0          | false    | false    |
      | 04 January 2024  | Accrual                         | 0.02   | 0.0       | 0.02     | 0.0  | 0.0       | 0.0          | false    | false    |
      | 04 January 2024  | Capitalized Income Amortization | 0.55   | 0.0       | 0.55     | 0.0  | 0.0       | 0.0          | false    | false    |
      | 05 January 2024  | Accrual                         | 0.03   | 0.0       | 0.03     | 0.0  | 0.0       | 0.0          | false    | false    |
      | 05 January 2024  | Capitalized Income Amortization | 0.55   | 0.0       | 0.55     | 0.0  | 0.0       | 0.0          | false    | false    |
      | 06 January 2024  | Accrual                         | 0.03   | 0.0       | 0.03     | 0.0  | 0.0       | 0.0          | false    | false    |
      | 06 January 2024  | Capitalized Income Amortization | 0.55   | 0.0       | 0.55     | 0.0  | 0.0       | 0.0          | false    | false    |
      | 07 January 2024  | Accrual                         | 0.03   | 0.0       | 0.03     | 0.0  | 0.0       | 0.0          | false    | false    |
      | 07 January 2024  | Capitalized Income Amortization | 0.55   | 0.0       | 0.55     | 0.0  | 0.0       | 0.0          | false    | false    |
      | 08 January 2024  | Accrual                         | 0.03   | 0.0       | 0.03     | 0.0  | 0.0       | 0.0          | false    | false    |
      | 08 January 2024  | Capitalized Income Amortization | 0.55   | 0.0       | 0.55     | 0.0  | 0.0       | 0.0          | false    | false    |
      | 09 January 2024  | Accrual                         | 0.03   | 0.0       | 0.03     | 0.0  | 0.0       | 0.0          | false    | false    |
      | 09 January 2024  | Capitalized Income Amortization | 0.55   | 0.0       | 0.55     | 0.0  | 0.0       | 0.0          | false    | false    |
      | 10 January 2024  | Accrual                         | 0.02   | 0.0       | 0.02     | 0.0  | 0.0       | 0.0          | false    | false    |
      | 10 January 2024  | Capitalized Income Amortization | 0.54   | 0.0       | 0.54     | 0.0  | 0.0       | 0.0          | false    | false    |
      | 11 January 2024  | Accrual                         | 0.03   | 0.0       | 0.03     | 0.0  | 0.0       | 0.0          | false    | false    |
      | 11 January 2024  | Capitalized Income Amortization | 0.55   | 0.0       | 0.55     | 0.0  | 0.0       | 0.0          | false    | false    |
      | 12 January 2024  | Accrual                         | 0.03   | 0.0       | 0.03     | 0.0  | 0.0       | 0.0          | false    | false    |
      | 12 January 2024  | Capitalized Income Amortization | 0.55   | 0.0       | 0.55     | 0.0  | 0.0       | 0.0          | false    | false    |
      | 13 January 2024  | Accrual                         | 0.03   | 0.0       | 0.03     | 0.0  | 0.0       | 0.0          | false    | false    |
      | 13 January 2024  | Capitalized Income Amortization | 0.55   | 0.0       | 0.55     | 0.0  | 0.0       | 0.0          | false    | false    |
      | 14 January 2024  | Accrual                         | 0.03   | 0.0       | 0.03     | 0.0  | 0.0       | 0.0          | false    | false    |
      | 14 January 2024  | Capitalized Income Amortization | 0.55   | 0.0       | 0.55     | 0.0  | 0.0       | 0.0          | false    | false    |
      | 15 January 2024  | Accrual                         | 0.03   | 0.0       | 0.03     | 0.0  | 0.0       | 0.0          | false    | false    |
      | 15 January 2024  | Capitalized Income Amortization | 0.55   | 0.0       | 0.55     | 0.0  | 0.0       | 0.0          | false    | false    |
      | 16 January 2024  | Accrual                         | 0.02   | 0.0       | 0.02     | 0.0  | 0.0       | 0.0          | false    | false    |
      | 16 January 2024  | Capitalized Income Amortization | 0.55   | 0.0       | 0.55     | 0.0  | 0.0       | 0.0          | false    | false    |
      | 17 January 2024  | Accrual                         | 0.03   | 0.0       | 0.03     | 0.0  | 0.0       | 0.0          | false    | false    |
      | 17 January 2024  | Capitalized Income Amortization | 0.55   | 0.0       | 0.55     | 0.0  | 0.0       | 0.0          | false    | false    |
      | 18 January 2024  | Accrual                         | 0.03   | 0.0       | 0.03     | 0.0  | 0.0       | 0.0          | false    | false    |
      | 18 January 2024  | Capitalized Income Amortization | 0.55   | 0.0       | 0.55     | 0.0  | 0.0       | 0.0          | false    | false    |
      | 19 January 2024  | Accrual                         | 0.03   | 0.0       | 0.03     | 0.0  | 0.0       | 0.0          | false    | false    |
      | 19 January 2024  | Capitalized Income Amortization | 0.55   | 0.0       | 0.55     | 0.0  | 0.0       | 0.0          | false    | false    |
      | 20 January 2024  | Accrual                         | 0.03   | 0.0       | 0.03     | 0.0  | 0.0       | 0.0          | false    | false    |
      | 20 January 2024  | Capitalized Income Amortization | 0.55   | 0.0       | 0.55     | 0.0  | 0.0       | 0.0          | false    | false    |
      | 21 January 2024  | Accrual                         | 0.02   | 0.0       | 0.02     | 0.0  | 0.0       | 0.0          | false    | false    |
      | 21 January 2024  | Capitalized Income Amortization | 0.55   | 0.0       | 0.55     | 0.0  | 0.0       | 0.0          | false    | false    |
      | 22 January 2024  | Accrual                         | 0.03   | 0.0       | 0.03     | 0.0  | 0.0       | 0.0          | false    | false    |
      | 22 January 2024  | Capitalized Income Amortization | 0.55   | 0.0       | 0.55     | 0.0  | 0.0       | 0.0          | false    | false    |
      | 23 January 2024  | Accrual                         | 0.03   | 0.0       | 0.03     | 0.0  | 0.0       | 0.0          | false    | false    |
      | 23 January 2024  | Capitalized Income Amortization | 0.55   | 0.0       | 0.55     | 0.0  | 0.0       | 0.0          | false    | false    |
      | 24 January 2024  | Accrual                         | 0.03   | 0.0       | 0.03     | 0.0  | 0.0       | 0.0          | false    | false    |
      | 24 January 2024  | Capitalized Income Amortization | 0.55   | 0.0       | 0.55     | 0.0  | 0.0       | 0.0          | false    | false    |
      | 25 January 2024  | Accrual                         | 0.03   | 0.0       | 0.03     | 0.0  | 0.0       | 0.0          | false    | false    |
      | 25 January 2024  | Capitalized Income Amortization | 0.55   | 0.0       | 0.55     | 0.0  | 0.0       | 0.0          | false    | false    |
      | 26 January 2024  | Accrual                         | 0.03   | 0.0       | 0.03     | 0.0  | 0.0       | 0.0          | false    | false    |
      | 26 January 2024  | Capitalized Income Amortization | 0.55   | 0.0       | 0.55     | 0.0  | 0.0       | 0.0          | false    | false    |
      | 27 January 2024  | Accrual                         | 0.02   | 0.0       | 0.02     | 0.0  | 0.0       | 0.0          | false    | false    |
      | 27 January 2024  | Capitalized Income Amortization | 0.55   | 0.0       | 0.55     | 0.0  | 0.0       | 0.0          | false    | false    |
      | 28 January 2024  | Accrual                         | 0.03   | 0.0       | 0.03     | 0.0  | 0.0       | 0.0          | false    | false    |
      | 28 January 2024  | Capitalized Income Amortization | 0.54   | 0.0       | 0.54     | 0.0  | 0.0       | 0.0          | false    | false    |
      | 29 January 2024  | Accrual                         | 0.03   | 0.0       | 0.03     | 0.0  | 0.0       | 0.0          | false    | false    |
      | 29 January 2024  | Capitalized Income Amortization | 0.55   | 0.0       | 0.55     | 0.0  | 0.0       | 0.0          | false    | false    |
      | 30 January 2024  | Accrual                         | 0.03   | 0.0       | 0.03     | 0.0  | 0.0       | 0.0          | false    | false    |
      | 30 January 2024  | Capitalized Income Amortization | 0.55   | 0.0       | 0.55     | 0.0  | 0.0       | 0.0          | false    | false    |
      | 31 January 2024  | Accrual                         | 0.03   | 0.0       | 0.03     | 0.0  | 0.0       | 0.0          | false    | false    |
      | 31 January 2024  | Capitalized Income Amortization | 0.55   | 0.0       | 0.55     | 0.0  | 0.0       | 0.0          | false    | false    |
      | 01 February 2024 | Repayment                       | 50.58  | 49.71     | 0.87     | 0.0  | 0.0       | 100.29       | false    | false    |
      | 01 February 2024 | Accrual                         | 0.02   | 0.0       | 0.02     | 0.0  | 0.0       | 0.0          | false    | false    |
      | 01 February 2024 | Capitalized Income Amortization | 0.55   | 0.0       | 0.55     | 0.0  | 0.0       | 0.0          | false    | false    |
      | 02 February 2024 | Accrual                         | 0.02   | 0.0       | 0.02     | 0.0  | 0.0       | 0.0          | false    | false    |
      | 02 February 2024 | Capitalized Income Amortization | 0.55   | 0.0       | 0.55     | 0.0  | 0.0       | 0.0          | false    | false    |
      | 03 February 2024 | Accrual                         | 0.02   | 0.0       | 0.02     | 0.0  | 0.0       | 0.0          | false    | false    |
      | 03 February 2024 | Capitalized Income Amortization | 0.55   | 0.0       | 0.55     | 0.0  | 0.0       | 0.0          | false    | false    |
      | 04 February 2024 | Accrual                         | 0.02   | 0.0       | 0.02     | 0.0  | 0.0       | 0.0          | false    | false    |
      | 04 February 2024 | Capitalized Income Amortization | 0.55   | 0.0       | 0.55     | 0.0  | 0.0       | 0.0          | false    | false    |
      | 05 February 2024 | Accrual                         | 0.02   | 0.0       | 0.02     | 0.0  | 0.0       | 0.0          | false    | false    |
      | 05 February 2024 | Capitalized Income Amortization | 0.55   | 0.0       | 0.55     | 0.0  | 0.0       | 0.0          | false    | false    |
      | 06 February 2024 | Accrual                         | 0.02   | 0.0       | 0.02     | 0.0  | 0.0       | 0.0          | false    | false    |
      | 06 February 2024 | Capitalized Income Amortization | 0.55   | 0.0       | 0.55     | 0.0  | 0.0       | 0.0          | false    | false    |
      | 07 February 2024 | Accrual                         | 0.02   | 0.0       | 0.02     | 0.0  | 0.0       | 0.0          | false    | false    |
      | 07 February 2024 | Capitalized Income Amortization | 0.55   | 0.0       | 0.55     | 0.0  | 0.0       | 0.0          | false    | false    |
      | 08 February 2024 | Accrual                         | 0.02   | 0.0       | 0.02     | 0.0  | 0.0       | 0.0          | false    | false    |
      | 08 February 2024 | Capitalized Income Amortization | 0.55   | 0.0       | 0.55     | 0.0  | 0.0       | 0.0          | false    | false    |
      | 09 February 2024 | Accrual                         | 0.02   | 0.0       | 0.02     | 0.0  | 0.0       | 0.0          | false    | false    |
      | 09 February 2024 | Capitalized Income Amortization | 0.55   | 0.0       | 0.55     | 0.0  | 0.0       | 0.0          | false    | false    |
      | 10 February 2024 | Accrual                         | 0.02   | 0.0       | 0.02     | 0.0  | 0.0       | 0.0          | false    | false    |
      | 10 February 2024 | Capitalized Income Amortization | 0.55   | 0.0       | 0.55     | 0.0  | 0.0       | 0.0          | false    | false    |
      | 11 February 2024 | Accrual                         | 0.02   | 0.0       | 0.02     | 0.0  | 0.0       | 0.0          | false    | false    |
      | 11 February 2024 | Capitalized Income Amortization | 0.55   | 0.0       | 0.55     | 0.0  | 0.0       | 0.0          | false    | false    |
      | 12 February 2024 | Accrual                         | 0.02   | 0.0       | 0.02     | 0.0  | 0.0       | 0.0          | false    | false    |
      | 12 February 2024 | Capitalized Income Amortization | 0.55   | 0.0       | 0.55     | 0.0  | 0.0       | 0.0          | false    | false    |
      | 13 February 2024 | Accrual                         | 0.02   | 0.0       | 0.02     | 0.0  | 0.0       | 0.0          | false    | false    |
      | 13 February 2024 | Capitalized Income Amortization | 0.55   | 0.0       | 0.55     | 0.0  | 0.0       | 0.0          | false    | false    |
      | 14 February 2024 | Accrual                         | 0.02   | 0.0       | 0.02     | 0.0  | 0.0       | 0.0          | false    | false    |
      | 14 February 2024 | Capitalized Income Amortization | 0.55   | 0.0       | 0.55     | 0.0  | 0.0       | 0.0          | false    | false    |
      | 15 February 2024 | Accrual                         | 0.02   | 0.0       | 0.02     | 0.0  | 0.0       | 0.0          | false    | false    |
      | 15 February 2024 | Capitalized Income Amortization | 0.54   | 0.0       | 0.54     | 0.0  | 0.0       | 0.0          | false    | false    |
      | 16 February 2024 | Accrual                         | 0.02   | 0.0       | 0.02     | 0.0  | 0.0       | 0.0          | false    | false    |
      | 16 February 2024 | Capitalized Income Amortization | 0.55   | 0.0       | 0.55     | 0.0  | 0.0       | 0.0          | false    | false    |
      | 17 February 2024 | Accrual                         | 0.02   | 0.0       | 0.02     | 0.0  | 0.0       | 0.0          | false    | false    |
      | 17 February 2024 | Capitalized Income Amortization | 0.55   | 0.0       | 0.55     | 0.0  | 0.0       | 0.0          | false    | false    |
      | 18 February 2024 | Accrual                         | 0.02   | 0.0       | 0.02     | 0.0  | 0.0       | 0.0          | false    | false    |
      | 18 February 2024 | Capitalized Income Amortization | 0.55   | 0.0       | 0.55     | 0.0  | 0.0       | 0.0          | false    | false    |
      | 19 February 2024 | Accrual                         | 0.02   | 0.0       | 0.02     | 0.0  | 0.0       | 0.0          | false    | false    |
      | 19 February 2024 | Capitalized Income Amortization | 0.55   | 0.0       | 0.55     | 0.0  | 0.0       | 0.0          | false    | false    |
      | 20 February 2024 | Accrual                         | 0.02   | 0.0       | 0.02     | 0.0  | 0.0       | 0.0          | false    | false    |
      | 20 February 2024 | Capitalized Income Amortization | 0.55   | 0.0       | 0.55     | 0.0  | 0.0       | 0.0          | false    | false    |
      | 21 February 2024 | Accrual                         | 0.02   | 0.0       | 0.02     | 0.0  | 0.0       | 0.0          | false    | false    |
      | 21 February 2024 | Capitalized Income Amortization | 0.55   | 0.0       | 0.55     | 0.0  | 0.0       | 0.0          | false    | false    |
      | 22 February 2024 | Accrual                         | 0.02   | 0.0       | 0.02     | 0.0  | 0.0       | 0.0          | false    | false    |
      | 22 February 2024 | Capitalized Income Amortization | 0.55   | 0.0       | 0.55     | 0.0  | 0.0       | 0.0          | false    | false    |
      | 23 February 2024 | Accrual                         | 0.02   | 0.0       | 0.02     | 0.0  | 0.0       | 0.0          | false    | false    |
      | 23 February 2024 | Capitalized Income Amortization | 0.55   | 0.0       | 0.55     | 0.0  | 0.0       | 0.0          | false    | false    |
      | 24 February 2024 | Accrual                         | 0.02   | 0.0       | 0.02     | 0.0  | 0.0       | 0.0          | false    | false    |
      | 24 February 2024 | Capitalized Income Amortization | 0.55   | 0.0       | 0.55     | 0.0  | 0.0       | 0.0          | false    | false    |
      | 25 February 2024 | Accrual                         | 0.02   | 0.0       | 0.02     | 0.0  | 0.0       | 0.0          | false    | false    |
      | 25 February 2024 | Capitalized Income Amortization | 0.55   | 0.0       | 0.55     | 0.0  | 0.0       | 0.0          | false    | false    |
      | 26 February 2024 | Accrual                         | 0.02   | 0.0       | 0.02     | 0.0  | 0.0       | 0.0          | false    | false    |
      | 26 February 2024 | Capitalized Income Amortization | 0.55   | 0.0       | 0.55     | 0.0  | 0.0       | 0.0          | false    | false    |
      | 27 February 2024 | Accrual                         | 0.02   | 0.0       | 0.02     | 0.0  | 0.0       | 0.0          | false    | false    |
      | 27 February 2024 | Capitalized Income Amortization | 0.55   | 0.0       | 0.55     | 0.0  | 0.0       | 0.0          | false    | false    |
      | 28 February 2024 | Accrual                         | 0.02   | 0.0       | 0.02     | 0.0  | 0.0       | 0.0          | false    | false    |
      | 28 February 2024 | Capitalized Income Amortization | 0.55   | 0.0       | 0.55     | 0.0  | 0.0       | 0.0          | false    | false    |
      | 29 February 2024 | Accrual                         | 0.02   | 0.0       | 0.02     | 0.0  | 0.0       | 0.0          | false    | false    |
      | 29 February 2024 | Capitalized Income Amortization | 0.55   | 0.0       | 0.55     | 0.0  | 0.0       | 0.0          | false    | false    |
      | 01 March 2024    | Repayment                       | 50.58  | 49.99     | 0.59     | 0.0  | 0.0       | 50.3         | false    | false    |
      | 01 March 2024    | Accrual                         | 0.03   | 0.0       | 0.03     | 0.0  | 0.0       | 0.0          | false    | false    |
      | 01 March 2024    | Capitalized Income Amortization | 0.55   | 0.0       | 0.55     | 0.0  | 0.0       | 0.0          | false    | false    |
      | 02 March 2024    | Accrual                         | 0.01   | 0.0       | 0.01     | 0.0  | 0.0       | 0.0          | false    | false    |
      | 02 March 2024    | Capitalized Income Amortization | 0.55   | 0.0       | 0.55     | 0.0  | 0.0       | 0.0          | false    | false    |
      | 03 March 2024    | Accrual                         | 0.01   | 0.0       | 0.01     | 0.0  | 0.0       | 0.0          | false    | false    |
      | 03 March 2024    | Capitalized Income Amortization | 0.55   | 0.0       | 0.55     | 0.0  | 0.0       | 0.0          | false    | false    |
      | 04 March 2024    | Accrual                         | 0.01   | 0.0       | 0.01     | 0.0  | 0.0       | 0.0          | false    | false    |
      | 04 March 2024    | Capitalized Income Amortization | 0.54   | 0.0       | 0.54     | 0.0  | 0.0       | 0.0          | false    | false    |
      | 05 March 2024    | Accrual                         | 0.01   | 0.0       | 0.01     | 0.0  | 0.0       | 0.0          | false    | false    |
      | 05 March 2024    | Capitalized Income Amortization | 0.55   | 0.0       | 0.55     | 0.0  | 0.0       | 0.0          | false    | false    |
      | 06 March 2024    | Accrual                         | 0.01   | 0.0       | 0.01     | 0.0  | 0.0       | 0.0          | false    | false    |
      | 06 March 2024    | Capitalized Income Amortization | 0.55   | 0.0       | 0.55     | 0.0  | 0.0       | 0.0          | false    | false    |
      | 07 March 2024    | Accrual                         | 0.01   | 0.0       | 0.01     | 0.0  | 0.0       | 0.0          | false    | false    |
      | 07 March 2024    | Capitalized Income Amortization | 0.55   | 0.0       | 0.55     | 0.0  | 0.0       | 0.0          | false    | false    |
      | 08 March 2024    | Accrual                         | 0.01   | 0.0       | 0.01     | 0.0  | 0.0       | 0.0          | false    | false    |
      | 08 March 2024    | Capitalized Income Amortization | 0.55   | 0.0       | 0.55     | 0.0  | 0.0       | 0.0          | false    | false    |
      | 09 March 2024    | Accrual                         | 0.01   | 0.0       | 0.01     | 0.0  | 0.0       | 0.0          | false    | false    |
      | 09 March 2024    | Capitalized Income Amortization | 0.55   | 0.0       | 0.55     | 0.0  | 0.0       | 0.0          | false    | false    |
      | 10 March 2024    | Accrual                         | 0.01   | 0.0       | 0.01     | 0.0  | 0.0       | 0.0          | false    | false    |
      | 10 March 2024    | Capitalized Income Amortization | 0.55   | 0.0       | 0.55     | 0.0  | 0.0       | 0.0          | false    | false    |
      | 11 March 2024    | Capitalized Income Amortization | 0.55   | 0.0       | 0.55     | 0.0  | 0.0       | 0.0          | false    | false    |
      | 12 March 2024    | Accrual                         | 0.01   | 0.0       | 0.01     | 0.0  | 0.0       | 0.0          | false    | false    |
      | 12 March 2024    | Capitalized Income Amortization | 0.55   | 0.0       | 0.55     | 0.0  | 0.0       | 0.0          | false    | false    |
      | 13 March 2024    | Accrual                         | 0.01   | 0.0       | 0.01     | 0.0  | 0.0       | 0.0          | false    | false    |
      | 13 March 2024    | Capitalized Income Amortization | 0.55   | 0.0       | 0.55     | 0.0  | 0.0       | 0.0          | false    | false    |
      | 14 March 2024    | Accrual                         | 0.01   | 0.0       | 0.01     | 0.0  | 0.0       | 0.0          | false    | false    |
      | 14 March 2024    | Capitalized Income Amortization | 0.55   | 0.0       | 0.55     | 0.0  | 0.0       | 0.0          | false    | false    |
      | 15 March 2024    | Accrual                         | 0.01   | 0.0       | 0.01     | 0.0  | 0.0       | 0.0          | false    | false    |
      | 15 March 2024    | Capitalized Income Amortization | 0.55   | 0.0       | 0.55     | 0.0  | 0.0       | 0.0          | false    | false    |
      | 16 March 2024    | Accrual                         | 0.01   | 0.0       | 0.01     | 0.0  | 0.0       | 0.0          | false    | false    |
      | 16 March 2024    | Capitalized Income Amortization | 0.55   | 0.0       | 0.55     | 0.0  | 0.0       | 0.0          | false    | false    |
      | 17 March 2024    | Accrual                         | 0.01   | 0.0       | 0.01     | 0.0  | 0.0       | 0.0          | false    | false    |
      | 17 March 2024    | Capitalized Income Amortization | 0.55   | 0.0       | 0.55     | 0.0  | 0.0       | 0.0          | false    | false    |
      | 18 March 2024    | Accrual                         | 0.01   | 0.0       | 0.01     | 0.0  | 0.0       | 0.0          | false    | false    |
      | 18 March 2024    | Capitalized Income Amortization | 0.55   | 0.0       | 0.55     | 0.0  | 0.0       | 0.0          | false    | false    |
      | 19 March 2024    | Accrual                         | 0.01   | 0.0       | 0.01     | 0.0  | 0.0       | 0.0          | false    | false    |
      | 19 March 2024    | Capitalized Income Amortization | 0.55   | 0.0       | 0.55     | 0.0  | 0.0       | 0.0          | false    | false    |
      | 20 March 2024    | Accrual                         | 0.01   | 0.0       | 0.01     | 0.0  | 0.0       | 0.0          | false    | false    |
      | 20 March 2024    | Capitalized Income Amortization | 0.55   | 0.0       | 0.55     | 0.0  | 0.0       | 0.0          | false    | false    |
      | 21 March 2024    | Accrual                         | 0.01   | 0.0       | 0.01     | 0.0  | 0.0       | 0.0          | false    | false    |
      | 21 March 2024    | Capitalized Income Amortization | 0.55   | 0.0       | 0.55     | 0.0  | 0.0       | 0.0          | false    | false    |
      | 22 March 2024    | Accrual                         | 0.01   | 0.0       | 0.01     | 0.0  | 0.0       | 0.0          | false    | false    |
      | 22 March 2024    | Capitalized Income Amortization | 0.54   | 0.0       | 0.54     | 0.0  | 0.0       | 0.0          | false    | false    |
      | 23 March 2024    | Accrual                         | 0.01   | 0.0       | 0.01     | 0.0  | 0.0       | 0.0          | false    | false    |
      | 23 March 2024    | Capitalized Income Amortization | 0.55   | 0.0       | 0.55     | 0.0  | 0.0       | 0.0          | false    | false    |
      | 24 March 2024    | Accrual                         | 0.01   | 0.0       | 0.01     | 0.0  | 0.0       | 0.0          | false    | false    |
      | 24 March 2024    | Capitalized Income Amortization | 0.55   | 0.0       | 0.55     | 0.0  | 0.0       | 0.0          | false    | false    |
      | 25 March 2024    | Accrual                         | 0.01   | 0.0       | 0.01     | 0.0  | 0.0       | 0.0          | false    | false    |
      | 25 March 2024    | Capitalized Income Amortization | 0.55   | 0.0       | 0.55     | 0.0  | 0.0       | 0.0          | false    | false    |
      | 26 March 2024    | Accrual                         | 0.01   | 0.0       | 0.01     | 0.0  | 0.0       | 0.0          | false    | false    |
      | 26 March 2024    | Capitalized Income Amortization | 0.55   | 0.0       | 0.55     | 0.0  | 0.0       | 0.0          | false    | false    |
      | 27 March 2024    | Accrual                         | 0.01   | 0.0       | 0.01     | 0.0  | 0.0       | 0.0          | false    | false    |
      | 27 March 2024    | Capitalized Income Amortization | 0.55   | 0.0       | 0.55     | 0.0  | 0.0       | 0.0          | false    | false    |
      | 28 March 2024    | Accrual                         | 0.01   | 0.0       | 0.01     | 0.0  | 0.0       | 0.0          | false    | false    |
      | 28 March 2024    | Capitalized Income Amortization | 0.55   | 0.0       | 0.55     | 0.0  | 0.0       | 0.0          | false    | false    |
      | 29 March 2024    | Accrual                         | 0.01   | 0.0       | 0.01     | 0.0  | 0.0       | 0.0          | false    | false    |
      | 29 March 2024    | Capitalized Income Amortization | 0.55   | 0.0       | 0.55     | 0.0  | 0.0       | 0.0          | false    | false    |
      | 30 March 2024    | Capitalized Income Amortization | 0.55   | 0.0       | 0.55     | 0.0  | 0.0       | 0.0          | false    | false    |
      | 31 March 2024    | Accrual                         | 0.01   | 0.0       | 0.01     | 0.0  | 0.0       | 0.0          | false    | false    |
      | 31 March 2024    | Capitalized Income Amortization | 0.55   | 0.0       | 0.55     | 0.0  | 0.0       | 0.0          | false    | false    |
      | 01 April 2024    | Repayment                       | 50.59  | 50.3      | 0.29     | 0.0  | 0.0       | 0.0          | false    | false    |
      | 01 April 2024    | Accrual                         | 0.01   | 0.0       | 0.01     | 0.0  | 0.0       | 0.0          | false    | false    |

@CapitalizedIncomeFeature @TestRailId:C3674
[1mScenario:[22m Verify capitalized income: repayment schedule - UC2: loan - early payoff                                                        [90m# fineract-e2e-tests-runner/src/test/resources/features/LoanCapitalizedIncome-Part1.feature:2161[39m
  [32m✔[39m [32m[1mWhen [22mAdmin sets the business date to [1m"01 January 2024"[22m[39m                                                                                [90m# org.apache.fineract.test.stepdef.common.BusinessDateStepDef.setBusinessDate(java.lang.String)[39m
  [32m✔[39m [32m[1mAnd [22mAdmin creates a client with random data[39m                                                                                           [90m# org.apache.fineract.test.stepdef.common.ClientStepDef.createClientRandomFirstNameLastName()[39m
  [32m✔[39m [32m[1mAnd [22mAdmin creates a fully customized loan with the following data:[39m                                                                    [90m# org.apache.fineract.test.stepdef.loan.LoanStepDef.createFullyCustomizedLoan(io.cucumber.datatable.DataTable)[39m
      | LoanProduct                                                                      | submitted on date | with Principal | ANNUAL interest rate % | interest type     | interest calculation period | amortization type  | loanTermFrequency | loanTermFrequencyType | repaymentEvery | repaymentFrequencyType | numberOfRepayments | graceOnPrincipalPayment | graceOnInterestPayment | interest free period | Payment strategy            |
      | LP2_ADV_PYMNT_INTEREST_DAILY_EMI_360_30_INTEREST_RECALC_DAILY_CAPITALIZED_INCOME | 01 January 2024   | 200            | 7                      | DECLINING_BALANCE | DAILY                       | EQUAL_INSTALLMENTS | 3                 | MONTHS                | 1              | MONTHS                 | 3                  | 0                       | 0                      | 0                    | ADVANCED_PAYMENT_ALLOCATION |
  [32m✔[39m [32m[1mAnd [22mAdmin successfully approves the loan on [1m"01 January 2024"[22m with [1m"200"[22m amount and expected disbursement date on [1m"01 January 2024"[22m[39m   [90m# org.apache.fineract.test.stepdef.loan.LoanStepDef.approveLoan(java.lang.String,java.lang.String,java.lang.String)[39m
  [32m✔[39m [32m[1mAnd [22mAdmin successfully disburse the loan on [1m"01 January 2024"[22m with [1m"100"[22m EUR transaction amount[39m                                       [90m# org.apache.fineract.test.stepdef.loan.LoanStepDef.disburseLoan(java.lang.String,java.lang.String)[39m
  [32m✔[39m [32m[1mAnd [22mAdmin adds capitalized income with [1m"AUTOPAY"[22m payment type to the loan on [1m"01 January 2024"[22m with [1m"50"[22m EUR transaction amount[39m       [90m# org.apache.fineract.test.stepdef.loan.LoanStepDef.adminAddsCapitalizedIncomeToTheLoanOnWithEURTransactionAmount(java.lang.String,java.lang.String,java.lang.String)[39m
  [32m✔[39m [32m[1mThen [22mLoan status will be [1m"ACTIVE"[22m[39m                                                                                                     [90m# org.apache.fineract.test.stepdef.loan.LoanStepDef.loanStatus(java.lang.String)[39m
  [32m✔[39m [32m[1mAnd [22mLoan Transactions tab has the following data:[39m                                                                                     [90m# org.apache.fineract.test.stepdef.loan.LoanStepDef.loanTransactionsTabCheck(io.cucumber.datatable.DataTable)[39m
      | Transaction date | Transaction Type   | Amount | Principal | Interest | Fees | Penalties | Loan Balance | Reverted | Replayed |
      | 01 January 2024  | Disbursement       | 100.0  | 0.0       | 0.0      | 0.0  | 0.0       | 100.0        | false    | false    |
      | 01 January 2024  | Capitalized Income | 50.0   | 50.0      | 0.0      | 0.0  | 0.0       | 150.0        | false    | false    |
  [32m✔[39m [32m[1mAnd [22mLoan Transactions tab has a [1m"CAPITALIZED_INCOME"[22m transaction with date [1m"01 January 2024"[22m which has the following Journal entries:[39m [90m# org.apache.fineract.test.stepdef.common.JournalEntriesStepDef.journalEntryDataCheck(java.lang.String,java.lang.String,io.cucumber.datatable.DataTable)[39m
      | Type      | Account code | Account name                | Debit | Credit |
      | LIABILITY | 145024       | Deferred Capitalized Income |       | 50.0   |
      | ASSET     | 112601       | Loans Receivable            | 50.0  |        |
  [32m✔[39m [32m[1mWhen [22mAdmin sets the business date to [1m"02 January 2024"[22m[39m                                                                                [90m# org.apache.fineract.test.stepdef.common.BusinessDateStepDef.setBusinessDate(java.lang.String)[39m
  [32m✔[39m [32m[1mAnd [22mAdmin runs inline COB job for Loan[39m                                                                                                [90m# org.apache.fineract.test.stepdef.loan.InlineCOBStepDef.runInlineCOB()[39m
  [32m✔[39m [32m[1mThen [22mLoan Repayment schedule has [1m3[22m periods, with the following data for periods:[39m                                                      [90m# org.apache.fineract.test.stepdef.loan.LoanStepDef.loanRepaymentSchedulePeriodsCheck(int,io.cucumber.datatable.DataTable)[39m
      | Nr | Days | Date             | Paid date | Balance of loan | Principal due | Interest | Fees | Penalties | Due   | Paid | In advance | Late | Outstanding |
      |    |      | 01 January 2024  |           | 100.0           |               |          | 0.0  |           | 0.0   | 0.0  |            |      |             |
      |    |      | 01 January 2024  |           | 50.0            |               |          | 0.0  |           | 0.0   | 0.0  |            |      |             |
      | 1  | 31   | 01 February 2024 |           | 100.29          | 49.71         | 0.87     | 0.0  | 0.0       | 50.58 | 0.0  | 0.0        | 0.0  | 50.58       |
      | 2  | 29   | 01 March 2024    |           | 50.3            | 49.99         | 0.59     | 0.0  | 0.0       | 50.58 | 0.0  | 0.0        | 0.0  | 50.58       |
      | 3  | 31   | 01 April 2024    |           | 0.0             | 50.3          | 0.29     | 0.0  | 0.0       | 50.59 | 0.0  | 0.0        | 0.0  | 50.59       |
  [32m✔[39m [32m[1mAnd [22mLoan Repayment schedule has the following data in Total row:[39m                                                                      [90m# org.apache.fineract.test.stepdef.loan.LoanStepDef.loanRepaymentScheduleAmountCheck(io.cucumber.datatable.DataTable)[39m
      | Principal due | Interest | Fees | Penalties | Due    | Paid | In advance | Late | Outstanding |
      | 150.0         | 1.75     | 0.0  | 0.0       | 151.75 | 0.0  | 0.0        | 0.0  | 151.75      |
  [32m✔[39m [32m[1mWhen [22mAdmin sets the business date to [1m"01 February 2024"[22m[39m                                                                               [90m# org.apache.fineract.test.stepdef.common.BusinessDateStepDef.setBusinessDate(java.lang.String)[39m
  [32m✔[39m [32m[1mAnd [22mAdmin runs inline COB job for Loan[39m                                                                                                [90m# org.apache.fineract.test.stepdef.loan.InlineCOBStepDef.runInlineCOB()[39m
  [32m✔[39m [32m[1mAnd [22mCustomer makes [1m"AUTOPAY"[22m repayment on [1m"01 February 2024"[22m with [1m50.58[22m EUR transaction amount[39m                                        [90m# org.apache.fineract.test.stepdef.loan.LoanRepaymentStepDef.makeLoanRepayment(java.lang.String,java.lang.String,double)[39m
  [32m✔[39m [32m[1mThen [22mLoan Repayment schedule has [1m3[22m periods, with the following data for periods:[39m                                                      [90m# org.apache.fineract.test.stepdef.loan.LoanStepDef.loanRepaymentSchedulePeriodsCheck(int,io.cucumber.datatable.DataTable)[39m
      | Nr | Days | Date             | Paid date        | Balance of loan | Principal due | Interest | Fees | Penalties | Due   | Paid  | In advance | Late | Outstanding |
      |    |      | 01 January 2024  |                  | 100.0           |               |          | 0.0  |           | 0.0   | 0.0   |            |      |             |
      |    |      | 01 January 2024  |                  | 50.0            |               |          | 0.0  |           | 0.0   | 0.0   |            |      |             |
      | 1  | 31   | 01 February 2024 | 01 February 2024 | 100.29          | 49.71         | 0.87     | 0.0  | 0.0       | 50.58 | 50.58 | 0.0        | 0.0  | 0.0         |
      | 2  | 29   | 01 March 2024    |                  | 50.3            | 49.99         | 0.59     | 0.0  | 0.0       | 50.58 | 0.0   | 0.0        | 0.0  | 50.58       |
      | 3  | 31   | 01 April 2024    |                  | 0.0             | 50.3          | 0.29     | 0.0  | 0.0       | 50.59 | 0.0   | 0.0        | 0.0  | 50.59       |
  [32m✔[39m [32m[1mAnd [22mLoan Repayment schedule has the following data in Total row:[39m                                                                      [90m# org.apache.fineract.test.stepdef.loan.LoanStepDef.loanRepaymentScheduleAmountCheck(io.cucumber.datatable.DataTable)[39m
      | Principal due | Interest | Fees | Penalties | Due    | Paid  | In advance | Late | Outstanding |
      | 150.0         | 1.75     | 0.0  | 0.0       | 151.75 | 50.58 | 0.0        | 0.0  | 101.17      |
  [32m✔[39m [32m[1mAnd [22mLoan Transactions tab has the following data:[39m                                                                                     [90m# org.apache.fineract.test.stepdef.loan.LoanStepDef.loanTransactionsTabCheck(io.cucumber.datatable.DataTable)[39m
      | Transaction date | Transaction Type                | Amount | Principal | Interest | Fees | Penalties | Loan Balance | Reverted | Replayed |
      | 01 January 2024  | Disbursement                    | 100.0  | 0.0       | 0.0      | 0.0  | 0.0       | 100.0        | false    | false    |
      | 01 January 2024  | Capitalized Income              | 50.0   | 50.0      | 0.0      | 0.0  | 0.0       | 150.0        | false    | false    |
      | 01 January 2024  | Capitalized Income Amortization | 0.55   | 0.0       | 0.55     | 0.0  | 0.0       | 0.0          | false    | false    |
      | 02 January 2024  | Accrual                         | 0.03   | 0.0       | 0.03     | 0.0  | 0.0       | 0.0          | false    | false    |
      | 02 January 2024  | Capitalized Income Amortization | 0.55   | 0.0       | 0.55     | 0.0  | 0.0       | 0.0          | false    | false    |
      | 03 January 2024  | Accrual                         | 0.03   | 0.0       | 0.03     | 0.0  | 0.0       | 0.0          | false    | false    |
      | 03 January 2024  | Capitalized Income Amortization | 0.55   | 0.0       | 0.55     | 0.0  | 0.0       | 0.0          | false    | false    |
      | 04 January 2024  | Accrual                         | 0.02   | 0.0       | 0.02     | 0.0  | 0.0       | 0.0          | false    | false    |
      | 04 January 2024  | Capitalized Income Amortization | 0.55   | 0.0       | 0.55     | 0.0  | 0.0       | 0.0          | false    | false    |
      | 05 January 2024  | Accrual                         | 0.03   | 0.0       | 0.03     | 0.0  | 0.0       | 0.0          | false    | false    |
      | 05 January 2024  | Capitalized Income Amortization | 0.55   | 0.0       | 0.55     | 0.0  | 0.0       | 0.0          | false    | false    |
      | 06 January 2024  | Accrual                         | 0.03   | 0.0       | 0.03     | 0.0  | 0.0       | 0.0          | false    | false    |
      | 06 January 2024  | Capitalized Income Amortization | 0.55   | 0.0       | 0.55     | 0.0  | 0.0       | 0.0          | false    | false    |
      | 07 January 2024  | Accrual                         | 0.03   | 0.0       | 0.03     | 0.0  | 0.0       | 0.0          | false    | false    |
      | 07 January 2024  | Capitalized Income Amortization | 0.55   | 0.0       | 0.55     | 0.0  | 0.0       | 0.0          | false    | false    |
      | 08 January 2024  | Accrual                         | 0.03   | 0.0       | 0.03     | 0.0  | 0.0       | 0.0          | false    | false    |
      | 08 January 2024  | Capitalized Income Amortization | 0.55   | 0.0       | 0.55     | 0.0  | 0.0       | 0.0          | false    | false    |
      | 09 January 2024  | Accrual                         | 0.03   | 0.0       | 0.03     | 0.0  | 0.0       | 0.0          | false    | false    |
      | 09 January 2024  | Capitalized Income Amortization | 0.55   | 0.0       | 0.55     | 0.0  | 0.0       | 0.0          | false    | false    |
      | 10 January 2024  | Accrual                         | 0.02   | 0.0       | 0.02     | 0.0  | 0.0       | 0.0          | false    | false    |
      | 10 January 2024  | Capitalized Income Amortization | 0.54   | 0.0       | 0.54     | 0.0  | 0.0       | 0.0          | false    | false    |
      | 11 January 2024  | Accrual                         | 0.03   | 0.0       | 0.03     | 0.0  | 0.0       | 0.0          | false    | false    |
      | 11 January 2024  | Capitalized Income Amortization | 0.55   | 0.0       | 0.55     | 0.0  | 0.0       | 0.0          | false    | false    |
      | 12 January 2024  | Accrual                         | 0.03   | 0.0       | 0.03     | 0.0  | 0.0       | 0.0          | false    | false    |
      | 12 January 2024  | Capitalized Income Amortization | 0.55   | 0.0       | 0.55     | 0.0  | 0.0       | 0.0          | false    | false    |
      | 13 January 2024  | Accrual                         | 0.03   | 0.0       | 0.03     | 0.0  | 0.0       | 0.0          | false    | false    |
      | 13 January 2024  | Capitalized Income Amortization | 0.55   | 0.0       | 0.55     | 0.0  | 0.0       | 0.0          | false    | false    |
      | 14 January 2024  | Accrual                         | 0.03   | 0.0       | 0.03     | 0.0  | 0.0       | 0.0          | false    | false    |
      | 14 January 2024  | Capitalized Income Amortization | 0.55   | 0.0       | 0.55     | 0.0  | 0.0       | 0.0          | false    | false    |
      | 15 January 2024  | Accrual                         | 0.03   | 0.0       | 0.03     | 0.0  | 0.0       | 0.0          | false    | false    |
      | 15 January 2024  | Capitalized Income Amortization | 0.55   | 0.0       | 0.55     | 0.0  | 0.0       | 0.0          | false    | false    |
      | 16 January 2024  | Accrual                         | 0.02   | 0.0       | 0.02     | 0.0  | 0.0       | 0.0          | false    | false    |
      | 16 January 2024  | Capitalized Income Amortization | 0.55   | 0.0       | 0.55     | 0.0  | 0.0       | 0.0          | false    | false    |
      | 17 January 2024  | Accrual                         | 0.03   | 0.0       | 0.03     | 0.0  | 0.0       | 0.0          | false    | false    |
      | 17 January 2024  | Capitalized Income Amortization | 0.55   | 0.0       | 0.55     | 0.0  | 0.0       | 0.0          | false    | false    |
      | 18 January 2024  | Accrual                         | 0.03   | 0.0       | 0.03     | 0.0  | 0.0       | 0.0          | false    | false    |
      | 18 January 2024  | Capitalized Income Amortization | 0.55   | 0.0       | 0.55     | 0.0  | 0.0       | 0.0          | false    | false    |
      | 19 January 2024  | Accrual                         | 0.03   | 0.0       | 0.03     | 0.0  | 0.0       | 0.0          | false    | false    |
      | 19 January 2024  | Capitalized Income Amortization | 0.55   | 0.0       | 0.55     | 0.0  | 0.0       | 0.0          | false    | false    |
      | 20 January 2024  | Accrual                         | 0.03   | 0.0       | 0.03     | 0.0  | 0.0       | 0.0          | false    | false    |
      | 20 January 2024  | Capitalized Income Amortization | 0.55   | 0.0       | 0.55     | 0.0  | 0.0       | 0.0          | false    | false    |
      | 21 January 2024  | Accrual                         | 0.02   | 0.0       | 0.02     | 0.0  | 0.0       | 0.0          | false    | false    |
      | 21 January 2024  | Capitalized Income Amortization | 0.55   | 0.0       | 0.55     | 0.0  | 0.0       | 0.0          | false    | false    |
      | 22 January 2024  | Accrual                         | 0.03   | 0.0       | 0.03     | 0.0  | 0.0       | 0.0          | false    | false    |
      | 22 January 2024  | Capitalized Income Amortization | 0.55   | 0.0       | 0.55     | 0.0  | 0.0       | 0.0          | false    | false    |
      | 23 January 2024  | Accrual                         | 0.03   | 0.0       | 0.03     | 0.0  | 0.0       | 0.0          | false    | false    |
      | 23 January 2024  | Capitalized Income Amortization | 0.55   | 0.0       | 0.55     | 0.0  | 0.0       | 0.0          | false    | false    |
      | 24 January 2024  | Accrual                         | 0.03   | 0.0       | 0.03     | 0.0  | 0.0       | 0.0          | false    | false    |
      | 24 January 2024  | Capitalized Income Amortization | 0.55   | 0.0       | 0.55     | 0.0  | 0.0       | 0.0          | false    | false    |
      | 25 January 2024  | Accrual                         | 0.03   | 0.0       | 0.03     | 0.0  | 0.0       | 0.0          | false    | false    |
      | 25 January 2024  | Capitalized Income Amortization | 0.55   | 0.0       | 0.55     | 0.0  | 0.0       | 0.0          | false    | false    |
      | 26 January 2024  | Accrual                         | 0.03   | 0.0       | 0.03     | 0.0  | 0.0       | 0.0          | false    | false    |
      | 26 January 2024  | Capitalized Income Amortization | 0.55   | 0.0       | 0.55     | 0.0  | 0.0       | 0.0          | false    | false    |
      | 27 January 2024  | Accrual                         | 0.02   | 0.0       | 0.02     | 0.0  | 0.0       | 0.0          | false    | false    |
      | 27 January 2024  | Capitalized Income Amortization | 0.55   | 0.0       | 0.55     | 0.0  | 0.0       | 0.0          | false    | false    |
      | 28 January 2024  | Accrual                         | 0.03   | 0.0       | 0.03     | 0.0  | 0.0       | 0.0          | false    | false    |
      | 28 January 2024  | Capitalized Income Amortization | 0.54   | 0.0       | 0.54     | 0.0  | 0.0       | 0.0          | false    | false    |
      | 29 January 2024  | Accrual                         | 0.03   | 0.0       | 0.03     | 0.0  | 0.0       | 0.0          | false    | false    |
      | 29 January 2024  | Capitalized Income Amortization | 0.55   | 0.0       | 0.55     | 0.0  | 0.0       | 0.0          | false    | false    |
      | 30 January 2024  | Accrual                         | 0.03   | 0.0       | 0.03     | 0.0  | 0.0       | 0.0          | false    | false    |
      | 30 January 2024  | Capitalized Income Amortization | 0.55   | 0.0       | 0.55     | 0.0  | 0.0       | 0.0          | false    | false    |
      | 31 January 2024  | Accrual                         | 0.03   | 0.0       | 0.03     | 0.0  | 0.0       | 0.0          | false    | false    |
      | 31 January 2024  | Capitalized Income Amortization | 0.55   | 0.0       | 0.55     | 0.0  | 0.0       | 0.0          | false    | false    |
      | 01 February 2024 | Repayment                       | 50.58  | 49.71     | 0.87     | 0.0  | 0.0       | 100.29       | false    | false    |
  [32m✔[39m [32m[1mWhen [22mAdmin sets the business date to [1m"01 March 2024"[22m[39m                                                                                  [90m# org.apache.fineract.test.stepdef.common.BusinessDateStepDef.setBusinessDate(java.lang.String)[39m
  [32m✔[39m [32m[1mAnd [22mAdmin runs inline COB job for Loan[39m                                                                                                [90m# org.apache.fineract.test.stepdef.loan.InlineCOBStepDef.runInlineCOB()[39m
  [32m✔[39m [32m[1mAnd [22mLoan Pay-off is made on [1m"01 March 2024"[22m[39m                                                                                           [90m# org.apache.fineract.test.stepdef.loan.LoanRepaymentStepDef.makeLoanPayOff(java.lang.String)[39m
  [32m✔[39m [32m[1mThen [22mLoan is closed with zero outstanding balance and it's all installments have obligations met[39m                                      [90m# org.apache.fineract.test.stepdef.loan.LoanStepDef.loanClosedAndInstallmentsObligationsMet()[39m
  [32m✔[39m [32m[1mAnd [22mLoan Repayment schedule has [1m3[22m periods, with the following data for periods:[39m                                                       [90m# org.apache.fineract.test.stepdef.loan.LoanStepDef.loanRepaymentSchedulePeriodsCheck(int,io.cucumber.datatable.DataTable)[39m
      | Nr | Days | Date             | Paid date        | Balance of loan | Principal due | Interest | Fees | Penalties | Due   | Paid  | In advance | Late | Outstanding |
      |    |      | 01 January 2024  |                  | 100.0           |               |          | 0.0  |           | 0.0   | 0.0   |            |      |             |
      |    |      | 01 January 2024  |                  | 50.0            |               |          | 0.0  |           | 0.0   | 0.0   |            |      |             |
      | 1  | 31   | 01 February 2024 | 01 February 2024 | 100.29          | 49.71         | 0.87     | 0.0  | 0.0       | 50.58 | 50.58 | 0.0        | 0.0  | 0.0         |
      | 2  | 29   | 01 March 2024    | 01 March 2024    | 50.3            | 49.99         | 0.59     | 0.0  | 0.0       | 50.58 | 50.58 | 0.0        | 0.0  | 0.0         |
      | 3  | 31   | 01 April 2024    | 01 March 2024    | 0.0             | 50.3          | 0.0      | 0.0  | 0.0       | 50.3  | 50.3  | 50.3       | 0.0  | 0.0         |
  [32m✔[39m [32m[1mAnd [22mLoan Repayment schedule has the following data in Total row:[39m                                                                      [90m# org.apache.fineract.test.stepdef.loan.LoanStepDef.loanRepaymentScheduleAmountCheck(io.cucumber.datatable.DataTable)[39m
      | Principal due | Interest | Fees | Penalties | Due    | Paid   | In advance | Late | Outstanding |
      | 150.0         | 1.46     | 0.0  | 0.0       | 151.46 | 151.46 | 50.3       | 0.0  | 0.0         |
  [32m✔[39m [32m[1mAnd [22mLoan Transactions tab has the following data:[39m                                                                                     [90m# org.apache.fineract.test.stepdef.loan.LoanStepDef.loanTransactionsTabCheck(io.cucumber.datatable.DataTable)[39m
      | Transaction date | Transaction Type                | Amount | Principal | Interest | Fees | Penalties | Loan Balance | Reverted | Replayed |
      | 01 January 2024  | Disbursement                    | 100.0  | 0.0       | 0.0      | 0.0  | 0.0       | 100.0        | false    | false    |
      | 01 January 2024  | Capitalized Income              | 50.0   | 50.0      | 0.0      | 0.0  | 0.0       | 150.0        | false    | false    |
      | 01 January 2024  | Capitalized Income Amortization | 0.55   | 0.0       | 0.55     | 0.0  | 0.0       | 0.0          | false    | false    |
      | 02 January 2024  | Accrual                         | 0.03   | 0.0       | 0.03     | 0.0  | 0.0       | 0.0          | false    | false    |
      | 02 January 2024  | Capitalized Income Amortization | 0.55   | 0.0       | 0.55     | 0.0  | 0.0       | 0.0          | false    | false    |
      | 03 January 2024  | Accrual                         | 0.03   | 0.0       | 0.03     | 0.0  | 0.0       | 0.0          | false    | false    |
      | 03 January 2024  | Capitalized Income Amortization | 0.55   | 0.0       | 0.55     | 0.0  | 0.0       | 0.0          | false    | false    |
      | 04 January 2024  | Accrual                         | 0.02   | 0.0       | 0.02     | 0.0  | 0.0       | 0.0          | false    | false    |
      | 04 January 2024  | Capitalized Income Amortization | 0.55   | 0.0       | 0.55     | 0.0  | 0.0       | 0.0          | false    | false    |
      | 05 January 2024  | Accrual                         | 0.03   | 0.0       | 0.03     | 0.0  | 0.0       | 0.0          | false    | false    |
      | 05 January 2024  | Capitalized Income Amortization | 0.55   | 0.0       | 0.55     | 0.0  | 0.0       | 0.0          | false    | false    |
      | 06 January 2024  | Accrual                         | 0.03   | 0.0       | 0.03     | 0.0  | 0.0       | 0.0          | false    | false    |
      | 06 January 2024  | Capitalized Income Amortization | 0.55   | 0.0       | 0.55     | 0.0  | 0.0       | 0.0          | false    | false    |
      | 07 January 2024  | Accrual                         | 0.03   | 0.0       | 0.03     | 0.0  | 0.0       | 0.0          | false    | false    |
      | 07 January 2024  | Capitalized Income Amortization | 0.55   | 0.0       | 0.55     | 0.0  | 0.0       | 0.0          | false    | false    |
      | 08 January 2024  | Accrual                         | 0.03   | 0.0       | 0.03     | 0.0  | 0.0       | 0.0          | false    | false    |
      | 08 January 2024  | Capitalized Income Amortization | 0.55   | 0.0       | 0.55     | 0.0  | 0.0       | 0.0          | false    | false    |
      | 09 January 2024  | Accrual                         | 0.03   | 0.0       | 0.03     | 0.0  | 0.0       | 0.0          | false    | false    |
      | 09 January 2024  | Capitalized Income Amortization | 0.55   | 0.0       | 0.55     | 0.0  | 0.0       | 0.0          | false    | false    |
      | 10 January 2024  | Accrual                         | 0.02   | 0.0       | 0.02     | 0.0  | 0.0       | 0.0          | false    | false    |
      | 10 January 2024  | Capitalized Income Amortization | 0.54   | 0.0       | 0.54     | 0.0  | 0.0       | 0.0          | false    | false    |
      | 11 January 2024  | Accrual                         | 0.03   | 0.0       | 0.03     | 0.0  | 0.0       | 0.0          | false    | false    |
      | 11 January 2024  | Capitalized Income Amortization | 0.55   | 0.0       | 0.55     | 0.0  | 0.0       | 0.0          | false    | false    |
      | 12 January 2024  | Accrual                         | 0.03   | 0.0       | 0.03     | 0.0  | 0.0       | 0.0          | false    | false    |
      | 12 January 2024  | Capitalized Income Amortization | 0.55   | 0.0       | 0.55     | 0.0  | 0.0       | 0.0          | false    | false    |
      | 13 January 2024  | Accrual                         | 0.03   | 0.0       | 0.03     | 0.0  | 0.0       | 0.0          | false    | false    |
      | 13 January 2024  | Capitalized Income Amortization | 0.55   | 0.0       | 0.55     | 0.0  | 0.0       | 0.0          | false    | false    |
      | 14 January 2024  | Accrual                         | 0.03   | 0.0       | 0.03     | 0.0  | 0.0       | 0.0          | false    | false    |
      | 14 January 2024  | Capitalized Income Amortization | 0.55   | 0.0       | 0.55     | 0.0  | 0.0       | 0.0          | false    | false    |
      | 15 January 2024  | Accrual                         | 0.03   | 0.0       | 0.03     | 0.0  | 0.0       | 0.0          | false    | false    |
      | 15 January 2024  | Capitalized Income Amortization | 0.55   | 0.0       | 0.55     | 0.0  | 0.0       | 0.0          | false    | false    |
      | 16 January 2024  | Accrual                         | 0.02   | 0.0       | 0.02     | 0.0  | 0.0       | 0.0          | false    | false    |
      | 16 January 2024  | Capitalized Income Amortization | 0.55   | 0.0       | 0.55     | 0.0  | 0.0       | 0.0          | false    | false    |
      | 17 January 2024  | Accrual                         | 0.03   | 0.0       | 0.03     | 0.0  | 0.0       | 0.0          | false    | false    |
      | 17 January 2024  | Capitalized Income Amortization | 0.55   | 0.0       | 0.55     | 0.0  | 0.0       | 0.0          | false    | false    |
      | 18 January 2024  | Accrual                         | 0.03   | 0.0       | 0.03     | 0.0  | 0.0       | 0.0          | false    | false    |
      | 18 January 2024  | Capitalized Income Amortization | 0.55   | 0.0       | 0.55     | 0.0  | 0.0       | 0.0          | false    | false    |
      | 19 January 2024  | Accrual                         | 0.03   | 0.0       | 0.03     | 0.0  | 0.0       | 0.0          | false    | false    |
      | 19 January 2024  | Capitalized Income Amortization | 0.55   | 0.0       | 0.55     | 0.0  | 0.0       | 0.0          | false    | false    |
      | 20 January 2024  | Accrual                         | 0.03   | 0.0       | 0.03     | 0.0  | 0.0       | 0.0          | false    | false    |
      | 20 January 2024  | Capitalized Income Amortization | 0.55   | 0.0       | 0.55     | 0.0  | 0.0       | 0.0          | false    | false    |
      | 21 January 2024  | Accrual                         | 0.02   | 0.0       | 0.02     | 0.0  | 0.0       | 0.0          | false    | false    |
      | 21 January 2024  | Capitalized Income Amortization | 0.55   | 0.0       | 0.55     | 0.0  | 0.0       | 0.0          | false    | false    |
      | 22 January 2024  | Accrual                         | 0.03   | 0.0       | 0.03     | 0.0  | 0.0       | 0.0          | false    | false    |
      | 22 January 2024  | Capitalized Income Amortization | 0.55   | 0.0       | 0.55     | 0.0  | 0.0       | 0.0          | false    | false    |
      | 23 January 2024  | Accrual                         | 0.03   | 0.0       | 0.03     | 0.0  | 0.0       | 0.0          | false    | false    |
      | 23 January 2024  | Capitalized Income Amortization | 0.55   | 0.0       | 0.55     | 0.0  | 0.0       | 0.0          | false    | false    |
      | 24 January 2024  | Accrual                         | 0.03   | 0.0       | 0.03     | 0.0  | 0.0       | 0.0          | false    | false    |
      | 24 January 2024  | Capitalized Income Amortization | 0.55   | 0.0       | 0.55     | 0.0  | 0.0       | 0.0          | false    | false    |
      | 25 January 2024  | Accrual                         | 0.03   | 0.0       | 0.03     | 0.0  | 0.0       | 0.0          | false    | false    |
      | 25 January 2024  | Capitalized Income Amortization | 0.55   | 0.0       | 0.55     | 0.0  | 0.0       | 0.0          | false    | false    |
      | 26 January 2024  | Accrual                         | 0.03   | 0.0       | 0.03     | 0.0  | 0.0       | 0.0          | false    | false    |
      | 26 January 2024  | Capitalized Income Amortization | 0.55   | 0.0       | 0.55     | 0.0  | 0.0       | 0.0          | false    | false    |
      | 27 January 2024  | Accrual                         | 0.02   | 0.0       | 0.02     | 0.0  | 0.0       | 0.0          | false    | false    |
      | 27 January 2024  | Capitalized Income Amortization | 0.55   | 0.0       | 0.55     | 0.0  | 0.0       | 0.0          | false    | false    |
      | 28 January 2024  | Accrual                         | 0.03   | 0.0       | 0.03     | 0.0  | 0.0       | 0.0          | false    | false    |
      | 28 January 2024  | Capitalized Income Amortization | 0.54   | 0.0       | 0.54     | 0.0  | 0.0       | 0.0          | false    | false    |
      | 29 January 2024  | Accrual                         | 0.03   | 0.0       | 0.03     | 0.0  | 0.0       | 0.0          | false    | false    |
      | 29 January 2024  | Capitalized Income Amortization | 0.55   | 0.0       | 0.55     | 0.0  | 0.0       | 0.0          | false    | false    |
      | 30 January 2024  | Accrual                         | 0.03   | 0.0       | 0.03     | 0.0  | 0.0       | 0.0          | false    | false    |
      | 30 January 2024  | Capitalized Income Amortization | 0.55   | 0.0       | 0.55     | 0.0  | 0.0       | 0.0          | false    | false    |
      | 31 January 2024  | Accrual                         | 0.03   | 0.0       | 0.03     | 0.0  | 0.0       | 0.0          | false    | false    |
      | 31 January 2024  | Capitalized Income Amortization | 0.55   | 0.0       | 0.55     | 0.0  | 0.0       | 0.0          | false    | false    |
      | 01 February 2024 | Repayment                       | 50.58  | 49.71     | 0.87     | 0.0  | 0.0       | 100.29       | false    | false    |
      | 01 February 2024 | Accrual                         | 0.02   | 0.0       | 0.02     | 0.0  | 0.0       | 0.0          | false    | false    |
      | 01 February 2024 | Capitalized Income Amortization | 0.55   | 0.0       | 0.55     | 0.0  | 0.0       | 0.0          | false    | false    |
      | 02 February 2024 | Accrual                         | 0.02   | 0.0       | 0.02     | 0.0  | 0.0       | 0.0          | false    | false    |
      | 02 February 2024 | Capitalized Income Amortization | 0.55   | 0.0       | 0.55     | 0.0  | 0.0       | 0.0          | false    | false    |
      | 03 February 2024 | Accrual                         | 0.02   | 0.0       | 0.02     | 0.0  | 0.0       | 0.0          | false    | false    |
      | 03 February 2024 | Capitalized Income Amortization | 0.55   | 0.0       | 0.55     | 0.0  | 0.0       | 0.0          | false    | false    |
      | 04 February 2024 | Accrual                         | 0.02   | 0.0       | 0.02     | 0.0  | 0.0       | 0.0          | false    | false    |
      | 04 February 2024 | Capitalized Income Amortization | 0.55   | 0.0       | 0.55     | 0.0  | 0.0       | 0.0          | false    | false    |
      | 05 February 2024 | Accrual                         | 0.02   | 0.0       | 0.02     | 0.0  | 0.0       | 0.0          | false    | false    |
      | 05 February 2024 | Capitalized Income Amortization | 0.55   | 0.0       | 0.55     | 0.0  | 0.0       | 0.0          | false    | false    |
      | 06 February 2024 | Accrual                         | 0.02   | 0.0       | 0.02     | 0.0  | 0.0       | 0.0          | false    | false    |
      | 06 February 2024 | Capitalized Income Amortization | 0.55   | 0.0       | 0.55     | 0.0  | 0.0       | 0.0          | false    | false    |
      | 07 February 2024 | Accrual                         | 0.02   | 0.0       | 0.02     | 0.0  | 0.0       | 0.0          | false    | false    |
      | 07 February 2024 | Capitalized Income Amortization | 0.55   | 0.0       | 0.55     | 0.0  | 0.0       | 0.0          | false    | false    |
      | 08 February 2024 | Accrual                         | 0.02   | 0.0       | 0.02     | 0.0  | 0.0       | 0.0          | false    | false    |
      | 08 February 2024 | Capitalized Income Amortization | 0.55   | 0.0       | 0.55     | 0.0  | 0.0       | 0.0          | false    | false    |
      | 09 February 2024 | Accrual                         | 0.02   | 0.0       | 0.02     | 0.0  | 0.0       | 0.0          | false    | false    |
      | 09 February 2024 | Capitalized Income Amortization | 0.55   | 0.0       | 0.55     | 0.0  | 0.0       | 0.0          | false    | false    |
      | 10 February 2024 | Accrual                         | 0.02   | 0.0       | 0.02     | 0.0  | 0.0       | 0.0          | false    | false    |
      | 10 February 2024 | Capitalized Income Amortization | 0.55   | 0.0       | 0.55     | 0.0  | 0.0       | 0.0          | false    | false    |
      | 11 February 2024 | Accrual                         | 0.02   | 0.0       | 0.02     | 0.0  | 0.0       | 0.0          | false    | false    |
      | 11 February 2024 | Capitalized Income Amortization | 0.55   | 0.0       | 0.55     | 0.0  | 0.0       | 0.0          | false    | false    |
      | 12 February 2024 | Accrual                         | 0.02   | 0.0       | 0.02     | 0.0  | 0.0       | 0.0          | false    | false    |
      | 12 February 2024 | Capitalized Income Amortization | 0.55   | 0.0       | 0.55     | 0.0  | 0.0       | 0.0          | false    | false    |
      | 13 February 2024 | Accrual                         | 0.02   | 0.0       | 0.02     | 0.0  | 0.0       | 0.0          | false    | false    |
      | 13 February 2024 | Capitalized Income Amortization | 0.55   | 0.0       | 0.55     | 0.0  | 0.0       | 0.0          | false    | false    |
      | 14 February 2024 | Accrual                         | 0.02   | 0.0       | 0.02     | 0.0  | 0.0       | 0.0          | false    | false    |
      | 14 February 2024 | Capitalized Income Amortization | 0.55   | 0.0       | 0.55     | 0.0  | 0.0       | 0.0          | false    | false    |
      | 15 February 2024 | Accrual                         | 0.02   | 0.0       | 0.02     | 0.0  | 0.0       | 0.0          | false    | false    |
      | 15 February 2024 | Capitalized Income Amortization | 0.54   | 0.0       | 0.54     | 0.0  | 0.0       | 0.0          | false    | false    |
      | 16 February 2024 | Accrual                         | 0.02   | 0.0       | 0.02     | 0.0  | 0.0       | 0.0          | false    | false    |
      | 16 February 2024 | Capitalized Income Amortization | 0.55   | 0.0       | 0.55     | 0.0  | 0.0       | 0.0          | false    | false    |
      | 17 February 2024 | Accrual                         | 0.02   | 0.0       | 0.02     | 0.0  | 0.0       | 0.0          | false    | false    |
      | 17 February 2024 | Capitalized Income Amortization | 0.55   | 0.0       | 0.55     | 0.0  | 0.0       | 0.0          | false    | false    |
      | 18 February 2024 | Accrual                         | 0.02   | 0.0       | 0.02     | 0.0  | 0.0       | 0.0          | false    | false    |
      | 18 February 2024 | Capitalized Income Amortization | 0.55   | 0.0       | 0.55     | 0.0  | 0.0       | 0.0          | false    | false    |
      | 19 February 2024 | Accrual                         | 0.02   | 0.0       | 0.02     | 0.0  | 0.0       | 0.0          | false    | false    |
      | 19 February 2024 | Capitalized Income Amortization | 0.55   | 0.0       | 0.55     | 0.0  | 0.0       | 0.0          | false    | false    |
      | 20 February 2024 | Accrual                         | 0.02   | 0.0       | 0.02     | 0.0  | 0.0       | 0.0          | false    | false    |
      | 20 February 2024 | Capitalized Income Amortization | 0.55   | 0.0       | 0.55     | 0.0  | 0.0       | 0.0          | false    | false    |
      | 21 February 2024 | Accrual                         | 0.02   | 0.0       | 0.02     | 0.0  | 0.0       | 0.0          | false    | false    |
      | 21 February 2024 | Capitalized Income Amortization | 0.55   | 0.0       | 0.55     | 0.0  | 0.0       | 0.0          | false    | false    |
      | 22 February 2024 | Accrual                         | 0.02   | 0.0       | 0.02     | 0.0  | 0.0       | 0.0          | false    | false    |
      | 22 February 2024 | Capitalized Income Amortization | 0.55   | 0.0       | 0.55     | 0.0  | 0.0       | 0.0          | false    | false    |
      | 23 February 2024 | Accrual                         | 0.02   | 0.0       | 0.02     | 0.0  | 0.0       | 0.0          | false    | false    |
      | 23 February 2024 | Capitalized Income Amortization | 0.55   | 0.0       | 0.55     | 0.0  | 0.0       | 0.0          | false    | false    |
      | 24 February 2024 | Accrual                         | 0.02   | 0.0       | 0.02     | 0.0  | 0.0       | 0.0          | false    | false    |
      | 24 February 2024 | Capitalized Income Amortization | 0.55   | 0.0       | 0.55     | 0.0  | 0.0       | 0.0          | false    | false    |
      | 25 February 2024 | Accrual                         | 0.02   | 0.0       | 0.02     | 0.0  | 0.0       | 0.0          | false    | false    |
      | 25 February 2024 | Capitalized Income Amortization | 0.55   | 0.0       | 0.55     | 0.0  | 0.0       | 0.0          | false    | false    |
      | 26 February 2024 | Accrual                         | 0.02   | 0.0       | 0.02     | 0.0  | 0.0       | 0.0          | false    | false    |
      | 26 February 2024 | Capitalized Income Amortization | 0.55   | 0.0       | 0.55     | 0.0  | 0.0       | 0.0          | false    | false    |
      | 27 February 2024 | Accrual                         | 0.02   | 0.0       | 0.02     | 0.0  | 0.0       | 0.0          | false    | false    |
      | 27 February 2024 | Capitalized Income Amortization | 0.55   | 0.0       | 0.55     | 0.0  | 0.0       | 0.0          | false    | false    |
      | 28 February 2024 | Accrual                         | 0.02   | 0.0       | 0.02     | 0.0  | 0.0       | 0.0          | false    | false    |
      | 28 February 2024 | Capitalized Income Amortization | 0.55   | 0.0       | 0.55     | 0.0  | 0.0       | 0.0          | false    | false    |
      | 29 February 2024 | Accrual                         | 0.02   | 0.0       | 0.02     | 0.0  | 0.0       | 0.0          | false    | false    |
      | 29 February 2024 | Capitalized Income Amortization | 0.55   | 0.0       | 0.55     | 0.0  | 0.0       | 0.0          | false    | false    |
      | 01 March 2024    | Repayment                       | 100.88 | 100.29    | 0.59     | 0.0  | 0.0       | 0.0          | false    | false    |
      | 01 March 2024    | Accrual                         | 0.03   | 0.0       | 0.03     | 0.0  | 0.0       | 0.0          | false    | false    |
      | 01 March 2024    | Capitalized Income Amortization | 17.03  | 0.0       | 17.03    | 0.0  | 0.0       | 0.0          | false    | false    |

@CapitalizedIncomeFeature @TestRailId:C3675
[1mScenario:[22m Verify capitalized income: repayment schedule - UC3: loan - charge-off                                                          [90m# fineract-e2e-tests-runner/src/test/resources/features/LoanCapitalizedIncome-Part1.feature:2416[39m
  [32m✔[39m [32m[1mWhen [22mAdmin sets the business date to [1m"01 January 2024"[22m[39m                                                                                [90m# org.apache.fineract.test.stepdef.common.BusinessDateStepDef.setBusinessDate(java.lang.String)[39m
  [32m✔[39m [32m[1mAnd [22mAdmin creates a client with random data[39m                                                                                           [90m# org.apache.fineract.test.stepdef.common.ClientStepDef.createClientRandomFirstNameLastName()[39m
  [32m✔[39m [32m[1mAnd [22mAdmin creates a fully customized loan with the following data:[39m                                                                    [90m# org.apache.fineract.test.stepdef.loan.LoanStepDef.createFullyCustomizedLoan(io.cucumber.datatable.DataTable)[39m
      | LoanProduct                                                                      | submitted on date | with Principal | ANNUAL interest rate % | interest type     | interest calculation period | amortization type  | loanTermFrequency | loanTermFrequencyType | repaymentEvery | repaymentFrequencyType | numberOfRepayments | graceOnPrincipalPayment | graceOnInterestPayment | interest free period | Payment strategy            |
      | LP2_ADV_PYMNT_INTEREST_DAILY_EMI_360_30_INTEREST_RECALC_DAILY_CAPITALIZED_INCOME | 01 January 2024   | 200            | 7                      | DECLINING_BALANCE | DAILY                       | EQUAL_INSTALLMENTS | 3                 | MONTHS                | 1              | MONTHS                 | 3                  | 0                       | 0                      | 0                    | ADVANCED_PAYMENT_ALLOCATION |
  [32m✔[39m [32m[1mAnd [22mAdmin successfully approves the loan on [1m"01 January 2024"[22m with [1m"200"[22m amount and expected disbursement date on [1m"01 January 2024"[22m[39m   [90m# org.apache.fineract.test.stepdef.loan.LoanStepDef.approveLoan(java.lang.String,java.lang.String,java.lang.String)[39m
  [32m✔[39m [32m[1mAnd [22mAdmin successfully disburse the loan on [1m"01 January 2024"[22m with [1m"100"[22m EUR transaction amount[39m                                       [90m# org.apache.fineract.test.stepdef.loan.LoanStepDef.disburseLoan(java.lang.String,java.lang.String)[39m
  [32m✔[39m [32m[1mAnd [22mAdmin adds capitalized income with [1m"AUTOPAY"[22m payment type to the loan on [1m"01 January 2024"[22m with [1m"50"[22m EUR transaction amount[39m       [90m# org.apache.fineract.test.stepdef.loan.LoanStepDef.adminAddsCapitalizedIncomeToTheLoanOnWithEURTransactionAmount(java.lang.String,java.lang.String,java.lang.String)[39m
  [32m✔[39m [32m[1mThen [22mLoan status will be [1m"ACTIVE"[22m[39m                                                                                                     [90m# org.apache.fineract.test.stepdef.loan.LoanStepDef.loanStatus(java.lang.String)[39m
  [32m✔[39m [32m[1mAnd [22mLoan Transactions tab has the following data:[39m                                                                                     [90m# org.apache.fineract.test.stepdef.loan.LoanStepDef.loanTransactionsTabCheck(io.cucumber.datatable.DataTable)[39m
      | Transaction date | Transaction Type   | Amount | Principal | Interest | Fees | Penalties | Loan Balance | Reverted | Replayed |
      | 01 January 2024  | Disbursement       | 100.0  | 0.0       | 0.0      | 0.0  | 0.0       | 100.0        | false    | false    |
      | 01 January 2024  | Capitalized Income | 50.0   | 50.0      | 0.0      | 0.0  | 0.0       | 150.0        | false    | false    |
  [32m✔[39m [32m[1mAnd [22mLoan Transactions tab has a [1m"CAPITALIZED_INCOME"[22m transaction with date [1m"01 January 2024"[22m which has the following Journal entries:[39m [90m# org.apache.fineract.test.stepdef.common.JournalEntriesStepDef.journalEntryDataCheck(java.lang.String,java.lang.String,io.cucumber.datatable.DataTable)[39m
      | Type      | Account code | Account name                | Debit | Credit |
      | LIABILITY | 145024       | Deferred Capitalized Income |       | 50.0   |
      | ASSET     | 112601       | Loans Receivable            | 50.0  |        |
  [32m✔[39m [32m[1mWhen [22mAdmin sets the business date to [1m"02 January 2024"[22m[39m                                                                                [90m# org.apache.fineract.test.stepdef.common.BusinessDateStepDef.setBusinessDate(java.lang.String)[39m
  [32m✔[39m [32m[1mAnd [22mAdmin runs inline COB job for Loan[39m                                                                                                [90m# org.apache.fineract.test.stepdef.loan.InlineCOBStepDef.runInlineCOB()[39m
  [32m✔[39m [32m[1mThen [22mLoan Repayment schedule has [1m3[22m periods, with the following data for periods:[39m                                                      [90m# org.apache.fineract.test.stepdef.loan.LoanStepDef.loanRepaymentSchedulePeriodsCheck(int,io.cucumber.datatable.DataTable)[39m
      | Nr | Days | Date             | Paid date | Balance of loan | Principal due | Interest | Fees | Penalties | Due   | Paid | In advance | Late | Outstanding |
      |    |      | 01 January 2024  |           | 100.0           |               |          | 0.0  |           | 0.0   | 0.0  |            |      |             |
      |    |      | 01 January 2024  |           | 50.0            |               |          | 0.0  |           | 0.0   | 0.0  |            |      |             |
      | 1  | 31   | 01 February 2024 |           | 100.29          | 49.71         | 0.87     | 0.0  | 0.0       | 50.58 | 0.0  | 0.0        | 0.0  | 50.58       |
      | 2  | 29   | 01 March 2024    |           | 50.3            | 49.99         | 0.59     | 0.0  | 0.0       | 50.58 | 0.0  | 0.0        | 0.0  | 50.58       |
      | 3  | 31   | 01 April 2024    |           | 0.0             | 50.3          | 0.29     | 0.0  | 0.0       | 50.59 | 0.0  | 0.0        | 0.0  | 50.59       |
  [32m✔[39m [32m[1mAnd [22mLoan Repayment schedule has the following data in Total row:[39m                                                                      [90m# org.apache.fineract.test.stepdef.loan.LoanStepDef.loanRepaymentScheduleAmountCheck(io.cucumber.datatable.DataTable)[39m
      | Principal due | Interest | Fees | Penalties | Due    | Paid | In advance | Late | Outstanding |
      | 150.0         | 1.75     | 0.0  | 0.0       | 151.75 | 0.0  | 0.0        | 0.0  | 151.75      |
  [32m✔[39m [32m[1mWhen [22mAdmin sets the business date to [1m"01 February 2024"[22m[39m                                                                               [90m# org.apache.fineract.test.stepdef.common.BusinessDateStepDef.setBusinessDate(java.lang.String)[39m
  [32m✔[39m [32m[1mAnd [22mAdmin runs inline COB job for Loan[39m                                                                                                [90m# org.apache.fineract.test.stepdef.loan.InlineCOBStepDef.runInlineCOB()[39m
  [32m✔[39m [32m[1mAnd [22mCustomer makes [1m"AUTOPAY"[22m repayment on [1m"01 February 2024"[22m with [1m50.58[22m EUR transaction amount[39m                                        [90m# org.apache.fineract.test.stepdef.loan.LoanRepaymentStepDef.makeLoanRepayment(java.lang.String,java.lang.String,double)[39m
  [32m✔[39m [32m[1mThen [22mLoan Repayment schedule has [1m3[22m periods, with the following data for periods:[39m                                                      [90m# org.apache.fineract.test.stepdef.loan.LoanStepDef.loanRepaymentSchedulePeriodsCheck(int,io.cucumber.datatable.DataTable)[39m
      | Nr | Days | Date             | Paid date        | Balance of loan | Principal due | Interest | Fees | Penalties | Due   | Paid  | In advance | Late | Outstanding |
      |    |      | 01 January 2024  |                  | 100.0           |               |          | 0.0  |           | 0.0   | 0.0   |            |      |             |
      |    |      | 01 January 2024  |                  | 50.0            |               |          | 0.0  |           | 0.0   | 0.0   |            |      |             |
      | 1  | 31   | 01 February 2024 | 01 February 2024 | 100.29          | 49.71         | 0.87     | 0.0  | 0.0       | 50.58 | 50.58 | 0.0        | 0.0  | 0.0         |
      | 2  | 29   | 01 March 2024    |                  | 50.3            | 49.99         | 0.59     | 0.0  | 0.0       | 50.58 | 0.0   | 0.0        | 0.0  | 50.58       |
      | 3  | 31   | 01 April 2024    |                  | 0.0             | 50.3          | 0.29     | 0.0  | 0.0       | 50.59 | 0.0   | 0.0        | 0.0  | 50.59       |
  [32m✔[39m [32m[1mAnd [22mLoan Repayment schedule has the following data in Total row:[39m                                                                      [90m# org.apache.fineract.test.stepdef.loan.LoanStepDef.loanRepaymentScheduleAmountCheck(io.cucumber.datatable.DataTable)[39m
      | Principal due | Interest | Fees | Penalties | Due    | Paid  | In advance | Late | Outstanding |
      | 150.0         | 1.75     | 0.0  | 0.0       | 151.75 | 50.58 | 0.0        | 0.0  | 101.17      |
  [32m✔[39m [32m[1mAnd [22mLoan Transactions tab has the following data:[39m                                                                                     [90m# org.apache.fineract.test.stepdef.loan.LoanStepDef.loanTransactionsTabCheck(io.cucumber.datatable.DataTable)[39m
      | Transaction date | Transaction Type                | Amount | Principal | Interest | Fees | Penalties | Loan Balance | Reverted | Replayed |
      | 01 January 2024  | Disbursement                    | 100.0  | 0.0       | 0.0      | 0.0  | 0.0       | 100.0        | false    | false    |
      | 01 January 2024  | Capitalized Income              | 50.0   | 50.0      | 0.0      | 0.0  | 0.0       | 150.0        | false    | false    |
      | 01 January 2024  | Capitalized Income Amortization | 0.55   | 0.0       | 0.55     | 0.0  | 0.0       | 0.0          | false    | false    |
      | 02 January 2024  | Accrual                         | 0.03   | 0.0       | 0.03     | 0.0  | 0.0       | 0.0          | false    | false    |
      | 02 January 2024  | Capitalized Income Amortization | 0.55   | 0.0       | 0.55     | 0.0  | 0.0       | 0.0          | false    | false    |
      | 03 January 2024  | Accrual                         | 0.03   | 0.0       | 0.03     | 0.0  | 0.0       | 0.0          | false    | false    |
      | 03 January 2024  | Capitalized Income Amortization | 0.55   | 0.0       | 0.55     | 0.0  | 0.0       | 0.0          | false    | false    |
      | 04 January 2024  | Accrual                         | 0.02   | 0.0       | 0.02     | 0.0  | 0.0       | 0.0          | false    | false    |
      | 04 January 2024  | Capitalized Income Amortization | 0.55   | 0.0       | 0.55     | 0.0  | 0.0       | 0.0          | false    | false    |
      | 05 January 2024  | Accrual                         | 0.03   | 0.0       | 0.03     | 0.0  | 0.0       | 0.0          | false    | false    |
      | 05 January 2024  | Capitalized Income Amortization | 0.55   | 0.0       | 0.55     | 0.0  | 0.0       | 0.0          | false    | false    |
      | 06 January 2024  | Accrual                         | 0.03   | 0.0       | 0.03     | 0.0  | 0.0       | 0.0          | false    | false    |
      | 06 January 2024  | Capitalized Income Amortization | 0.55   | 0.0       | 0.55     | 0.0  | 0.0       | 0.0          | false    | false    |
      | 07 January 2024  | Accrual                         | 0.03   | 0.0       | 0.03     | 0.0  | 0.0       | 0.0          | false    | false    |
      | 07 January 2024  | Capitalized Income Amortization | 0.55   | 0.0       | 0.55     | 0.0  | 0.0       | 0.0          | false    | false    |
      | 08 January 2024  | Accrual                         | 0.03   | 0.0       | 0.03     | 0.0  | 0.0       | 0.0          | false    | false    |
      | 08 January 2024  | Capitalized Income Amortization | 0.55   | 0.0       | 0.55     | 0.0  | 0.0       | 0.0          | false    | false    |
      | 09 January 2024  | Accrual                         | 0.03   | 0.0       | 0.03     | 0.0  | 0.0       | 0.0          | false    | false    |
      | 09 January 2024  | Capitalized Income Amortization | 0.55   | 0.0       | 0.55     | 0.0  | 0.0       | 0.0          | false    | false    |
      | 10 January 2024  | Accrual                         | 0.02   | 0.0       | 0.02     | 0.0  | 0.0       | 0.0          | false    | false    |
      | 10 January 2024  | Capitalized Income Amortization | 0.54   | 0.0       | 0.54     | 0.0  | 0.0       | 0.0          | false    | false    |
      | 11 January 2024  | Accrual                         | 0.03   | 0.0       | 0.03     | 0.0  | 0.0       | 0.0          | false    | false    |
      | 11 January 2024  | Capitalized Income Amortization | 0.55   | 0.0       | 0.55     | 0.0  | 0.0       | 0.0          | false    | false    |
      | 12 January 2024  | Accrual                         | 0.03   | 0.0       | 0.03     | 0.0  | 0.0       | 0.0          | false    | false    |
      | 12 January 2024  | Capitalized Income Amortization | 0.55   | 0.0       | 0.55     | 0.0  | 0.0       | 0.0          | false    | false    |
      | 13 January 2024  | Accrual                         | 0.03   | 0.0       | 0.03     | 0.0  | 0.0       | 0.0          | false    | false    |
      | 13 January 2024  | Capitalized Income Amortization | 0.55   | 0.0       | 0.55     | 0.0  | 0.0       | 0.0          | false    | false    |
      | 14 January 2024  | Accrual                         | 0.03   | 0.0       | 0.03     | 0.0  | 0.0       | 0.0          | false    | false    |
      | 14 January 2024  | Capitalized Income Amortization | 0.55   | 0.0       | 0.55     | 0.0  | 0.0       | 0.0          | false    | false    |
      | 15 January 2024  | Accrual                         | 0.03   | 0.0       | 0.03     | 0.0  | 0.0       | 0.0          | false    | false    |
      | 15 January 2024  | Capitalized Income Amortization | 0.55   | 0.0       | 0.55     | 0.0  | 0.0       | 0.0          | false    | false    |
      | 16 January 2024  | Accrual                         | 0.02   | 0.0       | 0.02     | 0.0  | 0.0       | 0.0          | false    | false    |
      | 16 January 2024  | Capitalized Income Amortization | 0.55   | 0.0       | 0.55     | 0.0  | 0.0       | 0.0          | false    | false    |
      | 17 January 2024  | Accrual                         | 0.03   | 0.0       | 0.03     | 0.0  | 0.0       | 0.0          | false    | false    |
      | 17 January 2024  | Capitalized Income Amortization | 0.55   | 0.0       | 0.55     | 0.0  | 0.0       | 0.0          | false    | false    |
      | 18 January 2024  | Accrual                         | 0.03   | 0.0       | 0.03     | 0.0  | 0.0       | 0.0          | false    | false    |
      | 18 January 2024  | Capitalized Income Amortization | 0.55   | 0.0       | 0.55     | 0.0  | 0.0       | 0.0          | false    | false    |
      | 19 January 2024  | Accrual                         | 0.03   | 0.0       | 0.03     | 0.0  | 0.0       | 0.0          | false    | false    |
      | 19 January 2024  | Capitalized Income Amortization | 0.55   | 0.0       | 0.55     | 0.0  | 0.0       | 0.0          | false    | false    |
      | 20 January 2024  | Accrual                         | 0.03   | 0.0       | 0.03     | 0.0  | 0.0       | 0.0          | false    | false    |
      | 20 January 2024  | Capitalized Income Amortization | 0.55   | 0.0       | 0.55     | 0.0  | 0.0       | 0.0          | false    | false    |
      | 21 January 2024  | Accrual                         | 0.02   | 0.0       | 0.02     | 0.0  | 0.0       | 0.0          | false    | false    |
      | 21 January 2024  | Capitalized Income Amortization | 0.55   | 0.0       | 0.55     | 0.0  | 0.0       | 0.0          | false    | false    |
      | 22 January 2024  | Accrual                         | 0.03   | 0.0       | 0.03     | 0.0  | 0.0       | 0.0          | false    | false    |
      | 22 January 2024  | Capitalized Income Amortization | 0.55   | 0.0       | 0.55     | 0.0  | 0.0       | 0.0          | false    | false    |
      | 23 January 2024  | Accrual                         | 0.03   | 0.0       | 0.03     | 0.0  | 0.0       | 0.0          | false    | false    |
      | 23 January 2024  | Capitalized Income Amortization | 0.55   | 0.0       | 0.55     | 0.0  | 0.0       | 0.0          | false    | false    |
      | 24 January 2024  | Accrual                         | 0.03   | 0.0       | 0.03     | 0.0  | 0.0       | 0.0          | false    | false    |
      | 24 January 2024  | Capitalized Income Amortization | 0.55   | 0.0       | 0.55     | 0.0  | 0.0       | 0.0          | false    | false    |
      | 25 January 2024  | Accrual                         | 0.03   | 0.0       | 0.03     | 0.0  | 0.0       | 0.0          | false    | false    |
      | 25 January 2024  | Capitalized Income Amortization | 0.55   | 0.0       | 0.55     | 0.0  | 0.0       | 0.0          | false    | false    |
      | 26 January 2024  | Accrual                         | 0.03   | 0.0       | 0.03     | 0.0  | 0.0       | 0.0          | false    | false    |
      | 26 January 2024  | Capitalized Income Amortization | 0.55   | 0.0       | 0.55     | 0.0  | 0.0       | 0.0          | false    | false    |
      | 27 January 2024  | Accrual                         | 0.02   | 0.0       | 0.02     | 0.0  | 0.0       | 0.0          | false    | false    |
      | 27 January 2024  | Capitalized Income Amortization | 0.55   | 0.0       | 0.55     | 0.0  | 0.0       | 0.0          | false    | false    |
      | 28 January 2024  | Accrual                         | 0.03   | 0.0       | 0.03     | 0.0  | 0.0       | 0.0          | false    | false    |
      | 28 January 2024  | Capitalized Income Amortization | 0.54   | 0.0       | 0.54     | 0.0  | 0.0       | 0.0          | false    | false    |
      | 29 January 2024  | Accrual                         | 0.03   | 0.0       | 0.03     | 0.0  | 0.0       | 0.0          | false    | false    |
      | 29 January 2024  | Capitalized Income Amortization | 0.55   | 0.0       | 0.55     | 0.0  | 0.0       | 0.0          | false    | false    |
      | 30 January 2024  | Accrual                         | 0.03   | 0.0       | 0.03     | 0.0  | 0.0       | 0.0          | false    | false    |
      | 30 January 2024  | Capitalized Income Amortization | 0.55   | 0.0       | 0.55     | 0.0  | 0.0       | 0.0          | false    | false    |
      | 31 January 2024  | Accrual                         | 0.03   | 0.0       | 0.03     | 0.0  | 0.0       | 0.0          | false    | false    |
      | 31 January 2024  | Capitalized Income Amortization | 0.55   | 0.0       | 0.55     | 0.0  | 0.0       | 0.0          | false    | false    |
      | 01 February 2024 | Repayment                       | 50.58  | 49.71     | 0.87     | 0.0  | 0.0       | 100.29       | false    | false    |
  [32m✔[39m [32m[1mWhen [22mAdmin sets the business date to [1m"01 March 2024"[22m[39m                                                                                  [90m# org.apache.fineract.test.stepdef.common.BusinessDateStepDef.setBusinessDate(java.lang.String)[39m
  [32m✔[39m [32m[1mAnd [22mAdmin runs inline COB job for Loan[39m                                                                                                [90m# org.apache.fineract.test.stepdef.loan.InlineCOBStepDef.runInlineCOB()[39m
  [32m✔[39m [32m[1mAnd [22mAdmin does charge-off the loan on [1m"01 March 2024"[22m[39m                                                                                 [90m# org.apache.fineract.test.stepdef.loan.LoanStepDef.chargeOffLoan(java.lang.String)[39m
  [32m✔[39m [32m[1mThen [22mLoan status will be [1m"ACTIVE"[22m[39m                                                                                                     [90m# org.apache.fineract.test.stepdef.loan.LoanStepDef.loanStatus(java.lang.String)[39m
  [32m✔[39m [32m[1mAnd [22mLoan Repayment schedule has [1m3[22m periods, with the following data for periods:[39m                                                       [90m# org.apache.fineract.test.stepdef.loan.LoanStepDef.loanRepaymentSchedulePeriodsCheck(int,io.cucumber.datatable.DataTable)[39m
      | Nr | Days | Date             | Paid date        | Balance of loan | Principal due | Interest | Fees | Penalties | Due   | Paid  | In advance | Late | Outstanding |
      |    |      | 01 January 2024  |                  | 100.0           |               |          | 0.0  |           | 0.0   | 0.0   |            |      |             |
      |    |      | 01 January 2024  |                  | 50.0            |               |          | 0.0  |           | 0.0   | 0.0   |            |      |             |
      | 1  | 31   | 01 February 2024 | 01 February 2024 | 100.29          | 49.71         | 0.87     | 0.0  | 0.0       | 50.58 | 50.58 | 0.0        | 0.0  | 0.0         |
      | 2  | 29   | 01 March 2024    |                  | 50.3            | 49.99         | 0.59     | 0.0  | 0.0       | 50.58 | 0.0   | 0.0        | 0.0  | 50.58       |
      | 3  | 31   | 01 April 2024    |                  | 0.0             | 50.3          | 0.29     | 0.0  | 0.0       | 50.59 | 0.0   | 0.0        | 0.0  | 50.59       |
  [32m✔[39m [32m[1mAnd [22mLoan Repayment schedule has the following data in Total row:[39m                                                                      [90m# org.apache.fineract.test.stepdef.loan.LoanStepDef.loanRepaymentScheduleAmountCheck(io.cucumber.datatable.DataTable)[39m
      | Principal due | Interest | Fees | Penalties | Due    | Paid  | In advance | Late | Outstanding |
      | 150.0         | 1.75     | 0.0  | 0.0       | 151.75 | 50.58 | 0.0        | 0.0  | 101.17      |
  [32m✔[39m [32m[1mAnd [22mLoan Transactions tab has the following data:[39m                                                                                     [90m# org.apache.fineract.test.stepdef.loan.LoanStepDef.loanTransactionsTabCheck(io.cucumber.datatable.DataTable)[39m
      | Transaction date | Transaction Type                | Amount | Principal | Interest | Fees | Penalties | Loan Balance | Reverted | Replayed |
      | 01 January 2024  | Disbursement                    | 100.0  | 0.0       | 0.0      | 0.0  | 0.0       | 100.0        | false    | false    |
      | 01 January 2024  | Capitalized Income              | 50.0   | 50.0      | 0.0      | 0.0  | 0.0       | 150.0        | false    | false    |
      | 01 January 2024  | Capitalized Income Amortization | 0.55   | 0.0       | 0.55     | 0.0  | 0.0       | 0.0          | false    | false    |
      | 02 January 2024  | Accrual                         | 0.03   | 0.0       | 0.03     | 0.0  | 0.0       | 0.0          | false    | false    |
      | 02 January 2024  | Capitalized Income Amortization | 0.55   | 0.0       | 0.55     | 0.0  | 0.0       | 0.0          | false    | false    |
      | 03 January 2024  | Accrual                         | 0.03   | 0.0       | 0.03     | 0.0  | 0.0       | 0.0          | false    | false    |
      | 03 January 2024  | Capitalized Income Amortization | 0.55   | 0.0       | 0.55     | 0.0  | 0.0       | 0.0          | false    | false    |
      | 04 January 2024  | Accrual                         | 0.02   | 0.0       | 0.02     | 0.0  | 0.0       | 0.0          | false    | false    |
      | 04 January 2024  | Capitalized Income Amortization | 0.55   | 0.0       | 0.55     | 0.0  | 0.0       | 0.0          | false    | false    |
      | 05 January 2024  | Accrual                         | 0.03   | 0.0       | 0.03     | 0.0  | 0.0       | 0.0          | false    | false    |
      | 05 January 2024  | Capitalized Income Amortization | 0.55   | 0.0       | 0.55     | 0.0  | 0.0       | 0.0          | false    | false    |
      | 06 January 2024  | Accrual                         | 0.03   | 0.0       | 0.03     | 0.0  | 0.0       | 0.0          | false    | false    |
      | 06 January 2024  | Capitalized Income Amortization | 0.55   | 0.0       | 0.55     | 0.0  | 0.0       | 0.0          | false    | false    |
      | 07 January 2024  | Accrual                         | 0.03   | 0.0       | 0.03     | 0.0  | 0.0       | 0.0          | false    | false    |
      | 07 January 2024  | Capitalized Income Amortization | 0.55   | 0.0       | 0.55     | 0.0  | 0.0       | 0.0          | false    | false    |
      | 08 January 2024  | Accrual                         | 0.03   | 0.0       | 0.03     | 0.0  | 0.0       | 0.0          | false    | false    |
      | 08 January 2024  | Capitalized Income Amortization | 0.55   | 0.0       | 0.55     | 0.0  | 0.0       | 0.0          | false    | false    |
      | 09 January 2024  | Accrual                         | 0.03   | 0.0       | 0.03     | 0.0  | 0.0       | 0.0          | false    | false    |
      | 09 January 2024  | Capitalized Income Amortization | 0.55   | 0.0       | 0.55     | 0.0  | 0.0       | 0.0          | false    | false    |
      | 10 January 2024  | Accrual                         | 0.02   | 0.0       | 0.02     | 0.0  | 0.0       | 0.0          | false    | false    |
      | 10 January 2024  | Capitalized Income Amortization | 0.54   | 0.0       | 0.54     | 0.0  | 0.0       | 0.0          | false    | false    |
      | 11 January 2024  | Accrual                         | 0.03   | 0.0       | 0.03     | 0.0  | 0.0       | 0.0          | false    | false    |
      | 11 January 2024  | Capitalized Income Amortization | 0.55   | 0.0       | 0.55     | 0.0  | 0.0       | 0.0          | false    | false    |
      | 12 January 2024  | Accrual                         | 0.03   | 0.0       | 0.03     | 0.0  | 0.0       | 0.0          | false    | false    |
      | 12 January 2024  | Capitalized Income Amortization | 0.55   | 0.0       | 0.55     | 0.0  | 0.0       | 0.0          | false    | false    |
      | 13 January 2024  | Accrual                         | 0.03   | 0.0       | 0.03     | 0.0  | 0.0       | 0.0          | false    | false    |
      | 13 January 2024  | Capitalized Income Amortization | 0.55   | 0.0       | 0.55     | 0.0  | 0.0       | 0.0          | false    | false    |
      | 14 January 2024  | Accrual                         | 0.03   | 0.0       | 0.03     | 0.0  | 0.0       | 0.0          | false    | false    |
      | 14 January 2024  | Capitalized Income Amortization | 0.55   | 0.0       | 0.55     | 0.0  | 0.0       | 0.0          | false    | false    |
      | 15 January 2024  | Accrual                         | 0.03   | 0.0       | 0.03     | 0.0  | 0.0       | 0.0          | false    | false    |
      | 15 January 2024  | Capitalized Income Amortization | 0.55   | 0.0       | 0.55     | 0.0  | 0.0       | 0.0          | false    | false    |
      | 16 January 2024  | Accrual                         | 0.02   | 0.0       | 0.02     | 0.0  | 0.0       | 0.0          | false    | false    |
      | 16 January 2024  | Capitalized Income Amortization | 0.55   | 0.0       | 0.55     | 0.0  | 0.0       | 0.0          | false    | false    |
      | 17 January 2024  | Accrual                         | 0.03   | 0.0       | 0.03     | 0.0  | 0.0       | 0.0          | false    | false    |
      | 17 January 2024  | Capitalized Income Amortization | 0.55   | 0.0       | 0.55     | 0.0  | 0.0       | 0.0          | false    | false    |
      | 18 January 2024  | Accrual                         | 0.03   | 0.0       | 0.03     | 0.0  | 0.0       | 0.0          | false    | false    |
      | 18 January 2024  | Capitalized Income Amortization | 0.55   | 0.0       | 0.55     | 0.0  | 0.0       | 0.0          | false    | false    |
      | 19 January 2024  | Accrual                         | 0.03   | 0.0       | 0.03     | 0.0  | 0.0       | 0.0          | false    | false    |
      | 19 January 2024  | Capitalized Income Amortization | 0.55   | 0.0       | 0.55     | 0.0  | 0.0       | 0.0          | false    | false    |
      | 20 January 2024  | Accrual                         | 0.03   | 0.0       | 0.03     | 0.0  | 0.0       | 0.0          | false    | false    |
      | 20 January 2024  | Capitalized Income Amortization | 0.55   | 0.0       | 0.55     | 0.0  | 0.0       | 0.0          | false    | false    |
      | 21 January 2024  | Accrual                         | 0.02   | 0.0       | 0.02     | 0.0  | 0.0       | 0.0          | false    | false    |
      | 21 January 2024  | Capitalized Income Amortization | 0.55   | 0.0       | 0.55     | 0.0  | 0.0       | 0.0          | false    | false    |
      | 22 January 2024  | Accrual                         | 0.03   | 0.0       | 0.03     | 0.0  | 0.0       | 0.0          | false    | false    |
      | 22 January 2024  | Capitalized Income Amortization | 0.55   | 0.0       | 0.55     | 0.0  | 0.0       | 0.0          | false    | false    |
      | 23 January 2024  | Accrual                         | 0.03   | 0.0       | 0.03     | 0.0  | 0.0       | 0.0          | false    | false    |
      | 23 January 2024  | Capitalized Income Amortization | 0.55   | 0.0       | 0.55     | 0.0  | 0.0       | 0.0          | false    | false    |
      | 24 January 2024  | Accrual                         | 0.03   | 0.0       | 0.03     | 0.0  | 0.0       | 0.0          | false    | false    |
      | 24 January 2024  | Capitalized Income Amortization | 0.55   | 0.0       | 0.55     | 0.0  | 0.0       | 0.0          | false    | false    |
      | 25 January 2024  | Accrual                         | 0.03   | 0.0       | 0.03     | 0.0  | 0.0       | 0.0          | false    | false    |
      | 25 January 2024  | Capitalized Income Amortization | 0.55   | 0.0       | 0.55     | 0.0  | 0.0       | 0.0          | false    | false    |
      | 26 January 2024  | Accrual                         | 0.03   | 0.0       | 0.03     | 0.0  | 0.0       | 0.0          | false    | false    |
      | 26 January 2024  | Capitalized Income Amortization | 0.55   | 0.0       | 0.55     | 0.0  | 0.0       | 0.0          | false    | false    |
      | 27 January 2024  | Accrual                         | 0.02   | 0.0       | 0.02     | 0.0  | 0.0       | 0.0          | false    | false    |
      | 27 January 2024  | Capitalized Income Amortization | 0.55   | 0.0       | 0.55     | 0.0  | 0.0       | 0.0          | false    | false    |
      | 28 January 2024  | Accrual                         | 0.03   | 0.0       | 0.03     | 0.0  | 0.0       | 0.0          | false    | false    |
      | 28 January 2024  | Capitalized Income Amortization | 0.54   | 0.0       | 0.54     | 0.0  | 0.0       | 0.0          | false    | false    |
      | 29 January 2024  | Accrual                         | 0.03   | 0.0       | 0.03     | 0.0  | 0.0       | 0.0          | false    | false    |
      | 29 January 2024  | Capitalized Income Amortization | 0.55   | 0.0       | 0.55     | 0.0  | 0.0       | 0.0          | false    | false    |
      | 30 January 2024  | Accrual                         | 0.03   | 0.0       | 0.03     | 0.0  | 0.0       | 0.0          | false    | false    |
      | 30 January 2024  | Capitalized Income Amortization | 0.55   | 0.0       | 0.55     | 0.0  | 0.0       | 0.0          | false    | false    |
      | 31 January 2024  | Accrual                         | 0.03   | 0.0       | 0.03     | 0.0  | 0.0       | 0.0          | false    | false    |
      | 31 January 2024  | Capitalized Income Amortization | 0.55   | 0.0       | 0.55     | 0.0  | 0.0       | 0.0          | false    | false    |
      | 01 February 2024 | Repayment                       | 50.58  | 49.71     | 0.87     | 0.0  | 0.0       | 100.29       | false    | false    |
      | 01 February 2024 | Accrual                         | 0.02   | 0.0       | 0.02     | 0.0  | 0.0       | 0.0          | false    | false    |
      | 01 February 2024 | Capitalized Income Amortization | 0.55   | 0.0       | 0.55     | 0.0  | 0.0       | 0.0          | false    | false    |
      | 02 February 2024 | Accrual                         | 0.02   | 0.0       | 0.02     | 0.0  | 0.0       | 0.0          | false    | false    |
      | 02 February 2024 | Capitalized Income Amortization | 0.55   | 0.0       | 0.55     | 0.0  | 0.0       | 0.0          | false    | false    |
      | 03 February 2024 | Accrual                         | 0.02   | 0.0       | 0.02     | 0.0  | 0.0       | 0.0          | false    | false    |
      | 03 February 2024 | Capitalized Income Amortization | 0.55   | 0.0       | 0.55     | 0.0  | 0.0       | 0.0          | false    | false    |
      | 04 February 2024 | Accrual                         | 0.02   | 0.0       | 0.02     | 0.0  | 0.0       | 0.0          | false    | false    |
      | 04 February 2024 | Capitalized Income Amortization | 0.55   | 0.0       | 0.55     | 0.0  | 0.0       | 0.0          | false    | false    |
      | 05 February 2024 | Accrual                         | 0.02   | 0.0       | 0.02     | 0.0  | 0.0       | 0.0          | false    | false    |
      | 05 February 2024 | Capitalized Income Amortization | 0.55   | 0.0       | 0.55     | 0.0  | 0.0       | 0.0          | false    | false    |
      | 06 February 2024 | Accrual                         | 0.02   | 0.0       | 0.02     | 0.0  | 0.0       | 0.0          | false    | false    |
      | 06 February 2024 | Capitalized Income Amortization | 0.55   | 0.0       | 0.55     | 0.0  | 0.0       | 0.0          | false    | false    |
      | 07 February 2024 | Accrual                         | 0.02   | 0.0       | 0.02     | 0.0  | 0.0       | 0.0          | false    | false    |
      | 07 February 2024 | Capitalized Income Amortization | 0.55   | 0.0       | 0.55     | 0.0  | 0.0       | 0.0          | false    | false    |
      | 08 February 2024 | Accrual                         | 0.02   | 0.0       | 0.02     | 0.0  | 0.0       | 0.0          | false    | false    |
      | 08 February 2024 | Capitalized Income Amortization | 0.55   | 0.0       | 0.55     | 0.0  | 0.0       | 0.0          | false    | false    |
      | 09 February 2024 | Accrual                         | 0.02   | 0.0       | 0.02     | 0.0  | 0.0       | 0.0          | false    | false    |
      | 09 February 2024 | Capitalized Income Amortization | 0.55   | 0.0       | 0.55     | 0.0  | 0.0       | 0.0          | false    | false    |
      | 10 February 2024 | Accrual                         | 0.02   | 0.0       | 0.02     | 0.0  | 0.0       | 0.0          | false    | false    |
      | 10 February 2024 | Capitalized Income Amortization | 0.55   | 0.0       | 0.55     | 0.0  | 0.0       | 0.0          | false    | false    |
      | 11 February 2024 | Accrual                         | 0.02   | 0.0       | 0.02     | 0.0  | 0.0       | 0.0          | false    | false    |
      | 11 February 2024 | Capitalized Income Amortization | 0.55   | 0.0       | 0.55     | 0.0  | 0.0       | 0.0          | false    | false    |
      | 12 February 2024 | Accrual                         | 0.02   | 0.0       | 0.02     | 0.0  | 0.0       | 0.0          | false    | false    |
      | 12 February 2024 | Capitalized Income Amortization | 0.55   | 0.0       | 0.55     | 0.0  | 0.0       | 0.0          | false    | false    |
      | 13 February 2024 | Accrual                         | 0.02   | 0.0       | 0.02     | 0.0  | 0.0       | 0.0          | false    | false    |
      | 13 February 2024 | Capitalized Income Amortization | 0.55   | 0.0       | 0.55     | 0.0  | 0.0       | 0.0          | false    | false    |
      | 14 February 2024 | Accrual                         | 0.02   | 0.0       | 0.02     | 0.0  | 0.0       | 0.0          | false    | false    |
      | 14 February 2024 | Capitalized Income Amortization | 0.55   | 0.0       | 0.55     | 0.0  | 0.0       | 0.0          | false    | false    |
      | 15 February 2024 | Accrual                         | 0.02   | 0.0       | 0.02     | 0.0  | 0.0       | 0.0          | false    | false    |
      | 15 February 2024 | Capitalized Income Amortization | 0.54   | 0.0       | 0.54     | 0.0  | 0.0       | 0.0          | false    | false    |
      | 16 February 2024 | Accrual                         | 0.02   | 0.0       | 0.02     | 0.0  | 0.0       | 0.0          | false    | false    |
      | 16 February 2024 | Capitalized Income Amortization | 0.55   | 0.0       | 0.55     | 0.0  | 0.0       | 0.0          | false    | false    |
      | 17 February 2024 | Accrual                         | 0.02   | 0.0       | 0.02     | 0.0  | 0.0       | 0.0          | false    | false    |
      | 17 February 2024 | Capitalized Income Amortization | 0.55   | 0.0       | 0.55     | 0.0  | 0.0       | 0.0          | false    | false    |
      | 18 February 2024 | Accrual                         | 0.02   | 0.0       | 0.02     | 0.0  | 0.0       | 0.0          | false    | false    |
      | 18 February 2024 | Capitalized Income Amortization | 0.55   | 0.0       | 0.55     | 0.0  | 0.0       | 0.0          | false    | false    |
      | 19 February 2024 | Accrual                         | 0.02   | 0.0       | 0.02     | 0.0  | 0.0       | 0.0          | false    | false    |
      | 19 February 2024 | Capitalized Income Amortization | 0.55   | 0.0       | 0.55     | 0.0  | 0.0       | 0.0          | false    | false    |
      | 20 February 2024 | Accrual                         | 0.02   | 0.0       | 0.02     | 0.0  | 0.0       | 0.0          | false    | false    |
      | 20 February 2024 | Capitalized Income Amortization | 0.55   | 0.0       | 0.55     | 0.0  | 0.0       | 0.0          | false    | false    |
      | 21 February 2024 | Accrual                         | 0.02   | 0.0       | 0.02     | 0.0  | 0.0       | 0.0          | false    | false    |
      | 21 February 2024 | Capitalized Income Amortization | 0.55   | 0.0       | 0.55     | 0.0  | 0.0       | 0.0          | false    | false    |
      | 22 February 2024 | Accrual                         | 0.02   | 0.0       | 0.02     | 0.0  | 0.0       | 0.0          | false    | false    |
      | 22 February 2024 | Capitalized Income Amortization | 0.55   | 0.0       | 0.55     | 0.0  | 0.0       | 0.0          | false    | false    |
      | 23 February 2024 | Accrual                         | 0.02   | 0.0       | 0.02     | 0.0  | 0.0       | 0.0          | false    | false    |
      | 23 February 2024 | Capitalized Income Amortization | 0.55   | 0.0       | 0.55     | 0.0  | 0.0       | 0.0          | false    | false    |
      | 24 February 2024 | Accrual                         | 0.02   | 0.0       | 0.02     | 0.0  | 0.0       | 0.0          | false    | false    |
      | 24 February 2024 | Capitalized Income Amortization | 0.55   | 0.0       | 0.55     | 0.0  | 0.0       | 0.0          | false    | false    |
      | 25 February 2024 | Accrual                         | 0.02   | 0.0       | 0.02     | 0.0  | 0.0       | 0.0          | false    | false    |
      | 25 February 2024 | Capitalized Income Amortization | 0.55   | 0.0       | 0.55     | 0.0  | 0.0       | 0.0          | false    | false    |
      | 26 February 2024 | Accrual                         | 0.02   | 0.0       | 0.02     | 0.0  | 0.0       | 0.0          | false    | false    |
      | 26 February 2024 | Capitalized Income Amortization | 0.55   | 0.0       | 0.55     | 0.0  | 0.0       | 0.0          | false    | false    |
      | 27 February 2024 | Accrual                         | 0.02   | 0.0       | 0.02     | 0.0  | 0.0       | 0.0          | false    | false    |
      | 27 February 2024 | Capitalized Income Amortization | 0.55   | 0.0       | 0.55     | 0.0  | 0.0       | 0.0          | false    | false    |
      | 28 February 2024 | Accrual                         | 0.02   | 0.0       | 0.02     | 0.0  | 0.0       | 0.0          | false    | false    |
      | 28 February 2024 | Capitalized Income Amortization | 0.55   | 0.0       | 0.55     | 0.0  | 0.0       | 0.0          | false    | false    |
      | 29 February 2024 | Accrual                         | 0.02   | 0.0       | 0.02     | 0.0  | 0.0       | 0.0          | false    | false    |
      | 29 February 2024 | Capitalized Income Amortization | 0.55   | 0.0       | 0.55     | 0.0  | 0.0       | 0.0          | false    | false    |
      | 01 March 2024    | Capitalized Income Amortization | 0.55   | 0.0       | 0.55     | 0.0  | 0.0       | 0.0          | false    | false    |
      | 01 March 2024    | Accrual                         | 0.03   | 0.0       | 0.03     | 0.0  | 0.0       | 0.0          | false    | false    |
      | 01 March 2024    | Charge-off                      | 101.17 | 100.29    | 0.88     | 0.0  | 0.0       | 0.0          | false    | false    |
      | 01 March 2024    | Capitalized Income Amortization | 16.48  | 0.0       | 16.48    | 0.0  | 0.0       | 0.0          | false    | false    |
  [32m✔[39m [32m[1mWhen [22mLoan Pay-off is made on [1m"01 March 2024"[22m[39m                                                                                          [90m# org.apache.fineract.test.stepdef.loan.LoanRepaymentStepDef.makeLoanPayOff(java.lang.String)[39m
  [32m✔[39m [32m[1mThen [22mLoan is closed with zero outstanding balance and it's all installments have obligations met[39m                                      [90m# org.apache.fineract.test.stepdef.loan.LoanStepDef.loanClosedAndInstallmentsObligationsMet()[39m

@CapitalizedIncomeFeature @TestRailId:C3665
[1mScenario:[22m Verify Capitalized Income Adjustment with partial amortization and allocation strategy - Credit Adj < Bal - UC4                                                [90m# fineract-e2e-tests-runner/src/test/resources/features/LoanCapitalizedIncome-Part1.feature:2675[39m
  [32m✔[39m [32m[1mWhen [22mAdmin sets the business date to [1m"01 January 2024"[22m[39m                                                                                                               [90m# org.apache.fineract.test.stepdef.common.BusinessDateStepDef.setBusinessDate(java.lang.String)[39m
  [32m✔[39m [32m[1mAnd [22mAdmin creates a client with random data[39m                                                                                                                          [90m# org.apache.fineract.test.stepdef.common.ClientStepDef.createClientRandomFirstNameLastName()[39m
  [32m✔[39m [32m[1mWhen [22mAdmin creates a fully customized loan with the following data:[39m                                                                                                  [90m# org.apache.fineract.test.stepdef.loan.LoanStepDef.createFullyCustomizedLoan(io.cucumber.datatable.DataTable)[39m
      | LoanProduct                                                                                       | submitted on date | with Principal | ANNUAL interest rate % | interest type     | interest calculation period | amortization type  | loanTermFrequency | loanTermFrequencyType | repaymentEvery | repaymentFrequencyType | numberOfRepayments | graceOnPrincipalPayment | graceOnInterestPayment | interest free period | Payment strategy            |
      | LP2_ADV_PYMNT_INTEREST_DAILY_EMI_360_30_INTEREST_RECALC_DAILY_CAPITALIZED_INCOME_ADJ_CUSTOM_ALLOC | 01 January 2024   | 150            | 7                      | DECLINING_BALANCE | DAILY                       | EQUAL_INSTALLMENTS | 3                 | MONTHS                | 1              | MONTHS                 | 3                  | 0                       | 0                      | 0                    | ADVANCED_PAYMENT_ALLOCATION |
  [32m✔[39m [32m[1mAnd [22mAdmin successfully approves the loan on [1m"01 January 2024"[22m with [1m"150"[22m amount and expected disbursement date on [1m"01 January 2024"[22m[39m                                  [90m# org.apache.fineract.test.stepdef.loan.LoanStepDef.approveLoan(java.lang.String,java.lang.String,java.lang.String)[39m
  [32m✔[39m [32m[1mAnd [22mAdmin successfully disburse the loan on [1m"01 January 2024"[22m with [1m"100"[22m EUR transaction amount[39m                                                                      [90m# org.apache.fineract.test.stepdef.loan.LoanStepDef.disburseLoan(java.lang.String,java.lang.String)[39m
  [32m✔[39m [32m[1mAnd [22mAdmin adds capitalized income with [1m"AUTOPAY"[22m payment type to the loan on [1m"01 January 2024"[22m with [1m"50"[22m EUR transaction amount[39m                                      [90m# org.apache.fineract.test.stepdef.loan.LoanStepDef.adminAddsCapitalizedIncomeToTheLoanOnWithEURTransactionAmount(java.lang.String,java.lang.String,java.lang.String)[39m
  [32m✔[39m [32m[1mThen [22mLoan status will be [1m"ACTIVE"[22m[39m                                                                                                                                    [90m# org.apache.fineract.test.stepdef.loan.LoanStepDef.loanStatus(java.lang.String)[39m
  [32m✔[39m [32m[1mAnd [22mLoan Transactions tab has the following data:[39m                                                                                                                    [90m# org.apache.fineract.test.stepdef.loan.LoanStepDef.loanTransactionsTabCheck(io.cucumber.datatable.DataTable)[39m
      | Transaction date | Transaction Type   | Amount | Principal | Interest | Fees | Penalties | Loan Balance | Reverted |
      | 01 January 2024  | Disbursement       | 100.0  | 0.0       | 0.0      | 0.0  | 0.0       | 100.0        | false    |
      | 01 January 2024  | Capitalized Income | 50.0   | 50.0      | 0.0      | 0.0  | 0.0       | 150.0        | false    |
  [32m✔[39m [32m[1mThen [22mLoan Transactions tab has a [1m"DISBURSEMENT"[22m transaction with date [1m"01 January 2024"[22m which has the following Journal entries:[39m                                     [90m# org.apache.fineract.test.stepdef.common.JournalEntriesStepDef.journalEntryDataCheck(java.lang.String,java.lang.String,io.cucumber.datatable.DataTable)[39m
      | Type      | Account code | Account name              | Debit | Credit |
      | ASSET     | 112601       | Loans Receivable          | 100.0 |        |
      | LIABILITY | 145023       | Suspense/Clearing account |       | 100.0  |
  [32m✔[39m [32m[1mThen [22mLoan Transactions tab has a [1m"CAPITALIZED_INCOME"[22m transaction with date [1m"01 January 2024"[22m which has the following Journal entries:[39m                               [90m# org.apache.fineract.test.stepdef.common.JournalEntriesStepDef.journalEntryDataCheck(java.lang.String,java.lang.String,io.cucumber.datatable.DataTable)[39m
      | Type      | Account code | Account name                | Debit | Credit |
      | ASSET     | 112601       | Loans Receivable            | 50.0  |        |
      | LIABILITY | 145024       | Deferred Capitalized Income |       | 50.0   |
  [32m✔[39m [32m[1mWhen [22mAdmin sets the business date to [1m"01 February 2024"[22m[39m                                                                                                              [90m# org.apache.fineract.test.stepdef.common.BusinessDateStepDef.setBusinessDate(java.lang.String)[39m
  [32m✔[39m [32m[1mWhen [22mCustomer makes [1m"REPAYMENT"[22m transaction with [1m"AUTOPAY"[22m payment type on [1m"01 February 2024"[22m with [1m50.58[22m EUR transaction amount and system-generated Idempotency key[39m [90m# org.apache.fineract.test.stepdef.loan.LoanStepDef.createTransactionWithAutoIdempotencyKey(java.lang.String,java.lang.String,java.lang.String,double)[39m
  [32m✔[39m [32m[1mThen [22mLoan Transactions tab has the following data:[39m                                                                                                                   [90m# org.apache.fineract.test.stepdef.loan.LoanStepDef.loanTransactionsTabCheck(io.cucumber.datatable.DataTable)[39m
      | Transaction date | Transaction Type   | Amount | Principal | Interest | Fees | Penalties | Loan Balance | Reverted |
      | 01 January 2024  | Disbursement       | 100.0  | 0.0       | 0.0      | 0.0  | 0.0       | 100.0        | false    |
      | 01 January 2024  | Capitalized Income | 50.0   | 50.0      | 0.0      | 0.0  | 0.0       | 150.0        | false    |
      | 01 February 2024 | Repayment          | 50.58  | 49.71     | 0.87     | 0.0  | 0.0       | 100.29       | false    |
  [32m✔[39m [32m[1mThen [22mLoan Transactions tab has a [1m"REPAYMENT"[22m transaction with date [1m"01 February 2024"[22m which has the following Journal entries:[39m                                       [90m# org.apache.fineract.test.stepdef.common.JournalEntriesStepDef.journalEntryDataCheck(java.lang.String,java.lang.String,io.cucumber.datatable.DataTable)[39m
      | Type      | Account code | Account name              | Debit | Credit |
      | ASSET     | 112601       | Loans Receivable          |       | 49.71  |
      | ASSET     | 112603       | Interest/Fee Receivable   |       | 0.87   |
      | LIABILITY | 145023       | Suspense/Clearing account | 50.58 |        |
  [32m✔[39m [32m[1mWhen [22mAdmin sets the business date to [1m"02 February 2024"[22m[39m                                                                                                              [90m# org.apache.fineract.test.stepdef.common.BusinessDateStepDef.setBusinessDate(java.lang.String)[39m
  [32m✔[39m [32m[1mAnd [22mAdmin runs inline COB job for Loan[39m                                                                                                                               [90m# org.apache.fineract.test.stepdef.loan.InlineCOBStepDef.runInlineCOB()[39m
  [32m✔[39m [32m[1mThen [22mLoan Transactions tab has the following data:[39m                                                                                                                   [90m# org.apache.fineract.test.stepdef.loan.LoanStepDef.loanTransactionsTabCheck(io.cucumber.datatable.DataTable)[39m
      | Transaction date | Transaction Type                | Amount | Principal | Interest | Fees | Penalties | Loan Balance | Reverted |
      | 01 January 2024  | Disbursement                    | 100.0  | 0.0       | 0.0      | 0.0  | 0.0       | 100.0        | false    |
      | 01 January 2024  | Capitalized Income              | 50.0   | 50.0      | 0.0      | 0.0  | 0.0       | 150.0        | false    |
      | 01 February 2024 | Accrual                         | 0.87   | 0.0       | 0.87     | 0.0  | 0.0       | 0.0          | false    |
      | 01 February 2024 | Capitalized Income Amortization | 17.58  | 0.0       | 17.58    | 0.0  | 0.0       | 0.0          | false    |
      | 01 February 2024 | Repayment                       | 50.58  | 49.71     | 0.87     | 0.0  | 0.0       | 100.29       | false    |
  [32m✔[39m [32m[1mThen [22mLoan Transactions tab has a [1m"ACCRUAL"[22m transaction with date [1m"01 February 2024"[22m which has the following Journal entries:[39m                                         [90m# org.apache.fineract.test.stepdef.common.JournalEntriesStepDef.journalEntryDataCheck(java.lang.String,java.lang.String,io.cucumber.datatable.DataTable)[39m
      | Type   | Account code | Account name            | Debit | Credit |
      | ASSET  | 112603       | Interest/Fee Receivable | 0.87  |        |
      | INCOME | 404000       | Interest Income         |       | 0.87   |
  [32m✔[39m [32m[1mThen [22mLoan Transactions tab has a [1m"CAPITALIZED_INCOME_AMORTIZATION"[22m transaction with date [1m"01 February 2024"[22m which has the following Journal entries:[39m                 [90m# org.apache.fineract.test.stepdef.common.JournalEntriesStepDef.journalEntryDataCheck(java.lang.String,java.lang.String,io.cucumber.datatable.DataTable)[39m
      | Type      | Account code | Account name                | Debit | Credit |
      | INCOME    | 404000       | Interest Income             |       | 17.58  |
      | LIABILITY | 145024       | Deferred Capitalized Income | 17.58 |        |
  [32m✔[39m [32m[1mWhen [22mAdmin sets the business date to [1m"01 March 2024"[22m[39m                                                                                                                 [90m# org.apache.fineract.test.stepdef.common.BusinessDateStepDef.setBusinessDate(java.lang.String)[39m
  [32m✔[39m [32m[1mAnd [22mCustomer makes [1m"REPAYMENT"[22m transaction with [1m"AUTOPAY"[22m payment type on [1m"01 March 2024"[22m with [1m50.58[22m EUR transaction amount and system-generated Idempotency key[39m     [90m# org.apache.fineract.test.stepdef.loan.LoanStepDef.createTransactionWithAutoIdempotencyKey(java.lang.String,java.lang.String,java.lang.String,double)[39m
  [32m✔[39m [32m[1mThen [22mLoan Transactions tab has the following data:[39m                                                                                                                   [90m# org.apache.fineract.test.stepdef.loan.LoanStepDef.loanTransactionsTabCheck(io.cucumber.datatable.DataTable)[39m
      | Transaction date | Transaction Type                | Amount | Principal | Interest | Fees | Penalties | Loan Balance | Reverted |
      | 01 January 2024  | Disbursement                    | 100.0  | 0.0       | 0.0      | 0.0  | 0.0       | 100.0        | false    |
      | 01 January 2024  | Capitalized Income              | 50.0   | 50.0      | 0.0      | 0.0  | 0.0       | 150.0        | false    |
      | 01 February 2024 | Accrual                         | 0.87   | 0.0       | 0.87     | 0.0  | 0.0       | 0.0          | false    |
      | 01 February 2024 | Capitalized Income Amortization | 17.58  | 0.0       | 17.58    | 0.0  | 0.0       | 0.0          | false    |
      | 01 February 2024 | Repayment                       | 50.58  | 49.71     | 0.87     | 0.0  | 0.0       | 100.29       | false    |
      | 01 March 2024    | Repayment                       | 50.58  | 49.99     | 0.59     | 0.0  | 0.0       | 50.3         | false    |
  [32m✔[39m [32m[1mThen [22mLoan Transactions tab has a [1m"REPAYMENT"[22m transaction with date [1m"01 March 2024"[22m which has the following Journal entries:[39m                                          [90m# org.apache.fineract.test.stepdef.common.JournalEntriesStepDef.journalEntryDataCheck(java.lang.String,java.lang.String,io.cucumber.datatable.DataTable)[39m
      | Type      | Account code | Account name              | Debit | Credit |
      | ASSET     | 112601       | Loans Receivable          |       | 49.99  |
      | ASSET     | 112603       | Interest/Fee Receivable   |       | 0.59   |
      | LIABILITY | 145023       | Suspense/Clearing account | 50.58 |        |
  [32m✔[39m [32m[1mAnd [22mAdmin adds capitalized income adjustment with [1m"AUTOPAY"[22m payment type to the loan on [1m"01 March 2024"[22m with [1m"10"[22m EUR transaction amount[39m                             [90m# org.apache.fineract.test.stepdef.loan.LoanStepDef.adminAddsCapitalizedIncomeAdjustmentToTheLoan(java.lang.String,java.lang.String,java.lang.String)[39m
  [32m✔[39m [32m[1mThen [22mLoan Transactions tab has a [1m"CAPITALIZED_INCOME_ADJUSTMENT"[22m transaction with date [1m"01 March 2024"[22m which has the following Journal entries:[39m                      [90m# org.apache.fineract.test.stepdef.common.JournalEntriesStepDef.journalEntryDataCheck(java.lang.String,java.lang.String,io.cucumber.datatable.DataTable)[39m
      | Type      | Account code | Account name                | Debit | Credit |
      | ASSET     | 112601       | Loans Receivable            |       | 10.0   |
      | LIABILITY | 145024       | Deferred Capitalized Income | 10.0  |        |
  [32m✔[39m [32m[1mThen [22mLoan Transactions tab has the following data:[39m                                                                                                                   [90m# org.apache.fineract.test.stepdef.loan.LoanStepDef.loanTransactionsTabCheck(io.cucumber.datatable.DataTable)[39m
      | Transaction date | Transaction Type                | Amount | Principal | Interest | Fees | Penalties | Loan Balance | Reverted |
      | 01 January 2024  | Disbursement                    | 100.0  | 0.0       | 0.0      | 0.0  | 0.0       | 100.0        | false    |
      | 01 January 2024  | Capitalized Income              | 50.0   | 50.0      | 0.0      | 0.0  | 0.0       | 150.0        | false    |
      | 01 February 2024 | Accrual                         | 0.87   | 0.0       | 0.87     | 0.0  | 0.0       | 0.0          | false    |
      | 01 February 2024 | Capitalized Income Amortization | 17.58  | 0.0       | 17.58    | 0.0  | 0.0       | 0.0          | false    |
      | 01 February 2024 | Repayment                       | 50.58  | 49.71     | 0.87     | 0.0  | 0.0       | 100.29       | false    |
      | 01 March 2024    | Repayment                       | 50.58  | 49.99     | 0.59     | 0.0  | 0.0       | 50.3         | false    |
      | 01 March 2024    | Capitalized Income Adjustment   | 10.0   | 10.0      | 0.0      | 0.0  | 0.0       | 40.3         | false    |
  [32m✔[39m [32m[1mWhen [22mAdmin sets the business date to [1m"01 April 2024"[22m[39m                                                                                                                 [90m# org.apache.fineract.test.stepdef.common.BusinessDateStepDef.setBusinessDate(java.lang.String)[39m
  [32m✔[39m [32m[1mAnd [22mCustomer makes [1m"REPAYMENT"[22m transaction with [1m"AUTOPAY"[22m payment type on [1m"01 April 2024"[22m with [1m40.54[22m EUR transaction amount and system-generated Idempotency key[39m     [90m# org.apache.fineract.test.stepdef.loan.LoanStepDef.createTransactionWithAutoIdempotencyKey(java.lang.String,java.lang.String,java.lang.String,double)[39m
  [32m✔[39m [32m[1mThen [22mLoan is closed with zero outstanding balance and it's all installments have obligations met[39m                                                                     [90m# org.apache.fineract.test.stepdef.loan.LoanStepDef.loanClosedAndInstallmentsObligationsMet()[39m
  [32m✔[39m [32m[1mThen [22mLoan Transactions tab has the following data:[39m                                                                                                                   [90m# org.apache.fineract.test.stepdef.loan.LoanStepDef.loanTransactionsTabCheck(io.cucumber.datatable.DataTable)[39m
      | Transaction date | Transaction Type                | Amount | Principal | Interest | Fees | Penalties | Loan Balance | Reverted |
      | 01 January 2024  | Disbursement                    | 100.0  | 0.0       | 0.0      | 0.0  | 0.0       | 100.0        | false    |
      | 01 January 2024  | Capitalized Income              | 50.0   | 50.0      | 0.0      | 0.0  | 0.0       | 150.0        | false    |
      | 01 February 2024 | Repayment                       | 50.58  | 49.71     | 0.87     | 0.0  | 0.0       | 100.29       | false    |
      | 01 February 2024 | Accrual                         | 0.87   | 0.0       | 0.87     | 0.0  | 0.0       | 0.0          | false    |
      | 01 February 2024 | Capitalized Income Amortization | 17.58  | 0.0       | 17.58    | 0.0  | 0.0       | 0.0          | false    |
      | 01 February 2024 | Repayment                       | 50.58  | 49.71     | 0.87     | 0.0  | 0.0       | 100.29       | false    |
      | 01 March 2024    | Capitalized Income Adjustment   | 10.0   | 10.0      | 0.0      | 0.0  | 0.0       | 40.3         | false    |
      | 01 April 2024    | Repayment                       | 40.54  | 40.3      | 0.24     | 0.0  | 0.0       | 0.0          | false    |
      | 01 April 2024    | Accrual                         | 0.83   | 0.0       | 0.83     | 0.0  | 0.0       | 0.0          | false    |
      | 01 April 2024    | Capitalized Income Amortization | 22.42  | 0.0       | 22.42    | 0.0  | 0.0       | 0.0          | false    |
  [32m✔[39m [32m[1mAnd [22mDeferred Capitalized Income by external-id contains the following data:[39m                                                                                          [90m# org.apache.fineract.test.stepdef.loan.LoanCapitalizedIncomeStepDef.verifyDeferredCapitalizedIncomeByExternalId(io.cucumber.datatable.DataTable)[39m
      | Amount | Amortized Amount | Unrecognized Amount | Adjusted Amount | Charged Off Amount |
      | 50.0   | 40.0             | 0.0                 | 10.0            | 0.0                |
  [32m✔[39m [32m[1mThen [22mLoan Transactions tab has a [1m"REPAYMENT"[22m transaction with date [1m"01 April 2024"[22m which has the following Journal entries:[39m                                          [90m# org.apache.fineract.test.stepdef.common.JournalEntriesStepDef.journalEntryDataCheck(java.lang.String,java.lang.String,io.cucumber.datatable.DataTable)[39m
      | Type      | Account code | Account name              | Debit | Credit |
      | ASSET     | 112601       | Loans Receivable          |       | 40.3   |
      | ASSET     | 112603       | Interest/Fee Receivable   |       | 0.24   |
      | LIABILITY | 145023       | Suspense/Clearing account | 40.54 |        |
  [32m✔[39m [32m[1mThen [22mLoan Transactions tab has a [1m"ACCRUAL"[22m transaction with date [1m"01 April 2024"[22m which has the following Journal entries:[39m                                            [90m# org.apache.fineract.test.stepdef.common.JournalEntriesStepDef.journalEntryDataCheck(java.lang.String,java.lang.String,io.cucumber.datatable.DataTable)[39m
      | Type   | Account code | Account name            | Debit | Credit |
      | ASSET  | 112603       | Interest/Fee Receivable | 0.83  |        |
      | INCOME | 404000       | Interest Income         |       | 0.83   |
  [32m✔[39m [32m[1mThen [22mLoan Transactions tab has a [1m"CAPITALIZED_INCOME_AMORTIZATION"[22m transaction with date [1m"01 April 2024"[22m which has the following Journal entries:[39m                    [90m# org.apache.fineract.test.stepdef.common.JournalEntriesStepDef.journalEntryDataCheck(java.lang.String,java.lang.String,io.cucumber.datatable.DataTable)[39m
      | Type      | Account code | Account name                | Debit | Credit |
      | INCOME    | 404000       | Interest Income             |       | 22.42  |
      | LIABILITY | 145024       | Deferred Capitalized Income | 22.42 |        |
  [32m✔[39m [32m[1mThen [22mLoan Transactions tab has a [1m"CAPITALIZED_INCOME_ADJUSTMENT"[22m transaction with date [1m"01 March 2024"[22m which has the following Journal entries:[39m                      [90m# org.apache.fineract.test.stepdef.common.JournalEntriesStepDef.journalEntryDataCheck(java.lang.String,java.lang.String,io.cucumber.datatable.DataTable)[39m
      | Type      | Account code | Account name                | Debit | Credit |
      | ASSET     | 112601       | Loans Receivable            |       | 10.0   |
      | LIABILITY | 145024       | Deferred Capitalized Income | 10.0  |        |

@CapitalizedIncomeFeature @TestRailId:C3707
[1mScenario:[22m Verify Capitalized Income Adjustment with partial amortization and allocation strategy - Credit Adj > Bal - UC5                                                [90m# fineract-e2e-tests-runner/src/test/resources/features/LoanCapitalizedIncome-Part1.feature:2802[39m
  [32m✔[39m [32m[1mWhen [22mAdmin sets the business date to [1m"01 January 2024"[22m[39m                                                                                                               [90m# org.apache.fineract.test.stepdef.common.BusinessDateStepDef.setBusinessDate(java.lang.String)[39m
  [32m✔[39m [32m[1mAnd [22mAdmin creates a client with random data[39m                                                                                                                          [90m# org.apache.fineract.test.stepdef.common.ClientStepDef.createClientRandomFirstNameLastName()[39m
  [32m✔[39m [32m[1mWhen [22mAdmin creates a fully customized loan with the following data:[39m                                                                                                  [90m# org.apache.fineract.test.stepdef.loan.LoanStepDef.createFullyCustomizedLoan(io.cucumber.datatable.DataTable)[39m
      | LoanProduct                                                                                       | submitted on date | with Principal | ANNUAL interest rate % | interest type     | interest calculation period | amortization type  | loanTermFrequency | loanTermFrequencyType | repaymentEvery | repaymentFrequencyType | numberOfRepayments | graceOnPrincipalPayment | graceOnInterestPayment | interest free period | Payment strategy            |
      | LP2_ADV_PYMNT_INTEREST_DAILY_EMI_360_30_INTEREST_RECALC_DAILY_CAPITALIZED_INCOME_ADJ_CUSTOM_ALLOC | 01 January 2024   | 150            | 7                      | DECLINING_BALANCE | DAILY                       | EQUAL_INSTALLMENTS | 3                 | MONTHS                | 1              | MONTHS                 | 3                  | 0                       | 0                      | 0                    | ADVANCED_PAYMENT_ALLOCATION |
  [32m✔[39m [32m[1mAnd [22mAdmin successfully approves the loan on [1m"01 January 2024"[22m with [1m"150"[22m amount and expected disbursement date on [1m"01 January 2024"[22m[39m                                  [90m# org.apache.fineract.test.stepdef.loan.LoanStepDef.approveLoan(java.lang.String,java.lang.String,java.lang.String)[39m
  [32m✔[39m [32m[1mAnd [22mAdmin successfully disburse the loan on [1m"01 January 2024"[22m with [1m"100"[22m EUR transaction amount[39m                                                                      [90m# org.apache.fineract.test.stepdef.loan.LoanStepDef.disburseLoan(java.lang.String,java.lang.String)[39m
  [32m✔[39m [32m[1mAnd [22mAdmin adds capitalized income with [1m"AUTOPAY"[22m payment type to the loan on [1m"01 January 2024"[22m with [1m"50"[22m EUR transaction amount[39m                                      [90m# org.apache.fineract.test.stepdef.loan.LoanStepDef.adminAddsCapitalizedIncomeToTheLoanOnWithEURTransactionAmount(java.lang.String,java.lang.String,java.lang.String)[39m
  [32m✔[39m [32m[1mThen [22mLoan status will be [1m"ACTIVE"[22m[39m                                                                                                                                    [90m# org.apache.fineract.test.stepdef.loan.LoanStepDef.loanStatus(java.lang.String)[39m
  [32m✔[39m [32m[1mAnd [22mLoan Transactions tab has the following data:[39m                                                                                                                    [90m# org.apache.fineract.test.stepdef.loan.LoanStepDef.loanTransactionsTabCheck(io.cucumber.datatable.DataTable)[39m
      | Transaction date | Transaction Type   | Amount | Principal | Interest | Fees | Penalties | Loan Balance | Reverted |
      | 01 January 2024  | Disbursement       | 100.0  | 0.0       | 0.0      | 0.0  | 0.0       | 100.0        | false    |
      | 01 January 2024  | Capitalized Income | 50.0   | 50.0      | 0.0      | 0.0  | 0.0       | 150.0        | false    |
  [32m✔[39m [32m[1mThen [22mLoan Transactions tab has a [1m"DISBURSEMENT"[22m transaction with date [1m"01 January 2024"[22m which has the following Journal entries:[39m                                     [90m# org.apache.fineract.test.stepdef.common.JournalEntriesStepDef.journalEntryDataCheck(java.lang.String,java.lang.String,io.cucumber.datatable.DataTable)[39m
      | Type      | Account code | Account name              | Debit | Credit |
      | ASSET     | 112601       | Loans Receivable          | 100.0 |        |
      | LIABILITY | 145023       | Suspense/Clearing account |       | 100.0  |
  [32m✔[39m [32m[1mThen [22mLoan Transactions tab has a [1m"CAPITALIZED_INCOME"[22m transaction with date [1m"01 January 2024"[22m which has the following Journal entries:[39m                               [90m# org.apache.fineract.test.stepdef.common.JournalEntriesStepDef.journalEntryDataCheck(java.lang.String,java.lang.String,io.cucumber.datatable.DataTable)[39m
      | Type      | Account code | Account name                | Debit | Credit |
      | ASSET     | 112601       | Loans Receivable            | 50.0  |        |
      | LIABILITY | 145024       | Deferred Capitalized Income |       | 50.0   |
  [32m✔[39m [32m[1mWhen [22mAdmin sets the business date to [1m"01 February 2024"[22m[39m                                                                                                              [90m# org.apache.fineract.test.stepdef.common.BusinessDateStepDef.setBusinessDate(java.lang.String)[39m
  [32m✔[39m [32m[1mWhen [22mCustomer makes [1m"REPAYMENT"[22m transaction with [1m"AUTOPAY"[22m payment type on [1m"01 February 2024"[22m with [1m50.58[22m EUR transaction amount and system-generated Idempotency key[39m [90m# org.apache.fineract.test.stepdef.loan.LoanStepDef.createTransactionWithAutoIdempotencyKey(java.lang.String,java.lang.String,java.lang.String,double)[39m
  [32m✔[39m [32m[1mThen [22mLoan Transactions tab has the following data:[39m                                                                                                                   [90m# org.apache.fineract.test.stepdef.loan.LoanStepDef.loanTransactionsTabCheck(io.cucumber.datatable.DataTable)[39m
      | Transaction date | Transaction Type   | Amount | Principal | Interest | Fees | Penalties | Loan Balance | Reverted |
      | 01 January 2024  | Disbursement       | 100.0  | 0.0       | 0.0      | 0.0  | 0.0       | 100.0        | false    |
      | 01 January 2024  | Capitalized Income | 50.0   | 50.0      | 0.0      | 0.0  | 0.0       | 150.0        | false    |
      | 01 February 2024 | Repayment          | 50.58  | 49.71     | 0.87     | 0.0  | 0.0       | 100.29       | false    |
  [32m✔[39m [32m[1mThen [22mLoan Transactions tab has a [1m"REPAYMENT"[22m transaction with date [1m"01 February 2024"[22m which has the following Journal entries:[39m                                       [90m# org.apache.fineract.test.stepdef.common.JournalEntriesStepDef.journalEntryDataCheck(java.lang.String,java.lang.String,io.cucumber.datatable.DataTable)[39m
      | Type      | Account code | Account name              | Debit | Credit |
      | ASSET     | 112601       | Loans Receivable          |       | 49.71  |
      | ASSET     | 112603       | Interest/Fee Receivable   |       | 0.87   |
      | LIABILITY | 145023       | Suspense/Clearing account | 50.58 |        |
  [32m✔[39m [32m[1mWhen [22mAdmin sets the business date to [1m"02 February 2024"[22m[39m                                                                                                              [90m# org.apache.fineract.test.stepdef.common.BusinessDateStepDef.setBusinessDate(java.lang.String)[39m
  [32m✔[39m [32m[1mAnd [22mAdmin runs inline COB job for Loan[39m                                                                                                                               [90m# org.apache.fineract.test.stepdef.loan.InlineCOBStepDef.runInlineCOB()[39m
  [32m✔[39m [32m[1mThen [22mLoan Transactions tab has the following data:[39m                                                                                                                   [90m# org.apache.fineract.test.stepdef.loan.LoanStepDef.loanTransactionsTabCheck(io.cucumber.datatable.DataTable)[39m
      | Transaction date | Transaction Type                | Amount | Principal | Interest | Fees | Penalties | Loan Balance | Reverted |
      | 01 January 2024  | Disbursement                    | 100.0  | 0.0       | 0.0      | 0.0  | 0.0       | 100.0        | false    |
      | 01 January 2024  | Capitalized Income              | 50.0   | 50.0      | 0.0      | 0.0  | 0.0       | 150.0        | false    |
      | 01 February 2024 | Repayment                       | 50.58  | 49.71     | 0.87     | 0.0  | 0.0       | 100.29       | false    |
      | 01 February 2024 | Accrual                         | 0.87   | 0.0       | 0.87     | 0.0  | 0.0       | 0.0          | false    |
      | 01 February 2024 | Capitalized Income Amortization | 17.58  | 0.0       | 17.58    | 0.0  | 0.0       | 0.0          | false    |
  [32m✔[39m [32m[1mThen [22mLoan Transactions tab has a [1m"ACCRUAL"[22m transaction with date [1m"01 February 2024"[22m which has the following Journal entries:[39m                                         [90m# org.apache.fineract.test.stepdef.common.JournalEntriesStepDef.journalEntryDataCheck(java.lang.String,java.lang.String,io.cucumber.datatable.DataTable)[39m
      | Type   | Account code | Account name            | Debit | Credit |
      | ASSET  | 112603       | Interest/Fee Receivable | 0.87  |        |
      | INCOME | 404000       | Interest Income         |       | 0.87   |
  [32m✔[39m [32m[1mThen [22mLoan Transactions tab has a [1m"CAPITALIZED_INCOME_AMORTIZATION"[22m transaction with date [1m"01 February 2024"[22m which has the following Journal entries:[39m                 [90m# org.apache.fineract.test.stepdef.common.JournalEntriesStepDef.journalEntryDataCheck(java.lang.String,java.lang.String,io.cucumber.datatable.DataTable)[39m
      | Type      | Account code | Account name                | Debit | Credit |
      | INCOME    | 404000       | Interest Income             |       | 17.58  |
      | LIABILITY | 145024       | Deferred Capitalized Income | 17.58 |        |
  [32m✔[39m [32m[1mWhen [22mAdmin sets the business date to [1m"01 March 2024"[22m[39m                                                                                                                 [90m# org.apache.fineract.test.stepdef.common.BusinessDateStepDef.setBusinessDate(java.lang.String)[39m
  [32m✔[39m [32m[1mWhen [22mCustomer makes [1m"REPAYMENT"[22m transaction with [1m"AUTOPAY"[22m payment type on [1m"01 March 2024"[22m with [1m50.58[22m EUR transaction amount and system-generated Idempotency key[39m    [90m# org.apache.fineract.test.stepdef.loan.LoanStepDef.createTransactionWithAutoIdempotencyKey(java.lang.String,java.lang.String,java.lang.String,double)[39m
  [32m✔[39m [32m[1mThen [22mLoan Transactions tab has the following data:[39m                                                                                                                   [90m# org.apache.fineract.test.stepdef.loan.LoanStepDef.loanTransactionsTabCheck(io.cucumber.datatable.DataTable)[39m
      | Transaction date | Transaction Type                | Amount | Principal | Interest | Fees | Penalties | Loan Balance | Reverted |
      | 01 January 2024  | Disbursement                    | 100.0  | 0.0       | 0.0      | 0.0  | 0.0       | 100.0        | false    |
      | 01 January 2024  | Capitalized Income              | 50.0   | 50.0      | 0.0      | 0.0  | 0.0       | 150.0        | false    |
      | 01 February 2024 | Repayment                       | 50.58  | 49.71     | 0.87     | 0.0  | 0.0       | 100.29       | false    |
      | 01 February 2024 | Accrual                         | 0.87   | 0.0       | 0.87     | 0.0  | 0.0       | 0.0          | false    |
      | 01 February 2024 | Capitalized Income Amortization | 17.58  | 0.0       | 17.58    | 0.0  | 0.0       | 0.0          | false    |
      | 01 March 2024    | Repayment                       | 50.58  | 49.99     | 0.59     | 0.0  | 0.0       | 50.3         | false    |
  [32m✔[39m [32m[1mThen [22mLoan Transactions tab has a [1m"REPAYMENT"[22m transaction with date [1m"01 March 2024"[22m which has the following Journal entries:[39m                                          [90m# org.apache.fineract.test.stepdef.common.JournalEntriesStepDef.journalEntryDataCheck(java.lang.String,java.lang.String,io.cucumber.datatable.DataTable)[39m
      | Type      | Account code | Account name              | Debit | Credit |
      | ASSET     | 112601       | Loans Receivable          |       | 49.99  |
      | ASSET     | 112603       | Interest/Fee Receivable   |       | 0.59   |
      | LIABILITY | 145023       | Suspense/Clearing account | 50.58 |        |
  [32m✔[39m [32m[1mAnd [22mAdmin adds capitalized income adjustment with [1m"AUTOPAY"[22m payment type to the loan on [1m"01 March 2024"[22m with [1m"10"[22m EUR transaction amount[39m                             [90m# org.apache.fineract.test.stepdef.loan.LoanStepDef.adminAddsCapitalizedIncomeAdjustmentToTheLoan(java.lang.String,java.lang.String,java.lang.String)[39m
  [32m✔[39m [32m[1mThen [22mLoan Transactions tab has a [1m"CAPITALIZED_INCOME_ADJUSTMENT"[22m transaction with date [1m"01 March 2024"[22m which has the following Journal entries:[39m                      [90m# org.apache.fineract.test.stepdef.common.JournalEntriesStepDef.journalEntryDataCheck(java.lang.String,java.lang.String,io.cucumber.datatable.DataTable)[39m
      | Type      | Account code | Account name                | Debit | Credit |
      | ASSET     | 112601       | Loans Receivable            |       | 10.0   |
      | LIABILITY | 145024       | Deferred Capitalized Income | 10.0  |        |
  [32m✔[39m [32m[1mThen [22mLoan Transactions tab has the following data:[39m                                                                                                                   [90m# org.apache.fineract.test.stepdef.loan.LoanStepDef.loanTransactionsTabCheck(io.cucumber.datatable.DataTable)[39m
      | Transaction date | Transaction Type                | Amount | Principal | Interest | Fees | Penalties | Loan Balance | Reverted |
      | 01 January 2024  | Disbursement                    | 100.0  | 0.0       | 0.0      | 0.0  | 0.0       | 100.0        | false    |
      | 01 January 2024  | Capitalized Income              | 50.0   | 50.0      | 0.0      | 0.0  | 0.0       | 150.0        | false    |
      | 01 February 2024 | Repayment                       | 50.58  | 49.71     | 0.87     | 0.0  | 0.0       | 100.29       | false    |
      | 01 February 2024 | Accrual                         | 0.87   | 0.0       | 0.87     | 0.0  | 0.0       | 0.0          | false    |
      | 01 February 2024 | Capitalized Income Amortization | 17.58  | 0.0       | 17.58    | 0.0  | 0.0       | 0.0          | false    |
      | 01 March 2024    | Repayment                       | 50.58  | 49.99     | 0.59     | 0.0  | 0.0       | 50.3         | false    |
      | 01 March 2024    | Capitalized Income Adjustment   | 10.0   | 10.0      | 0.0      | 0.0  | 0.0       | 40.3         | false    |
  [32m✔[39m [32m[1mAnd [22mDeferred Capitalized Income by external-id contains the following data:[39m                                                                                          [90m# org.apache.fineract.test.stepdef.loan.LoanCapitalizedIncomeStepDef.verifyDeferredCapitalizedIncomeByExternalId(io.cucumber.datatable.DataTable)[39m
      | Amount | Amortized Amount | Unrecognized Amount | Adjusted Amount | Charged Off Amount |
      | 50.0   | 17.58            | 22.42               | 10.0            | 0.0                |
  [32m✔[39m [32m[1mWhen [22mAdmin sets the business date to [1m"15 March 2024"[22m[39m                                                                                                                 [90m# org.apache.fineract.test.stepdef.common.BusinessDateStepDef.setBusinessDate(java.lang.String)[39m
  [32m✔[39m [32m[1mAnd [22mAdmin adds capitalized income adjustment with [1m"AUTOPAY"[22m payment type to the loan on [1m"15 March 2024"[22m with [1m"5"[22m EUR transaction amount[39m                              [90m# org.apache.fineract.test.stepdef.loan.LoanStepDef.adminAddsCapitalizedIncomeAdjustmentToTheLoan(java.lang.String,java.lang.String,java.lang.String)[39m
  [32m✔[39m [32m[1mThen [22mLoan Transactions tab has a [1m"CAPITALIZED_INCOME_ADJUSTMENT"[22m transaction with date [1m"15 March 2024"[22m which has the following Journal entries:[39m                      [90m# org.apache.fineract.test.stepdef.common.JournalEntriesStepDef.journalEntryDataCheck(java.lang.String,java.lang.String,io.cucumber.datatable.DataTable)[39m
      | Type      | Account code | Account name                | Debit | Credit |
      | ASSET     | 112601       | Loans Receivable            |       | 5.0    |
      | LIABILITY | 145024       | Deferred Capitalized Income | 5.0   |        |
  [32m✔[39m [32m[1mThen [22mLoan Transactions tab has the following data:[39m                                                                                                                   [90m# org.apache.fineract.test.stepdef.loan.LoanStepDef.loanTransactionsTabCheck(io.cucumber.datatable.DataTable)[39m
      | Transaction date | Transaction Type                | Amount | Principal | Interest | Fees | Penalties | Loan Balance | Reverted |
      | 01 January 2024  | Disbursement                    | 100.0  | 0.0       | 0.0      | 0.0  | 0.0       | 100.0        | false    |
      | 01 January 2024  | Capitalized Income              | 50.0   | 50.0      | 0.0      | 0.0  | 0.0       | 150.0        | false    |
      | 01 February 2024 | Repayment                       | 50.58  | 49.71     | 0.87     | 0.0  | 0.0       | 100.29       | false    |
      | 01 February 2024 | Accrual                         | 0.87   | 0.0       | 0.87     | 0.0  | 0.0       | 0.0          | false    |
      | 01 February 2024 | Capitalized Income Amortization | 17.58  | 0.0       | 17.58    | 0.0  | 0.0       | 0.0          | false    |
      | 01 March 2024    | Repayment                       | 50.58  | 49.99     | 0.59     | 0.0  | 0.0       | 50.3         | false    |
      | 01 March 2024    | Capitalized Income Adjustment   | 10.0   | 10.0      | 0.0      | 0.0  | 0.0       | 40.3         | false    |
      | 15 March 2024    | Capitalized Income Adjustment   | 5.0    | 5.0       | 0.0      | 0.0  | 0.0       | 35.3         | false    |
  [32m✔[39m [32m[1mAnd [22mDeferred Capitalized Income by external-id contains the following data:[39m                                                                                          [90m# org.apache.fineract.test.stepdef.loan.LoanCapitalizedIncomeStepDef.verifyDeferredCapitalizedIncomeByExternalId(io.cucumber.datatable.DataTable)[39m
      | Amount | Amortized Amount | Unrecognized Amount | Adjusted Amount | Charged Off Amount |
      | 50.0   | 17.58            | 17.42               | 15.0            | 0.0                |
  [32m✔[39m [32m[1mWhen [22mAdmin sets the business date to [1m"01 April 2024"[22m[39m                                                                                                                 [90m# org.apache.fineract.test.stepdef.common.BusinessDateStepDef.setBusinessDate(java.lang.String)[39m
  [32m✔[39m [32m[1mAnd [22mCustomer makes [1m"REPAYMENT"[22m transaction with [1m"AUTOPAY"[22m payment type on [1m"01 April 2024"[22m with [1m35.52[22m EUR transaction amount and system-generated Idempotency key[39m     [90m# org.apache.fineract.test.stepdef.loan.LoanStepDef.createTransactionWithAutoIdempotencyKey(java.lang.String,java.lang.String,java.lang.String,double)[39m
  [32m✔[39m [32m[1mThen [22mLoan is closed with zero outstanding balance and it's all installments have obligations met[39m                                                                     [90m# org.apache.fineract.test.stepdef.loan.LoanStepDef.loanClosedAndInstallmentsObligationsMet()[39m
  [32m✔[39m [32m[1mThen [22mLoan Transactions tab has the following data:[39m                                                                                                                   [90m# org.apache.fineract.test.stepdef.loan.LoanStepDef.loanTransactionsTabCheck(io.cucumber.datatable.DataTable)[39m
      | Transaction date | Transaction Type                | Amount | Principal | Interest | Fees | Penalties | Loan Balance | Reverted |
      | 01 January 2024  | Disbursement                    | 100.0  | 0.0       | 0.0      | 0.0  | 0.0       | 100.0        | false    |
      | 01 January 2024  | Capitalized Income              | 50.0   | 50.0      | 0.0      | 0.0  | 0.0       | 150.0        | false    |
      | 01 February 2024 | Repayment                       | 50.58  | 49.71     | 0.87     | 0.0  | 0.0       | 100.29       | false    |
      | 01 February 2024 | Accrual                         | 0.87   | 0.0       | 0.87     | 0.0  | 0.0       | 0.0          | false    |
      | 01 February 2024 | Capitalized Income Amortization | 17.58  | 0.0       | 17.58    | 0.0  | 0.0       | 0.0          | false    |
      | 01 March 2024    | Repayment                       | 50.58  | 49.99     | 0.59     | 0.0  | 0.0       | 50.3         | false    |
      | 01 March 2024    | Capitalized Income Adjustment   | 10.0   | 10.0      | 0.0      | 0.0  | 0.0       | 40.3         | false    |
      | 15 March 2024    | Capitalized Income Adjustment   | 5.0    | 5.0       | 0.0      | 0.0  | 0.0       | 35.3         | false    |
      | 01 April 2024    | Repayment                       | 35.52  | 35.3      | 0.22     | 0.0  | 0.0       | 0.0          | false    |
      | 01 April 2024    | Accrual                         | 0.81   | 0.0       | 0.81     | 0.0  | 0.0       | 0.0          | false    |
      | 01 April 2024    | Capitalized Income Amortization | 17.42  | 0.0       | 17.42    | 0.0  | 0.0       | 0.0          | false    |
  [32m✔[39m [32m[1mAnd [22mDeferred Capitalized Income by external-id contains the following data:[39m                                                                                          [90m# org.apache.fineract.test.stepdef.loan.LoanCapitalizedIncomeStepDef.verifyDeferredCapitalizedIncomeByExternalId(io.cucumber.datatable.DataTable)[39m
      | Amount | Amortized Amount | Unrecognized Amount | Adjusted Amount | Charged Off Amount |
      | 50.0   | 35.0             | 0.0                 | 15.0            | 0.0                |
  [32m✔[39m [32m[1mThen [22mLoan Transactions tab has a [1m"REPAYMENT"[22m transaction with date [1m"01 April 2024"[22m which has the following Journal entries:[39m                                          [90m# org.apache.fineract.test.stepdef.common.JournalEntriesStepDef.journalEntryDataCheck(java.lang.String,java.lang.String,io.cucumber.datatable.DataTable)[39m
      | Type      | Account code | Account name              | Debit | Credit |
      | ASSET     | 112601       | Loans Receivable          |       | 35.3   |
      | ASSET     | 112603       | Interest/Fee Receivable   |       | 0.22   |
      | LIABILITY | 145023       | Suspense/Clearing account | 35.52 |        |
  [32m✔[39m [32m[1mThen [22mLoan Transactions tab has a [1m"ACCRUAL"[22m transaction with date [1m"01 April 2024"[22m which has the following Journal entries:[39m                                            [90m# org.apache.fineract.test.stepdef.common.JournalEntriesStepDef.journalEntryDataCheck(java.lang.String,java.lang.String,io.cucumber.datatable.DataTable)[39m
      | Type   | Account code | Account name            | Debit | Credit |
      | ASSET  | 112603       | Interest/Fee Receivable | 0.81  |        |
      | INCOME | 404000       | Interest Income         |       | 0.81   |
  [32m✔[39m [32m[1mThen [22mLoan Transactions tab has a [1m"CAPITALIZED_INCOME_AMORTIZATION"[22m transaction with date [1m"01 April 2024"[22m which has the following Journal entries:[39m                    [90m# org.apache.fineract.test.stepdef.common.JournalEntriesStepDef.journalEntryDataCheck(java.lang.String,java.lang.String,io.cucumber.datatable.DataTable)[39m
      | Type      | Account code | Account name                | Debit | Credit |
      | INCOME    | 404000       | Interest Income             |       | 17.42  |
      | LIABILITY | 145024       | Deferred Capitalized Income | 17.42 |        |
  [32m✔[39m [32m[1mThen [22mLoan Transactions tab has a [1m"CAPITALIZED_INCOME_ADJUSTMENT"[22m transaction with date [1m"01 March 2024"[22m which has the following Journal entries:[39m                      [90m# org.apache.fineract.test.stepdef.common.JournalEntriesStepDef.journalEntryDataCheck(java.lang.String,java.lang.String,io.cucumber.datatable.DataTable)[39m
      | Type      | Account code | Account name                | Debit | Credit |
      | ASSET     | 112601       | Loans Receivable            |       | 10.0   |
      | LIABILITY | 145024       | Deferred Capitalized Income | 10.0  |        |
  [32m✔[39m [32m[1mThen [22mLoan Transactions tab has a [1m"CAPITALIZED_INCOME_ADJUSTMENT"[22m transaction with date [1m"15 March 2024"[22m which has the following Journal entries:[39m                      [90m# org.apache.fineract.test.stepdef.common.JournalEntriesStepDef.journalEntryDataCheck(java.lang.String,java.lang.String,io.cucumber.datatable.DataTable)[39m
      | Type      | Account code | Account name                | Debit | Credit |
      | ASSET     | 112601       | Loans Receivable            |       | 5.0    |
      | LIABILITY | 145024       | Deferred Capitalized Income | 5.0   |        |

@CapitalizedIncomeFeature @TestRailId:C3702
[1mScenario:[22m Verify Capitalized Income adjustment reverse replay with backdated repayment transaction                                                                       [90m# fineract-e2e-tests-runner/src/test/resources/features/LoanCapitalizedIncome-Part1.feature:2957[39m
  [32m✔[39m [32m[1mWhen [22mAdmin sets the business date to [1m"01 January 2024"[22m[39m                                                                                                               [90m# org.apache.fineract.test.stepdef.common.BusinessDateStepDef.setBusinessDate(java.lang.String)[39m
  [32m✔[39m [32m[1mAnd [22mAdmin creates a client with random data[39m                                                                                                                          [90m# org.apache.fineract.test.stepdef.common.ClientStepDef.createClientRandomFirstNameLastName()[39m
  [32m✔[39m [32m[1mWhen [22mAdmin creates a fully customized loan with the following data:[39m                                                                                                  [90m# org.apache.fineract.test.stepdef.loan.LoanStepDef.createFullyCustomizedLoan(io.cucumber.datatable.DataTable)[39m
      | LoanProduct                                                                                       | submitted on date | with Principal | ANNUAL interest rate % | interest type     | interest calculation period | amortization type  | loanTermFrequency | loanTermFrequencyType | repaymentEvery | repaymentFrequencyType | numberOfRepayments | graceOnPrincipalPayment | graceOnInterestPayment | interest free period | Payment strategy            |
      | LP2_ADV_PYMNT_INTEREST_DAILY_EMI_360_30_INTEREST_RECALC_DAILY_CAPITALIZED_INCOME_ADJ_CUSTOM_ALLOC | 01 January 2024   | 150            | 7                      | DECLINING_BALANCE | DAILY                       | EQUAL_INSTALLMENTS | 3                 | MONTHS                | 1              | MONTHS                 | 3                  | 0                       | 0                      | 0                    | ADVANCED_PAYMENT_ALLOCATION |
  [32m✔[39m [32m[1mAnd [22mAdmin successfully approves the loan on [1m"01 January 2024"[22m with [1m"150"[22m amount and expected disbursement date on [1m"01 January 2024"[22m[39m                                  [90m# org.apache.fineract.test.stepdef.loan.LoanStepDef.approveLoan(java.lang.String,java.lang.String,java.lang.String)[39m
  [32m✔[39m [32m[1mAnd [22mAdmin successfully disburse the loan on [1m"01 January 2024"[22m with [1m"100"[22m EUR transaction amount[39m                                                                      [90m# org.apache.fineract.test.stepdef.loan.LoanStepDef.disburseLoan(java.lang.String,java.lang.String)[39m
  [32m✔[39m [32m[1mAnd [22mAdmin adds capitalized income with [1m"AUTOPAY"[22m payment type to the loan on [1m"01 January 2024"[22m with [1m"50"[22m EUR transaction amount[39m                                      [90m# org.apache.fineract.test.stepdef.loan.LoanStepDef.adminAddsCapitalizedIncomeToTheLoanOnWithEURTransactionAmount(java.lang.String,java.lang.String,java.lang.String)[39m
  [32m✔[39m [32m[1mWhen [22mAdmin sets the business date to [1m"02 January 2024"[22m[39m                                                                                                               [90m# org.apache.fineract.test.stepdef.common.BusinessDateStepDef.setBusinessDate(java.lang.String)[39m
  [32m✔[39m [32m[1mAnd [22mAdmin runs inline COB job for Loan[39m                                                                                                                               [90m# org.apache.fineract.test.stepdef.loan.InlineCOBStepDef.runInlineCOB()[39m
  [32m✔[39m [32m[1mThen [22mLoan status will be [1m"ACTIVE"[22m[39m                                                                                                                                    [90m# org.apache.fineract.test.stepdef.loan.LoanStepDef.loanStatus(java.lang.String)[39m
  [32m✔[39m [32m[1mWhen [22mAdmin sets the business date to [1m"01 March 2024"[22m[39m                                                                                                                 [90m# org.apache.fineract.test.stepdef.common.BusinessDateStepDef.setBusinessDate(java.lang.String)[39m
  [32m✔[39m [32m[1mAnd [22mAdmin runs inline COB job for Loan[39m                                                                                                                               [90m# org.apache.fineract.test.stepdef.loan.InlineCOBStepDef.runInlineCOB()[39m
  [32m✔[39m [32m[1mAnd [22mAdmin adds capitalized income adjustment with [1m"AUTOPAY"[22m payment type to the loan on [1m"01 March 2024"[22m with [1m"50"[22m EUR transaction amount[39m                             [90m# org.apache.fineract.test.stepdef.loan.LoanStepDef.adminAddsCapitalizedIncomeAdjustmentToTheLoan(java.lang.String,java.lang.String,java.lang.String)[39m
  [32m✔[39m [32m[1mThen [22mLoan Transactions tab has the following data:[39m                                                                                                                   [90m# org.apache.fineract.test.stepdef.loan.LoanStepDef.loanTransactionsTabCheck(io.cucumber.datatable.DataTable)[39m
      | Transaction date | Transaction Type                | Amount | Principal | Interest | Fees | Penalties | Loan Balance | Reverted | Replayed |
      | 01 January 2024  | Disbursement                    | 100.0  | 0.0       | 0.0      | 0.0  | 0.0       | 100.0        | false    | false    |
      | 01 January 2024  | Capitalized Income              | 50.0   | 50.0      | 0.0      | 0.0  | 0.0       | 150.0        | false    | false    |
      | 01 January 2024  | Capitalized Income Amortization | 0.55   | 0.0       | 0.55     | 0.0  | 0.0       | 0.0          | false    | false    |
      | 02 January 2024  | Accrual                         | 0.03   | 0.0       | 0.03     | 0.0  | 0.0       | 0.0          | false    | false    |
      | 02 January 2024  | Capitalized Income Amortization | 0.55   | 0.0       | 0.55     | 0.0  | 0.0       | 0.0          | false    | false    |
      | 03 January 2024  | Accrual                         | 0.03   | 0.0       | 0.03     | 0.0  | 0.0       | 0.0          | false    | false    |
      | 03 January 2024  | Capitalized Income Amortization | 0.55   | 0.0       | 0.55     | 0.0  | 0.0       | 0.0          | false    | false    |
      | 04 January 2024  | Accrual                         | 0.02   | 0.0       | 0.02     | 0.0  | 0.0       | 0.0          | false    | false    |
      | 04 January 2024  | Capitalized Income Amortization | 0.55   | 0.0       | 0.55     | 0.0  | 0.0       | 0.0          | false    | false    |
      | 05 January 2024  | Accrual                         | 0.03   | 0.0       | 0.03     | 0.0  | 0.0       | 0.0          | false    | false    |
      | 05 January 2024  | Capitalized Income Amortization | 0.55   | 0.0       | 0.55     | 0.0  | 0.0       | 0.0          | false    | false    |
      | 06 January 2024  | Accrual                         | 0.03   | 0.0       | 0.03     | 0.0  | 0.0       | 0.0          | false    | false    |
      | 06 January 2024  | Capitalized Income Amortization | 0.55   | 0.0       | 0.55     | 0.0  | 0.0       | 0.0          | false    | false    |
      | 07 January 2024  | Accrual                         | 0.03   | 0.0       | 0.03     | 0.0  | 0.0       | 0.0          | false    | false    |
      | 07 January 2024  | Capitalized Income Amortization | 0.55   | 0.0       | 0.55     | 0.0  | 0.0       | 0.0          | false    | false    |
      | 08 January 2024  | Accrual                         | 0.03   | 0.0       | 0.03     | 0.0  | 0.0       | 0.0          | false    | false    |
      | 08 January 2024  | Capitalized Income Amortization | 0.55   | 0.0       | 0.55     | 0.0  | 0.0       | 0.0          | false    | false    |
      | 09 January 2024  | Accrual                         | 0.03   | 0.0       | 0.03     | 0.0  | 0.0       | 0.0          | false    | false    |
      | 09 January 2024  | Capitalized Income Amortization | 0.55   | 0.0       | 0.55     | 0.0  | 0.0       | 0.0          | false    | false    |
      | 10 January 2024  | Accrual                         | 0.02   | 0.0       | 0.02     | 0.0  | 0.0       | 0.0          | false    | false    |
      | 10 January 2024  | Capitalized Income Amortization | 0.54   | 0.0       | 0.54     | 0.0  | 0.0       | 0.0          | false    | false    |
      | 11 January 2024  | Accrual                         | 0.03   | 0.0       | 0.03     | 0.0  | 0.0       | 0.0          | false    | false    |
      | 11 January 2024  | Capitalized Income Amortization | 0.55   | 0.0       | 0.55     | 0.0  | 0.0       | 0.0          | false    | false    |
      | 12 January 2024  | Accrual                         | 0.03   | 0.0       | 0.03     | 0.0  | 0.0       | 0.0          | false    | false    |
      | 12 January 2024  | Capitalized Income Amortization | 0.55   | 0.0       | 0.55     | 0.0  | 0.0       | 0.0          | false    | false    |
      | 13 January 2024  | Accrual                         | 0.03   | 0.0       | 0.03     | 0.0  | 0.0       | 0.0          | false    | false    |
      | 13 January 2024  | Capitalized Income Amortization | 0.55   | 0.0       | 0.55     | 0.0  | 0.0       | 0.0          | false    | false    |
      | 14 January 2024  | Accrual                         | 0.03   | 0.0       | 0.03     | 0.0  | 0.0       | 0.0          | false    | false    |
      | 14 January 2024  | Capitalized Income Amortization | 0.55   | 0.0       | 0.55     | 0.0  | 0.0       | 0.0          | false    | false    |
      | 15 January 2024  | Accrual                         | 0.03   | 0.0       | 0.03     | 0.0  | 0.0       | 0.0          | false    | false    |
      | 15 January 2024  | Capitalized Income Amortization | 0.55   | 0.0       | 0.55     | 0.0  | 0.0       | 0.0          | false    | false    |
      | 16 January 2024  | Accrual                         | 0.02   | 0.0       | 0.02     | 0.0  | 0.0       | 0.0          | false    | false    |
      | 16 January 2024  | Capitalized Income Amortization | 0.55   | 0.0       | 0.55     | 0.0  | 0.0       | 0.0          | false    | false    |
      | 17 January 2024  | Accrual                         | 0.03   | 0.0       | 0.03     | 0.0  | 0.0       | 0.0          | false    | false    |
      | 17 January 2024  | Capitalized Income Amortization | 0.55   | 0.0       | 0.55     | 0.0  | 0.0       | 0.0          | false    | false    |
      | 18 January 2024  | Accrual                         | 0.03   | 0.0       | 0.03     | 0.0  | 0.0       | 0.0          | false    | false    |
      | 18 January 2024  | Capitalized Income Amortization | 0.55   | 0.0       | 0.55     | 0.0  | 0.0       | 0.0          | false    | false    |
      | 19 January 2024  | Accrual                         | 0.03   | 0.0       | 0.03     | 0.0  | 0.0       | 0.0          | false    | false    |
      | 19 January 2024  | Capitalized Income Amortization | 0.55   | 0.0       | 0.55     | 0.0  | 0.0       | 0.0          | false    | false    |
      | 20 January 2024  | Accrual                         | 0.03   | 0.0       | 0.03     | 0.0  | 0.0       | 0.0          | false    | false    |
      | 20 January 2024  | Capitalized Income Amortization | 0.55   | 0.0       | 0.55     | 0.0  | 0.0       | 0.0          | false    | false    |
      | 21 January 2024  | Accrual                         | 0.02   | 0.0       | 0.02     | 0.0  | 0.0       | 0.0          | false    | false    |
      | 21 January 2024  | Capitalized Income Amortization | 0.55   | 0.0       | 0.55     | 0.0  | 0.0       | 0.0          | false    | false    |
      | 22 January 2024  | Accrual                         | 0.03   | 0.0       | 0.03     | 0.0  | 0.0       | 0.0          | false    | false    |
      | 22 January 2024  | Capitalized Income Amortization | 0.55   | 0.0       | 0.55     | 0.0  | 0.0       | 0.0          | false    | false    |
      | 23 January 2024  | Accrual                         | 0.03   | 0.0       | 0.03     | 0.0  | 0.0       | 0.0          | false    | false    |
      | 23 January 2024  | Capitalized Income Amortization | 0.55   | 0.0       | 0.55     | 0.0  | 0.0       | 0.0          | false    | false    |
      | 24 January 2024  | Accrual                         | 0.03   | 0.0       | 0.03     | 0.0  | 0.0       | 0.0          | false    | false    |
      | 24 January 2024  | Capitalized Income Amortization | 0.55   | 0.0       | 0.55     | 0.0  | 0.0       | 0.0          | false    | false    |
      | 25 January 2024  | Accrual                         | 0.03   | 0.0       | 0.03     | 0.0  | 0.0       | 0.0          | false    | false    |
      | 25 January 2024  | Capitalized Income Amortization | 0.55   | 0.0       | 0.55     | 0.0  | 0.0       | 0.0          | false    | false    |
      | 26 January 2024  | Accrual                         | 0.03   | 0.0       | 0.03     | 0.0  | 0.0       | 0.0          | false    | false    |
      | 26 January 2024  | Capitalized Income Amortization | 0.55   | 0.0       | 0.55     | 0.0  | 0.0       | 0.0          | false    | false    |
      | 27 January 2024  | Accrual                         | 0.02   | 0.0       | 0.02     | 0.0  | 0.0       | 0.0          | false    | false    |
      | 27 January 2024  | Capitalized Income Amortization | 0.55   | 0.0       | 0.55     | 0.0  | 0.0       | 0.0          | false    | false    |
      | 28 January 2024  | Accrual                         | 0.03   | 0.0       | 0.03     | 0.0  | 0.0       | 0.0          | false    | false    |
      | 28 January 2024  | Capitalized Income Amortization | 0.54   | 0.0       | 0.54     | 0.0  | 0.0       | 0.0          | false    | false    |
      | 29 January 2024  | Accrual                         | 0.03   | 0.0       | 0.03     | 0.0  | 0.0       | 0.0          | false    | false    |
      | 29 January 2024  | Capitalized Income Amortization | 0.55   | 0.0       | 0.55     | 0.0  | 0.0       | 0.0          | false    | false    |
      | 30 January 2024  | Accrual                         | 0.03   | 0.0       | 0.03     | 0.0  | 0.0       | 0.0          | false    | false    |
      | 30 January 2024  | Capitalized Income Amortization | 0.55   | 0.0       | 0.55     | 0.0  | 0.0       | 0.0          | false    | false    |
      | 31 January 2024  | Accrual                         | 0.03   | 0.0       | 0.03     | 0.0  | 0.0       | 0.0          | false    | false    |
      | 31 January 2024  | Capitalized Income Amortization | 0.55   | 0.0       | 0.55     | 0.0  | 0.0       | 0.0          | false    | false    |
      | 01 February 2024 | Accrual                         | 0.02   | 0.0       | 0.02     | 0.0  | 0.0       | 0.0          | false    | false    |
      | 01 February 2024 | Capitalized Income Amortization | 0.55   | 0.0       | 0.55     | 0.0  | 0.0       | 0.0          | false    | false    |
      | 02 February 2024 | Accrual                         | 0.03   | 0.0       | 0.03     | 0.0  | 0.0       | 0.0          | false    | false    |
      | 02 February 2024 | Capitalized Income Amortization | 0.55   | 0.0       | 0.55     | 0.0  | 0.0       | 0.0          | false    | false    |
      | 03 February 2024 | Accrual                         | 0.03   | 0.0       | 0.03     | 0.0  | 0.0       | 0.0          | false    | false    |
      | 03 February 2024 | Capitalized Income Amortization | 0.55   | 0.0       | 0.55     | 0.0  | 0.0       | 0.0          | false    | false    |
      | 04 February 2024 | Accrual                         | 0.03   | 0.0       | 0.03     | 0.0  | 0.0       | 0.0          | false    | false    |
      | 04 February 2024 | Capitalized Income Amortization | 0.55   | 0.0       | 0.55     | 0.0  | 0.0       | 0.0          | false    | false    |
      | 05 February 2024 | Accrual                         | 0.03   | 0.0       | 0.03     | 0.0  | 0.0       | 0.0          | false    | false    |
      | 05 February 2024 | Capitalized Income Amortization | 0.55   | 0.0       | 0.55     | 0.0  | 0.0       | 0.0          | false    | false    |
      | 06 February 2024 | Accrual                         | 0.03   | 0.0       | 0.03     | 0.0  | 0.0       | 0.0          | false    | false    |
      | 06 February 2024 | Capitalized Income Amortization | 0.55   | 0.0       | 0.55     | 0.0  | 0.0       | 0.0          | false    | false    |
      | 07 February 2024 | Accrual                         | 0.03   | 0.0       | 0.03     | 0.0  | 0.0       | 0.0          | false    | false    |
      | 07 February 2024 | Capitalized Income Amortization | 0.55   | 0.0       | 0.55     | 0.0  | 0.0       | 0.0          | false    | false    |
      | 08 February 2024 | Accrual                         | 0.03   | 0.0       | 0.03     | 0.0  | 0.0       | 0.0          | false    | false    |
      | 08 February 2024 | Capitalized Income Amortization | 0.55   | 0.0       | 0.55     | 0.0  | 0.0       | 0.0          | false    | false    |
      | 09 February 2024 | Accrual                         | 0.03   | 0.0       | 0.03     | 0.0  | 0.0       | 0.0          | false    | false    |
      | 09 February 2024 | Capitalized Income Amortization | 0.55   | 0.0       | 0.55     | 0.0  | 0.0       | 0.0          | false    | false    |
      | 10 February 2024 | Accrual                         | 0.03   | 0.0       | 0.03     | 0.0  | 0.0       | 0.0          | false    | false    |
      | 10 February 2024 | Capitalized Income Amortization | 0.55   | 0.0       | 0.55     | 0.0  | 0.0       | 0.0          | false    | false    |
      | 11 February 2024 | Accrual                         | 0.03   | 0.0       | 0.03     | 0.0  | 0.0       | 0.0          | false    | false    |
      | 11 February 2024 | Capitalized Income Amortization | 0.55   | 0.0       | 0.55     | 0.0  | 0.0       | 0.0          | false    | false    |
      | 12 February 2024 | Accrual                         | 0.03   | 0.0       | 0.03     | 0.0  | 0.0       | 0.0          | false    | false    |
      | 12 February 2024 | Capitalized Income Amortization | 0.55   | 0.0       | 0.55     | 0.0  | 0.0       | 0.0          | false    | false    |
      | 13 February 2024 | Accrual                         | 0.03   | 0.0       | 0.03     | 0.0  | 0.0       | 0.0          | false    | false    |
      | 13 February 2024 | Capitalized Income Amortization | 0.55   | 0.0       | 0.55     | 0.0  | 0.0       | 0.0          | false    | false    |
      | 14 February 2024 | Accrual                         | 0.03   | 0.0       | 0.03     | 0.0  | 0.0       | 0.0          | false    | false    |
      | 14 February 2024 | Capitalized Income Amortization | 0.55   | 0.0       | 0.55     | 0.0  | 0.0       | 0.0          | false    | false    |
      | 15 February 2024 | Accrual                         | 0.03   | 0.0       | 0.03     | 0.0  | 0.0       | 0.0          | false    | false    |
      | 15 February 2024 | Capitalized Income Amortization | 0.54   | 0.0       | 0.54     | 0.0  | 0.0       | 0.0          | false    | false    |
      | 16 February 2024 | Accrual                         | 0.03   | 0.0       | 0.03     | 0.0  | 0.0       | 0.0          | false    | false    |
      | 16 February 2024 | Capitalized Income Amortization | 0.55   | 0.0       | 0.55     | 0.0  | 0.0       | 0.0          | false    | false    |
      | 17 February 2024 | Accrual                         | 0.03   | 0.0       | 0.03     | 0.0  | 0.0       | 0.0          | false    | false    |
      | 17 February 2024 | Capitalized Income Amortization | 0.55   | 0.0       | 0.55     | 0.0  | 0.0       | 0.0          | false    | false    |
      | 18 February 2024 | Accrual                         | 0.03   | 0.0       | 0.03     | 0.0  | 0.0       | 0.0          | false    | false    |
      | 18 February 2024 | Capitalized Income Amortization | 0.55   | 0.0       | 0.55     | 0.0  | 0.0       | 0.0          | false    | false    |
      | 19 February 2024 | Accrual                         | 0.03   | 0.0       | 0.03     | 0.0  | 0.0       | 0.0          | false    | false    |
      | 19 February 2024 | Capitalized Income Amortization | 0.55   | 0.0       | 0.55     | 0.0  | 0.0       | 0.0          | false    | false    |
      | 20 February 2024 | Accrual                         | 0.03   | 0.0       | 0.03     | 0.0  | 0.0       | 0.0          | false    | false    |
      | 20 February 2024 | Capitalized Income Amortization | 0.55   | 0.0       | 0.55     | 0.0  | 0.0       | 0.0          | false    | false    |
      | 21 February 2024 | Accrual                         | 0.03   | 0.0       | 0.03     | 0.0  | 0.0       | 0.0          | false    | false    |
      | 21 February 2024 | Capitalized Income Amortization | 0.55   | 0.0       | 0.55     | 0.0  | 0.0       | 0.0          | false    | false    |
      | 22 February 2024 | Accrual                         | 0.03   | 0.0       | 0.03     | 0.0  | 0.0       | 0.0          | false    | false    |
      | 22 February 2024 | Capitalized Income Amortization | 0.55   | 0.0       | 0.55     | 0.0  | 0.0       | 0.0          | false    | false    |
      | 23 February 2024 | Accrual                         | 0.03   | 0.0       | 0.03     | 0.0  | 0.0       | 0.0          | false    | false    |
      | 23 February 2024 | Capitalized Income Amortization | 0.55   | 0.0       | 0.55     | 0.0  | 0.0       | 0.0          | false    | false    |
      | 24 February 2024 | Accrual                         | 0.03   | 0.0       | 0.03     | 0.0  | 0.0       | 0.0          | false    | false    |
      | 24 February 2024 | Capitalized Income Amortization | 0.55   | 0.0       | 0.55     | 0.0  | 0.0       | 0.0          | false    | false    |
      | 25 February 2024 | Accrual                         | 0.03   | 0.0       | 0.03     | 0.0  | 0.0       | 0.0          | false    | false    |
      | 25 February 2024 | Capitalized Income Amortization | 0.55   | 0.0       | 0.55     | 0.0  | 0.0       | 0.0          | false    | false    |
      | 26 February 2024 | Accrual                         | 0.03   | 0.0       | 0.03     | 0.0  | 0.0       | 0.0          | false    | false    |
      | 26 February 2024 | Capitalized Income Amortization | 0.55   | 0.0       | 0.55     | 0.0  | 0.0       | 0.0          | false    | false    |
      | 27 February 2024 | Accrual                         | 0.03   | 0.0       | 0.03     | 0.0  | 0.0       | 0.0          | false    | false    |
      | 27 February 2024 | Capitalized Income Amortization | 0.55   | 0.0       | 0.55     | 0.0  | 0.0       | 0.0          | false    | false    |
      | 28 February 2024 | Accrual                         | 0.03   | 0.0       | 0.03     | 0.0  | 0.0       | 0.0          | false    | false    |
      | 28 February 2024 | Capitalized Income Amortization | 0.55   | 0.0       | 0.55     | 0.0  | 0.0       | 0.0          | false    | false    |
      | 29 February 2024 | Accrual                         | 0.03   | 0.0       | 0.03     | 0.0  | 0.0       | 0.0          | false    | false    |
      | 29 February 2024 | Capitalized Income Amortization | 0.55   | 0.0       | 0.55     | 0.0  | 0.0       | 0.0          | false    | false    |
      | 01 March 2024    | Capitalized Income Adjustment   | 50.0   | 49.71     | 0.29     | 0.0  | 0.0       | 100.29       | false    | false    |
  [32m✔[39m [32m[1mThen [22mLoan Transactions tab has a [1m"CAPITALIZED_INCOME_ADJUSTMENT"[22m transaction with date [1m"01 March 2024"[22m which has the following Journal entries:[39m                      [90m# org.apache.fineract.test.stepdef.common.JournalEntriesStepDef.journalEntryDataCheck(java.lang.String,java.lang.String,io.cucumber.datatable.DataTable)[39m
      | Type      | Account code | Account name                | Debit | Credit |
      | ASSET     | 112601       | Loans Receivable            |       | 49.71  |
      | ASSET     | 112603       | Interest/Fee Receivable     |       | 0.29   |
      | LIABILITY | 145024       | Deferred Capitalized Income | 50.0  |        |
  [32m✔[39m [32m[1mWhen [22mCustomer makes [1m"REPAYMENT"[22m transaction with [1m"AUTOPAY"[22m payment type on [1m"01 February 2024"[22m with [1m33.72[22m EUR transaction amount and system-generated Idempotency key[39m [90m# org.apache.fineract.test.stepdef.loan.LoanStepDef.createTransactionWithAutoIdempotencyKey(java.lang.String,java.lang.String,java.lang.String,double)[39m
  [32m✔[39m [32m[1mThen [22mLoan Transactions tab has the following data:[39m                                                                                                                   [90m# org.apache.fineract.test.stepdef.loan.LoanStepDef.loanTransactionsTabCheck(io.cucumber.datatable.DataTable)[39m
      | Transaction date | Transaction Type                | Amount | Principal | Interest | Fees | Penalties | Loan Balance | Reverted | Replayed |
      | 01 January 2024  | Disbursement                    | 100.0  | 0.0       | 0.0      | 0.0  | 0.0       | 100.0        | false    | false    |
      | 01 January 2024  | Capitalized Income              | 50.0   | 50.0      | 0.0      | 0.0  | 0.0       | 150.0        | false    | false    |
      | 01 January 2024  | Capitalized Income Amortization | 0.55   | 0.0       | 0.55     | 0.0  | 0.0       | 0.0          | false    | false    |
      | 02 January 2024  | Accrual                         | 0.03   | 0.0       | 0.03     | 0.0  | 0.0       | 0.0          | false    | false    |
      | 02 January 2024  | Capitalized Income Amortization | 0.55   | 0.0       | 0.55     | 0.0  | 0.0       | 0.0          | false    | false    |
      | 03 January 2024  | Accrual                         | 0.03   | 0.0       | 0.03     | 0.0  | 0.0       | 0.0          | false    | false    |
      | 03 January 2024  | Capitalized Income Amortization | 0.55   | 0.0       | 0.55     | 0.0  | 0.0       | 0.0          | false    | false    |
      | 04 January 2024  | Accrual                         | 0.02   | 0.0       | 0.02     | 0.0  | 0.0       | 0.0          | false    | false    |
      | 04 January 2024  | Capitalized Income Amortization | 0.55   | 0.0       | 0.55     | 0.0  | 0.0       | 0.0          | false    | false    |
      | 05 January 2024  | Accrual                         | 0.03   | 0.0       | 0.03     | 0.0  | 0.0       | 0.0          | false    | false    |
      | 05 January 2024  | Capitalized Income Amortization | 0.55   | 0.0       | 0.55     | 0.0  | 0.0       | 0.0          | false    | false    |
      | 06 January 2024  | Accrual                         | 0.03   | 0.0       | 0.03     | 0.0  | 0.0       | 0.0          | false    | false    |
      | 06 January 2024  | Capitalized Income Amortization | 0.55   | 0.0       | 0.55     | 0.0  | 0.0       | 0.0          | false    | false    |
      | 07 January 2024  | Accrual                         | 0.03   | 0.0       | 0.03     | 0.0  | 0.0       | 0.0          | false    | false    |
      | 07 January 2024  | Capitalized Income Amortization | 0.55   | 0.0       | 0.55     | 0.0  | 0.0       | 0.0          | false    | false    |
      | 08 January 2024  | Accrual                         | 0.03   | 0.0       | 0.03     | 0.0  | 0.0       | 0.0          | false    | false    |
      | 08 January 2024  | Capitalized Income Amortization | 0.55   | 0.0       | 0.55     | 0.0  | 0.0       | 0.0          | false    | false    |
      | 09 January 2024  | Accrual                         | 0.03   | 0.0       | 0.03     | 0.0  | 0.0       | 0.0          | false    | false    |
      | 09 January 2024  | Capitalized Income Amortization | 0.55   | 0.0       | 0.55     | 0.0  | 0.0       | 0.0          | false    | false    |
      | 10 January 2024  | Accrual                         | 0.02   | 0.0       | 0.02     | 0.0  | 0.0       | 0.0          | false    | false    |
      | 10 January 2024  | Capitalized Income Amortization | 0.54   | 0.0       | 0.54     | 0.0  | 0.0       | 0.0          | false    | false    |
      | 11 January 2024  | Accrual                         | 0.03   | 0.0       | 0.03     | 0.0  | 0.0       | 0.0          | false    | false    |
      | 11 January 2024  | Capitalized Income Amortization | 0.55   | 0.0       | 0.55     | 0.0  | 0.0       | 0.0          | false    | false    |
      | 12 January 2024  | Accrual                         | 0.03   | 0.0       | 0.03     | 0.0  | 0.0       | 0.0          | false    | false    |
      | 12 January 2024  | Capitalized Income Amortization | 0.55   | 0.0       | 0.55     | 0.0  | 0.0       | 0.0          | false    | false    |
      | 13 January 2024  | Accrual                         | 0.03   | 0.0       | 0.03     | 0.0  | 0.0       | 0.0          | false    | false    |
      | 13 January 2024  | Capitalized Income Amortization | 0.55   | 0.0       | 0.55     | 0.0  | 0.0       | 0.0          | false    | false    |
      | 14 January 2024  | Accrual                         | 0.03   | 0.0       | 0.03     | 0.0  | 0.0       | 0.0          | false    | false    |
      | 14 January 2024  | Capitalized Income Amortization | 0.55   | 0.0       | 0.55     | 0.0  | 0.0       | 0.0          | false    | false    |
      | 15 January 2024  | Accrual                         | 0.03   | 0.0       | 0.03     | 0.0  | 0.0       | 0.0          | false    | false    |
      | 15 January 2024  | Capitalized Income Amortization | 0.55   | 0.0       | 0.55     | 0.0  | 0.0       | 0.0          | false    | false    |
      | 16 January 2024  | Accrual                         | 0.02   | 0.0       | 0.02     | 0.0  | 0.0       | 0.0          | false    | false    |
      | 16 January 2024  | Capitalized Income Amortization | 0.55   | 0.0       | 0.55     | 0.0  | 0.0       | 0.0          | false    | false    |
      | 17 January 2024  | Accrual                         | 0.03   | 0.0       | 0.03     | 0.0  | 0.0       | 0.0          | false    | false    |
      | 17 January 2024  | Capitalized Income Amortization | 0.55   | 0.0       | 0.55     | 0.0  | 0.0       | 0.0          | false    | false    |
      | 18 January 2024  | Accrual                         | 0.03   | 0.0       | 0.03     | 0.0  | 0.0       | 0.0          | false    | false    |
      | 18 January 2024  | Capitalized Income Amortization | 0.55   | 0.0       | 0.55     | 0.0  | 0.0       | 0.0          | false    | false    |
      | 19 January 2024  | Accrual                         | 0.03   | 0.0       | 0.03     | 0.0  | 0.0       | 0.0          | false    | false    |
      | 19 January 2024  | Capitalized Income Amortization | 0.55   | 0.0       | 0.55     | 0.0  | 0.0       | 0.0          | false    | false    |
      | 20 January 2024  | Accrual                         | 0.03   | 0.0       | 0.03     | 0.0  | 0.0       | 0.0          | false    | false    |
      | 20 January 2024  | Capitalized Income Amortization | 0.55   | 0.0       | 0.55     | 0.0  | 0.0       | 0.0          | false    | false    |
      | 21 January 2024  | Accrual                         | 0.02   | 0.0       | 0.02     | 0.0  | 0.0       | 0.0          | false    | false    |
      | 21 January 2024  | Capitalized Income Amortization | 0.55   | 0.0       | 0.55     | 0.0  | 0.0       | 0.0          | false    | false    |
      | 22 January 2024  | Accrual                         | 0.03   | 0.0       | 0.03     | 0.0  | 0.0       | 0.0          | false    | false    |
      | 22 January 2024  | Capitalized Income Amortization | 0.55   | 0.0       | 0.55     | 0.0  | 0.0       | 0.0          | false    | false    |
      | 23 January 2024  | Accrual                         | 0.03   | 0.0       | 0.03     | 0.0  | 0.0       | 0.0          | false    | false    |
      | 23 January 2024  | Capitalized Income Amortization | 0.55   | 0.0       | 0.55     | 0.0  | 0.0       | 0.0          | false    | false    |
      | 24 January 2024  | Accrual                         | 0.03   | 0.0       | 0.03     | 0.0  | 0.0       | 0.0          | false    | false    |
      | 24 January 2024  | Capitalized Income Amortization | 0.55   | 0.0       | 0.55     | 0.0  | 0.0       | 0.0          | false    | false    |
      | 25 January 2024  | Accrual                         | 0.03   | 0.0       | 0.03     | 0.0  | 0.0       | 0.0          | false    | false    |
      | 25 January 2024  | Capitalized Income Amortization | 0.55   | 0.0       | 0.55     | 0.0  | 0.0       | 0.0          | false    | false    |
      | 26 January 2024  | Accrual                         | 0.03   | 0.0       | 0.03     | 0.0  | 0.0       | 0.0          | false    | false    |
      | 26 January 2024  | Capitalized Income Amortization | 0.55   | 0.0       | 0.55     | 0.0  | 0.0       | 0.0          | false    | false    |
      | 27 January 2024  | Accrual                         | 0.02   | 0.0       | 0.02     | 0.0  | 0.0       | 0.0          | false    | false    |
      | 27 January 2024  | Capitalized Income Amortization | 0.55   | 0.0       | 0.55     | 0.0  | 0.0       | 0.0          | false    | false    |
      | 28 January 2024  | Accrual                         | 0.03   | 0.0       | 0.03     | 0.0  | 0.0       | 0.0          | false    | false    |
      | 28 January 2024  | Capitalized Income Amortization | 0.54   | 0.0       | 0.54     | 0.0  | 0.0       | 0.0          | false    | false    |
      | 29 January 2024  | Accrual                         | 0.03   | 0.0       | 0.03     | 0.0  | 0.0       | 0.0          | false    | false    |
      | 29 January 2024  | Capitalized Income Amortization | 0.55   | 0.0       | 0.55     | 0.0  | 0.0       | 0.0          | false    | false    |
      | 30 January 2024  | Accrual                         | 0.03   | 0.0       | 0.03     | 0.0  | 0.0       | 0.0          | false    | false    |
      | 30 January 2024  | Capitalized Income Amortization | 0.55   | 0.0       | 0.55     | 0.0  | 0.0       | 0.0          | false    | false    |
      | 31 January 2024  | Accrual                         | 0.03   | 0.0       | 0.03     | 0.0  | 0.0       | 0.0          | false    | false    |
      | 31 January 2024  | Capitalized Income Amortization | 0.55   | 0.0       | 0.55     | 0.0  | 0.0       | 0.0          | false    | false    |
      | 01 February 2024 | Accrual                         | 0.02   | 0.0       | 0.02     | 0.0  | 0.0       | 0.0          | false    | false    |
      | 01 February 2024 | Capitalized Income Amortization | 0.55   | 0.0       | 0.55     | 0.0  | 0.0       | 0.0          | false    | false    |
      | 01 February 2024 | Repayment                       | 33.72  | 33.72     | 0.0      | 0.0  | 0.0       | 116.28       | false    | false    |
      | 02 February 2024 | Accrual                         | 0.03   | 0.0       | 0.03     | 0.0  | 0.0       | 0.0          | false    | false    |
      | 02 February 2024 | Capitalized Income Amortization | 0.55   | 0.0       | 0.55     | 0.0  | 0.0       | 0.0          | false    | false    |
      | 03 February 2024 | Accrual                         | 0.03   | 0.0       | 0.03     | 0.0  | 0.0       | 0.0          | false    | false    |
      | 03 February 2024 | Capitalized Income Amortization | 0.55   | 0.0       | 0.55     | 0.0  | 0.0       | 0.0          | false    | false    |
      | 04 February 2024 | Accrual                         | 0.03   | 0.0       | 0.03     | 0.0  | 0.0       | 0.0          | false    | false    |
      | 04 February 2024 | Capitalized Income Amortization | 0.55   | 0.0       | 0.55     | 0.0  | 0.0       | 0.0          | false    | false    |
      | 05 February 2024 | Accrual                         | 0.03   | 0.0       | 0.03     | 0.0  | 0.0       | 0.0          | false    | false    |
      | 05 February 2024 | Capitalized Income Amortization | 0.55   | 0.0       | 0.55     | 0.0  | 0.0       | 0.0          | false    | false    |
      | 06 February 2024 | Accrual                         | 0.03   | 0.0       | 0.03     | 0.0  | 0.0       | 0.0          | false    | false    |
      | 06 February 2024 | Capitalized Income Amortization | 0.55   | 0.0       | 0.55     | 0.0  | 0.0       | 0.0          | false    | false    |
      | 07 February 2024 | Accrual                         | 0.03   | 0.0       | 0.03     | 0.0  | 0.0       | 0.0          | false    | false    |
      | 07 February 2024 | Capitalized Income Amortization | 0.55   | 0.0       | 0.55     | 0.0  | 0.0       | 0.0          | false    | false    |
      | 08 February 2024 | Accrual                         | 0.03   | 0.0       | 0.03     | 0.0  | 0.0       | 0.0          | false    | false    |
      | 08 February 2024 | Capitalized Income Amortization | 0.55   | 0.0       | 0.55     | 0.0  | 0.0       | 0.0          | false    | false    |
      | 09 February 2024 | Accrual                         | 0.03   | 0.0       | 0.03     | 0.0  | 0.0       | 0.0          | false    | false    |
      | 09 February 2024 | Capitalized Income Amortization | 0.55   | 0.0       | 0.55     | 0.0  | 0.0       | 0.0          | false    | false    |
      | 10 February 2024 | Accrual                         | 0.03   | 0.0       | 0.03     | 0.0  | 0.0       | 0.0          | false    | false    |
      | 10 February 2024 | Capitalized Income Amortization | 0.55   | 0.0       | 0.55     | 0.0  | 0.0       | 0.0          | false    | false    |
      | 11 February 2024 | Accrual                         | 0.03   | 0.0       | 0.03     | 0.0  | 0.0       | 0.0          | false    | false    |
      | 11 February 2024 | Capitalized Income Amortization | 0.55   | 0.0       | 0.55     | 0.0  | 0.0       | 0.0          | false    | false    |
      | 12 February 2024 | Accrual                         | 0.03   | 0.0       | 0.03     | 0.0  | 0.0       | 0.0          | false    | false    |
      | 12 February 2024 | Capitalized Income Amortization | 0.55   | 0.0       | 0.55     | 0.0  | 0.0       | 0.0          | false    | false    |
      | 13 February 2024 | Accrual                         | 0.03   | 0.0       | 0.03     | 0.0  | 0.0       | 0.0          | false    | false    |
      | 13 February 2024 | Capitalized Income Amortization | 0.55   | 0.0       | 0.55     | 0.0  | 0.0       | 0.0          | false    | false    |
      | 14 February 2024 | Accrual                         | 0.03   | 0.0       | 0.03     | 0.0  | 0.0       | 0.0          | false    | false    |
      | 14 February 2024 | Capitalized Income Amortization | 0.55   | 0.0       | 0.55     | 0.0  | 0.0       | 0.0          | false    | false    |
      | 15 February 2024 | Accrual                         | 0.03   | 0.0       | 0.03     | 0.0  | 0.0       | 0.0          | false    | false    |
      | 15 February 2024 | Capitalized Income Amortization | 0.54   | 0.0       | 0.54     | 0.0  | 0.0       | 0.0          | false    | false    |
      | 16 February 2024 | Accrual                         | 0.03   | 0.0       | 0.03     | 0.0  | 0.0       | 0.0          | false    | false    |
      | 16 February 2024 | Capitalized Income Amortization | 0.55   | 0.0       | 0.55     | 0.0  | 0.0       | 0.0          | false    | false    |
      | 17 February 2024 | Accrual                         | 0.03   | 0.0       | 0.03     | 0.0  | 0.0       | 0.0          | false    | false    |
      | 17 February 2024 | Capitalized Income Amortization | 0.55   | 0.0       | 0.55     | 0.0  | 0.0       | 0.0          | false    | false    |
      | 18 February 2024 | Accrual                         | 0.03   | 0.0       | 0.03     | 0.0  | 0.0       | 0.0          | false    | false    |
      | 18 February 2024 | Capitalized Income Amortization | 0.55   | 0.0       | 0.55     | 0.0  | 0.0       | 0.0          | false    | false    |
      | 19 February 2024 | Accrual                         | 0.03   | 0.0       | 0.03     | 0.0  | 0.0       | 0.0          | false    | false    |
      | 19 February 2024 | Capitalized Income Amortization | 0.55   | 0.0       | 0.55     | 0.0  | 0.0       | 0.0          | false    | false    |
      | 20 February 2024 | Accrual                         | 0.03   | 0.0       | 0.03     | 0.0  | 0.0       | 0.0          | false    | false    |
      | 20 February 2024 | Capitalized Income Amortization | 0.55   | 0.0       | 0.55     | 0.0  | 0.0       | 0.0          | false    | false    |
      | 21 February 2024 | Accrual                         | 0.03   | 0.0       | 0.03     | 0.0  | 0.0       | 0.0          | false    | false    |
      | 21 February 2024 | Capitalized Income Amortization | 0.55   | 0.0       | 0.55     | 0.0  | 0.0       | 0.0          | false    | false    |
      | 22 February 2024 | Accrual                         | 0.03   | 0.0       | 0.03     | 0.0  | 0.0       | 0.0          | false    | false    |
      | 22 February 2024 | Capitalized Income Amortization | 0.55   | 0.0       | 0.55     | 0.0  | 0.0       | 0.0          | false    | false    |
      | 23 February 2024 | Accrual                         | 0.03   | 0.0       | 0.03     | 0.0  | 0.0       | 0.0          | false    | false    |
      | 23 February 2024 | Capitalized Income Amortization | 0.55   | 0.0       | 0.55     | 0.0  | 0.0       | 0.0          | false    | false    |
      | 24 February 2024 | Accrual                         | 0.03   | 0.0       | 0.03     | 0.0  | 0.0       | 0.0          | false    | false    |
      | 24 February 2024 | Capitalized Income Amortization | 0.55   | 0.0       | 0.55     | 0.0  | 0.0       | 0.0          | false    | false    |
      | 25 February 2024 | Accrual                         | 0.03   | 0.0       | 0.03     | 0.0  | 0.0       | 0.0          | false    | false    |
      | 25 February 2024 | Capitalized Income Amortization | 0.55   | 0.0       | 0.55     | 0.0  | 0.0       | 0.0          | false    | false    |
      | 26 February 2024 | Accrual                         | 0.03   | 0.0       | 0.03     | 0.0  | 0.0       | 0.0          | false    | false    |
      | 26 February 2024 | Capitalized Income Amortization | 0.55   | 0.0       | 0.55     | 0.0  | 0.0       | 0.0          | false    | false    |
      | 27 February 2024 | Accrual                         | 0.03   | 0.0       | 0.03     | 0.0  | 0.0       | 0.0          | false    | false    |
      | 27 February 2024 | Capitalized Income Amortization | 0.55   | 0.0       | 0.55     | 0.0  | 0.0       | 0.0          | false    | false    |
      | 28 February 2024 | Accrual                         | 0.03   | 0.0       | 0.03     | 0.0  | 0.0       | 0.0          | false    | false    |
      | 28 February 2024 | Capitalized Income Amortization | 0.55   | 0.0       | 0.55     | 0.0  | 0.0       | 0.0          | false    | false    |
      | 29 February 2024 | Accrual                         | 0.03   | 0.0       | 0.03     | 0.0  | 0.0       | 0.0          | false    | false    |
      | 29 February 2024 | Capitalized Income Amortization | 0.55   | 0.0       | 0.55     | 0.0  | 0.0       | 0.0          | false    | false    |
      | 01 March 2024    | Capitalized Income Adjustment   | 50.0   | 49.13     | 0.87     | 0.0  | 0.0       | 67.15        | false    | true     |
  [32m✔[39m [32m[1mThen [22mLoan Transactions tab has a [1m"CAPITALIZED_INCOME_ADJUSTMENT"[22m transaction with date [1m"01 March 2024"[22m which has the following Journal entries:[39m                      [90m# org.apache.fineract.test.stepdef.common.JournalEntriesStepDef.journalEntryDataCheck(java.lang.String,java.lang.String,io.cucumber.datatable.DataTable)[39m
      | Type      | Account code | Account name                | Debit | Credit |
      | ASSET     | 112601       | Loans Receivable            |       | 49.13  |
      | ASSET     | 112603       | Interest/Fee Receivable     |       | 0.87   |
      | LIABILITY | 145024       | Deferred Capitalized Income | 50.0  |        |
  [32m✔[39m [32m[1mWhen [22mLoan Pay-off is made on [1m"01 March 2024"[22m[39m                                                                                                                         [90m# org.apache.fineract.test.stepdef.loan.LoanRepaymentStepDef.makeLoanPayOff(java.lang.String)[39m
  [32m✔[39m [32m[1mThen [22mLoan is closed with zero outstanding balance and it's all installments have obligations met[39m                                                                     [90m# org.apache.fineract.test.stepdef.loan.LoanStepDef.loanClosedAndInstallmentsObligationsMet()[39m

@CapitalizedIncomeFeature @TestRailId:C3703
[1mScenario:[22m Verify Capitalized Income adjustment reverse replay with backdated charge                                                                 [90m# fineract-e2e-tests-runner/src/test/resources/features/LoanCapitalizedIncome-Part1.feature:3237[39m
  [32m✔[39m [32m[1mWhen [22mAdmin sets the business date to [1m"01 January 2024"[22m[39m                                                                                          [90m# org.apache.fineract.test.stepdef.common.BusinessDateStepDef.setBusinessDate(java.lang.String)[39m
  [32m✔[39m [32m[1mAnd [22mAdmin creates a client with random data[39m                                                                                                     [90m# org.apache.fineract.test.stepdef.common.ClientStepDef.createClientRandomFirstNameLastName()[39m
  [32m✔[39m [32m[1mWhen [22mAdmin creates a fully customized loan with the following data:[39m                                                                             [90m# org.apache.fineract.test.stepdef.loan.LoanStepDef.createFullyCustomizedLoan(io.cucumber.datatable.DataTable)[39m
      | LoanProduct                                                                                       | submitted on date | with Principal | ANNUAL interest rate % | interest type     | interest calculation period | amortization type  | loanTermFrequency | loanTermFrequencyType | repaymentEvery | repaymentFrequencyType | numberOfRepayments | graceOnPrincipalPayment | graceOnInterestPayment | interest free period | Payment strategy            |
      | LP2_ADV_PYMNT_INTEREST_DAILY_EMI_360_30_INTEREST_RECALC_DAILY_CAPITALIZED_INCOME_ADJ_CUSTOM_ALLOC | 01 January 2024   | 151            | 7                      | DECLINING_BALANCE | DAILY                       | EQUAL_INSTALLMENTS | 3                 | MONTHS                | 1              | MONTHS                 | 3                  | 0                       | 0                      | 0                    | ADVANCED_PAYMENT_ALLOCATION |
  [32m✔[39m [32m[1mAnd [22mAdmin successfully approves the loan on [1m"01 January 2024"[22m with [1m"151"[22m amount and expected disbursement date on [1m"01 January 2024"[22m[39m             [90m# org.apache.fineract.test.stepdef.loan.LoanStepDef.approveLoan(java.lang.String,java.lang.String,java.lang.String)[39m
  [32m✔[39m [32m[1mAnd [22mAdmin successfully disburse the loan on [1m"01 January 2024"[22m with [1m"100"[22m EUR transaction amount[39m                                                 [90m# org.apache.fineract.test.stepdef.loan.LoanStepDef.disburseLoan(java.lang.String,java.lang.String)[39m
  [32m✔[39m [32m[1mAnd [22mAdmin adds capitalized income with [1m"AUTOPAY"[22m payment type to the loan on [1m"01 January 2024"[22m with [1m"51"[22m EUR transaction amount[39m                 [90m# org.apache.fineract.test.stepdef.loan.LoanStepDef.adminAddsCapitalizedIncomeToTheLoanOnWithEURTransactionAmount(java.lang.String,java.lang.String,java.lang.String)[39m
  [32m✔[39m [32m[1mWhen [22mAdmin sets the business date to [1m"02 January 2024"[22m[39m                                                                                          [90m# org.apache.fineract.test.stepdef.common.BusinessDateStepDef.setBusinessDate(java.lang.String)[39m
  [32m✔[39m [32m[1mAnd [22mAdmin runs inline COB job for Loan[39m                                                                                                          [90m# org.apache.fineract.test.stepdef.loan.InlineCOBStepDef.runInlineCOB()[39m
  [32m✔[39m [32m[1mThen [22mLoan status will be [1m"ACTIVE"[22m[39m                                                                                                               [90m# org.apache.fineract.test.stepdef.loan.LoanStepDef.loanStatus(java.lang.String)[39m
  [32m✔[39m [32m[1mWhen [22mAdmin sets the business date to [1m"01 March 2024"[22m[39m                                                                                            [90m# org.apache.fineract.test.stepdef.common.BusinessDateStepDef.setBusinessDate(java.lang.String)[39m
  [32m✔[39m [32m[1mAnd [22mAdmin runs inline COB job for Loan[39m                                                                                                          [90m# org.apache.fineract.test.stepdef.loan.InlineCOBStepDef.runInlineCOB()[39m
  [32m✔[39m [32m[1mAnd [22mAdmin adds capitalized income adjustment with [1m"AUTOPAY"[22m payment type to the loan on [1m"01 March 2024"[22m with [1m"51"[22m EUR transaction amount[39m        [90m# org.apache.fineract.test.stepdef.loan.LoanStepDef.adminAddsCapitalizedIncomeAdjustmentToTheLoan(java.lang.String,java.lang.String,java.lang.String)[39m
  [32m✔[39m [32m[1mThen [22mLoan Transactions tab has the following data:[39m                                                                                              [90m# org.apache.fineract.test.stepdef.loan.LoanStepDef.loanTransactionsTabCheck(io.cucumber.datatable.DataTable)[39m
      | Transaction date | Transaction Type                | Amount | Principal | Interest | Fees | Penalties | Loan Balance | Reverted | Replayed |
      | 01 January 2024  | Disbursement                    | 100.0  | 0.0       | 0.0      | 0.0  | 0.0       | 100.0        | false    | false    |
      | 01 January 2024  | Capitalized Income              | 51.0   | 51.0      | 0.0      | 0.0  | 0.0       | 151.0        | false    | false    |
      | 01 January 2024  | Capitalized Income Amortization | 0.56   | 0.0       | 0.56     | 0.0  | 0.0       | 0.0          | false    | false    |
      | 02 January 2024  | Accrual                         | 0.03   | 0.0       | 0.03     | 0.0  | 0.0       | 0.0          | false    | false    |
      | 02 January 2024  | Capitalized Income Amortization | 0.56   | 0.0       | 0.56     | 0.0  | 0.0       | 0.0          | false    | false    |
      | 03 January 2024  | Accrual                         | 0.03   | 0.0       | 0.03     | 0.0  | 0.0       | 0.0          | false    | false    |
      | 03 January 2024  | Capitalized Income Amortization | 0.56   | 0.0       | 0.56     | 0.0  | 0.0       | 0.0          | false    | false    |
      | 04 January 2024  | Accrual                         | 0.03   | 0.0       | 0.03     | 0.0  | 0.0       | 0.0          | false    | false    |
      | 04 January 2024  | Capitalized Income Amortization | 0.56   | 0.0       | 0.56     | 0.0  | 0.0       | 0.0          | false    | false    |
      | 05 January 2024  | Accrual                         | 0.02   | 0.0       | 0.02     | 0.0  | 0.0       | 0.0          | false    | false    |
      | 05 January 2024  | Capitalized Income Amortization | 0.56   | 0.0       | 0.56     | 0.0  | 0.0       | 0.0          | false    | false    |
      | 06 January 2024  | Accrual                         | 0.03   | 0.0       | 0.03     | 0.0  | 0.0       | 0.0          | false    | false    |
      | 06 January 2024  | Capitalized Income Amortization | 0.56   | 0.0       | 0.56     | 0.0  | 0.0       | 0.0          | false    | false    |
      | 07 January 2024  | Accrual                         | 0.03   | 0.0       | 0.03     | 0.0  | 0.0       | 0.0          | false    | false    |
      | 07 January 2024  | Capitalized Income Amortization | 0.56   | 0.0       | 0.56     | 0.0  | 0.0       | 0.0          | false    | false    |
      | 08 January 2024  | Accrual                         | 0.03   | 0.0       | 0.03     | 0.0  | 0.0       | 0.0          | false    | false    |
      | 08 January 2024  | Capitalized Income Amortization | 0.56   | 0.0       | 0.56     | 0.0  | 0.0       | 0.0          | false    | false    |
      | 09 January 2024  | Accrual                         | 0.03   | 0.0       | 0.03     | 0.0  | 0.0       | 0.0          | false    | false    |
      | 09 January 2024  | Capitalized Income Amortization | 0.56   | 0.0       | 0.56     | 0.0  | 0.0       | 0.0          | false    | false    |
      | 10 January 2024  | Accrual                         | 0.03   | 0.0       | 0.03     | 0.0  | 0.0       | 0.0          | false    | false    |
      | 10 January 2024  | Capitalized Income Amortization | 0.56   | 0.0       | 0.56     | 0.0  | 0.0       | 0.0          | false    | false    |
      | 11 January 2024  | Accrual                         | 0.02   | 0.0       | 0.02     | 0.0  | 0.0       | 0.0          | false    | false    |
      | 11 January 2024  | Capitalized Income Amortization | 0.56   | 0.0       | 0.56     | 0.0  | 0.0       | 0.0          | false    | false    |
      | 12 January 2024  | Accrual                         | 0.03   | 0.0       | 0.03     | 0.0  | 0.0       | 0.0          | false    | false    |
      | 12 January 2024  | Capitalized Income Amortization | 0.57   | 0.0       | 0.57     | 0.0  | 0.0       | 0.0          | false    | false    |
      | 13 January 2024  | Accrual                         | 0.03   | 0.0       | 0.03     | 0.0  | 0.0       | 0.0          | false    | false    |
      | 13 January 2024  | Capitalized Income Amortization | 0.56   | 0.0       | 0.56     | 0.0  | 0.0       | 0.0          | false    | false    |
      | 14 January 2024  | Accrual                         | 0.03   | 0.0       | 0.03     | 0.0  | 0.0       | 0.0          | false    | false    |
      | 14 January 2024  | Capitalized Income Amortization | 0.56   | 0.0       | 0.56     | 0.0  | 0.0       | 0.0          | false    | false    |
      | 15 January 2024  | Accrual                         | 0.03   | 0.0       | 0.03     | 0.0  | 0.0       | 0.0          | false    | false    |
      | 15 January 2024  | Capitalized Income Amortization | 0.56   | 0.0       | 0.56     | 0.0  | 0.0       | 0.0          | false    | false    |
      | 16 January 2024  | Accrual                         | 0.03   | 0.0       | 0.03     | 0.0  | 0.0       | 0.0          | false    | false    |
      | 16 January 2024  | Capitalized Income Amortization | 0.56   | 0.0       | 0.56     | 0.0  | 0.0       | 0.0          | false    | false    |
      | 17 January 2024  | Accrual                         | 0.02   | 0.0       | 0.02     | 0.0  | 0.0       | 0.0          | false    | false    |
      | 17 January 2024  | Capitalized Income Amortization | 0.56   | 0.0       | 0.56     | 0.0  | 0.0       | 0.0          | false    | false    |
      | 18 January 2024  | Accrual                         | 0.03   | 0.0       | 0.03     | 0.0  | 0.0       | 0.0          | false    | false    |
      | 18 January 2024  | Capitalized Income Amortization | 0.56   | 0.0       | 0.56     | 0.0  | 0.0       | 0.0          | false    | false    |
      | 19 January 2024  | Accrual                         | 0.03   | 0.0       | 0.03     | 0.0  | 0.0       | 0.0          | false    | false    |
      | 19 January 2024  | Capitalized Income Amortization | 0.56   | 0.0       | 0.56     | 0.0  | 0.0       | 0.0          | false    | false    |
      | 20 January 2024  | Accrual                         | 0.03   | 0.0       | 0.03     | 0.0  | 0.0       | 0.0          | false    | false    |
      | 20 January 2024  | Capitalized Income Amortization | 0.56   | 0.0       | 0.56     | 0.0  | 0.0       | 0.0          | false    | false    |
      | 21 January 2024  | Accrual                         | 0.03   | 0.0       | 0.03     | 0.0  | 0.0       | 0.0          | false    | false    |
      | 21 January 2024  | Capitalized Income Amortization | 0.56   | 0.0       | 0.56     | 0.0  | 0.0       | 0.0          | false    | false    |
      | 22 January 2024  | Accrual                         | 0.03   | 0.0       | 0.03     | 0.0  | 0.0       | 0.0          | false    | false    |
      | 22 January 2024  | Capitalized Income Amortization | 0.56   | 0.0       | 0.56     | 0.0  | 0.0       | 0.0          | false    | false    |
      | 23 January 2024  | Accrual                         | 0.03   | 0.0       | 0.03     | 0.0  | 0.0       | 0.0          | false    | false    |
      | 23 January 2024  | Capitalized Income Amortization | 0.56   | 0.0       | 0.56     | 0.0  | 0.0       | 0.0          | false    | false    |
      | 24 January 2024  | Accrual                         | 0.02   | 0.0       | 0.02     | 0.0  | 0.0       | 0.0          | false    | false    |
      | 24 January 2024  | Capitalized Income Amortization | 0.56   | 0.0       | 0.56     | 0.0  | 0.0       | 0.0          | false    | false    |
      | 25 January 2024  | Accrual                         | 0.03   | 0.0       | 0.03     | 0.0  | 0.0       | 0.0          | false    | false    |
      | 25 January 2024  | Capitalized Income Amortization | 0.56   | 0.0       | 0.56     | 0.0  | 0.0       | 0.0          | false    | false    |
      | 26 January 2024  | Accrual                         | 0.03   | 0.0       | 0.03     | 0.0  | 0.0       | 0.0          | false    | false    |
      | 26 January 2024  | Capitalized Income Amortization | 0.56   | 0.0       | 0.56     | 0.0  | 0.0       | 0.0          | false    | false    |
      | 27 January 2024  | Accrual                         | 0.03   | 0.0       | 0.03     | 0.0  | 0.0       | 0.0          | false    | false    |
      | 27 January 2024  | Capitalized Income Amortization | 0.56   | 0.0       | 0.56     | 0.0  | 0.0       | 0.0          | false    | false    |
      | 28 January 2024  | Accrual                         | 0.03   | 0.0       | 0.03     | 0.0  | 0.0       | 0.0          | false    | false    |
      | 28 January 2024  | Capitalized Income Amortization | 0.56   | 0.0       | 0.56     | 0.0  | 0.0       | 0.0          | false    | false    |
      | 29 January 2024  | Accrual                         | 0.03   | 0.0       | 0.03     | 0.0  | 0.0       | 0.0          | false    | false    |
      | 29 January 2024  | Capitalized Income Amortization | 0.56   | 0.0       | 0.56     | 0.0  | 0.0       | 0.0          | false    | false    |
      | 30 January 2024  | Accrual                         | 0.02   | 0.0       | 0.02     | 0.0  | 0.0       | 0.0          | false    | false    |
      | 30 January 2024  | Capitalized Income Amortization | 0.56   | 0.0       | 0.56     | 0.0  | 0.0       | 0.0          | false    | false    |
      | 31 January 2024  | Accrual                         | 0.03   | 0.0       | 0.03     | 0.0  | 0.0       | 0.0          | false    | false    |
      | 31 January 2024  | Capitalized Income Amortization | 0.56   | 0.0       | 0.56     | 0.0  | 0.0       | 0.0          | false    | false    |
      | 01 February 2024 | Accrual                         | 0.03   | 0.0       | 0.03     | 0.0  | 0.0       | 0.0          | false    | false    |
      | 01 February 2024 | Capitalized Income Amortization | 0.56   | 0.0       | 0.56     | 0.0  | 0.0       | 0.0          | false    | false    |
      | 02 February 2024 | Accrual                         | 0.03   | 0.0       | 0.03     | 0.0  | 0.0       | 0.0          | false    | false    |
      | 02 February 2024 | Capitalized Income Amortization | 0.56   | 0.0       | 0.56     | 0.0  | 0.0       | 0.0          | false    | false    |
      | 03 February 2024 | Accrual                         | 0.03   | 0.0       | 0.03     | 0.0  | 0.0       | 0.0          | false    | false    |
      | 03 February 2024 | Capitalized Income Amortization | 0.56   | 0.0       | 0.56     | 0.0  | 0.0       | 0.0          | false    | false    |
      | 04 February 2024 | Accrual                         | 0.03   | 0.0       | 0.03     | 0.0  | 0.0       | 0.0          | false    | false    |
      | 04 February 2024 | Capitalized Income Amortization | 0.57   | 0.0       | 0.57     | 0.0  | 0.0       | 0.0          | false    | false    |
      | 05 February 2024 | Accrual                         | 0.03   | 0.0       | 0.03     | 0.0  | 0.0       | 0.0          | false    | false    |
      | 05 February 2024 | Capitalized Income Amortization | 0.56   | 0.0       | 0.56     | 0.0  | 0.0       | 0.0          | false    | false    |
      | 06 February 2024 | Accrual                         | 0.03   | 0.0       | 0.03     | 0.0  | 0.0       | 0.0          | false    | false    |
      | 06 February 2024 | Capitalized Income Amortization | 0.56   | 0.0       | 0.56     | 0.0  | 0.0       | 0.0          | false    | false    |
      | 07 February 2024 | Accrual                         | 0.03   | 0.0       | 0.03     | 0.0  | 0.0       | 0.0          | false    | false    |
      | 07 February 2024 | Capitalized Income Amortization | 0.56   | 0.0       | 0.56     | 0.0  | 0.0       | 0.0          | false    | false    |
      | 08 February 2024 | Accrual                         | 0.03   | 0.0       | 0.03     | 0.0  | 0.0       | 0.0          | false    | false    |
      | 08 February 2024 | Capitalized Income Amortization | 0.56   | 0.0       | 0.56     | 0.0  | 0.0       | 0.0          | false    | false    |
      | 09 February 2024 | Accrual                         | 0.03   | 0.0       | 0.03     | 0.0  | 0.0       | 0.0          | false    | false    |
      | 09 February 2024 | Capitalized Income Amortization | 0.56   | 0.0       | 0.56     | 0.0  | 0.0       | 0.0          | false    | false    |
      | 10 February 2024 | Accrual                         | 0.03   | 0.0       | 0.03     | 0.0  | 0.0       | 0.0          | false    | false    |
      | 10 February 2024 | Capitalized Income Amortization | 0.56   | 0.0       | 0.56     | 0.0  | 0.0       | 0.0          | false    | false    |
      | 11 February 2024 | Accrual                         | 0.03   | 0.0       | 0.03     | 0.0  | 0.0       | 0.0          | false    | false    |
      | 11 February 2024 | Capitalized Income Amortization | 0.56   | 0.0       | 0.56     | 0.0  | 0.0       | 0.0          | false    | false    |
      | 12 February 2024 | Accrual                         | 0.03   | 0.0       | 0.03     | 0.0  | 0.0       | 0.0          | false    | false    |
      | 12 February 2024 | Capitalized Income Amortization | 0.56   | 0.0       | 0.56     | 0.0  | 0.0       | 0.0          | false    | false    |
      | 13 February 2024 | Accrual                         | 0.03   | 0.0       | 0.03     | 0.0  | 0.0       | 0.0          | false    | false    |
      | 13 February 2024 | Capitalized Income Amortization | 0.56   | 0.0       | 0.56     | 0.0  | 0.0       | 0.0          | false    | false    |
      | 14 February 2024 | Accrual                         | 0.03   | 0.0       | 0.03     | 0.0  | 0.0       | 0.0          | false    | false    |
      | 14 February 2024 | Capitalized Income Amortization | 0.56   | 0.0       | 0.56     | 0.0  | 0.0       | 0.0          | false    | false    |
      | 15 February 2024 | Accrual                         | 0.04   | 0.0       | 0.04     | 0.0  | 0.0       | 0.0          | false    | false    |
      | 15 February 2024 | Capitalized Income Amortization | 0.56   | 0.0       | 0.56     | 0.0  | 0.0       | 0.0          | false    | false    |
      | 16 February 2024 | Accrual                         | 0.03   | 0.0       | 0.03     | 0.0  | 0.0       | 0.0          | false    | false    |
      | 16 February 2024 | Capitalized Income Amortization | 0.56   | 0.0       | 0.56     | 0.0  | 0.0       | 0.0          | false    | false    |
      | 17 February 2024 | Accrual                         | 0.03   | 0.0       | 0.03     | 0.0  | 0.0       | 0.0          | false    | false    |
      | 17 February 2024 | Capitalized Income Amortization | 0.56   | 0.0       | 0.56     | 0.0  | 0.0       | 0.0          | false    | false    |
      | 18 February 2024 | Accrual                         | 0.03   | 0.0       | 0.03     | 0.0  | 0.0       | 0.0          | false    | false    |
      | 18 February 2024 | Capitalized Income Amortization | 0.56   | 0.0       | 0.56     | 0.0  | 0.0       | 0.0          | false    | false    |
      | 19 February 2024 | Accrual                         | 0.03   | 0.0       | 0.03     | 0.0  | 0.0       | 0.0          | false    | false    |
      | 19 February 2024 | Capitalized Income Amortization | 0.56   | 0.0       | 0.56     | 0.0  | 0.0       | 0.0          | false    | false    |
      | 20 February 2024 | Accrual                         | 0.03   | 0.0       | 0.03     | 0.0  | 0.0       | 0.0          | false    | false    |
      | 20 February 2024 | Capitalized Income Amortization | 0.56   | 0.0       | 0.56     | 0.0  | 0.0       | 0.0          | false    | false    |
      | 21 February 2024 | Accrual                         | 0.03   | 0.0       | 0.03     | 0.0  | 0.0       | 0.0          | false    | false    |
      | 21 February 2024 | Capitalized Income Amortization | 0.56   | 0.0       | 0.56     | 0.0  | 0.0       | 0.0          | false    | false    |
      | 22 February 2024 | Accrual                         | 0.03   | 0.0       | 0.03     | 0.0  | 0.0       | 0.0          | false    | false    |
      | 22 February 2024 | Capitalized Income Amortization | 0.56   | 0.0       | 0.56     | 0.0  | 0.0       | 0.0          | false    | false    |
      | 23 February 2024 | Accrual                         | 0.03   | 0.0       | 0.03     | 0.0  | 0.0       | 0.0          | false    | false    |
      | 23 February 2024 | Capitalized Income Amortization | 0.56   | 0.0       | 0.56     | 0.0  | 0.0       | 0.0          | false    | false    |
      | 24 February 2024 | Accrual                         | 0.03   | 0.0       | 0.03     | 0.0  | 0.0       | 0.0          | false    | false    |
      | 24 February 2024 | Capitalized Income Amortization | 0.56   | 0.0       | 0.56     | 0.0  | 0.0       | 0.0          | false    | false    |
      | 25 February 2024 | Accrual                         | 0.03   | 0.0       | 0.03     | 0.0  | 0.0       | 0.0          | false    | false    |
      | 25 February 2024 | Capitalized Income Amortization | 0.56   | 0.0       | 0.56     | 0.0  | 0.0       | 0.0          | false    | false    |
      | 26 February 2024 | Accrual                         | 0.03   | 0.0       | 0.03     | 0.0  | 0.0       | 0.0          | false    | false    |
      | 26 February 2024 | Capitalized Income Amortization | 0.57   | 0.0       | 0.57     | 0.0  | 0.0       | 0.0          | false    | false    |
      | 27 February 2024 | Accrual                         | 0.03   | 0.0       | 0.03     | 0.0  | 0.0       | 0.0          | false    | false    |
      | 27 February 2024 | Capitalized Income Amortization | 0.56   | 0.0       | 0.56     | 0.0  | 0.0       | 0.0          | false    | false    |
      | 28 February 2024 | Accrual                         | 0.03   | 0.0       | 0.03     | 0.0  | 0.0       | 0.0          | false    | false    |
      | 28 February 2024 | Capitalized Income Amortization | 0.56   | 0.0       | 0.56     | 0.0  | 0.0       | 0.0          | false    | false    |
      | 29 February 2024 | Accrual                         | 0.03   | 0.0       | 0.03     | 0.0  | 0.0       | 0.0          | false    | false    |
      | 29 February 2024 | Capitalized Income Amortization | 0.56   | 0.0       | 0.56     | 0.0  | 0.0       | 0.0          | false    | false    |
      | 01 March 2024    | Capitalized Income Adjustment   | 51.0   | 50.12     | 0.88     | 0.0  | 0.0       | 100.88       | false    | false    |
  [32m✔[39m [32m[1mAnd [22mDeferred Capitalized Income by external-id contains the following data:[39m                                                                     [90m# org.apache.fineract.test.stepdef.loan.LoanCapitalizedIncomeStepDef.verifyDeferredCapitalizedIncomeByExternalId(io.cucumber.datatable.DataTable)[39m
      | Amount | Amortized Amount | Unrecognized Amount | Adjusted Amount | Charged Off Amount |
      | 51.0   | 0.0              | 0.0                 | 51.0            | 0.0                |
  [32m✔[39m [32m[1mThen [22mLoan Transactions tab has a [1m"CAPITALIZED_INCOME_ADJUSTMENT"[22m transaction with date [1m"01 March 2024"[22m which has the following Journal entries:[39m [90m# org.apache.fineract.test.stepdef.common.JournalEntriesStepDef.journalEntryDataCheck(java.lang.String,java.lang.String,io.cucumber.datatable.DataTable)[39m
      | Type      | Account code | Account name                | Debit | Credit |
      | ASSET     | 112601       | Loans Receivable            |       | 50.12  |
      | ASSET     | 112603       | Interest/Fee Receivable     |       | 0.88   |
      | LIABILITY | 145024       | Deferred Capitalized Income | 51.0  |        |
  [32m✔[39m [32m[1mWhen [22mAdmin adds [1m"LOAN_SNOOZE_FEE"[22m due date charge with [1m"01 February 2024"[22m due date and [1m10[22m EUR transaction amount[39m                                [90m# org.apache.fineract.test.stepdef.loan.LoanChargeStepDef.addChargeDueDate(java.lang.String,java.lang.String,double)[39m
  [32m✔[39m [32m[1mThen [22mLoan Transactions tab has the following data:[39m                                                                                              [90m# org.apache.fineract.test.stepdef.loan.LoanStepDef.loanTransactionsTabCheck(io.cucumber.datatable.DataTable)[39m
      | Transaction date | Transaction Type                | Amount | Principal | Interest | Fees | Penalties | Loan Balance | Reverted | Replayed |
      | 01 January 2024  | Disbursement                    | 100.0  | 0.0       | 0.0      | 0.0  | 0.0       | 100.0        | false    | false    |
      | 01 January 2024  | Capitalized Income              | 51.0   | 51.0      | 0.0      | 0.0  | 0.0       | 151.0        | false    | false    |
      | 01 January 2024  | Capitalized Income Amortization | 0.56   | 0.0       | 0.56     | 0.0  | 0.0       | 0.0          | false    | false    |
      | 02 January 2024  | Accrual                         | 0.03   | 0.0       | 0.03     | 0.0  | 0.0       | 0.0          | false    | false    |
      | 02 January 2024  | Capitalized Income Amortization | 0.56   | 0.0       | 0.56     | 0.0  | 0.0       | 0.0          | false    | false    |
      | 03 January 2024  | Accrual                         | 0.03   | 0.0       | 0.03     | 0.0  | 0.0       | 0.0          | false    | false    |
      | 03 January 2024  | Capitalized Income Amortization | 0.56   | 0.0       | 0.56     | 0.0  | 0.0       | 0.0          | false    | false    |
      | 04 January 2024  | Accrual                         | 0.03   | 0.0       | 0.03     | 0.0  | 0.0       | 0.0          | false    | false    |
      | 04 January 2024  | Capitalized Income Amortization | 0.56   | 0.0       | 0.56     | 0.0  | 0.0       | 0.0          | false    | false    |
      | 05 January 2024  | Accrual                         | 0.02   | 0.0       | 0.02     | 0.0  | 0.0       | 0.0          | false    | false    |
      | 05 January 2024  | Capitalized Income Amortization | 0.56   | 0.0       | 0.56     | 0.0  | 0.0       | 0.0          | false    | false    |
      | 06 January 2024  | Accrual                         | 0.03   | 0.0       | 0.03     | 0.0  | 0.0       | 0.0          | false    | false    |
      | 06 January 2024  | Capitalized Income Amortization | 0.56   | 0.0       | 0.56     | 0.0  | 0.0       | 0.0          | false    | false    |
      | 07 January 2024  | Accrual                         | 0.03   | 0.0       | 0.03     | 0.0  | 0.0       | 0.0          | false    | false    |
      | 07 January 2024  | Capitalized Income Amortization | 0.56   | 0.0       | 0.56     | 0.0  | 0.0       | 0.0          | false    | false    |
      | 08 January 2024  | Accrual                         | 0.03   | 0.0       | 0.03     | 0.0  | 0.0       | 0.0          | false    | false    |
      | 08 January 2024  | Capitalized Income Amortization | 0.56   | 0.0       | 0.56     | 0.0  | 0.0       | 0.0          | false    | false    |
      | 09 January 2024  | Accrual                         | 0.03   | 0.0       | 0.03     | 0.0  | 0.0       | 0.0          | false    | false    |
      | 09 January 2024  | Capitalized Income Amortization | 0.56   | 0.0       | 0.56     | 0.0  | 0.0       | 0.0          | false    | false    |
      | 10 January 2024  | Accrual                         | 0.03   | 0.0       | 0.03     | 0.0  | 0.0       | 0.0          | false    | false    |
      | 10 January 2024  | Capitalized Income Amortization | 0.56   | 0.0       | 0.56     | 0.0  | 0.0       | 0.0          | false    | false    |
      | 11 January 2024  | Accrual                         | 0.02   | 0.0       | 0.02     | 0.0  | 0.0       | 0.0          | false    | false    |
      | 11 January 2024  | Capitalized Income Amortization | 0.56   | 0.0       | 0.56     | 0.0  | 0.0       | 0.0          | false    | false    |
      | 12 January 2024  | Accrual                         | 0.03   | 0.0       | 0.03     | 0.0  | 0.0       | 0.0          | false    | false    |
      | 12 January 2024  | Capitalized Income Amortization | 0.57   | 0.0       | 0.57     | 0.0  | 0.0       | 0.0          | false    | false    |
      | 13 January 2024  | Accrual                         | 0.03   | 0.0       | 0.03     | 0.0  | 0.0       | 0.0          | false    | false    |
      | 13 January 2024  | Capitalized Income Amortization | 0.56   | 0.0       | 0.56     | 0.0  | 0.0       | 0.0          | false    | false    |
      | 14 January 2024  | Accrual                         | 0.03   | 0.0       | 0.03     | 0.0  | 0.0       | 0.0          | false    | false    |
      | 14 January 2024  | Capitalized Income Amortization | 0.56   | 0.0       | 0.56     | 0.0  | 0.0       | 0.0          | false    | false    |
      | 15 January 2024  | Accrual                         | 0.03   | 0.0       | 0.03     | 0.0  | 0.0       | 0.0          | false    | false    |
      | 15 January 2024  | Capitalized Income Amortization | 0.56   | 0.0       | 0.56     | 0.0  | 0.0       | 0.0          | false    | false    |
      | 16 January 2024  | Accrual                         | 0.03   | 0.0       | 0.03     | 0.0  | 0.0       | 0.0          | false    | false    |
      | 16 January 2024  | Capitalized Income Amortization | 0.56   | 0.0       | 0.56     | 0.0  | 0.0       | 0.0          | false    | false    |
      | 17 January 2024  | Accrual                         | 0.02   | 0.0       | 0.02     | 0.0  | 0.0       | 0.0          | false    | false    |
      | 17 January 2024  | Capitalized Income Amortization | 0.56   | 0.0       | 0.56     | 0.0  | 0.0       | 0.0          | false    | false    |
      | 18 January 2024  | Accrual                         | 0.03   | 0.0       | 0.03     | 0.0  | 0.0       | 0.0          | false    | false    |
      | 18 January 2024  | Capitalized Income Amortization | 0.56   | 0.0       | 0.56     | 0.0  | 0.0       | 0.0          | false    | false    |
      | 19 January 2024  | Accrual                         | 0.03   | 0.0       | 0.03     | 0.0  | 0.0       | 0.0          | false    | false    |
      | 19 January 2024  | Capitalized Income Amortization | 0.56   | 0.0       | 0.56     | 0.0  | 0.0       | 0.0          | false    | false    |
      | 20 January 2024  | Accrual                         | 0.03   | 0.0       | 0.03     | 0.0  | 0.0       | 0.0          | false    | false    |
      | 20 January 2024  | Capitalized Income Amortization | 0.56   | 0.0       | 0.56     | 0.0  | 0.0       | 0.0          | false    | false    |
      | 21 January 2024  | Accrual                         | 0.03   | 0.0       | 0.03     | 0.0  | 0.0       | 0.0          | false    | false    |
      | 21 January 2024  | Capitalized Income Amortization | 0.56   | 0.0       | 0.56     | 0.0  | 0.0       | 0.0          | false    | false    |
      | 22 January 2024  | Accrual                         | 0.03   | 0.0       | 0.03     | 0.0  | 0.0       | 0.0          | false    | false    |
      | 22 January 2024  | Capitalized Income Amortization | 0.56   | 0.0       | 0.56     | 0.0  | 0.0       | 0.0          | false    | false    |
      | 23 January 2024  | Accrual                         | 0.03   | 0.0       | 0.03     | 0.0  | 0.0       | 0.0          | false    | false    |
      | 23 January 2024  | Capitalized Income Amortization | 0.56   | 0.0       | 0.56     | 0.0  | 0.0       | 0.0          | false    | false    |
      | 24 January 2024  | Accrual                         | 0.02   | 0.0       | 0.02     | 0.0  | 0.0       | 0.0          | false    | false    |
      | 24 January 2024  | Capitalized Income Amortization | 0.56   | 0.0       | 0.56     | 0.0  | 0.0       | 0.0          | false    | false    |
      | 25 January 2024  | Accrual                         | 0.03   | 0.0       | 0.03     | 0.0  | 0.0       | 0.0          | false    | false    |
      | 25 January 2024  | Capitalized Income Amortization | 0.56   | 0.0       | 0.56     | 0.0  | 0.0       | 0.0          | false    | false    |
      | 26 January 2024  | Accrual                         | 0.03   | 0.0       | 0.03     | 0.0  | 0.0       | 0.0          | false    | false    |
      | 26 January 2024  | Capitalized Income Amortization | 0.56   | 0.0       | 0.56     | 0.0  | 0.0       | 0.0          | false    | false    |
      | 27 January 2024  | Accrual                         | 0.03   | 0.0       | 0.03     | 0.0  | 0.0       | 0.0          | false    | false    |
      | 27 January 2024  | Capitalized Income Amortization | 0.56   | 0.0       | 0.56     | 0.0  | 0.0       | 0.0          | false    | false    |
      | 28 January 2024  | Accrual                         | 0.03   | 0.0       | 0.03     | 0.0  | 0.0       | 0.0          | false    | false    |
      | 28 January 2024  | Capitalized Income Amortization | 0.56   | 0.0       | 0.56     | 0.0  | 0.0       | 0.0          | false    | false    |
      | 29 January 2024  | Accrual                         | 0.03   | 0.0       | 0.03     | 0.0  | 0.0       | 0.0          | false    | false    |
      | 29 January 2024  | Capitalized Income Amortization | 0.56   | 0.0       | 0.56     | 0.0  | 0.0       | 0.0          | false    | false    |
      | 30 January 2024  | Accrual                         | 0.02   | 0.0       | 0.02     | 0.0  | 0.0       | 0.0          | false    | false    |
      | 30 January 2024  | Capitalized Income Amortization | 0.56   | 0.0       | 0.56     | 0.0  | 0.0       | 0.0          | false    | false    |
      | 31 January 2024  | Accrual                         | 0.03   | 0.0       | 0.03     | 0.0  | 0.0       | 0.0          | false    | false    |
      | 31 January 2024  | Capitalized Income Amortization | 0.56   | 0.0       | 0.56     | 0.0  | 0.0       | 0.0          | false    | false    |
      | 01 February 2024 | Accrual                         | 0.03   | 0.0       | 0.03     | 0.0  | 0.0       | 0.0          | false    | false    |
      | 01 February 2024 | Capitalized Income Amortization | 0.56   | 0.0       | 0.56     | 0.0  | 0.0       | 0.0          | false    | false    |
      | 02 February 2024 | Accrual                         | 0.03   | 0.0       | 0.03     | 0.0  | 0.0       | 0.0          | false    | false    |
      | 02 February 2024 | Capitalized Income Amortization | 0.56   | 0.0       | 0.56     | 0.0  | 0.0       | 0.0          | false    | false    |
      | 03 February 2024 | Accrual                         | 0.03   | 0.0       | 0.03     | 0.0  | 0.0       | 0.0          | false    | false    |
      | 03 February 2024 | Capitalized Income Amortization | 0.56   | 0.0       | 0.56     | 0.0  | 0.0       | 0.0          | false    | false    |
      | 04 February 2024 | Accrual                         | 0.03   | 0.0       | 0.03     | 0.0  | 0.0       | 0.0          | false    | false    |
      | 04 February 2024 | Capitalized Income Amortization | 0.57   | 0.0       | 0.57     | 0.0  | 0.0       | 0.0          | false    | false    |
      | 05 February 2024 | Accrual                         | 0.03   | 0.0       | 0.03     | 0.0  | 0.0       | 0.0          | false    | false    |
      | 05 February 2024 | Capitalized Income Amortization | 0.56   | 0.0       | 0.56     | 0.0  | 0.0       | 0.0          | false    | false    |
      | 06 February 2024 | Accrual                         | 0.03   | 0.0       | 0.03     | 0.0  | 0.0       | 0.0          | false    | false    |
      | 06 February 2024 | Capitalized Income Amortization | 0.56   | 0.0       | 0.56     | 0.0  | 0.0       | 0.0          | false    | false    |
      | 07 February 2024 | Accrual                         | 0.03   | 0.0       | 0.03     | 0.0  | 0.0       | 0.0          | false    | false    |
      | 07 February 2024 | Capitalized Income Amortization | 0.56   | 0.0       | 0.56     | 0.0  | 0.0       | 0.0          | false    | false    |
      | 08 February 2024 | Accrual                         | 0.03   | 0.0       | 0.03     | 0.0  | 0.0       | 0.0          | false    | false    |
      | 08 February 2024 | Capitalized Income Amortization | 0.56   | 0.0       | 0.56     | 0.0  | 0.0       | 0.0          | false    | false    |
      | 09 February 2024 | Accrual                         | 0.03   | 0.0       | 0.03     | 0.0  | 0.0       | 0.0          | false    | false    |
      | 09 February 2024 | Capitalized Income Amortization | 0.56   | 0.0       | 0.56     | 0.0  | 0.0       | 0.0          | false    | false    |
      | 10 February 2024 | Accrual                         | 0.03   | 0.0       | 0.03     | 0.0  | 0.0       | 0.0          | false    | false    |
      | 10 February 2024 | Capitalized Income Amortization | 0.56   | 0.0       | 0.56     | 0.0  | 0.0       | 0.0          | false    | false    |
      | 11 February 2024 | Accrual                         | 0.03   | 0.0       | 0.03     | 0.0  | 0.0       | 0.0          | false    | false    |
      | 11 February 2024 | Capitalized Income Amortization | 0.56   | 0.0       | 0.56     | 0.0  | 0.0       | 0.0          | false    | false    |
      | 12 February 2024 | Accrual                         | 0.03   | 0.0       | 0.03     | 0.0  | 0.0       | 0.0          | false    | false    |
      | 12 February 2024 | Capitalized Income Amortization | 0.56   | 0.0       | 0.56     | 0.0  | 0.0       | 0.0          | false    | false    |
      | 13 February 2024 | Accrual                         | 0.03   | 0.0       | 0.03     | 0.0  | 0.0       | 0.0          | false    | false    |
      | 13 February 2024 | Capitalized Income Amortization | 0.56   | 0.0       | 0.56     | 0.0  | 0.0       | 0.0          | false    | false    |
      | 14 February 2024 | Accrual                         | 0.03   | 0.0       | 0.03     | 0.0  | 0.0       | 0.0          | false    | false    |
      | 14 February 2024 | Capitalized Income Amortization | 0.56   | 0.0       | 0.56     | 0.0  | 0.0       | 0.0          | false    | false    |
      | 15 February 2024 | Accrual                         | 0.04   | 0.0       | 0.04     | 0.0  | 0.0       | 0.0          | false    | false    |
      | 15 February 2024 | Capitalized Income Amortization | 0.56   | 0.0       | 0.56     | 0.0  | 0.0       | 0.0          | false    | false    |
      | 16 February 2024 | Accrual                         | 0.03   | 0.0       | 0.03     | 0.0  | 0.0       | 0.0          | false    | false    |
      | 16 February 2024 | Capitalized Income Amortization | 0.56   | 0.0       | 0.56     | 0.0  | 0.0       | 0.0          | false    | false    |
      | 17 February 2024 | Accrual                         | 0.03   | 0.0       | 0.03     | 0.0  | 0.0       | 0.0          | false    | false    |
      | 17 February 2024 | Capitalized Income Amortization | 0.56   | 0.0       | 0.56     | 0.0  | 0.0       | 0.0          | false    | false    |
      | 18 February 2024 | Accrual                         | 0.03   | 0.0       | 0.03     | 0.0  | 0.0       | 0.0          | false    | false    |
      | 18 February 2024 | Capitalized Income Amortization | 0.56   | 0.0       | 0.56     | 0.0  | 0.0       | 0.0          | false    | false    |
      | 19 February 2024 | Accrual                         | 0.03   | 0.0       | 0.03     | 0.0  | 0.0       | 0.0          | false    | false    |
      | 19 February 2024 | Capitalized Income Amortization | 0.56   | 0.0       | 0.56     | 0.0  | 0.0       | 0.0          | false    | false    |
      | 20 February 2024 | Accrual                         | 0.03   | 0.0       | 0.03     | 0.0  | 0.0       | 0.0          | false    | false    |
      | 20 February 2024 | Capitalized Income Amortization | 0.56   | 0.0       | 0.56     | 0.0  | 0.0       | 0.0          | false    | false    |
      | 21 February 2024 | Accrual                         | 0.03   | 0.0       | 0.03     | 0.0  | 0.0       | 0.0          | false    | false    |
      | 21 February 2024 | Capitalized Income Amortization | 0.56   | 0.0       | 0.56     | 0.0  | 0.0       | 0.0          | false    | false    |
      | 22 February 2024 | Accrual                         | 0.03   | 0.0       | 0.03     | 0.0  | 0.0       | 0.0          | false    | false    |
      | 22 February 2024 | Capitalized Income Amortization | 0.56   | 0.0       | 0.56     | 0.0  | 0.0       | 0.0          | false    | false    |
      | 23 February 2024 | Accrual                         | 0.03   | 0.0       | 0.03     | 0.0  | 0.0       | 0.0          | false    | false    |
      | 23 February 2024 | Capitalized Income Amortization | 0.56   | 0.0       | 0.56     | 0.0  | 0.0       | 0.0          | false    | false    |
      | 24 February 2024 | Accrual                         | 0.03   | 0.0       | 0.03     | 0.0  | 0.0       | 0.0          | false    | false    |
      | 24 February 2024 | Capitalized Income Amortization | 0.56   | 0.0       | 0.56     | 0.0  | 0.0       | 0.0          | false    | false    |
      | 25 February 2024 | Accrual                         | 0.03   | 0.0       | 0.03     | 0.0  | 0.0       | 0.0          | false    | false    |
      | 25 February 2024 | Capitalized Income Amortization | 0.56   | 0.0       | 0.56     | 0.0  | 0.0       | 0.0          | false    | false    |
      | 26 February 2024 | Accrual                         | 0.03   | 0.0       | 0.03     | 0.0  | 0.0       | 0.0          | false    | false    |
      | 26 February 2024 | Capitalized Income Amortization | 0.57   | 0.0       | 0.57     | 0.0  | 0.0       | 0.0          | false    | false    |
      | 27 February 2024 | Accrual                         | 0.03   | 0.0       | 0.03     | 0.0  | 0.0       | 0.0          | false    | false    |
      | 27 February 2024 | Capitalized Income Amortization | 0.56   | 0.0       | 0.56     | 0.0  | 0.0       | 0.0          | false    | false    |
      | 28 February 2024 | Accrual                         | 0.03   | 0.0       | 0.03     | 0.0  | 0.0       | 0.0          | false    | false    |
      | 28 February 2024 | Capitalized Income Amortization | 0.56   | 0.0       | 0.56     | 0.0  | 0.0       | 0.0          | false    | false    |
      | 29 February 2024 | Accrual                         | 0.03   | 0.0       | 0.03     | 0.0  | 0.0       | 0.0          | false    | false    |
      | 29 February 2024 | Capitalized Income Amortization | 0.56   | 0.0       | 0.56     | 0.0  | 0.0       | 0.0          | false    | false    |
      | 01 March 2024    | Capitalized Income Adjustment   | 51.0   | 50.04     | 0.88     | 0.08 | 0.0       | 100.96       | false    | true     |
  [32m✔[39m [32m[1mThen [22mLoan Transactions tab has a [1m"CAPITALIZED_INCOME_ADJUSTMENT"[22m transaction with date [1m"01 March 2024"[22m which has the following Journal entries:[39m [90m# org.apache.fineract.test.stepdef.common.JournalEntriesStepDef.journalEntryDataCheck(java.lang.String,java.lang.String,io.cucumber.datatable.DataTable)[39m
      | Type      | Account code | Account name                | Debit | Credit |
      | ASSET     | 112601       | Loans Receivable            |       | 50.04  |
      | ASSET     | 112603       | Interest/Fee Receivable     |       | 0.96   |
      | LIABILITY | 145024       | Deferred Capitalized Income | 51.0  |        |
  [32m✔[39m [32m[1mAnd [22mDeferred Capitalized Income by external-id contains the following data:[39m                                                                     [90m# org.apache.fineract.test.stepdef.loan.LoanCapitalizedIncomeStepDef.verifyDeferredCapitalizedIncomeByExternalId(io.cucumber.datatable.DataTable)[39m
      | Amount | Amortized Amount | Unrecognized Amount | Adjusted Amount | Charged Off Amount |
      | 51.0   | 0.0              | 0.0                 | 51.0            | 0.0                |
  [32m✔[39m [32m[1mWhen [22mLoan Pay-off is made on [1m"01 March 2024"[22m[39m                                                                                                    [90m# org.apache.fineract.test.stepdef.loan.LoanRepaymentStepDef.makeLoanPayOff(java.lang.String)[39m
  [32m✔[39m [32m[1mThen [22mLoan is closed with zero outstanding balance and it's all installments have obligations met[39m                                                [90m# org.apache.fineract.test.stepdef.loan.LoanStepDef.loanClosedAndInstallmentsObligationsMet()[39m

@CapitalizedIncomeFeature @TestRailId:C3712
[1mScenario:[22m Verify Capitalized Income Adjustment validation - Total adjustment amount cannot exceed original transaction amount                           [90m# fineract-e2e-tests-runner/src/test/resources/features/LoanCapitalizedIncome-Part1.feature:3522[39m
  [32m✔[39m [32m[1mWhen [22mAdmin sets the business date to [1m"01 January 2024"[22m[39m                                                                                              [90m# org.apache.fineract.test.stepdef.common.BusinessDateStepDef.setBusinessDate(java.lang.String)[39m
  [32m✔[39m [32m[1mAnd [22mAdmin creates a client with random data[39m                                                                                                         [90m# org.apache.fineract.test.stepdef.common.ClientStepDef.createClientRandomFirstNameLastName()[39m
  [32m✔[39m [32m[1mWhen [22mAdmin creates a fully customized loan with the following data:[39m                                                                                 [90m# org.apache.fineract.test.stepdef.loan.LoanStepDef.createFullyCustomizedLoan(io.cucumber.datatable.DataTable)[39m
      | LoanProduct                                                                                       | submitted on date | with Principal | ANNUAL interest rate % | interest type     | interest calculation period | amortization type  | loanTermFrequency | loanTermFrequencyType | repaymentEvery | repaymentFrequencyType | numberOfRepayments | graceOnPrincipalPayment | graceOnInterestPayment | interest free period | Payment strategy            |
      | LP2_ADV_PYMNT_INTEREST_DAILY_EMI_360_30_INTEREST_RECALC_DAILY_CAPITALIZED_INCOME_ADJ_CUSTOM_ALLOC | 01 January 2024   | 150            | 7                      | DECLINING_BALANCE | DAILY                       | EQUAL_INSTALLMENTS | 3                 | MONTHS                | 1              | MONTHS                 | 3                  | 0                       | 0                      | 0                    | ADVANCED_PAYMENT_ALLOCATION |
  [32m✔[39m [32m[1mAnd [22mAdmin successfully approves the loan on [1m"01 January 2024"[22m with [1m"150"[22m amount and expected disbursement date on [1m"01 January 2024"[22m[39m                 [90m# org.apache.fineract.test.stepdef.loan.LoanStepDef.approveLoan(java.lang.String,java.lang.String,java.lang.String)[39m
  [32m✔[39m [32m[1mAnd [22mAdmin successfully disburse the loan on [1m"01 January 2024"[22m with [1m"100"[22m EUR transaction amount[39m                                                     [90m# org.apache.fineract.test.stepdef.loan.LoanStepDef.disburseLoan(java.lang.String,java.lang.String)[39m
  [32m✔[39m [32m[1mAnd [22mAdmin adds capitalized income with [1m"AUTOPAY"[22m payment type to the loan on [1m"01 January 2024"[22m with [1m"50"[22m EUR transaction amount[39m                     [90m# org.apache.fineract.test.stepdef.loan.LoanStepDef.adminAddsCapitalizedIncomeToTheLoanOnWithEURTransactionAmount(java.lang.String,java.lang.String,java.lang.String)[39m
  [32m✔[39m [32m[1mThen [22mLoan status will be [1m"ACTIVE"[22m[39m                                                                                                                   [90m# org.apache.fineract.test.stepdef.loan.LoanStepDef.loanStatus(java.lang.String)[39m
  [32m✔[39m [32m[1mWhen [22mAdmin sets the business date to [1m"01 February 2024"[22m[39m                                                                                             [90m# org.apache.fineract.test.stepdef.common.BusinessDateStepDef.setBusinessDate(java.lang.String)[39m
  [32m✔[39m [32m[1mAnd [22mAdmin adds invalid capitalized income adjustment with [1m"AUTOPAY"[22m payment type to the loan on [1m"01 February 2024"[22m with [1m"60"[22m EUR transaction amount[39m [90m# org.apache.fineract.test.stepdef.loan.LoanStepDef.adminAddsArbitraryCapitalizedIncomeAdjustmentToTheLoan(java.lang.String,java.lang.String,java.lang.String)[39m
  [32m✔[39m [32m[1mWhen [22mLoan Pay-off is made on [1m"01 February 2024"[22m[39m                                                                                                     [90m# org.apache.fineract.test.stepdef.loan.LoanRepaymentStepDef.makeLoanPayOff(java.lang.String)[39m
  [32m✔[39m [32m[1mThen [22mLoan is closed with zero outstanding balance and it's all installments have obligations met[39m                                                    [90m# org.apache.fineract.test.stepdef.loan.LoanStepDef.loanClosedAndInstallmentsObligationsMet()[39m

@CapitalizedIncomeFeature @TestRailId:C3713
[1mScenario:[22m Verify Capitalized Income Adjustment validation - Adjustment transaction date cannot be earlier than original transaction date                [90m# fineract-e2e-tests-runner/src/test/resources/features/LoanCapitalizedIncome-Part1.feature:3540[39m
  [32m✔[39m [32m[1mWhen [22mAdmin sets the business date to [1m"01 January 2024"[22m[39m                                                                                              [90m# org.apache.fineract.test.stepdef.common.BusinessDateStepDef.setBusinessDate(java.lang.String)[39m
  [32m✔[39m [32m[1mAnd [22mAdmin creates a client with random data[39m                                                                                                         [90m# org.apache.fineract.test.stepdef.common.ClientStepDef.createClientRandomFirstNameLastName()[39m
  [32m✔[39m [32m[1mWhen [22mAdmin creates a fully customized loan with the following data:[39m                                                                                 [90m# org.apache.fineract.test.stepdef.loan.LoanStepDef.createFullyCustomizedLoan(io.cucumber.datatable.DataTable)[39m
      | LoanProduct                                                                                       | submitted on date | with Principal | ANNUAL interest rate % | interest type     | interest calculation period | amortization type  | loanTermFrequency | loanTermFrequencyType | repaymentEvery | repaymentFrequencyType | numberOfRepayments | graceOnPrincipalPayment | graceOnInterestPayment | interest free period | Payment strategy            |
      | LP2_ADV_PYMNT_INTEREST_DAILY_EMI_360_30_INTEREST_RECALC_DAILY_CAPITALIZED_INCOME_ADJ_CUSTOM_ALLOC | 01 January 2024   | 150            | 7                      | DECLINING_BALANCE | DAILY                       | EQUAL_INSTALLMENTS | 3                 | MONTHS                | 1              | MONTHS                 | 3                  | 0                       | 0                      | 0                    | ADVANCED_PAYMENT_ALLOCATION |
  [32m✔[39m [32m[1mAnd [22mAdmin successfully approves the loan on [1m"01 January 2024"[22m with [1m"150"[22m amount and expected disbursement date on [1m"01 January 2024"[22m[39m                 [90m# org.apache.fineract.test.stepdef.loan.LoanStepDef.approveLoan(java.lang.String,java.lang.String,java.lang.String)[39m
  [32m✔[39m [32m[1mAnd [22mAdmin successfully disburse the loan on [1m"01 January 2024"[22m with [1m"100"[22m EUR transaction amount[39m                                                     [90m# org.apache.fineract.test.stepdef.loan.LoanStepDef.disburseLoan(java.lang.String,java.lang.String)[39m
  [32m✔[39m [32m[1mAnd [22mAdmin adds capitalized income with [1m"AUTOPAY"[22m payment type to the loan on [1m"01 January 2024"[22m with [1m"50"[22m EUR transaction amount[39m                     [90m# org.apache.fineract.test.stepdef.loan.LoanStepDef.adminAddsCapitalizedIncomeToTheLoanOnWithEURTransactionAmount(java.lang.String,java.lang.String,java.lang.String)[39m
  [32m✔[39m [32m[1mThen [22mLoan status will be [1m"ACTIVE"[22m[39m                                                                                                                   [90m# org.apache.fineract.test.stepdef.loan.LoanStepDef.loanStatus(java.lang.String)[39m
  [32m✔[39m [32m[1mWhen [22mAdmin sets the business date to [1m"01 February 2024"[22m[39m                                                                                             [90m# org.apache.fineract.test.stepdef.common.BusinessDateStepDef.setBusinessDate(java.lang.String)[39m
  [32m✔[39m [32m[1mAnd [22mAdmin adds invalid capitalized income adjustment with [1m"AUTOPAY"[22m payment type to the loan on [1m"31 December 2024"[22m with [1m"60"[22m EUR transaction amount[39m [90m# org.apache.fineract.test.stepdef.loan.LoanStepDef.adminAddsArbitraryCapitalizedIncomeAdjustmentToTheLoan(java.lang.String,java.lang.String,java.lang.String)[39m
  [32m✔[39m [32m[1mWhen [22mLoan Pay-off is made on [1m"01 February 2024"[22m[39m                                                                                                     [90m# org.apache.fineract.test.stepdef.loan.LoanRepaymentStepDef.makeLoanPayOff(java.lang.String)[39m
  [32m✔[39m [32m[1mThen [22mLoan is closed with zero outstanding balance and it's all installments have obligations met[39m                                                    [90m# org.apache.fineract.test.stepdef.loan.LoanStepDef.loanClosedAndInstallmentsObligationsMet()[39m

@CapitalizedIncomeFeature @TestRailId:C3714
[1mScenario:[22m Verify Capitalized Income Adjustment validation - Multiple adjustments cannot exceed original amount                                       [90m# fineract-e2e-tests-runner/src/test/resources/features/LoanCapitalizedIncome-Part1.feature:3558[39m
  [32m✔[39m [32m[1mWhen [22mAdmin sets the business date to [1m"01 January 2024"[22m[39m                                                                                           [90m# org.apache.fineract.test.stepdef.common.BusinessDateStepDef.setBusinessDate(java.lang.String)[39m
  [32m✔[39m [32m[1mAnd [22mAdmin creates a client with random data[39m                                                                                                      [90m# org.apache.fineract.test.stepdef.common.ClientStepDef.createClientRandomFirstNameLastName()[39m
  [32m✔[39m [32m[1mWhen [22mAdmin creates a fully customized loan with the following data:[39m                                                                              [90m# org.apache.fineract.test.stepdef.loan.LoanStepDef.createFullyCustomizedLoan(io.cucumber.datatable.DataTable)[39m
      | LoanProduct                                                                                       | submitted on date | with Principal | ANNUAL interest rate % | interest type     | interest calculation period | amortization type  | loanTermFrequency | loanTermFrequencyType | repaymentEvery | repaymentFrequencyType | numberOfRepayments | graceOnPrincipalPayment | graceOnInterestPayment | interest free period | Payment strategy            |
      | LP2_ADV_PYMNT_INTEREST_DAILY_EMI_360_30_INTEREST_RECALC_DAILY_CAPITALIZED_INCOME_ADJ_CUSTOM_ALLOC | 01 January 2024   | 150            | 7                      | DECLINING_BALANCE | DAILY                       | EQUAL_INSTALLMENTS | 3                 | MONTHS                | 1              | MONTHS                 | 3                  | 0                       | 0                      | 0                    | ADVANCED_PAYMENT_ALLOCATION |
  [32m✔[39m [32m[1mAnd [22mAdmin successfully approves the loan on [1m"01 January 2024"[22m with [1m"150"[22m amount and expected disbursement date on [1m"01 January 2024"[22m[39m              [90m# org.apache.fineract.test.stepdef.loan.LoanStepDef.approveLoan(java.lang.String,java.lang.String,java.lang.String)[39m
  [32m✔[39m [32m[1mAnd [22mAdmin successfully disburse the loan on [1m"01 January 2024"[22m with [1m"100"[22m EUR transaction amount[39m                                                  [90m# org.apache.fineract.test.stepdef.loan.LoanStepDef.disburseLoan(java.lang.String,java.lang.String)[39m
  [32m✔[39m [32m[1mAnd [22mAdmin adds capitalized income with [1m"AUTOPAY"[22m payment type to the loan on [1m"01 January 2024"[22m with [1m"50"[22m EUR transaction amount[39m                  [90m# org.apache.fineract.test.stepdef.loan.LoanStepDef.adminAddsCapitalizedIncomeToTheLoanOnWithEURTransactionAmount(java.lang.String,java.lang.String,java.lang.String)[39m
  [32m✔[39m [32m[1mThen [22mLoan status will be [1m"ACTIVE"[22m[39m                                                                                                                [90m# org.apache.fineract.test.stepdef.loan.LoanStepDef.loanStatus(java.lang.String)[39m
  [32m✔[39m [32m[1mWhen [22mAdmin sets the business date to [1m"01 February 2024"[22m[39m                                                                                          [90m# org.apache.fineract.test.stepdef.common.BusinessDateStepDef.setBusinessDate(java.lang.String)[39m
  [32m✔[39m [32m[1mAnd [22mAdmin adds capitalized income adjustment with [1m"AUTOPAY"[22m payment type to the loan on [1m"01 February 2024"[22m with [1m"30"[22m EUR transaction amount[39m      [90m# org.apache.fineract.test.stepdef.loan.LoanStepDef.adminAddsCapitalizedIncomeAdjustmentToTheLoan(java.lang.String,java.lang.String,java.lang.String)[39m
  [32m✔[39m [32m[1mWhen [22mAdmin sets the business date to [1m"01 March 2024"[22m[39m                                                                                             [90m# org.apache.fineract.test.stepdef.common.BusinessDateStepDef.setBusinessDate(java.lang.String)[39m
  [32m✔[39m [32m[1mAnd [22mAdmin adds invalid capitalized income adjustment with [1m"AUTOPAY"[22m payment type to the loan on [1m"01 March 2024"[22m with [1m"25"[22m EUR transaction amount[39m [90m# org.apache.fineract.test.stepdef.loan.LoanStepDef.adminAddsArbitraryCapitalizedIncomeAdjustmentToTheLoan(java.lang.String,java.lang.String,java.lang.String)[39m
  [32m✔[39m [32m[1mWhen [22mLoan Pay-off is made on [1m"01 March 2024"[22m[39m                                                                                                     [90m# org.apache.fineract.test.stepdef.loan.LoanRepaymentStepDef.makeLoanPayOff(java.lang.String)[39m
  [32m✔[39m [32m[1mThen [22mLoan is closed with zero outstanding balance and it's all installments have obligations met[39m                                                 [90m# org.apache.fineract.test.stepdef.loan.LoanStepDef.loanClosedAndInstallmentsObligationsMet()[39m

@CapitalizedIncomeFeature @TestRailId:C3715
[1mScenario:[22m Verify Capitalized Income Adjustment - Balance cannot go negative, set to zero instead                                                                         [90m# fineract-e2e-tests-runner/src/test/resources/features/LoanCapitalizedIncome-Part1.feature:3578[39m
  [32m✔[39m [32m[1mWhen [22mAdmin sets the business date to [1m"01 January 2024"[22m[39m                                                                                                               [90m# org.apache.fineract.test.stepdef.common.BusinessDateStepDef.setBusinessDate(java.lang.String)[39m
  [32m✔[39m [32m[1mAnd [22mAdmin creates a client with random data[39m                                                                                                                          [90m# org.apache.fineract.test.stepdef.common.ClientStepDef.createClientRandomFirstNameLastName()[39m
  [32m✔[39m [32m[1mWhen [22mAdmin creates a fully customized loan with the following data:[39m                                                                                                  [90m# org.apache.fineract.test.stepdef.loan.LoanStepDef.createFullyCustomizedLoan(io.cucumber.datatable.DataTable)[39m
      | LoanProduct                                                                                       | submitted on date | with Principal | ANNUAL interest rate % | interest type     | interest calculation period | amortization type  | loanTermFrequency | loanTermFrequencyType | repaymentEvery | repaymentFrequencyType | numberOfRepayments | graceOnPrincipalPayment | graceOnInterestPayment | interest free period | Payment strategy            |
      | LP2_ADV_PYMNT_INTEREST_DAILY_EMI_360_30_INTEREST_RECALC_DAILY_CAPITALIZED_INCOME_ADJ_CUSTOM_ALLOC | 01 January 2024   | 150            | 7                      | DECLINING_BALANCE | DAILY                       | EQUAL_INSTALLMENTS | 3                 | MONTHS                | 1              | MONTHS                 | 3                  | 0                       | 0                      | 0                    | ADVANCED_PAYMENT_ALLOCATION |
  [32m✔[39m [32m[1mAnd [22mAdmin successfully approves the loan on [1m"01 January 2024"[22m with [1m"150"[22m amount and expected disbursement date on [1m"01 January 2024"[22m[39m                                  [90m# org.apache.fineract.test.stepdef.loan.LoanStepDef.approveLoan(java.lang.String,java.lang.String,java.lang.String)[39m
  [32m✔[39m [32m[1mAnd [22mAdmin successfully disburse the loan on [1m"01 January 2024"[22m with [1m"100"[22m EUR transaction amount[39m                                                                      [90m# org.apache.fineract.test.stepdef.loan.LoanStepDef.disburseLoan(java.lang.String,java.lang.String)[39m
  [32m✔[39m [32m[1mAnd [22mAdmin adds capitalized income with [1m"AUTOPAY"[22m payment type to the loan on [1m"01 January 2024"[22m with [1m"50"[22m EUR transaction amount[39m                                      [90m# org.apache.fineract.test.stepdef.loan.LoanStepDef.adminAddsCapitalizedIncomeToTheLoanOnWithEURTransactionAmount(java.lang.String,java.lang.String,java.lang.String)[39m
  [32m✔[39m [32m[1mWhen [22mAdmin sets the business date to [1m"01 February 2024"[22m[39m                                                                                                              [90m# org.apache.fineract.test.stepdef.common.BusinessDateStepDef.setBusinessDate(java.lang.String)[39m
  [32m✔[39m [32m[1mWhen [22mCustomer makes [1m"REPAYMENT"[22m transaction with [1m"AUTOPAY"[22m payment type on [1m"01 February 2024"[22m with [1m50.58[22m EUR transaction amount and system-generated Idempotency key[39m [90m# org.apache.fineract.test.stepdef.loan.LoanStepDef.createTransactionWithAutoIdempotencyKey(java.lang.String,java.lang.String,java.lang.String,double)[39m
  [32m✔[39m [32m[1mWhen [22mAdmin sets the business date to [1m"02 February 2024"[22m[39m                                                                                                              [90m# org.apache.fineract.test.stepdef.common.BusinessDateStepDef.setBusinessDate(java.lang.String)[39m
  [32m✔[39m [32m[1mAnd [22mAdmin runs inline COB job for Loan[39m                                                                                                                               [90m# org.apache.fineract.test.stepdef.loan.InlineCOBStepDef.runInlineCOB()[39m
  [32m✔[39m [32m[1mThen [22mLoan Repayment schedule has [1m3[22m periods, with the following data for periods:[39m                                                                                     [90m# org.apache.fineract.test.stepdef.loan.LoanStepDef.loanRepaymentSchedulePeriodsCheck(int,io.cucumber.datatable.DataTable)[39m
      | Nr | Days | Date             | Paid date        | Balance of loan | Principal due | Interest | Fees | Penalties | Due   | Paid  | In advance | Late | Outstanding |
      |    |      | 01 January 2024  |                  | 100.0           |               |          | 0.0  |           | 0.0   | 0.0   |            |      |             |
      |    |      | 01 January 2024  |                  | 50.0            |               |          | 0.0  |           | 0.0   | 0.0   |            |      |             |
      | 1  | 31   | 01 February 2024 | 01 February 2024 | 100.29          | 49.71         | 0.87     | 0.0  | 0.0       | 50.58 | 50.58 | 0.0        | 0.0  | 0.0         |
      | 2  | 29   | 01 March 2024    |                  | 50.3            | 49.99         | 0.59     | 0.0  | 0.0       | 50.58 | 0.0   | 0.0        | 0.0  | 50.58       |
      | 3  | 31   | 01 April 2024    |                  | 0.0             | 50.3          | 0.29     | 0.0  | 0.0       | 50.59 | 0.0   | 0.0        | 0.0  | 50.59       |
  [32m✔[39m [32m[1mAnd [22mLoan Repayment schedule has the following data in Total row:[39m                                                                                                     [90m# org.apache.fineract.test.stepdef.loan.LoanStepDef.loanRepaymentScheduleAmountCheck(io.cucumber.datatable.DataTable)[39m
      | Principal due | Interest | Fees | Penalties | Due    | Paid  | In advance | Late | Outstanding |
      | 150.0         | 1.75     | 0.00 | 0.00      | 151.75 | 50.58 | 0.0        | 0.0  | 101.17      |
  [32m✔[39m [32m[1mAnd [22mLoan Transactions tab has the following data:[39m                                                                                                                    [90m# org.apache.fineract.test.stepdef.loan.LoanStepDef.loanTransactionsTabCheck(io.cucumber.datatable.DataTable)[39m
      | Transaction date | Transaction Type                | Amount | Principal | Interest | Fees | Penalties | Loan Balance | Reverted |
      | 01 January 2024  | Disbursement                    | 100.0  | 0.0       | 0.0      | 0.0  | 0.0       | 100.0        | false    |
      | 01 January 2024  | Capitalized Income              | 50.0   | 50.0      | 0.0      | 0.0  | 0.0       | 150.0        | false    |
      | 01 February 2024 | Repayment                       | 50.58  | 49.71     | 0.87     | 0.0  | 0.0       | 100.29       | false    |
      | 01 February 2024 | Accrual                         | 0.87   | 0.0       | 0.87     | 0.0  | 0.0       | 0.0          | false    |
      | 01 February 2024 | Capitalized Income Amortization | 17.58  | 0.0       | 17.58    | 0.0  | 0.0       | 0.0          | false    |
  [32m✔[39m [32m[1mAnd [22mDeferred Capitalized Income by external-id contains the following data:[39m                                                                                          [90m# org.apache.fineract.test.stepdef.loan.LoanCapitalizedIncomeStepDef.verifyDeferredCapitalizedIncomeByExternalId(io.cucumber.datatable.DataTable)[39m
      | Amount | Amortized Amount | Unrecognized Amount | Adjusted Amount | Charged Off Amount |
      | 50.0   | 17.58            | 32.42               | 0.0             | 0.0                |
  [32m✔[39m [32m[1mWhen [22mAdmin sets the business date to [1m"01 March 2024"[22m[39m                                                                                                                 [90m# org.apache.fineract.test.stepdef.common.BusinessDateStepDef.setBusinessDate(java.lang.String)[39m
  [32m✔[39m [32m[1mWhen [22mCustomer makes [1m"REPAYMENT"[22m transaction with [1m"AUTOPAY"[22m payment type on [1m"01 March 2024"[22m with [1m50.89[22m EUR transaction amount and system-generated Idempotency key[39m    [90m# org.apache.fineract.test.stepdef.loan.LoanStepDef.createTransactionWithAutoIdempotencyKey(java.lang.String,java.lang.String,java.lang.String,double)[39m
  [32m✔[39m [32m[1mWhen [22mAdmin sets the business date to [1m"02 March 2024"[22m[39m                                                                                                                 [90m# org.apache.fineract.test.stepdef.common.BusinessDateStepDef.setBusinessDate(java.lang.String)[39m
  [32m✔[39m [32m[1mAnd [22mAdmin adds capitalized income adjustment with [1m"AUTOPAY"[22m payment type to the loan on [1m"02 March 2024"[22m with [1m"50"[22m EUR transaction amount[39m                             [90m# org.apache.fineract.test.stepdef.loan.LoanStepDef.adminAddsCapitalizedIncomeAdjustmentToTheLoan(java.lang.String,java.lang.String,java.lang.String)[39m
  [32m✔[39m [32m[1mThen [22mLoan is closed with zero outstanding balance and it's all installments have obligations met[39m                                                                     [90m# org.apache.fineract.test.stepdef.loan.LoanStepDef.loanClosedAndInstallmentsObligationsMet()[39m
  [32m✔[39m [32m[1mThen [22mLoan Repayment schedule has [1m3[22m periods, with the following data for periods:[39m                                                                                     [90m# org.apache.fineract.test.stepdef.loan.LoanStepDef.loanRepaymentSchedulePeriodsCheck(int,io.cucumber.datatable.DataTable)[39m
      | Nr | Days | Date             | Paid date        | Balance of loan | Principal due | Interest | Fees | Penalties | Due   | Paid  | In advance | Late | Outstanding |
      |    |      | 01 January 2024  |                  | 100.0           |               |          | 0.0  |           | 0.0   | 0.0   |            |      |             |
      |    |      | 01 January 2024  |                  | 50.0            |               |          | 0.0  |           | 0.0   | 0.0   |            |      |             |
      | 1  | 31   | 01 February 2024 | 01 February 2024 | 100.29          | 49.71         | 0.87     | 0.0  | 0.0       | 50.58 | 50.58 | 0.0        | 0.0  | 0.0         |
      | 2  | 29   | 01 March 2024    | 01 March 2024    | 50.3            | 49.99         | 0.59     | 0.0  | 0.0       | 50.58 | 50.58 | 0.0        | 0.0  | 0.0         |
      | 3  | 31   | 01 April 2024    | 02 March 2024    | 0.0             | 50.3          | 0.01     | 0.0  | 0.0       | 50.31 | 50.31 | 50.31      | 0.0  | 0.0         |
  [32m✔[39m [32m[1mAnd [22mLoan Repayment schedule has the following data in Total row:[39m                                                                                                     [90m# org.apache.fineract.test.stepdef.loan.LoanStepDef.loanRepaymentScheduleAmountCheck(io.cucumber.datatable.DataTable)[39m
      | Principal due | Interest | Fees | Penalties | Due    | Paid   | In advance | Late | Outstanding |
      | 150.0         | 1.47     | 0.00 | 0.00      | 151.47 | 151.47 | 50.31      | 0.0  | 0.0         |
  [32m✔[39m [32m[1mAnd [22mLoan Transactions tab has the following data:[39m                                                                                                                    [90m# org.apache.fineract.test.stepdef.loan.LoanStepDef.loanTransactionsTabCheck(io.cucumber.datatable.DataTable)[39m
      | Transaction date | Transaction Type                           | Amount | Principal | Interest | Fees | Penalties | Loan Balance | Reverted |
      | 01 January 2024  | Disbursement                               | 100.0  | 0.0       | 0.0      | 0.0  | 0.0       | 100.0        | false    |
      | 01 January 2024  | Capitalized Income                         | 50.0   | 50.0      | 0.0      | 0.0  | 0.0       | 150.0        | false    |
      | 01 February 2024 | Repayment                                  | 50.58  | 49.71     | 0.87     | 0.0  | 0.0       | 100.29       | false    |
      | 01 February 2024 | Accrual                                    | 0.87   | 0.0       | 0.87     | 0.0  | 0.0       | 0.0          | false    |
      | 01 February 2024 | Capitalized Income Amortization            | 17.58  | 0.0       | 17.58    | 0.0  | 0.0       | 0.0          | false    |
      | 01 March 2024    | Repayment                                  | 50.89  | 50.3      | 0.59     | 0.0  | 0.0       | 49.99        | false    |
      | 02 March 2024    | Capitalized Income Adjustment              | 50.0   | 49.99     | 0.01     | 0.0  | 0.0       | 0.0          | false    |
      | 02 March 2024    | Accrual                                    | 0.6    | 0.0       | 0.6      | 0.0  | 0.0       | 0.0          | false    |
      | 02 March 2024    | Capitalized Income Amortization Adjustment | 17.58  | 0.0       | 17.58    | 0.0  | 0.0       | 0.0          | false    |
  [32m✔[39m [32m[1mAnd [22mDeferred Capitalized Income by external-id contains the following data:[39m                                                                                          [90m# org.apache.fineract.test.stepdef.loan.LoanCapitalizedIncomeStepDef.verifyDeferredCapitalizedIncomeByExternalId(io.cucumber.datatable.DataTable)[39m
      | Amount | Amortized Amount | Unrecognized Amount | Adjusted Amount | Charged Off Amount |
      | 50.0   | 0.0              | 0.0                 | 50.0            | 0.0                |

@CapitalizedIncomeFeature @TestRailId:C3716
[1mScenario:[22m Verify Capitalized Income/Adjustment validation - Transaction date can't be in a future                                               [90m# fineract-e2e-tests-runner/src/test/resources/features/LoanCapitalizedIncome-Part1.feature:3642[39m
  [32m✔[39m [32m[1mWhen [22mAdmin sets the business date to [1m"01 January 2024"[22m[39m                                                                                      [90m# org.apache.fineract.test.stepdef.common.BusinessDateStepDef.setBusinessDate(java.lang.String)[39m
  [32m✔[39m [32m[1mAnd [22mAdmin creates a client with random data[39m                                                                                                 [90m# org.apache.fineract.test.stepdef.common.ClientStepDef.createClientRandomFirstNameLastName()[39m
  [32m✔[39m [32m[1mWhen [22mAdmin creates a fully customized loan with the following data:[39m                                                                         [90m# org.apache.fineract.test.stepdef.loan.LoanStepDef.createFullyCustomizedLoan(io.cucumber.datatable.DataTable)[39m
      | LoanProduct                                                                                       | submitted on date | with Principal | ANNUAL interest rate % | interest type     | interest calculation period | amortization type  | loanTermFrequency | loanTermFrequencyType | repaymentEvery | repaymentFrequencyType | numberOfRepayments | graceOnPrincipalPayment | graceOnInterestPayment | interest free period | Payment strategy            |
      | LP2_ADV_PYMNT_INTEREST_DAILY_EMI_360_30_INTEREST_RECALC_DAILY_CAPITALIZED_INCOME_ADJ_CUSTOM_ALLOC | 01 January 2024   | 150            | 7                      | DECLINING_BALANCE | DAILY                       | EQUAL_INSTALLMENTS | 3                 | MONTHS                | 1              | MONTHS                 | 3                  | 0                       | 0                      | 0                    | ADVANCED_PAYMENT_ALLOCATION |
  [32m✔[39m [32m[1mAnd [22mAdmin successfully approves the loan on [1m"01 January 2024"[22m with [1m"150"[22m amount and expected disbursement date on [1m"01 January 2024"[22m[39m         [90m# org.apache.fineract.test.stepdef.loan.LoanStepDef.approveLoan(java.lang.String,java.lang.String,java.lang.String)[39m
  [32m✔[39m [32m[1mAnd [22mAdmin successfully disburse the loan on [1m"01 January 2024"[22m with [1m"50"[22m EUR transaction amount[39m                                              [90m# org.apache.fineract.test.stepdef.loan.LoanStepDef.disburseLoan(java.lang.String,java.lang.String)[39m
  [32m✔[39m [32m[1mThen [22mCapitalized income with payment type [1m"AUTOPAY"[22m on [1m"01 February 2024"[22m is forbidden with amount [1m"20"[22m due to future date[39m                  [90m# org.apache.fineract.test.stepdef.loan.LoanStepDef.capitalizedIncomeForbiddenFutureDate(java.lang.String,java.lang.String,java.lang.String)[39m
  [32m✔[39m [32m[1mAnd [22mAdmin adds capitalized income with [1m"AUTOPAY"[22m payment type to the loan on [1m"01 January 2024"[22m with [1m"50"[22m EUR transaction amount[39m             [90m# org.apache.fineract.test.stepdef.loan.LoanStepDef.adminAddsCapitalizedIncomeToTheLoanOnWithEURTransactionAmount(java.lang.String,java.lang.String,java.lang.String)[39m
  [32m✔[39m [32m[1mThen [22mLoan status will be [1m"ACTIVE"[22m[39m                                                                                                           [90m# org.apache.fineract.test.stepdef.loan.LoanStepDef.loanStatus(java.lang.String)[39m
  [32m✔[39m [32m[1mWhen [22mAdmin sets the business date to [1m"01 February 2024"[22m[39m                                                                                     [90m# org.apache.fineract.test.stepdef.common.BusinessDateStepDef.setBusinessDate(java.lang.String)[39m
  [32m✔[39m [32m[1mThen [22mCapitalized income with payment type [1m"AUTOPAY"[22m on [1m"01 March 2024"[22m is forbidden with amount [1m"20"[22m due to future date[39m                     [90m# org.apache.fineract.test.stepdef.loan.LoanStepDef.capitalizedIncomeForbiddenFutureDate(java.lang.String,java.lang.String,java.lang.String)[39m
  [32m✔[39m [32m[1mThen [22mCapitalized income adjustment with payment type [1m"AUTOPAY"[22m on [1m"01 March 2024"[22m is forbidden with amount [1m"20"[22m due to future date[39m          [90m# org.apache.fineract.test.stepdef.loan.LoanStepDef.capitalizedIncomeAdjustmentForbiddenFutureDate(java.lang.String,java.lang.String,java.lang.String)[39m
  [32m✔[39m [32m[1mAnd [22mAdmin adds capitalized income adjustment with [1m"AUTOPAY"[22m payment type to the loan on [1m"01 February 2024"[22m with [1m"30"[22m EUR transaction amount[39m [90m# org.apache.fineract.test.stepdef.loan.LoanStepDef.adminAddsCapitalizedIncomeAdjustmentToTheLoan(java.lang.String,java.lang.String,java.lang.String)[39m
  [32m✔[39m [32m[1mThen [22mCapitalized income adjustment with payment type [1m"AUTOPAY"[22m on [1m"01 April 2024"[22m is forbidden with amount [1m"10"[22m due to future date[39m          [90m# org.apache.fineract.test.stepdef.loan.LoanStepDef.capitalizedIncomeAdjustmentForbiddenFutureDate(java.lang.String,java.lang.String,java.lang.String)[39m
  [32m✔[39m [32m[1mWhen [22mLoan Pay-off is made on [1m"01 February 2024"[22m[39m                                                                                             [90m# org.apache.fineract.test.stepdef.loan.LoanRepaymentStepDef.makeLoanPayOff(java.lang.String)[39m
  [32m✔[39m [32m[1mThen [22mLoan is closed with zero outstanding balance and it's all installments have obligations met[39m                                            [90m# org.apache.fineract.test.stepdef.loan.LoanStepDef.loanClosedAndInstallmentsObligationsMet()[39m

@CapitalizedIncomeFeature @TestRailId:C3717
[1mScenario:[22m Verify Capitalized Income validation while run COB at first day of loan                                                       [90m# fineract-e2e-tests-runner/src/test/resources/features/LoanCapitalizedIncome-Part1.feature:3665[39m
  [32m✔[39m [32m[1mWhen [22mAdmin sets the business date to [1m"01 January 2024"[22m[39m                                                                              [90m# org.apache.fineract.test.stepdef.common.BusinessDateStepDef.setBusinessDate(java.lang.String)[39m
  [32m✔[39m [32m[1mAnd [22mAdmin creates a client with random data[39m                                                                                         [90m# org.apache.fineract.test.stepdef.common.ClientStepDef.createClientRandomFirstNameLastName()[39m
  [32m✔[39m [32m[1mWhen [22mAdmin creates a fully customized loan with the following data:[39m                                                                 [90m# org.apache.fineract.test.stepdef.loan.LoanStepDef.createFullyCustomizedLoan(io.cucumber.datatable.DataTable)[39m
      | LoanProduct                                                                                       | submitted on date | with Principal | ANNUAL interest rate % | interest type     | interest calculation period | amortization type  | loanTermFrequency | loanTermFrequencyType | repaymentEvery | repaymentFrequencyType | numberOfRepayments | graceOnPrincipalPayment | graceOnInterestPayment | interest free period | Payment strategy            |
      | LP2_ADV_PYMNT_INTEREST_DAILY_EMI_360_30_INTEREST_RECALC_DAILY_CAPITALIZED_INCOME_ADJ_CUSTOM_ALLOC | 01 January 2024   | 150            | 7                      | DECLINING_BALANCE | DAILY                       | EQUAL_INSTALLMENTS | 3                 | MONTHS                | 1              | MONTHS                 | 3                  | 0                       | 0                      | 0                    | ADVANCED_PAYMENT_ALLOCATION |
  [32m✔[39m [32m[1mAnd [22mAdmin successfully approves the loan on [1m"01 January 2024"[22m with [1m"150"[22m amount and expected disbursement date on [1m"01 January 2024"[22m[39m [90m# org.apache.fineract.test.stepdef.loan.LoanStepDef.approveLoan(java.lang.String,java.lang.String,java.lang.String)[39m
  [32m✔[39m [32m[1mAnd [22mAdmin successfully disburse the loan on [1m"01 January 2024"[22m with [1m"100"[22m EUR transaction amount[39m                                     [90m# org.apache.fineract.test.stepdef.loan.LoanStepDef.disburseLoan(java.lang.String,java.lang.String)[39m
  [32m✔[39m [32m[1mAnd [22mAdmin adds capitalized income with [1m"AUTOPAY"[22m payment type to the loan on [1m"01 January 2024"[22m with [1m"50"[22m EUR transaction amount[39m     [90m# org.apache.fineract.test.stepdef.loan.LoanStepDef.adminAddsCapitalizedIncomeToTheLoanOnWithEURTransactionAmount(java.lang.String,java.lang.String,java.lang.String)[39m
  [32m✔[39m [32m[1mAnd [22mAdmin runs inline COB job for Loan[39m                                                                                              [90m# org.apache.fineract.test.stepdef.loan.InlineCOBStepDef.runInlineCOB()[39m
  [32m✔[39m [32m[1mThen [22mLoan Repayment schedule has [1m3[22m periods, with the following data for periods:[39m                                                    [90m# org.apache.fineract.test.stepdef.loan.LoanStepDef.loanRepaymentSchedulePeriodsCheck(int,io.cucumber.datatable.DataTable)[39m
      | Nr | Days | Date             | Paid date | Balance of loan | Principal due | Interest | Fees | Penalties | Due   | Paid | In advance | Late | Outstanding |
      |    |      | 01 January 2024  |           | 100.0           |               |          | 0.0  |           | 0.0   | 0.0  |            |      |             |
      |    |      | 01 January 2024  |           | 50.0            |               |          | 0.0  |           | 0.0   | 0.0  |            |      |             |
      | 1  | 31   | 01 February 2024 |           | 100.29          | 49.71         | 0.87     | 0.0  | 0.0       | 50.58 | 0.0  | 0.0        | 0.0  | 50.58       |
      | 2  | 29   | 01 March 2024    |           | 50.3            | 49.99         | 0.59     | 0.0  | 0.0       | 50.58 | 0.0  | 0.0        | 0.0  | 50.58       |
      | 3  | 31   | 01 April 2024    |           | 0.0             | 50.3          | 0.29     | 0.0  | 0.0       | 50.59 | 0.0  | 0.0        | 0.0  | 50.59       |
  [32m✔[39m [32m[1mAnd [22mLoan Repayment schedule has the following data in Total row:[39m                                                                    [90m# org.apache.fineract.test.stepdef.loan.LoanStepDef.loanRepaymentScheduleAmountCheck(io.cucumber.datatable.DataTable)[39m
      | Principal due | Interest | Fees | Penalties | Due    | Paid | In advance | Late | Outstanding |
      | 150.0         | 1.75     | 0.00 | 0.00      | 151.75 | 0.0  | 0.0        | 0.0  | 151.75      |
  [32m✔[39m [32m[1mAnd [22mLoan Transactions tab has the following data:[39m                                                                                   [90m# org.apache.fineract.test.stepdef.loan.LoanStepDef.loanTransactionsTabCheck(io.cucumber.datatable.DataTable)[39m
      | Transaction date | Transaction Type   | Amount | Principal | Interest | Fees | Penalties | Loan Balance | Reverted |
      | 01 January 2024  | Disbursement       | 100.0  | 0.0       | 0.0      | 0.0  | 0.0       | 100.0        | false    |
      | 01 January 2024  | Capitalized Income | 50.0   | 50.0      | 0.0      | 0.0  | 0.0       | 150.0        | false    |
  [32m✔[39m [32m[1mWhen [22mAdmin sets the business date to [1m"02 January 2024"[22m[39m                                                                              [90m# org.apache.fineract.test.stepdef.common.BusinessDateStepDef.setBusinessDate(java.lang.String)[39m
  [32m✔[39m [32m[1mAnd [22mAdmin runs inline COB job for Loan[39m                                                                                              [90m# org.apache.fineract.test.stepdef.loan.InlineCOBStepDef.runInlineCOB()[39m
  [32m✔[39m [32m[1mAnd [22mLoan Transactions tab has the following data:[39m                                                                                   [90m# org.apache.fineract.test.stepdef.loan.LoanStepDef.loanTransactionsTabCheck(io.cucumber.datatable.DataTable)[39m
      | Transaction date | Transaction Type                | Amount | Principal | Interest | Fees | Penalties | Loan Balance | Reverted | Replayed |
      | 01 January 2024  | Disbursement                    | 100.0  | 0.0       | 0.0      | 0.0  | 0.0       | 100.0        | false    | false    |
      | 01 January 2024  | Capitalized Income              | 50.0   | 50.0      | 0.0      | 0.0  | 0.0       | 150.0        | false    | false    |
      | 01 January 2024  | Capitalized Income Amortization | 0.55   | 0.0       | 0.55     | 0.0  | 0.0       | 0.0          | false    | false    |
  [32m✔[39m [32m[1mWhen [22mLoan Pay-off is made on [1m"02 January 2024"[22m[39m                                                                                      [90m# org.apache.fineract.test.stepdef.loan.LoanRepaymentStepDef.makeLoanPayOff(java.lang.String)[39m
  [32m✔[39m [32m[1mThen [22mLoan is closed with zero outstanding balance and it's all installments have obligations met[39m                                    [90m# org.apache.fineract.test.stepdef.loan.LoanStepDef.loanClosedAndInstallmentsObligationsMet()[39m

@CapitalizedIncomeFeature @TestRailId:C3718
[1mScenario:[22m Verify Capitalized Income Adjustment validation while run COB at first day of loan                                                   [90m# fineract-e2e-tests-runner/src/test/resources/features/LoanCapitalizedIncome-Part1.feature:3701[39m
  [32m✔[39m [32m[1mWhen [22mAdmin sets the business date to [1m"01 January 2024"[22m[39m                                                                                     [90m# org.apache.fineract.test.stepdef.common.BusinessDateStepDef.setBusinessDate(java.lang.String)[39m
  [32m✔[39m [32m[1mAnd [22mAdmin creates a client with random data[39m                                                                                                [90m# org.apache.fineract.test.stepdef.common.ClientStepDef.createClientRandomFirstNameLastName()[39m
  [32m✔[39m [32m[1mWhen [22mAdmin creates a fully customized loan with the following data:[39m                                                                        [90m# org.apache.fineract.test.stepdef.loan.LoanStepDef.createFullyCustomizedLoan(io.cucumber.datatable.DataTable)[39m
      | LoanProduct                                                                                       | submitted on date | with Principal | ANNUAL interest rate % | interest type     | interest calculation period | amortization type  | loanTermFrequency | loanTermFrequencyType | repaymentEvery | repaymentFrequencyType | numberOfRepayments | graceOnPrincipalPayment | graceOnInterestPayment | interest free period | Payment strategy            |
      | LP2_ADV_PYMNT_INTEREST_DAILY_EMI_360_30_INTEREST_RECALC_DAILY_CAPITALIZED_INCOME_ADJ_CUSTOM_ALLOC | 01 January 2024   | 200            | 7                      | DECLINING_BALANCE | DAILY                       | EQUAL_INSTALLMENTS | 3                 | MONTHS                | 1              | MONTHS                 | 3                  | 0                       | 0                      | 0                    | ADVANCED_PAYMENT_ALLOCATION |
  [32m✔[39m [32m[1mAnd [22mAdmin successfully approves the loan on [1m"01 January 2024"[22m with [1m"200"[22m amount and expected disbursement date on [1m"01 January 2024"[22m[39m        [90m# org.apache.fineract.test.stepdef.loan.LoanStepDef.approveLoan(java.lang.String,java.lang.String,java.lang.String)[39m
  [32m✔[39m [32m[1mAnd [22mAdmin successfully disburse the loan on [1m"01 January 2024"[22m with [1m"100"[22m EUR transaction amount[39m                                            [90m# org.apache.fineract.test.stepdef.loan.LoanStepDef.disburseLoan(java.lang.String,java.lang.String)[39m
  [32m✔[39m [32m[1mAnd [22mAdmin adds capitalized income with [1m"AUTOPAY"[22m payment type to the loan on [1m"01 January 2024"[22m with [1m"50"[22m EUR transaction amount[39m            [90m# org.apache.fineract.test.stepdef.loan.LoanStepDef.adminAddsCapitalizedIncomeToTheLoanOnWithEURTransactionAmount(java.lang.String,java.lang.String,java.lang.String)[39m
  [32m✔[39m [32m[1mAnd [22mAdmin adds capitalized income adjustment with [1m"AUTOPAY"[22m payment type to the loan on [1m"01 January 2024"[22m with [1m"40"[22m EUR transaction amount[39m [90m# org.apache.fineract.test.stepdef.loan.LoanStepDef.adminAddsCapitalizedIncomeAdjustmentToTheLoan(java.lang.String,java.lang.String,java.lang.String)[39m
  [32m✔[39m [32m[1mAnd [22mAdmin runs inline COB job for Loan[39m                                                                                                     [90m# org.apache.fineract.test.stepdef.loan.InlineCOBStepDef.runInlineCOB()[39m
  [32m✔[39m [32m[1mThen [22mLoan Repayment schedule has [1m3[22m periods, with the following data for periods:[39m                                                           [90m# org.apache.fineract.test.stepdef.loan.LoanStepDef.loanRepaymentSchedulePeriodsCheck(int,io.cucumber.datatable.DataTable)[39m
      | Nr | Days | Date             | Paid date | Balance of loan | Principal due | Interest | Fees | Penalties | Due   | Paid | In advance | Late | Outstanding |
      |    |      | 01 January 2024  |           | 100.0           |               |          | 0.0  |           | 0.0   | 0.0  |            |      |             |
      |    |      | 01 January 2024  |           | 50.0            |               |          | 0.0  |           | 0.0   | 0.0  |            |      |             |
      | 1  | 31   | 01 February 2024 |           | 100.06          | 49.94         | 0.64     | 0.0  | 0.0       | 50.58 | 40.0 | 40.0       | 0.0  | 10.58       |
      | 2  | 29   | 01 March 2024    |           | 50.06           | 50.0          | 0.58     | 0.0  | 0.0       | 50.58 | 0.0  | 0.0        | 0.0  | 50.58       |
      | 3  | 31   | 01 April 2024    |           | 0.0             | 50.06         | 0.29     | 0.0  | 0.0       | 50.35 | 0.0  | 0.0        | 0.0  | 50.35       |
  [32m✔[39m [32m[1mAnd [22mLoan Repayment schedule has the following data in Total row:[39m                                                                           [90m# org.apache.fineract.test.stepdef.loan.LoanStepDef.loanRepaymentScheduleAmountCheck(io.cucumber.datatable.DataTable)[39m
      | Principal due | Interest | Fees | Penalties | Due    | Paid | In advance | Late | Outstanding |
      | 150.0         | 1.51     | 0.00 | 0.00      | 151.51 | 40.0 | 40.0       | 0.0  | 111.51      |
  [32m✔[39m [32m[1mAnd [22mLoan Transactions tab has the following data:[39m                                                                                          [90m# org.apache.fineract.test.stepdef.loan.LoanStepDef.loanTransactionsTabCheck(io.cucumber.datatable.DataTable)[39m
      | Transaction date | Transaction Type              | Amount | Principal | Interest | Fees | Penalties | Loan Balance | Reverted | Replayed |
      | 01 January 2024  | Disbursement                  | 100.0  | 0.0       | 0.0      | 0.0  | 0.0       | 100.0        | false    | false    |
      | 01 January 2024  | Capitalized Income            | 50.0   | 50.0      | 0.0      | 0.0  | 0.0       | 150.0        | false    | false    |
      | 01 January 2024  | Capitalized Income Adjustment | 40.0   | 40.0      | 0.0      | 0.0  | 0.0       | 110.0        | false    | false    |
  [32m✔[39m [32m[1mWhen [22mAdmin sets the business date to [1m"02 January 2024"[22m[39m                                                                                     [90m# org.apache.fineract.test.stepdef.common.BusinessDateStepDef.setBusinessDate(java.lang.String)[39m
  [32m✔[39m [32m[1mAnd [22mAdmin runs inline COB job for Loan[39m                                                                                                     [90m# org.apache.fineract.test.stepdef.loan.InlineCOBStepDef.runInlineCOB()[39m
  [32m✔[39m [32m[1mAnd [22mLoan Transactions tab has the following data:[39m                                                                                          [90m# org.apache.fineract.test.stepdef.loan.LoanStepDef.loanTransactionsTabCheck(io.cucumber.datatable.DataTable)[39m
      | Transaction date | Transaction Type                | Amount | Principal | Interest | Fees | Penalties | Loan Balance | Reverted | Replayed |
      | 01 January 2024  | Disbursement                    | 100.0  | 0.0       | 0.0      | 0.0  | 0.0       | 100.0        | false    | false    |
      | 01 January 2024  | Capitalized Income              | 50.0   | 50.0      | 0.0      | 0.0  | 0.0       | 150.0        | false    | false    |
      | 01 January 2024  | Capitalized Income Adjustment   | 40.0   | 40.0      | 0.0      | 0.0  | 0.0       | 110.0        | false    | false    |
      | 01 January 2024  | Capitalized Income Amortization | 0.11   | 0.0       | 0.11     | 0.0  | 0.0       | 0.0          | false    | false    |
  [32m✔[39m [32m[1mAnd [22mDeferred Capitalized Income by external-id contains the following data:[39m                                                                [90m# org.apache.fineract.test.stepdef.loan.LoanCapitalizedIncomeStepDef.verifyDeferredCapitalizedIncomeByExternalId(io.cucumber.datatable.DataTable)[39m
      | Amount | Amortized Amount | Unrecognized Amount | Adjusted Amount | Charged Off Amount |
      | 50.0   | 0.11             | 9.89                | 40.0            | 0.0                |
  [32m✔[39m [32m[1mWhen [22mLoan Pay-off is made on [1m"02 January 2024"[22m[39m                                                                                             [90m# org.apache.fineract.test.stepdef.loan.LoanRepaymentStepDef.makeLoanPayOff(java.lang.String)[39m
  [32m✔[39m [32m[1mThen [22mLoan is closed with zero outstanding balance and it's all installments have obligations met[39m                                           [90m# org.apache.fineract.test.stepdef.loan.LoanStepDef.loanClosedAndInstallmentsObligationsMet()[39m

@CapitalizedIncomeFeature @TestRailId:C3704
[1mScenario:[22m Verify Capitalized Income adjustment reverse - UC1                                                                                        [90m# fineract-e2e-tests-runner/src/test/resources/features/LoanCapitalizedIncome-Part1.feature:3743[39m
  [32m✔[39m [32m[1mWhen [22mAdmin sets the business date to [1m"01 January 2024"[22m[39m                                                                                          [90m# org.apache.fineract.test.stepdef.common.BusinessDateStepDef.setBusinessDate(java.lang.String)[39m
  [32m✔[39m [32m[1mAnd [22mAdmin creates a client with random data[39m                                                                                                     [90m# org.apache.fineract.test.stepdef.common.ClientStepDef.createClientRandomFirstNameLastName()[39m
  [32m✔[39m [32m[1mWhen [22mAdmin creates a fully customized loan with the following data:[39m                                                                             [90m# org.apache.fineract.test.stepdef.loan.LoanStepDef.createFullyCustomizedLoan(io.cucumber.datatable.DataTable)[39m
      | LoanProduct                                                                                       | submitted on date | with Principal | ANNUAL interest rate % | interest type     | interest calculation period | amortization type  | loanTermFrequency | loanTermFrequencyType | repaymentEvery | repaymentFrequencyType | numberOfRepayments | graceOnPrincipalPayment | graceOnInterestPayment | interest free period | Payment strategy            |
      | LP2_ADV_PYMNT_INTEREST_DAILY_EMI_360_30_INTEREST_RECALC_DAILY_CAPITALIZED_INCOME_ADJ_CUSTOM_ALLOC | 01 January 2024   | 150            | 7                      | DECLINING_BALANCE | DAILY                       | EQUAL_INSTALLMENTS | 3                 | MONTHS                | 1              | MONTHS                 | 3                  | 0                       | 0                      | 0                    | ADVANCED_PAYMENT_ALLOCATION |
  [32m✔[39m [32m[1mAnd [22mAdmin successfully approves the loan on [1m"01 January 2024"[22m with [1m"150"[22m amount and expected disbursement date on [1m"01 January 2024"[22m[39m             [90m# org.apache.fineract.test.stepdef.loan.LoanStepDef.approveLoan(java.lang.String,java.lang.String,java.lang.String)[39m
  [32m✔[39m [32m[1mAnd [22mAdmin successfully disburse the loan on [1m"01 January 2024"[22m with [1m"100"[22m EUR transaction amount[39m                                                 [90m# org.apache.fineract.test.stepdef.loan.LoanStepDef.disburseLoan(java.lang.String,java.lang.String)[39m
  [32m✔[39m [32m[1mAnd [22mAdmin adds capitalized income with [1m"AUTOPAY"[22m payment type to the loan on [1m"01 January 2024"[22m with [1m"50"[22m EUR transaction amount[39m                 [90m# org.apache.fineract.test.stepdef.loan.LoanStepDef.adminAddsCapitalizedIncomeToTheLoanOnWithEURTransactionAmount(java.lang.String,java.lang.String,java.lang.String)[39m
  [32m✔[39m [32m[1mWhen [22mAdmin sets the business date to [1m"02 January 2024"[22m[39m                                                                                          [90m# org.apache.fineract.test.stepdef.common.BusinessDateStepDef.setBusinessDate(java.lang.String)[39m
  [32m✔[39m [32m[1mAnd [22mAdmin runs inline COB job for Loan[39m                                                                                                          [90m# org.apache.fineract.test.stepdef.loan.InlineCOBStepDef.runInlineCOB()[39m
  [32m✔[39m [32m[1mThen [22mLoan status will be [1m"ACTIVE"[22m[39m                                                                                                               [90m# org.apache.fineract.test.stepdef.loan.LoanStepDef.loanStatus(java.lang.String)[39m
  [32m✔[39m [32m[1mWhen [22mAdmin sets the business date to [1m"01 March 2024"[22m[39m                                                                                            [90m# org.apache.fineract.test.stepdef.common.BusinessDateStepDef.setBusinessDate(java.lang.String)[39m
  [32m✔[39m [32m[1mAnd [22mAdmin runs inline COB job for Loan[39m                                                                                                          [90m# org.apache.fineract.test.stepdef.loan.InlineCOBStepDef.runInlineCOB()[39m
  [32m✔[39m [32m[1mAnd [22mAdmin adds capitalized income adjustment with [1m"AUTOPAY"[22m payment type to the loan on [1m"01 March 2024"[22m with [1m"40"[22m EUR transaction amount[39m        [90m# org.apache.fineract.test.stepdef.loan.LoanStepDef.adminAddsCapitalizedIncomeAdjustmentToTheLoan(java.lang.String,java.lang.String,java.lang.String)[39m
  [32m✔[39m [32m[1mThen [22mLoan Transactions tab has the following data:[39m                                                                                              [90m# org.apache.fineract.test.stepdef.loan.LoanStepDef.loanTransactionsTabCheck(io.cucumber.datatable.DataTable)[39m
      | Transaction date | Transaction Type                | Amount | Principal | Interest | Fees | Penalties | Loan Balance | Reverted | Replayed |
      | 01 January 2024  | Disbursement                    | 100.0  | 0.0       | 0.0      | 0.0  | 0.0       | 100.0        | false    | false    |
      | 01 January 2024  | Capitalized Income              | 50.0   | 50.0      | 0.0      | 0.0  | 0.0       | 150.0        | false    | false    |
      | 01 January 2024  | Capitalized Income Amortization | 0.55   | 0.0       | 0.55     | 0.0  | 0.0       | 0.0          | false    | false    |
      | 02 January 2024  | Accrual                         | 0.03   | 0.0       | 0.03     | 0.0  | 0.0       | 0.0          | false    | false    |
      | 02 January 2024  | Capitalized Income Amortization | 0.55   | 0.0       | 0.55     | 0.0  | 0.0       | 0.0          | false    | false    |
      | 03 January 2024  | Accrual                         | 0.03   | 0.0       | 0.03     | 0.0  | 0.0       | 0.0          | false    | false    |
      | 03 January 2024  | Capitalized Income Amortization | 0.55   | 0.0       | 0.55     | 0.0  | 0.0       | 0.0          | false    | false    |
      | 04 January 2024  | Accrual                         | 0.02   | 0.0       | 0.02     | 0.0  | 0.0       | 0.0          | false    | false    |
      | 04 January 2024  | Capitalized Income Amortization | 0.55   | 0.0       | 0.55     | 0.0  | 0.0       | 0.0          | false    | false    |
      | 05 January 2024  | Accrual                         | 0.03   | 0.0       | 0.03     | 0.0  | 0.0       | 0.0          | false    | false    |
      | 05 January 2024  | Capitalized Income Amortization | 0.55   | 0.0       | 0.55     | 0.0  | 0.0       | 0.0          | false    | false    |
      | 06 January 2024  | Accrual                         | 0.03   | 0.0       | 0.03     | 0.0  | 0.0       | 0.0          | false    | false    |
      | 06 January 2024  | Capitalized Income Amortization | 0.55   | 0.0       | 0.55     | 0.0  | 0.0       | 0.0          | false    | false    |
      | 07 January 2024  | Accrual                         | 0.03   | 0.0       | 0.03     | 0.0  | 0.0       | 0.0          | false    | false    |
      | 07 January 2024  | Capitalized Income Amortization | 0.55   | 0.0       | 0.55     | 0.0  | 0.0       | 0.0          | false    | false    |
      | 08 January 2024  | Accrual                         | 0.03   | 0.0       | 0.03     | 0.0  | 0.0       | 0.0          | false    | false    |
      | 08 January 2024  | Capitalized Income Amortization | 0.55   | 0.0       | 0.55     | 0.0  | 0.0       | 0.0          | false    | false    |
      | 09 January 2024  | Accrual                         | 0.03   | 0.0       | 0.03     | 0.0  | 0.0       | 0.0          | false    | false    |
      | 09 January 2024  | Capitalized Income Amortization | 0.55   | 0.0       | 0.55     | 0.0  | 0.0       | 0.0          | false    | false    |
      | 10 January 2024  | Accrual                         | 0.02   | 0.0       | 0.02     | 0.0  | 0.0       | 0.0          | false    | false    |
      | 10 January 2024  | Capitalized Income Amortization | 0.54   | 0.0       | 0.54     | 0.0  | 0.0       | 0.0          | false    | false    |
      | 11 January 2024  | Accrual                         | 0.03   | 0.0       | 0.03     | 0.0  | 0.0       | 0.0          | false    | false    |
      | 11 January 2024  | Capitalized Income Amortization | 0.55   | 0.0       | 0.55     | 0.0  | 0.0       | 0.0          | false    | false    |
      | 12 January 2024  | Accrual                         | 0.03   | 0.0       | 0.03     | 0.0  | 0.0       | 0.0          | false    | false    |
      | 12 January 2024  | Capitalized Income Amortization | 0.55   | 0.0       | 0.55     | 0.0  | 0.0       | 0.0          | false    | false    |
      | 13 January 2024  | Accrual                         | 0.03   | 0.0       | 0.03     | 0.0  | 0.0       | 0.0          | false    | false    |
      | 13 January 2024  | Capitalized Income Amortization | 0.55   | 0.0       | 0.55     | 0.0  | 0.0       | 0.0          | false    | false    |
      | 14 January 2024  | Accrual                         | 0.03   | 0.0       | 0.03     | 0.0  | 0.0       | 0.0          | false    | false    |
      | 14 January 2024  | Capitalized Income Amortization | 0.55   | 0.0       | 0.55     | 0.0  | 0.0       | 0.0          | false    | false    |
      | 15 January 2024  | Accrual                         | 0.03   | 0.0       | 0.03     | 0.0  | 0.0       | 0.0          | false    | false    |
      | 15 January 2024  | Capitalized Income Amortization | 0.55   | 0.0       | 0.55     | 0.0  | 0.0       | 0.0          | false    | false    |
      | 16 January 2024  | Accrual                         | 0.02   | 0.0       | 0.02     | 0.0  | 0.0       | 0.0          | false    | false    |
      | 16 January 2024  | Capitalized Income Amortization | 0.55   | 0.0       | 0.55     | 0.0  | 0.0       | 0.0          | false    | false    |
      | 17 January 2024  | Accrual                         | 0.03   | 0.0       | 0.03     | 0.0  | 0.0       | 0.0          | false    | false    |
      | 17 January 2024  | Capitalized Income Amortization | 0.55   | 0.0       | 0.55     | 0.0  | 0.0       | 0.0          | false    | false    |
      | 18 January 2024  | Accrual                         | 0.03   | 0.0       | 0.03     | 0.0  | 0.0       | 0.0          | false    | false    |
      | 18 January 2024  | Capitalized Income Amortization | 0.55   | 0.0       | 0.55     | 0.0  | 0.0       | 0.0          | false    | false    |
      | 19 January 2024  | Accrual                         | 0.03   | 0.0       | 0.03     | 0.0  | 0.0       | 0.0          | false    | false    |
      | 19 January 2024  | Capitalized Income Amortization | 0.55   | 0.0       | 0.55     | 0.0  | 0.0       | 0.0          | false    | false    |
      | 20 January 2024  | Accrual                         | 0.03   | 0.0       | 0.03     | 0.0  | 0.0       | 0.0          | false    | false    |
      | 20 January 2024  | Capitalized Income Amortization | 0.55   | 0.0       | 0.55     | 0.0  | 0.0       | 0.0          | false    | false    |
      | 21 January 2024  | Accrual                         | 0.02   | 0.0       | 0.02     | 0.0  | 0.0       | 0.0          | false    | false    |
      | 21 January 2024  | Capitalized Income Amortization | 0.55   | 0.0       | 0.55     | 0.0  | 0.0       | 0.0          | false    | false    |
      | 22 January 2024  | Accrual                         | 0.03   | 0.0       | 0.03     | 0.0  | 0.0       | 0.0          | false    | false    |
      | 22 January 2024  | Capitalized Income Amortization | 0.55   | 0.0       | 0.55     | 0.0  | 0.0       | 0.0          | false    | false    |
      | 23 January 2024  | Accrual                         | 0.03   | 0.0       | 0.03     | 0.0  | 0.0       | 0.0          | false    | false    |
      | 23 January 2024  | Capitalized Income Amortization | 0.55   | 0.0       | 0.55     | 0.0  | 0.0       | 0.0          | false    | false    |
      | 24 January 2024  | Accrual                         | 0.03   | 0.0       | 0.03     | 0.0  | 0.0       | 0.0          | false    | false    |
      | 24 January 2024  | Capitalized Income Amortization | 0.55   | 0.0       | 0.55     | 0.0  | 0.0       | 0.0          | false    | false    |
      | 25 January 2024  | Accrual                         | 0.03   | 0.0       | 0.03     | 0.0  | 0.0       | 0.0          | false    | false    |
      | 25 January 2024  | Capitalized Income Amortization | 0.55   | 0.0       | 0.55     | 0.0  | 0.0       | 0.0          | false    | false    |
      | 26 January 2024  | Accrual                         | 0.03   | 0.0       | 0.03     | 0.0  | 0.0       | 0.0          | false    | false    |
      | 26 January 2024  | Capitalized Income Amortization | 0.55   | 0.0       | 0.55     | 0.0  | 0.0       | 0.0          | false    | false    |
      | 27 January 2024  | Accrual                         | 0.02   | 0.0       | 0.02     | 0.0  | 0.0       | 0.0          | false    | false    |
      | 27 January 2024  | Capitalized Income Amortization | 0.55   | 0.0       | 0.55     | 0.0  | 0.0       | 0.0          | false    | false    |
      | 28 January 2024  | Accrual                         | 0.03   | 0.0       | 0.03     | 0.0  | 0.0       | 0.0          | false    | false    |
      | 28 January 2024  | Capitalized Income Amortization | 0.54   | 0.0       | 0.54     | 0.0  | 0.0       | 0.0          | false    | false    |
      | 29 January 2024  | Accrual                         | 0.03   | 0.0       | 0.03     | 0.0  | 0.0       | 0.0          | false    | false    |
      | 29 January 2024  | Capitalized Income Amortization | 0.55   | 0.0       | 0.55     | 0.0  | 0.0       | 0.0          | false    | false    |
      | 30 January 2024  | Accrual                         | 0.03   | 0.0       | 0.03     | 0.0  | 0.0       | 0.0          | false    | false    |
      | 30 January 2024  | Capitalized Income Amortization | 0.55   | 0.0       | 0.55     | 0.0  | 0.0       | 0.0          | false    | false    |
      | 31 January 2024  | Accrual                         | 0.03   | 0.0       | 0.03     | 0.0  | 0.0       | 0.0          | false    | false    |
      | 31 January 2024  | Capitalized Income Amortization | 0.55   | 0.0       | 0.55     | 0.0  | 0.0       | 0.0          | false    | false    |
      | 01 February 2024 | Accrual                         | 0.02   | 0.0       | 0.02     | 0.0  | 0.0       | 0.0          | false    | false    |
      | 01 February 2024 | Capitalized Income Amortization | 0.55   | 0.0       | 0.55     | 0.0  | 0.0       | 0.0          | false    | false    |
      | 02 February 2024 | Accrual                         | 0.03   | 0.0       | 0.03     | 0.0  | 0.0       | 0.0          | false    | false    |
      | 02 February 2024 | Capitalized Income Amortization | 0.55   | 0.0       | 0.55     | 0.0  | 0.0       | 0.0          | false    | false    |
      | 03 February 2024 | Accrual                         | 0.03   | 0.0       | 0.03     | 0.0  | 0.0       | 0.0          | false    | false    |
      | 03 February 2024 | Capitalized Income Amortization | 0.55   | 0.0       | 0.55     | 0.0  | 0.0       | 0.0          | false    | false    |
      | 04 February 2024 | Accrual                         | 0.03   | 0.0       | 0.03     | 0.0  | 0.0       | 0.0          | false    | false    |
      | 04 February 2024 | Capitalized Income Amortization | 0.55   | 0.0       | 0.55     | 0.0  | 0.0       | 0.0          | false    | false    |
      | 05 February 2024 | Accrual                         | 0.03   | 0.0       | 0.03     | 0.0  | 0.0       | 0.0          | false    | false    |
      | 05 February 2024 | Capitalized Income Amortization | 0.55   | 0.0       | 0.55     | 0.0  | 0.0       | 0.0          | false    | false    |
      | 06 February 2024 | Accrual                         | 0.03   | 0.0       | 0.03     | 0.0  | 0.0       | 0.0          | false    | false    |
      | 06 February 2024 | Capitalized Income Amortization | 0.55   | 0.0       | 0.55     | 0.0  | 0.0       | 0.0          | false    | false    |
      | 07 February 2024 | Accrual                         | 0.03   | 0.0       | 0.03     | 0.0  | 0.0       | 0.0          | false    | false    |
      | 07 February 2024 | Capitalized Income Amortization | 0.55   | 0.0       | 0.55     | 0.0  | 0.0       | 0.0          | false    | false    |
      | 08 February 2024 | Accrual                         | 0.03   | 0.0       | 0.03     | 0.0  | 0.0       | 0.0          | false    | false    |
      | 08 February 2024 | Capitalized Income Amortization | 0.55   | 0.0       | 0.55     | 0.0  | 0.0       | 0.0          | false    | false    |
      | 09 February 2024 | Accrual                         | 0.03   | 0.0       | 0.03     | 0.0  | 0.0       | 0.0          | false    | false    |
      | 09 February 2024 | Capitalized Income Amortization | 0.55   | 0.0       | 0.55     | 0.0  | 0.0       | 0.0          | false    | false    |
      | 10 February 2024 | Accrual                         | 0.03   | 0.0       | 0.03     | 0.0  | 0.0       | 0.0          | false    | false    |
      | 10 February 2024 | Capitalized Income Amortization | 0.55   | 0.0       | 0.55     | 0.0  | 0.0       | 0.0          | false    | false    |
      | 11 February 2024 | Accrual                         | 0.03   | 0.0       | 0.03     | 0.0  | 0.0       | 0.0          | false    | false    |
      | 11 February 2024 | Capitalized Income Amortization | 0.55   | 0.0       | 0.55     | 0.0  | 0.0       | 0.0          | false    | false    |
      | 12 February 2024 | Accrual                         | 0.03   | 0.0       | 0.03     | 0.0  | 0.0       | 0.0          | false    | false    |
      | 12 February 2024 | Capitalized Income Amortization | 0.55   | 0.0       | 0.55     | 0.0  | 0.0       | 0.0          | false    | false    |
      | 13 February 2024 | Accrual                         | 0.03   | 0.0       | 0.03     | 0.0  | 0.0       | 0.0          | false    | false    |
      | 13 February 2024 | Capitalized Income Amortization | 0.55   | 0.0       | 0.55     | 0.0  | 0.0       | 0.0          | false    | false    |
      | 14 February 2024 | Accrual                         | 0.03   | 0.0       | 0.03     | 0.0  | 0.0       | 0.0          | false    | false    |
      | 14 February 2024 | Capitalized Income Amortization | 0.55   | 0.0       | 0.55     | 0.0  | 0.0       | 0.0          | false    | false    |
      | 15 February 2024 | Accrual                         | 0.03   | 0.0       | 0.03     | 0.0  | 0.0       | 0.0          | false    | false    |
      | 15 February 2024 | Capitalized Income Amortization | 0.54   | 0.0       | 0.54     | 0.0  | 0.0       | 0.0          | false    | false    |
      | 16 February 2024 | Accrual                         | 0.03   | 0.0       | 0.03     | 0.0  | 0.0       | 0.0          | false    | false    |
      | 16 February 2024 | Capitalized Income Amortization | 0.55   | 0.0       | 0.55     | 0.0  | 0.0       | 0.0          | false    | false    |
      | 17 February 2024 | Accrual                         | 0.03   | 0.0       | 0.03     | 0.0  | 0.0       | 0.0          | false    | false    |
      | 17 February 2024 | Capitalized Income Amortization | 0.55   | 0.0       | 0.55     | 0.0  | 0.0       | 0.0          | false    | false    |
      | 18 February 2024 | Accrual                         | 0.03   | 0.0       | 0.03     | 0.0  | 0.0       | 0.0          | false    | false    |
      | 18 February 2024 | Capitalized Income Amortization | 0.55   | 0.0       | 0.55     | 0.0  | 0.0       | 0.0          | false    | false    |
      | 19 February 2024 | Accrual                         | 0.03   | 0.0       | 0.03     | 0.0  | 0.0       | 0.0          | false    | false    |
      | 19 February 2024 | Capitalized Income Amortization | 0.55   | 0.0       | 0.55     | 0.0  | 0.0       | 0.0          | false    | false    |
      | 20 February 2024 | Accrual                         | 0.03   | 0.0       | 0.03     | 0.0  | 0.0       | 0.0          | false    | false    |
      | 20 February 2024 | Capitalized Income Amortization | 0.55   | 0.0       | 0.55     | 0.0  | 0.0       | 0.0          | false    | false    |
      | 21 February 2024 | Accrual                         | 0.03   | 0.0       | 0.03     | 0.0  | 0.0       | 0.0          | false    | false    |
      | 21 February 2024 | Capitalized Income Amortization | 0.55   | 0.0       | 0.55     | 0.0  | 0.0       | 0.0          | false    | false    |
      | 22 February 2024 | Accrual                         | 0.03   | 0.0       | 0.03     | 0.0  | 0.0       | 0.0          | false    | false    |
      | 22 February 2024 | Capitalized Income Amortization | 0.55   | 0.0       | 0.55     | 0.0  | 0.0       | 0.0          | false    | false    |
      | 23 February 2024 | Accrual                         | 0.03   | 0.0       | 0.03     | 0.0  | 0.0       | 0.0          | false    | false    |
      | 23 February 2024 | Capitalized Income Amortization | 0.55   | 0.0       | 0.55     | 0.0  | 0.0       | 0.0          | false    | false    |
      | 24 February 2024 | Accrual                         | 0.03   | 0.0       | 0.03     | 0.0  | 0.0       | 0.0          | false    | false    |
      | 24 February 2024 | Capitalized Income Amortization | 0.55   | 0.0       | 0.55     | 0.0  | 0.0       | 0.0          | false    | false    |
      | 25 February 2024 | Accrual                         | 0.03   | 0.0       | 0.03     | 0.0  | 0.0       | 0.0          | false    | false    |
      | 25 February 2024 | Capitalized Income Amortization | 0.55   | 0.0       | 0.55     | 0.0  | 0.0       | 0.0          | false    | false    |
      | 26 February 2024 | Accrual                         | 0.03   | 0.0       | 0.03     | 0.0  | 0.0       | 0.0          | false    | false    |
      | 26 February 2024 | Capitalized Income Amortization | 0.55   | 0.0       | 0.55     | 0.0  | 0.0       | 0.0          | false    | false    |
      | 27 February 2024 | Accrual                         | 0.03   | 0.0       | 0.03     | 0.0  | 0.0       | 0.0          | false    | false    |
      | 27 February 2024 | Capitalized Income Amortization | 0.55   | 0.0       | 0.55     | 0.0  | 0.0       | 0.0          | false    | false    |
      | 28 February 2024 | Accrual                         | 0.03   | 0.0       | 0.03     | 0.0  | 0.0       | 0.0          | false    | false    |
      | 28 February 2024 | Capitalized Income Amortization | 0.55   | 0.0       | 0.55     | 0.0  | 0.0       | 0.0          | false    | false    |
      | 29 February 2024 | Accrual                         | 0.03   | 0.0       | 0.03     | 0.0  | 0.0       | 0.0          | false    | false    |
      | 29 February 2024 | Capitalized Income Amortization | 0.55   | 0.0       | 0.55     | 0.0  | 0.0       | 0.0          | false    | false    |
      | 01 March 2024    | Capitalized Income Adjustment   | 40.0   | 40.0      | 0.0      | 0.0  | 0.0       | 110.0        | false    | false    |
  [32m✔[39m [32m[1mThen [22mLoan Transactions tab has a [1m"CAPITALIZED_INCOME_ADJUSTMENT"[22m transaction with date [1m"01 March 2024"[22m which has the following Journal entries:[39m [90m# org.apache.fineract.test.stepdef.common.JournalEntriesStepDef.journalEntryDataCheck(java.lang.String,java.lang.String,io.cucumber.datatable.DataTable)[39m
      | Type      | Account code | Account name                | Debit | Credit |
      | ASSET     | 112601       | Loans Receivable            |       | 40.0   |
      | LIABILITY | 145024       | Deferred Capitalized Income | 40.0  |        |
  [32m✔[39m [32m[1mAnd [22mDeferred Capitalized Income by external-id contains the following data:[39m                                                                     [90m# org.apache.fineract.test.stepdef.loan.LoanCapitalizedIncomeStepDef.verifyDeferredCapitalizedIncomeByExternalId(io.cucumber.datatable.DataTable)[39m
      | Amount | Amortized Amount | Unrecognized Amount | Adjusted Amount | Charged Off Amount |
      | 50.0   | 10.0             | 0.0                 | 40.0            | 0.0                |
  [32m✔[39m [32m[1mWhen [22mAdmin sets the business date to [1m"02 March 2024"[22m[39m                                                                                            [90m# org.apache.fineract.test.stepdef.common.BusinessDateStepDef.setBusinessDate(java.lang.String)[39m
  [32m✔[39m [32m[1mAnd [22mAdmin runs inline COB job for Loan[39m                                                                                                          [90m# org.apache.fineract.test.stepdef.loan.InlineCOBStepDef.runInlineCOB()[39m
  [32m✔[39m [32m[1mAnd [22mCustomer undo [1m"1"[22mth capitalized income adjustment on [1m"02 March 2024"[22m[39m                                                                        [90m# org.apache.fineract.test.stepdef.loan.LoanRepaymentStepDef.undoNthCapitalizedIncomeAdjustment(java.lang.String,java.lang.String)[39m
  [32m✔[39m [32m[1mWhen [22mAdmin sets the business date to [1m"03 March 2024"[22m[39m                                                                                            [90m# org.apache.fineract.test.stepdef.common.BusinessDateStepDef.setBusinessDate(java.lang.String)[39m
  [32m✔[39m [32m[1mAnd [22mAdmin runs inline COB job for Loan[39m                                                                                                          [90m# org.apache.fineract.test.stepdef.loan.InlineCOBStepDef.runInlineCOB()[39m
  [32m✔[39m [32m[1mThen [22mLoan Transactions tab has the following data:[39m                                                                                              [90m# org.apache.fineract.test.stepdef.loan.LoanStepDef.loanTransactionsTabCheck(io.cucumber.datatable.DataTable)[39m
      | Transaction date | Transaction Type                           | Amount | Principal | Interest | Fees | Penalties | Loan Balance | Reverted | Replayed |
      | 01 January 2024  | Disbursement                               | 100.0  | 0.0       | 0.0      | 0.0  | 0.0       | 100.0        | false    | false    |
      | 01 January 2024  | Capitalized Income                         | 50.0   | 50.0      | 0.0      | 0.0  | 0.0       | 150.0        | false    | false    |
      | 01 January 2024  | Capitalized Income Amortization            | 0.55   | 0.0       | 0.55     | 0.0  | 0.0       | 0.0          | false    | false    |
      | 02 January 2024  | Accrual                                    | 0.03   | 0.0       | 0.03     | 0.0  | 0.0       | 0.0          | false    | false    |
      | 02 January 2024  | Capitalized Income Amortization            | 0.55   | 0.0       | 0.55     | 0.0  | 0.0       | 0.0          | false    | false    |
      | 03 January 2024  | Accrual                                    | 0.03   | 0.0       | 0.03     | 0.0  | 0.0       | 0.0          | false    | false    |
      | 03 January 2024  | Capitalized Income Amortization            | 0.55   | 0.0       | 0.55     | 0.0  | 0.0       | 0.0          | false    | false    |
      | 04 January 2024  | Accrual                                    | 0.02   | 0.0       | 0.02     | 0.0  | 0.0       | 0.0          | false    | false    |
      | 04 January 2024  | Capitalized Income Amortization            | 0.55   | 0.0       | 0.55     | 0.0  | 0.0       | 0.0          | false    | false    |
      | 05 January 2024  | Accrual                                    | 0.03   | 0.0       | 0.03     | 0.0  | 0.0       | 0.0          | false    | false    |
      | 05 January 2024  | Capitalized Income Amortization            | 0.55   | 0.0       | 0.55     | 0.0  | 0.0       | 0.0          | false    | false    |
      | 06 January 2024  | Accrual                                    | 0.03   | 0.0       | 0.03     | 0.0  | 0.0       | 0.0          | false    | false    |
      | 06 January 2024  | Capitalized Income Amortization            | 0.55   | 0.0       | 0.55     | 0.0  | 0.0       | 0.0          | false    | false    |
      | 07 January 2024  | Accrual                                    | 0.03   | 0.0       | 0.03     | 0.0  | 0.0       | 0.0          | false    | false    |
      | 07 January 2024  | Capitalized Income Amortization            | 0.55   | 0.0       | 0.55     | 0.0  | 0.0       | 0.0          | false    | false    |
      | 08 January 2024  | Accrual                                    | 0.03   | 0.0       | 0.03     | 0.0  | 0.0       | 0.0          | false    | false    |
      | 08 January 2024  | Capitalized Income Amortization            | 0.55   | 0.0       | 0.55     | 0.0  | 0.0       | 0.0          | false    | false    |
      | 09 January 2024  | Accrual                                    | 0.03   | 0.0       | 0.03     | 0.0  | 0.0       | 0.0          | false    | false    |
      | 09 January 2024  | Capitalized Income Amortization            | 0.55   | 0.0       | 0.55     | 0.0  | 0.0       | 0.0          | false    | false    |
      | 10 January 2024  | Accrual                                    | 0.02   | 0.0       | 0.02     | 0.0  | 0.0       | 0.0          | false    | false    |
      | 10 January 2024  | Capitalized Income Amortization            | 0.54   | 0.0       | 0.54     | 0.0  | 0.0       | 0.0          | false    | false    |
      | 11 January 2024  | Accrual                                    | 0.03   | 0.0       | 0.03     | 0.0  | 0.0       | 0.0          | false    | false    |
      | 11 January 2024  | Capitalized Income Amortization            | 0.55   | 0.0       | 0.55     | 0.0  | 0.0       | 0.0          | false    | false    |
      | 12 January 2024  | Accrual                                    | 0.03   | 0.0       | 0.03     | 0.0  | 0.0       | 0.0          | false    | false    |
      | 12 January 2024  | Capitalized Income Amortization            | 0.55   | 0.0       | 0.55     | 0.0  | 0.0       | 0.0          | false    | false    |
      | 13 January 2024  | Accrual                                    | 0.03   | 0.0       | 0.03     | 0.0  | 0.0       | 0.0          | false    | false    |
      | 13 January 2024  | Capitalized Income Amortization            | 0.55   | 0.0       | 0.55     | 0.0  | 0.0       | 0.0          | false    | false    |
      | 14 January 2024  | Accrual                                    | 0.03   | 0.0       | 0.03     | 0.0  | 0.0       | 0.0          | false    | false    |
      | 14 January 2024  | Capitalized Income Amortization            | 0.55   | 0.0       | 0.55     | 0.0  | 0.0       | 0.0          | false    | false    |
      | 15 January 2024  | Accrual                                    | 0.03   | 0.0       | 0.03     | 0.0  | 0.0       | 0.0          | false    | false    |
      | 15 January 2024  | Capitalized Income Amortization            | 0.55   | 0.0       | 0.55     | 0.0  | 0.0       | 0.0          | false    | false    |
      | 16 January 2024  | Accrual                                    | 0.02   | 0.0       | 0.02     | 0.0  | 0.0       | 0.0          | false    | false    |
      | 16 January 2024  | Capitalized Income Amortization            | 0.55   | 0.0       | 0.55     | 0.0  | 0.0       | 0.0          | false    | false    |
      | 17 January 2024  | Accrual                                    | 0.03   | 0.0       | 0.03     | 0.0  | 0.0       | 0.0          | false    | false    |
      | 17 January 2024  | Capitalized Income Amortization            | 0.55   | 0.0       | 0.55     | 0.0  | 0.0       | 0.0          | false    | false    |
      | 18 January 2024  | Accrual                                    | 0.03   | 0.0       | 0.03     | 0.0  | 0.0       | 0.0          | false    | false    |
      | 18 January 2024  | Capitalized Income Amortization            | 0.55   | 0.0       | 0.55     | 0.0  | 0.0       | 0.0          | false    | false    |
      | 19 January 2024  | Accrual                                    | 0.03   | 0.0       | 0.03     | 0.0  | 0.0       | 0.0          | false    | false    |
      | 19 January 2024  | Capitalized Income Amortization            | 0.55   | 0.0       | 0.55     | 0.0  | 0.0       | 0.0          | false    | false    |
      | 20 January 2024  | Accrual                                    | 0.03   | 0.0       | 0.03     | 0.0  | 0.0       | 0.0          | false    | false    |
      | 20 January 2024  | Capitalized Income Amortization            | 0.55   | 0.0       | 0.55     | 0.0  | 0.0       | 0.0          | false    | false    |
      | 21 January 2024  | Accrual                                    | 0.02   | 0.0       | 0.02     | 0.0  | 0.0       | 0.0          | false    | false    |
      | 21 January 2024  | Capitalized Income Amortization            | 0.55   | 0.0       | 0.55     | 0.0  | 0.0       | 0.0          | false    | false    |
      | 22 January 2024  | Accrual                                    | 0.03   | 0.0       | 0.03     | 0.0  | 0.0       | 0.0          | false    | false    |
      | 22 January 2024  | Capitalized Income Amortization            | 0.55   | 0.0       | 0.55     | 0.0  | 0.0       | 0.0          | false    | false    |
      | 23 January 2024  | Accrual                                    | 0.03   | 0.0       | 0.03     | 0.0  | 0.0       | 0.0          | false    | false    |
      | 23 January 2024  | Capitalized Income Amortization            | 0.55   | 0.0       | 0.55     | 0.0  | 0.0       | 0.0          | false    | false    |
      | 24 January 2024  | Accrual                                    | 0.03   | 0.0       | 0.03     | 0.0  | 0.0       | 0.0          | false    | false    |
      | 24 January 2024  | Capitalized Income Amortization            | 0.55   | 0.0       | 0.55     | 0.0  | 0.0       | 0.0          | false    | false    |
      | 25 January 2024  | Accrual                                    | 0.03   | 0.0       | 0.03     | 0.0  | 0.0       | 0.0          | false    | false    |
      | 25 January 2024  | Capitalized Income Amortization            | 0.55   | 0.0       | 0.55     | 0.0  | 0.0       | 0.0          | false    | false    |
      | 26 January 2024  | Accrual                                    | 0.03   | 0.0       | 0.03     | 0.0  | 0.0       | 0.0          | false    | false    |
      | 26 January 2024  | Capitalized Income Amortization            | 0.55   | 0.0       | 0.55     | 0.0  | 0.0       | 0.0          | false    | false    |
      | 27 January 2024  | Accrual                                    | 0.02   | 0.0       | 0.02     | 0.0  | 0.0       | 0.0          | false    | false    |
      | 27 January 2024  | Capitalized Income Amortization            | 0.55   | 0.0       | 0.55     | 0.0  | 0.0       | 0.0          | false    | false    |
      | 28 January 2024  | Accrual                                    | 0.03   | 0.0       | 0.03     | 0.0  | 0.0       | 0.0          | false    | false    |
      | 28 January 2024  | Capitalized Income Amortization            | 0.54   | 0.0       | 0.54     | 0.0  | 0.0       | 0.0          | false    | false    |
      | 29 January 2024  | Accrual                                    | 0.03   | 0.0       | 0.03     | 0.0  | 0.0       | 0.0          | false    | false    |
      | 29 January 2024  | Capitalized Income Amortization            | 0.55   | 0.0       | 0.55     | 0.0  | 0.0       | 0.0          | false    | false    |
      | 30 January 2024  | Accrual                                    | 0.03   | 0.0       | 0.03     | 0.0  | 0.0       | 0.0          | false    | false    |
      | 30 January 2024  | Capitalized Income Amortization            | 0.55   | 0.0       | 0.55     | 0.0  | 0.0       | 0.0          | false    | false    |
      | 31 January 2024  | Accrual                                    | 0.03   | 0.0       | 0.03     | 0.0  | 0.0       | 0.0          | false    | false    |
      | 31 January 2024  | Capitalized Income Amortization            | 0.55   | 0.0       | 0.55     | 0.0  | 0.0       | 0.0          | false    | false    |
      | 01 February 2024 | Accrual                                    | 0.02   | 0.0       | 0.02     | 0.0  | 0.0       | 0.0          | false    | false    |
      | 01 February 2024 | Capitalized Income Amortization            | 0.55   | 0.0       | 0.55     | 0.0  | 0.0       | 0.0          | false    | false    |
      | 02 February 2024 | Accrual                                    | 0.03   | 0.0       | 0.03     | 0.0  | 0.0       | 0.0          | false    | false    |
      | 02 February 2024 | Capitalized Income Amortization            | 0.55   | 0.0       | 0.55     | 0.0  | 0.0       | 0.0          | false    | false    |
      | 03 February 2024 | Accrual                                    | 0.03   | 0.0       | 0.03     | 0.0  | 0.0       | 0.0          | false    | false    |
      | 03 February 2024 | Capitalized Income Amortization            | 0.55   | 0.0       | 0.55     | 0.0  | 0.0       | 0.0          | false    | false    |
      | 04 February 2024 | Accrual                                    | 0.03   | 0.0       | 0.03     | 0.0  | 0.0       | 0.0          | false    | false    |
      | 04 February 2024 | Capitalized Income Amortization            | 0.55   | 0.0       | 0.55     | 0.0  | 0.0       | 0.0          | false    | false    |
      | 05 February 2024 | Accrual                                    | 0.03   | 0.0       | 0.03     | 0.0  | 0.0       | 0.0          | false    | false    |
      | 05 February 2024 | Capitalized Income Amortization            | 0.55   | 0.0       | 0.55     | 0.0  | 0.0       | 0.0          | false    | false    |
      | 06 February 2024 | Accrual                                    | 0.03   | 0.0       | 0.03     | 0.0  | 0.0       | 0.0          | false    | false    |
      | 06 February 2024 | Capitalized Income Amortization            | 0.55   | 0.0       | 0.55     | 0.0  | 0.0       | 0.0          | false    | false    |
      | 07 February 2024 | Accrual                                    | 0.03   | 0.0       | 0.03     | 0.0  | 0.0       | 0.0          | false    | false    |
      | 07 February 2024 | Capitalized Income Amortization            | 0.55   | 0.0       | 0.55     | 0.0  | 0.0       | 0.0          | false    | false    |
      | 08 February 2024 | Accrual                                    | 0.03   | 0.0       | 0.03     | 0.0  | 0.0       | 0.0          | false    | false    |
      | 08 February 2024 | Capitalized Income Amortization            | 0.55   | 0.0       | 0.55     | 0.0  | 0.0       | 0.0          | false    | false    |
      | 09 February 2024 | Accrual                                    | 0.03   | 0.0       | 0.03     | 0.0  | 0.0       | 0.0          | false    | false    |
      | 09 February 2024 | Capitalized Income Amortization            | 0.55   | 0.0       | 0.55     | 0.0  | 0.0       | 0.0          | false    | false    |
      | 10 February 2024 | Accrual                                    | 0.03   | 0.0       | 0.03     | 0.0  | 0.0       | 0.0          | false    | false    |
      | 10 February 2024 | Capitalized Income Amortization            | 0.55   | 0.0       | 0.55     | 0.0  | 0.0       | 0.0          | false    | false    |
      | 11 February 2024 | Accrual                                    | 0.03   | 0.0       | 0.03     | 0.0  | 0.0       | 0.0          | false    | false    |
      | 11 February 2024 | Capitalized Income Amortization            | 0.55   | 0.0       | 0.55     | 0.0  | 0.0       | 0.0          | false    | false    |
      | 12 February 2024 | Accrual                                    | 0.03   | 0.0       | 0.03     | 0.0  | 0.0       | 0.0          | false    | false    |
      | 12 February 2024 | Capitalized Income Amortization            | 0.55   | 0.0       | 0.55     | 0.0  | 0.0       | 0.0          | false    | false    |
      | 13 February 2024 | Accrual                                    | 0.03   | 0.0       | 0.03     | 0.0  | 0.0       | 0.0          | false    | false    |
      | 13 February 2024 | Capitalized Income Amortization            | 0.55   | 0.0       | 0.55     | 0.0  | 0.0       | 0.0          | false    | false    |
      | 14 February 2024 | Accrual                                    | 0.03   | 0.0       | 0.03     | 0.0  | 0.0       | 0.0          | false    | false    |
      | 14 February 2024 | Capitalized Income Amortization            | 0.55   | 0.0       | 0.55     | 0.0  | 0.0       | 0.0          | false    | false    |
      | 15 February 2024 | Accrual                                    | 0.03   | 0.0       | 0.03     | 0.0  | 0.0       | 0.0          | false    | false    |
      | 15 February 2024 | Capitalized Income Amortization            | 0.54   | 0.0       | 0.54     | 0.0  | 0.0       | 0.0          | false    | false    |
      | 16 February 2024 | Accrual                                    | 0.03   | 0.0       | 0.03     | 0.0  | 0.0       | 0.0          | false    | false    |
      | 16 February 2024 | Capitalized Income Amortization            | 0.55   | 0.0       | 0.55     | 0.0  | 0.0       | 0.0          | false    | false    |
      | 17 February 2024 | Accrual                                    | 0.03   | 0.0       | 0.03     | 0.0  | 0.0       | 0.0          | false    | false    |
      | 17 February 2024 | Capitalized Income Amortization            | 0.55   | 0.0       | 0.55     | 0.0  | 0.0       | 0.0          | false    | false    |
      | 18 February 2024 | Accrual                                    | 0.03   | 0.0       | 0.03     | 0.0  | 0.0       | 0.0          | false    | false    |
      | 18 February 2024 | Capitalized Income Amortization            | 0.55   | 0.0       | 0.55     | 0.0  | 0.0       | 0.0          | false    | false    |
      | 19 February 2024 | Accrual                                    | 0.03   | 0.0       | 0.03     | 0.0  | 0.0       | 0.0          | false    | false    |
      | 19 February 2024 | Capitalized Income Amortization            | 0.55   | 0.0       | 0.55     | 0.0  | 0.0       | 0.0          | false    | false    |
      | 20 February 2024 | Accrual                                    | 0.03   | 0.0       | 0.03     | 0.0  | 0.0       | 0.0          | false    | false    |
      | 20 February 2024 | Capitalized Income Amortization            | 0.55   | 0.0       | 0.55     | 0.0  | 0.0       | 0.0          | false    | false    |
      | 21 February 2024 | Accrual                                    | 0.03   | 0.0       | 0.03     | 0.0  | 0.0       | 0.0          | false    | false    |
      | 21 February 2024 | Capitalized Income Amortization            | 0.55   | 0.0       | 0.55     | 0.0  | 0.0       | 0.0          | false    | false    |
      | 22 February 2024 | Accrual                                    | 0.03   | 0.0       | 0.03     | 0.0  | 0.0       | 0.0          | false    | false    |
      | 22 February 2024 | Capitalized Income Amortization            | 0.55   | 0.0       | 0.55     | 0.0  | 0.0       | 0.0          | false    | false    |
      | 23 February 2024 | Accrual                                    | 0.03   | 0.0       | 0.03     | 0.0  | 0.0       | 0.0          | false    | false    |
      | 23 February 2024 | Capitalized Income Amortization            | 0.55   | 0.0       | 0.55     | 0.0  | 0.0       | 0.0          | false    | false    |
      | 24 February 2024 | Accrual                                    | 0.03   | 0.0       | 0.03     | 0.0  | 0.0       | 0.0          | false    | false    |
      | 24 February 2024 | Capitalized Income Amortization            | 0.55   | 0.0       | 0.55     | 0.0  | 0.0       | 0.0          | false    | false    |
      | 25 February 2024 | Accrual                                    | 0.03   | 0.0       | 0.03     | 0.0  | 0.0       | 0.0          | false    | false    |
      | 25 February 2024 | Capitalized Income Amortization            | 0.55   | 0.0       | 0.55     | 0.0  | 0.0       | 0.0          | false    | false    |
      | 26 February 2024 | Accrual                                    | 0.03   | 0.0       | 0.03     | 0.0  | 0.0       | 0.0          | false    | false    |
      | 26 February 2024 | Capitalized Income Amortization            | 0.55   | 0.0       | 0.55     | 0.0  | 0.0       | 0.0          | false    | false    |
      | 27 February 2024 | Accrual                                    | 0.03   | 0.0       | 0.03     | 0.0  | 0.0       | 0.0          | false    | false    |
      | 27 February 2024 | Capitalized Income Amortization            | 0.55   | 0.0       | 0.55     | 0.0  | 0.0       | 0.0          | false    | false    |
      | 28 February 2024 | Accrual                                    | 0.03   | 0.0       | 0.03     | 0.0  | 0.0       | 0.0          | false    | false    |
      | 28 February 2024 | Capitalized Income Amortization            | 0.55   | 0.0       | 0.55     | 0.0  | 0.0       | 0.0          | false    | false    |
      | 29 February 2024 | Accrual                                    | 0.03   | 0.0       | 0.03     | 0.0  | 0.0       | 0.0          | false    | false    |
      | 29 February 2024 | Capitalized Income Amortization            | 0.55   | 0.0       | 0.55     | 0.0  | 0.0       | 0.0          | false    | false    |
      | 01 March 2024    | Capitalized Income Adjustment              | 40.0   | 40.0      | 0.0      | 0.0  | 0.0       | 110.0        | true     | false    |
      | 01 March 2024    | Capitalized Income Amortization Adjustment | 22.97  | 0.0       | 22.97    | 0.0  | 0.0       | 0.0          | false    | false    |
      | 01 March 2024    | Accrual                                    | 0.03   | 0.0       | 0.03     | 0.0  | 0.0       | 0.0          | false    | false    |
      | 02 March 2024    | Accrual                                    | 0.03   | 0.0       | 0.03     | 0.0  | 0.0       | 0.0          | false    | false    |
      | 02 March 2024    | Capitalized Income Amortization            | 24.07  | 0.0       | 24.07    | 0.0  | 0.0       | 0.0          | false    | false    |
  [32m✔[39m [32m[1mThen [22mLoan Transactions tab has a [1m"CAPITALIZED_INCOME_ADJUSTMENT"[22m transaction with date [1m"01 March 2024"[22m which has the following Journal entries:[39m [90m# org.apache.fineract.test.stepdef.common.JournalEntriesStepDef.journalEntryDataCheck(java.lang.String,java.lang.String,io.cucumber.datatable.DataTable)[39m
      | Type      | Account code | Account name                | Debit | Credit |
      | ASSET     | 112601       | Loans Receivable            |       | 40.0   |
      | LIABILITY | 145024       | Deferred Capitalized Income | 40.0  |        |
      | ASSET     | 112601       | Loans Receivable            | 40.0  |        |
      | LIABILITY | 145024       | Deferred Capitalized Income |       | 40.0   |
  [32m✔[39m [32m[1mAnd [22mDeferred Capitalized Income by external-id contains the following data:[39m                                                                     [90m# org.apache.fineract.test.stepdef.loan.LoanCapitalizedIncomeStepDef.verifyDeferredCapitalizedIncomeByExternalId(io.cucumber.datatable.DataTable)[39m
      | Amount | Amortized Amount | Unrecognized Amount | Adjusted Amount | Charged Off Amount |
      | 50.0   | 34.07            | 15.93               | 0.0             | 0.0                |
  [32m✔[39m [32m[1mWhen [22mLoan Pay-off is made on [1m"03 March 2024"[22m[39m                                                                                                    [90m# org.apache.fineract.test.stepdef.loan.LoanRepaymentStepDef.makeLoanPayOff(java.lang.String)[39m
  [32m✔[39m [32m[1mThen [22mLoan is closed with zero outstanding balance and it's all installments have obligations met[39m                                                [90m# org.apache.fineract.test.stepdef.loan.LoanStepDef.loanClosedAndInstallmentsObligationsMet()[39m

@CapitalizedIncomeFeature @TestRailId:C3705
[1mScenario:[22m Verify Capitalized Income adjustment reverse - UC2                                                                                          [90m# fineract-e2e-tests-runner/src/test/resources/features/LoanCapitalizedIncome-Part1.feature:4036[39m
  [32m✔[39m [32m[1mWhen [22mAdmin sets the business date to [1m"01 January 2024"[22m[39m                                                                                            [90m# org.apache.fineract.test.stepdef.common.BusinessDateStepDef.setBusinessDate(java.lang.String)[39m
  [32m✔[39m [32m[1mAnd [22mAdmin creates a client with random data[39m                                                                                                       [90m# org.apache.fineract.test.stepdef.common.ClientStepDef.createClientRandomFirstNameLastName()[39m
  [32m✔[39m [32m[1mWhen [22mAdmin creates a fully customized loan with the following data:[39m                                                                               [90m# org.apache.fineract.test.stepdef.loan.LoanStepDef.createFullyCustomizedLoan(io.cucumber.datatable.DataTable)[39m
      | LoanProduct                                                                                       | submitted on date | with Principal | ANNUAL interest rate % | interest type     | interest calculation period | amortization type  | loanTermFrequency | loanTermFrequencyType | repaymentEvery | repaymentFrequencyType | numberOfRepayments | graceOnPrincipalPayment | graceOnInterestPayment | interest free period | Payment strategy            |
      | LP2_ADV_PYMNT_INTEREST_DAILY_EMI_360_30_INTEREST_RECALC_DAILY_CAPITALIZED_INCOME_ADJ_CUSTOM_ALLOC | 01 January 2024   | 150            | 7                      | DECLINING_BALANCE | DAILY                       | EQUAL_INSTALLMENTS | 3                 | MONTHS                | 1              | MONTHS                 | 3                  | 0                       | 0                      | 0                    | ADVANCED_PAYMENT_ALLOCATION |
  [32m✔[39m [32m[1mAnd [22mAdmin successfully approves the loan on [1m"01 January 2024"[22m with [1m"150"[22m amount and expected disbursement date on [1m"01 January 2024"[22m[39m               [90m# org.apache.fineract.test.stepdef.loan.LoanStepDef.approveLoan(java.lang.String,java.lang.String,java.lang.String)[39m
  [32m✔[39m [32m[1mAnd [22mAdmin successfully disburse the loan on [1m"01 January 2024"[22m with [1m"100"[22m EUR transaction amount[39m                                                   [90m# org.apache.fineract.test.stepdef.loan.LoanStepDef.disburseLoan(java.lang.String,java.lang.String)[39m
  [32m✔[39m [32m[1mAnd [22mAdmin adds capitalized income with [1m"AUTOPAY"[22m payment type to the loan on [1m"01 January 2024"[22m with [1m"50"[22m EUR transaction amount[39m                   [90m# org.apache.fineract.test.stepdef.loan.LoanStepDef.adminAddsCapitalizedIncomeToTheLoanOnWithEURTransactionAmount(java.lang.String,java.lang.String,java.lang.String)[39m
  [32m✔[39m [32m[1mWhen [22mAdmin sets the business date to [1m"02 January 2024"[22m[39m                                                                                            [90m# org.apache.fineract.test.stepdef.common.BusinessDateStepDef.setBusinessDate(java.lang.String)[39m
  [32m✔[39m [32m[1mAnd [22mAdmin runs inline COB job for Loan[39m                                                                                                            [90m# org.apache.fineract.test.stepdef.loan.InlineCOBStepDef.runInlineCOB()[39m
  [32m✔[39m [32m[1mThen [22mLoan status will be [1m"ACTIVE"[22m[39m                                                                                                                 [90m# org.apache.fineract.test.stepdef.loan.LoanStepDef.loanStatus(java.lang.String)[39m
  [32m✔[39m [32m[1mWhen [22mAdmin sets the business date to [1m"10 January 2024"[22m[39m                                                                                            [90m# org.apache.fineract.test.stepdef.common.BusinessDateStepDef.setBusinessDate(java.lang.String)[39m
  [32m✔[39m [32m[1mAnd [22mAdmin runs inline COB job for Loan[39m                                                                                                            [90m# org.apache.fineract.test.stepdef.loan.InlineCOBStepDef.runInlineCOB()[39m
  [32m✔[39m [32m[1mAnd [22mAdmin adds capitalized income adjustment with [1m"AUTOPAY"[22m payment type to the loan on [1m"10 January 2024"[22m with [1m"40"[22m EUR transaction amount[39m        [90m# org.apache.fineract.test.stepdef.loan.LoanStepDef.adminAddsCapitalizedIncomeAdjustmentToTheLoan(java.lang.String,java.lang.String,java.lang.String)[39m
  [32m✔[39m [32m[1mWhen [22mAdmin sets the business date to [1m"11 January 2024"[22m[39m                                                                                            [90m# org.apache.fineract.test.stepdef.common.BusinessDateStepDef.setBusinessDate(java.lang.String)[39m
  [32m✔[39m [32m[1mAnd [22mAdmin runs inline COB job for Loan[39m                                                                                                            [90m# org.apache.fineract.test.stepdef.loan.InlineCOBStepDef.runInlineCOB()[39m
  [32m✔[39m [32m[1mThen [22mLoan Transactions tab has the following data:[39m                                                                                                [90m# org.apache.fineract.test.stepdef.loan.LoanStepDef.loanTransactionsTabCheck(io.cucumber.datatable.DataTable)[39m
      | Transaction date | Transaction Type                | Amount | Principal | Interest | Fees | Penalties | Loan Balance | Reverted | Replayed |
      | 01 January 2024  | Disbursement                    | 100.0  | 0.0       | 0.0      | 0.0  | 0.0       | 100.0        | false    | false    |
      | 01 January 2024  | Capitalized Income              | 50.0   | 50.0      | 0.0      | 0.0  | 0.0       | 150.0        | false    | false    |
      | 01 January 2024  | Capitalized Income Amortization | 0.55   | 0.0       | 0.55     | 0.0  | 0.0       | 0.0          | false    | false    |
      | 02 January 2024  | Accrual                         | 0.03   | 0.0       | 0.03     | 0.0  | 0.0       | 0.0          | false    | false    |
      | 02 January 2024  | Capitalized Income Amortization | 0.55   | 0.0       | 0.55     | 0.0  | 0.0       | 0.0          | false    | false    |
      | 03 January 2024  | Accrual                         | 0.03   | 0.0       | 0.03     | 0.0  | 0.0       | 0.0          | false    | false    |
      | 03 January 2024  | Capitalized Income Amortization | 0.55   | 0.0       | 0.55     | 0.0  | 0.0       | 0.0          | false    | false    |
      | 04 January 2024  | Accrual                         | 0.02   | 0.0       | 0.02     | 0.0  | 0.0       | 0.0          | false    | false    |
      | 04 January 2024  | Capitalized Income Amortization | 0.55   | 0.0       | 0.55     | 0.0  | 0.0       | 0.0          | false    | false    |
      | 05 January 2024  | Accrual                         | 0.03   | 0.0       | 0.03     | 0.0  | 0.0       | 0.0          | false    | false    |
      | 05 January 2024  | Capitalized Income Amortization | 0.55   | 0.0       | 0.55     | 0.0  | 0.0       | 0.0          | false    | false    |
      | 06 January 2024  | Accrual                         | 0.03   | 0.0       | 0.03     | 0.0  | 0.0       | 0.0          | false    | false    |
      | 06 January 2024  | Capitalized Income Amortization | 0.55   | 0.0       | 0.55     | 0.0  | 0.0       | 0.0          | false    | false    |
      | 07 January 2024  | Accrual                         | 0.03   | 0.0       | 0.03     | 0.0  | 0.0       | 0.0          | false    | false    |
      | 07 January 2024  | Capitalized Income Amortization | 0.55   | 0.0       | 0.55     | 0.0  | 0.0       | 0.0          | false    | false    |
      | 08 January 2024  | Accrual                         | 0.03   | 0.0       | 0.03     | 0.0  | 0.0       | 0.0          | false    | false    |
      | 08 January 2024  | Capitalized Income Amortization | 0.55   | 0.0       | 0.55     | 0.0  | 0.0       | 0.0          | false    | false    |
      | 09 January 2024  | Accrual                         | 0.03   | 0.0       | 0.03     | 0.0  | 0.0       | 0.0          | false    | false    |
      | 09 January 2024  | Capitalized Income Amortization | 0.55   | 0.0       | 0.55     | 0.0  | 0.0       | 0.0          | false    | false    |
      | 10 January 2024  | Capitalized Income Adjustment   | 40.0   | 40.0      | 0.0      | 0.0  | 0.0       | 110.0        | false    | false    |
      | 10 January 2024  | Accrual                         | 0.02   | 0.0       | 0.02     | 0.0  | 0.0       | 0.0          | false    | false    |
      | 10 January 2024  | Capitalized Income Amortization | 0.06   | 0.0       | 0.06     | 0.0  | 0.0       | 0.0          | false    | false    |
  [32m✔[39m [32m[1mThen [22mLoan Transactions tab has a [1m"CAPITALIZED_INCOME_ADJUSTMENT"[22m transaction with date [1m"10 January 2024"[22m which has the following Journal entries:[39m [90m# org.apache.fineract.test.stepdef.common.JournalEntriesStepDef.journalEntryDataCheck(java.lang.String,java.lang.String,io.cucumber.datatable.DataTable)[39m
      | Type      | Account code | Account name                | Debit | Credit |
      | ASSET     | 112601       | Loans Receivable            |       | 40.0   |
      | LIABILITY | 145024       | Deferred Capitalized Income | 40.0  |        |
  [32m✔[39m [32m[1mAnd [22mCustomer undo [1m"1"[22mth capitalized income adjustment on [1m"11 January 2024"[22m[39m                                                                        [90m# org.apache.fineract.test.stepdef.loan.LoanRepaymentStepDef.undoNthCapitalizedIncomeAdjustment(java.lang.String,java.lang.String)[39m
  [32m✔[39m [32m[1mWhen [22mAdmin sets the business date to [1m"12 January 2024"[22m[39m                                                                                            [90m# org.apache.fineract.test.stepdef.common.BusinessDateStepDef.setBusinessDate(java.lang.String)[39m
  [32m✔[39m [32m[1mAnd [22mAdmin runs inline COB job for Loan[39m                                                                                                            [90m# org.apache.fineract.test.stepdef.loan.InlineCOBStepDef.runInlineCOB()[39m
  [32m✔[39m [32m[1mThen [22mLoan Transactions tab has the following data:[39m                                                                                                [90m# org.apache.fineract.test.stepdef.loan.LoanStepDef.loanTransactionsTabCheck(io.cucumber.datatable.DataTable)[39m
      | Transaction date | Transaction Type                | Amount | Principal | Interest | Fees | Penalties | Loan Balance | Reverted | Replayed |
      | 01 January 2024  | Disbursement                    | 100.0  | 0.0       | 0.0      | 0.0  | 0.0       | 100.0        | false    | false    |
      | 01 January 2024  | Capitalized Income              | 50.0   | 50.0      | 0.0      | 0.0  | 0.0       | 150.0        | false    | false    |
      | 01 January 2024  | Capitalized Income Amortization | 0.55   | 0.0       | 0.55     | 0.0  | 0.0       | 0.0          | false    | false    |
      | 02 January 2024  | Accrual                         | 0.03   | 0.0       | 0.03     | 0.0  | 0.0       | 0.0          | false    | false    |
      | 02 January 2024  | Capitalized Income Amortization | 0.55   | 0.0       | 0.55     | 0.0  | 0.0       | 0.0          | false    | false    |
      | 03 January 2024  | Accrual                         | 0.03   | 0.0       | 0.03     | 0.0  | 0.0       | 0.0          | false    | false    |
      | 03 January 2024  | Capitalized Income Amortization | 0.55   | 0.0       | 0.55     | 0.0  | 0.0       | 0.0          | false    | false    |
      | 04 January 2024  | Accrual                         | 0.02   | 0.0       | 0.02     | 0.0  | 0.0       | 0.0          | false    | false    |
      | 04 January 2024  | Capitalized Income Amortization | 0.55   | 0.0       | 0.55     | 0.0  | 0.0       | 0.0          | false    | false    |
      | 05 January 2024  | Accrual                         | 0.03   | 0.0       | 0.03     | 0.0  | 0.0       | 0.0          | false    | false    |
      | 05 January 2024  | Capitalized Income Amortization | 0.55   | 0.0       | 0.55     | 0.0  | 0.0       | 0.0          | false    | false    |
      | 06 January 2024  | Accrual                         | 0.03   | 0.0       | 0.03     | 0.0  | 0.0       | 0.0          | false    | false    |
      | 06 January 2024  | Capitalized Income Amortization | 0.55   | 0.0       | 0.55     | 0.0  | 0.0       | 0.0          | false    | false    |
      | 07 January 2024  | Accrual                         | 0.03   | 0.0       | 0.03     | 0.0  | 0.0       | 0.0          | false    | false    |
      | 07 January 2024  | Capitalized Income Amortization | 0.55   | 0.0       | 0.55     | 0.0  | 0.0       | 0.0          | false    | false    |
      | 08 January 2024  | Accrual                         | 0.03   | 0.0       | 0.03     | 0.0  | 0.0       | 0.0          | false    | false    |
      | 08 January 2024  | Capitalized Income Amortization | 0.55   | 0.0       | 0.55     | 0.0  | 0.0       | 0.0          | false    | false    |
      | 09 January 2024  | Accrual                         | 0.03   | 0.0       | 0.03     | 0.0  | 0.0       | 0.0          | false    | false    |
      | 09 January 2024  | Capitalized Income Amortization | 0.55   | 0.0       | 0.55     | 0.0  | 0.0       | 0.0          | false    | false    |
      | 10 January 2024  | Capitalized Income Adjustment   | 40.0   | 40.0      | 0.0      | 0.0  | 0.0       | 110.0        | true     | false    |
      | 10 January 2024  | Accrual                         | 0.02   | 0.0       | 0.02     | 0.0  | 0.0       | 0.0          | false    | false    |
      | 10 January 2024  | Capitalized Income Amortization | 0.06   | 0.0       | 0.06     | 0.0  | 0.0       | 0.0          | false    | false    |
      | 11 January 2024  | Accrual                         | 0.03   | 0.0       | 0.03     | 0.0  | 0.0       | 0.0          | false    | false    |
      | 11 January 2024  | Capitalized Income Amortization | 1.03   | 0.0       | 1.03     | 0.0  | 0.0       | 0.0          | false    | false    |
  [32m✔[39m [32m[1mThen [22mLoan Transactions tab has a [1m"CAPITALIZED_INCOME_ADJUSTMENT"[22m transaction with date [1m"10 January 2024"[22m which has the following Journal entries:[39m [90m# org.apache.fineract.test.stepdef.common.JournalEntriesStepDef.journalEntryDataCheck(java.lang.String,java.lang.String,io.cucumber.datatable.DataTable)[39m
      | Type      | Account code | Account name                | Debit | Credit |
      | ASSET     | 112601       | Loans Receivable            |       | 40.0   |
      | LIABILITY | 145024       | Deferred Capitalized Income | 40.0  |        |
      | ASSET     | 112601       | Loans Receivable            | 40.0  |        |
      | LIABILITY | 145024       | Deferred Capitalized Income |       | 40.0   |
  [32m✔[39m [32m[1mWhen [22mLoan Pay-off is made on [1m"12 January 2024"[22m[39m                                                                                                    [90m# org.apache.fineract.test.stepdef.loan.LoanRepaymentStepDef.makeLoanPayOff(java.lang.String)[39m
  [32m✔[39m [32m[1mThen [22mLoan is closed with zero outstanding balance and it's all installments have obligations met[39m                                                  [90m# org.apache.fineract.test.stepdef.loan.LoanStepDef.loanClosedAndInstallmentsObligationsMet()[39m

@CapitalizedIncomeFeature @TestRailId:C3706
[1mScenario:[22m Verify Capitalized Income adjustment reverse - UC3                                                                                          [90m# fineract-e2e-tests-runner/src/test/resources/features/LoanCapitalizedIncome-Part1.feature:4121[39m
  [32m✔[39m [32m[1mWhen [22mAdmin sets the business date to [1m"01 January 2024"[22m[39m                                                                                            [90m# org.apache.fineract.test.stepdef.common.BusinessDateStepDef.setBusinessDate(java.lang.String)[39m
  [32m✔[39m [32m[1mAnd [22mAdmin creates a client with random data[39m                                                                                                       [90m# org.apache.fineract.test.stepdef.common.ClientStepDef.createClientRandomFirstNameLastName()[39m
  [32m✔[39m [32m[1mWhen [22mAdmin creates a fully customized loan with the following data:[39m                                                                               [90m# org.apache.fineract.test.stepdef.loan.LoanStepDef.createFullyCustomizedLoan(io.cucumber.datatable.DataTable)[39m
      | LoanProduct                                                                                       | submitted on date | with Principal | ANNUAL interest rate % | interest type     | interest calculation period | amortization type  | loanTermFrequency | loanTermFrequencyType | repaymentEvery | repaymentFrequencyType | numberOfRepayments | graceOnPrincipalPayment | graceOnInterestPayment | interest free period | Payment strategy            |
      | LP2_ADV_PYMNT_INTEREST_DAILY_EMI_360_30_INTEREST_RECALC_DAILY_CAPITALIZED_INCOME_ADJ_CUSTOM_ALLOC | 01 January 2024   | 150            | 7                      | DECLINING_BALANCE | DAILY                       | EQUAL_INSTALLMENTS | 3                 | MONTHS                | 1              | MONTHS                 | 3                  | 0                       | 0                      | 0                    | ADVANCED_PAYMENT_ALLOCATION |
  [32m✔[39m [32m[1mAnd [22mAdmin successfully approves the loan on [1m"01 January 2024"[22m with [1m"150"[22m amount and expected disbursement date on [1m"01 January 2024"[22m[39m               [90m# org.apache.fineract.test.stepdef.loan.LoanStepDef.approveLoan(java.lang.String,java.lang.String,java.lang.String)[39m
  [32m✔[39m [32m[1mAnd [22mAdmin successfully disburse the loan on [1m"01 January 2024"[22m with [1m"90"[22m EUR transaction amount[39m                                                    [90m# org.apache.fineract.test.stepdef.loan.LoanStepDef.disburseLoan(java.lang.String,java.lang.String)[39m
  [32m✔[39m [32m[1mAnd [22mAdmin adds capitalized income with [1m"AUTOPAY"[22m payment type to the loan on [1m"01 January 2024"[22m with [1m"60"[22m EUR transaction amount[39m                   [90m# org.apache.fineract.test.stepdef.loan.LoanStepDef.adminAddsCapitalizedIncomeToTheLoanOnWithEURTransactionAmount(java.lang.String,java.lang.String,java.lang.String)[39m
  [32m✔[39m [32m[1mWhen [22mAdmin sets the business date to [1m"02 January 2024"[22m[39m                                                                                            [90m# org.apache.fineract.test.stepdef.common.BusinessDateStepDef.setBusinessDate(java.lang.String)[39m
  [32m✔[39m [32m[1mAnd [22mAdmin runs inline COB job for Loan[39m                                                                                                            [90m# org.apache.fineract.test.stepdef.loan.InlineCOBStepDef.runInlineCOB()[39m
  [32m✔[39m [32m[1mThen [22mLoan status will be [1m"ACTIVE"[22m[39m                                                                                                                 [90m# org.apache.fineract.test.stepdef.loan.LoanStepDef.loanStatus(java.lang.String)[39m
  [32m✔[39m [32m[1mWhen [22mAdmin sets the business date to [1m"10 January 2024"[22m[39m                                                                                            [90m# org.apache.fineract.test.stepdef.common.BusinessDateStepDef.setBusinessDate(java.lang.String)[39m
  [32m✔[39m [32m[1mAnd [22mAdmin runs inline COB job for Loan[39m                                                                                                            [90m# org.apache.fineract.test.stepdef.loan.InlineCOBStepDef.runInlineCOB()[39m
  [32m✔[39m [32m[1mAnd [22mAdmin adds capitalized income adjustment with [1m"AUTOPAY"[22m payment type to the loan on [1m"10 January 2024"[22m with [1m"55"[22m EUR transaction amount[39m        [90m# org.apache.fineract.test.stepdef.loan.LoanStepDef.adminAddsCapitalizedIncomeAdjustmentToTheLoan(java.lang.String,java.lang.String,java.lang.String)[39m
  [32m✔[39m [32m[1mWhen [22mAdmin sets the business date to [1m"11 January 2024"[22m[39m                                                                                            [90m# org.apache.fineract.test.stepdef.common.BusinessDateStepDef.setBusinessDate(java.lang.String)[39m
  [32m✔[39m [32m[1mAnd [22mAdmin runs inline COB job for Loan[39m                                                                                                            [90m# org.apache.fineract.test.stepdef.loan.InlineCOBStepDef.runInlineCOB()[39m
  [32m✔[39m [32m[1mThen [22mLoan Transactions tab has the following data:[39m                                                                                                [90m# org.apache.fineract.test.stepdef.loan.LoanStepDef.loanTransactionsTabCheck(io.cucumber.datatable.DataTable)[39m
      | Transaction date | Transaction Type                           | Amount | Principal | Interest | Fees | Penalties | Loan Balance | Reverted | Replayed |
      | 01 January 2024  | Disbursement                               | 90.0   | 0.0       | 0.0      | 0.0  | 0.0       | 90.0         | false    | false    |
      | 01 January 2024  | Capitalized Income                         | 60.0   | 60.0      | 0.0      | 0.0  | 0.0       | 150.0        | false    | false    |
      | 01 January 2024  | Capitalized Income Amortization            | 0.66   | 0.0       | 0.66     | 0.0  | 0.0       | 0.0          | false    | false    |
      | 02 January 2024  | Accrual                                    | 0.03   | 0.0       | 0.03     | 0.0  | 0.0       | 0.0          | false    | false    |
      | 02 January 2024  | Capitalized Income Amortization            | 0.66   | 0.0       | 0.66     | 0.0  | 0.0       | 0.0          | false    | false    |
      | 03 January 2024  | Accrual                                    | 0.03   | 0.0       | 0.03     | 0.0  | 0.0       | 0.0          | false    | false    |
      | 03 January 2024  | Capitalized Income Amortization            | 0.66   | 0.0       | 0.66     | 0.0  | 0.0       | 0.0          | false    | false    |
      | 04 January 2024  | Accrual                                    | 0.02   | 0.0       | 0.02     | 0.0  | 0.0       | 0.0          | false    | false    |
      | 04 January 2024  | Capitalized Income Amortization            | 0.66   | 0.0       | 0.66     | 0.0  | 0.0       | 0.0          | false    | false    |
      | 05 January 2024  | Accrual                                    | 0.03   | 0.0       | 0.03     | 0.0  | 0.0       | 0.0          | false    | false    |
      | 05 January 2024  | Capitalized Income Amortization            | 0.66   | 0.0       | 0.66     | 0.0  | 0.0       | 0.0          | false    | false    |
      | 06 January 2024  | Accrual                                    | 0.03   | 0.0       | 0.03     | 0.0  | 0.0       | 0.0          | false    | false    |
      | 06 January 2024  | Capitalized Income Amortization            | 0.66   | 0.0       | 0.66     | 0.0  | 0.0       | 0.0          | false    | false    |
      | 07 January 2024  | Accrual                                    | 0.03   | 0.0       | 0.03     | 0.0  | 0.0       | 0.0          | false    | false    |
      | 07 January 2024  | Capitalized Income Amortization            | 0.66   | 0.0       | 0.66     | 0.0  | 0.0       | 0.0          | false    | false    |
      | 08 January 2024  | Accrual                                    | 0.03   | 0.0       | 0.03     | 0.0  | 0.0       | 0.0          | false    | false    |
      | 08 January 2024  | Capitalized Income Amortization            | 0.65   | 0.0       | 0.65     | 0.0  | 0.0       | 0.0          | false    | false    |
      | 09 January 2024  | Accrual                                    | 0.03   | 0.0       | 0.03     | 0.0  | 0.0       | 0.0          | false    | false    |
      | 09 January 2024  | Capitalized Income Amortization            | 0.66   | 0.0       | 0.66     | 0.0  | 0.0       | 0.0          | false    | false    |
      | 10 January 2024  | Capitalized Income Adjustment              | 55.0   | 54.75     | 0.25     | 0.0  | 0.0       | 95.25        | false    | false    |
      | 10 January 2024  | Accrual                                    | 0.02   | 0.0       | 0.02     | 0.0  | 0.0       | 0.0          | false    | false    |
      | 10 January 2024  | Capitalized Income Amortization Adjustment | 0.93   | 0.0       | 0.93     | 0.0  | 0.0       | 0.0          | false    | false    |
  [32m✔[39m [32m[1mThen [22mLoan Transactions tab has a [1m"CAPITALIZED_INCOME_ADJUSTMENT"[22m transaction with date [1m"10 January 2024"[22m which has the following Journal entries:[39m [90m# org.apache.fineract.test.stepdef.common.JournalEntriesStepDef.journalEntryDataCheck(java.lang.String,java.lang.String,io.cucumber.datatable.DataTable)[39m
      | Type      | Account code | Account name                | Debit | Credit |
      | ASSET     | 112601       | Loans Receivable            |       | 54.75  |
      | ASSET     | 112603       | Interest/Fee Receivable     |       | 0.25   |
      | LIABILITY | 145024       | Deferred Capitalized Income | 55.0  |        |
  [32m✔[39m [32m[1mThen [22mCustomer is forbidden to undo [1m"1"[22mth [1m"Capitalized Income"[22m transaction made on [1m"01 January 2024"[22m due to adjustment exists[39m                      [90m# org.apache.fineract.test.stepdef.loan.LoanRepaymentStepDef.makeTransactionUndoForbiddenAdjustmentExiists(java.lang.String,java.lang.String,java.lang.String)[39m
  [32m✔[39m [32m[1mAnd [22mCustomer undo [1m"1"[22mth capitalized income adjustment on [1m"11 January 2024"[22m[39m                                                                        [90m# org.apache.fineract.test.stepdef.loan.LoanRepaymentStepDef.undoNthCapitalizedIncomeAdjustment(java.lang.String,java.lang.String)[39m
  [32m✔[39m [32m[1mWhen [22mAdmin sets the business date to [1m"12 January 2024"[22m[39m                                                                                            [90m# org.apache.fineract.test.stepdef.common.BusinessDateStepDef.setBusinessDate(java.lang.String)[39m
  [32m✔[39m [32m[1mAnd [22mAdmin runs inline COB job for Loan[39m                                                                                                            [90m# org.apache.fineract.test.stepdef.loan.InlineCOBStepDef.runInlineCOB()[39m
  [32m✔[39m [32m[1mThen [22mLoan Transactions tab has the following data:[39m                                                                                                [90m# org.apache.fineract.test.stepdef.loan.LoanStepDef.loanTransactionsTabCheck(io.cucumber.datatable.DataTable)[39m
      | Transaction date | Transaction Type                           | Amount | Principal | Interest | Fees | Penalties | Loan Balance | Reverted | Replayed |
      | 01 January 2024  | Disbursement                               | 90.0   | 0.0       | 0.0      | 0.0  | 0.0       | 90.0         | false    | false    |
      | 01 January 2024  | Capitalized Income                         | 60.0   | 60.0      | 0.0      | 0.0  | 0.0       | 150.0        | false    | false    |
      | 01 January 2024  | Capitalized Income Amortization            | 0.66   | 0.0       | 0.66     | 0.0  | 0.0       | 0.0          | false    | false    |
      | 02 January 2024  | Accrual                                    | 0.03   | 0.0       | 0.03     | 0.0  | 0.0       | 0.0          | false    | false    |
      | 02 January 2024  | Capitalized Income Amortization            | 0.66   | 0.0       | 0.66     | 0.0  | 0.0       | 0.0          | false    | false    |
      | 03 January 2024  | Accrual                                    | 0.03   | 0.0       | 0.03     | 0.0  | 0.0       | 0.0          | false    | false    |
      | 03 January 2024  | Capitalized Income Amortization            | 0.66   | 0.0       | 0.66     | 0.0  | 0.0       | 0.0          | false    | false    |
      | 04 January 2024  | Accrual                                    | 0.02   | 0.0       | 0.02     | 0.0  | 0.0       | 0.0          | false    | false    |
      | 04 January 2024  | Capitalized Income Amortization            | 0.66   | 0.0       | 0.66     | 0.0  | 0.0       | 0.0          | false    | false    |
      | 05 January 2024  | Accrual                                    | 0.03   | 0.0       | 0.03     | 0.0  | 0.0       | 0.0          | false    | false    |
      | 05 January 2024  | Capitalized Income Amortization            | 0.66   | 0.0       | 0.66     | 0.0  | 0.0       | 0.0          | false    | false    |
      | 06 January 2024  | Accrual                                    | 0.03   | 0.0       | 0.03     | 0.0  | 0.0       | 0.0          | false    | false    |
      | 06 January 2024  | Capitalized Income Amortization            | 0.66   | 0.0       | 0.66     | 0.0  | 0.0       | 0.0          | false    | false    |
      | 07 January 2024  | Accrual                                    | 0.03   | 0.0       | 0.03     | 0.0  | 0.0       | 0.0          | false    | false    |
      | 07 January 2024  | Capitalized Income Amortization            | 0.66   | 0.0       | 0.66     | 0.0  | 0.0       | 0.0          | false    | false    |
      | 08 January 2024  | Accrual                                    | 0.03   | 0.0       | 0.03     | 0.0  | 0.0       | 0.0          | false    | false    |
      | 08 January 2024  | Capitalized Income Amortization            | 0.65   | 0.0       | 0.65     | 0.0  | 0.0       | 0.0          | false    | false    |
      | 09 January 2024  | Accrual                                    | 0.03   | 0.0       | 0.03     | 0.0  | 0.0       | 0.0          | false    | false    |
      | 09 January 2024  | Capitalized Income Amortization            | 0.66   | 0.0       | 0.66     | 0.0  | 0.0       | 0.0          | false    | false    |
      | 10 January 2024  | Capitalized Income Adjustment              | 55.0   | 54.75     | 0.25     | 0.0  | 0.0       | 95.25        | true     | false    |
      | 10 January 2024  | Accrual                                    | 0.02   | 0.0       | 0.02     | 0.0  | 0.0       | 0.0          | false    | false    |
      | 10 January 2024  | Capitalized Income Amortization Adjustment | 0.93   | 0.0       | 0.93     | 0.0  | 0.0       | 0.0          | false    | false    |
      | 11 January 2024  | Accrual                                    | 0.03   | 0.0       | 0.03     | 0.0  | 0.0       | 0.0          | false    | false    |
      | 11 January 2024  | Capitalized Income Amortization            | 2.25   | 0.0       | 2.25     | 0.0  | 0.0       | 0.0          | false    | false    |
  [32m✔[39m [32m[1mThen [22mLoan Transactions tab has a [1m"CAPITALIZED_INCOME_ADJUSTMENT"[22m transaction with date [1m"10 January 2024"[22m which has the following Journal entries:[39m [90m# org.apache.fineract.test.stepdef.common.JournalEntriesStepDef.journalEntryDataCheck(java.lang.String,java.lang.String,io.cucumber.datatable.DataTable)[39m
      | Type      | Account code | Account name                | Debit | Credit |
      | ASSET     | 112601       | Loans Receivable            |       | 54.75  |
      | ASSET     | 112603       | Interest/Fee Receivable     |       | 0.25   |
      | LIABILITY | 145024       | Deferred Capitalized Income | 55.0  |        |
      | ASSET     | 112601       | Loans Receivable            | 54.75 |        |
      | ASSET     | 112603       | Interest/Fee Receivable     | 0.25  |        |
      | LIABILITY | 145024       | Deferred Capitalized Income |       | 55.0   |
  [32m✔[39m [32m[1mWhen [22mLoan Pay-off is made on [1m"12 January 2024"[22m[39m                                                                                                    [90m# org.apache.fineract.test.stepdef.loan.LoanRepaymentStepDef.makeLoanPayOff(java.lang.String)[39m
  [32m✔[39m [32m[1mThen [22mLoan is closed with zero outstanding balance and it's all installments have obligations met[39m                                                  [90m# org.apache.fineract.test.stepdef.loan.LoanStepDef.loanClosedAndInstallmentsObligationsMet()[39m

@CapitalizedIncomeFeature @TestRailId:C3756
[1mScenario:[22m Verify Capitalised Income Adjustment reversed on same biz date when added - UC4                                                                                                  [90m# fineract-e2e-tests-runner/src/test/resources/features/LoanCapitalizedIncome-Part1.feature:4210[39m
  [32m✔[39m [32m[1mWhen [22mAdmin sets the business date to [1m"01 January 2024"[22m[39m                                                                                                                                 [90m# org.apache.fineract.test.stepdef.common.BusinessDateStepDef.setBusinessDate(java.lang.String)[39m
  [32m✔[39m [32m[1mAnd [22mAdmin creates a client with random data[39m                                                                                                                                            [90m# org.apache.fineract.test.stepdef.common.ClientStepDef.createClientRandomFirstNameLastName()[39m
  [32m✔[39m [32m[1mWhen [22mAdmin creates a fully customized loan with the following data:[39m                                                                                                                    [90m# org.apache.fineract.test.stepdef.loan.LoanStepDef.createFullyCustomizedLoan(io.cucumber.datatable.DataTable)[39m
      | LoanProduct                                                                                       | submitted on date | with Principal | ANNUAL interest rate % | interest type     | interest calculation period | amortization type  | loanTermFrequency | loanTermFrequencyType | repaymentEvery | repaymentFrequencyType | numberOfRepayments | graceOnPrincipalPayment | graceOnInterestPayment | interest free period | Payment strategy            |
      | LP2_ADV_PYMNT_INTEREST_DAILY_EMI_360_30_INTEREST_RECALC_DAILY_CAPITALIZED_INCOME_ADJ_CUSTOM_ALLOC | 01 January 2024   | 200            | 7                      | DECLINING_BALANCE | DAILY                       | EQUAL_INSTALLMENTS | 3                 | MONTHS                | 1              | MONTHS                 | 3                  | 0                       | 0                      | 0                    | ADVANCED_PAYMENT_ALLOCATION |
  [32m✔[39m [32m[1mAnd [22mAdmin successfully approves the loan on [1m"01 January 2024"[22m with [1m"200"[22m amount and expected disbursement date on [1m"01 January 2024"[22m[39m                                                    [90m# org.apache.fineract.test.stepdef.loan.LoanStepDef.approveLoan(java.lang.String,java.lang.String,java.lang.String)[39m
  [32m✔[39m [32m[1mAnd [22mAdmin successfully disburse the loan on [1m"01 January 2024"[22m with [1m"100"[22m EUR transaction amount[39m                                                                                        [90m# org.apache.fineract.test.stepdef.loan.LoanStepDef.disburseLoan(java.lang.String,java.lang.String)[39m
  [32m✔[39m [32m[1mThen [22mLoan Repayment schedule has [1m3[22m periods, with the following data for periods:[39m                                                                                                       [90m# org.apache.fineract.test.stepdef.loan.LoanStepDef.loanRepaymentSchedulePeriodsCheck(int,io.cucumber.datatable.DataTable)[39m
      | Nr | Days | Date             | Paid date | Balance of loan | Principal due | Interest | Fees | Penalties | Due   | Paid | In advance | Late | Outstanding |
      |    |      | 01 January 2024  |           | 100.0           |               |          | 0.0  |           | 0.0   | 0.0  |            |      |             |
      | 1  | 31   | 01 February 2024 |           | 66.86           | 33.14         | 0.58     | 0.0  | 0.0       | 33.72 | 0.0  | 0.0        | 0.0  | 33.72       |
      | 2  | 29   | 01 March 2024    |           | 33.53           | 33.33         | 0.39     | 0.0  | 0.0       | 33.72 | 0.0  | 0.0        | 0.0  | 33.72       |
      | 3  | 31   | 01 April 2024    |           | 0.0             | 33.53         | 0.2      | 0.0  | 0.0       | 33.73 | 0.0  | 0.0        | 0.0  | 33.73       |
  [32m✔[39m [32m[1mAnd [22mLoan Repayment schedule has the following data in Total row:[39m                                                                                                                       [90m# org.apache.fineract.test.stepdef.loan.LoanStepDef.loanRepaymentScheduleAmountCheck(io.cucumber.datatable.DataTable)[39m
      | Principal due | Interest | Fees | Penalties | Due    | Paid | In advance | Late | Outstanding |
      | 100.0         | 1.17     | 0.00 | 0.00      | 101.17 | 0.0  | 0.0        | 0.0  | 101.17      |
  [32m✔[39m [32m[1mAnd [22mLoan Transactions tab has the following data:[39m                                                                                                                                      [90m# org.apache.fineract.test.stepdef.loan.LoanStepDef.loanTransactionsTabCheck(io.cucumber.datatable.DataTable)[39m
      | Transaction date | Transaction Type | Amount | Principal | Interest | Fees | Penalties | Loan Balance | Reverted | Replayed |
      | 01 January 2024  | Disbursement     | 100.0  | 0.0       | 0.0      | 0.0  | 0.0       | 100.0        | false    | false    |
  [32m✔[39m [32m[1mAnd [22mAdmin adds capitalized income with [1m"AUTOPAY"[22m payment type to the loan on [1m"01 January 2024"[22m with [1m"100"[22m EUR transaction amount[39m                                                       [90m# org.apache.fineract.test.stepdef.loan.LoanStepDef.adminAddsCapitalizedIncomeToTheLoanOnWithEURTransactionAmount(java.lang.String,java.lang.String,java.lang.String)[39m
  [32m✔[39m [32m[1mWhen [22mAdmin sets the business date to [1m"02 January 2024"[22m[39m                                                                                                                                 [90m# org.apache.fineract.test.stepdef.common.BusinessDateStepDef.setBusinessDate(java.lang.String)[39m
  [32m✔[39m [32m[1mAnd [22mAdmin runs inline COB job for Loan[39m                                                                                                                                                 [90m# org.apache.fineract.test.stepdef.loan.InlineCOBStepDef.runInlineCOB()[39m
  [32m✔[39m [32m[1mWhen [22mAdmin sets the business date to [1m"03 January 2024"[22m[39m                                                                                                                                 [90m# org.apache.fineract.test.stepdef.common.BusinessDateStepDef.setBusinessDate(java.lang.String)[39m
  [32m✔[39m [32m[1mAnd [22mAdmin runs inline COB job for Loan[39m                                                                                                                                                 [90m# org.apache.fineract.test.stepdef.loan.InlineCOBStepDef.runInlineCOB()[39m
  [32m✔[39m [32m[1mAnd [22mLoan Transactions tab has the following data:[39m                                                                                                                                      [90m# org.apache.fineract.test.stepdef.loan.LoanStepDef.loanTransactionsTabCheck(io.cucumber.datatable.DataTable)[39m
      | Transaction date | Transaction Type                | Amount | Principal | Interest | Fees | Penalties | Loan Balance | Reverted | Replayed |
      | 01 January 2024  | Disbursement                    | 100.0  | 0.0       | 0.0      | 0.0  | 0.0       | 100.0        | false    | false    |
      | 01 January 2024  | Capitalized Income              | 100.0  | 100.0     | 0.0      | 0.0  | 0.0       | 200.0        | false    | false    |
      | 01 January 2024  | Capitalized Income Amortization | 1.1    | 0.0       | 1.1      | 0.0  | 0.0       | 0.0          | false    | false    |
      | 02 January 2024  | Accrual                         | 0.04   | 0.0       | 0.04     | 0.0  | 0.0       | 0.0          | false    | false    |
      | 02 January 2024  | Capitalized Income Amortization | 1.1    | 0.0       | 1.1      | 0.0  | 0.0       | 0.0          | false    | false    |
  [32m✔[39m [32m[1mAnd [22mAdmin adds capitalized income adjustment with [1m"AUTOPAY"[22m payment type to the loan on [1m"03 January 2024"[22m with [1m"100"[22m EUR trn amount with [1m"01 January 2024"[22m date for capitalized income[39m [90m# org.apache.fineract.test.stepdef.loan.LoanStepDef.adminAddsCapitalizedIncomeAdjustmentToTheLoanWithCapitalizedIncomeDate(java.lang.String,java.lang.String,java.lang.String,java.lang.String)[39m
  [32m✔[39m [32m[1mAnd [22mLoan Transactions tab has the following data:[39m                                                                                                                                      [90m# org.apache.fineract.test.stepdef.loan.LoanStepDef.loanTransactionsTabCheck(io.cucumber.datatable.DataTable)[39m
      | Transaction date | Transaction Type                | Amount | Principal | Interest | Fees | Penalties | Loan Balance | Reverted | Replayed |
      | 01 January 2024  | Disbursement                    | 100.0  | 0.0       | 0.0      | 0.0  | 0.0       | 100.0        | false    | false    |
      | 01 January 2024  | Capitalized Income              | 100.0  | 100.0     | 0.0      | 0.0  | 0.0       | 200.0        | false    | false    |
      | 01 January 2024  | Capitalized Income Amortization | 1.1    | 0.0       | 1.1      | 0.0  | 0.0       | 0.0          | false    | false    |
      | 02 January 2024  | Accrual                         | 0.04   | 0.0       | 0.04     | 0.0  | 0.0       | 0.0          | false    | false    |
      | 02 January 2024  | Capitalized Income Amortization | 1.1    | 0.0       | 1.1      | 0.0  | 0.0       | 0.0          | false    | false    |
      | 03 January 2024  | Capitalized Income Adjustment   | 100.0  | 99.92     | 0.08     | 0.0  | 0.0       | 100.08       | false    | false    |
  [32m✔[39m [32m[1mWhen [22mCustomer undo [1m"1"[22mth [1m"Capitalized Income Adjustment"[22m transaction made on [1m"03 January 2024"[22m[39m                                                                                         [90m# org.apache.fineract.test.stepdef.loan.LoanRepaymentStepDef.undoNthTransactionType(java.lang.String,java.lang.String,java.lang.String)[39m
  [32m✔[39m [32m[1mWhen [22mAdmin sets the business date to [1m"05 January 2024"[22m[39m                                                                                                                                 [90m# org.apache.fineract.test.stepdef.common.BusinessDateStepDef.setBusinessDate(java.lang.String)[39m
  [32m✔[39m [32m[1mAnd [22mAdmin runs inline COB job for Loan[39m                                                                                                                                                 [90m# org.apache.fineract.test.stepdef.loan.InlineCOBStepDef.runInlineCOB()[39m
  [32m✔[39m [32m[1mThen [22mLoan Repayment schedule has [1m3[22m periods, with the following data for periods:[39m                                                                                                       [90m# org.apache.fineract.test.stepdef.loan.LoanStepDef.loanRepaymentSchedulePeriodsCheck(int,io.cucumber.datatable.DataTable)[39m
      | Nr | Days | Date             | Paid date | Balance of loan | Principal due | Interest | Fees | Penalties | Due   | Paid | In advance | Late | Outstanding |
      |    |      | 01 January 2024  |           | 100.0           |               |          | 0.0  |           | 0.0   | 0.0  |            |      |             |
      |    |      | 01 January 2024  |           | 100.0           |               |          | 0.0  |           | 0.0   | 0.0  |            |      |             |
      | 1  | 31   | 01 February 2024 |           | 133.72          | 66.28         | 1.17     | 0.0  | 0.0       | 67.45 | 0.0  | 0.0        | 0.0  | 67.45       |
      | 2  | 29   | 01 March 2024    |           | 67.05           | 66.67         | 0.78     | 0.0  | 0.0       | 67.45 | 0.0  | 0.0        | 0.0  | 67.45       |
      | 3  | 31   | 01 April 2024    |           | 0.0             | 67.05         | 0.39     | 0.0  | 0.0       | 67.44 | 0.0  | 0.0        | 0.0  | 67.44       |
  [32m✔[39m [32m[1mAnd [22mLoan Repayment schedule has the following data in Total row:[39m                                                                                                                       [90m# org.apache.fineract.test.stepdef.loan.LoanStepDef.loanRepaymentScheduleAmountCheck(io.cucumber.datatable.DataTable)[39m
      | Principal due | Interest | Fees | Penalties | Due    | Paid | In advance | Late | Outstanding |
      | 200.0         | 2.34     | 0.00 | 0.00      | 202.34 | 0.0  | 0.0        | 0.0  | 202.34      |
  [32m✔[39m [32m[1mAnd [22mLoan Transactions tab has the following data:[39m                                                                                                                                      [90m# org.apache.fineract.test.stepdef.loan.LoanStepDef.loanTransactionsTabCheck(io.cucumber.datatable.DataTable)[39m
      | Transaction date | Transaction Type                | Amount | Principal | Interest | Fees | Penalties | Loan Balance | Reverted | Replayed |
      | 01 January 2024  | Disbursement                    | 100.0  | 0.0       | 0.0      | 0.0  | 0.0       | 100.0        | false    | false    |
      | 01 January 2024  | Capitalized Income              | 100.0  | 100.0     | 0.0      | 0.0  | 0.0       | 200.0        | false    | false    |
      | 01 January 2024  | Capitalized Income Amortization | 1.1    | 0.0       | 1.1      | 0.0  | 0.0       | 0.0          | false    | false    |
      | 02 January 2024  | Accrual                         | 0.04   | 0.0       | 0.04     | 0.0  | 0.0       | 0.0          | false    | false    |
      | 02 January 2024  | Capitalized Income Amortization | 1.1    | 0.0       | 1.1      | 0.0  | 0.0       | 0.0          | false    | false    |
      | 03 January 2024  | Capitalized Income Adjustment   | 100.0  | 99.92     | 0.08     | 0.0  | 0.0       | 100.08       | true     | false    |
      | 03 January 2024  | Accrual                         | 0.04   | 0.0       | 0.04     | 0.0  | 0.0       | 0.0          | false    | false    |
      | 03 January 2024  | Capitalized Income Amortization | 1.1    | 0.0       | 1.1      | 0.0  | 0.0       | 0.0          | false    | false    |
      | 04 January 2024  | Accrual                         | 0.03   | 0.0       | 0.03     | 0.0  | 0.0       | 0.0          | false    | false    |
      | 04 January 2024  | Capitalized Income Amortization | 1.1    | 0.0       | 1.1      | 0.0  | 0.0       | 0.0          | false    | false    |
  [32m✔[39m [32m[1mWhen [22mLoan Pay-off is made on [1m"05 January 2024"[22m[39m                                                                                                                                         [90m# org.apache.fineract.test.stepdef.loan.LoanRepaymentStepDef.makeLoanPayOff(java.lang.String)[39m
  [32m✔[39m [32m[1mThen [22mLoan is closed with zero outstanding balance and it's all installments have obligations met[39m                                                                                       [90m# org.apache.fineract.test.stepdef.loan.LoanStepDef.loanClosedAndInstallmentsObligationsMet()[39m

@CapitalizedIncomeFeature @TestRailId:C3708
[1mScenario:[22m Verify capitalized income reversed after repayment - UC1                                                                                                 [90m# fineract-e2e-tests-runner/src/test/resources/features/LoanCapitalizedIncome-Part1.feature:4282[39m
  [32m✔[39m [32m[1mWhen [22mAdmin sets the business date to [1m"1 January 2024"[22m[39m                                                                                                          [90m# org.apache.fineract.test.stepdef.common.BusinessDateStepDef.setBusinessDate(java.lang.String)[39m
  [32m✔[39m [32m[1mAnd [22mAdmin creates a client with random data[39m                                                                                                                    [90m# org.apache.fineract.test.stepdef.common.ClientStepDef.createClientRandomFirstNameLastName()[39m
  [32m✔[39m [32m[1mWhen [22mAdmin creates a fully customized loan with the following data:[39m                                                                                            [90m# org.apache.fineract.test.stepdef.loan.LoanStepDef.createFullyCustomizedLoan(io.cucumber.datatable.DataTable)[39m
      | LoanProduct                                                                                       | submitted on date | with Principal | ANNUAL interest rate % | interest type     | interest calculation period | amortization type  | loanTermFrequency | loanTermFrequencyType | repaymentEvery | repaymentFrequencyType | numberOfRepayments | graceOnPrincipalPayment | graceOnInterestPayment | interest free period | Payment strategy            |
      | LP2_ADV_PYMNT_INTEREST_DAILY_EMI_360_30_INTEREST_RECALC_DAILY_CAPITALIZED_INCOME_ADJ_CUSTOM_ALLOC | 01 January 2024   | 150            | 7                      | DECLINING_BALANCE | DAILY                       | EQUAL_INSTALLMENTS | 3                 | MONTHS                | 1              | MONTHS                 | 3                  | 0                       | 0                      | 0                    | ADVANCED_PAYMENT_ALLOCATION |
  [32m✔[39m [32m[1mAnd [22mAdmin successfully approves the loan on [1m"1 January 2024"[22m with [1m"150"[22m amount and expected disbursement date on [1m"1 January 2024"[22m[39m                              [90m# org.apache.fineract.test.stepdef.loan.LoanStepDef.approveLoan(java.lang.String,java.lang.String,java.lang.String)[39m
  [32m✔[39m [32m[1mAnd [22mAdmin successfully disburse the loan on [1m"1 January 2024"[22m with [1m"100"[22m EUR transaction amount[39m                                                                 [90m# org.apache.fineract.test.stepdef.loan.LoanStepDef.disburseLoan(java.lang.String,java.lang.String)[39m
  [32m✔[39m [32m[1mThen [22mLoan status will be [1m"ACTIVE"[22m[39m                                                                                                                              [90m# org.apache.fineract.test.stepdef.loan.LoanStepDef.loanStatus(java.lang.String)[39m
  [32m✔[39m [32m[1mAnd [22mAdmin adds capitalized income with [1m"AUTOPAY"[22m payment type to the loan on [1m"1 January 2024"[22m with [1m"50"[22m EUR transaction amount[39m                                 [90m# org.apache.fineract.test.stepdef.loan.LoanStepDef.adminAddsCapitalizedIncomeToTheLoanOnWithEURTransactionAmount(java.lang.String,java.lang.String,java.lang.String)[39m
  [32m✔[39m [32m[1mWhen [22mAdmin sets the business date to [1m"2 January 2024"[22m[39m                                                                                                          [90m# org.apache.fineract.test.stepdef.common.BusinessDateStepDef.setBusinessDate(java.lang.String)[39m
  [32m✔[39m [32m[1mAnd [22mAdmin runs inline COB job for Loan[39m                                                                                                                         [90m# org.apache.fineract.test.stepdef.loan.InlineCOBStepDef.runInlineCOB()[39m
  [32m✔[39m [32m[1mThen [22mLoan Repayment schedule has [1m3[22m periods, with the following data for periods:[39m                                                                               [90m# org.apache.fineract.test.stepdef.loan.LoanStepDef.loanRepaymentSchedulePeriodsCheck(int,io.cucumber.datatable.DataTable)[39m
      | Nr | Days | Date             | Paid date | Balance of loan | Principal due | Interest | Fees | Penalties | Due   | Paid | In advance | Late | Outstanding |
      |    |      | 01 January 2024  |           | 100.0           |               |          | 0.0  |           | 0.0   | 0.0  |            |      |             |
      |    |      | 01 January 2024  |           | 50.0            |               |          | 0.0  |           | 0.0   | 0.0  |            |      |             |
      | 1  | 31   | 01 February 2024 |           | 100.29          | 49.71         | 0.87     | 0.0  | 0.0       | 50.58 | 0.0  | 0.0        | 0.0  | 50.58       |
      | 2  | 29   | 01 March 2024    |           | 50.3            | 49.99         | 0.59     | 0.0  | 0.0       | 50.58 | 0.0  | 0.0        | 0.0  | 50.58       |
      | 3  | 31   | 01 April 2024    |           | 0.0             | 50.3          | 0.29     | 0.0  | 0.0       | 50.59 | 0.0  | 0.0        | 0.0  | 50.59       |
  [32m✔[39m [32m[1mThen [22mLoan Repayment schedule has the following data in Total row:[39m                                                                                              [90m# org.apache.fineract.test.stepdef.loan.LoanStepDef.loanRepaymentScheduleAmountCheck(io.cucumber.datatable.DataTable)[39m
      | Principal due | Interest | Fees | Penalties | Due    | Paid | In advance | Late | Outstanding |
      | 150.0         | 1.75     | 0.0  | 0.0       | 151.75 | 0.0  | 0.0        | 0.0  | 151.75      |
  [32m✔[39m [32m[1mThen [22mLoan Transactions tab has the following data:[39m                                                                                                             [90m# org.apache.fineract.test.stepdef.loan.LoanStepDef.loanTransactionsTabCheck(io.cucumber.datatable.DataTable)[39m
      | Transaction date | Transaction Type                | Amount | Principal | Interest | Fees | Penalties | Loan Balance | Reverted | Replayed |
      | 01 January 2024  | Disbursement                    | 100.0  | 0.0       | 0.0      | 0.0  | 0.0       | 100.0        | false    | false    |
      | 01 January 2024  | Capitalized Income              | 50.0   | 50.0      | 0.0      | 0.0  | 0.0       | 150.0        | false    | false    |
      | 01 January 2024  | Capitalized Income Amortization | 0.55   | 0.0       | 0.55     | 0.0  | 0.0       | 0.0          | false    | false    |
  [32m✔[39m [32m[1mThen [22mLoan Transactions tab has a [1m"CAPITALIZED_INCOME"[22m transaction with date [1m"01 January 2024"[22m which has the following Journal entries:[39m                         [90m# org.apache.fineract.test.stepdef.common.JournalEntriesStepDef.journalEntryDataCheck(java.lang.String,java.lang.String,io.cucumber.datatable.DataTable)[39m
      | Type      | Account code | Account name                | Debit | Credit |
      | ASSET     | 112601       | Loans Receivable            | 50.0  |        |
      | LIABILITY | 145024       | Deferred Capitalized Income |       | 50.0   |
  [32m✔[39m [32m[1mAnd [22mAdmin sets the business date to [1m"01 February 2024"[22m[39m                                                                                                         [90m# org.apache.fineract.test.stepdef.common.BusinessDateStepDef.setBusinessDate(java.lang.String)[39m
  [32m✔[39m [32m[1mAnd [22mAdmin runs inline COB job for Loan[39m                                                                                                                         [90m# org.apache.fineract.test.stepdef.loan.InlineCOBStepDef.runInlineCOB()[39m
  [32m✔[39m [32m[1mAnd [22mCustomer makes [1m"AUTOPAY"[22m repayment on [1m"01 February 2024"[22m with [1m50.58[22m EUR transaction amount[39m                                                                 [90m# org.apache.fineract.test.stepdef.loan.LoanRepaymentStepDef.makeLoanRepayment(java.lang.String,java.lang.String,double)[39m
  [32m✔[39m [32m[1mThen [22mLoan Repayment schedule has [1m3[22m periods, with the following data for periods:[39m                                                                               [90m# org.apache.fineract.test.stepdef.loan.LoanStepDef.loanRepaymentSchedulePeriodsCheck(int,io.cucumber.datatable.DataTable)[39m
      | Nr | Days | Date             | Paid date        | Balance of loan | Principal due | Interest | Fees | Penalties | Due   | Paid  | In advance | Late | Outstanding |
      |    |      | 01 January 2024  |                  | 100.0           |               |          | 0.0  |           | 0.0   | 0.0   |            |      |             |
      |    |      | 01 January 2024  |                  | 50.0            |               |          | 0.0  |           | 0.0   | 0.0   |            |      |             |
      | 1  | 31   | 01 February 2024 | 01 February 2024 | 100.29          | 49.71         | 0.87     | 0.0  | 0.0       | 50.58 | 50.58 | 0.0        | 0.0  | 0.0         |
      | 2  | 29   | 01 March 2024    |                  | 50.3            | 49.99         | 0.59     | 0.0  | 0.0       | 50.58 | 0.0   | 0.0        | 0.0  | 50.58       |
      | 3  | 31   | 01 April 2024    |                  | 0.0             | 50.3          | 0.29     | 0.0  | 0.0       | 50.59 | 0.0   | 0.0        | 0.0  | 50.59       |
  [32m✔[39m [32m[1mThen [22mLoan Repayment schedule has the following data in Total row:[39m                                                                                              [90m# org.apache.fineract.test.stepdef.loan.LoanStepDef.loanRepaymentScheduleAmountCheck(io.cucumber.datatable.DataTable)[39m
      | Principal due | Interest | Fees | Penalties | Due    | Paid  | In advance | Late | Outstanding |
      | 150.0         | 1.75     | 0.0  | 0.0       | 151.75 | 50.58 | 0.0        | 0.0  | 101.17      |
  [32m✔[39m [32m[1mThen [22mLoan Transactions tab has the following data:[39m                                                                                                             [90m# org.apache.fineract.test.stepdef.loan.LoanStepDef.loanTransactionsTabCheck(io.cucumber.datatable.DataTable)[39m
      | Transaction date | Transaction Type                | Amount | Principal | Interest | Fees | Penalties | Loan Balance | Reverted | Replayed |
      | 01 January 2024  | Disbursement                    | 100.0  | 0.0       | 0.0      | 0.0  | 0.0       | 100.0        | false    | false    |
      | 01 January 2024  | Capitalized Income              | 50.0   | 50.0      | 0.0      | 0.0  | 0.0       | 150.0        | false    | false    |
      | 01 January 2024  | Capitalized Income Amortization | 0.55   | 0.0       | 0.55     | 0.0  | 0.0       | 0.0          | false    | false    |
      | 02 January 2024  | Accrual                         | 0.03   | 0.0       | 0.03     | 0.0  | 0.0       | 0.0          | false    | false    |
      | 02 January 2024  | Capitalized Income Amortization | 0.55   | 0.0       | 0.55     | 0.0  | 0.0       | 0.0          | false    | false    |
      | 03 January 2024  | Accrual                         | 0.03   | 0.0       | 0.03     | 0.0  | 0.0       | 0.0          | false    | false    |
      | 03 January 2024  | Capitalized Income Amortization | 0.55   | 0.0       | 0.55     | 0.0  | 0.0       | 0.0          | false    | false    |
      | 04 January 2024  | Accrual                         | 0.02   | 0.0       | 0.02     | 0.0  | 0.0       | 0.0          | false    | false    |
      | 04 January 2024  | Capitalized Income Amortization | 0.55   | 0.0       | 0.55     | 0.0  | 0.0       | 0.0          | false    | false    |
      | 05 January 2024  | Accrual                         | 0.03   | 0.0       | 0.03     | 0.0  | 0.0       | 0.0          | false    | false    |
      | 05 January 2024  | Capitalized Income Amortization | 0.55   | 0.0       | 0.55     | 0.0  | 0.0       | 0.0          | false    | false    |
      | 06 January 2024  | Accrual                         | 0.03   | 0.0       | 0.03     | 0.0  | 0.0       | 0.0          | false    | false    |
      | 06 January 2024  | Capitalized Income Amortization | 0.55   | 0.0       | 0.55     | 0.0  | 0.0       | 0.0          | false    | false    |
      | 07 January 2024  | Accrual                         | 0.03   | 0.0       | 0.03     | 0.0  | 0.0       | 0.0          | false    | false    |
      | 07 January 2024  | Capitalized Income Amortization | 0.55   | 0.0       | 0.55     | 0.0  | 0.0       | 0.0          | false    | false    |
      | 08 January 2024  | Accrual                         | 0.03   | 0.0       | 0.03     | 0.0  | 0.0       | 0.0          | false    | false    |
      | 08 January 2024  | Capitalized Income Amortization | 0.55   | 0.0       | 0.55     | 0.0  | 0.0       | 0.0          | false    | false    |
      | 09 January 2024  | Accrual                         | 0.03   | 0.0       | 0.03     | 0.0  | 0.0       | 0.0          | false    | false    |
      | 09 January 2024  | Capitalized Income Amortization | 0.55   | 0.0       | 0.55     | 0.0  | 0.0       | 0.0          | false    | false    |
      | 10 January 2024  | Accrual                         | 0.02   | 0.0       | 0.02     | 0.0  | 0.0       | 0.0          | false    | false    |
      | 10 January 2024  | Capitalized Income Amortization | 0.54   | 0.0       | 0.54     | 0.0  | 0.0       | 0.0          | false    | false    |
      | 11 January 2024  | Accrual                         | 0.03   | 0.0       | 0.03     | 0.0  | 0.0       | 0.0          | false    | false    |
      | 11 January 2024  | Capitalized Income Amortization | 0.55   | 0.0       | 0.55     | 0.0  | 0.0       | 0.0          | false    | false    |
      | 12 January 2024  | Accrual                         | 0.03   | 0.0       | 0.03     | 0.0  | 0.0       | 0.0          | false    | false    |
      | 12 January 2024  | Capitalized Income Amortization | 0.55   | 0.0       | 0.55     | 0.0  | 0.0       | 0.0          | false    | false    |
      | 13 January 2024  | Accrual                         | 0.03   | 0.0       | 0.03     | 0.0  | 0.0       | 0.0          | false    | false    |
      | 13 January 2024  | Capitalized Income Amortization | 0.55   | 0.0       | 0.55     | 0.0  | 0.0       | 0.0          | false    | false    |
      | 14 January 2024  | Accrual                         | 0.03   | 0.0       | 0.03     | 0.0  | 0.0       | 0.0          | false    | false    |
      | 14 January 2024  | Capitalized Income Amortization | 0.55   | 0.0       | 0.55     | 0.0  | 0.0       | 0.0          | false    | false    |
      | 15 January 2024  | Accrual                         | 0.03   | 0.0       | 0.03     | 0.0  | 0.0       | 0.0          | false    | false    |
      | 15 January 2024  | Capitalized Income Amortization | 0.55   | 0.0       | 0.55     | 0.0  | 0.0       | 0.0          | false    | false    |
      | 16 January 2024  | Accrual                         | 0.02   | 0.0       | 0.02     | 0.0  | 0.0       | 0.0          | false    | false    |
      | 16 January 2024  | Capitalized Income Amortization | 0.55   | 0.0       | 0.55     | 0.0  | 0.0       | 0.0          | false    | false    |
      | 17 January 2024  | Accrual                         | 0.03   | 0.0       | 0.03     | 0.0  | 0.0       | 0.0          | false    | false    |
      | 17 January 2024  | Capitalized Income Amortization | 0.55   | 0.0       | 0.55     | 0.0  | 0.0       | 0.0          | false    | false    |
      | 18 January 2024  | Accrual                         | 0.03   | 0.0       | 0.03     | 0.0  | 0.0       | 0.0          | false    | false    |
      | 18 January 2024  | Capitalized Income Amortization | 0.55   | 0.0       | 0.55     | 0.0  | 0.0       | 0.0          | false    | false    |
      | 19 January 2024  | Accrual                         | 0.03   | 0.0       | 0.03     | 0.0  | 0.0       | 0.0          | false    | false    |
      | 19 January 2024  | Capitalized Income Amortization | 0.55   | 0.0       | 0.55     | 0.0  | 0.0       | 0.0          | false    | false    |
      | 20 January 2024  | Accrual                         | 0.03   | 0.0       | 0.03     | 0.0  | 0.0       | 0.0          | false    | false    |
      | 20 January 2024  | Capitalized Income Amortization | 0.55   | 0.0       | 0.55     | 0.0  | 0.0       | 0.0          | false    | false    |
      | 21 January 2024  | Accrual                         | 0.02   | 0.0       | 0.02     | 0.0  | 0.0       | 0.0          | false    | false    |
      | 21 January 2024  | Capitalized Income Amortization | 0.55   | 0.0       | 0.55     | 0.0  | 0.0       | 0.0          | false    | false    |
      | 22 January 2024  | Accrual                         | 0.03   | 0.0       | 0.03     | 0.0  | 0.0       | 0.0          | false    | false    |
      | 22 January 2024  | Capitalized Income Amortization | 0.55   | 0.0       | 0.55     | 0.0  | 0.0       | 0.0          | false    | false    |
      | 23 January 2024  | Accrual                         | 0.03   | 0.0       | 0.03     | 0.0  | 0.0       | 0.0          | false    | false    |
      | 23 January 2024  | Capitalized Income Amortization | 0.55   | 0.0       | 0.55     | 0.0  | 0.0       | 0.0          | false    | false    |
      | 24 January 2024  | Accrual                         | 0.03   | 0.0       | 0.03     | 0.0  | 0.0       | 0.0          | false    | false    |
      | 24 January 2024  | Capitalized Income Amortization | 0.55   | 0.0       | 0.55     | 0.0  | 0.0       | 0.0          | false    | false    |
      | 25 January 2024  | Accrual                         | 0.03   | 0.0       | 0.03     | 0.0  | 0.0       | 0.0          | false    | false    |
      | 25 January 2024  | Capitalized Income Amortization | 0.55   | 0.0       | 0.55     | 0.0  | 0.0       | 0.0          | false    | false    |
      | 26 January 2024  | Accrual                         | 0.03   | 0.0       | 0.03     | 0.0  | 0.0       | 0.0          | false    | false    |
      | 26 January 2024  | Capitalized Income Amortization | 0.55   | 0.0       | 0.55     | 0.0  | 0.0       | 0.0          | false    | false    |
      | 27 January 2024  | Accrual                         | 0.02   | 0.0       | 0.02     | 0.0  | 0.0       | 0.0          | false    | false    |
      | 27 January 2024  | Capitalized Income Amortization | 0.55   | 0.0       | 0.55     | 0.0  | 0.0       | 0.0          | false    | false    |
      | 28 January 2024  | Accrual                         | 0.03   | 0.0       | 0.03     | 0.0  | 0.0       | 0.0          | false    | false    |
      | 28 January 2024  | Capitalized Income Amortization | 0.54   | 0.0       | 0.54     | 0.0  | 0.0       | 0.0          | false    | false    |
      | 29 January 2024  | Accrual                         | 0.03   | 0.0       | 0.03     | 0.0  | 0.0       | 0.0          | false    | false    |
      | 29 January 2024  | Capitalized Income Amortization | 0.55   | 0.0       | 0.55     | 0.0  | 0.0       | 0.0          | false    | false    |
      | 30 January 2024  | Accrual                         | 0.03   | 0.0       | 0.03     | 0.0  | 0.0       | 0.0          | false    | false    |
      | 30 January 2024  | Capitalized Income Amortization | 0.55   | 0.0       | 0.55     | 0.0  | 0.0       | 0.0          | false    | false    |
      | 31 January 2024  | Accrual                         | 0.03   | 0.0       | 0.03     | 0.0  | 0.0       | 0.0          | false    | false    |
      | 31 January 2024  | Capitalized Income Amortization | 0.55   | 0.0       | 0.55     | 0.0  | 0.0       | 0.0          | false    | false    |
      | 01 February 2024 | Repayment                       | 50.58  | 49.71     | 0.87     | 0.0  | 0.0       | 100.29       | false    | false    |
  [32m✔[39m [32m[1mAnd [22mLoan Transactions tab has a [1m"CAPITALIZED_INCOME_AMORTIZATION"[22m transaction with date [1m"01 January 2024"[22m which has the following Journal entries:[39m             [90m# org.apache.fineract.test.stepdef.common.JournalEntriesStepDef.journalEntryDataCheck(java.lang.String,java.lang.String,io.cucumber.datatable.DataTable)[39m
      | Type      | Account code | Account name                | Debit | Credit |
      | INCOME    | 404000       | Interest Income             |       | 0.55   |
      | LIABILITY | 145024       | Deferred Capitalized Income | 0.55  |        |
  [32m✔[39m [32m[1mAnd [22mAdmin sets the business date to [1m"14 February 2024"[22m[39m                                                                                                         [90m# org.apache.fineract.test.stepdef.common.BusinessDateStepDef.setBusinessDate(java.lang.String)[39m
  [32m✔[39m [32m[1mAnd [22mAdmin runs inline COB job for Loan[39m                                                                                                                         [90m# org.apache.fineract.test.stepdef.loan.InlineCOBStepDef.runInlineCOB()[39m
  [32m✔[39m [32m[1mWhen [22mCustomer undo [1m"1"[22mth [1m"Capitalized Income"[22m transaction made on [1m"01 January 2024"[22m[39m                                                                            [90m# org.apache.fineract.test.stepdef.loan.LoanRepaymentStepDef.undoNthTransactionType(java.lang.String,java.lang.String,java.lang.String)[39m
  [32m✔[39m [32m[1mAnd [22mAdmin sets the business date to [1m"15 February 2024"[22m[39m                                                                                                         [90m# org.apache.fineract.test.stepdef.common.BusinessDateStepDef.setBusinessDate(java.lang.String)[39m
  [32m✔[39m [32m[1mAnd [22mAdmin runs inline COB job for Loan[39m                                                                                                                         [90m# org.apache.fineract.test.stepdef.loan.InlineCOBStepDef.runInlineCOB()[39m
  [32m✔[39m [32m[1mThen [22mLoan Transactions tab has the following data:[39m                                                                                                             [90m# org.apache.fineract.test.stepdef.loan.LoanStepDef.loanTransactionsTabCheck(io.cucumber.datatable.DataTable)[39m
      | Transaction date | Transaction Type                           | Amount | Principal | Interest | Fees | Penalties | Loan Balance | Reverted | Replayed |
      | 01 January 2024  | Disbursement                               | 100.0  | 0.0       | 0.0      | 0.0  | 0.0       | 100.0        | false    | false    |
      | 01 January 2024  | Capitalized Income                         | 50.0   | 50.0      | 0.0      | 0.0  | 0.0       | 150.0        | true     | false    |
      | 01 January 2024  | Capitalized Income Amortization            | 0.55   | 0.0       | 0.55     | 0.0  | 0.0       | 0.0          | false    | false    |
      | 02 January 2024  | Accrual                                    | 0.03   | 0.0       | 0.03     | 0.0  | 0.0       | 0.0          | false    | false    |
      | 02 January 2024  | Capitalized Income Amortization            | 0.55   | 0.0       | 0.55     | 0.0  | 0.0       | 0.0          | false    | false    |
      | 03 January 2024  | Accrual                                    | 0.03   | 0.0       | 0.03     | 0.0  | 0.0       | 0.0          | false    | false    |
      | 03 January 2024  | Capitalized Income Amortization            | 0.55   | 0.0       | 0.55     | 0.0  | 0.0       | 0.0          | false    | false    |
      | 04 January 2024  | Accrual                                    | 0.02   | 0.0       | 0.02     | 0.0  | 0.0       | 0.0          | false    | false    |
      | 04 January 2024  | Capitalized Income Amortization            | 0.55   | 0.0       | 0.55     | 0.0  | 0.0       | 0.0          | false    | false    |
      | 05 January 2024  | Accrual                                    | 0.03   | 0.0       | 0.03     | 0.0  | 0.0       | 0.0          | false    | false    |
      | 05 January 2024  | Capitalized Income Amortization            | 0.55   | 0.0       | 0.55     | 0.0  | 0.0       | 0.0          | false    | false    |
      | 06 January 2024  | Accrual                                    | 0.03   | 0.0       | 0.03     | 0.0  | 0.0       | 0.0          | false    | false    |
      | 06 January 2024  | Capitalized Income Amortization            | 0.55   | 0.0       | 0.55     | 0.0  | 0.0       | 0.0          | false    | false    |
      | 07 January 2024  | Accrual                                    | 0.03   | 0.0       | 0.03     | 0.0  | 0.0       | 0.0          | false    | false    |
      | 07 January 2024  | Capitalized Income Amortization            | 0.55   | 0.0       | 0.55     | 0.0  | 0.0       | 0.0          | false    | false    |
      | 08 January 2024  | Accrual                                    | 0.03   | 0.0       | 0.03     | 0.0  | 0.0       | 0.0          | false    | false    |
      | 08 January 2024  | Capitalized Income Amortization            | 0.55   | 0.0       | 0.55     | 0.0  | 0.0       | 0.0          | false    | false    |
      | 09 January 2024  | Accrual                                    | 0.03   | 0.0       | 0.03     | 0.0  | 0.0       | 0.0          | false    | false    |
      | 09 January 2024  | Capitalized Income Amortization            | 0.55   | 0.0       | 0.55     | 0.0  | 0.0       | 0.0          | false    | false    |
      | 10 January 2024  | Accrual                                    | 0.02   | 0.0       | 0.02     | 0.0  | 0.0       | 0.0          | false    | false    |
      | 10 January 2024  | Capitalized Income Amortization            | 0.54   | 0.0       | 0.54     | 0.0  | 0.0       | 0.0          | false    | false    |
      | 11 January 2024  | Accrual                                    | 0.03   | 0.0       | 0.03     | 0.0  | 0.0       | 0.0          | false    | false    |
      | 11 January 2024  | Capitalized Income Amortization            | 0.55   | 0.0       | 0.55     | 0.0  | 0.0       | 0.0          | false    | false    |
      | 12 January 2024  | Accrual                                    | 0.03   | 0.0       | 0.03     | 0.0  | 0.0       | 0.0          | false    | false    |
      | 12 January 2024  | Capitalized Income Amortization            | 0.55   | 0.0       | 0.55     | 0.0  | 0.0       | 0.0          | false    | false    |
      | 13 January 2024  | Accrual                                    | 0.03   | 0.0       | 0.03     | 0.0  | 0.0       | 0.0          | false    | false    |
      | 13 January 2024  | Capitalized Income Amortization            | 0.55   | 0.0       | 0.55     | 0.0  | 0.0       | 0.0          | false    | false    |
      | 14 January 2024  | Accrual                                    | 0.03   | 0.0       | 0.03     | 0.0  | 0.0       | 0.0          | false    | false    |
      | 14 January 2024  | Capitalized Income Amortization            | 0.55   | 0.0       | 0.55     | 0.0  | 0.0       | 0.0          | false    | false    |
      | 15 January 2024  | Accrual                                    | 0.03   | 0.0       | 0.03     | 0.0  | 0.0       | 0.0          | false    | false    |
      | 15 January 2024  | Capitalized Income Amortization            | 0.55   | 0.0       | 0.55     | 0.0  | 0.0       | 0.0          | false    | false    |
      | 16 January 2024  | Accrual                                    | 0.02   | 0.0       | 0.02     | 0.0  | 0.0       | 0.0          | false    | false    |
      | 16 January 2024  | Capitalized Income Amortization            | 0.55   | 0.0       | 0.55     | 0.0  | 0.0       | 0.0          | false    | false    |
      | 17 January 2024  | Accrual                                    | 0.03   | 0.0       | 0.03     | 0.0  | 0.0       | 0.0          | false    | false    |
      | 17 January 2024  | Capitalized Income Amortization            | 0.55   | 0.0       | 0.55     | 0.0  | 0.0       | 0.0          | false    | false    |
      | 18 January 2024  | Accrual                                    | 0.03   | 0.0       | 0.03     | 0.0  | 0.0       | 0.0          | false    | false    |
      | 18 January 2024  | Capitalized Income Amortization            | 0.55   | 0.0       | 0.55     | 0.0  | 0.0       | 0.0          | false    | false    |
      | 19 January 2024  | Accrual                                    | 0.03   | 0.0       | 0.03     | 0.0  | 0.0       | 0.0          | false    | false    |
      | 19 January 2024  | Capitalized Income Amortization            | 0.55   | 0.0       | 0.55     | 0.0  | 0.0       | 0.0          | false    | false    |
      | 20 January 2024  | Accrual                                    | 0.03   | 0.0       | 0.03     | 0.0  | 0.0       | 0.0          | false    | false    |
      | 20 January 2024  | Capitalized Income Amortization            | 0.55   | 0.0       | 0.55     | 0.0  | 0.0       | 0.0          | false    | false    |
      | 21 January 2024  | Accrual                                    | 0.02   | 0.0       | 0.02     | 0.0  | 0.0       | 0.0          | false    | false    |
      | 21 January 2024  | Capitalized Income Amortization            | 0.55   | 0.0       | 0.55     | 0.0  | 0.0       | 0.0          | false    | false    |
      | 22 January 2024  | Accrual                                    | 0.03   | 0.0       | 0.03     | 0.0  | 0.0       | 0.0          | false    | false    |
      | 22 January 2024  | Capitalized Income Amortization            | 0.55   | 0.0       | 0.55     | 0.0  | 0.0       | 0.0          | false    | false    |
      | 23 January 2024  | Accrual                                    | 0.03   | 0.0       | 0.03     | 0.0  | 0.0       | 0.0          | false    | false    |
      | 23 January 2024  | Capitalized Income Amortization            | 0.55   | 0.0       | 0.55     | 0.0  | 0.0       | 0.0          | false    | false    |
      | 24 January 2024  | Accrual                                    | 0.03   | 0.0       | 0.03     | 0.0  | 0.0       | 0.0          | false    | false    |
      | 24 January 2024  | Capitalized Income Amortization            | 0.55   | 0.0       | 0.55     | 0.0  | 0.0       | 0.0          | false    | false    |
      | 25 January 2024  | Accrual                                    | 0.03   | 0.0       | 0.03     | 0.0  | 0.0       | 0.0          | false    | false    |
      | 25 January 2024  | Capitalized Income Amortization            | 0.55   | 0.0       | 0.55     | 0.0  | 0.0       | 0.0          | false    | false    |
      | 26 January 2024  | Accrual                                    | 0.03   | 0.0       | 0.03     | 0.0  | 0.0       | 0.0          | false    | false    |
      | 26 January 2024  | Capitalized Income Amortization            | 0.55   | 0.0       | 0.55     | 0.0  | 0.0       | 0.0          | false    | false    |
      | 27 January 2024  | Accrual                                    | 0.02   | 0.0       | 0.02     | 0.0  | 0.0       | 0.0          | false    | false    |
      | 27 January 2024  | Capitalized Income Amortization            | 0.55   | 0.0       | 0.55     | 0.0  | 0.0       | 0.0          | false    | false    |
      | 28 January 2024  | Accrual                                    | 0.03   | 0.0       | 0.03     | 0.0  | 0.0       | 0.0          | false    | false    |
      | 28 January 2024  | Capitalized Income Amortization            | 0.54   | 0.0       | 0.54     | 0.0  | 0.0       | 0.0          | false    | false    |
      | 29 January 2024  | Accrual                                    | 0.03   | 0.0       | 0.03     | 0.0  | 0.0       | 0.0          | false    | false    |
      | 29 January 2024  | Capitalized Income Amortization            | 0.55   | 0.0       | 0.55     | 0.0  | 0.0       | 0.0          | false    | false    |
      | 30 January 2024  | Accrual                                    | 0.03   | 0.0       | 0.03     | 0.0  | 0.0       | 0.0          | false    | false    |
      | 30 January 2024  | Capitalized Income Amortization            | 0.55   | 0.0       | 0.55     | 0.0  | 0.0       | 0.0          | false    | false    |
      | 31 January 2024  | Accrual                                    | 0.03   | 0.0       | 0.03     | 0.0  | 0.0       | 0.0          | false    | false    |
      | 31 January 2024  | Capitalized Income Amortization            | 0.55   | 0.0       | 0.55     | 0.0  | 0.0       | 0.0          | false    | false    |
      | 01 February 2024 | Repayment                                  | 50.58  | 50.0      | 0.58     | 0.0  | 0.0       | 50.0         | false    | true     |
      | 01 February 2024 | Accrual                                    | 0.02   | 0.0       | 0.02     | 0.0  | 0.0       | 0.0          | false    | false    |
      | 01 February 2024 | Capitalized Income Amortization            | 0.55   | 0.0       | 0.55     | 0.0  | 0.0       | 0.0          | false    | false    |
      | 02 February 2024 | Accrual                                    | 0.02   | 0.0       | 0.02     | 0.0  | 0.0       | 0.0          | false    | false    |
      | 02 February 2024 | Capitalized Income Amortization            | 0.55   | 0.0       | 0.55     | 0.0  | 0.0       | 0.0          | false    | false    |
      | 03 February 2024 | Accrual                                    | 0.02   | 0.0       | 0.02     | 0.0  | 0.0       | 0.0          | false    | false    |
      | 03 February 2024 | Capitalized Income Amortization            | 0.55   | 0.0       | 0.55     | 0.0  | 0.0       | 0.0          | false    | false    |
      | 04 February 2024 | Accrual                                    | 0.02   | 0.0       | 0.02     | 0.0  | 0.0       | 0.0          | false    | false    |
      | 04 February 2024 | Capitalized Income Amortization            | 0.55   | 0.0       | 0.55     | 0.0  | 0.0       | 0.0          | false    | false    |
      | 05 February 2024 | Accrual                                    | 0.02   | 0.0       | 0.02     | 0.0  | 0.0       | 0.0          | false    | false    |
      | 05 February 2024 | Capitalized Income Amortization            | 0.55   | 0.0       | 0.55     | 0.0  | 0.0       | 0.0          | false    | false    |
      | 06 February 2024 | Accrual                                    | 0.02   | 0.0       | 0.02     | 0.0  | 0.0       | 0.0          | false    | false    |
      | 06 February 2024 | Capitalized Income Amortization            | 0.55   | 0.0       | 0.55     | 0.0  | 0.0       | 0.0          | false    | false    |
      | 07 February 2024 | Accrual                                    | 0.02   | 0.0       | 0.02     | 0.0  | 0.0       | 0.0          | false    | false    |
      | 07 February 2024 | Capitalized Income Amortization            | 0.55   | 0.0       | 0.55     | 0.0  | 0.0       | 0.0          | false    | false    |
      | 08 February 2024 | Accrual                                    | 0.02   | 0.0       | 0.02     | 0.0  | 0.0       | 0.0          | false    | false    |
      | 08 February 2024 | Capitalized Income Amortization            | 0.55   | 0.0       | 0.55     | 0.0  | 0.0       | 0.0          | false    | false    |
      | 09 February 2024 | Accrual                                    | 0.02   | 0.0       | 0.02     | 0.0  | 0.0       | 0.0          | false    | false    |
      | 09 February 2024 | Capitalized Income Amortization            | 0.55   | 0.0       | 0.55     | 0.0  | 0.0       | 0.0          | false    | false    |
      | 10 February 2024 | Accrual                                    | 0.02   | 0.0       | 0.02     | 0.0  | 0.0       | 0.0          | false    | false    |
      | 10 February 2024 | Capitalized Income Amortization            | 0.55   | 0.0       | 0.55     | 0.0  | 0.0       | 0.0          | false    | false    |
      | 11 February 2024 | Accrual                                    | 0.02   | 0.0       | 0.02     | 0.0  | 0.0       | 0.0          | false    | false    |
      | 11 February 2024 | Capitalized Income Amortization            | 0.55   | 0.0       | 0.55     | 0.0  | 0.0       | 0.0          | false    | false    |
      | 12 February 2024 | Accrual                                    | 0.02   | 0.0       | 0.02     | 0.0  | 0.0       | 0.0          | false    | false    |
      | 12 February 2024 | Capitalized Income Amortization            | 0.55   | 0.0       | 0.55     | 0.0  | 0.0       | 0.0          | false    | false    |
      | 13 February 2024 | Accrual                                    | 0.02   | 0.0       | 0.02     | 0.0  | 0.0       | 0.0          | false    | false    |
      | 13 February 2024 | Capitalized Income Amortization            | 0.55   | 0.0       | 0.55     | 0.0  | 0.0       | 0.0          | false    | false    |
      | 14 February 2024 | Accrual Adjustment                         | 0.4    | 0.0       | 0.4      | 0.0  | 0.0       | 0.0          | false    | false    |
      | 14 February 2024 | Capitalized Income Amortization Adjustment | 24.18  | 0.0       | 24.18    | 0.0  | 0.0       | 0.0          | false    | false    |
  [32m✔[39m [32m[1mAnd [22mLoan Transactions tab has a [1m"CAPITALIZED_INCOME_AMORTIZATION_ADJUSTMENT"[22m transaction with date [1m"14 February 2024"[22m which has the following Journal entries:[39m [90m# org.apache.fineract.test.stepdef.common.JournalEntriesStepDef.journalEntryDataCheck(java.lang.String,java.lang.String,io.cucumber.datatable.DataTable)[39m
      | Type      | Account code | Account name                | Debit | Credit |
      | INCOME    | 404000       | Interest Income             | 24.18 |        |
      | LIABILITY | 145024       | Deferred Capitalized Income |       | 24.18  |
  [32m✔[39m [32m[1mAnd [22mAdmin sets the business date to [1m"16 February 2024"[22m[39m                                                                                                         [90m# org.apache.fineract.test.stepdef.common.BusinessDateStepDef.setBusinessDate(java.lang.String)[39m
  [32m✔[39m [32m[1mAnd [22mAdmin runs inline COB job for Loan[39m                                                                                                                         [90m# org.apache.fineract.test.stepdef.loan.InlineCOBStepDef.runInlineCOB()[39m
  [32m✔[39m [32m[1mAnd [22mAdmin adds capitalized income with [1m"AUTOPAY"[22m payment type to the loan on [1m"16 February 2024"[22m with [1m"50"[22m EUR transaction amount[39m                               [90m# org.apache.fineract.test.stepdef.loan.LoanStepDef.adminAddsCapitalizedIncomeToTheLoanOnWithEURTransactionAmount(java.lang.String,java.lang.String,java.lang.String)[39m
  [32m✔[39m [32m[1mThen [22mLoan Repayment schedule has [1m3[22m periods, with the following data for periods:[39m                                                                               [90m# org.apache.fineract.test.stepdef.loan.LoanStepDef.loanRepaymentSchedulePeriodsCheck(int,io.cucumber.datatable.DataTable)[39m
      | Nr | Days | Date             | Paid date        | Balance of loan | Principal due | Interest | Fees | Penalties | Due   | Paid  | In advance | Late | Outstanding |
      |    |      | 01 January 2024  |                  | 100.0           |               |          | 0.0  |           | 0.0   | 0.0   |            |      |             |
      | 1  | 31   | 01 February 2024 | 01 February 2024 | 66.86           | 33.14         | 0.58     | 0.0  | 0.0       | 33.72 | 33.72 | 0.0        | 0.0  | 0.0         |
      |    |      | 16 February 2024 |                  | 50.0            |               |          | 0.0  |           | 0.0   | 0.0   |            |      |             |
      | 2  | 29   | 01 March 2024    |                  | 58.43           | 58.43         | 0.43     | 0.0  | 0.0       | 58.86 | 16.86 | 16.86      | 0.0  | 42.0        |
      | 3  | 31   | 01 April 2024    |                  | 0.0             | 58.43         | 0.34     | 0.0  | 0.0       | 58.77 | 0.0   | 0.0        | 0.0  | 58.77       |
  [32m✔[39m [32m[1mThen [22mLoan Repayment schedule has the following data in Total row:[39m                                                                                              [90m# org.apache.fineract.test.stepdef.loan.LoanStepDef.loanRepaymentScheduleAmountCheck(io.cucumber.datatable.DataTable)[39m
      | Principal due | Interest | Fees | Penalties | Due    | Paid  | In advance | Late | Outstanding |
      | 150.0         | 1.35     | 0.0  | 0.0       | 151.35 | 50.58 | 16.86      | 0.0  | 100.77      |
  [32m✔[39m [32m[1mThen [22mLoan Transactions tab has the following data:[39m                                                                                                             [90m# org.apache.fineract.test.stepdef.loan.LoanStepDef.loanTransactionsTabCheck(io.cucumber.datatable.DataTable)[39m
      | Transaction date | Transaction Type                           | Amount | Principal | Interest | Fees | Penalties | Loan Balance | Reverted | Replayed |
      | 01 January 2024  | Disbursement                               | 100.0  | 0.0       | 0.0      | 0.0  | 0.0       | 100.0        | false    | false    |
      | 01 January 2024  | Capitalized Income                         | 50.0   | 50.0      | 0.0      | 0.0  | 0.0       | 150.0        | true     | false    |
      | 01 January 2024  | Capitalized Income Amortization            | 0.55   | 0.0       | 0.55     | 0.0  | 0.0       | 0.0          | false    | false    |
      | 02 January 2024  | Accrual                                    | 0.03   | 0.0       | 0.03     | 0.0  | 0.0       | 0.0          | false    | false    |
      | 02 January 2024  | Capitalized Income Amortization            | 0.55   | 0.0       | 0.55     | 0.0  | 0.0       | 0.0          | false    | false    |
      | 03 January 2024  | Accrual                                    | 0.03   | 0.0       | 0.03     | 0.0  | 0.0       | 0.0          | false    | false    |
      | 03 January 2024  | Capitalized Income Amortization            | 0.55   | 0.0       | 0.55     | 0.0  | 0.0       | 0.0          | false    | false    |
      | 04 January 2024  | Accrual                                    | 0.02   | 0.0       | 0.02     | 0.0  | 0.0       | 0.0          | false    | false    |
      | 04 January 2024  | Capitalized Income Amortization            | 0.55   | 0.0       | 0.55     | 0.0  | 0.0       | 0.0          | false    | false    |
      | 05 January 2024  | Accrual                                    | 0.03   | 0.0       | 0.03     | 0.0  | 0.0       | 0.0          | false    | false    |
      | 05 January 2024  | Capitalized Income Amortization            | 0.55   | 0.0       | 0.55     | 0.0  | 0.0       | 0.0          | false    | false    |
      | 06 January 2024  | Accrual                                    | 0.03   | 0.0       | 0.03     | 0.0  | 0.0       | 0.0          | false    | false    |
      | 06 January 2024  | Capitalized Income Amortization            | 0.55   | 0.0       | 0.55     | 0.0  | 0.0       | 0.0          | false    | false    |
      | 07 January 2024  | Accrual                                    | 0.03   | 0.0       | 0.03     | 0.0  | 0.0       | 0.0          | false    | false    |
      | 07 January 2024  | Capitalized Income Amortization            | 0.55   | 0.0       | 0.55     | 0.0  | 0.0       | 0.0          | false    | false    |
      | 08 January 2024  | Accrual                                    | 0.03   | 0.0       | 0.03     | 0.0  | 0.0       | 0.0          | false    | false    |
      | 08 January 2024  | Capitalized Income Amortization            | 0.55   | 0.0       | 0.55     | 0.0  | 0.0       | 0.0          | false    | false    |
      | 09 January 2024  | Accrual                                    | 0.03   | 0.0       | 0.03     | 0.0  | 0.0       | 0.0          | false    | false    |
      | 09 January 2024  | Capitalized Income Amortization            | 0.55   | 0.0       | 0.55     | 0.0  | 0.0       | 0.0          | false    | false    |
      | 10 January 2024  | Accrual                                    | 0.02   | 0.0       | 0.02     | 0.0  | 0.0       | 0.0          | false    | false    |
      | 10 January 2024  | Capitalized Income Amortization            | 0.54   | 0.0       | 0.54     | 0.0  | 0.0       | 0.0          | false    | false    |
      | 11 January 2024  | Accrual                                    | 0.03   | 0.0       | 0.03     | 0.0  | 0.0       | 0.0          | false    | false    |
      | 11 January 2024  | Capitalized Income Amortization            | 0.55   | 0.0       | 0.55     | 0.0  | 0.0       | 0.0          | false    | false    |
      | 12 January 2024  | Accrual                                    | 0.03   | 0.0       | 0.03     | 0.0  | 0.0       | 0.0          | false    | false    |
      | 12 January 2024  | Capitalized Income Amortization            | 0.55   | 0.0       | 0.55     | 0.0  | 0.0       | 0.0          | false    | false    |
      | 13 January 2024  | Accrual                                    | 0.03   | 0.0       | 0.03     | 0.0  | 0.0       | 0.0          | false    | false    |
      | 13 January 2024  | Capitalized Income Amortization            | 0.55   | 0.0       | 0.55     | 0.0  | 0.0       | 0.0          | false    | false    |
      | 14 January 2024  | Accrual                                    | 0.03   | 0.0       | 0.03     | 0.0  | 0.0       | 0.0          | false    | false    |
      | 14 January 2024  | Capitalized Income Amortization            | 0.55   | 0.0       | 0.55     | 0.0  | 0.0       | 0.0          | false    | false    |
      | 15 January 2024  | Accrual                                    | 0.03   | 0.0       | 0.03     | 0.0  | 0.0       | 0.0          | false    | false    |
      | 15 January 2024  | Capitalized Income Amortization            | 0.55   | 0.0       | 0.55     | 0.0  | 0.0       | 0.0          | false    | false    |
      | 16 January 2024  | Accrual                                    | 0.02   | 0.0       | 0.02     | 0.0  | 0.0       | 0.0          | false    | false    |
      | 16 January 2024  | Capitalized Income Amortization            | 0.55   | 0.0       | 0.55     | 0.0  | 0.0       | 0.0          | false    | false    |
      | 17 January 2024  | Accrual                                    | 0.03   | 0.0       | 0.03     | 0.0  | 0.0       | 0.0          | false    | false    |
      | 17 January 2024  | Capitalized Income Amortization            | 0.55   | 0.0       | 0.55     | 0.0  | 0.0       | 0.0          | false    | false    |
      | 18 January 2024  | Accrual                                    | 0.03   | 0.0       | 0.03     | 0.0  | 0.0       | 0.0          | false    | false    |
      | 18 January 2024  | Capitalized Income Amortization            | 0.55   | 0.0       | 0.55     | 0.0  | 0.0       | 0.0          | false    | false    |
      | 19 January 2024  | Accrual                                    | 0.03   | 0.0       | 0.03     | 0.0  | 0.0       | 0.0          | false    | false    |
      | 19 January 2024  | Capitalized Income Amortization            | 0.55   | 0.0       | 0.55     | 0.0  | 0.0       | 0.0          | false    | false    |
      | 20 January 2024  | Accrual                                    | 0.03   | 0.0       | 0.03     | 0.0  | 0.0       | 0.0          | false    | false    |
      | 20 January 2024  | Capitalized Income Amortization            | 0.55   | 0.0       | 0.55     | 0.0  | 0.0       | 0.0          | false    | false    |
      | 21 January 2024  | Accrual                                    | 0.02   | 0.0       | 0.02     | 0.0  | 0.0       | 0.0          | false    | false    |
      | 21 January 2024  | Capitalized Income Amortization            | 0.55   | 0.0       | 0.55     | 0.0  | 0.0       | 0.0          | false    | false    |
      | 22 January 2024  | Accrual                                    | 0.03   | 0.0       | 0.03     | 0.0  | 0.0       | 0.0          | false    | false    |
      | 22 January 2024  | Capitalized Income Amortization            | 0.55   | 0.0       | 0.55     | 0.0  | 0.0       | 0.0          | false    | false    |
      | 23 January 2024  | Accrual                                    | 0.03   | 0.0       | 0.03     | 0.0  | 0.0       | 0.0          | false    | false    |
      | 23 January 2024  | Capitalized Income Amortization            | 0.55   | 0.0       | 0.55     | 0.0  | 0.0       | 0.0          | false    | false    |
      | 24 January 2024  | Accrual                                    | 0.03   | 0.0       | 0.03     | 0.0  | 0.0       | 0.0          | false    | false    |
      | 24 January 2024  | Capitalized Income Amortization            | 0.55   | 0.0       | 0.55     | 0.0  | 0.0       | 0.0          | false    | false    |
      | 25 January 2024  | Accrual                                    | 0.03   | 0.0       | 0.03     | 0.0  | 0.0       | 0.0          | false    | false    |
      | 25 January 2024  | Capitalized Income Amortization            | 0.55   | 0.0       | 0.55     | 0.0  | 0.0       | 0.0          | false    | false    |
      | 26 January 2024  | Accrual                                    | 0.03   | 0.0       | 0.03     | 0.0  | 0.0       | 0.0          | false    | false    |
      | 26 January 2024  | Capitalized Income Amortization            | 0.55   | 0.0       | 0.55     | 0.0  | 0.0       | 0.0          | false    | false    |
      | 27 January 2024  | Accrual                                    | 0.02   | 0.0       | 0.02     | 0.0  | 0.0       | 0.0          | false    | false    |
      | 27 January 2024  | Capitalized Income Amortization            | 0.55   | 0.0       | 0.55     | 0.0  | 0.0       | 0.0          | false    | false    |
      | 28 January 2024  | Accrual                                    | 0.03   | 0.0       | 0.03     | 0.0  | 0.0       | 0.0          | false    | false    |
      | 28 January 2024  | Capitalized Income Amortization            | 0.54   | 0.0       | 0.54     | 0.0  | 0.0       | 0.0          | false    | false    |
      | 29 January 2024  | Accrual                                    | 0.03   | 0.0       | 0.03     | 0.0  | 0.0       | 0.0          | false    | false    |
      | 29 January 2024  | Capitalized Income Amortization            | 0.55   | 0.0       | 0.55     | 0.0  | 0.0       | 0.0          | false    | false    |
      | 30 January 2024  | Accrual                                    | 0.03   | 0.0       | 0.03     | 0.0  | 0.0       | 0.0          | false    | false    |
      | 30 January 2024  | Capitalized Income Amortization            | 0.55   | 0.0       | 0.55     | 0.0  | 0.0       | 0.0          | false    | false    |
      | 31 January 2024  | Accrual                                    | 0.03   | 0.0       | 0.03     | 0.0  | 0.0       | 0.0          | false    | false    |
      | 31 January 2024  | Capitalized Income Amortization            | 0.55   | 0.0       | 0.55     | 0.0  | 0.0       | 0.0          | false    | false    |
      | 01 February 2024 | Repayment                                  | 50.58  | 50.0      | 0.58     | 0.0  | 0.0       | 50.0         | false    | true     |
      | 01 February 2024 | Accrual                                    | 0.02   | 0.0       | 0.02     | 0.0  | 0.0       | 0.0          | false    | false    |
      | 01 February 2024 | Capitalized Income Amortization            | 0.55   | 0.0       | 0.55     | 0.0  | 0.0       | 0.0          | false    | false    |
      | 02 February 2024 | Accrual                                    | 0.02   | 0.0       | 0.02     | 0.0  | 0.0       | 0.0          | false    | false    |
      | 02 February 2024 | Capitalized Income Amortization            | 0.55   | 0.0       | 0.55     | 0.0  | 0.0       | 0.0          | false    | false    |
      | 03 February 2024 | Accrual                                    | 0.02   | 0.0       | 0.02     | 0.0  | 0.0       | 0.0          | false    | false    |
      | 03 February 2024 | Capitalized Income Amortization            | 0.55   | 0.0       | 0.55     | 0.0  | 0.0       | 0.0          | false    | false    |
      | 04 February 2024 | Accrual                                    | 0.02   | 0.0       | 0.02     | 0.0  | 0.0       | 0.0          | false    | false    |
      | 04 February 2024 | Capitalized Income Amortization            | 0.55   | 0.0       | 0.55     | 0.0  | 0.0       | 0.0          | false    | false    |
      | 05 February 2024 | Accrual                                    | 0.02   | 0.0       | 0.02     | 0.0  | 0.0       | 0.0          | false    | false    |
      | 05 February 2024 | Capitalized Income Amortization            | 0.55   | 0.0       | 0.55     | 0.0  | 0.0       | 0.0          | false    | false    |
      | 06 February 2024 | Accrual                                    | 0.02   | 0.0       | 0.02     | 0.0  | 0.0       | 0.0          | false    | false    |
      | 06 February 2024 | Capitalized Income Amortization            | 0.55   | 0.0       | 0.55     | 0.0  | 0.0       | 0.0          | false    | false    |
      | 07 February 2024 | Accrual                                    | 0.02   | 0.0       | 0.02     | 0.0  | 0.0       | 0.0          | false    | false    |
      | 07 February 2024 | Capitalized Income Amortization            | 0.55   | 0.0       | 0.55     | 0.0  | 0.0       | 0.0          | false    | false    |
      | 08 February 2024 | Accrual                                    | 0.02   | 0.0       | 0.02     | 0.0  | 0.0       | 0.0          | false    | false    |
      | 08 February 2024 | Capitalized Income Amortization            | 0.55   | 0.0       | 0.55     | 0.0  | 0.0       | 0.0          | false    | false    |
      | 09 February 2024 | Accrual                                    | 0.02   | 0.0       | 0.02     | 0.0  | 0.0       | 0.0          | false    | false    |
      | 09 February 2024 | Capitalized Income Amortization            | 0.55   | 0.0       | 0.55     | 0.0  | 0.0       | 0.0          | false    | false    |
      | 10 February 2024 | Accrual                                    | 0.02   | 0.0       | 0.02     | 0.0  | 0.0       | 0.0          | false    | false    |
      | 10 February 2024 | Capitalized Income Amortization            | 0.55   | 0.0       | 0.55     | 0.0  | 0.0       | 0.0          | false    | false    |
      | 11 February 2024 | Accrual                                    | 0.02   | 0.0       | 0.02     | 0.0  | 0.0       | 0.0          | false    | false    |
      | 11 February 2024 | Capitalized Income Amortization            | 0.55   | 0.0       | 0.55     | 0.0  | 0.0       | 0.0          | false    | false    |
      | 12 February 2024 | Accrual                                    | 0.02   | 0.0       | 0.02     | 0.0  | 0.0       | 0.0          | false    | false    |
      | 12 February 2024 | Capitalized Income Amortization            | 0.55   | 0.0       | 0.55     | 0.0  | 0.0       | 0.0          | false    | false    |
      | 13 February 2024 | Accrual                                    | 0.02   | 0.0       | 0.02     | 0.0  | 0.0       | 0.0          | false    | false    |
      | 13 February 2024 | Capitalized Income Amortization            | 0.55   | 0.0       | 0.55     | 0.0  | 0.0       | 0.0          | false    | false    |
      | 14 February 2024 | Accrual Adjustment                         | 0.4    | 0.0       | 0.4      | 0.0  | 0.0       | 0.0          | false    | false    |
      | 14 February 2024 | Capitalized Income Amortization Adjustment | 24.18  | 0.0       | 24.18    | 0.0  | 0.0       | 0.0          | false    | false    |
      | 15 February 2024 | Accrual                                    | 0.01   | 0.0       | 0.01     | 0.0  | 0.0       | 0.0          | false    | false    |
      | 16 February 2024 | Capitalized Income                         | 50.0   | 50.0      | 0.0      | 0.0  | 0.0       | 100.0        | false    | false    |
  [32m✔[39m [32m[1mThen [22mLoanCapitalizedIncomeAmortizationAdjustmentTransactionCreatedBusinessEvent is raised on [1m"14 February 2024"[22m[39m                                                [90m# org.apache.fineract.test.stepdef.loan.LoanStepDef.checkLoanCapitalizedIncomeAmortizationAdjustmentTransactionCreatedBusinessEvent(java.lang.String)[39m
  [32m✔[39m [32m[1mThen [22mCustomer is forbidden to undo [1m"1"[22mth [1m"Capitalized Income"[22m transaction made on [1m"01 January 2024"[22m due to transaction type is non-reversal[39m                    [90m# org.apache.fineract.test.stepdef.loan.LoanRepaymentStepDef.makeTransactionUndoForbiddenNonReversal(java.lang.String,java.lang.String,java.lang.String)[39m
  [32m✔[39m [32m[1mWhen [22mLoan Pay-off is made on [1m"16 February 2024"[22m[39m                                                                                                                [90m# org.apache.fineract.test.stepdef.loan.LoanRepaymentStepDef.makeLoanPayOff(java.lang.String)[39m
  [32m✔[39m [32m[1mThen [22mLoan is closed with zero outstanding balance and it's all installments have obligations met[39m                                                               [90m# org.apache.fineract.test.stepdef.loan.LoanStepDef.loanClosedAndInstallmentsObligationsMet()[39m

@CapitalizedIncomeFeature @TestRailId:C3737
[1mScenario:[22m Verify overpayment amount when capitalized income transactions are reversed and replayed - basic flow                                                       [90m# fineract-e2e-tests-runner/src/test/resources/features/LoanCapitalizedIncome-Part1.feature:4615[39m
  [32m✔[39m [32m[1mWhen [22mAdmin sets the business date to [1m"1 January 2024"[22m[39m                                                                                                             [90m# org.apache.fineract.test.stepdef.common.BusinessDateStepDef.setBusinessDate(java.lang.String)[39m
  [32m✔[39m [32m[1mAnd [22mAdmin creates a client with random data[39m                                                                                                                       [90m# org.apache.fineract.test.stepdef.common.ClientStepDef.createClientRandomFirstNameLastName()[39m
  [32m✔[39m [32m[1mAnd [22mAdmin creates a fully customized loan with the following data:[39m                                                                                                [90m# org.apache.fineract.test.stepdef.loan.LoanStepDef.createFullyCustomizedLoan(io.cucumber.datatable.DataTable)[39m
      | LoanProduct                                                                      | submitted on date | with Principal | ANNUAL interest rate % | interest type     | interest calculation period | amortization type  | loanTermFrequency | loanTermFrequencyType | repaymentEvery | repaymentFrequencyType | numberOfRepayments | graceOnPrincipalPayment | graceOnInterestPayment | interest free period | Payment strategy            |
      | LP2_ADV_PYMNT_INTEREST_DAILY_EMI_360_30_INTEREST_RECALC_DAILY_CAPITALIZED_INCOME | 01 January 2024   | 1200           | 7                      | DECLINING_BALANCE | DAILY                       | EQUAL_INSTALLMENTS | 3                 | MONTHS                | 1              | MONTHS                 | 3                  | 0                       | 0                      | 0                    | ADVANCED_PAYMENT_ALLOCATION |
  [32m✔[39m [32m[1mAnd [22mAdmin successfully approves the loan on [1m"1 January 2024"[22m with [1m"1200"[22m amount and expected disbursement date on [1m"1 January 2024"[22m[39m                                [90m# org.apache.fineract.test.stepdef.loan.LoanStepDef.approveLoan(java.lang.String,java.lang.String,java.lang.String)[39m
  [32m✔[39m [32m[1mAnd [22mAdmin successfully disburse the loan on [1m"1 January 2024"[22m with [1m"1000"[22m EUR transaction amount[39m                                                                   [90m# org.apache.fineract.test.stepdef.loan.LoanStepDef.disburseLoan(java.lang.String,java.lang.String)[39m
  [32m✔[39m [32m[1mThen [22mLoan status will be [1m"ACTIVE"[22m[39m                                                                                                                                 [90m# org.apache.fineract.test.stepdef.loan.LoanStepDef.loanStatus(java.lang.String)[39m
  [32m✔[39m [32m[1mWhen [22mAdmin sets the business date to [1m"5 January 2024"[22m[39m                                                                                                             [90m# org.apache.fineract.test.stepdef.common.BusinessDateStepDef.setBusinessDate(java.lang.String)[39m
  [32m✔[39m [32m[1mAnd [22mAdmin adds capitalized income with [1m"AUTOPAY"[22m payment type to the loan on [1m"5 January 2024"[22m with [1m"200"[22m EUR transaction amount[39m                                   [90m# org.apache.fineract.test.stepdef.loan.LoanStepDef.adminAddsCapitalizedIncomeToTheLoanOnWithEURTransactionAmount(java.lang.String,java.lang.String,java.lang.String)[39m
  [32m✔[39m [32m[1mThen [22mLoan has [1m1213.88[22m outstanding amount[39m                                                                                                                          [90m# org.apache.fineract.test.stepdef.loan.LoanStepDef.loanOutstanding(double)[39m
  [32m✔[39m [32m[1mWhen [22mCustomer makes [1m"REPAYMENT"[22m transaction with [1m"AUTOPAY"[22m payment type on [1m"5 January 2024"[22m with [1m1300[22m EUR transaction amount and system-generated Idempotency key[39m [90m# org.apache.fineract.test.stepdef.loan.LoanStepDef.createTransactionWithAutoIdempotencyKey(java.lang.String,java.lang.String,java.lang.String,double)[39m
  [32m✔[39m [32m[1mThen [22mLoan status will be [1m"OVERPAID"[22m[39m                                                                                                                               [90m# org.apache.fineract.test.stepdef.loan.LoanStepDef.loanStatus(java.lang.String)[39m
  [32m✔[39m [32m[1mAnd [22mLoan has [1m0[22m outstanding amount[39m                                                                                                                                 [90m# org.apache.fineract.test.stepdef.loan.LoanStepDef.loanOutstanding(double)[39m
  [32m✔[39m [32m[1mAnd [22mLoan Transactions tab has the following data:[39m                                                                                                                 [90m# org.apache.fineract.test.stepdef.loan.LoanStepDef.loanTransactionsTabCheck(io.cucumber.datatable.DataTable)[39m
      | Transaction date | Transaction Type                | Amount | Principal | Interest | Fees | Penalties | Loan Balance | Reverted |
      | 01 January 2024  | Disbursement                    | 1000.0 | 0.0       | 0.0      | 0.0  | 0.0       | 1000.0       | false    |
      | 05 January 2024  | Capitalized Income              | 200.0  | 200.0     | 0.0      | 0.0  | 0.0       | 1200.0       | false    |
      | 05 January 2024  | Repayment                       | 1300.0 | 1200.0    | 0.75     | 0.0  | 0.0       | 0.0          | false    |
      | 05 January 2024  | Accrual                         | 0.75   | 0.0       | 0.75     | 0.0  | 0.0       | 0.0          | false    |
      | 05 January 2024  | Capitalized Income Amortization | 200.0  | 0.0       | 200.0    | 0.0  | 0.0       | 0.0          | false    |
  [32m✔[39m [32m[1mWhen [22mCustomer undo [1m"1"[22mth [1m"Capitalized Income"[22m transaction made on [1m"05 January 2024"[22m[39m                                                                               [90m# org.apache.fineract.test.stepdef.loan.LoanRepaymentStepDef.undoNthTransactionType(java.lang.String,java.lang.String,java.lang.String)[39m
  [32m✔[39m [32m[1mThen [22mLoan has [1m0[22m outstanding amount[39m                                                                                                                                [90m# org.apache.fineract.test.stepdef.loan.LoanStepDef.loanOutstanding(double)[39m
  [32m✔[39m [32m[1mAnd [22mLoan Transactions tab has the following data:[39m                                                                                                                 [90m# org.apache.fineract.test.stepdef.loan.LoanStepDef.loanTransactionsTabCheck(io.cucumber.datatable.DataTable)[39m
      | Transaction date | Transaction Type                           | Amount | Principal | Interest | Fees | Penalties | Loan Balance | Reverted | Replayed |
      | 01 January 2024  | Disbursement                               | 1000.0 | 0.0       | 0.0      | 0.0  | 0.0       | 1000.0       | false    | false    |
      | 05 January 2024  | Capitalized Income                         | 200.0  | 200.0     | 0.0      | 0.0  | 0.0       | 1200.0       | true     | false    |
      | 05 January 2024  | Accrual                                    | 0.75   | 0.0       | 0.75     | 0.0  | 0.0       | 0.0          | false    | false    |
      | 05 January 2024  | Capitalized Income Amortization            | 200.0  | 0.0       | 200.0    | 0.0  | 0.0       | 0.0          | false    | false    |
      | 05 January 2024  | Repayment                                  | 1300.0 | 1000.0    | 0.75     | 0.0  | 0.0       | 0.0          | false    | true     |
      | 05 January 2024  | Capitalized Income Amortization Adjustment | 200.0  | 0.0       | 200.0    | 0.0  | 0.0       | 0.0          | false    | false    |
  [32m✔[39m [32m[1mThen [22mLoan status will be [1m"OVERPAID"[22m[39m                                                                                                                               [90m# org.apache.fineract.test.stepdef.loan.LoanStepDef.loanStatus(java.lang.String)[39m
  [32m✔[39m [32m[1mThen [22mLoan has [1m299.25[22m overpaid amount[39m                                                                                                                              [90m# org.apache.fineract.test.stepdef.loan.LoanStepDef.loanOverpaid(double)[39m
  [32m✔[39m [32m[1mWhen [22mAdmin makes Credit Balance Refund transaction on [1m"5 January 2024"[22m with [1m299.25[22m EUR transaction amount[39m                                                         [90m# org.apache.fineract.test.stepdef.loan.LoanStepDef.createCBR(java.lang.String,double)[39m
  [32m✔[39m [32m[1mThen [22mLoan is closed with zero outstanding balance and it's all installments have obligations met[39m                                                                  [90m# org.apache.fineract.test.stepdef.loan.LoanStepDef.loanClosedAndInstallmentsObligationsMet()[39m

@CapitalizedIncomeFeature @TestRailId:C3739
[1mScenario:[22m Verify multiple capitalized income transactions reversal with overpayment - selective middle transaction reversal                                            [90m# fineract-e2e-tests-runner/src/test/resources/features/LoanCapitalizedIncome-Part1.feature:4656[39m
  [32m✔[39m [32m[1mWhen [22mAdmin sets the business date to [1m"1 January 2024"[22m[39m                                                                                                              [90m# org.apache.fineract.test.stepdef.common.BusinessDateStepDef.setBusinessDate(java.lang.String)[39m
  [32m✔[39m [32m[1mAnd [22mAdmin creates a client with random data[39m                                                                                                                        [90m# org.apache.fineract.test.stepdef.common.ClientStepDef.createClientRandomFirstNameLastName()[39m
  [32m✔[39m [32m[1mAnd [22mAdmin creates a fully customized loan with the following data:[39m                                                                                                 [90m# org.apache.fineract.test.stepdef.loan.LoanStepDef.createFullyCustomizedLoan(io.cucumber.datatable.DataTable)[39m
      | LoanProduct                                                                      | submitted on date | with Principal | ANNUAL interest rate % | interest type     | interest calculation period | amortization type  | loanTermFrequency | loanTermFrequencyType | repaymentEvery | repaymentFrequencyType | numberOfRepayments | graceOnPrincipalPayment | graceOnInterestPayment | interest free period | Payment strategy            |
      | LP2_ADV_PYMNT_INTEREST_DAILY_EMI_360_30_INTEREST_RECALC_DAILY_CAPITALIZED_INCOME | 01 January 2024   | 1600           | 7                      | DECLINING_BALANCE | DAILY                       | EQUAL_INSTALLMENTS | 3                 | MONTHS                | 1              | MONTHS                 | 3                  | 0                       | 0                      | 0                    | ADVANCED_PAYMENT_ALLOCATION |
  [32m✔[39m [32m[1mAnd [22mAdmin successfully approves the loan on [1m"1 January 2024"[22m with [1m"1600"[22m amount and expected disbursement date on [1m"1 January 2024"[22m[39m                                 [90m# org.apache.fineract.test.stepdef.loan.LoanStepDef.approveLoan(java.lang.String,java.lang.String,java.lang.String)[39m
  [32m✔[39m [32m[1mAnd [22mAdmin successfully disburse the loan on [1m"1 January 2024"[22m with [1m"1000"[22m EUR transaction amount[39m                                                                    [90m# org.apache.fineract.test.stepdef.loan.LoanStepDef.disburseLoan(java.lang.String,java.lang.String)[39m
  [32m✔[39m [32m[1mThen [22mLoan status will be [1m"ACTIVE"[22m[39m                                                                                                                                  [90m# org.apache.fineract.test.stepdef.loan.LoanStepDef.loanStatus(java.lang.String)[39m
  [32m✔[39m [32m[1mWhen [22mAdmin sets the business date to [1m"5 January 2024"[22m[39m                                                                                                              [90m# org.apache.fineract.test.stepdef.common.BusinessDateStepDef.setBusinessDate(java.lang.String)[39m
  [32m✔[39m [32m[1mAnd [22mAdmin adds capitalized income with [1m"AUTOPAY"[22m payment type to the loan on [1m"5 January 2024"[22m with [1m"100"[22m EUR transaction amount[39m                                    [90m# org.apache.fineract.test.stepdef.loan.LoanStepDef.adminAddsCapitalizedIncomeToTheLoanOnWithEURTransactionAmount(java.lang.String,java.lang.String,java.lang.String)[39m
  [32m✔[39m [32m[1mWhen [22mAdmin sets the business date to [1m"10 January 2024"[22m[39m                                                                                                             [90m# org.apache.fineract.test.stepdef.common.BusinessDateStepDef.setBusinessDate(java.lang.String)[39m
  [32m✔[39m [32m[1mAnd [22mAdmin adds capitalized income with [1m"AUTOPAY"[22m payment type to the loan on [1m"10 January 2024"[22m with [1m"150"[22m EUR transaction amount[39m                                   [90m# org.apache.fineract.test.stepdef.loan.LoanStepDef.adminAddsCapitalizedIncomeToTheLoanOnWithEURTransactionAmount(java.lang.String,java.lang.String,java.lang.String)[39m
  [32m✔[39m [32m[1mWhen [22mAdmin sets the business date to [1m"15 January 2024"[22m[39m                                                                                                             [90m# org.apache.fineract.test.stepdef.common.BusinessDateStepDef.setBusinessDate(java.lang.String)[39m
  [32m✔[39m [32m[1mAnd [22mAdmin adds capitalized income with [1m"AUTOPAY"[22m payment type to the loan on [1m"15 January 2024"[22m with [1m"200"[22m EUR transaction amount[39m                                   [90m# org.apache.fineract.test.stepdef.loan.LoanStepDef.adminAddsCapitalizedIncomeToTheLoanOnWithEURTransactionAmount(java.lang.String,java.lang.String,java.lang.String)[39m
  [32m✔[39m [32m[1mThen [22mLoan has [1m1466.08[22m outstanding amount[39m                                                                                                                           [90m# org.apache.fineract.test.stepdef.loan.LoanStepDef.loanOutstanding(double)[39m
  [32m✔[39m [32m[1mWhen [22mCustomer makes [1m"REPAYMENT"[22m transaction with [1m"AUTOPAY"[22m payment type on [1m"15 January 2024"[22m with [1m1500[22m EUR transaction amount and system-generated Idempotency key[39m [90m# org.apache.fineract.test.stepdef.loan.LoanStepDef.createTransactionWithAutoIdempotencyKey(java.lang.String,java.lang.String,java.lang.String,double)[39m
  [32m✔[39m [32m[1mThen [22mLoan status will be [1m"OVERPAID"[22m[39m                                                                                                                                [90m# org.apache.fineract.test.stepdef.loan.LoanStepDef.loanStatus(java.lang.String)[39m
  [32m✔[39m [32m[1mAnd [22mLoan Transactions tab has the following data:[39m                                                                                                                  [90m# org.apache.fineract.test.stepdef.loan.LoanStepDef.loanTransactionsTabCheck(io.cucumber.datatable.DataTable)[39m
      | Transaction date | Transaction Type                | Amount | Principal | Interest | Fees | Penalties | Loan Balance | Reverted |
      | 01 January 2024  | Disbursement                    | 1000.0 | 0.0       | 0.0      | 0.0  | 0.0       | 1000.0       | false    |
      | 05 January 2024  | Capitalized Income              | 100.0  | 100.0     | 0.0      | 0.0  | 0.0       | 1100.0       | false    |
      | 10 January 2024  | Capitalized Income              | 150.0  | 150.0     | 0.0      | 0.0  | 0.0       | 1250.0       | false    |
      | 15 January 2024  | Capitalized Income              | 200.0  | 200.0     | 0.0      | 0.0  | 0.0       | 1450.0       | false    |
      | 15 January 2024  | Repayment                       | 1500.0 | 1450.0    | 2.96     | 0.0  | 0.0       | 0.0          | false    |
      | 15 January 2024  | Accrual                         | 2.96   | 0.0       | 2.96     | 0.0  | 0.0       | 0.0          | false    |
      | 15 January 2024  | Capitalized Income Amortization | 450.0  | 0.0       | 450.0    | 0.0  | 0.0       | 0.0          | false    |
  [32m✔[39m [32m[1mWhen [22mCustomer undo [1m"1"[22mth [1m"Capitalized Income"[22m transaction made on [1m"10 January 2024"[22m[39m                                                                                [90m# org.apache.fineract.test.stepdef.loan.LoanRepaymentStepDef.undoNthTransactionType(java.lang.String,java.lang.String,java.lang.String)[39m
  [32m✔[39m [32m[1mThen [22mLoan Transactions tab has the following data:[39m                                                                                                                 [90m# org.apache.fineract.test.stepdef.loan.LoanStepDef.loanTransactionsTabCheck(io.cucumber.datatable.DataTable)[39m
      | Transaction date | Transaction Type                           | Amount | Principal | Interest | Fees | Penalties | Loan Balance | Reverted | Replayed |
      | 01 January 2024  | Disbursement                               | 1000.0 | 0.0       | 0.0      | 0.0  | 0.0       | 1000.0       | false    | false    |
      | 05 January 2024  | Capitalized Income                         | 100.0  | 100.0     | 0.0      | 0.0  | 0.0       | 1100.0       | false    | false    |
      | 10 January 2024  | Capitalized Income                         | 150.0  | 150.0     | 0.0      | 0.0  | 0.0       | 1250.0       | true     | false    |
      | 15 January 2024  | Capitalized Income                         | 200.0  | 200.0     | 0.0      | 0.0  | 0.0       | 1300.0       | false    | false    |
      | 15 January 2024  | Accrual                                    | 2.96   | 0.0       | 2.96     | 0.0  | 0.0       | 0.0          | false    | false    |
      | 15 January 2024  | Capitalized Income Amortization            | 450.0  | 0.0       | 450.0    | 0.0  | 0.0       | 0.0          | false    | false    |
      | 15 January 2024  | Repayment                                  | 1500.0 | 1300.0    | 2.82     | 0.0  | 0.0       | 0.0          | false    | true     |
      | 15 January 2024  | Capitalized Income Amortization Adjustment | 150.0  | 0.0       | 150.0    | 0.0  | 0.0       | 0.0          | false    | false    |
      | 15 January 2024  | Accrual Adjustment                         | 0.14   | 0.0       | 0.14     | 0.0  | 0.0       | 0.0          | false    | false    |
  [32m✔[39m [32m[1mThen [22mLoan status will be [1m"OVERPAID"[22m[39m                                                                                                                                [90m# org.apache.fineract.test.stepdef.loan.LoanStepDef.loanStatus(java.lang.String)[39m
  [32m✔[39m [32m[1mThen [22mLoan has [1m197.18[22m overpaid amount[39m                                                                                                                               [90m# org.apache.fineract.test.stepdef.loan.LoanStepDef.loanOverpaid(double)[39m
  [32m✔[39m [32m[1mWhen [22mAdmin makes Credit Balance Refund transaction on [1m"15 January 2024"[22m with [1m197.18[22m EUR transaction amount[39m                                                         [90m# org.apache.fineract.test.stepdef.loan.LoanStepDef.createCBR(java.lang.String,double)[39m
  [32m✔[39m [32m[1mThen [22mLoan is closed with zero outstanding balance and it's all installments have obligations met[39m                                                                   [90m# org.apache.fineract.test.stepdef.loan.LoanStepDef.loanClosedAndInstallmentsObligationsMet()[39m

@CapitalizedIncomeFeature @TestRailId:C3740
[1mScenario:[22m Verify capitalized income reversal with partial repayment when loan transitions from active to overpaid state                                               [90m# fineract-e2e-tests-runner/src/test/resources/features/LoanCapitalizedIncome-Part1.feature:4704[39m
  [32m✔[39m [32m[1mWhen [22mAdmin sets the business date to [1m"1 January 2024"[22m[39m                                                                                                             [90m# org.apache.fineract.test.stepdef.common.BusinessDateStepDef.setBusinessDate(java.lang.String)[39m
  [32m✔[39m [32m[1mAnd [22mAdmin creates a client with random data[39m                                                                                                                       [90m# org.apache.fineract.test.stepdef.common.ClientStepDef.createClientRandomFirstNameLastName()[39m
  [32m✔[39m [32m[1mAnd [22mAdmin creates a fully customized loan with the following data:[39m                                                                                                [90m# org.apache.fineract.test.stepdef.loan.LoanStepDef.createFullyCustomizedLoan(io.cucumber.datatable.DataTable)[39m
      | LoanProduct                                                                      | submitted on date | with Principal | ANNUAL interest rate % | interest type     | interest calculation period | amortization type  | loanTermFrequency | loanTermFrequencyType | repaymentEvery | repaymentFrequencyType | numberOfRepayments | graceOnPrincipalPayment | graceOnInterestPayment | interest free period | Payment strategy            |
      | LP2_ADV_PYMNT_INTEREST_DAILY_EMI_360_30_INTEREST_RECALC_DAILY_CAPITALIZED_INCOME | 01 January 2024   | 1800           | 7                      | DECLINING_BALANCE | DAILY                       | EQUAL_INSTALLMENTS | 3                 | MONTHS                | 1              | MONTHS                 | 3                  | 0                       | 0                      | 0                    | ADVANCED_PAYMENT_ALLOCATION |
  [32m✔[39m [32m[1mAnd [22mAdmin successfully approves the loan on [1m"1 January 2024"[22m with [1m"1800"[22m amount and expected disbursement date on [1m"1 January 2024"[22m[39m                                [90m# org.apache.fineract.test.stepdef.loan.LoanStepDef.approveLoan(java.lang.String,java.lang.String,java.lang.String)[39m
  [32m✔[39m [32m[1mAnd [22mAdmin successfully disburse the loan on [1m"1 January 2024"[22m with [1m"1000"[22m EUR transaction amount[39m                                                                   [90m# org.apache.fineract.test.stepdef.loan.LoanStepDef.disburseLoan(java.lang.String,java.lang.String)[39m
  [32m✔[39m [32m[1mThen [22mLoan status will be [1m"ACTIVE"[22m[39m                                                                                                                                 [90m# org.apache.fineract.test.stepdef.loan.LoanStepDef.loanStatus(java.lang.String)[39m
  [32m✔[39m [32m[1mWhen [22mAdmin sets the business date to [1m"5 January 2024"[22m[39m                                                                                                             [90m# org.apache.fineract.test.stepdef.common.BusinessDateStepDef.setBusinessDate(java.lang.String)[39m
  [32m✔[39m [32m[1mAnd [22mAdmin adds capitalized income with [1m"AUTOPAY"[22m payment type to the loan on [1m"5 January 2024"[22m with [1m"500"[22m EUR transaction amount[39m                                   [90m# org.apache.fineract.test.stepdef.loan.LoanStepDef.adminAddsCapitalizedIncomeToTheLoanOnWithEURTransactionAmount(java.lang.String,java.lang.String,java.lang.String)[39m
  [32m✔[39m [32m[1mThen [22mLoan has [1m1517.15[22m outstanding amount[39m                                                                                                                          [90m# org.apache.fineract.test.stepdef.loan.LoanStepDef.loanOutstanding(double)[39m
  [32m✔[39m [32m[1mWhen [22mCustomer makes [1m"REPAYMENT"[22m transaction with [1m"AUTOPAY"[22m payment type on [1m"5 January 2024"[22m with [1m1200[22m EUR transaction amount and system-generated Idempotency key[39m [90m# org.apache.fineract.test.stepdef.loan.LoanStepDef.createTransactionWithAutoIdempotencyKey(java.lang.String,java.lang.String,java.lang.String,double)[39m
  [32m✔[39m [32m[1mThen [22mLoan status will be [1m"ACTIVE"[22m[39m                                                                                                                                 [90m# org.apache.fineract.test.stepdef.loan.LoanStepDef.loanStatus(java.lang.String)[39m
  [32m✔[39m [32m[1mAnd [22mLoan has [1m305.78[22m outstanding amount[39m                                                                                                                            [90m# org.apache.fineract.test.stepdef.loan.LoanStepDef.loanOutstanding(double)[39m
  [32m✔[39m [32m[1mWhen [22mCustomer undo [1m"1"[22mth [1m"Capitalized Income"[22m transaction made on [1m"05 January 2024"[22m[39m                                                                               [90m# org.apache.fineract.test.stepdef.loan.LoanRepaymentStepDef.undoNthTransactionType(java.lang.String,java.lang.String,java.lang.String)[39m
  [32m✔[39m [32m[1mThen [22mLoan status will be [1m"OVERPAID"[22m[39m                                                                                                                               [90m# org.apache.fineract.test.stepdef.loan.LoanStepDef.loanStatus(java.lang.String)[39m
  [32m✔[39m [32m[1mAnd [22mLoan Transactions tab has the following data:[39m                                                                                                                 [90m# org.apache.fineract.test.stepdef.loan.LoanStepDef.loanTransactionsTabCheck(io.cucumber.datatable.DataTable)[39m
      | Transaction date | Transaction Type   | Amount | Principal | Interest | Fees | Penalties | Loan Balance | Reverted | Replayed |
      | 01 January 2024  | Disbursement       | 1000.0 | 0.0       | 0.0      | 0.0  | 0.0       | 1000.0       | false    | false    |
      | 05 January 2024  | Capitalized Income | 500.0  | 500.0     | 0.0      | 0.0  | 0.0       | 1500.0       | true     | false    |
      | 05 January 2024  | Repayment          | 1200.0 | 1000.0    | 0.75     | 0.0  | 0.0       | 0.0          | false    | true     |
      | 05 January 2024  | Accrual            | 0.75   | 0.0       | 0.75     | 0.0  | 0.0       | 0.0          | false    | false    |
  [32m✔[39m [32m[1mAnd [22mLoan has [1m0.0[22m outstanding amount[39m                                                                                                                               [90m# org.apache.fineract.test.stepdef.loan.LoanStepDef.loanOutstanding(double)[39m
  [32m✔[39m [32m[1mAnd [22mLoan has [1m199.25[22m overpaid amount[39m                                                                                                                               [90m# org.apache.fineract.test.stepdef.loan.LoanStepDef.loanOverpaid(double)[39m
  [32m✔[39m [32m[1mWhen [22mAdmin makes Credit Balance Refund transaction on [1m"5 January 2024"[22m with [1m199.25[22m EUR transaction amount[39m                                                         [90m# org.apache.fineract.test.stepdef.loan.LoanStepDef.createCBR(java.lang.String,double)[39m
  [32m✔[39m [32m[1mThen [22mLoan is closed with zero outstanding balance and it's all installments have obligations met[39m                                                                  [90m# org.apache.fineract.test.stepdef.loan.LoanStepDef.loanClosedAndInstallmentsObligationsMet()[39m

@CapitalizedIncomeFeature @TestRailId:C3741
[1mScenario:[22m Verify backdated disbursement with capitalized income and overpayment reverse-replay                                                                        [90m# fineract-e2e-tests-runner/src/test/resources/features/LoanCapitalizedIncome-Part1.feature:4736[39m
  [32m✔[39m [32m[1mWhen [22mAdmin sets the business date to [1m"1 January 2024"[22m[39m                                                                                                             [90m# org.apache.fineract.test.stepdef.common.BusinessDateStepDef.setBusinessDate(java.lang.String)[39m
  [32m✔[39m [32m[1mAnd [22mAdmin creates a client with random data[39m                                                                                                                       [90m# org.apache.fineract.test.stepdef.common.ClientStepDef.createClientRandomFirstNameLastName()[39m
  [32m✔[39m [32m[1mAnd [22mAdmin creates a fully customized loan with the following data:[39m                                                                                                [90m# org.apache.fineract.test.stepdef.loan.LoanStepDef.createFullyCustomizedLoan(io.cucumber.datatable.DataTable)[39m
      | LoanProduct                                                                                     | submitted on date | with Principal | ANNUAL interest rate % | interest type     | interest calculation period | amortization type  | loanTermFrequency | loanTermFrequencyType | repaymentEvery | repaymentFrequencyType | numberOfRepayments | graceOnPrincipalPayment | graceOnInterestPayment | interest free period | Payment strategy            |
      | LP2_ADV_PYMNT_INTEREST_DAILY_EMI_360_30_INTEREST_RECALC_DAILY_MULTIDISBURSAL_CAPITALIZED_INCOME | 01 January 2024   | 1200           | 7                      | DECLINING_BALANCE | DAILY                       | EQUAL_INSTALLMENTS | 3                 | MONTHS                | 1              | MONTHS                 | 3                  | 0                       | 0                      | 0                    | ADVANCED_PAYMENT_ALLOCATION |
  [32m✔[39m [32m[1mAnd [22mAdmin successfully approves the loan on [1m"1 January 2024"[22m with [1m"1200"[22m amount and expected disbursement date on [1m"1 January 2024"[22m[39m                                [90m# org.apache.fineract.test.stepdef.loan.LoanStepDef.approveLoan(java.lang.String,java.lang.String,java.lang.String)[39m
  [32m✔[39m [32m[1mAnd [22mAdmin successfully disburse the loan on [1m"1 January 2024"[22m with [1m"500"[22m EUR transaction amount[39m                                                                    [90m# org.apache.fineract.test.stepdef.loan.LoanStepDef.disburseLoan(java.lang.String,java.lang.String)[39m
  [32m✔[39m [32m[1mThen [22mLoan status will be [1m"ACTIVE"[22m[39m                                                                                                                                 [90m# org.apache.fineract.test.stepdef.loan.LoanStepDef.loanStatus(java.lang.String)[39m
  [32m✔[39m [32m[1mWhen [22mAdmin sets the business date to [1m"10 January 2024"[22m[39m                                                                                                            [90m# org.apache.fineract.test.stepdef.common.BusinessDateStepDef.setBusinessDate(java.lang.String)[39m
  [32m✔[39m [32m[1mAnd [22mAdmin adds capitalized income with [1m"AUTOPAY"[22m payment type to the loan on [1m"10 January 2024"[22m with [1m"200"[22m EUR transaction amount[39m                                  [90m# org.apache.fineract.test.stepdef.loan.LoanStepDef.adminAddsCapitalizedIncomeToTheLoanOnWithEURTransactionAmount(java.lang.String,java.lang.String,java.lang.String)[39m
  [32m✔[39m [32m[1mWhen [22mCustomer makes [1m"REPAYMENT"[22m transaction with [1m"AUTOPAY"[22m payment type on [1m"10 January 2024"[22m with [1m750[22m EUR transaction amount and system-generated Idempotency key[39m [90m# org.apache.fineract.test.stepdef.loan.LoanStepDef.createTransactionWithAutoIdempotencyKey(java.lang.String,java.lang.String,java.lang.String,double)[39m
  [32m✔[39m [32m[1mThen [22mLoan status will be [1m"OVERPAID"[22m[39m                                                                                                                               [90m# org.apache.fineract.test.stepdef.loan.LoanStepDef.loanStatus(java.lang.String)[39m
  [32m✔[39m [32m[1mAnd [22mLoan Transactions tab has the following data:[39m                                                                                                                 [90m# org.apache.fineract.test.stepdef.loan.LoanStepDef.loanTransactionsTabCheck(io.cucumber.datatable.DataTable)[39m
      | Transaction date | Transaction Type                | Amount | Principal | Interest | Fees | Penalties | Loan Balance | Reverted |
      | 01 January 2024  | Disbursement                    | 500.0  | 0.0       | 0.0      | 0.0  | 0.0       | 500.0        | false    |
      | 10 January 2024  | Capitalized Income              | 200.0  | 200.0     | 0.0      | 0.0  | 0.0       | 700.0        | false    |
      | 10 January 2024  | Repayment                       | 750.0  | 700.0     | 0.85     | 0.0  | 0.0       | 0.0          | false    |
      | 10 January 2024  | Accrual                         | 0.85   | 0.0       | 0.85     | 0.0  | 0.0       | 0.0          | false    |
      | 10 January 2024  | Capitalized Income Amortization | 200.0  | 0.0       | 200.0    | 0.0  | 0.0       | 0.0          | false    |
  [32m✔[39m [32m[1mWhen [22mAdmin successfully disburse the loan on [1m"5 January 2024"[22m with [1m"300"[22m EUR transaction amount[39m                                                                   [90m# org.apache.fineract.test.stepdef.loan.LoanStepDef.disburseLoan(java.lang.String,java.lang.String)[39m
  [32m✔[39m [32m[1mThen [22mLoan status will be [1m"ACTIVE"[22m[39m                                                                                                                                 [90m# org.apache.fineract.test.stepdef.loan.LoanStepDef.loanStatus(java.lang.String)[39m
  [32m✔[39m [32m[1mAnd [22mLoan Transactions tab has the following data:[39m                                                                                                                 [90m# org.apache.fineract.test.stepdef.loan.LoanStepDef.loanTransactionsTabCheck(io.cucumber.datatable.DataTable)[39m
      | Transaction date | Transaction Type                | Amount | Principal | Interest | Fees | Penalties | Loan Balance | Reverted | Replayed |
      | 01 January 2024  | Disbursement                    | 500.0  | 0.0       | 0.0      | 0.0  | 0.0       | 500.0        | false    | false    |
      | 05 January 2024  | Disbursement                    | 300.0  | 0.0       | 0.0      | 0.0  | 0.0       | 800.0        | false    | true     |
      | 10 January 2024  | Capitalized Income              | 200.0  | 200.0     | 0.0      | 0.0  | 0.0       | 1000.0       | false    | false    |
      | 10 January 2024  | Accrual                         | 0.85   | 0.0       | 0.85     | 0.0  | 0.0       | 0.0          | false    | false    |
      | 10 January 2024  | Capitalized Income Amortization | 200.0  | 0.0       | 200.0    | 0.0  | 0.0       | 0.0          | false    | false    |
      | 10 January 2024  | Repayment                       | 750.0  | 748.87    | 1.13     | 0.0  | 0.0       | 251.13       | false    | true     |
  [32m✔[39m [32m[1mAnd [22mLoan has [1m255.09[22m outstanding amount[39m                                                                                                                            [90m# org.apache.fineract.test.stepdef.loan.LoanStepDef.loanOutstanding(double)[39m
  [32m✔[39m [32m[1mWhen [22mLoan Pay-off is made on [1m"10 January 2024"[22m[39m                                                                                                                    [90m# org.apache.fineract.test.stepdef.loan.LoanRepaymentStepDef.makeLoanPayOff(java.lang.String)[39m
  [32m✔[39m [32m[1mThen [22mLoan is closed with zero outstanding balance and it's all installments have obligations met[39m                                                                  [90m# org.apache.fineract.test.stepdef.loan.LoanStepDef.loanClosedAndInstallmentsObligationsMet()[39m

50 scenarios ([32m50 passed[39m)
1410 steps ([32m1410 passed[39m)
9m 4.412s

[Incubating] Problems report is available at: file:///work/build/reports/problems/problems-report.html

Deprecated Gradle features were used in this build, making it incompatible with Gradle 9.0.

You can use '--warning-mode all' to show the individual deprecation warnings and determine if they come from your own scripts or plugins.

For more on this, please refer to https://docs.gradle.org/8.14.5/userguide/command_line_interface.html#sec:command_line_warnings in the Gradle documentation.

BUILD SUCCESSFUL in 21m 38s
24 actionable tasks: 1 executed, 23 up-to-date
=== run end 2026-09-11T19:09:52Z rc=0 ===
