loan	tx	type	inferred	entry	gl_account_id	gl_account_code	gl_account_name	amount_minor	currency
1	L2	loanTransactionType.accrual	False	DEBIT	7	112603	Interest/Fee Receivable	33	MNT
1	L2	loanTransactionType.accrual	False	CREDIT	8	404000	Interest Income	33	MNT
1	L3	loanTransactionType.accrual	False	DEBIT	7	112603	Interest/Fee Receivable	33	MNT
1	L3	loanTransactionType.accrual	False	CREDIT	8	404000	Interest Income	33	MNT
1	L4	loanTransactionType.accrual	False	DEBIT	7	112603	Interest/Fee Receivable	32	MNT
1	L4	loanTransactionType.accrual	False	CREDIT	8	404000	Interest Income	32	MNT
1	L5	loanTransactionType.accrual	False	DEBIT	7	112603	Interest/Fee Receivable	33	MNT
1	L5	loanTransactionType.accrual	False	CREDIT	8	404000	Interest Income	33	MNT
1	L6	loanTransactionType.accrual	False	DEBIT	7	112603	Interest/Fee Receivable	33	MNT
1	L6	loanTransactionType.accrual	False	CREDIT	8	404000	Interest Income	33	MNT
2	L9	loanTransactionType.accrual	False	DEBIT	7	112603	Interest/Fee Receivable	33	MNT
2	L9	loanTransactionType.accrual	False	CREDIT	8	404000	Interest Income	33	MNT
2	L10	loanTransactionType.accrual	False	DEBIT	7	112603	Interest/Fee Receivable	33	MNT
2	L10	loanTransactionType.accrual	False	CREDIT	8	404000	Interest Income	33	MNT
2	L11	loanTransactionType.accrual	False	DEBIT	7	112603	Interest/Fee Receivable	32	MNT
2	L11	loanTransactionType.accrual	False	CREDIT	8	404000	Interest Income	32	MNT
2	L12	loanTransactionType.accrual	False	DEBIT	7	112603	Interest/Fee Receivable	33	MNT
2	L12	loanTransactionType.accrual	False	CREDIT	8	404000	Interest Income	33	MNT
2	L13	loanTransactionType.accrual	False	DEBIT	7	112603	Interest/Fee Receivable	33	MNT
2	L13	loanTransactionType.accrual	False	DEBIT	7	112603	Interest/Fee Receivable	1000	MNT
2	L13	loanTransactionType.accrual	False	DEBIT	7	112603	Interest/Fee Receivable	1500	MNT
2	L13	loanTransactionType.accrual	False	CREDIT	8	404000	Interest Income	33	MNT
2	L13	loanTransactionType.accrual	False	CREDIT	5	404007	Fee Income	1000	MNT
2	L13	loanTransactionType.accrual	False	CREDIT	5	404007	Fee Income	1500	MNT
3	L16	loanTransactionType.accrual	False	DEBIT	7	112603	Interest/Fee Receivable	33	MNT
3	L16	loanTransactionType.accrual	False	CREDIT	8	404000	Interest Income	33	MNT
3	L17	loanTransactionType.accrual	False	DEBIT	7	112603	Interest/Fee Receivable	33	MNT
3	L17	loanTransactionType.accrual	False	CREDIT	8	404000	Interest Income	33	MNT
3	L18	loanTransactionType.accrual	False	DEBIT	7	112603	Interest/Fee Receivable	32	MNT
3	L18	loanTransactionType.accrual	False	CREDIT	8	404000	Interest Income	32	MNT
3	L19	loanTransactionType.accrual	False	DEBIT	7	112603	Interest/Fee Receivable	33	MNT
3	L19	loanTransactionType.accrual	False	CREDIT	8	404000	Interest Income	33	MNT
3	L20	loanTransactionType.accrual	False	DEBIT	7	112603	Interest/Fee Receivable	33	MNT
3	L20	loanTransactionType.accrual	False	CREDIT	8	404000	Interest Income	33	MNT
3	L22	loanTransactionType.accrual	False	DEBIT	7	112603	Interest/Fee Receivable	25	MNT
3	L22	loanTransactionType.accrual	False	DEBIT	7	112603	Interest/Fee Receivable	1000	MNT
3	L22	loanTransactionType.accrual	False	DEBIT	7	112603	Interest/Fee Receivable	1500	MNT
3	L22	loanTransactionType.accrual	False	CREDIT	8	404000	Interest Income	25	MNT
3	L22	loanTransactionType.accrual	False	CREDIT	5	404007	Fee Income	1000	MNT
3	L22	loanTransactionType.accrual	False	CREDIT	5	404007	Fee Income	1500	MNT
4	L24	loanTransactionType.accrual	False	DEBIT	7	112603	Interest/Fee Receivable	33	MNT
4	L24	loanTransactionType.accrual	False	CREDIT	8	404000	Interest Income	33	MNT
4	L25	loanTransactionType.accrual	False	DEBIT	7	112603	Interest/Fee Receivable	33	MNT
4	L25	loanTransactionType.accrual	False	CREDIT	8	404000	Interest Income	33	MNT
4	L26	loanTransactionType.accrual	False	DEBIT	7	112603	Interest/Fee Receivable	32	MNT
4	L26	loanTransactionType.accrual	False	CREDIT	8	404000	Interest Income	32	MNT
4	L27	loanTransactionType.accrual	False	DEBIT	7	112603	Interest/Fee Receivable	33	MNT
4	L27	loanTransactionType.accrual	False	CREDIT	8	404000	Interest Income	33	MNT
4	L28	loanTransactionType.accrual	False	DEBIT	7	112603	Interest/Fee Receivable	33	MNT
4	L28	loanTransactionType.accrual	False	CREDIT	8	404000	Interest Income	33	MNT
5	L31	loanTransactionType.accrual	False	DEBIT	7	112603	Interest/Fee Receivable	33	MNT
5	L31	loanTransactionType.accrual	False	CREDIT	8	404000	Interest Income	33	MNT
5	L32	loanTransactionType.accrual	False	DEBIT	7	112603	Interest/Fee Receivable	33	MNT
5	L32	loanTransactionType.accrual	False	CREDIT	8	404000	Interest Income	33	MNT
5	L33	loanTransactionType.accrual	False	DEBIT	7	112603	Interest/Fee Receivable	32	MNT
5	L33	loanTransactionType.accrual	False	CREDIT	8	404000	Interest Income	32	MNT
5	L34	loanTransactionType.accrual	False	DEBIT	7	112603	Interest/Fee Receivable	33	MNT
5	L34	loanTransactionType.accrual	False	CREDIT	8	404000	Interest Income	33	MNT
5	L35	loanTransactionType.accrual	False	DEBIT	7	112603	Interest/Fee Receivable	33	MNT
5	L35	loanTransactionType.accrual	False	DEBIT	7	112603	Interest/Fee Receivable	1000	MNT
5	L35	loanTransactionType.accrual	False	DEBIT	7	112603	Interest/Fee Receivable	1500	MNT
5	L35	loanTransactionType.accrual	False	CREDIT	8	404000	Interest Income	33	MNT
5	L35	loanTransactionType.accrual	False	CREDIT	5	404007	Fee Income	1000	MNT
5	L35	loanTransactionType.accrual	False	CREDIT	5	404007	Fee Income	1500	MNT
6	L38	loanTransactionType.accrual	False	DEBIT	7	112603	Interest/Fee Receivable	33	MNT
6	L38	loanTransactionType.accrual	False	CREDIT	8	404000	Interest Income	33	MNT
6	L39	loanTransactionType.accrual	False	DEBIT	7	112603	Interest/Fee Receivable	33	MNT
6	L39	loanTransactionType.accrual	False	CREDIT	8	404000	Interest Income	33	MNT
6	L40	loanTransactionType.accrual	False	DEBIT	7	112603	Interest/Fee Receivable	32	MNT
6	L40	loanTransactionType.accrual	False	CREDIT	8	404000	Interest Income	32	MNT
6	L41	loanTransactionType.accrual	False	DEBIT	7	112603	Interest/Fee Receivable	33	MNT
6	L41	loanTransactionType.accrual	False	CREDIT	8	404000	Interest Income	33	MNT
6	L42	loanTransactionType.accrual	False	DEBIT	7	112603	Interest/Fee Receivable	33	MNT
6	L42	loanTransactionType.accrual	False	CREDIT	8	404000	Interest Income	33	MNT
6	L44	loanTransactionType.accrual	False	DEBIT	7	112603	Interest/Fee Receivable	25	MNT
6	L44	loanTransactionType.accrual	False	DEBIT	7	112603	Interest/Fee Receivable	1000	MNT
6	L44	loanTransactionType.accrual	False	DEBIT	7	112603	Interest/Fee Receivable	1500	MNT
6	L44	loanTransactionType.accrual	False	CREDIT	8	404000	Interest Income	25	MNT
6	L44	loanTransactionType.accrual	False	CREDIT	5	404007	Fee Income	1000	MNT
6	L44	loanTransactionType.accrual	False	CREDIT	5	404007	Fee Income	1500	MNT
7	L46	loanTransactionType.accrual	False	DEBIT	7	112603	Interest/Fee Receivable	33	MNT
7	L46	loanTransactionType.accrual	False	CREDIT	8	404000	Interest Income	33	MNT
7	L48	loanTransactionType.accrual	False	DEBIT	7	112603	Interest/Fee Receivable	33	MNT
7	L48	loanTransactionType.accrual	False	CREDIT	8	404000	Interest Income	33	MNT
7	L49	loanTransactionType.accrual	False	DEBIT	7	112603	Interest/Fee Receivable	32	MNT
7	L49	loanTransactionType.accrual	False	CREDIT	8	404000	Interest Income	32	MNT
7	L50	loanTransactionType.accrual	False	DEBIT	7	112603	Interest/Fee Receivable	33	MNT
7	L50	loanTransactionType.accrual	False	CREDIT	8	404000	Interest Income	33	MNT
7	L51	loanTransactionType.accrual	False	DEBIT	7	112603	Interest/Fee Receivable	33	MNT
7	L51	loanTransactionType.accrual	False	CREDIT	8	404000	Interest Income	33	MNT
8	L54	loanTransactionType.accrual	False	DEBIT	7	112603	Interest/Fee Receivable	33	MNT
8	L54	loanTransactionType.accrual	False	CREDIT	8	404000	Interest Income	33	MNT
8	L56	loanTransactionType.accrual	False	DEBIT	7	112603	Interest/Fee Receivable	33	MNT
8	L56	loanTransactionType.accrual	False	CREDIT	8	404000	Interest Income	33	MNT
8	L57	loanTransactionType.accrual	False	DEBIT	7	112603	Interest/Fee Receivable	32	MNT
8	L57	loanTransactionType.accrual	False	CREDIT	8	404000	Interest Income	32	MNT
8	L58	loanTransactionType.accrual	False	DEBIT	7	112603	Interest/Fee Receivable	33	MNT
8	L58	loanTransactionType.accrual	False	CREDIT	8	404000	Interest Income	33	MNT
8	L59	loanTransactionType.accrual	False	DEBIT	7	112603	Interest/Fee Receivable	33	MNT
8	L59	loanTransactionType.accrual	False	DEBIT	7	112603	Interest/Fee Receivable	1000	MNT
8	L59	loanTransactionType.accrual	False	DEBIT	7	112603	Interest/Fee Receivable	1500	MNT
8	L59	loanTransactionType.accrual	False	CREDIT	8	404000	Interest Income	33	MNT
8	L59	loanTransactionType.accrual	False	CREDIT	5	404007	Fee Income	1000	MNT
8	L59	loanTransactionType.accrual	False	CREDIT	5	404007	Fee Income	1500	MNT
9	L62	loanTransactionType.accrual	False	DEBIT	7	112603	Interest/Fee Receivable	33	MNT
9	L62	loanTransactionType.accrual	False	CREDIT	8	404000	Interest Income	33	MNT
9	L64	loanTransactionType.accrual	False	DEBIT	7	112603	Interest/Fee Receivable	33	MNT
9	L64	loanTransactionType.accrual	False	CREDIT	8	404000	Interest Income	33	MNT
9	L65	loanTransactionType.accrual	False	DEBIT	7	112603	Interest/Fee Receivable	32	MNT
9	L65	loanTransactionType.accrual	False	CREDIT	8	404000	Interest Income	32	MNT
9	L66	loanTransactionType.accrual	False	DEBIT	7	112603	Interest/Fee Receivable	33	MNT
9	L66	loanTransactionType.accrual	False	CREDIT	8	404000	Interest Income	33	MNT
9	L67	loanTransactionType.accrual	False	DEBIT	7	112603	Interest/Fee Receivable	33	MNT
9	L67	loanTransactionType.accrual	False	CREDIT	8	404000	Interest Income	33	MNT
9	L69	loanTransactionType.accrual	False	DEBIT	7	112603	Interest/Fee Receivable	25	MNT
9	L69	loanTransactionType.accrual	False	DEBIT	7	112603	Interest/Fee Receivable	1000	MNT
9	L69	loanTransactionType.accrual	False	DEBIT	7	112603	Interest/Fee Receivable	1500	MNT
9	L69	loanTransactionType.accrual	False	CREDIT	8	404000	Interest Income	25	MNT
9	L69	loanTransactionType.accrual	False	CREDIT	5	404007	Fee Income	1000	MNT
9	L69	loanTransactionType.accrual	False	CREDIT	5	404007	Fee Income	1500	MNT
10	L71	loanTransactionType.accrual	False	DEBIT	7	112603	Interest/Fee Receivable	33	MNT
10	L71	loanTransactionType.accrual	False	CREDIT	8	404000	Interest Income	33	MNT
10	L73	loanTransactionType.accrual	False	DEBIT	7	112603	Interest/Fee Receivable	33	MNT
10	L73	loanTransactionType.accrual	False	CREDIT	8	404000	Interest Income	33	MNT
10	L74	loanTransactionType.accrual	False	DEBIT	7	112603	Interest/Fee Receivable	32	MNT
10	L74	loanTransactionType.accrual	False	CREDIT	8	404000	Interest Income	32	MNT
10	L75	loanTransactionType.accrual	False	DEBIT	7	112603	Interest/Fee Receivable	33	MNT
10	L75	loanTransactionType.accrual	False	CREDIT	8	404000	Interest Income	33	MNT
10	L76	loanTransactionType.accrual	False	DEBIT	7	112603	Interest/Fee Receivable	33	MNT
10	L76	loanTransactionType.accrual	False	CREDIT	8	404000	Interest Income	33	MNT
11	L79	loanTransactionType.accrual	False	DEBIT	7	112603	Interest/Fee Receivable	33	MNT
11	L79	loanTransactionType.accrual	False	CREDIT	8	404000	Interest Income	33	MNT
11	L81	loanTransactionType.accrual	False	DEBIT	7	112603	Interest/Fee Receivable	33	MNT
11	L81	loanTransactionType.accrual	False	CREDIT	8	404000	Interest Income	33	MNT
11	L82	loanTransactionType.accrual	False	DEBIT	7	112603	Interest/Fee Receivable	32	MNT
11	L82	loanTransactionType.accrual	False	CREDIT	8	404000	Interest Income	32	MNT
11	L83	loanTransactionType.accrual	False	DEBIT	7	112603	Interest/Fee Receivable	33	MNT
11	L83	loanTransactionType.accrual	False	CREDIT	8	404000	Interest Income	33	MNT
11	L84	loanTransactionType.accrual	False	DEBIT	7	112603	Interest/Fee Receivable	33	MNT
11	L84	loanTransactionType.accrual	False	DEBIT	7	112603	Interest/Fee Receivable	1000	MNT
11	L84	loanTransactionType.accrual	False	DEBIT	7	112603	Interest/Fee Receivable	1500	MNT
11	L84	loanTransactionType.accrual	False	CREDIT	8	404000	Interest Income	33	MNT
11	L84	loanTransactionType.accrual	False	CREDIT	5	404007	Fee Income	1000	MNT
11	L84	loanTransactionType.accrual	False	CREDIT	5	404007	Fee Income	1500	MNT
12	L87	loanTransactionType.accrual	False	DEBIT	7	112603	Interest/Fee Receivable	33	MNT
12	L87	loanTransactionType.accrual	False	CREDIT	8	404000	Interest Income	33	MNT
12	L89	loanTransactionType.accrual	False	DEBIT	7	112603	Interest/Fee Receivable	33	MNT
12	L89	loanTransactionType.accrual	False	CREDIT	8	404000	Interest Income	33	MNT
12	L90	loanTransactionType.accrual	False	DEBIT	7	112603	Interest/Fee Receivable	32	MNT
12	L90	loanTransactionType.accrual	False	CREDIT	8	404000	Interest Income	32	MNT
12	L91	loanTransactionType.accrual	False	DEBIT	7	112603	Interest/Fee Receivable	33	MNT
12	L91	loanTransactionType.accrual	False	CREDIT	8	404000	Interest Income	33	MNT
12	L92	loanTransactionType.accrual	False	DEBIT	7	112603	Interest/Fee Receivable	33	MNT
12	L92	loanTransactionType.accrual	False	CREDIT	8	404000	Interest Income	33	MNT
12	L94	loanTransactionType.accrual	False	DEBIT	7	112603	Interest/Fee Receivable	25	MNT
12	L94	loanTransactionType.accrual	False	DEBIT	7	112603	Interest/Fee Receivable	1000	MNT
12	L94	loanTransactionType.accrual	False	DEBIT	7	112603	Interest/Fee Receivable	1500	MNT
12	L94	loanTransactionType.accrual	False	CREDIT	8	404000	Interest Income	25	MNT
12	L94	loanTransactionType.accrual	False	CREDIT	5	404007	Fee Income	1000	MNT
12	L94	loanTransactionType.accrual	False	CREDIT	5	404007	Fee Income	1500	MNT
13	L97	loanTransactionType.accrual	False	DEBIT	7	112603	Interest/Fee Receivable	410	MNT
13	L97	loanTransactionType.accrual	False	CREDIT	8	404000	Interest Income	410	MNT
14	L101	loanTransactionType.accrual	False	DEBIT	7	112603	Interest/Fee Receivable	410	MNT
14	L101	loanTransactionType.accrual	False	CREDIT	8	404000	Interest Income	410	MNT
15	L105	loanTransactionType.accrual	False	DEBIT	7	112603	Interest/Fee Receivable	410	MNT
15	L105	loanTransactionType.accrual	False	CREDIT	8	404000	Interest Income	410	MNT
15	L107	loanTransactionType.accrualAdjustment	False	DEBIT	8	404000	Interest Income	279	MNT
15	L107	loanTransactionType.accrualAdjustment	False	CREDIT	7	112603	Interest/Fee Receivable	279	MNT
15	L108	loanTransactionType.accrual	False	DEBIT	7	112603	Interest/Fee Receivable	33	MNT
15	L108	loanTransactionType.accrual	False	CREDIT	8	404000	Interest Income	33	MNT
16	L112	loanTransactionType.accrual	False	DEBIT	7	112603	Interest/Fee Receivable	33	MNT
16	L112	loanTransactionType.accrual	False	CREDIT	8	404000	Interest Income	33	MNT
16	L113	loanTransactionType.accrual	False	DEBIT	7	112603	Interest/Fee Receivable	33	MNT
16	L113	loanTransactionType.accrual	False	CREDIT	8	404000	Interest Income	33	MNT
16	L114	loanTransactionType.accrual	False	DEBIT	7	112603	Interest/Fee Receivable	32	MNT
16	L114	loanTransactionType.accrual	False	CREDIT	8	404000	Interest Income	32	MNT
16	L115	loanTransactionType.accrual	False	DEBIT	7	112603	Interest/Fee Receivable	33	MNT
16	L115	loanTransactionType.accrual	False	CREDIT	8	404000	Interest Income	33	MNT
16	L116	loanTransactionType.accrual	False	DEBIT	7	112603	Interest/Fee Receivable	33	MNT
16	L116	loanTransactionType.accrual	False	CREDIT	8	404000	Interest Income	33	MNT
16	L119	loanTransactionType.accrual	False	DEBIT	7	112603	Interest/Fee Receivable	246	MNT
16	L119	loanTransactionType.accrual	False	CREDIT	8	404000	Interest Income	246	MNT
18	L126	loanTransactionType.accrual	False	DEBIT	7	112603	Interest/Fee Receivable	33	MNT
18	L126	loanTransactionType.accrual	False	CREDIT	8	404000	Interest Income	33	MNT
18	L127	loanTransactionType.accrual	False	DEBIT	7	112603	Interest/Fee Receivable	33	MNT
18	L127	loanTransactionType.accrual	False	CREDIT	8	404000	Interest Income	33	MNT
18	L128	loanTransactionType.accrual	False	DEBIT	7	112603	Interest/Fee Receivable	32	MNT
18	L128	loanTransactionType.accrual	False	CREDIT	8	404000	Interest Income	32	MNT
18	L129	loanTransactionType.accrual	False	DEBIT	7	112603	Interest/Fee Receivable	33	MNT
18	L129	loanTransactionType.accrual	False	CREDIT	8	404000	Interest Income	33	MNT
18	L130	loanTransactionType.accrual	False	DEBIT	7	112603	Interest/Fee Receivable	33	MNT
18	L130	loanTransactionType.accrual	False	DEBIT	7	112603	Interest/Fee Receivable	1000	MNT
18	L130	loanTransactionType.accrual	False	CREDIT	8	404000	Interest Income	33	MNT
18	L130	loanTransactionType.accrual	False	CREDIT	5	404007	Fee Income	1000	MNT
19	L134	loanTransactionType.accrual	False	DEBIT	7	112603	Interest/Fee Receivable	33	MNT
19	L134	loanTransactionType.accrual	False	CREDIT	8	404000	Interest Income	33	MNT
19	L136	loanTransactionType.accrual	False	DEBIT	7	112603	Interest/Fee Receivable	33	MNT
19	L136	loanTransactionType.accrual	False	CREDIT	8	404000	Interest Income	33	MNT
19	L137	loanTransactionType.accrual	False	DEBIT	7	112603	Interest/Fee Receivable	32	MNT
19	L137	loanTransactionType.accrual	False	CREDIT	8	404000	Interest Income	32	MNT
19	L138	loanTransactionType.accrual	False	DEBIT	7	112603	Interest/Fee Receivable	33	MNT
19	L138	loanTransactionType.accrual	False	CREDIT	8	404000	Interest Income	33	MNT
19	L139	loanTransactionType.accrual	False	DEBIT	7	112603	Interest/Fee Receivable	33	MNT
19	L139	loanTransactionType.accrual	False	DEBIT	7	112603	Interest/Fee Receivable	1000	MNT
19	L139	loanTransactionType.accrual	False	CREDIT	8	404000	Interest Income	33	MNT
19	L139	loanTransactionType.accrual	False	CREDIT	5	404007	Fee Income	1000	MNT
19	L142	loanTransactionType.accrual	False	DEBIT	7	112603	Interest/Fee Receivable	25	MNT
19	L142	loanTransactionType.accrual	False	CREDIT	8	404000	Interest Income	25	MNT
19	L145	loanTransactionType.accrual	False	DEBIT	7	112603	Interest/Fee Receivable	1500	MNT
19	L145	loanTransactionType.accrual	False	CREDIT	5	404007	Fee Income	1500	MNT
19	L146	loanTransactionType.accrual	False	DEBIT	7	112603	Interest/Fee Receivable	24	MNT
19	L146	loanTransactionType.accrual	False	DEBIT	8	404000	Interest Income	24	MNT
19	L146	loanTransactionType.accrual	False	CREDIT	8	404000	Interest Income	24	MNT
19	L146	loanTransactionType.accrual	False	CREDIT	7	112603	Interest/Fee Receivable	24	MNT
19	L148	loanTransactionType.accrual	False	DEBIT	7	112603	Interest/Fee Receivable	49	MNT
19	L148	loanTransactionType.accrual	False	CREDIT	8	404000	Interest Income	49	MNT
20	L150	loanTransactionType.accrual	False	DEBIT	7	112603	Interest/Fee Receivable	33	MNT
20	L150	loanTransactionType.accrual	False	CREDIT	8	404000	Interest Income	33	MNT
20	L151	loanTransactionType.accrual	False	DEBIT	7	112603	Interest/Fee Receivable	33	MNT
20	L151	loanTransactionType.accrual	False	CREDIT	8	404000	Interest Income	33	MNT
20	L152	loanTransactionType.accrual	False	DEBIT	7	112603	Interest/Fee Receivable	32	MNT
20	L152	loanTransactionType.accrual	False	CREDIT	8	404000	Interest Income	32	MNT
20	L153	loanTransactionType.accrual	False	DEBIT	7	112603	Interest/Fee Receivable	33	MNT
20	L153	loanTransactionType.accrual	False	CREDIT	8	404000	Interest Income	33	MNT
20	L154	loanTransactionType.accrual	False	DEBIT	7	112603	Interest/Fee Receivable	33	MNT
20	L154	loanTransactionType.accrual	False	DEBIT	8	404000	Interest Income	33	MNT
20	L154	loanTransactionType.accrual	False	CREDIT	8	404000	Interest Income	33	MNT
20	L154	loanTransactionType.accrual	False	CREDIT	7	112603	Interest/Fee Receivable	33	MNT
20	L158	loanTransactionType.accrual	False	DEBIT	7	112603	Interest/Fee Receivable	24	MNT
20	L158	loanTransactionType.accrual	False	CREDIT	8	404000	Interest Income	24	MNT
20	L159	loanTransactionType.accrual	True	DEBIT	7	112603	Interest/Fee Receivable	26	MNT
20	L159	loanTransactionType.accrual	True	DEBIT	8	404000	Interest Income	26	MNT
20	L159	loanTransactionType.accrual	True	CREDIT	8	404000	Interest Income	26	MNT
20	L159	loanTransactionType.accrual	True	CREDIT	7	112603	Interest/Fee Receivable	26	MNT
20	L160	loanTransactionType.accrual	False	DEBIT	7	112603	Interest/Fee Receivable	26	MNT
20	L160	loanTransactionType.accrual	False	CREDIT	8	404000	Interest Income	26	MNT
21	L162	loanTransactionType.accrual	False	DEBIT	7	112603	Interest/Fee Receivable	139	MNT
21	L162	loanTransactionType.accrual	False	CREDIT	8	404000	Interest Income	139	MNT
21	L163	loanTransactionType.accrual	False	DEBIT	7	112603	Interest/Fee Receivable	139	MNT
21	L163	loanTransactionType.accrual	False	CREDIT	8	404000	Interest Income	139	MNT
21	L164	loanTransactionType.accrual	False	DEBIT	7	112603	Interest/Fee Receivable	139	MNT
21	L164	loanTransactionType.accrual	False	CREDIT	8	404000	Interest Income	139	MNT
21	L165	loanTransactionType.accrual	False	DEBIT	7	112603	Interest/Fee Receivable	138	MNT
21	L165	loanTransactionType.accrual	False	CREDIT	8	404000	Interest Income	138	MNT
21	L166	loanTransactionType.accrual	False	DEBIT	7	112603	Interest/Fee Receivable	139	MNT
21	L166	loanTransactionType.accrual	False	CREDIT	8	404000	Interest Income	139	MNT
21	L167	loanTransactionType.accrual	False	DEBIT	7	112603	Interest/Fee Receivable	139	MNT
21	L167	loanTransactionType.accrual	False	CREDIT	8	404000	Interest Income	139	MNT
21	L168	loanTransactionType.accrual	False	DEBIT	7	112603	Interest/Fee Receivable	139	MNT
21	L168	loanTransactionType.accrual	False	CREDIT	8	404000	Interest Income	139	MNT
21	L170	loanTransactionType.accrual	False	DEBIT	7	112603	Interest/Fee Receivable	139	MNT
21	L170	loanTransactionType.accrual	False	CREDIT	8	404000	Interest Income	139	MNT
21	L171	loanTransactionType.accrual	False	DEBIT	7	112603	Interest/Fee Receivable	139	MNT
21	L171	loanTransactionType.accrual	False	CREDIT	8	404000	Interest Income	139	MNT
21	L172	loanTransactionType.accrual	False	DEBIT	7	112603	Interest/Fee Receivable	139	MNT
21	L172	loanTransactionType.accrual	False	CREDIT	8	404000	Interest Income	139	MNT
21	L173	loanTransactionType.accrual	False	DEBIT	7	112603	Interest/Fee Receivable	138	MNT
21	L173	loanTransactionType.accrual	False	CREDIT	8	404000	Interest Income	138	MNT
21	L174	loanTransactionType.accrual	False	DEBIT	7	112603	Interest/Fee Receivable	139	MNT
21	L174	loanTransactionType.accrual	False	CREDIT	8	404000	Interest Income	139	MNT
21	L175	loanTransactionType.accrual	False	DEBIT	7	112603	Interest/Fee Receivable	139	MNT
21	L175	loanTransactionType.accrual	False	CREDIT	8	404000	Interest Income	139	MNT
21	L176	loanTransactionType.accrual	False	DEBIT	7	112603	Interest/Fee Receivable	139	MNT
21	L176	loanTransactionType.accrual	False	CREDIT	8	404000	Interest Income	139	MNT
21	L178	loanTransactionType.accrual	False	DEBIT	7	112603	Interest/Fee Receivable	139	MNT
21	L178	loanTransactionType.accrual	False	CREDIT	8	404000	Interest Income	139	MNT
21	L179	loanTransactionType.accrual	False	DEBIT	7	112603	Interest/Fee Receivable	139	MNT
21	L179	loanTransactionType.accrual	False	CREDIT	8	404000	Interest Income	139	MNT
21	L180	loanTransactionType.accrual	False	DEBIT	7	112603	Interest/Fee Receivable	139	MNT
21	L180	loanTransactionType.accrual	False	CREDIT	8	404000	Interest Income	139	MNT
21	L183	loanTransactionType.accrualAdjustment	False	DEBIT	8	404000	Interest Income	972	MNT
21	L183	loanTransactionType.accrualAdjustment	False	CREDIT	7	112603	Interest/Fee Receivable	972	MNT
22	L186	loanTransactionType.accrual	False	DEBIT	7	112603	Interest/Fee Receivable	33	MNT
22	L186	loanTransactionType.accrual	False	CREDIT	8	404000	Interest Income	33	MNT
22	L187	loanTransactionType.accrual	False	DEBIT	7	112603	Interest/Fee Receivable	33	MNT
22	L187	loanTransactionType.accrual	False	CREDIT	8	404000	Interest Income	33	MNT
22	L188	loanTransactionType.accrual	False	DEBIT	7	112603	Interest/Fee Receivable	32	MNT
22	L188	loanTransactionType.accrual	False	CREDIT	8	404000	Interest Income	32	MNT
22	L189	loanTransactionType.accrual	False	DEBIT	7	112603	Interest/Fee Receivable	33	MNT
22	L189	loanTransactionType.accrual	False	CREDIT	8	404000	Interest Income	33	MNT
22	L190	loanTransactionType.accrual	False	DEBIT	7	112603	Interest/Fee Receivable	33	MNT
22	L190	loanTransactionType.accrual	False	CREDIT	8	404000	Interest Income	33	MNT
22	L192	loanTransactionType.accrual	True	DEBIT	7	112603	Interest/Fee Receivable	26	MNT
22	L192	loanTransactionType.accrual	True	DEBIT	8	404000	Interest Income	26	MNT
22	L192	loanTransactionType.accrual	True	CREDIT	8	404000	Interest Income	26	MNT
22	L192	loanTransactionType.accrual	True	CREDIT	7	112603	Interest/Fee Receivable	26	MNT
22	L193	loanTransactionType.accrual	False	DEBIT	7	112603	Interest/Fee Receivable	28	MNT
22	L193	loanTransactionType.accrual	False	CREDIT	8	404000	Interest Income	28	MNT
22	L194	loanTransactionType.accrual	True	DEBIT	7	112603	Interest/Fee Receivable	28	MNT
22	L194	loanTransactionType.accrual	True	DEBIT	8	404000	Interest Income	28	MNT
22	L194	loanTransactionType.accrual	True	CREDIT	8	404000	Interest Income	28	MNT
22	L194	loanTransactionType.accrual	True	CREDIT	7	112603	Interest/Fee Receivable	28	MNT
22	L195	loanTransactionType.accrual	False	DEBIT	7	112603	Interest/Fee Receivable	31	MNT
22	L195	loanTransactionType.accrual	False	CREDIT	8	404000	Interest Income	31	MNT
22	L196	loanTransactionType.accrual	True	DEBIT	7	112603	Interest/Fee Receivable	30	MNT
22	L196	loanTransactionType.accrual	True	DEBIT	8	404000	Interest Income	30	MNT
22	L196	loanTransactionType.accrual	True	CREDIT	8	404000	Interest Income	30	MNT
22	L196	loanTransactionType.accrual	True	CREDIT	7	112603	Interest/Fee Receivable	30	MNT
22	L197	loanTransactionType.accrual	False	DEBIT	7	112603	Interest/Fee Receivable	35	MNT
22	L197	loanTransactionType.accrual	False	CREDIT	8	404000	Interest Income	35	MNT
22	L198	loanTransactionType.accrual	True	DEBIT	7	112603	Interest/Fee Receivable	32	MNT
22	L198	loanTransactionType.accrual	True	DEBIT	8	404000	Interest Income	32	MNT
22	L198	loanTransactionType.accrual	True	CREDIT	8	404000	Interest Income	32	MNT
22	L198	loanTransactionType.accrual	True	CREDIT	7	112603	Interest/Fee Receivable	32	MNT
22	L199	loanTransactionType.accrual	False	DEBIT	7	112603	Interest/Fee Receivable	37	MNT
22	L199	loanTransactionType.accrual	False	CREDIT	8	404000	Interest Income	37	MNT
22	L200	loanTransactionType.accrual	False	DEBIT	7	112603	Interest/Fee Receivable	33	MNT
22	L200	loanTransactionType.accrual	False	CREDIT	8	404000	Interest Income	33	MNT
22	L202	loanTransactionType.accrual	True	DEBIT	7	112603	Interest/Fee Receivable	20	MNT
22	L202	loanTransactionType.accrual	True	DEBIT	8	404000	Interest Income	20	MNT
22	L202	loanTransactionType.accrual	True	CREDIT	8	404000	Interest Income	20	MNT
22	L202	loanTransactionType.accrual	True	CREDIT	7	112603	Interest/Fee Receivable	20	MNT
22	L203	loanTransactionType.accrual	False	DEBIT	7	112603	Interest/Fee Receivable	23	MNT
22	L203	loanTransactionType.accrual	False	DEBIT	8	404000	Interest Income	23	MNT
22	L203	loanTransactionType.accrual	False	CREDIT	8	404000	Interest Income	23	MNT
22	L203	loanTransactionType.accrual	False	CREDIT	7	112603	Interest/Fee Receivable	23	MNT
22	L204	loanTransactionType.accrual	True	DEBIT	7	112603	Interest/Fee Receivable	23	MNT
22	L204	loanTransactionType.accrual	True	DEBIT	8	404000	Interest Income	23	MNT
22	L204	loanTransactionType.accrual	True	CREDIT	8	404000	Interest Income	23	MNT
22	L204	loanTransactionType.accrual	True	CREDIT	7	112603	Interest/Fee Receivable	23	MNT
22	L205	loanTransactionType.accrual	False	DEBIT	7	112603	Interest/Fee Receivable	30	MNT
22	L205	loanTransactionType.accrual	False	DEBIT	8	404000	Interest Income	30	MNT
22	L205	loanTransactionType.accrual	False	CREDIT	8	404000	Interest Income	30	MNT
22	L205	loanTransactionType.accrual	False	CREDIT	7	112603	Interest/Fee Receivable	30	MNT
22	L206	loanTransactionType.accrual	True	DEBIT	7	112603	Interest/Fee Receivable	26	MNT
22	L206	loanTransactionType.accrual	True	DEBIT	8	404000	Interest Income	26	MNT
22	L206	loanTransactionType.accrual	True	CREDIT	8	404000	Interest Income	26	MNT
22	L206	loanTransactionType.accrual	True	CREDIT	7	112603	Interest/Fee Receivable	26	MNT
22	L207	loanTransactionType.accrual	False	DEBIT	7	112603	Interest/Fee Receivable	36	MNT
22	L207	loanTransactionType.accrual	False	DEBIT	8	404000	Interest Income	36	MNT
22	L207	loanTransactionType.accrual	False	CREDIT	8	404000	Interest Income	36	MNT
22	L207	loanTransactionType.accrual	False	CREDIT	7	112603	Interest/Fee Receivable	36	MNT
22	L208	loanTransactionType.accrual	True	DEBIT	7	112603	Interest/Fee Receivable	29	MNT
22	L208	loanTransactionType.accrual	True	DEBIT	8	404000	Interest Income	29	MNT
22	L208	loanTransactionType.accrual	True	CREDIT	8	404000	Interest Income	29	MNT
22	L208	loanTransactionType.accrual	True	CREDIT	7	112603	Interest/Fee Receivable	29	MNT
22	L209	loanTransactionType.accrual	False	DEBIT	7	112603	Interest/Fee Receivable	42	MNT
22	L209	loanTransactionType.accrual	False	DEBIT	8	404000	Interest Income	42	MNT
22	L209	loanTransactionType.accrual	False	CREDIT	8	404000	Interest Income	42	MNT
22	L209	loanTransactionType.accrual	False	CREDIT	7	112603	Interest/Fee Receivable	42	MNT
22	L211	loanTransactionType.accrual	True	DEBIT	8	404000	Interest Income	23	MNT
22	L211	loanTransactionType.accrual	True	DEBIT	7	112603	Interest/Fee Receivable	23	MNT
22	L211	loanTransactionType.accrual	True	CREDIT	7	112603	Interest/Fee Receivable	23	MNT
22	L211	loanTransactionType.accrual	True	CREDIT	8	404000	Interest Income	23	MNT
22	L212	loanTransactionType.accrual	True	DEBIT	8	404000	Interest Income	30	MNT
22	L212	loanTransactionType.accrual	True	DEBIT	7	112603	Interest/Fee Receivable	30	MNT
22	L212	loanTransactionType.accrual	True	CREDIT	7	112603	Interest/Fee Receivable	30	MNT
22	L212	loanTransactionType.accrual	True	CREDIT	8	404000	Interest Income	30	MNT
22	L213	loanTransactionType.accrual	True	DEBIT	8	404000	Interest Income	36	MNT
22	L213	loanTransactionType.accrual	True	DEBIT	7	112603	Interest/Fee Receivable	36	MNT
22	L213	loanTransactionType.accrual	True	CREDIT	7	112603	Interest/Fee Receivable	36	MNT
22	L213	loanTransactionType.accrual	True	CREDIT	8	404000	Interest Income	36	MNT
22	L214	loanTransactionType.accrual	True	DEBIT	8	404000	Interest Income	42	MNT
22	L214	loanTransactionType.accrual	True	DEBIT	7	112603	Interest/Fee Receivable	42	MNT
22	L214	loanTransactionType.accrual	True	CREDIT	7	112603	Interest/Fee Receivable	42	MNT
22	L214	loanTransactionType.accrual	True	CREDIT	8	404000	Interest Income	42	MNT
23	L216	loanTransactionType.accrual	False	DEBIT	7	112603	Interest/Fee Receivable	33	MNT
23	L216	loanTransactionType.accrual	False	CREDIT	8	404000	Interest Income	33	MNT
23	L217	loanTransactionType.accrual	False	DEBIT	7	112603	Interest/Fee Receivable	33	MNT
23	L217	loanTransactionType.accrual	False	CREDIT	8	404000	Interest Income	33	MNT
23	L218	loanTransactionType.accrual	False	DEBIT	7	112603	Interest/Fee Receivable	32	MNT
23	L218	loanTransactionType.accrual	False	CREDIT	8	404000	Interest Income	32	MNT
23	L219	loanTransactionType.accrual	True	DEBIT	7	112603	Interest/Fee Receivable	33	MNT
23	L219	loanTransactionType.accrual	True	DEBIT	8	404000	Interest Income	33	MNT
23	L219	loanTransactionType.accrual	True	CREDIT	8	404000	Interest Income	33	MNT
23	L219	loanTransactionType.accrual	True	CREDIT	7	112603	Interest/Fee Receivable	33	MNT
23	L221	loanTransactionType.accrual	False	DEBIT	7	112603	Interest/Fee Receivable	33	MNT
23	L221	loanTransactionType.accrual	False	CREDIT	8	404000	Interest Income	33	MNT
23	L222	loanTransactionType.accrual	False	DEBIT	7	112603	Interest/Fee Receivable	33	MNT
23	L222	loanTransactionType.accrual	False	CREDIT	8	404000	Interest Income	33	MNT
23	L224	loanTransactionType.accrual	False	DEBIT	7	112603	Interest/Fee Receivable	25	MNT
23	L224	loanTransactionType.accrual	False	CREDIT	8	404000	Interest Income	25	MNT
23	L225	loanTransactionType.accrual	False	DEBIT	7	112603	Interest/Fee Receivable	24	MNT
23	L225	loanTransactionType.accrual	False	CREDIT	8	404000	Interest Income	24	MNT
23	L226	loanTransactionType.accrual	False	DEBIT	7	112603	Interest/Fee Receivable	25	MNT
23	L226	loanTransactionType.accrual	False	CREDIT	8	404000	Interest Income	25	MNT
23	L227	loanTransactionType.accrual	True	DEBIT	7	112603	Interest/Fee Receivable	24	MNT
23	L227	loanTransactionType.accrual	True	DEBIT	8	404000	Interest Income	24	MNT
23	L227	loanTransactionType.accrual	True	CREDIT	8	404000	Interest Income	24	MNT
23	L227	loanTransactionType.accrual	True	CREDIT	7	112603	Interest/Fee Receivable	24	MNT
23	L229	loanTransactionType.accrual	False	DEBIT	7	112603	Interest/Fee Receivable	24	MNT
23	L229	loanTransactionType.accrual	False	CREDIT	8	404000	Interest Income	24	MNT
23	L230	loanTransactionType.accrual	False	DEBIT	7	112603	Interest/Fee Receivable	25	MNT
23	L230	loanTransactionType.accrual	False	CREDIT	8	404000	Interest Income	25	MNT
23	L232	loanTransactionType.accrual	False	DEBIT	7	112603	Interest/Fee Receivable	16	MNT
23	L232	loanTransactionType.accrual	False	DEBIT	8	404000	Interest Income	16	MNT
23	L232	loanTransactionType.accrual	False	CREDIT	8	404000	Interest Income	16	MNT
23	L232	loanTransactionType.accrual	False	CREDIT	7	112603	Interest/Fee Receivable	16	MNT
23	L233	loanTransactionType.accrual	False	DEBIT	7	112603	Interest/Fee Receivable	17	MNT
23	L233	loanTransactionType.accrual	False	DEBIT	8	404000	Interest Income	17	MNT
23	L233	loanTransactionType.accrual	False	CREDIT	8	404000	Interest Income	17	MNT
23	L233	loanTransactionType.accrual	False	CREDIT	7	112603	Interest/Fee Receivable	17	MNT
23	L234	loanTransactionType.accrual	False	DEBIT	7	112603	Interest/Fee Receivable	16	MNT
23	L234	loanTransactionType.accrual	False	DEBIT	8	404000	Interest Income	16	MNT
23	L234	loanTransactionType.accrual	False	CREDIT	8	404000	Interest Income	16	MNT
23	L234	loanTransactionType.accrual	False	CREDIT	7	112603	Interest/Fee Receivable	16	MNT
23	L235	loanTransactionType.accrual	False	DEBIT	7	112603	Interest/Fee Receivable	17	MNT
23	L235	loanTransactionType.accrual	False	DEBIT	8	404000	Interest Income	17	MNT
23	L235	loanTransactionType.accrual	False	CREDIT	8	404000	Interest Income	17	MNT
23	L235	loanTransactionType.accrual	False	CREDIT	7	112603	Interest/Fee Receivable	17	MNT
23	L237	loanTransactionType.accrual	True	DEBIT	8	404000	Interest Income	16	MNT
23	L237	loanTransactionType.accrual	True	DEBIT	7	112603	Interest/Fee Receivable	16	MNT
23	L237	loanTransactionType.accrual	True	CREDIT	7	112603	Interest/Fee Receivable	16	MNT
23	L237	loanTransactionType.accrual	True	CREDIT	8	404000	Interest Income	16	MNT
23	L238	loanTransactionType.accrual	True	DEBIT	8	404000	Interest Income	17	MNT
23	L238	loanTransactionType.accrual	True	DEBIT	7	112603	Interest/Fee Receivable	17	MNT
23	L238	loanTransactionType.accrual	True	CREDIT	7	112603	Interest/Fee Receivable	17	MNT
23	L238	loanTransactionType.accrual	True	CREDIT	8	404000	Interest Income	17	MNT
23	L239	loanTransactionType.accrual	True	DEBIT	8	404000	Interest Income	16	MNT
23	L239	loanTransactionType.accrual	True	DEBIT	7	112603	Interest/Fee Receivable	16	MNT
23	L239	loanTransactionType.accrual	True	CREDIT	7	112603	Interest/Fee Receivable	16	MNT
23	L239	loanTransactionType.accrual	True	CREDIT	8	404000	Interest Income	16	MNT
23	L240	loanTransactionType.accrual	True	DEBIT	8	404000	Interest Income	17	MNT
23	L240	loanTransactionType.accrual	True	DEBIT	7	112603	Interest/Fee Receivable	17	MNT
23	L240	loanTransactionType.accrual	True	CREDIT	7	112603	Interest/Fee Receivable	17	MNT
23	L240	loanTransactionType.accrual	True	CREDIT	8	404000	Interest Income	17	MNT
24	L243	loanTransactionType.accrual	False	DEBIT	7	112603	Interest/Fee Receivable	30	MNT
24	L243	loanTransactionType.accrual	False	CREDIT	8	404000	Interest Income	30	MNT
24	L244	loanTransactionType.accrual	False	DEBIT	7	112603	Interest/Fee Receivable	30	MNT
24	L244	loanTransactionType.accrual	False	CREDIT	8	404000	Interest Income	30	MNT
24	L245	loanTransactionType.accrual	False	DEBIT	7	112603	Interest/Fee Receivable	30	MNT
24	L245	loanTransactionType.accrual	False	CREDIT	8	404000	Interest Income	30	MNT
24	L246	loanTransactionType.accrual	False	DEBIT	7	112603	Interest/Fee Receivable	30	MNT
24	L246	loanTransactionType.accrual	False	CREDIT	8	404000	Interest Income	30	MNT
24	L247	loanTransactionType.accrual	False	DEBIT	7	112603	Interest/Fee Receivable	30	MNT
24	L247	loanTransactionType.accrual	False	CREDIT	8	404000	Interest Income	30	MNT
25	L251	loanTransactionType.accrual	False	DEBIT	7	112603	Interest/Fee Receivable	30	MNT
25	L251	loanTransactionType.accrual	False	CREDIT	8	404000	Interest Income	30	MNT
25	L252	loanTransactionType.accrual	False	DEBIT	7	112603	Interest/Fee Receivable	30	MNT
25	L252	loanTransactionType.accrual	False	CREDIT	8	404000	Interest Income	30	MNT
25	L253	loanTransactionType.accrual	False	DEBIT	7	112603	Interest/Fee Receivable	30	MNT
25	L253	loanTransactionType.accrual	False	CREDIT	8	404000	Interest Income	30	MNT
25	L254	loanTransactionType.accrual	False	DEBIT	7	112603	Interest/Fee Receivable	30	MNT
25	L254	loanTransactionType.accrual	False	CREDIT	8	404000	Interest Income	30	MNT
25	L255	loanTransactionType.accrual	False	DEBIT	7	112603	Interest/Fee Receivable	30	MNT
25	L255	loanTransactionType.accrual	False	CREDIT	8	404000	Interest Income	30	MNT
25	L258	loanTransactionType.accrual	False	DEBIT	7	112603	Interest/Fee Receivable	14	MNT
25	L258	loanTransactionType.accrual	False	CREDIT	8	404000	Interest Income	14	MNT
25	L259	loanTransactionType.accrual	True	DEBIT	7	112603	Interest/Fee Receivable	28	MNT
25	L259	loanTransactionType.accrual	True	DEBIT	8	404000	Interest Income	28	MNT
25	L259	loanTransactionType.accrual	True	CREDIT	8	404000	Interest Income	28	MNT
25	L259	loanTransactionType.accrual	True	CREDIT	7	112603	Interest/Fee Receivable	28	MNT
25	L260	loanTransactionType.accrual	False	DEBIT	7	112603	Interest/Fee Receivable	28	MNT
25	L260	loanTransactionType.accrual	False	CREDIT	8	404000	Interest Income	28	MNT
26	L264	loanTransactionType.accrual	False	DEBIT	7	112603	Interest/Fee Receivable	3000	MNT
26	L264	loanTransactionType.accrual	False	CREDIT	5	404007	Fee Income	3000	MNT
27	L270	loanTransactionType.accrual	False	DEBIT	7	112603	Interest/Fee Receivable	839	MNT
27	L270	loanTransactionType.accrual	False	CREDIT	8	404000	Interest Income	839	MNT
27	L271	loanTransactionType.accrual	False	DEBIT	7	112603	Interest/Fee Receivable	70	MNT
27	L271	loanTransactionType.accrual	False	CREDIT	8	404000	Interest Income	70	MNT
27	L273	loanTransactionType.accrual	False	DEBIT	7	112603	Interest/Fee Receivable	69	MNT
27	L273	loanTransactionType.accrual	False	CREDIT	8	404000	Interest Income	69	MNT
27	L274	loanTransactionType.accrual	False	DEBIT	7	112603	Interest/Fee Receivable	53	MNT
27	L274	loanTransactionType.accrual	False	CREDIT	8	404000	Interest Income	53	MNT
27	L275	loanTransactionType.accrual	False	DEBIT	7	112603	Interest/Fee Receivable	52	MNT
27	L275	loanTransactionType.accrual	False	CREDIT	8	404000	Interest Income	52	MNT
27	L276	loanTransactionType.accrual	False	DEBIT	7	112603	Interest/Fee Receivable	52	MNT
27	L276	loanTransactionType.accrual	False	CREDIT	8	404000	Interest Income	52	MNT
27	L277	loanTransactionType.accrual	False	DEBIT	7	112603	Interest/Fee Receivable	52	MNT
27	L277	loanTransactionType.accrual	False	CREDIT	8	404000	Interest Income	52	MNT
27	L278	loanTransactionType.accrual	False	DEBIT	7	112603	Interest/Fee Receivable	52	MNT
27	L278	loanTransactionType.accrual	False	CREDIT	8	404000	Interest Income	52	MNT
27	L279	loanTransactionType.accrual	False	DEBIT	7	112603	Interest/Fee Receivable	159	MNT
27	L279	loanTransactionType.accrual	False	CREDIT	8	404000	Interest Income	159	MNT
27	L280	loanTransactionType.accrual	False	DEBIT	7	112603	Interest/Fee Receivable	70	MNT
27	L280	loanTransactionType.accrual	False	CREDIT	8	404000	Interest Income	70	MNT
27	L281	loanTransactionType.accrual	False	DEBIT	7	112603	Interest/Fee Receivable	70	MNT
27	L281	loanTransactionType.accrual	False	CREDIT	8	404000	Interest Income	70	MNT
27	L282	loanTransactionType.accrual	False	DEBIT	7	112603	Interest/Fee Receivable	70	MNT
27	L282	loanTransactionType.accrual	False	CREDIT	8	404000	Interest Income	70	MNT
27	L283	loanTransactionType.accrual	False	DEBIT	7	112603	Interest/Fee Receivable	69	MNT
27	L283	loanTransactionType.accrual	False	CREDIT	8	404000	Interest Income	69	MNT
27	L284	loanTransactionType.accrual	False	DEBIT	7	112603	Interest/Fee Receivable	70	MNT
27	L284	loanTransactionType.accrual	False	CREDIT	8	404000	Interest Income	70	MNT
27	L285	loanTransactionType.accrual	False	DEBIT	7	112603	Interest/Fee Receivable	70	MNT
27	L285	loanTransactionType.accrual	False	CREDIT	8	404000	Interest Income	70	MNT
28	L287	loanTransactionType.accrual	False	DEBIT	7	112603	Interest/Fee Receivable	72	MNT
28	L287	loanTransactionType.accrual	False	CREDIT	8	404000	Interest Income	72	MNT
28	L288	loanTransactionType.accrual	False	DEBIT	7	112603	Interest/Fee Receivable	71	MNT
28	L288	loanTransactionType.accrual	False	CREDIT	8	404000	Interest Income	71	MNT
28	L289	loanTransactionType.accrual	False	DEBIT	7	112603	Interest/Fee Receivable	72	MNT
28	L289	loanTransactionType.accrual	False	CREDIT	8	404000	Interest Income	72	MNT
28	L290	loanTransactionType.accrual	False	DEBIT	7	112603	Interest/Fee Receivable	71	MNT
28	L290	loanTransactionType.accrual	False	CREDIT	8	404000	Interest Income	71	MNT
28	L291	loanTransactionType.accrual	False	DEBIT	7	112603	Interest/Fee Receivable	72	MNT
28	L291	loanTransactionType.accrual	False	CREDIT	8	404000	Interest Income	72	MNT
28	L292	loanTransactionType.accrual	False	DEBIT	7	112603	Interest/Fee Receivable	72	MNT
28	L292	loanTransactionType.accrual	False	CREDIT	8	404000	Interest Income	72	MNT
28	L293	loanTransactionType.accrual	False	DEBIT	7	112603	Interest/Fee Receivable	71	MNT
28	L293	loanTransactionType.accrual	False	CREDIT	8	404000	Interest Income	71	MNT
28	L294	loanTransactionType.accrual	False	DEBIT	7	112603	Interest/Fee Receivable	72	MNT
28	L294	loanTransactionType.accrual	False	CREDIT	8	404000	Interest Income	72	MNT
28	L295	loanTransactionType.accrual	False	DEBIT	7	112603	Interest/Fee Receivable	72	MNT
28	L295	loanTransactionType.accrual	False	CREDIT	8	404000	Interest Income	72	MNT
28	L296	loanTransactionType.accrual	False	DEBIT	7	112603	Interest/Fee Receivable	71	MNT
28	L296	loanTransactionType.accrual	False	CREDIT	8	404000	Interest Income	71	MNT
28	L297	loanTransactionType.accrual	False	DEBIT	7	112603	Interest/Fee Receivable	72	MNT
28	L297	loanTransactionType.accrual	False	CREDIT	8	404000	Interest Income	72	MNT
28	L298	loanTransactionType.accrual	False	DEBIT	7	112603	Interest/Fee Receivable	71	MNT
28	L298	loanTransactionType.accrual	False	CREDIT	8	404000	Interest Income	71	MNT
28	L299	loanTransactionType.accrual	False	DEBIT	7	112603	Interest/Fee Receivable	72	MNT
28	L299	loanTransactionType.accrual	False	CREDIT	8	404000	Interest Income	72	MNT
28	L300	loanTransactionType.accrual	False	DEBIT	7	112603	Interest/Fee Receivable	72	MNT
28	L300	loanTransactionType.accrual	False	CREDIT	8	404000	Interest Income	72	MNT
28	L301	loanTransactionType.accrual	False	DEBIT	7	112603	Interest/Fee Receivable	71	MNT
28	L301	loanTransactionType.accrual	False	CREDIT	8	404000	Interest Income	71	MNT
28	L302	loanTransactionType.accrual	False	DEBIT	7	112603	Interest/Fee Receivable	72	MNT
28	L302	loanTransactionType.accrual	False	CREDIT	8	404000	Interest Income	72	MNT
28	L303	loanTransactionType.accrual	False	DEBIT	7	112603	Interest/Fee Receivable	71	MNT
28	L303	loanTransactionType.accrual	False	CREDIT	8	404000	Interest Income	71	MNT
28	L304	loanTransactionType.accrual	False	DEBIT	7	112603	Interest/Fee Receivable	72	MNT
28	L304	loanTransactionType.accrual	False	CREDIT	8	404000	Interest Income	72	MNT
28	L305	loanTransactionType.accrual	False	DEBIT	7	112603	Interest/Fee Receivable	72	MNT
28	L305	loanTransactionType.accrual	False	CREDIT	8	404000	Interest Income	72	MNT
28	L306	loanTransactionType.accrual	False	DEBIT	7	112603	Interest/Fee Receivable	71	MNT
28	L306	loanTransactionType.accrual	False	CREDIT	8	404000	Interest Income	71	MNT
28	L307	loanTransactionType.accrual	False	DEBIT	7	112603	Interest/Fee Receivable	72	MNT
28	L307	loanTransactionType.accrual	False	CREDIT	8	404000	Interest Income	72	MNT
28	L308	loanTransactionType.accrual	False	DEBIT	7	112603	Interest/Fee Receivable	71	MNT
28	L308	loanTransactionType.accrual	False	CREDIT	8	404000	Interest Income	71	MNT
28	L309	loanTransactionType.accrual	False	DEBIT	7	112603	Interest/Fee Receivable	72	MNT
28	L309	loanTransactionType.accrual	False	CREDIT	8	404000	Interest Income	72	MNT
28	L310	loanTransactionType.accrual	False	DEBIT	7	112603	Interest/Fee Receivable	72	MNT
28	L310	loanTransactionType.accrual	False	CREDIT	8	404000	Interest Income	72	MNT
28	L311	loanTransactionType.accrual	False	DEBIT	7	112603	Interest/Fee Receivable	71	MNT
28	L311	loanTransactionType.accrual	False	CREDIT	8	404000	Interest Income	71	MNT
28	L312	loanTransactionType.accrual	False	DEBIT	7	112603	Interest/Fee Receivable	72	MNT
28	L312	loanTransactionType.accrual	False	CREDIT	8	404000	Interest Income	72	MNT
28	L313	loanTransactionType.accrual	False	DEBIT	7	112603	Interest/Fee Receivable	72	MNT
28	L313	loanTransactionType.accrual	False	CREDIT	8	404000	Interest Income	72	MNT
28	L314	loanTransactionType.accrual	False	DEBIT	7	112603	Interest/Fee Receivable	71	MNT
28	L314	loanTransactionType.accrual	False	CREDIT	8	404000	Interest Income	71	MNT
28	L315	loanTransactionType.accrual	False	DEBIT	7	112603	Interest/Fee Receivable	72	MNT
28	L315	loanTransactionType.accrual	False	CREDIT	8	404000	Interest Income	72	MNT
28	L316	loanTransactionType.accrual	False	DEBIT	7	112603	Interest/Fee Receivable	71	MNT
28	L316	loanTransactionType.accrual	False	CREDIT	8	404000	Interest Income	71	MNT
28	L318	loanTransactionType.accrual	False	DEBIT	7	112603	Interest/Fee Receivable	72	MNT
28	L318	loanTransactionType.accrual	False	CREDIT	8	404000	Interest Income	72	MNT
28	L320	loanTransactionType.accrual	False	DEBIT	7	112603	Interest/Fee Receivable	60	MNT
28	L320	loanTransactionType.accrual	False	CREDIT	8	404000	Interest Income	60	MNT
29	L324	loanTransactionType.accrual	False	DEBIT	7	112603	Interest/Fee Receivable	2077	MNT
29	L324	loanTransactionType.accrual	False	CREDIT	8	404000	Interest Income	2077	MNT
29	L325	loanTransactionType.accrual	False	DEBIT	7	112603	Interest/Fee Receivable	71	MNT
29	L325	loanTransactionType.accrual	False	CREDIT	8	404000	Interest Income	71	MNT
29	L327	loanTransactionType.accrual	False	DEBIT	7	112603	Interest/Fee Receivable	72	MNT
29	L327	loanTransactionType.accrual	False	CREDIT	8	404000	Interest Income	72	MNT
29	L329	loanTransactionType.accrual	False	DEBIT	7	112603	Interest/Fee Receivable	60	MNT
29	L329	loanTransactionType.accrual	False	CREDIT	8	404000	Interest Income	60	MNT
29	L331	loanTransactionType.accrualAdjustment	False	DEBIT	8	404000	Interest Income	60	MNT
29	L331	loanTransactionType.accrualAdjustment	False	CREDIT	7	112603	Interest/Fee Receivable	60	MNT
30	L333	loanTransactionType.accrual	False	DEBIT	7	112603	Interest/Fee Receivable	2077	MNT
30	L333	loanTransactionType.accrual	False	CREDIT	8	404000	Interest Income	2077	MNT
30	L334	loanTransactionType.accrual	False	DEBIT	7	112603	Interest/Fee Receivable	71	MNT
30	L334	loanTransactionType.accrual	False	CREDIT	8	404000	Interest Income	71	MNT
30	L336	loanTransactionType.accrual	False	DEBIT	7	112603	Interest/Fee Receivable	72	MNT
30	L336	loanTransactionType.accrual	False	CREDIT	8	404000	Interest Income	72	MNT
30	L338	loanTransactionType.accrual	False	DEBIT	7	112603	Interest/Fee Receivable	60	MNT
30	L338	loanTransactionType.accrual	False	CREDIT	8	404000	Interest Income	60	MNT
30	L342	loanTransactionType.accrualAdjustment	False	DEBIT	8	404000	Interest Income	119	MNT
30	L342	loanTransactionType.accrualAdjustment	False	CREDIT	7	112603	Interest/Fee Receivable	119	MNT
31	L345	loanTransactionType.accrual	False	DEBIT	7	112603	Interest/Fee Receivable	1188	MNT
31	L345	loanTransactionType.accrual	False	CREDIT	8	404000	Interest Income	1188	MNT
31	L346	loanTransactionType.accrual	False	DEBIT	7	112603	Interest/Fee Receivable	70	MNT
31	L346	loanTransactionType.accrual	False	CREDIT	8	404000	Interest Income	70	MNT
31	L347	loanTransactionType.accrual	False	DEBIT	7	112603	Interest/Fee Receivable	70	MNT
31	L347	loanTransactionType.accrual	False	CREDIT	8	404000	Interest Income	70	MNT
31	L349	loanTransactionType.accrualAdjustment	False	DEBIT	8	404000	Interest Income	37	MNT
31	L349	loanTransactionType.accrualAdjustment	False	CREDIT	7	112603	Interest/Fee Receivable	37	MNT
31	L350	loanTransactionType.accrual	False	DEBIT	7	112603	Interest/Fee Receivable	53	MNT
31	L350	loanTransactionType.accrual	False	CREDIT	8	404000	Interest Income	53	MNT
31	L351	loanTransactionType.accrual	False	DEBIT	7	112603	Interest/Fee Receivable	52	MNT
31	L351	loanTransactionType.accrual	False	CREDIT	8	404000	Interest Income	52	MNT
31	L352	loanTransactionType.accrual	False	DEBIT	7	112603	Interest/Fee Receivable	52	MNT
31	L352	loanTransactionType.accrual	False	CREDIT	8	404000	Interest Income	52	MNT
31	L353	loanTransactionType.accrual	False	DEBIT	7	112603	Interest/Fee Receivable	52	MNT
31	L353	loanTransactionType.accrual	False	CREDIT	8	404000	Interest Income	52	MNT
32	L355	loanTransactionType.accrual	False	DEBIT	7	112603	Interest/Fee Receivable	70	MNT
32	L355	loanTransactionType.accrual	False	CREDIT	8	404000	Interest Income	70	MNT
32	L356	loanTransactionType.accrual	False	DEBIT	7	112603	Interest/Fee Receivable	70	MNT
32	L356	loanTransactionType.accrual	False	CREDIT	8	404000	Interest Income	70	MNT
32	L357	loanTransactionType.accrual	False	DEBIT	7	112603	Interest/Fee Receivable	70	MNT
32	L357	loanTransactionType.accrual	False	CREDIT	8	404000	Interest Income	70	MNT
32	L358	loanTransactionType.accrual	False	DEBIT	7	112603	Interest/Fee Receivable	70	MNT
32	L358	loanTransactionType.accrual	False	CREDIT	8	404000	Interest Income	70	MNT
32	L359	loanTransactionType.accrual	False	DEBIT	7	112603	Interest/Fee Receivable	69	MNT
32	L359	loanTransactionType.accrual	False	CREDIT	8	404000	Interest Income	69	MNT
32	L360	loanTransactionType.accrual	False	DEBIT	7	112603	Interest/Fee Receivable	70	MNT
32	L360	loanTransactionType.accrual	False	CREDIT	8	404000	Interest Income	70	MNT
32	L361	loanTransactionType.accrual	False	DEBIT	7	112603	Interest/Fee Receivable	70	MNT
32	L361	loanTransactionType.accrual	False	CREDIT	8	404000	Interest Income	70	MNT
32	L362	loanTransactionType.accrual	False	DEBIT	7	112603	Interest/Fee Receivable	70	MNT
32	L362	loanTransactionType.accrual	False	CREDIT	8	404000	Interest Income	70	MNT
32	L363	loanTransactionType.accrual	False	DEBIT	7	112603	Interest/Fee Receivable	70	MNT
32	L363	loanTransactionType.accrual	False	CREDIT	8	404000	Interest Income	70	MNT
32	L364	loanTransactionType.accrual	False	DEBIT	7	112603	Interest/Fee Receivable	70	MNT
32	L364	loanTransactionType.accrual	False	CREDIT	8	404000	Interest Income	70	MNT
32	L365	loanTransactionType.accrual	False	DEBIT	7	112603	Interest/Fee Receivable	70	MNT
32	L365	loanTransactionType.accrual	False	CREDIT	8	404000	Interest Income	70	MNT
32	L366	loanTransactionType.accrual	False	DEBIT	7	112603	Interest/Fee Receivable	70	MNT
32	L366	loanTransactionType.accrual	False	CREDIT	8	404000	Interest Income	70	MNT
32	L367	loanTransactionType.accrual	False	DEBIT	7	112603	Interest/Fee Receivable	70	MNT
32	L367	loanTransactionType.accrual	False	CREDIT	8	404000	Interest Income	70	MNT
32	L368	loanTransactionType.accrual	False	DEBIT	7	112603	Interest/Fee Receivable	69	MNT
32	L368	loanTransactionType.accrual	False	CREDIT	8	404000	Interest Income	69	MNT
32	L369	loanTransactionType.accrual	False	DEBIT	7	112603	Interest/Fee Receivable	70	MNT
32	L369	loanTransactionType.accrual	False	CREDIT	8	404000	Interest Income	70	MNT
32	L371	loanTransactionType.accrual	False	DEBIT	7	112603	Interest/Fee Receivable	35	MNT
32	L371	loanTransactionType.accrual	False	CREDIT	8	404000	Interest Income	35	MNT
32	L372	loanTransactionType.accrual	False	DEBIT	7	112603	Interest/Fee Receivable	52	MNT
32	L372	loanTransactionType.accrual	False	CREDIT	8	404000	Interest Income	52	MNT
32	L373	loanTransactionType.accrual	False	DEBIT	7	112603	Interest/Fee Receivable	52	MNT
32	L373	loanTransactionType.accrual	False	CREDIT	8	404000	Interest Income	52	MNT
32	L374	loanTransactionType.accrual	False	DEBIT	7	112603	Interest/Fee Receivable	52	MNT
32	L374	loanTransactionType.accrual	False	CREDIT	8	404000	Interest Income	52	MNT
32	L375	loanTransactionType.accrual	False	DEBIT	7	112603	Interest/Fee Receivable	52	MNT
32	L375	loanTransactionType.accrual	False	CREDIT	8	404000	Interest Income	52	MNT
32	L376	loanTransactionType.accrual	False	DEBIT	7	112603	Interest/Fee Receivable	53	MNT
32	L376	loanTransactionType.accrual	False	CREDIT	8	404000	Interest Income	53	MNT
32	L377	loanTransactionType.accrual	False	DEBIT	7	112603	Interest/Fee Receivable	52	MNT
32	L377	loanTransactionType.accrual	False	CREDIT	8	404000	Interest Income	52	MNT
32	L378	loanTransactionType.accrual	False	DEBIT	7	112603	Interest/Fee Receivable	52	MNT
32	L378	loanTransactionType.accrual	False	CREDIT	8	404000	Interest Income	52	MNT
32	L379	loanTransactionType.accrual	False	DEBIT	7	112603	Interest/Fee Receivable	52	MNT
32	L379	loanTransactionType.accrual	False	CREDIT	8	404000	Interest Income	52	MNT
33	L381	loanTransactionType.accrual	False	DEBIT	7	112603	Interest/Fee Receivable	70	MNT
33	L381	loanTransactionType.accrual	False	CREDIT	8	404000	Interest Income	70	MNT
33	L382	loanTransactionType.accrual	False	DEBIT	7	112603	Interest/Fee Receivable	70	MNT
33	L382	loanTransactionType.accrual	False	CREDIT	8	404000	Interest Income	70	MNT
33	L383	loanTransactionType.accrual	False	DEBIT	7	112603	Interest/Fee Receivable	70	MNT
33	L383	loanTransactionType.accrual	False	CREDIT	8	404000	Interest Income	70	MNT
33	L384	loanTransactionType.accrual	False	DEBIT	7	112603	Interest/Fee Receivable	70	MNT
33	L384	loanTransactionType.accrual	False	CREDIT	8	404000	Interest Income	70	MNT
33	L385	loanTransactionType.accrual	False	DEBIT	7	112603	Interest/Fee Receivable	69	MNT
33	L385	loanTransactionType.accrual	False	CREDIT	8	404000	Interest Income	69	MNT
33	L386	loanTransactionType.accrual	False	DEBIT	7	112603	Interest/Fee Receivable	70	MNT
33	L386	loanTransactionType.accrual	False	CREDIT	8	404000	Interest Income	70	MNT
33	L387	loanTransactionType.accrual	False	DEBIT	7	112603	Interest/Fee Receivable	70	MNT
33	L387	loanTransactionType.accrual	False	CREDIT	8	404000	Interest Income	70	MNT
33	L388	loanTransactionType.accrual	False	DEBIT	7	112603	Interest/Fee Receivable	70	MNT
33	L388	loanTransactionType.accrual	False	CREDIT	8	404000	Interest Income	70	MNT
33	L389	loanTransactionType.accrual	False	DEBIT	7	112603	Interest/Fee Receivable	70	MNT
33	L389	loanTransactionType.accrual	False	CREDIT	8	404000	Interest Income	70	MNT
33	L390	loanTransactionType.accrual	False	DEBIT	7	112603	Interest/Fee Receivable	70	MNT
33	L390	loanTransactionType.accrual	False	CREDIT	8	404000	Interest Income	70	MNT
33	L391	loanTransactionType.accrual	False	DEBIT	7	112603	Interest/Fee Receivable	70	MNT
33	L391	loanTransactionType.accrual	False	CREDIT	8	404000	Interest Income	70	MNT
33	L392	loanTransactionType.accrual	False	DEBIT	7	112603	Interest/Fee Receivable	70	MNT
33	L392	loanTransactionType.accrual	False	CREDIT	8	404000	Interest Income	70	MNT
33	L393	loanTransactionType.accrual	False	DEBIT	7	112603	Interest/Fee Receivable	70	MNT
33	L393	loanTransactionType.accrual	False	CREDIT	8	404000	Interest Income	70	MNT
33	L394	loanTransactionType.accrual	False	DEBIT	7	112603	Interest/Fee Receivable	69	MNT
33	L394	loanTransactionType.accrual	False	CREDIT	8	404000	Interest Income	69	MNT
33	L395	loanTransactionType.accrual	False	DEBIT	7	112603	Interest/Fee Receivable	70	MNT
33	L395	loanTransactionType.accrual	False	CREDIT	8	404000	Interest Income	70	MNT
33	L396	loanTransactionType.accrual	False	DEBIT	7	112603	Interest/Fee Receivable	70	MNT
33	L396	loanTransactionType.accrual	False	CREDIT	8	404000	Interest Income	70	MNT
33	L397	loanTransactionType.accrual	False	DEBIT	7	112603	Interest/Fee Receivable	70	MNT
33	L397	loanTransactionType.accrual	False	CREDIT	8	404000	Interest Income	70	MNT
33	L398	loanTransactionType.accrual	False	DEBIT	7	112603	Interest/Fee Receivable	70	MNT
33	L398	loanTransactionType.accrual	False	CREDIT	8	404000	Interest Income	70	MNT
33	L400	loanTransactionType.accrual	False	DEBIT	7	112603	Interest/Fee Receivable	245	MNT
33	L400	loanTransactionType.accrual	False	CREDIT	8	404000	Interest Income	245	MNT
33	L401	loanTransactionType.accrual	False	DEBIT	7	112603	Interest/Fee Receivable	105	MNT
33	L401	loanTransactionType.accrual	False	CREDIT	8	404000	Interest Income	105	MNT
33	L402	loanTransactionType.accrual	False	DEBIT	7	112603	Interest/Fee Receivable	104	MNT
33	L402	loanTransactionType.accrual	False	CREDIT	8	404000	Interest Income	104	MNT
33	L403	loanTransactionType.accrual	False	DEBIT	7	112603	Interest/Fee Receivable	105	MNT
33	L403	loanTransactionType.accrual	False	CREDIT	8	404000	Interest Income	105	MNT
33	L404	loanTransactionType.accrual	False	DEBIT	7	112603	Interest/Fee Receivable	105	MNT
33	L404	loanTransactionType.accrual	False	CREDIT	8	404000	Interest Income	105	MNT
33	L405	loanTransactionType.accrual	False	DEBIT	7	112603	Interest/Fee Receivable	105	MNT
33	L405	loanTransactionType.accrual	False	CREDIT	8	404000	Interest Income	105	MNT
33	L406	loanTransactionType.accrual	False	DEBIT	7	112603	Interest/Fee Receivable	105	MNT
33	L406	loanTransactionType.accrual	False	CREDIT	8	404000	Interest Income	105	MNT
33	L407	loanTransactionType.accrual	False	DEBIT	7	112603	Interest/Fee Receivable	105	MNT
33	L407	loanTransactionType.accrual	False	CREDIT	8	404000	Interest Income	105	MNT
33	L408	loanTransactionType.accrual	False	DEBIT	7	112603	Interest/Fee Receivable	104	MNT
33	L408	loanTransactionType.accrual	False	CREDIT	8	404000	Interest Income	104	MNT
33	L409	loanTransactionType.accrual	False	DEBIT	7	112603	Interest/Fee Receivable	105	MNT
33	L409	loanTransactionType.accrual	False	CREDIT	8	404000	Interest Income	105	MNT
33	L410	loanTransactionType.accrual	False	DEBIT	7	112603	Interest/Fee Receivable	105	MNT
33	L410	loanTransactionType.accrual	False	CREDIT	8	404000	Interest Income	105	MNT
33	L411	loanTransactionType.accrual	False	DEBIT	7	112603	Interest/Fee Receivable	105	MNT
33	L411	loanTransactionType.accrual	False	CREDIT	8	404000	Interest Income	105	MNT
33	L412	loanTransactionType.accrual	False	DEBIT	7	112603	Interest/Fee Receivable	105	MNT
33	L412	loanTransactionType.accrual	False	CREDIT	8	404000	Interest Income	105	MNT
34	L414	loanTransactionType.accrual	False	DEBIT	7	112603	Interest/Fee Receivable	70	MNT
34	L414	loanTransactionType.accrual	False	CREDIT	8	404000	Interest Income	70	MNT
34	L415	loanTransactionType.accrual	False	DEBIT	7	112603	Interest/Fee Receivable	70	MNT
34	L415	loanTransactionType.accrual	False	CREDIT	8	404000	Interest Income	70	MNT
34	L416	loanTransactionType.accrual	False	DEBIT	7	112603	Interest/Fee Receivable	70	MNT
34	L416	loanTransactionType.accrual	False	CREDIT	8	404000	Interest Income	70	MNT
34	L417	loanTransactionType.accrual	False	DEBIT	7	112603	Interest/Fee Receivable	70	MNT
34	L417	loanTransactionType.accrual	False	CREDIT	8	404000	Interest Income	70	MNT
34	L418	loanTransactionType.accrual	False	DEBIT	7	112603	Interest/Fee Receivable	69	MNT
34	L418	loanTransactionType.accrual	False	CREDIT	8	404000	Interest Income	69	MNT
34	L419	loanTransactionType.accrual	False	DEBIT	7	112603	Interest/Fee Receivable	70	MNT
34	L419	loanTransactionType.accrual	False	CREDIT	8	404000	Interest Income	70	MNT
34	L420	loanTransactionType.accrual	False	DEBIT	7	112603	Interest/Fee Receivable	70	MNT
34	L420	loanTransactionType.accrual	False	CREDIT	8	404000	Interest Income	70	MNT
34	L421	loanTransactionType.accrual	False	DEBIT	7	112603	Interest/Fee Receivable	70	MNT
34	L421	loanTransactionType.accrual	False	CREDIT	8	404000	Interest Income	70	MNT
34	L422	loanTransactionType.accrual	False	DEBIT	7	112603	Interest/Fee Receivable	70	MNT
34	L422	loanTransactionType.accrual	False	CREDIT	8	404000	Interest Income	70	MNT
34	L423	loanTransactionType.accrual	False	DEBIT	7	112603	Interest/Fee Receivable	70	MNT
34	L423	loanTransactionType.accrual	False	CREDIT	8	404000	Interest Income	70	MNT
34	L424	loanTransactionType.accrual	False	DEBIT	7	112603	Interest/Fee Receivable	70	MNT
34	L424	loanTransactionType.accrual	False	CREDIT	8	404000	Interest Income	70	MNT
34	L425	loanTransactionType.accrual	False	DEBIT	7	112603	Interest/Fee Receivable	70	MNT
34	L425	loanTransactionType.accrual	False	CREDIT	8	404000	Interest Income	70	MNT
34	L426	loanTransactionType.accrual	False	DEBIT	7	112603	Interest/Fee Receivable	70	MNT
34	L426	loanTransactionType.accrual	False	CREDIT	8	404000	Interest Income	70	MNT
34	L427	loanTransactionType.accrual	False	DEBIT	7	112603	Interest/Fee Receivable	69	MNT
34	L427	loanTransactionType.accrual	False	CREDIT	8	404000	Interest Income	69	MNT
34	L428	loanTransactionType.accrual	False	DEBIT	7	112603	Interest/Fee Receivable	70	MNT
34	L428	loanTransactionType.accrual	False	CREDIT	8	404000	Interest Income	70	MNT
34	L429	loanTransactionType.accrual	False	DEBIT	7	112603	Interest/Fee Receivable	70	MNT
34	L429	loanTransactionType.accrual	False	CREDIT	8	404000	Interest Income	70	MNT
34	L430	loanTransactionType.accrual	False	DEBIT	7	112603	Interest/Fee Receivable	70	MNT
34	L430	loanTransactionType.accrual	False	CREDIT	8	404000	Interest Income	70	MNT
34	L431	loanTransactionType.accrual	False	DEBIT	7	112603	Interest/Fee Receivable	70	MNT
34	L431	loanTransactionType.accrual	False	CREDIT	8	404000	Interest Income	70	MNT
34	L433	loanTransactionType.accrual	False	DEBIT	7	112603	Interest/Fee Receivable	245	MNT
34	L433	loanTransactionType.accrual	False	CREDIT	8	404000	Interest Income	245	MNT
34	L434	loanTransactionType.accrual	False	DEBIT	7	112603	Interest/Fee Receivable	105	MNT
34	L434	loanTransactionType.accrual	False	CREDIT	8	404000	Interest Income	105	MNT
34	L435	loanTransactionType.accrual	False	DEBIT	7	112603	Interest/Fee Receivable	104	MNT
34	L435	loanTransactionType.accrual	False	CREDIT	8	404000	Interest Income	104	MNT
34	L436	loanTransactionType.accrual	False	DEBIT	7	112603	Interest/Fee Receivable	105	MNT
34	L436	loanTransactionType.accrual	False	CREDIT	8	404000	Interest Income	105	MNT
34	L437	loanTransactionType.accrual	False	DEBIT	7	112603	Interest/Fee Receivable	105	MNT
34	L437	loanTransactionType.accrual	False	CREDIT	8	404000	Interest Income	105	MNT
34	L438	loanTransactionType.accrual	False	DEBIT	7	112603	Interest/Fee Receivable	105	MNT
34	L438	loanTransactionType.accrual	False	CREDIT	8	404000	Interest Income	105	MNT
34	L439	loanTransactionType.accrual	False	DEBIT	7	112603	Interest/Fee Receivable	105	MNT
34	L439	loanTransactionType.accrual	False	CREDIT	8	404000	Interest Income	105	MNT
34	L440	loanTransactionType.accrual	False	DEBIT	7	112603	Interest/Fee Receivable	105	MNT
34	L440	loanTransactionType.accrual	False	CREDIT	8	404000	Interest Income	105	MNT
34	L441	loanTransactionType.accrual	False	DEBIT	7	112603	Interest/Fee Receivable	104	MNT
34	L441	loanTransactionType.accrual	False	CREDIT	8	404000	Interest Income	104	MNT
34	L442	loanTransactionType.accrual	False	DEBIT	7	112603	Interest/Fee Receivable	105	MNT
34	L442	loanTransactionType.accrual	False	CREDIT	8	404000	Interest Income	105	MNT
34	L443	loanTransactionType.accrual	False	DEBIT	7	112603	Interest/Fee Receivable	105	MNT
34	L443	loanTransactionType.accrual	False	CREDIT	8	404000	Interest Income	105	MNT
34	L444	loanTransactionType.accrualAdjustment	False	DEBIT	8	404000	Interest Income	454	MNT
34	L444	loanTransactionType.accrualAdjustment	False	CREDIT	7	112603	Interest/Fee Receivable	454	MNT
34	L445	loanTransactionType.accrual	False	DEBIT	7	112603	Interest/Fee Receivable	70	MNT
34	L445	loanTransactionType.accrual	False	CREDIT	8	404000	Interest Income	70	MNT
35	L448	loanTransactionType.accrual	False	DEBIT	7	112603	Interest/Fee Receivable	70	MNT
35	L448	loanTransactionType.accrual	False	CREDIT	8	404000	Interest Income	70	MNT
35	L449	loanTransactionType.accrual	False	DEBIT	7	112603	Interest/Fee Receivable	70	MNT
35	L449	loanTransactionType.accrual	False	CREDIT	8	404000	Interest Income	70	MNT
35	L450	loanTransactionType.accrual	False	DEBIT	7	112603	Interest/Fee Receivable	70	MNT
35	L450	loanTransactionType.accrual	False	CREDIT	8	404000	Interest Income	70	MNT
35	L451	loanTransactionType.accrual	False	DEBIT	7	112603	Interest/Fee Receivable	70	MNT
35	L451	loanTransactionType.accrual	False	CREDIT	8	404000	Interest Income	70	MNT
35	L452	loanTransactionType.accrual	False	DEBIT	7	112603	Interest/Fee Receivable	69	MNT
35	L452	loanTransactionType.accrual	False	CREDIT	8	404000	Interest Income	69	MNT
35	L453	loanTransactionType.accrual	False	DEBIT	7	112603	Interest/Fee Receivable	70	MNT
35	L453	loanTransactionType.accrual	False	CREDIT	8	404000	Interest Income	70	MNT
35	L454	loanTransactionType.accrual	False	DEBIT	7	112603	Interest/Fee Receivable	70	MNT
35	L454	loanTransactionType.accrual	False	CREDIT	8	404000	Interest Income	70	MNT
35	L455	loanTransactionType.accrual	False	DEBIT	7	112603	Interest/Fee Receivable	70	MNT
35	L455	loanTransactionType.accrual	False	CREDIT	8	404000	Interest Income	70	MNT
35	L456	loanTransactionType.accrual	False	DEBIT	7	112603	Interest/Fee Receivable	70	MNT
35	L456	loanTransactionType.accrual	False	CREDIT	8	404000	Interest Income	70	MNT
35	L457	loanTransactionType.accrual	False	DEBIT	7	112603	Interest/Fee Receivable	70	MNT
35	L457	loanTransactionType.accrual	False	CREDIT	8	404000	Interest Income	70	MNT
35	L458	loanTransactionType.accrual	False	DEBIT	7	112603	Interest/Fee Receivable	70	MNT
35	L458	loanTransactionType.accrual	False	CREDIT	8	404000	Interest Income	70	MNT
35	L459	loanTransactionType.accrual	False	DEBIT	7	112603	Interest/Fee Receivable	70	MNT
35	L459	loanTransactionType.accrual	False	CREDIT	8	404000	Interest Income	70	MNT
35	L460	loanTransactionType.accrual	False	DEBIT	7	112603	Interest/Fee Receivable	70	MNT
35	L460	loanTransactionType.accrual	False	CREDIT	8	404000	Interest Income	70	MNT
35	L461	loanTransactionType.accrual	False	DEBIT	7	112603	Interest/Fee Receivable	69	MNT
35	L461	loanTransactionType.accrual	False	CREDIT	8	404000	Interest Income	69	MNT
35	L462	loanTransactionType.accrual	False	DEBIT	7	112603	Interest/Fee Receivable	70	MNT
35	L462	loanTransactionType.accrual	False	CREDIT	8	404000	Interest Income	70	MNT
35	L463	loanTransactionType.accrual	False	DEBIT	7	112603	Interest/Fee Receivable	70	MNT
35	L463	loanTransactionType.accrual	False	CREDIT	8	404000	Interest Income	70	MNT
35	L464	loanTransactionType.accrual	False	DEBIT	7	112603	Interest/Fee Receivable	70	MNT
35	L464	loanTransactionType.accrual	False	CREDIT	8	404000	Interest Income	70	MNT
35	L465	loanTransactionType.accrual	False	DEBIT	7	112603	Interest/Fee Receivable	70	MNT
35	L465	loanTransactionType.accrual	False	CREDIT	8	404000	Interest Income	70	MNT
35	L466	loanTransactionType.accrual	False	DEBIT	7	112603	Interest/Fee Receivable	70	MNT
35	L466	loanTransactionType.accrual	False	CREDIT	8	404000	Interest Income	70	MNT
35	L467	loanTransactionType.accrual	False	DEBIT	7	112603	Interest/Fee Receivable	77	MNT
35	L467	loanTransactionType.accrual	False	CREDIT	8	404000	Interest Income	77	MNT
35	L468	loanTransactionType.accrual	False	DEBIT	7	112603	Interest/Fee Receivable	77	MNT
35	L468	loanTransactionType.accrual	False	CREDIT	8	404000	Interest Income	77	MNT
35	L469	loanTransactionType.accrual	False	DEBIT	7	112603	Interest/Fee Receivable	56	MNT
35	L469	loanTransactionType.accrual	False	CREDIT	8	404000	Interest Income	56	MNT
35	L470	loanTransactionType.accrual	False	DEBIT	7	112603	Interest/Fee Receivable	70	MNT
35	L470	loanTransactionType.accrual	False	CREDIT	8	404000	Interest Income	70	MNT
35	L471	loanTransactionType.accrual	False	DEBIT	7	112603	Interest/Fee Receivable	69	MNT
35	L471	loanTransactionType.accrual	False	CREDIT	8	404000	Interest Income	69	MNT
35	L472	loanTransactionType.accrual	False	DEBIT	7	112603	Interest/Fee Receivable	70	MNT
35	L472	loanTransactionType.accrual	False	CREDIT	8	404000	Interest Income	70	MNT
35	L473	loanTransactionType.accrual	False	DEBIT	7	112603	Interest/Fee Receivable	70	MNT
35	L473	loanTransactionType.accrual	False	CREDIT	8	404000	Interest Income	70	MNT
35	L474	loanTransactionType.accrual	False	DEBIT	7	112603	Interest/Fee Receivable	70	MNT
35	L474	loanTransactionType.accrual	False	CREDIT	8	404000	Interest Income	70	MNT
35	L475	loanTransactionType.accrual	False	DEBIT	7	112603	Interest/Fee Receivable	70	MNT
35	L475	loanTransactionType.accrual	False	CREDIT	8	404000	Interest Income	70	MNT
35	L476	loanTransactionType.accrual	False	DEBIT	7	112603	Interest/Fee Receivable	70	MNT
35	L476	loanTransactionType.accrual	False	CREDIT	8	404000	Interest Income	70	MNT
35	L477	loanTransactionType.accrual	False	DEBIT	7	112603	Interest/Fee Receivable	70	MNT
35	L477	loanTransactionType.accrual	False	CREDIT	8	404000	Interest Income	70	MNT
35	L478	loanTransactionType.accrual	False	DEBIT	7	112603	Interest/Fee Receivable	70	MNT
35	L478	loanTransactionType.accrual	False	CREDIT	8	404000	Interest Income	70	MNT
36	L482	loanTransactionType.accrual	False	DEBIT	7	112603	Interest/Fee Receivable	32	MNT
36	L482	loanTransactionType.accrual	False	CREDIT	8	404000	Interest Income	32	MNT
37	L485	loanTransactionType.accrual	False	DEBIT	7	112603	Interest/Fee Receivable	270	MNT
37	L485	loanTransactionType.accrual	False	CREDIT	8	404000	Interest Income	270	MNT
37	L487	loanTransactionType.accrual	False	DEBIT	7	112603	Interest/Fee Receivable	31	MNT
37	L487	loanTransactionType.accrual	False	CREDIT	8	404000	Interest Income	31	MNT
37	L488	loanTransactionType.accrual	False	DEBIT	7	112603	Interest/Fee Receivable	16	MNT
37	L488	loanTransactionType.accrual	False	CREDIT	8	404000	Interest Income	16	MNT
37	L489	loanTransactionType.accrual	False	DEBIT	7	112603	Interest/Fee Receivable	16	MNT
37	L489	loanTransactionType.accrual	False	CREDIT	8	404000	Interest Income	16	MNT
37	L490	loanTransactionType.accrual	False	DEBIT	7	112603	Interest/Fee Receivable	16	MNT
37	L490	loanTransactionType.accrual	False	CREDIT	8	404000	Interest Income	16	MNT
37	L491	loanTransactionType.accrual	False	DEBIT	7	112603	Interest/Fee Receivable	17	MNT
37	L491	loanTransactionType.accrual	False	CREDIT	8	404000	Interest Income	17	MNT
37	L492	loanTransactionType.accrual	False	DEBIT	7	112603	Interest/Fee Receivable	16	MNT
37	L492	loanTransactionType.accrual	False	CREDIT	8	404000	Interest Income	16	MNT
37	L493	loanTransactionType.accrual	False	DEBIT	7	112603	Interest/Fee Receivable	16	MNT
37	L493	loanTransactionType.accrual	False	CREDIT	8	404000	Interest Income	16	MNT
37	L494	loanTransactionType.accrual	False	DEBIT	7	112603	Interest/Fee Receivable	17	MNT
37	L494	loanTransactionType.accrual	False	CREDIT	8	404000	Interest Income	17	MNT
37	L495	loanTransactionType.accrual	False	DEBIT	7	112603	Interest/Fee Receivable	16	MNT
37	L495	loanTransactionType.accrual	False	CREDIT	8	404000	Interest Income	16	MNT
37	L496	loanTransactionType.accrual	False	DEBIT	7	112603	Interest/Fee Receivable	16	MNT
37	L496	loanTransactionType.accrual	False	CREDIT	8	404000	Interest Income	16	MNT
37	L497	loanTransactionType.accrual	False	DEBIT	7	112603	Interest/Fee Receivable	16	MNT
37	L497	loanTransactionType.accrual	False	CREDIT	8	404000	Interest Income	16	MNT
37	L498	loanTransactionType.accrual	False	DEBIT	7	112603	Interest/Fee Receivable	17	MNT
37	L498	loanTransactionType.accrual	False	CREDIT	8	404000	Interest Income	17	MNT
37	L499	loanTransactionType.accrual	False	DEBIT	7	112603	Interest/Fee Receivable	16	MNT
37	L499	loanTransactionType.accrual	False	CREDIT	8	404000	Interest Income	16	MNT
37	L500	loanTransactionType.accrual	False	DEBIT	7	112603	Interest/Fee Receivable	16	MNT
37	L500	loanTransactionType.accrual	False	CREDIT	8	404000	Interest Income	16	MNT
37	L501	loanTransactionType.accrual	False	DEBIT	7	112603	Interest/Fee Receivable	17	MNT
37	L501	loanTransactionType.accrual	False	CREDIT	8	404000	Interest Income	17	MNT
37	L502	loanTransactionType.accrual	False	DEBIT	7	112603	Interest/Fee Receivable	16	MNT
37	L502	loanTransactionType.accrual	False	CREDIT	8	404000	Interest Income	16	MNT
37	L503	loanTransactionType.accrual	False	DEBIT	7	112603	Interest/Fee Receivable	16	MNT
37	L503	loanTransactionType.accrual	False	CREDIT	8	404000	Interest Income	16	MNT
37	L504	loanTransactionType.accrual	False	DEBIT	7	112603	Interest/Fee Receivable	16	MNT
37	L504	loanTransactionType.accrual	False	CREDIT	8	404000	Interest Income	16	MNT
37	L505	loanTransactionType.accrual	False	DEBIT	7	112603	Interest/Fee Receivable	17	MNT
37	L505	loanTransactionType.accrual	False	CREDIT	8	404000	Interest Income	17	MNT
37	L506	loanTransactionType.accrual	False	DEBIT	7	112603	Interest/Fee Receivable	16	MNT
37	L506	loanTransactionType.accrual	False	CREDIT	8	404000	Interest Income	16	MNT
37	L507	loanTransactionType.accrual	False	DEBIT	7	112603	Interest/Fee Receivable	16	MNT
37	L507	loanTransactionType.accrual	False	CREDIT	8	404000	Interest Income	16	MNT
37	L508	loanTransactionType.accrual	False	DEBIT	7	112603	Interest/Fee Receivable	17	MNT
37	L508	loanTransactionType.accrual	False	CREDIT	8	404000	Interest Income	17	MNT
37	L509	loanTransactionType.accrual	False	DEBIT	7	112603	Interest/Fee Receivable	16	MNT
37	L509	loanTransactionType.accrual	False	CREDIT	8	404000	Interest Income	16	MNT
37	L510	loanTransactionType.accrual	False	DEBIT	7	112603	Interest/Fee Receivable	17	MNT
37	L510	loanTransactionType.accrual	False	CREDIT	8	404000	Interest Income	17	MNT
37	L511	loanTransactionType.accrual	False	DEBIT	7	112603	Interest/Fee Receivable	16	MNT
37	L511	loanTransactionType.accrual	False	CREDIT	8	404000	Interest Income	16	MNT
37	L512	loanTransactionType.accrual	False	DEBIT	7	112603	Interest/Fee Receivable	16	MNT
37	L512	loanTransactionType.accrual	False	CREDIT	8	404000	Interest Income	16	MNT
37	L513	loanTransactionType.accrual	False	DEBIT	7	112603	Interest/Fee Receivable	16	MNT
37	L513	loanTransactionType.accrual	False	CREDIT	8	404000	Interest Income	16	MNT
37	L514	loanTransactionType.accrual	False	DEBIT	7	112603	Interest/Fee Receivable	17	MNT
37	L514	loanTransactionType.accrual	False	CREDIT	8	404000	Interest Income	17	MNT
37	L515	loanTransactionType.accrual	False	DEBIT	7	112603	Interest/Fee Receivable	16	MNT
37	L515	loanTransactionType.accrual	False	CREDIT	8	404000	Interest Income	16	MNT
37	L516	loanTransactionType.accrual	False	DEBIT	7	112603	Interest/Fee Receivable	16	MNT
37	L516	loanTransactionType.accrual	False	CREDIT	8	404000	Interest Income	16	MNT
37	L517	loanTransactionType.accrual	False	DEBIT	7	112603	Interest/Fee Receivable	17	MNT
37	L517	loanTransactionType.accrual	False	CREDIT	8	404000	Interest Income	17	MNT
37	L518	loanTransactionType.accrual	False	DEBIT	7	112603	Interest/Fee Receivable	16	MNT
37	L518	loanTransactionType.accrual	False	CREDIT	8	404000	Interest Income	16	MNT
37	L519	loanTransactionType.accrual	False	DEBIT	7	112603	Interest/Fee Receivable	16	MNT
37	L519	loanTransactionType.accrual	False	CREDIT	8	404000	Interest Income	16	MNT
37	L520	loanTransactionType.accrual	False	DEBIT	7	112603	Interest/Fee Receivable	16	MNT
37	L520	loanTransactionType.accrual	False	CREDIT	8	404000	Interest Income	16	MNT
37	L521	loanTransactionType.accrual	False	DEBIT	7	112603	Interest/Fee Receivable	17	MNT
37	L521	loanTransactionType.accrual	False	CREDIT	8	404000	Interest Income	17	MNT
37	L522	loanTransactionType.accrual	False	DEBIT	7	112603	Interest/Fee Receivable	16	MNT
37	L522	loanTransactionType.accrual	False	CREDIT	8	404000	Interest Income	16	MNT
37	L523	loanTransactionType.accrual	False	DEBIT	7	112603	Interest/Fee Receivable	16	MNT
37	L523	loanTransactionType.accrual	False	CREDIT	8	404000	Interest Income	16	MNT
37	L524	loanTransactionType.accrual	False	DEBIT	7	112603	Interest/Fee Receivable	17	MNT
37	L524	loanTransactionType.accrual	False	CREDIT	8	404000	Interest Income	17	MNT
37	L525	loanTransactionType.accrual	False	DEBIT	7	112603	Interest/Fee Receivable	16	MNT
37	L525	loanTransactionType.accrual	False	CREDIT	8	404000	Interest Income	16	MNT
37	L526	loanTransactionType.accrual	False	DEBIT	7	112603	Interest/Fee Receivable	16	MNT
37	L526	loanTransactionType.accrual	False	CREDIT	8	404000	Interest Income	16	MNT
37	L527	loanTransactionType.accrual	False	DEBIT	7	112603	Interest/Fee Receivable	16	MNT
37	L527	loanTransactionType.accrual	False	CREDIT	8	404000	Interest Income	16	MNT
37	L528	loanTransactionType.accrual	False	DEBIT	7	112603	Interest/Fee Receivable	17	MNT
37	L528	loanTransactionType.accrual	False	CREDIT	8	404000	Interest Income	17	MNT
37	L529	loanTransactionType.accrual	False	DEBIT	7	112603	Interest/Fee Receivable	16	MNT
37	L529	loanTransactionType.accrual	False	CREDIT	8	404000	Interest Income	16	MNT
37	L530	loanTransactionType.accrual	False	DEBIT	7	112603	Interest/Fee Receivable	16	MNT
37	L530	loanTransactionType.accrual	False	CREDIT	8	404000	Interest Income	16	MNT
37	L531	loanTransactionType.accrual	False	DEBIT	7	112603	Interest/Fee Receivable	17	MNT
37	L531	loanTransactionType.accrual	False	CREDIT	8	404000	Interest Income	17	MNT
37	L532	loanTransactionType.accrual	False	DEBIT	7	112603	Interest/Fee Receivable	16	MNT
37	L532	loanTransactionType.accrual	False	CREDIT	8	404000	Interest Income	16	MNT
37	L533	loanTransactionType.accrual	False	DEBIT	7	112603	Interest/Fee Receivable	16	MNT
37	L533	loanTransactionType.accrual	False	CREDIT	8	404000	Interest Income	16	MNT
37	L534	loanTransactionType.accrual	False	DEBIT	7	112603	Interest/Fee Receivable	16	MNT
37	L534	loanTransactionType.accrual	False	CREDIT	8	404000	Interest Income	16	MNT
37	L535	loanTransactionType.accrual	False	DEBIT	7	112603	Interest/Fee Receivable	17	MNT
37	L535	loanTransactionType.accrual	False	CREDIT	8	404000	Interest Income	17	MNT
37	L536	loanTransactionType.accrual	False	DEBIT	7	112603	Interest/Fee Receivable	16	MNT
37	L536	loanTransactionType.accrual	False	CREDIT	8	404000	Interest Income	16	MNT
37	L537	loanTransactionType.accrual	False	DEBIT	7	112603	Interest/Fee Receivable	16	MNT
37	L537	loanTransactionType.accrual	False	CREDIT	8	404000	Interest Income	16	MNT
37	L538	loanTransactionType.accrual	False	DEBIT	7	112603	Interest/Fee Receivable	17	MNT
37	L538	loanTransactionType.accrual	False	CREDIT	8	404000	Interest Income	17	MNT
37	L539	loanTransactionType.accrual	False	DEBIT	7	112603	Interest/Fee Receivable	16	MNT
37	L539	loanTransactionType.accrual	False	CREDIT	8	404000	Interest Income	16	MNT
37	L540	loanTransactionType.accrual	False	DEBIT	7	112603	Interest/Fee Receivable	18	MNT
37	L540	loanTransactionType.accrual	False	CREDIT	8	404000	Interest Income	18	MNT
37	L541	loanTransactionType.accrual	False	DEBIT	7	112603	Interest/Fee Receivable	18	MNT
37	L541	loanTransactionType.accrual	False	CREDIT	8	404000	Interest Income	18	MNT
37	L542	loanTransactionType.accrual	False	DEBIT	7	112603	Interest/Fee Receivable	18	MNT
37	L542	loanTransactionType.accrual	False	CREDIT	8	404000	Interest Income	18	MNT
37	L543	loanTransactionType.accrual	False	DEBIT	7	112603	Interest/Fee Receivable	18	MNT
37	L543	loanTransactionType.accrual	False	CREDIT	8	404000	Interest Income	18	MNT
37	L544	loanTransactionType.accrual	False	DEBIT	7	112603	Interest/Fee Receivable	18	MNT
37	L544	loanTransactionType.accrual	False	CREDIT	8	404000	Interest Income	18	MNT
37	L545	loanTransactionType.accrual	False	DEBIT	7	112603	Interest/Fee Receivable	18	MNT
37	L545	loanTransactionType.accrual	False	CREDIT	8	404000	Interest Income	18	MNT
37	L546	loanTransactionType.accrual	False	DEBIT	7	112603	Interest/Fee Receivable	18	MNT
37	L546	loanTransactionType.accrual	False	CREDIT	8	404000	Interest Income	18	MNT
37	L547	loanTransactionType.accrual	False	DEBIT	7	112603	Interest/Fee Receivable	18	MNT
37	L547	loanTransactionType.accrual	False	CREDIT	8	404000	Interest Income	18	MNT
37	L548	loanTransactionType.accrual	False	DEBIT	7	112603	Interest/Fee Receivable	18	MNT
37	L548	loanTransactionType.accrual	False	CREDIT	8	404000	Interest Income	18	MNT
37	L549	loanTransactionType.accrual	False	DEBIT	7	112603	Interest/Fee Receivable	18	MNT
37	L549	loanTransactionType.accrual	False	CREDIT	8	404000	Interest Income	18	MNT
37	L550	loanTransactionType.accrual	False	DEBIT	7	112603	Interest/Fee Receivable	18	MNT
37	L550	loanTransactionType.accrual	False	CREDIT	8	404000	Interest Income	18	MNT
37	L551	loanTransactionType.accrual	False	DEBIT	7	112603	Interest/Fee Receivable	18	MNT
37	L551	loanTransactionType.accrual	False	CREDIT	8	404000	Interest Income	18	MNT
37	L552	loanTransactionType.accrual	False	DEBIT	7	112603	Interest/Fee Receivable	18	MNT
37	L552	loanTransactionType.accrual	False	CREDIT	8	404000	Interest Income	18	MNT
37	L553	loanTransactionType.accrual	False	DEBIT	7	112603	Interest/Fee Receivable	18	MNT
37	L553	loanTransactionType.accrual	False	CREDIT	8	404000	Interest Income	18	MNT
37	L554	loanTransactionType.accrual	False	DEBIT	7	112603	Interest/Fee Receivable	18	MNT
37	L554	loanTransactionType.accrual	False	CREDIT	8	404000	Interest Income	18	MNT
37	L555	loanTransactionType.accrual	False	DEBIT	7	112603	Interest/Fee Receivable	18	MNT
37	L555	loanTransactionType.accrual	False	CREDIT	8	404000	Interest Income	18	MNT
37	L556	loanTransactionType.accrual	False	DEBIT	7	112603	Interest/Fee Receivable	19	MNT
37	L556	loanTransactionType.accrual	False	CREDIT	8	404000	Interest Income	19	MNT
37	L557	loanTransactionType.accrual	False	DEBIT	7	112603	Interest/Fee Receivable	18	MNT
37	L557	loanTransactionType.accrual	False	CREDIT	8	404000	Interest Income	18	MNT
37	L558	loanTransactionType.accrual	False	DEBIT	7	112603	Interest/Fee Receivable	18	MNT
37	L558	loanTransactionType.accrual	False	CREDIT	8	404000	Interest Income	18	MNT
37	L559	loanTransactionType.accrual	False	DEBIT	7	112603	Interest/Fee Receivable	18	MNT
37	L559	loanTransactionType.accrual	False	CREDIT	8	404000	Interest Income	18	MNT
37	L560	loanTransactionType.accrual	False	DEBIT	7	112603	Interest/Fee Receivable	18	MNT
37	L560	loanTransactionType.accrual	False	CREDIT	8	404000	Interest Income	18	MNT
37	L561	loanTransactionType.accrual	False	DEBIT	7	112603	Interest/Fee Receivable	18	MNT
37	L561	loanTransactionType.accrual	False	CREDIT	8	404000	Interest Income	18	MNT
37	L562	loanTransactionType.accrual	False	DEBIT	7	112603	Interest/Fee Receivable	18	MNT
37	L562	loanTransactionType.accrual	False	CREDIT	8	404000	Interest Income	18	MNT
37	L563	loanTransactionType.accrual	False	DEBIT	7	112603	Interest/Fee Receivable	18	MNT
37	L563	loanTransactionType.accrual	False	CREDIT	8	404000	Interest Income	18	MNT
37	L564	loanTransactionType.accrual	False	DEBIT	7	112603	Interest/Fee Receivable	18	MNT
37	L564	loanTransactionType.accrual	False	CREDIT	8	404000	Interest Income	18	MNT
37	L565	loanTransactionType.accrual	False	DEBIT	7	112603	Interest/Fee Receivable	18	MNT
37	L565	loanTransactionType.accrual	False	CREDIT	8	404000	Interest Income	18	MNT
37	L566	loanTransactionType.accrual	False	DEBIT	7	112603	Interest/Fee Receivable	18	MNT
37	L566	loanTransactionType.accrual	False	CREDIT	8	404000	Interest Income	18	MNT
37	L567	loanTransactionType.accrual	False	DEBIT	7	112603	Interest/Fee Receivable	18	MNT
37	L567	loanTransactionType.accrual	False	CREDIT	8	404000	Interest Income	18	MNT
37	L568	loanTransactionType.accrual	False	DEBIT	7	112603	Interest/Fee Receivable	16	MNT
37	L568	loanTransactionType.accrual	False	CREDIT	8	404000	Interest Income	16	MNT
38	L570	loanTransactionType.accrual	False	DEBIT	7	112603	Interest/Fee Receivable	8	MNT
38	L570	loanTransactionType.accrual	False	CREDIT	8	404000	Interest Income	8	MNT
39	L573	loanTransactionType.accrual	False	DEBIT	7	112603	Interest/Fee Receivable	1678	MNT
39	L573	loanTransactionType.accrual	False	CREDIT	8	404000	Interest Income	1678	MNT
39	L579	loanTransactionType.accrual	False	DEBIT	7	112603	Interest/Fee Receivable	967	MNT
39	L579	loanTransactionType.accrual	False	CREDIT	8	404000	Interest Income	967	MNT
40	L582	loanTransactionType.accrual	False	DEBIT	7	112603	Interest/Fee Receivable	40	MNT
40	L582	loanTransactionType.accrual	False	CREDIT	8	404000	Interest Income	40	MNT
40	L583	loanTransactionType.accrual	False	DEBIT	7	112603	Interest/Fee Receivable	40	MNT
40	L583	loanTransactionType.accrual	False	CREDIT	8	404000	Interest Income	40	MNT
40	L584	loanTransactionType.accrual	False	DEBIT	7	112603	Interest/Fee Receivable	41	MNT
40	L584	loanTransactionType.accrual	False	CREDIT	8	404000	Interest Income	41	MNT
40	L585	loanTransactionType.accrual	False	DEBIT	7	112603	Interest/Fee Receivable	40	MNT
40	L585	loanTransactionType.accrual	False	CREDIT	8	404000	Interest Income	40	MNT
40	L586	loanTransactionType.accrual	False	DEBIT	7	112603	Interest/Fee Receivable	40	MNT
40	L586	loanTransactionType.accrual	False	CREDIT	8	404000	Interest Income	40	MNT
40	L587	loanTransactionType.accrual	False	DEBIT	7	112603	Interest/Fee Receivable	40	MNT
40	L587	loanTransactionType.accrual	False	CREDIT	8	404000	Interest Income	40	MNT
40	L588	loanTransactionType.accrual	False	DEBIT	7	112603	Interest/Fee Receivable	41	MNT
40	L588	loanTransactionType.accrual	False	CREDIT	8	404000	Interest Income	41	MNT
40	L589	loanTransactionType.accrual	False	DEBIT	7	112603	Interest/Fee Receivable	40	MNT
40	L589	loanTransactionType.accrual	False	CREDIT	8	404000	Interest Income	40	MNT
40	L590	loanTransactionType.accrual	False	DEBIT	7	112603	Interest/Fee Receivable	40	MNT
40	L590	loanTransactionType.accrual	False	CREDIT	8	404000	Interest Income	40	MNT
40	L591	loanTransactionType.accrual	False	DEBIT	7	112603	Interest/Fee Receivable	40	MNT
40	L591	loanTransactionType.accrual	False	CREDIT	8	404000	Interest Income	40	MNT
40	L592	loanTransactionType.accrual	False	DEBIT	7	112603	Interest/Fee Receivable	41	MNT
40	L592	loanTransactionType.accrual	False	CREDIT	8	404000	Interest Income	41	MNT
40	L593	loanTransactionType.accrual	False	DEBIT	7	112603	Interest/Fee Receivable	40	MNT
40	L593	loanTransactionType.accrual	False	CREDIT	8	404000	Interest Income	40	MNT
40	L594	loanTransactionType.accrual	False	DEBIT	7	112603	Interest/Fee Receivable	40	MNT
40	L594	loanTransactionType.accrual	False	CREDIT	8	404000	Interest Income	40	MNT
40	L595	loanTransactionType.accrual	False	DEBIT	7	112603	Interest/Fee Receivable	40	MNT
40	L595	loanTransactionType.accrual	False	CREDIT	8	404000	Interest Income	40	MNT
40	L596	loanTransactionType.accrual	False	DEBIT	7	112603	Interest/Fee Receivable	40	MNT
40	L596	loanTransactionType.accrual	False	CREDIT	8	404000	Interest Income	40	MNT
40	L597	loanTransactionType.accrual	False	DEBIT	7	112603	Interest/Fee Receivable	41	MNT
40	L597	loanTransactionType.accrual	False	CREDIT	8	404000	Interest Income	41	MNT
40	L598	loanTransactionType.accrual	False	DEBIT	7	112603	Interest/Fee Receivable	40	MNT
40	L598	loanTransactionType.accrual	False	CREDIT	8	404000	Interest Income	40	MNT
40	L599	loanTransactionType.accrual	False	DEBIT	7	112603	Interest/Fee Receivable	40	MNT
40	L599	loanTransactionType.accrual	False	CREDIT	8	404000	Interest Income	40	MNT
40	L600	loanTransactionType.accrual	False	DEBIT	7	112603	Interest/Fee Receivable	40	MNT
40	L600	loanTransactionType.accrual	False	CREDIT	8	404000	Interest Income	40	MNT
40	L601	loanTransactionType.accrual	False	DEBIT	7	112603	Interest/Fee Receivable	41	MNT
40	L601	loanTransactionType.accrual	False	CREDIT	8	404000	Interest Income	41	MNT
40	L602	loanTransactionType.accrual	False	DEBIT	7	112603	Interest/Fee Receivable	40	MNT
40	L602	loanTransactionType.accrual	False	CREDIT	8	404000	Interest Income	40	MNT
40	L603	loanTransactionType.accrual	False	DEBIT	7	112603	Interest/Fee Receivable	40	MNT
40	L603	loanTransactionType.accrual	False	CREDIT	8	404000	Interest Income	40	MNT
40	L604	loanTransactionType.accrual	False	DEBIT	7	112603	Interest/Fee Receivable	40	MNT
40	L604	loanTransactionType.accrual	False	CREDIT	8	404000	Interest Income	40	MNT
40	L605	loanTransactionType.accrual	False	DEBIT	7	112603	Interest/Fee Receivable	41	MNT
40	L605	loanTransactionType.accrual	False	CREDIT	8	404000	Interest Income	41	MNT
40	L606	loanTransactionType.accrual	False	DEBIT	7	112603	Interest/Fee Receivable	40	MNT
40	L606	loanTransactionType.accrual	False	CREDIT	8	404000	Interest Income	40	MNT
40	L607	loanTransactionType.accrual	False	DEBIT	7	112603	Interest/Fee Receivable	40	MNT
40	L607	loanTransactionType.accrual	False	CREDIT	8	404000	Interest Income	40	MNT
40	L608	loanTransactionType.accrual	False	DEBIT	7	112603	Interest/Fee Receivable	40	MNT
40	L608	loanTransactionType.accrual	False	CREDIT	8	404000	Interest Income	40	MNT
40	L609	loanTransactionType.accrual	False	DEBIT	7	112603	Interest/Fee Receivable	40	MNT
40	L609	loanTransactionType.accrual	False	CREDIT	8	404000	Interest Income	40	MNT
40	L610	loanTransactionType.accrual	False	DEBIT	7	112603	Interest/Fee Receivable	41	MNT
40	L610	loanTransactionType.accrual	False	CREDIT	8	404000	Interest Income	41	MNT
40	L611	loanTransactionType.accrual	False	DEBIT	7	112603	Interest/Fee Receivable	38	MNT
40	L611	loanTransactionType.accrual	False	CREDIT	8	404000	Interest Income	38	MNT
40	L615	loanTransactionType.accrualAdjustment	False	DEBIT	8	404000	Interest Income	69	MNT
40	L615	loanTransactionType.accrualAdjustment	False	CREDIT	7	112603	Interest/Fee Receivable	69	MNT
40	L616	loanTransactionType.accrual	False	DEBIT	7	112603	Interest/Fee Receivable	31	MNT
40	L616	loanTransactionType.accrual	False	CREDIT	8	404000	Interest Income	31	MNT
40	L617	loanTransactionType.accrual	False	DEBIT	7	112603	Interest/Fee Receivable	31	MNT
40	L617	loanTransactionType.accrual	False	CREDIT	8	404000	Interest Income	31	MNT
40	L618	loanTransactionType.accrual	False	DEBIT	7	112603	Interest/Fee Receivable	32	MNT
40	L618	loanTransactionType.accrual	False	CREDIT	8	404000	Interest Income	32	MNT
40	L619	loanTransactionType.accrual	False	DEBIT	7	112603	Interest/Fee Receivable	31	MNT
40	L619	loanTransactionType.accrual	False	CREDIT	8	404000	Interest Income	31	MNT
40	L620	loanTransactionType.accrual	False	DEBIT	7	112603	Interest/Fee Receivable	31	MNT
40	L620	loanTransactionType.accrual	False	CREDIT	8	404000	Interest Income	31	MNT
40	L621	loanTransactionType.accrual	False	DEBIT	7	112603	Interest/Fee Receivable	32	MNT
40	L621	loanTransactionType.accrual	False	CREDIT	8	404000	Interest Income	32	MNT
40	L622	loanTransactionType.accrual	False	DEBIT	7	112603	Interest/Fee Receivable	31	MNT
40	L622	loanTransactionType.accrual	False	CREDIT	8	404000	Interest Income	31	MNT
40	L623	loanTransactionType.accrual	False	DEBIT	7	112603	Interest/Fee Receivable	31	MNT
40	L623	loanTransactionType.accrual	False	CREDIT	8	404000	Interest Income	31	MNT
40	L624	loanTransactionType.accrual	False	DEBIT	7	112603	Interest/Fee Receivable	32	MNT
40	L624	loanTransactionType.accrual	False	CREDIT	8	404000	Interest Income	32	MNT
40	L625	loanTransactionType.accrual	False	DEBIT	7	112603	Interest/Fee Receivable	31	MNT
40	L625	loanTransactionType.accrual	False	CREDIT	8	404000	Interest Income	31	MNT
40	L626	loanTransactionType.accrual	False	DEBIT	7	112603	Interest/Fee Receivable	32	MNT
40	L626	loanTransactionType.accrual	False	CREDIT	8	404000	Interest Income	32	MNT
40	L627	loanTransactionType.accrual	False	DEBIT	7	112603	Interest/Fee Receivable	31	MNT
40	L627	loanTransactionType.accrual	False	CREDIT	8	404000	Interest Income	31	MNT
40	L628	loanTransactionType.accrual	False	DEBIT	7	112603	Interest/Fee Receivable	31	MNT
40	L628	loanTransactionType.accrual	False	CREDIT	8	404000	Interest Income	31	MNT
40	L629	loanTransactionType.accrual	False	DEBIT	7	112603	Interest/Fee Receivable	32	MNT
40	L629	loanTransactionType.accrual	False	CREDIT	8	404000	Interest Income	32	MNT
40	L630	loanTransactionType.accrual	False	DEBIT	7	112603	Interest/Fee Receivable	31	MNT
40	L630	loanTransactionType.accrual	False	CREDIT	8	404000	Interest Income	31	MNT
40	L631	loanTransactionType.accrual	False	DEBIT	7	112603	Interest/Fee Receivable	31	MNT
40	L631	loanTransactionType.accrual	False	CREDIT	8	404000	Interest Income	31	MNT
40	L632	loanTransactionType.accrual	False	DEBIT	7	112603	Interest/Fee Receivable	32	MNT
40	L632	loanTransactionType.accrual	False	CREDIT	8	404000	Interest Income	32	MNT
40	L633	loanTransactionType.accrual	False	DEBIT	7	112603	Interest/Fee Receivable	31	MNT
40	L633	loanTransactionType.accrual	False	CREDIT	8	404000	Interest Income	31	MNT
40	L634	loanTransactionType.accrual	False	DEBIT	7	112603	Interest/Fee Receivable	31	MNT
40	L634	loanTransactionType.accrual	False	CREDIT	8	404000	Interest Income	31	MNT
40	L635	loanTransactionType.accrual	False	DEBIT	7	112603	Interest/Fee Receivable	32	MNT
40	L635	loanTransactionType.accrual	False	CREDIT	8	404000	Interest Income	32	MNT
40	L636	loanTransactionType.accrual	False	DEBIT	7	112603	Interest/Fee Receivable	31	MNT
40	L636	loanTransactionType.accrual	False	CREDIT	8	404000	Interest Income	31	MNT
40	L637	loanTransactionType.accrual	False	DEBIT	7	112603	Interest/Fee Receivable	31	MNT
40	L637	loanTransactionType.accrual	False	CREDIT	8	404000	Interest Income	31	MNT
40	L638	loanTransactionType.accrual	False	DEBIT	7	112603	Interest/Fee Receivable	32	MNT
40	L638	loanTransactionType.accrual	False	CREDIT	8	404000	Interest Income	32	MNT
40	L639	loanTransactionType.accrual	False	DEBIT	7	112603	Interest/Fee Receivable	31	MNT
40	L639	loanTransactionType.accrual	False	CREDIT	8	404000	Interest Income	31	MNT
40	L640	loanTransactionType.accrual	False	DEBIT	7	112603	Interest/Fee Receivable	31	MNT
40	L640	loanTransactionType.accrual	False	CREDIT	8	404000	Interest Income	31	MNT
40	L641	loanTransactionType.accrual	False	DEBIT	7	112603	Interest/Fee Receivable	32	MNT
40	L641	loanTransactionType.accrual	False	CREDIT	8	404000	Interest Income	32	MNT
40	L642	loanTransactionType.accrual	False	DEBIT	7	112603	Interest/Fee Receivable	31	MNT
40	L642	loanTransactionType.accrual	False	CREDIT	8	404000	Interest Income	31	MNT
40	L643	loanTransactionType.accrual	False	DEBIT	7	112603	Interest/Fee Receivable	31	MNT
40	L643	loanTransactionType.accrual	False	CREDIT	8	404000	Interest Income	31	MNT
40	L644	loanTransactionType.accrual	False	DEBIT	7	112603	Interest/Fee Receivable	32	MNT
40	L644	loanTransactionType.accrual	False	CREDIT	8	404000	Interest Income	32	MNT
40	L645	loanTransactionType.accrual	False	DEBIT	7	112603	Interest/Fee Receivable	32	MNT
40	L645	loanTransactionType.accrual	False	CREDIT	8	404000	Interest Income	32	MNT
41	L649	loanTransactionType.accrual	False	DEBIT	7	112603	Interest/Fee Receivable	2000	MNT
41	L649	loanTransactionType.accrual	False	CREDIT	5	404007	Fee Income	2000	MNT
42	L653	loanTransactionType.accrual	False	DEBIT	7	112603	Interest/Fee Receivable	2000	MNT
42	L653	loanTransactionType.accrual	False	CREDIT	5	404007	Fee Income	2000	MNT
43	L657	loanTransactionType.accrual	False	DEBIT	7	112603	Interest/Fee Receivable	2000	MNT
43	L657	loanTransactionType.accrual	False	CREDIT	5	404007	Fee Income	2000	MNT
44	L661	loanTransactionType.accrual	False	DEBIT	7	112603	Interest/Fee Receivable	2000	MNT
44	L661	loanTransactionType.accrual	False	CREDIT	5	404007	Fee Income	2000	MNT
46	L666	loanTransactionType.accrual	False	DEBIT	7	112603	Interest/Fee Receivable	4	MNT
46	L666	loanTransactionType.accrual	False	CREDIT	8	404000	Interest Income	4	MNT
46	L667	loanTransactionType.accrual	False	DEBIT	7	112603	Interest/Fee Receivable	4	MNT
46	L667	loanTransactionType.accrual	False	CREDIT	8	404000	Interest Income	4	MNT
46	L668	loanTransactionType.accrual	False	DEBIT	7	112603	Interest/Fee Receivable	3	MNT
46	L668	loanTransactionType.accrual	False	CREDIT	8	404000	Interest Income	3	MNT
46	L669	loanTransactionType.accrual	False	DEBIT	7	112603	Interest/Fee Receivable	4	MNT
46	L669	loanTransactionType.accrual	False	CREDIT	8	404000	Interest Income	4	MNT
46	L670	loanTransactionType.accrual	False	DEBIT	7	112603	Interest/Fee Receivable	4	MNT
46	L670	loanTransactionType.accrual	False	CREDIT	8	404000	Interest Income	4	MNT
46	L671	loanTransactionType.accrual	False	DEBIT	7	112603	Interest/Fee Receivable	4	MNT
46	L671	loanTransactionType.accrual	False	CREDIT	8	404000	Interest Income	4	MNT
46	L672	loanTransactionType.accrual	False	DEBIT	7	112603	Interest/Fee Receivable	3	MNT
46	L672	loanTransactionType.accrual	False	CREDIT	8	404000	Interest Income	3	MNT
46	L673	loanTransactionType.accrual	False	DEBIT	7	112603	Interest/Fee Receivable	4	MNT
46	L673	loanTransactionType.accrual	False	CREDIT	8	404000	Interest Income	4	MNT
46	L674	loanTransactionType.accrual	False	DEBIT	7	112603	Interest/Fee Receivable	4	MNT
46	L674	loanTransactionType.accrual	False	CREDIT	8	404000	Interest Income	4	MNT
46	L675	loanTransactionType.accrual	False	DEBIT	7	112603	Interest/Fee Receivable	4	MNT
46	L675	loanTransactionType.accrual	False	CREDIT	8	404000	Interest Income	4	MNT
46	L676	loanTransactionType.accrual	False	DEBIT	7	112603	Interest/Fee Receivable	3	MNT
46	L676	loanTransactionType.accrual	False	CREDIT	8	404000	Interest Income	3	MNT
46	L677	loanTransactionType.accrual	False	DEBIT	7	112603	Interest/Fee Receivable	4	MNT
46	L677	loanTransactionType.accrual	False	CREDIT	8	404000	Interest Income	4	MNT
46	L678	loanTransactionType.accrual	False	DEBIT	7	112603	Interest/Fee Receivable	4	MNT
46	L678	loanTransactionType.accrual	False	CREDIT	8	404000	Interest Income	4	MNT
46	L679	loanTransactionType.accrual	False	DEBIT	7	112603	Interest/Fee Receivable	4	MNT
46	L679	loanTransactionType.accrual	False	CREDIT	8	404000	Interest Income	4	MNT
46	L680	loanTransactionType.accrual	False	DEBIT	7	112603	Interest/Fee Receivable	3	MNT
46	L680	loanTransactionType.accrual	False	CREDIT	8	404000	Interest Income	3	MNT
46	L681	loanTransactionType.accrual	False	DEBIT	7	112603	Interest/Fee Receivable	4	MNT
46	L681	loanTransactionType.accrual	False	CREDIT	8	404000	Interest Income	4	MNT
46	L682	loanTransactionType.accrual	False	DEBIT	7	112603	Interest/Fee Receivable	4	MNT
46	L682	loanTransactionType.accrual	False	CREDIT	8	404000	Interest Income	4	MNT
46	L683	loanTransactionType.accrual	False	DEBIT	7	112603	Interest/Fee Receivable	4	MNT
46	L683	loanTransactionType.accrual	False	CREDIT	8	404000	Interest Income	4	MNT
46	L684	loanTransactionType.accrual	False	DEBIT	7	112603	Interest/Fee Receivable	4	MNT
46	L684	loanTransactionType.accrual	False	CREDIT	8	404000	Interest Income	4	MNT
46	L685	loanTransactionType.accrual	False	DEBIT	7	112603	Interest/Fee Receivable	3	MNT
46	L685	loanTransactionType.accrual	False	CREDIT	8	404000	Interest Income	3	MNT
46	L686	loanTransactionType.accrual	False	DEBIT	7	112603	Interest/Fee Receivable	4	MNT
46	L686	loanTransactionType.accrual	False	CREDIT	8	404000	Interest Income	4	MNT
46	L687	loanTransactionType.accrual	False	DEBIT	7	112603	Interest/Fee Receivable	4	MNT
46	L687	loanTransactionType.accrual	False	CREDIT	8	404000	Interest Income	4	MNT
46	L688	loanTransactionType.accrual	False	DEBIT	7	112603	Interest/Fee Receivable	4	MNT
46	L688	loanTransactionType.accrual	False	CREDIT	8	404000	Interest Income	4	MNT
46	L689	loanTransactionType.accrual	False	DEBIT	7	112603	Interest/Fee Receivable	3	MNT
46	L689	loanTransactionType.accrual	False	CREDIT	8	404000	Interest Income	3	MNT
46	L690	loanTransactionType.accrual	False	DEBIT	7	112603	Interest/Fee Receivable	4	MNT
46	L690	loanTransactionType.accrual	False	CREDIT	8	404000	Interest Income	4	MNT
46	L691	loanTransactionType.accrual	False	DEBIT	7	112603	Interest/Fee Receivable	4	MNT
46	L691	loanTransactionType.accrual	False	CREDIT	8	404000	Interest Income	4	MNT
46	L692	loanTransactionType.accrual	False	DEBIT	7	112603	Interest/Fee Receivable	4	MNT
46	L692	loanTransactionType.accrual	False	CREDIT	8	404000	Interest Income	4	MNT
46	L693	loanTransactionType.accrual	False	DEBIT	7	112603	Interest/Fee Receivable	3	MNT
46	L693	loanTransactionType.accrual	False	CREDIT	8	404000	Interest Income	3	MNT
46	L694	loanTransactionType.accrual	False	DEBIT	7	112603	Interest/Fee Receivable	4	MNT
46	L694	loanTransactionType.accrual	False	CREDIT	8	404000	Interest Income	4	MNT
46	L695	loanTransactionType.accrual	False	DEBIT	7	112603	Interest/Fee Receivable	4	MNT
46	L695	loanTransactionType.accrual	False	CREDIT	8	404000	Interest Income	4	MNT
46	L696	loanTransactionType.accrual	False	DEBIT	7	112603	Interest/Fee Receivable	4	MNT
46	L696	loanTransactionType.accrual	False	CREDIT	8	404000	Interest Income	4	MNT
46	L698	loanTransactionType.accrual	False	DEBIT	7	112603	Interest/Fee Receivable	3	MNT
46	L698	loanTransactionType.accrual	False	CREDIT	8	404000	Interest Income	3	MNT
46	L700	loanTransactionType.accrual	False	DEBIT	7	112603	Interest/Fee Receivable	4	MNT
46	L700	loanTransactionType.accrual	False	CREDIT	8	404000	Interest Income	4	MNT
46	L701	loanTransactionType.accrual	False	DEBIT	7	112603	Interest/Fee Receivable	3	MNT
46	L701	loanTransactionType.accrual	False	CREDIT	8	404000	Interest Income	3	MNT
46	L702	loanTransactionType.accrual	False	DEBIT	7	112603	Interest/Fee Receivable	3	MNT
46	L702	loanTransactionType.accrual	False	CREDIT	8	404000	Interest Income	3	MNT
46	L703	loanTransactionType.accrual	False	DEBIT	7	112603	Interest/Fee Receivable	4	MNT
46	L703	loanTransactionType.accrual	False	CREDIT	8	404000	Interest Income	4	MNT
46	L704	loanTransactionType.accrual	False	DEBIT	7	112603	Interest/Fee Receivable	3	MNT
46	L704	loanTransactionType.accrual	False	CREDIT	8	404000	Interest Income	3	MNT
46	L705	loanTransactionType.accrual	False	DEBIT	7	112603	Interest/Fee Receivable	4	MNT
46	L705	loanTransactionType.accrual	False	CREDIT	8	404000	Interest Income	4	MNT
46	L706	loanTransactionType.accrual	False	DEBIT	7	112603	Interest/Fee Receivable	3	MNT
46	L706	loanTransactionType.accrual	False	CREDIT	8	404000	Interest Income	3	MNT
46	L707	loanTransactionType.accrual	False	DEBIT	7	112603	Interest/Fee Receivable	3	MNT
46	L707	loanTransactionType.accrual	False	CREDIT	8	404000	Interest Income	3	MNT
46	L708	loanTransactionType.accrual	False	DEBIT	7	112603	Interest/Fee Receivable	4	MNT
46	L708	loanTransactionType.accrual	False	CREDIT	8	404000	Interest Income	4	MNT
46	L709	loanTransactionType.accrual	False	DEBIT	7	112603	Interest/Fee Receivable	3	MNT
46	L709	loanTransactionType.accrual	False	CREDIT	8	404000	Interest Income	3	MNT
46	L710	loanTransactionType.accrual	False	DEBIT	7	112603	Interest/Fee Receivable	3	MNT
46	L710	loanTransactionType.accrual	False	CREDIT	8	404000	Interest Income	3	MNT
46	L711	loanTransactionType.accrual	False	DEBIT	7	112603	Interest/Fee Receivable	4	MNT
46	L711	loanTransactionType.accrual	False	CREDIT	8	404000	Interest Income	4	MNT
46	L712	loanTransactionType.accrual	False	DEBIT	7	112603	Interest/Fee Receivable	3	MNT
46	L712	loanTransactionType.accrual	False	CREDIT	8	404000	Interest Income	3	MNT
46	L713	loanTransactionType.accrual	False	DEBIT	7	112603	Interest/Fee Receivable	3	MNT
46	L713	loanTransactionType.accrual	False	CREDIT	8	404000	Interest Income	3	MNT
46	L714	loanTransactionType.accrual	False	DEBIT	7	112603	Interest/Fee Receivable	4	MNT
46	L714	loanTransactionType.accrual	False	CREDIT	8	404000	Interest Income	4	MNT
46	L715	loanTransactionType.accrual	False	DEBIT	7	112603	Interest/Fee Receivable	3	MNT
46	L715	loanTransactionType.accrual	False	CREDIT	8	404000	Interest Income	3	MNT
46	L716	loanTransactionType.accrual	False	DEBIT	7	112603	Interest/Fee Receivable	4	MNT
46	L716	loanTransactionType.accrual	False	CREDIT	8	404000	Interest Income	4	MNT
46	L717	loanTransactionType.accrual	False	DEBIT	7	112603	Interest/Fee Receivable	3	MNT
46	L717	loanTransactionType.accrual	False	CREDIT	8	404000	Interest Income	3	MNT
46	L718	loanTransactionType.accrual	False	DEBIT	7	112603	Interest/Fee Receivable	3	MNT
46	L718	loanTransactionType.accrual	False	CREDIT	8	404000	Interest Income	3	MNT
46	L719	loanTransactionType.accrual	False	DEBIT	7	112603	Interest/Fee Receivable	4	MNT
46	L719	loanTransactionType.accrual	False	CREDIT	8	404000	Interest Income	4	MNT
46	L720	loanTransactionType.accrual	False	DEBIT	7	112603	Interest/Fee Receivable	3	MNT
46	L720	loanTransactionType.accrual	False	CREDIT	8	404000	Interest Income	3	MNT
46	L721	loanTransactionType.accrual	False	DEBIT	7	112603	Interest/Fee Receivable	3	MNT
46	L721	loanTransactionType.accrual	False	CREDIT	8	404000	Interest Income	3	MNT
46	L722	loanTransactionType.accrual	False	DEBIT	7	112603	Interest/Fee Receivable	4	MNT
46	L722	loanTransactionType.accrual	False	CREDIT	8	404000	Interest Income	4	MNT
46	L723	loanTransactionType.accrual	False	DEBIT	7	112603	Interest/Fee Receivable	3	MNT
46	L723	loanTransactionType.accrual	False	CREDIT	8	404000	Interest Income	3	MNT
46	L724	loanTransactionType.accrual	False	DEBIT	7	112603	Interest/Fee Receivable	3	MNT
46	L724	loanTransactionType.accrual	False	CREDIT	8	404000	Interest Income	3	MNT
46	L725	loanTransactionType.accrual	False	DEBIT	7	112603	Interest/Fee Receivable	4	MNT
46	L725	loanTransactionType.accrual	False	CREDIT	8	404000	Interest Income	4	MNT
46	L726	loanTransactionType.accrual	False	DEBIT	7	112603	Interest/Fee Receivable	3	MNT
46	L726	loanTransactionType.accrual	False	CREDIT	8	404000	Interest Income	3	MNT
46	L727	loanTransactionType.accrual	False	DEBIT	7	112603	Interest/Fee Receivable	4	MNT
46	L727	loanTransactionType.accrual	False	CREDIT	8	404000	Interest Income	4	MNT
46	L729	loanTransactionType.accrual	False	DEBIT	7	112603	Interest/Fee Receivable	3	MNT
46	L729	loanTransactionType.accrual	False	CREDIT	8	404000	Interest Income	3	MNT
46	L731	loanTransactionType.accrual	False	DEBIT	7	112603	Interest/Fee Receivable	2	MNT
46	L731	loanTransactionType.accrual	False	CREDIT	8	404000	Interest Income	2	MNT
46	L732	loanTransactionType.accrual	False	DEBIT	7	112603	Interest/Fee Receivable	3	MNT
46	L732	loanTransactionType.accrual	False	CREDIT	8	404000	Interest Income	3	MNT
46	L733	loanTransactionType.accrual	False	DEBIT	7	112603	Interest/Fee Receivable	2	MNT
46	L733	loanTransactionType.accrual	False	CREDIT	8	404000	Interest Income	2	MNT
46	L734	loanTransactionType.accrual	False	DEBIT	7	112603	Interest/Fee Receivable	3	MNT
46	L734	loanTransactionType.accrual	False	CREDIT	8	404000	Interest Income	3	MNT
46	L735	loanTransactionType.accrual	False	DEBIT	7	112603	Interest/Fee Receivable	2	MNT
46	L735	loanTransactionType.accrual	False	CREDIT	8	404000	Interest Income	2	MNT
46	L736	loanTransactionType.accrual	False	DEBIT	7	112603	Interest/Fee Receivable	3	MNT
46	L736	loanTransactionType.accrual	False	CREDIT	8	404000	Interest Income	3	MNT
46	L737	loanTransactionType.accrual	False	DEBIT	7	112603	Interest/Fee Receivable	2	MNT
46	L737	loanTransactionType.accrual	False	CREDIT	8	404000	Interest Income	2	MNT
46	L738	loanTransactionType.accrual	False	DEBIT	7	112603	Interest/Fee Receivable	3	MNT
46	L738	loanTransactionType.accrual	False	CREDIT	8	404000	Interest Income	3	MNT
46	L739	loanTransactionType.accrual	False	DEBIT	7	112603	Interest/Fee Receivable	2	MNT
46	L739	loanTransactionType.accrual	False	CREDIT	8	404000	Interest Income	2	MNT
46	L740	loanTransactionType.accrual	False	DEBIT	7	112603	Interest/Fee Receivable	3	MNT
46	L740	loanTransactionType.accrual	False	CREDIT	8	404000	Interest Income	3	MNT
46	L741	loanTransactionType.accrual	False	DEBIT	7	112603	Interest/Fee Receivable	2	MNT
46	L741	loanTransactionType.accrual	False	CREDIT	8	404000	Interest Income	2	MNT
46	L742	loanTransactionType.accrual	False	DEBIT	7	112603	Interest/Fee Receivable	3	MNT
46	L742	loanTransactionType.accrual	False	CREDIT	8	404000	Interest Income	3	MNT
46	L743	loanTransactionType.accrual	False	DEBIT	7	112603	Interest/Fee Receivable	2	MNT
46	L743	loanTransactionType.accrual	False	CREDIT	8	404000	Interest Income	2	MNT
46	L744	loanTransactionType.accrual	False	DEBIT	7	112603	Interest/Fee Receivable	3	MNT
46	L744	loanTransactionType.accrual	False	CREDIT	8	404000	Interest Income	3	MNT
46	L745	loanTransactionType.accrual	False	DEBIT	7	112603	Interest/Fee Receivable	2	MNT
46	L745	loanTransactionType.accrual	False	CREDIT	8	404000	Interest Income	2	MNT
46	L746	loanTransactionType.accrual	False	DEBIT	7	112603	Interest/Fee Receivable	3	MNT
46	L746	loanTransactionType.accrual	False	CREDIT	8	404000	Interest Income	3	MNT
46	L747	loanTransactionType.accrual	False	DEBIT	7	112603	Interest/Fee Receivable	2	MNT
46	L747	loanTransactionType.accrual	False	CREDIT	8	404000	Interest Income	2	MNT
46	L748	loanTransactionType.accrual	False	DEBIT	7	112603	Interest/Fee Receivable	3	MNT
46	L748	loanTransactionType.accrual	False	CREDIT	8	404000	Interest Income	3	MNT
46	L749	loanTransactionType.accrual	False	DEBIT	7	112603	Interest/Fee Receivable	2	MNT
46	L749	loanTransactionType.accrual	False	CREDIT	8	404000	Interest Income	2	MNT
46	L750	loanTransactionType.accrual	False	DEBIT	7	112603	Interest/Fee Receivable	3	MNT
46	L750	loanTransactionType.accrual	False	CREDIT	8	404000	Interest Income	3	MNT
46	L751	loanTransactionType.accrual	False	DEBIT	7	112603	Interest/Fee Receivable	3	MNT
46	L751	loanTransactionType.accrual	False	CREDIT	8	404000	Interest Income	3	MNT
46	L752	loanTransactionType.accrual	False	DEBIT	7	112603	Interest/Fee Receivable	2	MNT
46	L752	loanTransactionType.accrual	False	CREDIT	8	404000	Interest Income	2	MNT
46	L753	loanTransactionType.accrual	False	DEBIT	7	112603	Interest/Fee Receivable	3	MNT
46	L753	loanTransactionType.accrual	False	CREDIT	8	404000	Interest Income	3	MNT
46	L754	loanTransactionType.accrual	False	DEBIT	7	112603	Interest/Fee Receivable	2	MNT
46	L754	loanTransactionType.accrual	False	CREDIT	8	404000	Interest Income	2	MNT
46	L755	loanTransactionType.accrual	False	DEBIT	7	112603	Interest/Fee Receivable	3	MNT
46	L755	loanTransactionType.accrual	False	CREDIT	8	404000	Interest Income	3	MNT
46	L756	loanTransactionType.accrual	False	DEBIT	7	112603	Interest/Fee Receivable	2	MNT
46	L756	loanTransactionType.accrual	False	CREDIT	8	404000	Interest Income	2	MNT
46	L757	loanTransactionType.accrual	False	DEBIT	7	112603	Interest/Fee Receivable	3	MNT
46	L757	loanTransactionType.accrual	False	CREDIT	8	404000	Interest Income	3	MNT
46	L758	loanTransactionType.accrual	False	DEBIT	7	112603	Interest/Fee Receivable	2	MNT
46	L758	loanTransactionType.accrual	False	CREDIT	8	404000	Interest Income	2	MNT
46	L759	loanTransactionType.accrual	False	DEBIT	7	112603	Interest/Fee Receivable	3	MNT
46	L759	loanTransactionType.accrual	False	CREDIT	8	404000	Interest Income	3	MNT
46	L760	loanTransactionType.accrual	False	DEBIT	7	112603	Interest/Fee Receivable	2	MNT
46	L760	loanTransactionType.accrual	False	CREDIT	8	404000	Interest Income	2	MNT
46	L762	loanTransactionType.accrual	False	DEBIT	7	112603	Interest/Fee Receivable	2	MNT
46	L762	loanTransactionType.accrual	False	CREDIT	8	404000	Interest Income	2	MNT
46	L764	loanTransactionType.accrual	False	DEBIT	7	112603	Interest/Fee Receivable	2	MNT
46	L764	loanTransactionType.accrual	False	CREDIT	8	404000	Interest Income	2	MNT
46	L765	loanTransactionType.accrual	False	DEBIT	7	112603	Interest/Fee Receivable	2	MNT
46	L765	loanTransactionType.accrual	False	CREDIT	8	404000	Interest Income	2	MNT
46	L766	loanTransactionType.accrual	False	DEBIT	7	112603	Interest/Fee Receivable	2	MNT
46	L766	loanTransactionType.accrual	False	CREDIT	8	404000	Interest Income	2	MNT
46	L767	loanTransactionType.accrual	False	DEBIT	7	112603	Interest/Fee Receivable	2	MNT
46	L767	loanTransactionType.accrual	False	CREDIT	8	404000	Interest Income	2	MNT
46	L768	loanTransactionType.accrual	False	DEBIT	7	112603	Interest/Fee Receivable	2	MNT
46	L768	loanTransactionType.accrual	False	CREDIT	8	404000	Interest Income	2	MNT
46	L769	loanTransactionType.accrual	False	DEBIT	7	112603	Interest/Fee Receivable	2	MNT
46	L769	loanTransactionType.accrual	False	CREDIT	8	404000	Interest Income	2	MNT
46	L770	loanTransactionType.accrual	False	DEBIT	7	112603	Interest/Fee Receivable	2	MNT
46	L770	loanTransactionType.accrual	False	CREDIT	8	404000	Interest Income	2	MNT
46	L771	loanTransactionType.accrual	False	DEBIT	7	112603	Interest/Fee Receivable	2	MNT
46	L771	loanTransactionType.accrual	False	CREDIT	8	404000	Interest Income	2	MNT
46	L772	loanTransactionType.accrual	False	DEBIT	7	112603	Interest/Fee Receivable	2	MNT
46	L772	loanTransactionType.accrual	False	CREDIT	8	404000	Interest Income	2	MNT
46	L773	loanTransactionType.accrual	False	DEBIT	7	112603	Interest/Fee Receivable	2	MNT
46	L773	loanTransactionType.accrual	False	CREDIT	8	404000	Interest Income	2	MNT
46	L774	loanTransactionType.accrual	False	DEBIT	7	112603	Interest/Fee Receivable	2	MNT
46	L774	loanTransactionType.accrual	False	CREDIT	8	404000	Interest Income	2	MNT
46	L775	loanTransactionType.accrual	False	DEBIT	7	112603	Interest/Fee Receivable	1	MNT
46	L775	loanTransactionType.accrual	False	CREDIT	8	404000	Interest Income	1	MNT
46	L776	loanTransactionType.accrual	False	DEBIT	7	112603	Interest/Fee Receivable	2	MNT
46	L776	loanTransactionType.accrual	False	CREDIT	8	404000	Interest Income	2	MNT
46	L777	loanTransactionType.accrual	False	DEBIT	7	112603	Interest/Fee Receivable	2	MNT
46	L777	loanTransactionType.accrual	False	CREDIT	8	404000	Interest Income	2	MNT
46	L778	loanTransactionType.accrual	False	DEBIT	7	112603	Interest/Fee Receivable	2	MNT
46	L778	loanTransactionType.accrual	False	CREDIT	8	404000	Interest Income	2	MNT
46	L779	loanTransactionType.accrual	False	DEBIT	7	112603	Interest/Fee Receivable	2	MNT
46	L779	loanTransactionType.accrual	False	CREDIT	8	404000	Interest Income	2	MNT
46	L780	loanTransactionType.accrual	False	DEBIT	7	112603	Interest/Fee Receivable	2	MNT
46	L780	loanTransactionType.accrual	False	CREDIT	8	404000	Interest Income	2	MNT
46	L781	loanTransactionType.accrual	False	DEBIT	7	112603	Interest/Fee Receivable	2	MNT
46	L781	loanTransactionType.accrual	False	CREDIT	8	404000	Interest Income	2	MNT
46	L782	loanTransactionType.accrual	False	DEBIT	7	112603	Interest/Fee Receivable	2	MNT
46	L782	loanTransactionType.accrual	False	CREDIT	8	404000	Interest Income	2	MNT
46	L783	loanTransactionType.accrual	False	DEBIT	7	112603	Interest/Fee Receivable	2	MNT
46	L783	loanTransactionType.accrual	False	CREDIT	8	404000	Interest Income	2	MNT
46	L784	loanTransactionType.accrual	False	DEBIT	7	112603	Interest/Fee Receivable	2	MNT
46	L784	loanTransactionType.accrual	False	CREDIT	8	404000	Interest Income	2	MNT
46	L785	loanTransactionType.accrual	False	DEBIT	7	112603	Interest/Fee Receivable	2	MNT
46	L785	loanTransactionType.accrual	False	CREDIT	8	404000	Interest Income	2	MNT
46	L786	loanTransactionType.accrual	False	DEBIT	7	112603	Interest/Fee Receivable	2	MNT
46	L786	loanTransactionType.accrual	False	CREDIT	8	404000	Interest Income	2	MNT
46	L787	loanTransactionType.accrual	False	DEBIT	7	112603	Interest/Fee Receivable	2	MNT
46	L787	loanTransactionType.accrual	False	CREDIT	8	404000	Interest Income	2	MNT
46	L788	loanTransactionType.accrual	False	DEBIT	7	112603	Interest/Fee Receivable	2	MNT
46	L788	loanTransactionType.accrual	False	CREDIT	8	404000	Interest Income	2	MNT
46	L789	loanTransactionType.accrual	False	DEBIT	7	112603	Interest/Fee Receivable	2	MNT
46	L789	loanTransactionType.accrual	False	CREDIT	8	404000	Interest Income	2	MNT
46	L790	loanTransactionType.accrual	False	DEBIT	7	112603	Interest/Fee Receivable	2	MNT
46	L790	loanTransactionType.accrual	False	CREDIT	8	404000	Interest Income	2	MNT
46	L791	loanTransactionType.accrual	False	DEBIT	7	112603	Interest/Fee Receivable	2	MNT
46	L791	loanTransactionType.accrual	False	CREDIT	8	404000	Interest Income	2	MNT
46	L792	loanTransactionType.accrual	False	DEBIT	7	112603	Interest/Fee Receivable	2	MNT
46	L792	loanTransactionType.accrual	False	CREDIT	8	404000	Interest Income	2	MNT
46	L794	loanTransactionType.accrual	False	DEBIT	7	112603	Interest/Fee Receivable	1	MNT
46	L794	loanTransactionType.accrual	False	CREDIT	8	404000	Interest Income	1	MNT
46	L796	loanTransactionType.accrual	False	DEBIT	7	112603	Interest/Fee Receivable	2	MNT
46	L796	loanTransactionType.accrual	False	CREDIT	8	404000	Interest Income	2	MNT
46	L797	loanTransactionType.accrual	False	DEBIT	7	112603	Interest/Fee Receivable	1	MNT
46	L797	loanTransactionType.accrual	False	CREDIT	8	404000	Interest Income	1	MNT
46	L798	loanTransactionType.accrual	False	DEBIT	7	112603	Interest/Fee Receivable	1	MNT
46	L798	loanTransactionType.accrual	False	CREDIT	8	404000	Interest Income	1	MNT
46	L799	loanTransactionType.accrual	False	DEBIT	7	112603	Interest/Fee Receivable	1	MNT
46	L799	loanTransactionType.accrual	False	CREDIT	8	404000	Interest Income	1	MNT
46	L800	loanTransactionType.accrual	False	DEBIT	7	112603	Interest/Fee Receivable	2	MNT
46	L800	loanTransactionType.accrual	False	CREDIT	8	404000	Interest Income	2	MNT
46	L801	loanTransactionType.accrual	False	DEBIT	7	112603	Interest/Fee Receivable	1	MNT
46	L801	loanTransactionType.accrual	False	CREDIT	8	404000	Interest Income	1	MNT
46	L802	loanTransactionType.accrual	False	DEBIT	7	112603	Interest/Fee Receivable	1	MNT
46	L802	loanTransactionType.accrual	False	CREDIT	8	404000	Interest Income	1	MNT
46	L803	loanTransactionType.accrual	False	DEBIT	7	112603	Interest/Fee Receivable	1	MNT
46	L803	loanTransactionType.accrual	False	CREDIT	8	404000	Interest Income	1	MNT
46	L804	loanTransactionType.accrual	False	DEBIT	7	112603	Interest/Fee Receivable	2	MNT
46	L804	loanTransactionType.accrual	False	CREDIT	8	404000	Interest Income	2	MNT
46	L805	loanTransactionType.accrual	False	DEBIT	7	112603	Interest/Fee Receivable	1	MNT
46	L805	loanTransactionType.accrual	False	CREDIT	8	404000	Interest Income	1	MNT
46	L806	loanTransactionType.accrual	False	DEBIT	7	112603	Interest/Fee Receivable	1	MNT
46	L806	loanTransactionType.accrual	False	CREDIT	8	404000	Interest Income	1	MNT
46	L807	loanTransactionType.accrual	False	DEBIT	7	112603	Interest/Fee Receivable	1	MNT
46	L807	loanTransactionType.accrual	False	CREDIT	8	404000	Interest Income	1	MNT
46	L808	loanTransactionType.accrual	False	DEBIT	7	112603	Interest/Fee Receivable	2	MNT
46	L808	loanTransactionType.accrual	False	CREDIT	8	404000	Interest Income	2	MNT
46	L809	loanTransactionType.accrual	False	DEBIT	7	112603	Interest/Fee Receivable	1	MNT
46	L809	loanTransactionType.accrual	False	CREDIT	8	404000	Interest Income	1	MNT
46	L810	loanTransactionType.accrual	False	DEBIT	7	112603	Interest/Fee Receivable	1	MNT
46	L810	loanTransactionType.accrual	False	CREDIT	8	404000	Interest Income	1	MNT
46	L811	loanTransactionType.accrual	False	DEBIT	7	112603	Interest/Fee Receivable	2	MNT
46	L811	loanTransactionType.accrual	False	CREDIT	8	404000	Interest Income	2	MNT
46	L812	loanTransactionType.accrual	False	DEBIT	7	112603	Interest/Fee Receivable	1	MNT
46	L812	loanTransactionType.accrual	False	CREDIT	8	404000	Interest Income	1	MNT
46	L813	loanTransactionType.accrual	False	DEBIT	7	112603	Interest/Fee Receivable	1	MNT
46	L813	loanTransactionType.accrual	False	CREDIT	8	404000	Interest Income	1	MNT
46	L814	loanTransactionType.accrual	False	DEBIT	7	112603	Interest/Fee Receivable	1	MNT
46	L814	loanTransactionType.accrual	False	CREDIT	8	404000	Interest Income	1	MNT
46	L815	loanTransactionType.accrual	False	DEBIT	7	112603	Interest/Fee Receivable	2	MNT
46	L815	loanTransactionType.accrual	False	CREDIT	8	404000	Interest Income	2	MNT
46	L816	loanTransactionType.accrual	False	DEBIT	7	112603	Interest/Fee Receivable	1	MNT
46	L816	loanTransactionType.accrual	False	CREDIT	8	404000	Interest Income	1	MNT
46	L817	loanTransactionType.accrual	False	DEBIT	7	112603	Interest/Fee Receivable	1	MNT
46	L817	loanTransactionType.accrual	False	CREDIT	8	404000	Interest Income	1	MNT
46	L818	loanTransactionType.accrual	False	DEBIT	7	112603	Interest/Fee Receivable	1	MNT
46	L818	loanTransactionType.accrual	False	CREDIT	8	404000	Interest Income	1	MNT
46	L819	loanTransactionType.accrual	False	DEBIT	7	112603	Interest/Fee Receivable	2	MNT
46	L819	loanTransactionType.accrual	False	CREDIT	8	404000	Interest Income	2	MNT
46	L820	loanTransactionType.accrual	False	DEBIT	7	112603	Interest/Fee Receivable	1	MNT
46	L820	loanTransactionType.accrual	False	CREDIT	8	404000	Interest Income	1	MNT
46	L821	loanTransactionType.accrual	False	DEBIT	7	112603	Interest/Fee Receivable	1	MNT
46	L821	loanTransactionType.accrual	False	CREDIT	8	404000	Interest Income	1	MNT
46	L822	loanTransactionType.accrual	False	DEBIT	7	112603	Interest/Fee Receivable	2	MNT
46	L822	loanTransactionType.accrual	False	CREDIT	8	404000	Interest Income	2	MNT
46	L823	loanTransactionType.accrual	False	DEBIT	7	112603	Interest/Fee Receivable	1	MNT
46	L823	loanTransactionType.accrual	False	CREDIT	8	404000	Interest Income	1	MNT
46	L824	loanTransactionType.accrual	False	DEBIT	7	112603	Interest/Fee Receivable	1	MNT
46	L824	loanTransactionType.accrual	False	CREDIT	8	404000	Interest Income	1	MNT
46	L825	loanTransactionType.accrual	False	DEBIT	7	112603	Interest/Fee Receivable	1	MNT
46	L825	loanTransactionType.accrual	False	CREDIT	8	404000	Interest Income	1	MNT
46	L827	loanTransactionType.accrual	False	DEBIT	7	112603	Interest/Fee Receivable	1	MNT
46	L827	loanTransactionType.accrual	False	CREDIT	8	404000	Interest Income	1	MNT
46	L829	loanTransactionType.accrual	False	DEBIT	7	112603	Interest/Fee Receivable	1	MNT
46	L829	loanTransactionType.accrual	False	CREDIT	8	404000	Interest Income	1	MNT
46	L830	loanTransactionType.accrual	False	DEBIT	7	112603	Interest/Fee Receivable	1	MNT
46	L830	loanTransactionType.accrual	False	CREDIT	8	404000	Interest Income	1	MNT
46	L831	loanTransactionType.accrual	False	DEBIT	7	112603	Interest/Fee Receivable	1	MNT
46	L831	loanTransactionType.accrual	False	CREDIT	8	404000	Interest Income	1	MNT
46	L832	loanTransactionType.accrual	False	DEBIT	7	112603	Interest/Fee Receivable	1	MNT
46	L832	loanTransactionType.accrual	False	CREDIT	8	404000	Interest Income	1	MNT
46	L833	loanTransactionType.accrual	False	DEBIT	7	112603	Interest/Fee Receivable	1	MNT
46	L833	loanTransactionType.accrual	False	CREDIT	8	404000	Interest Income	1	MNT
46	L834	loanTransactionType.accrual	False	DEBIT	7	112603	Interest/Fee Receivable	1	MNT
46	L834	loanTransactionType.accrual	False	CREDIT	8	404000	Interest Income	1	MNT
46	L835	loanTransactionType.accrual	False	DEBIT	7	112603	Interest/Fee Receivable	1	MNT
46	L835	loanTransactionType.accrual	False	CREDIT	8	404000	Interest Income	1	MNT
46	L836	loanTransactionType.accrual	False	DEBIT	7	112603	Interest/Fee Receivable	1	MNT
46	L836	loanTransactionType.accrual	False	CREDIT	8	404000	Interest Income	1	MNT
46	L837	loanTransactionType.accrual	False	DEBIT	7	112603	Interest/Fee Receivable	1	MNT
46	L837	loanTransactionType.accrual	False	CREDIT	8	404000	Interest Income	1	MNT
46	L838	loanTransactionType.accrual	False	DEBIT	7	112603	Interest/Fee Receivable	1	MNT
46	L838	loanTransactionType.accrual	False	CREDIT	8	404000	Interest Income	1	MNT
46	L839	loanTransactionType.accrual	False	DEBIT	7	112603	Interest/Fee Receivable	1	MNT
46	L839	loanTransactionType.accrual	False	CREDIT	8	404000	Interest Income	1	MNT
46	L840	loanTransactionType.accrual	False	DEBIT	7	112603	Interest/Fee Receivable	1	MNT
46	L840	loanTransactionType.accrual	False	CREDIT	8	404000	Interest Income	1	MNT
46	L841	loanTransactionType.accrual	False	DEBIT	7	112603	Interest/Fee Receivable	1	MNT
46	L841	loanTransactionType.accrual	False	CREDIT	8	404000	Interest Income	1	MNT
46	L842	loanTransactionType.accrual	False	DEBIT	7	112603	Interest/Fee Receivable	1	MNT
46	L842	loanTransactionType.accrual	False	CREDIT	8	404000	Interest Income	1	MNT
46	L843	loanTransactionType.accrual	False	DEBIT	7	112603	Interest/Fee Receivable	1	MNT
46	L843	loanTransactionType.accrual	False	CREDIT	8	404000	Interest Income	1	MNT
46	L844	loanTransactionType.accrual	False	DEBIT	7	112603	Interest/Fee Receivable	1	MNT
46	L844	loanTransactionType.accrual	False	CREDIT	8	404000	Interest Income	1	MNT
46	L845	loanTransactionType.accrual	False	DEBIT	7	112603	Interest/Fee Receivable	1	MNT
46	L845	loanTransactionType.accrual	False	CREDIT	8	404000	Interest Income	1	MNT
46	L846	loanTransactionType.accrual	False	DEBIT	7	112603	Interest/Fee Receivable	1	MNT
46	L846	loanTransactionType.accrual	False	CREDIT	8	404000	Interest Income	1	MNT
46	L847	loanTransactionType.accrual	False	DEBIT	7	112603	Interest/Fee Receivable	1	MNT
46	L847	loanTransactionType.accrual	False	CREDIT	8	404000	Interest Income	1	MNT
47	L851	loanTransactionType.accrual	False	DEBIT	7	112603	Interest/Fee Receivable	38	MNT
47	L851	loanTransactionType.accrual	False	CREDIT	8	404000	Interest Income	38	MNT
47	L852	loanTransactionType.accrual	False	DEBIT	7	112603	Interest/Fee Receivable	37	MNT
47	L852	loanTransactionType.accrual	False	CREDIT	8	404000	Interest Income	37	MNT
47	L853	loanTransactionType.accrual	False	DEBIT	7	112603	Interest/Fee Receivable	38	MNT
47	L853	loanTransactionType.accrual	False	CREDIT	8	404000	Interest Income	38	MNT
47	L854	loanTransactionType.accrual	False	DEBIT	7	112603	Interest/Fee Receivable	38	MNT
47	L854	loanTransactionType.accrual	False	CREDIT	8	404000	Interest Income	38	MNT
47	L855	loanTransactionType.accrual	False	DEBIT	7	112603	Interest/Fee Receivable	37	MNT
47	L855	loanTransactionType.accrual	False	CREDIT	8	404000	Interest Income	37	MNT
47	L856	loanTransactionType.accrual	False	DEBIT	7	112603	Interest/Fee Receivable	38	MNT
47	L856	loanTransactionType.accrual	False	CREDIT	8	404000	Interest Income	38	MNT
47	L857	loanTransactionType.accrual	False	DEBIT	7	112603	Interest/Fee Receivable	37	MNT
47	L857	loanTransactionType.accrual	False	CREDIT	8	404000	Interest Income	37	MNT
47	L858	loanTransactionType.accrual	False	DEBIT	7	112603	Interest/Fee Receivable	38	MNT
47	L858	loanTransactionType.accrual	False	CREDIT	8	404000	Interest Income	38	MNT
47	L859	loanTransactionType.accrual	False	DEBIT	7	112603	Interest/Fee Receivable	38	MNT
47	L859	loanTransactionType.accrual	False	CREDIT	8	404000	Interest Income	38	MNT
47	L860	loanTransactionType.accrual	False	DEBIT	7	112603	Interest/Fee Receivable	37	MNT
47	L860	loanTransactionType.accrual	False	CREDIT	8	404000	Interest Income	37	MNT
47	L861	loanTransactionType.accrual	False	DEBIT	7	112603	Interest/Fee Receivable	38	MNT
47	L861	loanTransactionType.accrual	False	CREDIT	8	404000	Interest Income	38	MNT
47	L862	loanTransactionType.accrual	False	DEBIT	7	112603	Interest/Fee Receivable	38	MNT
47	L862	loanTransactionType.accrual	False	CREDIT	8	404000	Interest Income	38	MNT
47	L863	loanTransactionType.accrual	False	DEBIT	7	112603	Interest/Fee Receivable	37	MNT
47	L863	loanTransactionType.accrual	False	CREDIT	8	404000	Interest Income	37	MNT
47	L864	loanTransactionType.accrual	False	DEBIT	7	112603	Interest/Fee Receivable	38	MNT
47	L864	loanTransactionType.accrual	False	CREDIT	8	404000	Interest Income	38	MNT
47	L866	loanTransactionType.accrual	False	DEBIT	7	112603	Interest/Fee Receivable	31	MNT
47	L866	loanTransactionType.accrual	False	CREDIT	8	404000	Interest Income	31	MNT
47	L867	loanTransactionType.accrual	False	DEBIT	7	112603	Interest/Fee Receivable	32	MNT
47	L867	loanTransactionType.accrual	False	CREDIT	8	404000	Interest Income	32	MNT
47	L868	loanTransactionType.accrual	False	DEBIT	7	112603	Interest/Fee Receivable	31	MNT
47	L868	loanTransactionType.accrual	False	CREDIT	8	404000	Interest Income	31	MNT
47	L869	loanTransactionType.accrual	False	DEBIT	7	112603	Interest/Fee Receivable	31	MNT
47	L869	loanTransactionType.accrual	False	CREDIT	8	404000	Interest Income	31	MNT
47	L870	loanTransactionType.accrual	False	DEBIT	7	112603	Interest/Fee Receivable	32	MNT
47	L870	loanTransactionType.accrual	False	CREDIT	8	404000	Interest Income	32	MNT
47	L871	loanTransactionType.accrual	False	DEBIT	7	112603	Interest/Fee Receivable	31	MNT
47	L871	loanTransactionType.accrual	False	CREDIT	8	404000	Interest Income	31	MNT
47	L872	loanTransactionType.accrual	False	DEBIT	7	112603	Interest/Fee Receivable	31	MNT
47	L872	loanTransactionType.accrual	False	CREDIT	8	404000	Interest Income	31	MNT
47	L873	loanTransactionType.accrual	False	DEBIT	7	112603	Interest/Fee Receivable	32	MNT
47	L873	loanTransactionType.accrual	False	CREDIT	8	404000	Interest Income	32	MNT
47	L874	loanTransactionType.accrual	False	DEBIT	7	112603	Interest/Fee Receivable	31	MNT
47	L874	loanTransactionType.accrual	False	CREDIT	8	404000	Interest Income	31	MNT
47	L875	loanTransactionType.accrual	False	DEBIT	7	112603	Interest/Fee Receivable	31	MNT
47	L875	loanTransactionType.accrual	False	CREDIT	8	404000	Interest Income	31	MNT
47	L876	loanTransactionType.accrual	False	DEBIT	7	112603	Interest/Fee Receivable	32	MNT
47	L876	loanTransactionType.accrual	False	CREDIT	8	404000	Interest Income	32	MNT
47	L877	loanTransactionType.accrual	False	DEBIT	7	112603	Interest/Fee Receivable	31	MNT
47	L877	loanTransactionType.accrual	False	CREDIT	8	404000	Interest Income	31	MNT
47	L878	loanTransactionType.accrual	False	DEBIT	7	112603	Interest/Fee Receivable	31	MNT
47	L878	loanTransactionType.accrual	False	CREDIT	8	404000	Interest Income	31	MNT
47	L879	loanTransactionType.accrual	False	DEBIT	7	112603	Interest/Fee Receivable	32	MNT
47	L879	loanTransactionType.accrual	False	CREDIT	8	404000	Interest Income	32	MNT
47	L880	loanTransactionType.accrual	False	DEBIT	7	112603	Interest/Fee Receivable	31	MNT
47	L880	loanTransactionType.accrual	False	CREDIT	8	404000	Interest Income	31	MNT
47	L881	loanTransactionType.accrual	False	DEBIT	7	112603	Interest/Fee Receivable	31	MNT
47	L881	loanTransactionType.accrual	False	CREDIT	8	404000	Interest Income	31	MNT
47	L882	loanTransactionType.accrual	False	DEBIT	7	112603	Interest/Fee Receivable	32	MNT
47	L882	loanTransactionType.accrual	False	CREDIT	8	404000	Interest Income	32	MNT
47	L883	loanTransactionType.accrual	False	DEBIT	7	112603	Interest/Fee Receivable	33	MNT
47	L883	loanTransactionType.accrual	False	CREDIT	8	404000	Interest Income	33	MNT
47	L885	loanTransactionType.accrual	False	DEBIT	7	112603	Interest/Fee Receivable	34	MNT
47	L885	loanTransactionType.accrual	False	CREDIT	8	404000	Interest Income	34	MNT
47	L886	loanTransactionType.accrual	False	DEBIT	7	112603	Interest/Fee Receivable	33	MNT
47	L886	loanTransactionType.accrual	False	CREDIT	8	404000	Interest Income	33	MNT
47	L887	loanTransactionType.accrual	False	DEBIT	7	112603	Interest/Fee Receivable	34	MNT
47	L887	loanTransactionType.accrual	False	CREDIT	8	404000	Interest Income	34	MNT
47	L888	loanTransactionType.accrual	False	DEBIT	7	112603	Interest/Fee Receivable	33	MNT
47	L888	loanTransactionType.accrual	False	CREDIT	8	404000	Interest Income	33	MNT
47	L889	loanTransactionType.accrual	False	DEBIT	7	112603	Interest/Fee Receivable	34	MNT
47	L889	loanTransactionType.accrual	False	CREDIT	8	404000	Interest Income	34	MNT
47	L890	loanTransactionType.accrual	False	DEBIT	7	112603	Interest/Fee Receivable	33	MNT
47	L890	loanTransactionType.accrual	False	CREDIT	8	404000	Interest Income	33	MNT
47	L891	loanTransactionType.accrual	False	DEBIT	7	112603	Interest/Fee Receivable	34	MNT
47	L891	loanTransactionType.accrual	False	CREDIT	8	404000	Interest Income	34	MNT
47	L892	loanTransactionType.accrual	False	DEBIT	7	112603	Interest/Fee Receivable	33	MNT
47	L892	loanTransactionType.accrual	False	CREDIT	8	404000	Interest Income	33	MNT
47	L893	loanTransactionType.accrual	False	DEBIT	7	112603	Interest/Fee Receivable	34	MNT
47	L893	loanTransactionType.accrual	False	CREDIT	8	404000	Interest Income	34	MNT
47	L894	loanTransactionType.accrual	False	DEBIT	7	112603	Interest/Fee Receivable	33	MNT
47	L894	loanTransactionType.accrual	False	CREDIT	8	404000	Interest Income	33	MNT
47	L895	loanTransactionType.accrual	False	DEBIT	7	112603	Interest/Fee Receivable	34	MNT
47	L895	loanTransactionType.accrual	False	CREDIT	8	404000	Interest Income	34	MNT
47	L896	loanTransactionType.accrual	False	DEBIT	7	112603	Interest/Fee Receivable	33	MNT
47	L896	loanTransactionType.accrual	False	CREDIT	8	404000	Interest Income	33	MNT
47	L897	loanTransactionType.accrual	False	DEBIT	7	112603	Interest/Fee Receivable	34	MNT
47	L897	loanTransactionType.accrual	False	CREDIT	8	404000	Interest Income	34	MNT
47	L898	loanTransactionType.accrual	False	DEBIT	7	112603	Interest/Fee Receivable	33	MNT
47	L898	loanTransactionType.accrual	False	CREDIT	8	404000	Interest Income	33	MNT
47	L899	loanTransactionType.accrual	False	DEBIT	7	112603	Interest/Fee Receivable	34	MNT
47	L899	loanTransactionType.accrual	False	CREDIT	8	404000	Interest Income	34	MNT
47	L900	loanTransactionType.accrual	False	DEBIT	7	112603	Interest/Fee Receivable	33	MNT
47	L900	loanTransactionType.accrual	False	CREDIT	8	404000	Interest Income	33	MNT
47	L901	loanTransactionType.accrual	False	DEBIT	7	112603	Interest/Fee Receivable	34	MNT
47	L901	loanTransactionType.accrual	False	CREDIT	8	404000	Interest Income	34	MNT
47	L902	loanTransactionType.accrual	False	DEBIT	7	112603	Interest/Fee Receivable	33	MNT
47	L902	loanTransactionType.accrual	False	CREDIT	8	404000	Interest Income	33	MNT
47	L903	loanTransactionType.accrual	False	DEBIT	7	112603	Interest/Fee Receivable	34	MNT
47	L903	loanTransactionType.accrual	False	CREDIT	8	404000	Interest Income	34	MNT
47	L904	loanTransactionType.accrual	False	DEBIT	7	112603	Interest/Fee Receivable	33	MNT
47	L904	loanTransactionType.accrual	False	CREDIT	8	404000	Interest Income	33	MNT
47	L905	loanTransactionType.accrual	False	DEBIT	7	112603	Interest/Fee Receivable	34	MNT
47	L905	loanTransactionType.accrual	False	CREDIT	8	404000	Interest Income	34	MNT
47	L906	loanTransactionType.accrual	False	DEBIT	7	112603	Interest/Fee Receivable	33	MNT
47	L906	loanTransactionType.accrual	False	CREDIT	8	404000	Interest Income	33	MNT
47	L907	loanTransactionType.accrual	False	DEBIT	7	112603	Interest/Fee Receivable	34	MNT
47	L907	loanTransactionType.accrual	False	CREDIT	8	404000	Interest Income	34	MNT
47	L908	loanTransactionType.accrual	False	DEBIT	7	112603	Interest/Fee Receivable	33	MNT
47	L908	loanTransactionType.accrual	False	CREDIT	8	404000	Interest Income	33	MNT
47	L909	loanTransactionType.accrual	False	DEBIT	7	112603	Interest/Fee Receivable	34	MNT
47	L909	loanTransactionType.accrual	False	CREDIT	8	404000	Interest Income	34	MNT
47	L910	loanTransactionType.accrual	False	DEBIT	7	112603	Interest/Fee Receivable	33	MNT
47	L910	loanTransactionType.accrual	False	CREDIT	8	404000	Interest Income	33	MNT
47	L911	loanTransactionType.accrual	False	DEBIT	7	112603	Interest/Fee Receivable	34	MNT
47	L911	loanTransactionType.accrual	False	CREDIT	8	404000	Interest Income	34	MNT
47	L912	loanTransactionType.accrual	False	DEBIT	7	112603	Interest/Fee Receivable	33	MNT
47	L912	loanTransactionType.accrual	False	CREDIT	8	404000	Interest Income	33	MNT
47	L914	loanTransactionType.accrual	False	DEBIT	7	112603	Interest/Fee Receivable	25	MNT
47	L914	loanTransactionType.accrual	False	CREDIT	8	404000	Interest Income	25	MNT
47	L916	loanTransactionType.accrual	False	DEBIT	7	112603	Interest/Fee Receivable	25	MNT
47	L916	loanTransactionType.accrual	False	CREDIT	8	404000	Interest Income	25	MNT
47	L917	loanTransactionType.accrual	False	DEBIT	7	112603	Interest/Fee Receivable	26	MNT
47	L917	loanTransactionType.accrual	False	CREDIT	8	404000	Interest Income	26	MNT
47	L918	loanTransactionType.accrual	False	DEBIT	7	112603	Interest/Fee Receivable	25	MNT
47	L918	loanTransactionType.accrual	False	CREDIT	8	404000	Interest Income	25	MNT
47	L919	loanTransactionType.accrual	False	DEBIT	7	112603	Interest/Fee Receivable	25	MNT
47	L919	loanTransactionType.accrual	False	CREDIT	8	404000	Interest Income	25	MNT
47	L920	loanTransactionType.accrual	False	DEBIT	7	112603	Interest/Fee Receivable	25	MNT
47	L920	loanTransactionType.accrual	False	CREDIT	8	404000	Interest Income	25	MNT
47	L921	loanTransactionType.accrual	False	DEBIT	7	112603	Interest/Fee Receivable	26	MNT
47	L921	loanTransactionType.accrual	False	CREDIT	8	404000	Interest Income	26	MNT
47	L922	loanTransactionType.accrual	False	DEBIT	7	112603	Interest/Fee Receivable	25	MNT
47	L922	loanTransactionType.accrual	False	CREDIT	8	404000	Interest Income	25	MNT
47	L923	loanTransactionType.accrual	False	DEBIT	7	112603	Interest/Fee Receivable	25	MNT
47	L923	loanTransactionType.accrual	False	CREDIT	8	404000	Interest Income	25	MNT
47	L924	loanTransactionType.accrual	False	DEBIT	7	112603	Interest/Fee Receivable	25	MNT
47	L924	loanTransactionType.accrual	False	CREDIT	8	404000	Interest Income	25	MNT
47	L925	loanTransactionType.accrual	False	DEBIT	7	112603	Interest/Fee Receivable	25	MNT
47	L925	loanTransactionType.accrual	False	CREDIT	8	404000	Interest Income	25	MNT
47	L926	loanTransactionType.accrual	False	DEBIT	7	112603	Interest/Fee Receivable	26	MNT
47	L926	loanTransactionType.accrual	False	CREDIT	8	404000	Interest Income	26	MNT
47	L927	loanTransactionType.accrual	False	DEBIT	7	112603	Interest/Fee Receivable	25	MNT
47	L927	loanTransactionType.accrual	False	CREDIT	8	404000	Interest Income	25	MNT
47	L928	loanTransactionType.accrual	False	DEBIT	7	112603	Interest/Fee Receivable	25	MNT
47	L928	loanTransactionType.accrual	False	CREDIT	8	404000	Interest Income	25	MNT
47	L929	loanTransactionType.accrual	False	DEBIT	7	112603	Interest/Fee Receivable	25	MNT
47	L929	loanTransactionType.accrual	False	CREDIT	8	404000	Interest Income	25	MNT
47	L930	loanTransactionType.accrual	False	DEBIT	7	112603	Interest/Fee Receivable	25	MNT
47	L930	loanTransactionType.accrual	False	CREDIT	8	404000	Interest Income	25	MNT
47	L931	loanTransactionType.accrual	False	DEBIT	7	112603	Interest/Fee Receivable	26	MNT
47	L931	loanTransactionType.accrual	False	CREDIT	8	404000	Interest Income	26	MNT
47	L932	loanTransactionType.accrual	False	DEBIT	7	112603	Interest/Fee Receivable	25	MNT
47	L932	loanTransactionType.accrual	False	CREDIT	8	404000	Interest Income	25	MNT
47	L933	loanTransactionType.accrual	False	DEBIT	7	112603	Interest/Fee Receivable	25	MNT
47	L933	loanTransactionType.accrual	False	CREDIT	8	404000	Interest Income	25	MNT
47	L934	loanTransactionType.accrual	False	DEBIT	7	112603	Interest/Fee Receivable	25	MNT
47	L934	loanTransactionType.accrual	False	CREDIT	8	404000	Interest Income	25	MNT
47	L935	loanTransactionType.accrual	False	DEBIT	7	112603	Interest/Fee Receivable	26	MNT
47	L935	loanTransactionType.accrual	False	CREDIT	8	404000	Interest Income	26	MNT
47	L936	loanTransactionType.accrual	False	DEBIT	7	112603	Interest/Fee Receivable	25	MNT
47	L936	loanTransactionType.accrual	False	CREDIT	8	404000	Interest Income	25	MNT
47	L937	loanTransactionType.accrual	False	DEBIT	7	112603	Interest/Fee Receivable	25	MNT
47	L937	loanTransactionType.accrual	False	CREDIT	8	404000	Interest Income	25	MNT
47	L938	loanTransactionType.accrual	False	DEBIT	7	112603	Interest/Fee Receivable	25	MNT
47	L938	loanTransactionType.accrual	False	CREDIT	8	404000	Interest Income	25	MNT
47	L939	loanTransactionType.accrual	False	DEBIT	7	112603	Interest/Fee Receivable	25	MNT
47	L939	loanTransactionType.accrual	False	CREDIT	8	404000	Interest Income	25	MNT
47	L940	loanTransactionType.accrual	False	DEBIT	7	112603	Interest/Fee Receivable	26	MNT
47	L940	loanTransactionType.accrual	False	CREDIT	8	404000	Interest Income	26	MNT
47	L941	loanTransactionType.accrual	False	DEBIT	7	112603	Interest/Fee Receivable	25	MNT
47	L941	loanTransactionType.accrual	False	CREDIT	8	404000	Interest Income	25	MNT
47	L942	loanTransactionType.accrual	False	DEBIT	7	112603	Interest/Fee Receivable	25	MNT
47	L942	loanTransactionType.accrual	False	CREDIT	8	404000	Interest Income	25	MNT
47	L943	loanTransactionType.accrual	False	DEBIT	7	112603	Interest/Fee Receivable	25	MNT
47	L943	loanTransactionType.accrual	False	CREDIT	8	404000	Interest Income	25	MNT
47	L944	loanTransactionType.accrual	False	DEBIT	7	112603	Interest/Fee Receivable	25	MNT
47	L944	loanTransactionType.accrual	False	CREDIT	8	404000	Interest Income	25	MNT
47	L945	loanTransactionType.accrual	False	DEBIT	7	112603	Interest/Fee Receivable	26	MNT
47	L945	loanTransactionType.accrual	False	CREDIT	8	404000	Interest Income	26	MNT
47	L947	loanTransactionType.accrual	False	DEBIT	7	112603	Interest/Fee Receivable	20	MNT
47	L947	loanTransactionType.accrual	False	CREDIT	8	404000	Interest Income	20	MNT
47	L949	loanTransactionType.accrual	False	DEBIT	7	112603	Interest/Fee Receivable	19	MNT
47	L949	loanTransactionType.accrual	False	CREDIT	8	404000	Interest Income	19	MNT
47	L950	loanTransactionType.accrual	False	DEBIT	7	112603	Interest/Fee Receivable	20	MNT
47	L950	loanTransactionType.accrual	False	CREDIT	8	404000	Interest Income	20	MNT
47	L951	loanTransactionType.accrual	False	DEBIT	7	112603	Interest/Fee Receivable	19	MNT
47	L951	loanTransactionType.accrual	False	CREDIT	8	404000	Interest Income	19	MNT
47	L952	loanTransactionType.accrual	False	DEBIT	7	112603	Interest/Fee Receivable	20	MNT
47	L952	loanTransactionType.accrual	False	CREDIT	8	404000	Interest Income	20	MNT
47	L953	loanTransactionType.accrual	False	DEBIT	7	112603	Interest/Fee Receivable	20	MNT
47	L953	loanTransactionType.accrual	False	CREDIT	8	404000	Interest Income	20	MNT
47	L954	loanTransactionType.accrual	False	DEBIT	7	112603	Interest/Fee Receivable	19	MNT
47	L954	loanTransactionType.accrual	False	CREDIT	8	404000	Interest Income	19	MNT
47	L955	loanTransactionType.accrual	False	DEBIT	7	112603	Interest/Fee Receivable	20	MNT
47	L955	loanTransactionType.accrual	False	CREDIT	8	404000	Interest Income	20	MNT
47	L956	loanTransactionType.accrual	False	DEBIT	7	112603	Interest/Fee Receivable	19	MNT
47	L956	loanTransactionType.accrual	False	CREDIT	8	404000	Interest Income	19	MNT
47	L957	loanTransactionType.accrual	False	DEBIT	7	112603	Interest/Fee Receivable	20	MNT
47	L957	loanTransactionType.accrual	False	CREDIT	8	404000	Interest Income	20	MNT
47	L958	loanTransactionType.accrual	False	DEBIT	7	112603	Interest/Fee Receivable	20	MNT
47	L958	loanTransactionType.accrual	False	CREDIT	8	404000	Interest Income	20	MNT
47	L959	loanTransactionType.accrual	False	DEBIT	7	112603	Interest/Fee Receivable	19	MNT
47	L959	loanTransactionType.accrual	False	CREDIT	8	404000	Interest Income	19	MNT
47	L960	loanTransactionType.accrual	False	DEBIT	7	112603	Interest/Fee Receivable	20	MNT
47	L960	loanTransactionType.accrual	False	CREDIT	8	404000	Interest Income	20	MNT
47	L961	loanTransactionType.accrual	False	DEBIT	7	112603	Interest/Fee Receivable	19	MNT
47	L961	loanTransactionType.accrual	False	CREDIT	8	404000	Interest Income	19	MNT
47	L962	loanTransactionType.accrual	False	DEBIT	7	112603	Interest/Fee Receivable	20	MNT
47	L962	loanTransactionType.accrual	False	CREDIT	8	404000	Interest Income	20	MNT
47	L963	loanTransactionType.accrual	False	DEBIT	7	112603	Interest/Fee Receivable	19	MNT
47	L963	loanTransactionType.accrual	False	CREDIT	8	404000	Interest Income	19	MNT
47	L964	loanTransactionType.accrual	False	DEBIT	7	112603	Interest/Fee Receivable	20	MNT
47	L964	loanTransactionType.accrual	False	CREDIT	8	404000	Interest Income	20	MNT
47	L965	loanTransactionType.accrual	False	DEBIT	7	112603	Interest/Fee Receivable	20	MNT
47	L965	loanTransactionType.accrual	False	CREDIT	8	404000	Interest Income	20	MNT
47	L966	loanTransactionType.accrual	False	DEBIT	7	112603	Interest/Fee Receivable	19	MNT
47	L966	loanTransactionType.accrual	False	CREDIT	8	404000	Interest Income	19	MNT
47	L967	loanTransactionType.accrual	False	DEBIT	7	112603	Interest/Fee Receivable	20	MNT
47	L967	loanTransactionType.accrual	False	CREDIT	8	404000	Interest Income	20	MNT
47	L968	loanTransactionType.accrual	False	DEBIT	7	112603	Interest/Fee Receivable	19	MNT
47	L968	loanTransactionType.accrual	False	CREDIT	8	404000	Interest Income	19	MNT
47	L969	loanTransactionType.accrual	False	DEBIT	7	112603	Interest/Fee Receivable	20	MNT
47	L969	loanTransactionType.accrual	False	CREDIT	8	404000	Interest Income	20	MNT
47	L970	loanTransactionType.accrual	False	DEBIT	7	112603	Interest/Fee Receivable	20	MNT
47	L970	loanTransactionType.accrual	False	CREDIT	8	404000	Interest Income	20	MNT
47	L971	loanTransactionType.accrual	False	DEBIT	7	112603	Interest/Fee Receivable	19	MNT
47	L971	loanTransactionType.accrual	False	CREDIT	8	404000	Interest Income	19	MNT
47	L972	loanTransactionType.accrual	False	DEBIT	7	112603	Interest/Fee Receivable	20	MNT
47	L972	loanTransactionType.accrual	False	CREDIT	8	404000	Interest Income	20	MNT
47	L973	loanTransactionType.accrual	False	DEBIT	7	112603	Interest/Fee Receivable	19	MNT
47	L973	loanTransactionType.accrual	False	CREDIT	8	404000	Interest Income	19	MNT
47	L974	loanTransactionType.accrual	False	DEBIT	7	112603	Interest/Fee Receivable	20	MNT
47	L974	loanTransactionType.accrual	False	CREDIT	8	404000	Interest Income	20	MNT
47	L975	loanTransactionType.accrual	False	DEBIT	7	112603	Interest/Fee Receivable	20	MNT
47	L975	loanTransactionType.accrual	False	CREDIT	8	404000	Interest Income	20	MNT
47	L976	loanTransactionType.accrual	False	DEBIT	7	112603	Interest/Fee Receivable	19	MNT
47	L976	loanTransactionType.accrual	False	CREDIT	8	404000	Interest Income	19	MNT
47	L977	loanTransactionType.accrual	False	DEBIT	7	112603	Interest/Fee Receivable	20	MNT
47	L977	loanTransactionType.accrual	False	CREDIT	8	404000	Interest Income	20	MNT
47	L979	loanTransactionType.accrual	False	DEBIT	7	112603	Interest/Fee Receivable	13	MNT
47	L979	loanTransactionType.accrual	False	CREDIT	8	404000	Interest Income	13	MNT
47	L981	loanTransactionType.accrual	False	DEBIT	7	112603	Interest/Fee Receivable	12	MNT
47	L981	loanTransactionType.accrual	False	CREDIT	8	404000	Interest Income	12	MNT
47	L982	loanTransactionType.accrual	False	DEBIT	7	112603	Interest/Fee Receivable	13	MNT
47	L982	loanTransactionType.accrual	False	CREDIT	8	404000	Interest Income	13	MNT
47	L983	loanTransactionType.accrual	False	DEBIT	7	112603	Interest/Fee Receivable	13	MNT
47	L983	loanTransactionType.accrual	False	CREDIT	8	404000	Interest Income	13	MNT
47	L984	loanTransactionType.accrual	False	DEBIT	7	112603	Interest/Fee Receivable	12	MNT
47	L984	loanTransactionType.accrual	False	CREDIT	8	404000	Interest Income	12	MNT
47	L985	loanTransactionType.accrual	False	DEBIT	7	112603	Interest/Fee Receivable	13	MNT
47	L985	loanTransactionType.accrual	False	CREDIT	8	404000	Interest Income	13	MNT
47	L986	loanTransactionType.accrual	False	DEBIT	7	112603	Interest/Fee Receivable	13	MNT
47	L986	loanTransactionType.accrual	False	CREDIT	8	404000	Interest Income	13	MNT
47	L987	loanTransactionType.accrual	False	DEBIT	7	112603	Interest/Fee Receivable	12	MNT
47	L987	loanTransactionType.accrual	False	CREDIT	8	404000	Interest Income	12	MNT
47	L988	loanTransactionType.accrual	False	DEBIT	7	112603	Interest/Fee Receivable	13	MNT
47	L988	loanTransactionType.accrual	False	CREDIT	8	404000	Interest Income	13	MNT
47	L989	loanTransactionType.accrual	False	DEBIT	7	112603	Interest/Fee Receivable	13	MNT
47	L989	loanTransactionType.accrual	False	CREDIT	8	404000	Interest Income	13	MNT
47	L990	loanTransactionType.accrual	False	DEBIT	7	112603	Interest/Fee Receivable	12	MNT
47	L990	loanTransactionType.accrual	False	CREDIT	8	404000	Interest Income	12	MNT
47	L991	loanTransactionType.accrual	False	DEBIT	7	112603	Interest/Fee Receivable	13	MNT
47	L991	loanTransactionType.accrual	False	CREDIT	8	404000	Interest Income	13	MNT
47	L992	loanTransactionType.accrual	False	DEBIT	7	112603	Interest/Fee Receivable	13	MNT
47	L992	loanTransactionType.accrual	False	CREDIT	8	404000	Interest Income	13	MNT
47	L993	loanTransactionType.accrual	False	DEBIT	7	112603	Interest/Fee Receivable	12	MNT
47	L993	loanTransactionType.accrual	False	CREDIT	8	404000	Interest Income	12	MNT
47	L994	loanTransactionType.accrual	False	DEBIT	7	112603	Interest/Fee Receivable	13	MNT
47	L994	loanTransactionType.accrual	False	CREDIT	8	404000	Interest Income	13	MNT
47	L995	loanTransactionType.accrual	False	DEBIT	7	112603	Interest/Fee Receivable	13	MNT
47	L995	loanTransactionType.accrual	False	CREDIT	8	404000	Interest Income	13	MNT
47	L996	loanTransactionType.accrual	False	DEBIT	7	112603	Interest/Fee Receivable	12	MNT
47	L996	loanTransactionType.accrual	False	CREDIT	8	404000	Interest Income	12	MNT
47	L997	loanTransactionType.accrual	False	DEBIT	7	112603	Interest/Fee Receivable	13	MNT
47	L997	loanTransactionType.accrual	False	CREDIT	8	404000	Interest Income	13	MNT
47	L998	loanTransactionType.accrual	False	DEBIT	7	112603	Interest/Fee Receivable	13	MNT
47	L998	loanTransactionType.accrual	False	CREDIT	8	404000	Interest Income	13	MNT
47	L999	loanTransactionType.accrual	False	DEBIT	7	112603	Interest/Fee Receivable	12	MNT
47	L999	loanTransactionType.accrual	False	CREDIT	8	404000	Interest Income	12	MNT
47	L1000	loanTransactionType.accrual	False	DEBIT	7	112603	Interest/Fee Receivable	13	MNT
47	L1000	loanTransactionType.accrual	False	CREDIT	8	404000	Interest Income	13	MNT
47	L1001	loanTransactionType.accrual	False	DEBIT	7	112603	Interest/Fee Receivable	13	MNT
47	L1001	loanTransactionType.accrual	False	CREDIT	8	404000	Interest Income	13	MNT
47	L1002	loanTransactionType.accrual	False	DEBIT	7	112603	Interest/Fee Receivable	12	MNT
47	L1002	loanTransactionType.accrual	False	CREDIT	8	404000	Interest Income	12	MNT
47	L1003	loanTransactionType.accrual	False	DEBIT	7	112603	Interest/Fee Receivable	13	MNT
47	L1003	loanTransactionType.accrual	False	CREDIT	8	404000	Interest Income	13	MNT
47	L1004	loanTransactionType.accrual	False	DEBIT	7	112603	Interest/Fee Receivable	13	MNT
47	L1004	loanTransactionType.accrual	False	CREDIT	8	404000	Interest Income	13	MNT
47	L1005	loanTransactionType.accrual	False	DEBIT	7	112603	Interest/Fee Receivable	12	MNT
47	L1005	loanTransactionType.accrual	False	CREDIT	8	404000	Interest Income	12	MNT
47	L1006	loanTransactionType.accrual	False	DEBIT	7	112603	Interest/Fee Receivable	13	MNT
47	L1006	loanTransactionType.accrual	False	CREDIT	8	404000	Interest Income	13	MNT
47	L1007	loanTransactionType.accrual	False	DEBIT	7	112603	Interest/Fee Receivable	13	MNT
47	L1007	loanTransactionType.accrual	False	CREDIT	8	404000	Interest Income	13	MNT
47	L1008	loanTransactionType.accrual	False	DEBIT	7	112603	Interest/Fee Receivable	12	MNT
47	L1008	loanTransactionType.accrual	False	CREDIT	8	404000	Interest Income	12	MNT
47	L1009	loanTransactionType.accrual	False	DEBIT	7	112603	Interest/Fee Receivable	13	MNT
47	L1009	loanTransactionType.accrual	False	CREDIT	8	404000	Interest Income	13	MNT
47	L1010	loanTransactionType.accrual	False	DEBIT	7	112603	Interest/Fee Receivable	13	MNT
47	L1010	loanTransactionType.accrual	False	CREDIT	8	404000	Interest Income	13	MNT
47	L1012	loanTransactionType.accrual	False	DEBIT	7	112603	Interest/Fee Receivable	7	MNT
47	L1012	loanTransactionType.accrual	False	CREDIT	8	404000	Interest Income	7	MNT
47	L1014	loanTransactionType.accrual	False	DEBIT	7	112603	Interest/Fee Receivable	6	MNT
47	L1014	loanTransactionType.accrual	False	CREDIT	8	404000	Interest Income	6	MNT
47	L1015	loanTransactionType.accrual	False	DEBIT	7	112603	Interest/Fee Receivable	7	MNT
47	L1015	loanTransactionType.accrual	False	CREDIT	8	404000	Interest Income	7	MNT
47	L1016	loanTransactionType.accrual	False	DEBIT	7	112603	Interest/Fee Receivable	6	MNT
47	L1016	loanTransactionType.accrual	False	CREDIT	8	404000	Interest Income	6	MNT
47	L1017	loanTransactionType.accrual	False	DEBIT	7	112603	Interest/Fee Receivable	7	MNT
47	L1017	loanTransactionType.accrual	False	CREDIT	8	404000	Interest Income	7	MNT
47	L1018	loanTransactionType.accrual	False	DEBIT	7	112603	Interest/Fee Receivable	6	MNT
47	L1018	loanTransactionType.accrual	False	CREDIT	8	404000	Interest Income	6	MNT
47	L1019	loanTransactionType.accrual	False	DEBIT	7	112603	Interest/Fee Receivable	7	MNT
47	L1019	loanTransactionType.accrual	False	CREDIT	8	404000	Interest Income	7	MNT
47	L1020	loanTransactionType.accrual	False	DEBIT	7	112603	Interest/Fee Receivable	6	MNT
47	L1020	loanTransactionType.accrual	False	CREDIT	8	404000	Interest Income	6	MNT
47	L1021	loanTransactionType.accrual	False	DEBIT	7	112603	Interest/Fee Receivable	7	MNT
47	L1021	loanTransactionType.accrual	False	CREDIT	8	404000	Interest Income	7	MNT
47	L1022	loanTransactionType.accrual	False	DEBIT	7	112603	Interest/Fee Receivable	7	MNT
47	L1022	loanTransactionType.accrual	False	CREDIT	8	404000	Interest Income	7	MNT
47	L1023	loanTransactionType.accrual	False	DEBIT	7	112603	Interest/Fee Receivable	6	MNT
47	L1023	loanTransactionType.accrual	False	CREDIT	8	404000	Interest Income	6	MNT
47	L1024	loanTransactionType.accrual	False	DEBIT	7	112603	Interest/Fee Receivable	7	MNT
47	L1024	loanTransactionType.accrual	False	CREDIT	8	404000	Interest Income	7	MNT
47	L1025	loanTransactionType.accrual	False	DEBIT	7	112603	Interest/Fee Receivable	6	MNT
47	L1025	loanTransactionType.accrual	False	CREDIT	8	404000	Interest Income	6	MNT
47	L1026	loanTransactionType.accrual	False	DEBIT	7	112603	Interest/Fee Receivable	7	MNT
47	L1026	loanTransactionType.accrual	False	CREDIT	8	404000	Interest Income	7	MNT
47	L1027	loanTransactionType.accrual	False	DEBIT	7	112603	Interest/Fee Receivable	6	MNT
47	L1027	loanTransactionType.accrual	False	CREDIT	8	404000	Interest Income	6	MNT
47	L1028	loanTransactionType.accrual	False	DEBIT	7	112603	Interest/Fee Receivable	7	MNT
47	L1028	loanTransactionType.accrual	False	CREDIT	8	404000	Interest Income	7	MNT
47	L1029	loanTransactionType.accrual	False	DEBIT	7	112603	Interest/Fee Receivable	6	MNT
47	L1029	loanTransactionType.accrual	False	CREDIT	8	404000	Interest Income	6	MNT
47	L1030	loanTransactionType.accrual	False	DEBIT	7	112603	Interest/Fee Receivable	7	MNT
47	L1030	loanTransactionType.accrual	False	CREDIT	8	404000	Interest Income	7	MNT
47	L1031	loanTransactionType.accrual	False	DEBIT	7	112603	Interest/Fee Receivable	7	MNT
47	L1031	loanTransactionType.accrual	False	CREDIT	8	404000	Interest Income	7	MNT
47	L1032	loanTransactionType.accrual	False	DEBIT	7	112603	Interest/Fee Receivable	6	MNT
47	L1032	loanTransactionType.accrual	False	CREDIT	8	404000	Interest Income	6	MNT
47	L1033	loanTransactionType.accrual	False	DEBIT	7	112603	Interest/Fee Receivable	7	MNT
47	L1033	loanTransactionType.accrual	False	CREDIT	8	404000	Interest Income	7	MNT
47	L1034	loanTransactionType.accrual	False	DEBIT	7	112603	Interest/Fee Receivable	6	MNT
47	L1034	loanTransactionType.accrual	False	CREDIT	8	404000	Interest Income	6	MNT
47	L1035	loanTransactionType.accrual	False	DEBIT	7	112603	Interest/Fee Receivable	7	MNT
47	L1035	loanTransactionType.accrual	False	CREDIT	8	404000	Interest Income	7	MNT
47	L1036	loanTransactionType.accrual	False	DEBIT	7	112603	Interest/Fee Receivable	6	MNT
47	L1036	loanTransactionType.accrual	False	CREDIT	8	404000	Interest Income	6	MNT
47	L1037	loanTransactionType.accrual	False	DEBIT	7	112603	Interest/Fee Receivable	7	MNT
47	L1037	loanTransactionType.accrual	False	CREDIT	8	404000	Interest Income	7	MNT
47	L1038	loanTransactionType.accrual	False	DEBIT	7	112603	Interest/Fee Receivable	6	MNT
47	L1038	loanTransactionType.accrual	False	CREDIT	8	404000	Interest Income	6	MNT
47	L1039	loanTransactionType.accrual	False	DEBIT	7	112603	Interest/Fee Receivable	7	MNT
47	L1039	loanTransactionType.accrual	False	CREDIT	8	404000	Interest Income	7	MNT
47	L1040	loanTransactionType.accrual	False	DEBIT	7	112603	Interest/Fee Receivable	7	MNT
47	L1040	loanTransactionType.accrual	False	CREDIT	8	404000	Interest Income	7	MNT
47	L1041	loanTransactionType.accrual	False	DEBIT	7	112603	Interest/Fee Receivable	6	MNT
47	L1041	loanTransactionType.accrual	False	CREDIT	8	404000	Interest Income	6	MNT
47	L1042	loanTransactionType.accrual	False	DEBIT	7	112603	Interest/Fee Receivable	7	MNT
47	L1042	loanTransactionType.accrual	False	CREDIT	8	404000	Interest Income	7	MNT
48	L1047	loanTransactionType.accrual	False	DEBIT	7	112603	Interest/Fee Receivable	31	MNT
48	L1047	loanTransactionType.accrual	False	CREDIT	8	404000	Interest Income	31	MNT
48	L1048	loanTransactionType.accrual	False	DEBIT	7	112603	Interest/Fee Receivable	31	MNT
48	L1048	loanTransactionType.accrual	False	CREDIT	8	404000	Interest Income	31	MNT
48	L1049	loanTransactionType.accrual	False	DEBIT	7	112603	Interest/Fee Receivable	32	MNT
48	L1049	loanTransactionType.accrual	False	CREDIT	8	404000	Interest Income	32	MNT
48	L1050	loanTransactionType.accrual	False	DEBIT	7	112603	Interest/Fee Receivable	31	MNT
48	L1050	loanTransactionType.accrual	False	CREDIT	8	404000	Interest Income	31	MNT
48	L1051	loanTransactionType.accrual	False	DEBIT	7	112603	Interest/Fee Receivable	31	MNT
48	L1051	loanTransactionType.accrual	False	CREDIT	8	404000	Interest Income	31	MNT
48	L1052	loanTransactionType.accrual	False	DEBIT	7	112603	Interest/Fee Receivable	31	MNT
48	L1052	loanTransactionType.accrual	False	CREDIT	8	404000	Interest Income	31	MNT
48	L1053	loanTransactionType.accrual	False	DEBIT	7	112603	Interest/Fee Receivable	32	MNT
48	L1053	loanTransactionType.accrual	False	CREDIT	8	404000	Interest Income	32	MNT
48	L1054	loanTransactionType.accrual	False	DEBIT	7	112603	Interest/Fee Receivable	31	MNT
48	L1054	loanTransactionType.accrual	False	CREDIT	8	404000	Interest Income	31	MNT
48	L1055	loanTransactionType.accrual	False	DEBIT	7	112603	Interest/Fee Receivable	31	MNT
48	L1055	loanTransactionType.accrual	False	CREDIT	8	404000	Interest Income	31	MNT
48	L1056	loanTransactionType.accrual	False	DEBIT	7	112603	Interest/Fee Receivable	31	MNT
48	L1056	loanTransactionType.accrual	False	CREDIT	8	404000	Interest Income	31	MNT
48	L1057	loanTransactionType.accrual	False	DEBIT	7	112603	Interest/Fee Receivable	32	MNT
48	L1057	loanTransactionType.accrual	False	CREDIT	8	404000	Interest Income	32	MNT
48	L1058	loanTransactionType.accrual	False	DEBIT	7	112603	Interest/Fee Receivable	31	MNT
48	L1058	loanTransactionType.accrual	False	CREDIT	8	404000	Interest Income	31	MNT
48	L1059	loanTransactionType.accrual	False	DEBIT	7	112603	Interest/Fee Receivable	31	MNT
48	L1059	loanTransactionType.accrual	False	CREDIT	8	404000	Interest Income	31	MNT
48	L1060	loanTransactionType.accrual	False	DEBIT	7	112603	Interest/Fee Receivable	31	MNT
48	L1060	loanTransactionType.accrual	False	CREDIT	8	404000	Interest Income	31	MNT
48	L1061	loanTransactionType.accrual	False	DEBIT	7	112603	Interest/Fee Receivable	32	MNT
48	L1061	loanTransactionType.accrual	False	CREDIT	8	404000	Interest Income	32	MNT
48	L1062	loanTransactionType.accrual	False	DEBIT	7	112603	Interest/Fee Receivable	31	MNT
48	L1062	loanTransactionType.accrual	False	CREDIT	8	404000	Interest Income	31	MNT
48	L1063	loanTransactionType.accrual	False	DEBIT	7	112603	Interest/Fee Receivable	31	MNT
48	L1063	loanTransactionType.accrual	False	CREDIT	8	404000	Interest Income	31	MNT
48	L1064	loanTransactionType.accrual	False	DEBIT	7	112603	Interest/Fee Receivable	31	MNT
48	L1064	loanTransactionType.accrual	False	CREDIT	8	404000	Interest Income	31	MNT
48	L1065	loanTransactionType.accrual	False	DEBIT	7	112603	Interest/Fee Receivable	31	MNT
48	L1065	loanTransactionType.accrual	False	CREDIT	8	404000	Interest Income	31	MNT
48	L1066	loanTransactionType.accrual	False	DEBIT	7	112603	Interest/Fee Receivable	32	MNT
48	L1066	loanTransactionType.accrual	False	CREDIT	8	404000	Interest Income	32	MNT
48	L1067	loanTransactionType.accrual	False	DEBIT	7	112603	Interest/Fee Receivable	31	MNT
48	L1067	loanTransactionType.accrual	False	CREDIT	8	404000	Interest Income	31	MNT
48	L1068	loanTransactionType.accrual	False	DEBIT	7	112603	Interest/Fee Receivable	31	MNT
48	L1068	loanTransactionType.accrual	False	CREDIT	8	404000	Interest Income	31	MNT
48	L1069	loanTransactionType.accrual	False	DEBIT	7	112603	Interest/Fee Receivable	31	MNT
48	L1069	loanTransactionType.accrual	False	CREDIT	8	404000	Interest Income	31	MNT
48	L1070	loanTransactionType.accrual	False	DEBIT	7	112603	Interest/Fee Receivable	32	MNT
48	L1070	loanTransactionType.accrual	False	CREDIT	8	404000	Interest Income	32	MNT
48	L1071	loanTransactionType.accrual	False	DEBIT	7	112603	Interest/Fee Receivable	31	MNT
48	L1071	loanTransactionType.accrual	False	CREDIT	8	404000	Interest Income	31	MNT
48	L1072	loanTransactionType.accrual	False	DEBIT	7	112603	Interest/Fee Receivable	31	MNT
48	L1072	loanTransactionType.accrual	False	CREDIT	8	404000	Interest Income	31	MNT
48	L1073	loanTransactionType.accrual	False	DEBIT	7	112603	Interest/Fee Receivable	31	MNT
48	L1073	loanTransactionType.accrual	False	CREDIT	8	404000	Interest Income	31	MNT
48	L1074	loanTransactionType.accrual	False	DEBIT	7	112603	Interest/Fee Receivable	32	MNT
48	L1074	loanTransactionType.accrual	False	CREDIT	8	404000	Interest Income	32	MNT
48	L1075	loanTransactionType.accrual	False	DEBIT	7	112603	Interest/Fee Receivable	31	MNT
48	L1075	loanTransactionType.accrual	False	CREDIT	8	404000	Interest Income	31	MNT
48	L1076	loanTransactionType.accrual	False	DEBIT	7	112603	Interest/Fee Receivable	31	MNT
48	L1076	loanTransactionType.accrual	False	CREDIT	8	404000	Interest Income	31	MNT
48	L1077	loanTransactionType.accrual	False	DEBIT	7	112603	Interest/Fee Receivable	31	MNT
48	L1077	loanTransactionType.accrual	False	CREDIT	8	404000	Interest Income	31	MNT
48	L1078	loanTransactionType.accrual	False	DEBIT	7	112603	Interest/Fee Receivable	33	MNT
48	L1078	loanTransactionType.accrual	False	CREDIT	8	404000	Interest Income	33	MNT
48	L1079	loanTransactionType.accrual	False	DEBIT	7	112603	Interest/Fee Receivable	34	MNT
48	L1079	loanTransactionType.accrual	False	CREDIT	8	404000	Interest Income	34	MNT
48	L1080	loanTransactionType.accrual	False	DEBIT	7	112603	Interest/Fee Receivable	33	MNT
48	L1080	loanTransactionType.accrual	False	CREDIT	8	404000	Interest Income	33	MNT
48	L1081	loanTransactionType.accrual	False	DEBIT	7	112603	Interest/Fee Receivable	34	MNT
48	L1081	loanTransactionType.accrual	False	CREDIT	8	404000	Interest Income	34	MNT
48	L1082	loanTransactionType.accrual	False	DEBIT	7	112603	Interest/Fee Receivable	33	MNT
48	L1082	loanTransactionType.accrual	False	CREDIT	8	404000	Interest Income	33	MNT
48	L1083	loanTransactionType.accrual	False	DEBIT	7	112603	Interest/Fee Receivable	33	MNT
48	L1083	loanTransactionType.accrual	False	CREDIT	8	404000	Interest Income	33	MNT
48	L1084	loanTransactionType.accrual	False	DEBIT	7	112603	Interest/Fee Receivable	34	MNT
48	L1084	loanTransactionType.accrual	False	CREDIT	8	404000	Interest Income	34	MNT
48	L1085	loanTransactionType.accrual	False	DEBIT	7	112603	Interest/Fee Receivable	33	MNT
48	L1085	loanTransactionType.accrual	False	CREDIT	8	404000	Interest Income	33	MNT
48	L1086	loanTransactionType.accrual	False	DEBIT	7	112603	Interest/Fee Receivable	33	MNT
48	L1086	loanTransactionType.accrual	False	CREDIT	8	404000	Interest Income	33	MNT
48	L1087	loanTransactionType.accrual	False	DEBIT	7	112603	Interest/Fee Receivable	34	MNT
48	L1087	loanTransactionType.accrual	False	CREDIT	8	404000	Interest Income	34	MNT
48	L1088	loanTransactionType.accrual	False	DEBIT	7	112603	Interest/Fee Receivable	33	MNT
48	L1088	loanTransactionType.accrual	False	CREDIT	8	404000	Interest Income	33	MNT
48	L1089	loanTransactionType.accrual	False	DEBIT	7	112603	Interest/Fee Receivable	34	MNT
48	L1089	loanTransactionType.accrual	False	CREDIT	8	404000	Interest Income	34	MNT
48	L1090	loanTransactionType.accrual	False	DEBIT	7	112603	Interest/Fee Receivable	33	MNT
48	L1090	loanTransactionType.accrual	False	CREDIT	8	404000	Interest Income	33	MNT
48	L1091	loanTransactionType.accrual	False	DEBIT	7	112603	Interest/Fee Receivable	33	MNT
48	L1091	loanTransactionType.accrual	False	CREDIT	8	404000	Interest Income	33	MNT
48	L1092	loanTransactionType.accrual	False	DEBIT	7	112603	Interest/Fee Receivable	34	MNT
48	L1092	loanTransactionType.accrual	False	CREDIT	8	404000	Interest Income	34	MNT
48	L1093	loanTransactionType.accrual	False	DEBIT	7	112603	Interest/Fee Receivable	33	MNT
48	L1093	loanTransactionType.accrual	False	CREDIT	8	404000	Interest Income	33	MNT
48	L1094	loanTransactionType.accrual	False	DEBIT	7	112603	Interest/Fee Receivable	34	MNT
48	L1094	loanTransactionType.accrual	False	CREDIT	8	404000	Interest Income	34	MNT
48	L1095	loanTransactionType.accrual	False	DEBIT	7	112603	Interest/Fee Receivable	33	MNT
48	L1095	loanTransactionType.accrual	False	CREDIT	8	404000	Interest Income	33	MNT
48	L1096	loanTransactionType.accrual	False	DEBIT	7	112603	Interest/Fee Receivable	33	MNT
48	L1096	loanTransactionType.accrual	False	CREDIT	8	404000	Interest Income	33	MNT
48	L1097	loanTransactionType.accrual	False	DEBIT	7	112603	Interest/Fee Receivable	34	MNT
48	L1097	loanTransactionType.accrual	False	CREDIT	8	404000	Interest Income	34	MNT
48	L1098	loanTransactionType.accrual	False	DEBIT	7	112603	Interest/Fee Receivable	33	MNT
48	L1098	loanTransactionType.accrual	False	CREDIT	8	404000	Interest Income	33	MNT
48	L1099	loanTransactionType.accrual	False	DEBIT	7	112603	Interest/Fee Receivable	34	MNT
48	L1099	loanTransactionType.accrual	False	CREDIT	8	404000	Interest Income	34	MNT
48	L1100	loanTransactionType.accrual	False	DEBIT	7	112603	Interest/Fee Receivable	33	MNT
48	L1100	loanTransactionType.accrual	False	CREDIT	8	404000	Interest Income	33	MNT
48	L1101	loanTransactionType.accrual	False	DEBIT	7	112603	Interest/Fee Receivable	33	MNT
48	L1101	loanTransactionType.accrual	False	CREDIT	8	404000	Interest Income	33	MNT
48	L1102	loanTransactionType.accrual	False	DEBIT	7	112603	Interest/Fee Receivable	34	MNT
48	L1102	loanTransactionType.accrual	False	CREDIT	8	404000	Interest Income	34	MNT
48	L1103	loanTransactionType.accrual	False	DEBIT	7	112603	Interest/Fee Receivable	33	MNT
48	L1103	loanTransactionType.accrual	False	CREDIT	8	404000	Interest Income	33	MNT
48	L1104	loanTransactionType.accrual	False	DEBIT	7	112603	Interest/Fee Receivable	33	MNT
48	L1104	loanTransactionType.accrual	False	CREDIT	8	404000	Interest Income	33	MNT
48	L1105	loanTransactionType.accrual	False	DEBIT	7	112603	Interest/Fee Receivable	34	MNT
48	L1105	loanTransactionType.accrual	False	CREDIT	8	404000	Interest Income	34	MNT
48	L1106	loanTransactionType.accrual	False	DEBIT	7	112603	Interest/Fee Receivable	33	MNT
48	L1106	loanTransactionType.accrual	False	CREDIT	8	404000	Interest Income	33	MNT
48	L1108	loanTransactionType.accrual	False	DEBIT	7	112603	Interest/Fee Receivable	25	MNT
48	L1108	loanTransactionType.accrual	False	CREDIT	8	404000	Interest Income	25	MNT
48	L1110	loanTransactionType.accrual	False	DEBIT	7	112603	Interest/Fee Receivable	25	MNT
48	L1110	loanTransactionType.accrual	False	CREDIT	8	404000	Interest Income	25	MNT
48	L1111	loanTransactionType.accrual	False	DEBIT	7	112603	Interest/Fee Receivable	26	MNT
48	L1111	loanTransactionType.accrual	False	CREDIT	8	404000	Interest Income	26	MNT
48	L1112	loanTransactionType.accrual	False	DEBIT	7	112603	Interest/Fee Receivable	25	MNT
48	L1112	loanTransactionType.accrual	False	CREDIT	8	404000	Interest Income	25	MNT
48	L1113	loanTransactionType.accrual	False	DEBIT	7	112603	Interest/Fee Receivable	25	MNT
48	L1113	loanTransactionType.accrual	False	CREDIT	8	404000	Interest Income	25	MNT
48	L1114	loanTransactionType.accrual	False	DEBIT	7	112603	Interest/Fee Receivable	25	MNT
48	L1114	loanTransactionType.accrual	False	CREDIT	8	404000	Interest Income	25	MNT
48	L1115	loanTransactionType.accrual	False	DEBIT	7	112603	Interest/Fee Receivable	25	MNT
48	L1115	loanTransactionType.accrual	False	CREDIT	8	404000	Interest Income	25	MNT
48	L1116	loanTransactionType.accrual	False	DEBIT	7	112603	Interest/Fee Receivable	26	MNT
48	L1116	loanTransactionType.accrual	False	CREDIT	8	404000	Interest Income	26	MNT
48	L1117	loanTransactionType.accrual	False	DEBIT	7	112603	Interest/Fee Receivable	25	MNT
48	L1117	loanTransactionType.accrual	False	CREDIT	8	404000	Interest Income	25	MNT
48	L1118	loanTransactionType.accrual	False	DEBIT	7	112603	Interest/Fee Receivable	25	MNT
48	L1118	loanTransactionType.accrual	False	CREDIT	8	404000	Interest Income	25	MNT
48	L1119	loanTransactionType.accrual	False	DEBIT	7	112603	Interest/Fee Receivable	25	MNT
48	L1119	loanTransactionType.accrual	False	CREDIT	8	404000	Interest Income	25	MNT
48	L1120	loanTransactionType.accrual	False	DEBIT	7	112603	Interest/Fee Receivable	25	MNT
48	L1120	loanTransactionType.accrual	False	CREDIT	8	404000	Interest Income	25	MNT
48	L1121	loanTransactionType.accrual	False	DEBIT	7	112603	Interest/Fee Receivable	26	MNT
48	L1121	loanTransactionType.accrual	False	CREDIT	8	404000	Interest Income	26	MNT
48	L1122	loanTransactionType.accrual	False	DEBIT	7	112603	Interest/Fee Receivable	25	MNT
48	L1122	loanTransactionType.accrual	False	CREDIT	8	404000	Interest Income	25	MNT
48	L1123	loanTransactionType.accrual	False	DEBIT	7	112603	Interest/Fee Receivable	25	MNT
48	L1123	loanTransactionType.accrual	False	CREDIT	8	404000	Interest Income	25	MNT
48	L1124	loanTransactionType.accrual	False	DEBIT	7	112603	Interest/Fee Receivable	25	MNT
48	L1124	loanTransactionType.accrual	False	CREDIT	8	404000	Interest Income	25	MNT
48	L1125	loanTransactionType.accrual	False	DEBIT	7	112603	Interest/Fee Receivable	25	MNT
48	L1125	loanTransactionType.accrual	False	CREDIT	8	404000	Interest Income	25	MNT
48	L1126	loanTransactionType.accrual	False	DEBIT	7	112603	Interest/Fee Receivable	26	MNT
48	L1126	loanTransactionType.accrual	False	CREDIT	8	404000	Interest Income	26	MNT
48	L1127	loanTransactionType.accrual	False	DEBIT	7	112603	Interest/Fee Receivable	25	MNT
48	L1127	loanTransactionType.accrual	False	CREDIT	8	404000	Interest Income	25	MNT
48	L1128	loanTransactionType.accrual	False	DEBIT	7	112603	Interest/Fee Receivable	25	MNT
48	L1128	loanTransactionType.accrual	False	CREDIT	8	404000	Interest Income	25	MNT
48	L1129	loanTransactionType.accrual	False	DEBIT	7	112603	Interest/Fee Receivable	25	MNT
48	L1129	loanTransactionType.accrual	False	CREDIT	8	404000	Interest Income	25	MNT
48	L1130	loanTransactionType.accrual	False	DEBIT	7	112603	Interest/Fee Receivable	25	MNT
48	L1130	loanTransactionType.accrual	False	CREDIT	8	404000	Interest Income	25	MNT
48	L1131	loanTransactionType.accrual	False	DEBIT	7	112603	Interest/Fee Receivable	26	MNT
48	L1131	loanTransactionType.accrual	False	CREDIT	8	404000	Interest Income	26	MNT
48	L1132	loanTransactionType.accrual	False	DEBIT	7	112603	Interest/Fee Receivable	25	MNT
48	L1132	loanTransactionType.accrual	False	CREDIT	8	404000	Interest Income	25	MNT
48	L1133	loanTransactionType.accrual	False	DEBIT	7	112603	Interest/Fee Receivable	25	MNT
48	L1133	loanTransactionType.accrual	False	CREDIT	8	404000	Interest Income	25	MNT
48	L1134	loanTransactionType.accrual	False	DEBIT	7	112603	Interest/Fee Receivable	25	MNT
48	L1134	loanTransactionType.accrual	False	CREDIT	8	404000	Interest Income	25	MNT
48	L1135	loanTransactionType.accrual	False	DEBIT	7	112603	Interest/Fee Receivable	25	MNT
48	L1135	loanTransactionType.accrual	False	CREDIT	8	404000	Interest Income	25	MNT
48	L1136	loanTransactionType.accrual	False	DEBIT	7	112603	Interest/Fee Receivable	26	MNT
48	L1136	loanTransactionType.accrual	False	CREDIT	8	404000	Interest Income	26	MNT
48	L1137	loanTransactionType.accrual	False	DEBIT	7	112603	Interest/Fee Receivable	25	MNT
48	L1137	loanTransactionType.accrual	False	CREDIT	8	404000	Interest Income	25	MNT
48	L1138	loanTransactionType.accrual	False	DEBIT	7	112603	Interest/Fee Receivable	25	MNT
48	L1138	loanTransactionType.accrual	False	CREDIT	8	404000	Interest Income	25	MNT
48	L1139	loanTransactionType.accrual	False	DEBIT	7	112603	Interest/Fee Receivable	25	MNT
48	L1139	loanTransactionType.accrual	False	CREDIT	8	404000	Interest Income	25	MNT
48	L1141	loanTransactionType.accrual	False	DEBIT	7	112603	Interest/Fee Receivable	20	MNT
48	L1141	loanTransactionType.accrual	False	CREDIT	8	404000	Interest Income	20	MNT
48	L1143	loanTransactionType.accrual	False	DEBIT	7	112603	Interest/Fee Receivable	19	MNT
48	L1143	loanTransactionType.accrual	False	CREDIT	8	404000	Interest Income	19	MNT
48	L1144	loanTransactionType.accrual	False	DEBIT	7	112603	Interest/Fee Receivable	20	MNT
48	L1144	loanTransactionType.accrual	False	CREDIT	8	404000	Interest Income	20	MNT
48	L1145	loanTransactionType.accrual	False	DEBIT	7	112603	Interest/Fee Receivable	19	MNT
48	L1145	loanTransactionType.accrual	False	CREDIT	8	404000	Interest Income	19	MNT
48	L1146	loanTransactionType.accrual	False	DEBIT	7	112603	Interest/Fee Receivable	20	MNT
48	L1146	loanTransactionType.accrual	False	CREDIT	8	404000	Interest Income	20	MNT
48	L1147	loanTransactionType.accrual	False	DEBIT	7	112603	Interest/Fee Receivable	19	MNT
48	L1147	loanTransactionType.accrual	False	CREDIT	8	404000	Interest Income	19	MNT
48	L1148	loanTransactionType.accrual	False	DEBIT	7	112603	Interest/Fee Receivable	20	MNT
48	L1148	loanTransactionType.accrual	False	CREDIT	8	404000	Interest Income	20	MNT
48	L1149	loanTransactionType.accrual	False	DEBIT	7	112603	Interest/Fee Receivable	20	MNT
48	L1149	loanTransactionType.accrual	False	CREDIT	8	404000	Interest Income	20	MNT
48	L1150	loanTransactionType.accrual	False	DEBIT	7	112603	Interest/Fee Receivable	19	MNT
48	L1150	loanTransactionType.accrual	False	CREDIT	8	404000	Interest Income	19	MNT
48	L1151	loanTransactionType.accrual	False	DEBIT	7	112603	Interest/Fee Receivable	20	MNT
48	L1151	loanTransactionType.accrual	False	CREDIT	8	404000	Interest Income	20	MNT
48	L1152	loanTransactionType.accrual	False	DEBIT	7	112603	Interest/Fee Receivable	19	MNT
48	L1152	loanTransactionType.accrual	False	CREDIT	8	404000	Interest Income	19	MNT
48	L1153	loanTransactionType.accrual	False	DEBIT	7	112603	Interest/Fee Receivable	20	MNT
48	L1153	loanTransactionType.accrual	False	CREDIT	8	404000	Interest Income	20	MNT
48	L1154	loanTransactionType.accrual	False	DEBIT	7	112603	Interest/Fee Receivable	19	MNT
48	L1154	loanTransactionType.accrual	False	CREDIT	8	404000	Interest Income	19	MNT
48	L1155	loanTransactionType.accrual	False	DEBIT	7	112603	Interest/Fee Receivable	20	MNT
48	L1155	loanTransactionType.accrual	False	CREDIT	8	404000	Interest Income	20	MNT
48	L1156	loanTransactionType.accrual	False	DEBIT	7	112603	Interest/Fee Receivable	20	MNT
48	L1156	loanTransactionType.accrual	False	CREDIT	8	404000	Interest Income	20	MNT
48	L1157	loanTransactionType.accrual	False	DEBIT	7	112603	Interest/Fee Receivable	19	MNT
48	L1157	loanTransactionType.accrual	False	CREDIT	8	404000	Interest Income	19	MNT
48	L1158	loanTransactionType.accrual	False	DEBIT	7	112603	Interest/Fee Receivable	20	MNT
48	L1158	loanTransactionType.accrual	False	CREDIT	8	404000	Interest Income	20	MNT
48	L1159	loanTransactionType.accrual	False	DEBIT	7	112603	Interest/Fee Receivable	19	MNT
48	L1159	loanTransactionType.accrual	False	CREDIT	8	404000	Interest Income	19	MNT
48	L1160	loanTransactionType.accrual	False	DEBIT	7	112603	Interest/Fee Receivable	20	MNT
48	L1160	loanTransactionType.accrual	False	CREDIT	8	404000	Interest Income	20	MNT
48	L1161	loanTransactionType.accrual	False	DEBIT	7	112603	Interest/Fee Receivable	19	MNT
48	L1161	loanTransactionType.accrual	False	CREDIT	8	404000	Interest Income	19	MNT
48	L1162	loanTransactionType.accrual	False	DEBIT	7	112603	Interest/Fee Receivable	20	MNT
48	L1162	loanTransactionType.accrual	False	CREDIT	8	404000	Interest Income	20	MNT
48	L1163	loanTransactionType.accrual	False	DEBIT	7	112603	Interest/Fee Receivable	20	MNT
48	L1163	loanTransactionType.accrual	False	CREDIT	8	404000	Interest Income	20	MNT
48	L1164	loanTransactionType.accrual	False	DEBIT	7	112603	Interest/Fee Receivable	19	MNT
48	L1164	loanTransactionType.accrual	False	CREDIT	8	404000	Interest Income	19	MNT
48	L1165	loanTransactionType.accrual	False	DEBIT	7	112603	Interest/Fee Receivable	20	MNT
48	L1165	loanTransactionType.accrual	False	CREDIT	8	404000	Interest Income	20	MNT
48	L1166	loanTransactionType.accrual	False	DEBIT	7	112603	Interest/Fee Receivable	19	MNT
48	L1166	loanTransactionType.accrual	False	CREDIT	8	404000	Interest Income	19	MNT
48	L1167	loanTransactionType.accrual	False	DEBIT	7	112603	Interest/Fee Receivable	20	MNT
48	L1167	loanTransactionType.accrual	False	CREDIT	8	404000	Interest Income	20	MNT
48	L1168	loanTransactionType.accrual	False	DEBIT	7	112603	Interest/Fee Receivable	19	MNT
48	L1168	loanTransactionType.accrual	False	CREDIT	8	404000	Interest Income	19	MNT
48	L1169	loanTransactionType.accrual	False	DEBIT	7	112603	Interest/Fee Receivable	20	MNT
48	L1169	loanTransactionType.accrual	False	CREDIT	8	404000	Interest Income	20	MNT
48	L1170	loanTransactionType.accrual	False	DEBIT	7	112603	Interest/Fee Receivable	20	MNT
48	L1170	loanTransactionType.accrual	False	CREDIT	8	404000	Interest Income	20	MNT
48	L1171	loanTransactionType.accrual	False	DEBIT	7	112603	Interest/Fee Receivable	19	MNT
48	L1171	loanTransactionType.accrual	False	CREDIT	8	404000	Interest Income	19	MNT
48	L1173	loanTransactionType.accrual	False	DEBIT	7	112603	Interest/Fee Receivable	13	MNT
48	L1173	loanTransactionType.accrual	False	CREDIT	8	404000	Interest Income	13	MNT
48	L1175	loanTransactionType.accrual	False	DEBIT	7	112603	Interest/Fee Receivable	12	MNT
48	L1175	loanTransactionType.accrual	False	CREDIT	8	404000	Interest Income	12	MNT
48	L1176	loanTransactionType.accrual	False	DEBIT	7	112603	Interest/Fee Receivable	13	MNT
48	L1176	loanTransactionType.accrual	False	CREDIT	8	404000	Interest Income	13	MNT
48	L1177	loanTransactionType.accrual	False	DEBIT	7	112603	Interest/Fee Receivable	13	MNT
48	L1177	loanTransactionType.accrual	False	CREDIT	8	404000	Interest Income	13	MNT
48	L1178	loanTransactionType.accrual	False	DEBIT	7	112603	Interest/Fee Receivable	12	MNT
48	L1178	loanTransactionType.accrual	False	CREDIT	8	404000	Interest Income	12	MNT
48	L1179	loanTransactionType.accrual	False	DEBIT	7	112603	Interest/Fee Receivable	13	MNT
48	L1179	loanTransactionType.accrual	False	CREDIT	8	404000	Interest Income	13	MNT
48	L1180	loanTransactionType.accrual	False	DEBIT	7	112603	Interest/Fee Receivable	13	MNT
48	L1180	loanTransactionType.accrual	False	CREDIT	8	404000	Interest Income	13	MNT
48	L1181	loanTransactionType.accrual	False	DEBIT	7	112603	Interest/Fee Receivable	12	MNT
48	L1181	loanTransactionType.accrual	False	CREDIT	8	404000	Interest Income	12	MNT
48	L1182	loanTransactionType.accrual	False	DEBIT	7	112603	Interest/Fee Receivable	13	MNT
48	L1182	loanTransactionType.accrual	False	CREDIT	8	404000	Interest Income	13	MNT
48	L1183	loanTransactionType.accrual	False	DEBIT	7	112603	Interest/Fee Receivable	13	MNT
48	L1183	loanTransactionType.accrual	False	CREDIT	8	404000	Interest Income	13	MNT
48	L1184	loanTransactionType.accrual	False	DEBIT	7	112603	Interest/Fee Receivable	12	MNT
48	L1184	loanTransactionType.accrual	False	CREDIT	8	404000	Interest Income	12	MNT
48	L1185	loanTransactionType.accrual	False	DEBIT	7	112603	Interest/Fee Receivable	13	MNT
48	L1185	loanTransactionType.accrual	False	CREDIT	8	404000	Interest Income	13	MNT
48	L1186	loanTransactionType.accrual	False	DEBIT	7	112603	Interest/Fee Receivable	12	MNT
48	L1186	loanTransactionType.accrual	False	CREDIT	8	404000	Interest Income	12	MNT
48	L1187	loanTransactionType.accrual	False	DEBIT	7	112603	Interest/Fee Receivable	13	MNT
48	L1187	loanTransactionType.accrual	False	CREDIT	8	404000	Interest Income	13	MNT
48	L1188	loanTransactionType.accrual	False	DEBIT	7	112603	Interest/Fee Receivable	13	MNT
48	L1188	loanTransactionType.accrual	False	CREDIT	8	404000	Interest Income	13	MNT
48	L1189	loanTransactionType.accrual	False	DEBIT	7	112603	Interest/Fee Receivable	12	MNT
48	L1189	loanTransactionType.accrual	False	CREDIT	8	404000	Interest Income	12	MNT
48	L1190	loanTransactionType.accrual	False	DEBIT	7	112603	Interest/Fee Receivable	13	MNT
48	L1190	loanTransactionType.accrual	False	CREDIT	8	404000	Interest Income	13	MNT
48	L1191	loanTransactionType.accrual	False	DEBIT	7	112603	Interest/Fee Receivable	13	MNT
48	L1191	loanTransactionType.accrual	False	CREDIT	8	404000	Interest Income	13	MNT
48	L1192	loanTransactionType.accrual	False	DEBIT	7	112603	Interest/Fee Receivable	12	MNT
48	L1192	loanTransactionType.accrual	False	CREDIT	8	404000	Interest Income	12	MNT
48	L1193	loanTransactionType.accrual	False	DEBIT	7	112603	Interest/Fee Receivable	13	MNT
48	L1193	loanTransactionType.accrual	False	CREDIT	8	404000	Interest Income	13	MNT
48	L1194	loanTransactionType.accrual	False	DEBIT	7	112603	Interest/Fee Receivable	13	MNT
48	L1194	loanTransactionType.accrual	False	CREDIT	8	404000	Interest Income	13	MNT
48	L1195	loanTransactionType.accrual	False	DEBIT	7	112603	Interest/Fee Receivable	12	MNT
48	L1195	loanTransactionType.accrual	False	CREDIT	8	404000	Interest Income	12	MNT
48	L1196	loanTransactionType.accrual	False	DEBIT	7	112603	Interest/Fee Receivable	13	MNT
48	L1196	loanTransactionType.accrual	False	CREDIT	8	404000	Interest Income	13	MNT
48	L1197	loanTransactionType.accrual	False	DEBIT	7	112603	Interest/Fee Receivable	13	MNT
48	L1197	loanTransactionType.accrual	False	CREDIT	8	404000	Interest Income	13	MNT
48	L1198	loanTransactionType.accrual	False	DEBIT	7	112603	Interest/Fee Receivable	12	MNT
48	L1198	loanTransactionType.accrual	False	CREDIT	8	404000	Interest Income	12	MNT
48	L1199	loanTransactionType.accrual	False	DEBIT	7	112603	Interest/Fee Receivable	13	MNT
48	L1199	loanTransactionType.accrual	False	CREDIT	8	404000	Interest Income	13	MNT
48	L1200	loanTransactionType.accrual	False	DEBIT	7	112603	Interest/Fee Receivable	13	MNT
48	L1200	loanTransactionType.accrual	False	CREDIT	8	404000	Interest Income	13	MNT
48	L1201	loanTransactionType.accrual	False	DEBIT	7	112603	Interest/Fee Receivable	12	MNT
48	L1201	loanTransactionType.accrual	False	CREDIT	8	404000	Interest Income	12	MNT
48	L1202	loanTransactionType.accrual	False	DEBIT	7	112603	Interest/Fee Receivable	13	MNT
48	L1202	loanTransactionType.accrual	False	CREDIT	8	404000	Interest Income	13	MNT
48	L1203	loanTransactionType.accrual	False	DEBIT	7	112603	Interest/Fee Receivable	13	MNT
48	L1203	loanTransactionType.accrual	False	CREDIT	8	404000	Interest Income	13	MNT
48	L1204	loanTransactionType.accrual	False	DEBIT	7	112603	Interest/Fee Receivable	12	MNT
48	L1204	loanTransactionType.accrual	False	CREDIT	8	404000	Interest Income	12	MNT
48	L1206	loanTransactionType.accrual	False	DEBIT	7	112603	Interest/Fee Receivable	7	MNT
48	L1206	loanTransactionType.accrual	False	CREDIT	8	404000	Interest Income	7	MNT
48	L1208	loanTransactionType.accrual	False	DEBIT	7	112603	Interest/Fee Receivable	6	MNT
48	L1208	loanTransactionType.accrual	False	CREDIT	8	404000	Interest Income	6	MNT
48	L1209	loanTransactionType.accrual	False	DEBIT	7	112603	Interest/Fee Receivable	7	MNT
48	L1209	loanTransactionType.accrual	False	CREDIT	8	404000	Interest Income	7	MNT
48	L1210	loanTransactionType.accrual	False	DEBIT	7	112603	Interest/Fee Receivable	6	MNT
48	L1210	loanTransactionType.accrual	False	CREDIT	8	404000	Interest Income	6	MNT
48	L1211	loanTransactionType.accrual	False	DEBIT	7	112603	Interest/Fee Receivable	7	MNT
48	L1211	loanTransactionType.accrual	False	CREDIT	8	404000	Interest Income	7	MNT
48	L1212	loanTransactionType.accrual	False	DEBIT	7	112603	Interest/Fee Receivable	6	MNT
48	L1212	loanTransactionType.accrual	False	CREDIT	8	404000	Interest Income	6	MNT
48	L1213	loanTransactionType.accrual	False	DEBIT	7	112603	Interest/Fee Receivable	7	MNT
48	L1213	loanTransactionType.accrual	False	CREDIT	8	404000	Interest Income	7	MNT
48	L1214	loanTransactionType.accrual	False	DEBIT	7	112603	Interest/Fee Receivable	6	MNT
48	L1214	loanTransactionType.accrual	False	CREDIT	8	404000	Interest Income	6	MNT
48	L1215	loanTransactionType.accrual	False	DEBIT	7	112603	Interest/Fee Receivable	7	MNT
48	L1215	loanTransactionType.accrual	False	CREDIT	8	404000	Interest Income	7	MNT
48	L1216	loanTransactionType.accrual	False	DEBIT	7	112603	Interest/Fee Receivable	6	MNT
48	L1216	loanTransactionType.accrual	False	CREDIT	8	404000	Interest Income	6	MNT
48	L1217	loanTransactionType.accrual	False	DEBIT	7	112603	Interest/Fee Receivable	7	MNT
48	L1217	loanTransactionType.accrual	False	CREDIT	8	404000	Interest Income	7	MNT
48	L1218	loanTransactionType.accrual	False	DEBIT	7	112603	Interest/Fee Receivable	6	MNT
48	L1218	loanTransactionType.accrual	False	CREDIT	8	404000	Interest Income	6	MNT
48	L1219	loanTransactionType.accrual	False	DEBIT	7	112603	Interest/Fee Receivable	7	MNT
48	L1219	loanTransactionType.accrual	False	CREDIT	8	404000	Interest Income	7	MNT
48	L1220	loanTransactionType.accrual	False	DEBIT	7	112603	Interest/Fee Receivable	6	MNT
48	L1220	loanTransactionType.accrual	False	CREDIT	8	404000	Interest Income	6	MNT
48	L1221	loanTransactionType.accrual	False	DEBIT	7	112603	Interest/Fee Receivable	7	MNT
48	L1221	loanTransactionType.accrual	False	CREDIT	8	404000	Interest Income	7	MNT
48	L1222	loanTransactionType.accrual	False	DEBIT	7	112603	Interest/Fee Receivable	7	MNT
48	L1222	loanTransactionType.accrual	False	CREDIT	8	404000	Interest Income	7	MNT
48	L1223	loanTransactionType.accrual	False	DEBIT	7	112603	Interest/Fee Receivable	6	MNT
48	L1223	loanTransactionType.accrual	False	CREDIT	8	404000	Interest Income	6	MNT
48	L1224	loanTransactionType.accrual	False	DEBIT	7	112603	Interest/Fee Receivable	7	MNT
48	L1224	loanTransactionType.accrual	False	CREDIT	8	404000	Interest Income	7	MNT
48	L1225	loanTransactionType.accrual	False	DEBIT	7	112603	Interest/Fee Receivable	6	MNT
48	L1225	loanTransactionType.accrual	False	CREDIT	8	404000	Interest Income	6	MNT
48	L1226	loanTransactionType.accrual	False	DEBIT	7	112603	Interest/Fee Receivable	7	MNT
48	L1226	loanTransactionType.accrual	False	CREDIT	8	404000	Interest Income	7	MNT
48	L1227	loanTransactionType.accrual	False	DEBIT	7	112603	Interest/Fee Receivable	6	MNT
48	L1227	loanTransactionType.accrual	False	CREDIT	8	404000	Interest Income	6	MNT
48	L1228	loanTransactionType.accrual	False	DEBIT	7	112603	Interest/Fee Receivable	7	MNT
48	L1228	loanTransactionType.accrual	False	CREDIT	8	404000	Interest Income	7	MNT
48	L1229	loanTransactionType.accrual	False	DEBIT	7	112603	Interest/Fee Receivable	6	MNT
48	L1229	loanTransactionType.accrual	False	CREDIT	8	404000	Interest Income	6	MNT
48	L1230	loanTransactionType.accrual	False	DEBIT	7	112603	Interest/Fee Receivable	7	MNT
48	L1230	loanTransactionType.accrual	False	CREDIT	8	404000	Interest Income	7	MNT
48	L1231	loanTransactionType.accrual	False	DEBIT	7	112603	Interest/Fee Receivable	6	MNT
48	L1231	loanTransactionType.accrual	False	CREDIT	8	404000	Interest Income	6	MNT
48	L1232	loanTransactionType.accrual	False	DEBIT	7	112603	Interest/Fee Receivable	7	MNT
48	L1232	loanTransactionType.accrual	False	CREDIT	8	404000	Interest Income	7	MNT
48	L1233	loanTransactionType.accrual	False	DEBIT	7	112603	Interest/Fee Receivable	6	MNT
48	L1233	loanTransactionType.accrual	False	CREDIT	8	404000	Interest Income	6	MNT
48	L1234	loanTransactionType.accrual	False	DEBIT	7	112603	Interest/Fee Receivable	7	MNT
48	L1234	loanTransactionType.accrual	False	CREDIT	8	404000	Interest Income	7	MNT
48	L1235	loanTransactionType.accrual	False	DEBIT	7	112603	Interest/Fee Receivable	7	MNT
48	L1235	loanTransactionType.accrual	False	CREDIT	8	404000	Interest Income	7	MNT
48	L1236	loanTransactionType.accrual	False	DEBIT	7	112603	Interest/Fee Receivable	6	MNT
48	L1236	loanTransactionType.accrual	False	CREDIT	8	404000	Interest Income	6	MNT
49	L1240	loanTransactionType.accrual	False	DEBIT	7	112603	Interest/Fee Receivable	467	MNT
49	L1240	loanTransactionType.accrual	False	CREDIT	8	404000	Interest Income	467	MNT
49	L1244	loanTransactionType.accrualAdjustment	False	DEBIT	8	404000	Interest Income	15	MNT
49	L1244	loanTransactionType.accrualAdjustment	False	CREDIT	7	112603	Interest/Fee Receivable	15	MNT
50	L1246	loanTransactionType.accrual	False	DEBIT	7	112603	Interest/Fee Receivable	19	MNT
50	L1246	loanTransactionType.accrual	False	CREDIT	8	404000	Interest Income	19	MNT
50	L1248	loanTransactionType.accrual	False	DEBIT	7	112603	Interest/Fee Receivable	2	MNT
50	L1248	loanTransactionType.accrual	False	CREDIT	8	404000	Interest Income	2	MNT
