file	why_in_pop	lineno	op	text
.softhouse/bin/branch_sweep.py	ext+execbit	27	redirect	loose file:   .git/refs/heads/softhouse/t297-review-t295 -> d189230b
.softhouse/bin/branch_sweep.py	ext+execbit	28	redirect	git rev-parse softhouse/T297-review-t295  ->  d189230b   (BOTH names, one answer)
.softhouse/bin/branch_sweep.py	ext+execbit	29	redirect	git merge-base --is-ancestor c1a3888a d189230b  ->  rc 1  (DIVERGED)
.softhouse/bin/branch_sweep.py	ext+execbit	65	redirect	hook STATE  (stdin: "<old> <new> <refname>" lines)
.softhouse/bin/branch_sweep.py	ext+execbit	160	redirect	self.loose = {}          # full refname -> value (sha, or "ref: ...")
.softhouse/bin/branch_sweep.py	ext+execbit	161	redirect	self.packed = {}         # full refname -> sha
.softhouse/bin/branch_sweep.py	ext+execbit	222	redirect	"""casefolded full refname -> sorted list of the exact spellings that exist."""
.softhouse/bin/branch_sweep.py	ext+execbit	420	redirect	if len(spellings) > 1:
.softhouse/bin/branch_sweep.py	ext+execbit	426	redirect	if len(stored) > 1 and GIT:
.softhouse/bin/branch_sweep.py	ext+execbit	485	redirect	"refs/rescue/<fire>/ first.")
.softhouse/bin/branch_sweep.py	ext+execbit	705	redirect	sys.stderr.write("usage: branch_sweep.py check-dispatch <branch>...\n")
.softhouse/bin/build-oracle-image.sh	ext+execbit	21	redirect	docker volume create "${CACHE_VOL}" >/dev/null
.softhouse/bin/build-oracle-image.sh	ext+execbit	65	redirect	cat > "${BUILD_CTX}/Dockerfile" <<'DOCKERFILE'
.softhouse/bin/build-oracle-image.sh	ext+execbit	80	rm	rm -rf "${BUILD_CTX}"
.softhouse/bin/fire-program.sh	ext+execbit	164	redirect	(( $# == 5 )) || { print -u2 "usage: --lock-decide <present> <released_at> <started_age> <tip_age> <pid_state>"; exit 64; }
.softhouse/bin/fire-program.sh	ext+execbit	465	redirect	if docker info >/dev/null 2>&1; then
.softhouse/bin/fire-program.sh	ext+execbit	473	redirect	if curl -sk --max-time 8 "$FINERACT_HEALTH_URL" >/dev/null 2>&1; then
.softhouse/bin/fire-program.sh	ext+execbit	564	redirect	log "lock signals: released_at='${LOCK_REL:-<null>}' started_age=${LOCK_SAGE:-<unreadable>}s tip_age=${LOCK_TAGE:-<unreadable>}s pid=${LOCK_PSTATE} (file mtime age ${LOCK_MTIME_AGE
.softhouse/bin/fire-program.sh	ext+execbit	571	redirect	log "arm 5: both signals stale (tip_age=${LOCK_TAGE}s, started_age=${LOCK_SAGE}s > ${LOCK_MAX_AGE_SECS}s) — taking it over" ;;
.softhouse/bin/fire-program.sh	ext+execbit	618	redirect	cat > "$LOCK" <<EOF
.softhouse/bin/fire-program.sh	ext+execbit	632	redirect	git add -f "$LOCK" >/dev/null 2>&1
.softhouse/bin/fire-program.sh	ext+execbit	633	redirect	git -c user.name="Buyan" -c user.email="buya.vol@gmail.com" commit -q -m "softhouse: local fire lock ($STAMP)" >/dev/null 2>&1
.softhouse/bin/fire-program.sh	ext+execbit	714	redirect	git push -q "$@" >/dev/null 2>&1 &
.softhouse/bin/fire-program.sh	ext+execbit	744	rm	rm -f "$LOCK"
.softhouse/bin/fire-program.sh	ext+execbit	747	redirect	git add -A -- "$LOCK" >/dev/null 2>&1
.softhouse/bin/fire-program.sh	ext+execbit	749	redirect	git -c user.name="Buyan" -c user.email="buya.vol@gmail.com" commit -q -m "softhouse: release local fire lock ($STAMP)" >/dev/null 2>&1
.softhouse/bin/fire-program.sh	ext+execbit	834	redirect	(( ${#lines} > 1 )) || return 1        # a one-line process table is not a table
.softhouse/bin/fire-program.sh	ext+execbit	859	redirect	(( job > 0 )) || return 0
.softhouse/bin/fire-program.sh	ext+execbit	1074	redirect	if ! typeset -f reconcile_tasks_json >/dev/null 2>&1; then
.softhouse/bin/fire-program.sh	ext+execbit	1084	rm	rm -f "$vf"
.softhouse/bin/fire-program.sh	ext+execbit	1085	redirect	( reconcile_tasks_json "$@"; print -r -- "$RECON_VERDICT" > "$vf" ) &
.softhouse/bin/fire-program.sh	ext+execbit	1099	rm	rm -f "$REPO/.softhouse/tasks.json.t288.tmp"
.softhouse/bin/fire-program.sh	ext+execbit	1107	rm	rm -f "$vf"
.softhouse/bin/fire-program.sh	ext+execbit	1118	redirect	git add -- ':(top).softhouse/tasks.json' >/dev/null 2>&1
.softhouse/bin/fire-program.sh	ext+execbit	1127	redirect	dispatches. A killed worker is dead, not paused. Reconcile: $RECON_VERDICT" >/dev/null 2>&1; then
.softhouse/bin/fire-program.sh	ext+execbit	1267	redirect	if ($e.type=="assistant" and (($e.message.model // "") != "<synthetic>"))
.softhouse/bin/fire-program.sh	ext+execbit	1373	rm	rm -f "$DRIVER_RC_FILE"
.softhouse/bin/fire-program.sh	ext+execbit	1380	redirect	print -r -- $? > "$DRIVER_RC_FILE" } \
.softhouse/bin/fire-program.sh	ext+execbit	1381	tee	| tee "$RAW" \
.softhouse/bin/fire-program.sh	ext+execbit	1394	redirect	print -r -- $? > "$DRIVER_RC_FILE" } ) &
.softhouse/bin/fire-program.sh	ext+execbit	1459	redirect	(( ${#lines} > 1 )) || { FOREIGN_SESSIONS="/bin/ps returned a one-line table, which is not a table"; return 2; }
.softhouse/bin/fire-program.sh	ext+execbit	1819	redirect	if (( ${#MARKED} > 0 )); then
.softhouse/bin/fire-program.sh	ext+execbit	1820	redirect	print -r -- "REFUSE: $W has ${#MARKED} index entries carrying a NON-'H' git index tag — a skip bit (\`--assume-unchanged\` -> 'h', \`--skip-worktree\` -> 'S') switches OFF the work
.softhouse/bin/fire-program.sh	ext+execbit	1886	redirect	git add -A -- ':(top)' ':(top,exclude).softhouse/LOCK' >/dev/null 2>&1
.softhouse/bin/fire-program.sh	ext+execbit	1892	redirect	commit -q -m "softhouse: rescue uncommitted deliverables left by fire $STAMP (exit-protocol violation)" >/dev/null 2>&1
.softhouse/bin/fire-program.sh	ext+execbit	1940	redirect	(( ${#WT_BRANCHES} > 0 )) && WT_BRANCHES[${#WT_BRANCHES}]="${WT_LINE#branch refs/heads/}"
.softhouse/bin/fire-program.sh	ext+execbit	1942	redirect	(( ${#WT_BRANCHES} > 0 )) && WT_BRANCHES[${#WT_BRANCHES}]="(detached)"
.softhouse/bin/fire-program.sh	ext+execbit	1944	redirect	(( ${#WT_LOCKED} > 0 )) && WT_LOCKED[${#WT_LOCKED}]="no reason given"
.softhouse/bin/fire-program.sh	ext+execbit	1946	redirect	(( ${#WT_LOCKED} > 0 )) && WT_LOCKED[${#WT_LOCKED}]="${WT_LINE#locked }"
.softhouse/bin/fire-program.sh	ext+execbit	1950	redirect	if (( ${#WT_PATHS} > 0 )); then
.softhouse/bin/fire-program.sh	ext+execbit	2055	redirect	git -C "$W" add -A >/dev/null 2>&1; ADD_RC=$?
.softhouse/bin/fire-program.sh	ext+execbit	2059	redirect	Committed by the orchestrator's worktree sweep. Completeness UNVERIFIED — no handoff was written. Treat as partial until re-reviewed." >/dev/null 2>&1; CM_RC=$?
.softhouse/bin/fire-program.sh	ext+execbit	2064	redirect	log "rescued $WN -> $WB"
.softhouse/bin/fire-program.sh	ext+execbit	2071	redirect	log "rescue pairing: task branch $PRIOR -> $WB"
.softhouse/bin/fire-program.sh	ext+execbit	2154	redirect	if git branch -d "$BR" >/dev/null 2>&1; then
.softhouse/bin/fire-program.sh	ext+execbit	2179	redirect	STALE_BANNER_OPEN='<!-- T288-WRAPPER-BANNER — written by fire-program.sh, not by a driver -->'
.softhouse/bin/fire-program.sh	ext+execbit	2180	redirect	STALE_BANNER_CLOSE='<!-- /T288-WRAPPER-BANNER -->'
.softhouse/bin/fire-program.sh	ext+execbit	2196	redirect	print -r -- ">"
.softhouse/bin/fire-program.sh	ext+execbit	2197	redirect	print -r -- "> Everything below predates that fire, so its task table, its \"next action\" and its"
.softhouse/bin/fire-program.sh	ext+execbit	2198	redirect	print -r -- "> pause reason are all claims about a world that has moved. The driver did not reach"
.softhouse/bin/fire-program.sh	ext+execbit	2199	redirect	print -r -- "> STEP 5.5, which is why a shell script is writing this."
.softhouse/bin/fire-program.sh	ext+execbit	2200	redirect	print -r -- ">"
.softhouse/bin/fire-program.sh	ext+execbit	2201	redirect	print -r -- "> - driver outcome: rc=\`$RC\` — $DRIVER_TURN_LINE"
.softhouse/bin/fire-program.sh	ext+execbit	2202	redirect	print -r -- "> - tasks.json reconcile: $RECON_VERDICT"
.softhouse/bin/fire-program.sh	ext+execbit	2203	redirect	print -r -- "> - a task shown below as \`in_progress\` is a DEAD dispatch unless the reconcile line"
.softhouse/bin/fire-program.sh	ext+execbit	2204	redirect	print -r -- ">   above says it was refused; read \`tasks.json\` notes, not this table."
.softhouse/bin/fire-program.sh	ext+execbit	2205	redirect	print -r -- "> - fire log: \`$LOG\`"
.softhouse/bin/fire-program.sh	ext+execbit	2206	redirect	print -r -- ">"
.softhouse/bin/fire-program.sh	ext+execbit	2207	redirect	print -r -- "> This banner is not maintained by anyone. It disappears when a driver rewrites"
.softhouse/bin/fire-program.sh	ext+execbit	2208	redirect	print -r -- "> RESUME.md per STEP 5.5.4, and it comes back on any fire that fails to."
.softhouse/bin/fire-program.sh	ext+execbit	2212	redirect	} > .softhouse/RESUME.md.t288.tmp
.softhouse/bin/fire-program.sh	ext+execbit	2214	mv	mv -f .softhouse/RESUME.md.t288.tmp .softhouse/RESUME.md
.softhouse/bin/fire-program.sh	ext+execbit	2217	rm	rm -f .softhouse/RESUME.md.t288.tmp
.softhouse/bin/fire-program.sh	ext+execbit	2235	redirect	git add -- ':(top).softhouse/tasks.json' ':(top).softhouse/RESUME.md' >/dev/null 2>&1
.softhouse/bin/fire-program.sh	ext+execbit	2243	redirect	Reconcile: $RECON_VERDICT" >/dev/null 2>&1 \
.softhouse/bin/go-env.sh	ext+execbit	298	redirect	printf '%s\n' "go-env.sh:   searched (needed <cand>/go/bin/go):$_g_searched" >&2
.softhouse/bin/lib-worktree-prune.zsh	ext	102	redirect	git merge-base --is-ancestor "$BR" "$TARGET" >/dev/null 2>&1
.softhouse/bin/ready-tasks.py	ext+execbit	7	redirect	`.softhouse/runs/<run-id>.tasks.json` and dropped from the current file, so a
.softhouse/bin/ready-tasks.py	ext+execbit	89	redirect	The broken inference in both is "state at instant t0 settles ownership for all t > t0".
.softhouse/bin/ready-tasks.py	ext+execbit	120	redirect	a `pid` (> 1) that is an ANCESTOR of this process on this host. A MISSING lock file is
.softhouse/bin/ready-tasks.py	ext+execbit	142	redirect	SIGTERM->SIGKILL grace; without it, two `git` calls per in_progress task at `timeout=20`
.softhouse/bin/ready-tasks.py	ext+execbit	396	redirect	cmd[p] = f[2] if len(f) > 2 else ""
.softhouse/bin/ready-tasks.py	ext+execbit	503	redirect	ancestor_pids = [p for p, _ in anc if p > 1]
.softhouse/bin/ready-tasks.py	ext+execbit	617	redirect	`records` maps task id -> the task object exactly as it stood at that commit;
.softhouse/bin/ready-tasks.py	ext+execbit	683	redirect	"State at instant t0 determines ownership for all t > t0" is the broken inference,
.softhouse/bin/ready-tasks.py	ext+execbit	697	redirect	seven re-dispatched ids differ from their lock-commit records in `attempts` (0->1),
.softhouse/bin/ready-tasks.py	ext+execbit	778	redirect	"sweep a set nobody enumerated. REFUSING." % (tid or "<id>"))
.softhouse/bin/ready-tasks.py	ext+execbit	1077	redirect	if n > 0:
.softhouse/bin/ready-tasks.py	ext+execbit	1284	redirect	print("           in_progress -> in_progress   *** REFUSED TO DEMOTE ***")
.softhouse/bin/ready-tasks.py	ext+execbit	1304	redirect	print("           in_progress -> needs_retry")
.softhouse/bin/ready-tasks.py	ext+execbit	1349	py-rmtree	os.unlink(tmp)
.softhouse/bin/ready-tasks.py	ext+execbit	1354	redirect	print("  RESULT: WROTE %s -- %d task(s) demoted in_progress -> needs_retry%s%s."
.softhouse/bin/ready-tasks.py	ext+execbit	1507	redirect	print("      => SCOPE RECORDED ON THIS GATE (program.json .blocks):")
.softhouse/bin/ready-tasks.py	ext+execbit	1515	redirect	print("      => NO SCOPE RECORDED ON THIS GATE. Falling back to the CONSERVATIVE")
.softhouse/bin/ready-tasks.py	ext+execbit	1589	redirect	print("usage error: --deadline-secs must be > 0, got %r" % args[i],
.softhouse/capture/actualactual/analysis/discriminate.py	ext	73	redirect	if len(diffs) > 12:
.softhouse/capture/actualactual/analysis/pathb-crosscheck.py	ext	80	redirect	if len(diffs) > 10:
.softhouse/capture/actualactual/src/negative-tests.sh	ext+execbit	72	rm	rm -f "$CAPDIR/out/.seam-backup"
.softhouse/capture/actualactual/src/negative-tests.sh	ext+execbit	79	redirect	if ! diff -q "$SEAMF" /Users/buv/fineract/fineract-progressive-loan-embeddable-schedule-generator/src/main/java/org/apache/fineract/portfolio/loanaccount/loanschedule/domain/Embedd
.softhouse/capture/actualactual/src/pathb-capture.sh	ext+execbit	37	redirect	sh "$CH/bin/run-preconditions.sh" "$O/preconditions.txt" > /dev/null || {
.softhouse/capture/actualactual/src/pathb-capture.sh	ext+execbit	44	redirect	> "$O/products-asserted.txt"
.softhouse/capture/actualactual/src/pathb-capture.sh	ext+execbit	61	redirect	cat > "$R/calc-$_name.json" <<EOF
.softhouse/capture/actualactual/src/pathb-capture.sh	ext+execbit	111	truncate	: > "$O/HTTP-CODES.txt"
.softhouse/capture/actualactual/src/run-actualactual.sh	ext+execbit	94	redirect	' > "$IDENT" 2>&1 || fail "oracle-identity container exited non-zero (see $IDENT)"
.softhouse/capture/actualactual/src/run-actualactual.sh	ext+execbit	97	redirect	sed -n '/== classpath entries/,$p' "$IDENT" | tail -n +2 > "$CPLIST"
.softhouse/capture/actualactual/src/run-actualactual.sh	ext+execbit	121	redirect	' > "$RAW" 2> "$ERR"
.softhouse/capture/actualactual/src/run-actualactual.sh	ext+execbit	133	redirect	head -n "$((FIRST_BRACE - 1))" "$RAW" > "$LOG"
.softhouse/capture/actualactual/src/run-actualactual.sh	ext+execbit	135	truncate	: > "$LOG"
.softhouse/capture/actualactual/src/run-actualactual.sh	ext+execbit	137	redirect	tail -n "+$FIRST_BRACE" "$RAW" > "$JSON"
.softhouse/capture/actualactual/src/run-actualactual.sh	ext+execbit	138	redirect	python3 -m json.tool "$JSON" > /dev/null || fail "JSON payload does not parse ($JSON)"
.softhouse/capture/audit-t44/analysis/T175-red/drive-red.sh	ext	37	rm	trap 'rm -rf "$SCRATCH"' EXIT
.softhouse/capture/audit-t44/analysis/T175-red/drive-red.sh	ext	53	redirect	python3 "$ORIG" "${REAL_GLOBS[@]}" > "$SCRATCH/orig-real.txt" 2>&1
.softhouse/capture/audit-t44/analysis/T175-red/drive-red.sh	ext	54	redirect	if diff -q "$SCRATCH/orig-real.txt" "$COMMITTED" >/dev/null; then
.softhouse/capture/audit-t44/analysis/T175-red/drive-red.sh	ext	66	redirect	if grep -q '=> no literal changes VALUE' "$SCRATCH/orig-real.txt"; then
.softhouse/capture/audit-t44/analysis/T175-red/drive-red.sh	ext	73	redirect	python3 "$SUCC" "${REAL_GLOBS[@]}" > "$SCRATCH/succ-real.txt" 2>&1
.softhouse/capture/audit-t44/analysis/T175-red/drive-red.sh	ext	83	redirect	printf 'this is not json\n' > "$SCRATCH/plant/PLANTED-not-json.json"
.softhouse/capture/audit-t44/analysis/T175-red/drive-red.sh	ext	84	redirect	python3 "$ORIG" "$SCRATCH/plant/*.json" > "$SCRATCH/orig-plant.txt" 2>&1
.softhouse/capture/audit-t44/analysis/T175-red/drive-red.sh	ext	89	redirect	if grep -q '=> no literal changes VALUE' "$SCRATCH/orig-plant.txt"; then
.softhouse/capture/audit-t44/analysis/T175-red/drive-red.sh	ext	96	redirect	python3 "$SUCC" "$SCRATCH/plant/*.json" > "$SCRATCH/succ-plant.txt" 2>&1
.softhouse/capture/audit-t44/analysis/T175-red/drive-red.sh	ext	105	redirect	python3 "$ORIG" "$SCRATCH/plant/*.nosuchextension" > "$SCRATCH/orig-empty.txt" 2>&1
.softhouse/capture/audit-t44/analysis/T175-red/drive-red.sh	ext	108	redirect	if grep -q '=> no literal changes VALUE' "$SCRATCH/orig-empty.txt"; then
.softhouse/capture/audit-t44/analysis/T175-red/drive-red.sh	ext	113	redirect	python3 "$SUCC" "$SCRATCH/plant/*.nosuchextension" > "$SCRATCH/succ-empty.txt" 2>&1
.softhouse/capture/audit-t44/analysis/T175-red/drive-red.sh	ext	123	redirect	python3 "$SUCC" "${CLEAN_GLOBS[@]}" > "$SCRATCH/succ-clean.txt" 2>&1
.softhouse/capture/audit-t44/analysis/T175-red/drive-red.sh	ext	133	redirect	python3 "$SUCC" "${REAL_GLOBS[@]}" --expect-skips "$n_unparseable" > "$SCRATCH/succ-ack.txt" 2>&1
.softhouse/capture/audit-t44/analysis/T175-red/drive-red.sh	ext	137	redirect	python3 "$SUCC" "${REAL_GLOBS[@]}" --expect-skips 17 > "$SCRATCH/succ-wrong.txt" 2>&1
.softhouse/capture/audit-t44/analysis/T207/T207-red/drive-red-v3.sh	ext	60	rm	trap 'rm -rf "$SCRATCH"' EXIT
.softhouse/capture/audit-t44/analysis/T207/T207-red/drive-red-v3.sh	ext	82	redirect	python3 "$ORIG" "${REAL_GLOBS[@]}" > "$SCRATCH/orig-real.txt" 2>&1
.softhouse/capture/audit-t44/analysis/T207/T207-red/drive-red-v3.sh	ext	83	redirect	if diff -q "$SCRATCH/orig-real.txt" "$COMMITTED" >/dev/null; then
.softhouse/capture/audit-t44/analysis/T207/T207-red/drive-red-v3.sh	ext	107	redirect	python3 "$PLANT" "$SCRATCH/corrupt" corrupt > "$SCRATCH/plant.txt" 2>&1
.softhouse/capture/audit-t44/analysis/T207/T207-red/drive-red-v3.sh	ext	114	redirect	python3 "$V2" "$SCRATCH/corrupt/*.json" > "$SCRATCH/v2-corrupt.txt" 2>&1
.softhouse/capture/audit-t44/analysis/T207/T207-red/drive-red-v3.sh	ext	125	redirect	python3 "$V3" "$SCRATCH/corrupt/*.json" > "$SCRATCH/v3-corrupt.txt" 2>&1
.softhouse/capture/audit-t44/analysis/T207/T207-red/drive-red-v3.sh	ext	136	redirect	python3 "$V3" "${CLEAN_GLOBS[@]}" > "$SCRATCH/v3-clean.txt" 2>&1
.softhouse/capture/audit-t44/analysis/T207/T207-red/drive-red-v3.sh	ext	138	redirect	python3 "$V2" "${CLEAN_GLOBS[@]}" > "$SCRATCH/v2-clean.txt" 2>&1
.softhouse/capture/audit-t44/analysis/T207/T207-red/drive-red-v3.sh	ext	151	redirect	check "text-lossy literals in the legitimate corpus (must be > 0 or this leg proves nothing)" \
.softhouse/capture/audit-t44/analysis/T207/T207-red/drive-red-v3.sh	ext	160	redirect	python3 "$V3" "${REAL_GLOBS[@]}" > "$SCRATCH/v3-real.txt" 2>&1
.softhouse/capture/audit-t44/analysis/T207/T207-red/drive-red-v3.sh	ext	164	redirect	python3 "$V3" "${REAL_GLOBS[@]}" --expect-skips "$n_unparseable" > "$SCRATCH/v3-ack.txt" 2>&1
.softhouse/capture/audit-t44/analysis/T207/T207-red/drive-red-v3.sh	ext	166	redirect	python3 "$V3" "${REAL_GLOBS[@]}" --expect-skips 17 > "$SCRATCH/v3-wrong.txt" 2>&1
.softhouse/capture/audit-t44/analysis/T207/T207-red/drive-red-v3.sh	ext	168	redirect	python3 "$V3" "$SCRATCH/corrupt/*.nosuchextension" > "$SCRATCH/v3-empty.txt" 2>&1
.softhouse/capture/audit-t44/analysis/T207/T207-red/drive-red-v3.sh	ext	175	redirect	python3 "$V3" --selftest > "$SCRATCH/v3-selftest.txt" 2>&1
.softhouse/capture/audit-t44/analysis/T207/T207-red/drive-red-v3.sh	ext	185	redirect	python3 "$MOS2" "$ROOT" > "$SCRATCH/mos2-real.txt" 2>&1
.softhouse/capture/audit-t44/analysis/T207/T207-red/drive-red-v3.sh	ext	207	redirect	cat > "$FAKE/.softhouse/capture/actualactual/pathb/out/T48B-PUREB-p7-exact.json" <<'JSON'
.softhouse/capture/audit-t44/analysis/T207/T207-red/drive-red-v3.sh	ext	211	redirect	cat > "$FAKE/.softhouse/capture/actualactual/pathb/out/T48B-PUREB-p4-exact.json" <<'JSON'
.softhouse/capture/audit-t44/analysis/T207/T207-red/drive-red-v3.sh	ext	215	redirect	python3 "$MOS2" "$FAKE" > "$SCRATCH/mos2-planted.txt" 2>&1
.softhouse/capture/audit-t44/analysis/T207/T207-red/drive-red-v3.sh	ext	228	redirect	> "$SCRATCH/mos1-planted.txt" 2>&1
.softhouse/capture/audit-t44/analysis/T207/T207-red/plant-corrupt.py	ext	4	redirect	python3 plant-corrupt.py <scratch-dir> corrupt|clean|both
.softhouse/capture/audit-t44/analysis/T207/t44_float_roundtrip_v3.py	ext	5	redirect	python3 t44_float_roundtrip_v3.py <glob> [<glob> ...] [--expect-skips N]
.softhouse/capture/audit-t44/analysis/T207/t44_float_roundtrip_v3.py	ext	93	redirect	`detect -> print PASS` correct.  "Too weak to be the only alarm" is not "must not ring".
.softhouse/capture/audit-t44/analysis/T207/t44_float_roundtrip_v3.py	ext	130	redirect	seen = {}          # exact literal text -> occurrence count
.softhouse/capture/audit-t44/analysis/T207/t44_float_roundtrip_v3.py	ext	131	redirect	per_file = {}      # path -> literals contributed
.softhouse/capture/audit-t44/analysis/T207/t44_float_roundtrip_v3.py	ext	251	redirect	print(f"      {pat}   -> {len(sorted(glob.glob(pat, recursive=True)))} file(s)")
.softhouse/capture/audit-t44/analysis/T207/t44_float_roundtrip_v3.py	ext	360	redirect	print(f"    {s!r:>18}  ->  {r}")
.softhouse/capture/audit-t44/analysis/T207/t44_float_roundtrip_v3.py	ext	377	redirect	print(f"    {s!r:>26}  ->  {r:<26} residue {res}   ({occ} occurrence(s))")
.softhouse/capture/audit-t44/analysis/T207/t44_float_roundtrip_v3.py	ext	378	redirect	if len(lossy_value) > 24:
.softhouse/capture/audit-t44/analysis/T207/t44_float_roundtrip_v3.py	ext	390	redirect	print(f"  => over the {len(seen)} distinct literals actually inspected, in "
.softhouse/capture/audit-t44/analysis/t44_detail.py	ext	23	truncate	print(f"{'#':>3} {'from':11}{'due':11}{'seed':11}{'ratio(R2)':>22} {'obs int':>14}"
.softhouse/capture/audit-t44/analysis/t44_detail.py	ext	24	truncate	f"{'R2':>14}{'R1':>14}{'R3':>14}{'R4':>14}")
.softhouse/capture/audit-t44/analysis/t44_detail.py	ext	39	truncate	print(f"{k:>3} {f}  {d}  {seed}  {str(rs['R2']):>20} {obs:>14}"
.softhouse/capture/audit-t44/analysis/t44_detail.py	ext	40	truncate	+ "".join(f"{str(pred[t]):>13}{mark(t)}" for t in ('R2', 'R1', 'R3', 'R4')))
.softhouse/capture/audit-t44/analysis/t44_float_roundtrip.py	ext	55	redirect	print(f"    {s!r:>18}  ->  {r}")
.softhouse/capture/audit-t44/analysis/t44_float_roundtrip.py	ext	58	redirect	print("  => no literal changes VALUE on a float round-trip at these magnitudes and scales,")
.softhouse/capture/audit-t44/analysis/t44_float_roundtrip_v2.py	ext	19	redirect	then the reassurance "=> no literal changes VALUE on a float round-trip", which reads as a clean
.softhouse/capture/audit-t44/analysis/t44_float_roundtrip_v2.py	ext	43	redirect	python3 t44_float_roundtrip_v2.py <glob> [<glob> ...] [--expect-skips N]
.softhouse/capture/audit-t44/analysis/t44_float_roundtrip_v2.py	ext	63	redirect	seen = {}          # exact literal text -> occurrence count
.softhouse/capture/audit-t44/analysis/t44_float_roundtrip_v2.py	ext	64	redirect	per_file = {}      # path -> literals contributed
.softhouse/capture/audit-t44/analysis/t44_float_roundtrip_v2.py	ext	97	redirect	print(f"      {pat}   -> {len(sorted(glob.glob(pat, recursive=True)))} file(s)")
.softhouse/capture/audit-t44/analysis/t44_float_roundtrip_v2.py	ext	188	redirect	print(f"    {s!r:>18}  ->  {r}")
.softhouse/capture/audit-t44/analysis/t44_float_roundtrip_v2.py	ext	191	redirect	print(f"  => over the {len(seen)} distinct literals actually inspected, in "
.softhouse/capture/audit-t44/analysis/t44_float_scan.py	ext	44	redirect	print(f"  {n:>4} bare non-integer numbers   {p}{flag}")
.softhouse/capture/audit-t44/analysis/t44_float_scan.py	ext	52	redirect	print("  => json.load() WITHOUT parse_float on these files CONSTRUCTS BINARY FLOATS.")
.softhouse/capture/audit-t44/analysis/t44_periodratio_independent.py	ext	55	redirect	(2024-01-31 -> 2024-02-29) is 0 packed but 1 naive."""
.softhouse/capture/audit-t44/analysis/t44_periodratio_independent.py	ext	57	redirect	if total > 0 and plus_months(a, total) > b:
.softhouse/capture/audit-t44/analysis/t44_periodratio_independent.py	ext	97	redirect	if month_end_case and target_last_day == target_day and seed_day > target_day:
.softhouse/capture/audit-t44/analysis/t44_periodratio_independent.py	ext	105	redirect	if not (cur > due_date):
.softhouse/capture/audit-t44/analysis/t44_periodratio_independent.py	ext	184	truncate	print(f"{'capture':16}{'cells':>6}{'R2':>5}{'R1':>5}{'R3':>5}{'R4':>5}   verdict")
.softhouse/capture/audit-t44/analysis/t44_periodratio_independent.py	ext	190	redirect	print(f"{cid:16}{n:>6}{r2:>5}{r1:>5}{r3:>5}{r4:>5}   {'; '.join(v)}")
.softhouse/capture/audit-t44/analysis/t44_r2_vs_r4_sweep.py	ext	7	redirect	-> the pinned source: ProgressiveEMICalculator.java:1432-1433 + DateUtils.java:312
.softhouse/capture/audit-t44/analysis/t44_r2_vs_r4_sweep.py	ext	9	redirect	-> the double mis-port
.softhouse/capture/audit-t44/analysis/t44_r2_vs_r4_sweep.py	ext	50	redirect	fires = (tld == f.day and seed.day > f.day)
.softhouse/capture/audit-t44/analysis/t44_r2_vs_r4_sweep.py	ext	70	redirect	print("  => R2 and R4 are the SAME FUNCTION on this entire domain.")
.softhouse/capture/audit-t44/analysis/t44_r2_vs_r4_sweep.py	ext	75	redirect	print("  => separating periods exist; first examples:")
.softhouse/capture/audit-t44/charges/bin/audit_recompute.py	ext	18	redirect	"""Decimal money -> integer minor units. Refuses anything that is not exact at 2dp."""
.softhouse/capture/audit-t44/charges/bin/audit_recompute.py	ext	172	redirect	"""exact HALF_UP division of non-negative integers -> integer"""
.softhouse/capture/audit-t44/charges/bin/audit_recompute.py	ext	173	redirect	assert num >= 0 and den > 0
.softhouse/capture/audit-t44/charges/bin/audit_recompute.py	ext	266	redirect	say("=> no charge amount in this set is a rounding tie, so NO capture in the set discriminates")
.softhouse/capture/audit-t44/charges/bin/audit_recompute.py	ext	320	redirect	if len(v) > 1:
.softhouse/capture/audit-t44/charges/bin/mkprobes.sh	ext	14	redirect	sed 's/"dueDate": "15 June 2026"/"dueDate": "20 January 2026"/' "$SRC19" > "$AUD/req/calc-AP-1-sdd-pctinterest-inside-p1.json"
.softhouse/capture/audit-t44/charges/bin/mkprobes.sh	ext	15	redirect	sed 's/"dueDate": "15 June 2026"/"dueDate": "01 February 2026"/' "$SRC19" > "$AUD/req/calc-AP-2-sdd-pctinterest-on-p1-duedate.json"
.softhouse/capture/audit-t44/charges/bin/mkprobes.sh	ext	16	redirect	sed 's/"dueDate": "15 June 2026"/"dueDate": "01 April 2026"/'    "$SRC19" > "$AUD/req/calc-AP-3-sdd-pctinterest-on-p3-duedate.json"
.softhouse/capture/audit-t44/charges/bin/mkprobes.sh	ext	21	redirect	"$SH/capture/pathb/req/calc-B-02-multiplesof100.json" > "$AUD/req/calc-AP-4-b02-pctamtint-instalment.json"
.softhouse/capture/audit-t44/charges/bin/rerun.sh	ext	24	redirect	echo "HTTP $_code  $(basename "$_req")  ->  $(shasum -a 256 "$_out" | awk '{print $1}')"
.softhouse/capture/audit-t44/charges/bin/runprobes.sh	ext	19	redirect	echo "HTTP $code  $n  ->  $(shasum -a 256 "$O/$n-raw.json" | awk '{print $1}')"
.softhouse/capture/audit-t44/mathcontext/analysis/audit_crosschecks.py	ext	60	redirect	print("  => if inputs are identical and 0 cells differ, E2's Path A column REPRODUCES E1's")
.softhouse/capture/audit-t44/mathcontext/analysis/audit_crosschecks.py	ext	73	redirect	print("  => installmentAmountInMultiplesOf is INERT on this seam.")
.softhouse/capture/audit-t44/mathcontext/analysis/audit_crosschecks.py	ext	101	redirect	print("  => every one produced a full schedule with non-zero interest AND responded to the")
.softhouse/capture/audit-t44/mathcontext/analysis/audit_invariants.py	ext	55	redirect	if len(frac) > dp:
.softhouse/capture/audit-t44/mathcontext/analysis/audit_invariants.py	ext	62	redirect	if len(frac) > dp:
.softhouse/capture/audit-t44/mathcontext/analysis/audit_invariants.py	ext	111	redirect	if prev is not None and b > prev:
.softhouse/capture/audit-t44/mathcontext/analysis/audit_invariants.py	ext	112	redirect	bad("I7-balance-monotone", cid, "period %d balance %s > previous %s" % (i, b, prev))
.softhouse/capture/audit-t44/mathcontext/analysis/audit_invariants_failability.py	ext	49	redirect	if len(str(obs["totalInterestAmount"]).split(".")[1]) > 2:
.softhouse/capture/audit-t44/mathcontext/analysis/audit_recompute.py	ext	204	redirect	say("  n=%s rate=%s -> smallest separating principal %s (%d cells) p19=%s p12=%s"
.softhouse/capture/audit-t44/mathcontext/src/read-pathb-wiring.sh	ext	44	rm	cd /tmp && rm -rf t42gitprops && mkdir t42gitprops && cd t42gitprops
.softhouse/capture/audit-t44/mathcontext/src/read-pathb-wiring.sh	ext	49	redirect	} > "$OUT" 2>&1
.softhouse/capture/audit-t44/mathcontext/src/read-pathb-wiring.sh	ext	52	rm	cd /tmp && rm -rf t42j && mkdir t42j && cd t42j
.softhouse/capture/audit-t44/mathcontext/src/read-pathb-wiring.sh	ext	79	redirect	echo "    invokestatic MoneyHelper.getMathContext  ->  astore <n>  ...  aload <n>  ->  invokeinterface LoanScheduleGenerator.generate"
.softhouse/capture/audit-t44/mathcontext/src/run-mathcontext.sh	ext	98	redirect	' > "$IDENT" 2>&1 || fail "oracle-identity container exited non-zero (see $IDENT)"
.softhouse/capture/audit-t44/mathcontext/src/run-mathcontext.sh	ext	101	redirect	sed -n '/== classpath entries/,$p' "$IDENT" | tail -n +2 > "$CPLIST"
.softhouse/capture/audit-t44/mathcontext/src/run-mathcontext.sh	ext	123	redirect	' > "$RAW" 2> "$ERR"
.softhouse/capture/audit-t44/mathcontext/src/run-mathcontext.sh	ext	139	redirect	head -n "$((FIRST_BRACE - 1))" "$RAW" > "$LOG"
.softhouse/capture/audit-t44/mathcontext/src/run-mathcontext.sh	ext	141	truncate	: > "$LOG"
.softhouse/capture/audit-t44/mathcontext/src/run-mathcontext.sh	ext	143	redirect	tail -n "+$FIRST_BRACE" "$RAW" > "$JSON"
.softhouse/capture/audit-t44/mathcontext/src/run-mathcontext.sh	ext	144	redirect	python3 -m json.tool "$JSON" > /dev/null || fail "JSON payload does not parse ($JSON)"
.softhouse/capture/audit-t44/mathcontext/src/run-mathcontext2.sh	ext	69	redirect	ls /work/jar/BOOT-INF/lib/*.jar | sed "s#.*/##" | sort > /cap/out/__cp.txt
.softhouse/capture/audit-t44/mathcontext/src/run-mathcontext2.sh	ext	76	redirect	' > "$RAW" 2> "$ERR"
.softhouse/capture/audit-t44/mathcontext/src/run-mathcontext2.sh	ext	78	mv	mv "$CAPDIR/out/__cp.txt" "$CPLIST" 2>/dev/null || true
.softhouse/capture/audit-t44/mathcontext/src/run-mathcontext2.sh	ext	91	truncate	if [ "$FIRST_BRACE" -gt 1 ]; then head -n "$((FIRST_BRACE - 1))" "$RAW" > "$LOG"; else : > "$LOG"; fi
.softhouse/capture/audit-t44/mathcontext/src/run-mathcontext2.sh	ext	92	redirect	tail -n "+$FIRST_BRACE" "$RAW" > "$JSON"
.softhouse/capture/audit-t44/mathcontext/src/run-mathcontext2.sh	ext	93	redirect	python3 -m json.tool "$JSON" > /dev/null || fail "JSON payload does not parse ($JSON)"
.softhouse/capture/audit-t44/mathcontext/src/run-negative-tests.sh	ext	23	redirect	echo "### $name" > "$file"
.softhouse/capture/audit-t44/mathcontext/src/run-negative-tests.sh	ext	60	redirect	echo "  SEAM NOT RESTORED: $BEFORE -> $AFTER"
.softhouse/capture/audit-t44/mathcontext/src/run-negative-tests.sh	ext	83	redirect	print("wrote corrupted payload with T42-CAL totalInterestAmount 2.05 -> 2.06")
.softhouse/capture/audit-t44/rerun-periodratio/analysis/controls.py	ext	130	redirect	def main() -> int:
.softhouse/capture/audit-t44/rerun-periodratio/analysis/controls.py	ext	155	redirect	print("   -> compared 4 totals + 3 disbursement columns + 6 rows x 9 columns = 61 cells\n")
.softhouse/capture/audit-t44/rerun-periodratio/analysis/controls.py	ext	175	redirect	print("   -> compared 4 totals + 2 disbursement columns + 6 rows x 6 columns = 42 cells")
.softhouse/capture/audit-t44/rerun-periodratio/analysis/controls.py	ext	193	redirect	print("   -> compared 4 totals + 6 rows x 6 columns = 40 cells\n")
.softhouse/capture/audit-t44/rerun-periodratio/analysis/controls.py	ext	204	redirect	print("   -> compared the 3 scalars the handoff publishes for this shape\n")
.softhouse/capture/audit-t44/rerun-periodratio/analysis/discriminate.py	ext	39	redirect	def observed_cells(cap: dict) -> dict[str, str]:
.softhouse/capture/audit-t44/rerun-periodratio/analysis/discriminate.py	ext	63	redirect	def disagree(a: dict[str, str], b: dict[str, str]) -> list[str]:
.softhouse/capture/audit-t44/rerun-periodratio/analysis/discriminate.py	ext	67	redirect	def agreement(obs: dict[str, str], reading: dict[str, str], keys: list[str]) -> int:
.softhouse/capture/audit-t44/rerun-periodratio/analysis/discriminate.py	ext	71	redirect	def main() -> int:
.softhouse/capture/audit-t44/rerun-periodratio/analysis/discriminate.py	ext	116	redirect	print(f"    R1 vs R2 DISAGREE on {len(d12)} cells -> observation agrees with "
.softhouse/capture/audit-t44/rerun-periodratio/analysis/discriminate.py	ext	120	redirect	print("    R1 vs R2 disagree on 0 cells -> this shape CANNOT separate them "
.softhouse/capture/audit-t44/rerun-periodratio/analysis/discriminate.py	ext	126	redirect	print(f"    R2 vs R3 DISAGREE on {len(d23)} cells -> observation agrees with "
.softhouse/capture/audit-t44/rerun-periodratio/analysis/discriminate.py	ext	130	redirect	print("    R2 vs R3 disagree on 0 cells -> this shape CANNOT separate the "
.softhouse/capture/audit-t44/rerun-periodratio/analysis/discriminate.py	ext	137	truncate	print(f"{'capture':14} {'P0: R1/R2 cells':>16} {'obs=R1':>8} {'obs=R2':>8}"
.softhouse/capture/audit-t44/rerun-periodratio/analysis/discriminate.py	ext	138	truncate	f" {'ME: R2/R3 cells':>16} {'obs=R2':>8} {'obs=R3':>8} {'full-cell vs R2':>18}")
.softhouse/capture/audit-t44/rerun-periodratio/analysis/discriminate.py	ext	143	truncate	print(f"{v['id']:14} {v['d12']:>16} "
.softhouse/capture/audit-t44/rerun-periodratio/analysis/discriminate.py	ext	144	truncate	f"{(str(p0[0]) if p0 else '-'):>8} {(str(p0[1]) if p0 else '-'):>8} "
.softhouse/capture/audit-t44/rerun-periodratio/analysis/discriminate.py	ext	145	truncate	f"{v['d23']:>16} "
.softhouse/capture/audit-t44/rerun-periodratio/analysis/discriminate.py	ext	146	truncate	f"{(str(me[0]) if me else '-'):>8} {(str(me[1]) if me else '-'):>8} "
.softhouse/capture/audit-t44/rerun-periodratio/analysis/discriminate.py	ext	147	truncate	f"{f'{t - d}/{t}':>18}")
.softhouse/capture/audit-t44/rerun-periodratio/analysis/readings.py	ext	36	redirect	if (targetDateLastDay == targetDateDay && seedDateDay > targetDateDay) {
.softhouse/capture/audit-t44/rerun-periodratio/analysis/readings.py	ext	77	redirect	repay_every: int) -> Decimal:
.softhouse/capture/audit-t44/rerun-periodratio/analysis/readings.py	ext	91	redirect	if not (from_date > rp_due):
.softhouse/capture/audit-t44/rerun-periodratio/analysis/readings.py	ext	104	redirect	def period_ratios_no_monthend(req: Request) -> list[Decimal]:
.softhouse/capture/audit-t44/rerun-periodratio/analysis/readings.py	ext	109	redirect	def monthend_special_case_fires(req: Request) -> list[int]:
.softhouse/capture/audit-t44/rerun-periodratio/analysis/readings.py	ext	118	redirect	if last_day == f.day and seed.day > f.day:
.softhouse/capture/audit-t44/rerun-periodratio/analysis/readings.py	ext	149	redirect	def render(req: Request, rows) -> dict[str, str]:
.softhouse/capture/audit-t44/rerun-periodratio/analysis/readings.py	ext	150	redirect	"""Cell map: address -> exact decimal string, addressed the same way the
.softhouse/capture/audit-t44/rerun-periodratio/analysis/readings.py	ext	187	redirect	def render_reading(req: Request, name: str) -> dict[str, str]:
.softhouse/capture/audit-t44/rerun-periodratio/analysis/select_shapes.py	ext	36	redirect	def disagree(a: dict[str, str], b: dict[str, str]) -> list[str]:
.softhouse/capture/audit-t44/rerun-periodratio/analysis/select_shapes.py	ext	41	redirect	def report(tag: str, req: Request) -> dict:
.softhouse/capture/audit-t44/rerun-periodratio/analysis/select_shapes.py	ext	101	truncate	print(f"{'shape':14} {'R1 vs R2':>10} {'R2 vs R3':>10}")
.softhouse/capture/audit-t44/rerun-periodratio/analysis/select_shapes.py	ext	103	truncate	print(f"{r['tag']:14} {r['d12']:>10} {r['d23']:>10}")
.softhouse/capture/audit-t44/rerun-periodratio/analysis/t34_model.py	ext	32	redirect	def round_mc(x: Decimal, sig: int = SIG) -> Decimal:
.softhouse/capture/audit-t44/rerun-periodratio/analysis/t34_model.py	ext	40	redirect	def set_scale(x: Decimal, scale: int) -> Decimal:
.softhouse/capture/audit-t44/rerun-periodratio/analysis/t34_model.py	ext	45	redirect	def to_minor(x: Decimal) -> int:
.softhouse/capture/audit-t44/rerun-periodratio/analysis/t34_model.py	ext	51	redirect	def days(a: date, b: date) -> int:
.softhouse/capture/audit-t44/rerun-periodratio/analysis/t34_model.py	ext	57	redirect	def add_months_clamped(d: date, k: int) -> date:
.softhouse/capture/audit-t44/rerun-periodratio/analysis/t34_model.py	ext	64	redirect	def re_anchor(stepped: date, seed: date) -> date:
.softhouse/capture/audit-t44/rerun-periodratio/analysis/t34_model.py	ext	65	redirect	"""Step 2 (monthly only): if the SEED day > 28 and the stepped day >= 28,
.softhouse/capture/audit-t44/rerun-periodratio/analysis/t34_model.py	ext	67	redirect	if seed.day > 28 and stepped.day >= 28:
.softhouse/capture/audit-t44/rerun-periodratio/analysis/t34_model.py	ext	73	redirect	def repayment_boundaries(start: date, seed: date, n: int, every: int) -> list[tuple[date, date]]:
.softhouse/capture/audit-t44/rerun-periodratio/analysis/t34_model.py	ext	89	redirect	rp_from: date, rp_due: date) -> Decimal:
.softhouse/capture/audit-t44/rerun-periodratio/analysis/t34_model.py	ext	129	redirect	def length(self) -> int:
.softhouse/capture/audit-t44/rerun-periodratio/analysis/t34_model.py	ext	133	redirect	def length_till_period_due(self) -> int:
.softhouse/capture/audit-t44/rerun-periodratio/analysis/t34_model.py	ext	148	redirect	def growth_factor(self) -> Decimal:
.softhouse/capture/audit-t44/rerun-periodratio/analysis/t34_model.py	ext	167	redirect	def segment(req: Request) -> list[RepaymentPeriod]:
.softhouse/capture/audit-t44/rerun-periodratio/analysis/t34_model.py	ext	200	redirect	def apply_rate_factors(req: Request, periods, multipliers=None) -> None:
.softhouse/capture/audit-t44/rerun-periodratio/analysis/t34_model.py	ext	212	redirect	def first_related(req: Request, periods, target: int) -> int:
.softhouse/capture/audit-t44/rerun-periodratio/analysis/t34_model.py	ext	224	redirect	def level_installment(periods, first_rel: int, balance_minor: int) -> int:
.softhouse/capture/audit-t44/rerun-periodratio/analysis/t34_model.py	ext	233	redirect	if i > 0:
.softhouse/capture/audit-t44/rerun-periodratio/analysis/t34_model.py	ext	240	redirect	def split_rows(periods, first_rel: int, emi_minor: int) -> None:
.softhouse/capture/audit-t44/rerun-periodratio/analysis/t34_model.py	ext	266	redirect	def apply_residual_and_recompute(periods, principal_minor: int) -> None:
.softhouse/capture/audit-t44/rerun-periodratio/analysis/t34_model.py	ext	274	redirect	balance_minor = periods[-2].outstanding_minor if len(periods) > 1 else 0
.softhouse/capture/audit-t44/rerun-periodratio/analysis/t34_model.py	ext	322	redirect	if not (lower_half > 0 and emi_difference != 0
.softhouse/capture/audit-t44/rerun-periodratio/analysis/t34_model.py	ext	323	redirect	and abs(emi_difference) * 100 > lower_half * MINOR):
.softhouse/capture/audit-t44/rerun-periodratio/analysis/t34_model.py	ext	326	redirect	sgn = 1 if emi_difference > 0 else -1
.softhouse/capture/audit-t44/rerun-periodratio/analysis/t34_model.py	ext	338	redirect	if adjust_counter > 3:
.softhouse/capture/audit-t44/rerun-periodratio/analysis/t34_model.py	ext	349	redirect	def m2s(v: int) -> str:
.softhouse/capture/audit-t44/rerun-periodratio/analysis/t34_periodratio.py	ext	11	redirect	":1355-1356 -> :1403-1412 -> rateFactorByRepaymentEveryMonth :1923-1927
.softhouse/capture/audit-t44/rerun-periodratio/analysis/t34_periodratio.py	ext	12	redirect	-> rateFactorByRepaymentPeriod :1950-1966, and :1486-1487 -> :1536 -> the same two."
.softhouse/capture/audit-t44/rerun-periodratio/analysis/t34_periodratio.py	ext	18	redirect	case MONTHS -> calculatePeriodRatio(scheduleModel, repaymentPeriod, ChronoUnit.MONTHS, mc); ... };
.softhouse/capture/audit-t44/rerun-periodratio/analysis/t34_periodratio.py	ext	46	redirect	def months_between(a: date, b: date) -> int:
.softhouse/capture/audit-t44/rerun-periodratio/analysis/t34_periodratio.py	ext	57	redirect	def minus_months_clamped(d: date, k: int) -> date:
.softhouse/capture/audit-t44/rerun-periodratio/analysis/t34_periodratio.py	ext	62	redirect	repay_every: int) -> date:
.softhouse/capture/audit-t44/rerun-periodratio/analysis/t34_periodratio.py	ext	80	redirect	repay_every: int) -> Decimal:
.softhouse/capture/audit-t44/rerun-periodratio/analysis/t34_periodratio.py	ext	87	redirect	if target_last_day == target_day and seed_day > target_day:
.softhouse/capture/audit-t44/rerun-periodratio/analysis/t34_periodratio.py	ext	96	redirect	if not (from_date > rp_due):
.softhouse/capture/audit-t44/rerun-periodratio/analysis/t34_periodratio.py	ext	109	redirect	def period_ratios_for(req: Request) -> list[Decimal]:
.softhouse/capture/audit-t44/rerun-periodratio/analysis/t34_periodratio.py	ext	120	redirect	def diverges(req: Request) -> bool:
.softhouse/capture/audit-t44/rerun-periodratio/src/run-periodratio.sh	ext+execbit	105	redirect	' > "$IDENT" 2>&1 || fail "oracle-identity container exited non-zero (see $IDENT)"
.softhouse/capture/audit-t44/rerun-periodratio/src/run-periodratio.sh	ext+execbit	108	redirect	sed -n '/== classpath entries/,$p' "$IDENT" | tail -n +2 > "$CPLIST"
.softhouse/capture/audit-t44/rerun-periodratio/src/run-periodratio.sh	ext+execbit	132	redirect	' > "$RAW" 2> "$ERR"
.softhouse/capture/audit-t44/rerun-periodratio/src/run-periodratio.sh	ext+execbit	148	redirect	head -n "$((FIRST_BRACE - 1))" "$RAW" > "$LOG"
.softhouse/capture/audit-t44/rerun-periodratio/src/run-periodratio.sh	ext+execbit	150	truncate	: > "$LOG"
.softhouse/capture/audit-t44/rerun-periodratio/src/run-periodratio.sh	ext+execbit	152	redirect	tail -n "+$FIRST_BRACE" "$RAW" > "$JSON"
.softhouse/capture/audit-t44/rerun-periodratio/src/run-periodratio.sh	ext+execbit	153	redirect	python3 -m json.tool "$JSON" > /dev/null || fail "JSON payload does not parse ($JSON)"
.softhouse/capture/charges/bin/attest-t40.py	ext	41	redirect	TENANT = sys.argv[1] if len(sys.argv) > 1 else 'gerege'
.softhouse/capture/charges/bin/attest.py	ext	43	redirect	TENANT = sys.argv[1] if len(sys.argv) > 1 else 'gerege'
.softhouse/capture/charges/bin/attest.py	ext	46	redirect	CAPTURE_SET = sys.argv[2] if len(sys.argv) > 2 else 'pathb'
.softhouse/capture/charges/bin/capture.sh	ext	10	redirect	sh "$CH/bin/run-preconditions.sh" "$O/preconditions.txt" > /dev/null || {
.softhouse/capture/charges/bin/control.sh	ext	18	redirect	sh "$CH/bin/run-preconditions.sh" "$O/preconditions.txt" > /dev/null || {
.softhouse/capture/charges/bin/create-charges.sh	ext	11	redirect	sh "$CH/bin/run-preconditions.sh" "$O/preconditions.txt" > /dev/null || {
.softhouse/capture/charges/bin/create-charges2.sh	ext	8	redirect	sh "$CH/bin/run-preconditions.sh" "$O/preconditions-pass2.txt" > /dev/null || {
.softhouse/capture/charges/bin/fullcell.py	ext	154	redirect	va, vb = a.get(k, "<absent>"), b.get(k, "<absent>")
.softhouse/capture/charges/bin/fullcell.py	ext	167	redirect	out.append("     capture file; nothing is computed, extrapolated or authored. -->")
.softhouse/capture/charges/bin/lib.sh	ext	25	redirect	echo "  POST $_path  <- $(basename "$_req")  HTTP $_code  -> $(basename "$_out")"
.softhouse/capture/charges/bin/mkcalcs.sh	ext	40	redirect	' "$BASE" > "$R/calc-$_id.json"
.softhouse/capture/charges/bin/mkcalcs2.sh	ext	24	redirect	' "$BASE" > "$R/calc-$_id.json"
.softhouse/capture/charges/bin/mkcharges.sh	ext	21	redirect	cat > "$R/charge-01-flat-disbursement.json" <<'EOF'
.softhouse/capture/charges/bin/mkcharges.sh	ext	37	redirect	cat > "$R/charge-02-flat-instalment.json" <<'EOF'
.softhouse/capture/charges/bin/mkcharges.sh	ext	53	redirect	cat > "$R/charge-03-pctamount-disbursement.json" <<'EOF'
.softhouse/capture/charges/bin/mkcharges.sh	ext	69	redirect	cat > "$R/charge-04-pctinterest-instalment.json" <<'EOF'
.softhouse/capture/charges/bin/mkcharges.sh	ext	85	redirect	cat > "$R/charge-05-pctamountinterest-instalment.json" <<'EOF'
.softhouse/capture/charges/bin/mkcharges.sh	ext	101	redirect	cat > "$R/charge-06-penalty-specifieddue.json" <<'EOF'
.softhouse/capture/charges/bin/mkcharges.sh	ext	117	redirect	cat > "$R/charge-07-fee-specifieddue.json" <<'EOF'
.softhouse/capture/charges/bin/mkcharges.sh	ext	133	redirect	cat > "$R/charge-08-penalty-instalment.json" <<'EOF'
.softhouse/capture/charges/bin/mkcharges.sh	ext	149	redirect	cat > "$R/charge-09-pctamount-instalment.json" <<'EOF'
.softhouse/capture/charges/bin/mkcharges.sh	ext	165	redirect	cat > "$R/charge-10-pctamount-specifieddue.json" <<'EOF'
.softhouse/capture/charges/bin/mkcharges2.sh	ext	13	redirect	cat > "$R/charge-11-pctinterest-specifieddue.json" <<'EOF'
.softhouse/capture/charges/bin/mkcharges2.sh	ext	29	redirect	cat > "$R/charge-12-pctamountinterest-specifieddue.json" <<'EOF'
.softhouse/capture/charges/bin/run-preconditions.sh	ext	9	redirect	sh "$W/.softhouse/capture/charges/bin/preconditions.sh" gerege > "$OUT" 2>&1
.softhouse/capture/charges/bin/t46-capture.sh	ext	18	redirect	sh "$CH/bin/run-preconditions.sh" "$O/preconditions.txt" > /dev/null || {
.softhouse/capture/charges/bin/t46-defvsreq.py	ext	98	redirect	print(f"   if DEFINITION governs -> {pred_def}")
.softhouse/capture/charges/bin/t46-defvsreq.py	ext	99	redirect	print(f"   if REQUEST    governs -> {pred_req}")
.softhouse/capture/charges/bin/t46-defvsreq.py	ext	125	redirect	f"| HALF_UP -> {hu} | HALF_EVEN -> {he} | OBSERVED {observed} "
.softhouse/capture/charges/bin/t46-defvsreq.py	ext	126	redirect	f"=> {'HALF_UP' if observed == hu else 'HALF_EVEN' if observed == he else 'NEITHER'}")
.softhouse/capture/charges/bin/t46-exacttext.py	ext	19	redirect	2. **Every Path B capture gets an EXACT-TEXT SIDECAR**, `<capture>-exact.json`, in which every
.softhouse/capture/charges/bin/t46-exacttext.py	ext	137	redirect	f"{lhs[moved[0]]!r} -> {rhs[moved[0]]!r}")
.softhouse/capture/charges/bin/t46-mark-superseded.py	ext	54	redirect	"`0.021875 %` of 21,600.00 = 4.725 -> 4.73, and `0.009375 %` = 2.025 -> 2.03. See CORRECTIONS.]"),
.softhouse/capture/charges/bin/t46-mkcalcs.py	ext	27	redirect	HALF_UP -> 4.73 / 2.03.  HALF_EVEN -> 4.72 / 2.02.  These are the rounding-mode canary
.softhouse/capture/charges/bin/t46-mkcalcs.py	ext	64	redirect	"DEFINITION governs -> period-1 fee 810.00 (3.75 % of 21,600.00); "
.softhouse/capture/charges/bin/t46-mkcalcs.py	ext	65	redirect	"REQUEST governs -> period-1 fee 270.00 (1.25 % of 21,600.00)"),
.softhouse/capture/charges/bin/t46-mkcalcs.py	ext	68	redirect	"DEFINITION governs -> disbursement fee 15000.00; "
.softhouse/capture/charges/bin/t46-mkcalcs.py	ext	69	redirect	"REQUEST governs -> disbursement fee 7777.77"),
.softhouse/capture/charges/bin/t46-mkcalcs.py	ext	73	redirect	"HALF_UP -> 4.73; HALF_EVEN -> 4.72"),
.softhouse/capture/charges/bin/t46-mkcalcs.py	ext	77	redirect	"HALF_UP -> 2.03; HALF_EVEN -> 2.02"),
.softhouse/capture/charges/bin/t46-mkcalcs.py	ext	80	redirect	"DEFINITION governs -> the FC-05 fee column; REQUEST governs -> roughly 2x it "
.softhouse/capture/charges/bin/t46-mkcalcs.py	ext	84	redirect	"DEFINITION governs -> disbursement fee 14814.00 (1.2345 % of 1,200,000); "
.softhouse/capture/charges/bin/t46-mkcalcs.py	ext	85	redirect	"REQUEST governs -> 6000.00 (0.5 % of 1,200,000)"),
.softhouse/capture/charges/bin/t46-mkcalcs.py	ext	88	redirect	"DEFINITION governs -> penalty 1200.00 per period; "
.softhouse/capture/charges/bin/t46-mkcalcs.py	ext	89	redirect	"REQUEST governs -> penalty 333.33 per period"),
.softhouse/capture/charges/bin/t48-analyse.py	ext	115	redirect	if len(diffs) > 16:
.softhouse/capture/charges/bin/t48-analyse.py	ext	122	redirect	print("     -> EVERY CELL AGREES. This comparison DISCRIMINATES NOTHING: a port that "
.softhouse/capture/charges/bin/t48-analyse.py	ext	146	redirect	print("     %-34s m_charge.amount %-12s request %-6s -> totalFeeChargesCharged %s"
.softhouse/capture/charges/bin/t48-analyse.py	ext	169	redirect	print("\n\n######## GAP 4 -- RepaymentEvery > 3 ########")
.softhouse/capture/charges/bin/t48-capture.sh	ext+execbit	28	redirect	sh "$CH/bin/run-preconditions.sh" "$O/preconditions.txt" > /dev/null || {
.softhouse/capture/charges/bin/t48-capture.sh	ext+execbit	35	redirect	> "$O/state-before.txt"
.softhouse/capture/charges/bin/t48-capture.sh	ext+execbit	43	truncate	: > "$O/CREATED-IDS.txt"
.softhouse/capture/charges/bin/t48-capture.sh	ext+execbit	47	redirect	cat > "$O/req-$_out.json" <<EOF
.softhouse/capture/charges/bin/t48-capture.sh	ext+execbit	77	redirect	mkcharge "T48 percent of disbursement amount at disbursement" 1 5 1.2345 create-c5-tt1 > /dev/null
.softhouse/capture/charges/bin/t48-capture.sh	ext+execbit	78	redirect	mkcharge "T48 percent of disbursement amount on specified due date" 2 5 1.2345 create-c5-tt2 > /dev/null
.softhouse/capture/charges/bin/t48-capture.sh	ext+execbit	79	redirect	mkcharge "T48 percent of disbursement amount per instalment" 8 5 1.2345 create-c5-tt8 > /dev/null
.softhouse/capture/charges/bin/t48-capture.sh	ext+execbit	80	redirect	mkcharge "T48 percent of disbursement amount TRANCHE" 12 5 1.2345 create-c5-tt12 > /dev/null
.softhouse/capture/charges/bin/t48-capture.sh	ext+execbit	84	redirect	mkcharge "T48 INVALID calculation type 9" 1 9 1.2345 create-c9-invalid > /dev/null
.softhouse/capture/charges/bin/t48-capture.sh	ext+execbit	88	redirect	mkcharge "T48 flat OVERDUE_INSTALLMENT (chargeTimeType 9)" 9 1 1200 create-tt9-overdue > /dev/null
.softhouse/capture/charges/bin/t48-capture.sh	ext+execbit	95	redirect	> "$O/created-charges.txt"
.softhouse/capture/charges/bin/t48-capture.sh	ext+execbit	118	redirect	sed "s/\"chargeId\": 0/\"chargeId\": $2/" "$CH/req/$1-TEMPLATE.json" > "$CH/req/$1.json"
.softhouse/capture/charges/bin/t48-capture.sh	ext+execbit	149	redirect	> "$O/state-after.txt"
.softhouse/capture/charges/bin/t48-determinism.sh	ext+execbit	14	redirect	sh "$CH/bin/run-preconditions.sh" "$R/preconditions.txt" > /dev/null || {
.softhouse/capture/charges/bin/t48-mkreq.py	ext	19	redirect	4. RepaymentEvery > 3.
.softhouse/capture/charges/bin/t51-analyse.py	ext	136	redirect	if len(diffs) > show:
.softhouse/capture/charges/bin/t51-analyse.py	ext	143	redirect	print("     -> every cell agrees.  A port that conflated the two would pass this "
.softhouse/capture/charges/bin/t51-analyse.py	ext	159	redirect	pairs = [("AA1  leap->non-leap, monthly, disbursed 01 Nov 2024 (T48's AA-1 shape)", "IROD-AA1"),
.softhouse/capture/charges/bin/t51-analyse.py	ext	357	redirect	print("  T51-TR-05  tranche product, ct=5 charge, NO disbursementData -> HTTP %s : %s"
.softhouse/capture/charges/bin/t51-analyse2.py	ext	43	redirect	if len(diffs) > show:
.softhouse/capture/charges/bin/t51-analyse2.py	ext	50	redirect	print("     -> every cell agrees; on its own this comparison discriminates NOTHING.")
.softhouse/capture/charges/bin/t51-analyse2.py	ext	112	redirect	print("# ITEM 1, pass 2 -- the other crossing direction (non-leap -> leap)")
.softhouse/capture/charges/bin/t51-analyse3.py	ext	37	redirect	if len(diffs) > show:
.softhouse/capture/charges/bin/t51-analyse3.py	ext	44	redirect	print("     -> every cell agrees; on its own this comparison discriminates NOTHING.")
.softhouse/capture/charges/bin/t51-analyse3.py	ext	55	redirect	guarded by isAllowFullTermForTranche() && numberOfRepayments > 0 &&
.softhouse/capture/charges/bin/t51-capture.sh	ext	29	redirect	sh "$CH/bin/run-preconditions.sh" "$O/preconditions.txt" > /dev/null || {
.softhouse/capture/charges/bin/t51-capture.sh	ext	39	redirect	| tr -d '\r' > "$O/state-before.txt"
.softhouse/capture/charges/bin/t51-capture.sh	ext	44	truncate	: > "$O/CREATED-IDS.txt"
.softhouse/capture/charges/bin/t51-capture.sh	ext	49	redirect	mkprod() {   # mkprod <payload-stem> -> prints the new product id
.softhouse/capture/charges/bin/t51-capture.sh	ext	70	redirect	| tr -d '\r' > "$O/products-readback.txt"
.softhouse/capture/charges/bin/t51-capture.sh	ext	85	redirect	cat > "$O/req-$_out.json" <<EOF
.softhouse/capture/charges/bin/t51-capture.sh	ext	119	redirect	| tr -d '\r' > "$O/created-charges.txt"
.softhouse/capture/charges/bin/t51-capture.sh	ext	135	redirect	sed "s/\"productId\": 0,/\"productId\": $_pid,/" "$CH/req/calc-T51-$_stem-TEMPLATE.json" > "$CH/req/calc-T51-$4.json"
.softhouse/capture/charges/bin/t51-capture.sh	ext	137	inplace-edit	sed -i '' "s/\"chargeId\": 0,/\"chargeId\": $_cid,/" "$CH/req/calc-T51-$4.json"
.softhouse/capture/charges/bin/t51-capture.sh	ext	163	redirect	> "$CH/req/calc-T51-TR-06-c5-on-singledisb-product-P1PROD.json"
.softhouse/capture/charges/bin/t51-capture.sh	ext	173	truncate	: > "$O/HTTP-CODES.txt"
.softhouse/capture/charges/bin/t51-capture.sh	ext	189	redirect	| tr -d '\r' > "$O/state-after.txt"
.softhouse/capture/charges/bin/t51-capture.sh	ext	195	redirect	sh "$CH/bin/run-preconditions.sh" "$O/preconditions-after.txt" > /dev/null || {
.softhouse/capture/charges/bin/t51-capture2.sh	ext	28	redirect	sh "$CH/bin/run-preconditions.sh" "$O/preconditions-pass2.txt" > /dev/null || {
.softhouse/capture/charges/bin/t51-capture2.sh	ext	36	redirect	| tr -d '\r' > "$O/state-before-pass2.txt"
.softhouse/capture/charges/bin/t51-capture2.sh	ext	43	redirect	cat > "$O/req-$_out.json" <<EOF
.softhouse/capture/charges/bin/t51-capture2.sh	ext	79	redirect	| tr -d '\r' > "$O/created-charges-pass2.txt"
.softhouse/capture/charges/bin/t51-capture2.sh	ext	99	redirect	cat > "$R/calc-T51-$1.json" <<EOF
.softhouse/capture/charges/bin/t51-capture2.sh	ext	157	redirect	cat > "$R/calc-T51-IROD-NL2L-$tag.json" <<EOF
.softhouse/capture/charges/bin/t51-capture2.sh	ext	187	redirect	cat > "$R/calc-T51-FL-$fl.json" <<EOF
.softhouse/capture/charges/bin/t51-capture2.sh	ext	231	redirect	| tr -d '\r' > "$O/state-after-pass2.txt"
.softhouse/capture/charges/bin/t51-capture2.sh	ext	234	redirect	sh "$CH/bin/run-preconditions.sh" "$O/preconditions-pass2-after.txt" > /dev/null || {
.softhouse/capture/charges/bin/t51-capture3.sh	ext	20	redirect	sh "$CH/bin/run-preconditions.sh" "$O/preconditions-pass3.txt" > /dev/null || {
.softhouse/capture/charges/bin/t51-capture3.sh	ext	28	redirect	| tr -d '\r' > "$O/state-before-pass3.txt"
.softhouse/capture/charges/bin/t51-capture3.sh	ext	32	redirect	cat > "$R/calc-T51-$1.json" <<EOF
.softhouse/capture/charges/bin/t51-capture3.sh	ext	67	inplace-edit	sed -i '' 's/"interestRatePerPeriod": 0,/"interestRatePerPeriod": 21.6,/' "$R/calc-T51-FL-INTEREST-REJECT.json"
.softhouse/capture/charges/bin/t51-capture3.sh	ext	81	redirect	| tr -d '\r' > "$O/state-after-pass3.txt"
.softhouse/capture/charges/bin/t51-capture4.sh	ext	22	redirect	sh "$CH/bin/run-preconditions.sh" "$O/preconditions-pass4.txt" > /dev/null || {
.softhouse/capture/charges/bin/t51-capture4.sh	ext	30	redirect	| tr -d '\r' > "$O/state-before-pass4.txt"
.softhouse/capture/charges/bin/t51-capture4.sh	ext	34	redirect	cat > "$R/calc-T51-$1.json" <<EOF
.softhouse/capture/charges/bin/t51-capture4.sh	ext	84	redirect	| tr -d '\r' > "$O/state-after-pass4.txt"
.softhouse/capture/charges/bin/t51-capture5.sh	ext	21	redirect	sh "$CH/bin/run-preconditions.sh" "$O/preconditions-pass5.txt" > /dev/null || {
.softhouse/capture/charges/bin/t51-capture5.sh	ext	29	redirect	| tr -d '\r' > "$O/state-before-pass5.txt"
.softhouse/capture/charges/bin/t51-capture5.sh	ext	41	redirect	"$P/product-3-diycs-fullleapyear.json" > "$R/$out.json"
.softhouse/capture/charges/bin/t51-capture5.sh	ext	64	redirect	| tr -d '\r' > "$O/products-readback-pass5.txt" 2>/dev/null || \
.softhouse/capture/charges/bin/t51-capture5.sh	ext	67	redirect	| tr -d '\r' > "$O/products-readback-pass5.txt"
.softhouse/capture/charges/bin/t51-capture5.sh	ext	71	redirect	cat > "$R/calc-T51-$1.json" <<EOF
.softhouse/capture/charges/bin/t51-capture5.sh	ext	117	redirect	| tr -d '\r' > "$O/state-after-pass5.txt"
.softhouse/capture/charges/bin/t51-capture5.sh	ext	120	redirect	sh "$CH/bin/run-preconditions.sh" "$O/preconditions-pass5-after.txt" > /dev/null || {
.softhouse/capture/charges/bin/t51-capture6.sh	ext	20	redirect	sh "$CH/bin/run-preconditions.sh" "$O/preconditions-pass6.txt" > /dev/null || {
.softhouse/capture/charges/bin/t51-capture6.sh	ext	28	redirect	| tr -d '\r' > "$O/state-before-pass6.txt"
.softhouse/capture/charges/bin/t51-capture6.sh	ext	34	redirect	"$R/calc-T51-FTTP-P$n.json" > "$R/calc-T51-FTTPOFF-P$n.json"
.softhouse/capture/charges/bin/t51-capture6.sh	ext	49	redirect	| tr -d '\r' > "$O/state-after-pass6.txt"
.softhouse/capture/charges/bin/t51-determinism.sh	ext	16	redirect	| tr -d '\r' > "$D/state-before.txt"
.softhouse/capture/charges/bin/t51-determinism.sh	ext	39	redirect	| tr -d '\r' > "$D/state-after.txt"
.softhouse/capture/charges/bin/t51-mkfixtures.sh	ext	41	redirect	"$P/product-3-diycs-fullleapyear.json" > "$R/prod-T51-P1-irod-true.json"
.softhouse/capture/charges/bin/t51-mkfixtures.sh	ext	46	redirect	"$P/product-3-diycs-fullleapyear.json" > "$R/prod-T51-P2-irod-false.json"
.softhouse/capture/charges/bin/t51-mkfixtures.sh	ext	55	redirect	"$P/product-1-baseline.json" > "$R/prod-T51-P3-tranche.json"
.softhouse/capture/charges/bin/t51-mkfixtures.sh	ext	71	redirect	cat > "$R/calc-T51-$1-TEMPLATE.json"
.softhouse/capture/charges/bin/t51-negative.sh	ext	21	redirect	sh "$CH/bin/preconditions.sh" default > "$N/n1-preconditions-default.txt" 2>&1
.softhouse/capture/charges/bin/t51-negative.sh	ext	32	redirect	sed 's/"productId": 19,/"productId": 0,/' "$CH/req/calc-T51-TR-01-c5-tranche-P3.json" > "$N/n2-placeholder.json"
.softhouse/capture/charges/bin/t51-negative.sh	ext	41	redirect	sed 's/"amount": 1.2345 }/"amount": 9.9999 }/' "$CH/req/calc-T51-TR-01-c5-tranche-P3.json" > "$N/n3-corrupt-amount.json"
.softhouse/capture/charges/bin/t51-negative.sh	ext	45	redirect	ok "N3 a corrupted charge amount (1.2345 -> 9.9999) produces a DIFFERENT response (HTTP $code); the comparison is not vacuous"
.softhouse/capture/charges/bin/t51-negative.sh	ext	53	redirect	printf '{ "this": "is not a loan application" }' > "$N/n4-malformed.json"
.softhouse/capture/charges/bin/t51-negative.sh	ext	74	redirect	python3 - "$O" <<'PY' > "$N/n6-sidecar.txt" 2>&1
.softhouse/capture/charges/bin/t51-negative.sh	ext	92	redirect	python3 - "$O" <<'PY' > "$N/n7-boundary.txt" 2>&1
.softhouse/capture/charges/bin/t51-negative.sh	ext	111	redirect	"-> matches 31-Dec:", fabricated==i_dec, " matches 1-Jan:", fabricated==i_jan)
.softhouse/capture/charges/bin/t51-negative.sh	ext	123	redirect	python3 - "$O" <<'PY' > "$N/n8-comparator.txt" 2>&1
.softhouse/capture/charges/bin/t51-negative.sh	ext	140	redirect	sys.exit(0 if (z==0 and s>0) else 1)
.softhouse/capture/dec1-binding/analysis/dec1_readings.py	ext	44	redirect	def mul(a: Decimal, b: Decimal) -> Decimal:
.softhouse/capture/dec1-binding/analysis/dec1_readings.py	ext	49	redirect	def div(a: Decimal, b: Decimal) -> Decimal:
.softhouse/capture/dec1-binding/analysis/dec1_readings.py	ext	54	redirect	def madd(a: Decimal, b: Decimal) -> Decimal:
.softhouse/capture/dec1-binding/analysis/dec1_readings.py	ext	58	redirect	def xadd(a: Decimal, b: Decimal) -> Decimal:
.softhouse/capture/dec1-binding/analysis/dec1_readings.py	ext	65	redirect	def set_scale(x: Decimal, s: int) -> Decimal:
.softhouse/capture/dec1-binding/analysis/dec1_readings.py	ext	70	redirect	def money(x: Decimal) -> Decimal:
.softhouse/capture/dec1-binding/analysis/dec1_readings.py	ext	76	redirect	def days(a: date, b: date) -> int:
.softhouse/capture/dec1-binding/analysis/dec1_readings.py	ext	85	redirect	def _step_month(d: date, months: int) -> date:
.softhouse/capture/dec1-binding/analysis/dec1_readings.py	ext	91	redirect	def due_dates(start: date, n: int, every: int, seed: date) -> list[date]:
.softhouse/capture/dec1-binding/analysis/dec1_readings.py	ext	95	redirect	if seed.day > 28 and nxt.day >= 28:                # :168-176
.softhouse/capture/dec1-binding/analysis/dec1_readings.py	ext	131	redirect	day_counts: str) -> Decimal:
.softhouse/capture/dec1-binding/analysis/dec1_readings.py	ext	167	redirect	day_counts: str) -> None:
.softhouse/capture/dec1-binding/analysis/dec1_readings.py	ext	179	redirect	def growth_factor(rp: RepaymentPeriod, composition: str) -> Decimal:
.softhouse/capture/dec1-binding/analysis/dec1_readings.py	ext	203	redirect	def _whole_period_factor(rp: RepaymentPeriod) -> Decimal:
.softhouse/capture/dec1-binding/analysis/dec1_readings.py	ext	209	redirect	def interest_of(ip: InterestPeriod, rp: RepaymentPeriod, reading: str) -> Decimal:
.softhouse/capture/dec1-binding/analysis/dec1_readings.py	ext	225	redirect	def build_periods(start: date, n: int, every: int, seed: date) -> list[RepaymentPeriod]:
.softhouse/capture/dec1-binding/analysis/dec1_readings.py	ext	233	redirect	amount: Decimal) -> date:
.softhouse/capture/dec1-binding/analysis/dec1_readings.py	ext	243	redirect	lo = (d >= rp.frm) if i == 0 else (d > rp.frm)
.softhouse/capture/dec1-binding/analysis/dec1_readings.py	ext	269	redirect	def propagate_one(rps: list[RepaymentPeriod], i: int) -> None:
.softhouse/capture/dec1-binding/analysis/dec1_readings.py	ext	284	redirect	ip.balance_in = v if v > 0 else ZERO
.softhouse/capture/dec1-binding/analysis/dec1_readings.py	ext	288	redirect	ip.balance_in = v if v > 0 else ZERO
.softhouse/capture/dec1-binding/analysis/dec1_readings.py	ext	293	redirect	def split(rps: list[RepaymentPeriod], interest_reading: str) -> None:
.softhouse/capture/dec1-binding/analysis/dec1_readings.py	ext	305	redirect	rp.principal = p if p > 0 else ZERO
.softhouse/capture/dec1-binding/analysis/dec1_readings.py	ext	310	redirect	rp.outstanding = o if o > 0 else ZERO                # step 4, clamp  :399
.softhouse/capture/dec1-binding/analysis/dec1_readings.py	ext	313	redirect	def apply_residual(rps: list[RepaymentPeriod], total_disbursed: Decimal) -> None:
.softhouse/capture/dec1-binding/analysis/dec1_readings.py	ext	325	redirect	def rebuild(rps, related, level, total_disbursed, interest_reading) -> None:
.softhouse/capture/dec1-binding/analysis/dec1_readings.py	ext	338	redirect	def level_installment(related: list[RepaymentPeriod], composition: str) -> Decimal:
.softhouse/capture/dec1-binding/analysis/dec1_readings.py	ext	354	redirect	def divide_to_minor(numer: Decimal, d: int) -> Decimal:
.softhouse/capture/dec1-binding/analysis/dec1_readings.py	ext	364	redirect	loop_reading: str = "spec") -> None:      # T37 EDIT 1
.softhouse/capture/dec1-binding/analysis/dec1_readings.py	ext	390	redirect	if not (lower_half > 0
.softhouse/capture/dec1-binding/analysis/dec1_readings.py	ext	393	redirect	> Decimal(lower_half)):                        # :34-35, in units
.softhouse/capture/dec1-binding/analysis/dec1_readings.py	ext	425	redirect	if counter > 3:
.softhouse/capture/dec1-binding/analysis/dec1_readings.py	ext	465	redirect	def _f(x: Decimal) -> str:
.softhouse/capture/dec1-binding/analysis/dec1_readings.py	ext	469	redirect	def rows(rps) -> dict:
.softhouse/capture/dec1-binding/analysis/dec1_readings.py	ext	493	redirect	def reading(principal_major, n, annual_pct, start, disb, **kw) -> dict:
.softhouse/capture/dec1-binding/analysis/discriminate.py	ext	128	truncate	print(f"    OBSERVED  total interest {obs['totalInterestAmount']:>15}   "
.softhouse/capture/dec1-binding/analysis/discriminate.py	ext	129	truncate	f"final installment {obs['periods'][-1]['total']:>15}")
.softhouse/capture/dec1-binding/analysis/discriminate.py	ext	145	truncate	print(f"        total interest {wrong['totalInterestAmount']:>15}   "
.softhouse/capture/dec1-binding/analysis/discriminate.py	ext	146	truncate	f"final installment {wrong['periods'][-1]['total']:>15}")
.softhouse/capture/dec1-binding/analysis/discriminate.py	ext	156	redirect	print(f"    => THE OBSERVATION {'SEPARATES' if sep else 'DOES NOT SEPARATE'} THE READINGS\n")
.softhouse/capture/dec1-binding/analysis/select_shapes.py	ext	78	redirect	print(f"  {tag}  MNT {p:>10,} / {n:<3} x {r:>5}%  start={start}{ds}"
.softhouse/capture/dec1-binding/analysis/select_shapes.py	ext	80	truncate	print(f"             revision 6 total interest = {spec['totalInterestAmount']:>15}"
.softhouse/capture/dec1-binding/analysis/select_shapes.py	ext	81	truncate	f"   final installment = {spec['periods'][-1]['total']:>14}")
.softhouse/capture/dec1-binding/analysis/select_shapes.py	ext	82	truncate	print(f"             wrong reading            = {wrong['totalInterestAmount']:>15}"
.softhouse/capture/dec1-binding/analysis/select_shapes.py	ext	83	truncate	f"                       = {wrong['periods'][-1]['total']:>14}")
.softhouse/capture/emiloop/analyse.py	ext	130	redirect	if abs(d) > worst[0]:
.softhouse/capture/emiloop/noloop_model.py	ext	16	redirect	EMI -> Money     Money.java:40-53  setScale(2, HALF_UP)
.softhouse/capture/emiloop/noloop_model.py	ext	20	redirect	guard            EmiAdjustment.java:31-36  |lastEMI - penultEMI| * 100 > floor(n/2) currency units
.softhouse/capture/emiloop/noloop_model.py	ext	85	redirect	opening_last = rows[-2]["closing"] if n > 1 else P
.softhouse/capture/emiloop/noloop_model.py	ext	91	redirect	"penultEmi": rows[-2]["emi"] if n > 1 else None,
.softhouse/capture/emiloop/noloop_model.py	ext	98	redirect	floor(n/2) CURRENCY UNITS flat. |diff| * 100 > floor(n/2) is exactly
.softhouse/capture/emiloop/noloop_model.py	ext	99	redirect	|diff in minor units| > floor(n/2)."""
.softhouse/capture/emiloop/noloop_model.py	ext	109	redirect	"trips": lower_half > 0 and diff != 0 and lhs > Decimal(lower_half),
.softhouse/capture/emiloop/p03-control.py	ext	5	redirect	are 2..6 and n = 5 (ProgressiveEMICalculator.java:250-263 -> ProgressiveLoanInterestScheduleModel
.softhouse/capture/leapboundary/analysis/T175-red/drive-red.py	ext	8	redirect	A  ORIGINAL vs CLEAN corpus            -> I6 ok           (baseline: it is not simply broken)
.softhouse/capture/leapboundary/analysis/T175-red/drive-red.py	ext	9	redirect	B  ORIGINAL vs PARSEABLE 3-dp plant    -> I6 VIOLATED     (control: it catches what it parses)
.softhouse/capture/leapboundary/analysis/T175-red/drive-red.py	ext	10	redirect	C  ORIGINAL vs UNPARSEABLE 3-dp plant  -> I6 ok  <-- THE DEFECT, demonstrated not asserted
.softhouse/capture/leapboundary/analysis/T175-red/drive-red.py	ext	11	redirect	D  SUCCESSOR vs UNPARSEABLE 3-dp plant -> exits 1 and NAMES the cell
.softhouse/capture/leapboundary/analysis/T175-red/drive-red.py	ext	12	redirect	E  SUCCESSOR vs CLEAN corpus           -> exits 0, 1236 money cells inspected, 0 swallowed
.softhouse/capture/leapboundary/analysis/T175-red/drive-red.py	ext	13	redirect	F  SUCCESSOR vs an EMPTY corpus        -> exits 1 (zero inspected is an ERROR, P-35)
.softhouse/capture/leapboundary/analysis/T175-red/drive-red.py	ext	94	redirect	print("        -> the original's I6 is NOT simply broken. It catches a 3-dp breach")
.softhouse/capture/leapboundary/analysis/T175-red/drive-red.py	ext	100	redirect	check("ORIGINAL I6 on an UNPARSEABLE three-decimal money cell (defect => ok)",
.softhouse/capture/leapboundary/analysis/T175-red/drive-red.py	ext	106	redirect	print("        -> field-census.py enumerates the whole money surface of this capture:")
.softhouse/capture/leapboundary/analysis/T175-red/drive-red.py	ext	177	py-rmtree	shutil.rmtree(tmp, ignore_errors=True)
.softhouse/capture/leapboundary/analysis/T175-red/field-census.py	ext	155	py-rmtree	shutil.rmtree(tmp, ignore_errors=True)
.softhouse/capture/leapboundary/analysis/T175-red/measure-other-sites.py	ext	138	redirect	if len(swallowed) > 20:
.softhouse/capture/leapboundary/analysis/T175-red/plant.py	ext	23	redirect	python3 plant.py <scratch-dir> unparseable-3dp    # the swallowed defect
.softhouse/capture/leapboundary/analysis/T175-red/plant.py	ext	24	redirect	python3 plant.py <scratch-dir> parseable-3dp      # the control the original DOES catch
.softhouse/capture/leapboundary/analysis/T175-red/plant.py	ext	25	redirect	python3 plant.py <scratch-dir> clean              # untouched copy
.softhouse/capture/leapboundary/analysis/T175-red/plant.py	ext	26	redirect	Writes only inside <scratch-dir>.  Constructs no float.
.softhouse/capture/leapboundary/analysis/T175-red/plant.py	ext	62	py-rmtree	shutil.rmtree(scratch)
.softhouse/capture/leapboundary/analysis/T175-red/show-sites.py	ext	11	redirect	census, root = argv[0], (argv[1] if len(argv) > 1 else os.getcwd())
.softhouse/capture/leapboundary/analysis/T207/census-at-rev.py	ext	5	redirect	python3 census-at-rev.py <repo-root> <rev> [<rev> ...]
.softhouse/capture/leapboundary/analysis/T207/json-load-census.py	ext	41	redirect	"""-> list of (lineno, callee_text, has_parse_float)."""
.softhouse/capture/leapboundary/analysis/T207/measure-other-sites-v2.py	ext	290	redirect	if len(r["swallowed"]) > 20:
.softhouse/capture/leapboundary/analysis/T207/reconcile-t185-figures.py	ext	2	redirect	"""T207 -- reconcile T185's published '193 -> 201' and the brief's '240 scripts' against the
.softhouse/capture/leapboundary/analysis/T207/reconcile-t185-figures.py	ext	59	redirect	print("T207 -- candidate populations for T185's '193 -> 201' and the brief's '240 scripts'")
.softhouse/capture/leapboundary/analysis/T207/reconcile-t185-figures.py	ext	76	redirect	print("SITE-COUNT candidates (the '193 -> 201' term):")
.softhouse/capture/leapboundary/analysis/t55-analyse.py	ext	23	redirect	(ProgressiveEMICalculator.java:1526-1530 -> calculatePeriodFractions :1548-1568 ->
.softhouse/capture/leapboundary/analysis/t55-analyse.py	ext	25	redirect	(:1533-1535 -> rateFactorByRepaymentPeriod :1950-1963) -- from the OBSERVED opening
.softhouse/capture/leapboundary/analysis/t55-analyse.py	ext	134	redirect	"""Flatten a response into name -> exact text.  Every period row, every field, plus totals."""
.softhouse/capture/leapboundary/analysis/t55-analyse.py	ext	144	redirect	if isinstance(v, list):          # date arrays -> yyyy-mm-dd
.softhouse/capture/leapboundary/analysis/t55-analyse.py	ext	165	redirect	if delta > worst:
.softhouse/capture/leapboundary/analysis/t55-analyse.py	ext	338	redirect	res.append(("I4 due dates strictly monotonic", all(b > a for a, b in zip(ds, ds[1:])),
.softhouse/capture/leapboundary/analysis/t55-analyse.py	ext	354	redirect	if exp > 2:
.softhouse/capture/leapboundary/analysis/t55-analyse.py	ext	376	redirect	("LB-LEAPIN",   "365 -> 366 crossing in period 2 (ANCHOR: same shape as T48's T48B-PUREB)"),
.softhouse/capture/leapboundary/analysis/t55-analyse.py	ext	377	redirect	("LB-LEAPOUT",  "366 -> 365 crossing in period 2 (NEW: no captured PAIR held this direction)"),
.softhouse/capture/leapboundary/analysis/t55-analyse.py	ext	378	redirect	("LB-NONLEAP",  "365 -> 365 crossing in period 2 (CONTROL for T48-N4: must be 0 cells)"),
.softhouse/capture/leapboundary/analysis/t55-analyse.py	ext	379	redirect	("LB-DEC15IN",  "365 -> 366, 16-day first segment"),
.softhouse/capture/leapboundary/analysis/t55-analyse.py	ext	380	redirect	("LB-DEC15OUT", "366 -> 365, 16-day first segment"),
.softhouse/capture/leapboundary/analysis/t55-analyse.py	ext	381	redirect	("LB-DEC15NL",  "365 -> 365, 16-day first segment (CONTROL)"),
.softhouse/capture/leapboundary/analysis/t55-analyse.py	ext	383	redirect	("LB-F29CROSS", "crossing period CONTAINS 29 Feb 2024 -> FEB_29_PERIOD_ONLY takes the arm too"),
.softhouse/capture/leapboundary/analysis/t55-analyse.py	ext	432	redirect	if len(d) > 8:
.softhouse/capture/leapboundary/analysis/t55-analyse.py	ext	459	redirect	if not any(v > 0 for v in p74.values()):
.softhouse/capture/leapboundary/analysis/t55-analyse.py	ext	482	redirect	("per", "from -> due", "days", "opening bal", "OBS interest",
.softhouse/capture/leapboundary/analysis/t55-analyse.py	ext	485	redirect	segtxt = " + ".join("%d/%d" % (d, l) for _y, d, l in r["segs"]) if r["entered"] or len(r["segs"]) > 1 else "-"
.softhouse/capture/leapboundary/analysis/t55-analyse.py	ext	537	redirect	if d1 > w365[0]:
.softhouse/capture/leapboundary/analysis/t55-analyse.py	ext	541	redirect	if d2 > wact[0]:
.softhouse/capture/leapboundary/analysis/t55-invariants-v2.py	ext	134	redirect	if exp > 2:
.softhouse/capture/leapboundary/analysis/t55-invariants-v2.py	ext	174	redirect	if delta > worst:
.softhouse/capture/leapboundary/analysis/t55-invariants-v2.py	ext	201	redirect	skip("load", cid, "<whole capture>", cid, exc)
.softhouse/capture/leapboundary/analysis/t55-invariants-v2.py	ext	260	redirect	skip("worst-delta", "%s %s vs %s" % (sid, a, b), "<whole pair>", "", exc)
.softhouse/capture/leapboundary/analysis/t55-prior-capture-assessment.py	ext	78	redirect	crossing = due.year > frm.year
.softhouse/capture/leapboundary/analysis/t55-prior-capture-assessment.py	ext	82	redirect	mixed_year_lengths=(len(yrs) > 1),
.softhouse/capture/leapboundary/analysis/t55-prior-capture-assessment.py	ext	101	redirect	if delta > worst:
.softhouse/capture/leapboundary/analysis/t55-prior-capture-assessment.py	ext	115	redirect	print("Q2. Does an existing T48 PAIR discriminate (>0 cells on a one-setting change)?")
.softhouse/capture/leapboundary/analysis/t55-prior-capture-assessment.py	ext	161	redirect	print("  leap 2024, where the strategy acts through effect (a) -- getNumberOfDays' 366 -> 365")
.softhouse/capture/leapboundary/analysis/t55-prior-capture-assessment.py	ext	179	redirect	(2023-12-01 -> 2024-01-01) crosses into leap 2024 with a 30-day first segment and attributes
.softhouse/capture/leapboundary/analysis/t55-prior-capture-assessment.py	ext	185	redirect	period 12 carries the 366 -> 365 direction.  It is not a clean grader of the arm: 11 of its 12
.softhouse/capture/leapboundary/analysis/t55-prior-capture-assessment.py	ext	193	redirect	* a CLEAN pair in the 366 -> 365 direction.  T48B-AA1 has that geometry but was captured on
.softhouse/capture/leapboundary/bin/t55-capture.sh	ext+execbit	56	redirect	sh "$W/.softhouse/capture/charges/bin/run-preconditions.sh" "$O/preconditions.txt" > /dev/null || {
.softhouse/capture/leapboundary/bin/t55-capture.sh	ext+execbit	63	redirect	> "$O/products-asserted.txt"
.softhouse/capture/leapboundary/bin/t55-capture.sh	ext+execbit	76	redirect	> "$O/products-matched.txt"
.softhouse/capture/leapboundary/bin/t55-capture.sh	ext+execbit	96	redirect	cat > "$R/calc-$_name.json" <<EOF
.softhouse/capture/leapboundary/bin/t55-capture.sh	ext+execbit	165	truncate	: > "$O/HTTP-CODES.txt"
.softhouse/capture/leapboundary/bin/t55-capture.sh	ext+execbit	185	redirect	[ "$LOANS_AFTER" = "$LOANS_BEFORE" ] || { echo "BREACH: m_loan $LOANS_BEFORE -> $LOANS_AFTER" >&2; exit 1; }
.softhouse/capture/leapboundary/bin/t55-capture.sh	ext+execbit	186	redirect	[ "$PROD_AFTER"  = "$PROD_BEFORE"  ] || { echo "BREACH: m_product_loan $PROD_BEFORE -> $PROD_AFTER" >&2; exit 1; }
.softhouse/capture/leapboundary/bin/t55-capture.sh	ext+execbit	187	redirect	[ "$CLI_AFTER"   = "$CLI_BEFORE"   ] || { echo "BREACH: m_client $CLI_BEFORE -> $CLI_AFTER" >&2; exit 1; }
.softhouse/capture/leapboundary/bin/t55-capture.sh	ext+execbit	191	redirect	docker inspect fineract-fineract-1 --format '{{.State.StartedAt}} {{.RestartCount}}' > "$O/container-state.txt"
.softhouse/capture/leapboundary/bin/t55-capture.sh	ext+execbit	198	redirect	shasum -a 256 "$O"/LB-*-raw.json > "$O/DIGESTS.txt"
.softhouse/capture/lib/attest_population.py	ext	58	redirect	* `git ls-files` exit != 0                       -> REFUSE (2).  Nonzero is an
.softhouse/capture/lib/attest_population.py	ext	60	redirect	* zero sidecars found                            -> REFUSE (2).  "Not found is
.softhouse/capture/lib/attest_population.py	ext	62	redirect	* a sidecar that cannot be read                  -> REFUSE (2).
.softhouse/capture/lib/attest_population.py	ext	63	redirect	* pin file missing or unparseable                -> REFUSE (2).
.softhouse/capture/lib/attest_population.py	ext	64	redirect	* legacy count ABOVE the pin                     -> FAIL (1).  A new
.softhouse/capture/lib/attest_population.py	ext	66	redirect	* legacy count BELOW the pin                     -> FAIL (1).  Good news that
.softhouse/capture/lib/attest_population.py	ext	69	redirect	* excluded directory set != pinned set           -> FAIL (1).
.softhouse/capture/lib/attest_population.py	ext	226	redirect	if len(legacy) > pin["legacy_sidecars"]:
.softhouse/capture/lib/check_no_narrow_catch.py	ext	12	redirect	is `capture/src/t169-red/build_harness_t169.py` (OLD_HANDLER -> NEW_HANDLER).
.softhouse/capture/lib/check_no_narrow_catch.py	ext	15	redirect	check_no_narrow_catch.py <repo-root>     exit 0 clean, exit 1 and name every new site otherwise
.softhouse/capture/lib/check_no_narrow_catch.py	ext	186	redirect	print('  -> exit %d' % rc)
.softhouse/capture/lib/check_no_narrow_catch.py	ext	203	redirect	print('  -> exit %d' % rc)
.softhouse/capture/lib/check_no_narrow_catch.py	ext	219	redirect	print('  -> exit %d' % rc)
.softhouse/capture/lib/check_no_narrow_catch.py	ext	229	redirect	print('  -> exit %d' % rc)
.softhouse/capture/lib/check_no_narrow_catch.py	ext	284	redirect	print('  -> exit %d' % rc)
.softhouse/capture/lib/check_wire_float_roundtrip.py	ext+execbit	109	redirect	check_wire_float_roundtrip.py <repo-root>   exit 0 clean, exit 1 and name every site otherwise
.softhouse/capture/lib/check_wire_float_roundtrip.py	ext+execbit	479	redirect	"""Write a capture RECORD (not a req/ body) at .softhouse/capture/<relparts>."""
.softhouse/capture/lib/check_wire_float_roundtrip.py	ext+execbit	539	redirect	print('  -> exit %d' % rc)
.softhouse/capture/lib/check_wire_float_roundtrip.py	ext+execbit	550	redirect	print('  -> exit %d' % rc)
.softhouse/capture/lib/check_wire_float_roundtrip.py	ext+execbit	559	redirect	print('  -> exit %d' % rc)
.softhouse/capture/lib/check_wire_float_roundtrip.py	ext+execbit	569	redirect	print('  -> exit %d' % rc)
.softhouse/capture/lib/check_wire_float_roundtrip.py	ext+execbit	581	redirect	print('  -> exit %d' % rc)
.softhouse/capture/lib/check_wire_float_roundtrip.py	ext+execbit	600	redirect	print('  -> exit %d' % rc)
.softhouse/capture/lib/check_wire_float_roundtrip.py	ext+execbit	618	redirect	print('  -> exit %d' % rc)
.softhouse/capture/lib/check_wire_float_roundtrip.py	ext+execbit	633	redirect	print('  -> exit %d' % rc)
.softhouse/capture/lib/check_wire_float_roundtrip.py	ext+execbit	645	redirect	print('  -> exit %d' % rc)
.softhouse/capture/lib/check_wire_float_roundtrip.py	ext+execbit	661	redirect	print('  -> exit %d' % rc)
.softhouse/capture/lib/check_wire_float_roundtrip.py	ext+execbit	674	redirect	print('  -> exit %d' % rc)
.softhouse/capture/lib/check_wire_float_roundtrip.py	ext+execbit	690	redirect	print('  -> exit %d' % rc)
.softhouse/capture/lib/check_wire_float_roundtrip.py	ext+execbit	703	redirect	print('  -> exit %d' % rc)
.softhouse/capture/lib/oracle_send.sh	ext	114	rm	trap 'rm -rf "$os_tmpd"' EXIT HUP INT TERM QUIT
.softhouse/capture/lib/oracle_send.sh	ext	120	rm	cp "$os_body" "$os_tmpreq" || { rm -rf "$os_tmpd"; trap - EXIT; return 2; }
.softhouse/capture/lib/oracle_send.sh	ext	157	rm	rm -rf "$os_tmpd"
.softhouse/capture/lib/oracle_send.sh	ext	166	redirect	if command -v shasum >/dev/null 2>&1; then
.softhouse/capture/lib/oracle_send.sh	ext	167	rm	os_sha=$(shasum -a 256 "$os_tmpreq") || { rm -rf "$os_tmpd"; trap - EXIT; return 2; }
.softhouse/capture/lib/oracle_send.sh	ext	169	rm	os_sha=$(sha256sum "$os_tmpreq") || { rm -rf "$os_tmpd"; trap - EXIT; return 2; }
.softhouse/capture/lib/oracle_send.sh	ext	172	rm	mv "$os_tmpreq" "$os_req" || { rm -rf "$os_tmpd"; trap - EXIT; return 2; }
.softhouse/capture/lib/oracle_send.sh	ext	173	redirect	printf '%s  %s\n' "$os_sha" "$os_name.req" > "$os_reqsha"
.softhouse/capture/lib/oracle_send.sh	ext	186	rm	mv "$os_tmpbody" "$os_out" || { rm -rf "$os_tmpd"; trap - EXIT; return 2; }
.softhouse/capture/lib/oracle_send.sh	ext	187	redirect	echo "$os_code" > "$os_status"
.softhouse/capture/lib/oracle_send.sh	ext	205	rm	rm -f "$os_http" "$os_reqhdr" "$os_req" "$os_reqsha" "$os_out" "$os_status" \
.softhouse/capture/lib/oracle_send.sh	ext	207	rm	rm -rf "$os_tmpd"
.softhouse/capture/lib/oracle_send.sh	ext	219	redirect	--resp "$os_out" --resphdr "$os_resphdr" --status "$os_status" >/dev/null; then
.softhouse/capture/lib/oracle_send.sh	ext	223	rm	rm -rf "$os_tmpd"
.softhouse/capture/lib/oracle_send.sh	ext	228	rm	rm -rf "$os_tmpd"
.softhouse/capture/lib/sweep_integrity.py	ext	32	redirect	* a threw cell silently absent            -> it lands in `skipped`, which is printed, named, and
.softhouse/capture/lib/sweep_integrity.py	ext	135	redirect	out.append('  SKIPPED %s -> asked for, absent from the capture' % cid)
.softhouse/capture/lib/sweep_integrity.py	ext	215	redirect	print('ok    %s  -> IntegrityError: %s' % (what, str(exc).split('\n')[0]))
.softhouse/capture/lib/sweep_integrity.py	ext	218	redirect	print('FAIL  %s  -> did NOT raise' % what)
.softhouse/capture/lib/sweep_integrity.py	ext	229	redirect	check('all clean -> asked 3 / observed 3 / threw 0 / skipped 0',
.softhouse/capture/lib/sweep_integrity.py	ext	233	redirect	check('one throw -> asked 3 / observed 2 / threw 1 / skipped 0',
.softhouse/capture/lib/sweep_integrity.py	ext	245	redirect	check('a missing cell -> asked 3 / observed 2 / threw 0 / skipped 1',
.softhouse/capture/lib/wire_attestation.py	ext	28	redirect	R2a reorder the header lines in the sidecar                    -> rc=0
.softhouse/capture/lib/wire_attestation.py	ext	30	redirect	sidecar                                                    -> rc=0
.softhouse/capture/lib/wire_attestation.py	ext	34	redirect	R3  invent `content-length-crosscheck: MATCH (99999 bytes)`     -> rc=0
.softhouse/capture/lib/wire_attestation.py	ext	37	redirect	R4  swap the response `.json` for another capture's             -> rc=0
.softhouse/capture/lib/wire_attestation.py	ext	48	redirect	* an assertion that is ABSENT changes the text          -> FAIL   (kills R1)
.softhouse/capture/lib/wire_attestation.py	ext	49	redirect	* a line out of order changes the text                  -> FAIL   (kills R2a)
.softhouse/capture/lib/wire_attestation.py	ext	50	redirect	* a dropped duplicate changes the text                  -> FAIL   (kills R2b)
.softhouse/capture/lib/wire_attestation.py	ext	51	redirect	* an invented or altered value changes the text         -> FAIL   (kills R3)
.softhouse/capture/lib/wire_attestation.py	ext	52	redirect	* a swapped response changes `response-sha256:`         -> FAIL   (kills R4)
.softhouse/capture/lib/wire_attestation.py	ext	101	redirect	-> REFUSED (exit 2).  This sidecar attests nothing about a response, so no
.softhouse/capture/lib/wire_attestation.py	ext	114	redirect	* schema 2 sidecar with any response artefact missing -> REFUSED (exit 2).
.softhouse/capture/lib/wire_attestation.py	ext	115	redirect	* any other schema value -> REFUSED (exit 2).
.softhouse/capture/lib/wire_attestation.py	ext	123	redirect	UNDETECTABLY.  Tamper any one of them -> re-derivation differs -> exit 1.
.softhouse/capture/lib/wire_attestation.py	ext	124	redirect	Omit an assertion -> re-derivation differs -> exit 1.  Reorder or drop a
.softhouse/capture/lib/wire_attestation.py	ext	125	redirect	duplicate header -> re-derivation differs -> exit 1.
.softhouse/capture/lib/wire_attestation.py	ext	199	redirect	SEND_HEADER_RE = re.compile(r"^=> Send header, (\d+) bytes")
.softhouse/capture/lib/wire_attestation.py	ext	205	redirect	"send": (SEND_HEADER_RE, "send-header-block", "=> Send"),
.softhouse/capture/lib/wire_attestation.py	ext	248	redirect	o2 == o1 + len(c1)       -> c2 CONTINUES c1  (no CRLF between them)
.softhouse/capture/lib/wire_attestation.py	ext	249	redirect	o2 == o1 + len(c1) + 2   -> c2 is a NEW line (a CRLF was sent)
.softhouse/capture/lib/wire_attestation.py	ext	253	redirect	itself declared in `=> Send header, N bytes`; a block that does not total N
.softhouse/capture/lib/wire_attestation.py	ext	256	redirect	Refusing on a broken chain is also what makes a forged `=> Send header` block
.softhouse/capture/lib/wire_attestation.py	ext	300	redirect	`direction` is "send" (the request, `=> Send header`) or "recv" (the
.softhouse/capture/lib/wire_attestation.py	ext	306	redirect	Note the discrimination that matters here: `=> Send SSL data` and
.softhouse/capture/lib/wire_attestation.py	ext	355	redirect	return "%s: %s <redacted sha256:%s>" % (name, scheme, digest)
.softhouse/capture/lib/wire_attestation.py	ext	356	redirect	return "%s: <redacted sha256:%s>" % (name, digest)
.softhouse/capture/lib/wire_attestation.py	ext	419	redirect	if len(vals) > 1:
.softhouse/capture/lib/wire_attestation.py	ext	522	redirect	extras.append("body: <none>")
.softhouse/capture/lib/wire_attestation.py	ext	621	redirect	if len(lines) > 1 and assertion_key(lines[1]) == SCHEMA_KEY:
.softhouse/capture/lib/wire_attestation.py	ext	680	redirect	extras.append("captured-at-utc: <ABSENT>")
.softhouse/capture/lib/wire_attestation.py	ext	758	redirect	elif seen[key] > 1:
.softhouse/capture/mathcontext/analysis/discriminate.py	ext	53	redirect	return [(n, f"{va} -> {vb}") for (n, va), (_, vb) in zip(ca, cb) if va != vb]
.softhouse/capture/mathcontext/analysis/discriminate.py	ext	79	truncate	hdr = f"{'shape':<32} {'B amb=DOWN':>12} {'E amb=UP':>12} {'C thr=DOWN':>12} {'D amb=ABSENT':>14}"
.softhouse/capture/mathcontext/analysis/discriminate.py	ext	98	truncate	print(f"{row[0]:<32} {row[1]:>12} {row[2]:>12} {row[3]:>12} {row[4]:>14}")
.softhouse/capture/mathcontext/analysis/discriminate.py	ext	113	redirect	if d == "THREW" or (d and len(d) > 0):
.softhouse/capture/mathcontext/analysis/discriminate.py	ext	132	redirect	if len(d) > 12:
.softhouse/capture/mathcontext/analysis/discriminate.py	ext	140	redirect	print("DETAIL -- the THREADED rounding-mode flip (HALF_UP -> DOWN), same shapes")
.softhouse/capture/mathcontext/analysis/discriminate.py	ext	150	truncate	print(f"  {shape:<32} {len(d):>4} cells move, e.g. "
.softhouse/capture/mathcontext/analysis/discriminate.py	ext	164	truncate	hdr = f"{'shape':<34} {'principal':>18} {'n':>4} {'19 vs 12':>12} {'19 vs 8':>12}"
.softhouse/capture/mathcontext/analysis/discriminate.py	ext	177	truncate	print(f"{p19['shape']:<34} {p19['inputs']['disbursementAmount']:>18} "
.softhouse/capture/mathcontext/analysis/discriminate.py	ext	178	truncate	f"{p19['inputs']['numberOfRepayments']:>4} {s12:>12} {s8:>12}")
.softhouse/capture/mathcontext/analysis/discriminate.py	ext	203	redirect	if len(d) > 10:
.softhouse/capture/mathcontext/analysis/discriminate.py	ext	217	truncate	print(f"  {cid:<14} term {o['loanTermInDays']:>4} d   disbursed {o['totalDisbursedAmount']:>18}"
.softhouse/capture/mathcontext/analysis/discriminate.py	ext	218	truncate	f"   interest {o['totalInterestAmount']:>18}   repayment {o['totalRepaymentAmount']:>18}")
.softhouse/capture/mathcontext/analysis/discriminate2.py	ext	39	redirect	return [(n, f"{va} -> {vb}") for (n, va), (_, vb) in zip(ca, cb) if va != vb]
.softhouse/capture/mathcontext/analysis/discriminate2.py	ext	58	truncate	hdr = f"{'principal (minor units, MNT)':>32} {'n':>5} {'rate':>7} {'19 vs 12':>14} {'total interest p19':>24}"
.softhouse/capture/mathcontext/analysis/discriminate2.py	ext	69	truncate	print(f"{prin:>32} {n:>5} {rate:>7} {verdict:>14} {p19['observed']['totalInterestAmount']:>24}")
.softhouse/capture/mathcontext/analysis/discriminate2.py	ext	76	redirect	print(f"  n={n:<4} rate {rate:<6} -> principal {prin}  ({len(d)} cells differ)")
.softhouse/capture/mathcontext/analysis/discriminate2.py	ext	93	truncate	print(f"    {'ordinal':>8} {'ambient':>34} {'effective threaded mc':>34} "
.softhouse/capture/mathcontext/analysis/discriminate2.py	ext	94	truncate	f"{'PATH A total interest':>24} {'PATH B total interest':>24}")
.softhouse/capture/mathcontext/analysis/discriminate2.py	ext	100	truncate	print(f"    {ordv:>8} {b['inputs']['ambientMoneyHelperMathContext']:>34} "
.softhouse/capture/mathcontext/analysis/discriminate2.py	ext	101	truncate	f"{b['inputs']['effectiveThreadedMathContext']:>34} "
.softhouse/capture/mathcontext/analysis/discriminate2.py	ext	102	truncate	f"{a['observed']['totalInterestAmount']:>24} {b['observed']['totalInterestAmount']:>24}")
.softhouse/capture/mathcontext/analysis/discriminate2.py	ext	107	truncate	print(f"    ordinal 4 -> {ordv}: PATH A wiring {len(da):>4} cells move   |   "
.softhouse/capture/mathcontext/analysis/discriminate2.py	ext	108	truncate	f"PATH B wiring {len(db):>4} cells move")
.softhouse/capture/mathcontext/analysis/t46_distinct_coverage.py	ext	25	redirect	PAYLOAD = sys.argv[1] if len(sys.argv) > 1 else "out/t42-mathcontext.json"
.softhouse/capture/mathcontext/analysis/t50_assert_tier1.py	ext	10	redirect	Exit 0 => admissible.  Exit 1 => BREACH; the runner moves the payload aside and refuses to
.softhouse/capture/mathcontext/analysis/t50_assert_tier1.py	ext	64	redirect	print("     ordinal %d -> MoneyHelper %-60s | JDK RoundingMode.values()[%d] = %s"
.softhouse/capture/mathcontext/analysis/t50_assert_tier1.py	ext	120	redirect	observed_reads = len(threw) == len(absent) and len(absent) > 0
.softhouse/capture/mathcontext/analysis/t50_assert_tier1.py	ext	173	redirect	if len(vals) > 1:
.softhouse/capture/mathcontext/analysis/t50_assert_tier1.py	ext	177	redirect	if len(vals) > 1:
.softhouse/capture/mathcontext/analysis/t50_assert_tier2.py	ext	20	redirect	Exit 0 => admissible.  Exit 1 => BREACH; the runner moves the payload aside.
.softhouse/capture/mathcontext/analysis/t50_assert_tier2.py	ext	98	redirect	ran[leg] = len(okc) > 0
.softhouse/capture/mathcontext/analysis/t50_assert_tier2.py	ext	106	redirect	print("      => LEG DID NOT RUN.  No conclusion is drawn from it.")
.softhouse/capture/mathcontext/analysis/t50_assert_tier2.py	ext	143	redirect	moves_amb = sum(1 for t in thrs if len({cells[(a, t)]["observed"] for a in ambs if (a, t) in cells}) > 1)
.softhouse/capture/mathcontext/analysis/t50_assert_tier2.py	ext	144	redirect	moves_thr = sum(1 for a in ambs if len({cells[(a, t)]["observed"] for t in thrs if (a, t) in cells}) > 1)
.softhouse/capture/mathcontext/analysis/t50_pivot_tier1.py	ext	69	redirect	main(sys.argv[1] if len(sys.argv) > 1 else DEFAULT)
.softhouse/capture/mathcontext/src/read-pathb-wiring.sh	ext	44	rm	cd /tmp && rm -rf t42gitprops && mkdir t42gitprops && cd t42gitprops
.softhouse/capture/mathcontext/src/read-pathb-wiring.sh	ext	49	redirect	} > "$OUT" 2>&1
.softhouse/capture/mathcontext/src/read-pathb-wiring.sh	ext	52	rm	cd /tmp && rm -rf t42j && mkdir t42j && cd t42j
.softhouse/capture/mathcontext/src/read-pathb-wiring.sh	ext	79	redirect	echo "    invokestatic MoneyHelper.getMathContext  ->  astore <n>  ...  aload <n>  ->  invokeinterface LoanScheduleGenerator.generate"
.softhouse/capture/mathcontext/src/run-mathcontext.sh	ext	98	redirect	' > "$IDENT" 2>&1 || fail "oracle-identity container exited non-zero (see $IDENT)"
.softhouse/capture/mathcontext/src/run-mathcontext.sh	ext	101	redirect	sed -n '/== classpath entries/,$p' "$IDENT" | tail -n +2 > "$CPLIST"
.softhouse/capture/mathcontext/src/run-mathcontext.sh	ext	123	redirect	' > "$RAW" 2> "$ERR"
.softhouse/capture/mathcontext/src/run-mathcontext.sh	ext	139	redirect	head -n "$((FIRST_BRACE - 1))" "$RAW" > "$LOG"
.softhouse/capture/mathcontext/src/run-mathcontext.sh	ext	141	truncate	: > "$LOG"
.softhouse/capture/mathcontext/src/run-mathcontext.sh	ext	143	redirect	tail -n "+$FIRST_BRACE" "$RAW" > "$JSON"
.softhouse/capture/mathcontext/src/run-mathcontext.sh	ext	144	redirect	python3 -m json.tool "$JSON" > /dev/null || fail "JSON payload does not parse ($JSON)"
.softhouse/capture/mathcontext/src/run-mathcontext2.sh	ext	69	redirect	ls /work/jar/BOOT-INF/lib/*.jar | sed "s#.*/##" | sort > /cap/out/__cp.txt
.softhouse/capture/mathcontext/src/run-mathcontext2.sh	ext	76	redirect	' > "$RAW" 2> "$ERR"
.softhouse/capture/mathcontext/src/run-mathcontext2.sh	ext	78	mv	mv "$CAPDIR/out/__cp.txt" "$CPLIST" 2>/dev/null || true
.softhouse/capture/mathcontext/src/run-mathcontext2.sh	ext	91	truncate	if [ "$FIRST_BRACE" -gt 1 ]; then head -n "$((FIRST_BRACE - 1))" "$RAW" > "$LOG"; else : > "$LOG"; fi
.softhouse/capture/mathcontext/src/run-mathcontext2.sh	ext	92	redirect	tail -n "+$FIRST_BRACE" "$RAW" > "$JSON"
.softhouse/capture/mathcontext/src/run-mathcontext2.sh	ext	93	redirect	python3 -m json.tool "$JSON" > /dev/null || fail "JSON payload does not parse ($JSON)"
.softhouse/capture/mathcontext/src/run-mathcontext3.sh	ext	72	redirect	python3 "$CAPDIR/analysis/t46_make_capture3.py" >/dev/null || fail "cannot regenerate CaptureMathContext3.java"
.softhouse/capture/mathcontext/src/run-mathcontext3.sh	ext	76	rm	rm -f "$CAPDIR/out/.t46-capture3-before"
.softhouse/capture/mathcontext/src/run-mathcontext3.sh	ext	94	redirect	' > "$IDENT" 2>&1 || fail "oracle-identity container exited non-zero (see $IDENT)"
.softhouse/capture/mathcontext/src/run-mathcontext3.sh	ext	97	redirect	sed -n '/== classpath entries/,$p' "$IDENT" | tail -n +2 > "$CPLIST"
.softhouse/capture/mathcontext/src/run-mathcontext3.sh	ext	115	redirect	' > "$RAW" 2> "$ERR"
.softhouse/capture/mathcontext/src/run-mathcontext3.sh	ext	126	redirect	head -n "$((FIRST_BRACE - 1))" "$RAW" > "$LOG"
.softhouse/capture/mathcontext/src/run-mathcontext3.sh	ext	128	truncate	: > "$LOG"
.softhouse/capture/mathcontext/src/run-mathcontext3.sh	ext	130	redirect	tail -n "+$FIRST_BRACE" "$RAW" > "$JSON"
.softhouse/capture/mathcontext/src/run-mathcontext3.sh	ext	131	redirect	python3 -m json.tool "$JSON" > /dev/null || fail "JSON payload does not parse ($JSON)"
.softhouse/capture/mathcontext/src/run-mathcontext3.sh	ext	135	tee	python3 "$CAPDIR/analysis/t46_m5_identity.py" "$COMMITTED" "$JSON" | tee "$PROOF"
.softhouse/capture/mathcontext/src/run-mathcontext3.sh	ext	138	mv	mv "$JSON" "$JSON.REJECTED"
.softhouse/capture/mathcontext/src/run-negative-tests.sh	ext	23	redirect	echo "### $name" > "$file"
.softhouse/capture/mathcontext/src/run-negative-tests.sh	ext	60	redirect	echo "  SEAM NOT RESTORED: $BEFORE -> $AFTER"
.softhouse/capture/mathcontext/src/run-negative-tests.sh	ext	83	redirect	print("wrote corrupted payload with T42-CAL totalInterestAmount 2.05 -> 2.06")
.softhouse/capture/mathcontext/src/run-t50-tier1.sh	ext	85	redirect	if unzip -l "$j" "$c" >/dev/null 2>&1; then found="$j"; break; fi
.softhouse/capture/mathcontext/src/run-t50-tier1.sh	ext	88	rm	rm -rf /work/probe/x && mkdir -p /work/probe/x
.softhouse/capture/mathcontext/src/run-t50-tier1.sh	ext	97	redirect	' > "$IDENT" 2>&1 || fail "oracle-identity container exited non-zero (see $IDENT)"
.softhouse/capture/mathcontext/src/run-t50-tier1.sh	ext	100	redirect	sed -n '/== probed class digests/,/== classpath entries/p' "$IDENT" | sed '1d;$d' > "$CLASSDIGESTS"
.softhouse/capture/mathcontext/src/run-t50-tier1.sh	ext	105	redirect	sed -n '/== classpath entries/,$p' "$IDENT" | tail -n +2 > "$CPLIST"
.softhouse/capture/mathcontext/src/run-t50-tier1.sh	ext	122	redirect	' > "$RAW" 2> "$ERR"
.softhouse/capture/mathcontext/src/run-t50-tier1.sh	ext	133	redirect	head -n "$((FIRST_BRACE - 1))" "$RAW" > "$LOG"
.softhouse/capture/mathcontext/src/run-t50-tier1.sh	ext	135	truncate	: > "$LOG"
.softhouse/capture/mathcontext/src/run-t50-tier1.sh	ext	137	redirect	tail -n "+$FIRST_BRACE" "$RAW" > "$JSON"
.softhouse/capture/mathcontext/src/run-t50-tier1.sh	ext	138	redirect	python3 -m json.tool "$JSON" > /dev/null || fail "JSON payload does not parse ($JSON)"
.softhouse/capture/mathcontext/src/run-t50-tier1.sh	ext	146	mv	mv "$JSON" "$JSON.REJECTED"
.softhouse/capture/mathcontext/src/run-t50-tier2.sh	ext	85	redirect	if unzip -l "$j" "$c" >/dev/null 2>&1; then found="$j"; break; fi
.softhouse/capture/mathcontext/src/run-t50-tier2.sh	ext	88	rm	rm -rf /work/probe/x && mkdir -p /work/probe/x
.softhouse/capture/mathcontext/src/run-t50-tier2.sh	ext	97	redirect	' > "$IDENT" 2>&1 || fail "oracle-identity container exited non-zero (see $IDENT)"
.softhouse/capture/mathcontext/src/run-t50-tier2.sh	ext	100	redirect	sed -n '/== probed class digests/,/== classpath entries/p' "$IDENT" | sed '1d;$d' > "$CLASSDIGESTS"
.softhouse/capture/mathcontext/src/run-t50-tier2.sh	ext	105	redirect	sed -n '/== classpath entries/,$p' "$IDENT" | tail -n +2 > "$CPLIST"
.softhouse/capture/mathcontext/src/run-t50-tier2.sh	ext	122	redirect	' > "$RAW" 2> "$ERR"
.softhouse/capture/mathcontext/src/run-t50-tier2.sh	ext	133	redirect	head -n "$((FIRST_BRACE - 1))" "$RAW" > "$LOG"
.softhouse/capture/mathcontext/src/run-t50-tier2.sh	ext	135	truncate	: > "$LOG"
.softhouse/capture/mathcontext/src/run-t50-tier2.sh	ext	137	redirect	tail -n "+$FIRST_BRACE" "$RAW" > "$JSON"
.softhouse/capture/mathcontext/src/run-t50-tier2.sh	ext	138	redirect	python3 -m json.tool "$JSON" > /dev/null || fail "JSON payload does not parse ($JSON)"
.softhouse/capture/mathcontext/src/run-t50-tier2.sh	ext	146	mv	mv "$JSON" "$JSON.REJECTED"
.softhouse/capture/mathcontext/src/t46-assert-pathb-slot.sh	ext	52	redirect	if docker inspect "$CONTAINER" >/dev/null 2>&1; then
.softhouse/capture/mathcontext/src/t46-assert-pathb-slot.sh	ext	63	rm	cd /tmp && rm -rf t46j && mkdir t46j && cd t46j
.softhouse/capture/mathcontext/src/t46-assert-pathb-slot.sh	ext	75	redirect	} > "$REREAD" 2>&1
.softhouse/capture/mathcontext/src/t46-assert-pathb-slot.sh	ext	139	tee	} 2>&1 | tee "$TRANSCRIPT"
.softhouse/capture/mathcontext/src/t46-negative-identity.sh	ext	89	tee	} 2>&1 | tee "$TRANSCRIPT"
.softhouse/capture/mathcontext/src/t46-negative-vacuity.sh	ext	41	rm	trap 'rm -f "$BLOCK"' EXIT
.softhouse/capture/mathcontext/src/t46-negative-vacuity.sh	ext	53	redirect	awk "/<<'PY'/{flag=1;next} /^PY\$/{flag=0} flag" "$RUNNER" > "$BLOCK"
.softhouse/capture/mathcontext/src/t46-negative-vacuity.sh	ext	138	tee	} 2>&1 | tee "$TRANSCRIPT"
.softhouse/capture/mathcontext/src/t50-negative-tests.sh	ext	21	redirect	python3 "$CAPDIR/analysis/$checker" "$payload" > "$NEG/t50-neg-$label.txt" 2>&1
.softhouse/capture/mathcontext/src/t50-negative-tests.sh	ext	24	redirect	echo "  ok  $label -> exit $rc (wanted $want)"
.softhouse/capture/mathcontext/src/t50-negative-tests.sh	ext	26	redirect	echo "  FAIL $label -> exit $rc (wanted $want); transcript $NEG/t50-neg-$label.txt"
.softhouse/capture/mathcontext/src/t50-negative-tests.sh	ext	108	rm	rm -f "$TMP"
.softhouse/capture/out/t21-probe-invariants.py	ext	42	truncate	print(f"{'capture':<14} {'I1':>3} {'I2':>3} {'I3':>3} {'I4':>3} {'I5':>3} {'I6':>3} {'X1':>3} {'X2':>3}   verdict")
.softhouse/capture/out/t21-probe-invariants.py	ext	46	truncate	print(f"{c['id']:<14} {'-':>3}*8   NO OBSERVED (error capture)")
.softhouse/capture/out/t21-probe-rederive.py	ext	31	redirect	ProgressiveEMICalculator.java:1922-1927  rateFactorByRepaymentEveryMonth -> above with mult=daysInMonth=30
.softhouse/capture/out/t21-probe-rederive.py	ext	41	redirect	EmiAdjustment.java (record)              shouldBeAdjusted: |diff|*100 > originalEmi * floor(n/2)
.softhouse/capture/out/t21-probe-rederive.py	ext	180	redirect	should_adjust = lower_half > 0 and emi_diff != 0 and abs(emi_diff) * 100 > periods[-2]["emi"] * lower_half
.softhouse/capture/out/t21-probe-rederive.py	ext	218	truncate	hdr = f"  {'#':>3} {'dueDate':<11} {'principal':>16} {'interest':>14} {'total':>16} {'balance':>16}   match"
.softhouse/capture/out/t21-probe-rederive.py	ext	229	truncate	print(f"  {i+1:>3} {p['due']!s:<11} {p['prin']:>16} {p['int']:>14} {tot:>16} {p['out']:>16}   {'OK' if m else 'MISMATCH'}")
.softhouse/capture/out/t21-probe-rederive.py	ext	237	redirect	print(f"  ==> {cid}: {'FULL MATCH' if (ok and tm) else 'MISMATCH'}")
.softhouse/capture/out/t21-probe-rederive2.py	ext	21	redirect	DefaultScheduledDateGenerator.java:168-176 adjustDate: if MONTHLY and seedDay>28 and dateDay>=28:
.softhouse/capture/out/t21-probe-rederive2.py	ext	41	redirect	if seed.day > 28 and d.day >= 28:
.softhouse/capture/out/t21-probe-rederive2.py	ext	79	truncate	print(f"  {i+1+skip_first_observed:>3} {p['due']!s:<11} prin={p['prin']:>10} int={p['int']:>8} tot={tot:>10} bal={p['out']:>10}  {tail}")
.softhouse/capture/out/t21-probe-rederive2.py	ext	89	redirect	print(f"  ==> {cid}: {'FULL MATCH' if ok else 'MISMATCH'}")
.softhouse/capture/out/t21-probe-threshold.py	ext	68	redirect	print(f"  1e{e:<2}  divergent {total:>3}/{cnt:<3} sampled ({pct:5.1f}%)   first: {found[:3]}")
.softhouse/capture/out/t35-byte-identity.py	ext	15	redirect	this legitimately, e.g. 1E+2 -> 100). Reported, and it is not a defect.
.softhouse/capture/out/t35-newcolumn-checks.py	ext	80	redirect	print(f"{'capture':<14} " + " ".join(f"{h:>3}" for h in hdr) + "   verdict")
.softhouse/capture/pathb/provenance.py	ext	251	redirect	'tier_a_disagreement': disagreeing if len(disagreeing) > 1 else None,
.softhouse/capture/pathb/provenance.py	ext	279	redirect	'own bytes: python3 provenance.py whence <file>.',
.softhouse/capture/pathb/provenance.py	ext	408	redirect	if len(hits) > 1:
.softhouse/capture/pathb/t125/drive-canary-green.sh	ext	28	redirect	python3 "$script" gerege "$@" > "$outdir/stdout.txt" 2> "$outdir/stderr.txt"
.softhouse/capture/pathb/t125/drive-canary-red.sh	ext	46	redirect	"$T36/attest.py" > "$SCRATCH"
.softhouse/capture/pathb/t125/drive-canary-red.sh	ext	50	tee	diff "$T36/attest.py" "$SCRATCH" | tee "$OUTDIR/scratch.diff"
.softhouse/capture/pathb/t125/drive-canary-red.sh	ext	79	rm	rm -f "$SCRATCH"; exit 1
.softhouse/capture/pathb/t125/drive-canary-red.sh	ext	86	rm	rm -f "$SCRATCH"; exit 1
.softhouse/capture/pathb/t125/drive-canary-red.sh	ext	95	redirect	python3 "$SCRATCH" default pathb > "$OUTDIR/stdout.txt" 2> "$OUTDIR/stderr.txt"
.softhouse/capture/pathb/t125/drive-canary-red.sh	ext	97	rm	rm -f "$SCRATCH"
.softhouse/capture/pathb/t125/drive-stale-fork.sh	ext	29	redirect	"$CHBIN/attest.py" > "$SCRATCH"
.softhouse/capture/pathb/t125/drive-stale-fork.sh	ext	31	tee	diff "$CHBIN/attest.py" "$SCRATCH" | tee "$OUTDIR/scratch.diff"
.softhouse/capture/pathb/t125/drive-stale-fork.sh	ext	38	redirect	python3 "$SCRATCH" "$tenant" > "$OUTDIR/$tenant.stdout.txt" 2> "$OUTDIR/$tenant.stderr.txt"
.softhouse/capture/pathb/t125/drive-stale-fork.sh	ext	61	rm	rm -f "$SCRATCH"
.softhouse/capture/pathb/t125/drive-stale-fork.sh	ext	62	rm	rm -rf "$CHBIN/out"          # this fork's OUT is charges/bin/out/, created by the runs above
.softhouse/capture/pathb/t147/mutate-blast-radius-provenance.py	ext	62	py-rmtree	shutil.rmtree(tmp)
.softhouse/capture/pathb/t149/capture-halfeven-arm.sh	ext	44	redirect	echo default > "$OUT/CAPTURED-FROM-TENANT"
.softhouse/capture/pathb/t149/capture-halfeven-arm.sh	ext	45	redirect	cat > "$OUT/NOT-PRODUCTION-REPRESENTATIVE.txt" <<'EOF'
.softhouse/capture/pathb/t149/compare-arms.py	ext	31	redirect	if len(frac) > digits:
.softhouse/capture/pathb/t149/compare-arms.py	ext	82	redirect	if abs(d) > widest[0]:
.softhouse/capture/pathb/t149/compare-arms.py	ext	94	redirect	if abs(d) > widest[0]:
.softhouse/capture/pathb/t149/crosscheck-vs-patha.py	ext	41	redirect	if len(frac) > digits:
.softhouse/capture/pathb/t149/promote-vector.py	ext	5	redirect	scaled major->minor by exact integer/string arithmetic (no float anywhere: the raw
.softhouse/capture/pathb/t149/promote-vector.py	ext	131	redirect	"currency quantization [Money.java:52, Money(currency, amount, mc) -> "
.softhouse/capture/pathb/t149/promote-vector.py	ext	163	redirect	"exact textual major->minor scaling, and the oracle's own emitted characters are carried "
.softhouse/capture/pathb/t149/promote-vector.py	ext	171	redirect	"""Exact major-unit decimal TEXT -> integer minor-unit string. Never float."""
.softhouse/capture/pathb/t149/promote-vector.py	ext	177	redirect	if len(frac) > digits:
.softhouse/capture/pathb/t149/prove-exit-trap.py	ext	224	py-rmtree	shutil.rmtree(sb0, ignore_errors=True)
.softhouse/capture/pathb/t149/prove-exit-trap.py	ext	255	mv	verdict = ("restored by the explicit mv (this path was never the defect)"
.softhouse/capture/pathb/t149/prove-exit-trap.py	ext	278	py-rmtree	shutil.rmtree(r["sandbox"], ignore_errors=True)
.softhouse/capture/pathb/t149/prove-exit-trap.py	ext	294	py-rmtree	shutil.rmtree(r["sandbox"], ignore_errors=True)
.softhouse/capture/pathb/t149/prove-exit-trap.py	ext	308	py-rmtree	shutil.rmtree(r["sandbox"], ignore_errors=True)
.softhouse/capture/pathb/t149/prove-redgreen.sh	ext	100	rm	rm -f "$PARK"
.softhouse/capture/pathb/t149/prove-redgreen.sh	ext	103	mv	mv "$PARK" "$VEC" \
.softhouse/capture/pathb/t149/prove-redgreen.sh	ext	127	mv	mv "$PARK" "$VEC" || { echo "RESTORE FAILED: could not move $PARK back to $VEC" >&2; _st=1; }
.softhouse/capture/pathb/t149/prove-redgreen.sh	ext	131	rm	rm -f "$PARK"
.softhouse/capture/pathb/t149/prove-redgreen.sh	ext	147	redirect	echo "GRADE A DIFFERENT STORE AND STILL PRINT A GREEN PASS. Difference (before -> after):" >&2
.softhouse/capture/pathb/t149/prove-redgreen.sh	ext	149	redirect	printf '%s\n' "$CENSUS_BEFORE" > "$_tb"
.softhouse/capture/pathb/t149/prove-redgreen.sh	ext	150	redirect	printf '%s\n' "$_after"        > "$_ta"
.softhouse/capture/pathb/t149/prove-redgreen.sh	ext	152	rm	rm -f "$_tb" "$_ta"
.softhouse/capture/pathb/t149/prove-redgreen.sh	ext	156	rm	[ "$_st" = 0 ] && rm -f "$BACKUP"
.softhouse/capture/pathb/t149/prove-redgreen.sh	ext	176	mv	mv "$VEC" "$PARK" || fail "could not park the vector"
.softhouse/capture/pathb/t149/prove-redgreen.sh	ext	182	redirect	python3 "$REPO/.softhouse/handoff/T61-mutations.py" M7 > "$A1" 2>&1 &
.softhouse/capture/pathb/t149/prove-redgreen.sh	ext	186	mv	mv "$PARK" "$VEC" || fail "could not restore the vector — DO NOT COMMIT until it is back"
.softhouse/capture/pathb/t149/prove-redgreen.sh	ext	190	redirect	python3 "$REPO/.softhouse/handoff/T61-mutations.py" M7 > "$A2" 2>&1 \
.softhouse/capture/pathb/t149/prove-redgreen.sh	ext	194	redirect	bash "$REPO/.softhouse/conformance.sh" > "$A3" 2>&1
.softhouse/capture/pathb/t149/t156-p24-scratch-merge.sh	ext	31	rm	rm -rf "$SCRATCH" || die "cannot clear $SCRATCH"
.softhouse/capture/pathb/t149/t156-p24-scratch-merge.sh	ext	37	redirect	git -C "$C" merge --quiet --no-edit "origin/$BRANCH" > "$SCRATCH/merge.txt" 2>&1 || {
.softhouse/capture/pathb/t149/t156-sweep-unguarded-mutators.py	ext	16	redirect	* It matches mutation VERBS lexically.  A mutation performed by a redirect (`> file`),
.softhouse/capture/pathb/t149/t156-sweep-unguarded-mutators.py	ext	17	inplace-edit	by `sed -i`, by a Python `open(p,"w")`, or by a helper the file calls in another
.softhouse/capture/pathb/t149/t156-sweep-unguarded-mutators.py	ext	80	redirect	by_ext[os.path.splitext(fn)[1] or "<none>"] = \
.softhouse/capture/pathb/t149/t156-sweep-unguarded-mutators.py	ext	81	redirect	by_ext.get(os.path.splitext(fn)[1] or "<none>", 0) + 1
.softhouse/capture/pathb/t149/t156-sweep-unguarded-mutators.py	ext	148	redirect	print("--- IN-PLACE RESTORE IDIOMS — `git show ... > path` and `git checkout -- path`")
.softhouse/capture/pathb/t153/rederive-schedule-exact.py	ext	36	redirect	"""Fraction -> int, HALF_UP. The ratified tenant rounding mode."""
.softhouse/capture/pathb/t153/rederive-schedule-exact.py	ext	85	redirect	print('THE TIE, in exact integers: %d x 27/1500 = %s   -> HALF_UP %d, HALF_EVEN %d'
.softhouse/capture/pathb/t153/verify-transcription.py	ext	13	redirect	response, scaled major -> minor by integer/string arithmetic only (no float,
.softhouse/capture/pathb/t153/verify-transcription.py	ext	35	redirect	"""Exact major-unit decimal TEXT -> integer minor-unit string. Never float."""
.softhouse/capture/pathb/t153/verify-transcription.py	ext	40	redirect	if len(frac) > digits and frac[digits:].strip('0'):
.softhouse/capture/pathb/t22-audit/fresh-tenant.sh	ext	41	redirect	echo "$f -> $(cat "$O/$f-create.json")"
.softhouse/capture/pathb/t22-audit/fresh-tenant.sh	ext	50	redirect	echo "B-$n -> $(wc -c < "$O/B-$n-raw.json") bytes"
.softhouse/capture/pathb/t22-audit/jdiff.py	ext	14	redirect	if a.get(k,'<ABSENT>')!=b.get(k,'<ABSENT>'):
.softhouse/capture/pathb/t22-audit/jdiff.py	ext	15	redirect	print(k,'|',a.get(k,'<ABSENT>'),'->',b.get(k,'<ABSENT>')); n+=1
.softhouse/capture/pathb/t22-audit/mkmode2.py	ext	7	redirect	(InterestPeriod.java:145-157 -> RepaymentPeriod.java:251-257 -> Money.java:52,
.softhouse/capture/pathb/t22-audit/mkmode2.py	ext	11	redirect	1,162,502.50 * 0.018 = 20,925.045 exactly -> an exact half-cent tie at scale 2.
.softhouse/capture/pathb/t22-audit/modeprobe.sh	ext	19	redirect	echo "$t product -> $(cat "$O/product-$t-create.json")"
.softhouse/capture/pathb/t22-audit/modeprobe.sh	ext	26	redirect	echo "$t capture -> $(wc -c < "$O/pmode-$t-raw.json") bytes"
.softhouse/capture/pathb/t22-audit/modeprobe2.sh	ext	19	redirect	echo "$t product -> $(cat "$O/product-$t-create.json")"
.softhouse/capture/pathb/t22-audit/modeprobe2.sh	ext	26	redirect	echo "$t capture -> $(wc -c < "$O/pmode2-$t-raw.json") bytes"
.softhouse/capture/pathb/t22-audit/probe.sh	ext	19	redirect	echo "$f -> $(cat "$O/$f-create.json")"
.softhouse/capture/pathb/t22-audit/probe.sh	ext	25	redirect	echo "$t -> $(wc -c < "$O/$t-raw.json") bytes"
.softhouse/capture/pathb/t22-audit/rerun-default.sh	ext	16	redirect	echo "B-$n -> $(wc -c < "$O/B-$n-raw.json") bytes"
.softhouse/capture/pathb/t22-audit/t22_rederive.py	ext	14	redirect	-> daysInYearType / daysInMonthType / daysInYearCustomStrategy are NOT read
.softhouse/capture/pathb/t22-audit/t22_rederive.py	ext	23	redirect	Money.java:40-52                         Money.of -> setScale(decimalPlaces, tenant rounding mode)
.softhouse/capture/pathb/t22-audit/t22_rederive.py	ext	26	redirect	-> ROUND TO NEAREST multiple, NOT round-up
.softhouse/capture/pathb/t22-probe/capture.sh	ext	18	redirect	echo "$f -> $(wc -c < "$P/out/$f-$TAG-raw.json") bytes"
.softhouse/capture/pathb/t22-probe/invariants.py	ext	36	redirect	"""Exact decimal -> integer minor units. Raises if not representable."""
.softhouse/capture/pathb/t22-probe/mkcalc.py	ext	22	redirect	print("wrote", f + "-repro.json", "productId ->", o["productId"])
.softhouse/capture/pathb/t22-probe/rederive.py	ext	21	redirect	Money.of -> stripTrailingZeros().setScale(decimalPlaces, mc.roundingMode)
.softhouse/capture/pathb/t22-probe/rederive.py	ext	27	redirect	per-period interest = balance * rateFactor, then Money.of -> 2dp
.softhouse/capture/pathb/t22-probe/rederive.py	ext	127	redirect	emi = emi_unrounded if (rounded == 0 and emi_unrounded > 0) else rounded
.softhouse/capture/pathb/t22-probe/rederive.py	ext	178	redirect	print("  EMI (Money.of)   = %s   -> after multiplesOf: %s" % (d["emi_unrounded"], d["emi"]))
.softhouse/capture/pathb/t22-probe/rederive.py	ext	179	redirect	print("  residual diff    = %s   -> final installment EMI %s" % (d["diff"], d["emi_last"]))
.softhouse/capture/pathb/t22-probe/repro.sh	ext	22	redirect	echo "$f -> $(cat "$P/out/$f-$TAG-create.json")"
.softhouse/capture/pathb/t36/attest.py	ext	43	redirect	TENANT = sys.argv[1] if len(sys.argv) > 1 else 'gerege'
.softhouse/capture/pathb/t36/attest.py	ext	47	redirect	CAPTURE_SET = sys.argv[2] if len(sys.argv) > 2 else 'pathb'
.softhouse/capture/pathb/t36/attest.py	ext	81	redirect	"directory is exactly <task>/out/<name> — three components, <task> matching t<NN>. "
.softhouse/capture/pathb/t36/emiloop-probe.sh	ext	32	redirect	sh "$D/preconditions.sh" gerege > "$O/preconditions.txt" 2>&1 || prestatus=$?
.softhouse/capture/pathb/t36/emiloop-probe.sh	ext	46	redirect	"$W/req/calc-B-01-baseline.json" > "$REQ/calc-emiloop-$P.json"
.softhouse/capture/pathb/t36/emiloop-probe.sh	ext	49	redirect	echo "  principal $P  HTTP $code  -> out/emiloop/emiloop-$P-raw.json"
.softhouse/capture/pathb/t36/mutation-test.sh	ext	12	redirect	sed 's/112082\.40/112082.41/' "$D/out/recapture-gerege/B-01-baseline-raw.json" > "$TMP/B-01-mutated.json"
.softhouse/capture/pathb/t36/recapture.sh	ext+execbit	110	redirect	[ "$#" -eq 3 ] || die "output directory '$O' resolves to '$Or'; relative to the evidence tree that is '$rel', which has $# path component(s). A capture directory is exactly <task>/
.softhouse/capture/pathb/t36/recapture.sh	ext+execbit	114	redirect	* ) die "output directory '$Or': the task component is '$Otask', which is not a t<NN> task directory. Expected <task>/out/<name> below '$Wr'." ;;
.softhouse/capture/pathb/t36/recapture.sh	ext+execbit	116	redirect	[ "$Omid" = "out" ] || die "output directory '$Or': the middle component is '$Omid', expected literally 'out'. Expected <task>/out/<name> below '$Wr'."
.softhouse/capture/pathb/t36/recapture.sh	ext+execbit	143	redirect	printf '%s\n' "$TENANT" > "$STAMP"
.softhouse/capture/pathb/t36/recapture.sh	ext+execbit	150	redirect	echo "### tenant '$TENANT'  ->  output directory $O"
.softhouse/capture/pathb/t36/recapture.sh	ext+execbit	155	redirect	sh "$D/preconditions.sh" "$TENANT" > "$O/preconditions.txt" 2>&1 || prestatus=$?
.softhouse/capture/pathb/t36/recapture.sh	ext+execbit	176	redirect	-c "select to_jsonb(t) from m_product_loan t where id in (1,2,3,4) order by id;" > "$O/products-asrow.jsonl"
.softhouse/capture/pathb/t36/recapture.sh	ext+execbit	191	redirect	echo "B-$n  HTTP $code  -> $O/$outname-raw.json"
.softhouse/capture/pathb/t36/recreate-products.sh	ext	41	redirect	sh "$D/preconditions.sh" gerege > "$O/preconditions.txt" 2>&1 || prestatus=$?
.softhouse/capture/pathb/t36/recreate-products.sh	ext	54	redirect	"$W/req/product-1-baseline.json" > "$REQ/product-1-baseline.json"
.softhouse/capture/pathb/t36/recreate-products.sh	ext	57	redirect	"$W/req/product-2-multiplesof100.json" > "$REQ/product-2-multiplesof100.json"
.softhouse/capture/pathb/t36/recreate-products.sh	ext	60	redirect	"$W/req/product-3-diycs-fullleapyear.json" > "$REQ/product-3-diycs-fullleapyear.json"
.softhouse/capture/pathb/t36/recreate-products.sh	ext	63	redirect	"$W/req/product-4-diycs-feb29only.json" > "$REQ/product-4-diycs-feb29only.json"
.softhouse/capture/pathb/t36/recreate-products.sh	ext	94	redirect	sed "s/\"productId\": 1,/\"productId\": $P1,/" "$W/req/calc-B-01-baseline.json"           > "$REQ/calc-B-01-baseline.json"
.softhouse/capture/pathb/t36/recreate-products.sh	ext	95	redirect	sed "s/\"productId\": 2,/\"productId\": $P2,/" "$W/req/calc-B-02-multiplesof100.json"     > "$REQ/calc-B-02-multiplesof100.json"
.softhouse/capture/pathb/t36/recreate-products.sh	ext	96	redirect	sed "s/\"productId\": 3,/\"productId\": $P3,/" "$W/req/calc-B-03-diycs-fullleapyear.json" > "$REQ/calc-B-03-diycs-fullleapyear.json"
.softhouse/capture/pathb/t36/recreate-products.sh	ext	97	redirect	sed "s/\"productId\": 4,/\"productId\": $P4,/" "$W/req/calc-B-04-diycs-feb29only.json"    > "$REQ/calc-B-04-diycs-feb29only.json"
.softhouse/capture/pathb/t36/sha256.sh	ext	99	redirect	_sha256_with() {          # <label> <file> -> digest on stdout, or nothing
.softhouse/capture/pathb/t36/sha256.sh	ext	129	truncate	: > "$_kd/empty"
.softhouse/capture/pathb/t36/sha256.sh	ext	130	redirect	printf 'abc' > "$_kd/abc"
.softhouse/capture/pathb/t36/sha256.sh	ext	152	redirect	sha256_file() {           # <file> -> SHA256_RESULT, SHA256_USED ; 1 + SHA256_ERROR on refusal
.softhouse/capture/pathb/t36/sha256.sh	ext	185	redirect	[ $# -gt 0 ] || { echo "usage: sh sha256.sh <file>..." >&2; exit 2; }
.softhouse/capture/pathb/t36/t36_diff.py	ext	104	redirect	rc = main(sys.argv[1], sys.argv[2], sys.argv[3] if len(sys.argv) > 3 else "diff")
.softhouse/capture/pathb/t36/t36_emiloop_search.py	ext	8	redirect	floor(n/2) > 0  AND  emiDifference != 0  AND  |emiDifference| * 100 > originalEmi.copy(floor(n/2))
.softhouse/capture/pathb/t36/t36_emiloop_search.py	ext	11	redirect	amount (Money.java:220-221 -> :216-217 -> the private ctor at :40-52, which setScales to the
.softhouse/capture/pathb/t36/t36_emiloop_search.py	ext	13	redirect	is 6.00 — NOT `EMI x 6`.  With 12 periods the loop therefore needs |residual| > 0.06.
.softhouse/capture/pathb/t36/t36_emiloop_search.py	ext	83	redirect	"""Unrounded->quantised EMI, exactly as derive() computes it (:1838-1841, Money.java:52)."""
.softhouse/capture/pathb/t36/t36_emiloop_search.py	ext	103	redirect	lower_half = Decimal(N // 2)                       # floor(n/2) -> Money(6.00)
.softhouse/capture/pathb/t36/t36_emiloop_search.py	ext	105	redirect	fires = lower_half > 0 and residual != 0 and abs(residual) * 100 > lower_half
.softhouse/capture/pathb/t36/t36_emiloop_search.py	ext	109	redirect	adjustment = q2(residual / Decimal(N))         # EmiAdjustment.adjustment() -> Money(2dp)
.softhouse/capture/pathb/t36/t36_emiloop_search.py	ext	111	redirect	if new_emi == emi:                             # isEqualTo(originalEmi) -> break
.softhouse/capture/pathb/t36/t36_emiloop_search.py	ext	115	redirect	if not abs(residual2) < abs(residual):         # hasLessEmiDifference -> break
.softhouse/capture/pathb/t36/t36_emiloop_search.py	ext	129	redirect	if abs(residual) * 100 > Decimal(N // 2):
.softhouse/capture/pathb/t36/t36_emiloop_search.py	ext	142	redirect	print('  principal %s : unlooped EMI %s (residual %s) -> looped EMI %s (residual %s)'
.softhouse/capture/pathb/t36/t36_emiloop_search.py	ext	148	redirect	s = int(sys.argv[1]) if len(sys.argv) > 1 else 1200000
.softhouse/capture/pathb/t36/t36_emiloop_search.py	ext	149	redirect	c = int(sys.argv[2]) if len(sys.argv) > 2 else 5000
.softhouse/capture/pathb/t76/t76_mirror_invariant.py	ext	65	redirect	if len(distinct) > 1:
.softhouse/capture/pathb/t80/happy-path.sh	ext	20	redirect	echo "--- 5a: sh t36/recapture.sh  ->  t80/out/recapture-gerege"
.softhouse/capture/pathb/t80/happy-path.sh	ext	25	redirect	echo "--- 5b: bash t36/recapture.sh  ->  t80/out/bash-recapture-gerege"
.softhouse/capture/pathb/t80/happy-path.sh	ext	30	redirect	echo "--- 5c: python3 t36/attest.py gerege  ->  t80/out/attest-gerege"
.softhouse/capture/pathb/t80/prove-f1-noswap.py	ext+execbit	117	redirect	(b'git show "$PREFIX_COMMIT:$REL_A" > "$SIB" ||',
.softhouse/capture/pathb/t80/prove-f1-noswap.py	ext+execbit	118	redirect	b'git show "$PREFIX_COMMIT:$REL_A" > "$A" ||'),
.softhouse/capture/pathb/t80/prove-f1-noswap.py	ext+execbit	249	py-rmtree	shutil.rmtree(self.dir, ignore_errors=True)
.softhouse/capture/pathb/t80/prove-f1-noswap.py	ext+execbit	298	redirect	OVERWRITE = b'git show "$PREFIX_COMMIT:$REL_A" > "$A"'
.softhouse/capture/pathb/t80/prove-f1-noswap.py	ext+execbit	299	redirect	SIBWRITE = b'git show "$PREFIX_COMMIT:$REL_A" > "$SIB"'
.softhouse/capture/pathb/t80/prove-f1-noswap.py	ext+execbit	303	redirect	('OLD writes the pre-fix bytes over the LIVE attester (> "$A")', OVERWRITE in old),
.softhouse/capture/pathb/t80/prove-f1-noswap.py	ext+execbit	305	redirect	('NEW writes them to the SIBLING (> "$SIB")', SIBWRITE in new),
.softhouse/capture/pathb/t80/prove-f1-noswap.py	ext+execbit	307	redirect	("NEW still carries traps — the recovery is NOT retired", new.count(b"\ntrap ") > 0),
.softhouse/capture/pathb/t80/prove-f1-noswap.py	ext+execbit	523	py-rmtree	os.remove(tgt)
.softhouse/capture/pathb/t80/prove-f1-noswap.py	ext+execbit	525	py-rmtree	os.remove(sb.p(REL_STAMP))
.softhouse/capture/pathb/t80/prove-f1-noswap.py	ext+execbit	526	py-rmtree	shutil.rmtree(sb.p(".softhouse/capture/pathb/t80/out/out"), ignore_errors=True)
.softhouse/capture/pathb/t80/prove-f1-recovery.py	ext	134	redirect	BG_ATTESTER = (b'python3 "$SIB" default emiloop > "$O/.f1-out1" 2>&1 &\n'
.softhouse/capture/pathb/t80/prove-f1-recovery.py	ext	136	redirect	FG_ATTESTER = (b'python3 "$SIB" default emiloop > "$O/.f1-out1" 2>&1\n'
.softhouse/capture/pathb/t80/prove-f1-recovery.py	ext	264	py-rmtree	shutil.rmtree(self.dir, ignore_errors=True)
.softhouse/capture/pathb/t80/prove-f1-sandbox-run.sh	ext+execbit	33	rm	cleanup() { rm -rf "$SB"; }
.softhouse/capture/pathb/t80/prove-f1-sandbox-run.sh	ext+execbit	76	redirect	echo "VERDICT: THE LIVE ATTESTER MOVED, $BEFORE -> $AFTER"; rc=1
.softhouse/capture/pathb/t80/prove-f1.sh	ext	117	git-restore	echo "guard: refusing to guess whose bytes those are. Inspect, then: git checkout -- $REL_A" >&2
.softhouse/capture/pathb/t80/prove-f1.sh	ext	125	rm	if rm -f "$SIB"; then echo "guard: removed the scratch sibling attester $REL_SIB" >&2
.softhouse/capture/pathb/t80/prove-f1.sh	ext	142	redirect	git cat-file blob "$_blob" > "$A.t161-restore" || {
.softhouse/capture/pathb/t80/prove-f1.sh	ext	143	rm	rm -f "$A.t161-restore"; return 1; }
.softhouse/capture/pathb/t80/prove-f1.sh	ext	144	rm	mv -f "$A.t161-restore" "$A" || { rm -f "$A.t161-restore"; return 1; }
.softhouse/capture/pathb/t80/prove-f1.sh	ext	154	rm	rm -f "$STAMP" && echo "guard: removed the stray CAPTURED-FROM-TENANT stamp from t36/out/emiloop" >&2
.softhouse/capture/pathb/t80/prove-f1.sh	ext	157	git-restore	git checkout -- "$E" \
.softhouse/capture/pathb/t80/prove-f1.sh	ext	159	git-restore	|| echo "guard: COULD NOT restore t36/out/emiloop — run: git checkout -- $E" >&2
.softhouse/capture/pathb/t80/prove-f1.sh	ext	181	redirect	git cat-file blob "$g_blob" > "$T80/.f1-blobcheck" \
.softhouse/capture/pathb/t80/prove-f1.sh	ext	184	rm	rm -f "$T80/.f1-blobcheck"
.softhouse/capture/pathb/t80/prove-f1.sh	ext	187	rm	rm -f "$T80/.f1-blobcheck"
.softhouse/capture/pathb/t80/prove-f1.sh	ext	193	redirect	|| fail "an earlier run left $REL_A at $found and it could NOT be restored — run: git cat-file blob $g_blob > $A"
.softhouse/capture/pathb/t80/prove-f1.sh	ext	213	rm	rm -f "$GUARD" "$A.t161-restore" "$T80/.f1-blobcheck" \
.softhouse/capture/pathb/t80/prove-f1.sh	ext	231	redirect	printf '%s\n' "$CENSUS_BEFORE" > "$O/.f1-before"
.softhouse/capture/pathb/t80/prove-f1.sh	ext	251	redirect	"$REL_SIB" "$A_SHA" "$REL_A" "$(date -u +%Y-%m-%dT%H:%M:%SZ)" "$$" > "$GUARD" \
.softhouse/capture/pathb/t80/prove-f1.sh	ext	288	redirect	printf '%s\n' "$CENSUS_BEFORE" > "$_tb"
.softhouse/capture/pathb/t80/prove-f1.sh	ext	289	redirect	printf '%s\n' "$_after"        > "$_ta"
.softhouse/capture/pathb/t80/prove-f1.sh	ext	291	rm	rm -f "$_tb" "$_ta"
.softhouse/capture/pathb/t80/prove-f1.sh	ext	294	rm	rm -f "$GUARD" "$A.t161-restore" "$T80/.f1-blobcheck" \
.softhouse/capture/pathb/t80/prove-f1.sh	ext	329	redirect	git show "$PREFIX_COMMIT:$REL_A" > "$SIB" || fail "could not read the pre-fix attest.py from $PREFIX_COMMIT"
.softhouse/capture/pathb/t80/prove-f1.sh	ext	342	redirect	python3 "$SIB" default emiloop > "$O/.f1-out1" 2>&1 &
.softhouse/capture/pathb/t80/prove-f1.sh	ext	349	redirect	snap > "$O/.f1-after-prefix"
.softhouse/capture/pathb/t80/prove-f1.sh	ext	355	redirect	if diff -q "$O/.f1-before" "$O/.f1-after-prefix" > /dev/null; then
.softhouse/capture/pathb/t80/prove-f1.sh	ext	371	redirect	snap > "$O/.f1-restored"
.softhouse/capture/pathb/t80/prove-f1.sh	ext	372	redirect	if diff -q "$O/.f1-before" "$O/.f1-restored" > /dev/null; then
.softhouse/capture/pathb/t80/prove-f1.sh	ext	383	redirect	python3 t36/attest.py default emiloop > "$O/.f1-out2" 2>&1 &
.softhouse/capture/pathb/t80/prove-f1.sh	ext	390	redirect	snap > "$O/.f1-after-fixed"
.softhouse/capture/pathb/t80/prove-f1.sh	ext	393	redirect	if diff -q "$O/.f1-before" "$O/.f1-after-fixed" > /dev/null; then
.softhouse/capture/pathb/t80/prove-f2.sh	ext	24	redirect	git show "$PREFIX_COMMIT:.softhouse/capture/pathb/t36/preconditions.sh" > "$O/.f2-prefix.sh"
.softhouse/capture/pathb/t80/prove-f2.sh	ext	57	redirect	PATH="$T80/probe:$PATH" CANARY_REQ="$CANON" "$SH" "$O/.f2-prefix.sh" gerege > "$O/.f2-prefix.txt" 2>&1
.softhouse/capture/pathb/t80/prove-f2.sh	ext	64	redirect	PATH="$T80/probe:$PATH" CANARY_REQ="$CANON" "$SH" t36/preconditions.sh gerege > "$O/.f2-fixed.txt" 2>&1
.softhouse/capture/pathb/t80/prove-f2.sh	ext	75	redirect	python3 t36/attest.py gerege > "$O/.f2-attest.txt" 2>&1
.softhouse/capture/pathb/t80/prove-f2.sh	ext	97	rm	rm -f "$O/.f2-prefix.sh" "$O/.f2-prefix.txt" "$O/.f2-fixed.txt" "$O/.f2-attest.txt"
.softhouse/capture/pathb/t80/run-attacks.sh	ext	24	redirect	sed 's/"principal": 1162502.5,/"principal": 1162502.55,/' "$CANON" > "$O/attack-2-req-mutated.json"
.softhouse/capture/pathb/t80/run-attacks.sh	ext	42	redirect	{ hdr "$cap"; echo "\$ $CMD"; echo; eval "$CMD"; st=$?; echo; echo "EXIT=$st"; } > "$t" 2>&1
.softhouse/capture/pathb/t80/run-attacks.sh	ext	60	redirect	printf 'gerege\n' > "$O/stamp-probe-default/CAPTURED-FROM-TENANT"
.softhouse/capture/pathb/t80/run-attacks.sh	ext	68	redirect	"ATTACK 2a — one character changed in the canary principal (1162502.5 -> 1162502.55), tenant gerege"
.softhouse/capture/pathb/t80/shell-invariance.sh	ext	25	redirect	sed -e '2d' -e 's/"\$SH"/<SHELL>/g' "$f" > "$O/.norm-sh.$$"
.softhouse/capture/pathb/t80/shell-invariance.sh	ext	26	redirect	sed -e '2d' -e 's/"\$SH"/<SHELL>/g' "$b" > "$O/.norm-bash.$$"
.softhouse/capture/pathb/t80/shell-invariance.sh	ext	27	redirect	if diff -q "$O/.norm-sh.$$" "$O/.norm-bash.$$" > /dev/null; then
.softhouse/capture/pathb/t80/shell-invariance.sh	ext	34	rm	rm -f "$O/.norm-sh.$$" "$O/.norm-bash.$$"
.softhouse/capture/pathb/t99/lib.sh	ext	94	rm	rm -rf "$EXPORT"
.softhouse/capture/pathb/t99/lib.sh	ext	125	redirect	cat > "$EXPORT/stub/$t" <<EOF
.softhouse/capture/pathb/t99/prove-f1.sh	ext	29	redirect	echo "THE ATTACK:  TENANT=gerege RECAPTURE_OUT=<tree>/$ATTACK  sh t36/recapture.sh"
.softhouse/capture/pathb/t99/prove-f1.sh	ext	40	rm	rm -rf "$TREE/$ATTACK"
.softhouse/capture/pathb/t99/prove-f1.sh	ext	44	redirect	> "$EXPORT/f1-$side.txt" 2>&1
.softhouse/capture/pathb/t99/prove-f1.sh	ext	86	rm	rm -rf "$P/$ATTACK"
.softhouse/capture/pathb/t99/prove-f1.sh	ext	87	redirect	TENANT=gerege RECAPTURE_OUT=$P/$ATTACK sh "$P/t36/recapture.sh" > "$EXPORT/f1-live-prefix.txt" 2>&1
.softhouse/capture/pathb/t99/prove-f1.sh	ext	102	rm	rm -rf "$F/$ATTACK"
.softhouse/capture/pathb/t99/prove-f1.sh	ext	103	redirect	TENANT=gerege RECAPTURE_OUT=$F/$ATTACK sh "$F/t36/recapture.sh" > "$EXPORT/f1-live-fixed.txt" 2>&1
.softhouse/capture/pathb/t99/prove-f1.sh	ext	134	redirect	TENANT=gerege RECAPTURE_OUT=$F/$d sh "$F/t36/recapture.sh" ) > "$EXPORT/f1-happy.txt" 2>&1
.softhouse/capture/pathb/t99/prove-f2.sh	ext	35	redirect	git -C "$REPO" status --porcelain > "${TMPDIR:-/tmp}/t99-f2-status-before.$$"
.softhouse/capture/pathb/t99/prove-f2.sh	ext	41	redirect	cat > "$EXPORT/poison/shasum" <<EOF
.softhouse/capture/pathb/t99/prove-f2.sh	ext	47	redirect	cat > "$EXPORT/poison/liar-const" <<EOF
.softhouse/capture/pathb/t99/prove-f2.sh	ext	52	redirect	cat > "$EXPORT/poison/liar-clever" <<EOF
.softhouse/capture/pathb/t99/prove-f2.sh	ext	65	redirect	"$F/t22-audit/req/calc-pmode2-gerege.json" > "$EXPORT/mutated-canary.json"
.softhouse/capture/pathb/t99/prove-f2.sh	ext	68	redirect	echo "the mutated canary: one character, 1162502.5 -> 1162502.55 (T77's exploit request)"
.softhouse/capture/pathb/t99/prove-f2.sh	ext	83	redirect	echo "--- 2a.$side — PATH=<poison>:\$PATH  CANARY_REQ=<mutated>  $SH t36/preconditions.sh gerege"
.softhouse/capture/pathb/t99/prove-f2.sh	ext	86	redirect	> "$EXPORT/f2-$side.txt" 2>&1
.softhouse/capture/pathb/t99/prove-f2.sh	ext	120	redirect	> "$EXPORT/f2-control.txt" 2>&1
.softhouse/capture/pathb/t99/prove-f2.sh	ext	190	redirect	git -C "$REPO" status --porcelain > "${TMPDIR:-/tmp}/t99-f2-status-after.$$"
.softhouse/capture/pathb/t99/prove-f2.sh	ext	196	rm	rm -f "${TMPDIR:-/tmp}/t99-f2-status-before.$$" "${TMPDIR:-/tmp}/t99-f2-status-after.$$"
.softhouse/capture/pathb/t99/prove-f3.sh	ext	28	redirect	sh "$1/t80/forbidden-sentence.sh" > "$EXPORT/f3.txt" 2>&1
.softhouse/capture/pathb/t99/prove-f3.sh	ext	44	redirect	sh "$d/forbidden-sentence.sh" > "$EXPORT/f3-$side.txt" 2>&1
.softhouse/capture/pathb/t99/prove-f3.sh	ext	74	redirect	echo "nothing interesting here" > "$d/out/attack-9z-decoy.txt"
.softhouse/capture/pathb/t99/prove-f3.sh	ext	75	redirect	echo "nor here" > "$d/out/attack-9y-decoy.txt"
.softhouse/capture/pathb/t99/prove-f3.sh	ext	76	redirect	sh "$d/forbidden-sentence.sh" > "$EXPORT/f3b-$side.txt" 2>&1
.softhouse/capture/pathb/t99/prove-f3.sh	ext	88	redirect	run "$TREE" >/dev/null 2>&1 || true
.softhouse/capture/pathb/t99/prove-f3.sh	ext	89	redirect	sh "$TREE/t80/forbidden-sentence.sh" > "$EXPORT/f3c-$side.txt" 2>&1
.softhouse/capture/pathb/t99/prove-f3.sh	ext	96	redirect	> "$TREE/t80/out/attack-9x-planted-nopin.txt"
.softhouse/capture/pathb/t99/prove-f3.sh	ext	98	redirect	> "$TREE/t80/out/attack-9w-planted-default.txt"
.softhouse/capture/pathb/t99/prove-f3.sh	ext	99	redirect	sh "$TREE/t80/forbidden-sentence.sh" > "$EXPORT/f3d-$side.txt" 2>&1
.softhouse/capture/pathb/t99/prove-f3.sh	ext	102	rm	rm -f "$TREE/t80/out/attack-9x-planted-nopin.txt" "$TREE/t80/out/attack-9w-planted-default.txt"
.softhouse/capture/pathb/t99/prove-f3.sh	ext	119	redirect	> "$EXPORT/f3e-stdout.txt" 2>"$EXPORT/f3e-stderr.txt"
.softhouse/capture/pathb/t99/prove-f3.sh	ext	123	redirect	echo "    => a gate that greps a stdout-only transcript for '^  FAIL' matches nothing, ever."
.softhouse/capture/pathb/t99/prove-f3.sh	ext	130	redirect	sh "$TREE/t36/$s.sh" ) > "$EXPORT/f3e-$side-$s.txt" 2>&1
.softhouse/capture/pathb/t99/prove-f3.sh	ext	157	redirect	> "$EXPORT/f3f-$side.txt" 2>&1
.softhouse/capture/pathb/t99/prove-f4.sh	ext	68	rm	rm -f "$P/$STAMPED/CAPTURED-FROM-TENANT"
.softhouse/capture/pathb/t99/prove-f4.sh	ext	85	rm	rm -f "$F/$STAMPED/CAPTURED-FROM-TENANT"
.softhouse/capture/pathb/t99/prove-f4.sh	ext	86	redirect	$PY "$F/provenance.py" verify --root "$F" > "$EXPORT/f4a.txt" 2>&1
.softhouse/capture/pathb/t99/prove-f4.sh	ext	102	redirect	printf 'gerege\n' > "$F/$UNSTAMPED/CAPTURED-FROM-TENANT"
.softhouse/capture/pathb/t99/prove-f4.sh	ext	103	redirect	$PY "$F/provenance.py" verify --root "$F" > "$EXPORT/f4b.txt" 2>&1
.softhouse/capture/pathb/t99/prove-f4.sh	ext	107	rm	rm -f "$F/$UNSTAMPED/CAPTURED-FROM-TENANT"
.softhouse/capture/pathb/t99/prove-f4.sh	ext	121	redirect	$PY "$F/provenance.py" verify --root "$F" > "$EXPORT/f4c.txt" 2>&1
.softhouse/capture/pathb/t99/prove-f4.sh	ext	130	redirect	printf '{"periods":[]}\n' > "$F/t99/out/smuggled-gerege/B-99-raw.json"
.softhouse/capture/pathb/t99/prove-f4.sh	ext	131	redirect	$PY "$F/provenance.py" verify --root "$F" > "$EXPORT/f4d.txt" 2>&1
.softhouse/capture/pathb/t99/prove-f4.sh	ext	134	rm	rm -rf "$F/t99/out/smuggled-gerege"
.softhouse/capture/pathb/t99/prove-f4.sh	ext	165	rm	rm -rf "$F/t99/out/nowhere"
.softhouse/capture/pathb/t99/prove-f4.sh	ext	172	redirect	$PY "$EXPORT/emptytree/provenance.py" emit --root "$EXPORT/emptytree" > "$EXPORT/f4f.txt" 2>&1
.softhouse/capture/pathb/t99/prove-f4.sh	ext	180	redirect	$PY "$REPO/$PB/provenance.py" verify > "$EXPORT/f4g.txt" 2>&1
.softhouse/capture/pathb/t99/prove-f5-legs.sh	ext	51	rm	rm -rf "$W" || die "cannot clear $W"
.softhouse/capture/pathb/t99/prove-f5-legs.sh	ext	63	redirect	printf '#!/bin/sh\nexit 1\n' > "$W/deadbin/$t"
.softhouse/capture/pathb/t99/prove-f5-legs.sh	ext	77	redirect	cat > "$W/poisonbin/docker" <<POISON
.softhouse/capture/pathb/t99/prove-f5-legs.sh	ext	110	redirect	cat > "$W/gonebin/docker" <<GONE
.softhouse/capture/pathb/t99/prove-f5-legs.sh	ext	133	redirect	sh preconditions.sh "$TENANT" ) > "$_o" 2> "$_e"
.softhouse/capture/pathb/t99/prove-f5-legs.sh	ext	135	redirect	( cd "$_base/t36" && PATH=$_p sh preconditions.sh "$TENANT" ) > "$_o" 2> "$_e"
.softhouse/capture/pathb/t99/prove-f5-legs.sh	ext	247	redirect	echo "RESULT: all four F-5 legs reproduce.  RED 3/18 -> 0/21; GREEN 22/0 on both sides with the"
.softhouse/capture/pathb/t99/prove-p24-postmerge.sh	ext	44	rm	rm -rf "$SCRATCH" || die "cannot clear $SCRATCH"
.softhouse/capture/pathb/t99/prove-p24-postmerge.sh	ext	56	redirect	git -C "$C" merge --quiet --no-edit "origin/$BRANCH" > "$SCRATCH/merge.txt" 2>&1
.softhouse/capture/pathb/t99/prove-p24-postmerge.sh	ext	86	redirect	sh "$C/$PB/t99/prove-$f.sh" > "$SCRATCH/$1-$f.txt" 2>&1
.softhouse/capture/pathb/t99/prove-p24-postmerge.sh	ext	90	redirect	printf '  prove-%s.sh -> exit %s   %s\n' "$f" "$_st" "$_last"
.softhouse/capture/pathb/t99/prove-p24-postmerge.sh	ext	133	redirect	git -C "$C" show "$T99_HEAD:$PB/t99/$fl" > "$C/$PB/t99/$fl" || die "cannot restore $fl from $T99_HEAD"
.softhouse/capture/pathb/t99/prove-sweep-patterns.sh	ext	41	rm	rm -rf "$WORK" || die "cannot clear $WORK"
.softhouse/capture/pathb/t99/prove-sweep-patterns.sh	ext	45	redirect	cat > "$WORK/corpus/missprobe.sh" <<'PROBE'
.softhouse/capture/pathb/t99/prove-sweep-patterns.sh	ext	58	redirect	printf '' > scan.txt
.softhouse/capture/pathb/t99/prove-sweep-patterns.sh	ext	66	redirect	( cd "$WORK/corpus" && sh missprobe.sh ) > "$WORK/fired.txt" 2>&1
.softhouse/capture/pathb/t99/prove-sweep-patterns.sh	ext	74	redirect	git -C "$REPO" show "$T99_HEAD:$PB/t99/sweep.sh" > "$WORK/sweep-old.sh" \
.softhouse/capture/pathb/t99/prove-sweep-patterns.sh	ext	78	redirect	extract() {   # <file> -> the section-3 recursive grep lines, one per line
.softhouse/capture/pathb/t99/prove-sweep-patterns.sh	ext	83	truncate	: > "$WORK/raw-$1.txt"
.softhouse/capture/pathb/t99/prove-sweep-patterns.sh	ext	85	redirect	extract "$2" > "$WORK/pat-$1.txt"
.softhouse/capture/pathb/t99/prove-sweep-patterns.sh	ext	93	redirect	LC_ALL=C awk -F: '{print $2}' "$WORK/raw-$1.txt" | sort -n -u > "$WORK/hits-$1.txt"
.softhouse/capture/pathb/t99/prove-sweep-patterns.sh	ext	145	redirect	[ "$OLD_LINES" -lt "$NEW_LINES" ] || { echo "  the widening did not widen anything ($OLD_LINES -> $NEW_LINES)"; rc=1; }
.softhouse/capture/pathb/t99/run-all.sh	ext	40	redirect	"$shell" "$T99/prove-$f.sh" > "$O/.raw-$f-$shell" 2>&1
.softhouse/capture/pathb/t99/run-all.sh	ext	45	redirect	-e 's/^\(prefix ref:  \)[0-9a-f]\{40\} = [0-9a-f]\{40\}$/\1<PREFIX-COMMIT>/' \
.softhouse/capture/pathb/t99/run-all.sh	ext	46	redirect	-e 's/^\(fixed ref:   HEAD = \)[0-9a-f]\{40\}$/\1<HEAD-COMMIT>/' \
.softhouse/capture/pathb/t99/run-all.sh	ext	48	redirect	"$O/.raw-$f-$shell" > "$O/$f-$shell.txt"
.softhouse/capture/pathb/t99/run-all.sh	ext	49	rm	rm -f "$O/.raw-$f-$shell"
.softhouse/capture/pathb/t99/run-all.sh	ext	68	redirect	sh "$T99/sweep.sh" > "$O/sweep.txt" 2>&1
.softhouse/capture/pathb/t99/run-all.sh	ext	75	redirect	python3 "$T99/../provenance.py" verify > "$O/provenance-verify.txt" 2>&1
.softhouse/capture/periodratio/analysis/controls.py	ext	130	redirect	def main() -> int:
.softhouse/capture/periodratio/analysis/controls.py	ext	155	redirect	print("   -> compared 4 totals + 3 disbursement columns + 6 rows x 9 columns = 61 cells\n")
.softhouse/capture/periodratio/analysis/controls.py	ext	175	redirect	print("   -> compared 4 totals + 2 disbursement columns + 6 rows x 6 columns = 42 cells")
.softhouse/capture/periodratio/analysis/controls.py	ext	193	redirect	print("   -> compared 4 totals + 6 rows x 6 columns = 40 cells\n")
.softhouse/capture/periodratio/analysis/controls.py	ext	204	redirect	print("   -> compared the 3 scalars the handoff publishes for this shape\n")
.softhouse/capture/periodratio/analysis/discriminate.py	ext	39	redirect	def observed_cells(cap: dict) -> dict[str, str]:
.softhouse/capture/periodratio/analysis/discriminate.py	ext	63	redirect	def disagree(a: dict[str, str], b: dict[str, str]) -> list[str]:
.softhouse/capture/periodratio/analysis/discriminate.py	ext	67	redirect	def agreement(obs: dict[str, str], reading: dict[str, str], keys: list[str]) -> int:
.softhouse/capture/periodratio/analysis/discriminate.py	ext	71	redirect	def main() -> int:
.softhouse/capture/periodratio/analysis/discriminate.py	ext	116	redirect	print(f"    R1 vs R2 DISAGREE on {len(d12)} cells -> observation agrees with "
.softhouse/capture/periodratio/analysis/discriminate.py	ext	120	redirect	print("    R1 vs R2 disagree on 0 cells -> this shape CANNOT separate them "
.softhouse/capture/periodratio/analysis/discriminate.py	ext	126	redirect	print(f"    R2 vs R3 DISAGREE on {len(d23)} cells -> observation agrees with "
.softhouse/capture/periodratio/analysis/discriminate.py	ext	130	redirect	print("    R2 vs R3 disagree on 0 cells -> this shape CANNOT separate the "
.softhouse/capture/periodratio/analysis/discriminate.py	ext	137	truncate	print(f"{'capture':14} {'P0: R1/R2 cells':>16} {'obs=R1':>8} {'obs=R2':>8}"
.softhouse/capture/periodratio/analysis/discriminate.py	ext	138	truncate	f" {'ME: R2/R3 cells':>16} {'obs=R2':>8} {'obs=R3':>8} {'full-cell vs R2':>18}")
.softhouse/capture/periodratio/analysis/discriminate.py	ext	143	truncate	print(f"{v['id']:14} {v['d12']:>16} "
.softhouse/capture/periodratio/analysis/discriminate.py	ext	144	truncate	f"{(str(p0[0]) if p0 else '-'):>8} {(str(p0[1]) if p0 else '-'):>8} "
.softhouse/capture/periodratio/analysis/discriminate.py	ext	145	truncate	f"{v['d23']:>16} "
.softhouse/capture/periodratio/analysis/discriminate.py	ext	146	truncate	f"{(str(me[0]) if me else '-'):>8} {(str(me[1]) if me else '-'):>8} "
.softhouse/capture/periodratio/analysis/discriminate.py	ext	147	truncate	f"{f'{t - d}/{t}':>18}")
.softhouse/capture/periodratio/analysis/readings.py	ext	36	redirect	if (targetDateLastDay == targetDateDay && seedDateDay > targetDateDay) {
.softhouse/capture/periodratio/analysis/readings.py	ext	77	redirect	repay_every: int) -> Decimal:
.softhouse/capture/periodratio/analysis/readings.py	ext	91	redirect	if not (from_date > rp_due):
.softhouse/capture/periodratio/analysis/readings.py	ext	104	redirect	def period_ratios_no_monthend(req: Request) -> list[Decimal]:
.softhouse/capture/periodratio/analysis/readings.py	ext	109	redirect	def monthend_special_case_fires(req: Request) -> list[int]:
.softhouse/capture/periodratio/analysis/readings.py	ext	118	redirect	if last_day == f.day and seed.day > f.day:
.softhouse/capture/periodratio/analysis/readings.py	ext	149	redirect	def render(req: Request, rows) -> dict[str, str]:
.softhouse/capture/periodratio/analysis/readings.py	ext	150	redirect	"""Cell map: address -> exact decimal string, addressed the same way the
.softhouse/capture/periodratio/analysis/readings.py	ext	187	redirect	def render_reading(req: Request, name: str) -> dict[str, str]:
.softhouse/capture/periodratio/analysis/run-t46-monthdiff.sh	ext+execbit	22	redirect	} > "$OUT"
.softhouse/capture/periodratio/analysis/run-t46-monthdiff.sh	ext+execbit	31	redirect	echo "== done -> $OUT"
.softhouse/capture/periodratio/analysis/select_shapes.py	ext	36	redirect	def disagree(a: dict[str, str], b: dict[str, str]) -> list[str]:
.softhouse/capture/periodratio/analysis/select_shapes.py	ext	41	redirect	def report(tag: str, req: Request) -> dict:
.softhouse/capture/periodratio/analysis/select_shapes.py	ext	101	truncate	print(f"{'shape':14} {'R1 vs R2':>10} {'R2 vs R3':>10}")
.softhouse/capture/periodratio/analysis/select_shapes.py	ext	103	truncate	print(f"{r['tag']:14} {r['d12']:>10} {r['d23']:>10}")
.softhouse/capture/periodratio/analysis/t34_model.py	ext	32	redirect	def round_mc(x: Decimal, sig: int = SIG) -> Decimal:
.softhouse/capture/periodratio/analysis/t34_model.py	ext	40	redirect	def set_scale(x: Decimal, scale: int) -> Decimal:
.softhouse/capture/periodratio/analysis/t34_model.py	ext	45	redirect	def to_minor(x: Decimal) -> int:
.softhouse/capture/periodratio/analysis/t34_model.py	ext	51	redirect	def days(a: date, b: date) -> int:
.softhouse/capture/periodratio/analysis/t34_model.py	ext	57	redirect	def add_months_clamped(d: date, k: int) -> date:
.softhouse/capture/periodratio/analysis/t34_model.py	ext	64	redirect	def re_anchor(stepped: date, seed: date) -> date:
.softhouse/capture/periodratio/analysis/t34_model.py	ext	65	redirect	"""Step 2 (monthly only): if the SEED day > 28 and the stepped day >= 28,
.softhouse/capture/periodratio/analysis/t34_model.py	ext	67	redirect	if seed.day > 28 and stepped.day >= 28:
.softhouse/capture/periodratio/analysis/t34_model.py	ext	73	redirect	def repayment_boundaries(start: date, seed: date, n: int, every: int) -> list[tuple[date, date]]:
.softhouse/capture/periodratio/analysis/t34_model.py	ext	89	redirect	rp_from: date, rp_due: date) -> Decimal:
.softhouse/capture/periodratio/analysis/t34_model.py	ext	129	redirect	def length(self) -> int:
.softhouse/capture/periodratio/analysis/t34_model.py	ext	133	redirect	def length_till_period_due(self) -> int:
.softhouse/capture/periodratio/analysis/t34_model.py	ext	148	redirect	def growth_factor(self) -> Decimal:
.softhouse/capture/periodratio/analysis/t34_model.py	ext	167	redirect	def segment(req: Request) -> list[RepaymentPeriod]:
.softhouse/capture/periodratio/analysis/t34_model.py	ext	200	redirect	def apply_rate_factors(req: Request, periods, multipliers=None) -> None:
.softhouse/capture/periodratio/analysis/t34_model.py	ext	212	redirect	def first_related(req: Request, periods, target: int) -> int:
.softhouse/capture/periodratio/analysis/t34_model.py	ext	224	redirect	def level_installment(periods, first_rel: int, balance_minor: int) -> int:
.softhouse/capture/periodratio/analysis/t34_model.py	ext	233	redirect	if i > 0:
.softhouse/capture/periodratio/analysis/t34_model.py	ext	240	redirect	def split_rows(periods, first_rel: int, emi_minor: int) -> None:
.softhouse/capture/periodratio/analysis/t34_model.py	ext	266	redirect	def apply_residual_and_recompute(periods, principal_minor: int) -> None:
.softhouse/capture/periodratio/analysis/t34_model.py	ext	274	redirect	balance_minor = periods[-2].outstanding_minor if len(periods) > 1 else 0
.softhouse/capture/periodratio/analysis/t34_model.py	ext	322	redirect	if not (lower_half > 0 and emi_difference != 0
.softhouse/capture/periodratio/analysis/t34_model.py	ext	323	redirect	and abs(emi_difference) * 100 > lower_half * MINOR):
.softhouse/capture/periodratio/analysis/t34_model.py	ext	326	redirect	sgn = 1 if emi_difference > 0 else -1
.softhouse/capture/periodratio/analysis/t34_model.py	ext	338	redirect	if adjust_counter > 3:
.softhouse/capture/periodratio/analysis/t34_model.py	ext	349	redirect	def m2s(v: int) -> str:
.softhouse/capture/periodratio/analysis/t34_periodratio.py	ext	11	redirect	":1355-1356 -> :1403-1412 -> rateFactorByRepaymentEveryMonth :1923-1927
.softhouse/capture/periodratio/analysis/t34_periodratio.py	ext	12	redirect	-> rateFactorByRepaymentPeriod :1950-1966, and :1486-1487 -> :1536 -> the same two."
.softhouse/capture/periodratio/analysis/t34_periodratio.py	ext	18	redirect	case MONTHS -> calculatePeriodRatio(scheduleModel, repaymentPeriod, ChronoUnit.MONTHS, mc); ... };
.softhouse/capture/periodratio/analysis/t34_periodratio.py	ext	46	redirect	def months_between(a: date, b: date) -> int:
.softhouse/capture/periodratio/analysis/t34_periodratio.py	ext	57	redirect	def minus_months_clamped(d: date, k: int) -> date:
.softhouse/capture/periodratio/analysis/t34_periodratio.py	ext	62	redirect	repay_every: int) -> date:
.softhouse/capture/periodratio/analysis/t34_periodratio.py	ext	80	redirect	repay_every: int) -> Decimal:
.softhouse/capture/periodratio/analysis/t34_periodratio.py	ext	87	redirect	if target_last_day == target_day and seed_day > target_day:
.softhouse/capture/periodratio/analysis/t34_periodratio.py	ext	96	redirect	if not (from_date > rp_due):
.softhouse/capture/periodratio/analysis/t34_periodratio.py	ext	109	redirect	def period_ratios_for(req: Request) -> list[Decimal]:
.softhouse/capture/periodratio/analysis/t34_periodratio.py	ext	120	redirect	def diverges(req: Request) -> bool:
.softhouse/capture/periodratio/analysis/t46_arms_ratio.py	ext	13	redirect	(== ChronoUnit.<unit>.between)
.softhouse/capture/periodratio/analysis/t46_arms_ratio.py	ext	64	redirect	return q if (n >= 0) == (d > 0) else -q
.softhouse/capture/periodratio/analysis/t46_arms_ratio.py	ext	68	redirect	"""ChronoUnit.<unit>.between(a, b) -- the PACKED rule for MONTHS and YEARS."""
.softhouse/capture/periodratio/analysis/t46_arms_ratio.py	ext	92	redirect	if plus(a, k, unit) > b:
.softhouse/capture/periodratio/analysis/t46_arms_ratio.py	ext	103	redirect	fires = last_day == from_date.day and seed.day > from_date.day
.softhouse/capture/periodratio/analysis/t46_arms_ratio.py	ext	135	redirect	if not cursor > due_date:
.softhouse/capture/periodratio/analysis/t46_arms_ratio.py	ext	150	truncate	hdr = (f"{'capture':<14} {'freq':<7} {'every':>5} {'period':>6} "
.softhouse/capture/periodratio/analysis/t46_arms_ratio.py	ext	151	truncate	f"{'R1=every':>9} {'R2 (pinned)':>22} {'R3':>22} {'R4':>22}  verdict")
.softhouse/capture/periodratio/analysis/t46_arms_ratio.py	ext	163	truncate	f"{c['inputs']['repaymentEvery']:>5}      -   "
.softhouse/capture/periodratio/analysis/t46_arms_ratio.py	ext	196	truncate	print(f"{c['id']:<14} {unit:<7} {every:>5} {p['periodNumber']:>6} "
.softhouse/capture/periodratio/analysis/t46_arms_ratio.py	ext	197	truncate	f"{str(r1):>9} {str(r2):>22} {str(r3):>22} {str(r4):>22}  "
.softhouse/capture/periodratio/analysis/t46_reemit_identity.py	ext	85	redirect	problems.append(f"{cid}: leaf {path} MOVED  {ov!r} -> {n[path]!r}")
.softhouse/capture/periodratio/analysis/t46_reemit_identity.py	ext	102	redirect	problems.append(f"top-level {k}: {v!r} -> {new.get(k)!r}")
.softhouse/capture/periodratio/src/run-periodratio.sh	ext+execbit	105	redirect	' > "$IDENT" 2>&1 || fail "oracle-identity container exited non-zero (see $IDENT)"
.softhouse/capture/periodratio/src/run-periodratio.sh	ext+execbit	108	redirect	sed -n '/== classpath entries/,$p' "$IDENT" | tail -n +2 > "$CPLIST"
.softhouse/capture/periodratio/src/run-periodratio.sh	ext+execbit	132	redirect	' > "$RAW" 2> "$ERR"
.softhouse/capture/periodratio/src/run-periodratio.sh	ext+execbit	148	redirect	head -n "$((FIRST_BRACE - 1))" "$RAW" > "$LOG"
.softhouse/capture/periodratio/src/run-periodratio.sh	ext+execbit	150	truncate	: > "$LOG"
.softhouse/capture/periodratio/src/run-periodratio.sh	ext+execbit	152	redirect	tail -n "+$FIRST_BRACE" "$RAW" > "$JSON"
.softhouse/capture/periodratio/src/run-periodratio.sh	ext+execbit	153	redirect	python3 -m json.tool "$JSON" > /dev/null || fail "JSON payload does not parse ($JSON)"
.softhouse/capture/periodratio/src/run-t46-periodratio.sh	ext+execbit	107	redirect	' > "$IDENT" 2>&1 || fail "oracle-identity container exited non-zero (see $IDENT)"
.softhouse/capture/periodratio/src/run-t46-periodratio.sh	ext+execbit	110	redirect	sed -n '/== classpath entries/,$p' "$IDENT" | tail -n +2 > "$CPLIST"
.softhouse/capture/periodratio/src/run-t46-periodratio.sh	ext+execbit	134	redirect	' > "$RAW" 2> "$ERR"
.softhouse/capture/periodratio/src/run-t46-periodratio.sh	ext+execbit	146	redirect	head -n "$((FIRST_BRACE - 1))" "$RAW" > "$LOG"
.softhouse/capture/periodratio/src/run-t46-periodratio.sh	ext+execbit	148	truncate	: > "$LOG"
.softhouse/capture/periodratio/src/run-t46-periodratio.sh	ext+execbit	150	redirect	tail -n "+$FIRST_BRACE" "$RAW" > "$JSON"
.softhouse/capture/periodratio/src/run-t46-periodratio.sh	ext+execbit	151	redirect	python3 -m json.tool "$JSON" > /dev/null || fail "JSON payload does not parse ($JSON)"
.softhouse/capture/src/run-pass3b.sh	ext+execbit	59	redirect	command -v docker >/dev/null 2>&1 || fail "docker not on PATH"
.softhouse/capture/src/run-pass3b.sh	ext+execbit	104	redirect	' > "$RAW" 2> "$ERR"
.softhouse/capture/src/run-pass3b.sh	ext+execbit	114	redirect	head -n $((START - 1)) "$RAW" > "$LOG"
.softhouse/capture/src/run-pass3b.sh	ext+execbit	116	truncate	: > "$LOG"
.softhouse/capture/src/run-pass3b.sh	ext+execbit	118	redirect	tail -n +"$START" "$RAW" > "$JSON"
.softhouse/capture/src/run-pass3b.sh	ext+execbit	235	truncate	: > "$SUMS"
.softhouse/capture/src/run-pass3c.sh	ext+execbit	79	redirect	command -v docker >/dev/null 2>&1 || fail "docker not on PATH"
.softhouse/capture/src/run-pass3c.sh	ext+execbit	130	redirect	' > "$RAW" 2> "$ERR"
.softhouse/capture/src/run-pass3c.sh	ext+execbit	140	redirect	head -n $((START - 1)) "$RAW" > "$LOG"
.softhouse/capture/src/run-pass3c.sh	ext+execbit	142	truncate	: > "$LOG"
.softhouse/capture/src/run-pass3c.sh	ext+execbit	144	redirect	tail -n +"$START" "$RAW" > "$JSON"
.softhouse/capture/src/run-pass3c.sh	ext+execbit	322	truncate	: > "$SUMS"
.softhouse/capture/src/run-pass3d.sh	ext+execbit	99	redirect	command -v docker >/dev/null 2>&1 || fail "docker not on PATH"
.softhouse/capture/src/run-pass3d.sh	ext+execbit	156	redirect	' > "$RAW" 2> "$ERR"
.softhouse/capture/src/run-pass3d.sh	ext+execbit	166	redirect	head -n $((START - 1)) "$RAW" > "$LOG"
.softhouse/capture/src/run-pass3d.sh	ext+execbit	168	truncate	: > "$LOG"
.softhouse/capture/src/run-pass3d.sh	ext+execbit	170	redirect	tail -n +"$START" "$RAW" > "$JSON"
.softhouse/capture/src/run-pass3d.sh	ext+execbit	363	truncate	: > "$SUMS"
.softhouse/capture/src/run-pass3e.sh	ext+execbit	103	redirect	command -v docker >/dev/null 2>&1 || fail "docker not on PATH"
.softhouse/capture/src/run-pass3e.sh	ext+execbit	160	redirect	' > "$RAW" 2> "$ERR"
.softhouse/capture/src/run-pass3e.sh	ext+execbit	170	redirect	head -n $((START - 1)) "$RAW" > "$LOG"
.softhouse/capture/src/run-pass3e.sh	ext+execbit	172	truncate	: > "$LOG"
.softhouse/capture/src/run-pass3e.sh	ext+execbit	174	redirect	tail -n +"$START" "$RAW" > "$JSON"
.softhouse/capture/src/run-pass3e.sh	ext+execbit	370	truncate	: > "$SUMS"
.softhouse/capture/src/run-pass3f.sh	ext+execbit	107	redirect	command -v docker >/dev/null 2>&1 || fail "docker not on PATH"
.softhouse/capture/src/run-pass3f.sh	ext+execbit	169	redirect	' > "$RAW" 2> "$ERR"
.softhouse/capture/src/run-pass3f.sh	ext+execbit	179	redirect	head -n $((START - 1)) "$RAW" > "$LOG"
.softhouse/capture/src/run-pass3f.sh	ext+execbit	181	truncate	: > "$LOG"
.softhouse/capture/src/run-pass3f.sh	ext+execbit	183	redirect	tail -n +"$START" "$RAW" > "$JSON"
.softhouse/capture/src/run-pass3f.sh	ext+execbit	377	truncate	: > "$SUMS"
.softhouse/capture/src/run-pass3g.sh	ext	107	redirect	command -v docker >/dev/null 2>&1 || fail "docker not on PATH"
.softhouse/capture/src/run-pass3g.sh	ext	169	redirect	' > "$RAW" 2> "$ERR"
.softhouse/capture/src/run-pass3g.sh	ext	179	redirect	head -n $((START - 1)) "$RAW" > "$LOG"
.softhouse/capture/src/run-pass3g.sh	ext	181	truncate	: > "$LOG"
.softhouse/capture/src/run-pass3g.sh	ext	183	redirect	tail -n +"$START" "$RAW" > "$JSON"
.softhouse/capture/src/run-pass3g.sh	ext	384	truncate	: > "$SUMS"
.softhouse/capture/src/run-pass3h.sh	ext+execbit	133	redirect	command -v docker >/dev/null 2>&1 || fail "docker not on PATH"
.softhouse/capture/src/run-pass3h.sh	ext+execbit	202	redirect	' > "$RAW" 2> "$ERR"
.softhouse/capture/src/run-pass3h.sh	ext+execbit	212	redirect	head -n $((START - 1)) "$RAW" > "$LOG"
.softhouse/capture/src/run-pass3h.sh	ext+execbit	214	truncate	: > "$LOG"
.softhouse/capture/src/run-pass3h.sh	ext+execbit	216	redirect	tail -n +"$START" "$RAW" > "$JSON"
.softhouse/capture/src/run-pass3h.sh	ext+execbit	476	truncate	: > "$SUMS"
.softhouse/capture/src/run-pass3i.sh	ext+execbit	162	redirect	command -v docker >/dev/null 2>&1 || fail "docker not on PATH"
.softhouse/capture/src/run-pass3i.sh	ext+execbit	240	redirect	' > "$RAW" 2> "$ERR"
.softhouse/capture/src/run-pass3i.sh	ext+execbit	250	redirect	head -n $((START - 1)) "$RAW" > "$LOG"
.softhouse/capture/src/run-pass3i.sh	ext+execbit	252	truncate	: > "$LOG"
.softhouse/capture/src/run-pass3i.sh	ext+execbit	254	redirect	tail -n +"$START" "$RAW" > "$JSON"
.softhouse/capture/src/run-pass3i.sh	ext+execbit	711	truncate	: > "$SUMS"
.softhouse/capture/src/run-rc6-rounddown-attestation.sh	ext+execbit	50	redirect	docker logs fineract-fineract-1 2>&1 | grep 'MoneyHelper' > "$LOGL" || true
.softhouse/capture/src/run-rc6-rounddown-attestation.sh	ext+execbit	67	rm	rm = next((r for r in rows if r.get('name') == 'rounding-mode'), None)
.softhouse/capture/src/run-rc6-rounddown-attestation.sh	ext+execbit	68	rm	if rm is None:
.softhouse/capture/src/run-rc6-rounddown-attestation.sh	ext+execbit	185	truncate	: > "$SUMS"
.softhouse/capture/src/t169-red/build_harness_t169.py	ext	146	py-rmtree	os.remove(a)
.softhouse/capture/src/t169-red/build_harness_t169.py	ext	147	py-rmtree	os.remove(b)
.softhouse/capture/src/t169-red/mutate-guards.sh	ext	7	rm	rm -rf "$W"; mkdir -p "$W"
.softhouse/capture/src/t169-red/mutate-guards.sh	ext	12	redirect	banner "M1  isFatal() always false  -> a fatal throwable would be SWALLOWED"
.softhouse/capture/src/t169-red/mutate-guards.sh	ext	14	redirect	"$LIB/ThrewOutcome.java" > "$W/M1_ThrewOutcome.java"
.softhouse/capture/src/t169-red/mutate-guards.sh	ext	15	redirect	sed 's/"java.lang.ThreadDeath".equals(t.getClass().getName())/false/' "$W/M1_ThrewOutcome.java" > "$W/ThrewOutcome.java"
.softhouse/capture/src/t169-red/mutate-guards.sh	ext	20	redirect	banner "M2  isFatal() always true  -> a StackOverflowError would KILL the run instead of being recorded"
.softhouse/capture/src/t169-red/mutate-guards.sh	ext	22	inplace-edit	sed -i.bak 's/if (t instanceof StackOverflowError) {\n            return false;/X/' "$W/ThrewOutcome.java"
.softhouse/capture/src/t169-red/postcheck_t169.py	ext	56	redirect	have_json = os.path.exists(jsonp) and os.path.getsize(jsonp) > 0
.softhouse/capture/src/t169-red/postcheck_t169.py	ext	157	redirect	print('  -> the handler change moved NO number.')
.softhouse/capture/src/t169-red/red-drive-stderr-refusal.sh	ext	21	redirect	printf 'java.lang.ArithmeticException: / by zero\n\tat org.apache.fineract...\n' > "$ERR"
.softhouse/capture/src/t169-red/red-drive-stderr-refusal.sh	ext	26	truncate	: > "$ERR"
.softhouse/capture/src/t169-red/run-one-variant.sh	ext	4	redirect	bash "$REPO/.softhouse/capture/src/t169-red/run-t169.sh" "$REPO" "$VARIANT" > "/tmp/t169probe/console-$VARIANT.txt" 2>&1
.softhouse/capture/src/t169-red/run-t169.sh	ext	83	redirect	' > "$RAW" 2> "$ERR"
.softhouse/capture/src/t169-red/run-t169.sh	ext	91	truncate	if [ "$START" -gt 1 ]; then head -n $((START - 1)) "$RAW" > "$LOG"; else : > "$LOG"; fi
.softhouse/capture/src/t169-red/run-t169.sh	ext	92	redirect	tail -n +"$START" "$RAW" > "$JSON"
.softhouse/capture/src/t169-red/run-t169.sh	ext	95	truncate	: > "$JSON"
.softhouse/capture/t100-g8-rescope/src/classify_two_families.py	ext	25	redirect	"""Decimal string -> integer minor units. No float anywhere."""
.softhouse/capture/t100-g8-rescope/src/classify_two_families.py	ext	36	redirect	if len(frac) > dp:
.softhouse/capture/t100-g8-rescope/src/closed_form_check.py	ext	28	redirect	if len(frac) > dp:
.softhouse/capture/t100-g8-rescope/src/exemption_demo_t100.py	ext	39	redirect	if len(fr) > 2 and set(fr[2:]) != {"0"}:
.softhouse/capture/t100-g8-rescope/src/exemption_demo_t100.py	ext	117	py-rmtree	shutil.rmtree(scratch, ignore_errors=True)
.softhouse/capture/t100-g8-rescope/src/exemption_demo_t100.py	ext	125	py-rmtree	shutil.rmtree(scratch, ignore_errors=True)
.softhouse/capture/t100-g8-rescope/src/exemption_demo_t100.py	ext	178	redirect	"transformation is exact textual major->minor scaling." % (fam, case), ga)
.softhouse/capture/t100-g8-rescope/src/exemption_demo_t100.py	ext	182	py-rmtree	shutil.rmtree(store, ignore_errors=True)
.softhouse/capture/t100-g8-rescope/src/exemption_demo_t100.py	ext	188	py-rmtree	shutil.rmtree(store, ignore_errors=True)
.softhouse/capture/t100-g8-rescope/src/largest_failing.py	ext	33	redirect	above = [c for c in v['clean'] if c > lf]
.softhouse/capture/t100-g8-rescope/src/run-t100.sh	ext	57	redirect	' > "$RAW" 2> "$ERR"
.softhouse/capture/t100-g8-rescope/src/run-t100.sh	ext	64	truncate	if [ "$START" -gt 1 ]; then head -n $((START - 1)) "$RAW" > "$LOG"; else : > "$LOG"; fi
.softhouse/capture/t100-g8-rescope/src/run-t100.sh	ext	65	redirect	tail -n +"$START" "$RAW" > "$JSON"
.softhouse/capture/t108-grep/capture-env.sh	ext	74	redirect	cat > "$tmp.sh" <<'EOS'
.softhouse/capture/t108-grep/capture-env.sh	ext	78	redirect	bash "$tmp.sh" > "$tmp.out" 2>&1
.softhouse/capture/t108-grep/capture-env.sh	ext	83	redirect	echo "    -> a LONE 0xE2.  Invalid UTF-8, and it sits BEFORE the words"
.softhouse/capture/t108-grep/capture-env.sh	ext	85	rm	rm -f "$tmp" "$tmp.sh" "$tmp.out"
.softhouse/capture/t108-grep/capture-env.sh	ext	86	redirect	} > "$OUT/env.txt" 2>&1
.softhouse/capture/t108-grep/capture-env.sh	ext	91	redirect	echo "Source: \$HOME/.claude/shell-snapshots/<session>.sh (regenerated per session)."
.softhouse/capture/t108-grep/capture-env.sh	ext	109	redirect	} > "$OUT/shell-function.txt" 2>&1
.softhouse/capture/t108-grep/capture-env.sh	ext	121	redirect	} > "$OUT/hexdumps.txt" 2>&1
.softhouse/capture/t108-grep/probe-conformance-guards.sh	ext	48	redirect	echo "  perl -0pe 's/\"(\\\\.|[^\"\\\\])*\"//g' \$f | grep -Eq '<float regex>'"
.softhouse/capture/t108-grep/probe-conformance-guards.sh	ext	91	rm	rm -rf "$S"
.softhouse/capture/t108-grep/probe-flags.sh	ext	55	redirect	printf '  %-10s %-4s %-7s -> stdout=[%s] exit=%s\n' "$tool" "$fl" "$loc" "$out" "$st"
.softhouse/capture/t108-grep/probe-flags.sh	ext	76	redirect	printf '  %-6s %-5s %-7s -> exit=%s %-14s stdout=[%s]\n' "$tool" "$fl" "$loc" "$st" "$w" "$out"
.softhouse/capture/t108-grep/probe-flags.sh	ext	86	redirect	cat > /tmp/t108-inner.sh <<'INNER'
.softhouse/capture/t108-grep/probe-flags.sh	ext	87	redirect	echo "  inside script: type -a grep ->"
.softhouse/capture/t108-grep/probe-flags.sh	ext	89	redirect	echo "  inside script: grep --version -> $(grep --version 2>&1 | head -1)"
.softhouse/capture/t108-grep/probe-flags.sh	ext	95	rm	rm -f /tmp/t108-inner.sh
.softhouse/capture/t108-grep/replicate-t91-g4.sh	ext	49	redirect	/usr/bin/grep -c . "$S/t91-shape.txt" >/dev/null 2>&1
.softhouse/capture/t108-grep/replicate-t91-g4.sh	ext	75	rm	rm -rf "$S"
.softhouse/capture/t108-grep/run-matrix.sh	ext	83	redirect	printf 'shape\ttool\tlocale\tflags\tpattern\texpected\tgot\texit\tverdict\tstderr\n' > "$TSV"
.softhouse/capture/t108-grep/run-matrix.sh	ext	101	rm	rm -f "$errf"
.softhouse/capture/t116-familyb-promotion/src/T116-promote-vectors.py	ext	14	redirect	major -> minor scaling, with an integrality assertion on every parse; the oracle's own emitted
.softhouse/capture/t116-familyb-promotion/src/T116-promote-vectors.py	ext	58	redirect	"""Exact textual major -> integer minor units for a 2-dp currency. No float, ever."""
.softhouse/capture/t116-familyb-promotion/src/T116-promote-vectors.py	ext	63	redirect	if len(frac) > 2 and set(frac[2:]) != {"0"}:
.softhouse/capture/t116-familyb-promotion/src/T116-promote-vectors.py	ext	122	redirect	"only transformation is exact textual major->minor scaling, and the oracle's own emitted "
.softhouse/capture/t116-familyb-promotion/src/classify_t116.py	ext	20	redirect	"""Exact textual major -> integer minor units for MNT (2 dp). No float, ever."""
.softhouse/capture/t116-familyb-promotion/src/classify_t116.py	ext	27	redirect	if len(frac) > 2 and set(frac[2:]) != {"0"}:
.softhouse/capture/t116-familyb-promotion/src/classify_t116.py	ext	116	redirect	rec["totalPrincipalAmountMinor"] == 0 and rec["totalInterestAmountMinor"] > 0,
.softhouse/capture/t116-familyb-promotion/src/counterfactuals_t116.py	ext	64	redirect	"""Exact major-unit decimal text -> int64 minor units. No float, ever."""
.softhouse/capture/t116-familyb-promotion/src/counterfactuals_t116.py	ext	69	redirect	if len(frac) > 2 and set(frac[2:]) != {"0"}:
.softhouse/capture/t116-familyb-promotion/src/counterfactuals_t116.py	ext	79	py-rmtree	shutil.rmtree(scratch, ignore_errors=True)
.softhouse/capture/t116-familyb-promotion/src/counterfactuals_t116.py	ext	98	py-rmtree	shutil.rmtree(scratch, ignore_errors=True)
.softhouse/capture/t116-familyb-promotion/src/counterfactuals_t116.py	ext	103	redirect	"""The graded MONEY cells of a capture case, as (row_index, field) -> integer minor units."""
.softhouse/capture/t116-familyb-promotion/src/run-harness-mutations-t116.sh	ext	44	rm	rm -rf "$dir"
.softhouse/capture/t116-familyb-promotion/src/run-harness-mutations-t116.sh	ext	65	redirect	( cd "$dir" && git init -q . && git add -A -f >/dev/null 2>&1 ) || exit 1
.softhouse/capture/t116-familyb-promotion/src/run-harness-mutations-t116.sh	ext	88	rm	rm -f "$SCRATCH/$1/.softhouse/vectors/loanschedule/$v"
.softhouse/capture/t116-familyb-promotion/src/run-harness-mutations-t116.sh	ext	116	redirect	( cd "$dir" && bash "$dir/.softhouse/conformance.sh" ) > "$out" 2>&1
.softhouse/capture/t116-familyb-promotion/src/run-harness-mutations-t116.sh	ext	166	redirect	echo "  => UNSCORABLE: an arm did not run. No claim is made either way."
.softhouse/capture/t116-familyb-promotion/src/run-harness-mutations-t116.sh	ext	168	redirect	echo "  => CLOSED A BLIND SPOT: green at 43, RED at 46."
.softhouse/capture/t116-familyb-promotion/src/run-harness-mutations-t116.sh	ext	170	redirect	echo "  => already graded before T116 (red at 43); T116 adds cells, not new coverage."
.softhouse/capture/t116-familyb-promotion/src/run-harness-mutations-t116.sh	ext	172	redirect	echo "  => SURVIVES BOTH. T116 does NOT grade it. Reported as such."
.softhouse/capture/t116-familyb-promotion/src/run-harness-mutations-t116.sh	ext	185	redirect	echo "  => UNSCORABLE: the arm did not run. No claim is made either way."
.softhouse/capture/t116-familyb-promotion/src/run-harness-mutations-t116.sh	ext	187	redirect	echo "  => THE EXEMPTION IS LOAD-BEARING: without it the run is RED."
.softhouse/capture/t116-familyb-promotion/src/run-harness-mutations-t116.sh	ext	190	redirect	echo "  => VACUOUS: the run is green without the exemption. The promotion route is VOID."
.softhouse/capture/t116-familyb-promotion/src/run-t116.sh	ext	65	redirect	' > "$RAW" 2> "$ERR"
.softhouse/capture/t116-familyb-promotion/src/run-t116.sh	ext	72	truncate	if [ "$START" -gt 1 ]; then head -n $((START - 1)) "$RAW" > "$LOG"; else : > "$LOG"; fi
.softhouse/capture/t116-familyb-promotion/src/run-t116.sh	ext	73	redirect	tail -n +"$START" "$RAW" > "$JSON"
.softhouse/capture/t117-familyb/src/classify_t117.py	ext	30	redirect	"""Decimal string -> integer minor units. No float anywhere."""
.softhouse/capture/t117-familyb/src/classify_t117.py	ext	41	redirect	if len(frac) > dp:
.softhouse/capture/t117-familyb/src/classify_t117.py	ext	104	redirect	sys.exit("usage: classify_t117.py <capture.json[.gz]> <prediction.json>")
.softhouse/capture/t117-familyb/src/ctrl_reproduction.py	ext	51	redirect	sys.exit("usage: ctrl_reproduction.py <t117-capture.json[.gz]>")
.softhouse/capture/t117-familyb/src/gencases.py	ext	15	redirect	-> 600.0 % p.a., MNT 0.01 (B = 1 minor unit), n = 300..1000, which is entirely above the
.softhouse/capture/t117-familyb/src/gencases.py	ext	18	redirect	-> 600.0 % p.a., B = 2..5 minor units, across the whole family-B n range and above it.
.softhouse/capture/t117-familyb/src/gencases_pass2.py	ext	86	redirect	return False, None, "high", "B even -> B*r is an integer, no half-minor-unit tie"
.softhouse/capture/t117-familyb/src/gencases_pass2.py	ext	90	redirect	return True, "B", conf, ("odd B -> B*r is a half-integer; predicted family B at this term, "
.softhouse/capture/t117-familyb/src/residual_census.py	ext	41	redirect	sys.exit("usage: residual_census.py <capture.json[.gz]> [<capture> ...]")
.softhouse/capture/t117-familyb/src/rp_reproduction_pass2.py	ext	35	redirect	sys.exit("usage: rp_reproduction_pass2.py <pass2-capture> <pass1-capture>")
.softhouse/capture/t117-familyb/src/run-t117-pass2.sh	ext	58	redirect	' > "$RAW" 2> "$ERR"
.softhouse/capture/t117-familyb/src/run-t117-pass2.sh	ext	65	truncate	if [ "$START" -gt 1 ]; then head -n $((START - 1)) "$RAW" > "$LOG"; else : > "$LOG"; fi
.softhouse/capture/t117-familyb/src/run-t117-pass2.sh	ext	66	redirect	tail -n +"$START" "$RAW" > "$JSON"
.softhouse/capture/t117-familyb/src/run-t117.sh	ext	58	redirect	' > "$RAW" 2> "$ERR"
.softhouse/capture/t117-familyb/src/run-t117.sh	ext	65	truncate	if [ "$START" -gt 1 ]; then head -n $((START - 1)) "$RAW" > "$LOG"; else : > "$LOG"; fi
.softhouse/capture/t117-familyb/src/run-t117.sh	ext	66	redirect	tail -n +"$START" "$RAW" > "$JSON"
.softhouse/capture/t117-familyb/src/shape_check.py	ext	56	redirect	if len(dev) > 40:
.softhouse/capture/t117-familyb/src/shape_check.py	ext	64	redirect	sys.exit("usage: shape_check.py <capture.json[.gz]>")
.softhouse/capture/t117-familyb/src/threshold_exact.py	ext	39	redirect	"B_times_a_minus_half_sign": ("+" if gap > 0 else ("0" if gap == 0 else "-")),
.softhouse/capture/t117-familyb/src/tie_profile.py	ext	16	redirect	`B*r` is the n -> infinity limit of the annuity payment B*a(r,n) in minor units; at 600.0 %
.softhouse/capture/t117-familyb/src/tie_profile.py	ext	37	redirect	sys.exit("usage: tie_profile.py <capture.json[.gz]>")
.softhouse/capture/t131-grep/probe-commandv.sh	ext	5	redirect	bash -c 'foo(){ echo fn; }; echo "command -v foo -> [$(command -v foo)]"; echo "type -a foo ->"; type -a foo'
.softhouse/capture/t131-grep/probe-commandv.sh	ext	7	redirect	zsh -c 'foo(){ echo fn; }; echo "command -v foo -> [$(command -v foo)]"; echo "type -a foo ->"; type -a foo'
.softhouse/capture/t131-grep/probe-ignorefiles.sh	ext	11	rm	rm -rf "$D"; mkdir -p "$D"
.softhouse/capture/t131-grep/probe-ignorefiles.sh	ext	12	redirect	printf 'ignored.txt\n'            > "$D/.gitignore"
.softhouse/capture/t131-grep/probe-ignorefiles.sh	ext	13	redirect	printf 'principal: 1250000.75\n'  > "$D/ignored.txt"
.softhouse/capture/t131-grep/probe-ignorefiles.sh	ext	14	redirect	printf 'principal: 1250000.75\n'  > "$D/visible.txt"
.softhouse/capture/t131-grep/probe-ignorefiles.sh	ext	26	redirect	echo "    cd /Users/buv/gerege-nbfi && grep -rl '<any string in a sibling worktree>' ."
.softhouse/capture/t131-grep/probe-ignorefiles.sh	ext	27	redirect	echo "  -> exit 1, no output.  Start at .claude instead of . and it is found."
.softhouse/capture/t131-grep/probe-t80-bash.sh	ext	5	redirect	cat > /tmp/t131-unbound.sh <<'INNER'
.softhouse/capture/t131-grep/probe-t80-bash.sh	ext	9	redirect	bash /tmp/t131-unbound.sh > "$D/t80-diag.txt" 2>&1
.softhouse/capture/t131-grep/probe-vector-bytes.py	ext	27	redirect	print("SELFTEST poisoned file ->", "RED (detector fires)" if hits else "GREEN (DETECTOR IS BROKEN)", hits)
.softhouse/capture/t131-grep/probe-vector-bytes.py	ext	30	redirect	print("SELFTEST clean file    ->", "RED (BROKEN)" if scan(g) else "GREEN (correct)")
.softhouse/capture/t131-grep/probe-vector-utf8.py	ext	24	redirect	print("==", f.relative_to(store), "->", valid)
.softhouse/capture/t145-analysis-float/bin/census.py	ext	71	redirect	root = sys.argv[1] if len(sys.argv) > 1 else "."
.softhouse/capture/t145-analysis-float/bin/census.py	ext	92	redirect	print("SELECTOR (sites):      ast.parse -> ast.Call whose func is json.load/json.loads")
.softhouse/capture/t145-analysis-float/bin/classify.py	ext	24	redirect	charges/bin/t48-analyse.py, whose leaf population fell 218 -> 80 and
.softhouse/capture/t145-analysis-float/bin/classify.py	ext	37	redirect	and the disjoint priority assignment C3 > C2 > C1 > C4, and says which it is using.
.softhouse/capture/t145-analysis-float/bin/classify.py	ext	103	redirect	root = os.path.abspath(sys.argv[1] if len(sys.argv) > 1 else ".")
.softhouse/capture/t145-analysis-float/bin/classify.py	ext	155	redirect	print("==== DISJOINT assignment, priority C3 > C2 > C1 > C4 ====")
.softhouse/capture/t145-analysis-float/bin/corpus-float-census.py	ext	56	redirect	root = sys.argv[1] if len(sys.argv) > 1 else "."
.softhouse/capture/t145-analysis-float/bin/differential-confirm.py	ext	72	redirect	root = os.path.abspath(sys.argv[1] if len(sys.argv) > 1 else ".")
.softhouse/capture/t145-analysis-float/bin/differential-confirm.py	ext	103	redirect	x = la[i] if i < len(la) else "<EOF>"
.softhouse/capture/t145-analysis-float/bin/differential-confirm.py	ext	104	redirect	y = lb[i] if i < len(lb) else "<EOF>"
.softhouse/capture/t145-analysis-float/bin/differential-confirm.py	ext	115	redirect	print("      stderr A: %s" % (ea[-1][:150] if ea else "<empty>"))
.softhouse/capture/t145-analysis-float/bin/differential-confirm.py	ext	116	redirect	print("      stderr B: %s" % (eb[-1][:150] if eb else "<empty>"))
.softhouse/capture/t145-analysis-float/bin/differential-confirm.py	ext	120	redirect	x = la[i] if i < len(la) else "<EOF>"
.softhouse/capture/t145-analysis-float/bin/differential-confirm.py	ext	121	redirect	y = la2[i] if i < len(la2) else "<EOF>"
.softhouse/capture/t145-analysis-float/bin/differential.py	ext	25	redirect	this script prints -> a blanket parse_float here is CHURN (T207's finding).
.softhouse/capture/t145-analysis-float/bin/differential.py	ext	50	redirect	root = os.path.abspath(sys.argv[1] if len(sys.argv) > 1 else ".")
.softhouse/capture/t145-analysis-float/bin/differential.py	ext	155	redirect	x = la[i] if i < len(la) else "<EOF>"
.softhouse/capture/t145-analysis-float/bin/differential.py	ext	156	redirect	y = lb[i] if i < len(lb) else "<EOF>"
.softhouse/capture/t145-analysis-float/bin/discriminate_v2.py	ext	113	redirect	if len(diffs) > 12:
.softhouse/capture/t145-analysis-float/bin/drive-discriminate.sh	ext	21	redirect	( cd "$ANA" && python3 discriminate.py ) > "$OUT/orig-rerun.txt" 2>&1
.softhouse/capture/t145-analysis-float/bin/drive-discriminate.sh	ext	23	redirect	if diff -q "$ANA/DISCRIMINATION-OUTPUT.txt" "$OUT/orig-rerun.txt" >/dev/null; then
.softhouse/capture/t145-analysis-float/bin/drive-discriminate.sh	ext	33	redirect	( cd "$ANA" && python3 "$OUT/../bin/discriminate_v2.py" ) > "$OUT/v2-rerun.txt" 2>&1
.softhouse/capture/t145-analysis-float/bin/drive-discriminate.sh	ext	39	redirect	if diff -q "$ANA/DISCRIMINATION-OUTPUT.txt" "$OUT/v2-rerun.txt" >/dev/null; then
.softhouse/capture/t145-analysis-float/bin/drive-discriminate.sh	ext	42	redirect	diff "$ANA/DISCRIMINATION-OUTPUT.txt" "$OUT/v2-rerun.txt" > "$OUT/published-delta.txt"
.softhouse/capture/t145-analysis-float/bin/drive-guard-red.sh	ext	26	redirect	python3 "$G" "$ROOT" >/dev/null 2>&1; leg "GREEN  clean tree, both sites declared" 0 $?
.softhouse/capture/t145-analysis-float/bin/drive-guard-red.sh	ext	28	redirect	cat > "$PLANT" <<'PY'
.softhouse/capture/t145-analysis-float/bin/drive-guard-red.sh	ext	36	redirect	git -C "$ROOT" add -f "$PREL" >/dev/null 2>&1
.softhouse/capture/t145-analysis-float/bin/drive-guard-red.sh	ext	37	redirect	python3 "$G" "$ROOT" > "$OUTDIR/guard-red-leg.txt" 2>&1
.softhouse/capture/t145-analysis-float/bin/drive-guard-red.sh	ext	42	rm	git -C "$ROOT" rm -f --cached "$PREL" >/dev/null 2>&1
.softhouse/capture/t145-analysis-float/bin/drive-guard-red.sh	ext	43	rm	rm -f "$PLANT"
.softhouse/capture/t145-analysis-float/bin/drive-guard-red.sh	ext	46	redirect	cat > "$PLANT" <<'PY'
.softhouse/capture/t145-analysis-float/bin/drive-guard-red.sh	ext	51	redirect	git -C "$ROOT" add -f "$PREL" >/dev/null 2>&1
.softhouse/capture/t145-analysis-float/bin/drive-guard-red.sh	ext	52	redirect	python3 "$G" "$ROOT" >/dev/null 2>&1; leg "GREEN  A1's ratified one-sided shape does NOT fire" 0 $?
.softhouse/capture/t145-analysis-float/bin/drive-guard-red.sh	ext	53	rm	git -C "$ROOT" rm -f --cached "$PREL" >/dev/null 2>&1
.softhouse/capture/t145-analysis-float/bin/drive-guard-red.sh	ext	54	rm	rm -f "$PLANT"
.softhouse/capture/t145-analysis-float/bin/drive-guard-red.sh	ext	57	redirect	python3 - "$ROOT" <<'PY' > "$OUTDIR/guard-vanish-leg.txt" 2>&1
.softhouse/capture/t145-analysis-float/bin/drive-guard-red.sh	ext	69	py-rmtree	os.unlink(tmp.name)
.softhouse/capture/t145-analysis-float/bin/guard-float-decides-money.py	ext	88	redirect	root = os.path.abspath(sys.argv[1] if len(sys.argv) > 1 else ".")
.softhouse/capture/t145-analysis-float/bin/selftest-discriminate-predicate.py	ext	115	redirect	print("           ORIG says match=%-5s -> it prints: %s" % (o_ok, banner))
.softhouse/capture/t154-nofloat/drive-leg1-e2e.sh	ext	30	rm	trap 'rm -rf "$TMP"' EXIT
.softhouse/capture/t154-nofloat/drive-leg1-e2e.sh	ext	70	redirect	echo "  -> IDENTICAL. The fix is not in the working tree yet; every POST row below is a RED row."
.softhouse/capture/t154-nofloat/drive-leg1-e2e.sh	ext	72	redirect	echo "  -> DIFFER."
.softhouse/capture/t154-nofloat/drive-leg1-e2e.sh	ext	78	redirect	plant() { printf '{\n  "case_id": "T154-POISON",\n  \xe2 "rate_pct": 3.6\n}\n' > "$1/.softhouse/vectors/T154-POISON-store-root.json"; }
.softhouse/capture/t154-nofloat/drive-leg1-e2e.sh	ext	79	rm	unplant() { rm -f "$1/.softhouse/vectors/T154-POISON-store-root.json"; }
.softhouse/capture/t154-nofloat/drive-leg1-e2e.sh	ext	81	redirect	run() { # run <tree> <label>  -> prints exit code; full output to $TMP/<label>.txt
.softhouse/capture/t154-nofloat/drive-leg1-e2e.sh	ext	82	redirect	( cd "$1" && bash .softhouse/conformance.sh ) > "$TMP/$2.txt" 2>&1
.softhouse/capture/t154-nofloat/drive-leg1.sh	ext	32	rm	trap 'rm -rf "$TMP"' EXIT
.softhouse/capture/t154-nofloat/drive-leg1.sh	ext	54	redirect	[ -f "$src" ] || (cd "$REPO_ROOT" && git show "$rev:.softhouse/conformance.sh") > "$src"
.softhouse/capture/t154-nofloat/drive-leg1.sh	ext	108	redirect	printf '{\n  "case_id": "V1",\n  "rate_pct": 3.6\n}\n'                  > "$TMP/corpus/v1-clean-float.json"
.softhouse/capture/t154-nofloat/drive-leg1.sh	ext	109	redirect	printf '{\n  "case_id": "V2",\n  \xe2 "rate_pct": 3.6\n}\n'             > "$TMP/corpus/v2-poison-before-same-line.json"
.softhouse/capture/t154-nofloat/drive-leg1.sh	ext	110	redirect	printf '{\n  "case_id": "V3",\n  "rate_pct": 3.6 \xe2\n}\n'             > "$TMP/corpus/v3-poison-after-same-line.json"
.softhouse/capture/t154-nofloat/drive-leg1.sh	ext	111	redirect	printf '{\n  "case_id": "V4",\n  \xe2 "n": 36e2\n}\n'                   > "$TMP/corpus/v4-poison-before-exponent.json"
.softhouse/capture/t154-nofloat/drive-leg1.sh	ext	112	redirect	printf '{\n  "case_id": "V5",\n  "principal_minor": "120000000"\n}\n'   > "$TMP/corpus/v5-clean-integers.json"
.softhouse/capture/t154-nofloat/drive-leg1.sh	ext	113	redirect	printf 'package p\n\nfunc f() { var x float64 = 1 ; _ = x }\n'          > "$TMP/corpus/g1-clean-float64.go"
.softhouse/capture/t154-nofloat/drive-leg1.sh	ext	114	redirect	printf 'package p\n\nfunc f() { var \xe2 x float64 = 1 ; _ = x }\n'     > "$TMP/corpus/g2-poison-before-same-line.go"
.softhouse/capture/t154-nofloat/drive-leg1.sh	ext	115	redirect	printf 'package p\n\nfunc f() { var x int64 = 1 ; _ = x }\n'            > "$TMP/corpus/g3-clean-int.go"
.softhouse/capture/t154-nofloat/drive-leg1.sh	ext	125	redirect	eval "$r" >/dev/null 2>&1; rc=$?
.softhouse/capture/t154-nofloat/drive-leg1.sh	ext	180	redirect	} > "$TMP/zero-$1-$2.sh"
.softhouse/capture/t154-nofloat/drive-leg2.sh	ext	32	rm	trap 'rm -rf "$TMP"' EXIT
.softhouse/capture/t154-nofloat/drive-leg2.sh	ext	55	redirect	inject()   { printf '%s' "$PROBE_SRC" > "$(probe_path "$1")"; }
.softhouse/capture/t154-nofloat/drive-leg2.sh	ext	56	rm	uninject() { rm -f "$(probe_path "$1")"; }
.softhouse/capture/t154-nofloat/drive-leg2.sh	ext	72	redirect	gorun() { # gorun <tree> <label> -- <go args...>
.softhouse/capture/t154-nofloat/drive-leg2.sh	ext	75	redirect	cd "$tree/nexus" && go "$@" ) > "$TMP/$label.txt" 2>&1
.softhouse/capture/t154-nofloat/drive-leg2.sh	ext	79	redirect	( cd "$1" && bash .softhouse/conformance.sh ) > "$TMP/$2.txt" 2>&1
.softhouse/capture/t154-nofloat/drive-leg3.sh	ext	37	rm	trap 'rm -rf "$TMP"' EXIT
.softhouse/capture/t154-nofloat/drive-leg3.sh	ext	90	redirect	( cd "$tree" && bash .softhouse/conformance.sh ) > "$TMP/$label.txt" 2>&1
.softhouse/capture/t154-nofloat/drive-leg3.sh	ext	103	rm	rm -rf "$TMP/$arm/.softhouse/vectors"
.softhouse/capture/t154-nofloat/drive-leg3.sh	ext	111	rm	rm -rf "$TMP/$arm/.softhouse/vectors"
.softhouse/capture/t154-nofloat/drive-leg3.sh	ext	142	redirect	'>BASE_CELLS')  if [ "$2" != '-' ] && [ "$2" -gt "$BASE_CELLS" ] 2>/dev/null; then printf '%s' "$2"; else printf 'MORE-THAN-%s' "$BASE_CELLS"; fi ;;
.softhouse/capture/t154-nofloat/drive-leg3.sh	ext	167	redirect	FLOATY() { printf '%s' "$POISON_BODY" > "$1"; }
.softhouse/capture/t154-nofloat/drive-leg3.sh	ext	173	redirect	LC_ALL=C sed 's/"case_id": "P-00"/"case_id": "'"$3"'"/' "$1/$SRC_REL" > "$1/$2"
.softhouse/capture/t154-nofloat/drive-leg3.sh	ext	178	mv	m_f1_symlink(){ mv "$1/loanschedule" "$1/loanschedule-real"; ln -s loanschedule-real "$1/loanschedule"; }
.softhouse/capture/t154-nofloat/drive-leg3.sh	ext	194	redirect	m_m5_clean()  { printf '{\n  "case_id": "T154-ROOT-CLEAN",\n  "n": 6\n}\n' > "$1/T154-ROOT-CLEAN.json"; }
.softhouse/capture/t154-nofloat/drive-leg3.sh	ext	197	redirect	m_m5_poison() { printf '{\n  "case_id": "T154-ROOT-POISON",\n  \xe2 "rate_pct": 3.6\n}\n' > "$1/T154-ROOT-POISON.json"; }
.softhouse/capture/t154-nofloat/drive-leg3.sh	ext	233	redirect	scenario F4-case-only-caseid  m_f4_case    "0:BASE+1:>BASE_CELLS" "2:*:*" \
.softhouse/capture/t154-nofloat/drive-leg3.sh	ext	235	redirect	scenario F5-nfc-vs-nfd        m_f5_nfc_nfd "0:BASE+2:>BASE_CELLS" "2:*:*" \
.softhouse/capture/t154-nofloat/drive-leg3.sh	ext	252	redirect	) >/dev/null 2>&1 || { echo "APPARATUS BROKEN: could not build the $arm binary"; exit 2; }
.softhouse/capture/t154-nofloat/drive-leg3.sh	ext	261	rm	rm -rf "$TMP/scratch-store"; cp -R "$REPO_ROOT/.softhouse/vectors" "$TMP/scratch-store"
.softhouse/capture/t154-nofloat/drive-leg3.sh	ext	265	redirect	> "$TMP/bin-$mut-$arm.txt" 2>&1
.softhouse/capture/t154-nofloat/drive-leg3.sh	ext	278	rm	rm -rf "$TMP/scratch-store"
.softhouse/capture/t154-nofloat/regen-leg1-red.sh	ext	12	rm	TMP="$(mktemp -d -t t154-regen)"; trap 'rm -rf "$TMP"' EXIT
.softhouse/capture/t154-nofloat/regen-leg1-red.sh	ext	13	redirect	( cd "$REPO_ROOT" && git show "$SHA:.softhouse/conformance.sh" ) > "$TMP/prefix-conformance.sh"
.softhouse/capture/t154-nofloat/regen-leg1-red.sh	ext	15	redirect	bash "$SCRIPT_DIR/drive-leg1.sh" > "$SCRIPT_DIR/out/leg1-RED-before-fix.txt" 2>&1
.softhouse/capture/t154-nofloat/regen-leg2-red.sh	ext	9	redirect	bash "$SCRIPT_DIR/drive-leg2.sh" > "$SCRIPT_DIR/out/leg2-RED-before-fix.txt" 2>&1
.softhouse/capture/t154-nofloat/regen-leg3-red.sh	ext	8	redirect	bash "$SCRIPT_DIR/drive-leg3.sh" > "$SCRIPT_DIR/out/leg3-RED-before-fix.txt" 2>&1
.softhouse/capture/t159-review-t117/src/build_harness_t159.py	ext	113	redirect	* n > 1000 (never asked by anybody), odd principals in the 501..1001 gap T117's ladder jumped
.softhouse/capture/t159-review-t117/src/census_t159.py	ext	34	redirect	if len(frac) > dp:
.softhouse/capture/t159-review-t117/src/gencases_t159.py	ext	13	redirect	TERM  n > 1000 — the region NOBODY has ever asked. B in {1, 501, 1001, 10001} at
.softhouse/capture/t159-review-t117/src/gencases_t159.py	ext	64	redirect	add(b, n, "TERM", "n > 1000 — never asked before; does the failing principal keep tracking the term?")
.softhouse/capture/t159-review-t117/src/gencases_t159.py	ext	65	redirect	add(100001, 3000, "TERM", "n > 1000 at a large principal")
.softhouse/capture/t159-review-t117/src/gencases_t159.py	ext	66	redirect	add(1000001, 3000, "TERM", "n > 1000 at a large principal")
.softhouse/capture/t159-review-t117/src/gencases_t159.py	ext	104	redirect	n > 1000 region will show family B and clean interleaved with no term threshold
.softhouse/capture/t159-review-t117/src/gencases_t159.py	ext	117	redirect	return False, None, "high", "B even -> B*r is an integer, no half-minor-unit tie"
.softhouse/capture/t159-review-t117/src/rederive_t159.py	ext	23	redirect	"""'5.01' -> 501 (integer minor units). Rejects anything not a string."""
.softhouse/capture/t159-review-t117/src/rederive_t159.py	ext	33	redirect	if len(frac) > dp:
.softhouse/capture/t159-review-t117/src/run-t159.sh	ext	58	redirect	' > "$RAW" 2> "$ERR"
.softhouse/capture/t159-review-t117/src/run-t159.sh	ext	65	truncate	if [ "$START" -gt 1 ]; then head -n $((START - 1)) "$RAW" > "$LOG"; else : > "$LOG"; fi
.softhouse/capture/t159-review-t117/src/run-t159.sh	ext	66	redirect	tail -n +"$START" "$RAW" > "$JSON"
.softhouse/capture/t170-g8-rebuild/src/diff_units_t170.py	ext	46	redirect	after = units(sys.argv[2] if len(sys.argv) > 2
.softhouse/capture/t170-g8-rebuild/src/extract_t170.py	ext	37	redirect	"""'15010.01', dp=2 -> 1501001 (int). Refuses anything that is not a plain decimal."""
.softhouse/capture/t170-g8-rebuild/src/extract_t170.py	ext	50	redirect	if len(frac) > dp:
.softhouse/capture/t170-g8-rebuild/src/paragraphs_t170.py	ext	62	redirect	path = sys.argv[1] if len(sys.argv) > 1 else DEFAULT
.softhouse/capture/t170-g8-rebuild/src/split_claims_t170.py	ext	34	redirect	path = sys.argv[1] if len(sys.argv) > 1 else GATES
.softhouse/capture/t170-g8-rebuild/src/split_claims_t170.py	ext	89	redirect	"5.", "6.", ">"))
.softhouse/capture/t177-so-nondeterminism/analyze_t177.py	ext	19	redirect	Usage: analyze_t177.py <repo-root> <out-dir> [<out-dir> ...]
.softhouse/capture/t177-so-nondeterminism/jvmdefaults-t177.sh	ext	22	redirect	} > "$OUT" 2>&1
.softhouse/capture/t177-so-nondeterminism/manifest_t177.sh	ext	9	redirect	| xargs -0 shasum -a 256 > MANIFEST.sha256
.softhouse/capture/t177-so-nondeterminism/report_t177.sh	ext	9	redirect	python3 "$RIG/calibrate_t177.py" "$REPO" "$OUT/pilot/raw/calib-0.stdout" > "$OUT/ANALYSIS-calibration.txt" 2>&1
.softhouse/capture/t177-so-nondeterminism/report_t177.sh	ext	13	redirect	python3 "$RIG/analyze_t177.py" "$REPO" "$OUT/$m" > "$OUT/ANALYSIS-$m.txt" 2>&1
.softhouse/capture/t177-so-nondeterminism/report_t177.sh	ext	18	redirect	> "$OUT/ANALYSIS-ALL.txt" 2>&1
.softhouse/capture/t177-so-nondeterminism/report_t177.sh	ext	23	redirect	> "$OUT/ANALYSIS-t159-context.txt" 2>&1
.softhouse/capture/t177-so-nondeterminism/report_t177.sh	ext	26	redirect	python3 "$REPO/.softhouse/capture/lib/check_no_narrow_catch.py" "$REPO" > "$OUT/ANALYSIS-lint-no-narrow-catch.txt" 2>&1
.softhouse/capture/t177-so-nondeterminism/report_t177.sh	ext	29	redirect	python3 "$RIG/build_harness_t177b.py" "$RIG" > "$OUT/ANALYSIS-harness-pair.txt" 2>&1
.softhouse/capture/t177-so-nondeterminism/report_t177.sh	ext	32	redirect	python3 "$RIG/check_claims_t177.py" "$REPO" > "$OUT/ANALYSIS-claim-check.txt" 2>&1
.softhouse/capture/t177-so-nondeterminism/report_t177.sh	ext	35	redirect	python3 "$RIG/verify_quotes_t177.py" "$REPO" > "$OUT/ANALYSIS-quote-check.txt" 2>&1
.softhouse/capture/t177-so-nondeterminism/run-t177.sh	ext	79	truncate	: > "$OUT/run-index.txt"
.softhouse/capture/t177-so-nondeterminism/run-t177.sh	ext	88	redirect	java $FLAGS -cp "/work/classes:$CP" CaptureT177 "$PLAN" > "$SO" 2> "$SE"
.softhouse/capture/t177-so-nondeterminism/run-t177.sh	ext	98	tee	' 2>&1 | tee "$CAP/out/$OUTSUB/container-console.txt"
.softhouse/capture/t177-so-nondeterminism/run-t177.sh	ext	105	redirect	"$SEAM_SHA" "$LIB_SHA" "$HARNESS_SHA" "$MATRIX_SHA" > "$CAP/out/$OUTSUB/attestation.json"
.softhouse/capture/t177-so-nondeterminism/run-t177b.sh	ext	78	truncate	: > "$OUT/run-index.txt"
.softhouse/capture/t177-so-nondeterminism/run-t177b.sh	ext	88	redirect	java $FLAGS -cp "/work/classes:$CP" "$HARNESS" "$PLAN" > "$SO" 2> "$SE"
.softhouse/capture/t177-so-nondeterminism/run-t177b.sh	ext	98	tee	' 2>&1 | tee "$CAP/out/$OUTSUB/container-console.txt"
.softhouse/capture/t177-so-nondeterminism/run-t177b.sh	ext	105	redirect	"$SEAM_SHA" "$LIB_SHA" "$HARNESS_SHA" "$HARNESS_B_SHA" "$MATRIX_SHA" > "$CAP/out/$OUTSUB/attestation.json"
.softhouse/capture/t177-so-nondeterminism/t159_context.py	ext	5	redirect	Usage: t159_context.py <repo-root> <cell-id> [<cell-id> ...]
.softhouse/capture/t177-so-nondeterminism/t159_context.py	ext	22	redirect	print('   NOT OBSERVED — errorStackTop[0]=%s' % (c.get('errorStackTop') or ['<none>'])[0])
.softhouse/capture/t219-g8-residual/src/check_promoted_t219.py	ext	107	redirect	assert _n > 100 and any(x.get("field") == "interest_minor" for x in _d), \
.softhouse/capture/t219-g8-residual/src/check_promoted_t219.py	ext	109	redirect	CALIBRATION = {"corruptedField": "last row interest 0.01 -> 0.02",
.softhouse/capture/t219-g8-residual/src/classify_t219.py	ext	27	redirect	ref3g = load(sys.argv[3]) if len(sys.argv) > 3 else None
.softhouse/capture/t219-g8-residual/src/emi_mechanism_t223.py	ext	23	redirect	-> mc.getPrecision() = 19 is consumed as DECIMAL PLACES.  [VERIFIED]
.softhouse/capture/t219-g8-residual/src/emi_mechanism_t223.py	ext	29	redirect	-> the TWO-ARGUMENT add, NO MathContext.  [VERIFIED]
.softhouse/capture/t219-g8-residual/src/emi_mechanism_t223.py	ext	30	redirect	ProgressiveEMICalculator.java:1816-1820  rateFactorN  = reduce(ONE, (a,v) -> a.multiply(v, mc))
.softhouse/capture/t219-g8-residual/src/emi_mechanism_t223.py	ext	37	redirect	-> the EMI is quantized to `minorUnitDigits` places with the TENANT rounding mode (HALF_UP).
.softhouse/capture/t219-g8-residual/src/emi_mechanism_t223.py	ext	44	redirect	FAMILY B (the loan never amortizes)  <=>  E_q <= I_1
.softhouse/capture/t219-g8-residual/src/emi_mechanism_t223.py	ext	48	redirect	interest. Exact annuity arithmetic guarantees E_exact = I_1 / (1 - (1+r)^-n) > I_1 strictly, for
.softhouse/capture/t219-g8-residual/src/emi_mechanism_t223.py	ext	90	redirect	days_in_month: int = 30, repayment_every: int = 1, days_in_year: int = 360) -> Decimal:
.softhouse/capture/t219-g8-residual/src/run-t219-run2.sh	ext+execbit	59	redirect	' > "$RAW" 2> "$ERR"
.softhouse/capture/t219-g8-residual/src/run-t219-run2.sh	ext+execbit	66	truncate	if [ "$START" -gt 1 ]; then head -n $((START - 1)) "$RAW" > "$LOG"; else : > "$LOG"; fi
.softhouse/capture/t219-g8-residual/src/run-t219-run2.sh	ext+execbit	67	redirect	tail -n +"$START" "$RAW" > "$JSON"
.softhouse/capture/t219-g8-residual/src/run-t219-run3.sh	ext+execbit	59	redirect	' > "$RAW" 2> "$ERR"
.softhouse/capture/t219-g8-residual/src/run-t219-run3.sh	ext+execbit	66	truncate	if [ "$START" -gt 1 ]; then head -n $((START - 1)) "$RAW" > "$LOG"; else : > "$LOG"; fi
.softhouse/capture/t219-g8-residual/src/run-t219-run3.sh	ext+execbit	67	redirect	tail -n +"$START" "$RAW" > "$JSON"
.softhouse/capture/t219-g8-residual/src/run-t219.sh	ext+execbit	59	redirect	' > "$RAW" 2> "$ERR"
.softhouse/capture/t219-g8-residual/src/run-t219.sh	ext+execbit	66	truncate	if [ "$START" -gt 1 ]; then head -n $((START - 1)) "$RAW" > "$LOG"; else : > "$LOG"; fi
.softhouse/capture/t219-g8-residual/src/run-t219.sh	ext+execbit	67	redirect	tail -n +"$START" "$RAW" > "$JSON"
.softhouse/capture/t219-g8-residual/src/site3.py	ext	29	redirect	=> on a fresh model the schedule is empty, so site 3 DOES run, and it runs AFTER
.softhouse/capture/t219-g8-residual/src/site3.py	ext	46	redirect	=> duePrincipal_k = max(0, EMI_k - I_k) where I_k = calculatedDueInterest_k, and
.softhouse/capture/t219-g8-residual/src/site3.py	ext	52	redirect	==>  diff = B  EXACTLY, for every n, however far E is below I_1.
.softhouse/capture/t219-g8-residual/src/site3.py	ext	62	redirect	=> I_1 is B*r QUANTIZED to 2 places HALF_UP, NOT the exact product.
.softhouse/capture/t219-g8-residual/src/site3.py	ext	71	redirect	=> with delta := I_1q - E >= 0 the unrecognized interest of period k is U_k = k*delta.
.softhouse/capture/t219-g8-residual/src/site3.py	ext	89	redirect	return lowerHalfOfRelatedPeriods > 0.0 && !emiDifference.isZero() && emiDifference.abs()
.softhouse/capture/t219-g8-residual/src/site3.py	ext	92	redirect	`multipliedBy(100)` binds the (long) overload -> exact, then re-quantized to 2 places;
.softhouse/capture/t219-g8-residual/src/site3.py	ext	93	redirect	`copy(double)` -> "return copy(BigDecimal.valueOf(amount));" -> Money at 2 places.
.softhouse/capture/t219-g8-residual/src/site3.py	ext	95	redirect	|diff_minor| > floor(n/2).
.softhouse/capture/t219-g8-residual/src/site3.py	ext	101	redirect	-> Money.dividedBy(long) -> "Money.of(getCurrencyData(), newAmount, getMc())" -> 2 places
.softhouse/capture/t219-g8-residual/src/site3.py	ext	102	redirect	HALF_UP.  So  a_minor = HALF_UP(diff_minor / n) = floor(diff_minor/n + 1/2) for diff > 0.
.softhouse/capture/t219-g8-residual/src/site3.py	ext	106	redirect	=> a_minor = 0 breaks out.  NOTE: for diff > 0, GUARD 1 (diff_minor > floor(n/2)) already
.softhouse/capture/t219-g8-residual/src/site3.py	ext	125	redirect	Principal only flows, and diff only shrinks, when E' > I_1q, i.e. when a > delta.
.softhouse/capture/t219-g8-residual/src/site3.py	ext	135	redirect	SITE 3 RESCUES  <=>  B_minor > floor(n/2)  AND  a > delta
.softhouse/capture/t219-g8-residual/src/site3.py	ext	136	redirect	<=>  2*B_minor >= (2*delta + 1) * n          [for delta >= 1 the first
.softhouse/capture/t219-g8-residual/src/site3.py	ext	145	redirect	=> FULL family B (principal column sums to 0.00)  <=>  delta >= 1 AND B_minor <= n*delta
.softhouse/capture/t219-g8-residual/src/site3.py	ext	146	redirect	=> PARTIAL family B                               <=>  delta >= 1 AND
.softhouse/capture/t219-g8-residual/src/site3.py	ext	149	redirect	=> delta = 0                                      => the last row repays the WHOLE principal
.softhouse/capture/t219-g8-residual/src/site3.py	ext	165	redirect	def half_up_div(num: int, den: int) -> int:
.softhouse/capture/t219-g8-residual/src/site3.py	ext	167	redirect	assert den > 0
.softhouse/capture/t219-g8-residual/src/site3.py	ext	174	redirect	def quantize_minor(exact: Fraction) -> int:
.softhouse/capture/t219-g8-residual/src/site3.py	ext	181	redirect	start=datetime.date(2024, 1, 1)) -> dict:
.softhouse/capture/t219-g8-residual/src/site3.py	ext	188	redirect	guard1 = (n >= 2) and (b_minor != 0) and (b_minor > n // 2)   # S3.6
.softhouse/capture/t219-g8-residual/src/site3.py	ext	190	redirect	guard3 = (delta >= 0) and (a > delta)                         # S3.8
.softhouse/capture/t219-g8-residual/src/site3.py	ext	213	redirect	"t223Rule_rescues": bool(b_minor > n // 2 and 2 * b_minor >= n),
.softhouse/capture/t223-g8-region-predicate/src/bisect.py	ext	25	redirect	(n, e, "<" if e < i1 else ("=" if e == i1 else ">"), str(i1), p["emiRaw"]))
.softhouse/capture/t223-g8-region-predicate/src/emi_mechanism.py	ext	23	redirect	-> mc.getPrecision() = 19 is consumed as DECIMAL PLACES.  [VERIFIED]
.softhouse/capture/t223-g8-region-predicate/src/emi_mechanism.py	ext	29	redirect	-> the TWO-ARGUMENT add, NO MathContext.  [VERIFIED]
.softhouse/capture/t223-g8-region-predicate/src/emi_mechanism.py	ext	30	redirect	ProgressiveEMICalculator.java:1816-1820  rateFactorN  = reduce(ONE, (a,v) -> a.multiply(v, mc))
.softhouse/capture/t223-g8-region-predicate/src/emi_mechanism.py	ext	37	redirect	-> the EMI is quantized to `minorUnitDigits` places with the TENANT rounding mode (HALF_UP).
.softhouse/capture/t223-g8-region-predicate/src/emi_mechanism.py	ext	44	redirect	FAMILY B (the loan never amortizes)  <=>  E_q <= I_1
.softhouse/capture/t223-g8-region-predicate/src/emi_mechanism.py	ext	48	redirect	interest. Exact annuity arithmetic guarantees E_exact = I_1 / (1 - (1+r)^-n) > I_1 strictly, for
.softhouse/capture/t223-g8-region-predicate/src/emi_mechanism.py	ext	90	redirect	days_in_month: int = 30, repayment_every: int = 1, days_in_year: int = 360) -> Decimal:
.softhouse/capture/t223-g8-region-predicate/src/predicate.py	ext	33	redirect	(1)  E_q  >  I_1   ->  NOT family B. Every period leaves E_q - I_1 > 0 for principal, so the
.softhouse/capture/t223-g8-region-predicate/src/predicate.py	ext	35	redirect	(2)  E_q  == I_1   ->  NOT family B. No interest deficit accrues, so the last-period fallback's
.softhouse/capture/t223-g8-region-predicate/src/predicate.py	ext	37	redirect	(3)  E_q  <  I_1   ->  the instalment does not even cover the period's interest; the deficit
.softhouse/capture/t223-g8-region-predicate/src/predicate.py	ext	40	redirect	(3a) shouldBeAdjusted():  B_minor * 100  >  E_q * floor(n/2)
.softhouse/capture/t223-g8-region-predicate/src/predicate.py	ext	46	redirect	-> if (3a) and (3b): NOT family B. Otherwise: **FAMILY B**.
.softhouse/capture/t223-g8-region-predicate/src/predicate.py	ext	69	redirect	if e_q > i1:
.softhouse/capture/t223-g8-region-predicate/src/predicate.py	ext	70	redirect	verdict, branch = False, "(1) E_q > I_1 -- amortizes"
.softhouse/capture/t223-g8-region-predicate/src/predicate.py	ext	74	redirect	should = b_minor * 100 > e_q * (n // 2)
.softhouse/capture/t223-g8-region-predicate/src/run-t223.sh	ext	59	redirect	' > "$RAW" 2> "$ERR"
.softhouse/capture/t223-g8-region-predicate/src/run-t223.sh	ext	66	truncate	if [ "$START" -gt 1 ]; then head -n $((START - 1)) "$RAW" > "$LOG"; else : > "$LOG"; fi
.softhouse/capture/t223-g8-region-predicate/src/run-t223.sh	ext	67	redirect	tail -n +"$START" "$RAW" > "$JSON"
.softhouse/capture/t223-g8-region-predicate/src/scan.py	ext	16	redirect	rel = "<" if e < i1 else ("=" if e == i1 else ">")
.softhouse/capture/t223-g8-region-predicate/src/scope_table_t223.py	ext	61	redirect	end = next(i for i, l in enumerate(lines) if i > start and l.startswith("## G-8-NOTICE"))
.softhouse/capture/t223-g8-region-predicate/src/validate_predicate.py	ext	59	redirect	"""Decimal string -> integer minor units, exactly. No float."""
.softhouse/capture/t223-g8-region-predicate/src/verify_merge_t223.sh	ext	18	redirect	git merge --no-edit -q "origin/$BR" > "$TMP/merge.log" 2>&1
.softhouse/capture/t229-g8-site3/src/classify_t229.py	ext	27	redirect	ref3g = load(sys.argv[3]) if len(sys.argv) > 3 else None
.softhouse/capture/t229-g8-site3/src/emi_mechanism_t223.py	ext	23	redirect	-> mc.getPrecision() = 19 is consumed as DECIMAL PLACES.  [VERIFIED]
.softhouse/capture/t229-g8-site3/src/emi_mechanism_t223.py	ext	29	redirect	-> the TWO-ARGUMENT add, NO MathContext.  [VERIFIED]
.softhouse/capture/t229-g8-site3/src/emi_mechanism_t223.py	ext	30	redirect	ProgressiveEMICalculator.java:1816-1820  rateFactorN  = reduce(ONE, (a,v) -> a.multiply(v, mc))
.softhouse/capture/t229-g8-site3/src/emi_mechanism_t223.py	ext	37	redirect	-> the EMI is quantized to `minorUnitDigits` places with the TENANT rounding mode (HALF_UP).
.softhouse/capture/t229-g8-site3/src/emi_mechanism_t223.py	ext	44	redirect	FAMILY B (the loan never amortizes)  <=>  E_q <= I_1
.softhouse/capture/t229-g8-site3/src/emi_mechanism_t223.py	ext	48	redirect	interest. Exact annuity arithmetic guarantees E_exact = I_1 / (1 - (1+r)^-n) > I_1 strictly, for
.softhouse/capture/t229-g8-site3/src/emi_mechanism_t223.py	ext	90	redirect	days_in_month: int = 30, repayment_every: int = 1, days_in_year: int = 360) -> Decimal:
.softhouse/capture/t229-g8-site3/src/peek159.py	ext	6	redirect	want = sys.argv[2] if len(sys.argv) > 2 else None
.softhouse/capture/t229-g8-site3/src/peekrows.py	ext	24	redirect	print('   [1]', json.dumps(v[1])[:500] if len(v) > 1 else '')
.softhouse/capture/t229-g8-site3/src/rederive_total_interest_t241.py	ext	73	redirect	def minor(s: str) -> int:
.softhouse/capture/t229-g8-site3/src/rederive_total_interest_t241.py	ext	74	redirect	"""Exact decimal STRING -> integer minor units at 2 dp.  No float, ever."""
.softhouse/capture/t229-g8-site3/src/rederive_total_interest_t241.py	ext	82	redirect	if len(frac) > 2:
.softhouse/capture/t229-g8-site3/src/rederive_total_interest_t241.py	ext	89	redirect	def half_up_div(num: int, den: int) -> int:
.softhouse/capture/t229-g8-site3/src/rederive_total_interest_t241.py	ext	91	redirect	assert den > 0 and num >= 0
.softhouse/capture/t229-g8-site3/src/rederive_total_interest_t241.py	ext	95	redirect	def rederive(cap: dict) -> dict:
.softhouse/capture/t229-g8-site3/src/rederive_total_interest_t241.py	ext	156	redirect	def main() -> int:
.softhouse/capture/t229-g8-site3/src/rederive_total_interest_t241.py	ext	175	redirect	print("  I1 = B*r exact = %(I1_exact)s  -> I1q(HALF_UP) = %(I1q)d, delta = %(delta)d,"
.softhouse/capture/t229-g8-site3/src/run-t229.sh	ext	59	redirect	' > "$RAW" 2> "$ERR"
.softhouse/capture/t229-g8-site3/src/run-t229.sh	ext	66	truncate	if [ "$START" -gt 1 ]; then head -n $((START - 1)) "$RAW" > "$LOG"; else : > "$LOG"; fi
.softhouse/capture/t229-g8-site3/src/run-t229.sh	ext	67	redirect	tail -n +"$START" "$RAW" > "$JSON"
.softhouse/capture/t229-g8-site3/src/site3.py	ext	99	redirect	=> on a fresh model the schedule is empty, so site 3 DOES run, and it runs AFTER
.softhouse/capture/t229-g8-site3/src/site3.py	ext	116	redirect	=> duePrincipal_k = max(0, EMI_k - I_k) where I_k = calculatedDueInterest_k, and
.softhouse/capture/t229-g8-site3/src/site3.py	ext	122	redirect	==>  diff = B  EXACTLY, for every n, however far E is below I_1.
.softhouse/capture/t229-g8-site3/src/site3.py	ext	132	redirect	=> I_1 is B*r QUANTIZED to 2 places HALF_UP, NOT the exact product.
.softhouse/capture/t229-g8-site3/src/site3.py	ext	141	redirect	=> with delta := I_1q - E >= 0 the unrecognized interest of period k is U_k = k*delta.
.softhouse/capture/t229-g8-site3/src/site3.py	ext	159	redirect	return lowerHalfOfRelatedPeriods > 0.0 && !emiDifference.isZero() && emiDifference.abs()
.softhouse/capture/t229-g8-site3/src/site3.py	ext	162	redirect	`multipliedBy(100)` binds the (long) overload -> exact, then re-quantized to 2 places;
.softhouse/capture/t229-g8-site3/src/site3.py	ext	163	redirect	`copy(double)` -> "return copy(BigDecimal.valueOf(amount));" -> Money at 2 places.
.softhouse/capture/t229-g8-site3/src/site3.py	ext	165	redirect	|diff_minor| > floor(n/2).
.softhouse/capture/t229-g8-site3/src/site3.py	ext	171	redirect	-> Money.dividedBy(long) -> "Money.of(getCurrencyData(), newAmount, getMc())" -> 2 places
.softhouse/capture/t229-g8-site3/src/site3.py	ext	172	redirect	HALF_UP.  So  a_minor = HALF_UP(diff_minor / n) = floor(diff_minor/n + 1/2) for diff > 0.
.softhouse/capture/t229-g8-site3/src/site3.py	ext	176	redirect	=> a_minor = 0 breaks out.  NOTE: for diff > 0, GUARD 1 (diff_minor > floor(n/2)) already
.softhouse/capture/t229-g8-site3/src/site3.py	ext	195	redirect	Principal only flows, and diff only shrinks, when E' > I_1q, i.e. when a > delta.
.softhouse/capture/t229-g8-site3/src/site3.py	ext	205	redirect	SITE 3 RESCUES  <=>  B_minor > floor(n/2)  AND  a > delta
.softhouse/capture/t229-g8-site3/src/site3.py	ext	206	redirect	<=>  2*B_minor >= (2*delta + 1) * n          [for delta >= 1 the first
.softhouse/capture/t229-g8-site3/src/site3.py	ext	215	redirect	=> FULL family B (principal column sums to 0.00)  <=>  delta >= 1 AND B_minor <= n*delta
.softhouse/capture/t229-g8-site3/src/site3.py	ext	216	redirect	=> PARTIAL family B                               <=>  delta >= 1 AND
.softhouse/capture/t229-g8-site3/src/site3.py	ext	219	redirect	=> delta = 0                                      => the last row repays the WHOLE principal
.softhouse/capture/t229-g8-site3/src/site3.py	ext	242	redirect	def half_up_div(num: int, den: int) -> int:
.softhouse/capture/t229-g8-site3/src/site3.py	ext	244	redirect	assert den > 0
.softhouse/capture/t229-g8-site3/src/site3.py	ext	251	redirect	def quantize_minor(exact: Fraction) -> int:
.softhouse/capture/t229-g8-site3/src/site3.py	ext	258	redirect	start=datetime.date(2024, 1, 1)) -> dict:
.softhouse/capture/t229-g8-site3/src/site3.py	ext	265	redirect	guard1 = (n >= 2) and (b_minor != 0) and (b_minor > n // 2)   # S3.6
.softhouse/capture/t229-g8-site3/src/site3.py	ext	267	redirect	guard3 = (delta >= 0) and (a > delta)                         # S3.8
.softhouse/capture/t229-g8-site3/src/site3.py	ext	297	redirect	"t223Rule_rescues": bool(b_minor > n // 2 and 2 * b_minor >= n),
.softhouse/capture/t229-g8-site3/src/validate_corpus.py	ext	30	redirect	def half_up(num: Fraction) -> int:
.softhouse/capture/t229-g8-site3/src/validate_corpus.py	ext	35	redirect	def rate_factor_minor(annual_pct: str) -> Fraction:
.softhouse/capture/t234-sweep-instrument-audit/instruments/00-engine-baseline.sh	ext	19	redirect	if declare -F grep >/dev/null 2>&1; then echo "YES - grep is a function in this script env"; else echo "NO - grep is not a function in this script env"; fi
.softhouse/capture/t234-sweep-instrument-audit/instruments/00-engine-baseline.sh	ext	29	redirect	printf 'balance column\n' > /tmp/t234_probe.txt
.softhouse/capture/t234-sweep-instrument-audit/instruments/00-engine-baseline.sh	ext	47	redirect	/usr/bin/grep -P 'x' /dev/null; echo "  exit=$? (2 => -P unsupported by BSD grep)"
.softhouse/capture/t234-sweep-instrument-audit/instruments/01-escape-matrix.sh	ext	15	redirect	} > "$C"
.softhouse/capture/t234-sweep-instrument-audit/instruments/01-escape-matrix.sh	ext	18	redirect	run() {  # run <label> <cmd...>  -- prints exit code and hit count
.softhouse/capture/t234-sweep-instrument-audit/instruments/01-escape-matrix.sh	ext	48	redirect	/usr/bin/grep -P 'balance' "$C" >/dev/null 2>&1; echo "  exit=$?  (2 = option rejected; NO OUTPUT, looks identical to 'no matches' to a careless caller)"
.softhouse/capture/t234-sweep-instrument-audit/instruments/02-escape-matrix-fix.sh	ext	25	rm	trap 'rm -rf "$D"' EXIT
.softhouse/capture/t234-sweep-instrument-audit/instruments/02-escape-matrix-fix.sh	ext	27	redirect	{ printf 'x1y\n'; printf 'xdy\n'; printf 'x y\n'; printf 'xsy\n'; printf 'x_y\n'; printf 'xwy\n'; } > "$C"
.softhouse/capture/t234-sweep-instrument-audit/instruments/02-escape-matrix-fix.sh	ext	38	redirect	echo "  pattern $p ->"; /usr/bin/grep -E -n "$p" "$C" | sed 's/^/      /' || echo "      (no match)"
.softhouse/capture/t234-sweep-instrument-audit/instruments/02-escape-matrix-fix.sh	ext	61	redirect	if git rev-parse --verify -q "$rev^{commit}" >/dev/null; then
.softhouse/capture/t234-sweep-instrument-audit/instruments/10-census.py	ext	85	redirect	eng = ("BSD grep -P => DOES NOT EXIST (exit 2)" if "P" in flat else
.softhouse/capture/t234-sweep-instrument-audit/instruments/11-census.py	ext	4	redirect	scanned every tracked byte and was killed at >4min on the 1.3M-line capture dumps).
.softhouse/capture/t234-sweep-instrument-audit/instruments/11-census.py	ext	71	redirect	if "P" in fl: return "grep -P via /usr/bin/grep => NONEXISTENT OPTION", "NONEXISTENT", fl
.softhouse/capture/t234-sweep-instrument-audit/instruments/11-census.py	ext	81	redirect	if len(txt) > 8_000_000: continue
.softhouse/capture/t234-sweep-instrument-audit/instruments/11-census.py	ext	83	redirect	if len(line) > 4000: continue
.softhouse/capture/t234-sweep-instrument-audit/instruments/12-sweep-census.py	ext	19	redirect	script instrument  = (D1 or D2) and the file is .sh/.py   -> AUDITABLE, re-runnable
.softhouse/capture/t234-sweep-instrument-audit/instruments/12-sweep-census.py	ext	20	redirect	prose-only sweep   = D3 in a .md with no committed instrument -> UNAUDITABLE BY
.softhouse/capture/t234-sweep-instrument-audit/instruments/12-sweep-census.py	ext	50	redirect	if len(txt)>4_000_000: continue
.softhouse/capture/t234-sweep-instrument-audit/instruments/20-rerun-dec2-sweeps.sh	ext	17	redirect	bash "$R/.softhouse/reviews/a2-31-dec2-rev4/probe-sweep.sh" > /tmp/t234_a231.out 2>&1
.softhouse/capture/t234-sweep-instrument-audit/instruments/20-rerun-dec2-sweeps.sh	ext	23	redirect	bash "$R/.softhouse/handoff/2026-08-21-run2-tierA-gl-accounting-A2/A2-32-evidence/sweep.sh" > /tmp/t234_a232.out 2>&1
.softhouse/capture/t234-sweep-instrument-audit/instruments/20-rerun-dec2-sweeps.sh	ext	29	redirect	bash "$R/.softhouse/reviews/a2-33-dec2-rev5/sweep.sh" REPO > /tmp/t234_a233.out 2>&1
.softhouse/capture/t234-sweep-instrument-audit/instruments/30-sound-sweep.py	ext	23	redirect	REV = sys.argv[1] if len(sys.argv)>1 else "HEAD"
.softhouse/capture/t234-sweep-instrument-audit/instruments/30-sound-sweep.py	ext	75	redirect	if len(b) > 4_000_000: continue
.softhouse/capture/t234-sweep-instrument-audit/instruments/30-sound-sweep.py	ext	139	redirect	print("  full hit list -> evidence/sound-sweep-%s.json" % REV.replace('/','_'))
.softhouse/capture/t234-sweep-instrument-audit/instruments/31-sound-sweep.py	ext	4	redirect	`git show` per file and was killed at >4 min.  Worktree files are now read directly;
.softhouse/capture/t234-sweep-instrument-audit/instruments/31-sound-sweep.py	ext	37	redirect	if b"\x00" in b[:8192] or len(b)>4_000_000: return None
.softhouse/capture/t234-sweep-instrument-audit/instruments/31-sound-sweep.py	ext	126	redirect	print("  skipped (binary or >4MB): %d"%skipped)
.softhouse/capture/t238-failopen/instruments/00-engines.sh	ext	38	redirect	bash -c 'command -v rg >/dev/null 2>&1 && echo "  plain bash -c : rg FOUND" || echo "  plain bash -c : rg NOT FOUND (exit 127 if invoked)"'
.softhouse/capture/t238-failopen/instruments/00-engines.sh	ext	39	redirect	bash -c 'rg --version >/dev/null 2>&1; echo "  plain bash -c : rg --version exit=$?"'
.softhouse/capture/t238-failopen/instruments/00-engines.sh	ext	47	redirect	echo "  a WORKING word-boundary engine matches line 1 ONLY  -> count 1"
.softhouse/capture/t238-failopen/instruments/00-engines.sh	ext	48	redirect	echo "  an engine that reads \\b as a literal 'b' matches line 2 ONLY -> count 1, DIFFERENT LINE"
.softhouse/capture/t238-failopen/instruments/00-engines.sh	ext	60	redirect	if command -v ugrep >/dev/null 2>&1; then
.softhouse/capture/t238-failopen/instruments/10-failopen-census.py	ext	87	redirect	if len(txt) > 4_000_000:
.softhouse/capture/t238-failopen/instruments/20-run-the-class.sh	ext	41	redirect	( "$interp" "$path" "$@" ) >"$log" 2>&1
.softhouse/capture/t238-failopen/instruments/30-pr4-nondead-mechanisms.sh	ext	10	rm	trap 'rm -rf "$S"' EXIT
.softhouse/capture/t238-failopen/instruments/30-pr4-nondead-mechanisms.sh	ext	24	redirect	printf 'line\n%.0s' $(seq 1 700) > .softhouse/conformance.sh
.softhouse/capture/t238-failopen/instruments/30-pr4-nondead-mechanisms.sh	ext	30	rm	rm -f .softhouse/conformance.sh
.softhouse/capture/t238-failopen/instruments/30-pr4-nondead-mechanisms.sh	ext	42	redirect	mkdir -p corpus && printf 'the population is closed\n' > corpus/a.md
.softhouse/capture/t238-failopen/instruments/30-pr4-nondead-mechanisms.sh	ext	55	redirect	printf '   iterations=%s  -> the sweep reports on %s file(s)\n' "$n" "$n"
.softhouse/capture/t238-failopen/instruments/30-pr4-nondead-mechanisms.sh	ext	58	redirect	printf '   iterations=%s  -> the sweep reports on %s file(s), prints its summary, EXITS 0\n' "$n" "$n"
.softhouse/capture/t238-failopen/instruments/40-red-drive.sh	ext	35	redirect	git -C "$ROOT" show "$BASE:.softhouse/reviews/a2-33-dec2-rev5/sweep.sh" > "$OUT/sweep-ORIGINAL.sh" || exit 91
.softhouse/capture/t238-failopen/instruments/40-red-drive.sh	ext	38	redirect	( cd "$ROOT" && bash "$OUT/sweep-ORIGINAL.sh" REPO ) > "$OUT/00-baseline-original.txt" 2>&1
.softhouse/capture/t238-failopen/instruments/40-red-drive.sh	ext	46	redirect	drive() { # drive <tag> <expected_exit> <description> -- reads the command from stdin
.softhouse/capture/t238-failopen/instruments/40-red-drive.sh	ext	51	redirect	bash -c "$(cat)" > "$log" 2>&1
.softhouse/capture/t238-failopen/instruments/40-red-drive.sh	ext	73	rm	rm -rf "$D"
.softhouse/capture/t238-failopen/instruments/40-red-drive.sh	ext	84	rm	rm -rf "$D"
.softhouse/capture/t238-failopen/instruments/40-red-drive.sh	ext	94	redirect	printf 'this corpus is real and non-empty but contains nothing about the sweep\n' > only.txt
.softhouse/capture/t238-failopen/instruments/40-red-drive.sh	ext	95	redirect	git add only.txt >/dev/null 2>&1
.softhouse/capture/t238-failopen/instruments/40-red-drive.sh	ext	96	redirect	git -c commit.gpgsign=false commit -q -m x >/dev/null 2>&1
.softhouse/capture/t238-failopen/instruments/40-red-drive.sh	ext	99	rm	rm -rf "$D"
.softhouse/capture/t238-failopen/instruments/40-red-drive.sh	ext	111	redirect	( cd "$ROOT" && bash "$SWEEP" REPO ) > "$OUT/90-green-live.txt" 2>&1
.softhouse/capture/t238-failopen/instruments/40-red-drive.sh	ext	129	redirect	echo "  ORIGINAL  : exit 0, 34 x '(no hits)', 0 hit lines, NOTHING MEASURED  -> FAIL-OPEN"
.softhouse/capture/t238-failopen/instruments/40-red-drive.sh	ext	130	redirect	echo "  REPAIRED  : 90 / 91 / 92 / 90 on the four unreachable-corpus paths   -> FAIL-CLOSED"
.softhouse/capture/t238-failopen/instruments/40-red-drive.sh	ext	131	redirect	echo "  REPAIRED  : exit 0 with $pat patterns and $hits hit lines on the live corpus -> IT WORKS"
.softhouse/capture/t238-failopen/instruments/45-trim-green.sh	ext	27	redirect	} > 90-green-live-EXCERPT.txt
.softhouse/capture/t238-failopen/instruments/45-trim-green.sh	ext	28	rm	rm -f "$F"
.softhouse/capture/t238-failopen/instruments/45-trim-green.sh	ext	29	redirect	echo "trimmed -> 90-green-live-EXCERPT.txt"
.softhouse/capture/t238-failopen/instruments/50-failopen-lint.py	ext	90	redirect	touch/tee/mktemp -- is scratch, not corpus (removed the unearned TIER2->TIER1
.softhouse/capture/t238-failopen/instruments/50-failopen-lint.py	ext	127	redirect	frontier 10 -> 10.  GAINED 0.  LOST 0.  The confirmed site: STILL INVISIBLE.
.softhouse/capture/t238-failopen/instruments/50-failopen-lint.py	ext	234	truncate	RE_OWNED_HEAD = r'(?:>>?|\brm\b|\bmkdir\b|\btouch\b|\btee\b|\bmktemp\b)\s*(?:-\S+\s+)*["\']?'
.softhouse/capture/t238-failopen/instruments/50-failopen-lint.py	ext	376	redirect	"""NAME -> literal absolute path, from single literal assignments. First wins.
.softhouse/capture/t238-failopen/instruments/50-failopen-lint.py	ext	397	redirect	"""`/lit`, `"$R"`, `$R`, `"${R}"`, `"$R/sub"` -> an absolute literal, or None."""
.softhouse/capture/t238-failopen/instruments/50-failopen-lint.py	ext	468	redirect	if len(txt) > 4_000_000:
.softhouse/capture/t238-failopen/instruments/50-failopen-lint.py	ext	542	redirect	if seen > C2B_WINDOW:
.softhouse/capture/t238-failopen/instruments/60-multiline-sweep.py	ext	72	redirect	("ML-1  cd ... <newline> ... || echo",  # lint-failopen: ok -- this is a PATTERN LITERAL describing the defect, not an instance of it
.softhouse/capture/t238-failopen/instruments/60-multiline-sweep.py	ext	74	redirect	("ML-2  search ... <newline> continuation ... || echo",
.softhouse/capture/t238-failopen/instruments/60-multiline-sweep.py	ext	96	redirect	if len(txt) > 4_000_000:
.softhouse/capture/t238-failopen/instruments/60-multiline-sweep.py	ext	110	redirect	if len(ml_only) > 12:
.softhouse/capture/t238-failopen/instruments/70-l1b-81-vs-86.sh	ext	20	rm	trap 'rm -rf "$T"' EXIT
.softhouse/capture/t238-failopen/instruments/70-l1b-81-vs-86.sh	ext	28	redirect	git show "$REV4_COMMIT:$ADR" > "$T/rev4.md"
.softhouse/capture/t238-failopen/instruments/70-l1b-81-vs-86.sh	ext	29	redirect	echo "  YES. $REV4_COMMIT:$ADR -> $(wc -l < "$T/rev4.md" | tr -d ' ') lines, sha256:"
.softhouse/capture/t238-failopen/instruments/70-l1b-81-vs-86.sh	ext	52	redirect	grep '^run ' "$SWEEP" | sed -E "s/^run +[A-Z0-9-]+ +'(.*)'$/\1/" > "$T/patterns.txt"
.softhouse/capture/t238-failopen/instruments/70-l1b-81-vs-86.sh	ext	62	truncate	: > "$out"
.softhouse/capture/t238-failopen/instruments/71-l1b-gitgrep-leg.sh	ext	22	rm	trap 'rm -rf "$T"' EXIT
.softhouse/capture/t238-failopen/instruments/71-l1b-gitgrep-leg.sh	ext	24	redirect	git -C "$ROOT" show 1b6b3cf:docs/adr/DEC-2-gl-accounting-adapter.md > "$T/rev4.md" || exit 91
.softhouse/capture/t238-failopen/instruments/71-l1b-gitgrep-leg.sh	ext	25	redirect	grep '^run ' "$SWEEP" | sed -E "s/^run +[A-Z0-9-]+ +'(.*)'$/\1/" > "$T/patterns.txt"
.softhouse/capture/t238-failopen/instruments/71-l1b-gitgrep-leg.sh	ext	39	redirect	run_engine() { # run_engine <label> <cmd...>  -- reads patterns, prints unique line count
.softhouse/capture/t238-failopen/instruments/71-l1b-gitgrep-leg.sh	ext	41	truncate	: > "$T/h.txt"
.softhouse/capture/t238-failopen/instruments/sweeplib.sh	ext	69	redirect	command -v git >/dev/null 2>&1 || _sw_die 93 "git not on PATH; no usable search engine"
.softhouse/capture/t239-r11-rerun/instruments/00-engines.sh	ext	25	redirect	if command -v ugrep >/dev/null 2>&1; then ugrep --version 2>&1 | head -1; else echo "ugrep: ABSENT from PATH"; fi
.softhouse/capture/t239-r11-rerun/instruments/00-engines.sh	ext	26	redirect	if command -v rg    >/dev/null 2>&1; then rg --version 2>&1 | head -1;    else echo "ripgrep: ABSENT from PATH"; fi
.softhouse/capture/t239-r11-rerun/instruments/00-engines.sh	ext	31	redirect	echo -n "BASH_FUNC_grep exported into env? -> "
.softhouse/capture/t239-r11-rerun/instruments/00-engines.sh	ext	36	redirect	printf 'alpha main omega\nalpha bmainb omega\nalpha domain omega\nalpha maintain omega\n' > "$CAL"
.softhouse/capture/t239-r11-rerun/instruments/00-engines.sh	ext	38	redirect	echo "=== CALIBRATION FIXTURE (tracked in the index: $(git ls-files --error-unmatch -- "$CAL" >/dev/null 2>&1 && echo YES || echo NO)) ==="
.softhouse/capture/t239-r11-rerun/instruments/00-engines.sh	ext	60	redirect	if command -v ugrep >/dev/null 2>&1; then probe "ugrep -E" ugrep -n -E -- '\bmain\b' "$CAL"; else echo "  ugrep -E                       ABSENT — cannot be used, cannot be cited"; 
.softhouse/capture/t239-r11-rerun/instruments/00-engines.sh	ext	61	redirect	if command -v rg    >/dev/null 2>&1; then probe "rg" rg -n -- '\bmain\b' "$CAL"; else echo "  rg                             ABSENT — cannot be used, cannot be cited"; fi
.softhouse/capture/t239-r11-rerun/instruments/00-engines.sh	ext	79	redirect	echo "  hit on LINE 1 only            -> engine honours \\b            (SOUND)"
.softhouse/capture/t239-r11-rerun/instruments/00-engines.sh	ext	80	redirect	echo "  hit on LINE 2                 -> engine read \\b as literal b  (THE DEFECT)"
.softhouse/capture/t239-r11-rerun/instruments/00-engines.sh	ext	81	redirect	echo "  rc=2                          -> option not supported at all  (silent in a pipeline)"
.softhouse/capture/t239-r11-rerun/instruments/10-population.sh	ext	24	redirect	echo "T115 is an ancestor of HEAD? -> $(git merge-base --is-ancestor $T115 HEAD && echo YES || echo NO)"
.softhouse/capture/t239-r11-rerun/instruments/10-population.sh	ext	32	redirect	git ls-tree -r --name-only "$T115" -- "$P1" "$P2" "$P3" > /tmp/t239-pop-T115.txt 2>/dev/null
.softhouse/capture/t239-r11-rerun/instruments/10-population.sh	ext	51	redirect	git ls-files -- "$P1" "$P2" "$P3" > /tmp/t239-pop-HEAD.txt 2>/dev/null
.softhouse/capture/t239-r11-rerun/instruments/20-rerun.sh	ext	30	redirect	git grep -n -a -E "$FIVE" "$T115" -- "$P1" "$P2" "$P3" > "$OUT/hits-original-E-five.txt" 2>&1 || true
.softhouse/capture/t239-r11-rerun/instruments/20-rerun.sh	ext	39	redirect	git grep -n -a -E "$FOUR" "$T115" -- "$P1" "$P2" "$P3" > "$OUT/hits-original-E-four.txt" 2>&1 || true
.softhouse/capture/t239-r11-rerun/instruments/20-rerun.sh	ext	42	redirect	echo "  => under git grep -E the 5th term contributes $((a-b)) lines"
.softhouse/capture/t239-r11-rerun/instruments/20-rerun.sh	ext	48	redirect	git grep -n -a -P "$FIVE" "$T115" -- "$P1" "$P2" "$P3" > "$OUT/hits-sound-P-five.txt" 2>&1 || true
.softhouse/capture/t239-r11-rerun/instruments/20-rerun.sh	ext	51	redirect	git grep -n -a -P "$FOUR" "$T115" -- "$P1" "$P2" "$P3" > "$OUT/hits-sound-P-four.txt" 2>&1 || true
.softhouse/capture/t239-r11-rerun/instruments/20-rerun.sh	ext	54	redirect	echo "  => under git grep -P the 5th term contributes $((c-d)) lines"
.softhouse/capture/t239-r11-rerun/instruments/20-rerun.sh	ext	72	redirect	sort "$OUT/hits-original-E-five.txt" > /tmp/t239-a.txt
.softhouse/capture/t239-r11-rerun/instruments/20-rerun.sh	ext	73	redirect	sort "$OUT/hits-sound-P-five.txt"    > /tmp/t239-c.txt
.softhouse/capture/t239-r11-rerun/instruments/20-rerun.sh	ext	74	redirect	comm -13 /tmp/t239-a.txt /tmp/t239-c.txt > "$OUT/delta-unseen.txt"
.softhouse/capture/t239-r11-rerun/instruments/20-rerun.sh	ext	75	redirect	comm -23 /tmp/t239-a.txt /tmp/t239-c.txt > "$OUT/delta-original-only.txt"
.softhouse/capture/t239-r11-rerun/instruments/21-crosscheck.sh	ext	53	redirect	git ls-tree -r --name-only "$T115" -- "$P1" "$P2" "$P3" > /tmp/t239-pop.txt
.softhouse/capture/t239-r11-rerun/instruments/31-coverage.sh	ext	23	redirect	echo -n "    contains 'HEAD'? -> "
.softhouse/capture/t239-r11-rerun/instruments/31-coverage.sh	ext	33	redirect	git ls-tree -r --name-only "$T115" -- "$P1" "$P2" "$P3" | /usr/bin/grep -E '\.sh$' > /tmp/t239-sh.txt
.softhouse/capture/t239-r11-rerun/instruments/40-multiline.py	ext	44	redirect	"rev-parse<WS+NL>main": re.compile(r"rev-parse[\s\\]*\n[\s\\]*main\b"),
.softhouse/capture/t239-r11-rerun/instruments/40-multiline.py	ext	45	redirect	"origin<WS+NL>/main":   re.compile(r"origin[\s\\]*\n[\s\\]*/\s*main\b"),
.softhouse/capture/t239-r11-rerun/instruments/40-multiline.py	ext	46	redirect	"merge<WS+NL>-base":    re.compile(r"merge[\s\\]*\n[\s\\]*-base\b"),
.softhouse/capture/t239-r11-rerun/instruments/50-red-drive.sh	ext	27	redirect	git archive "$BASE" > /tmp/x.tar
.softhouse/capture/t239-r11-rerun/instruments/50-red-drive.sh	ext	36	rm	rm -f "$GIT_INDEX_FILE"
.softhouse/capture/t239-r11-rerun/instruments/50-red-drive.sh	ext	42	rm	rm -f /tmp/t239-red-index
.softhouse/capture/t239-r11-rerun/instruments/50-red-drive.sh	ext	45	redirect	echo -n "  planted file present in scratch tree? -> "
.softhouse/capture/t239-r11-rerun/instruments/50-red-drive.sh	ext	52	redirect	git grep -n -a -E "$FIVE" "$SCRATCH" -- "$P1" "$P2" "$P3" > /tmp/t239-red-E.txt 2>&1; rc=$?
.softhouse/capture/t239-r11-rerun/instruments/50-red-drive.sh	ext	63	redirect	git grep -n -a -P "$FIVE" "$SCRATCH" -- "$P1" "$P2" "$P3" > /tmp/t239-red-P.txt 2>&1; rc=$?
.softhouse/capture/t239-r11-rerun/instruments/51-run-r11-verbatim.sh	ext	13	redirect	echo "invoked as            : bash <script> <repo>"
.softhouse/capture/t239-r11-rerun/instruments/51-run-r11-verbatim.sh	ext	15	redirect	echo "does /tmp/T138-merge exist? -> $([ -d /tmp/T138-merge ] && echo YES || echo 'NO - section 4 will cd-fail')"
.softhouse/capture/t239-r11-rerun/instruments/90-bar.sh	ext	31	redirect	bash .softhouse/conformance.sh > /tmp/t239-conf.txt 2>&1
.softhouse/capture/t243-wiring/instruments/10-wrongimpl-red-drive.sh	ext	42	rm	trap 'restore; rm -rf "$BACKUP"' EXIT   # P-54: guarded on EVERY exit path
.softhouse/capture/t243-wiring/instruments/10-wrongimpl-red-drive.sh	ext	47	redirect	run() { # run <tag>   -> exit code in $RC, output in $LOG/<tag>.txt
.softhouse/capture/t243-wiring/instruments/10-wrongimpl-red-drive.sh	ext	50	redirect	bash .softhouse/conformance.sh > "$LOG/$tag.txt" 2>&1
.softhouse/capture/t243-wiring/instruments/10-wrongimpl-red-drive.sh	ext	86	redirect	bash .softhouse/conformance.sh --ledger-impl ledger-wrong-truncating > "$LOG/00-baseline.txt" 2>&1
.softhouse/capture/t243-wiring/instruments/20-failopen-red-drive.sh	ext	40	rm	git rm -q --cached --ignore-unmatch -- "$PLANT" >/dev/null 2>&1 || true
.softhouse/capture/t243-wiring/instruments/20-failopen-red-drive.sh	ext	41	rm	rm -f "$PLANT"
.softhouse/capture/t243-wiring/instruments/20-failopen-red-drive.sh	ext	51	redirect	bash .softhouse/conformance.sh > "$LOG/$tag.txt" 2>&1
.softhouse/capture/t243-wiring/instruments/20-failopen-red-drive.sh	ext	104	redirect	} > "$PLANT"
.softhouse/capture/t243-wiring/instruments/20-failopen-red-drive.sh	ext	110	redirect	sh "$PLANT" > "$LOG/plant-behaviour.txt" 2>&1
.softhouse/capture/t243-wiring/instruments/20-failopen-red-drive.sh	ext	114	redirect	LC_ALL=C /usr/bin/grep -c -aF '(no hits)' "$LOG/plant-behaviour.txt" > "$LOG/plant-nohits.txt" || true
.softhouse/capture/t243-wiring/instruments/30-citation-red-drive.sh	ext	56	rm	rm -rf "$V"
.softhouse/capture/t243-wiring/instruments/30-citation-red-drive.sh	ext	60	rm	trap 'restore; rm -rf "$BACKUP"' EXIT
.softhouse/capture/t243-wiring/instruments/30-citation-red-drive.sh	ext	68	redirect	bash .softhouse/conformance.sh > "$LOG/$tag.txt" 2>&1
.softhouse/capture/t243-wiring/instruments/30-citation-red-drive.sh	ext	226	redirect	if diff -r -q "$BACKUP/ledger" "$V" >/dev/null 2>&1 && cmp -s "$BACKUP/admit.go" "$ADMIT"; then
.softhouse/capture/t243-wiring/instruments/90-bar.sh	ext	22	redirect	bash .softhouse/conformance.sh > "$L/graded.txt" 2>&1
.softhouse/capture/t243-wiring/instruments/90-bar.sh	ext	27	redirect	bash .softhouse/conformance.sh --prove > "$L/prove.txt" 2>&1
.softhouse/capture/t243-wiring/instruments/90-bar.sh	ext	33	redirect	go build ./... > "$L/build.txt" 2>&1;        echo "go build exit        : $?"
.softhouse/capture/t243-wiring/instruments/90-bar.sh	ext	34	redirect	go vet   ./... > "$L/vet.txt" 2>&1;          echo "go vet exit          : $?"
.softhouse/capture/t243-wiring/instruments/90-bar.sh	ext	35	redirect	go test -count=1 ./... > "$L/test.txt" 2>&1; echo "go test exit         : $?"
.softhouse/capture/t244-dec2-rev6/mlsweep.py	ext	9	redirect	mlsweep.py                    -> run the full multi-line pattern battery
.softhouse/capture/t244-dec2-rev6/mlsweep.py	ext	10	redirect	mlsweep.py --count <regex>    -> print the number of MATCHES for one regex
.softhouse/capture/t244-dec2-rev6/mlsweep.py	ext	58	redirect	if len(text) > 200:
.softhouse/capture/t244-dec2-rev6/rederive-reversals-part2.sh	ext	45	redirect	echo "rows where lastmodified_date > created_date, among reversal participants:"
.softhouse/capture/t244-dec2-rev6/rederive-reversals-part2.sh	ext	46	redirect	T "select id, created_date, lastmodified_date, (lastmodified_date > created_date) as was_modified
.softhouse/capture/t244-dec2-rev6/sweep-stale-reversal-reason.sh	ext	53	redirect	echo "rg             : $(command -v rg >/dev/null 2>&1 && echo 'resolves (SHELL FUNCTION ONLY — unusable here)' || echo 'command not found inside script — CONFIRMED')"
.softhouse/capture/t244-dec2-rev6/sweep-stale-reversal-reason.sh	ext	68	redirect	echo "engine 1 BSD grep  'corpus contains no reversal' -> hit lines: $C1"
.softhouse/capture/t244-dec2-rev6/sweep-stale-reversal-reason.sh	ext	70	redirect	echo "engine 2 git grep  'corpus contains no reversal' -> hit lines: $C2"
.softhouse/capture/t244-dec2-rev6/sweep-stale-reversal-reason.sh	ext	72	redirect	echo "engine 3 python3   'corpus contains no reversal' -> hit lines: $C3"
.softhouse/capture/t244-dec2-rev6/sweep-stale-reversal-reason.sh	ext	74	redirect	echo "engine 1 unanchored stem 'revers'                -> hit lines: $C4"
.softhouse/capture/t244-dec2-rev6/sweep-stale-reversal-reason.sh	ext	87	redirect	echo "engine 1 -> $N1 (expect 0)"
.softhouse/capture/t244-dec2-rev6/sweep-stale-reversal-reason.sh	ext	89	redirect	echo "engine 3 -> $N3 (expect 0)"
.softhouse/capture/t247-dec2-rev7/sweep-repo.py	ext	115	redirect	if len(hist) > 15:
.softhouse/capture/t247-dec2-rev7/verify-line-numbers.py	ext	80	redirect	if n > len(lines):
.softhouse/capture/t248-failopen-widen/instruments/10-c1-characterise.py	ext	7	redirect	* probe 1, dead path `/nonexistent/worktree/...`  -> NOT DETECTED AT ALL
.softhouse/capture/t248-failopen-widen/instruments/10-c1-characterise.py	ext	8	redirect	* probe 2, dead path `/Users/buv/.../worktrees/...` -> DETECTED (C1, Tier 3)
.softhouse/capture/t248-failopen-widen/instruments/10-c1-characterise.py	ext	23	redirect	(`/Users/<...>/...deadbeef`, must be flagged C1) and a KNOWN NEGATIVE
.softhouse/capture/t248-failopen-widen/instruments/10-c1-characterise.py	ext	52	redirect	REV = sys.argv[1] if len(sys.argv) > 1 else None
.softhouse/capture/t248-failopen-widen/instruments/10-c1-characterise.py	ext	130	py-rmtree	shutil.rmtree(PROBE_DIR, ignore_errors=True)
.softhouse/capture/t248-failopen-widen/instruments/10-c1-characterise.py	ext	139	py-rmtree	os.unlink(scratch)
.softhouse/capture/t248-failopen-widen/instruments/10-c1-characterise.py	ext	149	redirect	"""file -> {'tier': .., 'conds': [(code, msg)]}"""
.softhouse/capture/t248-failopen-widen/instruments/20-rule-candidates.py	ext	16	redirect	list-argv (no shell, no pipe -> no P-57/P-75 exposure). No grep, no rg.
.softhouse/capture/t248-failopen-widen/instruments/20-rule-candidates.py	ext	134	redirect	if len(txt) > 4_000_000 or not RE_REPOWIDE.search(txt):
.softhouse/capture/t248-failopen-widen/instruments/30-additivity.sh	ext	27	redirect	printf 'alpha\nbeta\n' > "$CAL"
.softhouse/capture/t248-failopen-widen/instruments/30-additivity.sh	ext	30	rm	rm -f "$CAL"
.softhouse/capture/t248-failopen-widen/instruments/30-additivity.sh	ext	41	redirect	git show "$BASE:$LINT" > "$OLD"
.softhouse/capture/t248-failopen-widen/instruments/30-additivity.sh	ext	44	redirect	FAILOPEN_LINT_JSON="$J" python3 "$OLD"  > "$OUT_OLD" 2>&1 ; rc_old=$?
.softhouse/capture/t248-failopen-widen/instruments/30-additivity.sh	ext	45	redirect	FAILOPEN_LINT_JSON="$J" python3 "$LINT" > "$OUT_NEW" 2>&1 ; rc_new=$?
.softhouse/capture/t248-failopen-widen/instruments/30-additivity.sh	ext	47	rm	rm -f "$J"
.softhouse/capture/t248-failopen-widen/instruments/30-additivity.sh	ext	90	redirect	_norm "$OUT_OLD" | LC_ALL=C sort > "$OUT_OLD.det"
.softhouse/capture/t248-failopen-widen/instruments/30-additivity.sh	ext	91	redirect	_norm "$OUT_NEW" | LC_ALL=C sort > "$OUT_NEW.det"
.softhouse/capture/t248-failopen-widen/instruments/30-additivity.sh	ext	95	redirect	if LC_ALL=C comm -23 "$OUT_OLD.det" "$OUT_NEW.det" > "$OUT_OLD.lost"; then :; fi
.softhouse/capture/t248-failopen-widen/instruments/30-additivity.sh	ext	99	redirect	if LC_ALL=C comm -13 "$OUT_OLD.det" "$OUT_NEW.det" > "$OUT_NEW.gain"; then :; fi
.softhouse/capture/t248-failopen-widen/instruments/30-additivity.sh	ext	104	redirect	"$G" '^FAILOPEN-FRONTIER ' "$OUT_OLD" | LC_ALL=C sort > "$OUT_OLD.fr"
.softhouse/capture/t248-failopen-widen/instruments/30-additivity.sh	ext	105	redirect	"$G" '^FAILOPEN-FRONTIER ' "$OUT_NEW" | LC_ALL=C sort > "$OUT_NEW.fr"
.softhouse/capture/t248-failopen-widen/instruments/30-additivity.sh	ext	115	rm	rm -f "$OLD" "$OUT_OLD" "$OUT_NEW" "$OUT_OLD.det" "$OUT_NEW.det" "$OUT_OLD.lost" \
.softhouse/capture/t248-failopen-widen/instruments/40-red-drive.py	ext	44	redirect	40-red-drive.py --rev <REV>   -- RE-DERIVE THE GAP: run the same battery against the
.softhouse/capture/t248-failopen-widen/instruments/40-red-drive.py	ext	128	py-rmtree	shutil.rmtree(PLANT_DIR, ignore_errors=True)
.softhouse/capture/t248-failopen-widen/instruments/40-red-drive.py	ext	137	py-rmtree	os.unlink(scratch)
.softhouse/capture/t250-tenant-attestation/instruments/10-population.py	ext	139	redirect	'echo "Fineract-Platform-TenantId: gerege" > f\n'
.softhouse/capture/t250-tenant-attestation/instruments/10-population.py	ext	144	redirect	'echo "$T" > f\n'
.softhouse/capture/t250-tenant-attestation/instruments/11-selector-check.py	ext	8	redirect	-> could miss an attestation writer with another suffix (Makefile, .zsh,
.softhouse/capture/t250-tenant-attestation/instruments/11-selector-check.py	ext	11	redirect	-> could miss a caller/driver that writes the sidecar while a helper does
.softhouse/capture/t250-tenant-attestation/instruments/20-redA-sidecar-tracks-the-send.sh	ext+execbit	39	rm	rm -rf "$EV"
.softhouse/capture/t250-tenant-attestation/instruments/20-redA-sidecar-tracks-the-send.sh	ext+execbit	58	redirect	echo "Authorization: Basic <mifos:password>"
.softhouse/capture/t250-tenant-attestation/instruments/20-redA-sidecar-tracks-the-send.sh	ext+execbit	59	redirect	echo "body: <none>"
.softhouse/capture/t250-tenant-attestation/instruments/20-redA-sidecar-tracks-the-send.sh	ext+execbit	60	redirect	echo "captured-at-utc: <fixed-for-diff>"
.softhouse/capture/t250-tenant-attestation/instruments/20-redA-sidecar-tracks-the-send.sh	ext+execbit	61	redirect	} > "$outdir/$name.http"
.softhouse/capture/t250-tenant-attestation/instruments/20-redA-sidecar-tracks-the-send.sh	ext+execbit	62	redirect	echo "$code" > "$outdir/$name.status"
.softhouse/capture/t250-tenant-attestation/instruments/20-redA-sidecar-tracks-the-send.sh	ext+execbit	121	redirect	claimed = m.group(1) if m else "<no tenant line>"
.softhouse/capture/t250-tenant-attestation/instruments/30-redB-mismatch-detected.sh	ext	50	rm	rm -rf "$EV"
.softhouse/capture/t250-tenant-attestation/instruments/30-redB-mismatch-detected.sh	ext	62	redirect	printf '{"invalid":"deliberately-not-a-valid-office"}\n' > "$EV/req/bad-office.json"
.softhouse/capture/t250-tenant-attestation/instruments/30-redB-mismatch-detected.sh	ext	87	redirect	--req "$dir/probe.req" > "$dir/verify.out" 2> "$dir/verify.err"
.softhouse/capture/t250-tenant-attestation/instruments/30-redB-mismatch-detected.sh	ext	97	redirect	mkarm() {                          # mkarm NAME -> fresh copy of the real capture
.softhouse/capture/t250-tenant-attestation/instruments/30-redB-mismatch-detected.sh	ext	99	rm	rm -rf "$d"; mkdir -p "$d"
.softhouse/capture/t250-tenant-attestation/instruments/30-redB-mismatch-detected.sh	ext	142	rm	rm -f "$d/probe.reqhdr"
.softhouse/capture/t250-tenant-attestation/instruments/30-redB-mismatch-detected.sh	ext	148	redirect	cat > "$d/probe.http" <<'EOF'
.softhouse/capture/t250-tenant-attestation/instruments/30-redB-mismatch-detected.sh	ext	160	redirect	printf '{"invalid":"a-DIFFERENT-body-substituted-later"}\n' > "$d/probe.req"
.softhouse/capture/t250-tenant-attestation/instruments/40-redC-shapes-not-designed-around.sh	ext	54	rm	rm -rf "$EV"
.softhouse/capture/t250-tenant-attestation/instruments/40-redC-shapes-not-designed-around.sh	ext	64	redirect	tenant_in_sidecar() {   # -> the tenant the sidecar claims, or a marker
.softhouse/capture/t250-tenant-attestation/instruments/40-redC-shapes-not-designed-around.sh	ext	71	redirect	print("<NO TENANT LINE>")
.softhouse/capture/t250-tenant-attestation/instruments/40-redC-shapes-not-designed-around.sh	ext	102	redirect	if line.startswith("=> Send header"):
.softhouse/capture/t250-tenant-attestation/instruments/40-redC-shapes-not-designed-around.sh	ext	110	redirect	print(" AND ".join(vals) if vals else "<none>")
.softhouse/capture/t250-tenant-attestation/instruments/40-redC-shapes-not-designed-around.sh	ext	175	redirect	'=> Send header, 120 bytes (0x78)' \
.softhouse/capture/t250-tenant-attestation/instruments/40-redC-shapes-not-designed-around.sh	ext	179	redirect	> "$EV/req/injection.txt"
.softhouse/capture/t250-tenant-attestation/instruments/40-redC-shapes-not-designed-around.sh	ext	222	mv	mv "$EV/out/inject.req" "$EV/out/inject.req.NOT-JSON-BY-DESIGN.txt"
.softhouse/capture/t250-tenant-attestation/instruments/40-redC-shapes-not-designed-around.sh	ext	228	mv	mv "$EV/out/inject.req.sha256" "$EV/out/inject.req.sha256.txt"
.softhouse/capture/t250-tenant-attestation/instruments/50-oraclestamp-tenant-gate.py	ext	39	redirect	sys.stderr.write("ABORT: git %s -> rc=%d %s\n" % (" ".join(args), p.returncode, p.stderr))
.softhouse/capture/t250-tenant-attestation/instruments/50-oraclestamp-tenant-gate.py	ext	77	redirect	print("  same file with dec2_revision 5 -> 6           : %s" % h_after)
.softhouse/capture/t250-tenant-attestation/instruments/50-oraclestamp-tenant-gate.py	ext	78	redirect	print("  identical? %s   -> editing a pin MOVES the tree hash"
.softhouse/capture/t252-tier3/instruments/10-verify-third-site.sh	ext	97	redirect	bash "$SUBJECT" >"$OUT" 2>"$ERR"
.softhouse/capture/t252-tier3/instruments/10-verify-third-site.sh	ext	102	redirect	echo "  => it exits ZERO. A reader, a CI step and a reviewer all read that as SUCCESS."
.softhouse/capture/t252-tier3/instruments/10-verify-third-site.sh	ext	104	redirect	echo "  => it exits non-zero, i.e. it really does fail closed and T248's hedge resolves NEGATIVE."
.softhouse/capture/t252-tier3/instruments/10-verify-third-site.sh	ext	109	redirect	echo "  CAL+  'PROMOTED CELLS SWEPT'          (must be >0) : $(count -F 'PROMOTED CELLS SWEPT' "$OUT")"
.softhouse/capture/t252-tier3/instruments/10-verify-third-site.sh	ext	141	rm	rm -f "$OUT" "$ERR"
.softhouse/capture/t252-tier3/instruments/20-numeric-vocab-probe.py	ext	62	py-rmtree	atexit.register(shutil.rmtree, SCRATCH, True)
.softhouse/capture/t252-tier3/instruments/20-numeric-vocab-probe.py	ext	93	redirect	print("  classified as            : %s" % (tier or "<UNCLASSIFIED>"))
.softhouse/capture/t252-tier3/instruments/20-numeric-vocab-probe.py	ext	109	redirect	print("  frontier rows  V0 -> V1   : %d -> %d" % (len(rows0), len(rows1)))
.softhouse/capture/t252-tier3/instruments/20-numeric-vocab-probe.py	ext	153	redirect	print("      subject `cd` lines            : %s" % (cd_ln or "<none>"))
.softhouse/capture/t252-tier3/instruments/20-numeric-vocab-probe.py	ext	154	redirect	print("      subject false-count line(s)   : %s" % (claim_ln or "<none>"))
.softhouse/capture/t252-tier3/instruments/30-additivity.py	ext	126	redirect	ta = a.split(" ", 1)[0] if a else "<absent>"
.softhouse/capture/t252-tier3/instruments/30-additivity.py	ext	127	redirect	tb = b.split(" ", 1)[0] if b else "<absent>"
.softhouse/capture/t252-tier3/instruments/40-c6-red-drive.py	ext	190	py-rmtree	shutil.rmtree(SCRATCH, ignore_errors=True)
.softhouse/capture/t252-tier3/instruments/50-conformance-red-drive.py	ext	109	py-rmtree	shutil.rmtree(SCRATCH, ignore_errors=True)
.softhouse/capture/t253-portability/instruments/10-mktemp-matrix.sh	ext	68	rm	if [ "$BSD_RC" -eq 0 ]; then rm -f "$BSD_OUT"; fi
.softhouse/capture/t253-portability/instruments/10-mktemp-matrix.sh	ext	89	rm	rm -f "$BSD_OUT"
.softhouse/capture/t253-portability/instruments/20-apply-d1.py	ext	28	redirect	def rewrite(line: str) -> str:
.softhouse/capture/t253-portability/instruments/20-apply-d1.py	ext	29	redirect	def sub(m: re.Match) -> str:
.softhouse/capture/t253-portability/instruments/20-apply-d1.py	ext	36	redirect	def main() -> int:
.softhouse/capture/t253-portability/instruments/30-d2-red-drive.sh	ext	42	rm	trap 'rm -rf "$SCRATCH"' EXIT HUP INT TERM QUIT
.softhouse/capture/t253-portability/instruments/30-d2-red-drive.sh	ext	61	redirect	{ printf '#!/bin/sh\n'; printf '%s\n' "$OLD_ENV_BODY"; } > "$dir/.softhouse/bin/go-env.sh"
.softhouse/capture/t253-portability/instruments/30-d2-red-drive.sh	ext	75	redirect	printf "which_go=[%s]\n" "$(command -v go || printf "<none>")"
.softhouse/capture/t253-portability/instruments/30-d2-red-drive.sh	ext	76	redirect	' _ "$dir" >"$so" 2>"$se"
.softhouse/capture/t253-portability/instruments/30-d2-red-drive.sh	ext	113	redirect	> "$SCRATCH/fakebin/go"
.softhouse/capture/t253-portability/instruments/30-d2-red-drive.sh	ext	162	redirect	if PATH="$BARE_PATH" command -v go >/dev/null 2>&1; then
.softhouse/capture/t253-portability/instruments/30-d2-red-drive.sh	ext	196	redirect	' _ "$SCRATCH/new" >"$SCRATCH/s6.out" 2>"$SCRATCH/s6.err"
.softhouse/capture/t253-portability/instruments/50-t234-residue-probe.sh	ext	29	mv	mv -f "$STASH" "$RESIDUE"
.softhouse/capture/t253-portability/instruments/50-t234-residue-probe.sh	ext	51	redirect	python3 "$LINT" ) >"$1" 2>&1 || rc=$?
.softhouse/capture/t253-portability/instruments/50-t234-residue-probe.sh	ext	77	redirect	frontier_rows "$A" > "$A.rows"
.softhouse/capture/t253-portability/instruments/50-t234-residue-probe.sh	ext	84	mv	mv -f "$RESIDUE" "$STASH"
.softhouse/capture/t253-portability/instruments/50-t234-residue-probe.sh	ext	88	redirect	frontier_rows "$B" > "$B.rows"
.softhouse/capture/t253-portability/instruments/50-t234-residue-probe.sh	ext	94	redirect	if diff -u "$A.rows" "$B.rows" > "$A.diff"; then
.softhouse/capture/t253-portability/instruments/60-hardcoded-toolchain-census.py	ext	38	redirect	def main() -> int:
.softhouse/capture/t253-portability/instruments/70-cross-impl-compare.sh	ext	25	rm	trap 'rm -rf "$SCRATCH"' EXIT HUP INT TERM QUIT
.softhouse/capture/t253-portability/instruments/70-cross-impl-compare.sh	ext	44	redirect	git -C "$REPO" show "$THEIR_REF:.softhouse/bin/go-env.sh" > "$SCRATCH/theirs.sh"
.softhouse/capture/t253-portability/instruments/70-cross-impl-compare.sh	ext	50	redirect	cat > "$SCRATCH/fakebin/go" <<'FAKE'
.softhouse/capture/t253-portability/instruments/70-cross-impl-compare.sh	ext	69	redirect	if go version >/dev/null 2>&1; then printf "YES — %s\n" "$(go version)"
.softhouse/capture/t253-portability/instruments/70-cross-impl-compare.sh	ext	71	redirect	' _ "$dir" >"$SCRATCH/$label.out" 2>"$SCRATCH/$label.err"
.softhouse/capture/t253-portability/instruments/70-cross-impl-compare.sh	ext	91	redirect	if contains "$M_OUT" "final GOROOT      : <unset>"; then
.softhouse/capture/t253-portability/instruments/70-cross-impl-compare.sh	ext	98	redirect	if contains "$T_OUT" "final GOROOT      : <unset>"; then
.softhouse/capture/t255-dec2-rev8/instruments/10-enumerate-citations.py	ext	90	redirect	if start > len(body):
.softhouse/capture/t255-dec2-rev8/instruments/15-p5-probe.py	ext	72	redirect	print("  -> a probe that finds none of them says nothing about P-5.")
.softhouse/capture/t255-dec2-rev8/instruments/15-p5-probe.py	ext	91	redirect	if not (p5 > 0 and p50 > 0 and raw > p5):
.softhouse/capture/t255-dec2-rev8/instruments/20-verify-anchors.py	ext	127	redirect	if depth == 0 and len(body) > 1:
.softhouse/capture/t255-dec2-rev8/instruments/30-apply-revision-8.py	ext	35	redirect	> citation mechanically at ratification time. Revision 4 re-took them by hand; that does not scale
.softhouse/capture/t255-dec2-rev8/instruments/30-apply-revision-8.py	ext	36	redirect	> and will go stale again.""",
.softhouse/capture/t255-dec2-rev8/instruments/30-apply-revision-8.py	ext	38	redirect	> UNDONE, and the document then went stale twice more on exactly the citations it was about.**
.softhouse/capture/t255-dec2-rev8/instruments/30-apply-revision-8.py	ext	39	redirect	> Revision 4 wrote here: *"The mechanical remedy, recommended and not performed here* (`A2-25`
.softhouse/capture/t255-dec2-rev8/instruments/30-apply-revision-8.py	ext	40	redirect	> FU-A2-25-3)*: cite function name plus a grep recipe rather than a bare line range, or re-take
.softhouse/capture/t255-dec2-rev8/instruments/30-apply-revision-8.py	ext	41	redirect	> every harness citation mechanically at ratification time. Revision 4 re-took them by hand; that
.softhouse/capture/t255-dec2-rev8/instruments/30-apply-revision-8.py	ext	42	redirect	> does not scale and will go stale again."* **It went stale again. Twice.** Revision 7 re-took the
.softhouse/capture/t255-dec2-rev8/instruments/30-apply-revision-8.py	ext	44	redirect	> reviewed it re-took them again and *those* were stale at the next commit. **A line number is a
.softhouse/capture/t255-dec2-rev8/instruments/30-apply-revision-8.py	ext	45	redirect	> PERISHABLE IDENTIFIER: every insertion above it invalidates it, including insertions that change
.softhouse/capture/t255-dec2-rev8/instruments/30-apply-revision-8.py	ext	46	redirect	> nothing it refers to — and a dead line number resolves to a plausible NEIGHBOURING line, so a
.softhouse/capture/t255-dec2-rev8/instruments/30-apply-revision-8.py	ext	47	redirect	> reader following one is MISLED rather than STOPPED.** That last property is why this is not
.softhouse/capture/t255-dec2-rev8/instruments/30-apply-revision-8.py	ext	48	redirect	> clerical.
.softhouse/capture/t255-dec2-rev8/instruments/30-apply-revision-8.py	ext	53	redirect	> position.** It is written inline as
.softhouse/capture/t255-dec2-rev8/instruments/30-apply-revision-8.py	ext	59	redirect	> and it is resolved by the reader with a recipe that is always fresh:
.softhouse/capture/t255-dec2-rev8/instruments/30-apply-revision-8.py	ext	60	redirect	> `git grep -n -F '<the substring>' -- <path>`. **`-F`, never a bare `grep` and never `rg`
.softhouse/capture/t255-dec2-rev8/instruments/30-apply-revision-8.py	ext	61	redirect	> (`P-75`); and `git grep` exits 1 on NO MATCH and >1 on ERROR, so a resolver must classify the
.softhouse/capture/t255-dec2-rev8/instruments/30-apply-revision-8.py	ext	62	redirect	> status and never print an error as an absence (`P-80`).** An anchor cannot rot from an edit above
.softhouse/capture/t255-dec2-rev8/instruments/30-apply-revision-8.py	ext	63	redirect	> it, because it contains no "above". It rots only when the cited THING changes — which is exactly
.softhouse/capture/t255-dec2-rev8/instruments/30-apply-revision-8.py	ext	64	redirect	> when a citation should rot.
.softhouse/capture/t255-dec2-rev8/instruments/30-apply-revision-8.py	ext	67	redirect	> restated.** How many guards `run_guards` invokes, in what order, and which one is tallied Nth, are
.softhouse/capture/t255-dec2-rev8/instruments/30-apply-revision-8.py	ext	68	redirect	> properties of `run_guards`' body. §4.4.1 carries them in a fenced block marked
.softhouse/capture/t255-dec2-rev8/instruments/30-apply-revision-8.py	ext	72	redirect	> section number and restates no number** — `P-79`: never fix a rotted number, make the second site
.softhouse/capture/t255-dec2-rev8/instruments/30-apply-revision-8.py	ext	73	redirect	> READ the first. A corrected cardinal rots in every place it was restated, exactly as a corrected
.softhouse/capture/t255-dec2-rev8/instruments/30-apply-revision-8.py	ext	74	redirect	> line number does.
.softhouse/capture/t255-dec2-rev8/instruments/30-apply-revision-8.py	ext	77	redirect	> counting basis and false under another, and the basis was switched silently between revisions. The
.softhouse/capture/t255-dec2-rev8/instruments/30-apply-revision-8.py	ext	78	redirect	> identifier used throughout this document is `guard_ledger_invariants`. Where a count is needed it
.softhouse/capture/t255-dec2-rev8/instruments/30-apply-revision-8.py	ext	79	redirect	> is DERIVED (rule 2) and it states its basis.
.softhouse/capture/t255-dec2-rev8/instruments/30-apply-revision-8.py	ext	82	redirect	> unrelated edit above every citation. `T253` rewrote ten `mktemp -t` sites in `.softhouse/conformance.sh`
.softhouse/capture/t255-dec2-rev8/instruments/30-apply-revision-8.py	ext	83	redirect	> in the same fire that landed this revision, four of them above every guard citation this document
.softhouse/capture/t255-dec2-rev8/instruments/30-apply-revision-8.py	ext	84	redirect	> carries. A wired line-number gate would have turned every graded run in the program RED for a
.softhouse/capture/t255-dec2-rev8/instruments/30-apply-revision-8.py	ext	85	redirect	> reason that has nothing to do with what the citations say — and a gate with that false-positive
.softhouse/capture/t255-dec2-rev8/instruments/30-apply-revision-8.py	ext	86	redirect	> rate is a gate that gets pinned into an amnesty list within two fires, which is a shape this
.softhouse/capture/t255-dec2-rev8/instruments/30-apply-revision-8.py	ext	87	redirect	> harness already documents in `FAILOPEN_PIN_FILE_LIST`
.softhouse/capture/t255-dec2-rev8/instruments/30-apply-revision-8.py	ext	89	redirect	> document is correct with nothing running at all.** A checker is a second line, never the line: a
.softhouse/capture/t255-dec2-rev8/instruments/30-apply-revision-8.py	ext	90	redirect	> control that must be remembered is `P-45`, which this program has hit five times.
.softhouse/capture/t255-dec2-rev8/instruments/30-apply-revision-8.py	ext	93	redirect	> checkout `426a23544e8426a38ae43ae404670a0a7e85b9eb`, which do not drift; and HISTORY blocks that
.softhouse/capture/t255-dec2-rev8/instruments/30-apply-revision-8.py	ext	94	redirect	> QUOTE what a past revision wrote — rewording a quotation would falsify the record, so a stale
.softhouse/capture/t255-dec2-rev8/instruments/30-apply-revision-8.py	ext	106	redirect	> Every claim below is a claim about what the reference oracle *does* and what a conforming port
.softhouse/capture/t255-dec2-rev8/instruments/30-apply-revision-8.py	ext	108	redirect	> measured by this task, not reasoned:
.softhouse/capture/t255-dec2-rev8/instruments/30-apply-revision-8.py	ext	110	redirect	> 1. **No `ledger` vector exists.** `.softhouse/vectors/` holds `loanschedule/` and `_selftest/` and
.softhouse/capture/t255-dec2-rev8/instruments/30-apply-revision-8.py	ext	111	redirect	>    nothing else [VERIFIED by this task: `ls .softhouse/vectors/`].
.softhouse/capture/t255-dec2-rev8/instruments/30-apply-revision-8.py	ext	112	redirect	> 2. **No `ledger` vector is EXPRESSIBLE.** The store's only accepted schema is
.softhouse/capture/t255-dec2-rev8/instruments/30-apply-revision-8.py	ext	114	redirect	>    cell whitelist is three loan-schedule cells — so **no `ledger` input and no `ledger` output can
.softhouse/capture/t255-dec2-rev8/instruments/30-apply-revision-8.py	ext	115	redirect	>    be written down**. §5.1 establishes this in code, in five legs, all five of which an independent
.softhouse/capture/t255-dec2-rev8/instruments/30-apply-revision-8.py	ext	116	redirect	>    review re-opened and confirmed. **This is not a gap somebody forgot to fill; it is machinery
.softhouse/capture/t255-dec2-rev8/instruments/30-apply-revision-8.py	ext	117	redirect	>    that has not been built.**
.softhouse/capture/t255-dec2-rev8/instruments/30-apply-revision-8.py	ext	118	redirect	>""",
.softhouse/capture/t255-dec2-rev8/instruments/30-apply-revision-8.py	ext	123	redirect	> Every claim below is a claim about what the reference oracle *does* and what a conforming port
.softhouse/capture/t255-dec2-rev8/instruments/30-apply-revision-8.py	ext	127	redirect	> REFUTES IT.** Revisions 1–6 opened with *"**NOTHING GRADES THIS CONTEXT'S MONEY. NOTHING GRADES
.softhouse/capture/t255-dec2-rev8/instruments/30-apply-revision-8.py	ext	128	redirect	> THIS CONTEXT AT ALL.**"*, asserted *"**Not one of them is currently checked by anything**"*, and
.softhouse/capture/t255-dec2-rev8/instruments/30-apply-revision-8.py	ext	129	redirect	> gave as fact 1 *"**No `ledger` vector exists.** `.softhouse/vectors/` holds `loanschedule/` and
.softhouse/capture/t255-dec2-rev8/instruments/30-apply-revision-8.py	ext	131	redirect	> of that is false at this commit, and the whole refutation is to re-run the command the sentence
.softhouse/capture/t255-dec2-rev8/instruments/30-apply-revision-8.py	ext	132	redirect	> itself names.** It is restated here rather than quietly reworded, because a silent reword would
.softhouse/capture/t255-dec2-rev8/instruments/30-apply-revision-8.py	ext	133	redirect	> hide that this document opened with a falsehood, under an instruction to read it first, for two
.softhouse/capture/t255-dec2-rev8/instruments/30-apply-revision-8.py	ext	134	redirect	> revisions.
.softhouse/capture/t255-dec2-rev8/instruments/30-apply-revision-8.py	ext	141	redirect	> that notices when the world moves underneath a claim it publishes as measured fact, and it placed
.softhouse/capture/t255-dec2-rev8/instruments/30-apply-revision-8.py	ext	142	redirect	> the most perishable such claim exactly where every reader is told to begin. The freshness rule
.softhouse/capture/t255-dec2-rev8/instruments/30-apply-revision-8.py	ext	143	redirect	> below makes staleness *visible*; it does not *prevent* it, and this is what that costs.
.softhouse/capture/t255-dec2-rev8/instruments/30-apply-revision-8.py	ext	147	redirect	> revision 7's draft either:**
.softhouse/capture/t255-dec2-rev8/instruments/30-apply-revision-8.py	ext	149	redirect	> 1. **SIX `ledger` vectors exist, and all six PASS.** `.softhouse/vectors/` holds **three** context
.softhouse/capture/t255-dec2-rev8/instruments/30-apply-revision-8.py	ext	150	redirect	>    directories — `_selftest/`, `ledger/`, `loanschedule/` — and `ledger/` holds
.softhouse/capture/t255-dec2-rev8/instruments/30-apply-revision-8.py	ext	156	redirect	>    cited as proof of the opposite**]. On every run the harness prints, and pins:
.softhouse/capture/t255-dec2-rev8/instruments/30-apply-revision-8.py	ext	159	redirect	>    int64 minor units` · `ledger invariants 0 violation(s), 11 non-vacuous assertion(s), of which 10
.softhouse/capture/t255-dec2-rev8/instruments/30-apply-revision-8.py	ext	160	redirect	>    are INDEPENDENT`** [MEASURED by `T255` at `a71c140`]. **`I-1` and `I-2` are among what those
.softhouse/capture/t255-dec2-rev8/instruments/30-apply-revision-8.py	ext	161	redirect	>    cells check**, per vector, with a hold that could only be passed by construction reported as
.softhouse/capture/t255-dec2-rev8/instruments/30-apply-revision-8.py	ext	164	redirect	> 2. **A `ledger` vector IS expressible, because the machinery §5.2 named was BUILT — and §5.1's five
.softhouse/capture/t255-dec2-rev8/instruments/30-apply-revision-8.py	ext	165	redirect	>    legs are untouched by that, which is the distinction this item now has to carry.** §5.1's claim
.softhouse/capture/t255-dec2-rev8/instruments/30-apply-revision-8.py	ext	166	redirect	>    is, and remains, *"no `ledger` vector is expressible **against the frozen
.softhouse/capture/t255-dec2-rev8/instruments/30-apply-revision-8.py	ext	168	redirect	>    file dropped into `ledger/` is INADMISSIBLE by name
.softhouse/capture/t255-dec2-rev8/instruments/30-apply-revision-8.py	ext	170	redirect	>    whose allowlist is
.softhouse/capture/t255-dec2-rev8/instruments/30-apply-revision-8.py	ext	172	redirect	>    What was false is this item's **unscoped restatement** — *"the store's only accepted schema is
.softhouse/capture/t255-dec2-rev8/instruments/30-apply-revision-8.py	ext	174	redirect	>    built"*. **The store accepts TWO schemas.** The second is **`gerege.ledger.vector/v1`**
.softhouse/capture/t255-dec2-rev8/instruments/30-apply-revision-8.py	ext	176	redirect	>    with its own `Request`/`Expect` shapes, its own class set (`parity`, `oracle-refusal`), its own
.softhouse/capture/t255-dec2-rev8/instruments/30-apply-revision-8.py	ext	177	redirect	>    comparator and a cell whitelist derived from it, its own context allowlist
.softhouse/capture/t255-dec2-rev8/instruments/30-apply-revision-8.py	ext	179	redirect	>    its own store pin (`PIN-ledger.json`, keyed on `dec2_revision`) and its own capability registry
.softhouse/capture/t255-dec2-rev8/instruments/30-apply-revision-8.py	ext	181	redirect	>    in §5.2 and built by `A2-15`.** §5.3's revision-7 note records what that does and does **not**
.softhouse/capture/t255-dec2-rev8/instruments/30-apply-revision-8.py	ext	182	redirect	>    certify about the ten preconditions, and a ratifier should read it there rather than infer it
.softhouse/capture/t255-dec2-rev8/instruments/30-apply-revision-8.py	ext	183	redirect	>    here.
.softhouse/capture/t255-dec2-rev8/instruments/30-apply-revision-8.py	ext	184	redirect	>""",
.softhouse/capture/t255-dec2-rev8/instruments/30-apply-revision-8.py	ext	189	redirect	"""> 3. **A guard for `I-3` (balances are derived) and `I-4` (append-only) NOW EXISTS — revision 2 said
.softhouse/capture/t255-dec2-rev8/instruments/30-apply-revision-8.py	ext	190	redirect	>    it did not, and that was true when revision 2 was written.** `run_guards` invokes **seven**
.softhouse/capture/t255-dec2-rev8/instruments/30-apply-revision-8.py	ext	191	redirect	>    guards, not five; the seventh is `guard_ledger_invariants`, built by `A2-18` and **wired** by
.softhouse/capture/t255-dec2-rev8/instruments/30-apply-revision-8.py	ext	193	redirect	>    it, `:1189-1213` is `run_guards` invoking all seven, `:1209` is the invocation; `A2-28`'s own
.softhouse/capture/t255-dec2-rev8/instruments/30-apply-revision-8.py	ext	194	redirect	>    unfiltered run prints `ledger-invariants: PASS` and `invariant violations 0` (MEASURED, §5.4)].
.softhouse/capture/t255-dec2-rev8/instruments/30-apply-revision-8.py	ext	196	redirect	>    NOT mean the ledger is covered, and the guard says so itself**: its PASS text reads *"no""",
.softhouse/capture/t255-dec2-rev8/instruments/30-apply-revision-8.py	ext	197	redirect	"""> 3. **A source guard for `I-3` (balances are derived) and `I-4` (append-only) RUNS ON EVERY
.softhouse/capture/t255-dec2-rev8/instruments/30-apply-revision-8.py	ext	198	redirect	>    INVOCATION — AND NO VECTOR GRADES EITHER INVARIANT.** The guard is `guard_ledger_invariants`,
.softhouse/capture/t255-dec2-rev8/instruments/30-apply-revision-8.py	ext	199	redirect	>    built by `A2-18` and **wired** by `T208`
.softhouse/capture/t255-dec2-rev8/instruments/30-apply-revision-8.py	ext	201	redirect	>    DERIVED-FROM-SOURCE enumeration of what `run_guards` invokes, and this fact restates no count
.softhouse/capture/t255-dec2-rev8/instruments/30-apply-revision-8.py	ext	202	redirect	>    from it** — `P-79`. `T255`'s own run prints `ledger-invariants: PASS` and
.softhouse/capture/t255-dec2-rev8/instruments/30-apply-revision-8.py	ext	205	redirect	>    They read *"`run_guards` invokes **seven** guards, not five; the seventh is
.softhouse/capture/t255-dec2-rev8/instruments/30-apply-revision-8.py	ext	207	redirect	>    Those numbers were stamped at `2e97162`, are correct there, and were STALE by revision 7:
.softhouse/capture/t255-dec2-rev8/instruments/30-apply-revision-8.py	ext	210	redirect	>    them with three FRESH line numbers, and those were stale before revision 7 could land. So was
.softhouse/capture/t255-dec2-rev8/instruments/30-apply-revision-8.py	ext	211	redirect	>    the reviewer's re-measurement of them.** Revision 8 therefore does not correct the numbers; it
.softhouse/capture/t255-dec2-rev8/instruments/30-apply-revision-8.py	ext	213	redirect	>    silently, and so does a line number. The identifier is the NAME.**
.softhouse/capture/t255-dec2-rev8/instruments/30-apply-revision-8.py	ext	215	redirect	>    NOT mean the ledger is covered, and the guard says so itself**: its PASS text reads *"no""",
.softhouse/capture/t255-dec2-rev8/instruments/30-apply-revision-8.py	ext	220	redirect	""">    said *"three"* here and recorded `I4-BUILDER` as `[UNVERIFIED]`. §4.4.1 carries the retraction,
.softhouse/capture/t255-dec2-rev8/instruments/30-apply-revision-8.py	ext	221	redirect	>    the class names, the measurement and the limits.
.softhouse/capture/t255-dec2-rev8/instruments/30-apply-revision-8.py	ext	222	redirect	> 4. **The "PASS 46" everybody quotes is `loanschedule`'s.** All **46** promoted parity vectors are
.softhouse/capture/t255-dec2-rev8/instruments/30-apply-revision-8.py	ext	223	redirect	>    in the `loanschedule/` directory [MEASURED by `A2-28` at commit `2e97162`; store tree
.softhouse/capture/t255-dec2-rev8/instruments/30-apply-revision-8.py	ext	225	redirect	>    financial activity or a journal entry.** **Revision 2 leaned on this as though the
.softhouse/capture/t255-dec2-rev8/instruments/30-apply-revision-8.py	ext	227	redirect	>    retraction is about, and it is why 43 became 44. **It is enforced now**, at admission, by an
.softhouse/capture/t255-dec2-rev8/instruments/30-apply-revision-8.py	ext	228	redirect	>    allowlist tied to the schema rather than to the directory [VERIFIED by `A2-28`:
.softhouse/capture/t255-dec2-rev8/instruments/30-apply-revision-8.py	ext	233	redirect	>    revision 3 was drafted; `T116` promoted three vectors in the same fire and it is 46 now. Any
.softhouse/capture/t255-dec2-rev8/instruments/30-apply-revision-8.py	ext	234	redirect	>    quotation of it in this document carries the commit it was measured at, and a ratifier who finds
.softhouse/capture/t255-dec2-rev8/instruments/30-apply-revision-8.py	ext	235	redirect	>    a bare number without one should treat it as stale until re-run.""",
.softhouse/capture/t255-dec2-rev8/instruments/30-apply-revision-8.py	ext	236	redirect	""">    said *"three"* here and recorded `I4-BUILDER` as `[UNVERIFIED]`. §4.4.1 carries the retraction,
.softhouse/capture/t255-dec2-rev8/instruments/30-apply-revision-8.py	ext	237	redirect	>    the class names, the measurement and the limits. **And note what the six new vectors did NOT
.softhouse/capture/t255-dec2-rev8/instruments/30-apply-revision-8.py	ext	238	redirect	>    change: `I-3` and `I-4` are graded by NO VECTOR, because a vector is a snapshot of oracle output
.softhouse/capture/t255-dec2-rev8/instruments/30-apply-revision-8.py	ext	239	redirect	>    and a snapshot cannot observe the ABSENCE of a write. No growth of this corpus will ever
.softhouse/capture/t255-dec2-rev8/instruments/30-apply-revision-8.py	ext	240	redirect	>    discharge them.**
.softhouse/capture/t255-dec2-rev8/instruments/30-apply-revision-8.py	ext	241	redirect	> 4. **The "PASS 46" everybody quotes is still `loanschedule`'s — and that matters MORE now, not
.softhouse/capture/t255-dec2-rev8/instruments/30-apply-revision-8.py	ext	242	redirect	>    less.** All **46** promoted `loanschedule` parity vectors are in the `loanschedule/` directory,
.softhouse/capture/t255-dec2-rev8/instruments/30-apply-revision-8.py	ext	243	redirect	>    and **zero of them touch a GL account, a mapping, a financial activity or a journal entry**
.softhouse/capture/t255-dec2-rev8/instruments/30-apply-revision-8.py	ext	247	redirect	>    it under its own heading, *"SECOND SCHEMA, SECOND COMPARATOR, SEPARATE COUNTS"*, as **4 / 2 /
.softhouse/capture/t255-dec2-rev8/instruments/30-apply-revision-8.py	ext	248	redirect	>    21**. A reader who cites `PASS 46` as evidence about the ledger is quoting the wrong number,
.softhouse/capture/t255-dec2-rev8/instruments/30-apply-revision-8.py	ext	249	redirect	>    exactly as before; a reader who cites `4 / 2 / 21` as evidence that the ledger is covered is
.softhouse/capture/t255-dec2-rev8/instruments/30-apply-revision-8.py	ext	250	redirect	>    making the new mistake this banner exists to prevent. **Revision 2 leaned on this as though the
.softhouse/capture/t255-dec2-rev8/instruments/30-apply-revision-8.py	ext	252	redirect	>    retraction is about, and it is why 43 became 44. **It is enforced now**, at admission, by an
.softhouse/capture/t255-dec2-rev8/instruments/30-apply-revision-8.py	ext	253	redirect	>    allowlist tied to the schema rather than to the directory: `SchemaContexts()` returns
.softhouse/capture/t255-dec2-rev8/instruments/30-apply-revision-8.py	ext	256	redirect	>    and the admission layer refuses any other `context` as **INADMISSIBLE**
.softhouse/capture/t255-dec2-rev8/instruments/30-apply-revision-8.py	ext	259	redirect	>    one at this commit — `SchemaContexts()` begins at 78, and `:77` is a comment — and the second
.softhouse/capture/t255-dec2-rev8/instruments/30-apply-revision-8.py	ext	260	redirect	>    named a BARE `admit.go` that exists in TWO packages** (`loanschedule/conformance/` and
.softhouse/capture/t255-dec2-rev8/instruments/30-apply-revision-8.py	ext	264	redirect	>    revision 3 was drafted; `T116` promoted three vectors in the same fire and it is 46 now. The
.softhouse/capture/t255-dec2-rev8/instruments/30-apply-revision-8.py	ext	266	redirect	>    whole of `G-14`. Any quotation of either carries the commit it was measured at, and a ratifier
.softhouse/capture/t255-dec2-rev8/instruments/30-apply-revision-8.py	ext	267	redirect	>    who finds a bare number without one should treat it as stale until re-run.""",
.softhouse/capture/t255-dec2-rev8/instruments/30-apply-revision-8.py	ext	273	redirect	> advance: `conformance.sh`'s hard guards *do* walk `nexus/internal/apps/ledger/`. They walk it
.softhouse/capture/t255-dec2-rev8/instruments/30-apply-revision-8.py	ext	275	redirect	> takes "the guards cover the ledger tree" to mean the double-entry invariants are enforced has
.softhouse/capture/t255-dec2-rev8/instruments/30-apply-revision-8.py	ext	276	redirect	> been misled by this document, and §8 now says so at the point of the claim.""",
.softhouse/capture/t255-dec2-rev8/instruments/30-apply-revision-8.py	ext	278	redirect	> advance: `conformance.sh`'s hard guards *do* walk `nexus/internal/apps/ledger/`. They walk it for
.softhouse/capture/t255-dec2-rev8/instruments/30-apply-revision-8.py	ext	280	redirect	> 3**. That last one is real and it is narrow; the first two are not `I-3` and are not `I-4` at all.
.softhouse/capture/t255-dec2-rev8/instruments/30-apply-revision-8.py	ext	282	redirect	> said the guard runs — a self-inconsistency that predates `G-14`.** A reader who takes "the guards
.softhouse/capture/t255-dec2-rev8/instruments/30-apply-revision-8.py	ext	283	redirect	> cover the ledger tree" to mean the double-entry invariants are enforced has been misled by this
.softhouse/capture/t255-dec2-rev8/instruments/30-apply-revision-8.py	ext	284	redirect	> document, and §8 now says so at the point of the claim.""",
.softhouse/capture/t255-dec2-rev8/instruments/30-apply-revision-8.py	ext	293	redirect	> admissibility standard. It would buy **no grading whatsoever** until the machinery in §5.3
.softhouse/capture/t255-dec2-rev8/instruments/30-apply-revision-8.py	ext	294	redirect	> exists. Ratification is not coverage, and this document must never be cited as though it were.""",
.softhouse/capture/t255-dec2-rev8/instruments/30-apply-revision-8.py	ext	296	redirect	> 1–6 wrote this sentence in the conditional and left it there.** `G-11` is **CLOSED — RATIFIED**
.softhouse/capture/t255-dec2-rev8/instruments/30-apply-revision-8.py	ext	299	redirect	> admissibility standard. Revisions 1–6 said it would buy **"no grading whatsoever until the
.softhouse/capture/t255-dec2-rev8/instruments/30-apply-revision-8.py	ext	300	redirect	> machinery in §5.3 exists"** — **the machinery was then built and the grading exists**: 4 parity,
.softhouse/capture/t255-dec2-rev8/instruments/30-apply-revision-8.py	ext	301	redirect	> 2 oracle-refusal, 21 money cells, every run.
.softhouse/capture/t255-dec2-rev8/instruments/30-apply-revision-8.py	ext	304	redirect	> coverage, and neither is a green ledger section.** What is graded is **6 of the 14 capabilities
.softhouse/capture/t255-dec2-rev8/instruments/30-apply-revision-8.py	ext	306	redirect	> and the harness prints all eight on every run, pass or fail, derived from that file so a gap
.softhouse/capture/t255-dec2-rev8/instruments/30-apply-revision-8.py	ext	307	redirect	> cannot go unprinted [MEASURED by `T255` at `a71c140`, both terms counted — `P-67`: `len(capabilities)`
.softhouse/capture/t255-dec2-rev8/instruments/30-apply-revision-8.py	ext	308	redirect	> is 14, `in_graded_domain: true` is 6, `false` is 8, and 6 + 8 = 14]. Ungraded, by name: **slot
.softhouse/capture/t255-dec2-rev8/instruments/30-apply-revision-8.py	ext	309	redirect	> resolution** (the product→GL mapping chain, including payment-type precedence — the single largest
.softhouse/capture/t255-dec2-rev8/instruments/30-apply-revision-8.py	ext	310	redirect	> thing this context does), **accrual entries**, **account transfers through `TRANSFERS_SUSPENSE`
.softhouse/capture/t255-dec2-rev8/instruments/30-apply-revision-8.py	ext	313	redirect	> measured the oracle's stored balance to be a SECOND SOURCE OF TRUTH rather than a cache, made to
.softhouse/capture/t255-dec2-rev8/instruments/30-apply-revision-8.py	ext	314	redirect	> disagree with the derived sum by MNT 2,000,000.00 and surviving four organisation-wide
.softhouse/capture/t255-dec2-rev8/instruments/30-apply-revision-8.py	ext	315	redirect	> recomputes**. Add to that: **no vector grades `I-3` or `I-4`** (fact 3), `I-6` is outside this
.softhouse/capture/t255-dec2-rev8/instruments/30-apply-revision-8.py	ext	316	redirect	> contract's domain, and `I-7` lands on `A1` and the HTTP layer, not here.
.softhouse/capture/t255-dec2-rev8/instruments/30-apply-revision-8.py	ext	319	redirect	> a PASS on its six vectors must never be cited as a cutover argument. CUTOVER IS A HARD `user`
.softhouse/capture/t255-dec2-rev8/instruments/30-apply-revision-8.py	ext	320	redirect	> GATE and nothing in this document or in the harness moves it.**""",
.softhouse/capture/t255-dec2-rev8/instruments/30-apply-revision-8.py	ext	643	redirect	> two expectation kinds, `schedule` and `refusal`, and `refusal` means one of the three **contract**
.softhouse/capture/t255-dec2-rev8/instruments/30-apply-revision-8.py	ext	644	redirect	> sentinels above. There is no encoding for *"the oracle answered 404 with
.softhouse/capture/t255-dec2-rev8/instruments/30-apply-revision-8.py	ext	646	redirect	> this subsection's own named defect into the corpus. Establishing this is §5.1; a representation
.softhouse/capture/t255-dec2-rev8/instruments/30-apply-revision-8.py	ext	647	redirect	> for it is precondition **P-2** in §5.3. **Every row of the (b) table is therefore ungraded today**,
.softhouse/capture/t255-dec2-rev8/instruments/30-apply-revision-8.py	ext	648	redirect	> including the three `A2-224` / `A2-225` / `A2-092` message-for-message gradings, which exist as
.softhouse/capture/t255-dec2-rev8/instruments/30-apply-revision-8.py	ext	651	redirect	> "THE (b) COLUMN OF THIS TABLE CANNOT CURRENTLY BE WRITTEN DOWN". It CAN, and it is.** An
.softhouse/capture/t255-dec2-rev8/instruments/30-apply-revision-8.py	ext	652	redirect	> oracle-faithful refusal is now expressible and graded: the second schema carries
.softhouse/capture/t255-dec2-rev8/instruments/30-apply-revision-8.py	ext	654	redirect	> explicitly not a contract sentinel, and two such vectors pass on every run —
.softhouse/capture/t255-dec2-rev8/instruments/30-apply-revision-8.py	ext	656	redirect	> Debits must equal the sum of all Credits for a Journal Entry"*) and `LDG-REFUSE-02` (`403`,
.softhouse/capture/t255-dec2-rev8/instruments/30-apply-revision-8.py	ext	658	redirect	> at `a71c140`]. The harness labels them, in its own words, *"an HTTP status and error code the
.softhouse/capture/t255-dec2-rev8/instruments/30-apply-revision-8.py	ext	659	redirect	> ORACLE returned and a capture recorded — NOT a contract sentinel"*. **Precondition `P-2` was the
.softhouse/capture/t255-dec2-rev8/instruments/30-apply-revision-8.py	ext	660	redirect	> representation this block said was missing; it exists.**
.softhouse/capture/t255-dec2-rev8/instruments/30-apply-revision-8.py	ext	664	redirect	> mapping-not-found, duplicate mapping rows, the slot type check, the financial-activity
.softhouse/capture/t255-dec2-rev8/instruments/30-apply-revision-8.py	ext	665	redirect	> duplicate/invalid pairing, and the GL-account refusal family — **all of them reached through slot
.softhouse/capture/t255-dec2-rev8/instruments/30-apply-revision-8.py	ext	666	redirect	> resolution, and `capabilities-ledger.json` carries `ledger.slot.resolution` with
.softhouse/capture/t255-dec2-rev8/instruments/30-apply-revision-8.py	ext	669	redirect	> gradings still exist as **Go tests** against committed bytes and not as vectors. **What blocks
.softhouse/capture/t255-dec2-rev8/instruments/30-apply-revision-8.py	ext	670	redirect	> them now is a missing CAPTURE and a capability marked false, not a missing ENCODING** — and that
.softhouse/capture/t255-dec2-rev8/instruments/30-apply-revision-8.py	ext	671	redirect	> distinction is the difference between "nobody has done it" and "it cannot be done", which this
.softhouse/capture/t255-dec2-rev8/instruments/30-apply-revision-8.py	ext	672	redirect	> document has already been rejected once for collapsing (§5.1.1).""",
.softhouse/capture/t255-dec2-rev8/instruments/30-apply-revision-8.py	ext	779	redirect	> THE OLD CLAIM IN QUOTATION MARKS.** This section was written while `gerege.ledger.vector/v1` did
.softhouse/capture/t255-dec2-rev8/instruments/30-apply-revision-8.py	ext	780	redirect	> not exist, and its heading and its *"not built here … nor anywhere else either"* framing are
.softhouse/capture/t255-dec2-rev8/instruments/30-apply-revision-8.py	ext	781	redirect	> preserved as the record of the DECISION, not as a statement of today's world. `A2-15` built it;
.softhouse/capture/t255-dec2-rev8/instruments/30-apply-revision-8.py	ext	782	redirect	> six vectors are promoted and green [MEASURED by `T255` at `a71c140`].
.softhouse/capture/t255-dec2-rev8/instruments/30-apply-revision-8.py	ext	784	redirect	> one word of them moves. They are the standard `A2-15`'s work is to be judged against, and §5.3's
.softhouse/capture/t255-dec2-rev8/instruments/30-apply-revision-8.py	ext	785	redirect	> revision-7 note records that no task has yet re-derived that each was met.""",
.softhouse/capture/t255-dec2-rev8/instruments/30-apply-revision-8.py	ext	800	redirect	> at `a71c140`]. **The table below is UNCHANGED — no row, no identifier, no order, no DEPENDS-ON
.softhouse/capture/t255-dec2-rev8/instruments/30-apply-revision-8.py	ext	801	redirect	> cell, and no `why` — because these are OBLIGATIONS and revisions 7 and 8 change no obligation.**
.softhouse/capture/t255-dec2-rev8/instruments/30-apply-revision-8.py	ext	802	redirect	> What is corrected is the *factual* summary that used to follow the table, which said **"Nine open,
.softhouse/capture/t255-dec2-rev8/instruments/30-apply-revision-8.py	ext	803	redirect	> one landed"**; that is false at this commit.
.softhouse/capture/t255-dec2-rev8/instruments/30-apply-revision-8.py	ext	806	redirect	> P-10 by name** — its `SchemaV1`, `Request`, `Refusal`, `ClassOracleRefusal`, `SchemaContexts` and
.softhouse/capture/t255-dec2-rev8/instruments/30-apply-revision-8.py	ext	809	redirect	> the two that a declaration alone could not: `P-4`'s comparator graded **70 ledger cells**, and
.softhouse/capture/t255-dec2-rev8/instruments/30-apply-revision-8.py	ext	813	redirect	> 7 drafted**, under the citation rule at the head of this document: eleven perishable line numbers
.softhouse/capture/t255-dec2-rev8/instruments/30-apply-revision-8.py	ext	814	redirect	> in one bracket is eleven chances to be wrong about nothing.
.softhouse/capture/t255-dec2-rev8/instruments/30-apply-revision-8.py	ext	819	redirect	> negative, not an error swallowed — `P-80`), across the tracked files of that package, while every
.softhouse/capture/t255-dec2-rev8/instruments/30-apply-revision-8.py	ext	820	redirect	> one of its nine siblings `P-1`…`P-4` and `P-6`…`P-10` is found by the identical probe. Its
.softhouse/capture/t255-dec2-rev8/instruments/30-apply-revision-8.py	ext	821	redirect	> substance is present and measurable (21 money cells, `int64` minor-unit strings paired with the
.softhouse/capture/t255-dec2-rev8/instruments/30-apply-revision-8.py	ext	822	redirect	> oracle's own emitted characters as a transcription cross-check), but the marker every other
.softhouse/capture/t255-dec2-rev8/instruments/30-apply-revision-8.py	ext	823	redirect	> precondition carries is absent.
.softhouse/capture/t255-dec2-rev8/instruments/30-apply-revision-8.py	ext	825	redirect	> NEITHER DOES REVISION 8.** That is a review of `A2-15`'s work; nobody has done it, and asserting it
.softhouse/capture/t255-dec2-rev8/instruments/30-apply-revision-8.py	ext	826	redirect	> inside a ratified contract on the strength of source declarations would be a fresh unsupported
.softhouse/capture/t255-dec2-rev8/instruments/30-apply-revision-8.py	ext	827	redirect	> inference of exactly the class that rejected this document three times. `FU-T247-3` files the
.softhouse/capture/t255-dec2-rev8/instruments/30-apply-revision-8.py	ext	828	redirect	> re-derivation. **A ratifier must read this note as "the preconditions were addressed and the corpus
.softhouse/capture/t255-dec2-rev8/instruments/30-apply-revision-8.py	ext	829	redirect	> is green", never as "P-1…P-10 are discharged".**""",
.softhouse/capture/t255-dec2-rev8/instruments/30-apply-revision-8.py	ext	1081	redirect	> requires and §4.4.1 **records as not existing**"* [VERIFIED by `A2-28` at commit `2e97162`].
.softhouse/capture/t255-dec2-rev8/instruments/30-apply-revision-8.py	ext	1082	redirect	> Harmless today, and it will mislead the next reader who follows it into DEC-2. It is `A2-25`'s
.softhouse/capture/t255-dec2-rev8/instruments/30-apply-revision-8.py	ext	1083	redirect	> FU-A2-25-2 and it is **out of this task's scope** — `A2-28` touched no harness file.""",
.softhouse/capture/t255-dec2-rev8/instruments/30-apply-revision-8.py	ext	1086	redirect	> and §4.4.1 **records as not existing**"* [VERIFIED by `A2-28` at commit `2e97162`; the line
.softhouse/capture/t255-dec2-rev8/instruments/30-apply-revision-8.py	ext	1087	redirect	> numbers are preserved as A2-28 wrote them and are stale — this is a HISTORY quotation, which
.softhouse/capture/t255-dec2-rev8/instruments/30-apply-revision-8.py	ext	1088	redirect	> revision 8's citation rule exempts]. It was `A2-25`'s FU-A2-25-2 and out of `A2-28`'s scope.
.softhouse/capture/t255-dec2-rev8/instruments/30-apply-revision-8.py	ext	1090	redirect	> returns **0 matches, exit 1** — a REAL measured negative, not an error read as an absence
.softhouse/capture/t255-dec2-rev8/instruments/30-apply-revision-8.py	ext	1092	redirect	> mirror image of this document's own defect: **a follow-up that is discharged silently is as hard
.softhouse/capture/t255-dec2-rev8/instruments/30-apply-revision-8.py	ext	1093	redirect	> to trust as a claim that goes stale silently.** `FU-A2-25-2` is CLOSED.""",
.softhouse/capture/t255-dec2-rev8/instruments/50-red-drive.py	ext	10	redirect	R0  CALIBRATION      unperturbed scratch                -> both checkers agree
.softhouse/capture/t255-dec2-rev8/instruments/50-red-drive.py	ext	13	redirect	-> LINE NUMBERS ROT
.softhouse/capture/t255-dec2-rev8/instruments/50-red-drive.py	ext	14	redirect	-> ANCHORS DO NOT
.softhouse/capture/t255-dec2-rev8/instruments/50-red-drive.py	ext	15	redirect	R2  the ANCHORED THING is renamed                        -> ANCHOR ROT (bites)
.softhouse/capture/t255-dec2-rev8/instruments/50-red-drive.py	ext	16	redirect	R3  an anchor's text is DUPLICATED                       -> AMBIGUOUS (bites)
.softhouse/capture/t255-dec2-rev8/instruments/50-red-drive.py	ext	17	redirect	R4  a guard is REMOVED from run_guards                   -> DERIVED count fails
.softhouse/capture/t255-dec2-rev8/instruments/50-red-drive.py	ext	18	redirect	R5  two guards are REORDERED in run_guards               -> DERIVED order fails
.softhouse/capture/t255-dec2-rev8/instruments/50-red-drive.py	ext	19	redirect	R6  the document's own [DERIVED: ...] token is edited    -> DERIVED value fails
.softhouse/capture/t255-dec2-rev8/instruments/50-red-drive.py	ext	175	redirect	got = body[n - 1] if n <= len(body) else "<beyond EOF>"
.softhouse/capture/t255-dec2-rev8/instruments/50-red-drive.py	ext	224	redirect	"expected: fence != source, invoked 8->7, tallied 7->6, ordinal shifts")
.softhouse/capture/t255-dec2-rev8/instruments/50-red-drive.py	ext	266	py-rmtree	shutil.rmtree(tmp, ignore_errors=True)
.softhouse/capture/t255-dec2-rev8/instruments/55-real-t253-collision.py	ext	96	redirect	print("    -> exit %d" % anchors_rc)
.softhouse/capture/t255-dec2-rev8/instruments/55-real-t253-collision.py	ext	111	redirect	print("    -> exit %d" % proc2.returncode)
.softhouse/capture/t255-dec2-rev8/instruments/55-real-t253-collision.py	ext	113	py-rmtree	shutil.rmtree(tmp, ignore_errors=True)
.softhouse/capture/t255-dec2-rev8/instruments/60-obligation-diff.py	ext	93	redirect	"> exists. Ratification is not coverage, and this document must never be cited as though it were.":
.softhouse/capture/t255-dec2-rev8/instruments/60-obligation-diff.py	ext	172	redirect	ref = sys.argv[1] if len(sys.argv) > 1 else "HEAD"
.softhouse/capture/t256-toolchain-population/instruments/10-population-census.sh	ext+execbit	35	rm	trap 'rm -rf "$WORK"' EXIT HUP INT TERM QUIT
.softhouse/capture/t256-toolchain-population/instruments/10-population-census.sh	ext+execbit	74	redirect	match_or_die "$L1" | sort > "$WORK"/t256-L1.txt
.softhouse/capture/t256-toolchain-population/instruments/10-population-census.sh	ext+execbit	75	redirect	match_or_die "$L2" | sort > "$WORK"/t256-L2.txt
.softhouse/capture/t256-toolchain-population/instruments/10-population-census.sh	ext+execbit	76	redirect	sort -u "$WORK"/t256-L1.txt "$WORK"/t256-L2.txt > "$WORK"/t256-union.txt
.softhouse/capture/t256-toolchain-population/instruments/10-population-census.sh	ext+execbit	121	truncate	: > "$WORK"/t256-live.txt ; : > "$WORK"/t256-arch.txt ; : > "$WORK"/t256-prose.txt ; : > "$WORK"/t256-other.txt
.softhouse/capture/t256-toolchain-population/instruments/10-population-census.sh	ext+execbit	183	redirect	echo "  selector : grep -rl -F <basename> over [$LIVE_SURFACE]"
.softhouse/capture/t256-toolchain-population/instruments/30-portability-red-drive.sh	ext+execbit	63	rm	trap 'rm -rf "$SCRATCH"' EXIT HUP INT TERM QUIT
.softhouse/capture/t256-toolchain-population/instruments/30-portability-red-drive.sh	ext+execbit	109	redirect	out="$(cd "$d" && eval "$ACT" >/dev/null 2>"$SCRATCH/e1" ; printf 'src=%s|go=%s|root=%s' \
.softhouse/capture/t256-toolchain-population/instruments/30-portability-red-drive.sh	ext+execbit	113	redirect	echo "    -> $out"
.softhouse/capture/t256-toolchain-population/instruments/30-portability-red-drive.sh	ext+execbit	151	redirect	cat > "$OFF/.softhouse/bin/go-env.sh" <<OLDBODY
.softhouse/capture/t256-toolchain-population/instruments/30-portability-red-drive.sh	ext+execbit	179	redirect	( cd "$REPO" && eval "$ACT" >/dev/null 2>&1 ; command -v go ) > "$SCRATCH/realgo" 2>/dev/null
.softhouse/capture/t256-toolchain-population/instruments/30-portability-red-drive.sh	ext+execbit	182	redirect	printf '#!/bin/sh\nexec "%s" "$@"\n' "$REAL_GO" > "$SHIM/go"
.softhouse/capture/t256-toolchain-population/instruments/30-portability-red-drive.sh	ext+execbit	195	redirect	&& eval "$ACT" >"$SCRATCH/out" 2>"$SCRATCH/err"
.softhouse/capture/t256-toolchain-population/instruments/30-portability-red-drive.sh	ext+execbit	231	redirect	&& eval "$ACT" >/dev/null 2>&1 \
.softhouse/capture/t256-toolchain-population/instruments/30-portability-red-drive.sh	ext+execbit	234	redirect	echo "  go build ./... in the scratch nexus -> rc=$brc"
.softhouse/capture/t256-toolchain-population/instruments/30-portability-red-drive.sh	ext+execbit	264	redirect	echo "  check-ledger-invariants.sh -> rc=$grc"
.softhouse/capture/t256-toolchain-population/instruments/30-portability-red-drive.sh	ext+execbit	298	redirect	( cd "$NOGIT" && eval "$ACT" ) >"$SCRATCH/out" 2>"$SCRATCH/err"
.softhouse/capture/t256-verdict-predicate/census_verdict_shape.py	ext	36	redirect	def main() -> int:
.softhouse/capture/t256-verdict-predicate/census_verdict_shape.py	ext	42	redirect	if p.stat().st_size > 8_000_000:
.softhouse/capture/t256-verdict-predicate/census_verdict_shape.py	ext	82	redirect	print(f"    {dis:>3}  rows={nrows:<4} {name}{flag}")
.softhouse/capture/t256-verdict-predicate/check_verdict_predicate_agreement.py	ext	52	redirect	T259-VPA: <STATE> files=.. rows=.. predicates=.. disagreements=.. acknowledged=..
.softhouse/capture/t256-verdict-predicate/check_verdict_predicate_agreement.py	ext	73	redirect	def repo_root() -> Path:
.softhouse/capture/t256-verdict-predicate/check_verdict_predicate_agreement.py	ext	86	redirect	def sha256_of(path: Path) -> str:
.softhouse/capture/t256-verdict-predicate/check_verdict_predicate_agreement.py	ext	90	redirect	def is_verdict_key(k: str) -> bool:
.softhouse/capture/t256-verdict-predicate/check_verdict_predicate_agreement.py	ext	115	redirect	def row_label(ck, i, row) -> str:
.softhouse/capture/t256-verdict-predicate/check_verdict_predicate_agreement.py	ext	151	redirect	if len(head) > 1 and head[1:].isdigit():
.softhouse/capture/t256-verdict-predicate/check_verdict_predicate_agreement.py	ext	179	redirect	def check_file(path: Path, reg, ack, rep: Report) -> None:
.softhouse/capture/t256-verdict-predicate/check_verdict_predicate_agreement.py	ext	260	redirect	def main(argv=None) -> int:
.softhouse/capture/t256-verdict-predicate/lint_failopen_t259.py	ext	74	redirect	def main() -> int:
.softhouse/capture/t256-verdict-predicate/red/drive-red.sh	ext+execbit	21	rm	trap 'rm -rf "$TMP"' EXIT
.softhouse/capture/t256-verdict-predicate/red/drive-red.sh	ext+execbit	55	redirect	python3 "$@" >"$out" 2>&1 || rc=$?
.softhouse/capture/t256-verdict-predicate/red/drive-red.sh	ext+execbit	89	redirect	printf '%s' "$probe" >"$TMP/.probe"
.softhouse/capture/t256-verdict-predicate/red/drive-red.sh	ext+execbit	159	redirect	python3 "$CHK" "$REAL" >"$TMP/L2.out"
.softhouse/capture/t256-verdict-predicate/red/drive-red.sh	ext+execbit	204	redirect	python3 "$DIR/lint_failopen_t259.py" "$DIR" >"$TMP/lint.out" 2>&1 || SRC=$?
.softhouse/capture/t256-verdict-predicate/red/drive-red.sh	ext+execbit	219	redirect	python3 "$DIR/lint_failopen_t259.py" "$TMP/planted" >"$TMP/lint2.out" 2>&1 || SRC2=$?
.softhouse/capture/t256-verdict-predicate/red/mutate_one_predicate.py	ext	37	redirect	print(f"mutated {row_id}.{key} True -> False; wrote {dst}")
.softhouse/capture/t256-verdict-predicate/rederive_counts_t259.py	ext	44	redirect	def stamp(path: Path) -> dict:
.softhouse/capture/t256-verdict-predicate/rederive_counts_t259.py	ext	62	redirect	def _repo_root() -> Path:
.softhouse/capture/t256-verdict-predicate/rederive_counts_t259.py	ext	71	redirect	def float_token_census(path: Path) -> tuple:
.softhouse/capture/t256-verdict-predicate/rederive_counts_t259.py	ext	79	redirect	def main() -> int:
.softhouse/capture/t256-verdict-predicate/rederive_counts_t259.py	ext	109	redirect	return str(c.get("verdict", "<ABSENT>")).strip().upper()
.softhouse/capture/t256-verdict-predicate/rederive_counts_t259.py	ext	157	redirect	print(f"    -> corrected form HOLDS on {agree} of {len(present)} carriers, "
.softhouse/capture/t271-b1-t219/compare_sections_t271.py	ext+execbit	16	redirect	def main() -> int:
.softhouse/capture/t271-b1-t219/compare_sections_t271.py	ext+execbit	18	redirect	print(f"usage: {Path(sys.argv[0]).name} <section> <fileA> <fileB>", file=sys.stderr)
.softhouse/capture/t271-b1-t219/independent_recheck_t271.py	ext	32	redirect	T271-INDEP: <STATE> carriers=.. agreeREG=.. agreeCORR=.. agreeUNCOND=.. structureHolds=..
.softhouse/capture/t271-b1-t219/independent_recheck_t271.py	ext	60	redirect	def m(v) -> int:
.softhouse/capture/t271-b1-t219/independent_recheck_t271.py	ext	76	redirect	def main(argv=None) -> int:
.softhouse/capture/t271-b1-t219/independent_recheck_t271.py	ext	98	truncate	hdr = (f"{'id':<26}{'n':>6}{'E_row1':>8}{'E_modal':>8}{'B':>6}{'P':>7}{'sumTot':>10}"
.softhouse/capture/t271-b1-t219/independent_recheck_t271.py	ext	99	truncate	f"{'hdrTot':>10}{'interest':>10}  {'REG':<6}{'CORR':<6}{'UNCOND':<7}{'STRUCT':<7}"
.softhouse/capture/t271-b1-t219/independent_recheck_t271.py	ext	151	redirect	print(f"{cid:<26}{n:>6}{e_row1:>8}{e_modal:>8}{B:>6}{sumPri:>7}{sumTot:>10}"
.softhouse/capture/t271-b1-t219/independent_recheck_t271.py	ext	152	redirect	f"{hdrTot:>10}{sumItr:>10}  {str(REG):<6}{str(CORR):<6}{str(UNCOND):<7}"
.softhouse/capture/t271-b1-t219/probe_tmp_dependency_t271.sh	ext	107	redirect	printf 'x1y\nxdy\nx y\nxsy\nx_y\nxwy\n' > "$TARGET"
.softhouse/capture/t271-b1-t219/probe_tmp_dependency_t271.sh	ext	109	rm	rm -f "$TARGET"
.softhouse/capture/t271-b1-t219/probe_tmp_dependency_t271.sh	ext	135	redirect	FAILOPEN_LINT_JSON="$json" python3 "$LINT" >"$out" 2>&1 || lrc=$?
.softhouse/capture/t271-b1-t219/probe_tmp_dependency_t271.sh	ext	138	rm	rm -f "$out" "$json"
.softhouse/capture/t271-b1-t219/probe_tmp_dependency_t271.sh	ext	142	rm	rm -f "$out" "$json"
.softhouse/capture/t271-b1-t219/probe_tmp_dependency_t271.sh	ext	160	rm	rm -f "$TARGET"
.softhouse/capture/t271-b1-t219/probe_tmp_dependency_t271.sh	ext	167	redirect	printf 'x1y\nxdy\nx y\nxsy\nx_y\nxwy\n' > "$TARGET"
.softhouse/capture/t271-b1-t219/probe_tmp_dependency_t271.sh	ext	174	rm	rm -f "$TARGET"
.softhouse/capture/t271-b1-t219/prove_comment_only.sh	ext+execbit	50	redirect	git -C "$ROOT" cat-file blob "$PRE_BLOB" > "$WORK/classify_pre.py"
.softhouse/capture/t271-b1-t219/prove_comment_only.sh	ext+execbit	55	rm	rm -rf "$WORK"
.softhouse/capture/t271-b1-t219/prove_comment_only.sh	ext+execbit	59	redirect	( cd "$T219" && python3 "$WORK/classify_pre.py" "$RAW" prediction.json "$REF3G" ) > "$WORK/out_pre.json"
.softhouse/capture/t271-b1-t219/prove_comment_only.sh	ext+execbit	60	redirect	( cd "$T219" && python3 src/classify_t219.py    "$RAW" prediction.json "$REF3G" ) > "$WORK/out_post.json"
.softhouse/capture/t271-b1-t219/prove_comment_only.sh	ext+execbit	80	rm	rm -rf "$WORK"
.softhouse/capture/t271-b1-t219/prove_comment_only.sh	ext+execbit	97	rm	rm -rf "$WORK"
.softhouse/capture/t271-b1-t219/prove_comment_only.sh	ext+execbit	101	rm	rm -rf "$WORK"
.softhouse/capture/t271-b1-t219/reconcile_probes_t271.py	ext	57	redirect	def main() -> int:
.softhouse/capture/t271-b1-t219/red/drive-red-t271.py	ext+execbit	25	redirect	exits 0 with rows>0.
.softhouse/capture/t271-b1-t219/red/drive-red-t271.py	ext+execbit	45	redirect	T271-REDGREEN: <STATE> legs=.. passed=.. failed=.. fwdCompat=<RAN|SKIPPED> fwdFailed=..
.softhouse/capture/t271-b1-t219/red/drive-red-t271.py	ext+execbit	68	redirect	PROBE_RE = re.compile(r"^T259-VPA: (?P<state>\S+) (?P<rest>.*)$", re.M)
.softhouse/capture/t271-b1-t219/red/drive-red-t271.py	ext+execbit	75	redirect	def probe_fields(out: str) -> dict:
.softhouse/capture/t271-b1-t219/red/drive-red-t271.py	ext+execbit	87	redirect	def run_rule(rule_path: Path, ack: Path, targets) -> tuple:
.softhouse/capture/t271-b1-t219/red/drive-red-t271.py	ext+execbit	104	redirect	def main() -> int:
.softhouse/capture/t271-b1-t219/red/drive-red-t271.py	ext+execbit	258	redirect	line = next((l for l in out.splitlines() if l.startswith(RUNNER_PROBE)), "<none>")
.softhouse/capture/t271-b1-t219/red/drive-red-t271.py	ext+execbit	291	py-rmtree	shutil.rmtree(work, ignore_errors=True)
.softhouse/capture/t271-b1-t219/rederive_t219_carriers.py	ext+execbit	38	redirect	T271-REDERIVE: <STATE> carriers=.. reproduced=.. agreeREG=.. agreeCORR=.. agreeUNCOND=..
.softhouse/capture/t271-b1-t219/rederive_t219_carriers.py	ext+execbit	66	redirect	def minor(v) -> int:
.softhouse/capture/t271-b1-t219/rederive_t219_carriers.py	ext+execbit	76	redirect	def require_int(name: str, v) -> int:
.softhouse/capture/t271-b1-t219/rederive_t219_carriers.py	ext+execbit	82	redirect	def rederive(cap) -> dict:
.softhouse/capture/t271-b1-t219/rederive_t219_carriers.py	ext+execbit	114	redirect	def main(argv=None) -> int:
.softhouse/capture/t271-b1-t219/rederive_t219_carriers.py	ext+execbit	243	truncate	hdr = (f"{'id':<26}{'n':>6}{'E':>7}{'B':>7}{'P':>7}{'totRep':>10}{'nE+B':>10}"
.softhouse/capture/t271-b1-t219/rederive_t219_carriers.py	ext+execbit	244	truncate	f"{'nE+B-P':>10}{'interest':>10}  {'REG':<6}{'CORR':<6}{'UNCND':<6}{'STRUCT':<7}"
.softhouse/capture/t271-b1-t219/rederive_t219_carriers.py	ext+execbit	249	truncate	print(f"{r['id']:<26}{r['n']:>6}{r['E_obs']:>7}{r['B']:>7}{r['P_rep']:>7}"
.softhouse/capture/t271-b1-t219/rederive_t219_carriers.py	ext+execbit	250	truncate	f"{r['totalRep']:>10}{r['nE_B']:>10}{r['nE_B_minus_P']:>10}{r['interest']:>10}  "
.softhouse/capture/t271-b1-t219/rederive_t219_carriers.py	ext+execbit	276	redirect	print(f"    emiDifference {r['emiDiff']} vs B {r['B']}  -> P2_emiDifferenceEqualsB false")
.softhouse/capture/t271-b1-t219/rederive_t219_carriers.py	ext+execbit	279	redirect	print( "    => the EMI-plus-balloon structure the registered form presumes DOES NOT HOLD:")
.softhouse/capture/t271-b1-t219/rederive_t219_carriers.py	ext+execbit	283	redirect	f" == {r['interest']}  -> {r['UNCOND']}")
.softhouse/capture/t271-b1-t219/run.sh	ext+execbit	98	redirect	> "$CENSUS_OUT" 2>&1 || RC=$?
.softhouse/capture/t271-b1-t219/run_rvpa_over_targets.py	ext+execbit	33	redirect	T271-TARGETS: <STATE> targets=.. inspected=.. ruleExit=..
.softhouse/capture/t271-b1-t219/run_rvpa_over_targets.py	ext+execbit	52	redirect	def repo_root(start: Path) -> Path:
.softhouse/capture/t271-b1-t219/run_rvpa_over_targets.py	ext+execbit	65	redirect	def main(argv=None) -> int:
.softhouse/capture/t271-b1-t219/run_rvpa_over_targets.py	ext+execbit	140	py-rmtree	merged_path.unlink()
.softhouse/capture/t272-goenv-graft/instruments/10-locate-cloud-arm.sh	ext	102	redirect	echo "  (rc 0 = hit, rc 1 = no match, rc >1 = ERROR and this loop aborts rather than skipping)"
.softhouse/capture/t272-goenv-graft/instruments/10-locate-cloud-arm.sh	ext	106	redirect	git grep -l "$NEEDLE" "$r" -- '.softhouse/bin/go-env.sh' >/dev/null 2>&1
.softhouse/capture/t272-goenv-graft/instruments/10-locate-cloud-arm.sh	ext	111	redirect	*) echo "  ABORT: \`git grep\` exited $grc on $r. >1 is an ERROR, not a no-match, and a"
.softhouse/capture/t272-goenv-graft/instruments/10-locate-cloud-arm.sh	ext	171	redirect	echo "  cloud go-env.sh:159-167  the GEREGE_GO_STRICT arm      -> GRAFTED (T272 D-1)"
.softhouse/capture/t272-goenv-graft/instruments/10-locate-cloud-arm.sh	ext	172	redirect	echo "  cloud GEREGE_GO_SOURCE   richer value (path in token)   -> SEE T272 D-3 (deviation,"
.softhouse/capture/t272-goenv-graft/instruments/10-locate-cloud-arm.sh	ext	175	redirect	echo "  mac   go-env.sh:153-156  the stale-GOROOT drop          -> KEPT; graft goes AFTER it"
.softhouse/capture/t272-goenv-graft/instruments/10-locate-cloud-arm.sh	ext	178	redirect	echo "negative it did not measure: rc 1 is labelled rc 1, and rc >1 aborts at exit 3."
.softhouse/capture/t272-goenv-graft/instruments/20-strict-drive.sh	ext	42	rm	trap 'rm -rf "$SCRATCH"' EXIT HUP INT TERM QUIT
.softhouse/capture/t272-goenv-graft/instruments/20-strict-drive.sh	ext	49	redirect	if ! git -C "$REPO" show "$BASE_REF:.softhouse/bin/go-env.sh" >"$OLD" 2>"$SCRATCH/showerr"; then
.softhouse/capture/t272-goenv-graft/instruments/20-strict-drive.sh	ext	63	redirect	' "$NEW" >"$INERT"
.softhouse/capture/t272-goenv-graft/instruments/20-strict-drive.sh	ext	73	redirect	REAL_GO="$( . "$NEW" >/dev/null 2>&1; command -v go || true )"
.softhouse/capture/t272-goenv-graft/instruments/20-strict-drive.sh	ext	76	redirect	printf '#!/bin/sh\nexec "%s" "$@"\n' "$REAL_GO" >"$SHIM/go"; chmod +x "$SHIM/go"
.softhouse/capture/t272-goenv-graft/instruments/20-strict-drive.sh	ext	158	redirect	&& . "$OFF/.softhouse/bin/go-env.sh" >/dev/null 2>&1 \
.softhouse/capture/t272-goenv-graft/instruments/20-strict-drive.sh	ext	160	redirect	echo "  go build ./... in the scratch nexus -> rc=$brc"
.softhouse/capture/t272-goenv-graft/instruments/20-strict-drive.sh	ext	237	redirect	echo "  strict=1, a shim go on PATH: check-ledger-invariants.sh -> rc=$gr1"
.softhouse/capture/t272-goenv-graft/instruments/20-strict-drive.sh	ext	250	redirect	echo "  strict=1, NO go on PATH:     check-ledger-invariants.sh -> rc=$gr2"
.softhouse/capture/t272-goenv-graft/instruments/20-strict-drive.sh	ext	274	redirect	echo "  --- stderr delta on the fallback arm (old -> new), which must be ADDITIVE only ---"
.softhouse/capture/t272-goenv-graft/instruments/50-shells-and-build.sh	ext	17	redirect	if command -v "$sh" >/dev/null 2>&1; then
.softhouse/capture/t272-goenv-graft/instruments/50-shells-and-build.sh	ext	27	redirect	command -v "$sh" >/dev/null 2>&1 || { echo "  $sh : absent"; continue; }
.softhouse/capture/t272-goenv-graft/instruments/50-shells-and-build.sh	ext	33	redirect	hr; echo "(2) SOURCED in each shell, toolchain ABSENT, GEREGE_GO_STRICT=1 -> rc 2, src=refused"
.softhouse/capture/t272-goenv-graft/instruments/50-shells-and-build.sh	ext	34	rm	SCRATCH="$(mktemp -d)"; trap 'rm -rf "$SCRATCH"' EXIT HUP INT TERM QUIT
.softhouse/capture/t272-goenv-graft/instruments/50-shells-and-build.sh	ext	38	redirect	command -v "$sh" >/dev/null 2>&1 || { echo "  $sh : absent"; continue; }
.softhouse/capture/t272-goenv-graft/instruments/50-shells-and-build.sh	ext	51	redirect	command -v "$sh" >/dev/null 2>&1 || { echo "  $sh : absent"; continue; }
.softhouse/capture/t272-goenv-graft/instruments/50-shells-and-build.sh	ext	53	redirect	"$sh" "$SCRATCH/off/.softhouse/bin/go-env.sh" >/dev/null 2>&1 )
.softhouse/capture/t272-goenv-graft/instruments/60-cloud-f3-reproduction.sh	ext+execbit	44	rm	trap 'rm -rf "$SCRATCH"' EXIT HUP INT TERM QUIT
.softhouse/capture/t272-goenv-graft/instruments/60-cloud-f3-reproduction.sh	ext+execbit	49	redirect	if ! git -C "$REPO" show "$CLOUD_REF:.softhouse/bin/go-env.sh" >"$CLOUD" 2>"$SCRATCH/showerr"; then
.softhouse/capture/t272-goenv-graft/instruments/60-cloud-f3-reproduction.sh	ext+execbit	65	redirect	REAL_GO="$( . "$NEW" >/dev/null 2>&1; command -v go || true )"
.softhouse/capture/t272-goenv-graft/instruments/60-cloud-f3-reproduction.sh	ext+execbit	68	redirect	printf '#!/bin/sh\nexec "%s" "$@"\n' "$REAL_GO" >"$SHIM/go"; chmod +x "$SHIM/go"
.softhouse/capture/t272-goenv-graft/instruments/60-cloud-f3-reproduction.sh	ext+execbit	108	redirect	( cd nexus && go build ./... >/dev/null 2>&1 ); _brc=$?
.softhouse/capture/t272-goenv-graft/instruments/60-cloud-f3-reproduction.sh	ext+execbit	118	redirect	echo "stale GOROOT: <scratch>/no-such-goroot  (never created; -d is false)"
.softhouse/capture/t273-residue/instruments/10-reproduce-residue-dependence.sh	ext+execbit	35	redirect	*) echo "T273: <residue-path> must be absolute; got '$RESIDUE'"; exit 2 ;;
.softhouse/capture/t273-residue/instruments/10-reproduce-residue-dependence.sh	ext+execbit	65	redirect	( FAILOPEN_LINT_JSON="$PARK/calib.json" python3 "$LINT" ) >"$calib" 2>&1
.softhouse/capture/t273-residue/instruments/10-reproduce-residue-dependence.sh	ext+execbit	88	redirect	echo "  ls $RESIDUE -> $(ls -la "$RESIDUE" 2>&1)"
.softhouse/capture/t273-residue/instruments/10-reproduce-residue-dependence.sh	ext+execbit	90	redirect	( FAILOPEN_LINT_JSON="$PARK/lint-$state.json" python3 "$LINT" ) >"$PARK/lint-$state.txt" 2>&1
.softhouse/capture/t273-residue/instruments/10-reproduce-residue-dependence.sh	ext+execbit	91	redirect	LC_ALL=C sed -n 's/^FAILOPEN-FRONTIER //p' "$PARK/lint-$state.txt" >"$PARK/f.raw"
.softhouse/capture/t273-residue/instruments/10-reproduce-residue-dependence.sh	ext+execbit	92	redirect	LC_ALL=C sort "$PARK/f.raw" >"$f"
.softhouse/capture/t273-residue/instruments/10-reproduce-residue-dependence.sh	ext+execbit	99	redirect	bash "$R/.softhouse/conformance.sh" >"$b" 2>&1
.softhouse/capture/t273-residue/instruments/10-reproduce-residue-dependence.sh	ext+execbit	123	redirect	{ printf 'x1y\nxdy\nx y\nxsy\nx_y\nxwy\n'; } >"$RESIDUE" || exit 2
.softhouse/capture/t273-residue/instruments/10-reproduce-residue-dependence.sh	ext+execbit	129	rm	rm -f "$RESIDUE" || exit 2
.softhouse/capture/t273-residue/instruments/10-reproduce-residue-dependence.sh	ext+execbit	138	rm	rm -rf "$PARK"
.softhouse/capture/t273-residue/instruments/40-selector-agreement.py	ext	54	redirect	if len(txt) > 4_000_000:
.softhouse/capture/t273-residue/instruments/40-selector-agreement.py	ext	61	redirect	if rc > 1:
.softhouse/capture/t273-residue/instruments/50-red-drive.sh	ext+execbit	41	git-restore	git checkout -- "$M1" "$M3" 2>/dev/null
.softhouse/capture/t273-residue/instruments/50-red-drive.sh	ext+execbit	42	rm	rm -f /tmp/t234_matrix2.txt
.softhouse/capture/t273-residue/instruments/50-red-drive.sh	ext+execbit	67	redirect	bar() {   # bar <tag>  -- run the BAR with the residue ABSENT and report the four signals
.softhouse/capture/t273-residue/instruments/50-red-drive.sh	ext+execbit	69	rm	rm -f /tmp/t234_matrix2.txt
.softhouse/capture/t273-residue/instruments/50-red-drive.sh	ext+execbit	70	redirect	bash "$R/.softhouse/conformance.sh" >"$log" 2>&1
.softhouse/capture/t273-residue/instruments/50-red-drive.sh	ext+execbit	90	redirect	bar control && echo "  => GREEN, as required before any negative below is believed (P-72)." \
.softhouse/capture/t273-residue/instruments/50-red-drive.sh	ext+execbit	91	redirect	|| echo "  => NOT GREEN. Every arm below is uninterpretable; stop and read the log."
.softhouse/capture/t273-residue/instruments/50-red-drive.sh	ext+execbit	101	git-restore	git checkout -- "$M1"
.softhouse/capture/t273-residue/instruments/50-red-drive.sh	ext+execbit	102	redirect	[ "$r1" -eq 2 ] && echo "  => R1 CAUGHT (exit 2). The tier detection survived the residue repair." \
.softhouse/capture/t273-residue/instruments/50-red-drive.sh	ext+execbit	103	redirect	|| echo "  => R1 NOT CAUGHT (exit $r1). THE FIX REMOVED THE DETECTION — that is worse than the defect."
.softhouse/capture/t273-residue/instruments/50-red-drive.sh	ext+execbit	112	git-restore	git checkout -- "$M1"
.softhouse/capture/t273-residue/instruments/50-red-drive.sh	ext+execbit	113	redirect	[ "$r2" -eq 2 ] && echo "  => R2 CAUGHT (exit 2). A new host-state site cannot enter the lint corpus silently." \
.softhouse/capture/t273-residue/instruments/50-red-drive.sh	ext+execbit	114	redirect	|| echo "  => R2 NOT CAUGHT (exit $r2). The new guard is inert."
.softhouse/capture/t273-residue/instruments/50-red-drive.sh	ext+execbit	119	inplace-edit	LC_ALL=C sed -i.t273bak 's%^C=/tmp/t158-clone$%C="$(mktemp -d "${TMPDIR:-/tmp}/t158-clone.XXXXXXXXXX")"%' "$M3"
.softhouse/capture/t273-residue/instruments/50-red-drive.sh	ext+execbit	120	rm	rm -f "$M3.t273bak"
.softhouse/capture/t273-residue/instruments/50-red-drive.sh	ext+execbit	124	git-restore	git checkout -- "$M3"
.softhouse/capture/t273-residue/instruments/50-red-drive.sh	ext+execbit	125	redirect	[ "$r3" -eq 2 ] && echo "  => R3 CAUGHT (exit 2). A '-' row refuses: the pin cannot outlive the weakness." \
.softhouse/capture/t273-residue/instruments/50-red-drive.sh	ext+execbit	126	redirect	|| echo "  => R3 NOT CAUGHT (exit $r3). The pin would quietly excuse a repaired site."
.softhouse/capture/t273-residue/instruments/60-outside-repo-state-sweep.py	ext	62	redirect	("C-TMP-ASSIGN the guarded shape: NAME=<shared-temp path>",
.softhouse/capture/t273-residue/instruments/70-citation-rot-check.sh	ext+execbit	23	redirect	git rev-parse --verify -q "$BASE^{commit}" >/dev/null || { echo "T273: no such revision: $BASE"; exit 2; }
.softhouse/capture/t273-residue/instruments/70-citation-rot-check.sh	ext+execbit	26	rm	trap 'rm -rf "$W"' EXIT
.softhouse/capture/t273-residue/instruments/70-citation-rot-check.sh	ext+execbit	28	redirect	git show "$BASE:.softhouse/conformance.sh" >"$W/base.sh" || exit 2
.softhouse/capture/t273-residue/instruments/70-citation-rot-check.sh	ext+execbit	29	redirect	git show "HEAD:.softhouse/conformance.sh"  >"$W/head.sh" || exit 2
.softhouse/capture/t273-residue/instruments/70-citation-rot-check.sh	ext+execbit	36	redirect	git grep -h -o -E 'conformance\.sh:[0-9]+(-[0-9]+)?' -- '*.md' '*.sh' '*.py' '*.json' >"$W/cites.raw"
.softhouse/capture/t273-residue/instruments/70-citation-rot-check.sh	ext+execbit	41	redirect	LC_ALL=C sed -e 's/^conformance\.sh://' -e 's/-/ /' "$W/cites.raw" >"$W/nums.raw"
.softhouse/capture/t273-residue/instruments/70-citation-rot-check.sh	ext+execbit	42	truncate	: >"$W/nums"
.softhouse/capture/t273-residue/instruments/70-citation-rot-check.sh	ext+execbit	47	redirect	LC_ALL=C sort -n -u "$W/nums" >"$W/nums.uniq"
.softhouse/capture/t274-attestation-failopen/baseline/oracle_send.sh	ext	101	rm	trap 'rm -rf "$os_tmpd"' EXIT HUP INT TERM QUIT
.softhouse/capture/t274-attestation-failopen/baseline/oracle_send.sh	ext	107	rm	cp "$os_body" "$os_tmpreq" || { rm -rf "$os_tmpd"; trap - EXIT; return 2; }
.softhouse/capture/t274-attestation-failopen/baseline/oracle_send.sh	ext	143	rm	rm -rf "$os_tmpd"
.softhouse/capture/t274-attestation-failopen/baseline/oracle_send.sh	ext	152	redirect	if command -v shasum >/dev/null 2>&1; then
.softhouse/capture/t274-attestation-failopen/baseline/oracle_send.sh	ext	153	rm	os_sha=$(shasum -a 256 "$os_tmpreq") || { rm -rf "$os_tmpd"; trap - EXIT; return 2; }
.softhouse/capture/t274-attestation-failopen/baseline/oracle_send.sh	ext	155	rm	os_sha=$(sha256sum "$os_tmpreq") || { rm -rf "$os_tmpd"; trap - EXIT; return 2; }
.softhouse/capture/t274-attestation-failopen/baseline/oracle_send.sh	ext	158	rm	mv "$os_tmpreq" "$os_req" || { rm -rf "$os_tmpd"; trap - EXIT; return 2; }
.softhouse/capture/t274-attestation-failopen/baseline/oracle_send.sh	ext	159	redirect	printf '%s  %s\n' "$os_sha" "$os_name.req" > "$os_reqsha"
.softhouse/capture/t274-attestation-failopen/baseline/oracle_send.sh	ext	178	rm	rm -f "$os_http" "$os_reqhdr" "$os_req" "$os_reqsha"
.softhouse/capture/t274-attestation-failopen/baseline/oracle_send.sh	ext	179	rm	rm -rf "$os_tmpd"
.softhouse/capture/t274-attestation-failopen/baseline/oracle_send.sh	ext	184	rm	mv "$os_tmpbody" "$os_out" || { rm -rf "$os_tmpd"; trap - EXIT; return 2; }
.softhouse/capture/t274-attestation-failopen/baseline/oracle_send.sh	ext	185	redirect	echo "$os_code" > "$os_status"
.softhouse/capture/t274-attestation-failopen/baseline/oracle_send.sh	ext	191	redirect	--sidecar "$os_http" --headers "$os_reqhdr" --req "$os_derive_body" >/dev/null; then
.softhouse/capture/t274-attestation-failopen/baseline/oracle_send.sh	ext	195	rm	rm -rf "$os_tmpd"
.softhouse/capture/t274-attestation-failopen/baseline/oracle_send.sh	ext	200	rm	rm -rf "$os_tmpd"
.softhouse/capture/t274-attestation-failopen/baseline/wire_attestation.py	ext	47	redirect	consistently -> you have forged a matched artefact set, which is what the
.softhouse/capture/t274-attestation-failopen/baseline/wire_attestation.py	ext	77	redirect	SEND_HEADER_RE = re.compile(r"^=> Send header, (\d+) bytes")
.softhouse/capture/t274-attestation-failopen/baseline/wire_attestation.py	ext	110	redirect	o2 == o1 + len(c1)       -> c2 CONTINUES c1  (no CRLF between them)
.softhouse/capture/t274-attestation-failopen/baseline/wire_attestation.py	ext	111	redirect	o2 == o1 + len(c1) + 2   -> c2 is a NEW line (a CRLF was sent)
.softhouse/capture/t274-attestation-failopen/baseline/wire_attestation.py	ext	115	redirect	itself declared in `=> Send header, N bytes`; a block that does not total N
.softhouse/capture/t274-attestation-failopen/baseline/wire_attestation.py	ext	118	redirect	Refusing on a broken chain is also what makes a forged `=> Send header` block
.softhouse/capture/t274-attestation-failopen/baseline/wire_attestation.py	ext	186	redirect	"no `=> Send header` block in %s -- nothing was observed to be sent, "
.softhouse/capture/t274-attestation-failopen/baseline/wire_attestation.py	ext	203	redirect	return "%s: %s <redacted sha256:%s>" % (name, scheme, digest)
.softhouse/capture/t274-attestation-failopen/baseline/wire_attestation.py	ext	204	redirect	return "%s: <redacted sha256:%s>" % (name, digest)
.softhouse/capture/t274-attestation-failopen/baseline/wire_attestation.py	ext	270	redirect	extra.append("body: <none>")
.softhouse/capture/t274-attestation-failopen/instruments/10-four-routes-red-green.sh	ext	83	rm	rm -rf "$EV/red" "$EV/green"
.softhouse/capture/t274-attestation-failopen/instruments/10-four-routes-red-green.sh	ext	92	redirect	printf '%s' "$MARKER_TEXT" > "$d/ATTEST-TAMPERED-EVIDENCE"
.softhouse/capture/t274-attestation-failopen/instruments/10-four-routes-red-green.sh	ext	112	redirect	) > "$cap_out/capture.log" 2>&1
.softhouse/capture/t274-attestation-failopen/instruments/10-four-routes-red-green.sh	ext	128	redirect	> "$va_dir/verify.out" 2> "$va_dir/verify.err" || va_rc=$?
.softhouse/capture/t274-attestation-failopen/instruments/10-four-routes-red-green.sh	ext	137	redirect	> "$va_dir/verify.out" 2> "$va_dir/verify.err" || va_rc=$?
.softhouse/capture/t274-attestation-failopen/instruments/10-four-routes-red-green.sh	ext	176	redirect	printf '{"invalid":"deliberately-not-a-valid-office"}\n' > "$EV/req/bad-office.json"
.softhouse/capture/t274-attestation-failopen/instruments/10-four-routes-red-green.sh	ext	244	redirect	> "$d/verify.out" 2> "$d/verify.err" || rc=$?
.softhouse/capture/t274-attestation-failopen/instruments/10-four-routes-red-green.sh	ext	255	redirect	> "$d/verify.out" 2> "$d/verify.err" || rc=$?
.softhouse/capture/t274-attestation-failopen/instruments/10-four-routes-red-green.sh	ext	256	redirect	judge green P2 2 "$rc" "schema line deleted + response swapped -> REFUSE, not pass"
.softhouse/capture/t274-attestation-failopen/instruments/10-four-routes-red-green.sh	ext	263	redirect	> "$d/verify.out" 2> "$d/verify.err" || rc=$?
.softhouse/capture/t274-attestation-failopen/instruments/10-four-routes-red-green.sh	ext	264	redirect	judge green P3 2 "$rc" "schema 2 sidecar, response artefacts withheld -> REFUSE"
.softhouse/capture/t274-attestation-failopen/instruments/10-four-routes-red-green.sh	ext	272	redirect	> "$d/verify.out" 2> "$d/verify.err" || rc=$?
.softhouse/capture/t274-attestation-failopen/instruments/10-four-routes-red-green.sh	ext	273	redirect	judge green P4 2 "$rc" "body artefact withheld though the wire sent one -> REFUSE"
.softhouse/capture/t274-attestation-failopen/instruments/20-wrap-boundary-and-derivation-unchanged.sh	ext	46	rm	rm -rf "$EV"
.softhouse/capture/t274-attestation-failopen/instruments/20-wrap-boundary-and-derivation-unchanged.sh	ext	64	redirect	) > "$EV/$sf_name/capture.log" 2>&1
.softhouse/capture/t274-attestation-failopen/instruments/20-wrap-boundary-and-derivation-unchanged.sh	ext	72	redirect	got = m.group(1) if m else "<ABSENT>"
.softhouse/capture/t274-attestation-failopen/instruments/20-wrap-boundary-and-derivation-unchanged.sh	ext	100	redirect	--status "$EV/L$n/L$n.status" > "$EV/L$n/verify.out" 2> "$EV/L$n/verify.err" || vrc=$?
.softhouse/capture/t274-attestation-failopen/instruments/20-wrap-boundary-and-derivation-unchanged.sh	ext	132	redirect	) > "$EV/cmp-$arm/capture.log" 2>&1
.softhouse/capture/t274-attestation-failopen/instruments/30-t250-arms-still-hold.sh	ext	62	rm	rm -rf "$EV"
.softhouse/capture/t274-attestation-failopen/instruments/30-t250-arms-still-hold.sh	ext	74	redirect	' > "$EV/ATTEST-TAMPERED-EVIDENCE"
.softhouse/capture/t274-attestation-failopen/instruments/30-t250-arms-still-hold.sh	ext	75	redirect	printf '{"invalid":"deliberately-not-a-valid-office"}\n' > "$EV/req/bad-office.json"
.softhouse/capture/t274-attestation-failopen/instruments/30-t250-arms-still-hold.sh	ext	93	redirect	) > "$1/capture.log" 2>&1
.softhouse/capture/t274-attestation-failopen/instruments/30-t250-arms-still-hold.sh	ext	102	redirect	> "$ra_dir/verify.out" 2> "$ra_dir/verify.err" || ra_rc=$?
.softhouse/capture/t274-attestation-failopen/instruments/30-t250-arms-still-hold.sh	ext	134	rm	rm -f "$EV/arm-3/probe.reqhdr"
.softhouse/capture/t274-attestation-failopen/instruments/30-t250-arms-still-hold.sh	ext	147	redirect	> "$EV/arm-5/probe.req"
.softhouse/capture/t274-attestation-failopen/instruments/30-t250-arms-still-hold.sh	ext	153	redirect	printf '{"x":1}\n' > "$EV/arm-6/probe.req"
.softhouse/capture/t274-attestation-failopen/instruments/40-population-ratchet-red.sh	ext	52	redirect	python3 "$GUARD" > "$EV/40-population-real-tree.txt" 2>&1 || rc=$?
.softhouse/capture/t274-attestation-failopen/instruments/40-population-ratchet-red.sh	ext	59	rm	trap 'rm -rf "$SCRATCH"' EXIT HUP INT TERM QUIT
.softhouse/capture/t274-attestation-failopen/instruments/40-population-ratchet-red.sh	ext	61	redirect	build() {   # build  -> a fresh mini-repo: 2 legacy, 1 derived, 1 tampered dir
.softhouse/capture/t274-attestation-failopen/instruments/40-population-ratchet-red.sh	ext	62	rm	rm -rf "$SCRATCH/repo"
.softhouse/capture/t274-attestation-failopen/instruments/40-population-ratchet-red.sh	ext	67	redirect	printf 'POST /x HTTP/1.1\nFineract-Platform-TenantId: gerege\n' > "$SCRATCH/repo/caps/old1.http"
.softhouse/capture/t274-attestation-failopen/instruments/40-population-ratchet-red.sh	ext	68	redirect	printf 'POST /y HTTP/1.1\nFineract-Platform-TenantId: gerege\n' > "$SCRATCH/repo/caps/old2.http"
.softhouse/capture/t274-attestation-failopen/instruments/40-population-ratchet-red.sh	ext	69	redirect	printf '%s\nsend-header-block 1 of 1\nGET /z HTTP/1.1\n' "$TAG" > "$SCRATCH/repo/caps/new1.http"
.softhouse/capture/t274-attestation-failopen/instruments/40-population-ratchet-red.sh	ext	70	redirect	printf 'POST /t HTTP/1.1\n' > "$SCRATCH/repo/tampered/forged.http"
.softhouse/capture/t274-attestation-failopen/instruments/40-population-ratchet-red.sh	ext	71	redirect	printf 'declared\n' > "$SCRATCH/repo/tampered/ATTEST-TAMPERED-EVIDENCE"
.softhouse/capture/t274-attestation-failopen/instruments/40-population-ratchet-red.sh	ext	72	redirect	cat > "$SCRATCH/pin.json" <<'JSON'
.softhouse/capture/t274-attestation-failopen/instruments/40-population-ratchet-red.sh	ext	78	redirect	run() {   # run DESC -> echoes rc
.softhouse/capture/t274-attestation-failopen/instruments/40-population-ratchet-red.sh	ext	81	redirect	> "$SCRATCH/out" 2> "$SCRATCH/err" || r=$?
.softhouse/capture/t274-attestation-failopen/instruments/40-population-ratchet-red.sh	ext	89	redirect	printf 'POST /new HTTP/1.1\nFineract-Platform-TenantId: gerege\n' > "$SCRATCH/repo/caps/added.http"
.softhouse/capture/t274-attestation-failopen/instruments/40-population-ratchet-red.sh	ext	91	redirect	judge R1 1 "$(run)" "a NEW sidecar with no derivation line -> legacy ROSE"
.softhouse/capture/t274-attestation-failopen/instruments/40-population-ratchet-red.sh	ext	95	rm	git -C "$SCRATCH/repo" rm -q -f caps/old2.http
.softhouse/capture/t274-attestation-failopen/instruments/40-population-ratchet-red.sh	ext	96	redirect	judge R2 1 "$(run)" "a legacy sidecar removed without moving the pin -> legacy FELL"
.softhouse/capture/t274-attestation-failopen/instruments/40-population-ratchet-red.sh	ext	101	redirect	printf 'POST /s HTTP/1.1\n' > "$SCRATCH/repo/sneaky/x.http"
.softhouse/capture/t274-attestation-failopen/instruments/40-population-ratchet-red.sh	ext	102	redirect	printf 'declared\n' > "$SCRATCH/repo/sneaky/ATTEST-TAMPERED-EVIDENCE"
.softhouse/capture/t274-attestation-failopen/instruments/40-population-ratchet-red.sh	ext	108	rm	git -C "$SCRATCH/repo" rm -q -r -f tampered
.softhouse/capture/t274-attestation-failopen/instruments/40-population-ratchet-red.sh	ext	113	rm	git -C "$SCRATCH/repo" rm -q -f caps/old1.http caps/old2.http caps/new1.http
.softhouse/capture/t274-attestation-failopen/instruments/40-population-ratchet-red.sh	ext	114	rm	git -C "$SCRATCH/repo" rm -q -r -f tampered
.softhouse/capture/t274-attestation-failopen/instruments/40-population-ratchet-red.sh	ext	115	redirect	judge F1 2 "$(run)" "NO sidecar matches at all -> REFUSE, not 'clean'"
.softhouse/capture/t274-attestation-failopen/instruments/40-population-ratchet-red.sh	ext	119	rm	rm -f "$SCRATCH/pin.json"
.softhouse/capture/t274-attestation-failopen/instruments/40-population-ratchet-red.sh	ext	120	redirect	judge F2 2 "$(run)" "the pin file is missing -> REFUSE"
.softhouse/capture/t277-shapelaw-salvage/src/crosscheck_seven_t277b.py	ext	50	redirect	python3 crosscheck_seven_t277b.py <repo-root> --i1q-from-row
.softhouse/capture/t277-shapelaw-salvage/src/crosscheck_seven_t277b.py	ext	91	redirect	"""'9.99' -> 999 ; '0.05' -> 5 ; 3 -> 300. Pure string/integer, no float.
.softhouse/capture/t277-shapelaw-salvage/src/crosscheck_seven_t277b.py	ext	114	redirect	if len(frac) > MINOR_DIGITS:
.softhouse/capture/t277-shapelaw-salvage/src/crosscheck_seven_t277b.py	ext	155	redirect	HALF_UP, not HALF_EVEN: 5/2 -> 3, and 7/2 -> 4.
.softhouse/capture/t277-shapelaw-salvage/src/dump_seven_t277.py	ext	91	redirect	root = argv[1] if len(argv) > 1 else "."
.softhouse/capture/t277-shapelaw-salvage/src/shapelaw_census_t277.py	ext	51	redirect	python3 shapelaw_census_t277.py <repo-root>            # both scopes -> stdout JSON
.softhouse/capture/t277-shapelaw-salvage/src/shapelaw_census_t277.py	ext	52	redirect	python3 shapelaw_census_t277.py <repo-root> --report    # human-readable summary
.softhouse/capture/t277-shapelaw-salvage/src/shapelaw_census_t277.py	ext	68	redirect	"""'1250.07' -> 125007 ; '0.28' -> 28 ; '-1.5' -> -150 ; 3 -> 300.
.softhouse/capture/t277-shapelaw-salvage/src/shapelaw_census_t277.py	ext	92	redirect	if len(frac) > MINOR_DIGITS:
.softhouse/capture/t277-shapelaw-salvage/src/shapelaw_census_t277.py	ext	617	redirect	root = argv[1] if len(argv) > 1 else "."
.softhouse/capture/t277-shapelaw-salvage/src/verify_t277.sh	ext	24	rm	trap 'rm -rf "$WORK"' EXIT
.softhouse/capture/t277-shapelaw-salvage/src/verify_t277.sh	ext	30	redirect	if "$@" > "$WORK/out.txt" 2>&1; then
.softhouse/capture/t277-shapelaw-salvage/src/verify_t277.sh	ext	41	redirect	if "$@" > "$WORK/out.txt" 2>&1; then
.softhouse/capture/t279-lock-partition/drive-post-checkout.zsh	ext	13	rm	trap 'rm -rf "$SB"' EXIT
.softhouse/capture/t279-lock-partition/drive-post-checkout.zsh	ext	25	redirect	print -r -- '{"tasks":[]}'                       > .softhouse/tasks.json
.softhouse/capture/t279-lock-partition/drive-post-checkout.zsh	ext	26	redirect	print -r -- '# RESUME'                           > .softhouse/RESUME.md
.softhouse/capture/t279-lock-partition/drive-post-checkout.zsh	ext	27	redirect	print -r -- '{"holder":"none"}'                  > .softhouse/LOCK
.softhouse/capture/t279-lock-partition/drive-post-checkout.zsh	ext	55	redirect	print -r -- '{"holder":"local-fire","pid":4242}' > .softhouse/LOCK
.softhouse/capture/t279-lock-partition/drive-post-checkout.zsh	ext	56	redirect	print -r -- '# RESUME — IN FLIGHT: T-a T-b'      > .softhouse/RESUME.md
.softhouse/capture/t279-lock-partition/drive-post-checkout.zsh	ext	58	redirect	print -r -- '{"tasks":[{"id":"T-a","status":"in_progress","branch":"softhouse/T-a"}]}' > .softhouse/tasks.json
.softhouse/capture/t279-lock-partition/drive-post-checkout.zsh	ext	65	redirect	print -r -- '{"tasks":[{"id":"T-b"}]}' > .softhouse/tasks.json
.softhouse/capture/t279-lock-partition/drive-post-checkout.zsh	ext	76	redirect	print -r -- '{"tasks":[{"id":"T-c"}]}' > .softhouse/tasks.json
.softhouse/capture/t279-lock-partition/drive-two-fires.zsh	ext	27	rm	trap 'rm -rf "$SB"' EXIT
.softhouse/capture/t279-lock-partition/drive-two-fires.zsh	ext	38	redirect	mkdir -p .softhouse; print -r -- seed > .softhouse/seed
.softhouse/capture/t279-lock-partition/drive-two-fires.zsh	ext	49	redirect	print -r -- "$msg $age" > .softhouse/pub.txt
.softhouse/capture/t279-lock-partition/drive-two-fires.zsh	ext	71	redirect	} > "$SB/cloud/.softhouse/LOCK"
.softhouse/capture/t279-lock-partition/drive-two-fires.zsh	ext	86	redirect	print -r -- "  On 2026-08-22 the pre-fix rule read started_at alone (6h07m > 6h) and TOOK THE LOCK."
.softhouse/capture/t279-lock-partition/drive-two-fires.zsh	ext	131	rm	rm -f "$SB/cloud/.softhouse/LOCK"
.softhouse/capture/t279-lock-partition/drive-two-fires.zsh	ext	141	redirect	write_lock 28800 $ALIVE_PID "$HOST" ""      # written just now => mtime age ~0
.softhouse/capture/t279-lock-partition/drive-wrapper-vs-skill.zsh	ext	25	redirect	python3 - "$HERE" <<'PY' > /tmp/t279-expected.tsv
.softhouse/capture/t279-lock-partition/drive-wrapper-vs-skill.zsh	ext	47	truncate	: > /tmp/t279-actual.tsv
.softhouse/capture/t279-lock-partition/drive-wrapper-vs-skill.zsh	ext	81	redirect	print -r -- "  OLD wrapper rule (AGE < LOCK_MAX_AGE_SECS ? held : stale) -> $(( OLD_MTIME_AGE < 21600 )) => HELD, fire exits, 6 h lost"
.softhouse/capture/t279-lock-partition/drive-wrapper-vs-skill.zsh	ext	82	redirect	print -r -- "  NEW wrapper rule                                          -> $(zsh "$WRAPPER" --lock-decide 1 "" $STARTED_AGE $TIP_AGE absent)"
.softhouse/capture/t279-lock-partition/drive-wrapper-vs-skill.zsh	ext	83	redirect	print -r -- "  SKILL.md STEP 0 arm 5 (both signals over 6 h)             -> TAKE-both-stale"
.softhouse/capture/t279-lock-partition/drive-wrapper-vs-skill.zsh	ext	84	redirect	print -r -- "  => the two now agree; before this change they did not."
.softhouse/capture/t279-lock-partition/enumerate.py	ext	5	redirect	A. states matching ZERO arms                      (coverage failure -> no verdict)
.softhouse/capture/t279-lock-partition/enumerate.py	ext	37	redirect	elif len(m) > 1:
.softhouse/capture/t279-lock-partition/enumerate.py	ext	39	redirect	if len(verdicts) > 1:
.softhouse/capture/t279-lock-partition/enumerate.py	ext	70	redirect	A(f"  {aid}  -> {verdict:4}  {txt}")
.softhouse/capture/t279-lock-partition/enumerate.py	ext	78	redirect	flag = "  <-- ARMS DISAGREE" if len(vs) > 1 else ""
.softhouse/capture/t279-lock-partition/enumerate.py	ext	82	mv	for key, mv in r["conflict"]:
.softhouse/capture/t279-lock-partition/enumerate.py	ext	117	redirect	out += ("\n===== T265's named state: {released_at null, started_at <6h, tip >6h} =====\n"
.softhouse/capture/t279-lock-partition/measure-f2.py	ext	46	redirect	for line in sh("git", "log", "--format=%ct|%h|%an <%ae>", "origin/main").splitlines():
.softhouse/capture/t279-lock-partition/measure-f2.py	ext	135	redirect	if len(ids) > 1:
.softhouse/capture/t279-lock-partition/post-checkout	shebang	50	redirect	git -C "$MAIN_WT" rev-parse --verify --quiet "$UP" >/dev/null 2>&1 || exit 0
.softhouse/capture/t279-lock-partition/rules.py	ext	87	redirect	"(implicit) there is no LOCK file -> write it",
.softhouse/capture/t279-lock-partition/rules.py	ext	91	redirect	"1. `released_at` is non-null -> free. Take it.",
.softhouse/capture/t279-lock-partition/rules.py	ext	95	redirect	"2. `origin/main`'s newest commit is under 6 h old AND `released_at` is null -> HELD",
.softhouse/capture/t279-lock-partition/rules.py	ext	99	redirect	"3. Both `started_at` and the newest `origin/main` commit are over 6 h old -> stale",
.softhouse/capture/t279-lock-partition/rules.py	ext	103	redirect	"4. The lock names a `pid` on THIS host and that pid is gone -> dead holder",
.softhouse/capture/t279-lock-partition/rules.py	ext	122	redirect	"0. No LOCK file -> free.",
.softhouse/capture/t279-lock-partition/rules.py	ext	126	redirect	"1. `released_at` non-null -> free.",
.softhouse/capture/t279-lock-partition/rules.py	ext	130	redirect	"2. DEAD HOLDER. LOCK names a pid on THIS host and it is gone -> take over, any age.",
.softhouse/capture/t279-lock-partition/rules.py	ext	134	redirect	"3. CEILING. `started_at` over 24 h -> take over, however fresh the tip looks.",
.softhouse/capture/t279-lock-partition/rules.py	ext	138	redirect	"4. LIVE. Newest origin/main commit under 6 h old -> HELD.",
.softhouse/capture/t279-lock-partition/rules.py	ext	143	redirect	"5. STALE. Newest origin/main commit over 6 h old AND `started_at` over 6 h -> stale.",
.softhouse/capture/t279-lock-partition/rules.py	ext	148	redirect	"6. Anything else, including any signal you could not read -> HELD.",
.softhouse/capture/t282-pnumber-drift/bin/append-pattern.py	ext	18	redirect	MARK = "<!-- T282-CITATION-ERRATA -->"
.softhouse/capture/t282-pnumber-drift/bin/append-pattern.py	ext	34	redirect	sha = sys.argv[1] if len(sys.argv) > 1 else "UNSTAMPED"
.softhouse/capture/t282-pnumber-drift/bin/check-pnumber-citations.py	ext+execbit	234	redirect	"""id -> {line, title, body, grams}. First definition wins; later definitions
.softhouse/capture/t282-pnumber-drift/bin/check-pnumber-citations.py	ext+execbit	359	redirect	absence over an error. \x60grep\x60 exits 1 on NO MATCH and >1 on ERROR` clipped at
.softhouse/capture/t282-pnumber-drift/bin/check-pnumber-citations.py	ext+execbit	441	redirect	"prints an absence over an error ... exits 1 on NO MATCH and >1 on ERROR"
.softhouse/capture/t282-pnumber-drift/bin/check-pnumber-citations.py	ext+execbit	464	redirect	runner = scores[1][0] if len(scores) > 1 else 0
.softhouse/capture/t282-pnumber-drift/bin/check-pnumber-citations.py	ext+execbit	506	redirect	"""token -> number of register entries containing it; then pin each entry's
.softhouse/capture/t282-pnumber-drift/bin/check-pnumber-citations.py	ext+execbit	629	redirect	if cand != n and s_ > mine:
.softhouse/capture/t282-pnumber-drift/bin/drive-red-green.sh	ext+execbit	32	rm	trap 'rm -rf "$FIX"' EXIT
.softhouse/capture/t282-pnumber-drift/bin/drive-red-green.sh	ext+execbit	65	redirect	cat > "$FIX/.softhouse/RESUME.md" <<'RED1_EOF'
.softhouse/capture/t282-pnumber-drift/bin/drive-red-green.sh	ext+execbit	68	redirect	> section number and restates no number** — `P-79`: never fix a rotted number, make the second site
.softhouse/capture/t282-pnumber-drift/bin/drive-red-green.sh	ext+execbit	69	redirect	> READ the first.
.softhouse/capture/t282-pnumber-drift/bin/drive-red-green.sh	ext+execbit	72	redirect	cat > "$FIX/.softhouse/obligations.md" <<'RED2_EOF'
.softhouse/capture/t282-pnumber-drift/bin/drive-red-green.sh	ext+execbit	77	redirect	| `\|\| echo …` | **P-80**: prints an absence over an error. `grep` exits 1 on NO MATCH and >1 on ERROR; `\|\| echo 0` makes those the same number |
.softhouse/capture/t282-pnumber-drift/bin/drive-red-green.sh	ext+execbit	80	redirect	cat > "$FIX/.softhouse/reference-oracle.md" <<'RED3_EOF'
.softhouse/capture/t282-pnumber-drift/bin/drive-red-green.sh	ext+execbit	96	redirect	"$CHECK" --root "$FIX" --show all > "$OUT/10-RED.txt" 2>&1
.softhouse/capture/t282-pnumber-drift/bin/drive-red-green.sh	ext+execbit	132	redirect	python3 - "$FIX" > "$OUT/20-existence-only-on-RED.txt" 2>&1 <<'PY_EOF'
.softhouse/capture/t282-pnumber-drift/bin/drive-red-green.sh	ext+execbit	186	truncate	: > "$OUT/30-repair.diff"
.softhouse/capture/t282-pnumber-drift/bin/drive-red-green.sh	ext+execbit	198	redirect	"$CHECK" --root "$FIX" --show all > "$OUT/40-GREEN.txt" 2>&1
.softhouse/capture/t282-pnumber-drift/bin/drive-red-green.sh	ext+execbit	223	redirect	print("re-broke exactly one cardinal: P-80 -> P-84 (a DIFFERENT wrong id than the original drift)")
.softhouse/capture/t282-pnumber-drift/bin/drive-red-green.sh	ext+execbit	226	redirect	"$CHECK" --root "$FIX" --show all > "$OUT/50-MUTANT.txt" 2>&1
.softhouse/capture/t282-pnumber-drift/bin/population-table.py	ext	73	redirect	return TP, "P-81's rule (git grep exits 1 on no-match, >1 on error) cited as P-80 -- the P-86 off-by-one"
.softhouse/capture/t282-pnumber-drift/bin/restamp.py	ext	29	redirect	sha = sys.argv[1] if len(sys.argv) > 1 else "UNSTAMPED"
.softhouse/capture/t282-pnumber-drift/wiring/extracted-guard.sh	ext	24	redirect	if ! ( cd "$REPO_ROOT" && python3 "$chk" --selftest ) >"$out" 2>&1; then
.softhouse/capture/t282-pnumber-drift/wiring/extracted-guard.sh	ext	28	rm	rm -f "$out"; return 1
.softhouse/capture/t282-pnumber-drift/wiring/extracted-guard.sh	ext	31	redirect	( cd "$REPO_ROOT" && python3 "$chk" ) >"$out" 2>&1
.softhouse/capture/t282-pnumber-drift/wiring/extracted-guard.sh	ext	40	rm	rm -f "$out"; return 1
.softhouse/capture/t282-pnumber-drift/wiring/extracted-guard.sh	ext	46	rm	rm -f "$out"; return 1
.softhouse/capture/t282-pnumber-drift/wiring/extracted-guard.sh	ext	55	rm	rm -f "$out"; return 1
.softhouse/capture/t282-pnumber-drift/wiring/extracted-guard.sh	ext	59	rm	rm -f "$out"
.softhouse/capture/t284-schema2-callsites/instruments/10-callsite-registry.py	ext	254	redirect	% (path, want_sha or "<none>", got_sha))
.softhouse/capture/t284-schema2-callsites/instruments/10-callsite-registry.py	ext	290	redirect	print("      decision: %s" % entry.get("decision", "<UNDECLARED>"))
.softhouse/capture/t284-schema2-callsites/instruments/20-site1-schema1-replay.sh	ext+execbit	104	rm	trap 'rm -rf "$SCRATCH" "$SELF"' EXIT
.softhouse/capture/t284-schema2-callsites/instruments/20-site1-schema1-replay.sh	ext+execbit	109	redirect	scope_gate() {          # scope_gate DIR  -> 0 in scope, 1 out of scope (reasons printed)
.softhouse/capture/t284-schema2-callsites/instruments/20-site1-schema1-replay.sh	ext+execbit	148	redirect	--req "$ra_dir/probe.req" > "$ra_dir/t284.out" 2> "$ra_dir/t284.err" || ra_rc=$?
.softhouse/capture/t284-schema2-callsites/instruments/20-site1-schema1-replay.sh	ext+execbit	183	redirect	scope_gate "$SELF" > "$SELF/gate.out" 2>&1 || self_rc=$?
.softhouse/capture/t284-schema2-callsites/instruments/30-red-drive.sh	ext+execbit	98	rm	rm -rf "$C"
.softhouse/capture/t284-schema2-callsites/instruments/30-red-drive.sh	ext+execbit	100	redirect	( cd "$REAL" && git ls-files -z ) > "$WORK/filelist"
.softhouse/capture/t284-schema2-callsites/instruments/30-red-drive.sh	ext+execbit	122	redirect	bash -c "$(cat)" > "$WORK/$a_label.out" 2>&1 || a_rc=$?
.softhouse/capture/t284-schema2-callsites/instruments/30-red-drive.sh	ext+execbit	152	redirect	> "$C/.softhouse/capture/t284-schema2-callsites/scratch/rogue.sh"
.softhouse/capture/t284-schema2-callsites/instruments/30-red-drive.sh	ext+execbit	159	rm	rm -f "$C/$FROZEN2"
.softhouse/capture/t284-schema2-callsites/instruments/30-red-drive.sh	ext+execbit	185	rm	rm -f "$C/$LIVEHALF"
.softhouse/capture/t284-schema2-callsites/instruments/30-red-drive.sh	ext+execbit	192	rm	rm -f "$C/$MARKER1"
.softhouse/capture/t284-schema2-callsites/instruments/30-red-drive.sh	ext+execbit	199	rm	rm -f "$C/$PIN"
.softhouse/capture/t284-schema2-callsites/instruments/30-red-drive.sh	ext+execbit	200	redirect	arm F1 2 "the pin is removed -> REFUSE, never 'clean'" <<EOF
.softhouse/capture/t284-schema2-callsites/instruments/30-red-drive.sh	ext+execbit	213	redirect	arm F2 2 "the calibration positive loses its call -> REFUSE" <<EOF
.softhouse/capture/t284-schema2-callsites/instruments/30-red-drive.sh	ext+execbit	222	redirect	arm S1 2 "T250's committed corpus altered -> corpus MOVED" <<EOF
.softhouse/capture/t284-schema2-callsites/instruments/30-red-drive.sh	ext+execbit	246	redirect	arm S2 2 "corpus made SCHEMA 2, pin re-stamped -> OUT OF SCOPE" <<EOF
.softhouse/capture/t284-schema2-callsites/instruments/30-red-drive.sh	ext+execbit	251	rm	rm -f "$C/$LIVEHALF"
.softhouse/capture/t284-schema2-callsites/instruments/30-red-drive.sh	ext+execbit	252	redirect	arm S3 2 "T274's live half deleted -> coverage GONE, refuse" <<EOF
.softhouse/capture/t284-schema2-callsites/instruments/30-red-drive.sh	ext+execbit	259	rm	rm -f "$C/$FROZEN2"
.softhouse/capture/t284-schema2-callsites/instruments/30-red-drive.sh	ext+execbit	260	redirect	arm S4 2 "the FROZEN predecessor is deleted -> no supersession" <<EOF
.softhouse/capture/t284-schema2-callsites/instruments/30-red-drive.sh	ext+execbit	267	rm	rm -f "$C/$WRAPOWNER"
.softhouse/capture/t284-schema2-callsites/instruments/30-red-drive.sh	ext+execbit	268	redirect	arm S5 2 "T274 instrument 20 deleted -> retired coverage GONE" <<EOF
.softhouse/capture/t284-schema2-callsites/instruments/30-red-drive.sh	ext+execbit	281	redirect	arm S6 2 "T274 instrument 20's length list altered -> moving target" <<EOF
.softhouse/capture/t284-schema2-callsites/instruments/30-red-drive.sh	ext+execbit	293	rm	rm -rf "$WORK"
.softhouse/capture/t284-schema2-callsites/successors/t284-redB-attack-v2.sh	ext+execbit	101	redirect	printf '{"invalid":"deliberately-not-a-valid-office"}\n' > "$EV/req/bad-office.json"
.softhouse/capture/t284-schema2-callsites/successors/t284-redB-attack-v2.sh	ext+execbit	165	redirect	verify_full() {   # verify_full DIR NAME -> prints rc
.softhouse/capture/t284-schema2-callsites/successors/t284-redB-attack-v2.sh	ext+execbit	171	redirect	> "$v_d/$v_n.vout" 2> "$v_d/$v_n.verr" || v_rc=$?
.softhouse/capture/t284-schema2-callsites/successors/t284-redB-attack-v2.sh	ext+execbit	176	redirect	> "$v_d/$v_n.vout" 2> "$v_d/$v_n.verr" || v_rc=$?
.softhouse/capture/t284-schema2-callsites/successors/t284-redB-attack-v2.sh	ext+execbit	192	rm	mk() { rm -rf "$EV/$1"; cp -R "$EV/src/$2" "$EV/$1"; }
.softhouse/capture/t284-schema2-callsites/successors/t284-redB-attack-v2.sh	ext+execbit	341	rm	rm -rf "$EV"
.softhouse/capture/t284-schema2-callsites/successors/t284-redC-residual-v2.sh	ext+execbit	142	redirect	verify_full() {   # verify_full DIR NAME -> prints rc
.softhouse/capture/t284-schema2-callsites/successors/t284-redC-residual-v2.sh	ext+execbit	148	redirect	> "$v_d/$v_n.vout" 2> "$v_d/$v_n.verr" || v_rc=$?
.softhouse/capture/t284-schema2-callsites/successors/t284-redC-residual-v2.sh	ext+execbit	153	redirect	> "$v_d/$v_n.vout" 2> "$v_d/$v_n.verr" || v_rc=$?
.softhouse/capture/t284-schema2-callsites/successors/t284-redC-residual-v2.sh	ext+execbit	203	redirect	judge "L1b one of two IDENTICAL copies dropped -> multiplicity" 1 "$(verify_full "$EV/dupid-cut" dupid)" "$EV/dupid-cut" dupid
.softhouse/capture/t284-schema2-callsites/successors/t284-redC-residual-v2.sh	ext+execbit	251	rm	rm -rf "$EV"
.softhouse/capture/t286-t268-retry/check_verdict_predicate_agreement_t292.py	ext+execbit	12	redirect	chosen").  T259 -> T268 -> T281 -> T286 -> T291.  T291 beat T286's phrasing -- "a record is a row
.softhouse/capture/t286-t268-retry/check_verdict_predicate_agreement_t292.py	ext+execbit	40	redirect	GREEN  <=>  W is NON-EMPTY  and no refusal fired.
.softhouse/capture/t286-t268-retry/check_verdict_predicate_agreement_t292.py	ext+execbit	235	redirect	def repo_root() -> Path:
.softhouse/capture/t286-t268-retry/check_verdict_predicate_agreement_t292.py	ext+execbit	268	redirect	yield path + ".<key>" + k, "key", k
.softhouse/capture/t286-t268-retry/check_verdict_predicate_agreement_t292.py	ext+execbit	277	redirect	def is_verdict_key(k: str) -> bool:
.softhouse/capture/t286-t268-retry/check_verdict_predicate_agreement_t292.py	ext+execbit	294	redirect	if len(head) > 1 and head[1:].isdigit():
.softhouse/capture/t286-t268-retry/check_verdict_predicate_agreement_t292.py	ext+execbit	368	redirect	def check_file(path: Path, reg, ack, rep: Report) -> None:
.softhouse/capture/t286-t268-retry/check_verdict_predicate_agreement_t292.py	ext+execbit	474	redirect	owner = spath.split(".<key>")[0] if kind == "key" else spath.rsplit(".", 1)[0]
.softhouse/capture/t286-t268-retry/check_verdict_predicate_agreement_t292.py	ext+execbit	492	redirect	def main(argv=None) -> int:
.softhouse/capture/t286-t268-retry/check_verdict_predicate_agreement_t292.py	ext+execbit	598	redirect	def coverage_digest(rep: Report) -> str:
.softhouse/capture/t286-t268-retry/probe/adversary_t292.py	ext+execbit	19	redirect	exit == 0  =>  probe line PRESENT and witness >= 1 and nilFiles == 0.
.softhouse/capture/t286-t268-retry/probe/adversary_t292.py	ext+execbit	23	redirect	WITNESS.  Witness empty => LOST REFUSAL => FAIL.  Witness non-empty => the widening is
.softhouse/capture/t286-t268-retry/probe/adversary_t292.py	ext+execbit	27	redirect	PROP-D  ERROR/VERDICT SEPARATION (P-81, P-84).  exit 0 => probe PRESENT & GREEN.
.softhouse/capture/t286-t268-retry/probe/adversary_t292.py	ext+execbit	28	redirect	exit 1 => probe PRESENT & REFUSED.  exit 2 => probe ABSENT.  No other exit code.
.softhouse/capture/t286-t268-retry/probe/adversary_t292.py	ext+execbit	64	redirect	def extract_pre(dst: Path) -> str:
.softhouse/capture/t286-t268-retry/probe/adversary_t292.py	ext+execbit	91	redirect	def _hash_object(p: Path) -> str:
.softhouse/capture/t286-t268-retry/probe/adversary_t292.py	ext+execbit	186	redirect	"""{k: v} -> {k: [v]} for one dict-or-list-valued key. Container-only."""
.softhouse/capture/t286-t268-retry/probe/adversary_t292.py	ext+execbit	197	redirect	"""[a, b] -> {"0": a, "1": b}. Container-only: the index keys are neither registered
.softhouse/capture/t286-t268-retry/probe/adversary_t292.py	ext+execbit	335	redirect	def write(tmp: Path, name: str, doc) -> Path:
.softhouse/capture/t286-t268-retry/probe/adversary_t292.py	ext+execbit	369	redirect	print("  PRE  pinned blob %s -> git hash-object %s" % (PRE_BLOB, pre_sha))
.softhouse/capture/t286-t268-retry/probe/adversary_t292.py	ext+execbit	370	redirect	print("  NEW  %s -> git hash-object %s" % (NEW.name, _hash_object(NEW)))
.softhouse/capture/t286-t268-retry/probe/adversary_t292.py	ext+execbit	460	redirect	if len(widenings) > 12:
.softhouse/capture/t286-t268-retry/probe/adversary_t292.py	ext+execbit	540	redirect	L.add("PROP-D", "argv %s -> 2, no probe" % flag, ok, "rc=%d" % r.returncode)
.softhouse/capture/t286-t268-retry/probe/adversary_t292.py	ext+execbit	546	redirect	L.add("PROP-D", "no targets -> 2 (no built-in default target)", ok, "rc=%d" % r.returncode)
.softhouse/capture/t286-t268-retry/probe/adversary_t292.py	ext+execbit	548	redirect	"no targets -> 2 (no built-in default)", r.returncode))
.softhouse/capture/t286-t268-retry/probe/adversary_t292.py	ext+execbit	563	redirect	leg("NEG  degenerate %-18s -> 1, probe PRESENT" % nm,
.softhouse/capture/t286-t268-retry/probe/adversary_t292.py	ext+execbit	616	py-rmtree	shutil.rmtree(tmp, ignore_errors=True)
.softhouse/capture/t286-t268-retry/probe/adversary_t292.py	ext+execbit	617	py-rmtree	shutil.rmtree(prehome, ignore_errors=True)
.softhouse/capture/t286-t268-retry/probe/census_real_corpus.py	ext+execbit	29	redirect	return len(head) > 1 and head[1:].isdigit()
.softhouse/capture/t286-t268-retry/probe/census_real_corpus.py	ext+execbit	53	redirect	yield path + ".<key>" + k, "key", k
.softhouse/capture/t286-t268-retry/probe/census_real_corpus.py	ext+execbit	97	redirect	owner = pa.rsplit(".", 1)[0] if kind == "value" else pa.split(".<key>")[0]
.softhouse/capture/t286-t268-retry/probe/drive_f_t290_1b.py	ext+execbit	144	py-rmtree	shutil.rmtree(tmp, ignore_errors=True)
.softhouse/capture/t286-t268-retry/probe/mutants_t292.py	ext+execbit	179	redirect	def build(mid, edits, tmp: Path) -> Path:
.softhouse/capture/t286-t268-retry/probe/mutants_t292.py	ext+execbit	218	redirect	print("  CONTROL  unmutated rule -> adversary exit %d   %s"
.softhouse/capture/t286-t268-retry/probe/mutants_t292.py	ext+execbit	300	py-rmtree	shutil.rmtree(tmp, ignore_errors=True)
.softhouse/capture/t286-t268-retry/probe/negative_result_header_affirmations.py	ext+execbit	7	redirect	QUESTION 1  "did this document GRADE anything?"        -> fail-closed by construction. YES.
.softhouse/capture/t286-t268-retry/probe/negative_result_header_affirmations.py	ext+execbit	12	redirect	-- T286's guard #10, which T291 measured false as stated -> NO CONTAINER-BLIND RULE
.softhouse/capture/t286-t268-retry/probe/negative_result_header_affirmations.py	ext+execbit	119	py-rmtree	shutil.rmtree(tmp, ignore_errors=True)
.softhouse/capture/t286-t268-retry/probe/prove_adversary_sees_a_lost_refusal.py	ext	12	redirect	killed -- but it is killed by the **post-condition** (`GREEN with an empty witness set` -> exit 2),
.softhouse/capture/t286-t268-retry/probe/prove_adversary_sees_a_lost_refusal.py	ext	74	redirect	if len(lost) > 12:
.softhouse/capture/t286-t268-retry/probe/prove_adversary_sees_a_lost_refusal.py	ext	82	redirect	ok = len(lost) > 0 and r.returncode != 0
.softhouse/capture/t286-t268-retry/probe/prove_adversary_sees_a_lost_refusal.py	ext	89	py-rmtree	shutil.rmtree(tmp, ignore_errors=True)
.softhouse/capture/t286-t268-retry/run.sh	ext+execbit	32	tee	| tee "$OUT/census-real-corpus.txt" || CENSUS_RC=$?
.softhouse/capture/t286-t268-retry/run.sh	ext+execbit	44	tee	| tee "$OUT/adversary-t292.txt" || ADV_RC=$?
.softhouse/capture/t286-t268-retry/run.sh	ext+execbit	57	tee	| tee "$OUT/mutants-t292.txt" || MUT_RC=$?
.softhouse/capture/t286-t268-retry/run.sh	ext+execbit	73	tee	| tee "$OUT/lost-refusal-calibration.txt" || CAL_RC=$?
.softhouse/capture/t286-t268-retry/run.sh	ext+execbit	87	tee	| tee "$OUT/negative-result-header-affirmations.txt" || NEG_RC=$?
.softhouse/capture/t286-t268-retry/run.sh	ext+execbit	97	tee	| tee "$OUT/f-t290-1b-driven.txt" || F290_RC=$?
.softhouse/capture/t286-t268-retry/run.sh	ext+execbit	110	tee	| tee "$OUT/lint-failopen-t292.txt" || LINT_RC=$?
.softhouse/capture/t286-t268-retry/run.sh	ext+execbit	132	redirect	> "$OUT/scope-conformance.txt" || GG=$?
.softhouse/capture/t286-t268-retry/run.sh	ext+execbit	140	redirect	> "$OUT/scope-conformance-main-moved.txt" || true   # lint-failopen: ok -- CENSUS ONLY, not gating; the gating read is the merge-base diff above, whose status IS classified
.softhouse/capture/t287-closure-refusals/cap.sh	ext+execbit	45	rm	trap 'rm -rf "$TMPD"' EXIT HUP INT TERM QUIT
.softhouse/capture/t287-closure-refusals/cap.sh	ext+execbit	87	mv	mv "$TMPBODY" "$OUT"
.softhouse/capture/t287-closure-refusals/cap.sh	ext+execbit	90	redirect	if command -v shasum >/dev/null 2>&1; then
.softhouse/capture/t287-closure-refusals/cap.sh	ext+execbit	96	mv	mv "$TMPREQ" "$REQ"
.softhouse/capture/t287-closure-refusals/cap.sh	ext+execbit	97	redirect	printf '%s  %s\n' "$SHA" "$NAME.req" > "$REQSHA"
.softhouse/capture/t287-closure-refusals/cap.sh	ext+execbit	103	redirect	echo "Authorization: Basic <mifos:password>"
.softhouse/capture/t287-closure-refusals/cap.sh	ext+execbit	114	redirect	} > "$HTTP"
.softhouse/capture/t287-closure-refusals/cap.sh	ext+execbit	115	redirect	echo "$code" > "$STATUS"
.softhouse/capture/t287-closure-refusals/capsql.sh	ext+execbit	39	rm	trap 'rm -rf "$TMPD"' EXIT HUP INT TERM QUIT
.softhouse/capture/t287-closure-refusals/capsql.sh	ext+execbit	47	redirect	docker exec -i "$DBC" psql -U "$DBUSER" -d "$DBNAME" -Atc 'SELECT 1' >/dev/null 2>&1 || probe=$?
.softhouse/capture/t287-closure-refusals/capsql.sh	ext+execbit	60	redirect	docker exec -i "$DBC" psql -U "$DBUSER" -d "$DBNAME" -f - < "$TMPSQL" > "$TMPOUT" 2>&1 || rc=$?
.softhouse/capture/t287-closure-refusals/capsql.sh	ext+execbit	62	redirect	if command -v shasum >/dev/null 2>&1; then
.softhouse/capture/t287-closure-refusals/capsql.sh	ext+execbit	68	mv	mv "$TMPOUT" "$TXT"
.softhouse/capture/t287-closure-refusals/capsql.sh	ext+execbit	69	mv	mv "$TMPSQL" "$SQL"
.softhouse/capture/t287-closure-refusals/capsql.sh	ext+execbit	70	redirect	printf '%s  %s\n' "$SHA" "$NAME.sql" > "$SQLSHA"
.softhouse/capture/t287-closure-refusals/capsql.sh	ext+execbit	80	redirect	} > "$REC"
.softhouse/capture/t287-closure-refusals/guard-probe-expiry.sh	ext+execbit	70	redirect	if ! docker exec -i "$DBC" psql -U "$DBUSER" -d "$DBNAME" -Atc 'SELECT 1' >/dev/null 2>&1; then
.softhouse/capture/t287-closure-refusals/guard-probe-expiry.sh	ext+execbit	113	redirect	elif [ "$td" \> "$BD" ]; then
.softhouse/capture/t287-closure-refusals/guard-probe-expiry.sh	ext+execbit	114	redirect	note "ok      $base  FUTURE_DATE probe, transactionDate $td > business date $BD -- still refuses."
.softhouse/capture/t287-closure-refusals/guard-probe-expiry.sh	ext+execbit	134	redirect	elif [ "$td" \> "$LC" ]; then
.softhouse/capture/t287-closure-refusals/manifest.sh	ext+execbit	16	redirect	if command -v shasum >/dev/null 2>&1; then
.softhouse/capture/t287-closure-refusals/manifest.sh	ext+execbit	26	redirect	> MANIFEST.sha256
.softhouse/capture/t290-review-t271/attack_acknowledgement_t290.py	ext	22	redirect	PROBE: `T290-ATTACK: <STATE> attacks=.. asPredicted=.. brokeThePin=..`
.softhouse/capture/t290-review-t271/attack_acknowledgement_t290.py	ext	39	redirect	def repo_root(p: Path) -> Path:
.softhouse/capture/t290-review-t271/attack_acknowledgement_t290.py	ext	53	redirect	def sha(p: Path) -> str:
.softhouse/capture/t290-review-t271/attack_acknowledgement_t290.py	ext	65	redirect	def main() -> int:
.softhouse/capture/t290-review-t271/attack_acknowledgement_t290.py	ext	175	py-rmtree	shutil.rmtree(work, ignore_errors=True)
.softhouse/capture/t290-review-t271/break_battery_g1_t290.sh	ext+execbit	32	rm	trap 'restore; rm -f "$BAK"' EXIT
.softhouse/capture/t290-review-t271/count_disagreement_blocks_t290.py	ext	10	redirect	nothing and exits >1 -- `|| true` then paints both as a reassuring zero. That is P-81's
.softhouse/capture/t290-review-t271/count_disagreement_blocks_t290.py	ext	20	redirect	PROBE: `T290-COUNT: <file> unacknowledged=.. acknowledged=.. total=..`
.softhouse/capture/t290-review-t271/count_disagreement_blocks_t290.py	ext	28	redirect	def main() -> int:
.softhouse/capture/t290-review-t271/count_disagreement_blocks_t290.py	ext	30	redirect	print("usage: count_disagreement_blocks_t290.py <transcript>...", file=sys.stderr)
.softhouse/capture/t290-review-t271/diagnose_calibration_t290.py	ext	23	redirect	PROBE: `T290-CALIB: <STATE> committed=.. rerun=.. explainedByAnyCommittedReference=..`
.softhouse/capture/t290-review-t271/diagnose_calibration_t290.py	ext	37	redirect	def repo_root(p: Path) -> Path:
.softhouse/capture/t290-review-t271/diagnose_calibration_t290.py	ext	52	redirect	def main() -> int:
.softhouse/capture/t290-review-t271/diagnose_calibration_t290.py	ext	96	redirect	print("      .threw   capture=%r reference=%r  -> threwIdentical=%s"
.softhouse/capture/t290-review-t271/guard_rvpa_floor_t290.py	ext	13	redirect	-> the acknowledgement block goes VOID (the rule prints `!! ACKNOWLEDGEMENT BLOCK VOID`)
.softhouse/capture/t290-review-t271/guard_rvpa_floor_t290.py	ext	14	redirect	-> but `check_verdict_predicate_agreement.py`'s `refused` expression is
.softhouse/capture/t290-review-t271/guard_rvpa_floor_t290.py	ext	17	redirect	-> rule exits 0, `disagreements=0 acknowledged=0 unacknowledged=0`
.softhouse/capture/t290-review-t271/guard_rvpa_floor_t290.py	ext	19	redirect	-> a guard pinning only `unacknowledged=0` PASSES.
.softhouse/capture/t290-review-t271/guard_rvpa_floor_t290.py	ext	32	redirect	2. VOID ACKNOWLEDGEMENT BLOCKS > 0 IS A REFUSAL. The rule already measures and prints this and
.softhouse/capture/t290-review-t271/guard_rvpa_floor_t290.py	ext	50	redirect	T290-RVPA-GUARD: <STATE> runnerExit=.. disagreements=.. floor=.. acknowledged=..
.softhouse/capture/t290-review-t271/guard_rvpa_floor_t290.py	ext	63	redirect	TARGETS_RE = re.compile(r"^T271-TARGETS: (?P<state>\S+) .*?\bruleExit=(?P<rc>-|\d+)", re.M)
.softhouse/capture/t290-review-t271/guard_rvpa_floor_t290.py	ext	72	redirect	def repo_root(p: Path) -> Path:
.softhouse/capture/t290-review-t271/guard_rvpa_floor_t290.py	ext	82	redirect	"""The runner moves in T269 (t271-b1-t219/ -> t256-verdict-predicate/). Look in BOTH, and say
.softhouse/capture/t290-review-t271/guard_rvpa_floor_t290.py	ext	97	redirect	def main(argv=None) -> int:
.softhouse/capture/t290-review-t271/guard_rvpa_floor_t290.py	ext	175	redirect	if voids > void_max:
.softhouse/capture/t290-review-t271/probe_t286_rule_t290.py	ext	28	redirect	PROBE: `T290-T286: <STATE> caseA_live=.. caseA_t286=.. caseB_live=.. caseB_t286=..`
.softhouse/capture/t290-review-t271/probe_t286_rule_t290.py	ext	47	redirect	def repo_root(p: Path) -> Path:
.softhouse/capture/t290-review-t271/probe_t286_rule_t290.py	ext	61	redirect	def sha(p: Path) -> str:
.softhouse/capture/t290-review-t271/probe_t286_rule_t290.py	ext	74	redirect	def main() -> int:
.softhouse/capture/t290-review-t271/probe_t286_rule_t290.py	ext	194	py-rmtree	shutil.rmtree(work, ignore_errors=True)
.softhouse/capture/t290-review-t271/prove_repair_inert.py	ext	10	redirect	PROBE: `T290-REPAIR-INERT: <STATE> ...`
.softhouse/capture/t290-review-t271/prove_repair_inert.py	ext	25	redirect	def repo_root(p: Path) -> Path:
.softhouse/capture/t290-review-t271/prove_repair_inert.py	ext	44	redirect	def main() -> int:
.softhouse/capture/t290-review-t271/prove_repair_inert.py	ext	106	py-rmtree	shutil.rmtree(work, ignore_errors=True)
.softhouse/capture/t290-review-t271/red/drive-red-t290.py	ext	9	redirect	`void acknowledgement blocks > 0`.
.softhouse/capture/t290-review-t271/red/drive-red-t290.py	ext	35	redirect	def repo_root(p: Path) -> Path:
.softhouse/capture/t290-review-t271/red/drive-red-t290.py	ext	59	redirect	def sha(p: Path) -> str:
.softhouse/capture/t290-review-t271/red/drive-red-t290.py	ext	95	redirect	def flip_false_predicates(path: Path) -> int:
.softhouse/capture/t290-review-t271/red/drive-red-t290.py	ext	107	redirect	if len(head) > 1 and head[1:].isdigit():
.softhouse/capture/t290-review-t271/red/drive-red-t290.py	ext	114	redirect	def append_byte(path: Path) -> int:
.softhouse/capture/t290-review-t271/red/drive-red-t290.py	ext	119	redirect	def consistent_two_file_edit() -> int:
.softhouse/capture/t290-review-t271/red/drive-red-t290.py	ext	133	redirect	def main() -> int:
.softhouse/capture/t290-review-t271/red/drive-red-t290.py	ext	226	py-rmtree	shutil.rmtree(backup, ignore_errors=True)
.softhouse/capture/t290-review-t271/rederive_t290.py	ext	16	redirect	PROBE LINE (presence before value): `T290-REDERIVE: <STATE> ...`
.softhouse/capture/t290-review-t271/rederive_t290.py	ext	31	redirect	def repo_root(p: Path) -> Path:
.softhouse/capture/t290-review-t271/rederive_t290.py	ext	71	redirect	def minor(s) -> int:
.softhouse/capture/t290-review-t271/rederive_t290.py	ext	72	redirect	"""String money -> integer minor units.  Decimal only; refuses a non-integral result."""
.softhouse/capture/t290-review-t271/rederive_t290.py	ext	81	redirect	def main() -> int:
.softhouse/capture/t290-review-t271/rederive_t290.py	ext	150	redirect	mode = Counter(tot[:-1]).most_common(1)[0][0] if len(tot) > 1 else tot[0]
.softhouse/capture/t290-review-t271/rederive_t290.py	ext	218	redirect	print("    rows that ever charge interest : %d of %d  => n*E prices %d rows that charge "
.softhouse/capture/t290-review-t271/run.sh	ext+execbit	42	redirect	RC=0; python3 "$RULE" "$EVIDENCE" > "$OUT/red-reproduced.txt" 2>&1 || RC=$?
.softhouse/capture/t290-review-t271/run.sh	ext+execbit	44	redirect	RC=0; python3 "$RULE" --acknowledgements "$ACK271" "$EVIDENCE" > "$OUT/green-reproduced.txt" 2>&1 || RC=$?
.softhouse/capture/t290-review-t271/run.sh	ext+execbit	57	redirect	RC=0; python3 "$HERE/rederive_t290.py" > "$OUT/rederive-t290.txt" 2>&1 || RC=$?
.softhouse/capture/t290-review-t271/run.sh	ext+execbit	68	redirect	RC=0; python3 "$HERE/verify_t271_claims_t290.py" > "$OUT/verify-t271-claims.txt" 2>&1 || RC=$?
.softhouse/capture/t290-review-t271/run.sh	ext+execbit	73	redirect	RC=0; python3 "$HERE/attack_acknowledgement_t290.py" > "$OUT/attack-acknowledgement.txt" 2>&1 || RC=$?
.softhouse/capture/t290-review-t271/run.sh	ext+execbit	80	redirect	RC=0; bash "$HERE/break_battery_g1_t290.sh" > "$OUT/battery-g1-broken.txt" 2>&1 || RC=$?
.softhouse/capture/t290-review-t271/run.sh	ext+execbit	86	redirect	RC=0; python3 "$HERE/red/drive-red-t290.py" > "$OUT/red-drive-t290.txt" 2>&1 || RC=$?
.softhouse/capture/t290-review-t271/run.sh	ext+execbit	93	redirect	RC=0; python3 "$HERE/probe_t286_rule_t290.py" > "$OUT/t286-currency.txt" 2>&1 || RC=$?
.softhouse/capture/t290-review-t271/run.sh	ext+execbit	98	redirect	RC=0; python3 "$HERE/guard_rvpa_floor_t290.py" > "$OUT/guard-green.txt" 2>&1 || RC=$?
.softhouse/capture/t290-review-t271/run.sh	ext+execbit	103	redirect	RC=0; python3 "$HERE/prove_repair_inert.py" > "$OUT/disposition-repair-is-inert.txt" 2>&1 || RC=$?
.softhouse/capture/t290-review-t271/run.sh	ext+execbit	110	redirect	RC=0; python3 "$HERE/diagnose_calibration_t290.py" > "$OUT/calibration-diagnosis.txt" 2>&1 || RC=$?
.softhouse/capture/t290-review-t271/run.sh	ext+execbit	118	redirect	> "$OUT/lint-t290-own.txt" 2>&1 || RC=$?
.softhouse/capture/t290-review-t271/run.sh	ext+execbit	140	redirect	.softhouse/conformance.sh > "$OUT/evidence-unmoved.txt" 2>&1 || RC=$?
.softhouse/capture/t290-review-t271/verify_t271_claims_t290.py	ext	26	redirect	EXIT 0 all three claims hold; 1 one does not; 2 error. PROBE: `T290-CLAIMS: <STATE> ...`
.softhouse/capture/t290-review-t271/verify_t271_claims_t290.py	ext	41	redirect	def repo_root(p: Path) -> Path:
.softhouse/capture/t290-review-t271/verify_t271_claims_t290.py	ext	133	py-rmtree	shutil.rmtree(work, ignore_errors=True)
.softhouse/capture/t290-review-t271/verify_t271_claims_t290.py	ext	146	redirect	got = lines[n - 1] if n - 1 < len(lines) else "<past end of file>"
.softhouse/capture/t290-review-t271/verify_t271_claims_t290.py	ext	182	redirect	print("   deliberately broken search             exit %d  <- so >1 is distinguishable on this "
.softhouse/capture/t290-review-t271/verify_t271_claims_t290.py	ext	192	redirect	def main() -> int:
.softhouse/capture/t294-openingbalance-refusal/cap.sh	ext+execbit	48	rm	trap 'rm -rf "$TMPD"' EXIT HUP INT TERM QUIT
.softhouse/capture/t294-openingbalance-refusal/cap.sh	ext+execbit	90	mv	mv "$TMPBODY" "$OUT"
.softhouse/capture/t294-openingbalance-refusal/cap.sh	ext+execbit	93	redirect	if command -v shasum >/dev/null 2>&1; then
.softhouse/capture/t294-openingbalance-refusal/cap.sh	ext+execbit	99	mv	mv "$TMPREQ" "$REQ"
.softhouse/capture/t294-openingbalance-refusal/cap.sh	ext+execbit	100	redirect	printf '%s  %s\n' "$SHA" "$NAME.req" > "$REQSHA"
.softhouse/capture/t294-openingbalance-refusal/cap.sh	ext+execbit	106	redirect	echo "Authorization: Basic <mifos:password>"
.softhouse/capture/t294-openingbalance-refusal/cap.sh	ext+execbit	117	redirect	} > "$HTTP"
.softhouse/capture/t294-openingbalance-refusal/cap.sh	ext+execbit	118	redirect	echo "$code" > "$STATUS"
.softhouse/capture/t294-openingbalance-refusal/capsql.sh	ext+execbit	41	rm	trap 'rm -rf "$TMPD"' EXIT HUP INT TERM QUIT
.softhouse/capture/t294-openingbalance-refusal/capsql.sh	ext+execbit	49	redirect	docker exec -i "$DBC" psql -U "$DBUSER" -d "$DBNAME" -Atc 'SELECT 1' >/dev/null 2>&1 || probe=$?
.softhouse/capture/t294-openingbalance-refusal/capsql.sh	ext+execbit	62	redirect	docker exec -i "$DBC" psql -U "$DBUSER" -d "$DBNAME" -f - < "$TMPSQL" > "$TMPOUT" 2>&1 || rc=$?
.softhouse/capture/t294-openingbalance-refusal/capsql.sh	ext+execbit	64	redirect	if command -v shasum >/dev/null 2>&1; then
.softhouse/capture/t294-openingbalance-refusal/capsql.sh	ext+execbit	70	mv	mv "$TMPOUT" "$TXT"
.softhouse/capture/t294-openingbalance-refusal/capsql.sh	ext+execbit	71	mv	mv "$TMPSQL" "$SQL"
.softhouse/capture/t294-openingbalance-refusal/capsql.sh	ext+execbit	72	redirect	printf '%s  %s\n' "$SHA" "$NAME.sql" > "$SQLSHA"
.softhouse/capture/t294-openingbalance-refusal/capsql.sh	ext+execbit	82	redirect	} > "$REC"
.softhouse/capture/t294-openingbalance-refusal/guard-precondition.sh	ext+execbit	80	redirect	if len(frac) > digits:
.softhouse/capture/t294-openingbalance-refusal/guard-precondition.sh	ext+execbit	120	redirect	docker exec -i "$DBC" psql -U "$DBUSER" -d "$DBNAME" -Atc 'SELECT 1' >/dev/null 2>&1 || probe=$?
.softhouse/capture/t294-openingbalance-refusal/manifest.sh	ext+execbit	28	redirect	if command -v shasum >/dev/null 2>&1; then
.softhouse/capture/t294-openingbalance-refusal/manifest.sh	ext+execbit	38	redirect	> MANIFEST.sha256
.softhouse/capture/t299-namespace-and-default-safety/instruments/10-collision-census.py	ext	60	redirect	if r.returncode > 1:
.softhouse/capture/t299-namespace-and-default-safety/instruments/10-collision-census.py	ext	61	redirect	print("CENSUS ABORT (2): `git grep` exited %d. It exits 1 on NO MATCH and >1 on ERROR, "
.softhouse/capture/t299-namespace-and-default-safety/instruments/20-drive-destination-safety.sh	ext	29	redirect	git ls-files --error-unmatch -- "$TRACKED_DEFAULT" >/dev/null || {
.softhouse/capture/t299-namespace-and-default-safety/instruments/20-drive-destination-safety.sh	ext	41	rm	trap 'rm -rf "$SCRATCH"' EXIT
.softhouse/capture/t299-namespace-and-default-safety/instruments/20-drive-destination-safety.sh	ext	50	redirect	( cd "$CLONE" && git show "$BASE:$LINT" > "$LINT" ) || { echo "ARM0 ABORT(2): extract failed"; exit 2; }
.softhouse/capture/t299-namespace-and-default-safety/instruments/20-drive-destination-safety.sh	ext	51	redirect	( cd "$CLONE" && git checkout -q -- "$LINT" 2>/dev/null; git show "$BASE:$LINT" > "$LINT" )
.softhouse/capture/t299-namespace-and-default-safety/instruments/20-drive-destination-safety.sh	ext	53	redirect	( cd "$CLONE" && python3 "$LINT" ) >"$SCRATCH/arm0.txt" 2>&1
.softhouse/capture/t299-namespace-and-default-safety/instruments/20-drive-destination-safety.sh	ext	73	redirect	git status --porcelain >"$SCRATCH/a1-before.txt"
.softhouse/capture/t299-namespace-and-default-safety/instruments/20-drive-destination-safety.sh	ext	74	redirect	python3 "$LINT" >"$SCRATCH/arm1.txt" 2>&1
.softhouse/capture/t299-namespace-and-default-safety/instruments/20-drive-destination-safety.sh	ext	76	redirect	git status --porcelain >"$SCRATCH/a1-after.txt"
.softhouse/capture/t299-namespace-and-default-safety/instruments/20-drive-destination-safety.sh	ext	81	redirect	if diff -u "$SCRATCH/a1-before.txt" "$SCRATCH/a1-after.txt" >"$SCRATCH/a1-diff.txt"; then
.softhouse/capture/t299-namespace-and-default-safety/instruments/20-drive-destination-safety.sh	ext	96	redirect	FAILOPEN_LINT_JSON="$J2" python3 "$LINT" >"$SCRATCH/arm2.txt" 2>&1
.softhouse/capture/t299-namespace-and-default-safety/instruments/20-drive-destination-safety.sh	ext	110	redirect	FAILOPEN_LINT_JSON="$victim" python3 "$LINT" >"$SCRATCH/arm3.txt" 2>&1
.softhouse/capture/t299-namespace-and-default-safety/instruments/20-drive-destination-safety.sh	ext	126	redirect	grep '^FAILOPEN-FRONTIER ' "$SCRATCH/arm1.txt" | LC_ALL=C sort >"$SCRATCH/fr-bare.txt"
.softhouse/capture/t299-namespace-and-default-safety/instruments/20-drive-destination-safety.sh	ext	127	redirect	grep '^FAILOPEN-FRONTIER ' "$SCRATCH/arm2.txt" | LC_ALL=C sort >"$SCRATCH/fr-over.txt"
.softhouse/capture/t299-namespace-and-default-safety/instruments/30-drive-the-rename.sh	ext	24	redirect	git ls-files --error-unmatch -- "$OLD/run.sh" >/dev/null || {
.softhouse/capture/t299-namespace-and-default-safety/instruments/30-drive-the-rename.sh	ext	35	rm	trap 'rm -rf "$SCRATCH"' EXIT
.softhouse/capture/t299-namespace-and-default-safety/instruments/30-drive-the-rename.sh	ext	49	redirect	> "$SCRATCH/probe-exits"
.softhouse/capture/t299-namespace-and-default-safety/instruments/30-drive-the-rename.sh	ext	65	redirect	( cd "$CLONE" && python3 "$p" ) >"$SCRATCH/$1-$(basename "$p").txt" 2>&1
.softhouse/capture/t299-namespace-and-default-safety/instruments/30-drive-the-rename.sh	ext	79	redirect	if r.returncode > 1:
.softhouse/capture/t299-namespace-and-default-safety/instruments/30-drive-the-rename.sh	ext	128	mv	( cd "$CLONE" && git mv "$OLD" "$NEW" ) || { echo "ABORT(2): git mv failed"; exit 2; }
.softhouse/capture/t299-namespace-and-default-safety/instruments/30-drive-the-rename.sh	ext	129	mv	echo "  git mv $OLD -> $NEW"
.softhouse/capture/t299-namespace-and-default-safety/instruments/40-drive-namespace-guard.sh	ext	36	rm	trap 'rm -rf "$SCRATCH"' EXIT
.softhouse/capture/t299-namespace-and-default-safety/instruments/40-drive-namespace-guard.sh	ext	41	redirect	git diff --cached --binary > "$SCRATCH/staged.patch"
.softhouse/capture/t299-namespace-and-default-safety/instruments/40-drive-namespace-guard.sh	ext	54	redirect	( cd "$CLONE" && bash "$GUARD" ) >"$SCRATCH/$label.txt" 2>&1
.softhouse/capture/t299-namespace-and-default-safety/instruments/40-drive-namespace-guard.sh	ext	78	git-clean	( cd "$CLONE" && git reset -q --hard HEAD && git clean -qfd ) || exit 2
.softhouse/capture/t299-namespace-and-default-safety/instruments/40-drive-namespace-guard.sh	ext	95	redirect	echo "planted by T299's red drive" > "$CLONE/.softhouse/capture/t256-planted-by-t299/note.txt"
.softhouse/capture/t299-namespace-and-default-safety/instruments/40-drive-namespace-guard.sh	ext	102	redirect	echo "planted by T299's red drive" > "$CLONE/.softhouse/capture/t290-second-rig/note.txt"
.softhouse/capture/t299-namespace-and-default-safety/instruments/40-drive-namespace-guard.sh	ext	108	rm	( cd "$CLONE" && git rm -q -f .softhouse/capture/t256-verdict-predicate/OWNER-IS-T259-NOT-T256.md ) || exit 2
.softhouse/capture/t299-namespace-and-default-safety/instruments/40-drive-namespace-guard.sh	ext	114	truncate	: > "$CLONE/.softhouse/capture/t256-verdict-predicate/OWNER-IS-T259-NOT-T256.md"
.softhouse/capture/t299-namespace-and-default-safety/instruments/40-drive-namespace-guard.sh	ext	116	redirect	> "$CLONE/.softhouse/capture/t256-verdict-predicate/OWNER-IS-T259-NOT-T256.md"
.softhouse/capture/t299-namespace-and-default-safety/instruments/40-drive-namespace-guard.sh	ext	121	redirect	echo "===       directories removed -> the guard must REFUSE (exit 2), not report zero ==="
.softhouse/capture/t299-namespace-and-default-safety/instruments/40-drive-namespace-guard.sh	ext	123	rm	( cd "$CLONE" && git rm -rqf .softhouse/capture/t256-verdict-predicate \
.softhouse/capture/t299-namespace-and-default-safety/instruments/50-final-state.sh	ext	28	redirect	git status --porcelain >"${TMPDIR:-/tmp}/t299-final-before.$$"
.softhouse/capture/t299-namespace-and-default-safety/instruments/50-final-state.sh	ext	36	rm	rm -f "${TMPDIR:-/tmp}/t299-final-before.$$"
.softhouse/capture/t299-namespace-and-default-safety/instruments/50-final-state.sh	ext	43	redirect	git ls-files >"${TMPDIR:-/tmp}/t299-final-tracked.$$"
.softhouse/capture/t299-namespace-and-default-safety/instruments/50-final-state.sh	ext	61	redirect	>"${TMPDIR:-/tmp}/t299-final-lint.$$" 2>&1
.softhouse/capture/t299-namespace-and-default-safety/instruments/50-final-state.sh	ext	65	redirect	git status --porcelain >"${TMPDIR:-/tmp}/t299-final-after.$$"
.softhouse/capture/t299-namespace-and-default-safety/instruments/50-final-state.sh	ext	67	redirect	if diff -u "${TMPDIR:-/tmp}/t299-final-before.$$" "${TMPDIR:-/tmp}/t299-final-after.$$" >/dev/null; then
.softhouse/capture/t299-namespace-and-default-safety/instruments/50-final-state.sh	ext	80	rm	rm -f "${TMPDIR:-/tmp}/t299-final-before.$$" "${TMPDIR:-/tmp}/t299-final-after.$$" \
.softhouse/capture/t300-census-cardinal/instruments/10-cardinal-sweep.sh	ext+execbit	61	redirect	LC_ALL=C grep -nE "$SEL_PRINT" "$SUBJECT" >"$hits.stage1"
.softhouse/capture/t300-census-cardinal/instruments/10-cardinal-sweep.sh	ext+execbit	64	redirect	LC_ALL=C grep -E "$SEL_INT" "$hits.stage1" >"$hits.stage2"
.softhouse/capture/t300-census-cardinal/instruments/10-cardinal-sweep.sh	ext+execbit	67	redirect	LC_ALL=C grep -vE "$SEL_ID" "$hits.stage2" >"$hits"
.softhouse/capture/t300-census-cardinal/instruments/10-cardinal-sweep.sh	ext+execbit	122	redirect	} >"$cal"
.softhouse/capture/t300-census-cardinal/instruments/10-cardinal-sweep.sh	ext+execbit	163	redirect	LC_ALL=C grep -vE "$B_STATUS" "$hits" >"$rest"
.softhouse/capture/t300-census-cardinal/instruments/10-cardinal-sweep.sh	ext+execbit	165	redirect	LC_ALL=C grep -vE "$B_FIXTURE" "$rest" >"$rest.2"
.softhouse/capture/t300-census-cardinal/instruments/10-cardinal-sweep.sh	ext+execbit	167	redirect	LC_ALL=C grep -vE "$B_VERSION" "$rest.2" >"$rest.3"
.softhouse/capture/t300-census-cardinal/instruments/10-cardinal-sweep.sh	ext+execbit	169	redirect	LC_ALL=C grep -vE "$B_POSITIONAL" "$rest.3" >"$rest.4"
.softhouse/capture/t300-census-cardinal/instruments/10-cardinal-sweep.sh	ext+execbit	185	rm	rm -f "$rest" "$rest.2" "$rest.3" "$rest.4"
.softhouse/capture/t300-census-cardinal/instruments/10-cardinal-sweep.sh	ext+execbit	188	rm	rm -f "$rest" "$rest.2" "$rest.3" "$rest.4"
.softhouse/capture/t300-census-cardinal/instruments/10-cardinal-sweep.sh	ext+execbit	191	rm	rm -f "$hits.stage1" "$hits.stage2"
.softhouse/capture/t300-census-cardinal/instruments/30-cannotcatch-derivation.sh	ext+execbit	26	rm	trap 'rm -rf "$D"' EXIT INT TERM HUP
.softhouse/capture/t300-census-cardinal/instruments/30-cannotcatch-derivation.sh	ext+execbit	27	redirect	LC_ALL=C sed 's/^const cannotCatch = `/const somethingElseEntirely = `/' "$SRC" >"$D/main.go"
.softhouse/capture/t300-census-cardinal/instruments/30-cannotcatch-derivation.sh	ext+execbit	34	redirect	echo "  derived  : $red   (< 2 => the guard prints 'line count NOT DERIVABLE' and warns on stderr)"
.softhouse/capture/t300-census-cardinal/instruments/50-red-drive.sh	ext+execbit	38	rm	if [ -f "$BACKUP" ]; then cp "$BACKUP" "$SUBJ"; rm -f "$BACKUP"; fi
.softhouse/capture/t300-census-cardinal/instruments/50-red-drive.sh	ext+execbit	51	redirect	bash "$SUBJ" >"$art" 2>&1
.softhouse/capture/t300-census-cardinal/instruments/50-red-drive.sh	ext+execbit	82	redirect	LC_ALL=C grep -v -x -F "$VICTIM" "$BACKUP" >"$SUBJ"
.softhouse/capture/t300-census-cardinal/instruments/50-red-drive.sh	ext+execbit	88	redirect	LC_ALL=C grep -aF "$VICTIM" "$OUT/A-pin-minus-one.txt" >"$OUT/A-plus-row.txt"
.softhouse/capture/t300-census-cardinal/instruments/50-red-drive.sh	ext+execbit	113	redirect	git show HEAD:.softhouse/conformance.sh >"$OUT/C-prefix-subject.sh.txt"
.softhouse/capture/t300-census-cardinal/instruments/50-red-drive.sh	ext+execbit	118	redirect	LC_ALL=C grep -v -x -F "$VICTIM" "$OUT/C-prefix-subject.sh.txt" >"$SUBJ"
.softhouse/capture/t300-census-cardinal/instruments/50-red-drive.sh	ext+execbit	135	redirect	LC_ALL=C grep -v -x -F "$FOVICTIM" "$BACKUP" >"$SUBJ"
.softhouse/capture/t301-wrapper-self-modification/drive-fragility.zsh	ext	36	redirect	cat > "$FAKE" <<'EOF'
.softhouse/capture/t301-wrapper-self-modification/drive-fragility.zsh	ext	51	redirect	git clone --quiet --no-hardlinks "$SRC" "$c" >/dev/null 2>&1
.softhouse/capture/t301-wrapper-self-modification/drive-fragility.zsh	ext	54	redirect	/bin/rm -f .softhouse/LOCK ) >/dev/null 2>&1
.softhouse/capture/t301-wrapper-self-modification/drive-fragility.zsh	ext	82	redirect	zsh "$FPO" --force > "$WORK/offset.out" 2>&1
.softhouse/capture/t301-wrapper-self-modification/drive-fragility.zsh	ext	98	redirect	print -r -- "  READ THIS AS: o0t<N> is the byte the shell will read next. If N equals the"
.softhouse/capture/t301-wrapper-self-modification/drive-fragility.zsh	ext	130	redirect	zsh "$fp" --force > "$WORK/$arm.out" 2>&1
.softhouse/capture/t301-wrapper-self-modification/drive-fragility.zsh	ext	145	redirect	print -r -- "  MARKER REACHED THE RUNNING FIRE: $( (( reached > 0 )) && print YES || print no ) (count=$reached)"
.softhouse/capture/t301-wrapper-self-modification/drive-fragility.zsh	ext	154	redirect	print -r -- "  FRAGILE reached + FRAGILE-SNAP not reached  => the shipped wrapper's immunity is"
.softhouse/capture/t301-wrapper-self-modification/drive-fragility.zsh	ext	157	redirect	print -r -- "  FRAGILE not reached                         => the immunity is more robust than"
.softhouse/capture/t301-wrapper-self-modification/drive-snapshot.zsh	ext	36	redirect	cat > "$FAKE" <<'EOF'
.softhouse/capture/t301-wrapper-self-modification/drive-snapshot.zsh	ext	46	redirect	mkclone() {  # $1 = arm name -> echoes clone path
.softhouse/capture/t301-wrapper-self-modification/drive-snapshot.zsh	ext	55	redirect	git clone --quiet --no-hardlinks "$SRC" "$c" >/dev/null 2>&1
.softhouse/capture/t301-wrapper-self-modification/drive-snapshot.zsh	ext	58	redirect	/bin/rm -f .softhouse/LOCK ) >/dev/null 2>&1
.softhouse/capture/t301-wrapper-self-modification/drive-snapshot.zsh	ext	93	redirect	zsh "$fp" --force > "$WORK/$arm.out" 2>&1
.softhouse/capture/t301-wrapper-self-modification/drive-snapshot.zsh	ext	113	redirect	print -r -- "  MARKER REACHED THE RUNNING FIRE: $( (( reached > 0 )) && print YES || print no ) (count=$reached)"
.softhouse/capture/t301-wrapper-self-modification/drive-snapshot.zsh	ext	140	redirect	} > "$CS"
.softhouse/capture/t301-wrapper-self-modification/drive-snapshot.zsh	ext	141	redirect	( zsh "$CS" > "$WORK/control.out" 2>&1 ) &
.softhouse/capture/t301-wrapper-self-modification/drive-snapshot.zsh	ext	158	redirect	zsh "$CF/.softhouse/bin/fire-program.sh" --probe > "$WORK/costfail.out" 2>&1
.softhouse/capture/t301-wrapper-self-modification/drive-snapshot.zsh	ext	170	redirect	zsh "$CD/.softhouse/bin/fire-program.sh" --probe > "$WORK/costdir.out" 2>&1
.softhouse/capture/t301-wrapper-self-modification/probe-identity-instrument.zsh	ext	56	redirect	zsh -s --probe < "$FP" > "$WORK/red.out" 2>&1
.softhouse/capture/t301-wrapper-self-modification/probe-identity-instrument.zsh	ext	103	redirect	print -r -- "  green   -> one 'wrapper identity:' line with a real inode/sha/bytes"
.softhouse/capture/t301-wrapper-self-modification/probe-identity-instrument.zsh	ext	104	redirect	print -r -- "  red     -> NO 'wrapper identity:' line; the WARN/UNRECORDED branch instead"
.softhouse/capture/t301-wrapper-self-modification/probe-identity-instrument.zsh	ext	105	redirect	print -r -- "  mutated -> a 'wrapper identity:' line whose sha DIFFERS from green's and"
.softhouse/capture/t301-wrapper-self-modification/probe-source-and-shift.zsh	ext	45	redirect	} > "$f"
.softhouse/capture/t301-wrapper-self-modification/probe-source-and-shift.zsh	ext	51	redirect	cat > "$D/main.zsh" <<'MAIN'
.softhouse/capture/t301-wrapper-self-modification/probe-source-and-shift.zsh	ext	68	redirect	cat "$WORK/newlib-$mode" > "$D/lib.zsh"          # same inode (probe A: INPLACE)
.softhouse/capture/t301-wrapper-self-modification/probe-source-and-shift.zsh	ext	96	redirect	} > "$f"
.softhouse/capture/t301-wrapper-self-modification/probe-source-and-shift.zsh	ext	139	redirect	print -r -- "  inode $before_i -> $after_i   bytes $before_b -> $after_b   pipeline rc=$rc"
.softhouse/capture/t301-wrapper-self-modification/probe-source-and-shift.zsh	ext	162	redirect	print -r -- "  inode $before_i -> $(/usr/bin/stat -f %i "$S")   bytes $before_b -> $(/usr/bin/stat -f %z "$S")   subject rc=$rc"
.softhouse/capture/t301-wrapper-self-modification/probe-source-and-shift.zsh	ext	194	redirect	print -r -- "  bytes $before_b -> $(/usr/bin/stat -f %z "$S")   pipeline rc=$rc"
.softhouse/capture/t301-wrapper-self-modification/probe-source-and-shift.zsh	ext	233	redirect	print -r -- "  bytes $before_b -> $(/usr/bin/stat -f %z "$S")   pipeline rc=$rc"
.softhouse/capture/t301-wrapper-self-modification/probe-source-and-shift.zsh	ext	271	redirect	} > "$S"
.softhouse/capture/t301-wrapper-self-modification/probe-source-and-shift.zsh	ext	273	redirect	( zsh "$S" 2>&1 ) > "$WORK/ladder.out" & subj=$!
.softhouse/capture/t301-wrapper-self-modification/probe-source-and-shift.zsh	ext	293	redirect	/usr/bin/sed -n "$(( fm_line > 4 ? fm_line - 4 : 1 )),$(( fm_line + 2 ))p" "$WORK/ladder.out" | while IFS= read -r l; do print -r -- "    $l"; done
.softhouse/capture/t301-wrapper-self-modification/probe-source-and-shift.zsh	ext	307	redirect	print -r -- "  => zsh had buffered through row $((10#$fm_row - 1)); R ~ $(( (10#$fm_row) * 26 + 30 )) bytes"
.softhouse/capture/t301-wrapper-self-modification/probe-source-and-shift.zsh	ext	308	redirect	print -r -- "  => EVERY BYTE OF THE SCRIPT MORE THAN ~R PAST THE CURRENT COMMAND IS EXPOSED"
.softhouse/capture/t301-wrapper-self-modification/probe-source-and-shift.zsh	ext	310	redirect	print -r -- "  => no MARK row: zsh had buffered the whole $LADDER_BYTES-byte file"
.softhouse/capture/t301-wrapper-self-modification/probe-writer-inode.zsh	ext	51	redirect	} > "$f"
.softhouse/capture/t301-wrapper-self-modification/probe-writer-inode.zsh	ext	62	redirect	"$@" "$f" >/dev/null 2>&1
.softhouse/capture/t301-wrapper-self-modification/probe-writer-inode.zsh	ext	78	redirect	w_cat()      { cat > "$1" <<< "print -r -- 'TAIL: REWRITTEN'"; }
.softhouse/capture/t301-wrapper-self-modification/probe-writer-inode.zsh	ext	80	inplace-edit	w_sed_i()    { /usr/bin/sed -i '' "s/TAIL: ORIGINAL/TAIL: REWRITTEN/" "$1"; }
.softhouse/capture/t301-wrapper-self-modification/probe-writer-inode.zsh	ext	84	redirect	w_cp()       { local t="$1.src"; print -r -- "print -r -- 'TAIL: REWRITTEN'" > "$t"; /bin/cp "$t" "$1"; }
.softhouse/capture/t301-wrapper-self-modification/probe-writer-inode.zsh	ext	85	redirect	w_mv()       { local t="$1.src"; print -r -- "print -r -- 'TAIL: REWRITTEN'" > "$t"; /bin/mv "$t" "$1"; }
.softhouse/capture/t301-wrapper-self-modification/probe-writer-inode.zsh	ext	86	redirect	w_install()  { local t="$1.src"; print -r -- "print -r -- 'TAIL: REWRITTEN'" > "$t"; /usr/bin/install -m 755 "$t" "$1"; }
.softhouse/capture/t301-wrapper-self-modification/probe-writer-inode.zsh	ext	89	redirect	/usr/bin/sed "s/TAIL: ORIGINAL/TAIL: REWRITTEN/" "$f" > "$t"
.softhouse/capture/t301-wrapper-self-modification/probe-writer-inode.zsh	ext	90	redirect	( cd "${f:h}"; /usr/bin/diff -u "${f:t}" "${t:t}" > "${f:t}.patch" )
.softhouse/capture/t301-wrapper-self-modification/probe-writer-inode.zsh	ext	105	redirect	leg "cat > file"                w_cat
.softhouse/capture/t301-wrapper-self-modification/probe-writer-inode.zsh	ext	107	inplace-edit	leg "sed -i '' (BSD/macOS)"     w_sed_i
.softhouse/capture/t301-wrapper-self-modification/probe-writer-inode.zsh	ext	109	tee	leg "tee file"                  w_tee
.softhouse/capture/t301-wrapper-self-modification/probe-writer-inode.zsh	ext	112	mv	leg "mv src dst"                w_mv
.softhouse/capture/t301-wrapper-self-modification/probe-writer-inode.zsh	ext	120	redirect	print -r -- "GIT OPERATIONS BEYOND THE THREE T309 MEASURED (merge / checkout -- <path> / pull --ff-only):"
.softhouse/capture/t301-wrapper-self-modification/probe-writer-inode.zsh	ext	138	redirect	( cd "$GR"; "$pre" ) >/dev/null 2>&1
.softhouse/capture/t301-wrapper-self-modification/probe-writer-inode.zsh	ext	141	redirect	( cd "$GR"; "$@" ) >/dev/null 2>&1
.softhouse/capture/t301-wrapper-self-modification/probe-writer-inode.zsh	ext	157	redirect	dirty()  { cat > subject.sh <<< "print -r -- 'TAIL: DIRTY'"; }   # itself INPLACE — see table above
.softhouse/capture/t301-wrapper-self-modification/probe-writer-inode.zsh	ext	158	inplace-edit	stashit(){ /usr/bin/sed -i '' "s/TAIL: ORIGINAL/TAIL: STASHED/" subject.sh; git stash -q; }
.softhouse/capture/t301-wrapper-self-modification/probe-writer-inode.zsh	ext	163	redirect	/usr/bin/sed "s/TAIL: ORIGINAL/TAIL: APPLIED/" subject.sh > "$WORK/apply-new"
.softhouse/capture/t301-wrapper-self-modification/probe-writer-inode.zsh	ext	165	redirect	| /usr/bin/sed "1s|.*|--- a/subject.sh|;2s|.*|+++ b/subject.sh|" > "$WORK/apply.patch"
.softhouse/capture/t301-wrapper-self-modification/probe-writer-inode.zsh	ext	169	git-restore	g_restore()        { git restore subject.sh; }
.softhouse/capture/t301-wrapper-self-modification/probe-writer-inode.zsh	ext	171	git-restore	git_leg "git reset --hard (dirty tree)"  dirty   g_reset_hard
.softhouse/capture/t301-wrapper-self-modification/probe-writer-inode.zsh	ext	175	redirect	git_leg "git apply <patch>"              nop     g_apply
.softhouse/capture/t301-wrapper-self-modification/probe-writer-inode.zsh	ext	179	redirect	git_leg "git restore <path>"             dirty   g_restore
.softhouse/capture/t304-evidence-destruction/instruments/10-population-census.py	ext	13	rm	rm -rf / rm -r / rm -f / rm          (removal)
.softhouse/capture/t304-evidence-destruction/instruments/10-population-census.py	ext	14	mv	mv                                    (move-over / rename away)
.softhouse/capture/t304-evidence-destruction/instruments/10-population-census.py	ext	15	py-rmtree	shutil.rmtree / os.remove / os.unlink / Path.unlink / pathlib .rmdir
.softhouse/capture/t304-evidence-destruction/instruments/10-population-census.py	ext	16	truncate	truncate / : >  / > FILE / >| FILE    (output redirection over a path)
.softhouse/capture/t304-evidence-destruction/instruments/10-population-census.py	ext	17	tee	tee FILE (non-append)
.softhouse/capture/t304-evidence-destruction/instruments/10-population-census.py	ext	18	git-clean	git clean
.softhouse/capture/t304-evidence-destruction/instruments/10-population-census.py	ext	19	git-restore	git checkout -- / git restore / git reset --hard   (index/worktree overwrite)
.softhouse/capture/t304-evidence-destruction/instruments/10-population-census.py	ext	20	inplace-edit	sed -i / perl -i                       (in-place edit)
.softhouse/capture/t304-evidence-destruction/instruments/100-dead-cd-red-drive.sh	ext	22	rm	rm -rf "$SC"
.softhouse/capture/t304-evidence-destruction/instruments/100-dead-cd-red-drive.sh	ext	48	redirect	BASE_NAME="$(git config user.name 2>/dev/null || echo '<unset>')"
.softhouse/capture/t304-evidence-destruction/instruments/100-dead-cd-red-drive.sh	ext	54	redirect	n="$(git config user.name 2>/dev/null || echo '<unset>')"
.softhouse/capture/t304-evidence-destruction/instruments/100-dead-cd-red-drive.sh	ext	68	git-restore	git checkout -- . 2>/dev/null
.softhouse/capture/t304-evidence-destruction/instruments/100-dead-cd-red-drive.sh	ext	100	rm	rm -rf "$SC"
.softhouse/capture/t304-evidence-destruction/instruments/100-dead-cd-red-drive.sh	ext	109	inplace-edit	/usr/bin/sed -i '' 's%^cd "\$REPO"$%cd "$REPO" || exit 2%' "$F"
.softhouse/capture/t304-evidence-destruction/instruments/20-resolve-targets.py	ext	49	redirect	if val.startswith('"') and val.endswith('"') and len(val) > 1:
.softhouse/capture/t304-evidence-destruction/instruments/20-resolve-targets.py	ext	51	redirect	elif val.startswith("'") and val.endswith("'") and len(val) > 1:
.softhouse/capture/t304-evidence-destruction/instruments/20-resolve-targets.py	ext	66	redirect	HERE=$(cd "$(dirname "$0")" && pwd)      -> the script's own directory
.softhouse/capture/t304-evidence-destruction/instruments/20-resolve-targets.py	ext	67	redirect	TASK=$(cd "$HERE/.." && pwd)             -> normalised relative to it
.softhouse/capture/t304-evidence-destruction/instruments/30-count-tracked-under-target.py	ext	5	rm	"Hard-destructive" = rm / mv / shutil.rmtree / os.remove / os.unlink / git clean /
.softhouse/capture/t304-evidence-destruction/instruments/30-count-tracked-under-target.py	ext	6	git-restore	git checkout -- / git restore / git reset --hard / sed -i / perl -i.
.softhouse/capture/t304-evidence-destruction/instruments/30-count-tracked-under-target.py	ext	56	redirect	nz = [r for r in rows if r[0] > 0]
.softhouse/capture/t304-evidence-destruction/instruments/50-guard-red-green.sh	ext	31	redirect	echo "--- G1  0 tracked -> pass through"
.softhouse/capture/t304-evidence-destruction/instruments/50-guard-red-green.sh	ext	36	redirect	echo "--- G2  >0 tracked + scratch root -> redirected, never the committed path"
.softhouse/capture/t304-evidence-destruction/instruments/50-guard-red-green.sh	ext	44	redirect	echo "--- R1  >0 tracked, no scratch root -> REFUSE 2"
.softhouse/capture/t304-evidence-destruction/instruments/50-guard-red-green.sh	ext	45	redirect	err="$(T304_EVIDENCE_SCRATCH= t304_evidence_root "$TRACKED_TARGET" 2>&1 >/dev/null)"; rc=$?
.softhouse/capture/t304-evidence-destruction/instruments/50-guard-red-green.sh	ext	60	redirect	err="$(T304_EVIDENCE_SCRATCH= t304_evidence_root "$DOTDOT" 2>&1 >/dev/null)"; rc=$?
.softhouse/capture/t304-evidence-destruction/instruments/50-guard-red-green.sh	ext	70	redirect	err="$(T304_EVIDENCE_SCRATCH= t304_evidence_root "$VIA_LINK" 2>&1 >/dev/null)"; rc=$?
.softhouse/capture/t304-evidence-destruction/instruments/50-guard-red-green.sh	ext	77	redirect	echo "--- R2  no target -> REFUSE 2"
.softhouse/capture/t304-evidence-destruction/instruments/50-guard-red-green.sh	ext	78	redirect	err="$(t304_evidence_root "" 2>&1 >/dev/null)"; rc=$?
.softhouse/capture/t304-evidence-destruction/instruments/50-guard-red-green.sh	ext	81	redirect	echo "--- R3  outside any git work tree -> REFUSE 2 (cannot measure => refuse)"
.softhouse/capture/t304-evidence-destruction/instruments/50-guard-red-green.sh	ext	83	redirect	err="$(cd "$NOGIT" && GIT_CEILING_DIRECTORIES="$NOGIT" t304_evidence_root "$NOGIT/x" 2>&1 >/dev/null)"; rc=$?
.softhouse/capture/t304-evidence-destruction/instruments/60-wire-guard.py	ext	5	rm	`EV=` line it must follow and the measured count of TRACKED files its `rm -rf` destroys.
.softhouse/capture/t304-evidence-destruction/instruments/70-drive-in-scratch-clone.sh	ext	23	rm	rm -rf "$SCRATCH"
.softhouse/capture/t304-evidence-destruction/instruments/80-foreign-writes.py	ext	9	redirect	git show "$REV:docs/adr/DEC-2-gl-accounting-adapter.md" > "$T/rev4.md"
.softhouse/capture/t304-evidence-destruction/instruments/80-foreign-writes.py	ext	22	redirect	OWN     — target under the writer's own `.softhouse/<kind>/<task>/` directory.
.softhouse/capture/t304-evidence-destruction/instruments/80-foreign-writes.py	ext	48	redirect	if len(v) > 1 and v[0] == v[-1] and v[0] in '"\'':
.softhouse/capture/t304-evidence-destruction/instruments/80-foreign-writes.py	ext	87	redirect	return path.split('/')[0] if '/' in path else '<root>'
.softhouse/capture/t304-evidence-destruction/instruments/80-foreign-writes.py	ext	148	redirect	if len(own) > 40:
.softhouse/capture/t304-evidence-destruction/instruments/refuse-if-tracked.sh	ext	60	redirect	t304__abs="$(printf '%s' "$t304__abs" | awk -F/ '{n=0;for(i=1;i<=NF;i++){if($i==""||$i==".")continue;if($i==".."){if(n>0)n--;continue}n++;a[n]=$i}s="";for(i=1;i<=n;i++)s=s"/"a[i];i
.softhouse/capture/t305-openingbalance-accepting-side/capsql.sh	ext+execbit	54	rm	trap 'rm -rf "$TMPD"' EXIT HUP INT TERM QUIT
.softhouse/capture/t305-openingbalance-accepting-side/capsql.sh	ext+execbit	62	redirect	docker exec -i "$DBC" psql -U "$DBUSER" -d "$DB" -Atc 'SELECT 1' >/dev/null 2>&1 || probe=$?
.softhouse/capture/t305-openingbalance-accepting-side/capsql.sh	ext+execbit	74	redirect	docker exec -i "$DBC" psql -U "$DBUSER" -d "$DB" -f - < "$TMPSQL" > "$TMPOUT" 2>&1 || rc=$?
.softhouse/capture/t305-openingbalance-accepting-side/capsql.sh	ext+execbit	76	redirect	if command -v shasum >/dev/null 2>&1; then
.softhouse/capture/t305-openingbalance-accepting-side/capsql.sh	ext+execbit	82	mv	mv "$TMPOUT" "$TXT"
.softhouse/capture/t305-openingbalance-accepting-side/capsql.sh	ext+execbit	83	mv	mv "$TMPSQL" "$SQL"
.softhouse/capture/t305-openingbalance-accepting-side/capsql.sh	ext+execbit	84	redirect	printf '%s  %s\n' "$SHA" "$NAME.sql" > "$SQLSHA"
.softhouse/capture/t305-openingbalance-accepting-side/capsql.sh	ext+execbit	94	redirect	} > "$REC"
.softhouse/capture/t305-openingbalance-accepting-side/guard-accepting-capture.sh	ext+execbit	61	redirect	if ! docker exec -i "$DBC" psql -U "$DBUSER" -d "$DBNAME_STORE" -Atc 'SELECT 1' >/dev/null 2>&1; then
.softhouse/capture/t305-openingbalance-accepting-side/guard-accepting-capture.sh	ext+execbit	123	redirect	say "  ok    C4 type 300 -> GL $(printf '%s' "$FA" | cut -d':' -f1), classification_enum 3 (EQUITY)."
.softhouse/capture/t305-openingbalance-accepting-side/guard-accepting-capture.sh	ext+execbit	142	redirect	say "  --> tenant '$ID' QUALIFIES on all five."
.softhouse/capture/t305-openingbalance-accepting-side/guard-accepting-capture.sh	ext+execbit	145	redirect	say "  --> tenant '$ID' REFUSED."
.softhouse/capture/t305-openingbalance-accepting-side/manifest.sh	ext+execbit	9	redirect	find sql out -type f ! -name .DS_Store 2>/dev/null | LC_ALL=C sort > /tmp/.t305files.$$
.softhouse/capture/t305-openingbalance-accepting-side/manifest.sh	ext+execbit	10	truncate	: > MANIFEST.sha256
.softhouse/capture/t305-openingbalance-accepting-side/manifest.sh	ext+execbit	12	redirect	if command -v shasum >/dev/null 2>&1; then shasum -a 256 "$f" >> MANIFEST.sha256
.softhouse/capture/t305-openingbalance-accepting-side/manifest.sh	ext+execbit	15	rm	rm -f /tmp/.t305files.$$
.softhouse/capture/t305-openingbalance-accepting-side/red-drive-conformance-guard.sh	ext+execbit	29	rm	trap 'rm -rf "$TMPD"' EXIT HUP INT TERM QUIT
.softhouse/capture/t305-openingbalance-accepting-side/red-drive-conformance-guard.sh	ext+execbit	33	redirect	sed -n '/^guard_accepting_side_gap_declared() {$/,/^}$/p' "$SRC" > "$FN"
.softhouse/capture/t305-openingbalance-accepting-side/red-drive-conformance-guard.sh	ext+execbit	45	redirect	cat > "$TMPD/harness.sh" <<'H'
.softhouse/capture/t305-openingbalance-accepting-side/red-drive-conformance-guard.sh	ext+execbit	54	redirect	printf '{"capabilities":[{"name":"x","evidence":"nothing here"}]}\n' > "$1/.softhouse/vectors/capabilities-ledger.json"
.softhouse/capture/t305-openingbalance-accepting-side/red-drive-conformance-guard.sh	ext+execbit	55	redirect	( cd "$1" && git init -q . && git config user.email t@t && git config user.name t ) >/dev/null 2>&1
.softhouse/capture/t305-openingbalance-accepting-side/red-drive-conformance-guard.sh	ext+execbit	57	redirect	addmarker() { printf '{"capabilities":[{"name":"x","evidence":"T305-ACCEPTING-SIDE-GAP open"}]}\n' > "$1/.softhouse/vectors/capabilities-ledger.json"; }
.softhouse/capture/t305-openingbalance-accepting-side/red-drive-conformance-guard.sh	ext+execbit	58	redirect	addaccept() { printf '{"request":{"command":"defineOpeningBalance"},"expect":{"kind":"entry"}}\n' > "$1/.softhouse/vectors/ledger/ACCEPT.json"; }
.softhouse/capture/t305-openingbalance-accepting-side/red-drive-conformance-guard.sh	ext+execbit	59	redirect	addrefusal(){ printf '{"request":{"command":"defineOpeningBalance"},"expect":{"kind":"refusal"}}\n' > "$1/.softhouse/vectors/ledger/REFUSE.json"; }
.softhouse/capture/t305-openingbalance-accepting-side/red-drive-conformance-guard.sh	ext+execbit	61	redirect	run() { # run TREE -> prints combined output, returns the guard's rc
.softhouse/capture/t305-openingbalance-accepting-side/red-drive-conformance-guard.sh	ext+execbit	79	redirect	arm "ARM 1 gap OPEN, declaration REMOVED -> refuses" "$T1" 1 "NOTHING DECLARES IT"
.softhouse/capture/t305-openingbalance-accepting-side/red-drive-conformance-guard.sh	ext+execbit	83	redirect	arm "ARM 2 gap OPEN and DECLARED -> passes" "$T2" 0 "OPEN AND DECLARED"
.softhouse/capture/t305-openingbalance-accepting-side/red-drive-conformance-guard.sh	ext+execbit	87	redirect	arm "ARM 3 gap CLOSED but declaration STALE -> refuses" "$T3" 1 "DECLARATION IS NOW STALE"
.softhouse/capture/t305-openingbalance-accepting-side/red-drive-conformance-guard.sh	ext+execbit	91	redirect	arm "ARM 4 gap CLOSED and declaration removed -> passes" "$T4" 0 "CLOSED, and the declaration was removed"
.softhouse/capture/t305-openingbalance-accepting-side/red-drive-conformance-guard.sh	ext+execbit	102	redirect	echo "authorised" > "$T6/.softhouse/capture/t999-rig/attest/gerege.disposable"
.softhouse/capture/t305-openingbalance-accepting-side/red-drive-conformance-guard.sh	ext+execbit	103	redirect	( cd "$T6" && git add -A && git commit -qm x ) >/dev/null 2>&1
.softhouse/capture/t305-openingbalance-accepting-side/red-drive-conformance-guard.sh	ext+execbit	110	redirect	echo "scratch" > "$T7/.softhouse/capture/t999-rig/attest/gerege.disposable"
.softhouse/capture/t305-openingbalance-accepting-side/red-drive-gate.sh	ext+execbit	43	rm	trap 'rm -rf "$TMPD"; rm -f "$DIR/attest/default.disposable"; rmdir "$DIR/attest" 2>/dev/null' EXIT HUP INT TERM QUIT
.softhouse/capture/t305-openingbalance-accepting-side/red-drive-gate.sh	ext+execbit	46	redirect	rc=0; sh "$G" > "$TMPD/arm1.txt" 2>&1 || rc=$?
.softhouse/capture/t305-openingbalance-accepting-side/red-drive-gate.sh	ext+execbit	55	redirect	grepcheck "ARM 1 C4 ok on gerege (GL 15 EQUITY)"  "$TMPD/arm1.txt" 'ok    C4 type 300 -> GL 15'
.softhouse/capture/t305-openingbalance-accepting-side/red-drive-gate.sh	ext+execbit	62	redirect	DBC=no-such-container-t305 sh "$G" > "$TMPD/arm2.txt" 2>&1 || rc=$?
.softhouse/capture/t305-openingbalance-accepting-side/red-drive-gate.sh	ext+execbit	70	redirect	cat > "$DIR/attest/default.disposable" <<'ATT'
.softhouse/capture/t305-openingbalance-accepting-side/red-drive-gate.sh	ext+execbit	75	redirect	rc=0; sh "$G" > "$TMPD/arm3.txt" 2>&1 || rc=$?
.softhouse/capture/t305-openingbalance-accepting-side/red-drive-gate.sh	ext+execbit	79	rm	rm -f "$DIR/attest/default.disposable"; rmdir "$DIR/attest" 2>/dev/null
.softhouse/capture/t305-openingbalance-accepting-side/red-drive-gate.sh	ext+execbit	80	redirect	rc=0; sh "$G" > "$TMPD/arm3b.txt" 2>&1 || rc=$?
.softhouse/capture/t305-openingbalance-accepting-side/throwaway/build-vector.py	ext	37	redirect	"""'250000.250000' -> 25000025, by exact integer/string arithmetic.
.softhouse/capture/t305-openingbalance-accepting-side/throwaway/capture.sh	ext	46	redirect	docker exec -i "$DBC" psql -U "$DBUSER" -d "$DBNAME" -Atc 'SELECT 1' >/dev/null 2>&1 || refuse "F2 $DBC/$DBNAME unreachable."
.softhouse/capture/t305-openingbalance-accepting-side/throwaway/capture.sh	ext	63	tee	[ -f "$BASE" ] || refuse "F5 no standing baseline at $BASE. Run guard-throwaway-isolation.sh | tee out/STANDING-baseline.txt first."
.softhouse/capture/t305-openingbalance-accepting-side/throwaway/capture.sh	ext	98	redirect	cat > "$REQ/ob-accept-01.json" <<JSON
.softhouse/capture/t305-openingbalance-accepting-side/throwaway/capture.sh	ext	139	redirect	printf '%s' "$CODE" > "$OUT/$NAME.status"
.softhouse/capture/t305-openingbalance-accepting-side/throwaway/capture.sh	ext	142	redirect	shasum -a 256 "$OUT/$NAME.req" | awk '{print $1}' > "$OUT/$NAME.req.sha256"
.softhouse/capture/t305-openingbalance-accepting-side/throwaway/capture.sh	ext	143	redirect	shasum -a 256 "$OUT/$NAME.json" | awk '{print $1}' > "$OUT/$NAME.json.sha256"
.softhouse/capture/t305-openingbalance-accepting-side/throwaway/capture.sh	ext	145	redirect	printf '%s\n' "$CAPTURED_AT" > "$OUT/$NAME.captured-at-utc"
.softhouse/capture/t305-openingbalance-accepting-side/throwaway/capture.sh	ext	165	redirect	} > "$OUT/$NAME.http"
.softhouse/capture/t305-openingbalance-accepting-side/throwaway/capture.sh	ext	172	redirect	"$B/journalentries?transactionId=$TXN&limit=50" -H "$A" -H "$T" > "$OUT/$RB.status"
.softhouse/capture/t305-openingbalance-accepting-side/throwaway/capture.sh	ext	173	redirect	shasum -a 256 "$OUT/$RB.json" | awk '{print $1}' > "$OUT/$RB.json.sha256"
.softhouse/capture/t305-openingbalance-accepting-side/throwaway/capture.sh	ext	184	redirect	} > "$OUT/$RB.http"
.softhouse/capture/t305-openingbalance-accepting-side/throwaway/capture.sh	ext	189	redirect	> "$OUT/$DB.json"
.softhouse/capture/t305-openingbalance-accepting-side/throwaway/capture.sh	ext	190	redirect	shasum -a 256 "$OUT/$DB.json" | awk '{print $1}' > "$OUT/$DB.json.sha256"
.softhouse/capture/t305-openingbalance-accepting-side/throwaway/capture.sh	ext	203	redirect	} > "$OUT/$DB.http"
.softhouse/capture/t305-openingbalance-accepting-side/throwaway/capture2.sh	ext	73	redirect	printf '%s' "$code" > "$OUT/$name.status"
.softhouse/capture/t305-openingbalance-accepting-side/throwaway/capture2.sh	ext	74	redirect	shasum -a 256 "$OUT/$name.req"  | awk '{print $1}' > "$OUT/$name.req.sha256"
.softhouse/capture/t305-openingbalance-accepting-side/throwaway/capture2.sh	ext	75	redirect	shasum -a 256 "$OUT/$name.json" | awk '{print $1}' > "$OUT/$name.json.sha256"
.softhouse/capture/t305-openingbalance-accepting-side/throwaway/capture2.sh	ext	77	redirect	printf '%s\n' "$at" > "$OUT/$name.captured-at-utc"
.softhouse/capture/t305-openingbalance-accepting-side/throwaway/capture2.sh	ext	91	redirect	} > "$OUT/$name.http"
.softhouse/capture/t305-openingbalance-accepting-side/throwaway/capture2.sh	ext	94	redirect	say "  POST $path -> HTTP $code"
.softhouse/capture/t305-openingbalance-accepting-side/throwaway/capture2.sh	ext	109	redirect	cat > "$REQ/mje-accept-01.json" <<JSON
.softhouse/capture/t305-openingbalance-accepting-side/throwaway/capture2.sh	ext	137	tee	| tee "$OUT/NONCONTRA-ids-before-A4.txt"
.softhouse/capture/t305-openingbalance-accepting-side/throwaway/capture2.sh	ext	149	tee	| tee "$OUT/COMMAND-SOURCE-audit.txt"
.softhouse/capture/t305-openingbalance-accepting-side/throwaway/capture2.sh	ext	154	tee	| tee "$OUT/FINAL-ledger.txt"
.softhouse/capture/t305-openingbalance-accepting-side/throwaway/capture2.sh	ext	157	redirect	> "$OUT/FINAL-ledger-db.json"
.softhouse/capture/t305-openingbalance-accepting-side/throwaway/capture2.sh	ext	158	redirect	shasum -a 256 "$OUT/FINAL-ledger-db.json" | awk '{print $1}' > "$OUT/FINAL-ledger-db.json.sha256"
.softhouse/capture/t305-openingbalance-accepting-side/throwaway/manifest.sh	ext	9	redirect	find req out -type f ! -name .DS_Store 2>/dev/null | LC_ALL=C sort > /tmp/.t305tfiles.$$
.softhouse/capture/t305-openingbalance-accepting-side/throwaway/manifest.sh	ext	10	truncate	: > MANIFEST.sha256
.softhouse/capture/t305-openingbalance-accepting-side/throwaway/manifest.sh	ext	12	redirect	if command -v shasum >/dev/null 2>&1; then shasum -a 256 "$f" >> MANIFEST.sha256
.softhouse/capture/t305-openingbalance-accepting-side/throwaway/manifest.sh	ext	15	rm	rm -f /tmp/.t305tfiles.$$
.softhouse/capture/t305-openingbalance-accepting-side/throwaway/red-drive-port.sh	ext	27	rm	rm -f "$BAK"
.softhouse/capture/t305-openingbalance-accepting-side/throwaway/run-all.sh	ext	29	rm	rm -rf "$OUT" "$DIR/req"
.softhouse/capture/t305-openingbalance-accepting-side/throwaway/run-all.sh	ext	33	redirect	bash "$DIR/guard-throwaway-isolation.sh" > "$OUT/STANDING-baseline.txt" 2>&1 || {
.softhouse/capture/t305-openingbalance-accepting-side/throwaway/run-all.sh	ext	46	tee	curl -sk https://localhost:8444/fineract-provider/actuator/health | tee "$OUT/THROWAWAY-health.txt"; printf '\n'
.softhouse/capture/t305-openingbalance-accepting-side/throwaway/run-all.sh	ext	50	tee	bash "$DIR/setup.sh" 2>&1 | tee "$OUT/SETUP.txt"
.softhouse/capture/t305-openingbalance-accepting-side/throwaway/run-all.sh	ext	53	tee	bash "$DIR/capture.sh" 2>&1 | tee "$OUT/CAPTURE.txt"
.softhouse/capture/t305-openingbalance-accepting-side/throwaway/run-all.sh	ext	56	tee	bash "$DIR/capture2.sh" 2>&1 | tee "$OUT/CAPTURE2.txt"
.softhouse/capture/t305-openingbalance-accepting-side/throwaway/run-all.sh	ext	59	tee	bash "$DIR/down.sh" 2>&1 | tee "$OUT/TEARDOWN.txt"
.softhouse/capture/t305-openingbalance-accepting-side/throwaway/setup.sh	ext	35	redirect	printf '%s' "$code" > "$OUT/$name.status"
.softhouse/capture/t305-openingbalance-accepting-side/throwaway/setup.sh	ext	43	redirect	printf '%s' "$code" > "$OUT/$name.status"
.softhouse/capture/t305-openingbalance-accepting-side/throwaway/setup.sh	ext	52	redirect	printf '%s' '{"currencies":["MNT"]}' > "$DIR/req/s01-currencies.json"
.softhouse/capture/t305-openingbalance-accepting-side/throwaway/setup.sh	ext	56	redirect	printf '%s' '{"name":"T305 Opening Balances Contra","glCode":"T305-3000","manualEntriesAllowed":true,"type":3,"usage":1,"description":"T305 accepting-side capture: financial activi
.softhouse/capture/t305-openingbalance-accepting-side/throwaway/setup.sh	ext	60	redirect	printf '%s' '{"name":"T305 Cash On Hand","glCode":"T305-1000","manualEntriesAllowed":true,"type":1,"usage":1,"description":"T305 accepting-side capture: debit leg target"}' > "$DIR
.softhouse/capture/t305-openingbalance-accepting-side/throwaway/setup.sh	ext	67	redirect	printf '%s' '{"name":"T305 Loans Receivable","glCode":"T305-1100","manualEntriesAllowed":true,"type":1,"usage":1,"description":"T305 accepting-side capture: second debit leg target
.softhouse/capture/t305-openingbalance-accepting-side/throwaway/setup.sh	ext	71	redirect	printf '%s' '{"name":"T305 Borrowings","glCode":"T305-2000","manualEntriesAllowed":true,"type":2,"usage":1,"description":"T305 accepting-side capture: credit leg target"}' > "$DIR/
.softhouse/capture/t305-openingbalance-accepting-side/throwaway/setup.sh	ext	86	redirect	printf '{"financialActivityId":300,"glAccountId":%s}' "$CONTRA" > "$DIR/req/s03-financialactivity.json"
.softhouse/capture/t305-openingbalance-accepting-side/throwaway/setup.sh	ext	90	redirect	echo "financial activity 300 ->"
.softhouse/capture/t307-refusal-args/instruments/10-amend-committed-date-vectors.py	ext	41	redirect	"errors[0].args IS NOW GRADED, as expect.refusal.arg_echo -> the cell "
.softhouse/capture/t307-refusal-args/instruments/10-amend-committed-date-vectors.py	ext	74	redirect	"errors[0].args IS NOW GRADED, as expect.refusal.arg_echo -> the cell "
.softhouse/capture/t307-refusal-args/instruments/10-amend-committed-date-vectors.py	ext	107	redirect	def main() -> int:
.softhouse/capture/t307-refusal-args/instruments/20-build-ldg-refuse-06.py	ext	56	redirect	def sha256(p: Path) -> str:
.softhouse/capture/t307-refusal-args/instruments/20-build-ldg-refuse-06.py	ext	60	redirect	def main() -> int:
.softhouse/capture/t307-refusal-args/instruments/20-build-ldg-refuse-06.py	ext	63	redirect	def guard(name: str, ok: bool, detail: str) -> bool:
.softhouse/capture/t307-refusal-args/instruments/20-build-ldg-refuse-06.py	ext	145	redirect	"[ApiParameterError.java:95-105], and :815 passes a List<String> as one vararg Object. The "
.softhouse/capture/t307-refusal-args/instruments/30-load-bearing-drive.sh	ext+execbit	48	redirect	-oracle-probe=skipped -store="$1" -ledger-impl="$2" ) >"$3" 2>&1
.softhouse/capture/t307-refusal-args/instruments/30-load-bearing-drive.sh	ext+execbit	53	rm	trap 'rm -rf "$scratch"' EXIT
.softhouse/capture/t307-refusal-args/instruments/30-load-bearing-drive.sh	ext+execbit	59	rm	rm -f "$scratch/ledger/$VECTOR"
.softhouse/capture/t307-refusal-args/instruments/40-amend-capability-row.py	ext	91	redirect	def main() -> int:
.softhouse/capture/t309-sigterm-reconcile-bypass/drive-deadline.zsh	ext	20	rm	trap 'rm -rf "$WORK"' EXIT
.softhouse/capture/t309-sigterm-reconcile-bypass/drive-deadline.zsh	ext	27	redirect	git -C "$SRC" show "HEAD:.softhouse/bin/ready-tasks.py" > "$WORK/repo/.softhouse/bin/ready-tasks.py" || exit 1
.softhouse/capture/t309-sigterm-reconcile-bypass/drive-deadline.zsh	ext	39	rm	rm -f "$WORK/repo/.softhouse/LOCK"     # no lock => wrapper authority
.softhouse/capture/t309-sigterm-reconcile-bypass/drive-in-session.zsh	ext	25	rm	trap 'rm -rf "$WORK"' EXIT
.softhouse/capture/t309-sigterm-reconcile-bypass/drive-in-session.zsh	ext	47	redirect	print -r -- "-> a \`claude\` IS in the chain: \`in_session\` mode is genuinely under test."
.softhouse/capture/t309-sigterm-reconcile-bypass/drive-in-session.zsh	ext	55	rm	rm -rf "$WORK/repo"
.softhouse/capture/t309-sigterm-reconcile-bypass/drive-in-session.zsh	ext	61	redirect	git -C "$SRC" show "$rev:.softhouse/bin/ready-tasks.py" > "$WORK/repo/.softhouse/bin/ready-tasks.py" || exit 1
.softhouse/capture/t309-sigterm-reconcile-bypass/drive-in-session.zsh	ext	69	redirect	t("T801", dead_fire),      # a corpse from a DEAD fire        -> DEMOTE
.softhouse/capture/t309-sigterm-reconcile-bypass/drive-in-session.zsh	ext	70	redirect	t("T802", lock_fire),      # a LIVE sibling of the lock holder -> WITHHOLD
.softhouse/capture/t309-sigterm-reconcile-bypass/drive-in-session.zsh	ext	71	redirect	t("T803", None),           # no `fire` key at all              -> WITHHOLD
.softhouse/capture/t309-sigterm-reconcile-bypass/drive-in-session.zsh	ext	73	redirect	t("T805", ""),             # empty string                      -> WITHHOLD
.softhouse/capture/t309-sigterm-reconcile-bypass/drive-in-session.zsh	ext	74	redirect	t("T806", dead_fire),      # a second corpse                   -> DEMOTE
.softhouse/capture/t309-sigterm-reconcile-bypass/drive-in-session.zsh	ext	76	redirect	tasks[3]["fire"] = None        # explicit JSON null                -> WITHHOLD
.softhouse/capture/t309-sigterm-reconcile-bypass/drive-in-session.zsh	ext	80	redirect	git -C "$WORK/repo" add -A >/dev/null 2>&1
.softhouse/capture/t309-sigterm-reconcile-bypass/drive-in-session.zsh	ext	87	redirect	print -r -- "{\"holder\":\"local-launchd\",\"host\":\"$(hostname -s)\",\"pid\":$$,\"fire\":\"$f\"}" > "$WORK/repo/.softhouse/LOCK"
.softhouse/capture/t309-sigterm-reconcile-bypass/drive-in-session.zsh	ext	89	redirect	print -r -- "{\"holder\":\"local-launchd\",\"host\":\"$(hostname -s)\",\"pid\":$$}" > "$WORK/repo/.softhouse/LOCK"
.softhouse/capture/t309-sigterm-reconcile-bypass/drive-in-session.zsh	ext	167	rm	rm -f "$WORK/repo/.softhouse/LOCK"
.softhouse/capture/t309-sigterm-reconcile-bypass/drive-sigterm.zsh	ext	62	rm	if (( ! KEEP )); then trap 'rm -rf "$WORK"' EXIT; fi
.softhouse/capture/t309-sigterm-reconcile-bypass/drive-sigterm.zsh	ext	85	redirect	git -C "$SRC" show "$REV:.softhouse/bin/fire-program.sh"      > .softhouse/bin/fire-program.sh || exit 1
.softhouse/capture/t309-sigterm-reconcile-bypass/drive-sigterm.zsh	ext	86	redirect	git -C "$SRC" show "$REV:.softhouse/bin/ready-tasks.py"       > .softhouse/bin/ready-tasks.py  || exit 1
.softhouse/capture/t309-sigterm-reconcile-bypass/drive-sigterm.zsh	ext	87	redirect	git -C "$SRC" show "$REV:.softhouse/bin/lib-worktree-prune.zsh" > .softhouse/bin/lib-worktree-prune.zsh || exit 1
.softhouse/capture/t309-sigterm-reconcile-bypass/drive-sigterm.zsh	ext	93	redirect	cat > .softhouse/bin/ready-tasks.py <<'WEDGEEOF'
.softhouse/capture/t309-sigterm-reconcile-bypass/drive-sigterm.zsh	ext	122	redirect	print "# a placeholder so the repo has a first commit" > README.md
.softhouse/capture/t309-sigterm-reconcile-bypass/drive-sigterm.zsh	ext	134	redirect	cat > "$WORK/claude" <<'EOF'
.softhouse/capture/t309-sigterm-reconcile-bypass/drive-sigterm.zsh	ext	148	redirect	cat > "$WORK/launch.zsh" <<EOF
.softhouse/capture/t309-sigterm-reconcile-bypass/drive-sigterm.zsh	ext	150	redirect	print -r -- \$\$ > "$WORK/wrapper.pid"
.softhouse/capture/t309-sigterm-reconcile-bypass/drive-sigterm.zsh	ext	172	rm	rm -f "$WORK/wrapper.pid"
.softhouse/capture/t309-sigterm-reconcile-bypass/drive-sigterm.zsh	ext	173	redirect	( /bin/zsh "$WORK/launch.zsh" >"$WORK/launch.out" 2>&1 & )
.softhouse/capture/t309-sigterm-reconcile-bypass/drive-sigterm.zsh	ext	218	redirect	print "SIGTERM -> wrapper exit: ${ELAPSED}s   (launchd's grace is ~20s)"
.softhouse/capture/t309-sigterm-reconcile-bypass/drive-stale-fire.zsh	ext	42	redirect	git -C $SRC show $LOCKCOMMIT:.softhouse/tasks.json > .softhouse/tasks.json || exit 1
.softhouse/capture/t309-sigterm-reconcile-bypass/drive-stale-fire.zsh	ext	47	redirect	git -C $SRC show HEAD:.softhouse/tasks.json > .softhouse/tasks.json || exit 1
.softhouse/capture/t309-sigterm-reconcile-bypass/drive-stale-fire.zsh	ext	59	redirect	cat > .softhouse/LOCK <<EOF
.softhouse/capture/t309-sigterm-reconcile-bypass/drive-stale-fire.zsh	ext	104	redirect	DEMOTED=$(print -r -- "$OUT" | grep -c "in_progress -> needs_retry")
.softhouse/capture/t309-sigterm-reconcile-bypass/drive-stale-fire.zsh	ext	106	redirect	if (( DEMOTED > 0 )); then
.softhouse/capture/t309-sigterm-reconcile-bypass/drive-stale-fire.zsh	ext	114	rm	rm -rf $TMP
.softhouse/capture/t309-sigterm-reconcile-bypass/measure-cost.zsh	ext	40	redirect	print -r -- "launchd's SIGTERM->SIGKILL grace is ~20s (plist sets no ExitTimeOut)"
.softhouse/capture/t309-sigterm-reconcile-bypass/patch1.py	ext	5	redirect	old = '''cat > "$LOCK" <<EOF
.softhouse/capture/t309-sigterm-reconcile-bypass/patch1.py	ext	20	redirect	cat > "$LOCK" <<EOF
.softhouse/capture/t309-sigterm-reconcile-bypass/patch10.py	ext	54	redirect	(23:07:24, T305 `needs_retry -> in_progress`);
.softhouse/capture/t309-sigterm-reconcile-bypass/patch10.py	ext	93	redirect	* branch WIP ("no commits => dead") -- INVERTED for exactly the case that matters.
.softhouse/capture/t309-sigterm-reconcile-bypass/patch5.py	ext	107	rm	rm -f "$REPO/.softhouse/tasks.json.t288.tmp"
.softhouse/capture/t309-sigterm-reconcile-bypass/patch5.py	ext	118	redirect	git add -- \':(top).softhouse/tasks.json\' >/dev/null 2>&1
.softhouse/capture/t309-sigterm-reconcile-bypass/patch5.py	ext	127	redirect	dispatches. A killed worker is dead, not paused. Reconcile: $RECON_VERDICT" >/dev/null 2>&1; then
.softhouse/capture/t309-sigterm-reconcile-bypass/patch5.py	ext	143	rm	rm -f "$LOCK"
.softhouse/capture/t309-sigterm-reconcile-bypass/patch6.py	ext	23	redirect	if ! typeset -f reconcile_tasks_json >/dev/null 2>&1; then
.softhouse/capture/t309-sigterm-reconcile-bypass/patch6.py	ext	33	rm	rm -f "$vf"
.softhouse/capture/t309-sigterm-reconcile-bypass/patch6.py	ext	34	redirect	( reconcile_tasks_json "$@"; print -r -- "$RECON_VERDICT" > "$vf" ) &
.softhouse/capture/t309-sigterm-reconcile-bypass/patch6.py	ext	49	rm	rm -f "$vf"
.softhouse/capture/t309-sigterm-reconcile-bypass/patch7.py	ext	18	rm	rm -f "$LOCK"
.softhouse/capture/t309-sigterm-reconcile-bypass/patch7.py	ext	43	rm	old3 = '''#   2. rm the LOCAL lock    — the half of release_lock that costs nothing and matters
.softhouse/capture/t309-sigterm-reconcile-bypass/patch9.py	ext	54	redirect	old1 = '''  git push -q "$@" >/dev/null 2>&1 &
.softhouse/capture/t309-sigterm-reconcile-bypass/patch9.py	ext	63	redirect	new1 = '''  git push -q "$@" >/dev/null 2>&1 &
.softhouse/capture/t309-sigterm-reconcile-bypass/probe-git-inode.sh	ext	28	rm	trap 'rm -rf "$WORK"' EXIT
.softhouse/capture/t309-sigterm-reconcile-bypass/probe-git-inode.sh	ext	92	redirect	print "=== LEG 2 — git checkout <other-commit> -- <path> ==="
.softhouse/capture/t309-sigterm-reconcile-bypass/probe-git-inode.sh	ext	96	redirect	verdict "git checkout -- <path>" "$IB" "$IA" "$SB" "$SA"
.softhouse/capture/t309-sigterm-reconcile-bypass/probe-zsh-reread.zsh	ext	28	rm	trap 'rm -rf "$WORK"' EXIT
.softhouse/capture/t309-sigterm-reconcile-bypass/probe-zsh-reread.zsh	ext	57	mv	{ /bin/sleep 1; cp "$WORK/$name.new" "$WORK/$name.tmp"; mv -f "$WORK/$name.tmp" "$WORK/$name.zsh" } &
.softhouse/capture/t309-sigterm-reconcile-bypass/probe-zsh-reread.zsh	ext	59	redirect	{ /bin/sleep 1; cat "$WORK/$name.new" > "$WORK/$name.zsh" } &
.softhouse/capture/t309-sigterm-reconcile-bypass/probe-zsh-reread.zsh	ext	73	redirect	leg A small "in-place rewrite, SAME inode, small file (cat > file)"
.softhouse/capture/t309-sigterm-reconcile-bypass/probe-zsh-reread.zsh	ext	74	redirect	leg B big   "in-place rewrite, SAME inode, ~90 KB file (cat > file)"
.softhouse/capture/t309-sigterm-reconcile-bypass/run-matrix.zsh	ext	27	redirect	print -r -- "$out" | /usr/bin/awk '/^wrapper sha256|^resolver sha256|planted a foreign|^wrapper pid|parent pid|SIGTERM -> wrapper|still in_progress|^VERDICT|ELAPSED_SECONDS|reconci
.softhouse/capture/t309-sigterm-reconcile-bypass/run-matrix.zsh	ext	31	redirect	print -r -- ">>> CELL PASS: $label  (VERDICT_RC=$got, SIGTERM->exit ${el}s)"
.softhouse/capture/t309-sigterm-reconcile-bypass/run-ownership-matrix.zsh	ext	30	redirect	git -C $WT show df28ced:.softhouse/bin/ready-tasks.py > $PRE || exit 1
.softhouse/capture/t309-sigterm-reconcile-bypass/run-ownership-matrix.zsh	ext	61	redirect	git -C $SRC show $headcommit:.softhouse/tasks.json > .softhouse/tasks.json
.softhouse/capture/t309-sigterm-reconcile-bypass/run-ownership-matrix.zsh	ext	64	redirect	git -C $SRC show $lockcommit:.softhouse/tasks.json > .softhouse/tasks.json
.softhouse/capture/t309-sigterm-reconcile-bypass/run-ownership-matrix.zsh	ext	68	redirect	git -C $SRC show $headcommit:.softhouse/tasks.json > .softhouse/tasks.json
.softhouse/capture/t309-sigterm-reconcile-bypass/run-ownership-matrix.zsh	ext	70	redirect	git commit -q -m "softhouse: dispatch record" >/dev/null 2>&1 || true
.softhouse/capture/t309-sigterm-reconcile-bypass/run-ownership-matrix.zsh	ext	73	redirect	> .softhouse/LOCK
.softhouse/capture/t309-sigterm-reconcile-bypass/run-ownership-matrix.zsh	ext	76	redirect	> .softhouse/LOCK
.softhouse/capture/t309-sigterm-reconcile-bypass/run-ownership-matrix.zsh	ext	88	redirect	n=$(print -r -- "$out" | grep -c "in_progress -> needs_retry")
.softhouse/capture/t309-sigterm-reconcile-bypass/run-ownership-matrix.zsh	ext	109	rm	rm -rf $TMP
.softhouse/capture/t309-sigterm-reconcile-bypass/run-ownership-matrix.zsh	ext	132	rm	rm -rf $PREDIR
.softhouse/capture/t312-branch-case-collision/drive-red.sh	ext	28	redirect	echo base > "$R/file"
.softhouse/capture/t312-branch-case-collision/drive-red.sh	ext	65	redirect	echo "diverged" > "$R/diverged.txt"
.softhouse/capture/t312-branch-case-collision/drive-red.sh	ext	126	redirect	"$PY" "$R/.softhouse/bin/branch_sweep.py" install-hook --repo "$SCRATCH/bare.git" >/dev/null 2>&1 || \
.softhouse/capture/t312-branch-case-collision/drive-red.sh	ext	141	redirect	echo "    refuse this: the packed-refs backend presents a deletion as '0000 0000 <ref>'"
.softhouse/capture/t312-branch-case-collision/drive-wrapper-probe.sh	ext	20	redirect	echo x > "$R/f"
.softhouse/capture/t314-witness-path-forgery/check_verdict_predicate_agreement_t314.py	ext+execbit	34	redirect	chosen").  T259 -> T268 -> T281 -> T286 -> T291.  T291 beat T286's phrasing -- "a record is a row
.softhouse/capture/t314-witness-path-forgery/check_verdict_predicate_agreement_t314.py	ext+execbit	62	redirect	GREEN  <=>  W is NON-EMPTY  and no refusal fired.
.softhouse/capture/t314-witness-path-forgery/check_verdict_predicate_agreement_t314.py	ext+execbit	292	redirect	def repo_root() -> Path:
.softhouse/capture/t314-witness-path-forgery/check_verdict_predicate_agreement_t314.py	ext+execbit	382	redirect	def render_path(segments) -> str:
.softhouse/capture/t314-witness-path-forgery/check_verdict_predicate_agreement_t314.py	ext+execbit	438	redirect	def is_verdict_key(k: str) -> bool:
.softhouse/capture/t314-witness-path-forgery/check_verdict_predicate_agreement_t314.py	ext+execbit	455	redirect	if len(head) > 1 and head[1:].isdigit():
.softhouse/capture/t314-witness-path-forgery/check_verdict_predicate_agreement_t314.py	ext+execbit	529	redirect	def check_file(path: Path, reg, ack, rep: Report) -> None:
.softhouse/capture/t314-witness-path-forgery/check_verdict_predicate_agreement_t314.py	ext+execbit	658	redirect	def main(argv=None) -> int:
.softhouse/capture/t314-witness-path-forgery/check_verdict_predicate_agreement_t314.py	ext+execbit	764	redirect	def coverage_digest(rep: Report) -> str:
.softhouse/capture/t314-witness-path-forgery/probe/t314_drive_red_witness_path.py	ext	149	redirect	print("  => a legitimate document still passes on BOTH rules, witness=1: %s"
.softhouse/capture/t314-witness-path-forgery/probe/t314_drive_red_witness_path.py	ext	159	redirect	print("  PRE   rc=%s  line: %s" % (rc1p, wb1p[0].strip() if wb1p else "<none>"))
.softhouse/capture/t314-witness-path-forgery/probe/t314_drive_red_witness_path.py	ext	160	redirect	print("        CTRL line: %s" % (wb_c_pre[0].strip() if wb_c_pre else "<none>"))
.softhouse/capture/t314-witness-path-forgery/probe/t314_drive_red_witness_path.py	ext	164	redirect	print("  POST  rc=%s  line: %s" % (rc1q, wb1q[0].strip() if wb1q else "<none>"))
.softhouse/capture/t314-witness-path-forgery/probe/t314_drive_red_witness_path.py	ext	165	redirect	print("        CTRL line: %s" % (wb_c_post[0].strip() if wb_c_post else "<none>"))
.softhouse/capture/t314-witness-path-forgery/probe/t314_drive_red_witness_path.py	ext	195	redirect	pre_injects = (len(wb2p) > int(f(pb2p, "witness") or 0)
.softhouse/capture/t314-witness-path-forgery/probe/t314_drive_red_witness_path.py	ext	262	redirect	% (tag, hc, (census_lines(so_c) or ["<none>"])[0]))
.softhouse/capture/t314-witness-path-forgery/probe/t314_drive_red_witness_path.py	ext	264	redirect	% (tag, ha, (census_lines(so_a) or ["<none>"])[0]))
.softhouse/capture/t314-witness-path-forgery/probe/t314_drive_red_witness_path.py	ext	291	redirect	lh = (witness_block(so_h) or ["<none>"])[0].strip()
.softhouse/capture/t314-witness-path-forgery/probe/t314_drive_red_witness_path.py	ext	292	redirect	lg = (witness_block(so_g) or ["<none>"])[0].strip()
.softhouse/capture/t314-witness-path-forgery/probe/t314_drive_red_witness_path.py	ext	350	py-rmtree	shutil.rmtree(tmp, ignore_errors=True)
.softhouse/capture/t314-witness-path-forgery/probe/t314_render_path_injective.py	ext	57	redirect	".<key>",               # T292's own key/value marker, as key CONTENT
.softhouse/capture/t314-witness-path-forgery/probe/t314_render_path_injective.py	ext	69	redirect	def render_t292(segments) -> str:
.softhouse/capture/t314-witness-path-forgery/probe/t314_render_path_injective.py	ext	81	redirect	def render_newline_escape_only(segments) -> str:
.softhouse/capture/t314-witness-path-forgery/probe/t314_render_path_injective.py	ext	177	redirect	check(len(c292) > 0, "the T292 arm found NO collision -- the alphabet is vacuous")
.softhouse/capture/t314-witness-path-forgery/probe/t314_render_path_injective.py	ext	178	redirect	check(len(cnaive) > 0, "the NAIVE arm found NO collision -- the alphabet is vacuous")
.softhouse/capture/t314-witness-path-forgery/probe/t314_render_path_injective.py	ext	198	redirect	print("    => escaping the NEWLINE is orthogonal to A1: `cells[0]` contains no character any")
.softhouse/capture/t314-witness-path-forgery/probe/t314_render_path_injective.py	ext	220	redirect	print("   A left inverse EXISTS => the encoding is injective on this domain, constructively.")
.softhouse/capture/t316-dead-path-guards/census_dead_paths.py	ext	70	redirect	PLACEHOLDER_RE = re.compile(r"%[sdrf]|\{[^}]*\}|\$\{?\w+|<[a-zA-Z_]+>")
.softhouse/capture/t316-dead-path-guards/census_dead_paths.py	ext	98	redirect	def repo_root() -> Path:
.softhouse/capture/t316-dead-path-guards/census_dead_paths.py	ext	157	redirect	=> the SAME COMMIT yields frontier rows=102 in a fresh worktree and rows=78 in the main
.softhouse/capture/t316-dead-path-guards/census_dead_paths.py	ext	207	redirect	def _lexical_norm(path: str) -> str:
.softhouse/capture/t316-dead-path-guards/census_dead_paths.py	ext	221	redirect	def resolves(files, dirs, path: str) -> bool:
.softhouse/capture/t316-dead-path-guards/census_dead_paths.py	ext	299	redirect	def main(argv=None) -> int:
.softhouse/capture/t316-dead-path-guards/census_dead_paths.py	ext	357	redirect	print("  EXCLUDED   : templates (placeholder %s/{}/$VAR/<x>) and globs -> INDETERMINATE;")
.softhouse/capture/t316-dead-path-guards/census_dead_paths.py	ext	358	redirect	print("               literals containing WHITESPACE -> PROSE (a message that quotes a path).")
.softhouse/capture/t316-dead-path-guards/drive-red-t316.py	ext	28	git-clean	arms it resets with `git checkout -- .` and `git clean -fd`, and the reset is VERIFIED with
.softhouse/capture/t316-dead-path-guards/drive-red-t316.py	ext	49	redirect	def repo_root() -> Path:
.softhouse/capture/t316-dead-path-guards/drive-red-t316.py	ext	83	redirect	def probe_present(out: str, needle: str) -> bool:
.softhouse/capture/t316-dead-path-guards/drive-red-t316.py	ext	87	redirect	def main() -> int:
.softhouse/capture/t316-dead-path-guards/drive-red-t316.py	ext	142	py-rmtree	p.unlink()
.softhouse/capture/t316-dead-path-guards/drive-red-t316.py	ext	151	py-rmtree	p.unlink()
.softhouse/capture/t316-dead-path-guards/drive-red-t316.py	ext	192	py-rmtree	CENSUS.unlink()
.softhouse/capture/t316-dead-path-guards/drive-red-t316.py	ext	198	py-rmtree	PIN.unlink()
.softhouse/capture/t316-dead-path-guards/drive-red-t316.py	ext	261	py-rmtree	shutil.rmtree(tmp, ignore_errors=True)
.softhouse/capture/t316-dead-path-guards/screen_exit_behaviour.py	ext	47	redirect	def repo_root() -> Path:
.softhouse/capture/t316-dead-path-guards/screen_exit_behaviour.py	ext	57	redirect	def main(argv=None) -> int:
.softhouse/capture/t318-committed-clobber-blindness/instruments/10-cleanliness-gate-census.py	ext	177	truncate	print(f"{'CLASS':16s} {'HITS':>6s} {'FILES':>6s}", file=e)
.softhouse/capture/t318-committed-clobber-blindness/instruments/20-blindness-triage.py	ext	97	truncate	print(f"{'TARGET REPO':16s} {'BLIND':>7s} {'COVERED':>9s}   {'files':>6s}", file=e)
.softhouse/capture/t318-committed-clobber-blindness/instruments/30-red-green-drive.sh	ext	42	truncate	: > "$ARMLOG"
.softhouse/capture/t318-committed-clobber-blindness/instruments/30-red-green-drive.sh	ext	61	rm	rm -rf "$d"
.softhouse/capture/t318-committed-clobber-blindness/instruments/30-red-green-drive.sh	ext	62	redirect	git clone -q --no-hardlinks "$REPO" "$d" >/dev/null 2>&1 || return 1
.softhouse/capture/t318-committed-clobber-blindness/instruments/30-red-green-drive.sh	ext	66	redirect	git -C "$d" checkout -q -B t318-work >/dev/null 2>&1 || return 1
.softhouse/capture/t318-committed-clobber-blindness/instruments/30-red-green-drive.sh	ext	83	redirect	"$GUARD" snapshot "$d" "$ROOT/$id.before" >/dev/null 2>&1 \
.softhouse/capture/t318-committed-clobber-blindness/instruments/30-red-green-drive.sh	ext	86	redirect	( "$mut" "$d" ) >"$ROOT/$id.mutator.log" 2>&1
.softhouse/capture/t318-committed-clobber-blindness/instruments/30-red-green-drive.sh	ext	91	redirect	"$GUARD" snapshot "$d" "$ROOT/$id.after" >/dev/null 2>&1
.softhouse/capture/t318-committed-clobber-blindness/instruments/30-red-green-drive.sh	ext	104	redirect	printf '%s\n' "$out" > "$ROOT/$id.compare.log"
.softhouse/capture/t318-committed-clobber-blindness/instruments/30-red-green-drive.sh	ext	129	redirect	git init -q -b main . >/dev/null 2>&1
.softhouse/capture/t318-committed-clobber-blindness/instruments/30-red-green-drive.sh	ext	132	redirect	printf '{"run_id": "t288-fixture", "tasks": []}\n' > .softhouse/tasks.json
.softhouse/capture/t318-committed-clobber-blindness/instruments/30-red-green-drive.sh	ext	133	redirect	printf '# fixture RESUME\n' > .softhouse/RESUME.md
.softhouse/capture/t318-committed-clobber-blindness/instruments/30-red-green-drive.sh	ext	134	redirect	printf '{"contexts": []}\n' > .softhouse/program.json
.softhouse/capture/t318-committed-clobber-blindness/instruments/30-red-green-drive.sh	ext	135	redirect	git add -A >/dev/null 2>&1
.softhouse/capture/t318-committed-clobber-blindness/instruments/30-red-green-drive.sh	ext	136	redirect	git commit -q -m "fixture: repo with three dead dispatches still marked in_progress" >/dev/null 2>&1
.softhouse/capture/t318-committed-clobber-blindness/instruments/30-red-green-drive.sh	ext	137	redirect	git checkout -q -b softhouse/t901-committed >/dev/null 2>&1
.softhouse/capture/t318-committed-clobber-blindness/instruments/30-red-green-drive.sh	ext	138	redirect	git checkout -q t318-work >/dev/null 2>&1
.softhouse/capture/t318-committed-clobber-blindness/instruments/30-red-green-drive.sh	ext	151	redirect	printf '{"run_id": "t288-fixture", "tasks": []}\n' > .softhouse/tasks.json
.softhouse/capture/t318-committed-clobber-blindness/instruments/30-red-green-drive.sh	ext	152	redirect	printf '# fixture RESUME\n' > .softhouse/RESUME.md
.softhouse/capture/t318-committed-clobber-blindness/instruments/30-red-green-drive.sh	ext	153	redirect	printf '{"contexts": []}\n' > .softhouse/program.json
.softhouse/capture/t318-committed-clobber-blindness/instruments/30-red-green-drive.sh	ext	154	redirect	git add -A >/dev/null 2>&1
.softhouse/capture/t318-committed-clobber-blindness/instruments/30-red-green-drive.sh	ext	155	redirect	git commit -q -m "fixture: three dead dispatches still marked in_progress" >/dev/null 2>&1
.softhouse/capture/t318-committed-clobber-blindness/instruments/30-red-green-drive.sh	ext	164	redirect	printf 'CLOBBERED BY A2\n' > .softhouse/tasks.json
.softhouse/capture/t318-committed-clobber-blindness/instruments/30-red-green-drive.sh	ext	165	redirect	git stash push -q -m "t318-a2" >/dev/null 2>&1
.softhouse/capture/t318-committed-clobber-blindness/instruments/30-red-green-drive.sh	ext	174	redirect	git update-index --assume-unchanged .softhouse/tasks.json >/dev/null 2>&1
.softhouse/capture/t318-committed-clobber-blindness/instruments/30-red-green-drive.sh	ext	175	redirect	printf 'CLOBBERED BY A3 -- and git status will not say so\n' > .softhouse/tasks.json
.softhouse/capture/t318-committed-clobber-blindness/instruments/30-red-green-drive.sh	ext	185	redirect	printf 'A\n' >> CLAUDE.md; git commit -aqm "A" >/dev/null 2>&1
.softhouse/capture/t318-committed-clobber-blindness/instruments/30-red-green-drive.sh	ext	186	redirect	git reset -q --hard "$base" >/dev/null 2>&1
.softhouse/capture/t318-committed-clobber-blindness/instruments/30-red-green-drive.sh	ext	187	redirect	printf 'B\n' >> CLAUDE.md; git commit -aqm "B" >/dev/null 2>&1
.softhouse/capture/t318-committed-clobber-blindness/instruments/30-red-green-drive.sh	ext	188	redirect	git reset -q --hard "$base" >/dev/null 2>&1
.softhouse/capture/t318-committed-clobber-blindness/instruments/30-red-green-drive.sh	ext	190	redirect	git reset -q --hard "${base}~1" >/dev/null 2>&1
.softhouse/capture/t318-committed-clobber-blindness/instruments/30-red-green-drive.sh	ext	200	redirect	git checkout -q -b worktree-agent-shadow >/dev/null 2>&1
.softhouse/capture/t318-committed-clobber-blindness/instruments/30-red-green-drive.sh	ext	208	redirect	git tag t318-stray-tag >/dev/null 2>&1
.softhouse/capture/t318-committed-clobber-blindness/instruments/30-red-green-drive.sh	ext	209	redirect	git notes add -f -m "t318 note" HEAD >/dev/null 2>&1
.softhouse/capture/t318-committed-clobber-blindness/instruments/30-red-green-drive.sh	ext	210	redirect	git update-ref refs/hidden/t318 HEAD >/dev/null 2>&1
.softhouse/capture/t318-committed-clobber-blindness/instruments/30-red-green-drive.sh	ext	230	redirect	printf 'scratch-*\n' > .softhouse/capture/t318-scratchtest/.gitignore
.softhouse/capture/t318-committed-clobber-blindness/instruments/30-red-green-drive.sh	ext	231	redirect	git add .softhouse/capture/t318-scratchtest/.gitignore >/dev/null 2>&1
.softhouse/capture/t318-committed-clobber-blindness/instruments/30-red-green-drive.sh	ext	232	redirect	git commit -qm "fence" >/dev/null 2>&1
.softhouse/capture/t318-committed-clobber-blindness/instruments/30-red-green-drive.sh	ext	233	redirect	printf 'leaked\n' > .softhouse/capture/t318-scratchtest/scratch-leak.json
.softhouse/capture/t318-committed-clobber-blindness/instruments/30-red-green-drive.sh	ext	240	redirect	git branch -q t318-victim >/dev/null 2>&1
.softhouse/capture/t318-committed-clobber-blindness/instruments/30-red-green-drive.sh	ext	246	redirect	[ -n "$victim" ] && git update-ref -d "$victim" >/dev/null 2>&1
.softhouse/capture/t318-committed-clobber-blindness/instruments/30-red-green-drive.sh	ext	247	redirect	git branch -q -D t318-victim >/dev/null 2>&1
.softhouse/capture/t318-committed-clobber-blindness/instruments/30-red-green-drive.sh	ext	263	redirect	printf 'an ordinary worker deliverable\n' > .softhouse/capture/t318-ordinary/notes.md
.softhouse/capture/t318-committed-clobber-blindness/instruments/30-red-green-drive.sh	ext	264	redirect	git add -A >/dev/null 2>&1
.softhouse/capture/t318-committed-clobber-blindness/instruments/30-red-green-drive.sh	ext	265	redirect	git commit -qm "T318: an entirely ordinary commit" >/dev/null 2>&1
.softhouse/capture/t318-committed-clobber-blindness/instruments/30-red-green-drive.sh	ext	274	redirect	printf 'x\n' >> CLAUDE.md;                git commit -aqm "c1" >/dev/null 2>&1
.softhouse/capture/t318-committed-clobber-blindness/instruments/30-red-green-drive.sh	ext	275	redirect	printf '{"run_id":"legit"}\n' > .softhouse/tasks.json; git commit -aqm "c2" >/dev/null 2>&1
.softhouse/capture/t318-committed-clobber-blindness/instruments/30-red-green-drive.sh	ext	276	redirect	printf 'y\n' >> CLAUDE.md;                git commit -aqm "c3" >/dev/null 2>&1
.softhouse/capture/t318-committed-clobber-blindness/instruments/30-red-green-drive.sh	ext	287	redirect	git add -A >/dev/null 2>&1
.softhouse/capture/t318-committed-clobber-blindness/instruments/30-red-green-drive.sh	ext	289	redirect	commit -qm "softhouse: rescue uncommitted deliverables (fire-program.sh idiom)" >/dev/null 2>&1
.softhouse/capture/t318-committed-clobber-blindness/instruments/30-red-green-drive.sh	ext	301	redirect	git checkout -q -b softhouse/T999-legit >/dev/null 2>&1
.softhouse/capture/t318-committed-clobber-blindness/instruments/30-red-green-drive.sh	ext	303	redirect	git commit -aqm "T999 work" >/dev/null 2>&1
.softhouse/capture/t318-committed-clobber-blindness/instruments/30-red-green-drive.sh	ext	313	rm	rm -rf "$d/.git"
.softhouse/capture/t318-committed-clobber-blindness/instruments/40-term-mutation-drive.sh	ext	66	redirect	LC_ALL=C sed "s|DAMAGE+=(\"$anchor|INFO+=(\"$anchor|g" "$GUARD" > "$out" || return 2
.softhouse/capture/t318-committed-clobber-blindness/instruments/40-term-mutation-drive.sh	ext	80	rm	rm -rf "$d"
.softhouse/capture/t318-committed-clobber-blindness/instruments/40-term-mutation-drive.sh	ext	81	redirect	git clone -q --no-hardlinks "$REPO" "$d" >/dev/null 2>&1 || { bad "$mid clone failed"; return; }
.softhouse/capture/t318-committed-clobber-blindness/instruments/40-term-mutation-drive.sh	ext	82	redirect	git -C "$d" config user.name  "SoftFactory"        >/dev/null 2>&1
.softhouse/capture/t318-committed-clobber-blindness/instruments/40-term-mutation-drive.sh	ext	83	redirect	git -C "$d" config user.email "buya.vol@gmail.com" >/dev/null 2>&1
.softhouse/capture/t318-committed-clobber-blindness/instruments/40-term-mutation-drive.sh	ext	84	redirect	git -C "$d" checkout -q -B t318-work               >/dev/null 2>&1
.softhouse/capture/t318-committed-clobber-blindness/instruments/40-term-mutation-drive.sh	ext	89	redirect	( "$T318_PREMUT" "$d" ) >"$ROOT/$mid.premut.log" 2>&1
.softhouse/capture/t318-committed-clobber-blindness/instruments/40-term-mutation-drive.sh	ext	92	redirect	bash "$GUARD" snapshot "$d" "$ROOT/$mid.before" >/dev/null 2>&1 || { bad "$mid before-snapshot refused"; return; }
.softhouse/capture/t318-committed-clobber-blindness/instruments/40-term-mutation-drive.sh	ext	93	redirect	( "$mut" "$d" ) >"$ROOT/$mid.mutator.log" 2>&1
.softhouse/capture/t318-committed-clobber-blindness/instruments/40-term-mutation-drive.sh	ext	94	redirect	bash "$GUARD" snapshot "$d" "$ROOT/$mid.after"  >/dev/null 2>&1 || { bad "$mid after-snapshot refused"; return; }
.softhouse/capture/t318-committed-clobber-blindness/instruments/40-term-mutation-drive.sh	ext	100	redirect	printf '%s\n' "$ro" > "$ROOT/$mid.real.log"
.softhouse/capture/t318-committed-clobber-blindness/instruments/40-term-mutation-drive.sh	ext	101	redirect	printf '%s\n' "$mo" > "$ROOT/$mid.mutant.log"
.softhouse/capture/t318-committed-clobber-blindness/instruments/40-term-mutation-drive.sh	ext	165	redirect	m_premut_detach() { local d="$1"; cd "$d" || return 9; git checkout -q --detach >/dev/null 2>&1; }
.softhouse/capture/t318-committed-clobber-blindness/instruments/40-term-mutation-drive.sh	ext	166	redirect	m_M2b()           { local d="$1"; cd "$d" || return 9; git reset -q --hard HEAD~2 >/dev/null 2>&1; }
.softhouse/capture/t318-committed-clobber-blindness/instruments/50-prune-mitigation-drive.zsh	ext	44	redirect	whence -w wt_prune_check >/dev/null || { print -u2 "wt_prune_check not defined after sourcing"; exit 2 }
.softhouse/capture/t318-committed-clobber-blindness/instruments/50-prune-mitigation-drive.zsh	ext	57	rm	rm -rf "$MAIN"
.softhouse/capture/t318-committed-clobber-blindness/instruments/50-prune-mitigation-drive.zsh	ext	58	redirect	git clone -q --no-hardlinks "$REPO" "$MAIN" >/dev/null 2>&1 || { print -u2 "clone failed"; exit 2 }
.softhouse/capture/t318-committed-clobber-blindness/instruments/50-prune-mitigation-drive.zsh	ext	59	redirect	git -C "$MAIN" config user.name SoftFactory        >/dev/null 2>&1
.softhouse/capture/t318-committed-clobber-blindness/instruments/50-prune-mitigation-drive.zsh	ext	60	redirect	git -C "$MAIN" config user.email buya.vol@gmail.com >/dev/null 2>&1
.softhouse/capture/t318-committed-clobber-blindness/instruments/50-prune-mitigation-drive.zsh	ext	61	redirect	git -C "$MAIN" checkout -q -B main                  >/dev/null 2>&1
.softhouse/capture/t318-committed-clobber-blindness/instruments/50-prune-mitigation-drive.zsh	ext	79	rm	rm -rf "$w"
.softhouse/capture/t318-committed-clobber-blindness/instruments/50-prune-mitigation-drive.zsh	ext	80	redirect	git -C "$MAIN" worktree add -q -b "$2" "$w" main >/dev/null 2>&1 || return 1
.softhouse/capture/t318-committed-clobber-blindness/instruments/50-prune-mitigation-drive.zsh	ext	81	redirect	git -C "$w" config user.name SoftFactory         >/dev/null 2>&1
.softhouse/capture/t318-committed-clobber-blindness/instruments/50-prune-mitigation-drive.zsh	ext	82	redirect	git -C "$w" config user.email buya.vol@gmail.com >/dev/null 2>&1
.softhouse/capture/t318-committed-clobber-blindness/instruments/50-prune-mitigation-drive.zsh	ext	91	redirect	"$GUARD" snapshot "$W1" "$ROOT/p1.before" >/dev/null 2>&1
.softhouse/capture/t318-committed-clobber-blindness/instruments/50-prune-mitigation-drive.zsh	ext	94	redirect	print -r -- '{"run_id": "t288-fixture", "tasks": []}' > .softhouse/tasks.json
.softhouse/capture/t318-committed-clobber-blindness/instruments/50-prune-mitigation-drive.zsh	ext	95	redirect	print -r -- '# fixture RESUME'                        > .softhouse/RESUME.md
.softhouse/capture/t318-committed-clobber-blindness/instruments/50-prune-mitigation-drive.zsh	ext	96	redirect	git add -A >/dev/null 2>&1
.softhouse/capture/t318-committed-clobber-blindness/instruments/50-prune-mitigation-drive.zsh	ext	97	redirect	git commit -q -m "fixture: committed clobber" >/dev/null 2>&1
.softhouse/capture/t318-committed-clobber-blindness/instruments/50-prune-mitigation-drive.zsh	ext	99	redirect	"$GUARD" snapshot "$W1" "$ROOT/p1.after" >/dev/null 2>&1
.softhouse/capture/t318-committed-clobber-blindness/instruments/50-prune-mitigation-drive.zsh	ext	104	redirect	>"$ROOT/p1.guard.log" 2>&1; GRC=$?
.softhouse/capture/t318-committed-clobber-blindness/instruments/50-prune-mitigation-drive.zsh	ext	128	redirect	"$GUARD" snapshot "$W2" "$ROOT/p2.before" >/dev/null 2>&1
.softhouse/capture/t318-committed-clobber-blindness/instruments/50-prune-mitigation-drive.zsh	ext	131	redirect	git update-index --assume-unchanged .softhouse/tasks.json >/dev/null 2>&1
.softhouse/capture/t318-committed-clobber-blindness/instruments/50-prune-mitigation-drive.zsh	ext	133	redirect	> .softhouse/tasks.json
.softhouse/capture/t318-committed-clobber-blindness/instruments/50-prune-mitigation-drive.zsh	ext	135	redirect	"$GUARD" snapshot "$W2" "$ROOT/p2.after" >/dev/null 2>&1
.softhouse/capture/t318-committed-clobber-blindness/instruments/50-prune-mitigation-drive.zsh	ext	141	redirect	>"$ROOT/p2.guard.log" 2>&1; GRC=$?
.softhouse/capture/t319-reconciler-f5/drive-wrapper-fixes.zsh	ext	58	redirect	print -r -- 'TBL' ; } > "$d/ps"
.softhouse/capture/t319-reconciler-f5/drive-wrapper-fixes.zsh	ext	65	redirect	print -r -- "echo n$c" ; } > "$d/lsof"
.softhouse/capture/t319-reconciler-f5/drive-wrapper-fixes.zsh	ext	83	redirect	print -r -- "        (pre-T319 this matched NOTHING: examined=0 -> return 1 = MAY RECONCILE)"
.softhouse/capture/t319-reconciler-f5/drive-wrapper-fixes.zsh	ext	117	rm	rm -rf "$SB"
.softhouse/capture/t319-reconciler-f5/drive-wrapper-fixes.zsh	ext	126	redirect	git init -q -b main main >/dev/null 2>&1
.softhouse/capture/t319-reconciler-f5/drive-wrapper-fixes.zsh	ext	129	redirect	print -r -- seed > seed.txt; git add -A; git commit -q -m seed
.softhouse/capture/t319-reconciler-f5/drive-wrapper-fixes.zsh	ext	130	redirect	git worktree add -q -b worker ../wt >/dev/null 2>&1
.softhouse/capture/t319-reconciler-f5/drive-wrapper-fixes.zsh	ext	132	redirect	print -r -- "deliverable, uncommitted" > "$W/wt/deliverable.md"
.softhouse/capture/t319-reconciler-f5/drive-wrapper-fixes.zsh	ext	135	redirect	print -r -- "stale" > "$LOCKD/index.lock"
.softhouse/capture/t319-reconciler-f5/drive-wrapper-fixes.zsh	ext	142	redirect	git -C "$W/wt" add -A >/dev/null 2>&1; ADD_RC=$?
.softhouse/capture/t319-reconciler-f5/drive-wrapper-fixes.zsh	ext	143	redirect	git -C "$W/wt" -c user.name=Buyan -c user.email=b@l commit -q -m "RESCUED" >/dev/null 2>&1; CM_RC=$?
.softhouse/capture/t319-reconciler-f5/drive-wrapper-fixes.zsh	ext	151	redirect	print -r -- "    pre-T319 logged UNCONDITIONALLY: rescued agent-t319 -> $WB"
.softhouse/capture/t319-reconciler-f5/drive-wrapper-fixes.zsh	ext	155	redirect	ck "verdict matches ground truth (branch absent => NOTHING was rescued)" "NOTHING was rescued" "$VERDICT"
.softhouse/capture/t319-reconciler-f5/drive-wrapper-fixes.zsh	ext	157	rm	rm -rf "$W"
.softhouse/capture/t319-reconciler-f5/probe-objdiff.py	ext	10	redirect	demotable  <=>  id was in_progress at the lock commit
.softhouse/capture/t319-reconciler-f5/probe-objdiff.py	ext	24	redirect	REPO = os.path.abspath(sys.argv[1]) if len(sys.argv) > 1 else os.getcwd()
.softhouse/capture/t319-reconciler-f5/run-ownership-matrix.py	ext	149	redirect	os._exit(0)                    # middle process exits -> grandchild reparents to 1
.softhouse/capture/t319-reconciler-f5/run-ownership-matrix.py	ext	160	py-rmtree	os.unlink(lock_path)
.softhouse/capture/t319-reconciler-f5/run-ownership-matrix.py	ext	236	py-rmtree	os.unlink(lk)
.softhouse/capture/t319-reconciler-f5/run-ownership-matrix.py	ext	325	redirect	"went 7 -> 8 [T302 F6]. The anchor must not move: a review commit does not "
.softhouse/capture/t319-reconciler-f5/run-ownership-matrix.py	ext	399	redirect	if c.get("redispatch") and len(c["commits"]) > 1:
.softhouse/capture/t319-reconciler-f5/run-ownership-matrix.py	ext	475	redirect	n = sum(1 for l in out.splitlines() if "in_progress -> needs_retry" in l)
.softhouse/capture/t319-reconciler-f5/run-ownership-matrix.py	ext	480	py-rmtree	shutil.rmtree(tmp, ignore_errors=True)
.softhouse/capture/t319-reconciler-f5/run-ownership-matrix.py	ext	511	redirect	if len(sys.argv) > 1 and sys.argv[1] == "--stage2":
.softhouse/capture/t319-reconciler-f5/run-ownership-matrix.py	ext	543	py-rmtree	shutil.rmtree(tmp, ignore_errors=True)
.softhouse/capture/t319-reconciler-f5/run-ownership-matrix.py	ext	546	py-rmtree	shutil.rmtree(shimtmp, ignore_errors=True)
.softhouse/capture/t319-reconciler-f5/run-ownership-matrix.py	ext	550	redirect	if len(sys.argv) > 2 and sys.argv[1] == "--stage2":
.softhouse/capture/t321-variable-paths-and-resets/census_variable_paths.py	ext	64	redirect	PLACEHOLDER_RE = re.compile(r"%[sdrf]|\{[^}]*\}|<[a-zA-Z_]+>")
.softhouse/capture/t321-variable-paths-and-resets/census_variable_paths.py	ext	92	redirect	def repo_root() -> Path:
.softhouse/capture/t321-variable-paths-and-resets/census_variable_paths.py	ext	321	redirect	cl, cd, _cu = scan_module("<calibration>", CALIBRATION_SRC, uni, set())
.softhouse/capture/t321-variable-paths-and-resets/drive-reset-contamination-t321.py	ext	29	git-clean	WHY THE HEADLINE IS K8/A1. T316 fixed its decorative reset with `git reset --hard` + `git clean
.softhouse/capture/t321-variable-paths-and-resets/drive-reset-contamination-t321.py	ext	61	redirect	def repo_root() -> Path:
.softhouse/capture/t321-variable-paths-and-resets/drive-reset-contamination-t321.py	ext	125	redirect	"STAGED_ADD":  'printf x > planted.txt && git add planted.txt',
.softhouse/capture/t321-variable-paths-and-resets/drive-reset-contamination-t321.py	ext	126	redirect	"UNTRACKED":   'printf x > planted.txt',
.softhouse/capture/t321-variable-paths-and-resets/drive-reset-contamination-t321.py	ext	127	redirect	"IGNORED":     'mkdir -p ignored-out && printf x > ignored-out/planted.txt',
.softhouse/capture/t321-variable-paths-and-resets/drive-reset-contamination-t321.py	ext	128	redirect	"WT_EDIT":     'printf CHANGED > tracked.txt',
.softhouse/capture/t321-variable-paths-and-resets/drive-reset-contamination-t321.py	ext	129	redirect	"COMMIT":      'printf CHANGED > tracked.txt && git add -A && '
.softhouse/capture/t321-variable-paths-and-resets/drive-reset-contamination-t321.py	ext	146	redirect	return "PRESENT" if len(out.strip().splitlines()) > 1 else "ABSENT"
.softhouse/capture/t321-variable-paths-and-resets/drive-reset-contamination-t321.py	ext	151	git-clean	("K1", "STAGED_ADD", "git checkout -- . && git clean -fd", "PRESENT",
.softhouse/capture/t321-variable-paths-and-resets/drive-reset-contamination-t321.py	ext	153	git-clean	("K2", "STAGED_ADD", "git reset --hard -q && git clean -fdq", "ABSENT",
.softhouse/capture/t321-variable-paths-and-resets/drive-reset-contamination-t321.py	ext	157	git-restore	("K4", "UNTRACKED",  "git reset --hard -q", "PRESENT",
.softhouse/capture/t321-variable-paths-and-resets/drive-reset-contamination-t321.py	ext	159	git-clean	("K5", "UNTRACKED",  "git clean -fdq", "ABSENT", ""),
.softhouse/capture/t321-variable-paths-and-resets/drive-reset-contamination-t321.py	ext	160	git-clean	("K6", "IGNORED",    "git clean -fdq", "PRESENT",
.softhouse/capture/t321-variable-paths-and-resets/drive-reset-contamination-t321.py	ext	162	git-clean	("K7", "IGNORED",    "git clean -fdxq", "ABSENT", ""),
.softhouse/capture/t321-variable-paths-and-resets/drive-reset-contamination-t321.py	ext	163	git-restore	("K8", "WT_EDIT",    "git checkout -- .", "ABSENT", ""),
.softhouse/capture/t321-variable-paths-and-resets/drive-reset-contamination-t321.py	ext	164	git-clean	("K9", "COMMIT",     "git reset --hard -q && git clean -fdxq", "PRESENT",
.softhouse/capture/t321-variable-paths-and-resets/drive-reset-contamination-t321.py	ext	166	git-restore	("K10", "COMMIT",    "git reset --hard -q \"$(git rev-list --max-parents=0 HEAD)\" "
.softhouse/capture/t321-variable-paths-and-resets/drive-reset-contamination-t321.py	ext	167	git-clean	"&& git clean -fdxq", "ABSENT",
.softhouse/capture/t321-variable-paths-and-resets/drive-reset-contamination-t321.py	ext	189	py-rmtree	shutil.rmtree(d, ignore_errors=True)
.softhouse/capture/t321-variable-paths-and-resets/drive-reset-contamination-t321.py	ext	196	git-restore	"reset_hard":  "git reset --hard -q",
.softhouse/capture/t321-variable-paths-and-resets/drive-reset-contamination-t321.py	ext	198	git-restore	"checkout_wt": "git checkout -- .",
.softhouse/capture/t321-variable-paths-and-resets/drive-reset-contamination-t321.py	ext	199	git-restore	"restore_wt":  "git restore .",
.softhouse/capture/t321-variable-paths-and-resets/drive-reset-contamination-t321.py	ext	200	git-clean	"clean_x":     "git clean -fdxq",
.softhouse/capture/t321-variable-paths-and-resets/drive-reset-contamination-t321.py	ext	201	git-clean	"clean_plain": "git clean -fdq",
.softhouse/capture/t321-variable-paths-and-resets/drive-reset-contamination-t321.py	ext	265	py-rmtree	shutil.rmtree(d, ignore_errors=True)
.softhouse/capture/t321-variable-paths-and-resets/drive-reset-contamination-t321.py	ext	283	redirect	"""snapshot -> mutate -> reset -> snapshot -> compare. Exactly the inter-arm shape."""
.softhouse/capture/t321-variable-paths-and-resets/drive-reset-contamination-t321.py	ext	313	py-rmtree	shutil.rmtree(d, ignore_errors=True)
.softhouse/capture/t321-variable-paths-and-resets/drive-reset-contamination-t321.py	ext	316	py-rmtree	f.unlink()
.softhouse/capture/t321-variable-paths-and-resets/drive-reset-contamination-t321.py	ext	325	git-clean	DIRTY["COMMIT"], "git reset --hard -q && git clean -fdxq", 1,
.softhouse/capture/t321-variable-paths-and-resets/drive-reset-contamination-t321.py	ext	329	git-clean	DIRTY["STAGED_ADD"], "git checkout -- . && git clean -fdq", 1,
.softhouse/capture/t321-variable-paths-and-resets/drive-reset-contamination-t321.py	ext	332	git-restore	DIRTY["UNTRACKED"], "git reset --hard -q", 1, expect_porcelain="DIRTY")
.softhouse/capture/t321-variable-paths-and-resets/drive-reset-contamination-t321.py	ext	334	git-clean	DIRTY["IGNORED"], "git clean -fdq", 0, expect_porcelain="CLEAN",
.softhouse/capture/t321-variable-paths-and-resets/drive-reset-contamination-t321.py	ext	338	git-clean	DIRTY["WT_EDIT"], "git checkout -- . && git clean -fdq", 0,
.softhouse/capture/t321-variable-paths-and-resets/drive-reset-contamination-t321.py	ext	346	redirect	attested_arm("L1", "the drive creates its own sanctioned softhouse/<task> branch",
.softhouse/capture/t321-variable-paths-and-resets/drive-reset-contamination-t321.py	ext	357	git-clean	DIRTY["WT_EDIT"], "git reset --hard -q && git clean -fdq", 0,
.softhouse/capture/t321-variable-paths-and-resets/drive-reset-contamination-t321.py	ext	363	redirect	'git status >/dev/null && git log --oneline >/dev/null', "true", 0,
.softhouse/capture/t321-variable-paths-and-resets/drive-reset-contamination-t321.py	ext	379	redirect	sh("printf CHANGED > tracked.txt", d)
.softhouse/capture/t321-variable-paths-and-resets/drive-reset-contamination-t321.py	ext	380	git-restore	sh("git checkout -- .", d)
.softhouse/capture/t321-variable-paths-and-resets/drive-reset-contamination-t321.py	ext	395	py-rmtree	shutil.rmtree(d, ignore_errors=True)
.softhouse/capture/t321-variable-paths-and-resets/drive-reset-contamination-t321.py	ext	398	py-rmtree	f.unlink()
.softhouse/capture/t321-variable-paths-and-resets/probe_gitignore_t321.sh	ext	30	rm	trap 'rm -rf "$SCRATCH"' EXIT
.softhouse/capture/t321-variable-paths-and-resets/probe_gitignore_t321.sh	ext	35	redirect	printf '%s/\n' "$TARGET" > .gitignore
.softhouse/capture/t321-variable-paths-and-resets/probe_gitignore_t321.sh	ext	47	truncate	mkdir -p "$TARGET"; : > "$TARGET/f"
.softhouse/capture/t321-variable-paths-and-resets/probe_gitignore_t321.sh	ext	51	rm	rm -rf "$TARGET"
.softhouse/capture/t321-variable-paths-and-resets/probe_variable_paths_t321.py	ext	33	redirect	DIES      exit or probe-presence changed -> the instrument noticed its input vanish
.softhouse/capture/t321-variable-paths-and-resets/probe_variable_paths_t321.py	ext	34	redirect	SURVIVES  byte-identical verdict with the dependency GONE -> A FAIL-OPEN CANDIDATE
.softhouse/capture/t321-variable-paths-and-resets/probe_variable_paths_t321.py	ext	44	git-restore	clear. It is `git reset --hard <BASELINE SHA>` -- a NAMED REF, because arm K10 of the sibling
.softhouse/capture/t321-variable-paths-and-resets/probe_variable_paths_t321.py	ext	45	git-clean	drive shows a bare `reset --hard` cannot undo a commit -- plus `git clean -fdxq`, AND THEN the
.softhouse/capture/t321-variable-paths-and-resets/probe_variable_paths_t321.py	ext	77	redirect	def repo_root() -> Path:
.softhouse/capture/t321-variable-paths-and-resets/probe_variable_paths_t321.py	ext	131	redirect	(c) AN ASSEMBLED INVOCATION: `local script="$REPO_ROOT/<dir>/$1"` inside a function, whose
.softhouse/capture/t321-variable-paths-and-resets/probe_variable_paths_t321.py	ext	250	py-rmtree	tracefile.unlink()
.softhouse/capture/t321-variable-paths-and-resets/probe_variable_paths_t321.py	ext	276	redirect	"""-> repo-relative path, or None if it is not inside the clone."""
.softhouse/capture/t321-variable-paths-and-resets/probe_variable_paths_t321.py	ext	409	redirect	if not reset_and_attest("<pre-flight>"):
.softhouse/capture/t321-variable-paths-and-resets/probe_variable_paths_t321.py	ext	469	redirect	if _dt > args.slow_seconds:
.softhouse/capture/t321-variable-paths-and-resets/probe_variable_paths_t321.py	ext	510	py-rmtree	shutil.rmtree(str(target), ignore_errors=True)
.softhouse/capture/t321-variable-paths-and-resets/probe_variable_paths_t321.py	ext	513	py-rmtree	target.unlink()
.softhouse/capture/t321-variable-paths-and-resets/probe_variable_paths_t321.py	ext	568	py-rmtree	shutil.rmtree(str(tmp), ignore_errors=True)
.softhouse/capture/t321-variable-paths-and-resets/sweep_resets.py	ext	5	git-clean	WHY THIS EXISTS. T316's own red drive used `git checkout -- .` + `git clean -fd` between arms.
.softhouse/capture/t321-variable-paths-and-resets/sweep_resets.py	ext	6	git-restore	That pair does NOT clear a STAGED ADDITION: `git checkout -- .` rewrites the worktree FROM THE
.softhouse/capture/t321-variable-paths-and-resets/sweep_resets.py	ext	7	git-clean	INDEX, so a staged new file survives it in both index and worktree, and `git clean -fd` will not
.softhouse/capture/t321-variable-paths-and-resets/sweep_resets.py	ext	39	git-restore	W  worktree edit of a TRACKED file     <- `git checkout -- .` / `git restore .` / `reset --hard`
.softhouse/capture/t321-variable-paths-and-resets/sweep_resets.py	ext	40	git-restore	S  STAGED ADDITION (`git add` newfile) <- `git reset --hard` ONLY.  NOT `checkout -- .`+`clean -fd`
.softhouse/capture/t321-variable-paths-and-resets/sweep_resets.py	ext	41	git-clean	U  UNTRACKED file                      <- `git clean -f` (`-d` for directories)
.softhouse/capture/t321-variable-paths-and-resets/sweep_resets.py	ext	42	git-clean	I  IGNORED file                        <- `git clean -fdx` / `-fdX` ONLY
.softhouse/capture/t321-variable-paths-and-resets/sweep_resets.py	ext	43	git-restore	C  COMMIT on the checked-out branch    <- `git reset --hard <ref>` naming a ref, or re-clone
.softhouse/capture/t321-variable-paths-and-resets/sweep_resets.py	ext	60	redirect	fresh-repo site with multiplicity >= 2  =>  ISOLATED (a new repo per arm)
.softhouse/capture/t321-variable-paths-and-resets/sweep_resets.py	ext	61	redirect	restore site   with multiplicity >= 2  =>  the reset is LOAD-BEARING (it runs between arms)
.softhouse/capture/t321-variable-paths-and-resets/sweep_resets.py	ext	84	redirect	NEG-ISOLATED  T325's fire-writ drive     -> ISOLATED     (fresh fixture per arm)
.softhouse/capture/t321-variable-paths-and-resets/sweep_resets.py	ext	85	redirect	NEG-FIXED     T316's SHIPPED red drive   -> not DECORATIVE (T316 FIXED it before shipping;
.softhouse/capture/t321-variable-paths-and-resets/sweep_resets.py	ext	86	git-clean	the shipped bytes use `git reset --hard` + `git clean -fdq` + a porcelain
.softhouse/capture/t321-variable-paths-and-resets/sweep_resets.py	ext	90	redirect	fixture -> DECORATIVE, uncleared class S
.softhouse/capture/t321-variable-paths-and-resets/sweep_resets.py	ext	125	redirect	"""-> list of (subcommand, [remaining tokens]). Empty when the line invokes no git.
.softhouse/capture/t321-variable-paths-and-resets/sweep_resets.py	ext	281	redirect	def repo_root() -> Path:
.softhouse/capture/t321-variable-paths-and-resets/sweep_resets.py	ext	306	redirect	def strip_comment(line: str) -> str:
.softhouse/capture/t321-variable-paths-and-resets/sweep_resets.py	ext	339	redirect	scope = ["<top>"] * (n + 1)
.softhouse/capture/t321-variable-paths-and-resets/sweep_resets.py	ext	347	redirect	scope[i] = stack[-1][1] if stack else "<top>"
.softhouse/capture/t321-variable-paths-and-resets/sweep_resets.py	ext	358	redirect	scope[i] = stack[-1][1] if stack else "<top>"
.softhouse/capture/t321-variable-paths-and-resets/sweep_resets.py	ext	362	redirect	scope[i] = stack[-1][1] if stack else "<top>"
.softhouse/capture/t321-variable-paths-and-resets/sweep_resets.py	ext	381	redirect	scope[i] = "<top>"
.softhouse/capture/t321-variable-paths-and-resets/sweep_resets.py	ext	390	redirect	scope[i] = cur or "<top>"
.softhouse/capture/t321-variable-paths-and-resets/sweep_resets.py	ext	391	redirect	inloop[i] = loopdepth > 0
.softhouse/capture/t321-variable-paths-and-resets/sweep_resets.py	ext	402	redirect	"""Fixpoint over the textual call graph. mult('<top>') == 1."""
.softhouse/capture/t321-variable-paths-and-resets/sweep_resets.py	ext	415	redirect	mult = {"<top>": 1}
.softhouse/capture/t321-variable-paths-and-resets/sweep_resets.py	ext	439	git-restore	"""`git reset --hard <REF>` also clears C. A BARE `reset --hard` does not: it resets to
.softhouse/capture/t321-variable-paths-and-resets/sweep_resets.py	ext	454	git-restore	"""Blank out triple-quoted blocks. A .py file whose DOCSTRING describes `git reset --hard`
.softhouse/capture/t321-variable-paths-and-resets/sweep_resets.py	ext	596	redirect	p = classify("<calibration>/prefix_reset.py", CALIB_POS_TEXT)
.softhouse/capture/t321-variable-paths-and-resets/sweep_resets.py	ext	645	redirect	print("                fresh-repo site mult>=2 => ISOLATED; restore site mult<2 => TEARDOWN")
.softhouse/capture/t321-variable-paths-and-resets/tracelib_t321.py	ext	72	redirect	if _N > _CAP:
.softhouse/capture/t321-variable-paths-and-resets/tracelib_t321.py	ext	94	redirect	if _N > _CAP:
.softhouse/capture/t322-admit-widening/determinism.sh	ext+execbit	29	redirect	. "$REPO_ROOT/.softhouse/bin/go-env.sh" >/dev/null 2>&1
.softhouse/capture/t322-admit-widening/determinism.sh	ext+execbit	30	redirect	command -v go >/dev/null 2>&1 || { echo "no go toolchain"; exit 2; }
.softhouse/capture/t322-admit-widening/mutate-admit.sh	ext+execbit	44	redirect	. "$REPO_ROOT/.softhouse/bin/go-env.sh" >/dev/null 2>&1
.softhouse/capture/t322-admit-widening/mutate-admit.sh	ext+execbit	45	redirect	command -v go >/dev/null 2>&1 || { echo "T322-MUTATE: no go toolchain"; exit 2; }
.softhouse/capture/t322-admit-widening/mutate-admit.sh	ext+execbit	67	redirect	( cd "$REPO_ROOT/nexus" && go test "$PKG" -run "$re" -count=1 ) >"$file" 2>&1
.softhouse/capture/t322-admit-widening/mutate-admit.sh	ext+execbit	69	redirect	echo "  [$label] go test rc=$rc  -> ${file#"$REPO_ROOT"/}"
.softhouse/capture/t322-admit-widening/mutate-admit.sh	ext+execbit	171	redirect	'if left > 0 {' \
.softhouse/capture/t322-admit-widening/mutate-admit.sh	ext+execbit	172	redirect	'if left > 0 && false {' \
.softhouse/capture/t322-admit-widening/mutate-admit.sh	ext+execbit	181	redirect	'if left > 0 {' \
.softhouse/capture/t323-wire-the-unwired-guards/drive-red-t323.sh	ext	41	redirect	&& git clean -qfd .softhouse >/dev/null 2>&1 ) || true
.softhouse/capture/t323-wire-the-unwired-guards/drive-red-t323.sh	ext	51	redirect	( cd "$SCRATCH" && bash .softhouse/conformance.sh ) >"$out" 2>&1
.softhouse/capture/t323-wire-the-unwired-guards/drive-red-t323.sh	ext	71	rm	rm -f "$out"
.softhouse/capture/t323-wire-the-unwired-guards/drive-red-t323.sh	ext	117	redirect	echo "planted by T323's red drive" > "$CAP/$COLLIDE_LEAF/NOTE.md" || return 1
.softhouse/capture/t323-wire-the-unwired-guards/drive-red-t323.sh	ext	126	redirect	echo "planted by T323's red drive" > "$CAP/$COLLIDE_LEAF/NOTE.md" || return 1
.softhouse/capture/t323-wire-the-unwired-guards/drive-red-t323.sh	ext	128	redirect	> "$CAP/$COLLIDE_LEAF/OWNER-IS-T323-NOT-T319.md" || return 1
.softhouse/capture/t323-wire-the-unwired-guards/drive-red-t323.sh	ext	136	rm	( cd "$SCRATCH" && git rm -rq --ignore-unmatch \
.softhouse/capture/t323-wire-the-unwired-guards/drive-red-t323.sh	ext	143	inplace-edit	( cd "$SCRATCH" && LC_ALL=C sed -i '' 's/^say "namespace:   root    \$ROOT"$/: # root line suppressed by T323 red drive/' \
.softhouse/capture/t323-wire-the-unwired-guards/drive-red-t323.sh	ext	158	redirect	> "$dir/PLANTED-dead-path.sh" || return 1
.softhouse/capture/t323-wire-the-unwired-guards/drive-red-t323.sh	ext	164	rm	( cd "$SCRATCH" && git rm -q --ignore-unmatch \
.softhouse/capture/t323-wire-the-unwired-guards/drive-red-t323.sh	ext	169	rm	( cd "$SCRATCH" && git rm -q --ignore-unmatch .softhouse/guards/dead-path-frontier.pin ) || return 1
.softhouse/capture/t323-wire-the-unwired-guards/drive-red-t323.sh	ext	262	inplace-edit	( cd "$SCRATCH" && LC_ALL=C sed -i '' 's/redispatch=True/redispatch=False/g' \
.softhouse/capture/t323-wire-the-unwired-guards/drive-red-t323.sh	ext	268	rm	( cd "$SCRATCH" && git rm -q --ignore-unmatch \
.softhouse/capture/t323-wire-the-unwired-guards/drive-red-t323.sh	ext	290	redirect	'exit 0' > "$GUARDS_DIR/$PLANTED_CHECKER_LEAF" || return 1
.softhouse/capture/t323-wire-the-unwired-guards/drive-red-t323.sh	ext	300	inplace-edit	( cd "$SCRATCH" && LC_ALL=C sed -i '' '/repo-state-attest/d' .softhouse/bin/fire-program.sh ) || return 1
.softhouse/capture/t323-wire-the-unwired-guards/drive-red-t323.sh	ext	310	inplace-edit	( cd "$SCRATCH" && LC_ALL=C sed -i '' 's/ledgerguard/lgrguard_renamed_by_t323/g' \
.softhouse/capture/t324-worktree-prune-skipbit/instruments/10-skipbit-taxonomy-probe.zsh	ext+execbit	61	rm	rm -rf "$HOST"; mkdir -p "$HOST"
.softhouse/capture/t324-worktree-prune-skipbit/instruments/10-skipbit-taxonomy-probe.zsh	ext+execbit	66	redirect	print -r -- '{"tasks": []}'    > "$HOST/.softhouse/tasks.json"
.softhouse/capture/t324-worktree-prune-skipbit/instruments/10-skipbit-taxonomy-probe.zsh	ext+execbit	67	redirect	print -r -- '# resume'         > "$HOST/.softhouse/RESUME.md"
.softhouse/capture/t324-worktree-prune-skipbit/instruments/10-skipbit-taxonomy-probe.zsh	ext+execbit	68	redirect	print -r -- 'ignored-scratch/' > "$HOST/.gitignore"
.softhouse/capture/t324-worktree-prune-skipbit/instruments/10-skipbit-taxonomy-probe.zsh	ext+execbit	69	redirect	git -C "$HOST" add -A >/dev/null 2>&1
.softhouse/capture/t324-worktree-prune-skipbit/instruments/10-skipbit-taxonomy-probe.zsh	ext+execbit	80	redirect	mkwt() {   # -> prints worktree path; branch is created at main's tip (so MERGED is trivially true)
.softhouse/capture/t324-worktree-prune-skipbit/instruments/10-skipbit-taxonomy-probe.zsh	ext+execbit	84	rm	rm -rf "$w"
.softhouse/capture/t324-worktree-prune-skipbit/instruments/10-skipbit-taxonomy-probe.zsh	ext+execbit	85	redirect	git -C "$HOST" worktree add -q -b "$br" "$w" main >/dev/null 2>&1 || return 1
.softhouse/capture/t324-worktree-prune-skipbit/instruments/10-skipbit-taxonomy-probe.zsh	ext+execbit	86	redirect	git -C "$w" config user.name  SoftFactory        >/dev/null 2>&1
.softhouse/capture/t324-worktree-prune-skipbit/instruments/10-skipbit-taxonomy-probe.zsh	ext+execbit	87	redirect	git -C "$w" config user.email buya.vol@gmail.com >/dev/null 2>&1
.softhouse/capture/t324-worktree-prune-skipbit/instruments/10-skipbit-taxonomy-probe.zsh	ext+execbit	102	redirect	tags=$(printf '%s\n' "$out" | LC_ALL=C awk 'length($0)>0 && substr($0,1,1)!="H" {print substr($0,1,1)}' \
.softhouse/capture/t324-worktree-prune-skipbit/instruments/10-skipbit-taxonomy-probe.zsh	ext+execbit	222	redirect	s_assume()    { git -C "$1" update-index --assume-unchanged .softhouse/tasks.json >/dev/null 2>&1
.softhouse/capture/t324-worktree-prune-skipbit/instruments/10-skipbit-taxonomy-probe.zsh	ext+execbit	223	redirect	print -r -- 'IRREPLACEABLE WORKER OUTPUT HIDDEN BY assume-unchanged' > "$1/.softhouse/tasks.json" }
.softhouse/capture/t324-worktree-prune-skipbit/instruments/10-skipbit-taxonomy-probe.zsh	ext+execbit	224	redirect	s_skipwt()    { git -C "$1" update-index --skip-worktree .softhouse/tasks.json >/dev/null 2>&1
.softhouse/capture/t324-worktree-prune-skipbit/instruments/10-skipbit-taxonomy-probe.zsh	ext+execbit	225	redirect	print -r -- 'IRREPLACEABLE WORKER OUTPUT HIDDEN BY skip-worktree' > "$1/.softhouse/tasks.json" }
.softhouse/capture/t324-worktree-prune-skipbit/instruments/10-skipbit-taxonomy-probe.zsh	ext+execbit	226	redirect	s_both()      { git -C "$1" update-index --assume-unchanged --skip-worktree .softhouse/tasks.json >/dev/null 2>&1
.softhouse/capture/t324-worktree-prune-skipbit/instruments/10-skipbit-taxonomy-probe.zsh	ext+execbit	227	redirect	print -r -- 'IRREPLACEABLE WORKER OUTPUT HIDDEN BY BOTH BITS' > "$1/.softhouse/tasks.json" }
.softhouse/capture/t324-worktree-prune-skipbit/instruments/10-skipbit-taxonomy-probe.zsh	ext+execbit	228	redirect	s_bit_no_mod(){ git -C "$1" update-index --assume-unchanged .softhouse/tasks.json >/dev/null 2>&1 }
.softhouse/capture/t324-worktree-prune-skipbit/instruments/10-skipbit-taxonomy-probe.zsh	ext+execbit	229	redirect	s_untracked() { print -r -- 'PLAIN UNTRACKED WORKER OUTPUT' > "$1/.softhouse/handoff-draft.md" }
.softhouse/capture/t324-worktree-prune-skipbit/instruments/10-skipbit-taxonomy-probe.zsh	ext+execbit	231	redirect	print -r -- 'WORKER OUTPUT IN A GITIGNORED PATH' > "$1/ignored-scratch/notes.md" }
.softhouse/capture/t324-worktree-prune-skipbit/instruments/10-skipbit-taxonomy-probe.zsh	ext+execbit	232	redirect	s_showuntr()  { git -C "$1" config status.showUntrackedFiles no >/dev/null 2>&1
.softhouse/capture/t324-worktree-prune-skipbit/instruments/10-skipbit-taxonomy-probe.zsh	ext+execbit	233	redirect	print -r -- 'UNTRACKED OUTPUT HIDDEN BY status.showUntrackedFiles=no' > "$1/.softhouse/handoff-draft.md" }
.softhouse/capture/t324-worktree-prune-skipbit/instruments/20-blindspot-guard-drive.zsh	ext+execbit	63	redirect	whence -w wt_prune_check >/dev/null || { print -u2 "REFUSE: wt_prune_check not defined after sourcing $LIB"; exit 2 }
.softhouse/capture/t324-worktree-prune-skipbit/instruments/20-blindspot-guard-drive.zsh	ext+execbit	77	redirect	whence -w wt_prune_blindspot_check >/dev/null || { print -u2 "REFUSE: wt_prune_blindspot_check not defined after eval"; exit 2 }
.softhouse/capture/t324-worktree-prune-skipbit/instruments/20-blindspot-guard-drive.zsh	ext+execbit	100	rm	rm -rf "$HOST"; mkdir -p "$HOST"
.softhouse/capture/t324-worktree-prune-skipbit/instruments/20-blindspot-guard-drive.zsh	ext+execbit	105	redirect	print -r -- '{"tasks": []}'    > "$HOST/.softhouse/tasks.json"
.softhouse/capture/t324-worktree-prune-skipbit/instruments/20-blindspot-guard-drive.zsh	ext+execbit	106	redirect	print -r -- 'ignored-scratch/' > "$HOST/.gitignore"
.softhouse/capture/t324-worktree-prune-skipbit/instruments/20-blindspot-guard-drive.zsh	ext+execbit	107	redirect	git -C "$HOST" add -A >/dev/null 2>&1
.softhouse/capture/t324-worktree-prune-skipbit/instruments/20-blindspot-guard-drive.zsh	ext+execbit	122	rm	rm -rf "$w"
.softhouse/capture/t324-worktree-prune-skipbit/instruments/20-blindspot-guard-drive.zsh	ext+execbit	123	redirect	git -C "$HOST" worktree add -q -b "$br" "$w" main >/dev/null 2>&1 || return 1
.softhouse/capture/t324-worktree-prune-skipbit/instruments/20-blindspot-guard-drive.zsh	ext+execbit	128	redirect	decide() {   # $1 worktree  $2 branch  -> prints verdict; rc 0 = REMOVE
.softhouse/capture/t324-worktree-prune-skipbit/instruments/20-blindspot-guard-drive.zsh	ext+execbit	161	redirect	reset_shared_config() { git -C "$HOST" config --unset-all status.showUntrackedFiles >/dev/null 2>&1; return 0 }
.softhouse/capture/t324-worktree-prune-skipbit/instruments/20-blindspot-guard-drive.zsh	ext+execbit	207	redirect	s_assume()    { git -C "$1" update-index --assume-unchanged .softhouse/tasks.json >/dev/null 2>&1
.softhouse/capture/t324-worktree-prune-skipbit/instruments/20-blindspot-guard-drive.zsh	ext+execbit	208	redirect	print -r -- 'IRREPLACEABLE WORKER OUTPUT HIDDEN BY assume-unchanged' > "$1/.softhouse/tasks.json" }
.softhouse/capture/t324-worktree-prune-skipbit/instruments/20-blindspot-guard-drive.zsh	ext+execbit	209	redirect	s_skipwt()    { git -C "$1" update-index --skip-worktree .softhouse/tasks.json >/dev/null 2>&1
.softhouse/capture/t324-worktree-prune-skipbit/instruments/20-blindspot-guard-drive.zsh	ext+execbit	210	redirect	print -r -- 'IRREPLACEABLE WORKER OUTPUT HIDDEN BY skip-worktree' > "$1/.softhouse/tasks.json" }
.softhouse/capture/t324-worktree-prune-skipbit/instruments/20-blindspot-guard-drive.zsh	ext+execbit	211	redirect	s_both()      { git -C "$1" update-index --assume-unchanged --skip-worktree .softhouse/tasks.json >/dev/null 2>&1
.softhouse/capture/t324-worktree-prune-skipbit/instruments/20-blindspot-guard-drive.zsh	ext+execbit	212	redirect	print -r -- 'IRREPLACEABLE WORKER OUTPUT HIDDEN BY BOTH BITS' > "$1/.softhouse/tasks.json" }
.softhouse/capture/t324-worktree-prune-skipbit/instruments/20-blindspot-guard-drive.zsh	ext+execbit	213	redirect	s_showuntr()  { git -C "$1" config status.showUntrackedFiles no >/dev/null 2>&1
.softhouse/capture/t324-worktree-prune-skipbit/instruments/20-blindspot-guard-drive.zsh	ext+execbit	214	redirect	print -r -- 'UNTRACKED OUTPUT HIDDEN BY status.showUntrackedFiles=no' > "$1/.softhouse/handoff-draft.md" }
.softhouse/capture/t324-worktree-prune-skipbit/instruments/20-blindspot-guard-drive.zsh	ext+execbit	215	redirect	s_untracked() { print -r -- 'PLAIN UNTRACKED WORKER OUTPUT' > "$1/.softhouse/handoff-draft.md" }
.softhouse/capture/t324-worktree-prune-skipbit/instruments/20-blindspot-guard-drive.zsh	ext+execbit	217	redirect	print -r -- 'WORKER OUTPUT IN A GITIGNORED PATH' > "$1/ignored-scratch/notes.md" }
.softhouse/capture/t324-worktree-prune-skipbit/instruments/30-live-worktree-census.zsh	ext+execbit	96	redirect	(( ${#MM} > 0 )) && { N_TAGS=$((N_TAGS+1)); TAGGED+=("$W :: ${(j:, :)MM[1,3]}") }
.softhouse/capture/t324-worktree-prune-skipbit/instruments/30-live-worktree-census.zsh	ext+execbit	103	redirect	(( ${#UU} > 0 )) && N_UNTR=$((N_UNTR+1))
.softhouse/capture/t324-worktree-prune-skipbit/instruments/30-live-worktree-census.zsh	ext+execbit	117	redirect	if (( ${#II} > 0 )); then
.softhouse/capture/t324-worktree-prune-skipbit/instruments/30-live-worktree-census.zsh	ext+execbit	137	redirect	if (( ${#TAGGED} > 0 )); then
.softhouse/capture/t324-worktree-prune-skipbit/instruments/30-live-worktree-census.zsh	ext+execbit	142	redirect	if (( ${#IGN_SAMPLES} > 0 )); then
.softhouse/capture/t324-worktree-prune-skipbit/instruments/30-live-worktree-census.zsh	ext+execbit	166	rm	print -r -- "\"NOT committed — reversible with rm -rf .softhouse/toolchain\", and"
.softhouse/capture/t325-adopt-attestation/instruments/05-stash-scope-probe.sh	ext	19	redirect	printf 'hi\n' > f.txt; git add -A; git commit -q -m init
.softhouse/capture/t325-adopt-attestation/instruments/05-stash-scope-probe.sh	ext	23	redirect	printf 'dirt\n' > f.txt
.softhouse/capture/t325-adopt-attestation/instruments/05-stash-scope-probe.sh	ext	34	redirect	echo "        => COMMON-DIR SCOPED. A per-worktree survey must NOT vote on it;"
.softhouse/capture/t325-adopt-attestation/instruments/05-stash-scope-probe.sh	ext	39	redirect	echo "RESULT: refs/stash is NOT visible from the other worktree => per-worktree scoped."
.softhouse/capture/t325-adopt-attestation/instruments/10-wiring-census.py	ext	104	redirect	is_comment = stripped.startswith("#") or stripped.startswith(">")
.softhouse/capture/t325-adopt-attestation/instruments/10-wiring-census.py	ext	214	redirect	say(f"   zsh -n {FIRE.relative_to(REPO)} -> rc={rc.returncode} {rc.stderr.strip()}")
.softhouse/capture/t325-adopt-attestation/instruments/20-fire-writ-drive.sh	ext	60	redirect	printf '{"tasks":[]}\n'      > .softhouse/tasks.json
.softhouse/capture/t325-adopt-attestation/instruments/20-fire-writ-drive.sh	ext	61	redirect	printf '# resume\n'          > .softhouse/RESUME.md
.softhouse/capture/t325-adopt-attestation/instruments/20-fire-writ-drive.sh	ext	62	redirect	printf '{"contexts":[]}\n'   > .softhouse/program.json
.softhouse/capture/t325-adopt-attestation/instruments/20-fire-writ-drive.sh	ext	63	redirect	printf '# patterns\n'        > .softhouse/patterns.md
.softhouse/capture/t325-adopt-attestation/instruments/20-fire-writ-drive.sh	ext	64	redirect	printf 'echo conformance\n'  > .softhouse/conformance.sh
.softhouse/capture/t325-adopt-attestation/instruments/20-fire-writ-drive.sh	ext	65	redirect	printf '{"v":1}\n'           > .softhouse/vectors/v1.json
.softhouse/capture/t325-adopt-attestation/instruments/20-fire-writ-drive.sh	ext	66	redirect	printf '# CLAUDE\n'          > CLAUDE.md
.softhouse/capture/t325-adopt-attestation/instruments/20-fire-writ-drive.sh	ext	67	redirect	printf 'work\n'              > worker-output.txt
.softhouse/capture/t325-adopt-attestation/instruments/20-fire-writ-drive.sh	ext	76	redirect	snap()  { bash "$GUARD" snapshot "$1" "$2" >/dev/null 2>&1; }
.softhouse/capture/t325-adopt-attestation/instruments/20-fire-writ-drive.sh	ext	94	redirect	if declare -F "setup_$name" >/dev/null 2>&1; then
.softhouse/capture/t325-adopt-attestation/instruments/20-fire-writ-drive.sh	ext	95	redirect	( cd "$d" && "setup_$name" "$d" ) >"$ROOT/$name.setup.log" 2>&1
.softhouse/capture/t325-adopt-attestation/instruments/20-fire-writ-drive.sh	ext	103	redirect	( cd "$d" && "op_$name" "$d" ) >"$ROOT/$name.op.log" 2>&1
.softhouse/capture/t325-adopt-attestation/instruments/20-fire-writ-drive.sh	ext	111	redirect	printf '%s\n' "$out" > "$ROOT/$name.verdict.txt"
.softhouse/capture/t325-adopt-attestation/instruments/20-fire-writ-drive.sh	ext	145	redirect	printf '{"tasks":[{"id":"T999","status":"done"}]}\n' > .softhouse/tasks.json
.softhouse/capture/t325-adopt-attestation/instruments/20-fire-writ-drive.sh	ext	146	redirect	printf '# resume — fire ran\n' > .softhouse/RESUME.md
.softhouse/capture/t325-adopt-attestation/instruments/20-fire-writ-drive.sh	ext	209	redirect	printf 'CLOBBERED\n' > .softhouse/tasks.json
.softhouse/capture/t325-adopt-attestation/instruments/20-fire-writ-drive.sh	ext	210	redirect	printf 'CLOBBERED\n' > .softhouse/RESUME.md
.softhouse/capture/t325-adopt-attestation/instruments/20-fire-writ-drive.sh	ext	211	redirect	printf 'CLOBBERED\n' > .softhouse/program.json
.softhouse/capture/t325-adopt-attestation/instruments/20-fire-writ-drive.sh	ext	228	redirect	printf 'destroyed\n' > worker-output.txt
.softhouse/capture/t325-adopt-attestation/instruments/20-fire-writ-drive.sh	ext	322	redirect	printf 'CLOBBERED\n' > .softhouse/tasks.json
.softhouse/capture/t325-adopt-attestation/instruments/20-fire-writ-drive.sh	ext	392	redirect	mut "M1 no --allow-deleted-ref -> L1 goes RED"  L1_ordinary_fire 1 \
.softhouse/capture/t325-adopt-attestation/instruments/20-fire-writ-drive.sh	ext	400	redirect	mut "M2 no remote --writ-ref -> L1 goes RED"    L1_ordinary_fire 1 \
.softhouse/capture/t325-adopt-attestation/instruments/20-fire-writ-drive.sh	ext	409	redirect	mut "M3 no --artefact-advisory -> L6 goes RED"  L6_merge_touches_invariant_artefact 1 \
.softhouse/capture/t325-adopt-attestation/instruments/30-survey-drive.sh	ext	30	redirect	git init -q -b main "$d" >/dev/null 2>&1 || return 1
.softhouse/capture/t325-adopt-attestation/instruments/30-survey-drive.sh	ext	35	redirect	printf '{"tasks":[]}\n' > .softhouse/tasks.json
.softhouse/capture/t325-adopt-attestation/instruments/30-survey-drive.sh	ext	36	redirect	printf 'work\n' > worker-output.txt
.softhouse/capture/t325-adopt-attestation/instruments/30-survey-drive.sh	ext	44	redirect	printf '.DS_Store\nfixture-agents/\nfixture-toolchain/\n' > .gitignore
.softhouse/capture/t325-adopt-attestation/instruments/30-survey-drive.sh	ext	54	redirect	printf '%s\n' "$out" > "$ROOT/$name.txt"
.softhouse/capture/t325-adopt-attestation/instruments/30-survey-drive.sh	ext	78	redirect	mkdir -p "$d/.claude"; printf '{"host":"buyan"}\n' > "$d/.softhouse/LOCK"
.softhouse/capture/t325-adopt-attestation/instruments/30-survey-drive.sh	ext	79	redirect	printf '{}\n' > "$d/.claude/settings.local.json"
.softhouse/capture/t325-adopt-attestation/instruments/30-survey-drive.sh	ext	87	redirect	printf 'junk' > "$d/.DS_Store"
.softhouse/capture/t325-adopt-attestation/instruments/30-survey-drive.sh	ext	88	redirect	mkdir -p "$d/fixture-toolchain/go/bin"; printf 'bin' > "$d/fixture-toolchain/go/bin/go"
.softhouse/capture/t325-adopt-attestation/instruments/30-survey-drive.sh	ext	89	redirect	mkdir -p "$d/fixture-agents/agent-deadbeef"; printf 'x' > "$d/fixture-agents/agent-deadbeef/f"
.softhouse/capture/t325-adopt-attestation/instruments/30-survey-drive.sh	ext	99	redirect	( cd "$d" && git worktree add -q "$ROOT/g4wt" -b wt-branch && printf 'dirt\n' > worker-output.txt && git stash -q ) >/dev/null 2>&1
.softhouse/capture/t325-adopt-attestation/instruments/30-survey-drive.sh	ext	113	redirect	( cd "$d" && git update-index --assume-unchanged worker-output.txt && printf 'DESTROYED\n' > worker-output.txt )
.softhouse/capture/t325-adopt-attestation/instruments/30-survey-drive.sh	ext	119	redirect	( cd "$d" && git update-index --skip-worktree worker-output.txt && printf 'DESTROYED\n' > worker-output.txt )
.softhouse/capture/t325-adopt-attestation/instruments/40-sweep-gate-drive.zsh	ext	41	redirect	' "$FIRE" > "$out"
.softhouse/capture/t325-adopt-attestation/instruments/40-sweep-gate-drive.zsh	ext	84	redirect	} > "$ROOT/harness.zsh"
.softhouse/capture/t325-adopt-attestation/instruments/40-sweep-gate-drive.zsh	ext	92	redirect	git init -q -b main "$d" >/dev/null 2>&1 || return 1
.softhouse/capture/t325-adopt-attestation/instruments/40-sweep-gate-drive.zsh	ext	96	redirect	printf '.DS_Store\ntoolchain/\n' > .gitignore
.softhouse/capture/t325-adopt-attestation/instruments/40-sweep-gate-drive.zsh	ext	97	redirect	printf 'irreplaceable worker output\n' > worker-output.txt
.softhouse/capture/t325-adopt-attestation/instruments/40-sweep-gate-drive.zsh	ext	106	truncate	: > "$LOGFILE"
.softhouse/capture/t325-adopt-attestation/instruments/40-sweep-gate-drive.zsh	ext	135	redirect	printf 'junk' > "$d/.DS_Store"; mkdir -p "$d/toolchain"; printf 'go' > "$d/toolchain/go"
.softhouse/capture/t325-adopt-attestation/instruments/40-sweep-gate-drive.zsh	ext	141	redirect	printf 'new deliverable\n' > "$d/handoff.md"
.softhouse/capture/t325-adopt-attestation/instruments/40-sweep-gate-drive.zsh	ext	152	redirect	( cd "$d" && git update-index --assume-unchanged worker-output.txt && printf 'DESTROYED\n' > worker-output.txt )
.softhouse/capture/t325-adopt-attestation/instruments/40-sweep-gate-drive.zsh	ext	157	redirect	( cd "$d" && git update-index --skip-worktree worker-output.txt && printf 'DESTROYED\n' > worker-output.txt )
.softhouse/capture/t325-adopt-attestation/instruments/40-sweep-gate-drive.zsh	ext	164	redirect	printf 'a whole handoff nobody can see\n' > "$d/handoff.md"
.softhouse/capture/t325-adopt-attestation/instruments/50-wrapper-glue-drive.zsh	ext	40	redirect	' "$FIRE" > "$BLOCK"
.softhouse/capture/t325-adopt-attestation/instruments/50-wrapper-glue-drive.zsh	ext	63	redirect	git init -q -b main "$d" >/dev/null 2>&1 || return 1
.softhouse/capture/t325-adopt-attestation/instruments/50-wrapper-glue-drive.zsh	ext	68	redirect	printf '{"tasks":[]}\n' > .softhouse/tasks.json
.softhouse/capture/t325-adopt-attestation/instruments/50-wrapper-glue-drive.zsh	ext	69	redirect	printf 'work\n' > worker-output.txt
.softhouse/capture/t325-adopt-attestation/instruments/50-wrapper-glue-drive.zsh	ext	95	truncate	: > "$LOGFILE"
.softhouse/capture/t325-adopt-attestation/instruments/50-wrapper-glue-drive.zsh	ext	97	redirect	attest_run "attest-before" snapshot "$REPO" "$ATTEST_BEFORE" >/dev/null
.softhouse/capture/t325-adopt-attestation/instruments/50-wrapper-glue-drive.zsh	ext	98	redirect	( cd "$REPO" && printf 'more\n' >> worker-output.txt && git commit -qam "an ordinary commit" ) >/dev/null
.softhouse/capture/t325-adopt-attestation/instruments/50-wrapper-glue-drive.zsh	ext	99	redirect	attest_exit_protocol >/dev/null; RC=$?
.softhouse/capture/t325-adopt-attestation/instruments/50-wrapper-glue-drive.zsh	ext	105	truncate	: > "$LOGFILE"
.softhouse/capture/t325-adopt-attestation/instruments/50-wrapper-glue-drive.zsh	ext	107	redirect	attest_run "attest-before" snapshot "$REPO" "$ATTEST_BEFORE" >/dev/null
.softhouse/capture/t325-adopt-attestation/instruments/50-wrapper-glue-drive.zsh	ext	108	redirect	( cd "$REPO" && git update-index --assume-unchanged worker-output.txt && printf 'DESTROYED\n' > worker-output.txt )
.softhouse/capture/t325-adopt-attestation/instruments/50-wrapper-glue-drive.zsh	ext	109	redirect	attest_exit_protocol >/dev/null; RC=$?
.softhouse/capture/t325-adopt-attestation/instruments/50-wrapper-glue-drive.zsh	ext	117	truncate	: > "$LOGFILE"
.softhouse/capture/t325-adopt-attestation/instruments/50-wrapper-glue-drive.zsh	ext	119	redirect	attest_exit_protocol >/dev/null; RC=$?
.softhouse/capture/t325-adopt-attestation/instruments/50-wrapper-glue-drive.zsh	ext	125	truncate	: > "$LOGFILE"
.softhouse/capture/t325-adopt-attestation/instruments/50-wrapper-glue-drive.zsh	ext	129	redirect	attest_run "attest-before" snapshot "$REPO" "$ATTEST_BEFORE" >/dev/null; RC=$?
.softhouse/capture/t325-adopt-attestation/instruments/50-wrapper-glue-drive.zsh	ext	136	truncate	: > "$LOGFILE"
.softhouse/capture/t325-adopt-attestation/instruments/50-wrapper-glue-drive.zsh	ext	138	redirect	attest_run "attest-before" snapshot "$REPO" "$ATTEST_BEFORE" >/dev/null
.softhouse/capture/t325-adopt-attestation/instruments/50-wrapper-glue-drive.zsh	ext	139	rm	rm -rf "$REPO"          # the repo is gone between the two snapshots
.softhouse/capture/t325-adopt-attestation/instruments/50-wrapper-glue-drive.zsh	ext	140	redirect	attest_exit_protocol >/dev/null; RC=$?
.softhouse/capture/t326-frontier-host-state/instruments/10-regen-pin.py	ext+execbit	228	redirect	def main(argv=None) -> int:
.softhouse/capture/t326-frontier-host-state/instruments/10-regen-pin.py	ext+execbit	237	redirect	root = here.parents[3].parent  # .../.softhouse/capture/t326-.../instruments/ -> repo root
.softhouse/capture/t326-frontier-host-state/instruments/20-cross-host-drive.sh	ext+execbit	44	redirect	command -v python3 >/dev/null 2>&1 || { echo "ERROR: no python3. REFUSING (exit 2)." >&2; exit 2; }
.softhouse/capture/t326-frontier-host-state/instruments/20-cross-host-drive.sh	ext+execbit	45	redirect	command -v git     >/dev/null 2>&1 || { echo "ERROR: no git. REFUSING (exit 2)." >&2; exit 2; }
.softhouse/capture/t326-frontier-host-state/instruments/20-cross-host-drive.sh	ext+execbit	63	rm	for c in $CREATED; do rm -rf "$c"; done
.softhouse/capture/t326-frontier-host-state/instruments/20-cross-host-drive.sh	ext+execbit	64	rm	rm -rf "$SCRATCH"
.softhouse/capture/t326-frontier-host-state/instruments/20-cross-host-drive.sh	ext+execbit	77	redirect	python3 "$SELF_DIR/legacy_rows.py" "$rroot" >"$rowsf" 2>"$outf"
.softhouse/capture/t326-frontier-host-state/instruments/20-cross-host-drive.sh	ext+execbit	94	redirect	python3 "$cjson" --json "$jsonf" >"$outf" 2>&1
.softhouse/capture/t326-frontier-host-state/instruments/20-cross-host-drive.sh	ext+execbit	101	redirect	python3 "$SELF_DIR/rows.py" "$jsonf" >"$rowsf" || return 2
.softhouse/capture/t326-frontier-host-state/instruments/20-cross-host-drive.sh	ext+execbit	131	truncate	: >"$RESIDUE/17a-capture.json" || exit 2
.softhouse/capture/t326-frontier-host-state/instruments/20-cross-host-drive.sh	ext+execbit	141	redirect	if git clone --quiet --no-hardlinks --single-branch "$ROOT" "$CLONE" >"$SCRATCH/clone.log" 2>&1; then
.softhouse/capture/t326-frontier-host-state/instruments/20-cross-host-drive.sh	ext+execbit	155	redirect	if diff -q "$SCRATCH/A_bare.rows" "$SCRATCH/$cond.rows" >/dev/null 2>&1; then
.softhouse/capture/t326-frontier-host-state/instruments/20-cross-host-drive.sh	ext+execbit	166	redirect	if diff -q "$SCRATCH/A_bare.rows" "$SCRATCH/D_clone.rows" >/dev/null 2>&1; then
.softhouse/capture/t326-frontier-host-state/instruments/20-cross-host-drive.sh	ext+execbit	182	redirect	if diff -q "$SCRATCH/A_bare_legacy.rows" "$SCRATCH/$cond.rows" >/dev/null 2>&1; then
.softhouse/capture/t326-frontier-host-state/instruments/30-bar-in-both-conditions.sh	ext+execbit	56	rm	cleanup() { for c in $CREATED; do rm -rf "$c"; done; }
.softhouse/capture/t326-frontier-host-state/instruments/30-bar-in-both-conditions.sh	ext+execbit	64	redirect	( cd "$ROOT" && bash .softhouse/conformance.sh ) >"$f" 2>&1
.softhouse/capture/t326-frontier-host-state/instruments/30-bar-in-both-conditions.sh	ext+execbit	88	truncate	: >"$RESIDUE/17a-capture.json" || exit 2
.softhouse/capture/t326-frontier-host-state/instruments/30-bar-in-both-conditions.sh	ext+execbit	162	redirect	if diff -q "$OUT/20-bar-A_bare.txt" "$OUT/20-bar-B_hoststate.txt" >/dev/null 2>&1; then
.softhouse/capture/t326-frontier-host-state/instruments/legacy_rows.py	ext+execbit	40	redirect	def main() -> int:
.softhouse/capture/t326-frontier-host-state/instruments/legacy_rows.py	ext+execbit	42	redirect	print("usage: legacy_rows.py <repo-root>", file=sys.stderr)
.softhouse/capture/t326-frontier-host-state/instruments/legacy_rows.py	ext+execbit	50	redirect	def resolves(path: str) -> bool:
.softhouse/capture/t326-frontier-host-state/instruments/rows.py	ext+execbit	15	redirect	def main() -> int:
.softhouse/capture/t326-frontier-host-state/instruments/rows.py	ext+execbit	17	redirect	print("usage: rows.py <census.json>", file=sys.stderr)
.softhouse/capture/t327-closure-accepting-side/throwaway/capture.sh	ext	46	redirect	docker exec -i "$DBC" psql -U "$DBUSER" -d "$DBNAME" -Atc 'SELECT 1' >/dev/null 2>&1 || refuse "F2 $DBC/$DBNAME unreachable."
.softhouse/capture/t327-closure-accepting-side/throwaway/capture.sh	ext	56	redirect	printf 'registry=%s\nrounding-mode=%s\n' "$REG" "$RM" > "$OUT/F3-target-registry.txt"
.softhouse/capture/t327-closure-accepting-side/throwaway/capture.sh	ext	124	tee	} | tee "$OUT/DATES.txt"
.softhouse/capture/t327-closure-accepting-side/throwaway/capture.sh	ext	127	redirect	curl -sk -o "$OUT/S-07-businessdates.json" -w '%{http_code}' -X GET "$B/businessdates" -H "$A" -H "$T" > "$OUT/S-07-businessdates.status"
.softhouse/capture/t327-closure-accepting-side/throwaway/capture.sh	ext	128	redirect	say "GET /businessdates -> HTTP $(cat "$OUT/S-07-businessdates.status") $(cat "$OUT/S-07-businessdates.json")"
.softhouse/capture/t327-closure-accepting-side/throwaway/capture.sh	ext	145	redirect	cat > "$1" <<JSON
.softhouse/capture/t327-closure-accepting-side/throwaway/capture.sh	ext	182	redirect	printf '%s' "$CODE" > "$OUT/$NAME.status"
.softhouse/capture/t327-closure-accepting-side/throwaway/capture.sh	ext	185	redirect	shasum -a 256 "$OUT/$NAME.req"  | awk '{print $1}' > "$OUT/$NAME.req.sha256"
.softhouse/capture/t327-closure-accepting-side/throwaway/capture.sh	ext	186	redirect	shasum -a 256 "$OUT/$NAME.json" | awk '{print $1}' > "$OUT/$NAME.json.sha256"
.softhouse/capture/t327-closure-accepting-side/throwaway/capture.sh	ext	188	redirect	printf '%s\n' "$CAPTURED_AT" > "$OUT/$NAME.captured-at-utc"
.softhouse/capture/t327-closure-accepting-side/throwaway/capture.sh	ext	210	redirect	} > "$OUT/$NAME.http"
.softhouse/capture/t327-closure-accepting-side/throwaway/capture.sh	ext	218	redirect	"$B/journalentries?transactionId=$TXN&limit=50" -H "$A" -H "$T" > "$OUT/$RB.status"
.softhouse/capture/t327-closure-accepting-side/throwaway/capture.sh	ext	219	redirect	shasum -a 256 "$OUT/$RB.json" | awk '{print $1}' > "$OUT/$RB.json.sha256"
.softhouse/capture/t327-closure-accepting-side/throwaway/capture.sh	ext	229	redirect	} > "$OUT/$RB.http"
.softhouse/capture/t327-closure-accepting-side/throwaway/capture.sh	ext	234	redirect	> "$OUT/$DB.json"
.softhouse/capture/t327-closure-accepting-side/throwaway/capture.sh	ext	235	redirect	shasum -a 256 "$OUT/$DB.json" | awk '{print $1}' > "$OUT/$DB.json.sha256"
.softhouse/capture/t327-closure-accepting-side/throwaway/capture.sh	ext	245	redirect	} > "$OUT/$DB.http"
.softhouse/capture/t327-closure-accepting-side/throwaway/capture.sh	ext	302	redirect	cat > "$REQ/b1-setup-03-create-closure.json" <<JSON
.softhouse/capture/t327-closure-accepting-side/throwaway/capture.sh	ext	317	tee	"SELECT id||' | '||office_id||' | '||closing_date FROM acc_gl_closure ORDER BY id" | tee "$OUT/B1-closure-state.txt"
.softhouse/capture/t327-closure-accepting-side/throwaway/capture.sh	ext	320	redirect	curl -sk -o "$OUT/B1-glclosures-list.json" -w '%{http_code}' -X GET "$B/glclosures" -H "$A" -H "$T" > "$OUT/B1-glclosures-list.status"
.softhouse/capture/t327-closure-accepting-side/throwaway/capture.sh	ext	321	redirect	say "GET /glclosures -> HTTP $(cat "$OUT/B1-glclosures-list.status")"
.softhouse/capture/t327-closure-accepting-side/throwaway/capture.sh	ext	360	redirect	> "$OUT/FINAL-ledger-db.json"
.softhouse/capture/t327-closure-accepting-side/throwaway/capture.sh	ext	361	redirect	shasum -a 256 "$OUT/FINAL-ledger-db.json" | awk '{print $1}' > "$OUT/FINAL-ledger-db.json.sha256"
.softhouse/capture/t327-closure-accepting-side/throwaway/capture.sh	ext	366	tee	| tee "$OUT/FINAL-ledger.txt"
.softhouse/capture/t327-closure-accepting-side/throwaway/capture.sh	ext	383	tee	| tee "$OUT/FINAL-invariant.txt"
.softhouse/capture/t327-closure-accepting-side/throwaway/invariant-minor-units.py	ext	34	redirect	def to_minor(text: str) -> int:
.softhouse/capture/t327-closure-accepting-side/throwaway/invariant-minor-units.py	ext	35	redirect	"""'250000.250000' -> 25000025, by string surgery and integer arithmetic. Refuses a residue."""
.softhouse/capture/t327-closure-accepting-side/throwaway/invariant-minor-units.py	ext	57	redirect	def main() -> int:
.softhouse/capture/t327-closure-accepting-side/throwaway/invariant-minor-units.py	ext	79	redirect	print("wire/stored scales seen in amount_major_text (digits after the point -> count): %s" % scales)
.softhouse/capture/t327-closure-accepting-side/throwaway/manifest.sh	ext	9	redirect	find req out -type f ! -name .DS_Store 2>/dev/null | LC_ALL=C sort > /tmp/.t327tfiles.$$
.softhouse/capture/t327-closure-accepting-side/throwaway/manifest.sh	ext	10	truncate	: > MANIFEST.sha256
.softhouse/capture/t327-closure-accepting-side/throwaway/manifest.sh	ext	12	redirect	if command -v shasum >/dev/null 2>&1; then shasum -a 256 "$f" >> MANIFEST.sha256
.softhouse/capture/t327-closure-accepting-side/throwaway/manifest.sh	ext	15	rm	rm -f /tmp/.t327tfiles.$$
.softhouse/capture/t327-closure-accepting-side/throwaway/run-all.sh	ext	45	rm	rm -rf "$OUT"
.softhouse/capture/t327-closure-accepting-side/throwaway/run-all.sh	ext	50	redirect	bash "$DIR/guard-throwaway-isolation.sh" > "$OUT/STANDING-baseline.txt" 2>&1 || {
.softhouse/capture/t327-closure-accepting-side/throwaway/run-all.sh	ext	63	tee	curl -sk https://localhost:8444/fineract-provider/actuator/health | tee "$OUT/THROWAWAY-health.txt"; printf '\n'
.softhouse/capture/t327-closure-accepting-side/throwaway/run-all.sh	ext	67	tee	bash "$DIR/setup.sh" 2>&1 | tee "$OUT/SETUP.txt"
.softhouse/capture/t327-closure-accepting-side/throwaway/run-all.sh	ext	70	tee	bash "$DIR/capture.sh" 2>&1 | tee "$OUT/CAPTURE.txt"
.softhouse/capture/t327-closure-accepting-side/throwaway/run-all.sh	ext	73	tee	bash "$DIR/down.sh" 2>&1 | tee "$OUT/TEARDOWN.txt"
.softhouse/capture/t327-closure-accepting-side/throwaway/setup.sh	ext	38	redirect	printf '%s' "$code" > "$OUT/$name.status"
.softhouse/capture/t327-closure-accepting-side/throwaway/setup.sh	ext	46	redirect	printf '%s' "$code" > "$OUT/$name.status"
.softhouse/capture/t327-closure-accepting-side/throwaway/setup.sh	ext	53	redirect	printf '%s' '{"currencies":["MNT"]}' > "$REQ/s01-currencies.json"
.softhouse/capture/t327-closure-accepting-side/throwaway/setup.sh	ext	57	redirect	printf '%s' '{"name":"T327 Cash On Hand","glCode":"T327-1000","manualEntriesAllowed":true,"type":1,"usage":1,"description":"T327 accepting-side capture: first debit leg target"}' >
.softhouse/capture/t327-closure-accepting-side/throwaway/setup.sh	ext	63	redirect	printf '%s' '{"name":"T327 Loans Receivable","glCode":"T327-1100","manualEntriesAllowed":true,"type":1,"usage":1,"description":"T327 accepting-side capture: second debit leg target
.softhouse/capture/t327-closure-accepting-side/throwaway/setup.sh	ext	67	redirect	printf '%s' '{"name":"T327 Borrowings","glCode":"T327-2000","manualEntriesAllowed":true,"type":2,"usage":1,"description":"T327 accepting-side capture: credit leg target"}' > "$REQ/
.softhouse/capture/t327-closure-accepting-side/throwaway/setup.sh	ext	76	tee	| tee "$OUT/S-04-gl-accounts.txt"
.softhouse/capture/t327-closure-accepting-side/throwaway/setup.sh	ext	86	tee	"SELECT code||' decimal_places='||decimal_places FROM m_organisation_currency ORDER BY code" | tee "$OUT/S-05-org-currencies.txt"
.softhouse/capture/t327-closure-accepting-side/throwaway/setup.sh	ext	101	tee	| tee "$OUT/S-06-closure-sequence-before.txt" || echo "(sequence not readable under that name)"
.softhouse/capture/t328-date-rule-promotion/instruments/60-load-bearing.sh	ext	24	rm	trap 'rm -rf "$TMP"' EXIT
.softhouse/capture/t328-date-rule-promotion/instruments/60-load-bearing.sh	ext	56	rm	rm -f "$TMP/no07/ledger/$V7.json"
.softhouse/capture/t328-date-rule-promotion/instruments/60-load-bearing.sh	ext	65	rm	rm -f "$TMP/no06/ledger/$V6.json"
.softhouse/capture/t328-date-rule-promotion/instruments/60-load-bearing.sh	ext	74	rm	rm -f "$TMP/neither/ledger/$V6.json" "$TMP/neither/ledger/$V7.json"
.softhouse/capture/t328-date-rule-promotion/instruments/80-red-drive-tripwire.sh	ext	86	redirect	if run_arm "ARM A  LDG-07's business_date moved back one day (acceptance -> refusing region)"; then
.softhouse/capture/t328-date-rule-promotion/instruments/80-red-drive-tripwire.sh	ext	105	redirect	if run_arm "ARM B  LDG-REFUSE-04's latest_closing_date moved back one day (refusal -> accepting region)"; then
.softhouse/capture/t328-date-rule-promotion/instruments/95-frontier-delta.sh	ext	43	git-restore	git checkout -- "$VICTIM" 2>/dev/null
.softhouse/capture/t328-date-rule-promotion/instruments/95-frontier-delta.sh	ext	100	redirect	echo "    OK: frontier $bd -> $dd, GREW BY EXACTLY ONE."
.softhouse/capture/t328-date-rule-promotion/instruments/95-frontier-delta.sh	ext	103	redirect	echo "    *** frontier went $bd -> $dd, want $((bd + 1)). The census cannot see a dead"
.softhouse/capture/t328-date-rule-promotion/instruments/95-frontier-delta.sh	ext	108	git-restore	git checkout -- "$VICTIM"
.softhouse/capture/t328-date-rule-promotion/instruments/build-vectors.py	ext	93	redirect	"""'250000.250000' -> 25000025, by exact integer/string arithmetic.
.softhouse/capture/t328-date-rule-promotion/instruments/build-vectors.py	ext	418	redirect	print("  EXEMPTION_PIN_LEDGER_PARITY       5 -> 7   (+2 parity vectors)")
.softhouse/capture/t328-date-rule-promotion/instruments/build-vectors.py	ext	419	redirect	print("  EXEMPTION_PIN_LEDGER_REFUSAL      5 -> 5   (neither vector is a refusal)")
.softhouse/capture/t330-reconcile-merged-work/budget.py	ext	72	redirect	print("  git ls-files '<handoff>/<TID>.md' %.4fs" % c)
.softhouse/capture/t330-reconcile-merged-work/budget.py	ext	143	redirect	print("    pre-T330 said `absent` (-> DEMOTE) on          %d branched task(s)" % old_absent)
.softhouse/capture/t330-reconcile-merged-work/drive.py	ext	143	py-rmtree	os.unlink(loose)
.softhouse/capture/t330-reconcile-merged-work/drive.py	ext	204	py-rmtree	shutil.rmtree(d, ignore_errors=True)
.softhouse/capture/t330-reconcile-merged-work/e2e.py	ext	71	py-rmtree	os.unlink(loose)
.softhouse/capture/t330-reconcile-merged-work/e2e.py	ext	109	redirect	EXPECT = {"T900": "in_progress",     # merged -> MUST NOT be offered for re-dispatch
.softhouse/capture/t330-reconcile-merged-work/e2e.py	ext	110	redirect	"T901": "needs_retry",     # unstarted -> demote, correctly
.softhouse/capture/t330-reconcile-merged-work/e2e.py	ext	111	redirect	"T902": "in_progress",     # renamed -> live line elsewhere
.softhouse/capture/t330-reconcile-merged-work/e2e.py	ext	112	redirect	"T903": "in_progress"}     # case-shadowed -> live line elsewhere
.softhouse/capture/t330-reconcile-merged-work/e2e.py	ext	124	py-rmtree	shutil.rmtree(d, ignore_errors=True)
.softhouse/capture/t330-reconcile-merged-work/e2e.py	ext	168	redirect	print("    reconcile %d -> T900 note is %d chars, status %s"
.softhouse/capture/t330-reconcile-merged-work/e2e.py	ext	171	redirect	grew = len(set(lens[1:])) > 1
.softhouse/capture/t330-reconcile-merged-work/e2e.py	ext	175	py-rmtree	shutil.rmtree(d, ignore_errors=True)
.softhouse/capture/t330-reconcile-merged-work/failclosed.py	ext	106	redirect	if len(argv) > 1 and argv[1] == "ls-tree":
.softhouse/capture/t330-reconcile-merged-work/failclosed.py	ext	154	py-rmtree	shutil.rmtree(repo, ignore_errors=True)
.softhouse/capture/t331-wire-pnumber-checker/bin/capture-findings.py	ext	8	redirect	checker and the corpus went 9,016 -> 29,684 sites, evidence MISDIRECTING 58 -> 2,897.
.softhouse/capture/t331-wire-pnumber-checker/bin/capture-findings.py	ext	56	py-rmtree	shutil.rmtree(tmp, ignore_errors=True)
.softhouse/capture/t331-wire-pnumber-checker/bin/capture-findings.py	ext	78	redirect	"--json <path-outside-the-repo>"),
.softhouse/capture/t331-wire-pnumber-checker/bin/drive-through-the-route.sh	ext+execbit	63	redirect	( cd "$ROOT" && bash .softhouse/conformance.sh ) >"$OUT/70-RED-through-conformance.txt" 2>&1
.softhouse/capture/t331-wire-pnumber-checker/bin/drive-through-the-route.sh	ext+execbit	85	redirect	( cd "$ROOT" && bash .softhouse/conformance.sh ) >"$OUT/71-GREEN-through-conformance.txt" 2>&1
.softhouse/capture/t331-wire-pnumber-checker/bin/measure-fatal-predicate.py	ext	67	redirect	print("  %-9s %-12s %s:%d  P-%d -> P-%d  (grams=%d score=%d cited=%d)  filed=%s"
.softhouse/capture/t331-wire-pnumber-checker/bin/recheck-14-true-drift.py	ext	18	redirect	(b) reports whether the recorded line still carries the recorded cited id  -> LINE-HOLDS
.softhouse/capture/t331-wire-pnumber-checker/bin/recheck-14-true-drift.py	ext	84	truncate	print(f"  row {r['n']:>2}  GONE       {site}  (file absent -- reported, not fatal)")
.softhouse/capture/t331-wire-pnumber-checker/bin/recheck-14-true-drift.py	ext	96	redirect	zone = hits[0]["zone"] if hits else "<no-graded-finding>"
.softhouse/capture/t331-wire-pnumber-checker/bin/recheck-14-true-drift.py	ext	101	truncate	print(f"  row {r['n']:>2}  {state:<10} zone={zone:<12} "
.softhouse/capture/t332-residual-twin-sweep/src/emit_evidence.sh	ext	13	redirect	python3 "$S/t332_twin_audit.py"  --selftest          > "$E/00-selftest.txt" 2>&1
.softhouse/capture/t332-residual-twin-sweep/src/emit_evidence.sh	ext	14	redirect	python3 "$S/t332_twin_audit.py"  --scope t229corpus  > "$E/10-census-t229corpus.txt" 2>&1
.softhouse/capture/t332-residual-twin-sweep/src/emit_evidence.sh	ext	15	redirect	python3 "$S/t332_twin_audit.py"  --scope all         > "$E/11-census-all.txt" 2>&1
.softhouse/capture/t332-residual-twin-sweep/src/emit_evidence.sh	ext	16	redirect	python3 "$S/t332_twin_audit.py"  --seven             > "$E/20-seven-cells.txt" 2>&1
.softhouse/capture/t332-residual-twin-sweep/src/emit_evidence.sh	ext	17	redirect	python3 "$S/t332_twin_audit.py"  --sites             > "$E/21-site-claims.txt" 2>&1
.softhouse/capture/t332-residual-twin-sweep/src/emit_evidence.sh	ext	18	redirect	python3 "$S/t332_sweep_gates.py" --list              > "$E/30-sweep-gates.txt" 2>&1
.softhouse/capture/t332-residual-twin-sweep/src/emit_evidence.sh	ext	19	redirect	bash    "$S/verify_t332.sh"                          > "$E/40-verify.txt" 2>&1
.softhouse/capture/t332-residual-twin-sweep/src/emit_evidence.sh	ext	46	redirect	} > "$E/50-where-i-looked.txt" 2>&1
.softhouse/capture/t332-residual-twin-sweep/src/t332_sweep_gates.py	ext	18	redirect	- a hit matches no ledger entry            -> A NEW, UNCLASSIFIED RESTATEMENT
.softhouse/capture/t332-residual-twin-sweep/src/t332_sweep_gates.py	ext	19	redirect	- a ledger entry matches nothing           -> the site was deleted or re-worded
.softhouse/capture/t332-residual-twin-sweep/src/t332_sweep_gates.py	ext	20	redirect	- a SCOPED site has lost its scope marker  -> somebody removed the correction
.softhouse/capture/t332-residual-twin-sweep/src/t332_sweep_gates.py	ext	174	redirect	s = lines[j].lstrip('> ').rstrip()
.softhouse/capture/t332-residual-twin-sweep/src/t332_sweep_gates.py	ext	197	redirect	return s.lstrip('> ').rstrip()
.softhouse/capture/t332-residual-twin-sweep/src/t332_sweep_gates.py	ext	331	redirect	print('   -> scope it to the exception set, or add it to LEDGER with the argument for '
.softhouse/capture/t332-residual-twin-sweep/src/t332_twin_audit.py	ext	128	redirect	return (a if a > b else b) <= digits
.softhouse/capture/t332-residual-twin-sweep/src/t332_twin_audit.py	ext	132	redirect	"""HALF_UP quantization of num/den to an integer, num >= 0, den > 0."""
.softhouse/capture/t332-residual-twin-sweep/src/t332_twin_audit.py	ext	246	redirect	return v if v > 0 else 0
.softhouse/capture/t332-residual-twin-sweep/src/t332_twin_audit.py	ext	289	redirect	exceeds = [c for c in stuck if observed_residual(c) > twin(c)]
.softhouse/capture/t332-residual-twin-sweep/src/t332_twin_audit.py	ext	537	redirect	check('half_up(1,2)  -> 1', half_up(1, 2), 1)             # 0.5 -> 1
.softhouse/capture/t332-residual-twin-sweep/src/t332_twin_audit.py	ext	538	redirect	check('half_up(3,2)  -> 2', half_up(3, 2), 2)             # 1.5 -> 2
.softhouse/capture/t332-residual-twin-sweep/src/t332_twin_audit.py	ext	539	redirect	check('half_up(999,2) -> 500', half_up(999, 2), 500)      # 499.5 -> 500
.softhouse/capture/t332-residual-twin-sweep/src/t332_twin_audit.py	ext	540	redirect	check('half_up(252,500) -> 1', half_up(252, 500), 1)      # 0.504 -> 1
.softhouse/capture/t332-residual-twin-sweep/src/t332_twin_audit.py	ext	541	redirect	check('half_up(1,3)  -> 0', half_up(1, 3), 0)
.softhouse/capture/t332-residual-twin-sweep/src/t332_twin_audit.py	ext	555	redirect	lhs = B - (B - nd if B - nd > 0 else 0)
.softhouse/capture/t332-residual-twin-sweep/src/verify_t332.sh	ext	30	redirect	if "$@" >/dev/null 2>&1; then
.softhouse/capture/t332-residual-twin-sweep/src/verify_t332.sh	ext	37	redirect	fail_case() {  # fail_case <name> <cmd...>   -- must exit non-zero
.softhouse/capture/t332-residual-twin-sweep/src/verify_t332.sh	ext	39	redirect	if "$@" >/dev/null 2>&1; then
.softhouse/capture/t332-residual-twin-sweep/src/verify_t332.sh	ext	77	rm	trap 'rm -rf "$TMP"' EXIT
.softhouse/capture/t332-residual-twin-sweep/src/verify_t332.sh	ext	127	redirect	git show "$BASE:$GATES" > "$TMP/base.md" 2>/dev/null || { echo "  cannot read $BASE:$GATES"; FAILS=$((FAILS+1)); }
.softhouse/capture/t332-residual-twin-sweep/src/verify_t332.sh	ext	134	redirect	"extract_$what" "$TMP/base.md" > "$TMP/base.$what"
.softhouse/capture/t332-residual-twin-sweep/src/verify_t332.sh	ext	135	redirect	"extract_$what" "$GATES"       > "$TMP/head.$what"
.softhouse/capture/t332-residual-twin-sweep/src/verify_t332.sh	ext	141	redirect	| sed '$d' > "$TMP/head.t277"
.softhouse/capture/t332-residual-twin-sweep/src/verify_t332.sh	ext	142	redirect	sed '$d' "$TMP/base.t277" > "$TMP/base.t277.trim"
.softhouse/capture/t332-residual-twin-sweep/src/verify_t332.sh	ext	143	mv	mv "$TMP/base.t277.trim" "$TMP/base.t277"
.softhouse/capture/t332-residual-twin-sweep/src/verify_t332.sh	ext	160	redirect	awk '/^#### T332 —/{f=1} f{print} /^##### The rejected/{if(f)exit}' "$GATES" > "$TMP/t332sec.md"
.softhouse/capture/t334-writer-guidance/append-p97.py	ext	23	redirect	MARK = "<!-- T334-WRITER-SAFETY -->"
.softhouse/capture/t334-writer-guidance/append-p97.py	ext	38	redirect	"""-> (dict writer->verdict, totals string, sed version line)"""
.softhouse/capture/t334-writer-guidance/append-p97.py	ext	43	redirect	sedver = ln.split(None, 2)[2].strip() if len(ln.split(None, 2)) > 2 else ""
.softhouse/capture/t334-writer-guidance/append-p97.py	ext	100	py-rmtree	os.unlink(jf)
.softhouse/capture/t334-writer-guidance/append-p97.py	ext	113	redirect	rows = ["cat > file", "printf > file (truncate)", ">> append", "tee file", "tee -a file",
.softhouse/capture/t334-writer-guidance/append-p97.py	ext	114	redirect	"dd conv=notrunc", "cp src dst", "cp -p src dst", "cat src > dst",
.softhouse/capture/t334-writer-guidance/append-p97.py	ext	115	redirect	"python open(w)", "python open(r+)", "sed > tmp; cat tmp > f",
.softhouse/capture/t334-writer-guidance/append-p97.py	ext	117	mv	"mv src dst", "install -m 755", "python write+os.replace",
.softhouse/capture/t334-writer-guidance/append-p97.py	ext	118	mv	"sed -i (in-place flag)", "sed -i.bak", "perl -i -pe", "awk > tmp; mv tmp f",
.softhouse/capture/t334-writer-guidance/append-p97.py	ext	119	redirect	"patch", "git merge --ff-only", "git checkout other -- <p>",
.softhouse/capture/t334-writer-guidance/append-p97.py	ext	120	redirect	"git restore -s other <p>", "git reset --hard other", "git apply <patch>",
.softhouse/capture/t334-writer-guidance/append-p97.py	ext	136	inplace-edit	sed_v = {label: d[0]["sed -i (in-place flag)"] for label, d in data}
.softhouse/capture/t334-writer-guidance/append-p97.py	ext	138	inplace-edit	raise SystemExit("REFUSING: `sed -i` is not ISOLATED everywhere: %s. The portability "
.softhouse/capture/t334-writer-guidance/append-p97.py	ext	140	inplace-edit	sed_verdicts = ("Measured on all three, `sed -i ''` (BSD spelling) and `sed -i` (GNU and busybox "
.softhouse/capture/t334-writer-guidance/append-p97.py	ext	182	redirect	> target — handoffs, captures, `RESUME.md`, observations, source files, vectors — the shell writers are
.softhouse/capture/t334-writer-guidance/append-p97.py	ext	184	redirect	> are not running scripts**.
.softhouse/capture/t334-writer-guidance/append-p97.py	ext	188	inplace-edit	(2) Use a writer that **renames**: `sed -i`, `perl -i`, `mv`, `install`, `patch`, `write-to-temp` **then**
.softhouse/capture/t334-writer-guidance/append-p97.py	ext	194	inplace-edit	**`sed -i` IS SAFE ON ALL THREE, WHICH SETTLES THE OPEN QUESTION `T301` LEFT.** {sedq} The spelling differs
.softhouse/capture/t334-writer-guidance/probe-p45-promotion.sh	ext	25	redirect	echo "  => 0 means the sentence is an UNRECORDED GLOSS: it is not P-45's text and it is not"
.softhouse/capture/t334-writer-guidance/probe-p45-promotion.sh	ext	38	redirect	python3 "$SCRATCH/clone/$CHK" --root "$SCRATCH/clone" --json "$SCRATCH/before.json" >/dev/null 2>&1
.softhouse/capture/t334-writer-guidance/probe-p45-promotion.sh	ext	51	redirect	echo "  => every one is BARE ('matches no registered rule', best trigram 1 < 6) and NON-FATAL."
.softhouse/capture/t334-writer-guidance/probe-p45-promotion.sh	ext	64	redirect	echo "  => Recording the sentence turns 25 harmless BARE citations into MISDIRECTING ones,"
.softhouse/capture/t334-writer-guidance/probe-p45-promotion.sh	ext	68	rm	rm -rf "$SCRATCH"
.softhouse/capture/t334-writer-guidance/probe-writer-census.py	ext	9	redirect	(1) INODE - stat the target before and after. st_ino changed => the writer built a
.softhouse/capture/t334-writer-guidance/probe-writer-census.py	ext	32	redirect	"""name -> (setup(dir)->env|None, sh command run with cwd=dir against ./target)"""
.softhouse/capture/t334-writer-guidance/probe-writer-census.py	ext	38	redirect	plain("cat > file",               "cat > target <<'E'\nMUTATED body\nE")
.softhouse/capture/t334-writer-guidance/probe-writer-census.py	ext	39	redirect	plain("printf > file (truncate)", "printf 'MUTATED body\\n' > target")
.softhouse/capture/t334-writer-guidance/probe-writer-census.py	ext	41	redirect	plain("tee file",                 "printf 'MUTATED body\\n' | tee target > /dev/null")
.softhouse/capture/t334-writer-guidance/probe-writer-census.py	ext	42	redirect	plain("tee -a file",              "printf 'MUTATED tail\\n' | tee -a target > /dev/null")
.softhouse/capture/t334-writer-guidance/probe-writer-census.py	ext	44	redirect	plain("cp src dst",               "printf 'MUTATED body\\n' > src; cp src target")
.softhouse/capture/t334-writer-guidance/probe-writer-census.py	ext	45	redirect	plain("cp -p src dst",            "printf 'MUTATED body\\n' > src; cp -p src target")
.softhouse/capture/t334-writer-guidance/probe-writer-census.py	ext	46	redirect	plain("cat src > dst",            "printf 'MUTATED body\\n' > src; cat src > target")
.softhouse/capture/t334-writer-guidance/probe-writer-census.py	ext	47	mv	plain("mv src dst",               "printf 'MUTATED body\\n' > src; mv src target")
.softhouse/capture/t334-writer-guidance/probe-writer-census.py	ext	48	redirect	plain("install -m 755",           "printf 'MUTATED body\\n' > src; install -m 755 src target")
.softhouse/capture/t334-writer-guidance/probe-writer-census.py	ext	52	inplace-edit	plain("sed -i (in-place flag)",   "sed -i%s 's/ORIGINAL/MUTATED/g' target"
.softhouse/capture/t334-writer-guidance/probe-writer-census.py	ext	54	inplace-edit	plain("sed -i.bak",               "sed -i.bak 's/ORIGINAL/MUTATED/g' target")
.softhouse/capture/t334-writer-guidance/probe-writer-census.py	ext	55	redirect	plain("sed > tmp; cat tmp > f",   "sed 's/ORIGINAL/MUTATED/g' target > t.tmp && cat t.tmp > target")
.softhouse/capture/t334-writer-guidance/probe-writer-census.py	ext	56	inplace-edit	plain("perl -i -pe",              "perl -i -pe 's/ORIGINAL/MUTATED/g' target")
.softhouse/capture/t334-writer-guidance/probe-writer-census.py	ext	59	mv	plain("awk > tmp; mv tmp f",      "awk '{gsub(/ORIGINAL/,\"MUTATED\")}1' target > t.tmp && mv t.tmp target")
.softhouse/capture/t334-writer-guidance/probe-writer-census.py	ext	60	redirect	plain("patch",                    "sed 's/ORIGINAL/MUTATED/g' target > new.txt; "
.softhouse/capture/t334-writer-guidance/probe-writer-census.py	ext	61	redirect	"diff -u target new.txt > p.diff || true; patch target < p.diff >/dev/null")
.softhouse/capture/t334-writer-guidance/probe-writer-census.py	ext	72	mv	"git checkout -q -b other && sed 's/ORIGINAL/MUTATED/g' target > t && mv t target && "
.softhouse/capture/t334-writer-guidance/probe-writer-census.py	ext	79	redirect	L.append(("git checkout other -- <p>", gitsetup, G + "checkout other -- target"))
.softhouse/capture/t334-writer-guidance/probe-writer-census.py	ext	80	redirect	L.append(("git restore -s other <p>",  gitsetup, G + "restore -s other target"))
.softhouse/capture/t334-writer-guidance/probe-writer-census.py	ext	81	git-restore	L.append(("git reset --hard other",    gitsetup, G + "reset -q --hard other"))
.softhouse/capture/t334-writer-guidance/probe-writer-census.py	ext	82	redirect	L.append(("git apply <patch>",         gitsetup, G + "diff HEAD other -- target > p.diff && " + G + "apply p.diff"))
.softhouse/capture/t334-writer-guidance/probe-writer-census.py	ext	85	mv	"sed 's/ORIGINAL/MUTATED/g' target > t && mv t target && " + G + "stash -q && " + G + "stash pop -q"))
.softhouse/capture/t334-writer-guidance/probe-writer-census.py	ext	99	redirect	v = r.stdout.decode().splitlines()[0] if r.returncode == 0 else "(rejects --version => BSD sed)"
.softhouse/capture/t334-writer-guidance/probe-writer-census.py	ext	103	redirect	print("SELECTOR  : os.stat(path).st_ino before/after  AND  held read fd -> os.lseek(fd,0)+os.read")
.softhouse/capture/t58-counterfactuals/src/apply-mutations-1.py	ext	63	redirect	old5 = '''	if seed.Day > 28 && d.Day >= 28 {'''
.softhouse/capture/t58-counterfactuals/src/apply-mutations-1.py	ext	68	redirect	if seed.Day > 28 && d.Day >= lo {'''
.softhouse/capture/t61-halfeven/check-prediction.py	ext	51	redirect	"""Exact major-unit decimal text -> int64 minor units. No float, ever."""
.softhouse/capture/t61-halfeven/check-prediction.py	ext	55	redirect	if len(frac) > 2 and set(frac[2:]) != {"0"}:
.softhouse/capture/t61-halfeven/src/run-counterfactuals.py	ext	46	redirect	"""Exact major-unit decimal text -> int64 minor units. No float, ever."""
.softhouse/capture/t61-halfeven/src/run-counterfactuals.py	ext	50	redirect	if len(frac) > 2 and set(frac[2:]) != {"0"}:
.softhouse/capture/t61-halfeven/src/run-counterfactuals.py	ext	60	py-rmtree	shutil.rmtree(scratch, ignore_errors=True)
.softhouse/capture/t61-halfeven/src/run-counterfactuals.py	ext	79	py-rmtree	shutil.rmtree(scratch, ignore_errors=True)
.softhouse/capture/t61-halfeven/src/run-counterfactuals.py	ext	84	redirect	"""The graded MONEY cells of a capture case, as (row_index, field) -> minor."""
.softhouse/capture/t64-zeroprincipal/check-prediction.py	ext	25	redirect	"""Exact textual major -> minor scaling. No float anywhere."""
.softhouse/capture/t64-zeroprincipal/check-prediction.py	ext	32	redirect	if len(fp) > digits:
.softhouse/capture/t64-zeroprincipal/src/T64-mutations.py	ext	42	redirect	"\treturn left.Cmp(threshold) > 0",
.softhouse/capture/t64-zeroprincipal/src/T64-promote-vectors.py	ext	6	redirect	transformation applied to a money column is exact textual major -> minor scaling
.softhouse/capture/t64-zeroprincipal/src/T64-promote-vectors.py	ext	7	redirect	("0.28" -> "28"), by integer string manipulation, with no float anywhere. A cell
.softhouse/capture/t64-zeroprincipal/src/T64-promote-vectors.py	ext	83	redirect	if len(fp) > digits:
.softhouse/capture/t64-zeroprincipal/src/T64-promote-vectors.py	ext	122	redirect	"sides are EXACTLY EQUAL to the minor unit, so > and >= decide whether the smoothing loop "
.softhouse/capture/t64-zeroprincipal/src/T64-promote-vectors.py	ext	142	redirect	"MARGIN to an existing kill (32 -> 36 vectors moves it to PASS 22 FAIL 14) and does NOT "
.softhouse/capture/t64-zeroprincipal/src/T64-promote-vectors.py	ext	208	redirect	"The guard is |emiDifference| * 100 > floor(n/2) whole currency units [EmiAdjustment.java:31-36 "
.softhouse/capture/t64-zeroprincipal/src/T64-promote-vectors.py	ext	209	redirect	"with Money.copy(double) at Money.java:216-222], which on this shape is B > floor(n/2) in minor "
.softhouse/capture/t64-zeroprincipal/src/T64-promote-vectors.py	ext	387	redirect	"transformation is exact textual major->minor scaling, and the oracle's own "
.softhouse/capture/t64-zeroprincipal/src/run-counterfactuals.py	ext	45	redirect	"""Exact major-unit decimal text -> int64 minor units. No float, ever."""
.softhouse/capture/t64-zeroprincipal/src/run-counterfactuals.py	ext	49	redirect	if len(frac) > 2 and set(frac[2:]) != {"0"}:
.softhouse/capture/t64-zeroprincipal/src/run-counterfactuals.py	ext	59	py-rmtree	shutil.rmtree(scratch, ignore_errors=True)
.softhouse/capture/t64-zeroprincipal/src/run-counterfactuals.py	ext	79	py-rmtree	shutil.rmtree(scratch, ignore_errors=True)
.softhouse/capture/t64-zeroprincipal/src/run-counterfactuals.py	ext	84	redirect	"""The graded MONEY cells of a capture case, as (row_index, field) -> minor."""
.softhouse/capture/t64-zeroprincipal/src/run-harness-mutations.sh	ext	35	rm	rm -rf "$dir"
.softhouse/capture/t64-zeroprincipal/src/run-harness-mutations.sh	ext	72	rm	rm -f "$SCRATCH/$1/.softhouse/vectors/loanschedule/$v"
.softhouse/capture/t64-zeroprincipal/src/run-harness-mutations.sh	ext	83	redirect	( cd "$dir" && bash "$dir/.softhouse/conformance.sh" ) > "$out" 2>&1
.softhouse/capture/t64-zeroprincipal/src/run-harness-mutations.sh	ext	121	redirect	echo "  => CLOSED A BLIND SPOT: green at 32, RED at 36."
.softhouse/capture/t64-zeroprincipal/src/run-harness-mutations.sh	ext	123	redirect	echo "  => already graded before this capture (red at 32); T64 adds nothing here."
.softhouse/capture/t64-zeroprincipal/src/run-harness-mutations.sh	ext	125	redirect	echo "  => SURVIVES BOTH. This capture does NOT grade it. Reported as such."
.softhouse/capture/t66-unrecognized-interest/check-prediction.py	ext	45	redirect	after = [i for i in zemi if L is not None and i > L]
.softhouse/capture/t66-unrecognized-interest/check-prediction.py	ext	68	redirect	and r["totalPaidAmount"] in ZERO and r["idx"] > L]
.softhouse/capture/t66-unrecognized-interest/check-prediction.py	ext	84	redirect	after = [r["idx"] for r in ps if r["idx"] > L and r["emi"] in ZERO and r["totalPaidAmount"] in ZERO]
.softhouse/capture/t74-multiplesof/T82-guard-proofs/T109-digest-compare/drive-red.sh	ext	27	redirect	bash "$RIG/prove-guards-go-red.sh" > /tmp/t109-case.out 2> /tmp/t109-case.err
.softhouse/capture/t74-multiplesof/T82-guard-proofs/T109-digest-compare/drive-red.sh	ext	52	redirect	} > "$PIN"
.softhouse/capture/t74-multiplesof/T82-guard-proofs/T109-digest-compare/drive-red.sh	ext	66	redirect	} > "$PIN"
.softhouse/capture/t74-multiplesof/T82-guard-proofs/T109-digest-compare/drive-red.sh	ext	76	redirect	} > "$PIN"
.softhouse/capture/t74-multiplesof/T82-guard-proofs/T109-digest-compare/drive-red.sh	ext	83	redirect	sed -e 's/^sha256 27bb20b4/sha256 00bb20b4/' "$BAK" > "$PIN"
.softhouse/capture/t74-multiplesof/T82-guard-proofs/T109-digest-compare/drive-red.sh	ext	87	redirect	sed -e 's/^sha256 e7aee917/sha256 f7aee917/' "$BAK" > "$PIN"
.softhouse/capture/t74-multiplesof/T82-guard-proofs/T109-digest-compare/drive-red.sh	ext	94	redirect	grep '^sha256 ' "$BAK" > "$PIN"
.softhouse/capture/t74-multiplesof/T82-guard-proofs/T109-digest-compare/drive-red.sh	ext	105	redirect	} > "$PIN"
.softhouse/capture/t74-multiplesof/T82-guard-proofs/T109-digest-compare/drive-red.sh	ext	115	redirect	} > "$PIN"
.softhouse/capture/t74-multiplesof/T82-guard-proofs/T109-digest-compare/drive-red.sh	ext	122	mv	mv "$PIN" /tmp/t109-pin-hidden
.softhouse/capture/t74-multiplesof/T82-guard-proofs/T109-digest-compare/drive-red.sh	ext	124	mv	mv /tmp/t109-pin-hidden "$PIN"
.softhouse/capture/t74-multiplesof/T82-guard-proofs/T109-digest-compare/drive-red.sh	ext	126	redirect	echo "commit not-a-sha" > "$PIN"
.softhouse/capture/t74-multiplesof/T82-guard-proofs/T109-digest-compare/drive-red.sh	ext	130	redirect	{ echo "commit 8da4b83"; grep '^sha256 ' "$BAK"; } > "$PIN"
.softhouse/capture/t74-multiplesof/T82-guard-proofs/T109-digest-compare/drive-red.sh	ext	134	redirect	{ echo "commit deadbeefdeadbeefdeadbeefdeadbeefdeadbeef"; grep '^sha256 ' "$BAK"; } > "$PIN"
.softhouse/capture/t74-multiplesof/T82-guard-proofs/T109-digest-compare/every-invocation.sh	ext	26	redirect	{ echo "commit $MAINTIP"; grep '^sha256 ' "$BAK"; } > "$PIN"
.softhouse/capture/t74-multiplesof/T82-guard-proofs/T109-digest-compare/verify-on-scratch-merge.sh	ext	12	rm	rm -rf "$C"
.softhouse/capture/t74-multiplesof/T82-guard-proofs/T109-digest-compare/verify-on-scratch-merge.sh	ext	29	redirect	bash "$C/.softhouse/capture/t74-multiplesof/T82-guard-proofs/prove-guards-go-red.sh" > /tmp/t109-clone-green.txt 2>&1
.softhouse/capture/t74-multiplesof/T82-guard-proofs/T109-digest-compare/verify-on-scratch-merge.sh	ext	38	redirect	} > "$C/.softhouse/capture/t74-multiplesof/T82-guard-proofs/FORK-POINT-SHA.new"
.softhouse/capture/t74-multiplesof/T82-guard-proofs/T109-digest-compare/verify-on-scratch-merge.sh	ext	39	mv	mv "$C/.softhouse/capture/t74-multiplesof/T82-guard-proofs/FORK-POINT-SHA.new" \
.softhouse/capture/t74-multiplesof/T82-guard-proofs/T109-digest-compare/verify-on-scratch-merge.sh	ext	41	redirect	bash "$C/.softhouse/capture/t74-multiplesof/T82-guard-proofs/prove-guards-go-red.sh" > /tmp/t109-clone-red.txt 2>/tmp/t109-clone-red.err
.softhouse/capture/t74-multiplesof/T82-guard-proofs/T109-digest-compare/verify-on-scratch-merge.sh	ext	50	redirect	bash "$C/.softhouse/capture/t74-multiplesof/T82-guard-proofs/prove-guards-go-red.sh" > /tmp/t109-clone-cap.txt 2>/tmp/t109-clone-cap.err
.softhouse/capture/t74-multiplesof/T82-guard-proofs/T109-digest-compare/verify-on-scratch-merge.sh	ext	69	redirect	bash "$C/.softhouse/capture/t74-multiplesof/T82-guard-proofs/prove-guards-go-red.sh" > /tmp/t109-clone-slice.txt 2>&1
.softhouse/capture/t74-multiplesof/T82-guard-proofs/T109-digest-compare/verify-on-scratch-merge.sh	ext	76	redirect	bash "$C/.softhouse/capture/t74-multiplesof/T82-guard-proofs/prove-guards-go-red.sh" > /tmp/t109-clone-green2.txt 2>&1
.softhouse/capture/t74-multiplesof/T82-guard-proofs/T109-digest-compare/verify-on-scratch-merge.sh	ext	81	redirect	sed -e "s|$C|ROOT|g" /tmp/t109-clone-green.txt > /tmp/t109-n-merged.txt
.softhouse/capture/t74-multiplesof/T82-guard-proofs/T109-digest-compare/verify-on-scratch-merge.sh	ext	82	redirect	sed -e "s|$SRC|ROOT|g" "$SRC/.softhouse/capture/t74-multiplesof/T82-guard-proofs/TRANSCRIPT.txt" > /tmp/t109-n-branch.txt
.softhouse/capture/t74-multiplesof/T82-guard-proofs/T109-digest-compare/verify-on-scratch-merge.sh	ext	83	redirect	if diff -q /tmp/t109-n-merged.txt /tmp/t109-n-branch.txt >/dev/null; then
.softhouse/capture/t74-multiplesof/T82-guard-proofs/mutate.py	ext	79	redirect	print("capture: T74-E-P4 mathContextPrecision 19 -> 12 "
.softhouse/capture/t74-multiplesof/T82-guard-proofs/mutate.py	ext	88	redirect	print("script:  CASE_PRECISION['T74-A0-DP0-NONE'] 19 -> 12")
.softhouse/capture/t74-multiplesof/T82-guard-proofs/mutate.py	ext	89	redirect	print("capture: T74-A0-DP0-NONE mathContextPrecision 19 -> 12, money untouched")
.softhouse/capture/t74-multiplesof/T82-guard-proofs/mutate.py	ext	100	redirect	print("script:  CASE_PRECISION['T74-E-P59-p12'] 12 -> 19")
.softhouse/capture/t74-multiplesof/T82-guard-proofs/mutate.py	ext	101	redirect	print("capture: T74-E-P59-p12 mathContextPrecision 12 -> 19, money untouched")
.softhouse/capture/t74-multiplesof/T82-guard-proofs/mutate.py	ext	110	redirect	print("capture: rounding mode HALF_UP -> HALF_DOWN on %r; money untouched" % arms)
.softhouse/capture/t74-multiplesof/T82-guard-proofs/prove-guards-go-red.sh	ext	41	rm	rm -rf "$S"
.softhouse/capture/t74-multiplesof/T82-guard-proofs/prove-guards-go-red.sh	ext	91	redirect	git -C "$ROOT" show "$BASE:.softhouse/capture/src/run-pass3i.sh"      > "$S/run-pass3i-BASE.sh"
.softhouse/capture/t74-multiplesof/T82-guard-proofs/prove-guards-go-red.sh	ext	92	redirect	git -C "$ROOT" show "$BASE:.softhouse/handoff/T74-promote-vectors.py" > "$S/promote-BASE.py"
.softhouse/capture/t74-multiplesof/T82-guard-proofs/prove-guards-go-red.sh	ext	94	redirect	> "$S/build-counterfactuals-BASE.py"
.softhouse/capture/t74-multiplesof/T82-guard-proofs/prove-guards-go-red.sh	ext	107	redirect	"$@" > "$S/last.out" 2>&1
.softhouse/capture/t74-multiplesof/T82-guard-proofs/prove-guards-go-red.sh	ext	144	redirect	"$S/17a-run.sh" "$S/17a-capture.json" > "$S/17a-mutation.txt" 2>&1
.softhouse/capture/t74-multiplesof/T82-guard-proofs/prove-guards-go-red.sh	ext	153	redirect	"$S/17a-main-run.sh" "$S/17a-main-capture.json" > "$S/17a-main-mutation.txt" 2>&1
.softhouse/capture/t74-multiplesof/T82-guard-proofs/prove-guards-go-red.sh	ext	162	redirect	"$S/17b-run.sh" "$S/17b-capture.json" > "$S/17b-mutation.txt" 2>&1
.softhouse/capture/t74-multiplesof/T82-guard-proofs/prove-guards-go-red.sh	ext	171	redirect	"$S/17c-run.sh" "$S/17c-capture.json" > "$S/17c-mutation.txt" 2>&1
.softhouse/capture/t74-multiplesof/T82-guard-proofs/prove-guards-go-red.sh	ext	189	redirect	"$S/18a-run.sh" "$S/18a-capture.json" > "$S/18a-mutation.txt" 2>&1
.softhouse/capture/t74-multiplesof/T82-guard-proofs/prove-guards-go-red.sh	ext	195	redirect	"$S/18b-run.sh" "$S/18b-capture.json" > "$S/18b-mutation.txt" 2>&1
.softhouse/capture/t74-multiplesof/T82-guard-proofs/prove-guards-go-red.sh	ext	212	redirect	"$S/e3-run.sh" "$S/e3-both-half-down.json" > "$S/e3-mutation.txt" 2>&1
.softhouse/capture/t74-multiplesof/T82-guard-proofs/prove-guards-go-red.sh	ext	221	redirect	"$S/e3b-run.sh" "$S/e3-one-half-down.json" > "$S/e3b-mutation.txt" 2>&1
.softhouse/capture/t74-multiplesof/T82-guard-proofs/prove-promote-guards.py	ext	117	redirect	"down-payment-enabled": "downPaymentEnabled -> true, percentage still \"0\".",
.softhouse/capture/t74-multiplesof/T82-guard-proofs/prove-promote-guards.py	ext	125	redirect	"period-number-bad": "period 1's periodNumber -> the string \"1\". Must be refused, not coerced.",
.softhouse/capture/t74-multiplesof/T82-guard-proofs/prove-promote-guards.py	ext	136	redirect	"period 1's periodNumber -> 0, a LEGITIMATE zero. REGRESSION CONTROL, NOT A GUARD PROOF: "
.softhouse/capture/t74-multiplesof/T82-guard-proofs/prove-promote-guards.py	ext	167	py-rmtree	shutil.rmtree(tmp, ignore_errors=True)
.softhouse/capture/t74-multiplesof/T82-guard-proofs/prove-promote-guards.py	ext	224	redirect	print("  -> CONFIRMED A REGRESSION CONTROL, NOT A GUARD PROOF. Both codebases emit the")
.softhouse/capture/t74-multiplesof/T82-guard-proofs/prove-promote-guards.py	ext	229	py-rmtree	shutil.rmtree(tmp, ignore_errors=True)
.softhouse/capture/t74-multiplesof/T82-guard-proofs/prove-promote-guards.py	ext	233	redirect	main(sys.argv[1], sys.argv[2], sys.argv[3] if len(sys.argv) > 3 else None)
.softhouse/capture/t74-multiplesof/T82-guard-proofs/run-precondition-block.sh	ext	39	rm	trap 'rm -f "$PYFILE"' EXIT
.softhouse/capture/t74-multiplesof/T82-guard-proofs/run-precondition-block.sh	ext	42	redirect	sed -n "$((START + 1)),$((END - 1))p" "$SCRIPT" > "$PYFILE"
.softhouse/capture/t74-multiplesof/T82-guard-proofs/sweep-census.py	ext	118	redirect	if len(line) > LONG_LINE:
.softhouse/capture/t74-multiplesof/build-counterfactuals.py	ext	50	redirect	if len(fp) > digits:
.softhouse/capture/t74-multiplesof/build-prediction.py	ext	84	redirect	"why": "the gate opens (1 > 0) and roundToMultiplesOf(x, 1) is "
.softhouse/capture/t74-multiplesof/build-prediction.py	ext	90	redirect	"why": "third conjunct of Money.java:48, currency.getInMultiplesOf() > 0, is false."},
.softhouse/capture/t74-multiplesof/build-prediction.py	ext	105	redirect	"why": "channel 1 fires: dp = 0, inMultiplesOf = 100 > 0."},
.softhouse/capture/t74-multiplesof/build-prediction.py	ext	172	redirect	"picks the LAST period, whose outstanding balance is 1,000 > 0. diff = 1000 + 0 "
.softhouse/capture/t74-multiplesof/check-prediction.py	ext	27	redirect	"""Exact decimal string -> integer minor units at `scale`. No float anywhere."""
.softhouse/capture/t74-multiplesof/check-prediction.py	ext	40	redirect	if len(frac) > scale:
.softhouse/capture/t74-multiplesof/check-prediction.py	ext	73	redirect	fails.append("IDENTITY REFUTED: %s != %s\n    %s -> interest %s\n    %s -> interest %s"
.softhouse/capture/t83-nonamortizing/src/classify-boundary.py	ext	38	redirect	"""'0.01' -> 1. Integer minor units. No float anywhere on this path."""
.softhouse/capture/t83-nonamortizing/src/classify-boundary.py	ext	84	redirect	'allButLastEmiZero': len(emi_rows) > 0 and all(x == 0 for x in emi_rows[:-1]),
.softhouse/capture/t83-nonamortizing/src/classify-boundary.py	ext	114	redirect	above = [c for c in clean if c > hi]
.softhouse/capture/t83-nonamortizing/src/predict.py	ext	14	redirect	-> isFullyPaid() is vacuously true on all of them (0 == 0)
.softhouse/capture/t83-nonamortizing/src/predict.py	ext	15	redirect	-> findLastUnpaidRepaymentPeriod is empty
.softhouse/capture/t83-nonamortizing/src/predict.py	ext	16	redirect	-> calculateLastUnpaidRepaymentPeriodEMI takes its fallback branch, whose
.softhouse/capture/t83-nonamortizing/src/predict.py	ext	20	redirect	-> the emitted balance column is stale and never reaches zero.
.softhouse/capture/t83-nonamortizing/src/predict.py	ext	44	redirect	def annuity_factor(rate: str, n: int) -> Decimal:
.softhouse/capture/t83-nonamortizing/src/run-exemption-demo.py	ext	18	redirect	transformation is exact textual major->minor scaling, and the oracle's own emitted
.softhouse/capture/t83-nonamortizing/src/run-exemption-demo.py	ext	48	redirect	"""Exact major-unit decimal text -> int64 minor units. No float, ever."""
.softhouse/capture/t83-nonamortizing/src/run-exemption-demo.py	ext	52	redirect	if len(frac) > 2 and set(frac[2:]) != {"0"}:
.softhouse/capture/t83-nonamortizing/src/run-exemption-demo.py	ext	108	redirect	"transformation is exact textual major->minor scaling. The final row's "
.softhouse/capture/t83-nonamortizing/src/run-exemption-demo.py	ext	178	py-rmtree	shutil.rmtree(scratch, ignore_errors=True)
.softhouse/capture/t83-nonamortizing/src/run-exemption-demo.py	ext	186	py-rmtree	shutil.rmtree(scratch, ignore_errors=True)
.softhouse/capture/t83-nonamortizing/src/run-exemption-demo.py	ext	223	py-rmtree	shutil.rmtree(store, ignore_errors=True)
.softhouse/capture/t83-nonamortizing/src/run-exemption-demo.py	ext	229	py-rmtree	shutil.rmtree(store, ignore_errors=True)
.softhouse/capture/t83-nonamortizing/src/run-orderdep.sh	ext	30	redirect	command -v docker >/dev/null 2>&1 || fail "docker not on PATH"
.softhouse/capture/t83-nonamortizing/src/run-orderdep.sh	ext	52	redirect	' > "$RAW" 2> "$ERR"
.softhouse/capture/t83-nonamortizing/src/run-orderdep.sh	ext	59	redirect	tail -n +"$START" "$RAW" > "$JSON"
.softhouse/capture/t83-nonamortizing/src/run-port.py	ext	42	redirect	"""Exact major-unit decimal text -> int64 minor units. No float, ever."""
.softhouse/capture/t83-nonamortizing/src/run-port.py	ext	46	redirect	if len(frac) > 2 and set(frac[2:]) != {"0"}:
.softhouse/capture/t83-nonamortizing/src/run-port.py	ext	56	py-rmtree	shutil.rmtree(scratch, ignore_errors=True)
.softhouse/capture/t83-nonamortizing/src/run-port.py	ext	67	py-rmtree	shutil.rmtree(scratch, ignore_errors=True)
.softhouse/capture/t83-nonamortizing/src/run-port.py	ext	72	redirect	"""The graded MONEY cells of a capture case, as (row_index, field) -> minor."""
.softhouse/capture/t83-nonamortizing/src/run-t83.sh	ext+execbit	84	redirect	command -v docker >/dev/null 2>&1 || fail "docker not on PATH"
.softhouse/capture/t83-nonamortizing/src/run-t83.sh	ext+execbit	138	redirect	' > "$RAW" 2> "$ERR"
.softhouse/capture/t83-nonamortizing/src/run-t83.sh	ext+execbit	148	redirect	head -n $((START - 1)) "$RAW" > "$LOG"
.softhouse/capture/t83-nonamortizing/src/run-t83.sh	ext+execbit	150	truncate	: > "$LOG"
.softhouse/capture/t83-nonamortizing/src/run-t83.sh	ext+execbit	152	redirect	tail -n +"$START" "$RAW" > "$JSON"
.softhouse/capture/t91/prove-guards.sh	ext	32	rm	trap 'rm -rf "$S"' EXIT
.softhouse/capture/t91/prove-guards.sh	ext	45	redirect	(cd "$ROOT" && git archive HEAD) > "$S/export.tar" 2>"$S/archive.err" || {
.softhouse/capture/t91/prove-guards.sh	ext	69	redirect	sh "$E/.softhouse/capture/charges/bin/preconditions.sh" gerege > "$S/g1green.txt" 2>&1
.softhouse/capture/t91/prove-guards.sh	ext	75	rm	rm -f "$E/.softhouse/capture/pathb/t36/preconditions.sh"
.softhouse/capture/t91/prove-guards.sh	ext	81	redirect	sh "$E/.softhouse/capture/charges/bin/run-preconditions.sh" "$S/rp.txt" > "$S/g1wrap.txt" 2>&1
.softhouse/capture/t91/prove-guards.sh	ext	87	truncate	: > "$E/.softhouse/capture/pathb/t36/preconditions.sh"
.softhouse/capture/t91/prove-guards.sh	ext	102	redirect	sh "$HERE/verdict.sh" "$S/empty" >/dev/null 2>"$S/g2.err"
.softhouse/capture/t91/prove-guards.sh	ext	111	redirect	sh "$HERE/shell-invariance.sh" "$S/inv" x >/dev/null 2>"$S/g3.err"
.softhouse/capture/t91/prove-guards.sh	ext	170	redirect	if command -v ugrep >/dev/null 2>&1; then
.softhouse/capture/t91/prove-guards.sh	ext	187	redirect	sh "$HERE/verdict.sh" "$S/poison" > "$S/g4.txt" 2>&1
.softhouse/capture/t91/prove-guards.sh	ext	211	rm	rm -rf "$S/g5"; cp -R "$ROOT/.softhouse/capture/t91/out/prefix-livetwin-sh" "$S/g5"
.softhouse/capture/t91/prove-guards.sh	ext	212	redirect	sh "$HERE/verdict.sh" "$S/g5" > "$S/g5.txt" 2>&1
.softhouse/capture/t91/prove-guards.sh	ext	217	rm	rm -rf "$S/g5ro"; cp -R "$ROOT/.softhouse/capture/t91/out/prefix-livetwin-sh" "$S/g5ro"
.softhouse/capture/t91/prove-guards.sh	ext	219	redirect	sh "$HERE/verdict.sh" "$S/g5ro" > "$S/g5ro.txt" 2>&1
.softhouse/capture/t91/prove-guards.sh	ext	242	redirect	LC_ALL=C sed 's/"principal": 1162502.5,/"principal": 1162502.50,/' "$CANONX" > "$S/canon-reformatted.json"
.softhouse/capture/t91/prove-guards.sh	ext	247	redirect	sh "$E/.softhouse/capture/t91/run-attacks.sh" > "$S/g6.txt" 2>&1
.softhouse/capture/t91/prove-guards.sh	ext	248	redirect	expect "G-6 RED reformatted canary -> harness error, not an 'attack'" "$?" 2
.softhouse/capture/t91/prove-guards.sh	ext	269	rm	rm -rf "$S/inv7"; mkdir -p "$S/inv7/y-sh" "$S/inv7/y-bash"
.softhouse/capture/t91/prove-guards.sh	ext	270	redirect	printf 'EXIT=0\n' > "$S/inv7/y-sh/A1.txt"
.softhouse/capture/t91/prove-guards.sh	ext	271	redirect	printf 'EXIT=0\n' > "$S/inv7/y-bash/A1.txt"
.softhouse/capture/t91/prove-guards.sh	ext	272	redirect	sh "$HERE/shell-invariance.sh" "$S/inv7" y > "$S/g7green.txt" 2>&1
.softhouse/capture/t91/prove-guards.sh	ext	274	redirect	printf 'TOTALLY DIFFERENT\nEXIT=9\n' > "$S/inv7/y-bash/A2.txt"
.softhouse/capture/t91/prove-guards.sh	ext	275	redirect	sh "$HERE/shell-invariance.sh" "$S/inv7" y > "$S/g7red.txt" 2>&1
.softhouse/capture/t91/run-attacks.sh	ext	20	redirect	ROOT=$(cd "$T91/../../.." && pwd)          # <root>/.softhouse/capture/t91 -> <root>
.softhouse/capture/t91/run-attacks.sh	ext	39	redirect	sed 's/"principal": 1162502.5,/"principal": 1162502.55,/' "$CANON" > "$O/req-mutated-55.json"
.softhouse/capture/t91/run-attacks.sh	ext	43	redirect	sed 's/"principal": 1162502.5,/"principal": 1162502.4,/' "$CANON" > "$O/req-crafted-04.json"
.softhouse/capture/t91/run-attacks.sh	ext	73	rm	rm -f "$O/link-to-canon.json"
.softhouse/capture/t91/run-attacks.sh	ext	90	redirect	{ hdr "$cap"; echo "\$ $CMD"; echo; eval "$CMD"; st=$?; echo; echo "EXIT=$st"; } > "$t" 2>&1
.softhouse/capture/t91/run-attacks.sh	ext	103	redirect	"A2a — one character changed in the canary principal (1162502.5 -> 1162502.55), tenant gerege"
.softhouse/capture/t91/run-attacks.sh	ext	112	redirect	"A2c — crafted canary (1162502.4 -> 20925.04 under either mode) AND CANARY_EXPECT=20925.04, tenant gerege"
.softhouse/capture/t91/shell-invariance.sh	ext	64	rm	trap 'rm -rf "$INVDIR"' EXIT
.softhouse/capture/t91/shell-invariance.sh	ext	74	redirect	norm "$f" > "$INVDIR/.inv-a"; norm "$b" > "$INVDIR/.inv-b"
.softhouse/capture/t91/shell-invariance.sh	ext	75	redirect	if diff -q "$INVDIR/.inv-a" "$INVDIR/.inv-b" >/dev/null; then
.softhouse/capture/t91/t115-drive-mf1.sh	ext	26	rm	trap 'rm -rf "$S"' EXIT
.softhouse/capture/t91/t115-drive-mf1.sh	ext	29	redirect	( cd "$ROOT" && git show "$PRE_SHA:.softhouse/capture/t91/verdict.sh" ) > "$S/verdict-PRE.sh" 2>"$S/err" || {
.softhouse/capture/t91/t115-drive-mf1.sh	ext	53	redirect	echo 'truncated, nothing was ever run' > "$S/trunc/$n.txt"
.softhouse/capture/t91/t115-drive-mf1.sh	ext	64	rm	rm -rf "$S/w"; cp -R "$_dir" "$S/w"
.softhouse/capture/t91/t115-drive-mf1.sh	ext	65	redirect	sh "$_scr" "$S/w" > "$S/o" 2>&1; _x=$?
.softhouse/capture/t91/t115-drive-mf1.sh	ext	79	rm	rm -rf "$S/w"; cp -R "$S/trunc" "$S/w"
.softhouse/capture/t91/t115-drive-mf1.sh	ext	80	redirect	sh "$HERE/verdict.sh" "$S/w" > "$S/e" 2>&1
.softhouse/capture/t91/t115-drive-mf1.sh	ext	90	rm	rm -rf "$S/w"; cp -R "$S/real-pre" "$S/w"
.softhouse/capture/t91/t115-drive-mf1.sh	ext	99	rm	rm -rf "$S/bare"; cp -R "$S/trunc" "$S/bare"
.softhouse/capture/t91/t115-drive-mf1.sh	ext	100	redirect	printf '5\n' > "$S/bare/A2a-mutated-canary-gerege.txt"
.softhouse/capture/t91/t115-drive-mf1.sh	ext	103	rm	rm -rf "$S/w"; cp -R "$S/bare" "$S/w"
.softhouse/capture/t91/t115-drive-mf1.sh	ext	107	rm	rm -rf "$S/w"; cp -R "$S/bare" "$S/w"
.softhouse/capture/t91/t115-drive-mf1.sh	ext	108	redirect	sh "$HERE/verdict.sh" "$S/w" > "$S/o" 2>&1; bx=$?
.softhouse/capture/t91/t115-drive-mf2.sh	ext	34	rm	trap 'rm -rf "$S"' EXIT
.softhouse/capture/t91/t115-drive-mf2.sh	ext	72	truncate	: > "$_t/$RIGREL"                      # empty, not deleted: the [ ! -f ] branch must NOT be what fires
.softhouse/capture/t91/t115-drive-mf2.sh	ext	77	redirect	> "$S/$_l-direct.out" 2>"$S/$_l-direct.err"
.softhouse/capture/t91/t115-drive-mf2.sh	ext	81	redirect	sh "$_t/.softhouse/capture/charges/bin/run-preconditions.sh" "$S/$_l-wrap.txt" > "$S/$_l-wrap.out" 2>&1
.softhouse/capture/t91/t115-drive-mf2.sh	ext	109	redirect	sh "$CH/bin/run-preconditions.sh" "$S/$_l-C1.txt" > /dev/null 2>&1; echo "$?" > "$S/$_l-C1.rc"
.softhouse/capture/t91/t115-drive-mf2.sh	ext	111	redirect	sh "$CH/bin/preconditions.sh" default > "$S/$_l-C2.txt" 2>&1; echo "$?" > "$S/$_l-C2.rc"
.softhouse/capture/t91/t115-drive-mf2.sh	ext	113	redirect	sh "$CH/bin/preconditions.sh" t55-no-such-tenant > "$S/$_l-C3.txt" 2>&1; echo "$?" > "$S/$_l-C3.rc"
.softhouse/capture/t91/t115-drive-mf2.sh	ext	116	redirect	> "$S/$_l-C4.txt" 2>&1; echo "$?" > "$S/$_l-C4.rc"
.softhouse/capture/t91/t115-drive-mf2.sh	ext	119	redirect	> "$S/$_l-C5.txt" 2>&1; echo "$?" > "$S/$_l-C5.rc"
.softhouse/capture/t91/t115-drive-mf2.sh	ext	156	redirect	( cd "$ROOT" && git cat-file blob "$PRE_RIG_BLOB" ) > "$S/n9/$RIGREL"
.softhouse/capture/t91/t115-drive-mf2.sh	ext	159	redirect	> "$S/n9.txt" 2>&1; n9rc=$?
.softhouse/capture/t91/t115-drive-mf2.sh	ext	163	redirect	echo "    => N9 STILL ADMITS through the MF-2 shim.  F-2 is NOT discharged.  FU-1 closes this."
.softhouse/capture/t91/t115-drive-mf2.sh	ext	165	redirect	echo "    => N9 did not admit on this run (exit $n9rc); the absence of an identity check stands regardless."
.softhouse/capture/t91/t115-drive-mf2.sh	ext	173	redirect	cat > "$S/evil/.softhouse/capture/pathb/t36/preconditions.sh" <<'STUB'
.softhouse/capture/t91/t115-drive-mf2.sh	ext	179	redirect	sh "$S/evil/.softhouse/capture/charges/bin/preconditions.sh" gerege > "$S/n10.txt" 2>&1; n10rc=$?
.softhouse/capture/t91/t115-drive-mf2.sh	ext	183	redirect	echo "    => N10 STILL ADMITS: the attacker's stub rig ran.  F-2 is NOT discharged.  FU-1 closes this."
.softhouse/capture/t91/t115-drive-mf3-mf4.sh	ext	33	rm	trap 'rm -rf "$S"' EXIT
.softhouse/capture/t91/t115-drive-mf3-mf4.sh	ext	39	redirect	( cd "$ROOT" && git cat-file blob "$PRE_SHIM_BLOB" ) > "$S/pre-shim.sh" 2>/dev/null \
.softhouse/capture/t91/t115-drive-mf3-mf4.sh	ext	52	redirect	env -u CANARY_REQ "$SH" "$S/pre-shim.sh" default > "$S/pre-$$.txt" 2>&1; prc=$?
.softhouse/capture/t91/t115-drive-mf3-mf4.sh	ext	55	redirect	env -u CANARY_REQ "$SH" "$C/charges/bin/preconditions.sh" default > "$S/post-$$.txt" 2>&1; qrc=$?
.softhouse/capture/t91/t115-drive-mf3-mf4.sh	ext	91	redirect	| sed "s#^$ROOT/##" | sort > "$S/wrap.txt"
.softhouse/capture/t91/t115-rerun-attacks.sh	ext	26	rm	trap 'rm -rf "$S"' EXIT
.softhouse/capture/t91/t115-rerun-attacks.sh	ext	35	redirect	( cd "$ROOT" && git cat-file blob "$PRE_SHIM_BLOB" ) > "$S/pre/$SHIMREL" || abort "cannot resolve $PRE_SHIM_BLOB"
.softhouse/capture/t91/t115-rerun-attacks.sh	ext	55	redirect	RECIPE=$SHIMREL LABEL=$LABEL SH=$SH sh "$T/.softhouse/capture/t91/run-attacks.sh" > "$S/$phase-$SH.log" 2>&1 \
.softhouse/capture/t91/t115-rerun-attacks.sh	ext	61	redirect	sh "$HERE/verdict.sh" "$T/.softhouse/capture/t91/out/$LABEL-$SH" > "$S/$phase-$SH.score" 2>&1
.softhouse/capture/t91/t115-rerun-attacks.sh	ext	75	redirect	sh "$HERE/shell-invariance.sh" "$T/.softhouse/capture/t91/out" "t115-$phase" > "$S/$phase.inv" 2>&1
.softhouse/capture/t91/t115-rerun-attacks.sh	ext	88	rm	rm -rf "$dst"; mkdir -p "$dst"
.softhouse/capture/t91/t151-drive-g4.sh	ext	34	rm	trap 'rm -rf "$S"' EXIT
.softhouse/capture/t91/t151-drive-g4.sh	ext	43	redirect	(cd "$ROOT" && git show "$PRE_SHA:.softhouse/capture/t91/prove-guards.sh") > "$S/pre-pg.sh" 2>/dev/null || {
.softhouse/capture/t91/t151-drive-g4.sh	ext	59	rm	rm -rf "$1"
.softhouse/capture/t91/t151-drive-g4.sh	ext	105	redirect	(cd "$d" && sh .softhouse/capture/t91/prove-guards.sh) > "$d.txt" 2>&1
.softhouse/capture/t91/t151-drive-g67.sh	ext	37	rm	trap 'rm -rf "$S"' EXIT
.softhouse/capture/t91/t151-drive-g67.sh	ext	45	rm	rm -rf "$1"
.softhouse/capture/t91/t151-drive-g67.sh	ext	50	redirect	break_g6() {  # remove the mutation assertion AND redirect A7's symlink -> exit 2 for the wrong reason
.softhouse/capture/t91/t151-drive-g67.sh	ext	68	redirect	break_g7() {  # relabel the one-sided branch -> exit 1 without naming the SH-side absence
.softhouse/capture/t91/t151-drive-g67.sh	ext	82	redirect	(cd "$1" && sh .softhouse/capture/t91/prove-guards.sh) > "$1.txt" 2>&1
.softhouse/capture/t91/t151-drive-vb.sh	ext	36	rm	trap 'rm -rf "$S"' EXIT
.softhouse/capture/t91/t151-drive-vb.sh	ext	54	redirect	(cd "$ROOT" && git show "$PRE_SHA:.softhouse/capture/t91/verdict.sh")  > "$PREV"  || { echo "ABORT: no PRE verdict.sh" >&2; exit 2; }
.softhouse/capture/t91/t151-drive-vb.sh	ext	55	redirect	(cd "$ROOT" && git show "$POST_SHA:.softhouse/capture/t91/verdict.sh") > "$POSTV" || { echo "ABORT: no POST verdict.sh" >&2; exit 2; }
.softhouse/capture/t91/t151-drive-vb.sh	ext	86	redirect	} > "$S/dead/$n.txt"
.softhouse/capture/t91/t151-drive-vb.sh	ext	88	redirect	if LC_ALL=C /usr/bin/grep -alF "$SENT" "$S/dead"/A*.txt >/dev/null 2>&1; then
.softhouse/capture/t91/t151-drive-vb.sh	ext	113	rm	rm -rf "$ck"
.softhouse/capture/t91/t151-drive-vb.sh	ext	119	redirect	ls "$d"/A*.txt >/dev/null 2>&1 || continue
.softhouse/capture/t91/t151-drive-vb.sh	ext	120	rm	t=$S/tr-$1-$b; rm -rf "$t"; cp -R "$d" "$t"; chmod -R u+w "$t"
.softhouse/capture/t91/t151-drive-vb.sh	ext	121	redirect	sh "$PREV"  "$t" >/dev/null 2>&1; a=$?
.softhouse/capture/t91/t151-drive-vb.sh	ext	122	redirect	sh "$POSTV" "$t" >/dev/null 2>&1; c=$?
.softhouse/capture/t91/t151-drive-vb.sh	ext	137	redirect	sh "$PREV"  "$S/dead" >/dev/null 2>&1; a=$?
.softhouse/capture/t91/t151-drive-vb.sh	ext	138	redirect	sh "$POSTV" "$S/dead" > "$S/l2.txt" 2>&1; c=$?
.softhouse/capture/t91/t151-drive-vb.sh	ext	146	redirect	sh "$S/v-one.sh" "$S/dead" > "$S/l3.txt" 2>&1; a=$?
.softhouse/capture/t91/t151-drive-vb.sh	ext	157	redirect	sh "$S/v-all-PRE.sh"  "$S/dead" > "$S/l4pre.txt"  2>&1; a=$?
.softhouse/capture/t91/t151-drive-vb.sh	ext	158	redirect	sh "$S/v-all-POST.sh" "$S/dead" > "$S/l4post.txt" 2>&1; c=$?
.softhouse/capture/t91/t151-merge-check.sh	ext	24	rm	trap 'rm -rf "$W"' EXIT
.softhouse/capture/t91/t151-merge-check.sh	ext	33	redirect	(cd "$W" && git -c user.name=T151 -c user.email=t151@local merge --no-edit -q "$BR_SHA") > "$W/merge.log" 2>&1
.softhouse/capture/t91/t151-merge-check.sh	ext	73	rm	rm -rf "$W-main"
.softhouse/capture/t91/t151-merge-check.sh	ext	76	rm	trap 'rm -rf "$W" "$W-main"' EXIT
.softhouse/capture/t91/t151-merge-check.sh	ext	79	redirect	(cd "$W" && "$@") > "$W/art.txt" 2>&1
.softhouse/capture/t91/t151-merge-check.sh	ext	82	redirect	(cd "$W-main" && "$@") > "$W/art-control.txt" 2>&1
.softhouse/capture/t91/t151-merge-check.sh	ext	115	redirect	echo "=== LC_ALL=C / grep -a hardening must be monotonically up or flat, main -> merged"
.softhouse/capture/t91/verdict.sh	ext	97	rm	trap 'rm -rf "$FAILDIR"' EXIT
.softhouse/capture/t91/verdict.sh	ext	98	truncate	if ! : >> "$FAILS" 2>/dev/null || [ ! -w "$FAILS" ]; then
.softhouse/capture/t91/verdict.sh	ext	103	rm	rm -f "$D/.score-fail"          # tidy up the pre-T115 location if an old run left one
.softhouse/capture/t91/verdict.sh	ext	185	redirect	if ! LC_ALL=C grep -alF "$S" "$D"/A*.txt >/dev/null 2>&1; then
.softhouse/capture/tierA-a2/a2-29-retype-path.py	ext	22	redirect	print("usage: a2-29-retype-path.py <create-response.json>", file=sys.stderr)
.softhouse/capture/tierA-a2/analyze7.py	ext	63	redirect	print(f"    je#{r['id']:<3} {side:<6} {amt!s:>12}  "
.softhouse/capture/tierA-a2/analyze7.py	ext	65	redirect	f"[{r['glAccountType']['value']}] -> {slot}")
.softhouse/capture/tierA-a2/audit-req-float-roundtrip.py	ext	70	redirect	"""Exactly what resolve7.py's json.load->json.dumps round trip re-emits for `tok`."""
.softhouse/capture/tierA-a2/audit-req-float-roundtrip.py	ext	143	redirect	len(files) > 0, "%d files walked" % len(files))
.softhouse/capture/tierA-a2/audit-req-float-roundtrip.py	ext	145	redirect	len(parsed) > 0, "%d files parsed as JSON" % len(parsed))
.softhouse/capture/tierA-a2/audit-req-float-roundtrip.py	ext	147	redirect	len(tokens) > 0, "%d numeric tokens inspected" % len(tokens))
.softhouse/capture/tierA-a2/audit-req-float-roundtrip.py	ext	193	redirect	len(out_off) > 0,
.softhouse/capture/tierA-a2/audit-req-float-roundtrip.py	ext	197	redirect	"the defect's damage in this corpus is to the WIRE FORM, and value loss needs >17 "
.softhouse/capture/tierA-a2/audit-req-float-roundtrip.py	ext	285	redirect	len(bodied) > 0, "%d bodied captures" % len(bodied))
.softhouse/capture/tierA-a2/audit-req-float-roundtrip.py	ext	288	redirect	len(wire_differs) > 0,
.softhouse/capture/tierA-a2/cap.sh	ext+execbit	65	rm	trap 'rm -rf "$TMPD"' EXIT HUP INT TERM QUIT
.softhouse/capture/tierA-a2/cap.sh	ext+execbit	94	mv	mv "$TMPBODY" "$OUT"
.softhouse/capture/tierA-a2/cap.sh	ext+execbit	98	redirect	echo "Authorization: Basic <mifos:password>"
.softhouse/capture/tierA-a2/cap.sh	ext+execbit	104	redirect	} > "$HTTP"
.softhouse/capture/tierA-a2/cap.sh	ext+execbit	105	redirect	echo "$code" > "$STATUS"
.softhouse/capture/tierA-a2/cap10.sh	ext	67	rm	trap 'rm -rf "$TMPD"' EXIT HUP INT TERM QUIT
.softhouse/capture/tierA-a2/cap10.sh	ext	101	redirect	if command -v shasum >/dev/null 2>&1; then
.softhouse/capture/tierA-a2/cap10.sh	ext	107	mv	mv "$TMPREQ" "$REQ"
.softhouse/capture/tierA-a2/cap10.sh	ext	108	redirect	printf '%s  %s\n' "$SHA" "$NAME.req" > "$REQSHA"
.softhouse/capture/tierA-a2/cap10.sh	ext	110	mv	mv "$TMPBODY" "$OUT"
.softhouse/capture/tierA-a2/cap10.sh	ext	114	redirect	echo "Authorization: Basic <mifos:password>"
.softhouse/capture/tierA-a2/cap10.sh	ext	123	redirect	echo "body: <none>"
.softhouse/capture/tierA-a2/cap10.sh	ext	126	redirect	} > "$HTTP"
.softhouse/capture/tierA-a2/cap10.sh	ext	127	redirect	echo "$code" > "$STATUS"
.softhouse/capture/tierA-a2/cap8.sh	ext	67	rm	trap 'rm -rf "$TMPD"' EXIT HUP INT TERM QUIT
.softhouse/capture/tierA-a2/cap8.sh	ext	104	redirect	if command -v shasum >/dev/null 2>&1; then
.softhouse/capture/tierA-a2/cap8.sh	ext	110	mv	mv "$TMPREQ" "$REQ"
.softhouse/capture/tierA-a2/cap8.sh	ext	111	redirect	printf '%s  %s\n' "$SHA" "$NAME.req" > "$REQSHA"
.softhouse/capture/tierA-a2/cap8.sh	ext	113	mv	mv "$TMPBODY" "$OUT"
.softhouse/capture/tierA-a2/cap8.sh	ext	117	redirect	echo "Authorization: Basic <mifos:password>"
.softhouse/capture/tierA-a2/cap8.sh	ext	125	redirect	echo "body: <none>"
.softhouse/capture/tierA-a2/cap8.sh	ext	128	redirect	} > "$HTTP"
.softhouse/capture/tierA-a2/cap8.sh	ext	129	redirect	echo "$code" > "$STATUS"
.softhouse/capture/tierA-a2/cap9.sh	ext	49	rm	trap 'rm -rf "$TMPD"' EXIT HUP INT TERM
.softhouse/capture/tierA-a2/cap9.sh	ext	83	redirect	if command -v shasum >/dev/null 2>&1; then
.softhouse/capture/tierA-a2/cap9.sh	ext	89	mv	mv "$TMPREQ" "$REQ"
.softhouse/capture/tierA-a2/cap9.sh	ext	90	redirect	printf '%s  %s\n' "$SHA" "$NAME.req" > "$REQSHA"
.softhouse/capture/tierA-a2/cap9.sh	ext	92	mv	mv "$TMPBODY" "$OUT"
.softhouse/capture/tierA-a2/cap9.sh	ext	96	redirect	echo "Authorization: Basic <mifos:password>"
.softhouse/capture/tierA-a2/cap9.sh	ext	105	redirect	echo "body: <none>"
.softhouse/capture/tierA-a2/cap9.sh	ext	108	redirect	} > "$HTTP"
.softhouse/capture/tierA-a2/cap9.sh	ext	109	redirect	echo "$code" > "$STATUS"
.softhouse/capture/tierA-a2/capsql.sh	ext	62	rm	trap 'rm -rf "$TMPD"' EXIT HUP INT TERM QUIT
.softhouse/capture/tierA-a2/capsql.sh	ext	74	redirect	docker exec -i "$DBC" psql -U "$DBUSER" -d "$DBNAME" -Atc 'SELECT 1' >/dev/null 2>&1 || probe=$?
.softhouse/capture/tierA-a2/capsql.sh	ext	90	redirect	docker exec -i "$DBC" psql -U "$DBUSER" -d "$DBNAME" -f - < "$TMPSQL" > "$TMPOUT" 2>&1 || rc=$?
.softhouse/capture/tierA-a2/capsql.sh	ext	93	redirect	if command -v shasum >/dev/null 2>&1; then
.softhouse/capture/tierA-a2/capsql.sh	ext	99	mv	mv "$TMPOUT" "$TXT"
.softhouse/capture/tierA-a2/capsql.sh	ext	100	mv	mv "$TMPSQL" "$SQL"
.softhouse/capture/tierA-a2/capsql.sh	ext	101	redirect	printf '%s  %s\n' "$SHA" "$NAME.sql" > "$SQLSHA"
.softhouse/capture/tierA-a2/capsql.sh	ext	111	redirect	} > "$REC"
.softhouse/capture/tierA-a2/census-a2-26.py	ext	4	redirect	python3 census-a2-26.py            -> full census to stdout
.softhouse/capture/tierA-a2/census-a2-26.py	ext	75	redirect	obs = {}              # id -> record
.softhouse/capture/tierA-a2/census-a2-26.py	ext	123	redirect	r["path"] = parts[1] if len(parts) > 1 else ""
.softhouse/capture/tierA-a2/census-a2-26.py	ext	222	truncate	print(f"    {eh[k]:>3}  {k}")
.softhouse/capture/tierA-a2/census-a2-26.py	ext	278	truncate	print(f"  {r['id']:<46} HTTP {r['status']:<4} {len(sink):>3} cells: {cells}{more}")
.softhouse/capture/tierA-a2/census-json-float-siblings.py	ext	160	redirect	print("CANDIDATES (mechanical) -> CLASSIFICATION (declared, hand-read).  %d candidate(s)."
.softhouse/capture/tierA-a2/census-json-float-siblings.py	ext	228	redirect	len(pyfiles) > 0 and len(shfiles) > 0,
.softhouse/capture/tierA-a2/census-json-float-siblings.py	ext	271	redirect	parts = [x.strip() for x in ln.split("->")]
.softhouse/capture/tierA-a2/guard-parse-float-ast.py	ext	40	redirect	import json                 -> json.load(...)      json.loads(...)
.softhouse/capture/tierA-a2/guard-parse-float-ast.py	ext	41	redirect	import json as J            -> J.load(...)         J.loads(...)
.softhouse/capture/tierA-a2/guard-parse-float-ast.py	ext	42	redirect	from json import load       -> load(...)
.softhouse/capture/tierA-a2/guard-parse-float-ast.py	ext	43	redirect	from json import loads as L -> L(...)
.softhouse/capture/tierA-a2/guard-parse-float-ast.py	ext	56	redirect	* 0 Python files found under the root            -> REFUSE, exit 2
.softhouse/capture/tierA-a2/guard-parse-float-ast.py	ext	57	redirect	* 0 json.load/loads call sites inspected         -> REFUSE, exit 2
.softhouse/capture/tierA-a2/guard-parse-float-ast.py	ext	58	redirect	* any file that will not parse                   -> REFUSE, exit 2 (never a silent skip)
.softhouse/capture/tierA-a2/guard-parse-float-ast.py	ext	193	redirect	sites = call_sites(SELECTOR_SELFTEST, "<selector-selftest>")
.softhouse/capture/tierA-a2/guard-parse-float-ast.py	ext	302	redirect	elif len(argv) > 1:
.softhouse/capture/tierA-a2/manifest.py	ext	5	redirect	python3 manifest.py verify    -> exit 0 only if the whole capture is accounted for
.softhouse/capture/tierA-a2/manifest.py	ext	24	redirect	observation dropped in out/<subdir>/ was laundered as verified. The walk is now
.softhouse/capture/tierA-a2/manifest.py	ext	189	redirect	cmd = sys.argv[1] if len(sys.argv) > 1 else "verify"
.softhouse/capture/tierA-a2/mkje-a2-29.py	ext	18	redirect	3. WIRE-SAFETY, the defect T193's census caught in A2-26's `25000.30 -> 25000.3`: the
.softhouse/capture/tierA-a2/mkje-a2-29.py	ext	124	redirect	print("  amount %d minor units -> wire text %s (re-reads as %d)" % (minor, amount, back))
.softhouse/capture/tierA-a2/mkreq-a2-26.sh	ext	49	redirect	"$R/$src" > "$R/a2-26-admit-$sfx.json"
.softhouse/capture/tierA-a2/mkreq-a2-26.sh	ext	60	redirect	"$R/a2-26-admit-$sfx.json" > "$R/.verify.$sfx.tmp"
.softhouse/capture/tierA-a2/mkreq-a2-26.sh	ext	68	rm	rm -f "$R/.verify.$sfx.tmp"
.softhouse/capture/tierA-a2/mkreq-t275.py	ext	29	redirect	2 Fund Source            *** retyped ASSET -> INCOME by A2-111, see DEFECTS D-5 ***
.softhouse/capture/tierA-a2/mkreq-t275.py	ext	75	redirect	"""Write req/<name>.json. NEVER overwrite; if the file exists, verify it already holds
.softhouse/capture/tierA-a2/mkreq3.py	ext	5	redirect	- a generic FUND_SOURCE mapping (financial_account_type=1, payment_type NULL) -> GL 2
.softhouse/capture/tierA-a2/mkreq3.py	ext	6	redirect	- a payment-channel override           (financial_account_type=1, payment_type=1)    -> GL 16
.softhouse/capture/tierA-a2/prove-a2-26-guards-red.sh	ext	25	rm	trap 'rm -rf "$TMP"' EXIT HUP INT TERM QUIT
.softhouse/capture/tierA-a2/prove-a2-26-guards-red.sh	ext	33	redirect	say "G1 RED: change ONE GL account id in an emitted body (16 -> 2, the retyped account)"
.softhouse/capture/tierA-a2/prove-a2-26-guards-red.sh	ext	35	redirect	sed 's/"fundSourceAccountId": 16/"fundSourceAccountId": 2/' "$TMP/p46.orig" > "$DIR/req/a2-26-admit-p46.json"
.softhouse/capture/tierA-a2/prove-a2-26-guards-red.sh	ext	43	redirect	say "G1 RED 2: change a NUMBER that is not an account id (principal 1200000 -> 1200001)"
.softhouse/capture/tierA-a2/prove-a2-26-guards-red.sh	ext	44	redirect	sed 's/"principal": 1200000/"principal": 1200001/' "$TMP/p46.orig" > "$DIR/req/a2-26-admit-p46.json"
.softhouse/capture/tierA-a2/prove-a2-26-guards-red.sh	ext	57	redirect	python3 "$DIR/census-a2-26.py" > "$TMP/census.green" 2>&1 \
.softhouse/capture/tierA-a2/prove-a2-26-guards-red.sh	ext	58	redirect	&& grep -c "ACCOUNTING: .* True" "$TMP/census.green" >/dev/null \
.softhouse/capture/tierA-a2/prove-a2-26-guards-red.sh	ext	66	redirect	printf 'not a cap.sh artefact\n' > "$TMP/rig/out/A2-999-smuggled.dat"
.softhouse/capture/tierA-a2/prove-a2-26-guards-red.sh	ext	67	redirect	if python3 "$TMP/rig/census-a2-26.py" > "$TMP/census.red" 2>&1; then
.softhouse/capture/tierA-a2/prove-a2-26-guards-red.sh	ext	78	redirect	printf '{ this is not json' > "$TMP/rig/out/A2-998-broken.json"
.softhouse/capture/tierA-a2/prove-a2-26-guards-red.sh	ext	79	redirect	printf 'GET /journalentries?loanId=999\n' > "$TMP/rig/out/A2-998-broken.http"
.softhouse/capture/tierA-a2/prove-a2-26-guards-red.sh	ext	80	redirect	printf '200\n' > "$TMP/rig/out/A2-998-broken.status"
.softhouse/capture/tierA-a2/prove-a2-26-guards-red.sh	ext	81	rm	rm -f "$TMP/rig/out/A2-999-smuggled.dat"
.softhouse/capture/tierA-a2/prove-a2-26-guards-red.sh	ext	82	redirect	if python3 "$TMP/rig/census-a2-26.py" > "$TMP/census.red2" 2>&1; then
.softhouse/capture/tierA-a2/prove-cap-transport-red.py	ext	7	rm	diagnostic and the `rm -f "$OUT"` never ran.  Against an unreachable endpoint a STALE
.softhouse/capture/tierA-a2/prove-cap-transport-red.py	ext	17	redirect	sandbox whose env.sh points at 127.0.0.1:1 (a closed port -> curl exit 7).
.softhouse/capture/tierA-a2/prove-cap-transport-red.py	ext	146	py-rmtree	shutil.rmtree(sb, ignore_errors=True)
.softhouse/capture/tierA-a2/prove-cap-transport-red.py	ext	199	redirect	f"stale body presented under captured-at-utc={res['http_ts']}  -> "
.softhouse/capture/tierA-a2/prove-cap-transport-red.py	ext	241	py-rmtree	shutil.rmtree(sb, ignore_errors=True)
.softhouse/capture/tierA-a2/prove-cap8-wire-bytes.py	ext	178	redirect	print("END TO END — resolve8.py -> cap8.sh, on a money literal that really occurs in the "
.softhouse/capture/tierA-a2/prove-cap8-wire-bytes.py	ext	230	rm	rm = subprocess.run(["sh", os.path.join(d, "cap8.sh"), "MISS", "POST", "/m", "req/nope.json"],
.softhouse/capture/tierA-a2/prove-cap8-wire-bytes.py	ext	238	py-rmtree	shutil.rmtree(d)
.softhouse/capture/tierA-a2/prove-census-red.sh	ext+execbit	5	rm	rm -rf "$SB"; mkdir -p "$SB"
.softhouse/capture/tierA-a2/prove-census-red.sh	ext+execbit	15	redirect	echo "   exit=$( cd "$SB" && python3 census-json-float-siblings.py >/dev/null 2>&1; echo $? )"
.softhouse/capture/tierA-a2/prove-census-red.sh	ext+execbit	18	redirect	echo "=== SABOTAGE 1: delete the resolve7.py -> resolve8.py redirect ==="
.softhouse/capture/tierA-a2/prove-census-red.sh	ext+execbit	19	redirect	grep -v '^resolve7.py ->' "$RIG/SUPERSEDED.txt" > "$SB/SUPERSEDED.txt"
.softhouse/capture/tierA-a2/prove-census-red.sh	ext+execbit	21	redirect	echo "   exit=$( cd "$SB" && python3 census-json-float-siblings.py >/dev/null 2>&1; echo $? )"
.softhouse/capture/tierA-a2/prove-census-red.sh	ext+execbit	25	redirect	sed 's|^resolve7.py -> resolve8.py|resolve7.py -> resolve7.py|' "$RIG/SUPERSEDED.txt" > "$SB/SUPERSEDED.txt"
.softhouse/capture/tierA-a2/prove-census-red.sh	ext+execbit	27	redirect	echo "   exit=$( cd "$SB" && python3 census-json-float-siblings.py >/dev/null 2>&1; echo $? )"
.softhouse/capture/tierA-a2/prove-census-red.sh	ext+execbit	31	redirect	sed 's|^resolve7.py -> resolve8.py|resolve7.py -> resolve99.py|' "$RIG/SUPERSEDED.txt" > "$SB/SUPERSEDED.txt"
.softhouse/capture/tierA-a2/prove-census-red.sh	ext+execbit	33	redirect	echo "   exit=$( cd "$SB" && python3 census-json-float-siblings.py >/dev/null 2>&1; echo $? )"
.softhouse/capture/tierA-a2/prove-census-red.sh	ext+execbit	38	redirect	printf 'import json\nP = "req/new-body.json"\njson.dump({"principal": 1200000.00}, open(P, "w"))\n' > "$SB/mkreq9.py"
.softhouse/capture/tierA-a2/prove-census-red.sh	ext+execbit	40	redirect	echo "   exit=$( cd "$SB" && python3 census-json-float-siblings.py >/dev/null 2>&1; echo $? )"
.softhouse/capture/tierA-a2/prove-census-red.sh	ext+execbit	48	rm	rm -rf "$SB"
.softhouse/capture/tierA-a2/prove-manifest-blind-red.py	ext	7	redirect	(ii)  non-recursive — a fabricated observation dropped in out/<subdir>/ is laundered;
.softhouse/capture/tierA-a2/prove-manifest-blind-red.py	ext	103	py-rmtree	shutil.rmtree(os.path.join(sb, d))
.softhouse/capture/tierA-a2/prove-manifest-blind-red.py	ext	134	py-rmtree	os.remove(os.path.join(sb, "FLAGGED-NOT-REPRODUCIBLE.txt"))
.softhouse/capture/tierA-a2/prove-manifest-blind-red.py	ext	157	py-rmtree	os.remove(os.path.join(sb, f"out/{ATTEMPT1[0]}.json"))
.softhouse/capture/tierA-a2/prove-manifest-blind-red.py	ext	206	py-rmtree	shutil.rmtree(sb, ignore_errors=True)
.softhouse/capture/tierA-a2/prove-manifest-blind-red.py	ext	235	redirect	print(f"  [RED ] pre-fix  verify -> exit {rc_pre}")
.softhouse/capture/tierA-a2/prove-manifest-blind-red.py	ext	243	redirect	print(f"  [GREEN] post-fix verify -> exit {rc_post}")
.softhouse/capture/tierA-a2/prove-manifest-blind-red.py	ext	261	redirect	print(f"         exit {rc} -> {'CAUGHT' if caught else 'MISSED'} (expected {' + '.join(expect)})")
.softhouse/capture/tierA-a2/prove-manifest-blind-red.py	ext	274	redirect	print(f"         exit {rc} -> {'GREEN' if rc == 0 else 'THE FIXED TOOL CANNOT PASS ANYTHING'}")
.softhouse/capture/tierA-a2/prove-manifest-red.py	ext	46	redirect	print(f"  mutate  -> exit {rc} {'CAUGHT' if ok else 'MISSED'}")
.softhouse/capture/tierA-a2/prove-manifest-red.py	ext	52	py-rmtree	os.remove(VICTIM)
.softhouse/capture/tierA-a2/prove-manifest-red.py	ext	56	redirect	print(f"  delete  -> exit {rc} {'CAUGHT' if ok else 'MISSED'}")
.softhouse/capture/tierA-a2/prove-manifest-red.py	ext	66	redirect	print(f"  add     -> exit {rc} {'CAUGHT' if ok else 'MISSED'}")
.softhouse/capture/tierA-a2/prove-manifest-red.py	ext	68	py-rmtree	os.remove(EXTRA)
.softhouse/capture/tierA-a2/prove-mkreq7-guard-red.py	ext	13	redirect	python3 prove-mkreq7-guard-red.py     -> exit 0 only if every case behaves as asserted
.softhouse/capture/tierA-a2/prove-mkreq7-guard-red.py	ext	59	redirect	check("GREEN empty req/ writes and exits 0", rc == 0 and len(first) > 0,
.softhouse/capture/tierA-a2/prove-mkreq7-guard-red.py	ext	85	py-rmtree	os.remove(os.path.join(d, "req", absent))
.softhouse/capture/tierA-a2/prove-mkreq7-guard-red.py	ext	97	py-rmtree	shutil.rmtree(d)
.softhouse/capture/tierA-a2/prove-mkreq7-guard-red.py	ext	136	py-rmtree	shutil.rmtree(d)
.softhouse/capture/tierA-a2/prove-parse-float-guard-red.py	ext	5	redirect	python3 prove-parse-float-guard-red.py   -> exit 0 only if every arm behaves as asserted
.softhouse/capture/tierA-a2/prove-parse-float-guard-red.py	ext	33	redirect	9   a register record whose site does not exist            -> REFUSE (stale)
.softhouse/capture/tierA-a2/prove-parse-float-guard-red.py	ext	34	redirect	10  a register record whose site now carries parse_float   -> REFUSE (stale)
.softhouse/capture/tierA-a2/prove-parse-float-guard-red.py	ext	35	redirect	11  a register record whose pinned source has drifted      -> REFUSE
.softhouse/capture/tierA-a2/prove-parse-float-guard-red.py	ext	36	redirect	12  an unknown register category                           -> REFUSE, never a skip
.softhouse/capture/tierA-a2/prove-parse-float-guard-red.py	ext	123	redirect	"-> it still reports ok", old_a is True, "value=%r" % old_a)
.softhouse/capture/tierA-a2/prove-parse-float-guard-red.py	ext	127	redirect	old_a and old_b, "0 failures -> exit 0")
.softhouse/capture/tierA-a2/prove-parse-float-guard-red.py	ext	149	py-rmtree	shutil.rmtree(d)
.softhouse/capture/tierA-a2/prove-parse-float-guard-red.py	ext	165	py-rmtree	shutil.rmtree(d)
.softhouse/capture/tierA-a2/prove-parse-float-guard-red.py	ext	183	py-rmtree	shutil.rmtree(d)
.softhouse/capture/tierA-a2/prove-parse-float-guard-red.py	ext	193	py-rmtree	shutil.rmtree(d)
.softhouse/capture/tierA-a2/prove-parse-float-guard-red.py	ext	203	py-rmtree	shutil.rmtree(d)
.softhouse/capture/tierA-a2/prove-parse-float-guard-red.py	ext	219	py-rmtree	shutil.rmtree(d)
.softhouse/capture/tierA-a2/prove-parse-float-guard-red.py	ext	231	py-rmtree	shutil.rmtree(d)
.softhouse/capture/tierA-a2/prove-parse-float-guard-red.py	ext	246	py-rmtree	shutil.rmtree(d)
.softhouse/capture/tierA-a2/prove-parse-float-guard-red.py	ext	260	py-rmtree	shutil.rmtree(d)
.softhouse/capture/tierA-a2/prove-parse-float-guard-red.py	ext	274	py-rmtree	shutil.rmtree(d)
.softhouse/capture/tierA-a2/prove-parse-float-guard-red.py	ext	285	py-rmtree	shutil.rmtree(d)
.softhouse/capture/tierA-a2/prove-parse-float-guard-red.py	ext	295	py-rmtree	shutil.rmtree(d)
.softhouse/capture/tierA-a2/prove-parse-float-guard-red.py	ext	309	py-rmtree	shutil.rmtree(d)
.softhouse/capture/tierA-a2/prove-parse-float-guard-red.py	ext	343	redirect	check("fixing the target makes the exemption stale -> exit 2", rc == 2, "rc=%d" % rc)
.softhouse/capture/tierA-a2/prove-parse-float-guard-red.py	ext	347	py-rmtree	shutil.rmtree(d)
.softhouse/capture/tierA-a2/prove-parse-float-guard-red.py	ext	366	py-rmtree	shutil.rmtree(d)
.softhouse/capture/tierA-a2/prove-quit-trap-a226.py	ext	5	rm	bash-signal background): pre-fix, `trap 'rm -rf "$TMP"' EXIT HUP INT TERM` (line 23)
.softhouse/capture/tierA-a2/prove-quit-trap-a226.py	ext	39	rm	PRE_TRAP_LINE_NO = 23   # pre-fix blob: `trap 'rm -rf "$TMP"' EXIT HUP INT TERM` -- verified by `nl -ba`
.softhouse/capture/tierA-a2/prove-quit-trap-a226.py	ext	52	redirect	if trap_line_no > len(lines) or "trap " not in lines[trap_line_no - 1]:
.softhouse/capture/tierA-a2/prove-quit-trap-a226.py	ext	86	py-rmtree	shutil.rmtree(sb, ignore_errors=True)
.softhouse/capture/tierA-a2/prove-quit-trap-a226.py	ext	87	py-rmtree	shutil.rmtree(tmproot, ignore_errors=True)
.softhouse/capture/tierA-a2/prove-quit-trap-cap.py	ext	7	rm	trap 'rm -rf "$TMPD"' EXIT HUP INT TERM
.softhouse/capture/tierA-a2/prove-quit-trap-cap.py	ext	75	redirect	if [ -n "$outfile" ]; then printf '{"ok":true}' > "$outfile"; fi
.softhouse/capture/tierA-a2/prove-quit-trap-cap.py	ext	142	py-rmtree	shutil.rmtree(sb, ignore_errors=True)
.softhouse/capture/tierA-a2/prove-quit-trap-cap.py	ext	143	py-rmtree	shutil.rmtree(tmproot, ignore_errors=True)
.softhouse/capture/tierA-a2/prove-quit-trap-cap9.py	ext	10	rm	trap 'rm -rf "$TMPD"' EXIT HUP INT TERM
.softhouse/capture/tierA-a2/prove-quit-trap-cap9.py	ext	75	redirect	if [ -n "$outfile" ]; then printf '{"ok":true}' > "$outfile"; fi
.softhouse/capture/tierA-a2/prove-quit-trap-cap9.py	ext	150	py-rmtree	shutil.rmtree(sb, ignore_errors=True)
.softhouse/capture/tierA-a2/prove-quit-trap-cap9.py	ext	151	py-rmtree	shutil.rmtree(tmproot, ignore_errors=True)
.softhouse/capture/tierA-a2/prove-resolve8-float-red.py	ext	25	redirect	len(differed) > 0)`.  That PASSES when the defect is PRESENT, so A2-11's prover EXITS 0
.softhouse/capture/tierA-a2/prove-resolve8-float-red.py	ext	136	py-rmtree	os.remove(o)
.softhouse/capture/tierA-a2/prove-resolve8-float-red.py	ext	174	redirect	notes.append("A2-11's retracted hypothesis: template 4057599.35 -> emitted %s (rc=%d). "
.softhouse/capture/tierA-a2/prove-resolve8-float-red.py	ext	212	redirect	check("W7: the >17-significant-digit literal survives with ZERO residue", False,
.softhouse/capture/tierA-a2/prove-resolve8-float-red.py	ext	219	redirect	check("W7: the >17-significant-digit literal survives with ZERO residue — this "
.softhouse/capture/tierA-a2/prove-resolve8-float-red.py	ext	230	redirect	notes.append("  W5 observed-response path: resp resourceId 1200000.000000 -> emitted %r "
.softhouse/capture/tierA-a2/prove-resolve8-float-red.py	ext	267	py-rmtree	shutil.rmtree(d)
.softhouse/capture/tierA-a2/prove-t275-reissue.py	ext	283	py-rmtree	shutil.rmtree(scratch, ignore_errors=True)
.softhouse/capture/tierA-a2/prove-t275-reissue.py	ext	291	py-rmtree	shutil.rmtree(os.path.join(copy, "out"))
.softhouse/capture/tierA-a2/prove-t275-reissue.py	ext	340	py-rmtree	shutil.rmtree(scratch, ignore_errors=True)
.softhouse/capture/tierA-a2/prove-t275-reissue.py	ext	349	redirect	print("    generic FUND_SOURCE row id 12 -> GL 2, no payment-channel row, acc_product_mapping")
.softhouse/capture/tierA-a2/red-green-a2-15.sh	ext	73	inplace-edit	LC_ALL=C sed -i '' "$expr" "$f"
.softhouse/capture/tierA-a2/red-green-a2-15.sh	ext	101	redirect	expect_red "CASE 1 — ONE MINOR UNIT on a promoted leg (27045058 -> 27045059) must be a MONEY kill with a non-zero margin" \
.softhouse/capture/tierA-a2/red-green-a2-15.sh	ext	110	redirect	expect_red "CASE 2 — a resolved gl_account_code (10201 -> 10202) must be a STRUCTURAL kill, reported as a cell difference and not as money" \
.softhouse/capture/tierA-a2/red-green-a2-15.sh	ext	176	redirect	> "$VEC/LDG-99-PIN-INFLATION-PROBE.json"
.softhouse/capture/tierA-a2/red-green-a2-15.sh	ext	184	rm	rm -f "$VEC/LDG-99-PIN-INFLATION-PROBE.json"
.softhouse/capture/tierA-a2/red-green-a2-15.sh	ext	193	mv	mv "$VEC"/*.json "$TMP/ledger-aside/"
.softhouse/capture/tierA-a2/red-green-a2-15.sh	ext	201	mv	mv "$TMP/ledger-aside"/*.json "$VEC/"
.softhouse/capture/tierA-a2/red-green-a2-15.sh	ext	275	rm	rm -rf "$TMP"
.softhouse/capture/tierA-a2/resolve7.py	ext	42	redirect	print(f"resolved {placeholders} = {resp[key]!r} (from {observed}) -> {out}")
.softhouse/capture/tierA-a2/resolve8.py	ext	26	redirect	1200000.00        ->  1200000.0        (MNT stored to 2 decimals, CLAUDE.md)
.softhouse/capture/tierA-a2/resolve8.py	ext	27	redirect	1200000.000000    ->  1200000.0        (exactly what Fineract's numeric(19,6) emits)
.softhouse/capture/tierA-a2/resolve8.py	ext	28	redirect	0.10              ->  0.1
.softhouse/capture/tierA-a2/resolve8.py	ext	29	redirect	12345678901234567890.12  ->  1.2345678901234567e+19   <- VALUE LOST, not just form
.softhouse/capture/tierA-a2/resolve8.py	ext	146	redirect	keys = sorted(resp) if isinstance(resp, dict) else "<not an object>"
.softhouse/capture/tierA-a2/resolve8.py	ext	259	redirect	print(f"resolved {placeholders} = {sub} (from {observed}) -> {out}")
.softhouse/capture/tierA-a2/run-430-a2-29-drift-probe.sh	ext	51	redirect	python3 "$DIR/a2-29-retype-path.py" "$DIR/out/A2-430-gl-drift-asset.json" > "$DIR/out/A2-434-retype-path.txt"
.softhouse/capture/tierA-a2/show.py	ext	45	redirect	main(sys.argv[1] if len(sys.argv) > 1 else "*")
.softhouse/capture/tierA-a2/sweep-t164-selfmatch-guards.py	ext	31	redirect	X = Path(<path>).read_text()                X = <f>.read()   inside `with open(..) as f`
.softhouse/capture/tierA-a2/sweep-t164-selfmatch-guards.py	ext	36	redirect	"<const>" in X            "<const>" not in X          X.count("<const>")
.softhouse/capture/tierA-a2/sweep-t164-selfmatch-guards.py	ext	37	redirect	X.find("<const>")         re.<fn>("<const-pattern>", X)
.softhouse/capture/tierA-a2/sweep-t164-selfmatch-guards.py	ext	38	redirect	"<const>" in X.replace(..)  and other method chains rooted at X
.softhouse/capture/tierA-a2/sweep-t164-selfmatch-guards.py	ext	123	redirect	return "<unparseable>"
.softhouse/capture/tierA-a2/sweep-t164-selfmatch-guards.py	ext	221	redirect	"""The Name at the root of a method chain, e.g. src.replace(..).lower() -> 'src'."""
.softhouse/capture/tierA-a2/sweep-t164-selfmatch-guards.py	ext	310	redirect	root = os.path.abspath(argv[1]) if len(argv) > 1 else DEFAULT_ROOT
.softhouse/capture/tierA-a2/sweep-t164-selfmatch-guards.py	ext	481	redirect	if len(unresolved) > 40:
.softhouse/capture/tierA-a2/t275-mapping-diff.py	ext	68	truncate	print(f"    id={mid:>3}  fat={r['financial_account_type']:>2}  "
.softhouse/capture/tierA-a2/t275-mapping-diff.py	ext	69	truncate	f"payment_type={r['payment_type'] or '-':>2}  "
.softhouse/capture/tierA-a2/t275-mapping-diff.py	ext	70	truncate	f"charge={r['charge_id'] or '-':>2}  "
.softhouse/capture/tierA-a2/t275-mapping-diff.py	ext	71	truncate	f"gl={r['gl_account_id']:>2} ({r['gl_code']} {r['gl_name']})")
.softhouse/capture/tierA-a2/t275-mapping-diff.py	ext	76	redirect	print(f"    -> vs previous: {len(kept)} id(s) SURVIVED, "
.softhouse/capture/tierA-a2/t275-mapping-diff.py	ext	83	redirect	+ ", ".join(f"{c} {a[c]!r}->{b[c]!r}" for c in d))
.softhouse/capture/tierA-a2/t275-mapping-diff.py	ext	89	redirect	f"(gl {prev[match[0]]['gl_account_id']} -> {mine[mid]['gl_account_id']})")
.softhouse/conformance.sh	ext+execbit	691	rm	[ -n "$CONF_BIN" ] && rm -f "$CONF_BIN"
.softhouse/conformance.sh	ext+execbit	692	rm	[ -n "$CONF_TMP" ] && rm -rf "$CONF_TMP"
.softhouse/conformance.sh	ext+execbit	736	redirect	if ! command -v go >/dev/null 2>&1; then
.softhouse/conformance.sh	ext+execbit	746	redirect	if ! command -v perl >/dev/null 2>&1; then
.softhouse/conformance.sh	ext+execbit	755	redirect	if ! command -v python3 >/dev/null 2>&1; then
.softhouse/conformance.sh	ext+execbit	1088	redirect	cases="$(printf '%s\n' "$out" | LC_ALL=C grep -ac '^  -> exit ' || true)"
.softhouse/conformance.sh	ext+execbit	1106	redirect	red="$(printf '%s\n' "$out" | LC_ALL=C grep -ac '^  -> exit [1-9]' || true)"
.softhouse/conformance.sh	ext+execbit	1107	redirect	green="$(printf '%s\n' "$out" | LC_ALL=C grep -ac '^  -> exit 0$' || true)"
.softhouse/conformance.sh	ext+execbit	1655	redirect	( cd "$REPO_ROOT" && FAILOPEN_LINT_JSON="$json" python3 "$lint" ) >"$out" 2>&1
.softhouse/conformance.sh	ext+execbit	1663	rm	rm -f "$out" "$json" "$want" "$got"
.softhouse/conformance.sh	ext+execbit	1670	rm	rm -f "$out" "$json" "$want" "$got"
.softhouse/conformance.sh	ext+execbit	1678	rm	rm -f "$out" "$json" "$want" "$got"
.softhouse/conformance.sh	ext+execbit	1682	redirect	LC_ALL=C sed -n 's/^FAILOPEN-FRONTIER //p' "$out" >"$got.raw"
.softhouse/conformance.sh	ext+execbit	1683	redirect	LC_ALL=C sort "$got.raw" >"$got"
.softhouse/conformance.sh	ext+execbit	1684	redirect	printf '%s\n' "$FAILOPEN_PIN_FILE_LIST" >"$want.raw"
.softhouse/conformance.sh	ext+execbit	1685	redirect	LC_ALL=C sort "$want.raw" >"$want"
.softhouse/conformance.sh	ext+execbit	1704	rm	rm -f "$out" "$json" "$want" "$want.raw" "$got" "$got.raw"
.softhouse/conformance.sh	ext+execbit	1713	redirect	if ! diff -u "$want" "$got" >"$out.diff" 2>&1; then
.softhouse/conformance.sh	ext+execbit	1725	rm	rm -f "$out" "$out.diff" "$json" "$want" "$want.raw" "$got" "$got.raw"
.softhouse/conformance.sh	ext+execbit	1729	rm	rm -f "$out" "$out.diff" "$json" "$want" "$want.raw" "$got" "$got.raw"
.softhouse/conformance.sh	ext+execbit	1856	redirect	if ! ( cd "$REPO_ROOT" && /usr/bin/python3 "$chk" --selftest ) >"$out" 2>&1; then
.softhouse/conformance.sh	ext+execbit	1860	rm	rm -f "$out"; return 1
.softhouse/conformance.sh	ext+execbit	1863	redirect	( cd "$REPO_ROOT" && /usr/bin/python3 "$chk" ) >"$out" 2>&1
.softhouse/conformance.sh	ext+execbit	1873	rm	rm -f "$out"; return 1
.softhouse/conformance.sh	ext+execbit	1879	rm	rm -f "$out"; return 1
.softhouse/conformance.sh	ext+execbit	1890	rm	rm -f "$out"; return 1
.softhouse/conformance.sh	ext+execbit	1894	rm	rm -f "$out"
.softhouse/conformance.sh	ext+execbit	2131	redirect	( cd "$REPO_ROOT" || exit 9; LC_ALL=C git grep -l -E "$rw" -- '*.sh' '*.py' ) >"$list.raw" 2>/dev/null
.softhouse/conformance.sh	ext+execbit	2134	redirect	warn "conformance: the host-state selector exited $rc. \`git grep\` exits 1 on NO MATCH and >1 on"
.softhouse/conformance.sh	ext+execbit	2137	rm	rm -f "$list" "$list.raw" "$raw" "$got" "$want" "$want.raw"
.softhouse/conformance.sh	ext+execbit	2142	redirect	LC_ALL=C grep -v -x -F "$self" "$list.raw" >"$list" 2>/dev/null || true
.softhouse/conformance.sh	ext+execbit	2148	rm	rm -f "$list" "$list.raw" "$raw" "$got" "$want" "$want.raw"
.softhouse/conformance.sh	ext+execbit	2158	redirect	( cd "$REPO_ROOT" || exit 9; LC_ALL=C git grep -n -E "$as" -- "${corpus[@]}" ) >"$raw" 2>/dev/null
.softhouse/conformance.sh	ext+execbit	2161	redirect	warn "conformance: the host-state census exited $rc from \`git grep\`. >1 is an ERROR, and this"
.softhouse/conformance.sh	ext+execbit	2163	rm	rm -f "$list" "$list.raw" "$raw" "$got" "$want" "$want.raw"
.softhouse/conformance.sh	ext+execbit	2172	redirect	LC_ALL=C sed -n 's%^\([^:]*\):[0-9][0-9]*:[[:space:]]*\(export[[:space:]][[:space:]]*\)\{0,1\}\([A-Za-z_][A-Za-z0-9_]*\)=["'"'"']\{0,1\}\(/[^;()&|[:space:]"'"'"']*\).*$%\1 | \3=\4%
.softhouse/conformance.sh	ext+execbit	2182	rm	rm -f "$list" "$list.raw" "$raw" "$got" "$got.raw" "$want" "$want.raw"
.softhouse/conformance.sh	ext+execbit	2185	redirect	LC_ALL=C sort "$got.raw" >"$got"
.softhouse/conformance.sh	ext+execbit	2187	redirect	printf '%s\n' "$HOSTSTATE_PIN_TEMP_ASSIGN_LIST" >"$want.raw"
.softhouse/conformance.sh	ext+execbit	2189	truncate	: >"$want.raw"
.softhouse/conformance.sh	ext+execbit	2191	redirect	LC_ALL=C sort "$want.raw" >"$want"
.softhouse/conformance.sh	ext+execbit	2221	rm	rm -f "$list" "$list.raw" "$raw" "$got" "$got.raw" "$want" "$want.raw"
.softhouse/conformance.sh	ext+execbit	2230	redirect	if ! diff -u "$want" "$got" >"$raw.diff" 2>&1; then
.softhouse/conformance.sh	ext+execbit	2237	rm	warn "conformance: name.XXXXXXXXXX\")\` with a \`trap 'rm -rf \"\$D\"' EXIT\` is the adoptable shape, and"
.softhouse/conformance.sh	ext+execbit	2244	rm	rm -f "$list" "$list.raw" "$raw" "$raw.diff" "$got" "$got.raw" "$want" "$want.raw"
.softhouse/conformance.sh	ext+execbit	2248	rm	rm -f "$list" "$list.raw" "$raw" "$raw.diff" "$got" "$got.raw" "$want" "$want.raw"
.softhouse/conformance.sh	ext+execbit	2561	redirect	( cd "$REPO_ROOT" && bash "$g" ) >"$tf" 2>&1
.softhouse/conformance.sh	ext+execbit	2573	rm	rm -f "$tf"
.softhouse/conformance.sh	ext+execbit	2585	rm	rm -f "$tf"
.softhouse/conformance.sh	ext+execbit	2595	rm	rm -f "$tf"
.softhouse/conformance.sh	ext+execbit	2601	rm	rm -f "$tf"
.softhouse/conformance.sh	ext+execbit	2763	redirect	bash "$g" >"$d/out" 2>&1
.softhouse/conformance.sh	ext+execbit	2776	rm	rm -rf "$d"
.softhouse/conformance.sh	ext+execbit	2783	rm	rm -rf "$d"
.softhouse/conformance.sh	ext+execbit	2788	redirect	printf '%s\n' "$DEADPATH_T323_RECONCILE_LIST" >"$d/rec.raw"
.softhouse/conformance.sh	ext+execbit	2789	redirect	LC_ALL=C grep -v '^[[:space:]]*$' "$d/rec.raw" >"$d/rec.unsorted" 2>/dev/null || :
.softhouse/conformance.sh	ext+execbit	2790	truncate	[ -f "$d/rec.unsorted" ] || : >"$d/rec.unsorted"
.softhouse/conformance.sh	ext+execbit	2791	redirect	LC_ALL=C sort "$d/rec.unsorted" >"$d/rec"
.softhouse/conformance.sh	ext+execbit	2805	rm	rm -rf "$d"
.softhouse/conformance.sh	ext+execbit	2810	rm	rm -rf "$d"
.softhouse/conformance.sh	ext+execbit	2817	redirect	LC_ALL=C sed -n 's/.*added=\([0-9][0-9]*\).*/\1/p' "$d/out" >"$d/added_n"
.softhouse/conformance.sh	ext+execbit	2818	redirect	LC_ALL=C sed -n 's/.*removed=\([0-9][0-9]*\).*/\1/p' "$d/out" >"$d/removed_n"
.softhouse/conformance.sh	ext+execbit	2823	redirect	LC_ALL=C sed -n 's/^> //p' "$d/out" >"$d/added.unsorted"
.softhouse/conformance.sh	ext+execbit	2824	redirect	LC_ALL=C sort -u "$d/added.unsorted" >"$d/added"
.softhouse/conformance.sh	ext+execbit	2844	redirect	elif ! LC_ALL=C diff "$d/rec" "$d/added" >"$d/diff" 2>&1; then
.softhouse/conformance.sh	ext+execbit	2847	redirect	warn "conformance: reconciles. '>' below is a NEW dead path nobody has inspected — REPAIR it"
.softhouse/conformance.sh	ext+execbit	2857	rm	rm -rf "$d"
.softhouse/conformance.sh	ext+execbit	2865	rm	rm -rf "$d"
.softhouse/conformance.sh	ext+execbit	2945	redirect	/usr/bin/python3 "$rig" --repo "$REPO_ROOT" --tool "$tool" --selftest >"$tf" 2>&1
.softhouse/conformance.sh	ext+execbit	2954	rm	rm -f "$tf"
.softhouse/conformance.sh	ext+execbit	2963	rm	rm -f "$tf"
.softhouse/conformance.sh	ext+execbit	2972	rm	rm -f "$tf"
.softhouse/conformance.sh	ext+execbit	3649	redirect	"$bin" -list-implementations >"$list" 2>&1
.softhouse/conformance.sh	ext+execbit	3668	rm	rm -f "$list"
.softhouse/conformance.sh	ext+execbit	3674	redirect	"$bin" "-oracle-probe=$probe" "-ledger-impl=$impl" >"$out" 2>&1
.softhouse/conformance.sh	ext+execbit	3692	rm	rm -f "$list" "$out"
.softhouse/conformance.sh	ext+execbit	3766	redirect	"$CONF_BIN" -self-test "${args[@]+"${args[@]}"}" >"$report" 2>&1
.softhouse/conformance.sh	ext+execbit	3775	redirect	"$CONF_BIN" "-oracle-probe=$probe" "${args[@]+"${args[@]}"}" >"$report" 2>&1
.softhouse/conformance.sh	ext+execbit	3786	rm	rm -f "$report"
.softhouse/conformance.sh	ext+execbit	3789	rm	rm -f "$report"
.softhouse/conformance.sh	ext+execbit	3836	redirect	expect_saying() { # expect_saying <wanted-code> <substring> <label> -- cmd...
.softhouse/conformance.sh	ext+execbit	3868	redirect	expect() { # expect <wanted-code> <label> -- cmd...
.softhouse/conformance.sh	ext+execbit	4303	redirect	printf 'module stand-in\n\ngo 1.22\n' > "$other/nexus/go.mod"
.softhouse/conformance.sh	ext+execbit	4307	redirect	( unset CONFORMANCE_REPO_ROOT; guard_graded_root_is_this_tree ) >/dev/null 2>&1 \
.softhouse/conformance.sh	ext+execbit	4311	redirect	( CONFORMANCE_REPO_ROOT="$REPO_ROOT"  guard_graded_root_is_this_tree ) >/dev/null 2>&1 \
.softhouse/conformance.sh	ext+execbit	4313	redirect	( CONFORMANCE_REPO_ROOT="$REPO_ROOT/" guard_graded_root_is_this_tree ) >/dev/null 2>&1 \
.softhouse/conformance.sh	ext+execbit	4316	redirect	if ( CONFORMANCE_REPO_ROOT="$other" guard_graded_root_is_this_tree ) >/dev/null 2>&1; then
.softhouse/conformance.sh	ext+execbit	4320	redirect	if ( CONFORMANCE_REPO_ROOT="$tmp/no-such-tree" guard_graded_root_is_this_tree ) >/dev/null 2>&1; then
.softhouse/guards/check-capture-namespace.sh	ext	68	rm	trap 'rm -rf "$WORK"' EXIT
.softhouse/guards/check-capture-namespace.sh	ext	77	redirect	git ls-files >"$WORK/tracked" 2>"$WORK/tracked.err"
.softhouse/guards/check-capture-namespace.sh	ext	101	redirect	| LC_ALL=C sort -u >"$WORK/dirs"
.softhouse/guards/check-capture-namespace.sh	ext	122	redirect	| LC_ALL=C sort >"$WORK/owned"
.softhouse/guards/check-capture-namespace.sh	ext	124	redirect	| LC_ALL=C sort >"$WORK/unprefixed"
.softhouse/guards/check-capture-namespace.sh	ext	128	redirect	say "namespace:   corpus  $NTRACKED tracked paths -> $NDIRS evidence directories"
.softhouse/guards/check-capture-namespace.sh	ext	129	redirect	say "namespace:           $NOWNED carry a t<n> id prefix; $NUNPREF do not and CANNOT collide this way"
.softhouse/guards/check-capture-namespace.sh	ext	150	redirect	LC_ALL=C cut -f1 "$WORK/owned" | LC_ALL=C uniq -d >"$WORK/collided-ids"
.softhouse/guards/check-capture-namespace.sh	ext	153	truncate	: >"$WORK/undocumented"
.softhouse/guards/check-capture-namespace.sh	ext	154	truncate	: >"$WORK/documented"
.softhouse/guards/check-capture-namespace.sh	ext	157	redirect	awk -F'\t' -v k="$id" '$1==k {print $2}' "$WORK/owned" >"$WORK/members"
.softhouse/guards/check-capture-namespace.sh	ext	188	truncate	: >"$WORK/shortfall"
.softhouse/guards/check-capture-namespace.sh	ext	194	redirect	say "namespace:   $id -> $n directories; ownership records required $need, present $d"
.softhouse/guards/check-capture-namespace.sh	ext	218	redirect	say "namespace:   OWNER-IS-T<owner>-NOT-T<prefix>.md inside each directory instead, in the"
.softhouse/guards/check-dead-path-frontier.sh	ext	122	redirect	if ! command -v python3 >/dev/null 2>&1; then
.softhouse/guards/check-dead-path-frontier.sh	ext	131	rm	trap 'rm -rf "$SCRATCH"' EXIT INT TERM
.softhouse/guards/check-dead-path-frontier.sh	ext	138	redirect	python3 "$CENSUS" --json "$CJSON" >"$COUT" 2>&1
.softhouse/guards/check-dead-path-frontier.sh	ext	163	redirect	python3 - "$CJSON" >"$OBS" <<'PY'
.softhouse/guards/check-dead-path-frontier.sh	ext	179	redirect	grep -v '^#' "$PIN" >"$WANT.raw" 2>/dev/null
.softhouse/guards/check-dead-path-frontier.sh	ext	180	redirect	grep -v '^[[:space:]]*$' "$WANT.raw" >"$WANT.stripped" 2>/dev/null
.softhouse/guards/check-dead-path-frontier.sh	ext	181	redirect	sort "$WANT.stripped" >"$WANT" 2>/dev/null
.softhouse/guards/check-dead-path-frontier.sh	ext	194	redirect	diff "$WANT" "$OBS" >"$DIFF" 2>&1
.softhouse/guards/check-dead-path-frontier.sh	ext	211	redirect	grep '^>' "$DIFF" >"$ADDED" 2>/dev/null
.softhouse/guards/check-dead-path-frontier.sh	ext	212	redirect	grep '^<' "$DIFF" >"$REMOVED" 2>/dev/null
.softhouse/guards/check-ledger-invariants.sh	ext+execbit	60	redirect	if ! command -v go >/dev/null 2>&1; then
.softhouse/guards/check-ledger-invariants.sh	ext+execbit	113	redirect	say '  -> exit 0'
.softhouse/guards/check-ledger-invariants.sh	ext+execbit	135	redirect	cases="$(printf '%s\n' "$out" | LC_ALL=C grep -ac '^  -> exit ' || true)"
.softhouse/guards/check-ledger-invariants.sh	ext+execbit	136	redirect	red="$(printf '%s\n' "$out"   | LC_ALL=C grep -ac '^  -> exit [1-9]' || true)"
.softhouse/guards/check-ledger-invariants.sh	ext+execbit	137	redirect	green="$(printf '%s\n' "$out" | LC_ALL=C grep -ac '^  -> exit 0$' || true)"
.softhouse/guards/check-ledger-invariants.sh	ext+execbit	238	redirect	GUARD_CMD_MODE="stub-zero"; check_census >/dev/null 2>&1; rc=$?
.softhouse/guards/check-ledger-invariants.sh	ext+execbit	239	redirect	say "  -> head exit $rc"
.softhouse/guards/check-ledger-invariants.sh	ext+execbit	243	redirect	GUARD_CMD_MODE="stub-silent"; check_census >/dev/null 2>&1; rc=$?
.softhouse/guards/check-ledger-invariants.sh	ext+execbit	244	redirect	say "  -> head exit $rc"
.softhouse/guards/check-ledger-invariants.sh	ext+execbit	248	redirect	GUARD_CMD_MODE="stub-nocases"; check_selftest >/dev/null 2>&1; rc=$?
.softhouse/guards/check-ledger-invariants.sh	ext+execbit	249	redirect	say "  -> head exit $rc"
.softhouse/guards/check-ledger-invariants.sh	ext+execbit	253	redirect	GUARD_CMD_MODE="stub-greenonly"; check_selftest >/dev/null 2>&1; rc=$?
.softhouse/guards/check-ledger-invariants.sh	ext+execbit	254	redirect	say "  -> head exit $rc"
.softhouse/guards/check-ledger-invariants.sh	ext+execbit	260	redirect	check_census >/dev/null 2>&1; rc=$?
.softhouse/guards/check-ledger-invariants.sh	ext+execbit	261	redirect	say "  -> head exit $rc"
.softhouse/guards/drive-red-ledger-invariants.sh	ext+execbit	32	redirect	if ! command -v go >/dev/null 2>&1; then
.softhouse/guards/drive-red-ledger-invariants.sh	ext+execbit	42	rm	trap 'rm -rf "$WORK"' EXIT
.softhouse/guards/drive-red-ledger-invariants.sh	ext+execbit	54	rm	rm -rf "$d"
.softhouse/guards/drive-red-ledger-invariants.sh	ext+execbit	67	redirect	cat > "$d/$relpath"
.softhouse/guards/drive-red-ledger-invariants.sh	ext+execbit	71	redirect	say "    -> exit $rc"
.softhouse/guards/drive-red-ledger-invariants.sh	ext+execbit	85	rm	rm -rf "$d"
.softhouse/guards/drive-red-ledger-invariants.sh	ext+execbit	163	redirect	run_plant "SQL the guard cannot read, in a mutating driver call (blind spot -> refusal)" 7 OPAQUE-SQL \
.softhouse/guards/drive-red-ledger-invariants.sh	ext+execbit	193	redirect	say "    -> exit $ctrl_rc"
.softhouse/guards/drive-red-ledger-invariants.sh	ext+execbit	201	rm	rm -rf "$CTRL"
.softhouse/guards/repo-state-attest.sh	ext+execbit	127	redirect	[ $# -eq 2 ] || die "usage: $ME snapshot <repo-dir> <out-file>"
.softhouse/guards/repo-state-attest.sh	ext+execbit	136	truncate	: > "$out" || die "cannot write $out"
.softhouse/guards/repo-state-attest.sh	ext+execbit	156	redirect	v=$(git -C "$repo" config --get "$k" 2>/dev/null) || v="<unset>"
.softhouse/guards/repo-state-attest.sh	ext+execbit	157	redirect	[ -n "$v" ] || v="<unset>"
.softhouse/guards/repo-state-attest.sh	ext+execbit	165	redirect	if [ $rc -ne 0 ]; then hs="<no-commits>"; fi
.softhouse/guards/repo-state-attest.sh	ext+execbit	166	redirect	hr=$(git -C "$repo" symbolic-ref -q HEAD 2>/dev/null) || hr="<detached>"
.softhouse/guards/repo-state-attest.sh	ext+execbit	167	redirect	[ -n "$hr" ] || hr="<detached>"
.softhouse/guards/repo-state-attest.sh	ext+execbit	213	redirect	b=$(git -C "$repo" rev-parse "HEAD:$p" 2>/dev/null) || b="<absent>"
.softhouse/guards/repo-state-attest.sh	ext+execbit	309	redirect	INFO+=("T1 HEAD ref moved $rb -> $ra, which the writ names (authorized)")
.softhouse/guards/repo-state-attest.sh	ext+execbit	311	redirect	DAMAGE+=("T1 HEAD ref CHANGED to a ref the writ does NOT name: $rb -> $ra  (a \`git checkout -b\` from the same commit leaves the SHA BYTE-IDENTICAL -- only this term sees it)")
.softhouse/guards/repo-state-attest.sh	ext+execbit	320	redirect	if [ "$hb" = "<no-commits>" ]; then
.softhouse/guards/repo-state-attest.sh	ext+execbit	323	redirect	git -C "$repo" merge-base --is-ancestor "$hb" "$ha" >/dev/null 2>&1
.softhouse/guards/repo-state-attest.sh	ext+execbit	327	redirect	DAMAGE+=("T1 HEAD moved $hb -> $ha and \`git merge-base --is-ancestor\` could not answer (rc=$mb) -- REFUSING to call it a fast-forward")
.softhouse/guards/repo-state-attest.sh	ext+execbit	332	redirect	DAMAGE+=("T1 HEAD moved NON-FAST-FORWARD: $hb -> $ha  (old HEAD is NOT an ancestor of new HEAD: amend / reset / rebase / clobber)")
.softhouse/guards/repo-state-attest.sh	ext+execbit	337	redirect	INFO+=("T1 HEAD fast-forwarded on the WRIT branch $ra: $hb -> $ha  (authorized)")
.softhouse/guards/repo-state-attest.sh	ext+execbit	339	redirect	DAMAGE+=("T1 HEAD fast-forwarded on $ra, which is NOT in the writ (--writ-branch was $( [ ${#writ_branches[@]} -eq 0 ] && echo '<none given>' || printf '%s ' "${writ_branches[@]}")
.softhouse/guards/repo-state-attest.sh	ext+execbit	348	redirect	LC_ALL=C awk -F'\t' '$1=="REF"{print $2"\t"$3}' "$before" | LC_ALL=C sort > "$tmpb"
.softhouse/guards/repo-state-attest.sh	ext+execbit	349	redirect	LC_ALL=C awk -F'\t' '$1=="REF"{print $2"\t"$3}' "$after"  | LC_ALL=C sort > "$tmpa"
.softhouse/guards/repo-state-attest.sh	ext+execbit	367	redirect	DAMAGE+=("T2 NEW REF created outside the writ: $rname -> $robj")
.softhouse/guards/repo-state-attest.sh	ext+execbit	403	redirect	DAMAGE+=("T2 REF DELETED: $rname -> $dobj  (a deleted branch destroys unmerged work and leaves \`git status\` clean; no --allow-deleted-ref names it)")
.softhouse/guards/repo-state-attest.sh	ext+execbit	408	redirect	if git -C "$repo" merge-base --is-ancestor "$dobj" "$s" >/dev/null 2>&1; then reach=1; break; fi
.softhouse/guards/repo-state-attest.sh	ext+execbit	411	redirect	INFO+=("T2 ref deleted and its tip is STILL REACHABLE from a surviving writ ref (merged): $rname -> $dobj")
.softhouse/guards/repo-state-attest.sh	ext+execbit	413	redirect	DAMAGE+=("T2 REF DELETED AND ITS TIP IS UNREACHABLE from every surviving writ ref: $rname -> $dobj  (--allow-deleted-ref matched the NAME, but the pattern cannot authorize destroyi
.softhouse/guards/repo-state-attest.sh	ext+execbit	426	redirect	git -C "$repo" merge-base --is-ancestor "$ob" "$nb" >/dev/null 2>&1
.softhouse/guards/repo-state-attest.sh	ext+execbit	429	redirect	INFO+=("T2 writ branch $rname fast-forwarded $ob -> $nb (authorized)")
.softhouse/guards/repo-state-attest.sh	ext+execbit	431	redirect	DAMAGE+=("T2 ref $rname fast-forwarded $ob -> $nb but is NOT in the writ")
.softhouse/guards/repo-state-attest.sh	ext+execbit	433	redirect	DAMAGE+=("T2 ref $rname moved NON-FAST-FORWARD $ob -> $nb (work that was on it is now unreachable)")
.softhouse/guards/repo-state-attest.sh	ext+execbit	435	redirect	DAMAGE+=("T2 ref $rname moved $ob -> $nb and ancestry could not be determined (rc=$mb) -- REFUSING to call it safe")
.softhouse/guards/repo-state-attest.sh	ext+execbit	474	redirect	DAMAGE+=("T5 index SKIP BITS went $kb -> $ka. \`git update-index --assume-unchanged\` / \`--skip-worktree\` silences \`git status --porcelain\` WITHOUT moving HEAD, touching a ref,
.softhouse/guards/repo-state-attest.sh	ext+execbit	483	redirect	DAMAGE+=("T6 GIT DIR CHANGED: $vb -> $va  (a \`git init\` over a live repo, or a snapshot taken against a different repo)")
.softhouse/guards/repo-state-attest.sh	ext+execbit	485	redirect	DAMAGE+=("T6 config $key REWRITTEN: '$vb' -> '$va'  (no legitimate operation in this program writes committer identity; \`git -c k=v commit\` is per-invocation and does NOT change 
.softhouse/guards/repo-state-attest.sh	ext+execbit	513	redirect	INFO+=("T7 invariant artefact changed in HEAD, and the writ names it: $p  $pb -> $pa")
.softhouse/guards/repo-state-attest.sh	ext+execbit	525	redirect	ADVISORY+=("T7 invariant artefact changed in HEAD and the writ does NOT name it: $p  $pb -> $pa  (ADVISORY at this gate by --artefact-advisory: the operation merges other agents' b
.softhouse/guards/repo-state-attest.sh	ext+execbit	527	redirect	DAMAGE+=("T7 INVARIANT ARTEFACT CHANGED IN HEAD WITHOUT BEING DECLARED: $p  $pb -> $pa  (pass --writ-artefact '$p' if the operation was supposed to change it)")
.softhouse/guards/repo-state-attest.sh	ext+execbit	532	rm	rm -f "$tmpb" "$tmpa"
.softhouse/guards/repo-state-attest.sh	ext+execbit	630	redirect	say "  HIDDEN WORK  $n_skip index entr(y|ies) carry a NON-'H' tag. \`git update-index --assume-unchanged\` (-> 'h') / \`--skip-worktree\` (-> 'S') switches OFF the working-tree com
.softhouse/handoff/2026-08-17-run1-harness-schedule-poc/T106-evidence/prove-token-forgeable.sh	ext	52	rm	trap 'rm -f "$ORIG" "$FIXED"' EXIT
.softhouse/handoff/2026-08-17-run1-harness-schedule-poc/T106-evidence/prove-token-forgeable.sh	ext	63	redirect	index($0, lit) > 0 && !done { print "           < /nonexistent-T106/nope"; done = 1; next }
.softhouse/handoff/2026-08-17-run1-harness-schedule-poc/T106-evidence/prove-token-forgeable.sh	ext	65	redirect	' "$HARNESS" > "$ORIG"
.softhouse/handoff/2026-08-17-run1-harness-schedule-poc/T106-evidence/prove-token-forgeable.sh	ext	77	redirect	' "$ORIG" > "$FIXED"
.softhouse/handoff/2026-08-17-run1-harness-schedule-poc/T106-evidence/prove-token-forgeable.sh	ext	87	redirect	env "$envass" /bin/bash "$file" --help >/dev/null 2>&1; code=$?
.softhouse/handoff/2026-08-17-run1-harness-schedule-poc/T106-evidence/prove-token-forgeable.sh	ext	89	redirect	/bin/bash "$file" --help >/dev/null 2>&1; code=$?
.softhouse/handoff/2026-08-17-run1-harness-schedule-poc/T106-evidence/prove-token-forgeable.sh	ext	99	redirect	row "clean environment -> REFUSED"                       3 ""                              "$ORIG"
.softhouse/handoff/2026-08-17-run1-harness-schedule-poc/T106-evidence/prove-token-forgeable.sh	ext	100	redirect	row "_conformance_psub_line pre-seeded -> ADMITTED (F1)" 0 "_conformance_psub_line=$TOKEN"  "$ORIG"
.softhouse/handoff/2026-08-17-run1-harness-schedule-poc/T106-evidence/prove-token-forgeable.sh	ext	103	redirect	row "clean environment -> still REFUSED"                 3 ""                              "$FIXED"
.softhouse/handoff/2026-08-17-run1-harness-schedule-poc/T106-evidence/prove-token-forgeable.sh	ext	104	redirect	row "_conformance_psub_line pre-seeded -> REFUSED"       3 "_conformance_psub_line=$TOKEN"  "$FIXED"
.softhouse/handoff/2026-08-17-run1-harness-schedule-poc/T113-evidence/bash5-matrix-container.sh	ext	42	rm	trap 'rm -f "$PREFIX" "$INNER"' EXIT
.softhouse/handoff/2026-08-17-run1-harness-schedule-poc/T113-evidence/bash5-matrix-container.sh	ext	44	redirect	if ! git -C "$REPO_ROOT" show "$PREFIX_COMMIT:.softhouse/conformance.sh" > "$PREFIX" 2>/dev/null; then
.softhouse/handoff/2026-08-17-run1-harness-schedule-poc/T113-evidence/bash5-matrix-container.sh	ext	63	redirect	cat > "$INNER" <<'INNER_EOF'
.softhouse/handoff/2026-08-17-run1-harness-schedule-poc/T113-evidence/bash5-matrix-container.sh	ext	69	redirect	echo "container /bin/sh -> $(readlink -f /bin/sh)"
.softhouse/handoff/2026-08-17-run1-harness-schedule-poc/T113-evidence/bash5-matrix-container.sh	ext	73	redirect	code() { "$@" >/dev/null 2>&1; echo $?; }
.softhouse/handoff/2026-08-17-run1-harness-schedule-poc/T113-evidence/bash5-matrix-container.sh	ext	121	redirect	a="$( (exec -a sh bash "$h" --help) >/dev/null 2>&1; echo $?)"
.softhouse/handoff/2026-08-17-run1-harness-schedule-poc/T113-evidence/bash5-matrix-container.sh	ext	122	redirect	b="$( (exec -a sh bash --posix "$h" --help) >/dev/null 2>&1; echo $?)"
.softhouse/handoff/2026-08-17-run1-harness-schedule-poc/T113-evidence/bash5-matrix-container.sh	ext	145	rm	rm -f /dev/fd
.softhouse/handoff/2026-08-17-run1-harness-schedule-poc/T113-evidence/bash5-matrix-container.sh	ext	159	redirect	a="$( (exec -a sh bash "$h" --help) >/dev/null 2>&1; echo $?)"
.softhouse/handoff/2026-08-17-run1-harness-schedule-poc/T113-evidence/bash5-matrix-container.sh	ext	160	redirect	b="$( (exec -a sh bash --posix "$h" --help) >/dev/null 2>&1; echo $?)"
.softhouse/handoff/2026-08-17-run1-harness-schedule-poc/T113-evidence/bash5-matrix-container.sh	ext	173	redirect	bash \"\$1\" --help >/dev/null 2>&1; echo \$?
.softhouse/handoff/2026-08-17-run1-harness-schedule-poc/T113-evidence/bash5-matrix-container.sh	ext	175	redirect	printf '  %-42s %s -> exit=%s\n' "$label" "$( [ "$h" = "$PRE" ] && echo PRE-FIX || echo POST-FIX )" "$c"
.softhouse/handoff/2026-08-17-run1-harness-schedule-poc/T113-evidence/hostile-env-matrix.sh	ext	22	rm	[ "${2:-}" = "--kill-devfd" ] && rm -f /dev/fd
.softhouse/handoff/2026-08-17-run1-harness-schedule-poc/T113-evidence/hostile-env-matrix.sh	ext	28	redirect	r() { local label="$1"; shift; "$@" >/dev/null 2>&1; echo "  exit=$? $label"; }
.softhouse/handoff/2026-08-17-run1-harness-schedule-poc/T113-evidence/hostile-env-matrix.sh	ext	46	redirect	bash \"\$1\" --help >/dev/null 2>&1; echo \$?
.softhouse/handoff/2026-08-17-run1-harness-schedule-poc/T113-evidence/interpreter-matrix.sh	ext	44	redirect	capability() { # capability <interpreter...> -> yes|no
.softhouse/handoff/2026-08-17-run1-harness-schedule-poc/T113-evidence/interpreter-matrix.sh	ext	54	redirect	"$@" "$HARNESS" --help >/dev/null 2>&1; code=$?
.softhouse/handoff/2026-08-17-run1-harness-schedule-poc/T113-evidence/interpreter-matrix.sh	ext	56	redirect	ok "$label: psub works -> ADMITTED (exit 0)"
.softhouse/handoff/2026-08-17-run1-harness-schedule-poc/T113-evidence/interpreter-matrix.sh	ext	58	redirect	ok "$label: psub dead -> REFUSED (exit 3)"
.softhouse/handoff/2026-08-17-run1-harness-schedule-poc/T113-evidence/interpreter-matrix.sh	ext	67	redirect	"$@" >/dev/null 2>&1; code=$?
.softhouse/handoff/2026-08-17-run1-harness-schedule-poc/T113-evidence/interpreter-matrix.sh	ext	135	redirect	env_row() { # env_row <label> <VAR=VAL...> --
.softhouse/handoff/2026-08-17-run1-harness-schedule-poc/T113-evidence/interpreter-matrix.sh	ext	208	rm	trap 'rm -f "$NOIFS" "$BENV" "$SEEIFS"' EXIT
.softhouse/handoff/2026-08-17-run1-harness-schedule-poc/T113-evidence/interpreter-matrix.sh	ext	209	redirect	printf 'printf %%s "$IFS"\n' > "$SEEIFS"
.softhouse/handoff/2026-08-17-run1-harness-schedule-poc/T113-evidence/interpreter-matrix.sh	ext	213	redirect	printf 'IFS=z\n' > "$BENV"
.softhouse/handoff/2026-08-17-run1-harness-schedule-poc/T113-evidence/interpreter-matrix.sh	ext	228	redirect	"$HARNESS" > "$NOIFS"
.softhouse/handoff/2026-08-17-run1-harness-schedule-poc/T113-evidence/interpreter-matrix.sh	ext	243	redirect	printf 'IFS=%s\n' "$v" > "$BENV"
.softhouse/handoff/2026-08-17-run1-harness-schedule-poc/T113-evidence/interpreter-matrix.sh	ext	326	redirect	printf 'IFS=%s\n' "${tok_alphabet:$i:1}" > "$BENV"
.softhouse/handoff/2026-08-17-run1-harness-schedule-poc/T113-evidence/interpreter-matrix.sh	ext	334	rm	rm -f "$NOIFS" "$BENV" "$SEEIFS"
.softhouse/handoff/2026-08-17-run1-harness-schedule-poc/T113-evidence/prove-token-forgeable.sh	ext+execbit	52	rm	trap 'rm -f "$ORIG" "$FIXED"' EXIT
.softhouse/handoff/2026-08-17-run1-harness-schedule-poc/T113-evidence/prove-token-forgeable.sh	ext+execbit	63	redirect	index($0, lit) > 0 && !done { print "           < /nonexistent-T106/nope"; done = 1; next }
.softhouse/handoff/2026-08-17-run1-harness-schedule-poc/T113-evidence/prove-token-forgeable.sh	ext+execbit	65	redirect	' "$HARNESS" > "$ORIG"
.softhouse/handoff/2026-08-17-run1-harness-schedule-poc/T113-evidence/prove-token-forgeable.sh	ext+execbit	77	redirect	' "$ORIG" > "$FIXED"
.softhouse/handoff/2026-08-17-run1-harness-schedule-poc/T113-evidence/prove-token-forgeable.sh	ext+execbit	87	redirect	env "$envass" /bin/bash "$file" --help >/dev/null 2>&1; code=$?
.softhouse/handoff/2026-08-17-run1-harness-schedule-poc/T113-evidence/prove-token-forgeable.sh	ext+execbit	89	redirect	/bin/bash "$file" --help >/dev/null 2>&1; code=$?
.softhouse/handoff/2026-08-17-run1-harness-schedule-poc/T113-evidence/prove-token-forgeable.sh	ext+execbit	99	redirect	row "clean environment -> REFUSED"                       3 ""                              "$ORIG"
.softhouse/handoff/2026-08-17-run1-harness-schedule-poc/T113-evidence/prove-token-forgeable.sh	ext+execbit	100	redirect	row "_conformance_psub_line pre-seeded -> ADMITTED (F1)" 0 "_conformance_psub_line=$TOKEN"  "$ORIG"
.softhouse/handoff/2026-08-17-run1-harness-schedule-poc/T113-evidence/prove-token-forgeable.sh	ext+execbit	103	redirect	row "clean environment -> still REFUSED"                 3 ""                              "$FIXED"
.softhouse/handoff/2026-08-17-run1-harness-schedule-poc/T113-evidence/prove-token-forgeable.sh	ext+execbit	104	redirect	row "_conformance_psub_line pre-seeded -> REFUSED"       3 "_conformance_psub_line=$TOKEN"  "$FIXED"
.softhouse/handoff/2026-08-17-run1-harness-schedule-poc/T113-evidence/psub-dead-container.sh	ext	52	rm	trap 'rm -f "$PREFIX" "$INNER"' EXIT
.softhouse/handoff/2026-08-17-run1-harness-schedule-poc/T113-evidence/psub-dead-container.sh	ext	54	redirect	if ! git -C "$REPO_ROOT" show "$PREFIX_REF:.softhouse/conformance.sh" > "$PREFIX"; then
.softhouse/handoff/2026-08-17-run1-harness-schedule-poc/T113-evidence/psub-dead-container.sh	ext	75	redirect	cat > "$INNER" <<'INNER_EOF'
.softhouse/handoff/2026-08-17-run1-harness-schedule-poc/T113-evidence/psub-dead-container.sh	ext	84	rm	rm -f /dev/fd
.softhouse/handoff/2026-08-17-run1-harness-schedule-poc/T113-evidence/psub-dead-container.sh	ext	101	redirect	bash "$h" --help >/dev/null 2>&1; clean=$?
.softhouse/handoff/2026-08-17-run1-harness-schedule-poc/T113-evidence/psub-dead-container.sh	ext	102	redirect	env _conformance_psub_line="$TOKEN" bash "$h" --help >/dev/null 2>&1; forged=$?
.softhouse/handoff/2026-08-17-run1-harness-schedule-poc/T113-evidence/readonly-sourced-edge.sh	ext	60	redirect	/bin/bash -c '( . "$1" --help ) >/dev/null 2>&1; exit $?' _ "$HARNESS"
.softhouse/handoff/2026-08-17-run1-harness-schedule-poc/T113-evidence/readonly-sourced-edge.sh	ext	63	redirect	ok "[2] control: sourced WITHOUT the readonly -> ADMITTED (exit 0)"
.softhouse/handoff/2026-08-17-run1-harness-schedule-poc/T113-evidence/readonly-sourced-edge.sh	ext	71	redirect	/bin/bash -c 'readonly _conformance_psub_line="$2"; ( . "$1" --help ) >/dev/null 2>&1; exit $?' _ "$HARNESS" "$TOKEN"
.softhouse/handoff/2026-08-17-run1-harness-schedule-poc/T113-evidence/readonly-sourced-edge.sh	ext	75	redirect	ok "[3] sourced WITH _conformance_psub_line readonly -> REFUSED (exit 3)"
.softhouse/handoff/2026-08-17-run1-harness-schedule-poc/T130-evidence/ifs-routes.sh	ext	29	rm	trap 'rm -rf "$TMP"' EXIT
.softhouse/handoff/2026-08-17-run1-harness-schedule-poc/T130-evidence/ifs-routes.sh	ext	32	redirect	printf 'printf "%%s" "$IFS"\n' > "$SCRIPT"
.softhouse/handoff/2026-08-17-run1-harness-schedule-poc/T130-evidence/ifs-routes.sh	ext	33	redirect	printf 'IFS=z\n'                > "$BENV"
.softhouse/handoff/2026-08-17-run1-harness-schedule-poc/T130-evidence/ifs-routes.sh	ext	46	redirect	ok "$label -> IFS is the $( [ "$want" = default ] && echo 'DEFAULT (route delivers NOTHING)' || echo "delivered value [$want]" )"
.softhouse/handoff/2026-08-17-run1-harness-schedule-poc/T130-evidence/read-ifs-predicate.sh	ext	37	redirect	usage: read-ifs-predicate.sh <alphabet> <maxlen> <ifs> [<ifs> ...]
.softhouse/handoff/2026-08-17-run1-harness-schedule-poc/T130-evidence/read-ifs-predicate.sh	ext	58	redirect	predict() { # predict <line> <ifs> -> what the candidate rule says `read` returns
.softhouse/handoff/2026-08-17-run1-harness-schedule-poc/T130-evidence/token-spelling-crossproduct.sh	ext	67	rm	trap 'rm -rf "$W"' EXIT
.softhouse/handoff/2026-08-17-run1-harness-schedule-poc/T130-evidence/token-spelling-crossproduct.sh	ext	68	redirect	printf 'IFS=%s\n' "$UNIQ" > "$W/benv.sh"
.softhouse/handoff/2026-08-17-run1-harness-schedule-poc/T130-evidence/token-spelling-crossproduct.sh	ext	72	redirect	sed "s|^CONFORMANCE_PSUB_TOKEN=\".*\"\$|CONFORMANCE_PSUB_TOKEN=\"$tok\"|" "$HARNESS" > "$out"
.softhouse/handoff/2026-08-17-run1-harness-schedule-poc/T130-evidence/token-spelling-crossproduct.sh	ext	74	redirect	sed 's|^      IFS= builtin read -r _conformance_psub_line|      builtin read -r _conformance_psub_line|' "$out" > "$out.t"
.softhouse/handoff/2026-08-17-run1-harness-schedule-poc/T130-evidence/token-spelling-crossproduct.sh	ext	75	mv	mv "$out.t" "$out"
.softhouse/handoff/2026-08-17-run1-harness-schedule-poc/T130-evidence/token-spelling-crossproduct.sh	ext	101	redirect	none)    "$BASH_BIN" "$f" --help >/dev/null 2>&1; code=$? ;;
.softhouse/handoff/2026-08-17-run1-harness-schedule-poc/T130-evidence/token-spelling-crossproduct.sh	ext	102	redirect	env)     env IFS="$UNIQ" "$BASH_BIN" "$f" --help >/dev/null 2>&1; code=$? ;;
.softhouse/handoff/2026-08-17-run1-harness-schedule-poc/T130-evidence/token-spelling-crossproduct.sh	ext	103	redirect	bashenv) env BASH_ENV="$W/benv.sh" "$BASH_BIN" "$f" --help >/dev/null 2>&1; code=$? ;;
.softhouse/handoff/2026-08-17-run1-harness-schedule-poc/T130-evidence/token-spelling-crossproduct.sh	ext	110	redirect	ok "$label -> exit $code$( [ "$want" = 3 ] && echo '  (the one false refusal — renamed token AND no prefix AND a delivering route)' )"
.softhouse/handoff/2026-08-17-run1-harness-schedule-poc/T130-evidence/token-spelling-crossproduct.sh	ext	112	redirect	bad "$label -> exit $code" "expected 0. A healthy bash was REFUSED; if this is the live token, the guard has a false refusal today."
.softhouse/handoff/2026-08-17-run1-harness-schedule-poc/T130-evidence/token-spelling-crossproduct.sh	ext	114	redirect	bad "$label -> exit $code" "expected 3. The renamed token was NOT truncated on a delivering route — either the \`read\` rule has changed or the prefix was not actually deleted, and
.softhouse/handoff/2026-08-17-run1-harness-schedule-poc/T130-evidence/token-spelling-crossproduct.sh	ext	117	rm	rm -f "$f"
.softhouse/handoff/2026-08-17-run1-harness-schedule-poc/T97-evidence/prove-interpreter-guard.sh	ext	76	rm	trap 'rm -rf "$TMP"' EXIT
.softhouse/handoff/2026-08-17-run1-harness-schedule-poc/T97-evidence/prove-interpreter-guard.sh	ext	90	rm	trap 'rm -rf "$TMP" "$PREFIX"' EXIT
.softhouse/handoff/2026-08-17-run1-harness-schedule-poc/T97-evidence/prove-interpreter-guard.sh	ext	91	redirect	if ! git -C "$REPO_ROOT" show "$PREFIX_COMMIT:.softhouse/conformance.sh" > "$PREFIX" 2>/dev/null; then
.softhouse/handoff/2026-08-17-run1-harness-schedule-poc/T97-evidence/prove-interpreter-guard.sh	ext	116	redirect	run_row 3 0 "bash -r <harness>"           -- /bin/bash -r "$HARNESS"
.softhouse/handoff/2026-08-17-run1-harness-schedule-poc/T97-evidence/prove-interpreter-guard.sh	ext	117	redirect	run_row 3 0 "bash --posix -r <harness>"   -- /bin/bash --posix -r "$HARNESS"
.softhouse/handoff/2026-08-17-run1-harness-schedule-poc/T97-evidence/prove-interpreter-guard.sh	ext	125	redirect	run_row 3 0 "$s <harness>" -- "$s" "$HARNESS"
.softhouse/handoff/2026-08-17-run1-harness-schedule-poc/T97-evidence/prove-interpreter-guard.sh	ext	138	redirect	capability() {  # capability <interpreter...>  -> prints "yes" or "no"
.softhouse/handoff/2026-08-17-run1-harness-schedule-poc/T97-evidence/prove-interpreter-guard.sh	ext	151	redirect	ok "$label: psub works -> ADMITTED (exit 0)"
.softhouse/handoff/2026-08-17-run1-harness-schedule-poc/T97-evidence/prove-interpreter-guard.sh	ext	153	redirect	ok "$label: psub does NOT work -> REFUSED (exit 3)"
.softhouse/handoff/2026-08-17-run1-harness-schedule-poc/T97-evidence/prove-interpreter-guard.sh	ext	170	rm	trap 'rm -rf "$TMP" "$PREFIX" "$BROKEN"' EXIT
.softhouse/handoff/2026-08-17-run1-harness-schedule-poc/T97-evidence/prove-interpreter-guard.sh	ext	172	redirect	"$HARNESS" > "$BROKEN"
.softhouse/handoff/2026-08-17-run1-harness-schedule-poc/T97-evidence/prove-interpreter-guard.sh	ext	184	redirect	sed '/^#=END-OF-HELP=$/d' "$HARNESS" > "$NOSENT"
.softhouse/handoff/2026-08-17-run1-harness-schedule-poc/T97-evidence/prove-interpreter-guard.sh	ext	196	redirect	ok "sentinel deleted -> --help ERRORS (exit 2 = EXIT_UNUSABLE), not the wrong text, and NOT the graded-fail 1"
.softhouse/handoff/2026-08-17-run1-harness-schedule-poc/T97-evidence/prove-interpreter-guard.sh	ext	237	rm	trap 'rm -rf "$TMP" "$PREFIX" "$BROKEN" "$FORGE" "$UNFIXED"' EXIT
.softhouse/handoff/2026-08-17-run1-harness-schedule-poc/T97-evidence/prove-interpreter-guard.sh	ext	243	redirect	index($0, lit) > 0 && !done { print "           < /nonexistent-T113/nope"; done = 1; next }
.softhouse/handoff/2026-08-17-run1-harness-schedule-poc/T97-evidence/prove-interpreter-guard.sh	ext	245	redirect	' "$HARNESS" > "$FORGE"
.softhouse/handoff/2026-08-17-run1-harness-schedule-poc/T97-evidence/prove-interpreter-guard.sh	ext	250	redirect	run_row 3 0 "run-time open failure + inherited _conformance_psub_line -> REFUSED" \
.softhouse/handoff/2026-08-17-run1-harness-schedule-poc/T97-evidence/prove-interpreter-guard.sh	ext	253	redirect	grep -v '^      _conformance_psub_line=$' "$FORGE" > "$UNFIXED"
.softhouse/handoff/2026-08-17-run1-harness-schedule-poc/T97-evidence/prove-interpreter-guard.sh	ext	257	redirect	env "_conformance_psub_line=$FORGE_TOKEN" /bin/bash "$UNFIXED" --help >/dev/null 2>&1
.softhouse/handoff/2026-08-17-run1-harness-schedule-poc/T97-evidence/prove-interpreter-guard.sh	ext	260	redirect	ok "same mutant minus the F1 assignment -> ADMITTED (exit 0): the row above discriminates"
.softhouse/handoff/2026-08-21-run2-tierA-gl-accounting-A2/A2-12-amount-census.py	ext	57	redirect	root = pathlib.Path(sys.argv[1] if len(sys.argv) > 1 else ".softhouse/capture/tierA-a2/out")
.softhouse/handoff/2026-08-21-run2-tierA-gl-accounting-A2/A2-32-evidence/redgreen.sh	ext	31	rm	rm -rf "$RED"
.softhouse/handoff/2026-08-21-run2-tierA-gl-accounting-A2/A2-32-evidence/redgreen.sh	ext	35	redirect	cat > "$RED/internal/apps/probe/planted.go" <<'EOF'
.softhouse/handoff/2026-08-21-run2-tierA-gl-accounting-A2/T203-evidence/drive-red.sh	ext	11	rm	cleanup() { rm -f "$H"/T203-PREFIX-*.py; }
.softhouse/handoff/2026-08-21-run2-tierA-gl-accounting-A2/T203-evidence/drive-red.sh	ext	14	redirect	git -C "$ROOT" show HEAD:.softhouse/handoff/T74-promote-vectors.py     > "$H/T203-PREFIX-T74.py"
.softhouse/handoff/2026-08-21-run2-tierA-gl-accounting-A2/T203-evidence/drive-red.sh	ext	15	redirect	git -C "$ROOT" show HEAD:.softhouse/handoff/T61-promote-vectors.py     > "$H/T203-PREFIX-T61.py"
.softhouse/handoff/2026-08-21-run2-tierA-gl-accounting-A2/T203-evidence/drive-red.sh	ext	16	redirect	git -C "$ROOT" show HEAD:.softhouse/capture/t64-zeroprincipal/src/T64-promote-vectors.py > "$H/T203-PREFIX-T64.py"
.softhouse/handoff/2026-08-21-run2-tierA-gl-accounting-A2/T203-evidence/drive-red.sh	ext	17	redirect	git -C "$ROOT" show HEAD:.softhouse/handoff/T58-promote-vectors.py     > "$H/T203-PREFIX-T58.py"
.softhouse/handoff/2026-08-21-run2-tierA-gl-accounting-A2/T203-evidence/drive-red.sh	ext	18	redirect	git -C "$ROOT" show HEAD:.softhouse/handoff/T57-promote-emi-vectors.py > "$H/T203-PREFIX-T57.py"
.softhouse/handoff/2026-08-21-run2-tierA-gl-accounting-A2/T203-evidence/drive-red.sh	ext	19	redirect	git -C "$ROOT" show HEAD:.softhouse/handoff/T8-promote-vectors.py      > "$H/T203-PREFIX-T8.py"
.softhouse/handoff/2026-08-21-run2-tierA-gl-accounting-A2/T203-evidence/t203-guard-arms.py	ext	100	py-rmtree	shutil.rmtree(tmproot, ignore_errors=True)
.softhouse/handoff/2026-08-21-run2-tierA-gl-accounting-A2/T203-evidence/t203-guard-arms.py	ext	281	redirect	raise SystemExit("usage: t203-guard-arms.py <repo-root>")
.softhouse/handoff/2026-08-21-run2-tierA-gl-accounting-A2/T203-evidence/t203-redgreen.py	ext	4	redirect	python3 t203-redgreen.py <repo-root> red|green
.softhouse/handoff/2026-08-21-run2-tierA-gl-accounting-A2/T203-evidence/t203-redgreen.py	ext	131	py-rmtree	shutil.rmtree(out, ignore_errors=True)
.softhouse/handoff/2026-08-21-run2-tierA-gl-accounting-A2/T203-evidence/t203-redgreen.py	ext	208	py-rmtree	shutil.rmtree(tmproot, ignore_errors=True)
.softhouse/handoff/2026-08-21-run2-tierA-gl-accounting-A2/T203-evidence/t203-redgreen.py	ext	241	redirect	raise SystemExit("usage: t203-redgreen.py <repo-root> red|green")
.softhouse/handoff/2026-08-21-run2-tierA-gl-accounting-A2/T203-evidence/t82-parity.sh	ext	17	truncate	: > "$EV/T82-parity.txt"
.softhouse/handoff/2026-08-21-run2-tierA-gl-accounting-A2/T203-evidence/t82-parity.sh	ext	21	redirect	"$ROOT" "$m" "$PRE"  > "/tmp/t203-pre-$m.txt"  2>&1; rcpre=$?
.softhouse/handoff/2026-08-21-run2-tierA-gl-accounting-A2/T203-evidence/t82-parity.sh	ext	23	redirect	"$ROOT" "$m" "$POST" > "/tmp/t203-post-$m.txt" 2>&1; rcpost=$?
.softhouse/handoff/2026-08-21-run2-tierA-gl-accounting-A2/T203-evidence/t82-parity.sh	ext	25	redirect	/usr/bin/sed -e '/^PROMOTER:/d' -e 's#/tmp/t203-T74-prefix.py##' "/tmp/t203-pre-$m.txt"  > /tmp/t203-a.txt
.softhouse/handoff/2026-08-21-run2-tierA-gl-accounting-A2/T203-evidence/t82-parity.sh	ext	26	redirect	/usr/bin/sed -e '/^PROMOTER:/d' -e 's#/tmp/t203-T74-prefix.py##' "/tmp/t203-post-$m.txt" > /tmp/t203-b.txt
.softhouse/handoff/2026-08-21-run2-tierA-gl-accounting-A2/T203-evidence/t82-parity.sh	ext	27	redirect	if diff -q /tmp/t203-a.txt /tmp/t203-b.txt > /dev/null && [ "$rcpre" = "$rcpost" ]; then
.softhouse/handoff/2026-08-21-run2-tierA-gl-accounting-A2/T206-evidence/t206-a-green.py	ext	87	py-rmtree	shutil.rmtree(scratch1, ignore_errors=True)
.softhouse/handoff/2026-08-21-run2-tierA-gl-accounting-A2/T206-evidence/t206-a-green.py	ext	105	py-rmtree	shutil.rmtree(scratch3, ignore_errors=True)
.softhouse/handoff/2026-08-21-run2-tierA-gl-accounting-A2/T206-evidence/t206-a-green.py	ext	132	py-rmtree	shutil.rmtree(scratch_g1, ignore_errors=True)
.softhouse/handoff/2026-08-21-run2-tierA-gl-accounting-A2/T206-evidence/t206-a-green.py	ext	167	redirect	("g2-existing-with-token", "G2 (live store, existing target, VALID token -> must still refuse, exit 3)", [AUTH_FLAG]),
.softhouse/handoff/2026-08-21-run2-tierA-gl-accounting-A2/T206-evidence/t206-a-green.py	ext	168	redirect	("g3-new-no-token", "G3 (live store, NEW name, NO token -> must refuse, exit 2, nothing created)", []),
.softhouse/handoff/2026-08-21-run2-tierA-gl-accounting-A2/T206-evidence/t206-a-green.py	ext	182	py-rmtree	os.remove(never)
.softhouse/handoff/2026-08-21-run2-tierA-gl-accounting-A2/T206-evidence/t206-a-redgreen.py	ext	126	py-rmtree	shutil.rmtree(scratch1, ignore_errors=True)
.softhouse/handoff/2026-08-21-run2-tierA-gl-accounting-A2/T206-evidence/t206-a-redgreen.py	ext	151	py-rmtree	shutil.rmtree(scratch2, ignore_errors=True)
.softhouse/handoff/2026-08-21-run2-tierA-gl-accounting-A2/T206-evidence/t206-a-redgreen.py	ext	174	py-rmtree	shutil.rmtree(scratch3, ignore_errors=True)
.softhouse/handoff/2026-08-21-run2-tierA-gl-accounting-A2/T211-probe/extract.py	ext+execbit	11	redirect	writes  <outdir>/traps.zsh   and  <outdir>/driver.zsh
.softhouse/handoff/2026-08-21-run2-tierA-gl-accounting-A2/T211-probe/fake-claude.zsh	ext+execbit	10	redirect	print -r -- "$$" > "${T211_CHILDPID:-/tmp/t211-scratch/childpid}"
.softhouse/handoff/2026-08-21-run2-tierA-gl-accounting-A2/T211-probe/lock-recovery.zsh	ext+execbit	21	rm	rm -rf $WORK; mkdir -p $WORK
.softhouse/handoff/2026-08-21-run2-tierA-gl-accounting-A2/T211-probe/lock-recovery.zsh	ext+execbit	43	redirect	mk() { print -r -- "$1" > "$LOCK" }
.softhouse/handoff/2026-08-21-run2-tierA-gl-accounting-A2/T211-probe/lock-recovery.zsh	ext+execbit	51	redirect	print -r -- "  PASS  $label -> $got (expected $expect)"
.softhouse/handoff/2026-08-21-run2-tierA-gl-accounting-A2/T211-probe/lock-recovery.zsh	ext+execbit	53	redirect	print -r -- "  FAIL  $label -> $got (expected $expect)   <-- T202's recovery is BROKEN"
.softhouse/handoff/2026-08-21-run2-tierA-gl-accounting-A2/T211-probe/lock-recovery.zsh	ext+execbit	81	rm	rm -f "$LOCK"
.softhouse/handoff/2026-08-21-run2-tierA-gl-accounting-A2/T211-probe/run-case.zsh	ext+execbit	23	rm	rm -rf "$T211_FRAG"; mkdir -p "$T211_FRAG"
.softhouse/handoff/2026-08-21-run2-tierA-gl-accounting-A2/T211-probe/run-case.zsh	ext+execbit	24	rm	rm -f "$T211_CHILDPID"
.softhouse/handoff/2026-08-21-run2-tierA-gl-accounting-A2/T211-probe/run-waittrap.zsh	ext+execbit	14	rm	rm -f "$T211_CHILDPID"
.softhouse/handoff/2026-08-21-run2-tierA-gl-accounting-A2/T211-probe/semantics.zsh	ext+execbit	33	redirect	print -r -- "   -> children of this shell right now:"
.softhouse/handoff/2026-08-21-run2-tierA-gl-accounting-A2/T211-probe/semantics.zsh	ext+execbit	61	redirect	/bin/ps -o pid,command -p $BGC >/dev/null 2>&1
.softhouse/handoff/2026-08-21-run2-tierA-gl-accounting-A2/T211-probe/semantics.zsh	ext+execbit	80	redirect	print -r -- "   SIGINT did NOT kill the background child -> INT is SIG_IGN in it (POSIX async rule CONFIRMED)"
.softhouse/handoff/2026-08-21-run2-tierA-gl-accounting-A2/T211-probe/semantics.zsh	ext+execbit	81	redirect	print -r -- "   => a handler that merely forwards SIGINT to \`claude\` would be a NO-OP"
.softhouse/handoff/2026-08-21-run2-tierA-gl-accounting-A2/T211-probe/semantics.zsh	ext+execbit	84	redirect	|| print -r -- "   SIGTERM DID kill it -> TERM is the signal the handler must forward"
.softhouse/handoff/2026-08-21-run2-tierA-gl-accounting-A2/T211-probe/semantics.zsh	ext+execbit	86	redirect	print -r -- "   SIGINT killed the background child -> INT is NOT ignored here"
.softhouse/handoff/2026-08-21-run2-tierA-gl-accounting-A2/T211-probe/semantics.zsh	ext+execbit	103	redirect	print -r -- "   -> job got its OWN process group: 'kill -TERM -$MPG' reaches the whole job"
.softhouse/handoff/2026-08-21-run2-tierA-gl-accounting-A2/T211-probe/semantics.zsh	ext+execbit	105	redirect	print -r -- "   -> job shares the SHELL's process group: a negative-pgid kill would kill the shell too"
.softhouse/handoff/2026-08-21-run2-tierA-gl-accounting-A2/T211-probe/semantics.zsh	ext+execbit	109	redirect	|| print -r -- "   SIGINT KILLS it under monitor -> monitor also removes the SIG_IGN"
.softhouse/handoff/2026-08-21-run2-tierA-gl-accounting-A2/T211-probe/semantics.zsh	ext+execbit	138	redirect	pgrep -f 'caffeinate -i -m -s /bin/sleep' >/dev/null 2>&1 \
.softhouse/handoff/2026-08-21-run2-tierA-gl-accounting-A2/T211-probe/semantics2.zsh	ext+execbit	49	redirect	( exit 42 ) & ; wait $!; print -r -- "( exit 42 ) & ; wait \$!  -> rc=$?   (expect 42)"
.softhouse/handoff/2026-08-21-run2-tierA-gl-accounting-A2/T211-probe/semantics2.zsh	ext+execbit	58	rm	rm -f $RCF
.softhouse/handoff/2026-08-21-run2-tierA-gl-accounting-A2/T211-probe/semantics2.zsh	ext+execbit	59	redirect	( { /bin/sh -c 'exit 37'; print -r -- $? > $RCF } | /bin/cat | /bin/cat ) &
.softhouse/handoff/2026-08-21-run2-tierA-gl-accounting-A2/T211-probe/semantics2.zsh	ext+execbit	62	redirect	print -r -- "rc file contents = $(cat $RCF 2>/dev/null || print '<missing>')   (expect 37 -- the driver's real status)"
.softhouse/handoff/2026-08-21-run2-tierA-gl-accounting-A2/T211-probe/setup-scratch.zsh	ext+execbit	6	rm	rm -rf "$REPO"
.softhouse/handoff/2026-08-21-run2-tierA-gl-accounting-A2/T211-probe/setup-scratch.zsh	ext+execbit	10	redirect	print -r -- baseline > .softhouse/tasks.json
.softhouse/handoff/2026-08-21-run2-tierA-gl-accounting-A2/T211-probe/setup-scratch.zsh	ext+execbit	11	redirect	cat > .softhouse/LOCK <<EOF
.softhouse/handoff/2026-08-21-run2-tierA-gl-accounting-A2/T211-probe/spawn.py	ext+execbit	6	redirect	<key>ProgramArguments</key> = [ /bin/zsh, -lc, <script path> ]
.softhouse/handoff/2026-08-21-run2-tierA-gl-accounting-A2/T211-probe/spawn.py	ext+execbit	31	redirect	ready_tok = sys.argv[4] if len(sys.argv) > 4 else "READY"
.softhouse/handoff/2026-08-21-run2-tierA-gl-accounting-A2/T211-probe/spawn.py	ext+execbit	32	redirect	delay = float(sys.argv[5]) if len(sys.argv) > 5 else 0.5
.softhouse/handoff/2026-08-21-run2-tierA-gl-accounting-A2/T211-probe/spawn.py	ext+execbit	33	redirect	timeout = float(sys.argv[6]) if len(sys.argv) > 6 else 45.0
.softhouse/handoff/2026-08-21-run2-tierA-gl-accounting-A2/T211-probe/spawn.py	ext+execbit	90	redirect	print("EXIT LATENCY (signal -> wrapper exit) = %.3fs%s"
.softhouse/handoff/2026-08-21-run2-tierA-gl-accounting-A2/T211-probe/spawn.py	ext+execbit	93	redirect	print("subject rc = %d   (python reports -N for death by signal N -> signal %d)" % (rc, -rc))
.softhouse/handoff/2026-08-21-run2-tierA-gl-accounting-A2/T211-probe/spawn.py	ext+execbit	94	redirect	elif rc > 128:
.softhouse/handoff/2026-08-21-run2-tierA-gl-accounting-A2/T211-probe/treewalk.zsh	ext+execbit	22	redirect	(( ${#lines} > 1 )) || return 1
.softhouse/handoff/2026-08-21-run2-tierA-gl-accounting-A2/T211-probe/treewalk.zsh	ext+execbit	43	rm	rm -f $RC
.softhouse/handoff/2026-08-21-run2-tierA-gl-accounting-A2/T211-probe/treewalk.zsh	ext+execbit	44	redirect	( { /usr/bin/caffeinate -i -m -s /bin/sleep 120; print -r -- $? > $RC } \
.softhouse/handoff/2026-08-21-run2-tierA-gl-accounting-A2/T211-probe/treewalk.zsh	ext+execbit	65	redirect	log "  -> IN the tree at index ${DRIVER_TREE[(I)$SLEEPPID]}  (a single kill on \$! would have MISSED it)"
.softhouse/handoff/2026-08-21-run2-tierA-gl-accounting-A2/T211-probe/treewalk.zsh	ext+execbit	67	redirect	log "  -> NOT in the tree -- the walk is WRONG, do not ship it"
.softhouse/handoff/2026-08-21-run2-tierA-gl-accounting-A2/T211-probe/treewalk.zsh	ext+execbit	75	redirect	log "still present after SIGTERM + 1.5s: ${#STILL} -> ${STILL[*]:-none}"
.softhouse/handoff/2026-08-21-run2-tierA-gl-accounting-A2/T211-probe/treewalk.zsh	ext+execbit	82	redirect	log "rc file contents = $(cat $RC 2>/dev/null || print '<missing - the child was killed before it could write one>')"
.softhouse/handoff/2026-08-21-run2-tierA-gl-accounting-A2/T211-probe/treewalk.zsh	ext+execbit	83	redirect	pgrep -f 'caffeinate -i -m -s /bin/sleep 120' >/dev/null 2>&1 \
.softhouse/handoff/2026-08-21-run2-tierA-gl-accounting-A2/T211-probe/treewalk.zsh	ext+execbit	86	redirect	pgrep -f '/bin/sleep 120' >/dev/null 2>&1 \
.softhouse/handoff/2026-08-21-run2-tierA-gl-accounting-A2/T211-probe/waittrap.zsh	ext+execbit	38	redirect	/bin/sh -c "echo \$\$ > '$PIDF'; exec /bin/sleep $CHILD_SECS"
.softhouse/handoff/2026-08-21-run2-tierA-gl-accounting-A2/T211-probe/waittrap.zsh	ext+execbit	42	redirect	/bin/sh -c "echo \$\$ > '$PIDF'; exec /bin/sleep $CHILD_SECS" &
.softhouse/handoff/2026-08-21-run2-tierA-gl-accounting-A2/T211-probe/waittrap.zsh	ext+execbit	47	redirect	log "WAIT RETURNED rc=$WRC   (>128 means it was interrupted by the trapped signal)"
.softhouse/handoff/2026-08-21-run2-tierA-gl-accounting-A2/T241-evidence/audit_t223_bounds_t241.py	ext	40	redirect	t223_end = next(i for i, l in enumerate(lines) if i > start and l.startswith("## G-8-NOTICE"))
.softhouse/handoff/2026-08-21-run2-tierA-gl-accounting-A2/T241-evidence/audit_t223_bounds_t241.py	ext	41	redirect	true_end = next(i for i, l in enumerate(lines) if i > start and re.match(r"^## G-\d", l))
.softhouse/handoff/2026-08-21-run2-tierA-gl-accounting-A2/T241-evidence/audit_t223_bounds_t241.py	ext	49	redirect	print("  next '## G-<n>' gate heading at line      : %d  (%s)" % (true_end + 1, lines[true_end][:60]))
.softhouse/handoff/2026-08-21-run2-tierA-gl-accounting-A2/T241-evidence/census_two_engines_t241.sh	ext	29	rm	trap 'rm -rf "$TMP"' EXIT
.softhouse/handoff/2026-08-21-run2-tierA-gl-accounting-A2/T241-evidence/census_two_engines_t241.sh	ext	98	redirect	count_git_file () {   # pattern, path  -> matching-line count, or ABORT
.softhouse/handoff/2026-08-21-run2-tierA-gl-accounting-A2/T241-evidence/census_two_engines_t241.sh	ext	108	redirect	count_bsd_file () {   # pattern, path  -> matching-line count, or ABORT
.softhouse/handoff/2026-08-21-run2-tierA-gl-accounting-A2/T241-evidence/census_two_engines_t241.sh	ext	121	redirect	printf '%s\n' "${POSES[$i]}" > "$TMP/pos.txt"
.softhouse/handoff/2026-08-21-run2-tierA-gl-accounting-A2/T241-evidence/census_two_engines_t241.sh	ext	122	redirect	printf '%s\n' "${NEGES[$i]}" > "$TMP/neg.txt"
.softhouse/handoff/2026-08-21-run2-tierA-gl-accounting-A2/T241-evidence/census_two_engines_t241.sh	ext	137	redirect	count_git () {   # pattern, from, to  -> matching lines in range, or ABORT (never a bare 0)
.softhouse/handoff/2026-08-21-run2-tierA-gl-accounting-A2/T241-evidence/census_two_engines_t241.sh	ext	147	redirect	count_bsd () {   # pattern, from, to  -> matching lines in range, or ABORT (never a bare 0)
.softhouse/handoff/2026-08-21-run2-tierA-gl-accounting-A2/T241-evidence/scope_table_t241.py	ext	21	redirect	* the LIVE G-8 section        `## G-8 - TWO phenomena ...`  ->  the next `## ` heading
.softhouse/handoff/2026-08-21-run2-tierA-gl-accounting-A2/T241-evidence/scope_table_t241.py	ext	22	redirect	* the SUPERSEDED history block `## G-8-NOTICE ...`          ->  the next `## ` heading
.softhouse/handoff/2026-08-21-run2-tierA-gl-accounting-A2/T241-evidence/scope_table_t241.py	ext	121	redirect	if i > start and re.match(r"^## G-\d", l)), len(lines))
.softhouse/handoff/2026-08-21-run2-tierA-gl-accounting-A2/T242-transcripts/multiline-sweep.py	ext	46	redirect	print("  MISSED BY THE LINE SWEEP ->", p)
.softhouse/handoff/T57-promote-emi-vectors.py	ext	6	redirect	The only transformation applied to an observed value is exact decimal -> minor-unit scaling,
.softhouse/handoff/T57-promote-emi-vectors.py	ext	115	redirect	"""Exact major-unit decimal string -> integer minor-unit string. Textual only."""
.softhouse/handoff/T57-promote-emi-vectors.py	ext	123	redirect	if len(fp) > digits:
.softhouse/handoff/T57-promote-emi-vectors.py	ext	193	redirect	if abs(o - c) > worst[0]:
.softhouse/handoff/T57-promote-emi-vectors.py	ext	196	redirect	require(margin > 0, "%s: counterfactual margin is not positive (%r)" % (case_id, margin))
.softhouse/handoff/T57-promote-emi-vectors.py	ext	292	redirect	if worst is None or delta > worst[0]:
.softhouse/handoff/T57-promote-emi-vectors.py	ext	416	redirect	"transformation is exact textual major->minor scaling (\"172574.64\" -> "
.softhouse/handoff/T57-transcription-audit.py	ext	10	redirect	python3 .softhouse/handoff/T57-transcription-audit.py <vector-file> [<vector-file> ...]
.softhouse/handoff/T57-transcription-audit.py	ext	34	redirect	assert len(tail) <= 2 or tail[2:].count("0") == len(tail[2:]), "scale > 2 in %r" % text
.softhouse/handoff/T57-transcription-audit.py	ext	170	redirect	eq("invariant strictly increasing row %d" % i, key(r["due_date"]) > prev, True)
.softhouse/handoff/T57-transcription-audit.py	ext	174	redirect	eq("graded_against non-empty", len(v["graded_against"]) > 0, True)
.softhouse/handoff/T57-transcription-audit.py	ext	179	redirect	eq("graded_against[%s] margin > 0" % cf["id"], int(cf["margin_minor"]) > 0, True)
.softhouse/handoff/T58-promote-vectors.py	ext	6	redirect	money column is exact textual major -> minor scaling ("172574.64" -> "17257464"),
.softhouse/handoff/T58-promote-vectors.py	ext	106	redirect	if len(fp) > digits:
.softhouse/handoff/T58-promote-vectors.py	ext	128	redirect	"""'21.6' -> exact lowest-terms {27, 125}. Percent, so denominator x 100."""
.softhouse/handoff/T58-promote-vectors.py	ext	195	redirect	"Weakens the month-end re-anchor guard from dateDay >= 28 to dateDay > 28. The "
.softhouse/handoff/T58-promote-vectors.py	ext	196	redirect	"reference oracle's adjustDate fires on seedDay > 28 AND dateDay >= 28 "
.softhouse/handoff/T58-promote-vectors.py	ext	621	redirect	"lands on the 28th -- exactly the day the re-anchor guard's dateDay >= 28 admits and a > 28 "
.softhouse/handoff/T58-promote-vectors.py	ext	681	redirect	"transformation is exact textual major->minor scaling, and the oracle's own emitted "
.softhouse/handoff/T58-promote-vectors.py	ext	698	redirect	"transformation is exact textual major->minor scaling. Pass 3d is pass 3c's rig with a "
.softhouse/handoff/T58-transcription-audit.py	ext	5	redirect	share a line with T58-promote-vectors.py. Its major->minor converter is a second,
.softhouse/handoff/T58-transcription-audit.py	ext	67	redirect	"""A SECOND, INDEPENDENT converter. Decimal -> exact integer minor units.
.softhouse/handoff/T58-transcription-audit.py	ext	91	redirect	"""'21.6' percent -> the exact lowest-terms Fraction 27/125, via Fraction(Decimal)."""
.softhouse/handoff/T61-mutations.py	ext	126	redirect	[(EMI, """	if daysInMonth(p.from.Year, p.from.Month) == targetDay && seedDay > targetDay {
.softhouse/handoff/T61-mutations.py	ext	160	redirect	if c > 0 || (c == 0 && quo.Bit(0) == 1) {
.softhouse/handoff/T61-mutations.py	ext	183	redirect	if outstanding > totalDuePaidDiff {
.softhouse/handoff/T61-mutations.py	ext	211	redirect	[(EMI, "	return left.Cmp(threshold) > 0", "	return left.Cmp(threshold) >= 0")],
.softhouse/handoff/T61-mutations.py	ext	217	redirect	if adjustCounter > 3 {
.softhouse/handoff/T61-mutations.py	ext	221	redirect	if adjustCounter > 1 {
.softhouse/handoff/T61-mutations.py	ext	328	py-rmtree	os.remove(MARKER_PATH)
.softhouse/handoff/T61-mutations.py	ext	463	redirect	",".join(failed[:6]) + ("..." if len(failed) > 6 else "")))
.softhouse/handoff/T61-promote-vectors.py	ext	6	redirect	transformation applied to a money column is exact textual major -> minor scaling
.softhouse/handoff/T61-promote-vectors.py	ext	7	redirect	("18000.95" -> "1800095"), by integer string manipulation, with no float
.softhouse/handoff/T61-promote-vectors.py	ext	76	redirect	if len(fp) > digits:
.softhouse/handoff/T61-promote-vectors.py	ext	109	redirect	"currency quantization [Money.java:52, Money(currency, amount, mc) -> "
.softhouse/handoff/T61-promote-vectors.py	ext	309	redirect	"transformation is exact textual major->minor scaling, and the oracle's own "
.softhouse/handoff/T61-sweep/build-pass3f.py	ext	77	py-rmtree	os.unlink(tmp)
.softhouse/handoff/T61-sweep/emi-magnitude.py	ext	119	redirect	moves = "YES" if gap_minor >= dist and gap_minor > 0 else "no"
.softhouse/handoff/T61-sweep/run-sweep.py	ext	40	py-rmtree	shutil.rmtree(SCRATCH)
.softhouse/handoff/T61-sweep/run-sweep.py	ext	102	mv	mv = mut_map.get(k)
.softhouse/handoff/T61-sweep/run-sweep.py	ext	103	mv	if mv != v:
.softhouse/handoff/T61-sweep/run-sweep.py	ext	106	mv	for i, (a, b) in enumerate(zip(v.split(), (mv or "").split())):
.softhouse/handoff/T61-sweep/run-sweep.py	ext	121	py-rmtree	shutil.rmtree(SCRATCH, ignore_errors=True)
.softhouse/handoff/T61-transcription-audit.py	ext	46	redirect	if len(f) > digits:
.softhouse/handoff/T74-promote-vectors.py	ext	35	redirect	transformation is exact textual major -> minor scaling by integer string
.softhouse/handoff/T74-promote-vectors.py	ext	214	redirect	if len(fp) > digits:
.softhouse/handoff/T74-promote-vectors.py	ext	509	redirect	"only transformation is exact textual major->minor scaling, and the oracle's "
.softhouse/handoff/T8-promote-vectors.py	ext	5	redirect	The only transformation applied to an observed value is exact decimal -> minor-unit
.softhouse/handoff/T8-promote-vectors.py	ext	63	redirect	"""Exact major-unit decimal string -> integer minor-unit string. Textual only."""
.softhouse/handoff/T8-promote-vectors.py	ext	71	redirect	if len(fp) > digits:
.softhouse/handoff/T8-promote-vectors.py	ext	93	redirect	"""Annual nominal rate PERCENT text -> exact lowest-terms rational of the RATE."""
.softhouse/handoff/T8-promote-vectors.py	ext	144	redirect	"(2024-01-01 -> 2024-02-01) FIRST, then the DISBURSEMENT row dated 2024-02-01, then "
.softhouse/handoff/T8-promote-vectors.py	ext	231	redirect	"transformation is exact textual major->minor scaling (\"16.43\" -> \"1643\"), and "
.softhouse/handoff/T8-promote-vectors.py	ext	351	redirect	if worst is None or delta > worst[0]:
.softhouse/handoff/T8-promote-vectors.py	ext	423	redirect	"(2024-01-01 -> 2024-02-01, every money cell 0.00), index 1 = DISBURSEMENT "
.softhouse/handoff/T8-transcription-audit.py	ext	23	redirect	assert f.denominator == 1, "scale > 2 in %r" % text
.softhouse/handoff/T8-transcription-audit.py	ext	145	redirect	eq("invariant strictly increasing row %d" % i, key(r["due_date"]) > prev, True)
.softhouse/handoff/t203_store_guard.py	ext	65	redirect	(`<repo>/.softhouse/vectors`), and that is what the policy names - exactly
.softhouse/handoff/t203_store_guard.py	ext	96	truncate	3  refused - the target vector ALREADY EXISTS; writing would truncate it.
.softhouse/handoff/t203_store_guard.py	ext	180	py-rmtree	os.unlink(tmp)
.softhouse/handoff/t203_store_guard.py	ext	194	redirect	"""Create `<store_dir>/<filename>` containing `text`, or refuse.
.softhouse/handoff/t203_store_guard.py	ext	246	truncate	"  Writing it would truncate it (O_TRUNC) before the replacement "
.softhouse/reviews/A2-10-probe/adjudicate-rmf-brief-literal.sh	ext	20	rm	echo "--- brief-literal variant (reachable handler done right + rm -f kept) ---"
.softhouse/reviews/A2-10-probe/adjudicate-rmf-brief-literal.sh	ext	27	redirect	echo "export B A T CT"; } > "$d/env.sh"
.softhouse/reviews/A2-10-probe/adjudicate-rmf-brief-literal.sh	ext	28	redirect	printf '%s' "$STALE_BODY" > "$d/out/POISON.json"
.softhouse/reviews/A2-10-probe/adjudicate-rmf-brief-literal.sh	ext	29	redirect	printf '200\n' > "$d/out/POISON.status"
.softhouse/reviews/A2-10-probe/adjudicate-rmf-brief-literal.sh	ext	30	redirect	{ echo "POST /glaccounts"; echo "captured-at-utc: $STALE_TS"; } > "$d/out/POISON.http"
.softhouse/reviews/A2-10-probe/adjudicate-rmf-brief-literal.sh	ext	31	redirect	printf '{"x":1}' > "$d/req/b.json"
.softhouse/reviews/A2-10-probe/adjudicate-rmf-brief-literal.sh	ext	42	rm	echo "  out/POISON.json: *** DELETED by rm -f -- an EARLIER FIRE'S EVIDENCE, covered by MANIFEST.sha256 ***"
.softhouse/reviews/A2-10-probe/adjudicate-rmf-brief-literal.sh	ext	45	rm	rm -rf "$d"
.softhouse/reviews/A2-10-probe/adjudicate-rmf-counterfactual.sh	ext	15	redirect	/tmp/poison/cap-prefix.sh > /tmp/poison/cap-counterfactual.sh
.softhouse/reviews/A2-10-probe/adjudicate-rmf-counterfactual.sh	ext	17	rm	echo "--- counterfactual: the brief's fix (reachable handler + rm -f retained) ---"
.softhouse/reviews/A2-10-probe/adjudicate-rmf-counterfactual.sh	ext	18	rm	grep -n 'rc=\$?\|rc=0\|rm -f\|TRANSPORT' /tmp/poison/cap-counterfactual.sh
.softhouse/reviews/A2-10-probe/adjudicate-rmf-counterfactual.sh	ext	30	redirect	} > "$d/env.sh"
.softhouse/reviews/A2-10-probe/adjudicate-rmf-counterfactual.sh	ext	31	redirect	printf '%s' "$STALE_BODY" > "$d/out/POISON.json"
.softhouse/reviews/A2-10-probe/adjudicate-rmf-counterfactual.sh	ext	32	redirect	printf '200\n' > "$d/out/POISON.status"
.softhouse/reviews/A2-10-probe/adjudicate-rmf-counterfactual.sh	ext	35	redirect	echo "Authorization: Basic <mifos:password>"; echo "captured-at-utc: $STALE_TS"
.softhouse/reviews/A2-10-probe/adjudicate-rmf-counterfactual.sh	ext	36	redirect	} > "$d/out/POISON.http"
.softhouse/reviews/A2-10-probe/adjudicate-rmf-counterfactual.sh	ext	37	redirect	printf '{"x":1}' > "$d/req/b.json"
.softhouse/reviews/A2-10-probe/adjudicate-rmf-counterfactual.sh	ext	61	rm	report "$d" "$ec"; rm -rf "$d"
.softhouse/reviews/A2-10-probe/adjudicate-rmf-counterfactual.sh	ext	65	rm	d=$(seed /tmp/poison/cap-counterfactual.sh); rm -f "$d"/out/*
.softhouse/reviews/A2-10-probe/adjudicate-rmf-counterfactual.sh	ext	67	rm	report "$d" "$ec"; rm -rf "$d"
.softhouse/reviews/A2-10-probe/adjudicate-rmf-counterfactual.sh	ext	73	rm	report "$d" "$ec"; rm -rf "$d"
.softhouse/reviews/A2-10-probe/poison-d2-no-regression.py	ext	58	py-rmtree	shutil.rmtree(d, ignore_errors=True)
.softhouse/reviews/A2-10-probe/poison-d2-shell-matrix.sh	ext	20	redirect	} > "$d/env.sh"
.softhouse/reviews/A2-10-probe/poison-d2-shell-matrix.sh	ext	21	redirect	printf '%s' "$STALE_BODY" > "$d/out/POISON.json"
.softhouse/reviews/A2-10-probe/poison-d2-shell-matrix.sh	ext	22	redirect	printf '200\n' > "$d/out/POISON.status"
.softhouse/reviews/A2-10-probe/poison-d2-shell-matrix.sh	ext	26	redirect	echo "Authorization: Basic <mifos:password>"
.softhouse/reviews/A2-10-probe/poison-d2-shell-matrix.sh	ext	28	redirect	} > "$d/out/POISON.http"
.softhouse/reviews/A2-10-probe/poison-d2-shell-matrix.sh	ext	29	redirect	printf '{"x":1}' > "$d/req/b.json"
.softhouse/reviews/A2-10-probe/poison-d2-shell-matrix.sh	ext	37	rm	SKIP=$((SKIP+1)); printf '  skip    %-40s (shell refused the options)\n' "$desc"; rm -rf "$d"; return
.softhouse/reviews/A2-10-probe/poison-d2-shell-matrix.sh	ext	53	rm	rm -rf "$d"
.softhouse/reviews/A2-10-probe/poison-d2-shell-matrix.sh	ext	65	redirect	"$SH" "$d/cap.sh" "$@" >/dev/null 2>"$errf"; ec=$?
.softhouse/reviews/A2-10-probe/poison-d2-shell-matrix.sh	ext	67	redirect	"$SH" $OPTS "$d/cap.sh" "$@" >/dev/null 2>"$errf"; ec=$?
.softhouse/reviews/A2-10-probe/poison-d2-shell-matrix.sh	ext	70	rm	rm -f "$errf"
.softhouse/reviews/A2-10-probe/poison-d2-shell-matrix.sh	ext	77	redirect	if [ "$BRANCH" = body ]; then "$d/cap.sh" POISON POST /glaccounts req/b.json >/dev/null 2>"$errf"; ec=$?
.softhouse/reviews/A2-10-probe/poison-d2-shell-matrix.sh	ext	78	redirect	else "$d/cap.sh" POISON POST /glaccounts >/dev/null 2>"$errf"; ec=$?; fi
.softhouse/reviews/A2-10-probe/poison-d2-shell-matrix.sh	ext	79	rm	check "shebang ${BRANCH}" "$d" "$ec" "$errf"; rm -f "$errf"
.softhouse/reviews/A2-10-probe/poison-d2-transport-modes.py	ext	44	redirect	ts = m.group(1) if m else "<none>"
.softhouse/reviews/A2-10-probe/poison-d2-transport-modes.py	ext	49	redirect	body = open(d + "/out/POISON.json", "rb").read() if os.path.exists(d + "/out/POISON.json") else b"<absent>"
.softhouse/reviews/A2-10-probe/poison-d2-transport-modes.py	ext	52	redirect	st = open(d + "/out/POISON.status").read().strip() if os.path.exists(d + "/out/POISON.status") else "<absent>"
.softhouse/reviews/A2-10-probe/poison-d2-transport-modes.py	ext	58	py-rmtree	shutil.rmtree(d, ignore_errors=True)
.softhouse/reviews/A2-10-probe/poison-d2-transport-modes.py	ext	82	redirect	c.close()          # close mid-body -> curl exit 18
.softhouse/reviews/A2-10-probe/poison-d2-transport-modes.py	ext	97	redirect	print("B. CURL ABSENT (PATH stripped -> 127 from the command substitution)")
.softhouse/reviews/A2-10-probe/poison-d2-transport-modes.py	ext	109	tee	"pipeline to tee  || exit 1": 'sh "$D/cap.sh" POISON POST /glaccounts req/b.json | tee "$D/log" || exit 1\ncat "$D/out/POISON.json"\n',
.softhouse/reviews/A2-10-probe/poison-d2-transport-modes.py	ext	123	py-rmtree	shutil.rmtree(d, ignore_errors=True)
.softhouse/reviews/A2-10-probe/poison-d3-manifest.py	ext	55	py-rmtree	shutil.rmtree(d, ignore_errors=True)
.softhouse/reviews/A2-10-probe/poison-d3-manifest.py	ext	80	py-rmtree	os.remove(os.path.join(root, n))
.softhouse/reviews/A2-10-probe/poison-d3-manifest.py	ext	130	redirect	attack("(d) manifest.py NEUTERS its own verify() -> sys.exit(0)", poison_self_neuter)
.softhouse/reviews/A2-10-probe/poison-d3-manifest.py	ext	139	py-rmtree	os.remove(os.path.join(d, "out", "A2-020-real.json"))
.softhouse/reviews/A2-10-probe/poison-d3-manifest.py	ext	143	py-rmtree	os.remove(os.path.join(d, "out", "attempt1-A2-001.json"))
.softhouse/reviews/A2-10-probe/poison-d3-manifest.py	ext	147	py-rmtree	os.remove(os.path.join(d, "FLAGGED-NOT-REPRODUCIBLE.txt"))
.softhouse/reviews/A2-10-probe/poison-d3-symlink.py	ext	47	redirect	"symlink FILE into out/ -> payload outside the capture dir":
.softhouse/reviews/A2-10-probe/poison-d3-symlink.py	ext	50	redirect	"symlink DIR  as out/sub -> payload dir outside the capture dir":
.softhouse/reviews/A2-10-probe/poison-d3-symlink.py	ext	53	py-rmtree	lambda d: (os.remove(os.path.join(d, "out", "A2-020-real.json")),
.softhouse/reviews/A2-10-probe/poison-d3-symlink.py	ext	84	py-rmtree	shutil.rmtree(d, ignore_errors=True)
.softhouse/reviews/A2-10-probe/poison-d3-symlink.py	ext	87	py-rmtree	shutil.rmtree(PAYLOAD, ignore_errors=True)
.softhouse/reviews/A2-10-probe/reissue-a2-4-corpus-property.py	ext	67	redirect	print("committed capture dir manifest verify after the re-issue -> exit", p.returncode)
.softhouse/reviews/A2-10-probe/reissue-a2-4-corpus-property.py	ext	70	py-rmtree	shutil.rmtree(sand, ignore_errors=True)
.softhouse/reviews/A2-11/check-shape.py	ext	54	redirect	check(f"    {w} (write, id {req[w]}) -> {r} (read)", am[r]["id"] == req[w],
.softhouse/reviews/A2-11/check-shape.py	ext	77	redirect	check(f"  {coll} present and null", coll in p46 and p46[coll] is None, repr(p46.get(coll, "<absent>")))
.softhouse/reviews/A2-11/enumerate-corpus.py	ext	40	redirect	by_ext = Counter(p.rsplit(".", 1)[-1] if "." in p.rsplit("/", 1)[-1] else "<no-ext>" for p in paths)
.softhouse/reviews/A2-11/prove-a2-7-guards-are-falsifiable.py	ext	41	py-rmtree	shutil.rmtree(d)
.softhouse/reviews/A2-11/prove-a2-7-guards-are-falsifiable.py	ext	45	py-rmtree	shutil.rmtree(d)
.softhouse/reviews/A2-11/prove-a2-7-guards-are-falsifiable.py	ext	62	redirect	print("  mkreq7.py's abort line:", (m.group(0).strip() if m else "<not found>"))
.softhouse/reviews/A2-11/prove-a2-7-guards-are-falsifiable.py	ext	74	redirect	r.returncode != 0 and n_fail > 0, "exit=%d fails=%d" % (r.returncode, n_fail))
.softhouse/reviews/A2-11/prove-a2-7-guards-are-falsifiable.py	ext	91	redirect	r.returncode != 0 and n_fail > 0, "exit=%d fails=%d" % (r.returncode, n_fail))
.softhouse/reviews/A2-11/prove-resolve7-float-red.py	ext	56	py-rmtree	os.remove(o)
.softhouse/reviews/A2-11/prove-resolve7-float-red.py	ext	82	redirect	print("  template 4057599.35 -> emitted %s  (rc=%d)" % (got, rc))
.softhouse/reviews/A2-11/prove-resolve7-float-red.py	ext	110	redirect	len(differed) > 0,
.softhouse/reviews/A2-11/prove-resolve7-float-red.py	ext	115	py-rmtree	shutil.rmtree(d)
.softhouse/reviews/A2-11/re-derive-runtime.sh	ext	26	rm	if [ $rc -ne 0 ]; then echo "TRANSPORT FAILURE rc=$rc on $path" >&2; rm -f "$OUT/$name.json"; exit 1; fi
.softhouse/reviews/A2-11/re-derive-runtime.sh	ext	27	redirect	printf '%s' "$code" > "$OUT/$name.status"
.softhouse/reviews/A2-11/re-derive-runtime.sh	ext	28	redirect	echo "POST $path -> $code"
.softhouse/reviews/A2-11/re-derive-runtime.sh	ext	57	redirect	echo "$LOAN" > "$OUT/a2-11-loan-id.txt"
.softhouse/reviews/A2-11/re-observe.sh	ext	19	rm	if [ $rc -ne 0 ]; then echo "TRANSPORT FAILURE rc=$rc on $path" >&2; rm -f "$OUT/$name.json"; return 1; fi
.softhouse/reviews/A2-11/re-observe.sh	ext	20	redirect	printf '%s' "$code" > "$OUT/$name.status"
.softhouse/reviews/A2-11/re-observe.sh	ext	21	redirect	echo "GET $path -> $code  bytes=$(wc -c < "$OUT/$name.json" | tr -d ' ')  sha256=$(shasum -a 256 < "$OUT/$name.json" | cut -d' ' -f1)"
.softhouse/reviews/A2-11/re-observe.sh	ext	28	rm	if [ $rc -ne 0 ]; then echo "TRANSPORT FAILURE rc=$rc on $path" >&2; rm -f "$OUT/$name.json"; return 1; fi
.softhouse/reviews/A2-11/re-observe.sh	ext	29	redirect	printf '%s' "$code" > "$OUT/$name.status"
.softhouse/reviews/A2-11/re-observe.sh	ext	30	redirect	echo "POST $path -> $code  bytes=$(wc -c < "$OUT/$name.json" | tr -d ' ')  sha256=$(shasum -a 256 < "$OUT/$name.json" | cut -d' ' -f1)"
.softhouse/reviews/A2-11/re-observe.sh	ext	34	tee	curl -sk --max-time 20 https://localhost:8443/fineract-provider/actuator/health | tee "$OUT/a2-11-health.txt"; echo
.softhouse/reviews/A2-11/run-all.sh	ext	37	tee	} 2>&1 | tee "$DIR/TRANSCRIPT-A2-11.txt"
.softhouse/reviews/A2-11/verify-double-entry-minor-units.py	ext	36	redirect	"""'1200000.000000' -> 120000000 (int). Refuses anything with sub-minor-unit residue.
.softhouse/reviews/T135-evidence/blast-discriminate.sh	ext	22	redirect	echo "=> the witness triple is 000 / 001 when nothing was scanned and 111 when it was."
.softhouse/reviews/T135-evidence/charges-attack-expect-override.sh	ext	5	redirect	cat > /tmp/t135/charges/stub/curl <<'EOF'
.softhouse/reviews/T135-evidence/charges-attack-expect-override.sh	ext	19	redirect	sh "$f" gerege > /tmp/t135/charges/d-$lbl.out 2> /tmp/t135/charges/d-$lbl.err
.softhouse/reviews/T135-evidence/charges-attack-live.sh	ext	12	redirect	CANARY_REQ=$MUT sh "$f" gerege > /tmp/t135/charges/b-$lbl.out 2> /tmp/t135/charges/b-$lbl.err
.softhouse/reviews/T135-evidence/charges-attack-live.sh	ext	23	redirect	cat > /tmp/t135/charges/stub/curl <<'EOF'
.softhouse/reviews/T135-evidence/charges-attack-live.sh	ext	36	redirect	sh "$f" gerege > /tmp/t135/charges/c-$lbl.out 2> /tmp/t135/charges/c-$lbl.err
.softhouse/reviews/T135-evidence/f1-attack.sh	ext	12	redirect	printf '#!/bin/sh\necho "STUB: refusing (T135 hermetic F-1 probe)" >&2\nexit 1\n' > /tmp/t135/f1/bin/docker
.softhouse/reviews/T135-evidence/f1-attack.sh	ext	18	redirect	[ -f "$D/out/recapture-default/CAPTURED-FROM-TENANT" ] || printf 'default\n' > "$D/out/recapture-default/CAPTURED-FROM-TENANT"
.softhouse/reviews/T135-evidence/f1-attack.sh	ext	19	rm	rm -f "$D/out/midlink"; ln -s recapture-default "$D/out/midlink"
.softhouse/reviews/T135-evidence/f1-attack.sh	ext	21	rm	rm -f "$W/evil-task"; ln -s /tmp/t135/f1/outside-$SIDE "$W/evil-task"
.softhouse/reviews/T135-evidence/f1-attack.sh	ext	29	redirect	*"### tenant 'gerege'  ->  output directory"*)      v="ADMITTED" ;;
.softhouse/reviews/T135-evidence/f1-attest-attack.sh	ext	7	redirect	[ -f "$D/out/recapture-default/CAPTURED-FROM-TENANT" ] || printf 'default\n' > "$D/out/recapture-default/CAPTURED-FROM-TENANT"
.softhouse/reviews/T135-evidence/f1-attest-attack.sh	ext	8	rm	rm -f "$D/out/midlink"; ln -s recapture-default "$D/out/midlink"
.softhouse/reviews/T135-evidence/f1-attest-attack.sh	ext	10	rm	rm -f "$W/evil-task"; ln -s /tmp/t135/f1/outside-$SIDE "$W/evil-task"
.softhouse/reviews/T135-evidence/f2-canary-digests.sh	ext	7	redirect	sed 's/"principal": 1162502.5,/"principal": 1162502.55,/' "$SRC" > "$MUT"
.softhouse/reviews/T135-evidence/f2-canary-digests.sh	ext	9	redirect	echo "mutated copy:     $MUT  (one character: 1162502.5 -> 1162502.55)"
.softhouse/reviews/T135-evidence/f2-clever-liar.sh	ext	12	redirect	cat > "$P/liar" <<'EOF'
.softhouse/reviews/T135-evidence/f2-tooldir-writability.sh	ext	18	rm	if touch /sbin/.t135-probe 2>/dev/null; then echo "  YES — /sbin IS writable"; rm -f /sbin/.t135-probe; else echo "  no"; fi
.softhouse/reviews/T135-evidence/f2-tooldir-writability.sh	ext	19	rm	if touch /usr/local/bin/.t135-probe 2>/dev/null; then echo "  /usr/local/bin: YES — writable (so its exclusion from the table is CORRECT)"; rm -f /usr/local/bin/.t135-probe; else e
.softhouse/reviews/T135-evidence/f2-tooldir-writability.sh	ext	20	rm	if touch /opt/homebrew/bin/.t135-probe 2>/dev/null; then echo "  /opt/homebrew/bin: YES — writable (exclusion CORRECT)"; rm -f /opt/homebrew/bin/.t135-probe; else echo "  /opt/home
.softhouse/reviews/T135-evidence/f3-check.sh	ext	15	rm	rm -rf /tmp/t135/f3/$side
.softhouse/reviews/T135-evidence/f3-check.sh	ext	26	redirect	printf 'nothing to see here\n' > /tmp/t135/f3/$side/t80/out/attack-decoy1.txt
.softhouse/reviews/T135-evidence/f3-check.sh	ext	27	redirect	printf 'nor here\n' > /tmp/t135/f3/$side/t80/out/attack-decoy2.txt
.softhouse/reviews/T135-evidence/f3-check.sh	ext	37	redirect	> /tmp/t135/f3/$side/t80/out/attack-planted.txt
.softhouse/reviews/T135-evidence/f4-check.sh	ext	6	rm	rm -rf /tmp/t135/f4 && mkdir -p /tmp/t135/f4
.softhouse/reviews/T135-evidence/f4-check.sh	ext	8	mv	mv /tmp/t135/f4/.softhouse/capture/pathb "$B"
.softhouse/reviews/T135-evidence/f4-check.sh	ext	25	rm	cp "$s" /tmp/t135/f4/save2; rm -f "$s"
.softhouse/reviews/T135-evidence/f4-check.sh	ext	30	rm	printf 'gerege\n' > "$s2"; run "stamp forged onto t36/out/recapture-gerege"; rm -f "$s2"
.softhouse/reviews/T135-evidence/f4-check.sh	ext	33	redirect	mkdir -p "$B/t36/out/smuggled-gerege"; printf '{"x":1}\n' > "$B/t36/out/smuggled-gerege/S-01-raw.json"
.softhouse/reviews/T135-evidence/f4-check.sh	ext	34	rm	run "smuggled directory"; rm -rf "$B/t36/out/smuggled-gerege"
.softhouse/reviews/T135-evidence/f4-check.sh	ext	37	rm	cp "$f" /tmp/t135/f4/save5; rm -f "$f"; run "capture file removed"; cp /tmp/t135/f4/save5 "$f"
.softhouse/reviews/T135-evidence/f4-check.sh	ext	40	rm	cp "$B/PROVENANCE-INDEX.json" /tmp/t135/f4/save6; rm -f "$B/PROVENANCE-INDEX.json"
.softhouse/reviews/T135-evidence/f5-container-gone.sh	ext	6	redirect	sh preconditions.sh gerege > /tmp/t135/f5/$side.gone.out 2> /tmp/t135/f5/$side.gone.err
.softhouse/reviews/T135-evidence/f5-deadtool.sh	ext	4	redirect	PATH=/tmp/t135/f5/bin:$PATH sh preconditions.sh gerege > /tmp/t135/f5/$side.out 2> /tmp/t135/f5/$side.err
.softhouse/reviews/T135-evidence/f5-live.sh	ext	5	redirect	CANARY_REQ=$base/t22-audit/req/calc-pmode2-gerege.json sh preconditions.sh gerege > /tmp/t135/f5/$side.live.out 2> /tmp/t135/f5/$side.live.err
.softhouse/reviews/T135-evidence/f5-positive-control.sh	ext	6	redirect	sh preconditions.sh gerege > /tmp/t135/f5/$side.pc.out 2> /tmp/t135/f5/$side.pc.err
.softhouse/reviews/T135-evidence/f6-prove-f1-predicate.sh	ext	10	rm	rm -rf "$P/$ATTACK"
.softhouse/reviews/T135-evidence/f6-prove-f4-abort.sh	ext	6	redirect	T99_PREFIX_REF=352f623 T99_EXPORT_ROOT=/tmp/t135/f6/f4a sh "$T/prove-f4.sh" > /tmp/t135/f6/f4a.txt 2>&1
.softhouse/reviews/T135-evidence/f6-prove-f4-abort.sh	ext	11	redirect	T99_EXPORT_ROOT=/tmp/t135/f6/f4b sh "$T/prove-f4.sh" > /tmp/t135/f6/f4b.txt 2>&1
.softhouse/reviews/T135-evidence/f6-runall-red.sh	ext	11	redirect	git -C "$C" show 38c8b5f:.softhouse/capture/pathb/t99/run-all.sh > /tmp/t135/f6/runall-prefix.sh
.softhouse/reviews/T135-evidence/p24-microfix-check.sh	ext	8	redirect	T99_EXPORT_ROOT=/tmp/t135/merge/y-$f sh "$T/prove-$f.sh" > /tmp/t135/merge/y$f.txt 2>&1
.softhouse/reviews/T135-evidence/p24-microfix-check.sh	ext	9	redirect	echo "  prove-$f.sh -> exit $?"
.softhouse/reviews/T135-evidence/p24-scratch-merge.sh	ext	4	rm	rm -rf /tmp/t135/merge/clone
.softhouse/reviews/T135-evidence/p24-scratch-merge.sh	ext	20	redirect	T99_EXPORT_ROOT=/tmp/t135/merge/x-$f sh "$T/prove-$f.sh" > /tmp/t135/merge/$f.txt 2>&1
.softhouse/reviews/T135-evidence/p24-scratch-merge.sh	ext	21	redirect	echo "  prove-$f.sh -> exit $?"
.softhouse/reviews/T135-evidence/sweep-missprobe.sh	ext	14	redirect	printf '' > /tmp/t135/missprobe/scan.txt
.softhouse/reviews/T138-evidence/r1-mf1.sh	ext	33	rm	rm -rf "$1"; mkdir -p "$1"
.softhouse/reviews/T138-evidence/r1-mf1.sh	ext	37	redirect	echo 'truncated, nothing was ever run' > "$1/$b.txt"
.softhouse/reviews/T138-evidence/r1-mf1.sh	ext	60	rm	rm -rf "$W/g-$d"; cp -R "$W/pre/.softhouse/capture/t91/out/$d" "$W/g-$d"; chmod -R u+w "$W/g-$d"
.softhouse/reviews/T138-evidence/r1-mf1.sh	ext	63	redirect	sh "$POSTV" "$W/g-$d" >/dev/null 2>&1; echo "EXIT=$?"
.softhouse/reviews/T138-evidence/r1-mf1.sh	ext	73	rm	rm -rf "$W/gp-$d"; cp -R "$W/post/.softhouse/capture/t91/out/$d" "$W/gp-$d"; chmod -R u+w "$W/gp-$d"
.softhouse/reviews/T138-evidence/r1-mf1.sh	ext	74	redirect	sh "$POSTV" "$W/gp-$d" >/dev/null 2>&1
.softhouse/reviews/T138-evidence/r1-mf1.sh	ext	87	redirect	ls "$d"/A*.txt >/dev/null 2>&1 || continue
.softhouse/reviews/T138-evidence/r1-mf1.sh	ext	88	rm	rm -rf "$W/sh-$tree-$b"; cp -R "$d" "$W/sh-$tree-$b"; chmod -R u+w "$W/sh-$tree-$b"
.softhouse/reviews/T138-evidence/r1-mf1.sh	ext	103	rm	rm -rf "$W/bare"; cp -R "$W/pre/.softhouse/capture/t91/out/postfix-livetwin-sh" "$W/bare" 2>/dev/null \
.softhouse/reviews/T138-evidence/r1-mf1.sh	ext	107	redirect	echo '5' > "$W/bare/A2a-mutated-canary-gerege.txt"
.softhouse/reviews/T138-evidence/r1-mf1.sh	ext	111	redirect	case "$st" in ''|*[!0-9]*) echo "   value test: shape=bad" ;; *) echo "   value test: shape=OK, st=$st -> BREACH row scores OK (vacuous pass)" ;; esac
.softhouse/reviews/T138-evidence/r1-mf1.sh	ext	114	redirect	sh "$POSTV" "$W/bare" >/dev/null 2>&1; echo "EXIT=$?"
.softhouse/reviews/T138-evidence/r1-mf1.sh	ext	117	rm	rm -rf "$W/bare2"; cp -R "$W/bare" "$W/bare2"
.softhouse/reviews/T138-evidence/r1-mf1.sh	ext	119	redirect	sh "$PREV" "$W/bare2" >/dev/null 2>&1; echo "PRE_EXIT=$?"
.softhouse/reviews/T138-evidence/r12-grep.sh	ext	5	rm	D=/tmp/T138-grep; rm -rf "$D"; mkdir -p "$D"
.softhouse/reviews/T138-evidence/r12-grep.sh	ext	46	redirect	echo "   the poison is inserted at b[:j] + FFFE + b[j:]  ->  AFTER the match, same line."
.softhouse/reviews/T138-evidence/r12-grep.sh	ext	48	redirect	echo "   => G-4's probe cannot produce the BSD silent miss at all (P-33's rule:"
.softhouse/reviews/T138-evidence/r13-vb.sh	ext	7	rm	D=/tmp/T138-vb; rm -rf "$D"; mkdir -p "$D/dead"
.softhouse/reviews/T138-evidence/r13-vb.sh	ext	28	redirect	} > "$D/dead/$n.txt"
.softhouse/reviews/T138-evidence/r13-vb.sh	ext	41	inplace-edit	LC_ALL=C sed -i.bak 's|^A7-symlinked-canary.txt|BREACH|A7-symlinked-canary.txt|BREACH|' "$D/verdict-A7-breach.sh" 2>/dev/null
.softhouse/reviews/T138-evidence/r13-vb.sh	ext	42	inplace-edit	LC_ALL=C sed -i.bak2 's|^A7-symlinked-canary.txt\|CLEAN\|PINNED|A7-symlinked-canary.txt\|BREACH\|PINNED|' "$D/verdict-A7-breach.sh"
.softhouse/reviews/T138-evidence/r13-vb.sh	ext	43	rm	rm -f "$D"/verdict-A7-breach.sh.bak*
.softhouse/reviews/T138-evidence/r13-vb.sh	ext	45	redirect	sh "$D/verdict-A7-breach.sh" "$D/dead" | tail -6; sh "$D/verdict-A7-breach.sh" "$D/dead" >/dev/null 2>&1; echo "EXIT=$?"
.softhouse/reviews/T138-evidence/r13-vb.sh	ext	49	redirect	echo "C. the counterfactual that matters: ALL THREE CLEAN rows -> BREACH"
.softhouse/reviews/T138-evidence/r13-vb.sh	ext	53	inplace-edit	LC_ALL=C sed -i.bak "s|^$r.txt|CLEAN|$r.txt|BREACH|" "$D/verdict-all-breach.sh" 2>/dev/null
.softhouse/reviews/T138-evidence/r13-vb.sh	ext	54	inplace-edit	LC_ALL=C sed -i.bak2 "s|^$r.txt\\|CLEAN\\||$r.txt\\|BREACH\\||" "$D/verdict-all-breach.sh"
.softhouse/reviews/T138-evidence/r13-vb.sh	ext	56	rm	rm -f "$D"/verdict-all-breach.sh.bak*
.softhouse/reviews/T138-evidence/r14-g4fix.sh	ext	11	rm	rm -rf "$1"
.softhouse/reviews/T138-evidence/r14-g4fix.sh	ext	16	inplace-edit	LC_ALL=C sed -i.bak \
.softhouse/reviews/T138-evidence/r14-g4fix.sh	ext	20	inplace-edit	LC_ALL=C sed -i.bak2 \
.softhouse/reviews/T138-evidence/r14-g4fix.sh	ext	22	rm	rm -f "$P".bak*
.softhouse/reviews/T138-evidence/r14-g4fix.sh	ext	33	redirect	(cd /tmp/T138-g4fix && sh .softhouse/capture/t91/prove-guards.sh >/dev/null 2>&1); echo "SCRIPT_EXIT=$?"
.softhouse/reviews/T138-evidence/r14-g4fix.sh	ext	38	inplace-edit	LC_ALL=C sed -i.bak 's|if LC_ALL=C grep -aqF "\$S" "\$f"; then c=YES; else c=no; fi|c=no  # T138 mutation: scanner blinded|' "$V"
.softhouse/reviews/T138-evidence/r14-g4fix.sh	ext	39	rm	rm -f "$V.bak"
.softhouse/reviews/T138-evidence/r14-g4fix.sh	ext	42	redirect	(cd /tmp/T138-g4fix-blind && sh .softhouse/capture/t91/prove-guards.sh >/dev/null 2>&1); echo "SCRIPT_EXIT=$?"
.softhouse/reviews/T138-evidence/r14-g4fix.sh	ext	47	inplace-edit	LC_ALL=C sed -i.bak 's|if LC_ALL=C grep -aqF "\$S" "\$f"; then c=YES; else c=no; fi|if LANG=en_US.UTF-8 LC_ALL=en_US.UTF-8 /usr/bin/grep -aqF "$S" "$f"; then c=YES; else c=no; fi  
.softhouse/reviews/T138-evidence/r14-g4fix.sh	ext	48	rm	rm -f "$V.bak"
.softhouse/reviews/T138-evidence/r14-g4fix.sh	ext	52	redirect	(cd /tmp/T138-g4fix-nolc && sh .softhouse/capture/t91/prove-guards.sh >/dev/null 2>&1); echo "SCRIPT_EXIT=$?"
.softhouse/reviews/T138-evidence/r14-g4fix.sh	ext	56	rm	rm -rf "$D"; git clone --quiet --no-hardlinks --shared "$C" "$D"
.softhouse/reviews/T138-evidence/r14-g4fix.sh	ext	59	inplace-edit	LC_ALL=C sed -i.bak 's|if LC_ALL=C grep -aqF "\$S" "\$f"; then c=YES; else c=no; fi|if LANG=en_US.UTF-8 LC_ALL=en_US.UTF-8 /usr/bin/grep -aqF "$S" "$f"; then c=YES; else c=no; fi  
.softhouse/reviews/T138-evidence/r14-g4fix.sh	ext	60	rm	rm -f "$V.bak"
.softhouse/reviews/T138-evidence/r14-g4fix.sh	ext	63	redirect	(cd "$D" && sh .softhouse/capture/t91/prove-guards.sh >/dev/null 2>&1); echo "SCRIPT_EXIT=$?"
.softhouse/reviews/T138-evidence/r14b-g4fix.sh	ext	10	rm	rm -rf "$1"
.softhouse/reviews/T138-evidence/r14b-g4fix.sh	ext	62	redirect	(cd "$1" && sh .softhouse/capture/t91/prove-guards.sh >/dev/null 2>&1); echo "    SCRIPT_EXIT=$?"
.softhouse/reviews/T138-evidence/r15-vbfix.sh	ext	12	redirect	ls "$d"/A*.txt >/dev/null 2>&1 || continue
.softhouse/reviews/T138-evidence/r15-vbfix.sh	ext	29	redirect	if ! LC_ALL=C grep -alF "$S" "$D"/A*.txt >/dev/null 2>&1; then
.softhouse/reviews/T138-evidence/r15-vbfix.sh	ext	43	redirect	ls "$d"/A*.txt >/dev/null 2>&1 || continue
.softhouse/reviews/T138-evidence/r15-vbfix.sh	ext	44	rm	t=/tmp/T138-vb-$tree-$b; rm -rf "$t"; cp -R "$d" "$t"; chmod -R u+w "$t"
.softhouse/reviews/T138-evidence/r15-vbfix.sh	ext	45	redirect	sh "$W/post/.softhouse/capture/t91/verdict.sh" "$t" >/dev/null 2>&1; a=$?
.softhouse/reviews/T138-evidence/r15-vbfix.sh	ext	46	redirect	sh "$V" "$t" >/dev/null 2>&1; c=$?
.softhouse/reviews/T138-evidence/r15-vbfix.sh	ext	53	redirect	sh "$W/post/.softhouse/capture/t91/verdict.sh" /tmp/T138-vb/dead >/dev/null 2>&1; echo "   shipped exit=$?  (accidental: 3 CLEAN rows)"
.softhouse/reviews/T138-evidence/r15-vbfix.sh	ext	55	redirect	sh "$V" /tmp/T138-vb/dead >/dev/null 2>&1; echo "   patched exit=$?  (deliberate)"
.softhouse/reviews/T138-evidence/r15-vbfix.sh	ext	70	redirect	sh "$P" /tmp/T138-vb/dead >/dev/null 2>&1; echo "   patched+retyped exit=$?  (was 0 before the assertion)"
.softhouse/reviews/T138-evidence/r1b-mf1-red.sh	ext	19	rm	rm -rf "$d"; mkdir -p "$d"
.softhouse/reviews/T138-evidence/r1b-mf1-red.sh	ext	22	redirect	for b in $BREACH; do echo 'truncated, nothing was ever run' > "$d/$b.txt"; done
.softhouse/reviews/T138-evidence/r1b-mf1-red.sh	ext	25	redirect	sh "$v" "$d" > "$d.out" 2>&1; rc=$?
.softhouse/reviews/T138-evidence/r2-va.sh	ext	16	rm	rm -rf "$d"; mkdir -p "$d"
.softhouse/reviews/T138-evidence/r2-va.sh	ext	33	rm	rm -rf "$d"; mkdir -p "$d"
.softhouse/reviews/T138-evidence/r2-va.sh	ext	36	redirect	sh "$PREV" "$d" >/dev/null 2>&1; echo "EXIT=$?"
.softhouse/reviews/T138-evidence/r3-vcef.sh	ext	16	rm	rm -rf "$W/vc"; mkdir -p "$W/vc"
.softhouse/reviews/T138-evidence/r3-vcef.sh	ext	17	redirect	LC_ALL=C sed 's/"principal": 1162502.5,/"principal": 1162502.50,/' "$CANON" > "$W/vc/canon-reformatted.json"
.softhouse/reviews/T138-evidence/r3-vcef.sh	ext	18	redirect	echo "reformatted (1162502.5 -> 1162502.50) sha256: $(shasum -a 256 "$W/vc/canon-reformatted.json" | cut -d' ' -f1)"
.softhouse/reviews/T138-evidence/r3-vcef.sh	ext	20	redirect	sed 's/"principal": 1162502.5,/"principal": 1162502.55,/' "$W/vc/canon-reformatted.json" > "$W/vc/req-mutated-55.json"
.softhouse/reviews/T138-evidence/r3-vcef.sh	ext	21	redirect	sed 's/"principal": 1162502.5,/"principal": 1162502.4,/'  "$W/vc/canon-reformatted.json" > "$W/vc/req-crafted-04.json"
.softhouse/reviews/T138-evidence/r3-vcef.sh	ext	48	rm	rm -rf "$W/ve"; mkdir -p "$W/ve/z-sh" "$W/ve/z-bash"
.softhouse/reviews/T138-evidence/r3-vcef.sh	ext	49	redirect	printf 'header\nEXIT=0\n' > "$W/ve/z-sh/A1.txt"
.softhouse/reviews/T138-evidence/r3-vcef.sh	ext	50	redirect	printf 'header\nEXIT=0\n' > "$W/ve/z-bash/A1.txt"
.softhouse/reviews/T138-evidence/r3-vcef.sh	ext	51	redirect	printf 'TOTALLY DIFFERENT CONTENT\nALL PRECONDITIONS HOLD\nEXIT=0\n' > "$W/ve/z-bash/A2.txt"
.softhouse/reviews/T138-evidence/r3-vcef.sh	ext	58	rm	rm -rf "$W/ve2"; mkdir -p "$W/ve2/z-sh" "$W/ve2/z-bash"
.softhouse/reviews/T138-evidence/r3-vcef.sh	ext	59	redirect	printf 'header\nEXIT=0\n' > "$W/ve2/z-sh/A1.txt"
.softhouse/reviews/T138-evidence/r3-vcef.sh	ext	60	redirect	printf 'header\nEXIT=0\n' > "$W/ve2/z-bash/A1.txt"
.softhouse/reviews/T138-evidence/r3-vcef.sh	ext	61	redirect	printf 'X\nEXIT=0\n' > "$W/ve2/z-sh/A2.txt"
.softhouse/reviews/T138-evidence/r3-vcef.sh	ext	67	rm	rm -rf "$W/vf"; mkdir -p "$W/vf/z-sh" "$W/vf/z-bash"
.softhouse/reviews/T138-evidence/r3-vcef.sh	ext	68	redirect	printf 'AAA\nEXIT=0\n' > "$W/vf/z-sh/A1.txt"
.softhouse/reviews/T138-evidence/r3-vcef.sh	ext	69	redirect	printf 'BBB DIFFERENT\nEXIT=1\n' > "$W/vf/z-bash/A1.txt"
.softhouse/reviews/T138-evidence/r3-vcef.sh	ext	74	redirect	printf 'STALE\n' > "$W/vf/.inv-a"; printf 'STALE\n' > "$W/vf/.inv-b"
.softhouse/reviews/T138-evidence/r3-vcef.sh	ext	93	redirect	command -v ugrep >/dev/null 2>&1 && echo "   yes: $(command -v ugrep)" || echo "   no — the else-branch is the one that runs here"
.softhouse/reviews/T138-evidence/r3b-vf.sh	ext	12	rm	rm -rf "$1"; mkdir -p "$1/z-sh" "$1/z-bash"
.softhouse/reviews/T138-evidence/r3b-vf.sh	ext	13	redirect	printf 'AAA\nEXIT=0\n' > "$1/z-sh/A1.txt"
.softhouse/reviews/T138-evidence/r3b-vf.sh	ext	14	redirect	printf 'BBB DIFFERENT\nEXIT=1\n' > "$1/z-bash/A1.txt"
.softhouse/reviews/T138-evidence/r3b-vf.sh	ext	23	redirect	echo "   -> the redirect cannot CREATE the file; diff has no input; fail-closed (false DIFFERS)."; echo
.softhouse/reviews/T138-evidence/r3b-vf.sh	ext	26	redirect	mk "$W/vf2"; printf 'STALE\n' > "$W/vf2/.inv-a"; printf 'STALE\n' > "$W/vf2/.inv-b"
.softhouse/reviews/T138-evidence/r3b-vf.sh	ext	29	redirect	echo "   -> redirect to an EXISTING writable file succeeds; the difference IS caught."; echo
.softhouse/reviews/T138-evidence/r3b-vf.sh	ext	32	redirect	mk "$W/vf3"; printf 'STALE\n' > "$W/vf3/.inv-a"; printf 'STALE\n' > "$W/vf3/.inv-b"
.softhouse/reviews/T138-evidence/r3b-vf.sh	ext	45	redirect	mk "$W/vf4"; printf 'STALE\n' > "$W/vf4/.inv-a"; printf 'STALE\n' > "$W/vf4/.inv-b"
.softhouse/reviews/T138-evidence/r3b-vf.sh	ext	49	redirect	echo "   -> a read-only \$O is NOT required; read-only SCRATCH FILES are enough."
.softhouse/reviews/T138-evidence/r4-guards-red.sh	ext	12	rm	rm -rf "$X"; mkdir -p "$X"
.softhouse/reviews/T138-evidence/r4-guards-red.sh	ext	17	redirect	sh "$X/.softhouse/capture/t91/prove-guards.sh" >/dev/null 2>&1; echo "POST_EXIT=$?"
.softhouse/reviews/T138-evidence/r4-guards-red.sh	ext	21	rm	rm -rf "$Y"; mkdir -p "$Y"
.softhouse/reviews/T138-evidence/r4-guards-red.sh	ext	24	redirect	sh "$Y/.softhouse/capture/t91/prove-guards.sh" >/dev/null 2>&1; echo "PRE_EXIT=$?"
.softhouse/reviews/T138-evidence/r4-guards-red.sh	ext	31	rm	rm -rf "$N"
.softhouse/reviews/T138-evidence/r4-guards-red.sh	ext	34	redirect	printf '#!/bin/sh\nexit 0\n' > "$N/.softhouse/capture/t91/verdict.sh"
.softhouse/reviews/T138-evidence/r4-guards-red.sh	ext	38	redirect	(cd "$N" && sh .softhouse/capture/t91/prove-guards.sh >/dev/null 2>&1); echo "POST_EXIT=$?"
.softhouse/reviews/T138-evidence/r4-guards-red.sh	ext	42	rm	rm -rf "$P"
.softhouse/reviews/T138-evidence/r4-guards-red.sh	ext	45	redirect	printf '#!/bin/sh\nexit 0\n' > "$P/.softhouse/capture/t91/verdict.sh"
.softhouse/reviews/T138-evidence/r4-guards-red.sh	ext	48	redirect	(cd "$P" && sh .softhouse/capture/t91/prove-guards.sh >/dev/null 2>&1); echo "PRE_EXIT=$?"
.softhouse/reviews/T138-evidence/r4-guards-red.sh	ext	60	rm	rm -rf "$M"
.softhouse/reviews/T138-evidence/r4-guards-red.sh	ext	65	inplace-edit	LC_ALL=C sed -i.bak 's|if LC_ALL=C grep -aqF "\$S" "\$f"; then c=YES; else c=no; fi|c=no  # T138 mutation: scanner blinded|' "$V"
.softhouse/reviews/T138-evidence/r4-guards-red.sh	ext	66	rm	rm -f "$V.bak"
.softhouse/reviews/T138-evidence/r4-guards-red.sh	ext	72	redirect	(cd "$M" && sh .softhouse/capture/t91/prove-guards.sh >/dev/null 2>&1); echo "WHOLE_SCRIPT_EXIT=$?"
.softhouse/reviews/T138-evidence/r4-guards-red.sh	ext	82	rm	rm -rf "$K"
.softhouse/reviews/T138-evidence/r4-guards-red.sh	ext	88	inplace-edit	LC_ALL=C sed -i.bak 's|^assert_mutated "\$O/req-mutated-55.json" 1162502.55$|# T138 mutation: assert_mutated REMOVED|' "$K/.softhouse/capture/t91/run-attacks.sh"
.softhouse/reviews/T138-evidence/r4-guards-red.sh	ext	89	inplace-edit	LC_ALL=C sed -i.bak2 's|^assert_mutated "\$O/req-crafted-04.json" 1162502.4$|# T138 mutation: assert_mutated REMOVED|' "$K/.softhouse/capture/t91/run-attacks.sh"
.softhouse/reviews/T138-evidence/r4-guards-red.sh	ext	90	inplace-edit	LC_ALL=C sed -i.bak3 's|^CANON=\$CAP/pathb/t22-audit/req/calc-pmode2-gerege.json$|CANON=$CAP/pathb/t22-audit/req/calc-pmode2-gerege.json\nRECIPE_CHECK_FAIL=1|' "$K/.softhouse/captu
.softhouse/reviews/T138-evidence/r4-guards-red.sh	ext	91	rm	rm -f "$K/.softhouse/capture/t91/run-attacks.sh".bak*
.softhouse/reviews/T138-evidence/r4-guards-red.sh	ext	95	inplace-edit	LC_ALL=C sed -i.bak 's|^ln -s "\$CANON" "\$O/link-to-canon.json" .*$|ln -s /nonexistent/nope.json "$O/link-to-canon.json"  # T138 mutation|' "$K/.softhouse/capture/t91/run-attacks.
.softhouse/reviews/T138-evidence/r4-guards-red.sh	ext	96	rm	rm -f "$K/.softhouse/capture/t91/run-attacks.sh".bak
.softhouse/reviews/T138-evidence/r4-guards-red.sh	ext	100	redirect	(cd "$K" && sh .softhouse/capture/t91/prove-guards.sh >/dev/null 2>&1); echo "WHOLE_SCRIPT_EXIT=$?"
.softhouse/reviews/T138-evidence/r5-mutate-g5-g7.sh	ext	12	rm	rm -rf "$D"
.softhouse/reviews/T138-evidence/r5-mutate-g5-g7.sh	ext	15	inplace-edit	LC_ALL=C sed -i.bak "$@" "$D/$f"
.softhouse/reviews/T138-evidence/r5-mutate-g5-g7.sh	ext	16	rm	rm -f "$D/$f.bak"
.softhouse/reviews/T138-evidence/r5-mutate-g5-g7.sh	ext	28	redirect	(cd "$D" && sh .softhouse/capture/t91/prove-guards.sh >/dev/null 2>&1); echo "SCRIPT_EXIT=$?"
.softhouse/reviews/T138-evidence/r5-mutate-g5-g7.sh	ext	38	redirect	(cd "$D" && sh .softhouse/capture/t91/prove-guards.sh >/dev/null 2>&1); echo "SCRIPT_EXIT=$?"
.softhouse/reviews/T138-evidence/r5-mutate-g5-g7.sh	ext	45	redirect	-e 's|^  norm "\$f" > "\$INVDIR/.inv-a"; norm "\$b" > "\$INVDIR/.inv-b"$|  norm "$f" > "$O/.inv-a"; norm "$b" > "$O/.inv-b"  # T138 mutation: V-F reverted|' \
.softhouse/reviews/T138-evidence/r5-mutate-g5-g7.sh	ext	50	redirect	(cd "$D" && sh .softhouse/capture/t91/prove-guards.sh >/dev/null 2>&1); echo "SCRIPT_EXIT=$?"
.softhouse/reviews/T138-evidence/r5-mutate-g5-g7.sh	ext	51	redirect	echo "   -> V-F has NO guard: no leg of prove-guards.sh exercises a read-only \$O for"
.softhouse/reviews/T138-evidence/r5-mutate-g5-g7.sh	ext	62	redirect	(cd "$D" && sh .softhouse/capture/t91/prove-guards.sh >/dev/null 2>&1); echo "SCRIPT_EXIT=$? (guards do not cover the shape test)"
.softhouse/reviews/T138-evidence/r5-mutate-g5-g7.sh	ext	63	redirect	echo "   -> MF-1's shape test likewise has no leg in prove-guards.sh; it is driven only"
.softhouse/reviews/T138-evidence/r6-mf2.sh	ext	18	rm	rm -rf "$2"; mkdir -p "$2"
.softhouse/reviews/T138-evidence/r6-mf2.sh	ext	47	rm	X=/tmp/T138-mf2-empty-$t; rm -rf "$X"; cp -R "$E" "$X"
.softhouse/reviews/T138-evidence/r6-mf2.sh	ext	48	truncate	: > "$X/$RIG"
.softhouse/reviews/T138-evidence/r6-mf2.sh	ext	50	redirect	CANARY_REQ="$X/$CANON" sh "$X/$SHIM" gerege > "$X/direct.txt" 2>"$X/direct.err"
.softhouse/reviews/T138-evidence/r6-mf2.sh	ext	55	redirect	T40_WORKTREE="$X" sh "$X/.softhouse/capture/charges/bin/run-preconditions.sh" "$X/wrap.txt" > "$X/wrapout.txt" 2>&1
.softhouse/reviews/T138-evidence/r6-mf2.sh	ext	72	rm	W=/tmp/T138-mf2-green-$t; rm -rf "$W"; cp -R "$E" "$W"
.softhouse/reviews/T138-evidence/r6-mf2.sh	ext	75	redirect	T40_WORKTREE="$W" sh "$W/.softhouse/capture/charges/bin/run-preconditions.sh" "$W/c1.txt" >/dev/null 2>&1
.softhouse/reviews/T138-evidence/r6-mf2.sh	ext	76	redirect	echo "    C1 wrapper/gerege                 $(cells "$W/c1.txt")/$(T40_WORKTREE="$W" sh "$W/.softhouse/capture/charges/bin/run-preconditions.sh" "$W/c1.txt" >/dev/null 2>&1; echo $
.softhouse/reviews/T138-evidence/r6-mf2.sh	ext	78	redirect	sh "$W/$SHIM" default > "$W/c2.txt" 2>&1; rc2=$?
.softhouse/reviews/T138-evidence/r6-mf2.sh	ext	81	redirect	CANARY_REQ="$W/$CANON" sh "$W/$SHIM" t55-no-such-tenant > "$W/c3.txt" 2>&1; rc3=$?
.softhouse/reviews/T138-evidence/r6-mf2.sh	ext	85	redirect	CANARY_REQ="$W/$CANON" sh "$W/.softhouse/capture/audit-t44/charges/bin/preconditions-COPY.sh" default > "$W/c4.txt" 2>&1; rc4=$?
.softhouse/reviews/T138-evidence/r6-mf2.sh	ext	88	redirect	(cd /tmp && T40_WORKTREE="$W" sh "$W/.softhouse/capture/charges/bin/run-preconditions.sh" "$W/c5.txt" >/dev/null 2>&1)
.softhouse/reviews/T138-evidence/r6-mf2.sh	ext	95	redirect	if diff -q /tmp/T138-mf2-green-pre/$c.txt /tmp/T138-mf2-green-post/$c.txt >/dev/null 2>&1; then
.softhouse/reviews/T138-evidence/r6-mf2.sh	ext	108	rm	X=/tmp/T138-n9; rm -rf "$X"; cp -R "$B" "$X"
.softhouse/reviews/T138-evidence/r6-mf2.sh	ext	109	redirect	(cd "$C" && git cat-file blob "$BLOB") > "$X/$RIG"
.softhouse/reviews/T138-evidence/r6-mf2.sh	ext	113	redirect	CANARY_REQ="$X/$CANON" sh "$X/$SHIM" gerege > "$X/n9.txt" 2>&1; rc=$?
.softhouse/reviews/T138-evidence/r6-mf2.sh	ext	123	rm	Y=/tmp/T138-n10; rm -rf "$Y"; mkdir -p "$Y/evil/pathb/t36" "$Y/evil/charges/bin"
.softhouse/reviews/T138-evidence/r6-mf2.sh	ext	124	redirect	cat > "$Y/evil/pathb/t36/preconditions.sh" <<'STUB'
.softhouse/reviews/T138-evidence/r6-mf2.sh	ext	131	redirect	echo "   symlink: $Y/evil/charges/bin/preconditions.sh -> $(readlink "$Y/evil/charges/bin/preconditions.sh")"
.softhouse/reviews/T138-evidence/r6-mf2.sh	ext	133	redirect	CANARY_REQ="$B/$CANON" sh "$Y/evil/charges/bin/preconditions.sh" gerege > "$Y/n10.txt" 2>&1; rc=$?
.softhouse/reviews/T138-evidence/r6b-mf2-green.sh	ext	14	redirect	T40_WORKTREE="$W" sh "$W/.softhouse/capture/charges/bin/run-preconditions.sh" "$W/g1.txt" >/dev/null 2>&1; r1=$?
.softhouse/reviews/T138-evidence/r6b-mf2-green.sh	ext	16	redirect	sh "$W/$SHIM" default > "$W/g2.txt" 2>&1; r2=$?
.softhouse/reviews/T138-evidence/r6b-mf2-green.sh	ext	18	redirect	sh "$W/$SHIM" t55-no-such-tenant > "$W/g3.txt" 2>&1; r3=$?
.softhouse/reviews/T138-evidence/r6b-mf2-green.sh	ext	21	redirect	CANARY_REQ="$W/$CANON" sh "$W/.softhouse/capture/audit-t44/charges/bin/preconditions-COPY.sh" default > "$W/g4.txt" 2>&1; r4=$?
.softhouse/reviews/T138-evidence/r6b-mf2-green.sh	ext	23	redirect	(cd /tmp && T40_WORKTREE="$W" sh "$W/.softhouse/capture/charges/bin/run-preconditions.sh" "$W/g5.txt" >/dev/null 2>&1); r5=$?
.softhouse/reviews/T138-evidence/r6b-mf2-green.sh	ext	29	redirect	LC_ALL=C sed "s|$A|EXPORT|g" "$A/$g.txt" > /tmp/T138-n-$g-a
.softhouse/reviews/T138-evidence/r6b-mf2-green.sh	ext	30	redirect	LC_ALL=C sed "s|$B|EXPORT|g" "$B/$g.txt" > /tmp/T138-n-$g-b
.softhouse/reviews/T138-evidence/r6b-mf2-green.sh	ext	31	redirect	if diff -q /tmp/T138-n-$g-a /tmp/T138-n-$g-b >/dev/null; then
.softhouse/reviews/T138-evidence/r7-mf3-mf4.sh	ext	17	rm	X=/tmp/T138-mf3; rm -rf "$X"; cp -R "$B" "$X"
.softhouse/reviews/T138-evidence/r7-mf3-mf4.sh	ext	18	redirect	(cd "$C" && git cat-file blob "$BLOB") > "$X/unhardened-copy.sh"
.softhouse/reviews/T138-evidence/r7-mf3-mf4.sh	ext	23	redirect	"$interp" "$X/unhardened-copy.sh" default > "$X/pre-$interp.txt" 2>&1; a=$?
.softhouse/reviews/T138-evidence/r7-mf3-mf4.sh	ext	24	redirect	"$interp" "$B/$SHIM"              default > "$X/post-$interp.txt" 2>&1; b=$?
.softhouse/reviews/T138-evidence/r7b-census.sh	ext	12	redirect	| LC_ALL=C grep -av '/t91/' | LC_ALL=C sed "s|$CAP/||" | sort > /tmp/T138-census-raw.txt
.softhouse/reviews/T138-evidence/r7b-census.sh	ext	45	redirect	| LC_ALL=C sed "s|$CAP/||" | sort > /tmp/T138-census-wrap.txt
.softhouse/reviews/T138-evidence/r7b-census.sh	ext	57	redirect	{ echo charges/bin/run-preconditions.sh; echo charges/bin/attest.py; echo charges/bin/attest-t40.py; echo charges/bin/t51-negative.sh; echo leapboundary/bin/t55-negative-tests.sh; 
.softhouse/reviews/T138-evidence/r8-merge.sh	ext	9	rm	rm -rf "$D"
.softhouse/reviews/T138-evidence/r8-merge.sh	ext	17	redirect	git -c user.name=T138 -c user.email=t138@local merge --no-edit "$b" > /tmp/T138-merge-$$.log 2>&1
.softhouse/reviews/T138-evidence/r9-post-merge.sh	ext	23	redirect	sh .softhouse/capture/t91/prove-guards.sh > /tmp/T138-pm-guards.txt 2>&1
.softhouse/reviews/T138-evidence/r9-post-merge.sh	ext	30	redirect	sh .softhouse/capture/t91/t115-drive-mf1.sh > /tmp/T138-pm-mf1.txt 2>&1
.softhouse/reviews/T138-evidence/r9-post-merge.sh	ext	36	redirect	sh .softhouse/capture/t91/t115-drive-mf2.sh > /tmp/T138-pm-mf2.txt 2>&1
.softhouse/reviews/T138-evidence/r9-post-merge.sh	ext	43	redirect	sh .softhouse/capture/t91/t115-drive-mf3-mf4.sh > /tmp/T138-pm-mf34.txt 2>&1
.softhouse/reviews/T138-evidence/r9-post-merge.sh	ext	49	redirect	sh .softhouse/capture/t91/t115-rerun-attacks.sh > /tmp/T138-pm-attacks.txt 2>&1
.softhouse/reviews/T155-probe/make-poison.sh	ext+execbit	10	rm	rm -rf "$P"; mkdir -p "$P"
.softhouse/reviews/T155-probe/make-poison.sh	ext+execbit	13	redirect	printf '{\n  "note": "x", "rate_pct": 3.6\n}\n'          > "$P/p1.json"  # clean float
.softhouse/reviews/T155-probe/make-poison.sh	ext+execbit	14	redirect	printf '{\n  "note": "x", \xe2 "rate_pct": 3.6\n}\n'     > "$P/p2.json"  # 0xE2 BEFORE, same line
.softhouse/reviews/T155-probe/make-poison.sh	ext+execbit	15	redirect	printf '{\n  "note": "x", \x00 "rate_pct": 3.6\n}\n'     > "$P/p3.json"  # NUL BEFORE, same line
.softhouse/reviews/T155-probe/make-poison.sh	ext+execbit	16	redirect	printf '{\n  "rate_pct": 3.6, \xe2 "z": 1\n}\n'          > "$P/p4.json"  # 0xE2 AFTER
.softhouse/reviews/T155-probe/make-poison.sh	ext+execbit	17	redirect	printf '{\n  "amount": "1250000", "term": 12\n}\n'       > "$P/p5.json"  # clean integers
.softhouse/reviews/T155-probe/make-poison.sh	ext+execbit	18	redirect	printf '{\n  "x": 1, \xe2 "y": 1e3\n}\n'                 > "$P/p6.json"  # 0xE2 BEFORE an exponent
.softhouse/reviews/T155-probe/make-poison.sh	ext+execbit	19	redirect	printf '{\n  "note": "x", \xe2 "rate_pct": 3.6\n}\n'     > "$P/p7.json"  # same as p2, for the e2e plant
.softhouse/reviews/T155-probe/make-poison.sh	ext+execbit	22	redirect	printf 'package x\n\nfunc A() { var v float64; _ = v }\n'                        > "$P/g1.go"
.softhouse/reviews/T155-probe/make-poison.sh	ext+execbit	23	redirect	printf 'package x\n\nfunc A() { s := "\xe2"; var v float64; _ = v; _ = s }\n'    > "$P/g2.go"
.softhouse/reviews/T155-probe/make-poison.sh	ext+execbit	24	redirect	printf 'package x\n\nfunc A() { var v int64; _ = v }\n'                          > "$P/g3.go"
.softhouse/reviews/T155-probe/prove-i-invalid-byte.sh	ext+execbit	27	redirect	git show "$PRE_SHA:.softhouse/conformance.sh" > "$TMP/pre.sh"
.softhouse/reviews/T155-probe/prove-i-invalid-byte.sh	ext+execbit	28	redirect	git show softhouse/T154-nofloat-guards:.softhouse/conformance.sh > "$TMP/post.sh"
.softhouse/reviews/T155-probe/prove-i-invalid-byte.sh	ext+execbit	54	redirect	pre=$(f="$6"; eval "$4" >/dev/null 2>&1 && echo FIRES || echo SILENT)
.softhouse/reviews/T155-probe/prove-i-invalid-byte.sh	ext+execbit	55	redirect	post=$(f="$6"; eval "$5" >/dev/null 2>&1 && echo FIRES || echo SILENT)
.softhouse/reviews/T155-probe/prove-ii-literals.sh	ext+execbit	26	redirect	mk_float() { cat > "$1/$REL/t155_probe.go" <<'GO'
.softhouse/reviews/T155-probe/prove-ii-literals.sh	ext+execbit	39	redirect	mk_imag() { cat > "$1/$REL/t155_probe.go" <<'GO'
.softhouse/reviews/T155-probe/prove-ii-literals.sh	ext+execbit	52	redirect	mk_hexfloat() { cat > "$1/$REL/t155_probe.go" <<'GO'
.softhouse/reviews/T155-probe/prove-ii-literals.sh	ext+execbit	66	rm	clean() { rm -f "$1/$REL/t155_probe.go"; }
.softhouse/reviews/T155-probe/prove-ii-literals.sh	ext+execbit	71	redirect	( cd "$tree" && bash "$tree/.softhouse/conformance.sh" ) > "$out" 2>&1
.softhouse/reviews/T155-probe/prove-ii-literals.sh	ext+execbit	84	redirect	if [ "$2" = "$3" ]; then echo "  => OK (wanted exit $2)"; else echo "  => *** DISAGREES: wanted exit $2, got $3 ***"; FAILS=$((FAILS+1)); fi
.softhouse/reviews/T155-probe/prove-ii-literals.sh	ext+execbit	96	tee	got="$(run_arm "$tree" "$kind-$arm" | tee /dev/stderr | tail -1)"
.softhouse/reviews/T155-probe/prove-iii-census.sh	ext+execbit	28	rm	rm -rf "$EVIL"; mkdir -p "$EVIL/evilctx"
.softhouse/reviews/T155-probe/prove-iii-census.sh	ext+execbit	30	redirect	printf '{\n  "schema": "gerege.loanschedule.vector/v1",\n  "case_id": "T155-EVIL",\n  "context": "evilctx",\n  "class": "parity",\n  "rate_pct": 3.6\n}\n' > "$EVIL/evilctx/T155-EVI
.softhouse/reviews/T155-probe/prove-iii-census.sh	ext+execbit	37	redirect	"$tree/.softhouse/vectors/loanschedule/P-00-baseline-6x7pct.json" > "$dest"
.softhouse/reviews/T155-probe/prove-iii-census.sh	ext+execbit	44	redirect	run() { # $1 tree, $2 label -> prints "exit:parity:cells" and stashes output
.softhouse/reviews/T155-probe/prove-iii-census.sh	ext+execbit	47	redirect	( cd "$tree" && bash "$tree/.softhouse/conformance.sh" ) > "$out" 2>&1
.softhouse/reviews/T155-probe/prove-iii-census.sh	ext+execbit	86	rm	rm -f "$V/evilctx"
.softhouse/reviews/T155-probe/prove-iii-census.sh	ext+execbit	89	mv	mv "$V/loanschedule" "$EVIL/loanschedule-real"
.softhouse/reviews/T155-probe/prove-iii-census.sh	ext+execbit	92	rm	rm -f "$V/loanschedule"; mv "$EVIL/loanschedule-real" "$V/loanschedule"
.softhouse/reviews/T155-probe/prove-iii-census.sh	ext+execbit	97	rm	rm -rf "$V/loanschedule/sub"
.softhouse/reviews/T155-probe/prove-iii-census.sh	ext+execbit	102	rm	rm -f "$V/loanschedule/T155-UPPER.JSON"
.softhouse/reviews/T155-probe/prove-iii-census.sh	ext+execbit	107	rm	rm -f "$V/loanschedule/T155-case-clash.json"
.softhouse/reviews/T155-probe/prove-iii-census.sh	ext+execbit	113	rm	rm -f "$V/loanschedule/T155-nfc.json" "$V/loanschedule/T155-nfd.json"
.softhouse/reviews/T155-probe/prove-iii-census.sh	ext+execbit	116	redirect	printf '{ "note": "planted at the store root", "amount": "1250000" }\n' > "$V/T155-ROOT-CLEAN.json"
.softhouse/reviews/T155-probe/prove-iii-census.sh	ext+execbit	118	rm	rm -f "$V/T155-ROOT-CLEAN.json"
.softhouse/reviews/T155-probe/prove-iii-census.sh	ext+execbit	121	redirect	printf '{\n  "note": "x", \xe2 "rate_pct": 3.6\n}\n' > "$V/T155-ROOT-POISON.json"
.softhouse/reviews/T155-probe/prove-iii-census.sh	ext+execbit	123	rm	rm -f "$V/T155-ROOT-POISON.json"
.softhouse/reviews/T155-probe/prove-iii-census.sh	ext+execbit	126	redirect	printf '{\n  "rate_pct": 3.6\n}\n' > "$V/T155-ROOT-PLAINFLOAT.json"
.softhouse/reviews/T155-probe/prove-iii-census.sh	ext+execbit	128	rm	rm -f "$V/T155-ROOT-PLAINFLOAT.json"
.softhouse/reviews/T155-probe/prove-iiib-binary-direct.sh	ext+execbit	28	redirect	( cd "$1" && "$2" -oracle-probe=up ) > "$out" 2>&1
.softhouse/reviews/T155-probe/prove-iiib-binary-direct.sh	ext+execbit	45	redirect	printf '{ "note": "planted", "amount": "1250000" }\n' > "$V/T155-B1.json"
.softhouse/reviews/T155-probe/prove-iiib-binary-direct.sh	ext+execbit	47	rm	rm -f "$V/T155-B1.json"
.softhouse/reviews/T155-probe/prove-iiib-binary-direct.sh	ext+execbit	50	redirect	printf '{\n  "note": "x", \xe2 "rate_pct": 3.6\n}\n' > "$V/T155-B2.json"
.softhouse/reviews/T155-probe/prove-iiib-binary-direct.sh	ext+execbit	52	rm	rm -f "$V/T155-B2.json"
.softhouse/reviews/T155-probe/prove-iiib-binary-direct.sh	ext+execbit	55	redirect	printf '{\n  "rate_pct": 3.6\n}\n' > "$V/T155-B3.json"
.softhouse/reviews/T155-probe/prove-iiib-binary-direct.sh	ext+execbit	57	rm	rm -f "$V/T155-B3.json"
.softhouse/reviews/T155-probe/prove-iv-zero-input.sh	ext+execbit	20	redirect	git show "$PRE_SHA:.softhouse/conformance.sh"                        > "$T/pre.sh"
.softhouse/reviews/T155-probe/prove-iv-zero-input.sh	ext+execbit	21	redirect	git show softhouse/T154-nofloat-guards:.softhouse/conformance.sh     > "$T/post.sh"
.softhouse/reviews/T155-probe/prove-iv-zero-input.sh	ext+execbit	23	redirect	lift() { # $1 file, $2 function name  -> the whole function, anchored, awk not sed
.softhouse/reviews/T155-probe/prove-iv-zero-input.sh	ext+execbit	43	redirect	} > "$2"
.softhouse/reviews/T155-probe/prove-iv-zero-input.sh	ext+execbit	54	rm	rm -rf "$T/zero"; mkdir -p "$T/zero/emptystore" "$T/zero/emptygo/internal/apps/loanschedule"
.softhouse/reviews/T155-probe/prove-iv-zero-input.sh	ext+execbit	56	redirect	printf '{ "amount": "1250000" }\n'                 > "$T/zero/goodstore/ok.json"
.softhouse/reviews/T155-probe/prove-iv-zero-input.sh	ext+execbit	57	redirect	printf 'package x\n\nfunc A() { var v int64; _ = v }\n' > "$T/zero/goodgo/internal/apps/loanschedule/ok.go"
.softhouse/reviews/T155-probe/prove-iv-zero-input.sh	ext+execbit	59	redirect	printf '{ "rate": 3.6 }\n'                         > "$T/zero/badstore/bad.json"
.softhouse/reviews/T155-probe/prove-iv-zero-input.sh	ext+execbit	60	redirect	printf 'package x\n\nfunc A() { var v float64; _ = v }\n' > "$T/zero/badgo/internal/apps/loanschedule/bad.go"
.softhouse/reviews/T155-probe/prove-iv-zero-input.sh	ext+execbit	92	redirect	printf '#!/bin/sh\nexit 127\n' > "$T/zero/noperl/perl"; chmod +x "$T/zero/noperl/perl"
.softhouse/reviews/T155-probe/prove-ix-sweep-and-help.sh	ext+execbit	32	redirect	( cd "$POST" && bash "$POST/.softhouse/conformance.sh" --help ) > /tmp/t155/out/ix-help.txt 2>&1
.softhouse/reviews/T155-probe/prove-ix-sweep-and-help.sh	ext+execbit	42	redirect	if diff -q /tmp/t155/sweep-before.sh /tmp/t155/sweep-test.sh >/dev/null; then
.softhouse/reviews/T155-probe/prove-v-census-counts.sh	ext+execbit	19	redirect	echo "  at the store root itself                    : $root   -> $(find "$V" -maxdepth 1 -name '*.json' -type f -exec basename {} \; | sort | tr '\n' ' ')"
.softhouse/reviews/T155-probe/prove-v-census-counts.sh	ext+execbit	48	redirect	echo "  float injected into $target -> PRE binary exit=$rc"
.softhouse/reviews/T155-probe/prove-v-census-counts.sh	ext+execbit	53	redirect	echo "  control: allowlist restored ->"
.softhouse/reviews/T155-probe/prove-vi-build-test-prove.sh	ext+execbit	16	redirect	go test ./... > /tmp/t155/out/vi-gotest.txt 2>&1; echo "exit=$?"
.softhouse/reviews/T155-probe/prove-vi-build-test-prove.sh	ext+execbit	22	redirect	bash "$POST/.softhouse/conformance.sh" --prove > /tmp/t155/out/vi-prove.txt 2>&1; echo "exit=$?"
.softhouse/reviews/T155-probe/prove-vii-residual-attacks.sh	ext+execbit	16	redirect	( cd "$POST" && /tmp/t155/bin-post -oracle-probe=up "$@" ) > "$out" 2>&1
.softhouse/reviews/T155-probe/prove-vii-residual-attacks.sh	ext+execbit	27	mv	printf 'this is not json at all\n' > "$V/T155-V1.json.tmp"; mv "$V/T155-V1.json.tmp" "$V/loanschedule/T155-V1.json"
.softhouse/reviews/T155-probe/prove-vii-residual-attacks.sh	ext+execbit	28	rm	run V1; rm -f "$V/loanschedule/T155-V1.json"
.softhouse/reviews/T155-probe/prove-vii-residual-attacks.sh	ext+execbit	33	rm	run V2; rm -f "$V/loanschedule/T155-V2-hardlink.json"
.softhouse/reviews/T155-probe/prove-vii-residual-attacks.sh	ext+execbit	38	rm	run V3; rm -f "$V/T155-V3-hardlink.json"
.softhouse/reviews/T155-probe/prove-vii-residual-attacks.sh	ext+execbit	43	redirect	sed 's/"case_id": "P-00"/"case_id": "T155-HIDDEN"/' "$V/loanschedule/P-00-baseline-6x7pct.json" > "$V/.hidden/T155-HIDDEN.json"
.softhouse/reviews/T155-probe/prove-vii-residual-attacks.sh	ext+execbit	44	rm	run V4; rm -rf "$V/.hidden"
.softhouse/reviews/T155-probe/prove-vii-residual-attacks.sh	ext+execbit	49	redirect	printf '{ "note": "planted", "amount": "1250000" }\n' > "$V/T155-V5.json"
.softhouse/reviews/T155-probe/prove-vii-residual-attacks.sh	ext+execbit	50	rm	run V5 -context=_selftest; rm -f "$V/T155-V5.json"
.softhouse/reviews/T155-probe/prove-vii-residual-attacks.sh	ext+execbit	55	rm	run V6; rm -rf "$V/loanschedule/T155-V6.json"
.softhouse/reviews/T155-probe/prove-vii-residual-attacks.sh	ext+execbit	59	redirect	sed 's/"case_id": "P-00"/"case_id": "T155-V7"/' "$V/loanschedule/P-00-baseline-6x7pct.json" > "$V/loanschedule/T155-V7.json"
.softhouse/reviews/T155-probe/prove-vii-residual-attacks.sh	ext+execbit	60	rm	run V7; rm -f "$V/loanschedule/T155-V7.json"
.softhouse/reviews/T155-probe/prove-viii-compiles-on-main.sh	ext+execbit	12	rm	rm -rf "$SCRATCH"; cp -R /tmp/t155/main "$SCRATCH"
.softhouse/reviews/T155-probe/prove-viii-compiles-on-main.sh	ext+execbit	22	redirect	( cd "$SCRATCH/nexus" && go vet ./internal/apps/loanschedule/conformance ) > /tmp/t155/out/viii-vet.txt 2>&1
.softhouse/reviews/T155-probe/prove-viii-compiles-on-main.sh	ext+execbit	27	rm	rm -rf "$SCRATCH"; cp -R /tmp/t155/main "$SCRATCH"
.softhouse/reviews/T155-probe/prove-viii-compiles-on-main.sh	ext+execbit	29	redirect	( cd "$SCRATCH/nexus" && go vet ./internal/apps/loanschedule/conformance ) > /tmp/t155/out/viii-vet2.txt 2>&1
.softhouse/reviews/T155-probe/prove-x-removal-and-failclosed.sh	ext+execbit	14	rm	rm -rf "$S"; cp -R "$POST" "$S"
.softhouse/reviews/T155-probe/prove-x-removal-and-failclosed.sh	ext+execbit	24	redirect	> "$S/nexus/internal/apps/loanschedule/t155_gone.go"
.softhouse/reviews/T155-probe/prove-x-removal-and-failclosed.sh	ext+execbit	25	redirect	( cd "$S/nexus" && go build ./... ) >/dev/null 2>&1; echo "  go build exit=$?"
.softhouse/reviews/T155-probe/prove-x-removal-and-failclosed.sh	ext+execbit	26	redirect	( cd "$S" && bash "$S/.softhouse/conformance.sh" ) > /tmp/t155/out/x-removed.txt 2>&1
.softhouse/reviews/T155-probe/prove-x-removal-and-failclosed.sh	ext+execbit	29	redirect	echo "  -> if that says PASS, F-6 is real: the guard is deletable and nothing in the harness says so."
.softhouse/reviews/T155-probe/prove-x-removal-and-failclosed.sh	ext+execbit	31	redirect	( cd "$S/nexus" && go test -run 'TestNoFloat' ./internal/apps/loanschedule/conformance ) > /tmp/t155/out/x-removed-test.txt 2>&1
.softhouse/reviews/T155-probe/prove-x-removal-and-failclosed.sh	ext+execbit	38	redirect	printf ' M nexus/x.go\n?? \xe2.softhouse/LOCK\n?? .softhouse/LOCK\n' > /tmp/t155/status.txt
.softhouse/reviews/T155-probe/prove-x-removal-and-failclosed.sh	ext+execbit	45	redirect	echo "  DIRTY non-empty either way => the rescue path runs => FAIL-CLOSED, as T154 argued."
.softhouse/reviews/T155-probe/prove-xi-microfix.sh	ext+execbit	36	redirect	( cd "$1" && bash "$1/.softhouse/conformance.sh" ) > "/tmp/t155/out/xi-$2.txt" 2>&1
.softhouse/reviews/T155-probe/prove-xi-microfix.sh	ext+execbit	42	rm	S1=/tmp/t155/fix-clean; rm -rf $S1; cp -R "$POST" $S1
.softhouse/reviews/T155-probe/prove-xi-microfix.sh	ext+execbit	48	rm	S2=/tmp/t155/fix-removed; rm -rf $S2; cp -R "$POST" $S2
.softhouse/reviews/T155-probe/prove-xi-microfix.sh	ext+execbit	53	redirect	> "$S2/nexus/internal/apps/loanschedule/t155_gone.go"
.softhouse/reviews/T155-probe/prove-xi-microfix.sh	ext+execbit	58	rm	S3=/tmp/t155/nofix-removed; rm -rf $S3; cp -R "$POST" $S3
.softhouse/reviews/T155-probe/prove-xi-microfix.sh	ext+execbit	61	redirect	> "$S3/nexus/internal/apps/loanschedule/t155_gone.go"
.softhouse/reviews/T155-probe/prove-xii-perl-microfix.sh	ext+execbit	18	rm	S=/tmp/t155/perlfix; rm -rf $S; cp -R "$POST" $S
.softhouse/reviews/T155-probe/prove-xii-perl-microfix.sh	ext+execbit	19	redirect	perl -0pi -e 's{(  if ! command -v go >/dev/null 2>&1; then\n.*?\n    exit "\$EXIT_UNUSABLE"\n  fi\n)}{$1  # perl is a PRECONDITION, not an optional convenience: both no-float guar
.softhouse/reviews/T155-probe/prove-xii-perl-microfix.sh	ext+execbit	22	redirect	if ! command -v perl >/dev/null 2>&1; then
.softhouse/reviews/T155-probe/prove-xii-perl-microfix.sh	ext+execbit	31	redirect	( cd $S && bash "$S/$C" ) > /tmp/t155/out/xii-clean.txt 2>&1; echo "  exit=$?"
.softhouse/reviews/T155-probe/prove-xii-perl-microfix.sh	ext+execbit	34	redirect	mkdir -p /tmp/t155/noperl2; printf '#!/bin/sh\nexit 127\n' > /tmp/t155/noperl2/perl; chmod +x /tmp/t155/noperl2/perl
.softhouse/reviews/T155-probe/prove-xii-perl-microfix.sh	ext+execbit	36	redirect	( cd "$POST" && PATH="/tmp/t155/noperl2:$PATH" bash "$POST/$C" ) > /tmp/t155/out/xii-nofix.txt 2>&1; echo "  exit=$?"
.softhouse/reviews/T155-probe/prove-xii-perl-microfix.sh	ext+execbit	40	redirect	( cd $S && PATH="/tmp/t155/noperl2:$PATH" bash "$S/$C" ) > /tmp/t155/out/xii-fix.txt 2>&1; echo "  exit=$?"
.softhouse/reviews/T155-probe/prove-xii-perl-true-absence.sh	ext+execbit	14	rm	rm -rf "$B"; mkdir -p "$B"
.softhouse/reviews/T155-probe/prove-xii-perl-true-absence.sh	ext+execbit	15	rm	for t in bash sh find sort grep wc sed awk cat rm mkdir; do
.softhouse/reviews/T155-probe/prove-xii-perl-true-absence.sh	ext+execbit	20	redirect	echo "perl present in it? $(PATH="$B" command -v perl >/dev/null 2>&1 && echo YES || echo NO)"
.softhouse/reviews/T155-probe/prove-xiii-deflation.sh	ext+execbit	15	redirect	( cd "$1" && bash "$1/.softhouse/conformance.sh" ) > "/tmp/t155/out/xiii-$2.txt" 2>&1
.softhouse/reviews/T155-probe/prove-xiii-deflation.sh	ext+execbit	35	mv	mv "$VICTIM" /tmp/t155/victim.json
.softhouse/reviews/T155-probe/prove-xiii-deflation.sh	ext+execbit	37	mv	mv /tmp/t155/victim.json "$VICTIM"
.softhouse/reviews/T155-probe/prove-xiii-deflation.sh	ext+execbit	43	mv	for f in $(find "$V" -name 'P-*.json' -type f | sort | head -5); do mv "$f" /tmp/t155/victims/; n=$((n+1)); done
.softhouse/reviews/T155-probe/prove-xiii-deflation.sh	ext+execbit	46	mv	mv /tmp/t155/victims/*.json "$V"/
.softhouse/reviews/T155-probe/prove-xiii-deflation.sh	ext+execbit	50	mv	mv "$V" /tmp/t155/ctx-out
.softhouse/reviews/T155-probe/prove-xiii-deflation.sh	ext+execbit	52	mv	mv /tmp/t155/ctx-out "$V"
.softhouse/reviews/T155-probe/prove-xiii-deflation.sh	ext+execbit	56	redirect	printf '{ "note": "planted", "amount": "1250000" }\n' > "$POST/.softhouse/vectors/T155-INFLATE.json"
.softhouse/reviews/T155-probe/prove-xiii-deflation.sh	ext+execbit	58	rm	rm -f "$POST/.softhouse/vectors/T155-INFLATE.json"
.softhouse/reviews/T155-probe/prove-xiv-sweep-coverage.sh	ext+execbit	35	redirect	echo "  -> the census root is the fixed path LoanScheduleTreeRel; today it happens to"
.softhouse/reviews/T155-probe/rerun-t154-provers-postmerge.sh	ext+execbit	30	redirect	( cd "$WT" && bash "$WT/.softhouse/capture/t154-nofloat/$leg" ) > "$OUTD/$leg.txt" 2>&1
.softhouse/reviews/T155-probe/run-conformance.sh	ext+execbit	16	redirect	bash "$TREE/.softhouse/conformance.sh" "$@" > "$OUT" 2>&1
.softhouse/reviews/T158-drive-followups.py	ext	134	redirect	print("  %-8s -> exit=%-4s target left as %-8s  finally ran: %s"
.softhouse/reviews/T158-drive-t156-refusals.py	ext	12	redirect	A  start-up: park + store copy both present and DIFFER      -> must REFUSE, not pick
.softhouse/reviews/T158-drive-t156-refusals.py	ext	13	redirect	B  start-up: park + store copy both present and IDENTICAL   -> discard park, proceed
.softhouse/reviews/T158-drive-t156-refusals.py	ext	14	redirect	C  start-up: vector deliberately REMOVED, no park           -> must refuse, must NOT resurrect
.softhouse/reviews/T158-drive-t156-refusals.py	ext	15	redirect	D  start-up: vector removed, no park, stale BACKUP present  -> must NOT resurrect from backup
.softhouse/reviews/T158-drive-t156-refusals.py	ext	16	redirect	E  start-up: EMPTY census                                   -> is the refusal REACHABLE at all?
.softhouse/reviews/T158-drive-t156-refusals.py	ext	17	redirect	F  trap time: a differing $VEC appears in the window        -> RESTORE REFUSED, non-zero
.softhouse/reviews/T158-drive-t156-refusals.py	ext	18	redirect	G  trap time: an EXTRA .json appears in the store           -> census must catch it
.softhouse/reviews/T158-drive-t156-refusals.py	ext	19	redirect	H  trap time: a DIFFERENT vector is deleted from the store  -> census must catch it
.softhouse/reviews/T158-drive-t156-refusals.py	ext	20	redirect	I  idempotence: two clean runs back to back                 -> second must be clean
.softhouse/reviews/T158-drive-t156-refusals.py	ext	53	py-rmtree	os.remove(os.path.join(store, "loanschedule", others[0]))
.softhouse/reviews/T158-drive-t156-refusals.py	ext	147	py-rmtree	shutil.rmtree(sb, ignore_errors=True)
.softhouse/reviews/T158-drive-t156-refusals.py	ext	158	py-rmtree	shutil.rmtree(sb, ignore_errors=True)
.softhouse/reviews/T158-drive-t156-refusals.py	ext	163	py-rmtree	os.remove(vec(sb))
.softhouse/reviews/T158-drive-t156-refusals.py	ext	170	py-rmtree	shutil.rmtree(sb, ignore_errors=True)
.softhouse/reviews/T158-drive-t156-refusals.py	ext	176	py-rmtree	os.remove(vec(sb))
.softhouse/reviews/T158-drive-t156-refusals.py	ext	183	py-rmtree	shutil.rmtree(sb, ignore_errors=True)
.softhouse/reviews/T158-drive-t156-refusals.py	ext	189	py-rmtree	shutil.rmtree(os.path.join(sb, ".softhouse", "vectors"))
.softhouse/reviews/T158-drive-t156-refusals.py	ext	193	py-rmtree	shutil.rmtree(sb, ignore_errors=True)
.softhouse/reviews/T158-drive-t156-refusals.py	ext	201	py-rmtree	shutil.rmtree(store)
.softhouse/reviews/T158-drive-t156-refusals.py	ext	206	py-rmtree	shutil.rmtree(sb, ignore_errors=True)
.softhouse/reviews/T158-drive-t156-refusals.py	ext	225	py-rmtree	shutil.rmtree(sb, ignore_errors=True)
.softhouse/reviews/T158-drive-t156-refusals.py	ext	235	redirect	if "STORE NOT" in l or l.startswith("> ") or l.startswith("< ")))
.softhouse/reviews/T158-drive-t156-refusals.py	ext	237	py-rmtree	shutil.rmtree(sb, ignore_errors=True)
.softhouse/reviews/T158-drive-t156-refusals.py	ext	249	py-rmtree	shutil.rmtree(sb, ignore_errors=True)
.softhouse/reviews/T158-drive-untrapped-signals.py	ext	59	redirect	print("         -> next run: RECOVERED=%s   vector back=%s"
.softhouse/reviews/T158-drive-untrapped-signals.py	ext	61	py-rmtree	shutil.rmtree(sb, ignore_errors=True)
.softhouse/reviews/T182-evidence/t182_independent_tally.py	ext	74	redirect	if len(ts) > 4:
.softhouse/reviews/T182-evidence/t182_independent_tally.py	ext	83	redirect	print('\n  disputed-cell JVMs (C2 on) with >4 attempts: flip exactly at attempt 5 = %d, other = %d'
.softhouse/reviews/T182-evidence/t182_t159check.py	ext	20	redirect	print('   ', c.get('id'), '->', c.get('error'), '| has errorStackDepthTotal?', 'errorStackDepthTotal' in c, '| keys', sorted(c.keys()))
.softhouse/reviews/T183-evidence/drive-probes.sh	ext+execbit	17	rm	trap 'rm -rf "$SCRATCH"' EXIT
.softhouse/reviews/T183-evidence/drive-probes.sh	ext+execbit	46	redirect	echo "ast.Assert nodes in each T179 script (0 everywhere => -O cannot neuter them):"
.softhouse/reviews/T183-evidence/drive-probes.sh	ext+execbit	56	redirect	python3 -O "$ST" >/dev/null 2>&1
.softhouse/reviews/T183-evidence/drive-probes.sh	ext+execbit	63	truncate	echo "All three truncate the ratified DEC-1 in place with no handler; two of them"
.softhouse/reviews/T183-evidence/drive-probes.sh	ext+execbit	64	truncate	echo "also truncate the frozen contract.go.  Correct --enforce answer: exit 1."
.softhouse/reviews/T183-evidence/drive-probes.sh	ext+execbit	76	rm	rm -rf "$SCRATCH/$MODE"
.softhouse/reviews/T183-evidence/drive-probes.sh	ext+execbit	108	redirect	python3 "$SCRATCH/$MODE/selftest.py" > "$SCRATCH/$MODE.out" 2>&1
.softhouse/reviews/T183-evidence/drive-probes.sh	ext+execbit	111	redirect	python3 -O "$SCRATCH/$MODE/selftest.py" >/dev/null 2>&1
.softhouse/reviews/T183-evidence/drive-probes.sh	ext+execbit	119	redirect	python3 "$GC" --root "$SCRATCH/empty" >/dev/null 2>&1
.softhouse/reviews/T183-evidence/fixtures-INERT/assert_only.py.txt	shebang	13	redirect	assert len(s) > 0
.softhouse/reviews/T183-evidence/t183_count.py	ext	19	redirect	(a) module-level constant substitution  X = "lit"  ->  "lit"
.softhouse/reviews/T183-evidence/t183_count.py	ext	110	redirect	if len(n.args) > idx:
.softhouse/reviews/T183-evidence/t183_count.py	ext	116	redirect	if len(call.args) > 1:
.softhouse/reviews/T183-evidence/t183_count.py	ext	144	redirect	out.append((n.lineno, kind, ast.dump(tgt_node)[:0] or getattr(tgt_node, "id", "<expr>"),
.softhouse/reviews/T183-evidence/t183_count.py	ext	154	redirect	root = sys.argv[1] if len(sys.argv) > 1 else ".softhouse"
.softhouse/reviews/T184-evidence/t184-census.sh	ext	17	tee	find "$CAP" -type f -name '*.req'; } | sed "s|^$CAP/||" | cut -d/ -f1 | sort -u | tee /tmp/t184-rigs.txt | wc -l | xargs echo "   rigs:           "
.softhouse/reviews/T184-evidence/t184-census.sh	ext	24	tee	-not -path '*/.gradle/*' -not -path './.claude/worktrees/*' | tee /tmp/t184-java.txt | wc -l | xargs echo "   .java files:    "
.softhouse/reviews/T184-evidence/t184-census.sh	ext	28	redirect	command -v jq >/dev/null 2>&1 && echo "jq present: $(jq --version)" || echo "jq ABSENT — cross-check not available"
.softhouse/reviews/T184-evidence/t184-final.sh	ext	15	redirect	CONFORMANCE_ORACLE_HEALTH_URL=https://127.0.0.1:1/health bash .softhouse/conformance.sh > /tmp/t184-outage.txt 2>&1
.softhouse/reviews/T184-evidence/t184-jq.sh	ext	6	redirect	find "$CAP" -type f -name '*.json' -path '*/req/*' | awk -F/ '{ if ($(NF-1)=="req") print }' | sort > /tmp/t184-bodies.txt
.softhouse/reviews/T184-evidence/t184-probe-green-catch.sh	ext	11	redirect	cat > "$J" <<'EOF'
.softhouse/reviews/T184-evidence/t184-probe-green-catch.sh	ext	25	redirect	bash .softhouse/conformance.sh > /tmp/t184-green-catch1.txt 2>&1
.softhouse/reviews/T184-evidence/t184-probe-green-catch.sh	ext	29	redirect	cat > "$J" <<'EOF'
.softhouse/reviews/T184-evidence/t184-probe-green-catch.sh	ext	46	redirect	bash .softhouse/conformance.sh > /tmp/t184-green-catch2.txt 2>&1
.softhouse/reviews/T184-evidence/t184-probe-green-float.sh	ext	6	redirect	cat > "$W/.softhouse/capture/t184-probe/req/probe-body.json" <<'EOF'
.softhouse/reviews/T184-evidence/t184-probe-green-float.sh	ext	15	redirect	bash .softhouse/conformance.sh > /tmp/t184-green-float.txt 2>&1
.softhouse/reviews/T184-evidence/t184-probe-red-catch.sh	ext	9	redirect	cat > "$W/.softhouse/capture/t184-probe/src/CaptureT184Probe.java" <<'EOF'
.softhouse/reviews/T184-evidence/t184-probe-red-catch.sh	ext	22	redirect	bash .softhouse/conformance.sh > /tmp/t184-red-catch.txt 2>&1
.softhouse/reviews/T184-evidence/t184-probe-red-float.sh	ext	7	redirect	cat > "$W/.softhouse/capture/t184-probe/req/probe-body.json" <<'EOF'
.softhouse/reviews/T184-evidence/t184-probe-red-float.sh	ext	16	redirect	bash .softhouse/conformance.sh > /tmp/t184-red-float.txt 2>&1
.softhouse/reviews/T184-evidence/t184-run.sh	ext	5	redirect	bash .softhouse/conformance.sh > /tmp/t184-run1.txt 2>&1
.softhouse/reviews/T184-evidence/t184-vacuity.sh	ext	9	rm	rm -rf "$W/.softhouse/capture/t184-probe"
.softhouse/reviews/T184-evidence/t184-vacuity.sh	ext	14	redirect	run() { bash .softhouse/conformance.sh > "$1" 2>&1; echo "EXIT=$?"; }
.softhouse/reviews/T184-evidence/t184-vacuity.sh	ext	17	mv	mv "$W/.softhouse/capture" "$W/.softhouse/capture-T184HIDDEN"
.softhouse/reviews/T184-evidence/t184-vacuity.sh	ext	20	mv	mv "$W/.softhouse/capture-T184HIDDEN" "$W/.softhouse/capture"
.softhouse/reviews/T184-evidence/t184-vacuity.sh	ext	24	mv	mv "$LIB/check_wire_float_roundtrip.py" /tmp/t184-moved-wf.py
.softhouse/reviews/T184-evidence/t184-vacuity.sh	ext	27	mv	mv /tmp/t184-moved-wf.py "$LIB/check_wire_float_roundtrip.py"
.softhouse/reviews/T184-evidence/t184-vacuity.sh	ext	31	redirect	cat > "$LIB/check_wire_float_roundtrip.py" <<'PYEOF'
.softhouse/reviews/T184-evidence/t184-vacuity.sh	ext	34	redirect	print('--- (stub) ---'); print('  -> exit 0'); sys.exit(0)
.softhouse/reviews/T184-evidence/t184-vacuity.sh	ext	42	redirect	cat > "$LIB/check_wire_float_roundtrip.py" <<'PYEOF'
.softhouse/reviews/T184-evidence/t184-vacuity.sh	ext	45	redirect	print('--- (stub) ---'); print('  -> exit 0'); sys.exit(0)
.softhouse/reviews/T184-evidence/t184-vacuity.sh	ext	58	redirect	cat > "$LIB/check_wire_float_roundtrip.py" <<'PYEOF'
.softhouse/reviews/T184-evidence/t184-vacuity.sh	ext	61	redirect	print('--- (stub) ---'); print('  -> exit 0'); sys.exit(0)
.softhouse/reviews/T184-evidence/t184-vacuity2.sh	ext	9	rm	rm -rf "$STASH"; mkdir -p "$STASH"
.softhouse/reviews/T184-evidence/t184-vacuity2.sh	ext	11	redirect	echo "########## V1b: capture/lib present, every other capture subtree hidden -> ZERO bodies"
.softhouse/reviews/T184-evidence/t184-vacuity2.sh	ext	15	mv	mv "$d" "$STASH/$b"
.softhouse/reviews/T184-evidence/t184-vacuity2.sh	ext	18	redirect	bash .softhouse/conformance.sh > /tmp/t184-v1b.txt 2>&1; echo "EXIT=$?"
.softhouse/reviews/T184-evidence/t184-vacuity2.sh	ext	20	mv	for d in "$STASH"/*; do mv "$d" "$CAP/$(basename "$d")"; done
.softhouse/reviews/T184-evidence/t184-vacuity2.sh	ext	26	redirect	python3 - <<'PYEOF' > /tmp/t184-bigout.txt
.softhouse/reviews/T188-probe/drive-t188.sh	ext	24	rm	rm -rf "$W/.softhouse/capture/t188-probe" "$W/.claude/worktrees/agent-t188-fake"
.softhouse/reviews/T188-probe/drive-t188.sh	ext	33	redirect	cat > "$1/CaptureT188Probe.java" <<'EOF'
.softhouse/reviews/T188-probe/drive-t188.sh	ext	56	rm	rm -rf "$W/.softhouse/capture/t188-probe"
.softhouse/reviews/T188-probe/drive-t188.sh	ext	107	redirect	echo "  NEW (grep -c): census_lines=$n  -> $([ "${n:-0}" -gt 0 ] && echo 'census line found (CORRECT)' || echo 'NO CENSUS LINE')"
.softhouse/reviews/T188-probe/drive-t188.sh	ext	110	redirect	echo "  NEW (grep -c) on output with NO census line: census_lines=$m -> $([ "${m:-0}" -eq 0 ] && echo 'ERROR (correct, not over-corrected)' || echo 'wrongly accepted')"
.softhouse/reviews/T188-probe/drive-t188.sh	ext	120	rm	D=/tmp/t188_failopen; rm -rf $D; mkdir -p $D
.softhouse/reviews/T188-probe/drive-t188.sh	ext	123	redirect	} > "$D/$1"; }
.softhouse/reviews/T188-probe/drive-t188.sh	ext	130	redirect	printf '  post-strip=%-8s -> FLOATING-POINT IDENTIFIER refused (correct)\n' "$sz"
.softhouse/reviews/T188-probe/drive-t188.sh	ext	145	redirect	echo "  -> both below the ~64 KiB threshold today: the hazard is LATENT, not live."
.softhouse/reviews/T189-probe/hardening.sh	ext	9	rm	rm -rf "$S"; mkdir -p "$S/.softhouse"
.softhouse/reviews/T189-probe/hardening.sh	ext	13	redirect	echo base > base.txt
.softhouse/reviews/T189-probe/hardening.sh	ext	14	redirect	echo tracked > .softhouse/keep.md
.softhouse/reviews/T189-probe/hardening.sh	ext	31	truncate	: > .softhouse/LOCK
.softhouse/reviews/T189-probe/hardening.sh	ext	32	redirect	git status --porcelain | sed -e 's/^/    raw> /'
.softhouse/reviews/T189-probe/hardening.sh	ext	38	truncate	: > new_deliverable.go
.softhouse/reviews/T189-probe/hardening.sh	ext	39	redirect	git status --porcelain | sed -e 's/^/    raw> /'
.softhouse/reviews/T189-probe/hardening.sh	ext	44	truncate	: > .softhouse/LOCKED_STATE.md
.softhouse/reviews/T189-probe/matrix.sh	ext	41	redirect	bsd:file)  env LC_ALL="$loc" /usr/bin/grep $flags "$PAT" "$f" >"$out" 2>"$err" ; rc=$? ;;
.softhouse/reviews/T189-probe/matrix.sh	ext	42	redirect	bsd:redir) env LC_ALL="$loc" /usr/bin/grep $flags "$PAT" <"$f" >"$out" 2>"$err" ; rc=$? ;;
.softhouse/reviews/T189-probe/matrix.sh	ext	43	redirect	bsd:pipe)  cat "$f" | env LC_ALL="$loc" /usr/bin/grep $flags "$PAT" >"$out" 2>"$err" ; rc=$? ;;
.softhouse/reviews/T189-probe/matrix.sh	ext	44	redirect	ugrep:file)  ( export LC_ALL="$loc"; exec -a ugrep "$CLAUDE_BIN" -G --ignore-files --hidden -I --exclude-dir=.git --exclude-dir=.svn --exclude-dir=.hg --exclude-dir=.bzr --exclude-
.softhouse/reviews/T189-probe/matrix.sh	ext	45	redirect	ugrep:redir) ( export LC_ALL="$loc"; exec -a ugrep "$CLAUDE_BIN" -G --ignore-files --hidden -I --exclude-dir=.git --exclude-dir=.svn --exclude-dir=.hg --exclude-dir=.bzr --exclude-
.softhouse/reviews/T189-probe/matrix.sh	ext	46	redirect	ugrep:pipe)  cat "$f" | ( export LC_ALL="$loc"; exec -a ugrep "$CLAUDE_BIN" -G --ignore-files --hidden -I --exclude-dir=.git --exclude-dir=.svn --exclude-dir=.hg --exclude-dir=.bzr
.softhouse/reviews/T189-probe/matrix.sh	ext	90	rm	rm -f "$PROBE_DIR/.out" "$PROBE_DIR/.err"
.softhouse/reviews/T189-probe/mkfixtures.sh	ext	9	redirect	printf 'zzz clean line before\n M poison_\xe2_after.go\n?? another_after.go\n' > "$D/a-utf8-e2.txt"
.softhouse/reviews/T189-probe/mkfixtures.sh	ext	12	redirect	printf 'keep-me\n\xff\xfe invalid bytes here\nalso-keep\n' > "$D/c-fffe.txt"
.softhouse/reviews/T189-probe/mkfixtures.sh	ext	15	redirect	printf 'keep-me\n\x00binary\nalso-keep\n' > "$D/b-nul.txt"
.softhouse/reviews/T189-probe/mkfixtures.sh	ext	18	redirect	printf '?? .softhouse/LOCK\xe2\n M real_change.go\n' > "$D/d-lockline.txt"
.softhouse/reviews/T189-probe/mkfixtures.sh	ext	21	redirect	printf '?? .softhouse/LOCK\n M real_change.go\n?? new_deliverable.go\n' > "$D/e-clean.txt"
.softhouse/reviews/T189-probe/mkfixtures.sh	ext	24	redirect	printf 'keep-me\nmid \xff poison\nalso-keep\n' > "$D/f-ff.txt"
.softhouse/reviews/T189-probe/mkfixtures.sh	ext	25	redirect	printf 'keep-me\nmid \x80 poison\nalso-keep\n' > "$D/g-80.txt"
.softhouse/reviews/T189-probe/mkfixtures.sh	ext	26	redirect	printf 'keep-me\nmid \xc0 poison\nalso-keep\n' > "$D/h-c0.txt"
.softhouse/reviews/T189-probe/mkfixtures.sh	ext	29	redirect	printf 'keep-me\n\x00\x01\x02\xff\xfe\x00\x00 blob\nalso-keep\n' > "$D/i-blob.txt"
.softhouse/reviews/T189-probe/provenance.sh	ext	10	redirect	echo "    command -v grep -> $(command -v grep)"
.softhouse/reviews/T189-probe/provenance.sh	ext	11	redirect	echo "    bare-grep --version -> $(grep --version 2>&1 | head -1)"
.softhouse/reviews/T189-probe/provenance.sh	ext	15	redirect	/bin/zsh -lc 'echo "    whence -a grep:"; whence -a grep 2>&1 | sed -e "s/^/      /"; echo "    grep --version -> $(grep --version 2>&1 | head -1)"'
.softhouse/reviews/T189-probe/provenance.sh	ext	19	redirect	/bin/zsh -c 'echo "    grep --version -> $(grep --version 2>&1 | head -1)"'
.softhouse/reviews/T189-probe/provenance.sh	ext	23	redirect	env -i HOME="$HOME" /bin/zsh -lc 'echo "    grep --version -> $(grep --version 2>&1 | head -1)"'
.softhouse/reviews/T189-probe/provenance.sh	ext	41	redirect	file)  LC_ALL=C /usr/bin/grep -v '^?? \.softhouse/LOCK$' "$FIX/b-nul.txt" > "$PROBE_DIR/.o" 2>"$PROBE_DIR/.e"; rc=$? ;;
.softhouse/reviews/T189-probe/provenance.sh	ext	42	redirect	redir) LC_ALL=C /usr/bin/grep -v '^?? \.softhouse/LOCK$' < "$FIX/b-nul.txt" > "$PROBE_DIR/.o" 2>"$PROBE_DIR/.e"; rc=$? ;;
.softhouse/reviews/T189-probe/provenance.sh	ext	43	redirect	pipe)  cat "$FIX/b-nul.txt" | LC_ALL=C /usr/bin/grep -v '^?? \.softhouse/LOCK$' > "$PROBE_DIR/.o" 2>"$PROBE_DIR/.e"; rc=$? ;;
.softhouse/reviews/T189-probe/provenance.sh	ext	54	redirect	file)  LC_ALL=C /usr/bin/grep -av '^?? \.softhouse/LOCK$' "$FIX/b-nul.txt" > "$PROBE_DIR/.o" 2>"$PROBE_DIR/.e"; rc=$? ;;
.softhouse/reviews/T189-probe/provenance.sh	ext	55	redirect	redir) LC_ALL=C /usr/bin/grep -av '^?? \.softhouse/LOCK$' < "$FIX/b-nul.txt" > "$PROBE_DIR/.o" 2>"$PROBE_DIR/.e"; rc=$? ;;
.softhouse/reviews/T189-probe/provenance.sh	ext	56	redirect	pipe)  cat "$FIX/b-nul.txt" | LC_ALL=C /usr/bin/grep -av '^?? \.softhouse/LOCK$' > "$PROBE_DIR/.o" 2>"$PROBE_DIR/.e"; rc=$? ;;
.softhouse/reviews/T189-probe/provenance.sh	ext	62	rm	rm -f "$PROBE_DIR/.o" "$PROBE_DIR/.e"
.softhouse/reviews/T189-probe/reachability.sh	ext	12	redirect	env PATH="$LAUNCHD_PATH" /bin/zsh -c 'grep --version' | head -1 | sed -e 's/^/    -> /'
.softhouse/reviews/T189-probe/reachability.sh	ext	21	rm	rm -rf "$SCRATCH"; mkdir -p "$SCRATCH"
.softhouse/reviews/T189-probe/reachability.sh	ext	25	redirect	echo base > base.txt; git add base.txt; git commit -qm base
.softhouse/reviews/T189-probe/reachability.sh	ext	46	redirect	echo "    core.quotePath = $(git config --get core.quotePath || echo '(unset -> default true)')"
.softhouse/reviews/T189-probe/reachability.sh	ext	51	truncate	mkdir -p .softhouse; : > .softhouse/LOCK; : > .softhouse/LOCKED_STATE.md
.softhouse/reviews/T189-probe/reachability.sh	ext	69	rm	git checkout -q -- base.txt; rm -f .softhouse/LOCKED_STATE.md
.softhouse/reviews/T189-probe/reachability.sh	ext	78	redirect	echo "  git status in a NON-repo -> DIRTY=[$OUT]  (empty => guard concludes 'clean')"
.softhouse/reviews/T189-probe/tally.sh	ext	11	redirect	cls = (rc==1 && nb==0) ? "BLIND(exit1,0 bytes)" : ((nl==1 && nb>30 && cell ~ /nul|blob/) ? "THIRD-MODE(Binary file...matches)" : "OK")
.softhouse/reviews/T191-probe/drive-t191.sh	ext	29	rm	trap 'rm -rf "$TMP"' EXIT
.softhouse/reviews/T191-probe/drive-t191.sh	ext	31	redirect	git -C "$REPO" show "$BASE:.softhouse/conformance.sh" > "$BEFORE" || {
.softhouse/reviews/T191-probe/drive-t191.sh	ext	66	redirect	open my $fh, ">", $f or die $!;
.softhouse/reviews/T191-probe/drive-t191.sh	ext	78	redirect	open my $fh, ">", $f or die $!;
.softhouse/reviews/T191-probe/drive-t191.sh	ext	101	redirect	} > "$rig"
.softhouse/reviews/T191-probe/drive-t191.sh	ext	127	rm	rm -rf "$TMP/s1"; mkdir -p "$TMP/s1"
.softhouse/reviews/T191-probe/drive-t191.sh	ext	152	rm	rm -rf "$TMP/s1"; mkdir -p "$TMP/s1"
.softhouse/reviews/T191-probe/drive-t191.sh	ext	179	rm	rm -rf "$TMP/s2"; mkdir -p "$TMP/s2/pkg"
.softhouse/reviews/T191-probe/drive-t191.sh	ext	203	rm	rm -rf "$TMP/s2"; mkdir -p "$TMP/s2/pkg"
.softhouse/reviews/T191-probe/drive-t191.sh	ext	222	redirect	lift_site3() { # $1 conformance.sh -> snippet on stdout
.softhouse/reviews/T191-probe/drive-t191.sh	ext	235	redirect	lift_site3 "$src" > "$TMP/site3.body.$ver"
.softhouse/reviews/T191-probe/drive-t191.sh	ext	253	redirect	} > "$snippet"
.softhouse/reviews/T191-probe/drive-t191.sh	ext	281	redirect	} > "$snippet"
.softhouse/reviews/T191-probe/measure-margin.sh	ext	26	redirect	. "$REPO/.softhouse/bin/go-env.sh" >/dev/null 2>&1 || true
.softhouse/reviews/T191-probe/measure-pipe-buffer.sh	ext	23	redirect	$s .= ("x" x ($n - length($s) - 1)) . "\n" if $n > length($s);
.softhouse/reviews/T191-probe/mutate-exclusion.sh	ext	11	rm	TMP="$(mktemp -d)"; trap 'rm -rf "$TMP"' EXIT
.softhouse/reviews/T191-probe/mutate-exclusion.sh	ext	37	redirect	python3 "$2" --selftest > "$TMP/$1.out" 2>&1; rc=$?
.softhouse/reviews/T191-probe/run-harness.sh	ext	15	redirect	. "$REPO/.softhouse/bin/go-env.sh" >/dev/null 2>&1 || true
.softhouse/reviews/T191-probe/run-harness.sh	ext	17	redirect	bash "$REPO/.softhouse/conformance.sh" > "$OUT" 2>&1
.softhouse/reviews/T293/instruments/50-restoration-by-observation.sh	ext	16	rm	trap 'rm -rf "$D"' EXIT
.softhouse/reviews/T293/instruments/50-restoration-by-observation.sh	ext	28	rm	rm -f "$T"
.softhouse/reviews/T293/instruments/50-restoration-by-observation.sh	ext	30	redirect	bash "$PROBE" >"$D/a1.out" 2>&1; rc=$?
.softhouse/reviews/T293/instruments/50-restoration-by-observation.sh	ext	40	redirect	printf 'x1y\nxdy\nx y\nxsy\nx_y\nxwy\n' > "$T"
.softhouse/reviews/T293/instruments/50-restoration-by-observation.sh	ext	42	redirect	bash "$PROBE" >"$D/a2.out" 2>&1; rc=$?
.softhouse/reviews/T293/instruments/50-restoration-by-observation.sh	ext	56	rm	rm -f "$T"                       # found ABSENT, so an unrestored exit shows as PRESENT
.softhouse/reviews/T293/instruments/50-restoration-by-observation.sh	ext	58	redirect	bash "$PROBE" >"$D/$sig.out" 2>&1 &
.softhouse/reviews/T293/instruments/50-restoration-by-observation.sh	ext	96	redirect	printf 'x1y\nxdy\nx y\nxsy\nx_y\nxwy\n' > "$T"
.softhouse/reviews/T293/instruments/50-restoration-by-observation.sh	ext	98	rm	rm -f "$T"
.softhouse/reviews/T293/red/t293-neutered-probe.sh.txt	shebang	59	redirect	printf 'x1y\nxdy\nx y\nxsy\nx_y\nxwy\n' > "$TARGET"
.softhouse/reviews/T293/red/t293-neutered-probe.sh.txt	shebang	61	rm	rm -f "$TARGET"
.softhouse/reviews/T293/red/t293-neutered-probe.sh.txt	shebang	71	redirect	FAILOPEN_LINT_JSON="$json" python3 "$LINT" >"$out" 2>&1 || lrc=$?
.softhouse/reviews/T293/red/t293-neutered-probe.sh.txt	shebang	74	rm	rm -f "$out" "$json"
.softhouse/reviews/T293/red/t293-neutered-probe.sh.txt	shebang	78	rm	rm -f "$out" "$json"
.softhouse/reviews/T293/red/t293-neutered-probe.sh.txt	shebang	96	rm	rm -f "$TARGET"
.softhouse/reviews/T293/red/t293-neutered-probe.sh.txt	shebang	103	redirect	printf 'x1y\nxdy\nx y\nxsy\nx_y\nxwy\n' > "$TARGET"
.softhouse/reviews/T293/red/t293-neutered-probe.sh.txt	shebang	110	rm	rm -f "$TARGET"
.softhouse/reviews/T293/red/t293-new-accidental-site.sh.txt	shebang	15	redirect	git grep -n -E 'MoneyHelper' -- '*.java' >"$SCRATCH/hits.txt" || echo "(no hits)"
.softhouse/reviews/T293/red/t293-param-evasion.sh.txt	shebang	23	redirect	git grep -n -E 'FAILOPEN-FRONTIER' -- '*.py' >/dev/null
.softhouse/reviews/T296/probe/measure-capability-gate.sh	ext	33	redirect	run_arm > "$SCRATCH/armA.txt" 2>&1
.softhouse/reviews/T296/probe/measure-capability-gate.sh	ext	51	redirect	print("reverted in_graded_domain -> false in the SCRATCH copy only")
.softhouse/reviews/T296/probe/measure-capability-gate.sh	ext	53	redirect	run_arm > "$SCRATCH/armB.txt" 2>&1
.softhouse/reviews/T296/probe/mutate-the-port.sh	ext	46	inplace-edit	LC_ALL=C sed -i '' \
.softhouse/reviews/T296/probe/mutate-the-port.sh	ext	47	redirect	's|if req.Command == "defineOpeningBalance" \&\& len(req.PostedNonContraTransactionIDs) > 0 {|if req.Command == "defineOpeningBalance" {|' \
.softhouse/reviews/T296/probe/mutate-the-port.sh	ext	52	redirect	echo '=== ARM B — predicate becomes `len(req.PostedNonContraTransactionIDs) > 0` ==='
.softhouse/reviews/T296/probe/mutate-the-port.sh	ext	55	inplace-edit	LC_ALL=C sed -i '' \
.softhouse/reviews/T296/probe/mutate-the-port.sh	ext	56	redirect	's|if req.Command == "defineOpeningBalance" \&\& len(req.PostedNonContraTransactionIDs) > 0 {|if len(req.PostedNonContraTransactionIDs) > 0 {|' \
.softhouse/reviews/T296/probe/mutate-the-port.sh	ext	67	redirect	ob = '''	if req.Command == "defineOpeningBalance" && len(req.PostedNonContraTransactionIDs) > 0 {
.softhouse/reviews/T298/attack-marker-extractor.sh	ext	7	rm	trap 'rm -rf "$W"' EXIT
.softhouse/reviews/T298/attack-marker-extractor.sh	ext	23	redirect	grep -v 'T256-ACTIVATION-LINE' "$SRC" > "$W/m1.md"; show "$W/m1.md"
.softhouse/reviews/T298/attack-marker-extractor.sh	ext	26	redirect	grep -v 'T256-ACTIVATION-LINE:END' "$SRC" > "$W/m2.md"; show "$W/m2.md"
.softhouse/reviews/T298/attack-marker-extractor.sh	ext	31	redirect	"$SRC" > "$W/m3.md"; show "$W/m3.md"
.softhouse/reviews/T298/attack-marker-extractor.sh	ext	35	redirect	"$SRC" > "$W/m4.md"; show "$W/m4.md"
.softhouse/reviews/T298/attack-marker-extractor.sh	ext	38	redirect	printf '\n```bash\n. /Users/buv/gerege-nbfi/.softhouse/bin/go-env.sh\n```\n' > "$W/tail.md"
.softhouse/reviews/T298/attack-marker-extractor.sh	ext	39	redirect	cat "$SRC" "$W/tail.md" > "$W/m5.md"; show "$W/m5.md"
.softhouse/reviews/T298/t298b-census.sh	ext	11	rm	trap 'rm -rf "$TMP"' EXIT
.softhouse/reviews/T298/t298b-census.sh	ext	20	redirect	git grep -F -l -- "$lit" "$rev" > "$out" 2>"$TMP/err"; rc=$?
.softhouse/reviews/T298/t298b-census.sh	ext	24	truncate	if [ "$rc" -eq 1 ]; then : > "$out"; fi
.softhouse/reviews/T298/t298b-census.sh	ext	25	inplace-edit	sed -i '' "s|^${rev}:||" "$out" 2>/dev/null || sed -i "s|^${rev}:||" "$out"
.softhouse/reviews/T298/t298b-census.sh	ext	36	redirect	sort -u "$TMP/a" "$TMP/b" > "$TMP/u"
.softhouse/reviews/T298/t298b-census.sh	ext	47	truncate	: > "$TMP/live"; : > "$TMP/arch"; : > "$TMP/prose"
.softhouse/reviews/T298/t298b-census.sh	ext	64	redirect	sed 's|.*/||' "$TMP/u" | awk -F. 'NF>1{print $NF} NF==1{print "(no-extension)"}' | sort | uniq -c | sed 's/^/    /'
.softhouse/reviews/T298/t298b-census.sh	ext	70	redirect	git grep -F -l -- "$L1" HEAD > "$TMP/ha" 2>/dev/null || true
.softhouse/reviews/T298/t298b-census.sh	ext	71	redirect	git grep -F -l -- "$L2" HEAD > "$TMP/hb" 2>/dev/null || true
.softhouse/reviews/T298/t298b-census.sh	ext	72	redirect	sed -e 's|^HEAD:||' "$TMP/ha" "$TMP/hb" | sort -u > "$TMP/uh"
.softhouse/reviews/T298/t298b-marker-attack-matrix.sh	ext	18	git-restore	restore() { git checkout -- "$DOC"; }
.softhouse/reviews/T298/t298b-marker-attack-matrix.sh	ext	62	redirect	perl -0pi -e 's{^<!-- T256-ACTIVATION-LINE:END -->$}{On the local fire, run: `. /Users/buv/gerege-nbfi/.softhouse/bin/go-env.sh`\n\n<!-- T256-ACTIVATION-LINE:END -->}m' "$DOC"
.softhouse/reviews/T298/t298b-oracle-facts-diff.sh	ext	24	redirect	git show "$PRE:$DOC"  | grep -n -iE "$FACTS" | sed 's/^/PRE  /' > /tmp/t298pre.txt
.softhouse/reviews/T298/t298b-oracle-facts-diff.sh	ext	25	redirect	git show "$POST:$DOC" | grep -n -iE "$FACTS" | sed 's/^/POST /' > /tmp/t298post.txt
.softhouse/reviews/T298/t298b-oracle-facts-diff.sh	ext	29	redirect	sed 's/^PRE  *[0-9]*://'  /tmp/t298pre.txt  > /tmp/t298pret.txt
.softhouse/reviews/T298/t298b-oracle-facts-diff.sh	ext	30	redirect	sed 's/^POST *[0-9]*://'  /tmp/t298post.txt > /tmp/t298postt.txt
.softhouse/reviews/T298/t298b-oracle-facts-diff.sh	ext	31	redirect	if diff -u /tmp/t298pret.txt /tmp/t298postt.txt > /tmp/t298factdiff.txt; then
.softhouse/reviews/T298/t298b-wider-live-surface.sh	ext	25	redirect	echo "    core.hooksPath   = $(git config --get core.hooksPath || echo '(unset -> default)')"
.softhouse/reviews/T298/t298b-wider-live-surface.sh	ext	75	redirect	echo "  D1. any 'bash|sh|python <path under capture/reviews/handoff>' in the live set:"
.softhouse/reviews/T298/t298b-wider-live-surface.sh	ext	83	redirect	sed -n '/ProgramArguments/,/<\/array>/p' "$p" | sed 's/^/      /'
.softhouse/reviews/T298/t298b-worktree-composition-drive.sh	ext	24	redirect	echo "  => this is the exact condition under which a naive composition would break."
.softhouse/reviews/T298/t298b-worktree-composition-drive.sh	ext	106	redirect	. "$(git rev-parse --show-toplevel)/.softhouse/bin/go-env.sh" >/dev/null 2>&1
.softhouse/reviews/T298/t298b-worktree-composition-drive.sh	ext	126	redirect	echo "  => it resolves HERE and only here. That is the invisibility T256 named, reproduced."
.softhouse/reviews/T302/a2/cmp-lockset.py	ext	30	redirect	now_sha = sys.argv[2] if len(sys.argv) > 2 else "HEAD"
.softhouse/reviews/T302/a2/cmp-lockset.py	ext	37	redirect	print("INTERSECTION -> discriminator says CORPSE, DEMOTABLE:", sorted(lp & np_))
.softhouse/reviews/T302/a2/cmp-lockset.py	ext	38	redirect	print("NOW-only     -> discriminator says LIVE, refuse     :", sorted(np_ - lp))
.softhouse/reviews/T302/a2/drive-f10-liveskew.sh	ext	36	redirect	echo "  * in_session mode is 100% INERT for this fire: no \`fire\` on the LOCK -> refuse."
.softhouse/reviews/T302/a2/drive-f11-probe-live.sh	ext	41	redirect	echo "VERDICT: foreign_live_session_in_repo() would return 0 -> the wrapper REFUSES to"
.softhouse/reviews/T302/a2/drive-f11-probe-live.sh	ext	45	redirect	echo "VERDICT: would return 1 -> the wrapper may reconcile."
.softhouse/reviews/T302/a2/drive-f5-cell.zsh	ext	48	redirect	git -C $WT show $lockcommit:.softhouse/tasks.json > .softhouse/tasks.json
.softhouse/reviews/T302/a2/drive-f5-cell.zsh	ext	50	redirect	git -C $WT show $headcommit:.softhouse/tasks.json > .softhouse/tasks.json
.softhouse/reviews/T302/a2/drive-f5-cell.zsh	ext	52	redirect	git commit -q -m "softhouse: dispatch record" >/dev/null 2>&1 || true
.softhouse/reviews/T302/a2/drive-f5-cell.zsh	ext	54	redirect	> .softhouse/LOCK
.softhouse/reviews/T302/a2/drive-f5-cell.zsh	ext	60	redirect	n=$(print -r -- "$out" | grep -c "in_progress -> needs_retry")
.softhouse/reviews/T302/a2/drive-f5-cell.zsh	ext	66	rm	FAIL=$((FAIL+1)); rm -rf $TMP; print ""; return
.softhouse/reviews/T302/a2/drive-f5-cell.zsh	ext	69	redirect	print -r -- "$out" | grep "in_progress -> needs_retry" | sed 's/^/    /'
.softhouse/reviews/T302/a2/drive-f5-cell.zsh	ext	77	rm	rm -rf $TMP
.softhouse/reviews/T302/a2/drive-f6-grep.zsh	ext	39	redirect	git -C $WT show 5428c0a4:.softhouse/tasks.json > .softhouse/tasks.json
.softhouse/reviews/T302/a2/drive-f6-grep.zsh	ext	42	redirect	git -C $WT show 5964ab54:.softhouse/tasks.json > .softhouse/tasks.json
.softhouse/reviews/T302/a2/drive-f6-grep.zsh	ext	47	redirect	print "a review" > .softhouse/reviews/TXXX/REVIEW.md
.softhouse/reviews/T302/a2/drive-f6-grep.zsh	ext	52	redirect	> $R/.softhouse/LOCK
.softhouse/reviews/T302/a2/drive-f6-grep.zsh	ext	70	redirect	n=$(print -r -- "$out" | grep -c "in_progress -> needs_retry")
.softhouse/reviews/T302/a2/drive-f6-grep.zsh	ext	79	rm	rm -rf $TMP
.softhouse/reviews/T302/a2/drive-f7-nolock.zsh	ext	33	redirect	print -n "    grep -c '$pat' ready-tasks.py -> "
.softhouse/reviews/T302/a2/drive-f7-nolock.zsh	ext	49	redirect	git -C $WT show 5964ab54:.softhouse/tasks.json > .softhouse/tasks.json
.softhouse/reviews/T302/a2/drive-f7-nolock.zsh	ext	52	redirect	[[ "$lockjson" == NONE ]] || print -r -- "$lockjson" > $R/.softhouse/LOCK
.softhouse/reviews/T302/a2/drive-f7-nolock.zsh	ext	61	redirect	n=$(print -r -- "$out" | grep -c "in_progress -> needs_retry")
.softhouse/reviews/T302/a2/drive-f7-nolock.zsh	ext	64	rm	rm -rf $TMP
.softhouse/reviews/T302/a2/drive-f8-cost.zsh	ext	38	redirect	git -C $WT show HEAD:.softhouse/tasks.json > $TMP/tasks.json
.softhouse/reviews/T302/a2/drive-f8-cost.zsh	ext	62	redirect	print "wip $i" > wip.txt
.softhouse/reviews/T302/a2/drive-f8-cost.zsh	ext	66	redirect	) >/dev/null 2>&1
.softhouse/reviews/T302/a2/drive-f8-cost.zsh	ext	73	redirect	--dry-run --repo "$R" > $TMP/out.$trial 2>&1
.softhouse/reviews/T302/a2/drive-f8-cost.zsh	ext	77	redirect	D=$(grep -c "in_progress -> needs_retry" $TMP/out.1)
.softhouse/reviews/T302/a2/drive-f8-cost.zsh	ext	81	redirect	if (( MED > 7 )); then V="OVER the ~7s signal budget"; else V="fits"; fi
.softhouse/reviews/T302/a2/drive-f8-cost.zsh	ext	84	rm	rm -rf $TMP
.softhouse/reviews/T302/a2/drive-f8-cost.zsh	ext	92	redirect	git -C $WT show HEAD:.softhouse/tasks.json > $TMP/tasks.json
.softhouse/reviews/T302/a2/drive-f8-cost.zsh	ext	102	redirect	git add -A; git commit -q -m base ) >/dev/null 2>&1
.softhouse/reviews/T302/a2/drive-f8-cost.zsh	ext	105	redirect	/usr/bin/python3 $R/.softhouse/bin/ready-tasks.py --reconcile --fire COST --dry-run --repo "$R" >/dev/null 2>&1
.softhouse/reviews/T302/a2/drive-f8-cost.zsh	ext	108	rm	rm -rf $TMP
.softhouse/reviews/T302/a2/drive-f8b-realgit.zsh	ext	26	redirect	git -C $WT rev-parse --verify --quiet "$B^{commit}" >/dev/null
.softhouse/reviews/T302/a2/drive-f8b-realgit.zsh	ext	30	redirect	git -C $WT rev-list --count "main..$B" >/dev/null
.softhouse/reviews/T302/a2/drive-f9-realcorpses.zsh	ext	38	redirect	git -C $WT show 5428c0a4:.softhouse/tasks.json > $R/.softhouse/tasks.json
.softhouse/reviews/T302/a2/drive-f9-realcorpses.zsh	ext	50	rm	if [[ "$lockjson" == NONE ]]; then rm -f $R/.softhouse/LOCK
.softhouse/reviews/T302/a2/drive-f9-realcorpses.zsh	ext	51	redirect	else print -r -- "$lockjson" > $R/.softhouse/LOCK; fi
.softhouse/reviews/T302/a2/drive-f9-realcorpses.zsh	ext	72	redirect	if ! git -C $R rev-parse --verify --quiet "$B^{commit}" >/dev/null; then
.softhouse/reviews/T302/a2/drive-f9-realcorpses.zsh	ext	84	rm	rm -rf $TMP
.softhouse/reviews/T302/drive-branch-wip.sh	ext	26	redirect	print -r -- "seed" > seed.txt
.softhouse/reviews/T302/drive-branch-wip.sh	ext	31	redirect	print -r -- "merged deliverable, 40 lines of it" > merged.txt
.softhouse/reviews/T302/drive-branch-wip.sh	ext	38	redirect	print -r -- "pruned deliverable" > pruned.txt
.softhouse/reviews/T302/drive-branch-wip.sh	ext	46	redirect	print -r -- "wip" > wip.txt
.softhouse/reviews/T302/drive-phantom-rescue.sh	ext	23	redirect	print -r -- seed > seed.txt; git add -A; git commit -qm seed
.softhouse/reviews/T302/drive-phantom-rescue.sh	ext	28	redirect	print -r -- "4,482 insertions worth of deliverable" > "$W/deliverable.md"
.softhouse/reviews/T302/drive-phantom-rescue.sh	ext	33	truncate	: > "$LOCKPATH"
.softhouse/reviews/T302/drive-phantom-rescue.sh	ext	47	redirect	git -C "$W" add -A >/dev/null 2>&1;          print -r -- "  add -A      rc=$?  <- DISCARDED by fire-program.sh:892"
.softhouse/reviews/T302/drive-phantom-rescue.sh	ext	49	redirect	commit -q -m "RESCUED: WIP from a worker that never signalled done (fire $STAMP)" >/dev/null 2>&1
.softhouse/reviews/T302/drive-phantom-rescue.sh	ext	53	redirect	print -r -- "  rescued $WN -> $WB"
.softhouse/reviews/T302/drive-phantom-rescue.sh	ext	56	redirect	if git -C "$S" rev-parse --verify --quiet "$WB^{commit}" >/dev/null; then
.softhouse/reviews/T302/drive-phantom-rescue.sh	ext	67	redirect	print -r -- "  -> ready-tasks.py note clause: \"Uncommitted WIP left in its worktree was swept onto $WB by this fire's worktree sweep.\""
.softhouse/reviews/T302/drive-probe.sh	ext	47	redirect	print -r -- 'TBL' ; } > "$d/ps"
.softhouse/reviews/T302/drive-probe.sh	ext	54	redirect	print -r -- "echo n$c" ; } > "$d/lsof"
.softhouse/reviews/T302/drive-probe.sh	ext	67	redirect	0) print -r -- "  -> 0 REFUSE: a live foreign session was found" ;;
.softhouse/reviews/T302/drive-probe.sh	ext	68	redirect	1) print -r -- "  -> 1 MAY RECONCILE: 'positively established that nobody is working here'" ;;
.softhouse/reviews/T302/drive-probe.sh	ext	69	redirect	2) print -r -- "  -> 2 REFUSE: could not establish" ;;
.softhouse/reviews/T306/probe/inject-acceptance.py	ext	19	redirect	sys.exit("usage: inject-acceptance.py <SCRATCH_DIR>")
.softhouse/reviews/T306/probe/measure-gate.sh	ext	46	redirect	-store="$SCRATCH/vectors" > "$SCRATCH/run-$label.txt" 2>&1
.softhouse/reviews/T306/probe/measure-gate.sh	ext	81	redirect	print("  patched admit.go -> the DRIVER's predicate")
.softhouse/reviews/T306/probe/measure-gate.sh	ext	100	redirect	print("  patched admit.go -> T306's FIRST-PASS narrowing")
.softhouse/reviews/T306/probe/mutant-survival.sh	ext	44	rm	rm -f "$SCRATCH/no-ldg05/ledger/LDG-05-openingbalance-accepted-empty-ledger.json"
.softhouse/reviews/T306/probe/mutant-survival.sh	ext	69	redirect	-store="$SCRATCH/$store" -ledger-impl="$impl" > "$SCRATCH/$label-$impl.txt" 2>&1
.softhouse/reviews/T306/probe/mutant-survival.sh	ext	95	redirect	print("  patched admit.go -> T306's FIRST-PASS narrowing")
.softhouse/reviews/T306/probe/mutation-arms.sh	ext	101	redirect	old = "	if obAcceptingLegs && len(v.Expect.Legs) > 0 {\n		count := map[string]int{}"
.softhouse/reviews/T306/probe/mutation-arms.sh	ext	102	redirect	new = "	if false && obAcceptingLegs && len(v.Expect.Legs) > 0 {\n		count := map[string]int{}"
.softhouse/reviews/T306/probe/mutation-arms.sh	ext	111	redirect	old = "			if left > 0 {\n				surplus = append(surplus, text)"
.softhouse/reviews/T306/probe/reprove-t296-flip.sh	ext	29	redirect	-store="$SCRATCH/vectors" > "$SCRATCH/$1.txt" 2>&1
.softhouse/reviews/T306/probe/reprove-t296-flip.sh	ext	57	redirect	print("  reverted in_graded_domain -> false in the SCRATCH copy only")
.softhouse/reviews/T306/probe/store-tripwire.sh	ext	19	rm	trap 'rm -rf "$SCRATCH"' EXIT
.softhouse/reviews/T306/probe/store-tripwire.sh	ext	32	redirect	( cd "$SCRATCH/nexus" && go test -count=1 ./internal/apps/ledger/conformance/ -run "$TEST" -v 2>&1 ) > "$SCRATCH/ctrl.txt"
.softhouse/reviews/T306/probe/store-tripwire.sh	ext	44	redirect	( cd "$SCRATCH/nexus" && go test -count=1 ./internal/apps/ledger/conformance/ -run "$TEST" -v 2>&1 ) > "$SCRATCH/red.txt"
.softhouse/reviews/T308/probe/t308_both_axes.py	ext	164	redirect	"""want='REFUSE' -> count rc==1 with a probe line. want='GREEN' -> count rc==0."""
.softhouse/reviews/T308/probe/t308_both_axes.py	ext	199	redirect	print("  AXIS 1  COVERAGE STRICTNESS   population %d  (grade nothing -> must REFUSE)"
.softhouse/reviews/T308/probe/t308_both_axes.py	ext	201	redirect	print("  AXIS 2  DETECTION GENEROSITY  population %d  (real disagreement -> must REFUSE)"
.softhouse/reviews/T308/probe/t308_both_axes.py	ext	203	redirect	print("  AXIS 3  CONTROL               population %d  (real evidence -> must GREEN)"
.softhouse/reviews/T308/probe/t308_both_axes.py	ext	227	redirect	if len(ms) > args.show_misses:
.softhouse/reviews/T308/probe/t308_both_axes.py	ext	255	py-rmtree	shutil.rmtree(armdir, ignore_errors=True)
.softhouse/reviews/T308/probe/t308_both_axes.py	ext	256	py-rmtree	shutil.rmtree(tmp, ignore_errors=True)
.softhouse/reviews/T308/probe/t308_check_refs.sh	ext	35	redirect	grep -o -E '(out|probe)/[A-Za-z0-9._-]+' "$R/REVIEW.md" | sort -u > "$list"
.softhouse/reviews/T308/probe/t308_check_refs.sh	ext	58	rm	rm -f "$list"
.softhouse/reviews/T308/probe/t308_f290_1b_independent.py	ext	142	py-rmtree	shutil.rmtree(tmp, ignore_errors=True)
.softhouse/reviews/T308/probe/t308_survivor_mutants.py	ext	216	py-rmtree	shutil.rmtree(tmp, ignore_errors=True)
.softhouse/reviews/T308/probe/t308_theorem1_novel_shapes.py	ext	173	py-rmtree	shutil.rmtree(tmp, ignore_errors=True)
.softhouse/reviews/T308/probe/t308_theorem_a.py	ext	99	redirect	print("  CE1/CE2 lose a witness -> GREEN becomes REFUSED. FAIL-CLOSED; harmless to")
.softhouse/reviews/T308/probe/t308_theorem_a.py	ext	101	redirect	print("  CE3     GAINS a witness -> REFUSED becomes GREEN. This is the direction the")
.softhouse/reviews/T308/probe/t308_theorem_a.py	ext	110	redirect	print("  object wrappers use keys _w<n> / _h<n>. So CE1, CE2 and CE3 are all OUTSIDE")
.softhouse/reviews/T308/probe/t308_theorem_a.py	ext	116	py-rmtree	shutil.rmtree(tmp, ignore_errors=True)
.softhouse/reviews/T308/probe/t308_theorem_b_counterrule.py	ext	59	redirect	if len(head) > 1 and head[1:].isdigit():
.softhouse/reviews/T308/probe/t308_theorem_b_counterrule.py	ext	80	redirect	yield path + ".<key>" + k, "key", k
.softhouse/reviews/T308/probe/t308_theorem_b_counterrule.py	ext	115	redirect	owner = spath.split(".<key>")[0] if kind == "key" else spath.rsplit(".", 1)[0]
.softhouse/reviews/T308/probe/t308_theorem_b_counterrule.py	ext	239	py-rmtree	shutil.rmtree(tmp, ignore_errors=True)
.softhouse/reviews/T308/probe/t308_unicode_digit_predicate.py	ext	11	redirect	if len(head) > 1 and head[1:].isdigit():  -> PREDICATE
.softhouse/reviews/T308/probe/t308_unicode_digit_predicate.py	ext	115	py-rmtree	shutil.rmtree(tmp, ignore_errors=True)
.softhouse/reviews/T308/probe/t308_witness_path_forgery.py	ext	90	redirect	print("      -> path is CONCATENATED from untrusted key names; printed unescaped, unquoted,")
.softhouse/reviews/T308/probe/t308_witness_path_forgery.py	ext	144	redirect	lines_exceed_count = len([l for l in wb_i if l.strip()]) > int(f(p_i, "witness") or 0)
.softhouse/reviews/T308/probe/t308_witness_path_forgery.py	ext	176	py-rmtree	shutil.rmtree(tmp, ignore_errors=True)
.softhouse/reviews/T84-evidence/src/classify.py	ext	5	redirect	RAW = sys.argv[1] if len(sys.argv) > 1 else '.softhouse/capture/t83-nonamortizing/out/capture-t83-raw.json'
.softhouse/reviews/T84-evidence/src/classify.py	ext	63	redirect	allclean_above = all(not d[b] for b in ks if largest is None or b>largest)
.softhouse/reviews/T84-evidence/src/eval-probe2.py	ext	27	redirect	print("=== 600.0%% / B=1, n boundary (closed form predicts CLEAN everywhere: B*a > 0.5) ===")
.softhouse/reviews/T84-evidence/src/exemption-demo.py	ext	29	redirect	if len(fr) > 2 and set(fr[2:]) != {"0"}: sys.exit("OVER-SCALED %r" % text)
.softhouse/reviews/T84-evidence/src/exemption-demo.py	ext	70	redirect	"major->minor scaling." % CASE,
.softhouse/reviews/T84-evidence/src/exemption-demo.py	ext	113	py-rmtree	shutil.rmtree(scratch, ignore_errors=True); os.makedirs(scratch)
.softhouse/reviews/T84-evidence/src/exemption-demo.py	ext	119	py-rmtree	shutil.rmtree(scratch, ignore_errors=True)
.softhouse/reviews/T84-evidence/src/exemption-demo.py	ext	146	py-rmtree	shutil.rmtree(store, ignore_errors=True)
.softhouse/reviews/T84-evidence/src/exemption-demo.py	ext	152	py-rmtree	shutil.rmtree(store, ignore_errors=True)
.softhouse/reviews/T84-evidence/src/gencases.py	ext	16	redirect	while B * a >= Fraction(1, 2) and B > 0:
.softhouse/reviews/T84-evidence/src/gencases2.py	ext	23	redirect	while t * a >= Fraction(1, 2) and t > 0: t -= 1
.softhouse/reviews/T84-evidence/src/run-orderdep2.sh	ext	30	redirect	command -v docker >/dev/null 2>&1 || fail "docker not on PATH"
.softhouse/reviews/T84-evidence/src/run-orderdep2.sh	ext	52	redirect	' > "$RAW" 2> "$ERR"
.softhouse/reviews/T84-evidence/src/run-orderdep2.sh	ext	59	redirect	tail -n +"$START" "$RAW" > "$JSON"
.softhouse/reviews/T84-evidence/src/run-port.py	ext	10	py-rmtree	shutil.rmtree(scratch, ignore_errors=True); os.makedirs(scratch)
.softhouse/reviews/T84-evidence/src/run-port.py	ext	19	py-rmtree	shutil.rmtree(scratch, ignore_errors=True)
.softhouse/reviews/T84-evidence/src/run-port.py	ext	63	redirect	multi = [r for r in diverge if len(r[2]) > 1]
.softhouse/reviews/T84-evidence/src/run-t84.sh	ext	56	redirect	' > "$RAW" 2> "$ERR"
.softhouse/reviews/T84-evidence/src/run-t84.sh	ext	63	truncate	if [ "$START" -gt 1 ]; then head -n $((START - 1)) "$RAW" > "$LOG"; else : > "$LOG"; fi
.softhouse/reviews/T84-evidence/src/run-t84.sh	ext	64	redirect	tail -n +"$START" "$RAW" > "$JSON"
.softhouse/reviews/a2-31-dec2-rev4/probe-i4builder-redgreen.sh	ext	18	rm	rm -rf "$S"
.softhouse/reviews/a2-31-dec2-rev4/probe-i4builder-redgreen.sh	ext	22	redirect	cat > "$S/nexuscopy/internal/apps/probe/planted.go" <<'GO'
.softhouse/reviews/a2-33-dec2-rev5/redgreen.sh	ext	16	rm	rm -rf /tmp/a233red
.softhouse/reviews/a2-33-dec2-rev5/redgreen.sh	ext	20	redirect	cat > /tmp/a233red/internal/apps/a233probe/planted.go <<'PLANT'
.softhouse/reviews/a2-34-review-a2-15/bar-and-oracle.sh	ext	35	redirect	bash .softhouse/conformance.sh --prove > /tmp/a234-prove.txt 2>&1; echo "  exit=$?"
.softhouse/reviews/a2-34-review-a2-15/bar-and-oracle.sh	ext	41	redirect	bash .softhouse/conformance.sh loanschedule > /tmp/a234-ls.txt 2>&1; echo "  exit=$?"
.softhouse/reviews/a2-34-review-a2-15/census-nonvacuity.py	ext	16	truncate	print(f"{'case_id':48s} {'class':15s} {'legs':>5} {'DR':>3} {'CR':>3} {'money cells':>12} {'non-zero minor':>15}")
.softhouse/reviews/a2-34-review-a2-15/census-nonvacuity.py	ext	46	redirect	print(f"  promoted vectors with MORE THAN 2 legs : {sum(c for n,c in legdist.items() if n>2)} of {sum(legdist.values())} entry-asserting vectors")
.softhouse/reviews/a2-34-review-a2-15/census-nonvacuity.py	ext	63	redirect	print(f"  {d['case_id']:48s} dec2_revision={d.get('dec2_revision')}  dec1_revision={d.get('dec1_revision','<absent>')}")
.softhouse/reviews/a2-34-review-a2-15/check-money-and-additive.sh	ext	68	redirect	echo "-- merge on main is d76594a (parents a072ecd + 1325e8b). Diff first-parent -> merge:"
.softhouse/reviews/a2-34-review-a2-15/check-money-and-additive.sh	ext	76	redirect	b=$(git rev-parse "a072ecd:$p" 2>/dev/null || echo "<absent>")
.softhouse/reviews/a2-34-review-a2-15/check-money-and-additive.sh	ext	77	redirect	a=$(git rev-parse "d76594a:$p" 2>/dev/null || echo "<absent>")
.softhouse/reviews/a2-34-review-a2-15/check-money-and-additive.sh	ext	78	redirect	n=$(git rev-parse "HEAD:$p" 2>/dev/null || echo "<absent>")
.softhouse/reviews/a2-34-review-a2-15/red-drive-a2-34.sh	ext	22	redirect	digest() { git rev-parse "HEAD:.softhouse/vectors" >/dev/null 2>&1; ( cd "$R" && find .softhouse/vectors/ledger -name '*.json' -print0 | sort -z | xargs -0 shasum -a 256 | shasum -
.softhouse/reviews/a2-34-review-a2-15/red-drive-a2-34.sh	ext	30	redirect	bash .softhouse/conformance.sh "$@" > "$LOG/$tag.txt" 2>&1
.softhouse/reviews/a2-34-review-a2-15/red-drive-a2-34.sh	ext	31	redirect	echo "$?" > "$LOG/$tag.exit"
.softhouse/reviews/a2-34-review-a2-15/red-drive-a2-34.sh	ext	62	git-restore	revert() { git checkout -- .softhouse/vectors/ledger; }
.softhouse/reviews/a2-34-review-a2-15/red-drive-a2-34.sh	ext	77	redirect	echo "       27045058 -> 27045059). Must be a MONEY kill through conformance.sh."
.softhouse/reviews/a2-34-review-a2-15/red-drive-a2-34.sh	ext	80	inplace-edit	/usr/bin/sed -i '' 's/"amount_minor": "27045058"/"amount_minor": "27045059"/' "$F"
.softhouse/reviews/a2-34-review-a2-15/red-drive-a2-34.sh	ext	91	redirect	echo "       MINOR UNIT (1000000 -> 1000000.01). splits_sum_to_whole must go"
.softhouse/reviews/a2-34-review-a2-15/red-drive-a2-34.sh	ext	96	inplace-edit	/usr/bin/sed -i '' 's/"transaction_amount_major_text": "1000000"/"transaction_amount_major_text": "1000000.01"/' "$F"
.softhouse/reviews/a2-34-review-a2-15/red-drive-a2-34.sh	ext	120	rm	rm $V/LDG-04-header-account-accepted.json
.softhouse/reviews/a2-34-review-a2-15/red-drive-a2-34.sh	ext	146	rm	rm -f $V/A2-34-RD5-INFLATION-PROBE.json
.softhouse/reviews/a2-34-review-a2-15/red-drive-a2-34.sh	ext	154	inplace-edit	/usr/bin/sed -i '' 's/"gl_account_type"$/"gl_account_type", "amount_minor"/' "$F"
.softhouse/reviews/a2-34-review-a2-15/red-drive-b-a2-34.sh	ext	40	redirect	/tmp/a234-conf -vectors .softhouse/vectors -ledger-impl "$impl" > "$LOG/impl-$impl.txt" 2>&1
.softhouse/reviews/a2-34-review-a2-15/red-drive-b-a2-34.sh	ext	50	redirect	/tmp/a234-conf -vectors .softhouse/vectors > "$LOG/impl-correct.txt" 2>&1
.softhouse/reviews/a2-34-review-a2-15/red-drive-b-a2-34.sh	ext	65	redirect	bash .softhouse/conformance.sh > "$LOG/rd8b.txt" 2>&1; echo "  exit=$?"
.softhouse/reviews/a2-34-review-a2-15/red-drive-b-a2-34.sh	ext	67	git-restore	git checkout -- .softhouse/vectors/ledger
.softhouse/reviews/a2-34-review-a2-15/red-drive-b-a2-34.sh	ext	74	rm	rm -f $V/*.json
.softhouse/reviews/a2-34-review-a2-15/red-drive-b-a2-34.sh	ext	75	redirect	bash .softhouse/conformance.sh > "$LOG/rd10.txt" 2>&1; echo "  exit=$?"
.softhouse/reviews/a2-34-review-a2-15/red-drive-b-a2-34.sh	ext	81	redirect	bash .softhouse/conformance.sh > "$LOG/controlB.txt" 2>&1; echo "  exit=$?"
.softhouse/reviews/a2-34-review-a2-15/red-drive-c-a2-34.sh	ext	16	redirect	/tmp/a234-conf -store "$R/.softhouse/vectors" -oracle-probe up > "$LOG/c-correct.txt" 2>&1
.softhouse/reviews/a2-34-review-a2-15/red-drive-c-a2-34.sh	ext	22	redirect	/tmp/a234-conf -store "$R/.softhouse/vectors" -oracle-probe up -ledger-impl "$impl" > "$LOG/c-$impl.txt" 2>&1
.softhouse/reviews/a2-34-review-a2-15/rederive-provenance.sh	ext	45	redirect	print(f"{v['case_id']:48s} {label} <ABSENT FROM VECTOR>")
.softhouse/reviews/a2-34-review-a2-15/rederive-provenance.sh	ext	112	redirect	flag = "OK " if (c_resp_alt > 0 and okmath) else "***"
.softhouse/reviews/a2-34-review-a2-15/rederive-provenance.sh	ext	114	truncate	print(f"    {flag} leg[{i}] gl={leg['gl_account_id']:>3} code={leg['gl_account_code']:>6} {leg['entry_side']:>6} "
.softhouse/reviews/a2-34-review-a2-15/rederive-provenance.sh	ext	115	redirect	f"major={mt:>16} minor={mn:>10} derived={derived:>10} math={'OK' if okmath else 'FAIL'} "
.softhouse/reviews/a2-34-review-a2-15/rederive-provenance.sh	ext	139	redirect	ok = c > 0 or cs > 0
.softhouse/reviews/a2-34-review-a2-15/run-bar.sh	ext	12	redirect	bash .softhouse/conformance.sh "$@" > "$OUT" 2>&1
.softhouse/reviews/t172-probe/check-lock-exclusion-anchor.sh	ext+execbit	146	redirect	zsh "${HERE}/setup-scratch-repo.sh" >/dev/null
.softhouse/reviews/t172-probe/check-lock-exclusion-anchor.sh	ext+execbit	212	redirect	zsh "${HERE}/setup-scratch-repo.sh" >/dev/null
.softhouse/reviews/t172-probe/run-move-demo.sh	ext+execbit	78	rm	rm -f "$MUTANT"
.softhouse/reviews/t172-probe/run-move-demo.sh	ext+execbit	95	redirect	echo "MOVE DEMONSTRATION CONFIRMED: both sites relocated by ~300 lines, and the probe found and classified BOTH at their NEW line numbers ($NEW_DETECT_LINE, $NEW_STAGE_LINE) and st
.softhouse/reviews/t172-probe/run-red-demo-site1.sh	ext+execbit	82	rm	rm -f "$MUTANT"
.softhouse/reviews/t172-probe/run-red-demo-site2.sh	ext+execbit	84	rm	rm -f "$MUTANT"
.softhouse/reviews/t172-probe/run-red-demo.sh	ext+execbit	57	redirect	print -rn -- "$mutated" > "$MUTANT"
.softhouse/reviews/t172-probe/run-red-demo.sh	ext+execbit	68	rm	rm -f "$MUTANT"
.softhouse/reviews/t172-probe/run-zero-match-demo.sh	ext+execbit	16	redirect	print -r -- '#!/bin/zsh' > "$DECOY"
.softhouse/reviews/t172-probe/run-zero-match-demo.sh	ext+execbit	28	rm	rm -f "$DECOY"
.softhouse/reviews/t172-probe/setup-scratch-repo.sh	ext+execbit	14	rm	rm -rf "$SCRATCH"
.softhouse/reviews/t172-probe/setup-scratch-repo.sh	ext+execbit	25	redirect	print -r -- "baseline" > .softhouse/tasks.json
.softhouse/reviews/t172-probe/setup-scratch-repo.sh	ext+execbit	26	redirect	print -r -- "baseline" > some/other/baseline.go
.softhouse/reviews/t172-probe/setup-scratch-repo.sh	ext+execbit	35	redirect	print -r -- '{"holder":"local-launchd"}' > .softhouse/LOCK
.softhouse/reviews/t172-probe/setup-scratch-repo.sh	ext+execbit	39	redirect	print -r -- "genuine work" > .softhouse/LOCKED_STATE.md
.softhouse/reviews/t172-probe/setup-scratch-repo.sh	ext+execbit	42	redirect	print -r -- "new untracked control" > some/other/newfile.go
.softhouse/reviews/t179-guard-classifier/fixtures/green_real_trap.sh	ext	7	mv	trap 'mv /tmp/x.bak .softhouse/vectors/t179-fixture-never-run/case.json' EXIT INT TERM HUP QUIT
.softhouse/reviews/t179-guard-classifier/fixtures/green_real_trap.sh	ext	8	inplace-edit	sed -i '' 's/a/b/' .softhouse/vectors/t179-fixture-never-run/case.json
.softhouse/reviews/t179-guard-classifier/fixtures/red_guard_elsewhere.py	ext	23	py-rmtree	os.remove(tmp)
.softhouse/reviews/t179-guard-classifier/fixtures/red_prose_guard.py	ext	35	redirect	return rewrite(sys.argv[1] if len(sys.argv) > 1 else "")
.softhouse/reviews/t179-guard-classifier/fixtures/red_prose_guard.sh	ext	5	redirect	echo "One trap worth naming: restore with a trap, not a plain statement" > /dev/null
.softhouse/reviews/t179-guard-classifier/fixtures/red_prose_guard.sh	ext	7	inplace-edit	sed -i '' 's/a/b/' .softhouse/vectors/t179-fixture-never-run/case.json
.softhouse/reviews/t179-guard-classifier/guard_classify.py	ext	189	py-rmtree	"os.replace": 1, "os.rename": 1, "os.remove": 0, "os.unlink": 0,
.softhouse/reviews/t179-guard-classifier/guard_classify.py	ext	190	py-rmtree	"os.rmdir": 0, "os.truncate": 0, "os.chmod": 0, "os.removedirs": 0,
.softhouse/reviews/t179-guard-classifier/guard_classify.py	ext	192	py-rmtree	"shutil.copytree": 1, "shutil.rmtree": 0, "shutil.chown": 0,
.softhouse/reviews/t179-guard-classifier/guard_classify.py	ext	230	redirect	return "<unparse-unavailable>"
.softhouse/reviews/t179-guard-classifier/guard_classify.py	ext	237	redirect	resolvable parts, f-string constant fragments.  Anything else -> None, and the
.softhouse/reviews/t179-guard-classifier/guard_classify.py	ext	378	redirect	actual = c.args[i] if len(c.args) > i else None
.softhouse/reviews/t179-guard-classifier/guard_classify.py	ext	783	redirect	IMPORT_MISSES = {}          # module name -> count, for the report
.softhouse/reviews/t179-guard-classifier/guard_classify.py	ext	784	redirect	IMPORT_AMBIGUOUS = {}       # module name -> count, for the report
.softhouse/reviews/t179-guard-classifier/guard_classify.py	ext	802	redirect	"""basename (without .py) -> sorted list of absolute paths, under `root`."""
.softhouse/reviews/t179-guard-classifier/guard_classify.py	ext	829	redirect	if len(hits) > 1:
.softhouse/reviews/t179-guard-classifier/guard_classify.py	ext	939	redirect	pass                                # unreadable/unparsable -> no guard found
.softhouse/reviews/t179-guard-classifier/guard_classify.py	ext	968	redirect	if len(call.args) > 1 and isinstance(call.args[1], ast.Constant):
.softhouse/reviews/t179-guard-classifier/guard_classify.py	ext	990	redirect	tgt = n.args[idx] if len(n.args) > idx else None
.softhouse/reviews/t179-guard-classifier/guard_classify.py	ext	1071	redirect	scope, tags, target_text = UNKNOWN, [], "<no target argument>"
.softhouse/reviews/t179-guard-classifier/guard_classify.py	ext	1225	redirect	ext = os.path.splitext(fn)[1] or "<none>"
.softhouse/reviews/t179-guard-classifier/guard_classify.py	ext	1265	redirect	", …" if len(excluded) > 4 else ""))
.softhouse/reviews/t179-guard-classifier/guard_classify.py	ext	1322	redirect	"    can ONLY move a site UNKNOWN -> TRUSTED; a chain probe returning SCRATCH is\n"
.softhouse/reviews/t179-guard-classifier/guard_classify.py	ext	1368	redirect	", …" if len(IMPORT_MISSES) > 18 else ""))
.softhouse/reviews/t179-guard-classifier/guard_classify.py	ext	1373	redirect	", …" if len(IMPORT_AMBIGUOUS) > 18 else ""))
.softhouse/reviews/t179-guard-classifier/guard_classify.py	ext	1403	redirect	other_ext, excluded, root = {}, [], "<explicit file list>"
.softhouse/reviews/t179-guard-classifier/rederive_population.py	ext	102	redirect	e = os.path.splitext(p)[1] or "<none>"
.softhouse/reviews/t179-guard-classifier/rederive_population.py	ext	274	redirect	print("    -> python files T156 scored GUARDED with ZERO guard nodes of any "
.softhouse/reviews/t185-probe/measure-cells-drop.py	ext	80	redirect	print("=> the published '772 money deltas, 0 swallowed' is NOT understated ON THIS CORPUS.")
.softhouse/reviews/t185-probe/measure-cells-drop.py	ext	85	redirect	print("=> the published figure IS over a silently shrunken denominator.")
.softhouse/reviews/t185-probe/probe-t44-successor.sh	ext	5	rm	S=$(mktemp -d); trap 'rm -rf "$S"' EXIT
.softhouse/reviews/t185-probe/probe-t44-successor.sh	ext	11	redirect	printf '{"amount": 0.1234567890123456789, "other": 1.5}\n' > "$S/a1/lossy.json"
.softhouse/reviews/t185-probe/probe-t44-successor.sh	ext	12	redirect	python3 "$SUCC" "$S/a1/*.json" > "$S/a1.txt" 2>&1; e=$?
.softhouse/reviews/t185-probe/probe-t44-successor.sh	ext	22	redirect	mkdir -p "$S/a2"; printf '{"amount": "1250000.00"}\n' > "$S/a2/strings.json"
.softhouse/reviews/t185-probe/probe-t44-successor.sh	ext	23	redirect	python3 "$SUCC" "$S/a2/*.json" > "$S/a2.txt" 2>&1; e=$?
.softhouse/reviews/t185-probe/probe-t44-successor.sh	ext	28	redirect	mkdir -p "$S/a3"; printf '{"a": 1.5}\n' > "$S/a3/ok.json"; printf '{"b": 2.5}\n' > "$S/a3/locked.json"; chmod 000 "$S/a3/locked.json"
.softhouse/reviews/t185-probe/probe-t44-successor.sh	ext	29	redirect	python3 "$SUCC" "$S/a3/*.json" > "$S/a3.txt" 2>&1; e=$?
.softhouse/reviews/t185-probe/probe-t44-successor.sh	ext	37	redirect	mkdir -p "$S/a4/adir.json"; printf '{"a": 1.5}\n' > "$S/a4/ok.json"
.softhouse/reviews/t185-probe/probe-t44-successor.sh	ext	38	redirect	python3 "$SUCC" "$S/a4/*.json" > "$S/a4.txt" 2>&1; e=$?
.softhouse/reviews/t185-probe/probe-t44-successor.sh	ext	44	redirect	mkdir -p "$S/a5"; printf '{"a": 1.5}\n' > "$S/a5/ok.json"
.softhouse/reviews/t185-probe/probe-t44-successor.sh	ext	46	redirect	python3 "$SUCC" "$S/a5/*.json" > "$S/a5.txt" 2>&1; e=$?
.softhouse/reviews/t185-probe/probe-t55-successor.py	ext	125	py-rmtree	shutil.rmtree(base, ignore_errors=True)
.softhouse/reviews/t202-probe/e2e.zsh	ext	10	rm	rm -rf "$E"; mkdir -p "$E/repo/.softhouse" "$E/logs" "$E/bin"
.softhouse/reviews/t202-probe/e2e.zsh	ext	13	redirect	print -r -- baseline > .softhouse/tasks.json
.softhouse/reviews/t202-probe/e2e.zsh	ext	14	redirect	print -r -- '{"status":"running"}' > .softhouse/program.json
.softhouse/reviews/t202-probe/e2e.zsh	ext	15	redirect	print -r -- '{"tasks":[]}' > .softhouse/tasks.json
.softhouse/reviews/t202-probe/e2e.zsh	ext	16	redirect	print -r -- "resume" > .softhouse/RESUME.md
.softhouse/reviews/t202-probe/e2e.zsh	ext	19	redirect	git worktree add -q -b wk-good "$E/wt-good" >/dev/null 2>&1
.softhouse/reviews/t202-probe/e2e.zsh	ext	20	redirect	git worktree add -q -b wk-bad  "$E/wt-bad"  >/dev/null 2>&1
.softhouse/reviews/t202-probe/e2e.zsh	ext	22	redirect	cat > "$E/bin/claude" <<'FAKE'
.softhouse/reviews/t202-probe/e2e.zsh	ext	26	redirect	print -r -- "committed by the driver" > docs-committed.md
.softhouse/reviews/t202-probe/e2e.zsh	ext	28	redirect	git add -A -- ':(top)' >/dev/null 2>&1
.softhouse/reviews/t202-probe/e2e.zsh	ext	29	redirect	git -c user.name=d -c user.email=d@e.com commit -q -m "driver work" >/dev/null 2>&1
.softhouse/reviews/t202-probe/e2e.zsh	ext	30	redirect	print -r -- "STRANDED in the main tree"    > T999-handoff.md
.softhouse/reviews/t202-probe/e2e.zsh	ext	31	redirect	print -r -- "resumed" > .softhouse/RESUME.md
.softhouse/reviews/t202-probe/e2e.zsh	ext	32	redirect	print -r -- "STRANDED inside a worktree"   > /tmp/t202/e2e/wt-good/handoff.md
.softhouse/reviews/t202-probe/e2e.zsh	ext	33	redirect	print -r -- "STRANDED behind a broken git" > /tmp/t202/e2e/wt-bad/handoff.md
.softhouse/reviews/t202-probe/e2e.zsh	ext	34	redirect	print -r -- GARBAGE > /tmp/t202/e2e/wt-bad/.git
.softhouse/reviews/t202-probe/green-Ta.zsh	ext	24	rm	rm -rf "$S"; mkdir -p "$S/main"
.softhouse/reviews/t202-probe/green-Ta.zsh	ext	29	redirect	space) git worktree add -q -b wk-a "$S/wt with space" >/dev/null 2>&1 ;;
.softhouse/reviews/t202-probe/green-Ta.zsh	ext	30	redirect	*)     git worktree add -q -b wk-a "$S/wt-a" >/dev/null 2>&1
.softhouse/reviews/t202-probe/green-Ta.zsh	ext	31	redirect	git worktree add -q -b wk-b "$S/wt-b" >/dev/null 2>&1 ;;
.softhouse/reviews/t202-probe/green-Ta.zsh	ext	34	redirect	healthy)  print -r -- "4482 insertions" > "$S/wt-a/handoff.md"
.softhouse/reviews/t202-probe/green-Ta.zsh	ext	35	redirect	print -r -- "DEC-1 retry"     > "$S/wt-b/handoff.md" ;;
.softhouse/reviews/t202-probe/green-Ta.zsh	ext	36	redirect	corrupt)  print -r -- "4482 insertions" > "$S/wt-a/handoff.md"
.softhouse/reviews/t202-probe/green-Ta.zsh	ext	37	redirect	print -r -- "DEC-1 retry"     > "$S/wt-b/handoff.md"
.softhouse/reviews/t202-probe/green-Ta.zsh	ext	38	redirect	print -r -- GARBAGE > "$S/wt-b/.git" ;;
.softhouse/reviews/t202-probe/green-Ta.zsh	ext	39	redirect	badindex) print -r -- "4482 insertions" > "$S/wt-a/handoff.md"
.softhouse/reviews/t202-probe/green-Ta.zsh	ext	40	redirect	print -r -- "DEC-1 retry"     > "$S/wt-b/handoff.md"
.softhouse/reviews/t202-probe/green-Ta.zsh	ext	42	redirect	print -r -- 'NOT-AN-INDEX-FILE-AT-ALL' > "$GD/index" ;;
.softhouse/reviews/t202-probe/green-Ta.zsh	ext	44	redirect	space)    print -r -- "work in a path with a space" > "$S/wt with space/handoff.md" ;;
.softhouse/reviews/t202-probe/green-Ta.zsh	ext	100	redirect	(( CHECKED > 0 )) || { print -r -- "ERROR: zero checks inspected (P-35)"; exit 3 }
.softhouse/reviews/t202-probe/green-Tb.zsh	ext	20	rm	rm -rf "$S"; mkdir -p "$S"
.softhouse/reviews/t202-probe/green-Tb.zsh	ext	24	redirect	print -r -- baseline > .softhouse/tasks.json
.softhouse/reviews/t202-probe/green-Tb.zsh	ext	25	redirect	print -r -- baseline > docs/baseline.md
.softhouse/reviews/t202-probe/green-Tb.zsh	ext	26	redirect	print -r -- baseline > tools/deep/keep.txt
.softhouse/reviews/t202-probe/green-Tb.zsh	ext	27	redirect	print -r -- '{"holder":"local-launchd"}' > .softhouse/LOCK
.softhouse/reviews/t202-probe/green-Tb.zsh	ext	31	redirect	dirty)  print -r -- "a whole DEC-1 retry" > docs/T999-handoff.md
.softhouse/reviews/t202-probe/green-Tb.zsh	ext	32	redirect	print -r -- "vector capture"      > .softhouse/vector.json ;;
.softhouse/reviews/t202-probe/green-Tb.zsh	ext	36	redirect	print -r -- "a whole DEC-1 retry" > docs/T999-handoff.md
.softhouse/reviews/t202-probe/green-Tb.zsh	ext	37	redirect	print -r -- '#!/bin/sh\nexit 1' > .git/hooks/pre-commit
.softhouse/reviews/t202-probe/green-Tb.zsh	ext	40	redirect	print -r -- "a whole DEC-1 retry" > docs/T999-handoff.md
.softhouse/reviews/t202-probe/green-Tb.zsh	ext	41	redirect	print -r -- held > .git/index.lock ;;
.softhouse/reviews/t202-probe/green-Tb.zsh	ext	44	redirect	print -r -- "genuine work" > .softhouse/LOCKED_STATE.md
.softhouse/reviews/t202-probe/green-Tb.zsh	ext	45	redirect	print -r -- "genuine work" > .softhouse/LOCK.bak
.softhouse/reviews/t202-probe/green-Tb.zsh	ext	46	redirect	mkdir -p .softhouse/LOCKDIR; print -r -- w > .softhouse/LOCKDIR/f.md ;;
.softhouse/reviews/t202-probe/green-Tb.zsh	ext	116	redirect	(( CHECKED > 0 )) || { print -r -- "ERROR: zero checks inspected (P-35)"; exit 3 }
.softhouse/reviews/t202-probe/green-Tc-kill.zsh	ext	26	redirect	print -r -- "{"                            >  "$LOCK"
.softhouse/reviews/t202-probe/green-Tc-kill.zsh	ext	41	redirect	( source "$1"; print -r -- "REACHED-TAKEOVER" ) > /tmp/t202/acq-out.txt 2>&1
.softhouse/reviews/t202-probe/green-Tc-kill.zsh	ext	81	redirect	(( CHECKED > 0 )) || { print -r -- "ERROR: zero checks inspected (P-35)"; exit 3 }
.softhouse/reviews/t202-probe/make-mutants-b.py	ext	7	redirect	"BA": [("  git add -A -- ':(top)' ':(top,exclude).softhouse/LOCK' >/dev/null 2>&1",
.softhouse/reviews/t202-probe/make-mutants-b.py	ext	8	redirect	"  git add -A -- . ':!.softhouse/LOCK' >/dev/null 2>&1")],
.softhouse/reviews/t202-probe/make-mutants-k.py	ext	7	redirect	"KB": [('  kill -0 "$pid" 2>/dev/null       && return 1   # still running => not stale',
.softhouse/reviews/t202-probe/orphan-heartbeat.py	ext	8	py-rmtree	if os.path.exists(hb): os.remove(hb)
.softhouse/reviews/t202-probe/orphan-heartbeat.py	ext	33	redirect	print("  VERDICT:", "DRIVER OUTLIVED THE WRAPPER (still beating)" if n2 > n1
.softhouse/reviews/t202-probe/patch.py	ext	28	redirect	log "stale lock (age ${AGE}s > ${LOCK_MAX_AGE_SECS}s) — taking it over"
.softhouse/reviews/t202-probe/patch.py	ext	59	redirect	[[ "$pid" == <1-> ]]             || return 1   # zsh numeric glob; junk => alive
.softhouse/reviews/t202-probe/patch.py	ext	61	redirect	kill -0 "$pid" 2>/dev/null       && return 1   # still running => not stale
.softhouse/reviews/t202-probe/patch.py	ext	75	redirect	log "stale lock (age ${AGE}s > ${LOCK_MAX_AGE_SECS}s) — taking it over"
.softhouse/reviews/t202-probe/patch.py	ext	85	rm	rm -f "$LOCK"
.softhouse/reviews/t202-probe/patch.py	ext	91	rm	rm -f "$LOCK"
.softhouse/reviews/t202-probe/patch.py	ext	137	redirect	old = '''  git add -A -- . ':!.softhouse/LOCK' >/dev/null 2>&1
.softhouse/reviews/t202-probe/patch.py	ext	139	redirect	commit -q -m "softhouse: rescue uncommitted deliverables left by fire $STAMP (exit-protocol violation)" >/dev/null 2>&1
.softhouse/reviews/t202-probe/patch.py	ext	152	redirect	git add -A -- ':(top)' ':(top,exclude).softhouse/LOCK' >/dev/null 2>&1
.softhouse/reviews/t202-probe/patch.py	ext	158	redirect	commit -q -m "softhouse: rescue uncommitted deliverables left by fire $STAMP (exit-protocol violation)" >/dev/null 2>&1
.softhouse/reviews/t202-probe/patch.py	ext	196	redirect	(( ${#WT_PATHS} > 0 )) && WT_PATHS=("${(@)WT_PATHS[2,-1]}")
.softhouse/reviews/t202-probe/red-Ta.zsh	ext	10	redirect	/bin/zsh /tmp/t202/setup-scratch.zsh >/dev/null
.softhouse/reviews/t202-probe/red-Ta.zsh	ext	20	redirect	print -r -- "GARBAGE-NOT-A-GITDIR-POINTER" > "$S/wt-broken/.git"
.softhouse/reviews/t202-probe/red-Ta.zsh	ext	31	redirect	print -r -- "  shipped guard verdict: WD==0 -> continue   *** WORKTREE TREATED AS CLEAN - FAIL-OPEN ***"
.softhouse/reviews/t202-probe/red-Tb.zsh	ext	13	rm	rm -rf "$S"; mkdir -p "$S"
.softhouse/reviews/t202-probe/red-Tb.zsh	ext	17	redirect	print -r -- baseline > .softhouse/tasks.json
.softhouse/reviews/t202-probe/red-Tb.zsh	ext	18	redirect	print -r -- baseline > docs/baseline.md
.softhouse/reviews/t202-probe/red-Tb.zsh	ext	19	redirect	print -r -- baseline > tools/deep/keep.txt
.softhouse/reviews/t202-probe/red-Tb.zsh	ext	20	redirect	print -r -- '{"holder":"local-launchd"}' > .softhouse/LOCK
.softhouse/reviews/t202-probe/red-Tb.zsh	ext	24	redirect	print -r -- "a whole DEC-1 retry" > "$S/docs/T999-handoff.md"
.softhouse/reviews/t202-probe/red-Tb.zsh	ext	25	redirect	print -r -- "vector capture"      > "$S/.softhouse/vector.json"
.softhouse/reviews/t202-probe/setup-scratch.zsh	ext	7	rm	rm -rf "$S"; mkdir -p "$S/main"
.softhouse/reviews/t202-probe/setup-scratch.zsh	ext	12	redirect	print -r -- baseline > .softhouse/tasks.json
.softhouse/reviews/t202-probe/setup-scratch.zsh	ext	13	redirect	print -r -- baseline > docs/baseline.md
.softhouse/reviews/t202-probe/setup-scratch.zsh	ext	18	redirect	git worktree add -q -b wk-healthy  "$S/wt-healthy"  >/dev/null 2>&1
.softhouse/reviews/t202-probe/setup-scratch.zsh	ext	19	redirect	git worktree add -q -b wk-broken   "$S/wt-broken"   >/dev/null 2>&1
.softhouse/reviews/t202-probe/setup-scratch.zsh	ext	22	redirect	print -r -- "4482 insertions of real work" > "$S/wt-healthy/handoff.md"
.softhouse/reviews/t202-probe/setup-scratch.zsh	ext	23	redirect	print -r -- "an entire DEC-1 retry"        > "$S/wt-broken/handoff.md"
.softhouse/reviews/t202-probe/setup-scratch.zsh	ext	24	redirect	print -r -- "vector capture"               > "$S/wt-broken/vector.json"
.softhouse/reviews/t202-probe/tc-run.zsh	ext	7	rm	rm -rf "$REPO"; mkdir -p "$REPO/.softhouse"
.softhouse/reviews/t202-probe/tc-run.zsh	ext	10	redirect	print -r -- baseline > .softhouse/tasks.json
.softhouse/reviews/t202-probe/tc-run.zsh	ext	11	redirect	print -r -- "{\"holder\":\"local-launchd\",\"host\":\"$(hostname -s)\",\"pid\":0}" > .softhouse/LOCK
.softhouse/reviews/t202-probe/tc-spawn.py	ext	50	redirect	+ ("  (128+%d, killed by signal %d)" % (rc - 128, rc - 128) if rc > 128 else ""))
.softhouse/reviews/t217-probe/T211-reverify/extract.py	ext+execbit	11	redirect	writes  <outdir>/traps.zsh   and  <outdir>/driver.zsh
.softhouse/reviews/t217-probe/T211-reverify/fake-claude.zsh	ext+execbit	10	redirect	print -r -- "$$" > "${T211_CHILDPID:-/tmp/t211-scratch/childpid}"
.softhouse/reviews/t217-probe/T211-reverify/lock-recovery.zsh	ext+execbit	21	rm	rm -rf $WORK; mkdir -p $WORK
.softhouse/reviews/t217-probe/T211-reverify/lock-recovery.zsh	ext+execbit	43	redirect	mk() { print -r -- "$1" > "$LOCK" }
.softhouse/reviews/t217-probe/T211-reverify/lock-recovery.zsh	ext+execbit	51	redirect	print -r -- "  PASS  $label -> $got (expected $expect)"
.softhouse/reviews/t217-probe/T211-reverify/lock-recovery.zsh	ext+execbit	53	redirect	print -r -- "  FAIL  $label -> $got (expected $expect)   <-- T202's recovery is BROKEN"
.softhouse/reviews/t217-probe/T211-reverify/lock-recovery.zsh	ext+execbit	81	rm	rm -f "$LOCK"
.softhouse/reviews/t217-probe/T211-reverify/run-case.zsh	ext+execbit	23	rm	rm -rf "$T211_FRAG"; mkdir -p "$T211_FRAG"
.softhouse/reviews/t217-probe/T211-reverify/run-case.zsh	ext+execbit	24	rm	rm -f "$T211_CHILDPID"
.softhouse/reviews/t217-probe/T211-reverify/setup-scratch.zsh	ext+execbit	6	rm	rm -rf "$REPO"
.softhouse/reviews/t217-probe/T211-reverify/setup-scratch.zsh	ext+execbit	10	redirect	print -r -- baseline > .softhouse/tasks.json
.softhouse/reviews/t217-probe/T211-reverify/setup-scratch.zsh	ext+execbit	11	redirect	cat > .softhouse/LOCK <<EOF
.softhouse/reviews/t217-probe/T211-reverify/spawn.py	ext+execbit	6	redirect	<key>ProgramArguments</key> = [ /bin/zsh, -lc, <script path> ]
.softhouse/reviews/t217-probe/T211-reverify/spawn.py	ext+execbit	31	redirect	ready_tok = sys.argv[4] if len(sys.argv) > 4 else "READY"
.softhouse/reviews/t217-probe/T211-reverify/spawn.py	ext+execbit	32	redirect	delay = float(sys.argv[5]) if len(sys.argv) > 5 else 0.5
.softhouse/reviews/t217-probe/T211-reverify/spawn.py	ext+execbit	33	redirect	timeout = float(sys.argv[6]) if len(sys.argv) > 6 else 45.0
.softhouse/reviews/t217-probe/T211-reverify/spawn.py	ext+execbit	90	redirect	print("EXIT LATENCY (signal -> wrapper exit) = %.3fs%s"
.softhouse/reviews/t217-probe/T211-reverify/spawn.py	ext+execbit	93	redirect	print("subject rc = %d   (python reports -N for death by signal N -> signal %d)" % (rc, -rc))
.softhouse/reviews/t217-probe/T211-reverify/spawn.py	ext+execbit	94	redirect	elif rc > 128:
.softhouse/reviews/t217-probe/run-push-case.zsh	ext+execbit	18	rm	rm -rf "$T217_FRAG" "$T217_REPO" "$BIN"; mkdir -p "$T217_FRAG" "$BIN"
.softhouse/reviews/t217-probe/run-push-case.zsh	ext+execbit	19	rm	rm -f "$T217_FAKEGIT_LOG"
.softhouse/reviews/t217-probe/run-push-case.zsh	ext+execbit	35	redirect	&& print -r -- baseline > .softhouse/tasks.json \
.softhouse/reviews/t217-probe/run-push-case.zsh	ext+execbit	36	redirect	&& print -r -- "$LOCK_JSON" > .softhouse/LOCK \
.softhouse/reviews/t217-probe/run-push-case.zsh	ext+execbit	66	rm	print -r -- "LOCAL LOCK FILE = released (rm -f runs before any git call, so this should be true in EVERY case)"
.softhouse/reviews/t217-probe/spawn-push.py	ext+execbit	47	redirect	print("WALL TIME (start -> subject exit or forced reap) = %.3fs%s"
.softhouse/reviews/t21v2/run-probe2-attested.sh	ext+execbit	28	redirect	command -v docker >/dev/null 2>&1 || fail "docker not on PATH"
.softhouse/reviews/t21v2/run-probe2-attested.sh	ext+execbit	37	rm	rm -rf "$WORK"
.softhouse/reviews/t21v2/run-probe2-attested.sh	ext+execbit	56	redirect	' > "$WORK/out/raw.txt" 2> "$WORK/out/stderr.txt"
.softhouse/reviews/t21v2/run-probe2-attested.sh	ext+execbit	63	redirect	grep -v '^#' "$WORK/out/raw.txt" | grep -v 'MoneyHelper' | grep -v '^[[:space:]]*$' > "$WORK/out/rows.txt"
.softhouse/reviews/t21v2/run-probe2-attested.sh	ext+execbit	68	redirect	grep -v '^#' "$OUT" | grep -v 'MoneyHelper' | grep -v '^[[:space:]]*$' > "$WORK/out/rows-committed.txt"
.softhouse/reviews/t21v2/run-probe2-attested.sh	ext+execbit	69	redirect	if ! diff -u "$WORK/out/rows-committed.txt" "$WORK/out/rows.txt" > "$WORK/out/rows.diff"; then
.softhouse/reviews/t21v2/t21v2-crosspass.py	ext	33	redirect	if ia.get(k, "<absent>") != ib.get(k, "<absent>"):
.softhouse/reviews/t21v2/t21v2-crosspass.py	ext	34	redirect	print("   ", k, "=", ia.get(k, "<absent>"), "|", ib.get(k, "<absent>"))
.softhouse/reviews/t21v2/t21v2-invariants.py	ext	6	redirect	R1 principal amortizes to exactly zero      -> final REPAYMENT `balance` == 0
.softhouse/reviews/t21v2/t21v2-invariants.py	ext	110	redirect	print(f"{'capture':<14} " + " ".join(f"{h:>3}" for h in hdr) + "   six-claimed  all")
.softhouse/reviews/t21v2/t21v2-rederive.py	ext	14	redirect	ProgressiveEMICalculator.java:1486-1540  calculateRateFactorPerPeriod    -> DAYS_30 branch :1536-1537
.softhouse/reviews/t21v2/t21v2-rederive.py	ext	25	redirect	ProgressiveEMICalculator.java:1419-1459  calculatePeriodRatio -> 1 for a regular anchored monthly schedule
.softhouse/reviews/t21v2/t21v2-rederive.py	ext	36	redirect	ProgressiveEMICalculator.java:1722-1742  Money.of(currency, emiValue, mc) -> scale 2; assigned to every period
.softhouse/reviews/t21v2/t21v2-rederive.py	ext	45	redirect	then Money.of(..., mc) -> scale 2
.softhouse/reviews/t21v2/t21v2-rederive.py	ext	63	redirect	EmiAdjustment.java:31-44                 shouldBeAdjusted: floor(n/2) > 0 and diff != 0 and
.softhouse/reviews/t21v2/t21v2-rederive.py	ext	64	redirect	|diff| * 100 > Money(floor(n/2))
.softhouse/reviews/t21v2/t21v2-rederive.py	ext	111	redirect	if seed.day > 28 and d.day >= 28:
.softhouse/reviews/t21v2/t21v2-rederive.py	ext	228	redirect	if not (abs(diff) * 100 > money(Decimal(lower_half), dp)):                             # EmiAdjustment:31-36
.softhouse/reviews/t21v2/t21v2-rederive.py	ext	329	redirect	f"schedule start 2024-01-01 -> last due 2024-07-01 = "
.softhouse/reviews/t23-probe/t23_compare.py	ext	33	truncate	print(f"{'principal':>10} {'n':>3} {'rate':>6} | {'oracle EMI':>12} {'my EMI':>12} | {'oracle last':>12} {'my last':>12} | verdict")
.softhouse/reviews/t23-probe/t23_compare.py	ext	46	truncate	print(f"{P:>10} {n:>3} {rate:>6} | {or_emi:>12} {str(my_emi):>12} | {or_last:>12} {str(my_last):>12} | "
.softhouse/reviews/t23-probe/t23_compare.py	ext	49	truncate	print(f"{'':>10} {'':>3} {'':>6} |   totalInterest oracle={ti}  no-loop model={my_ti}"
.softhouse/reviews/t23-probe/t23_compare.py	ext	52	redirect	print(f"{nfired} of {len(rows)} graded-domain cases diverge => the EMI re-adjust loop "
.softhouse/reviews/t23-probe/t23_rederive.py	ext	18	redirect	EMI            :1838-1841  prod * balance / fn   (mc)  then Money -> currency scale (Money.java:52)
.softhouse/reviews/t23-probe/t23_rederive.py	ext	19	redirect	per period     interest = balance * rateFactor  -> currency scale;  capped at EMI
.softhouse/reviews/t23-probe/t23_rederive.py	ext	25	redirect	|emiDifference| * 100 > Money(floor(n/2))    <-- copy() REPLACES the amount
.softhouse/reviews/t23-probe/t23_rederive.py	ext	67	redirect	if seed.day > 28 and d.day >= 28:
.softhouse/reviews/t23-probe/t23_rederive.py	ext	113	redirect	if interest > emi:
.softhouse/reviews/t23-probe/t23_rederive.py	ext	135	redirect	(rows[-2]["balance"] if n > 1 else q(Decimal(principal), digits)) - rows[-1]["principal"])
.softhouse/reviews/t23-probe/t23_rederive.py	ext	144	redirect	guard = lower_half > 0 and emi_diff != 0 and abs(emi_diff) * 100 > lower_half
.softhouse/reviews/t23-probe/t23_scan_readjust.py	ext	7	redirect	Guard, read correctly from source: |lastEmi - penultimateEmi| * 100 > Money(floor(n/2)).
.softhouse/reviews/t24-probe/t24_check_against_raw.py	ext	5	redirect	Input: any file in the raw `CASE P=<principal> n=<n> rate=<r> totalInterest=... totalRepayment=... | #k:p/i/t/b ...`
.softhouse/reviews/t24-probe/t24_check_against_raw.py	ext	45	truncate	hdr = (f"{'principal':>10} {'n':>3} {'rate':>6} | {'oracleEMI':>12} {'loopEMI':>12} "
.softhouse/reviews/t24-probe/t24_check_against_raw.py	ext	46	truncate	f"{'noLoopEMI':>12} | {'oracleLast':>12} {'loopLast':>12} {'noLoopLast':>12} | "
.softhouse/reviews/t24-probe/t24_check_against_raw.py	ext	47	truncate	f"{'loop':>10} {'noloop':>10}  trace")
.softhouse/reviews/t24-probe/t24_check_against_raw.py	ext	71	truncate	print(f"{P:>10} {n:>3} {rate:>6} | {per[1][2]:>12} {str(withl['emi']):>12} "
.softhouse/reviews/t24-probe/t24_check_against_raw.py	ext	72	truncate	f"{str(without['emi']):>12} | {per[n][2]:>12} "
.softhouse/reviews/t24-probe/t24_check_against_raw.py	ext	73	truncate	f"{str(withl['rows'][-1]['emi']):>12} {str(without['rows'][-1]['emi']):>12} | "
.softhouse/reviews/t24-probe/t24_check_against_raw.py	ext	74	truncate	f"{'MATCH' if okl else 'MISMATCH':>10} {'MATCH' if okn else 'MISMATCH':>10}  {trace}")
.softhouse/reviews/t24-probe/t24_rederive_with_loop.py	ext	48	redirect	guard = lowerHalf > 0 && emiDifference != 0
.softhouse/reviews/t24-probe/t24_rederive_with_loop.py	ext	49	redirect	&& |emiDifference| * 100  >  Money(amount = lowerHalf)
.softhouse/reviews/t24-probe/t24_rederive_with_loop.py	ext	50	redirect	NOTE Money.copy(double) (M:220-222 -> M:216-218) REPLACES the amount; it does not scale
.softhouse/reviews/t24-probe/t24_rederive_with_loop.py	ext	54	redirect	multiple null/0 -> identity. a.adjustedEmi() = originalEmi + emiDifference/max(1, n-0)
.softhouse/reviews/t24-probe/t24_rederive_with_loop.py	ext	107	redirect	if seed.day > 28 and d.day >= 28:
.softhouse/reviews/t24-probe/t24_rederive_with_loop.py	ext	153	redirect	if interest > emi:
.softhouse/reviews/t24-probe/t24_rederive_with_loop.py	ext	173	redirect	prev_balance = rows[-2]["balance"] if len(rows) > 1 else money(Decimal(principal), digits)
.softhouse/reviews/t24-probe/t24_rederive_with_loop.py	ext	179	redirect	"""EA:31-36. |emiDifference| * 100 > Money(floor(n/2)).
.softhouse/reviews/t24-probe/t24_rederive_with_loop.py	ext	189	redirect	return lhs > rhs
.softhouse/reviews/t24-probe/t24_rederive_with_loop.py	ext	195	redirect	M:352-358: divide under the tenant MathContext, then Money.of -> currency scale.
.softhouse/reviews/t245-oracle-pin/measure.sh	ext+execbit	23	redirect	echo "type grep     -> $(type grep 2>&1 | head -1)"
.softhouse/reviews/t245-oracle-pin/measure.sh	ext+execbit	24	redirect	echo "/usr/bin/grep -> $(/usr/bin/grep --version | head -1)"
.softhouse/reviews/t245-oracle-pin/measure.sh	ext+execbit	40	redirect	echo "=== CLAIM (3): tenant registry, and the tenant -> database MAPPING (measured, not inferred) ==="
.softhouse/reviews/t245-oracle-pin/measure.sh	ext+execbit	114	redirect	git show 358c3b9^:.softhouse/reference-oracle.md > /tmp/t245-pre.md
.softhouse/reviews/t245-oracle-pin/measure.sh	ext+execbit	118	redirect	print('  CALIBRATION  known POSITIVE b"fineract_default" in PRE  ->', len(re.findall(b'fineract_default',pre)))
.softhouse/reviews/t245-oracle-pin/measure.sh	ext+execbit	119	redirect	print('  CALIBRATION  known NEGATIVE b"zzq_nonexistent"  in PRE  ->', len(re.findall(b'zzq_nonexistent',pre)))
.softhouse/reviews/t245-oracle-pin/measure.sh	ext+execbit	122	redirect	print(r'  MULTI-LINE probe rb"fineract[\s\S]{0,40}?gerege" in PRE ->', len(re.findall(rb'fineract[\s\S]{0,40}?gerege',pre)))
.softhouse/reviews/t245-oracle-pin/measure.sh	ext+execbit	154	redirect	print('         matcher = python3 re over the WHOLE FILE -> multi-line, NOT line-oriented.')
.softhouse/reviews/t245-oracle-pin/measure.sh	ext+execbit	155	redirect	print('  CALIB DB     positive .softhouse/reference-oracle.md      ->', bool(DB.search(open('.softhouse/reference-oracle.md','rb').read())))
.softhouse/reviews/t245-oracle-pin/measure.sh	ext+execbit	156	redirect	print('  CALIB DB     negative .softhouse/vectors/PIN.json         ->', bool(DB.search(open('.softhouse/vectors/PIN.json','rb').read())))
.softhouse/reviews/t245-oracle-pin/measure.sh	ext+execbit	157	redirect	print('  CALIB STRICT positive .softhouse/capture/tierA-a2/env.sh  ->', bool(STRICT.search(open('.softhouse/capture/tierA-a2/env.sh','rb').read())))
.softhouse/reviews/t245-oracle-pin/measure.sh	ext+execbit	158	redirect	print('  CALIB STRICT negative .softhouse/vectors/PIN-ledger.json  ->', bool(STRICT.search(open('.softhouse/vectors/PIN-ledger.json','rb').read())))
.softhouse/reviews/t246-dec2-rev6/bar.sh	ext	27	redirect	bash .softhouse/conformance.sh > /tmp/t246-conf.txt 2>&1
.softhouse/reviews/t246-dec2-rev6/bar.sh	ext	50	redirect	bash .softhouse/conformance.sh --prove > /tmp/t246-prove.txt 2>&1
.softhouse/reviews/t246-dec2-rev6/bar.sh	ext	58	tee	echo -n "go build ./...   : "; go build ./... 2>&1 | tee /tmp/t246-build.txt | wc -l | tr -d ' '; echo "   (lines of output; 0 = clean)"
.softhouse/reviews/t246-dec2-rev6/bar.sh	ext	59	tee	echo -n "go vet ./...     : "; go vet ./... 2>&1 | tee /tmp/t246-vet.txt | wc -l | tr -d ' '; echo "   (lines of output; 0 = clean)"
.softhouse/reviews/t246-dec2-rev6/bar.sh	ext	60	redirect	go test ./... -count=1 > /tmp/t246-test.txt 2>&1; T=$?
.softhouse/reviews/t246-dec2-rev6/drive-pin-red.sh	ext	27	rm	rm -rf "$SCRATCH"
.softhouse/reviews/t246-dec2-rev6/drive-pin-red.sh	ext	64	redirect	cat > "$SCRATCH/nexus/internal/apps/ledger/conformance/t246_pinprobe_test.go" <<'EOF'
.softhouse/reviews/t246-dec2-rev6/drive-pin-red.sh	ext	99	redirect	if len(reasons) > 0 {
.softhouse/reviews/t246-dec2-rev6/drive-pin-red.sh	ext	143	rm	rm -rf "$SCRATCH"
.softhouse/reviews/t246-dec2-rev6/measure-mutation-claim.sh	ext	18	redirect	L "rows with last_modified_on_utc > created_on_utc" "select count(*) from acc_gl_journal_entry where $POP and last_modified_on_utc > created_on_utc;"
.softhouse/reviews/t246-dec2-rev6/measure-mutation-claim.sh	ext	26	redirect	L "all rows with last_modified_on_utc > created_on_utc" "select count(*) from acc_gl_journal_entry where last_modified_on_utc > created_on_utc;"
.softhouse/reviews/t246-dec2-rev6/measure-mutation-claim.sh	ext	30	redirect	Q "select id||'|'||transaction_id||'|'||reversed||'|'||created_on_utc||'|'||last_modified_on_utc||'|'||(last_modified_on_utc > created_on_utc) from acc_gl_journal_entry where $POP 
.softhouse/reviews/t246-dec2-rev6/sweep-third-site.py	ext	39	redirect	print(f"  known POSITIVE site 1 'The A2 corpus contains no reversal' -> lines {site1}")
.softhouse/reviews/t246-dec2-rev6/sweep-third-site.py	ext	40	redirect	print(f"  known POSITIVE site 2 'no reversal appears'                -> lines {site2}")
.softhouse/reviews/t246-dec2-rev6/sweep-third-site.py	ext	41	redirect	print(f"  known NEGATIVE 'ZZZ-NOSUCH-T246-NEGATIVE'                  -> {neg}  (MUST be [])")
.softhouse/reviews/t246-dec2-rev6/sweep-third-site.py	ext	51	redirect	print(f"  known POSITIVE in a HIDDEN file, read directly by python -> {found}  (MUST be True)")
.softhouse/reviews/t246-dec2-rev6/sweep-third-site.py	ext	99	redirect	if os.path.getsize(p) > 8_000_000:
.softhouse/reviews/t246-dec2-rev6/sweep-third-site.py	ext	122	redirect	print(f"=== PASS 3 CALIBRATION: site1 in repo-wide result -> {got1} (MUST be True)")
.softhouse/reviews/t246-dec2-rev6/sweep-third-site.py	ext	123	redirect	print(f"=== PASS 3 CALIBRATION: site2 in repo-wide result -> {got2} (MUST be True)")
.softhouse/reviews/t249-g14-scope/drive/drive.py	ext	59	redirect	yield ("A02-blocks-empty-string", "should behave as NO SCOPE -> fallback",
.softhouse/reviews/t249-g14-scope/drive/drive.py	ext	61	redirect	yield ("A03-blocks-whitespace-only", "should behave as NO SCOPE -> fallback",
.softhouse/reviews/t249-g14-scope/drive/drive.py	ext	63	redirect	yield ("A04-blocks-int-zero", "NON-STRING. str(0)='0' -> truthy after strip",
.softhouse/reviews/t249-g14-scope/drive/drive.py	ext	66	redirect	yield ("A06-blocks-json-null", "JSON null -> str(None)='None'", mk(None))
.softhouse/reviews/t249-g14-scope/drive/drive.py	ext	67	redirect	yield ("A07-blocks-false", "JSON false -> str(False)='False'", mk(False))
.softhouse/reviews/t249-g14-scope/drive/drive.py	ext	68	redirect	yield ("A08-blocks-true", "JSON true -> str(True)='True'", mk(True))
.softhouse/reviews/t249-g14-scope/drive/drive.py	ext	69	redirect	yield ("A09-blocks-empty-list", "[] -> str='[]'", mk([]))
.softhouse/reviews/t249-g14-scope/drive/drive.py	ext	70	redirect	yield ("A10-blocks-empty-dict", "{} -> str='{}'", mk({}))
.softhouse/reviews/t249-g14-scope/drive/drive.py	ext	71	redirect	yield ("A11-blocks-list-of-str", "list -> repr-ish stringification",
.softhouse/reviews/t249-g14-scope/drive/drive.py	ext	73	redirect	yield ("A12-blocks-dict", "dict -> repr-ish stringification",
.softhouse/reviews/t249-g14-scope/drive/drive.py	ext	182	py-rmtree	shutil.rmtree(tmp, ignore_errors=True)
.softhouse/reviews/t249-g14-scope/run-bar.sh	ext	21	redirect	} > "$HERE/bar-output.txt"
.softhouse/reviews/t251-dec2-rev7/coverage-gap.py	ext	46	redirect	out.append((N + 1, "<EOF>"))
.softhouse/reviews/t251-dec2-rev7/obligation-diff.py	ext	74	redirect	print("  ->", "BOTH OBLIGATIONS CARRIED FORWARD VERBATIM" if ok else "AN OBLIGATION MOVED")
.softhouse/reviews/t251-dec2-rev7/run-conformance.sh	ext	19	redirect	bash .softhouse/conformance.sh >"$OUT" 2>&1
.softhouse/reviews/t254-harness-portability/instruments/10-mktemp-census.sh	ext	32	redirect	git ls-files > "$OUT/.files.all"
.softhouse/reviews/t254-harness-portability/instruments/10-mktemp-census.sh	ext	37	truncate	: > "$OUT/.files.mktemp"
.softhouse/reviews/t254-harness-portability/instruments/10-mktemp-census.sh	ext	47	redirect	*) echo "FATAL: grep exit $rc on $f" >&2; exit 91 ;;   # ERROR -> ABORT
.softhouse/reviews/t254-harness-portability/instruments/10-mktemp-census.sh	ext	62	truncate	: > "$OUT/.hits.all"
.softhouse/reviews/t254-harness-portability/instruments/10-mktemp-census.sh	ext	63	truncate	: > "$OUT/.hits.dasht"
.softhouse/reviews/t254-harness-portability/instruments/10-mktemp-census.sh	ext	88	redirect	sort "$OUT/.hits.all" > "$OUT/.s1.sorted"
.softhouse/reviews/t254-harness-portability/instruments/10-mktemp-census.sh	ext	89	redirect	sort "$OUT/.hits.dasht" > "$OUT/.s2.sorted"
.softhouse/reviews/t254-harness-portability/instruments/20-dec2-citation-damage.py	ext	64	redirect	print(f"        -> {100.0*rotted_numbers/total_numbers:.1f}% of harness line numbers rot")
.softhouse/reviews/t254-harness-portability/instruments/20-dec2-citation-damage.py	ext	69	redirect	verdict = f"ROT ({','.join(str(n) for n in bad)} -> {','.join(str(n+shift_by) for n in bad)})" if bad else "ok"
.softhouse/reviews/t254-harness-portability/instruments/20-dec2-citation-damage.py	ext	77	redirect	if n_tok > n_cit:
.softhouse/reviews/t254-harness-portability/instruments/22-verify-rev8-citations.py	ext	27	redirect	("DEC-2:428",  1254, 1254),   # prose form: "`conformance.sh`'s -context append 894 -> 1254"
.softhouse/reviews/t254-harness-portability/instruments/22-verify-rev8-citations.py	ext	41	redirect	return "<OUT-OF-RANGE>"
.softhouse/reviews/t254-harness-portability/instruments/30-goroot-stale-repro.sh	ext	27	rm	trap 'rm -rf "$STAGE"' EXIT
.softhouse/reviews/t254-harness-portability/instruments/30-goroot-stale-repro.sh	ext	39	redirect	( cd "$STAGE" && git rev-parse --git-common-dir >/dev/null 2>&1 )
.softhouse/reviews/t254-harness-portability/instruments/30-goroot-stale-repro.sh	ext	42	redirect	echo "control: git rev-parse --git-common-dir in stage -> rc=$grc (non-zero = outside a repo, as required)"
.softhouse/reviews/t254-harness-portability/instruments/40-run-bar.sh	ext	27	redirect	} > "$OUT/$LABEL.meta.txt"
.softhouse/reviews/t254-harness-portability/instruments/40-run-bar.sh	ext	29	redirect	bash .softhouse/conformance.sh > "$OUT/$LABEL.stdout.txt" 2> "$OUT/$LABEL.stderr.txt"
.softhouse/reviews/t254-harness-portability/instruments/70-t234-residue-adjudicate.sh	ext	52	rm	rm -f "$RESIDUE" 2>/dev/null || true
.softhouse/reviews/t254-harness-portability/instruments/70-t234-residue-adjudicate.sh	ext	66	redirect	( cd "$TREE" && bash .softhouse/conformance.sh ) > "$so" 2> "$se"
.softhouse/reviews/t254-harness-portability/instruments/70-t234-residue-adjudicate.sh	ext	69	redirect	echo "$rc" > "$OUT/70-residue-$1.rc"
.softhouse/reviews/t254-harness-portability/instruments/70-t234-residue-adjudicate.sh	ext	80	redirect	cat "$so" "$se" > "$both"
.softhouse/reviews/t254-harness-portability/instruments/70-t234-residue-adjudicate.sh	ext	105	redirect	| sed 's/^[[:space:]]*//' | sort > "$OUT/70-residue-$label.paths.txt"
.softhouse/reviews/t254-harness-portability/instruments/70-t234-residue-adjudicate.sh	ext	114	truncate	[ -e "$RESIDUE" ] || cp -p "$BACKUP" "$RESIDUE" 2>/dev/null || : > "$RESIDUE"
.softhouse/reviews/t254-harness-portability/instruments/70-t234-residue-adjudicate.sh	ext	120	rm	rm -f "$RESIDUE"
.softhouse/reviews/t254-harness-portability/instruments/80-instrument-audit.sh	ext	28	redirect	has() {  # has PATTERN FILE -> 0 hit, 1 clean; aborts on grep error
.softhouse/reviews/t254-harness-portability/instruments/80-instrument-audit.sh	ext	43	truncate	: > "$WORK/findings.txt"
.softhouse/reviews/t254-harness-portability/instruments/80-instrument-audit.sh	ext	50	redirect	git show "$ROOTREF:$f" > "$local_tmp" 2>/dev/null || { echo "SKIP (unreadable): $f" >> "$WORK/findings.txt"; continue; }
.softhouse/reviews/t26-probe/t26_rederive.py	ext	22	redirect	(four mc-qualified ops, then setScale(precision) -> a
.softhouse/reviews/t26-probe/t26_rederive.py	ext	29	redirect	(.skip(1) => the recurrence is applied n-1 times)
.softhouse/reviews/t26-probe/t26_rederive.py	ext	59	redirect	"""Money(currency, amount, mc) -> setScale(decimalPlaces, mode). Money.java:52."""
.softhouse/reviews/t26-probe/t26_rederive.py	ext	81	redirect	if seed.day > 28 and d.day >= 28:
.softhouse/reviews/t26-probe/t26_rederive.py	ext	163	redirect	prev_bal = rows[-2]["outstanding"] if len(rows) > 1 else money(principal)
.softhouse/reviews/t26-probe/t26_rederive.py	ext	172	redirect	fires iff lowerHalf > 0
.softhouse/reviews/t26-probe/t26_rederive.py	ext	174	redirect	AND |emiDifference| * 100  >  Money(amount = lowerHalf)
.softhouse/reviews/t26-probe/t26_rederive.py	ext	179	redirect	|lastEMI - penultEMI|_minor * 100 > floor(n/2) * 10^MINOR_DIGITS
.softhouse/reviews/t26-probe/t26_rederive.py	ext	183	redirect	emi_diff = rows[-1]["emi"] - rows[-2]["emi"] if n > 1 else Decimal(0)
.softhouse/reviews/t26-probe/t26_rederive.py	ext	184	redirect	fires = lower_half > 0 and emi_diff != 0 and abs(emi_diff) * 100 > Decimal(lower_half)
.softhouse/reviews/t26-probe/t26_rederive.py	ext	185	redirect	return fires, emi_diff, rows[-2]["emi"] if n > 1 else rows[-1]["emi"]
.softhouse/reviews/t26-probe/t26_rederive.py	ext	223	redirect	f"EMI {original} -> {adjusted}; new |diff|={abs(new_diff)}")
.softhouse/reviews/t26-probe/t26_rederive.py	ext	249	redirect	print(f"  -> level EMI {looped[0]['emi']}, final EMI {looped[-1]['emi']}, "
.softhouse/reviews/t260-dec2-rev8/instruments/10-section-identity-map.py	ext	36	redirect	if l.lstrip("> ").startswith("```"):
.softhouse/reviews/t260-dec2-rev8/instruments/10-section-identity-map.py	ext	95	truncate	print(f"{'SECTION':<9} {'STATUS':<10} {'A':>6} {'B':>6}  {'sha(A)':<17} heading (rev8 text)")
.softhouse/reviews/t260-dec2-rev8/instruments/10-section-identity-map.py	ext	109	redirect	print(f"{k:<9} {st:<10} {e1-s1:>6} {e2-s2:>6}  {h1:<17} {tb[:60]}")
.softhouse/reviews/t260-dec2-rev8/instruments/10-section-identity-map.py	ext	113	redirect	print(f"{k:<9} {'REMOVED':<10} {e1-s1:>6} {0:>6}  {sha(a[s1:e1]):<17} {ta[:60]}")
.softhouse/reviews/t260-dec2-rev8/instruments/10-section-identity-map.py	ext	116	redirect	print(f"{k:<9} {'ADDED':<10} {0:>6} {e2-s2:>6}  {'-':<17} {tb[:60]}")
.softhouse/reviews/t260-dec2-rev8/instruments/20-normative-set-diff.py	ext	5	redirect	normative requirement} and reported 87 -> 95 with 8 accounted losses. T255 itself flags as
.softhouse/reviews/t260-dec2-rev8/instruments/20-normative-set-diff.py	ext	19	redirect	* bare-present normative: "the port <verbs>", "a conformant/conforming
.softhouse/reviews/t260-dec2-rev8/instruments/20-normative-set-diff.py	ext	20	redirect	implementation <verbs>", "the adapter <verbs>", "an implementation <verbs>"
.softhouse/reviews/t260-dec2-rev8/instruments/20-normative-set-diff.py	ext	71	redirect	stripped = l.lstrip("> ").rstrip()
.softhouse/reviews/t260-dec2-rev8/instruments/20-normative-set-diff.py	ext	91	redirect	buf.append(l.lstrip("> ").rstrip())
.softhouse/reviews/t260-dec2-rev8/instruments/30-table-cell-census.py	ext	32	redirect	if l.lstrip("> ").startswith("```"):
.softhouse/reviews/t260-dec2-rev8/instruments/40-citation-census.py	ext	63	redirect	print(f"  {n:>4}  {p}")
.softhouse/reviews/t260-dec2-rev8/instruments/40-citation-census.py	ext	68	redirect	print(f"  {n:>4}  {p}")
.softhouse/reviews/t260-dec2-rev8/instruments/50-collision-and-red-drive.sh	ext	22	redirect	python3 "$ANCHOR" > "/tmp/t260/out.anchor.$1.txt" 2>&1
.softhouse/reviews/t260-dec2-rev8/instruments/50-collision-and-red-drive.sh	ext	25	redirect	echo "  anchors under $1 -> exit $rc :: $(tail -1 "/tmp/t260/out.anchor.$1.txt")"
.softhouse/reviews/t260-dec2-rev8/instruments/50-collision-and-red-drive.sh	ext	33	redirect	python3 "$LINES" > "/tmp/t260/out.lines.$1.txt" 2>&1
.softhouse/reviews/t260-dec2-rev8/instruments/50-collision-and-red-drive.sh	ext	37	redirect	echo "  line-numbers under $1 -> exit $rc :: $(tail -1 "/tmp/t260/out.lines.$1.txt")"
.softhouse/reviews/t260-dec2-rev8/instruments/50-collision-and-red-drive.sh	ext	81	redirect	python3 "$ANCHOR" > "/tmp/t260/out.red.$1.txt" 2>&1
.softhouse/reviews/t260-dec2-rev8/instruments/50-collision-and-red-drive.sh	ext	84	redirect	echo "--- $1 -> checker exit $rc"
.softhouse/reviews/t260-dec2-rev8/instruments/50-collision-and-red-drive.sh	ext	97	redirect	> /tmp/t260/gg.txt 2>/tmp/t260/gg.err || RC=$?
.softhouse/reviews/t260-dec2-rev8/instruments/50-collision-and-red-drive.sh	ext	104	redirect	print("      resolver: 0 matches -> EXIT 1 (a real measured negative). Reader gets NOTHING.")
.softhouse/reviews/t260-dec2-rev8/instruments/50-collision-and-red-drive.sh	ext	106	redirect	print("      resolver: 1 match  -> EXIT 0, line %d. Unambiguous." % hits[0][0])
.softhouse/reviews/t260-dec2-rev8/instruments/50-collision-and-red-drive.sh	ext	108	redirect	print("      resolver: %d matches -> EXIT 0 (SUCCESS), lines %s."
.softhouse/reviews/t260-dec2-rev8/instruments/50-collision-and-red-drive.sh	ext	137	redirect	echo "--- CONTROL: unmutated base -> the checker must be GREEN, or the three RED runs prove nothing"
.softhouse/reviews/t260-dec2-rev8/instruments/50-collision-and-red-drive.sh	ext	140	redirect	python3 "$ANCHOR" > /tmp/t260/out.red.CONTROL.txt 2>&1
.softhouse/reviews/t260-dec2-rev8/instruments/60-c-items-and-residuals.py	ext	51	redirect	print(f"  -> residuals classified LIVE by this instrument: {len(live)}")
.softhouse/reviews/t260-dec2-rev8/instruments/60-c-items-and-residuals.py	ext	115	redirect	print("\n### C-6 / C-7 — §8.3's 'the seventh guard' x2 -> the NAME")
.softhouse/reviews/t260-dec2-rev8/instruments/70-spotcheck-stale-sites.sh	ext	26	redirect	echo "  0 matches, exit 1  -> A REAL MEASURED NEGATIVE.  $note"
.softhouse/reviews/t260-dec2-rev8/instruments/70-spotcheck-stale-sites.sh	ext	42	redirect	probe "run_guards" "positive control — must report >0"
.softhouse/reviews/t260-dec2-rev8/instruments/70-spotcheck-stale-sites.sh	ext	52	redirect	git grep -n -F -- "go test" -- "$SH" > /tmp/t260/gotest.txt 2>/tmp/t260/gg.err
.softhouse/reviews/t260-dec2-rev8/instruments/70-spotcheck-stale-sites.sh	ext	86	redirect	txt = lines[n - 1] if n <= len(lines) else "<past EOF>"
.softhouse/reviews/t260-dec2-rev8/instruments/70-spotcheck-stale-sites.sh	ext	91	redirect	python3 - <<'PY' > /tmp/t260/anchors.tsv
.softhouse/reviews/t260-dec2-rev8/instruments/80-instrument-audit.py	ext	11	redirect	P-80  `git grep` exits 1 on NO MATCH and >1 on ERROR. An instrument that maps any non-zero to
.softhouse/reviews/t260-dec2-rev8/instruments/85-instrument-audit-ast.py	ext	42	redirect	out.append(("<%s>" % ("STR" if tok.type == tokenize.STRING else "CMT"), tok.start[0]))
.softhouse/reviews/t260-dec2-rev8/instruments/90-per-section-line-delta.py	ext	25	redirect	if l.lstrip("> ").startswith("```"):
.softhouse/reviews/t260-dec2-rev8/instruments/90-per-section-line-delta.py	ext	47	redirect	only = sys.argv[3] if len(sys.argv) > 3 else None
.softhouse/reviews/t260-dec2-rev8/instruments/90-per-section-line-delta.py	ext	68	rm	rm = [x for x in rm if x.strip()]
.softhouse/reviews/t261-tenant-attestation/instruments/t261-bar.sh	ext	20	redirect	bash "$ROOT/.softhouse/conformance.sh" > "$LOG" 2>&1
.softhouse/reviews/t261-tenant-attestation/instruments/t261-caller-and-trap.sh	ext	22	rm	trap 'rm -rf "$SCRATCH"' EXIT
.softhouse/reviews/t261-tenant-attestation/instruments/t261-caller-and-trap.sh	ext	73	redirect	cat > "$1" <<CALLER
.softhouse/reviews/t261-tenant-attestation/instruments/t261-caller-and-trap.sh	ext	82	redirect	oracle_send probe GET /x >/dev/null 2>&1 || true
.softhouse/reviews/t261-tenant-attestation/instruments/t261-caller-and-trap.sh	ext	96	rm	rm -rf "$SCRATCH"
.softhouse/reviews/t261-tenant-attestation/instruments/t261-caller-and-trap.sh	ext	113	rm	rm -rf "$SCRATCH"
.softhouse/reviews/t261-tenant-attestation/instruments/t261-fixture-location.py	ext	80	redirect	print("    fixture copied to %s -> derive() reaches it: %s"
.softhouse/reviews/t261-tenant-attestation/instruments/t261-fixture-location.py	ext	89	py-rmtree	os.remove(dst)
.softhouse/reviews/t261-tenant-attestation/instruments/t261-population.py	ext	7	redirect	* emitters: echo / printf / print   AND ALSO   <python>.write( / heredoc body
.softhouse/reviews/t261-tenant-attestation/instruments/t261-population.py	ext	24	redirect	TREE = sys.argv[1] if len(sys.argv) > 1 and sys.argv[1] != "-" else None
.softhouse/reviews/t261-tenant-attestation/instruments/t261-population.py	ext	25	redirect	ROOT = sys.argv[2] if len(sys.argv) > 2 else "."
.softhouse/reviews/t261-tenant-attestation/instruments/t261-population.py	ext	28	redirect	r"""(?P<cmd>echo|printf|print|write)\s*\(?\s*(?P<q>["'])"""
.softhouse/reviews/t261-tenant-attestation/instruments/t261-population.py	ext	148	redirect	'echo "Fineract-Platform-TenantId: gerege" > f\n')
.softhouse/reviews/t261-tenant-attestation/instruments/t261-population.py	ext	150	redirect	'echo "$T" > f\n')
.softhouse/reviews/t261-tenant-attestation/instruments/t261-population.py	ext	152	redirect	"cat > f <<EOF\nFineract-Platform-TenantId: gerege\nEOF\n")
.softhouse/reviews/t261-tenant-attestation/instruments/t261-population.py	ext	206	redirect	print("SCOPE  tree=%s root=%s" % (TREE or "<index>", os.path.realpath(ROOT)))
.softhouse/reviews/t261-tenant-attestation/instruments/t261-redA-independent.sh	ext	35	redirect	echo "Authorization: Basic <mifos:password>"
.softhouse/reviews/t261-tenant-attestation/instruments/t261-redA-independent.sh	ext	38	redirect	} > "$EV/legacy/$ln_name.http"
.softhouse/reviews/t261-tenant-attestation/instruments/t261-redA-independent.sh	ext	39	redirect	echo "$code" > "$EV/legacy/$ln_name.status"
.softhouse/reviews/t261-tenant-attestation/instruments/t261-redA-independent.sh	ext	55	redirect	oracle_send "$dn_name" GET /offices >/dev/null
.softhouse/reviews/t261-tenant-attestation/instruments/t261-redA-independent.sh	ext	64	redirect	print(m.group(1) if m else "<ABSENT>")
.softhouse/reviews/t261-tenant-attestation/instruments/t261-redB-attack.sh	ext	37	rm	rm -rf "$EV"; mkdir -p "$EV/src" "$EV/req"
.softhouse/reviews/t261-tenant-attestation/instruments/t261-redB-attack.sh	ext	38	redirect	printf '%s' '{"name":"T261 probe","openingDate":"01 January 2026","dateFormat":"dd MMMM yyyy","locale":"en","parentId":1}' > "$EV/req/office.json"
.softhouse/reviews/t261-tenant-attestation/instruments/t261-redB-attack.sh	ext	59	redirect	python3 "$WA" verify --sidecar "$vd/$vn.http" --headers "$vd/$vn.reqhdr" --req "$vd/$vn.req" >"$vd/$vn.vout" 2>"$vd/$vn.verr"
.softhouse/reviews/t261-tenant-attestation/instruments/t261-redB-attack.sh	ext	61	redirect	python3 "$WA" verify --sidecar "$vd/$vn.http" --headers "$vd/$vn.reqhdr" >"$vd/$vn.vout" 2>"$vd/$vn.verr"
.softhouse/reviews/t261-tenant-attestation/instruments/t261-redB-attack.sh	ext	103	rm	mk() { rm -rf "$EV/$1"; cp -R "$EV/src/$2" "$EV/$1"; }
.softhouse/reviews/t261-tenant-attestation/instruments/t261-redB-attack.sh	ext	225	redirect	print("   tenant line in sidecar : %s" % (m.group(0) if m else "<ABSENT -- no line, no warning>"))
.softhouse/reviews/t261-tenant-attestation/instruments/t261-redC-wrap.sh	ext	35	rm	rm -rf "$EV"; mkdir -p "$EV"
.softhouse/reviews/t261-tenant-attestation/instruments/t261-redC-wrap.sh	ext	47	redirect	if ! oracle_send "$sname" GET /offices >/dev/null 2>"$EV/$sname/send.err"; then
.softhouse/reviews/t261-tenant-attestation/instruments/t261-redC-wrap.sh	ext	56	redirect	got = m.group(1) if m else "<ABSENT>"
.softhouse/reviews/t261-tenant-attestation/instruments/t261-redC-wrap.sh	ext	66	redirect	python3 "$WA" verify --sidecar "$EV/$sname/$sname.http" --headers "$EV/$sname/$sname.reqhdr" >/dev/null 2>&1 \
.softhouse/reviews/t261-tenant-attestation/instruments/t261-redC-wrap.sh	ext	101	redirect	oracle_send dupid GET /offices >/dev/null
.softhouse/reviews/t261-tenant-attestation/instruments/t261-redC-wrap.sh	ext	116	redirect	python3 "$WA" verify --sidecar "$EV/dupid/dupid.http" --headers "$EV/dupid/dupid.reqhdr" >/dev/null 2>"$EV/dupid/verr"
.softhouse/reviews/t261-tenant-attestation/instruments/t261-redC-wrap.sh	ext	135	redirect	if oracle_send crlf GET /offices >/dev/null 2>"$EV/crlf/send.err"; then
.softhouse/reviews/t261-tenant-attestation/instruments/t261-redC-wrap.sh	ext	164	redirect	oracle_send mb POST /offices "$EV/mb/body.json" >/dev/null 2>&1 || echo "  (send rc=$?)"
.softhouse/reviews/t261-tenant-attestation/instruments/t261-redC-wrap.sh	ext	168	redirect	print("  Content-Length on the wire : %s" % (re.search(r"(?m)^Content-Length: (\d+)$", sc) or ["","<none>"])[1])
.softhouse/reviews/t261-tenant-attestation/instruments/t261-redC-wrap.sh	ext	169	redirect	print("  crosscheck line            : %s" % (re.search(r"(?m)^content-length-crosscheck: .*$", sc).group(0) if re.search(r"(?m)^content-length-crosscheck: .*$", sc) else "<none>"))
.softhouse/reviews/t261-tenant-attestation/instruments/t261-redC-wrap.sh	ext	180	redirect	python3 "$WA" verify --sidecar "$EV/mbtrunc/mb.http" --headers "$EV/mbtrunc/mb.reqhdr" --req "$EV/mbtrunc/mb.req" >/dev/null 2>"$EV/mbtrunc/verr"
.softhouse/reviews/t261-tenant-attestation/instruments/t261-redC-wrap.sh	ext	181	redirect	echo "  truncated-mid-multibyte body, all assertions intact -> verify rc=$?"
.softhouse/reviews/t261-tenant-attestation/instruments/t261-tenant-term.py	ext	9	redirect	ATTEST: echo/printf/print/<obj>.write of a `Fineract-Platform-TenantId:` line
.softhouse/reviews/t261-tenant-attestation/instruments/t261-tenant-term.py	ext	44	redirect	BARE_TENANT = re.compile(r"^Fineract-Platform-TenantId:\s*(?P<val>.*)$",
.softhouse/reviews/t261-tenant-attestation/instruments/t261-tenant-term.py	ext	102	redirect	'curl -H "$T" x\ncat > f <<EOF\nFineract-Platform-TenantId: gerege\nEOF\n',
.softhouse/reviews/t262-verdict-predicate/attack2_compound_t262.py	ext	41	redirect	print("COMPOUND: <blind fixture> batched with the REAL committed classify-t229.json")
.softhouse/reviews/t262-verdict-predicate/attack2_compound_t262.py	ext	44	truncate	print("{:34} {:>6} {:>8} {:>9} {:>7} {:>8}  {}".format(
.softhouse/reviews/t262-verdict-predicate/attack2_compound_t262.py	ext	67	truncate	print("{:34} {:>6} {:>8} {:>9} {:>7} {:>8}  {}   (alone: rc={})".format(
.softhouse/reviews/t262-verdict-predicate/attack_rvpa_t262.py	ext	96	truncate	hdr = "{:36} {:>4} {:>8} {:>8} {:>7} {:>8}  {}"
.softhouse/reviews/t262-verdict-predicate/attack_rvpa_t262.py	ext	146	redirect	print("PART C -- exit-code classification (P-80: 1 = measured negative, >1 = ERROR, never mixed)")
.softhouse/reviews/t262-verdict-predicate/rederive_t262.py	ext	56	truncate	hdr = "  {:26} {:>9} {:>8} {:>8} {:>9} {:>10} {:>8} {:>9}".format(
.softhouse/reviews/t262-verdict-predicate/rederive_t262.py	ext	77	truncate	print("  {:26} {:9d} {:8d} {:8d} {:9d} {:>10} {:8d} {:>9}".format(
.softhouse/reviews/t262-verdict-predicate/rederive_t262.py	ext	82	truncate	hdr = "  {:26} {:>5} {:>6} {:>6} {:>6} {:>8} {:>8} {:>8} {:>6} {:>6} {:>6} {:>7} {:>8}".format(
.softhouse/reviews/t262-verdict-predicate/rederive_t262.py	ext	105	truncate	print("  {:26} {:5d} {:6d} {:6d} {:6d} {:8d} {:8d} {:8d} {:>6} {:>6} {:>6} {:>7} {:>8}".format(
.softhouse/reviews/t262-verdict-predicate/spotcheck_b1_t262.py	ext	53	truncate	print("  {:30} {:>6} {:>7} {:>7} {:>7} {:>9} {:>9} {:>9} {:>6} {:>6} {:>14} {:>7} {:>8}".format(
.softhouse/reviews/t262-verdict-predicate/spotcheck_b1_t262.py	ext	75	truncate	print("  {:30} {:6d} {:7d} {:7d} {:7d} {:9d} {:9d} {:9d} {:>6} {:>6} {:>14} {:>7} {:>8}".format(
.softhouse/reviews/t263-analyze7-float-guard/attack-exempt.py	ext	105	redirect	rc, out, err = grade(r); record("D3 target FIXED -> record now unnecessary", "death", 2, rc, out, err)
.softhouse/reviews/t263-analyze7-float-guard/attack-exempt.py	ext	123	py-rmtree	r = fresh(); os.remove(os.path.join(r, "RED-GREEN-A2-7-guards.txt"))
.softhouse/reviews/t263-analyze7-float-guard/attack-exempt.py	ext	127	py-rmtree	r = fresh(); os.remove(os.path.join(r, "MANIFEST.sha256"))
.softhouse/reviews/t263-analyze7-float-guard/attack-exempt.py	ext	161	redirect	c = record("D9b target FIXED -> T207 exemption must die", "death", 2, rc, out, err)
.softhouse/reviews/t263-analyze7-float-guard/attack-exempt.py	ext	218	py-rmtree	r = fresh(); os.remove(os.path.join(r, REG))
.softhouse/reviews/t263-analyze7-float-guard/attack-nilcoverage.sh	ext	14	rm	trap 'rm -rf "$TMP"' EXIT
.softhouse/reviews/t263-analyze7-float-guard/attack-nilcoverage.sh	ext	54	redirect	printf '{"amount": 1.5}\n' > "$TMP/no-py/a.json"
.softhouse/reviews/t263-analyze7-float-guard/attack-nilcoverage.sh	ext	55	redirect	printf 'hello\n'           > "$TMP/no-py/b.txt"
.softhouse/reviews/t263-analyze7-float-guard/attack-nilcoverage.sh	ext	56	redirect	printf 'echo hi\n'         > "$TMP/no-py/c.sh"
.softhouse/reviews/t263-analyze7-float-guard/attack-nilcoverage.sh	ext	60	redirect	printf 'import os\nx = 1\n'                       > "$TMP/py-no-sites/a.py"
.softhouse/reviews/t263-analyze7-float-guard/attack-nilcoverage.sh	ext	61	redirect	printf 'PARSE = "parse_float=decimal.Decimal"\n'  > "$TMP/py-no-sites/b.py"
.softhouse/reviews/t263-analyze7-float-guard/attack-nilcoverage.sh	ext	66	redirect	> "$TMP/unparseable/good.py"
.softhouse/reviews/t263-analyze7-float-guard/attack-nilcoverage.sh	ext	67	redirect	printf 'def broken(:\n    this is not python\n'  > "$TMP/unparseable/broken.py"
.softhouse/reviews/t263-analyze7-float-guard/attack-nilcoverage.sh	ext	71	truncate	: > "$TMP/empty-py/zero.py"
.softhouse/reviews/t263-analyze7-float-guard/attack-nilcoverage.sh	ext	79	redirect	> "$TMP/control/good.py"
.softhouse/reviews/t263-analyze7-float-guard/attack-selector.py	ext	14	redirect	exit 1  the guard CAUGHT the shape          -> CAUGHT
.softhouse/reviews/t263-analyze7-float-guard/attack-selector.py	ext	15	redirect	exit 2  the guard REFUSED                    -> REFUSED (safe, but not a catch)
.softhouse/reviews/t263-analyze7-float-guard/attack-selector.py	ext	16	redirect	exit 0  the guard printed PASS               -> MISSED  <-- the interesting column
.softhouse/reviews/t263-analyze7-float-guard/remeasure-materiality.py	ext	62	redirect	if len(leaves) > 6:
.softhouse/reviews/t263-analyze7-float-guard/remeasure-materiality.py	ext	128	redirect	print("  -> the committed run of resolve7.py carried %s float(s) into a request body."
.softhouse/reviews/t27-probe/t27_mutate.py	ext	25	redirect	`verdict("I5", True, ...)` -> could never fail)
.softhouse/reviews/t27-probe/t27_mutate.py	ext	191	redirect	which = sys.argv[1] if len(sys.argv) > 1 else "both"
.softhouse/reviews/t27-probe/t27_verify_claims.py	ext	93	redirect	check("%s x %s%% principal %d -> p12 %s / p19 %s / %s"
.softhouse/reviews/t27-probe/t27_verify_claims.py	ext	176	redirect	check("oracle APPLIED EMI is BELOW the unrounded EMI -> rounded DOWN",
.softhouse/reviews/t27-probe/t27_verify_claims.py	ext	179	redirect	check("a ROUND-UP rule would have produced %s, not %s -> round-up REFUTED"
.softhouse/reviews/t27-probe/t27_verify_claims.py	ext	192	redirect	check("B-04 (FEB_29_PERIOD_ONLY) DIFFERS from B-03 -> only FEB_29 discriminates",
.softhouse/reviews/t27-probe/t27_verify_claims.py	ext	194	redirect	check("p05 (SARP, FULL_LEAP_YEAR) == p06 (SARP, FEB_29) -> DIYCS inert under SARP",
.softhouse/reviews/t27-probe/t27_verify_claims.py	ext	196	redirect	check("p07 (DAILY ACT/ACT) != p08 (DAILY 360/30) -> day-count moves DAILY schedules",
.softhouse/reviews/t27-probe/t27_verify_claims.py	ext	198	redirect	check("p09 (SARP 360/30) == B-01 (SARP ACT/ACT) -> day-count inert under SARP",
.softhouse/reviews/t276-review-t275-capture/evidence/10-run.sh	ext	19	redirect	printf '%s' "$2" > "$D/body.json"
.softhouse/reviews/t276-review-t275-capture/evidence/10-run.sh	ext	27	redirect	put "S1 repoint generic FUND_SOURCE 16 -> 2" '{"fundSourceAccountId": 2, "locale": "en"}'
.softhouse/reviews/t276-review-t275-capture/evidence/10-run.sh	ext	29	redirect	put "S2 channel pt2 value change GL 17 -> 16" '{"locale": "en", "paymentChannelToFundSourceMappings": [{"paymentTypeId": 2, "fundSourceAccountId": 16}]}'
.softhouse/reviews/t276-review-t275-capture/evidence/10-run.sh	ext	37	redirect	put "S6 KEY CHANGE pt2 -> pt1 (T275 marked this UNVERIFIED)" '{"locale": "en", "paymentChannelToFundSourceMappings": [{"paymentTypeId": 1, "fundSourceAccountId": 16}]}'
.softhouse/reviews/t276-review-t275-capture/evidence/11-run2.sh	ext	16	redirect	printf '%s' "$2" > "$D/body2.json"
.softhouse/reviews/t276-review-t275-capture/evidence/11-run2.sh	ext	24	redirect	put "G1 generic FUND_SOURCE value change GL 16 -> 18 (both ASSET)" '{"fundSourceAccountId": 18, "locale": "en"}'
.softhouse/reviews/t276-review-t275-capture/evidence/11-run2.sh	ext	26	redirect	put "G2 generic FUND_SOURCE value change GL 18 -> 21 (ASSET -> LIABILITY)" '{"fundSourceAccountId": 21, "locale": "en"}'
.softhouse/reviews/t276-review-t275-capture/evidence/11-run2.sh	ext	30	redirect	put "G4 RESTORE channel to the single T275 end-state entry pt2 -> GL 17" '{"locale": "en", "paymentChannelToFundSourceMappings": [{"paymentTypeId": 2, "fundSourceAccountId": 17}]}'
.softhouse/reviews/t276-review-t275-capture/evidence/30-reissue-refusals.sh	ext	20	redirect	sh "$S/cap8.sh" "T276-$N" "$M" "$P" "wire.json" >/dev/null 2>&1
.softhouse/reviews/t276-review-t275-capture/evidence/30-reissue-refusals.sh	ext	23	redirect	if diff -q "$C/out/$N.json" "$S/out/T276-$N.json" >/dev/null 2>&1; then
.softhouse/reviews/t276-review-t275-capture/evidence/40-uncovered-get-captures.py	ext	20	py-rmtree	shutil.rmtree(os.path.join(copy, "out"))
.softhouse/reviews/t276-review-t275-capture/evidence/40-uncovered-get-captures.py	ext	34	redirect	print(f"  {name:<40} snapshot {old[:16]}  fresh {fresh[:16]}  -> {verdict}")
.softhouse/reviews/t276-review-t275-capture/evidence/40-uncovered-get-captures.py	ext	35	py-rmtree	shutil.rmtree(scratch, ignore_errors=True)
.softhouse/reviews/t278-review-t277/probe/t278_domain_audit.py	ext	62	redirect	over = [c for c in stuck if residual(c) > residual_law(c)]
.softhouse/reviews/t278-review-t277/probe/t278_domain_audit.py	ext	75	redirect	print("    -> the formula is therefore an UPPER BOUND that holds, but the")
.softhouse/reviews/t278-review-t277/probe/t278_domain_audit.py	ext	81	redirect	failing = [c for c in stuck if residual(c) > 0]
.softhouse/reviews/t278-review-t277/probe/t278_domain_audit.py	ext	98	redirect	print("    -> superset claim %s"
.softhouse/reviews/t278-review-t277/probe/t278_domain_audit.py	ext	151	redirect	scope = sys.argv[1] if len(sys.argv) > 1 else "t229corpus"
.softhouse/reviews/t278-review-t277/probe/t278_meta_calibrate.sh	ext	24	rm	trap 'rm -rf "$W"' EXIT
.softhouse/reviews/t278-review-t277/probe/t278_meta_calibrate.sh	ext	50	redirect	bash "$W/b1/verify_t277.sh" "$ROOT" > "$W/b1.txt" 2>&1
.softhouse/reviews/t278-review-t277/probe/t278_meta_calibrate.sh	ext	72	redirect	bash "$W/b2/verify_t277.sh" "$ROOT" > "$W/b2.txt" 2>&1
.softhouse/reviews/t278-review-t277/probe/t278_meta_calibrate.sh	ext	100	redirect	python3 "$W/$d" "$@" > "$W/$d.out" 2>&1
.softhouse/reviews/t278-review-t277/probe/t278_meta_calibrate.sh	ext	106	redirect	echo "             -> an UNEARNED trip unless the instrument raised deliberately."
.softhouse/reviews/t278-review-t277/probe/t278_rederive.py	ext	108	redirect	"""'0.28', 2 -> 28.   '600.0', 4 -> 6000000.   Exact; never truncates."""
.softhouse/reviews/t278-review-t277/probe/t278_rederive.py	ext	126	redirect	if len(frac) > places:
.softhouse/reviews/t278-review-t277/probe/t278_rederive.py	ext	153	redirect	"""HALF_UP quantization of the exact rational a/b to an integer.  b > 0."""
.softhouse/reviews/t278-review-t277/probe/t278_rederive.py	ext	165	redirect	'600.0' -> (6000, 12000) -> reduced (1, 2).
.softhouse/reviews/t278-review-t277/probe/t278_rederive.py	ext	321	redirect	return v if v > 0 else 0
.softhouse/reviews/t278-review-t277/probe/t278_rederive.py	ext	329	redirect	"""FULL family B  <=>  delta >= 1  and  B_minor <= n*delta."""
.softhouse/reviews/t278-review-t277/probe/t278_rederive.py	ext	334	redirect	"""PARTIAL family B <=> delta >= 1 and n*delta < B_minor < (delta + 1/2)*n."""
.softhouse/reviews/t278-review-t277/probe/t278_rederive.py	ext	345	redirect	return c["principal_sum"] == (v if v > 0 else 0)
.softhouse/reviews/t278-review-t277/probe/t278_rederive.py	ext	553	redirect	check("rate 600.0 -> monthly", monthly_rate_fraction("600.0"), (1, 2))
.softhouse/reviews/t278-review-t277/probe/t278_rederive.py	ext	554	redirect	check("rate 300.0 -> monthly", monthly_rate_fraction("300.0"), (1, 4))
.softhouse/reviews/t278-review-t277/probe/t278_rederive.py	ext	555	redirect	check("rate 36.0  -> monthly", monthly_rate_fraction("36.0"), (3, 100))
.softhouse/reviews/t278-review-t277/probe/t278_rederive.py	ext	556	redirect	check("rate 21.6  -> monthly", monthly_rate_fraction("21.6"), (9, 500))
.softhouse/reviews/t278-review-t277/probe/t278_rederive.py	ext	557	redirect	check("rate 7.0   -> monthly", monthly_rate_fraction("7.0"), (7, 1200))
.softhouse/reviews/t28-probe/t28_spec_check.py	ext	55	redirect	if not (lower_half > 0 and emi_difference != 0
.softhouse/reviews/t28-probe/t28_spec_check.py	ext	56	redirect	and abs(emi_difference) * 100 > lower_half * 10 ** 2):
.softhouse/reviews/t28-probe/t28_spec_check.py	ext	60	redirect	sign = 1 if emi_difference > 0 else -1
.softhouse/reviews/t28-probe/t28_spec_check.py	ext	76	redirect	if adjust_counter > 3:
.softhouse/reviews/t28-probe/t28_spec_check.py	ext	92	redirect	f"final {to_major(emis[-1])}, total interest {interest}  -> "
.softhouse/reviews/t280-review-t279/probe/drive-hook.sh	ext+execbit	8	redirect	printf '[user]\n\tname = T280\n\temail = t280@local\n[init]\n\tdefaultBranch = main\n' > "$HOME/.gitconfig"
.softhouse/reviews/t280-review-t279/probe/drive-hook.sh	ext+execbit	14	redirect	echo seed > .softhouse/seed.txt
.softhouse/reviews/t280-review-t279/probe/drive-hook.sh	ext+execbit	15	redirect	git add -A >/dev/null; git commit -qm seed
.softhouse/reviews/t280-review-t279/probe/drive-hook.sh	ext+execbit	18	redirect	git branch --set-upstream-to=origin/main main >/dev/null 2>&1
.softhouse/reviews/t280-review-t279/probe/drive-hook.sh	ext+execbit	32	redirect	echo "dispatch record" > .softhouse/tasks.json
.softhouse/reviews/t280-review-t279/probe/drive-hook.sh	ext+execbit	33	redirect	git add -A >/dev/null; git commit -qm "softhouse: DISPATCH RECORD (deliberately unpushed)"
.softhouse/reviews/t280-review-t279/probe/drive-hook.sh	ext+execbit	37	redirect	echo "=== CASE 2: unpushed dispatch record, DEFAULT gate (unset -> warn) ==="
.softhouse/reviews/t280-review-t279/probe/drive-hook.sh	ext+execbit	38	redirect	git worktree add -b w2 "$T/w2" main > "$T/c2.out" 2>&1; rc2=$?
.softhouse/reviews/t280-review-t279/probe/drive-hook.sh	ext+execbit	40	redirect	echo "  branch w2 created: $(git rev-parse --verify --quiet refs/heads/w2 >/dev/null && echo YES || echo NO)"
.softhouse/reviews/t280-review-t279/probe/drive-hook.sh	ext+execbit	46	redirect	SOFTHOUSE_PUSH_GATE=enforce git worktree add -b w3 "$T/w3" main > "$T/c3.out" 2>&1; rc3=$?
.softhouse/reviews/t280-review-t279/probe/drive-hook.sh	ext+execbit	48	redirect	echo "  branch w3 created: $(git rev-parse --verify --quiet refs/heads/w3 >/dev/null && echo YES || echo NO)"
.softhouse/reviews/t280-review-t279/probe/drive-hook.sh	ext+execbit	53	redirect	echo "  => worktree list after enforce:"
.softhouse/reviews/t280-review-t279/probe/drive-hook.sh	ext+execbit	59	redirect	echo scratch > .softhouse/dirty.txt
.softhouse/reviews/t280-review-t279/probe/drive-hook.sh	ext+execbit	60	redirect	SOFTHOUSE_PUSH_GATE=enforce git worktree add -b w4 "$T/w4" main > "$T/c4.out" 2>&1; rc4=$?
.softhouse/reviews/t280-review-t279/probe/drive-hook.sh	ext+execbit	73	redirect	echo more > "$T/wt/$SH_DIR/late.txt"; git -C "$T/wt" add -A >/dev/null; git -C "$T/wt" commit -qm "unpushed again" >/dev/null
.softhouse/reviews/t280-review-t279/probe/drive-hook.sh	ext+execbit	74	redirect	SOFTHOUSE_PUSH_GATE=enforce git -C "$T/w1" worktree add -b w5 "$T/w5" main > "$T/c5.out" 2>&1; rc5=$?
.softhouse/reviews/t280-review-t279/probe/drive-hook.sh	ext+execbit	76	redirect	echo "  (hook installed at common dir? $(ls "$T/wt/.git/hooks/post-checkout" >/dev/null 2>&1 && echo YES || echo NO))"
.softhouse/reviews/t280-review-t279/probe/drive-lock-bodies.zsh	ext	9	redirect	printf '[user]\n\tname = T280\n\temail = t280@local\n[init]\n\tdefaultBranch = main\n' > "$HOME/.gitconfig"
.softhouse/reviews/t280-review-t279/probe/drive-lock-bodies.zsh	ext	12	redirect	mkdir -p .softhouse; echo x > .softhouse/x; git add -A >/dev/null; git commit -qm seed
.softhouse/reviews/t280-review-t279/probe/drive-lock-bodies.zsh	ext	22	redirect	print -r -- "$body" > "$T/repo/.softhouse/LOCK"
.softhouse/reviews/t280-review-t279/probe/drive-lock-bodies.zsh	ext	87	redirect	probe "I. started_at 100h old, pid 1 alive, tip fresh -> should be arm 3 CEILING" \
.softhouse/reviews/t280-review-t279/probe/drive-lock-bodies.zsh	ext	112	redirect	print -r -- '{"host": "'"$HOSTS"'", "pid": 1, "started_at": "'"$NOWISO"'"}' > "$T/norem/.softhouse/LOCK"
.softhouse/reviews/t280-review-t279/probe/drive-mtime-disagreement.zsh	ext	13	redirect	printf '[user]\n\tname = T280\n\temail = t280@local\n[init]\n\tdefaultBranch = main\n' > "$HOME/.gitconfig"
.softhouse/reviews/t280-review-t279/probe/drive-mtime-disagreement.zsh	ext	17	redirect	mkdir -p .softhouse; echo seed > .softhouse/seed
.softhouse/reviews/t280-review-t279/probe/drive-mtime-disagreement.zsh	ext	18	redirect	git add -A >/dev/null; git commit -qm seed
.softhouse/reviews/t280-review-t279/probe/drive-mtime-disagreement.zsh	ext	31	redirect	}' > .softhouse/LOCK
.softhouse/reviews/t280-review-t279/probe/drive-mtime-disagreement.zsh	ext	32	redirect	git add -f .softhouse/LOCK >/dev/null
.softhouse/reviews/t280-review-t279/probe/drive-releasedat-failopen.zsh	ext	16	redirect	printf '[user]\n\tname = T280\n\temail = t280@local\n[init]\n\tdefaultBranch = main\n' > "$HOME/.gitconfig"
.softhouse/reviews/t280-review-t279/probe/drive-releasedat-failopen.zsh	ext	19	redirect	mkdir -p .softhouse; echo x > .softhouse/x
.softhouse/reviews/t280-review-t279/probe/drive-releasedat-failopen.zsh	ext	20	redirect	git add -A >/dev/null; git commit -qm seed
.softhouse/reviews/t280-review-t279/probe/drive-releasedat-failopen.zsh	ext	28	redirect	print -r -- "$1" > "$T/repo/.softhouse/LOCK"
.softhouse/reviews/t280-review-t279/probe/drive-releasedat-failopen.zsh	ext	85	redirect	}' > "$T/repo/.softhouse/LOCK"
.softhouse/reviews/t280-review-t279/probe/drive-releasedat-failopen.zsh	ext	87	redirect	git add -f .softhouse/LOCK >/dev/null
.softhouse/reviews/t280-review-t279/probe/drive-releasedat-failopen.zsh	ext	88	redirect	GIT_AUTHOR_DATE="$TIP" GIT_COMMITTER_DATE="$TIP" git commit -qm "third party publishes" >/dev/null
.softhouse/reviews/t280-review-t279/probe/drive-releasedat-failopen.zsh	ext	98	redirect	}' > "$T/repo/.softhouse/LOCK"
.softhouse/reviews/t280-review-t279/probe/drive-releasedat-failopen.zsh	ext	100	redirect	git add -f .softhouse/LOCK >/dev/null
.softhouse/reviews/t280-review-t279/probe/drive-releasedat-failopen.zsh	ext	101	redirect	GIT_AUTHOR_DATE="$TIP12" GIT_COMMITTER_DATE="$TIP12" git commit -qm "nothing published for 12h" >/dev/null
.softhouse/reviews/t280-review-t279/probe/fixcheck.zsh	ext	45	redirect	print -r -- "  expected: last -> '' (null, lock HELD) ; last_real -> the timestamp ; mid -> ''"
.softhouse/reviews/t280-review-t279/probe/prose_arms.py	ext	18	redirect	arm 2 "...whatever every other signal says"   -> arm 2 outranks 3,4,5,6
.softhouse/reviews/t280-review-t279/probe/prose_arms.py	ext	19	redirect	arm 4 "...(short of arm 3)"                   -> arm 4 excludes arm 3
.softhouse/reviews/t280-review-t279/probe/prose_arms.py	ext	43	redirect	("P2", "TAKE", '2. The lock names a `pid` on **this** host and that pid is gone -> '
.softhouse/reviews/t280-review-t279/probe/prose_arms.py	ext	85	redirect	zero.append(key)          # -> arm 6 (default) catches these; fine
.softhouse/reviews/t280-review-t279/probe/prose_arms.py	ext	86	redirect	elif len(m) > 1:
.softhouse/reviews/t280-review-t279/probe/prose_arms.py	ext	88	redirect	if len({v for _a, v in m}) > 1:
.softhouse/reviews/t280-review-t279/probe/prose_arms.py	ext	92	redirect	print(f"A. matched ZERO decisive arms (-> arm 6 default, by design): {len(zero)}")
.softhouse/reviews/t280-review-t279/probe/prose_arms.py	ext	96	redirect	flag = "   <-- ARMS DISAGREE" if len(vs) > 1 else ""
.softhouse/reviews/t280-review-t279/probe/prose_arms.py	ext	125	redirect	print(f"    {a} -> {v}   {t}")
.softhouse/reviews/t280-review-t279/probe/prose_arms.py	ext	127	redirect	print("  Reading arm 1 first -> take the lock.  Reading arm 4 first -> exit.")
.softhouse/reviews/t283-review-t274/instruments/10-forgery-arms.sh	ext	77	rm	trap 'rm -rf "$WORK"' EXIT HUP INT TERM QUIT
.softhouse/reviews/t283-review-t274/instruments/10-forgery-arms.sh	ext	98	redirect	) > "$1/capture.log" 2>&1
.softhouse/reviews/t283-review-t274/instruments/10-forgery-arms.sh	ext	101	redirect	verify_full() {  # verify_full DIR NAME -> rc
.softhouse/reviews/t283-review-t274/instruments/10-forgery-arms.sh	ext	106	redirect	> "$1/verify.out" 2> "$1/verify.err" || v_rc=$?
.softhouse/reviews/t283-review-t274/instruments/10-forgery-arms.sh	ext	114	redirect	> "$1/verify.out" 2> "$1/verify.err" || v_rc=$?
.softhouse/reviews/t283-review-t274/instruments/10-forgery-arms.sh	ext	128	redirect	printf '{"invalid":"deliberately-not-a-valid-office"}\n' > "$BODY"
.softhouse/reviews/t283-review-t274/instruments/10-forgery-arms.sh	ext	154	redirect	echo "    body digest before/after: $before -> $(shasum -a 256 "$d/probe.req" | cut -c1-16)"
.softhouse/reviews/t283-review-t274/instruments/10-forgery-arms.sh	ext	181	redirect	echo "    response digest before/after: $before -> $(shasum -a 256 "$d/probe.json" | cut -c1-16)"
.softhouse/reviews/t283-review-t274/instruments/20-sidecar-shapes-and-error-paths.sh	ext	43	rm	cleanup() { chmod -R u+rwX "$WORK" 2>/dev/null || true; rm -rf "$WORK"; }
.softhouse/reviews/t283-review-t274/instruments/20-sidecar-shapes-and-error-paths.sh	ext	61	redirect	printf '{"invalid":"deliberately-not-a-valid-office"}\n' > "$BODY"
.softhouse/reviews/t283-review-t274/instruments/20-sidecar-shapes-and-error-paths.sh	ext	68	redirect	) > "$GOLD/capture.log" 2>&1
.softhouse/reviews/t283-review-t274/instruments/20-sidecar-shapes-and-error-paths.sh	ext	72	redirect	arm() {  # arm NAME -> makes $d a fresh copy of the gold set
.softhouse/reviews/t283-review-t274/instruments/20-sidecar-shapes-and-error-paths.sh	ext	74	rm	rm -rf "$d"; mkdir -p "$d"
.softhouse/reviews/t283-review-t274/instruments/20-sidecar-shapes-and-error-paths.sh	ext	78	redirect	run_full() {  # -> rc
.softhouse/reviews/t283-review-t274/instruments/20-sidecar-shapes-and-error-paths.sh	ext	82	redirect	--status "$d/probe.status" > "$d/out" 2> "$d/err" || r_rc=$?
.softhouse/reviews/t283-review-t274/instruments/20-sidecar-shapes-and-error-paths.sh	ext	92	rm	arm S1; rm -f "$d/probe.http"
.softhouse/reviews/t283-review-t274/instruments/20-sidecar-shapes-and-error-paths.sh	ext	95	truncate	arm S2; : > "$d/probe.http"
.softhouse/reviews/t283-review-t274/instruments/20-sidecar-shapes-and-error-paths.sh	ext	98	redirect	arm S3; head -1 "$GOLD/probe.http" > "$d/probe.http"
.softhouse/reviews/t283-review-t274/instruments/20-sidecar-shapes-and-error-paths.sh	ext	109	redirect	head -$((n - 1)) "$GOLD/probe.http" > "$d/probe.http"
.softhouse/reviews/t283-review-t274/instruments/20-sidecar-shapes-and-error-paths.sh	ext	112	redirect	arm S5; /usr/bin/grep -v '^body-sha256:' "$GOLD/probe.http" > "$d/probe.http"
.softhouse/reviews/t283-review-t274/instruments/20-sidecar-shapes-and-error-paths.sh	ext	115	redirect	arm S6; awk '{print} /^body-sha256:/{print}' "$GOLD/probe.http" > "$d/probe.http"
.softhouse/reviews/t283-review-t274/instruments/20-sidecar-shapes-and-error-paths.sh	ext	118	redirect	arm S7; head -c 200 "$GOLD/probe.http" > "$d/probe.http"
.softhouse/reviews/t283-review-t274/instruments/20-sidecar-shapes-and-error-paths.sh	ext	121	redirect	arm S8; /usr/bin/grep -v '^captured-at-utc:' "$GOLD/probe.http" > "$d/probe.http"
.softhouse/reviews/t283-review-t274/instruments/20-sidecar-shapes-and-error-paths.sh	ext	124	redirect	arm S9; awk '{print} /^captured-at-utc:/{print}' "$GOLD/probe.http" > "$d/probe.http"
.softhouse/reviews/t283-review-t274/instruments/20-sidecar-shapes-and-error-paths.sh	ext	128	redirect	tail -n +3 "$GOLD/probe.http"; } > "$d/probe.http"
.softhouse/reviews/t283-review-t274/instruments/20-sidecar-shapes-and-error-paths.sh	ext	135	redirect	"$GOLD/probe.http" > "$d/probe.http"
.softhouse/reviews/t283-review-t274/instruments/20-sidecar-shapes-and-error-paths.sh	ext	145	rm	arm E2; rm -f "$d/probe.reqhdr"; mkdir "$d/probe.reqhdr"
.softhouse/reviews/t283-review-t274/instruments/20-sidecar-shapes-and-error-paths.sh	ext	148	inplace-edit	arm E3; sed -i '' 's/^Content-Length: .*/Content-Length: forty-six/' "$d/probe.reqhdr"
.softhouse/reviews/t283-review-t274/instruments/20-sidecar-shapes-and-error-paths.sh	ext	151	redirect	arm E4; awk '{print} /^Content-Length:/{print}' "$GOLD/probe.reqhdr" > "$d/probe.reqhdr"
.softhouse/reviews/t283-review-t274/instruments/20-sidecar-shapes-and-error-paths.sh	ext	154	truncate	arm E5; : > "$d/probe.reqhdr"
.softhouse/reviews/t283-review-t274/instruments/20-sidecar-shapes-and-error-paths.sh	ext	157	redirect	arm E6; /usr/bin/grep -v '^HTTP/' "$GOLD/probe.resphdr" > "$d/probe.resphdr"
.softhouse/reviews/t283-review-t274/instruments/20-sidecar-shapes-and-error-paths.sh	ext	163	rm	arm E8; rm -f "$d/probe.status"
.softhouse/reviews/t283-review-t274/instruments/30-selfcheck-residue.sh	ext	36	rm	trap 'rm -rf "$WORK"' EXIT HUP INT TERM QUIT
.softhouse/reviews/t283-review-t274/instruments/30-selfcheck-residue.sh	ext	42	redirect	cat > "$1/wire_attestation.py" <<SHIM
.softhouse/reviews/t283-review-t274/instruments/30-selfcheck-residue.sh	ext	46	redirect	if len(sys.argv) > 1 and sys.argv[1] == "$2":
.softhouse/reviews/t283-review-t274/instruments/30-selfcheck-residue.sh	ext	70	redirect	) > "$d/log" 2>&1 || rc=$?
.softhouse/reviews/t283-review-t274/instruments/30-selfcheck-residue.sh	ext	74	redirect	residue() {  # residue DIR -> the capture artefacts left behind
.softhouse/reviews/t283-review-t274/instruments/30-selfcheck-residue.sh	ext	78	redirect	printf '{"invalid":"deliberately-not-a-valid-office"}\n' > "$WORK/body.json"
.softhouse/reviews/t283-review-t274/instruments/30-selfcheck-residue.sh	ext	83	redirect	note A "derive FAILS   -> oracle_send rc=$rc, capture artefacts left behind: $n"
.softhouse/reviews/t283-review-t274/instruments/30-selfcheck-residue.sh	ext	90	redirect	note B "verify FAILS   -> oracle_send rc=$rc, capture artefacts left behind: $n"
.softhouse/reviews/t283-review-t274/instruments/30-selfcheck-residue.sh	ext	97	redirect	note C "verify ERRORS  -> oracle_send rc=$rc, capture artefacts left behind: $n"
.softhouse/reviews/t283-review-t274/instruments/30-selfcheck-residue.sh	ext	103	redirect	note D "lib ABSENT     -> oracle_send rc=$rc, capture artefacts left behind: $n"
.softhouse/reviews/t283-review-t274/instruments/t283-forge.py	ext	101	redirect	arg = argv[4] if len(argv) > 4 else ""
.softhouse/reviews/t285-review-t273/instruments/40-selector-superset-rederive.py	ext	84	redirect	if p.returncode > 1:
.softhouse/reviews/t285-review-t273/instruments/50-bracket-root-location-probe.py	ext	11	redirect	`<main>/.claude/worktrees/agent-<hex>`, so `ROOT` is the WORKTREE when the BAR runs in a
.softhouse/reviews/t285-review-t273/instruments/50-bracket-root-location-probe.py	ext	127	py-rmtree	shutil.rmtree(SCRATCH, ignore_errors=True)
.softhouse/reviews/t285-review-t273/instruments/50-bracket-root-location-probe.py	ext	154	py-rmtree	shutil.rmtree(SCRATCH, ignore_errors=True)
.softhouse/reviews/t285-review-t273/instruments/70-independent-red-drive.sh	ext	29	git-restore	echo "restores by `git checkout --`, which would destroy uncommitted work. Commit first."
.softhouse/reviews/t285-review-t273/instruments/70-independent-red-drive.sh	ext	34	git-restore	restore() { git checkout -- . 2>/dev/null; }
.softhouse/reviews/t285-review-t273/instruments/70-independent-red-drive.sh	ext	44	redirect	bash .softhouse/conformance.sh >"$log" 2>&1
.softhouse/reviews/t285-review-t273/instruments/70-independent-red-drive.sh	ext	71	inplace-edit	/usr/bin/sed -i '' 's%^C=/tmp/t158-clone$%C="$(mktemp -d "${TMPDIR:-/tmp}/t158-clone.XXXXXXXXXX")"%' "$PINNED"
.softhouse/reviews/t285-review-t273/instruments/70-independent-red-drive.sh	ext	80	inplace-edit	/usr/bin/sed -i '' 's%^D="\$(mktemp -d .*$%C=/tmp/t234_matrix2.txt%' "$ESCAPE"
.softhouse/reviews/t285-review-t273/instruments/70-independent-red-drive.sh	ext	81	rm	/usr/bin/sed -i '' "s%^trap 'rm -rf \"\\\$D\"' EXIT\$%%" "$ESCAPE"
.softhouse/reviews/t285-review-t273/instruments/70-independent-red-drive.sh	ext	82	inplace-edit	/usr/bin/sed -i '' 's%^C="\$D/matrix2.txt"$%%' "$ESCAPE"
.softhouse/reviews/t285-review-t273/instruments/70-independent-red-drive.sh	ext	88	rm	rm -f /tmp/t234_matrix2.txt
.softhouse/reviews/t285-review-t273/instruments/70-independent-red-drive.sh	ext	92	rm	rm -f /tmp/t234_matrix2.txt
.softhouse/reviews/t285-review-t273/instruments/70-independent-red-drive.sh	ext	95	rm	rm -f "$BRACKET"
.softhouse/reviews/t285-review-t273/instruments/80-regression-test-claim.sh	ext	34	git-restore	restore() { git checkout -- . 2>/dev/null; }
.softhouse/reviews/t285-review-t273/instruments/80-regression-test-claim.sh	ext	38	inplace-edit	/usr/bin/sed -i '' 's%^D="\$(mktemp -d .*$%C=/tmp/t234_matrix2.txt%' "$F"
.softhouse/reviews/t285-review-t273/instruments/80-regression-test-claim.sh	ext	39	rm	/usr/bin/sed -i '' "s%^trap 'rm -rf \"\\\$D\"' EXIT\$%%" "$F"
.softhouse/reviews/t285-review-t273/instruments/80-regression-test-claim.sh	ext	40	inplace-edit	/usr/bin/sed -i '' 's%^C="\$D/matrix2.txt"$%%' "$F"
.softhouse/reviews/t285-review-t273/instruments/80-regression-test-claim.sh	ext	45	rm	rm -f /tmp/t234_matrix2.txt
.softhouse/reviews/t285-review-t273/instruments/80-regression-test-claim.sh	ext	46	redirect	python3 "$B" >".softhouse/reviews/t285-review-t273/scratch/80-$1.txt" 2>&1
.softhouse/reviews/t285-review-t273/instruments/80-regression-test-claim.sh	ext	72	redirect	echo "ARM B — defect reintroduced AND the one comment line carrying \`> /tmp/t234_matrix2.txt\` removed:"
.softhouse/reviews/t285-review-t273/instruments/80-regression-test-claim.sh	ext	74	inplace-edit	/usr/bin/sed -i '' '/for a literal `> \/tmp\/t234_matrix2.txt` and the redirection here/d' "$F"
.softhouse/reviews/t285-review-t273/instruments/80-regression-test-claim.sh	ext	78	rm	rm -f /tmp/t234_matrix2.txt
.softhouse/reviews/t288-drive/build-fixture.sh	ext	19	rm	rm -rf "$BASE"
.softhouse/reviews/t288-drive/build-fixture.sh	ext	40	redirect	cat > .softhouse/tasks.json <<'JSON'
.softhouse/reviews/t288-drive/build-fixture.sh	ext	89	redirect	cat > .softhouse/RESUME.md <<'MD'
.softhouse/reviews/t288-drive/build-fixture.sh	ext	101	redirect	print -r -- '{"status":"active","contexts":[]}' > .softhouse/program.json
.softhouse/reviews/t288-drive/build-fixture.sh	ext	109	redirect	print -r -- "partial work from a worker that committed and then died" > wip-t901.txt
.softhouse/reviews/t288-drive/build-fixture.sh	ext	117	redirect	print -r -- "uncommitted deliverable the worker never got to commit" > "$BASE/agent-fixture900/wip-t900.txt"
.softhouse/reviews/t288-drive/build-fixture.sh	ext	122	redirect	cat > "$BASE/fake/claude" <<'SH'
.softhouse/reviews/t288-drive/build-fixture.sh	ext	136	redirect	cat > "$BASE/fake/claude-quota" <<'SH'
.softhouse/reviews/t288-drive/build-fixture.sh	ext	140	redirect	print -r -- '{"type":"assistant","message":{"model":"<synthetic>","role":"assistant","content":[]}}'
.softhouse/reviews/t288-drive/drive.sh	ext	17	rm	rm -rf "$RUNDIR"; mkdir -p "$RUNDIR"
.softhouse/reviews/t288-drive/drive.sh	ext	20	redirect	git -C "$WT" show HEAD:.softhouse/bin/fire-program.sh   > "$RUNDIR/fire-program.sh"
.softhouse/reviews/t288-drive/drive.sh	ext	21	redirect	git -C "$WT" show HEAD:.softhouse/bin/ready-tasks.py    > "$RUNDIR/ready-tasks.py"
.softhouse/reviews/t288-drive/drive.sh	ext	22	redirect	git -C "$WT" show HEAD:.softhouse/bin/lib-worktree-prune.zsh > "$RUNDIR/lib-worktree-prune.zsh"
.softhouse/reviews/t288-drive/drive.sh	ext	40	rm	rm -f "$DONE_MARK"
.softhouse/reviews/t288-drive/drive.sh	ext	43	redirect	zsh -c "zsh '$RUNDIR/fire-program.sh' > '$BASE/$MODE.wrapper.out' 2>&1; print -r -- \$? > '$DONE_MARK'" & ) &
.softhouse/reviews/t288-drive/measure-live-host.sh	ext	23	redirect	print -r -- "  pid $P -> $(/usr/sbin/lsof -w -a -d cwd -p $P -Fn 2>/dev/null | grep '^n' | sed 's/^n//')"
.softhouse/reviews/t288-drive/neg-drive.sh	ext	30	rm	rm -rf "$RUNDIR"; mkdir -p "$RUNDIR"
.softhouse/reviews/t288-drive/neg-drive.sh	ext	51	rm	rm -f "$DONE_MARK"
.softhouse/reviews/t288-drive/neg-drive.sh	ext	54	redirect	zsh -c "zsh '$RUNDIR/fire-program.sh' > '$BASE/neg.wrapper.out' 2>&1; print -r -- \$? > '$DONE_MARK'" & ) &
.softhouse/reviews/t29-probe/t29_rederive.py	ext	72	redirect	def to_money(x: Decimal) -> int:
.softhouse/reviews/t29-probe/t29_rederive.py	ext	73	redirect	"""A quantity becomes money: setScale(MUD, HALF_UP) -> int64 minor units.
.softhouse/reviews/t29-probe/t29_rederive.py	ext	83	redirect	def half_up_div(num: int, den: int) -> int:
.softhouse/reviews/t29-probe/t29_rederive.py	ext	86	redirect	assert den > 0
.softhouse/reviews/t29-probe/t29_rederive.py	ext	95	redirect	def add_months(d: date, k: int) -> date:
.softhouse/reviews/t29-probe/t29_rederive.py	ext	102	redirect	def reanchor(d: date, seed: date) -> date:
.softhouse/reviews/t29-probe/t29_rederive.py	ext	103	redirect	if seed.day > 28 and d.day >= 28:
.softhouse/reviews/t29-probe/t29_rederive.py	ext	125	redirect	every: int = 1, apply_day_correction: bool = True) -> Decimal:
.softhouse/reviews/t29-probe/t29_rederive.py	ext	153	redirect	def level_installment(balance_minor: int, rfs) -> int:
.softhouse/reviews/t29-probe/t29_rederive.py	ext	214	redirect	prev = rows[-2]["outstanding"] if len(rows) > 1 else disbursed_minor
.softhouse/reviews/t29-probe/t29_rederive.py	ext	222	redirect	keep_before=True  -> only the RELATED periods carry the level installment
.softhouse/reviews/t29-probe/t29_rederive.py	ext	224	redirect	keep_before=False -> ALL periods carry it (the reading DEC-1 4.3.1 step 6's
.softhouse/reviews/t29-probe/t29_rederive.py	ext	252	redirect	if not (lower_half > 0
.softhouse/reviews/t29-probe/t29_rederive.py	ext	254	redirect	and abs(emi_difference) * 100 > lower_half * UNIT):
.softhouse/reviews/t29-probe/t29_rederive.py	ext	285	redirect	trace.append(f"ADOPT#{adjust_counter} {original}->{adjusted} "
.softhouse/reviews/t29-probe/t29_rederive.py	ext	286	redirect	f"(|d| {abs(emi_difference)}->{abs(new_difference)})")
.softhouse/reviews/t29-probe/t29_rederive.py	ext	289	redirect	if adjust_counter > 3:
.softhouse/reviews/t29-probe/t29_sweep.py	ext	101	redirect	print(f"   P={p:<9} n={n_rep:<3} {rate:>5}%  disbursement on period {j}'s due date")
.softhouse/reviews/t29-probe/t29_sweep.py	ext	102	redirect	print(f"      source n=|related|={n_rep-j}: level {sl:>14} final {sf:>14} interest {si:>14}")
.softhouse/reviews/t29-probe/t29_sweep.py	ext	103	redirect	print(f"      text   n=NumberOfRepayments={n_rep}: level {tl:>14} final {tf:>14} interest {ti:>14}")
.softhouse/reviews/t29-probe/t29_sweep.py	ext	141	redirect	f"  -> NOT a money-relevant under-determination at (19, HALF_UP)")
.softhouse/reviews/t29-probe/t29_validate.py	ext	51	redirect	print(f"  {'PASS' if good else 'FAIL'}  P={p:<9} n={n:<3} {r:>5}%"
.softhouse/reviews/t291-review-t286/probe/drive-t291.py	ext	19	redirect	PRE  86f4285  pre-T268 (== main:<rule> at the time of writing)
.softhouse/reviews/t291-review-t286/probe/drive-t291.py	ext	273	py-rmtree	shutil.rmtree(scratch, ignore_errors=True)
.softhouse/reviews/t291-review-t286/probe/enumerate-exit0-t291.py	ext	9	redirect	exit 0 => the probe line is PRESENT and says GREEN
.softhouse/reviews/t291-review-t286/probe/enumerate-exit0-t291.py	ext	10	redirect	exit 1 => the probe line is PRESENT and says REFUSED
.softhouse/reviews/t291-review-t286/probe/enumerate-exit0-t291.py	ext	11	redirect	exit 2 => the probe line is ABSENT
.softhouse/reviews/t291-review-t286/probe/enumerate-exit0-t291.py	ext	206	py-rmtree	shutil.rmtree(outside, ignore_errors=True)
.softhouse/reviews/t291-review-t286/probe/enumerate-exit0-t291.py	ext	276	py-rmtree	shutil.rmtree(scratch, ignore_errors=True)
.softhouse/reviews/t291-review-t286/probe/reproduce-in-t286s-own-sweep.sh	ext	34	rm	for f in $FIXTURES; do rm -f "$T286FIX/$f.json"; done
.softhouse/reviews/t291-review-t286/probe/reproduce-in-t286s-own-sweep.sh	ext	50	redirect	python3 "$DRIVER" > "$HERE/../out/t286-own-sweep-with-t291-fixtures.txt" 2>&1 || RC=$?
.softhouse/reviews/t30-probe/t30_rederive_b03_b04.py	ext	7	redirect	> reachable in the sandbox where this was written and run.  **No oracle value is
.softhouse/reviews/t30-probe/t30_rederive_b03_b04.py	ext	8	redirect	> synthesized, invented or extrapolated here.**  Every observed number is read
.softhouse/reviews/t30-probe/t30_rederive_b03_b04.py	ext	9	redirect	> from a capture already committed on `main`
.softhouse/reviews/t30-probe/t30_rederive_b03_b04.py	ext	11	redirect	> from the pinned Fineract checkout at `/home/user/fineract`
.softhouse/reviews/t30-probe/t30_rederive_b03_b04.py	ext	13	redirect	> it does not *observe* it.
.softhouse/reviews/t30-probe/t30_rederive_b03_b04.py	ext	33	redirect	DaysInYearType.java:81-86               ACTUAL -> referenceDate.lengthOfYear()
.softhouse/reviews/t30-probe/t30_rederive_b03_b04.py	ext	37	redirect	AND (ipDue.year - ipFrom.year) > 0
.softhouse/reviews/t30-probe/t30_rederive_b03_b04.py	ext	62	redirect	Money.java:40-52                        Money.of -> setScale(decimalPlaces, tenant rounding mode)
.softhouse/reviews/t30-probe/t30_rederive_b03_b04.py	ext	74	redirect	|emiDifference| * 100 > originalEmi.copy(floor(n/2))
.softhouse/reviews/t30-probe/t30_rederive_b03_b04.py	ext	125	redirect	(DaysInYearType.java:81-86 -> referenceDate.lengthOfYear())."""
.softhouse/reviews/t30-probe/t30_rederive_b03_b04.py	ext	134	redirect	isInterestRecognitionOnDisbursementDate == false (:1578-1584 -> Dec 31)."""
.softhouse/reviews/t30-probe/t30_rederive_b03_b04.py	ext	155	redirect	partial = (years_diff > 0 and
.softhouse/reviews/t30-probe/t30_rederive_b03_b04.py	ext	238	redirect	adjust_fires = abs(emi_difference) * Decimal(100) > lower_half
.softhouse/reviews/t31-probe/t31_spec_check.py	ext	66	redirect	def round_mc(x: Decimal) -> Decimal:
.softhouse/reviews/t31-probe/t31_spec_check.py	ext	77	redirect	def mul_mc(a: Decimal, b: Decimal) -> Decimal:
.softhouse/reviews/t31-probe/t31_spec_check.py	ext	84	redirect	def div_mc(a: Decimal, b: Decimal) -> Decimal:
.softhouse/reviews/t31-probe/t31_spec_check.py	ext	91	redirect	def to_money(x: Decimal) -> int:
.softhouse/reviews/t31-probe/t31_spec_check.py	ext	101	redirect	def half_up_div_int(num: int, den: int) -> int:
.softhouse/reviews/t31-probe/t31_spec_check.py	ext	104	redirect	assert den > 0
.softhouse/reviews/t31-probe/t31_spec_check.py	ext	112	redirect	def add_months(d: date, k: int) -> date:
.softhouse/reviews/t31-probe/t31_spec_check.py	ext	119	redirect	def reanchor(d: date, seed: date) -> date:
.softhouse/reviews/t31-probe/t31_spec_check.py	ext	120	redirect	"""Step 2: monthly AND seed day > 28 AND stepped day >= 28."""
.softhouse/reviews/t31-probe/t31_spec_check.py	ext	121	redirect	if seed.day > 28 and d.day >= 28:
.softhouse/reviews/t31-probe/t31_spec_check.py	ext	143	redirect	every: int = 1) -> Decimal:
.softhouse/reviews/t31-probe/t31_spec_check.py	ext	192	redirect	def level_installment(balance_minor: int, rfs) -> int:
.softhouse/reviews/t31-probe/t31_spec_check.py	ext	213	redirect	textbook: bool = False) -> Decimal:
.softhouse/reviews/t31-probe/t31_spec_check.py	ext	281	redirect	prev = rows[-2]["outstanding"] if len(rows) > 1 else disbursed_minor
.softhouse/reviews/t31-probe/t31_spec_check.py	ext	319	redirect	if not (lower_half > 0
.softhouse/reviews/t31-probe/t31_spec_check.py	ext	321	redirect	and abs(emi_difference) * 100 > lower_half * UNIT):
.softhouse/reviews/t31-probe/t31_spec_check.py	ext	347	redirect	trace.append(f"ADOPT#{adjust_counter} {original}->{adjusted}")
.softhouse/reviews/t31-probe/t31_spec_check.py	ext	350	redirect	if adjust_counter > 3:
.softhouse/reviews/t31-probe/t31_spec_check.py	ext	475	redirect	print(f"  {'PASS' if good else 'FAIL'}  P={p:<9} n={n:<3} {r:>5}%{tag:<18}"
.softhouse/reviews/t31-probe/t31_spec_check.py	ext	491	redirect	print(f"  {'EXCLUDED' if differs else 'NOT EXCLUDED'}  P={p:<9} n={n} {r:>5}%"
.softhouse/reviews/t31-probe/t31_spec_check.py	ext	507	redirect	print(f"  {'EXCLUDED' if differs else 'NOT EXCLUDED'}  P={p:<9} n={n} {r:>5}%"
.softhouse/reviews/t32-probe/t32_inside_period.py	ext	44	truncate	print(f"{'shape':<44} {'DEC-1 text (ratio 1)':>26} {'source (prorated)':>26}")
.softhouse/reviews/t32-probe/t32_inside_period.py	ext	51	truncate	f"{'/'.join(a):>26} {'/'.join(b):>26}   {'SAME' if a == b else 'DIVERGE'}")
.softhouse/reviews/t32-probe/t32_inside_period.py	ext	58	truncate	print(f"  {reading:<7} interest={fmt(rp.interest):>12}  principal={fmt(rp.principal):>12}"
.softhouse/reviews/t32-probe/t32_inside_period.py	ext	59	truncate	f"  outstanding={fmt(rp.outstanding):>14}  emi={fmt(rp.emi):>12}")
.softhouse/reviews/t32-probe/t32_inside_period.py	ext	61	truncate	print(f"            ip [{ip.frm} .. {ip.due}] balance_in={fmt(ip.balance_in):>12}"
.softhouse/reviews/t32-probe/t32_model.py	ext	25	redirect	is "computed over"  ->  ratio == 1 always
.softhouse/reviews/t32-probe/t32_model.py	ext	56	redirect	def mul(a: Decimal, b: Decimal) -> Decimal:
.softhouse/reviews/t32-probe/t32_model.py	ext	60	redirect	def div(a: Decimal, b: Decimal) -> Decimal:
.softhouse/reviews/t32-probe/t32_model.py	ext	64	redirect	def madd(a: Decimal, b: Decimal) -> Decimal:
.softhouse/reviews/t32-probe/t32_model.py	ext	68	redirect	def eadd(a: Decimal, b: Decimal) -> Decimal:
.softhouse/reviews/t32-probe/t32_model.py	ext	73	redirect	def set_scale(x: Decimal, s: int) -> Decimal:
.softhouse/reviews/t32-probe/t32_model.py	ext	78	redirect	def money(x: Decimal) -> Decimal:
.softhouse/reviews/t32-probe/t32_model.py	ext	89	redirect	def _clamp_add_months(d: date, months: int) -> date:
.softhouse/reviews/t32-probe/t32_model.py	ext	95	redirect	def due_dates(start: date, n: int, every: int, seed: date) -> list[date]:
.softhouse/reviews/t32-probe/t32_model.py	ext	100	redirect	if seed.day > 28 and nxt.day >= 28:
.softhouse/reviews/t32-probe/t32_model.py	ext	106	redirect	def days(a: date, b: date) -> int:
.softhouse/reviews/t32-probe/t32_model.py	ext	137	redirect	rp: RepaymentPeriod, days_reading: str) -> Decimal:
.softhouse/reviews/t32-probe/t32_model.py	ext	159	redirect	def interest_of(ip: InterestPeriod, rp: RepaymentPeriod) -> Decimal:
.softhouse/reviews/t32-probe/t32_model.py	ext	170	redirect	def interest_of_textbook(ip: InterestPeriod, rp: RepaymentPeriod) -> Decimal:
.softhouse/reviews/t32-probe/t32_model.py	ext	179	redirect	def build_periods(start: date, n: int, every: int, seed: date) -> list[RepaymentPeriod]:
.softhouse/reviews/t32-probe/t32_model.py	ext	186	redirect	def register_disbursement(rps: list[RepaymentPeriod], d: date, amount: Decimal) -> date:
.softhouse/reviews/t32-probe/t32_model.py	ext	195	redirect	lo_ok = (d >= rp.frm) if i == 0 else (d > rp.frm)
.softhouse/reviews/t32-probe/t32_model.py	ext	223	redirect	def propagate_one(rps: list[RepaymentPeriod], i: int) -> None:
.softhouse/reviews/t32-probe/t32_model.py	ext	239	redirect	ip.balance_in = v if v > 0 else ZERO
.softhouse/reviews/t32-probe/t32_model.py	ext	243	redirect	ip.balance_in = v if v > 0 else ZERO
.softhouse/reviews/t32-probe/t32_model.py	ext	246	redirect	def propagate_balances(rps: list[RepaymentPeriod]) -> None:
.softhouse/reviews/t32-probe/t32_model.py	ext	252	redirect	days_reading: str) -> None:
.softhouse/reviews/t32-probe/t32_model.py	ext	259	redirect	def rate_factor_plus1(rp: RepaymentPeriod) -> Decimal:
.softhouse/reviews/t32-probe/t32_model.py	ext	267	redirect	def level_installment(related: list[RepaymentPeriod]) -> Decimal:
.softhouse/reviews/t32-probe/t32_model.py	ext	284	redirect	def split(rps: list[RepaymentPeriod], interest_fn) -> None:
.softhouse/reviews/t32-probe/t32_model.py	ext	296	redirect	rp.principal = p if p > 0 else ZERO
.softhouse/reviews/t32-probe/t32_model.py	ext	302	redirect	rp.outstanding = o if o > 0 else ZERO
.softhouse/reviews/t32-probe/t32_model.py	ext	305	redirect	def apply_residual(rps: list[RepaymentPeriod], total_disbursed: Decimal) -> None:
.softhouse/reviews/t32-probe/t32_model.py	ext	318	redirect	level: Decimal, total_disbursed: Decimal, interest_fn) -> None:
.softhouse/reviews/t32-probe/t32_model.py	ext	326	redirect	def divide_to_minor(numer: Decimal, d: int) -> Decimal:
.softhouse/reviews/t32-probe/t32_model.py	ext	338	redirect	total_disbursed: Decimal, interest_fn) -> None:
.softhouse/reviews/t32-probe/t32_model.py	ext	349	redirect	if not (lower_half > 0 and emi_diff != 0
.softhouse/reviews/t32-probe/t32_model.py	ext	350	redirect	and EXACT.multiply(abs(emi_diff), Decimal(100)) > Decimal(lower_half)):
.softhouse/reviews/t32-probe/t32_model.py	ext	376	redirect	if counter > 3:
.softhouse/reviews/t32-probe/t32_model.py	ext	404	redirect	def fmt(x: Decimal) -> str:
.softhouse/reviews/t32-probe/t32_sweep.py	ext	33	redirect	def strictly_inside(start: date, n: int, d: date) -> bool:
.softhouse/reviews/t32-probe/t32_sweep.py	ext	38	redirect	def main(trials: int = 3000, seed: int = 32) -> None:
.softhouse/reviews/t32-probe/t32_sweep.py	ext	61	redirect	if worst is None or gap > worst[0]:
.softhouse/reviews/t32-probe/t32_validate.py	ext	52	redirect	print(f"  {'PASS' if good else 'FAIL'}  P={p:<9} n={n:<3} {r:>5}%"
.softhouse/reviews/t32-probe/t32_validate.py	ext	56	redirect	print(f"  => {ok} pass, {bad} fail, out of {len(CASES)}\n")
.softhouse/reviews/t33-probe/t33_spec_check.py	ext	60	redirect	def mul(a: Decimal, b: Decimal) -> Decimal:
.softhouse/reviews/t33-probe/t33_spec_check.py	ext	65	redirect	def div(a: Decimal, b: Decimal) -> Decimal:
.softhouse/reviews/t33-probe/t33_spec_check.py	ext	70	redirect	def madd(a: Decimal, b: Decimal) -> Decimal:
.softhouse/reviews/t33-probe/t33_spec_check.py	ext	74	redirect	def xadd(a: Decimal, b: Decimal) -> Decimal:
.softhouse/reviews/t33-probe/t33_spec_check.py	ext	81	redirect	def set_scale(x: Decimal, s: int) -> Decimal:
.softhouse/reviews/t33-probe/t33_spec_check.py	ext	86	redirect	def money(x: Decimal) -> Decimal:
.softhouse/reviews/t33-probe/t33_spec_check.py	ext	92	redirect	def days(a: date, b: date) -> int:
.softhouse/reviews/t33-probe/t33_spec_check.py	ext	101	redirect	def _step_month(d: date, months: int) -> date:
.softhouse/reviews/t33-probe/t33_spec_check.py	ext	107	redirect	def due_dates(start: date, n: int, every: int, seed: date) -> list[date]:
.softhouse/reviews/t33-probe/t33_spec_check.py	ext	111	redirect	if seed.day > 28 and nxt.day >= 28:                # :168-176
.softhouse/reviews/t33-probe/t33_spec_check.py	ext	147	redirect	day_counts: str) -> Decimal:
.softhouse/reviews/t33-probe/t33_spec_check.py	ext	183	redirect	day_counts: str) -> None:
.softhouse/reviews/t33-probe/t33_spec_check.py	ext	195	redirect	def growth_factor(rp: RepaymentPeriod, composition: str) -> Decimal:
.softhouse/reviews/t33-probe/t33_spec_check.py	ext	219	redirect	def _whole_period_factor(rp: RepaymentPeriod) -> Decimal:
.softhouse/reviews/t33-probe/t33_spec_check.py	ext	225	redirect	def interest_of(ip: InterestPeriod, rp: RepaymentPeriod, reading: str) -> Decimal:
.softhouse/reviews/t33-probe/t33_spec_check.py	ext	241	redirect	def build_periods(start: date, n: int, every: int, seed: date) -> list[RepaymentPeriod]:
.softhouse/reviews/t33-probe/t33_spec_check.py	ext	249	redirect	amount: Decimal) -> date:
.softhouse/reviews/t33-probe/t33_spec_check.py	ext	259	redirect	lo = (d >= rp.frm) if i == 0 else (d > rp.frm)
.softhouse/reviews/t33-probe/t33_spec_check.py	ext	285	redirect	def propagate_one(rps: list[RepaymentPeriod], i: int) -> None:
.softhouse/reviews/t33-probe/t33_spec_check.py	ext	300	redirect	ip.balance_in = v if v > 0 else ZERO
.softhouse/reviews/t33-probe/t33_spec_check.py	ext	304	redirect	ip.balance_in = v if v > 0 else ZERO
.softhouse/reviews/t33-probe/t33_spec_check.py	ext	309	redirect	def split(rps: list[RepaymentPeriod], interest_reading: str) -> None:
.softhouse/reviews/t33-probe/t33_spec_check.py	ext	321	redirect	rp.principal = p if p > 0 else ZERO
.softhouse/reviews/t33-probe/t33_spec_check.py	ext	326	redirect	rp.outstanding = o if o > 0 else ZERO                # step 4, clamp  :399
.softhouse/reviews/t33-probe/t33_spec_check.py	ext	329	redirect	def apply_residual(rps: list[RepaymentPeriod], total_disbursed: Decimal) -> None:
.softhouse/reviews/t33-probe/t33_spec_check.py	ext	341	redirect	def rebuild(rps, related, level, total_disbursed, interest_reading) -> None:
.softhouse/reviews/t33-probe/t33_spec_check.py	ext	354	redirect	def level_installment(related: list[RepaymentPeriod], composition: str) -> Decimal:
.softhouse/reviews/t33-probe/t33_spec_check.py	ext	370	redirect	def divide_to_minor(numer: Decimal, d: int) -> Decimal:
.softhouse/reviews/t33-probe/t33_spec_check.py	ext	379	redirect	n_reading: str, number_of_repayments: int) -> None:
.softhouse/reviews/t33-probe/t33_spec_check.py	ext	400	redirect	if not (lower_half > 0
.softhouse/reviews/t33-probe/t33_spec_check.py	ext	403	redirect	> Decimal(lower_half)):                        # :34-35, in units
.softhouse/reviews/t33-probe/t33_spec_check.py	ext	434	redirect	if counter > 3:
.softhouse/reviews/t33-probe/t33_spec_check.py	ext	542	redirect	def part_a() -> int:
.softhouse/reviews/t33-probe/t33_spec_check.py	ext	549	redirect	print(f"  {'PASS' if ok else 'FAIL'}  P={p:<9} n={n:<3} {r:>5}%"
.softhouse/reviews/t33-probe/t33_spec_check.py	ext	553	redirect	print(f"  => {len(CASES) - bad} pass, {bad} fail, out of {len(CASES)}\n")
.softhouse/reviews/t33-probe/t33_spec_check.py	ext	557	redirect	def _corpus_agreement(**kw) -> int:
.softhouse/reviews/t33-probe/t33_spec_check.py	ext	562	redirect	def part_b(label, shapes, kw, note) -> int:
.softhouse/reviews/t33-probe/t33_spec_check.py	ext	567	redirect	f"  -> the corpus is {'BLIND to it' if agree == len(CASES) else 'able to see it'}")
.softhouse/reviews/t33-probe/t33_spec_check.py	ext	576	redirect	print(f"    {tag:<14} MNT {p:>10,} / {n:<3} x {r:>5}%  start={start}{ds}")
.softhouse/reviews/t33-probe/t33_spec_check.py	ext	577	truncate	print(f"                   revision 6 : {spec[0]:>14} / {spec[1]:>14} / {spec[2]:>15}")
.softhouse/reviews/t33-probe/t33_spec_check.py	ext	578	truncate	print(f"                   the reading: {wrong[0]:>14} / {wrong[1]:>14} / {wrong[2]:>15}")
.softhouse/reviews/t33-probe/t33_spec_check.py	ext	579	redirect	print(f"    => the reading FAILS revision 6 on {diverge}/{len(shapes)} cited shapes\n")
.softhouse/reviews/t33-probe/t33_spec_check.py	ext	583	redirect	def part_c() -> int:
.softhouse/reviews/t34-probe/t34_model.py	ext	32	redirect	def round_mc(x: Decimal, sig: int = SIG) -> Decimal:
.softhouse/reviews/t34-probe/t34_model.py	ext	40	redirect	def set_scale(x: Decimal, scale: int) -> Decimal:
.softhouse/reviews/t34-probe/t34_model.py	ext	45	redirect	def to_minor(x: Decimal) -> int:
.softhouse/reviews/t34-probe/t34_model.py	ext	51	redirect	def days(a: date, b: date) -> int:
.softhouse/reviews/t34-probe/t34_model.py	ext	57	redirect	def add_months_clamped(d: date, k: int) -> date:
.softhouse/reviews/t34-probe/t34_model.py	ext	64	redirect	def re_anchor(stepped: date, seed: date) -> date:
.softhouse/reviews/t34-probe/t34_model.py	ext	65	redirect	"""Step 2 (monthly only): if the SEED day > 28 and the stepped day >= 28,
.softhouse/reviews/t34-probe/t34_model.py	ext	67	redirect	if seed.day > 28 and stepped.day >= 28:
.softhouse/reviews/t34-probe/t34_model.py	ext	73	redirect	def repayment_boundaries(start: date, seed: date, n: int, every: int) -> list[tuple[date, date]]:
.softhouse/reviews/t34-probe/t34_model.py	ext	89	redirect	rp_from: date, rp_due: date) -> Decimal:
.softhouse/reviews/t34-probe/t34_model.py	ext	129	redirect	def length(self) -> int:
.softhouse/reviews/t34-probe/t34_model.py	ext	133	redirect	def length_till_period_due(self) -> int:
.softhouse/reviews/t34-probe/t34_model.py	ext	148	redirect	def growth_factor(self) -> Decimal:
.softhouse/reviews/t34-probe/t34_model.py	ext	167	redirect	def segment(req: Request) -> list[RepaymentPeriod]:
.softhouse/reviews/t34-probe/t34_model.py	ext	200	redirect	def apply_rate_factors(req: Request, periods, multipliers=None) -> None:
.softhouse/reviews/t34-probe/t34_model.py	ext	212	redirect	def first_related(req: Request, periods, target: int) -> int:
.softhouse/reviews/t34-probe/t34_model.py	ext	224	redirect	def level_installment(periods, first_rel: int, balance_minor: int) -> int:
.softhouse/reviews/t34-probe/t34_model.py	ext	233	redirect	if i > 0:
.softhouse/reviews/t34-probe/t34_model.py	ext	240	redirect	def split_rows(periods, first_rel: int, emi_minor: int) -> None:
.softhouse/reviews/t34-probe/t34_model.py	ext	266	redirect	def apply_residual_and_recompute(periods, principal_minor: int) -> None:
.softhouse/reviews/t34-probe/t34_model.py	ext	274	redirect	balance_minor = periods[-2].outstanding_minor if len(periods) > 1 else 0
.softhouse/reviews/t34-probe/t34_model.py	ext	322	redirect	if not (lower_half > 0 and emi_difference != 0
.softhouse/reviews/t34-probe/t34_model.py	ext	323	redirect	and abs(emi_difference) * 100 > lower_half * MINOR):
.softhouse/reviews/t34-probe/t34_model.py	ext	326	redirect	sgn = 1 if emi_difference > 0 else -1
.softhouse/reviews/t34-probe/t34_model.py	ext	338	redirect	if adjust_counter > 3:
.softhouse/reviews/t34-probe/t34_model.py	ext	349	redirect	def m2s(v: int) -> str:
.softhouse/reviews/t34-probe/t34_periodratio.py	ext	11	redirect	":1355-1356 -> :1403-1412 -> rateFactorByRepaymentEveryMonth :1923-1927
.softhouse/reviews/t34-probe/t34_periodratio.py	ext	12	redirect	-> rateFactorByRepaymentPeriod :1950-1966, and :1486-1487 -> :1536 -> the same two."
.softhouse/reviews/t34-probe/t34_periodratio.py	ext	18	redirect	case MONTHS -> calculatePeriodRatio(scheduleModel, repaymentPeriod, ChronoUnit.MONTHS, mc); ... };
.softhouse/reviews/t34-probe/t34_periodratio.py	ext	46	redirect	def months_between(a: date, b: date) -> int:
.softhouse/reviews/t34-probe/t34_periodratio.py	ext	57	redirect	def minus_months_clamped(d: date, k: int) -> date:
.softhouse/reviews/t34-probe/t34_periodratio.py	ext	62	redirect	repay_every: int) -> date:
.softhouse/reviews/t34-probe/t34_periodratio.py	ext	80	redirect	repay_every: int) -> Decimal:
.softhouse/reviews/t34-probe/t34_periodratio.py	ext	87	redirect	if target_last_day == target_day and seed_day > target_day:
.softhouse/reviews/t34-probe/t34_periodratio.py	ext	96	redirect	if not (from_date > rp_due):
.softhouse/reviews/t34-probe/t34_periodratio.py	ext	109	redirect	def period_ratios_for(req: Request) -> list[Decimal]:
.softhouse/reviews/t34-probe/t34_periodratio.py	ext	120	redirect	def diverges(req: Request) -> bool:
.softhouse/reviews/t34-probe/t34_rollforward.py	ext	72	truncate	print(f"  {'period':>7} {'due':>11} {'principal':>10} {'interest':>10} "
.softhouse/reviews/t34-probe/t34_rollforward.py	ext	73	truncate	f"{'reading A':>10} {'reading B':>10} {'CAPTURE':>10}")
.softhouse/reviews/t34-probe/t34_rollforward.py	ext	83	truncate	print(f"  {i:>7} {str(r.due):>11} {m2s(r.principal_minor):>10} "
.softhouse/reviews/t34-probe/t34_rollforward.py	ext	84	truncate	f"{m2s(r.interest_minor):>10} {ra:>10} {rb:>10} {capv:>10}"
.softhouse/reviews/t34-probe/t34_scan_broad.py	ext	61	redirect	f"(ScheduleStartDate, Disbursement.Date) pairs -> {pct:.2f}%")
.softhouse/reviews/t34-probe/t34_sweep.py	ext	72	redirect	if worst is None or gap > worst[0]:
.softhouse/reviews/t34-probe/t34_sweep.py	ext	95	redirect	if len(hits) > 12:
.softhouse/reviews/t34-probe/t34_sweep.py	ext	117	truncate	f"{p:>10,} {n:>3} x {r:>5}%   DEC-1 {m2s(ta):>14}   "
.softhouse/reviews/t34-probe/t34_sweep.py	ext	118	truncate	f"source {m2s(tb):>14}   gap {m2s(abs(ta - tb))}")
.softhouse/reviews/t34-probe/t34_sweep.py	ext	129	truncate	print(f"    {'period':>7} {'from':>11} {'due':>11} "
.softhouse/reviews/t34-probe/t34_sweep.py	ext	130	truncate	f"{'DEC-1 prin':>13} {'DEC-1 int':>12} | {'src prin':>13} {'src int':>12}")
.softhouse/reviews/t34-probe/t34_sweep.py	ext	132	truncate	print(f"    {i:>7} {str(x.frm):>11} {str(x.due):>11} "
.softhouse/reviews/t34-probe/t34_sweep.py	ext	133	truncate	f"{m2s(x.principal_minor):>13} {m2s(x.interest_minor):>12} | "
.softhouse/reviews/t34-probe/t34_sweep.py	ext	134	truncate	f"{m2s(y.principal_minor):>13} {m2s(y.interest_minor):>12}")
.softhouse/reviews/t34-probe/t34_validate.py	ext	55	truncate	print(f"{'principal':>12} {'n':>3} {'rate':>5} {'disb':>11} "
.softhouse/reviews/t34-probe/t34_validate.py	ext	56	truncate	f"{'level':>14} {'final':>14} {'tot int':>14}  ok")
.softhouse/reviews/t34-probe/t34_validate.py	ext	70	truncate	print(f"{p:>12} {n:>3} {r:>5} {str(disb or ''):>11} "
.softhouse/reviews/t34-probe/t34_validate.py	ext	71	truncate	f"{got[0]:>14} {got[1]:>14} {got[2]:>14}  {'OK' if ok else 'MISMATCH'}")
.softhouse/reviews/t34-probe/t34_validate.py	ext	73	truncate	print(f"{'':>12} {'':>3} {'':>5} {'expected':>11} "
.softhouse/reviews/t34-probe/t34_validate.py	ext	74	truncate	f"{expect[0]:>14} {expect[1]:>14} {expect[2]:>14}   [{prov}]")
.softhouse/reviews/t38-probe/t38_discriminate.py	ext	113	truncate	print(f"{'wrong reading':<42} {'captures failed':>16}  {'first witness':<24}")
.softhouse/reviews/t38-probe/t38_discriminate.py	ext	124	truncate	print(f"{label:<42} {len(failed):>7} of {len(cases):<6}  {witness:<24}")
.softhouse/reviews/t38-probe/t38_discriminate.py	ext	127	truncate	print(f"{'':<42} {'':>16}  cell {cell}: reading gives {g}, "
.softhouse/reviews/t38-probe/t38_model.py	ext	42	redirect	def round_mc(x: Decimal, sig: int = SIG) -> Decimal:
.softhouse/reviews/t38-probe/t38_model.py	ext	50	redirect	def set_scale(x: Decimal, scale: int) -> Decimal:
.softhouse/reviews/t38-probe/t38_model.py	ext	55	redirect	def to_minor(x: Decimal) -> int:
.softhouse/reviews/t38-probe/t38_model.py	ext	61	redirect	def days(a: date, b: date) -> int:
.softhouse/reviews/t38-probe/t38_model.py	ext	67	redirect	def plus_months(d: date, k: int) -> date:
.softhouse/reviews/t38-probe/t38_model.py	ext	76	redirect	def months_between(a: date, b: date) -> int:
.softhouse/reviews/t38-probe/t38_model.py	ext	80	redirect	if k > 0 and plus_months(a, k) > b:
.softhouse/reviews/t38-probe/t38_model.py	ext	87	redirect	def re_anchor(stepped: date, seed: date) -> date:
.softhouse/reviews/t38-probe/t38_model.py	ext	88	redirect	"""4.2 step 2 (monthly only): if the SEED day > 28 and the stepped day >= 28,
.softhouse/reviews/t38-probe/t38_model.py	ext	91	redirect	if seed.day > 28 and stepped.day >= 28:
.softhouse/reviews/t38-probe/t38_model.py	ext	97	redirect	def repayment_boundaries(start: date, seed: date, n: int, every: int) -> list[tuple[date, date]]:
.softhouse/reviews/t38-probe/t38_model.py	ext	111	redirect	def calculate_seed_date(schedule_start: date, rp_from: date, rp_due: date, every: int) -> date:
.softhouse/reviews/t38-probe/t38_model.py	ext	132	redirect	def period_ratio(schedule_start: date, rp_from: date, rp_due: date, every: int) -> Decimal:
.softhouse/reviews/t38-probe/t38_model.py	ext	144	redirect	if last_day_of_from_month == rp_from.day and seed.day > rp_from.day:
.softhouse/reviews/t38-probe/t38_model.py	ext	153	redirect	if not (cursor > rp_due):
.softhouse/reviews/t38-probe/t38_model.py	ext	169	redirect	ratio_one: bool = False) -> Decimal:
.softhouse/reviews/t38-probe/t38_model.py	ext	207	redirect	def length(self) -> int:
.softhouse/reviews/t38-probe/t38_model.py	ext	211	redirect	def length_till_period_due(self) -> int:
.softhouse/reviews/t38-probe/t38_model.py	ext	226	redirect	def growth_factor(self) -> Decimal:
.softhouse/reviews/t38-probe/t38_model.py	ext	248	redirect	def membership_interest_model(D: date, periods, idx: int) -> bool:
.softhouse/reviews/t38-probe/t38_model.py	ext	256	redirect	def membership_attachment(D: date, periods, idx: int) -> bool:
.softhouse/reviews/t38-probe/t38_model.py	ext	295	redirect	def attachment_index(req: Request, periods) -> int:
.softhouse/reviews/t38-probe/t38_model.py	ext	306	redirect	ratio_one: bool = False) -> None:
.softhouse/reviews/t38-probe/t38_model.py	ext	326	redirect	def first_related(req: Request, periods, target: int) -> int:
.softhouse/reviews/t38-probe/t38_model.py	ext	338	redirect	def level_installment(periods, first_rel: int, balance_minor: int) -> int:
.softhouse/reviews/t38-probe/t38_model.py	ext	347	redirect	if i > 0:
.softhouse/reviews/t38-probe/t38_model.py	ext	354	redirect	def _split_one(p: RepaymentPeriod, balance_in_minor: int, textbook: bool) -> tuple[int, int]:
.softhouse/reviews/t38-probe/t38_model.py	ext	379	redirect	textbook: bool = False, whole_principal_prerow: bool = False) -> None:
.softhouse/reviews/t38-probe/t38_model.py	ext	412	redirect	whole_principal_prerow: bool = False) -> None:
.softhouse/reviews/t38-probe/t38_model.py	ext	479	redirect	if not (lower_half > 0 and emi_difference != 0
.softhouse/reviews/t38-probe/t38_model.py	ext	480	redirect	and abs(emi_difference) * 100 > lower_half * MINOR):
.softhouse/reviews/t38-probe/t38_model.py	ext	483	redirect	sgn = 1 if emi_difference > 0 else -1
.softhouse/reviews/t38-probe/t38_model.py	ext	494	redirect	if adjust_counter > 3:
.softhouse/reviews/t38-probe/t38_model.py	ext	505	redirect	def m2s(v: int) -> str:
.softhouse/reviews/t38-probe/t38_no_regression.py	ext	20	redirect	def sha(s: str) -> str:
.softhouse/reviews/t38-probe/t38_no_regression.py	ext	24	redirect	def rev6_text() -> str:
.softhouse/reviews/t38-probe/t38_no_regression.py	ext	29	redirect	def working_text() -> str:
.softhouse/reviews/t38-probe/t38_no_regression.py	ext	33	redirect	def extract_fence(text: str, marker: str) -> str:
.softhouse/reviews/t38-probe/t38_no_regression.py	ext	43	redirect	def extract_table(text: str, first_cell: str) -> str:
.softhouse/reviews/t38-probe/t38_no_regression.py	ext	49	redirect	while j > 0 and lines[j - 1].startswith("|"):
.softhouse/reviews/t38-probe/t38_pass2_membership.py	ext	135	redirect	def main() -> int:
.softhouse/reviews/t38-probe/t38_pass2_membership.py	ext	187	redirect	if worst is None or gap > worst[0]:
.softhouse/reviews/t38-probe/t38_pass2_membership.py	ext	198	redirect	print("RESULT: the M1->M3 collapse is INERT on every shape tested. Revision 7's")
.softhouse/reviews/t38-probe/t38_pass2_membership.py	ext	204	redirect	print("RESULT: the M1->M3 collapse MOVES MONEY -- see the counts above.")
.softhouse/reviews/t38-probe/t38_periodratio_sweep.py	ext	69	redirect	if worst is None or gap > worst[0]:
.softhouse/reviews/t38-probe/t38_periodratio_sweep.py	ext	89	truncate	print(f"    {'#':<3} {'window':<26} {'rev7 P':>13} {'rev7 I':>11} "
.softhouse/reviews/t38-probe/t38_periodratio_sweep.py	ext	90	truncate	f"{'rev6 P':>13} {'rev6 I':>11}")
.softhouse/reviews/t38-probe/t38_periodratio_sweep.py	ext	92	redirect	print(f"    {i:<3} {str(x.frm)+' -> '+str(x.due):<26} "
.softhouse/reviews/t38-probe/t38_periodratio_sweep.py	ext	93	truncate	f"{m2s(x.principal_minor):>13} {m2s(x.interest_minor):>11} "
.softhouse/reviews/t38-probe/t38_periodratio_sweep.py	ext	94	truncate	f"{m2s(y.principal_minor):>13} {m2s(y.interest_minor):>11}")
.softhouse/reviews/t38-probe/t38_periodratio_sweep.py	ext	100	redirect	print(f"      period {i} [{f} -> {d}]  periodRatio = "
.softhouse/reviews/t38-probe/t38_validate.py	ext	78	truncate	print(f"{'principal':>12} {'n':>3} {'rate':>5} {'disb':>11} "
.softhouse/reviews/t38-probe/t38_validate.py	ext	79	truncate	f"{'level':>14} {'final':>14} {'tot int':>14}  ok")
.softhouse/reviews/t38-probe/t38_validate.py	ext	89	truncate	print(f"{p:>12} {n:>3} {r:>5} {str(disb or ''):>11} "
.softhouse/reviews/t38-probe/t38_validate.py	ext	90	truncate	f"{got[0]:>14} {got[1]:>14} {got[2]:>14}  {'OK' if ok else 'MISMATCH'}")
.softhouse/reviews/t38-probe/t38_validate.py	ext	92	truncate	print(f"{'':>12} {'':>3} {'':>5} {'expected':>11} "
.softhouse/reviews/t38-probe/t38_validate.py	ext	93	truncate	f"{expect[0]:>14} {expect[1]:>14} {expect[2]:>14}   [{prov}]")
.softhouse/reviews/t41-probe/edit.py	ext	2	redirect	"""T41 — DEC-1 revision 7 -> revision 8. Exact-string edits with occurrence asserts.
.softhouse/reviews/t41-probe/edit11.py	ext	2	redirect	"""T41 edit batch 11 — leak closure: three->four membership rules, 4.5, 6.1, 8, 9.
.softhouse/reviews/t41-probe/edit2.py	ext	125	redirect	> On the **Path-A embeddable seam** the arithmetic in force is the **`MathContext` threaded into
.softhouse/reviews/t41-probe/edit2.py	ext	127	redirect	> sites that construct or rescale a `Money` **without** an explicit `MathContext`, and inside the
.softhouse/reviews/t41-probe/edit2.py	ext	128	redirect	> graded domain no such call site is reached. Therefore, on Path A inside the graded domain, an
.softhouse/reviews/t41-probe/edit2.py	ext	129	redirect	> attestation of the ambient context is evidence about the **tenant configuration and the
.softhouse/reviews/t41-probe/edit2.py	ext	130	redirect	> provenance of the run** — never about the money. On the **Path-B running-server path** the
.softhouse/reviews/t41-probe/edit2.py	ext	131	redirect	> converse holds: nothing threads a context, `getMc()` takes its null branch, and the ambient
.softhouse/reviews/t41-probe/edit2.py	ext	132	redirect	> context **is** the arithmetic.
.softhouse/reviews/t41-probe/edit20.py	ext	122	redirect	("> On the **Path-A embeddable seam** the arithmetic in force is the **`MathContext` threaded "
.softhouse/reviews/t41-probe/edit20.py	ext	124	redirect	"at the call\n> sites that construct or rescale a `Money` **without** an explicit "
.softhouse/reviews/t41-probe/edit20.py	ext	125	redirect	"`MathContext`, and inside the\n> graded domain no such call site is reached. Therefore, on "
.softhouse/reviews/t41-probe/edit20.py	ext	126	redirect	"Path A inside the graded domain, an\n> attestation of the ambient context is evidence about "
.softhouse/reviews/t41-probe/edit20.py	ext	127	redirect	"the **tenant configuration and the\n> provenance of the run** — never about the money. On "
.softhouse/reviews/t41-probe/edit20.py	ext	128	redirect	"the **Path-B running-server path** the\n> converse holds: nothing threads a context, "
.softhouse/reviews/t41-probe/edit20.py	ext	129	redirect	"`getMc()` takes its null branch, and the ambient\n> context **is** the arithmetic.",
.softhouse/reviews/t41-probe/edit20.py	ext	131	redirect	"> On the **Path-A embeddable seam** the arithmetic in force is the **`MathContext` threaded "
.softhouse/reviews/t41-probe/edit20.py	ext	133	redirect	"at the call\n> sites that construct or rescale a `Money` **without** an explicit "
.softhouse/reviews/t41-probe/edit20.py	ext	134	redirect	"`MathContext`, plus **one site\n> that is handed a context and ignores it** (below), and "
.softhouse/reviews/t41-probe/edit20.py	ext	135	redirect	"inside the graded domain **no such site\n> is reached**. Therefore, on Path A inside the "
.softhouse/reviews/t41-probe/edit20.py	ext	136	redirect	"graded domain, an attestation of the ambient\n> context is evidence about the **tenant "
.softhouse/reviews/t41-probe/edit20.py	ext	137	redirect	"configuration and the provenance of the run** — never\n> about the money.\n>\n> On the "
.softhouse/reviews/t41-probe/edit20.py	ext	138	redirect	"**Path-B running-server path the ambient reading IS evidence about the money, and the\n> "
.softhouse/reviews/t41-probe/edit20.py	ext	140	redirect	"FROM\n> the ambient one.** `LoanScheduleAssembler` does "
.softhouse/reviews/t41-probe/edit20.py	ext	143	redirect	"equal on Path B; they are the same\n> reference.\n>\n> **The rule is therefore PER SITE, not "
.softhouse/reviews/t41-probe/edit20.py	ext	144	redirect	"a slogan.** \"The threaded context is what matters\" is\n> itself shape-dependent — see the "
.softhouse/reviews/t41-probe/edit20.py	ext	168	redirect	"`currency.getInMultiplesOf() != null && currency.getDecimalPlaces() == 0 && inMultiplesOf > 0` "
.softhouse/reviews/t41-probe/edit21.py	ext	255	redirect	"`FrequencyWeeks`, `RepaymentEvery > 1`, zero interest rate, `HALF_EVEN`.",
.softhouse/reviews/t41-probe/edit21.py	ext	258	redirect	"`FrequencyWeeks`, `RepaymentEvery > 1`, zero interest rate, `HALF_EVEN`.\n"
.softhouse/reviews/t41-probe/edit21.py	ext	287	redirect	"	// inMultiplesOf > 0 (Money.java:48-51). Currency.MinorUnitDigits == 2 is a\n"
.softhouse/reviews/t41-probe/edit6.py	ext	129	redirect	"if targetDateLastDay == targetDateDay AND seedDateDay > targetDateDay:         # :1432\n"
.softhouse/reviews/t41-probe/edit6.py	ext	130	redirect	"    k = wholeMonths(seed -> repaymentPeriod.FromDate.plusDays(1))              # :1433\n"
.softhouse/reviews/t41-probe/edit6.py	ext	132	redirect	"    k = wholeMonths(seed -> repaymentPeriod.FromDate)                          # :1435\n"
.softhouse/reviews/t41-probe/t187-census.py	ext	107	redirect	"""child node -> the FunctionDef that contains it."""
.softhouse/reviews/t41-probe/t187-census.py	ext	122	redirect	and len(n.args) > argpos:
.softhouse/reviews/t41-probe/t187-reconcile-counts.py	ext	106	redirect	print("R1  MENTIONS the DEC-1 path anywhere  -> reproduces the driver's 21 "
.softhouse/reviews/t41-probe/t187-reconcile-counts.py	ext	109	redirect	print("R1b MENTIONS contract.go anywhere     -> reproduces the driver's 8")
.softhouse/reviews/t41-probe/t187-reconcile-counts.py	ext	120	redirect	"\n    constant only (no helper-parameter resolution) -> reproduces "
.softhouse/reviews/t41-probe/t187-reconcile-counts.py	ext	128	redirect	"\n    -> reproduces T178's 4")
.softhouse/reviews/t41-probe/t187-reconcile-counts.py	ext	135	redirect	"\n    --scan=<a checkout of the pre-fix bytes> for the full table:"
.softhouse/reviews/t41-probe/t187-redgreen.py	ext	160	py-rmtree	os.unlink(p)
.softhouse/reviews/t41-probe/t187-redgreen.py	ext	194	py-rmtree	shutil.rmtree(sb, ignore_errors=True)
.softhouse/reviews/t41-probe/t196-drive.sh	ext+execbit	51	rm	trap 'rm -rf "$SB"' EXIT
.softhouse/reviews/t41-probe/t196-drive.sh	ext+execbit	69	redirect	git -C "$REPO" show "$MB:.softhouse/reviews/t179-guard-classifier/guard_classify.py" > "$SB/gc_base.py"
.softhouse/reviews/t41-probe/t196-drive.sh	ext+execbit	76	redirect	echo "grep measured with: /usr/bin/grep -> $(/usr/bin/grep --version 2>&1 | sed -n 1p)"
.softhouse/reviews/t41-probe/t196-drive.sh	ext+execbit	80	redirect	python3 "$SB/$build.py" --root "$root" --enforce > "$SB/$label.txt" 2>&1
.softhouse/reviews/t41-probe/t196-drive.sh	ext+execbit	89	redirect	git -C "$REPO" show "$PREFIX_REF:.softhouse/reviews/t41-probe/$f.py" > "$SB/A/$f.py"
.softhouse/reviews/t41-probe/t196-drive.sh	ext+execbit	142	redirect	git -C "$REPO" archive "$PREFIX_REF" .softhouse/reviews/t41-probe > "$SB/e.tar"
.softhouse/reviews/t41-probe/t196-drive.sh	ext+execbit	145	redirect	python3 "$SB/gc_base.py" --root "$EROOT" --json "$SB/E-base.json" > "$SB/E-base.txt" 2>&1
.softhouse/reviews/t41-probe/t196-drive.sh	ext+execbit	147	redirect	python3 "$SB/gc_t196.py" --root "$EROOT" --json "$SB/E-t196.json" > "$SB/E-t196.txt" 2>&1
.softhouse/reviews/t41-probe/t196-drive.sh	ext+execbit	149	redirect	cat > "$SB/pop.py" <<'PYEOF'
.softhouse/reviews/t41-probe/t196-drive.sh	ext+execbit	168	redirect	print("    files -> RATIFIED DEC-1                    : %d" % len(adr))
.softhouse/reviews/t41-probe/t196-drive.sh	ext+execbit	169	redirect	print("    files -> FROZEN contract.go                : %d" % len(go))
.softhouse/reviews/t41-probe/t196-drive.sh	ext+execbit	170	redirect	print("    files -> BOTH                              : %d  %s"
.softhouse/reviews/t41-probe/t196-drive.sh	ext+execbit	186	redirect	git -C "$REPO" ls-tree --name-only "$PREFIX_REF" .softhouse/reviews/t41-probe/ > "$SB/f-then.txt"
.softhouse/reviews/t41-probe/t196-drive.sh	ext+execbit	187	redirect	git -C "$REPO" ls-tree --name-only HEAD .softhouse/reviews/t41-probe/ > "$SB/f-now.txt"
.softhouse/reviews/t41-probe/t196-drive.sh	ext+execbit	188	redirect	diff "$SB/f-then.txt" "$SB/f-now.txt" > "$SB/f-diff.txt"
.softhouse/reviews/t41-probe/t196-drive.sh	ext+execbit	189	redirect	if /usr/bin/grep -c '^<' "$SB/f-diff.txt" > /dev/null 2>&1; then
.softhouse/reviews/t41-probe/t196-drive.sh	ext+execbit	195	redirect	/usr/bin/grep '^>' "$SB/f-diff.txt" || echo "    none"
.softhouse/reviews/t41-probe/t196-drive.sh	ext+execbit	200	redirect	python3 "$REPO/.softhouse/reviews/t179-guard-classifier/selftest.py" > "$SB/G.txt" 2>&1
.softhouse/reviews/t41-probe/t196-drive.sh	ext+execbit	202	redirect	python3 -O "$REPO/.softhouse/reviews/t179-guard-classifier/selftest.py" > "$SB/G-O.txt" 2>&1
.softhouse/reviews/t41-probe/t196-drive.sh	ext+execbit	206	redirect	python3 "$SB/gc_t196.py" --file "$LIVE" > "$SB/G-self.txt" 2>&1
.softhouse/reviews/t41-probe/t196-drive.sh	ext+execbit	216	redirect	python3 "$SB/gc_base.py" --root "$REPO/.softhouse" --json "$SB/H-base.json" > "$SB/H-base.txt" 2>&1
.softhouse/reviews/t41-probe/t196-drive.sh	ext+execbit	218	redirect	python3 "$SB/gc_t183.py" --root "$REPO/.softhouse" --json "$SB/H-t183.json" > "$SB/H-t183.txt" 2>&1
.softhouse/reviews/t41-probe/t196-drive.sh	ext+execbit	220	redirect	python3 "$SB/gc_t196.py" --root "$REPO/.softhouse" --json "$SB/H-t196.json" > "$SB/H-t196.txt" 2>&1
.softhouse/reviews/t41-probe/t196-drive.sh	ext+execbit	222	redirect	cat > "$SB/delta.py" <<'PYEOF'
.softhouse/reviews/t41-probe/t196-drive.sh	ext+execbit	259	redirect	echo "  --- BASE -> T183 (the patch exactly as T183 wrote it):"
.softhouse/reviews/t41-probe/t196-drive.sh	ext+execbit	261	redirect	echo "  --- BASE -> T196 (what this branch actually merges):"
.softhouse/reviews/t41-probe/t196-drive.sh	ext+execbit	263	redirect	echo "  --- T183 -> T196 (what T196 changed about T183's patch):"
.softhouse/reviews/t41-probe/t196-fixtures-INERT/red_union_scratch_mask.py.txt	shebang	14	redirect	* baseline (no backstep at all)      -> UNKNOWN, `--enforce` exit 0  (D-1 fail-open)
.softhouse/reviews/t41-probe/t196-fixtures-INERT/red_union_scratch_mask.py.txt	shebang	15	redirect	* T183's patch as written            -> SCRATCH/SANDBOX, exit 0      (this fail-open)
.softhouse/reviews/t41-probe/t196-fixtures-INERT/red_union_scratch_mask.py.txt	shebang	16	redirect	* T196                               -> TRUSTED/UNGUARDED, exit 1
.softhouse/reviews/t41-probe/t41_discriminate.py	ext	120	truncate	print(f"{'wrong reading':<52} {'pre-T39':>9} {'T39':>7}  first witness")
.softhouse/reviews/t41-probe/t41_discriminate.py	ext	148	truncate	print(f"{label:<52} {counts[0]:>4}/{len(old):<4} {counts[1]:>3}/{len(new39):<3}"
.softhouse/reviews/t41-probe/t41_discriminate.py	ext	229	truncate	print(f"{'capture':<48} {'core cells moved':>17} {'charge cells':>13} {'C5':>5}")
.softhouse/reviews/t41-probe/t41_discriminate.py	ext	259	redirect	print(f"{cid:<48} {moved:>17} {chg:>13} {c5:>5}")
.softhouse/reviews/t41-probe/t41_model.py	ext	64	redirect	def assert_threaded_context(cap_inputs) -> str | None:
.softhouse/reviews/t41-probe/t41_model.py	ext	76	redirect	def round_mc(x: Decimal, sig: int = SIG) -> Decimal:
.softhouse/reviews/t41-probe/t41_model.py	ext	84	redirect	def set_scale(x: Decimal, scale: int) -> Decimal:
.softhouse/reviews/t41-probe/t41_model.py	ext	90	redirect	def to_minor(x: Decimal) -> int:
.softhouse/reviews/t41-probe/t41_model.py	ext	96	redirect	def days(a: date, b: date) -> int:
.softhouse/reviews/t41-probe/t41_model.py	ext	100	redirect	def m2s(v: int) -> str:
.softhouse/reviews/t41-probe/t41_model.py	ext	108	redirect	def plus_months(d: date, k: int) -> date:
.softhouse/reviews/t41-probe/t41_model.py	ext	116	redirect	def months_between(a: date, b: date) -> int:
.softhouse/reviews/t41-probe/t41_model.py	ext	144	redirect	def re_anchor(stepped: date, seed: date) -> date:
.softhouse/reviews/t41-probe/t41_model.py	ext	145	redirect	"""4.2 step 2, monthly only.  If the SEED day-of-month > 28 AND the stepped
.softhouse/reviews/t41-probe/t41_model.py	ext	149	redirect	if seed.day > 28 and stepped.day >= 28:
.softhouse/reviews/t41-probe/t41_model.py	ext	171	redirect	every: int) -> date:
.softhouse/reviews/t41-probe/t41_model.py	ext	188	redirect	month_end_case: bool = True) -> Decimal:
.softhouse/reviews/t41-probe/t41_model.py	ext	202	redirect	if month_end_case and last_day == rp_from.day and seed.day > rp_from.day:
.softhouse/reviews/t41-probe/t41_model.py	ext	213	redirect	if not (cursor > rp_due):
.softhouse/reviews/t41-probe/t41_model.py	ext	237	redirect	ratio_one: bool = False) -> Decimal:
.softhouse/reviews/t41-probe/t41_model.py	ext	280	redirect	def length(self) -> int:
.softhouse/reviews/t41-probe/t41_model.py	ext	284	redirect	def length_till_period_due(self) -> int:
.softhouse/reviews/t41-probe/t41_model.py	ext	299	redirect	def growth_factor(self) -> Decimal:
.softhouse/reviews/t41-probe/t41_model.py	ext	322	redirect	def in_period_M1(D: date, periods, idx: int) -> bool:
.softhouse/reviews/t41-probe/t41_model.py	ext	333	redirect	def in_period_M3(D: date, periods, idx: int) -> bool:
.softhouse/reviews/t41-probe/t41_model.py	ext	346	redirect	D on period j's FromDate -> a ZERO-LENGTH [From, From] holding the amount,
.softhouse/reviews/t41-probe/t41_model.py	ext	348	redirect	D on period j's DueDate  -> ONE interest period, unchanged; the amount is
.softhouse/reviews/t41-probe/t41_model.py	ext	383	redirect	def m3_owner(req: Request, periods) -> int:
.softhouse/reviews/t41-probe/t41_model.py	ext	392	redirect	def first_related(req: Request, periods, target: int) -> int:
.softhouse/reviews/t41-probe/t41_model.py	ext	408	redirect	ratio_one: bool = False, month_end_case: bool = True) -> None:
.softhouse/reviews/t41-probe/t41_model.py	ext	411	redirect	rateFactor                  -> RepaymentEvery   (the fn recurrence)
.softhouse/reviews/t41-probe/t41_model.py	ext	412	redirect	rateFactorTillPeriodDueDate -> periodRatio      (the per-period interest)
.softhouse/reviews/t41-probe/t41_model.py	ext	432	redirect	def level_installment(periods, first_rel: int, balance_minor: int) -> int:
.softhouse/reviews/t41-probe/t41_model.py	ext	442	redirect	if i > 0:
.softhouse/reviews/t41-probe/t41_model.py	ext	482	redirect	textbook: bool = False, whole_principal_prerow: bool = False) -> None:
.softhouse/reviews/t41-probe/t41_model.py	ext	508	redirect	textbook: bool = False, whole_principal_prerow: bool = False) -> None:
.softhouse/reviews/t41-probe/t41_model.py	ext	579	redirect	if not (lower_half > 0
.softhouse/reviews/t41-probe/t41_model.py	ext	581	redirect	and abs(emi_difference) * 100 > lower_half * MINOR):
.softhouse/reviews/t41-probe/t41_model.py	ext	584	redirect	sgn = 1 if emi_difference > 0 else -1
.softhouse/reviews/t41-probe/t41_model.py	ext	596	redirect	if adjust_counter > 3:
.softhouse/reviews/t41-probe/t41_validate.py	ext	88	truncate	print(f"{'principal':>12} {'n':>3} {'rate':>5} {'disb':>11} "
.softhouse/reviews/t41-probe/t41_validate.py	ext	89	truncate	f"{'level':>14} {'final':>14} {'tot int':>14}  ok")
.softhouse/reviews/t41-probe/t41_validate.py	ext	99	truncate	print(f"{p:>12} {n:>3} {r:>5} {str(disb or ''):>11} "
.softhouse/reviews/t41-probe/t41_validate.py	ext	100	truncate	f"{got[0]:>14} {got[1]:>14} {got[2]:>14}  {'OK' if ok else 'MISMATCH'}")
.softhouse/reviews/t41-probe/t41_validate.py	ext	102	truncate	print(f"{'':>44}expected {expect[0]:>13} {expect[1]:>14} {expect[2]:>14}"
.softhouse/reviews/t43-probe/t43_ambient_sites.sh	ext+execbit	9	redirect	echo "--- instance methods routing through the TWO-ARG Money.of (=> ambient) ---"
.softhouse/reviews/t43-probe/t43_charge_membership.sh	ext+execbit	10	redirect	echo "=== what the cumulative main loop adds (:352 -> ScheduleCurrentPeriodParams:144-146) ==="
.softhouse/reviews/t43-probe/t43_stepb.py	ext	31	redirect	if special_case and last_day(frm) == frm.day and seed.day > frm.day:
.softhouse/reviews/t43-probe/t43_stepb.py	ext	41	redirect	if not cursor > due:
.softhouse/reviews/t43-probe/t43_stepb.py	ext	88	redirect	if seed.day > 28 and nxt.day >= 28:
.softhouse/reviews/t45-probe/gen-ambient-sites.sh	ext	14	redirect	echo "  103  Money.of(CurrencyData, BigDecimal)       -> getMathContext()     LISTED in rev 8"
.softhouse/reviews/t45-probe/gen-ambient-sites.sh	ext	15	redirect	echo "  115  Money.of(MonetaryCurrency, BigDecimal)   -> getMathContext()     LISTED in rev 8"
.softhouse/reviews/t45-probe/gen-ambient-sites.sh	ext	16	redirect	echo "  119  Money.zero(MonetaryCurrency)             -> getMathContext()     LISTED in rev 8"
.softhouse/reviews/t45-probe/gen-ambient-sites.sh	ext	17	redirect	echo "  131  Money.zero(CurrencyData)                 -> getMathContext()     *** NOT LISTED in rev 8"
.softhouse/reviews/t45-probe/gen-ambient-sites.sh	ext	18	redirect	echo "  154  roundToMultiplesOf(BigDecimal, Integer)  -> getRoundingMode()    LISTED in rev 8"
.softhouse/reviews/t45-probe/gen-ambient-sites.sh	ext	19	redirect	echo "  160  roundToMultiplesOf(Money, Integer)       -> getMathContext()     LISTED in rev 8"
.softhouse/reviews/t45-probe/gen-ambient-sites.sh	ext	20	redirect	echo "  495  getMc() null branch                      -> getMathContext()     LISTED in rev 8 (as the mechanism)"
.softhouse/reviews/t45-probe/gen-ambient-sites.sh	ext	45	redirect	echo "  -> :182 uses the ONE-ARGUMENT Money.zero(CurrencyData) = Money.java:130-132 -> :131 -> ambient."
.softhouse/reviews/t45-probe/gen-ambient-sites.sh	ext	46	redirect	echo "  -> gated on isAllowFullTermForTranche() at :142-144, which is a SS4.4 PIN, not a SS3.1 predicate."
.softhouse/reviews/t45-probe/t45_citecheck.py	ext	10	redirect	1. Extract every `<Name>.java:<n>` and `<Name>.java:<n>-<m>` occurrence.
.softhouse/reviews/t45-probe/t45_citecheck.py	ext	11	redirect	2. Resolve `<Name>.java` against the pinned checkout's main sources (never test, never build).
.softhouse/reviews/t45-probe/t45_citecheck.py	ext	98	redirect	if len(cands) > 1:
.softhouse/reviews/t45-probe/t45_citecontent.py	ext	70	redirect	("PLSG", 406, 406, "isOverdueInstallmentCharge() && isDue", "an isDue arm -> M4"),
.softhouse/reviews/t45-probe/t45_citecontent.py	ext	72	redirect	"an isDue arm -> M4"),
.softhouse/reviews/t45-probe/t45_citecontent.py	ext	73	redirect	("PLSG", 411, 411, "} else if (isDue) {", "an isDue arm -> M4"),
.softhouse/reviews/t45-probe/t45_citecontent.py	ext	110	redirect	"the ONE-ARG overload -> Money.java:130-132, reached on the Path-A call graph"),
.softhouse/reviews/t45-probe/t45_discriminate.py	ext	120	truncate	print(f"{'wrong reading':<52} {'pre-T39':>9} {'T39':>7}  first witness")
.softhouse/reviews/t45-probe/t45_discriminate.py	ext	148	truncate	print(f"{label:<52} {counts[0]:>4}/{len(old):<4} {counts[1]:>3}/{len(new39):<3}"
.softhouse/reviews/t45-probe/t45_discriminate.py	ext	229	truncate	print(f"{'capture':<48} {'core cells moved':>17} {'charge cells':>13} {'C5':>5}")
.softhouse/reviews/t45-probe/t45_discriminate.py	ext	259	redirect	print(f"{cid:<48} {moved:>17} {chg:>13} {c5:>5}")
.softhouse/reviews/t45-probe/t45_extra.py	ext	43	redirect	def months_between_clamped(a: date, b: date) -> int:
.softhouse/reviews/t45-probe/t45_extra.py	ext	70	redirect	if special and last_day == rp_from.day and seed.day > rp_from.day:
.softhouse/reviews/t45-probe/t45_extra.py	ext	78	redirect	if not (cursor > rp_due):
.softhouse/reviews/t45-probe/t45_extra.py	ext	113	redirect	if ld == prev.day and seed.day > prev.day:
.softhouse/reviews/t45-probe/t45_extra.py	ext	129	redirect	ok = (r4_diff == 0 and r3_diff == fires and fires > 0)
.softhouse/reviews/t45-probe/t45_extra.py	ext	324	redirect	print("    charge definitions in force (id -> chargeTimeType):")
.softhouse/reviews/t45-probe/t45_model_inherited.py	ext	64	redirect	def assert_threaded_context(cap_inputs) -> str | None:
.softhouse/reviews/t45-probe/t45_model_inherited.py	ext	76	redirect	def round_mc(x: Decimal, sig: int = SIG) -> Decimal:
.softhouse/reviews/t45-probe/t45_model_inherited.py	ext	84	redirect	def set_scale(x: Decimal, scale: int) -> Decimal:
.softhouse/reviews/t45-probe/t45_model_inherited.py	ext	90	redirect	def to_minor(x: Decimal) -> int:
.softhouse/reviews/t45-probe/t45_model_inherited.py	ext	96	redirect	def days(a: date, b: date) -> int:
.softhouse/reviews/t45-probe/t45_model_inherited.py	ext	100	redirect	def m2s(v: int) -> str:
.softhouse/reviews/t45-probe/t45_model_inherited.py	ext	108	redirect	def plus_months(d: date, k: int) -> date:
.softhouse/reviews/t45-probe/t45_model_inherited.py	ext	116	redirect	def months_between(a: date, b: date) -> int:
.softhouse/reviews/t45-probe/t45_model_inherited.py	ext	144	redirect	def re_anchor(stepped: date, seed: date) -> date:
.softhouse/reviews/t45-probe/t45_model_inherited.py	ext	145	redirect	"""4.2 step 2, monthly only.  If the SEED day-of-month > 28 AND the stepped
.softhouse/reviews/t45-probe/t45_model_inherited.py	ext	149	redirect	if seed.day > 28 and stepped.day >= 28:
.softhouse/reviews/t45-probe/t45_model_inherited.py	ext	171	redirect	every: int) -> date:
.softhouse/reviews/t45-probe/t45_model_inherited.py	ext	188	redirect	month_end_case: bool = True) -> Decimal:
.softhouse/reviews/t45-probe/t45_model_inherited.py	ext	202	redirect	if month_end_case and last_day == rp_from.day and seed.day > rp_from.day:
.softhouse/reviews/t45-probe/t45_model_inherited.py	ext	213	redirect	if not (cursor > rp_due):
.softhouse/reviews/t45-probe/t45_model_inherited.py	ext	237	redirect	ratio_one: bool = False) -> Decimal:
.softhouse/reviews/t45-probe/t45_model_inherited.py	ext	280	redirect	def length(self) -> int:
.softhouse/reviews/t45-probe/t45_model_inherited.py	ext	284	redirect	def length_till_period_due(self) -> int:
.softhouse/reviews/t45-probe/t45_model_inherited.py	ext	299	redirect	def growth_factor(self) -> Decimal:
.softhouse/reviews/t45-probe/t45_model_inherited.py	ext	322	redirect	def in_period_M1(D: date, periods, idx: int) -> bool:
.softhouse/reviews/t45-probe/t45_model_inherited.py	ext	333	redirect	def in_period_M3(D: date, periods, idx: int) -> bool:
.softhouse/reviews/t45-probe/t45_model_inherited.py	ext	346	redirect	D on period j's FromDate -> a ZERO-LENGTH [From, From] holding the amount,
.softhouse/reviews/t45-probe/t45_model_inherited.py	ext	348	redirect	D on period j's DueDate  -> ONE interest period, unchanged; the amount is
.softhouse/reviews/t45-probe/t45_model_inherited.py	ext	383	redirect	def m3_owner(req: Request, periods) -> int:
.softhouse/reviews/t45-probe/t45_model_inherited.py	ext	392	redirect	def first_related(req: Request, periods, target: int) -> int:
.softhouse/reviews/t45-probe/t45_model_inherited.py	ext	408	redirect	ratio_one: bool = False, month_end_case: bool = True) -> None:
.softhouse/reviews/t45-probe/t45_model_inherited.py	ext	411	redirect	rateFactor                  -> RepaymentEvery   (the fn recurrence)
.softhouse/reviews/t45-probe/t45_model_inherited.py	ext	412	redirect	rateFactorTillPeriodDueDate -> periodRatio      (the per-period interest)
.softhouse/reviews/t45-probe/t45_model_inherited.py	ext	432	redirect	def level_installment(periods, first_rel: int, balance_minor: int) -> int:
.softhouse/reviews/t45-probe/t45_model_inherited.py	ext	442	redirect	if i > 0:
.softhouse/reviews/t45-probe/t45_model_inherited.py	ext	482	redirect	textbook: bool = False, whole_principal_prerow: bool = False) -> None:
.softhouse/reviews/t45-probe/t45_model_inherited.py	ext	508	redirect	textbook: bool = False, whole_principal_prerow: bool = False) -> None:
.softhouse/reviews/t45-probe/t45_model_inherited.py	ext	579	redirect	if not (lower_half > 0
.softhouse/reviews/t45-probe/t45_model_inherited.py	ext	581	redirect	and abs(emi_difference) * 100 > lower_half * MINOR):
.softhouse/reviews/t45-probe/t45_model_inherited.py	ext	584	redirect	sgn = 1 if emi_difference > 0 else -1
.softhouse/reviews/t45-probe/t45_model_inherited.py	ext	596	redirect	if adjust_counter > 3:
.softhouse/reviews/t45-probe/t45_normdiff.py	ext	78	redirect	print("  => A model transcribed from revision 8's arithmetic text is a correct")
.softhouse/reviews/t45-probe/t45_validate.py	ext	88	truncate	print(f"{'principal':>12} {'n':>3} {'rate':>5} {'disb':>11} "
.softhouse/reviews/t45-probe/t45_validate.py	ext	89	truncate	f"{'level':>14} {'final':>14} {'tot int':>14}  ok")
.softhouse/reviews/t45-probe/t45_validate.py	ext	99	truncate	print(f"{p:>12} {n:>3} {r:>5} {str(disb or ''):>11} "
.softhouse/reviews/t45-probe/t45_validate.py	ext	100	truncate	f"{got[0]:>14} {got[1]:>14} {got[2]:>14}  {'OK' if ok else 'MISMATCH'}")
.softhouse/reviews/t45-probe/t45_validate.py	ext	102	truncate	print(f"{'':>44}expected {expect[0]:>13} {expect[1]:>14} {expect[2]:>14}"
.softhouse/reviews/t47-probe/t167-reaudit-guards.py	ext	39	py-rmtree	"os.replace", "os.rename", "os.remove", "os.unlink", "os.rmdir",
.softhouse/reviews/t47-probe/t167-reaudit-guards.py	ext	42	py-rmtree	"shutil.copytree", "shutil.rmtree", "open", "io.open",
.softhouse/reviews/t47-probe/t167-reaudit-guards.py	ext	45	redirect	"ln", "chmod", ">", ">>")
.softhouse/reviews/t47-probe/t167-reaudit-guards.py	ext	61	redirect	return "<unparse unavailable>"
.softhouse/reviews/t47-probe/t167-reaudit-guards.py	ext	83	redirect	if len(n.args) > 1 and isinstance(n.args[1], ast.Constant):
.softhouse/reviews/t47-probe/t167-reaudit-guards.py	ext	143	redirect	if first in SH_MUTATORS or " > " in st or ">>" in st:
.softhouse/reviews/t47-probe/t167-redprobe.py	ext	120	redirect	print("driver's guard regex over the PRE-FIX file  -> rc=%d out=%r"
.softhouse/reviews/t47-probe/t167-redprobe.py	ext	131	redirect	print("T156's GUARD in PYTHON re (as T156 ran it)  -> %d matches -> GUARDED=%s"
.softhouse/reviews/t47-probe/t167-redprobe.py	ext	135	redirect	print("the SAME pattern text through grep -E       -> rc=%d matches=%r"
.softhouse/reviews/t47-probe/t167-redprobe.py	ext	157	redirect	print("=> the file matched T156's GUARD regex on prose it WRITES INTO the ADR.")
.softhouse/reviews/t47-probe/t167-redprobe.py	ext	171	redirect	print("   -> the ratified-ADR stand-in is %s. io.open(path,'w') applied "
.softhouse/reviews/t47-probe/t167-redprobe.py	ext	219	redirect	if time.monotonic_ns() - t0 > 300 * 10 ** 9:
.softhouse/reviews/t47-probe/t167-redprobe.py	ext	281	redirect	if time.monotonic_ns() - t0 > 60 * 10 ** 9:
.softhouse/reviews/t47-probe/t167-redprobe.py	ext	319	redirect	if time.monotonic_ns() - t0 > 60 * 10 ** 9:
.softhouse/reviews/t47-probe/t167-redprobe.py	ext	326	py-rmtree	os.unlink(os.path.join(DATA, f))
.softhouse/reviews/t47-probe/t167-redprobe.py	ext	360	py-rmtree	os.unlink(os.path.join(DATA, f))
.softhouse/reviews/t47-probe/t167-redprobe.py	ext	403	redirect	print("   -> the hardened script SUCCEEDS on a read-only target because it "
.softhouse/reviews/t47-probe/t167-sibling-census.py	ext	98	redirect	if isinstance(v, str) and len(v) > 40:
.softhouse/reviews/t47-probe/t178-guard-census.py	ext	139	redirect	if nm in ("open",) and len(n.args) > 1:
.softhouse/reviews/t47-probe/t178-guard-census.py	ext	205	redirect	if isinstance(v, str) and len(v) > 40:
.softhouse/reviews/t47-probe/t178-redprobe.py	ext	15	redirect	SHAPE `<root>/.softhouse/reviews/t47-probe/` and `<root>/docs/adr/`, so the
.softhouse/reviews/t47-probe/t178-redprobe.py	ext	23	redirect	sitting at the script's hard-wired repo path -> exit 0 and the file is
.softhouse/reviews/t47-probe/t178-redprobe.py	ext	134	redirect	mode = k.get("mode", a[1] if len(a) > 1 else "r")
.softhouse/reviews/t47-probe/t178-redprobe.py	ext	322	redirect	check("R1", rc == 2, "no argv -> exit %d (%s)" % (rc, first_line(out)))
.softhouse/reviews/t47-probe/t178-redprobe.py	ext	326	redirect	"--target with no --authorise -> exit %d, target untouched" % rc)
.softhouse/reviews/t47-probe/t178-redprobe.py	ext	331	redirect	"wrong token -> exit %d, target untouched" % rc)
.softhouse/reviews/t47-probe/t178-redprobe.py	ext	337	redirect	"--target = the REAL protected artefact -> exit %d, real file "
.softhouse/reviews/t47-probe/t178-redprobe.py	ext	344	redirect	"--target inside the repo working tree -> exit %d" % rc)
.softhouse/reviews/t47-probe/t178-redprobe.py	ext	345	py-rmtree	os.unlink(inside)
.softhouse/reviews/t47-probe/t178-redprobe.py	ext	355	redirect	"--target under a directory named `adr` -> exit %d" % rc)
.softhouse/reviews/t47-probe/t178-redprobe.py	ext	361	redirect	"--target named like the ratified ADR -> exit %d" % rc)
.softhouse/reviews/t47-probe/t178-redprobe.py	ext	369	redirect	"--target under a directory named `contract` -> exit %d" % rc)
.softhouse/reviews/t47-probe/t178-redprobe.py	ext	375	redirect	"--target is a `.go` file (G-3) -> exit %d" % rc)
.softhouse/reviews/t47-probe/t178-redprobe.py	ext	381	redirect	"CONTENT GATE: a scratch copy of the CURRENT artefact -> exit %d, "
.softhouse/reviews/t47-probe/t178-redprobe.py	ext	387	redirect	"--dry-run on the legitimate target -> exit %d, nothing written"
.softhouse/reviews/t47-probe/t178-redprobe.py	ext	393	redirect	"GREEN: legitimate scratch target -> exit %d, %s -> %s (%s)"
.softhouse/reviews/t47-probe/t178-redprobe.py	ext	399	redirect	"GREEN under `python3 -O` (no bare assert survives -O) -> exit %d"
.softhouse/reviews/t47-probe/t178-redprobe.py	ext	413	redirect	check("R12", got in (before_sha, after_sha) and os.path.getsize(legit3) > 0,
.softhouse/reviews/t47-probe/t178-redprobe.py	ext	414	redirect	"post-fix under the SAME interruption harness -> exit %d, target is "
.softhouse/reviews/t47-probe/t178-redprobe.py	ext	427	redirect	"CANDIDATE GATE: a tampered edit -> exit %d, target untouched" % rc)
.softhouse/reviews/t47-probe/t178-redprobe.py	ext	432	py-rmtree	os.unlink(os.path.join(os.path.dirname(nscr), "t178_guard.py"))
.softhouse/reviews/t47-probe/t178-redprobe.py	ext	436	redirect	"FAIL CLOSED: guard module removed -> exit %d, nothing written" % rc)
.softhouse/reviews/t47-probe/t178-redprobe.py	ext	440	redirect	check("R15", rc == 2, "unknown argument -> exit %d" % rc)
.softhouse/reviews/t47-probe/t178-redprobe.py	ext	444	py-rmtree	shutil.rmtree(TMP, ignore_errors=True)
.softhouse/reviews/t47-probe/t178-wider-family.py	ext	62	redirect	if nm == "open" and len(n.args) > 1:
.softhouse/reviews/t47-probe/t178-wider-family.py	ext	106	redirect	if isinstance(v, str) and len(v) > 20:
.softhouse/reviews/t47-probe/t178-wider-family.py	ext	114	redirect	rows.sort(key=lambda r: (-(r[4] > 0 and r[4] == r[5] and not r[7]), r[0]))
.softhouse/reviews/t47-probe/t178_guard.py	ext	20	redirect	49dc8923... -> cabc2aeb... on a scratch copy of the CURRENT document.  It was a
.softhouse/reviews/t47-probe/t178_guard.py	ext	234	py-rmtree	os.unlink(tmp)
.softhouse/reviews/t47-probe/t181-census-zero-inspection.py	ext	113	py-rmtree	shutil.rmtree(tmp, ignore_errors=True)
.softhouse/reviews/t47-probe/t181-drive-guards.py	ext	74	redirect	"""sha256 -> bytes, for every committed version of both artefacts."""
.softhouse/reviews/t47-probe/t181-drive-guards.py	ext	241	py-rmtree	shutil.rmtree(scratch, ignore_errors=True)
.softhouse/reviews/t47-probe/t181-drive-prefix-red.py	ext	8	redirect	<scratchroot>/.softhouse/reviews/t47-probe/<script>.py
.softhouse/reviews/t47-probe/t181-drive-prefix-red.py	ext	10	redirect	can only ever reach <scratchroot>/docs/adr/... .  Nothing in this file ever
.softhouse/reviews/t47-probe/t181-drive-prefix-red.py	ext	60	redirect	% ("script", "case", "exit", "moved?", "sha256 before -> after"))
.softhouse/reviews/t47-probe/t181-drive-prefix-red.py	ext	107	redirect	"    m = k.get('mode', a[1] if len(a) > 1 else 'r')\n"
.softhouse/reviews/t47-probe/t181-drive-prefix-red.py	ext	117	redirect	truncated = (size_after == 0 and size_before > 0)
.softhouse/reviews/t47-probe/t181-drive-prefix-red.py	ext	126	py-rmtree	shutil.rmtree(root, ignore_errors=True)
.softhouse/reviews/t47-probe/t181-drive-t41-idiom.py	ext	7	redirect	sys.path.insert(0, <dirname^2(__file__)>/t47-probe); import t178_guard
.softhouse/reviews/t47-probe/t181-split-census.py	ext	131	redirect	print("  => files targeting DEC-1       = %d" % (len(dec) + len(both)))
.softhouse/reviews/t47-probe/t181-split-census.py	ext	132	redirect	print("  => files targeting contract.go = %d" % (len(go) + len(both)))
.softhouse/reviews/t47-probe/t181-split-census.py	ext	133	redirect	print("  => distinct files              = %d" % (len(dec) + len(go) + len(both)))
.softhouse/reviews/t47-probe/t47_citecheck.py	ext	10	redirect	1. Extract every `<Name>.java:<n>` and `<Name>.java:<n>-<m>` occurrence.
.softhouse/reviews/t47-probe/t47_citecheck.py	ext	11	redirect	2. Resolve `<Name>.java` against the pinned checkout's main sources (never test, never build).
.softhouse/reviews/t47-probe/t47_citecheck.py	ext	98	redirect	if len(cands) > 1:
.softhouse/reviews/t47-probe/t47_citecontent.py	ext	76	redirect	("PLSG", 406, 406, "isOverdueInstallmentCharge() && isDue", "an isDue arm -> M4"),
.softhouse/reviews/t47-probe/t47_citecontent.py	ext	78	redirect	"an isDue arm -> M4"),
.softhouse/reviews/t47-probe/t47_citecontent.py	ext	79	redirect	("PLSG", 411, 411, "} else if (isDue) {", "an isDue arm -> M4"),
.softhouse/reviews/t47-probe/t47_citecontent.py	ext	116	redirect	"the ONE-ARG overload -> Money.java:130-132, reached on the Path-A call graph"),
.softhouse/reviews/t47-probe/t47_citecontent.py	ext	137	redirect	("EMI", 1432, 1432, "targetDateLastDay == targetDateDay && seedDateDay > targetDateDay",
.softhouse/reviews/t47-probe/t47_citecontent.py	ext	144	redirect	"getExactDifference is ChronoUnit.<unit>.between"),
.softhouse/reviews/t47-probe/t47_citecontent.py	ext	151	redirect	("EMI", 1602, 1608, "case MONTHS ->",
.softhouse/reviews/t47-probe/t47_discriminate.py	ext	120	truncate	print(f"{'wrong reading':<52} {'pre-T39':>9} {'T39':>7}  first witness")
.softhouse/reviews/t47-probe/t47_discriminate.py	ext	148	truncate	print(f"{label:<52} {counts[0]:>4}/{len(old):<4} {counts[1]:>3}/{len(new39):<3}"
.softhouse/reviews/t47-probe/t47_discriminate.py	ext	229	truncate	print(f"{'capture':<48} {'core cells moved':>17} {'charge cells':>13} {'C5':>5}")
.softhouse/reviews/t47-probe/t47_discriminate.py	ext	259	redirect	print(f"{cid:<48} {moved:>17} {chg:>13} {c5:>5}")
.softhouse/reviews/t47-probe/t47_edit_1.py	ext	173	py-rmtree	os.unlink(tmp)
.softhouse/reviews/t47-probe/t47_edit_1.py	ext	277	redirect	"packed(a, b) = k − [a.day > b.day]                       # ChronoUnit.MONTHS.between, :1435\n"
.softhouse/reviews/t47-probe/t47_edit_1.py	ext	278	redirect	"clamped(a, b) = k − [min(a.day, len(b)) > b.day]         # largest j with a.plusMonths(j) <= b\n"
.softhouse/reviews/t47-probe/t47_edit_1.py	ext	280	redirect	"packed(a, b) != clamped(a, b)  <=>  b.day == len(b)  AND  a.day > b.day\n"
.softhouse/reviews/t47-probe/t47_edit_1.py	ext	284	redirect	"`targetDateLastDay == targetDateDay && seedDateDay > targetDateDay`. The "
.softhouse/reviews/t47-probe/t47_edit_1.py	ext	285	redirect	"equivalence is exact: `min(a.day, len(b)) > b.day` implies `a.day > b.day`, so "
.softhouse/reviews/t47-probe/t47_edit_1.py	ext	286	redirect	"the two indicators can differ only when `a.day > b.day` **and** "
.softhouse/reviews/t47-probe/t47_edit_1.py	ext	292	redirect	"`a.day > b.day = len(b) ≥ 28`, so `a.day ≥ 29 > 1` and "
.softhouse/reviews/t47-probe/t47_edit_1.py	ext	356	redirect	"`default -> throw new UnsupportedOperationException(\"Invalid repayment frequency\")` "
.softhouse/reviews/t47-probe/t47_edit_2.py	ext	141	redirect	"them. Those arms are entirely uncaptured (§8 item 6, `RepaymentEvery > 1`). "
.softhouse/reviews/t47-probe/t47_edit_4.py	ext	20	redirect	LIVE TODAY - this is the incident.  BOTH of its anchors still matched the ratified DEC-1 as it stands on `main`.  Driven on a scratch copy of the CURRENT document it exited 0, prin
.softhouse/reviews/t47-probe/t47_edit_6.py	ext	122	redirect	rep("**`RepaymentEvery > 1` acquires a second reason in revision 7**: it is the only "
.softhouse/reviews/t47-probe/t47_edit_6.py	ext	126	redirect	"**`RepaymentEvery > 1` acquires a second reason in revision 7**: it is the only "
.softhouse/reviews/t47-probe/t47_edit_8.py	ext	122	redirect	**T46's headline is a NEGATIVE RESULT, and revision 10's largest change is to stop asking for something that cannot exist (§4.1.1 step B, §4.3.2's restatements, §8 items 1, 3f and 
.softhouse/reviews/t47-probe/t47_extra.py	ext	43	redirect	def months_between_clamped(a: date, b: date) -> int:
.softhouse/reviews/t47-probe/t47_extra.py	ext	70	redirect	if special and last_day == rp_from.day and seed.day > rp_from.day:
.softhouse/reviews/t47-probe/t47_extra.py	ext	78	redirect	if not (cursor > rp_due):
.softhouse/reviews/t47-probe/t47_extra.py	ext	113	redirect	if ld == prev.day and seed.day > prev.day:
.softhouse/reviews/t47-probe/t47_extra.py	ext	129	redirect	ok = (r4_diff == 0 and r3_diff == fires and fires > 0)
.softhouse/reviews/t47-probe/t47_extra.py	ext	324	redirect	print("    charge definitions in force (id -> chargeTimeType):")
.softhouse/reviews/t47-probe/t47_model_inherited.py	ext	64	redirect	def assert_threaded_context(cap_inputs) -> str | None:
.softhouse/reviews/t47-probe/t47_model_inherited.py	ext	76	redirect	def round_mc(x: Decimal, sig: int = SIG) -> Decimal:
.softhouse/reviews/t47-probe/t47_model_inherited.py	ext	84	redirect	def set_scale(x: Decimal, scale: int) -> Decimal:
.softhouse/reviews/t47-probe/t47_model_inherited.py	ext	90	redirect	def to_minor(x: Decimal) -> int:
.softhouse/reviews/t47-probe/t47_model_inherited.py	ext	96	redirect	def days(a: date, b: date) -> int:
.softhouse/reviews/t47-probe/t47_model_inherited.py	ext	100	redirect	def m2s(v: int) -> str:
.softhouse/reviews/t47-probe/t47_model_inherited.py	ext	108	redirect	def plus_months(d: date, k: int) -> date:
.softhouse/reviews/t47-probe/t47_model_inherited.py	ext	116	redirect	def months_between(a: date, b: date) -> int:
.softhouse/reviews/t47-probe/t47_model_inherited.py	ext	144	redirect	def re_anchor(stepped: date, seed: date) -> date:
.softhouse/reviews/t47-probe/t47_model_inherited.py	ext	145	redirect	"""4.2 step 2, monthly only.  If the SEED day-of-month > 28 AND the stepped
.softhouse/reviews/t47-probe/t47_model_inherited.py	ext	149	redirect	if seed.day > 28 and stepped.day >= 28:
.softhouse/reviews/t47-probe/t47_model_inherited.py	ext	171	redirect	every: int) -> date:
.softhouse/reviews/t47-probe/t47_model_inherited.py	ext	188	redirect	month_end_case: bool = True) -> Decimal:
.softhouse/reviews/t47-probe/t47_model_inherited.py	ext	202	redirect	if month_end_case and last_day == rp_from.day and seed.day > rp_from.day:
.softhouse/reviews/t47-probe/t47_model_inherited.py	ext	213	redirect	if not (cursor > rp_due):
.softhouse/reviews/t47-probe/t47_model_inherited.py	ext	237	redirect	ratio_one: bool = False) -> Decimal:
.softhouse/reviews/t47-probe/t47_model_inherited.py	ext	280	redirect	def length(self) -> int:
.softhouse/reviews/t47-probe/t47_model_inherited.py	ext	284	redirect	def length_till_period_due(self) -> int:
.softhouse/reviews/t47-probe/t47_model_inherited.py	ext	299	redirect	def growth_factor(self) -> Decimal:
.softhouse/reviews/t47-probe/t47_model_inherited.py	ext	322	redirect	def in_period_M1(D: date, periods, idx: int) -> bool:
.softhouse/reviews/t47-probe/t47_model_inherited.py	ext	333	redirect	def in_period_M3(D: date, periods, idx: int) -> bool:
.softhouse/reviews/t47-probe/t47_model_inherited.py	ext	346	redirect	D on period j's FromDate -> a ZERO-LENGTH [From, From] holding the amount,
.softhouse/reviews/t47-probe/t47_model_inherited.py	ext	348	redirect	D on period j's DueDate  -> ONE interest period, unchanged; the amount is
.softhouse/reviews/t47-probe/t47_model_inherited.py	ext	383	redirect	def m3_owner(req: Request, periods) -> int:
.softhouse/reviews/t47-probe/t47_model_inherited.py	ext	392	redirect	def first_related(req: Request, periods, target: int) -> int:
.softhouse/reviews/t47-probe/t47_model_inherited.py	ext	408	redirect	ratio_one: bool = False, month_end_case: bool = True) -> None:
.softhouse/reviews/t47-probe/t47_model_inherited.py	ext	411	redirect	rateFactor                  -> RepaymentEvery   (the fn recurrence)
.softhouse/reviews/t47-probe/t47_model_inherited.py	ext	412	redirect	rateFactorTillPeriodDueDate -> periodRatio      (the per-period interest)
.softhouse/reviews/t47-probe/t47_model_inherited.py	ext	432	redirect	def level_installment(periods, first_rel: int, balance_minor: int) -> int:
.softhouse/reviews/t47-probe/t47_model_inherited.py	ext	442	redirect	if i > 0:
.softhouse/reviews/t47-probe/t47_model_inherited.py	ext	482	redirect	textbook: bool = False, whole_principal_prerow: bool = False) -> None:
.softhouse/reviews/t47-probe/t47_model_inherited.py	ext	508	redirect	textbook: bool = False, whole_principal_prerow: bool = False) -> None:
.softhouse/reviews/t47-probe/t47_model_inherited.py	ext	579	redirect	if not (lower_half > 0
.softhouse/reviews/t47-probe/t47_model_inherited.py	ext	581	redirect	and abs(emi_difference) * 100 > lower_half * MINOR):
.softhouse/reviews/t47-probe/t47_model_inherited.py	ext	584	redirect	sgn = 1 if emi_difference > 0 else -1
.softhouse/reviews/t47-probe/t47_model_inherited.py	ext	596	redirect	if adjust_counter > 3:
.softhouse/reviews/t47-probe/t47_monthend.py	ext	21	redirect	A1  packed != clamped  <=>  b.day == len(b) AND a.day > b.day   (k >= 1)
.softhouse/reviews/t47-probe/t47_monthend.py	ext	66	redirect	"""packed(a, b) = k - [a.day > b.day], for k >= 1.
.softhouse/reviews/t47-probe/t47_monthend.py	ext	75	redirect	return k - (1 if a.day > b.day else 0)
.softhouse/reviews/t47-probe/t47_monthend.py	ext	79	redirect	"""clamped(a, b) = k - [min(a.day, len(b)) > b.day]"""
.softhouse/reviews/t47-probe/t47_monthend.py	ext	81	redirect	return k - (1 if min(a.day, lenmonth(b.year, b.month)) > b.day else 0)
.softhouse/reviews/t47-probe/t47_monthend.py	ext	86	redirect	return lenmonth(b.year, b.month) == b.day and a.day > b.day
.softhouse/reviews/t47-probe/t47_monthend.py	ext	103	redirect	"packed(a, b) = k − [a.day > b.day]",
.softhouse/reviews/t47-probe/t47_monthend.py	ext	104	redirect	"clamped(a, b) = k − [min(a.day, len(b)) > b.day]",
.softhouse/reviews/t47-probe/t47_monthend.py	ext	105	redirect	"packed(a, b) != clamped(a, b)  <=>  b.day == len(b)  AND  a.day > b.day",
.softhouse/reviews/t47-probe/t47_monthend.py	ext	119	redirect	print("    packed(a, b)  = pm(b) - pm(a) - [a.day > b.day]            (k >= 1)")
.softhouse/reviews/t47-probe/t47_monthend.py	ext	120	redirect	print("    clamped(a, b) = pm(b) - pm(a) - [min(a.day, len(b)) > b.day]")
.softhouse/reviews/t47-probe/t47_monthend.py	ext	121	redirect	print("    fires(a, b)   = len(b's month) == b.day and a.day > b.day  (:1432)")
.softhouse/reviews/t47-probe/t47_monthend.py	ext	187	redirect	print("  A2 violations  fires => oracle == clamped           : %d" % bad_a2)
.softhouse/reviews/t47-probe/t47_monthend.py	ext	188	redirect	print("  A3 violations  not fires => packed == clamped == oracle : %d" % bad_a3)
.softhouse/reviews/t47-probe/t47_normdiff.py	ext	78	redirect	print("  => A model transcribed from revision 9's arithmetic text is a correct")
.softhouse/reviews/t47-probe/t47_validate.py	ext	88	truncate	print(f"{'principal':>12} {'n':>3} {'rate':>5} {'disb':>11} "
.softhouse/reviews/t47-probe/t47_validate.py	ext	89	truncate	f"{'level':>14} {'final':>14} {'tot int':>14}  ok")
.softhouse/reviews/t47-probe/t47_validate.py	ext	99	truncate	print(f"{p:>12} {n:>3} {r:>5} {str(disb or ''):>11} "
.softhouse/reviews/t47-probe/t47_validate.py	ext	100	truncate	f"{got[0]:>14} {got[1]:>14} {got[2]:>14}  {'OK' if ok else 'MISMATCH'}")
.softhouse/reviews/t47-probe/t47_validate.py	ext	102	truncate	print(f"{'':>44}expected {expect[0]:>13} {expect[1]:>14} {expect[2]:>14}"
.softhouse/reviews/t49-probe/citecheck.py	ext	24	redirect	if len(set(use))>1:
.softhouse/reviews/t49-probe/citecheck.py	ext	28	redirect	if a<1 or b>n or a>b:
.softhouse/reviews/t49-probe/dump.py	ext	31	redirect	print('### %s:%d-%d   (%s)' % (name, a, b, p.replace(ROOT, '<fineract>')))
.softhouse/reviews/t49-probe/monthdiff.py	ext	9	redirect	oracle(a,b)  = packed(a, b+1day) if (b.day == len(b) and a.day > b.day) else packed(a,b)
.softhouse/reviews/t49-probe/monthdiff.py	ext	55	redirect	return b.day == lastday(b) and a.day > b.day
.softhouse/reviews/t49-probe/monthdiff.py	ext	79	redirect	pref[t][i + 1] = pref[t][i] + (1 if a.day > t else 0)
