=== run start 2026-09-11T13:52:55Z ===
feature=src/test/resources/features/LoanChargeback-Part1.feature
log=/work/fineract-e2e-tests-runner/build/capture/feign-chargeback-mnt.log
TESTDB_HOSTNAME=172.27.0.2
Picked up JAVA_TOOL_OPTIONS: -Dfineract.feign.debug=true -Dfineract.capture.log=/work/fineract-e2e-tests-runner/build/capture/feign-chargeback-mnt.log
To honour the JVM settings for this build a single-use Daemon process will be forked. For more on this, please refer to https://docs.gradle.org/8.14.5/userguide/gradle_daemon.html#sec:disabling_the_daemon in the Gradle documentation.
Daemon will be stopped at the end of the build 
> Task :buildSrc:extractPluginRequests UP-TO-DATE
> Task :buildSrc:generatePluginAdapters UP-TO-DATE
> Task :buildSrc:compileJava UP-TO-DATE
> Task :buildSrc:compileGroovy UP-TO-DATE
> Task :buildSrc:compileGroovyPlugins UP-TO-DATE
> Task :buildSrc:pluginDescriptors UP-TO-DATE
> Task :buildSrc:processResources UP-TO-DATE
> Task :buildSrc:classes UP-TO-DATE
> Task :buildSrc:jar UP-TO-DATE

> Configure project :
matching ref: COMMIT - 426a23544e8426a38ae43ae404670a0a7e85b9eb
  ref configuration: COMMIT - pattern: null
    version: ${describe.tag.version.major}.${describe.tag.version.minor.next}.0-SNAPSHOT
    describeTagPattern: .*(\d+\.\d+\.\d+).*
    describeTagFirstParent: false

project version: 1.16.0-SNAPSHOT

> Task :fineract-avro-schemas:compileJava UP-TO-DATE
> Task :fineract-avro-schemas:processResources UP-TO-DATE
> Task :fineract-avro-schemas:classes
> Task :fineract-avro-schemas:jar UP-TO-DATE
> Task :fineract-client-feign:cleanupGeneratedJavaFiles UP-TO-DATE
> Task :fineract-client-feign:licenseFormatMain UP-TO-DATE
> Task :spotlessInternalRegisterDependencies UP-TO-DATE
> Task :fineract-client-feign:spotlessMisc UP-TO-DATE
> Task :fineract-client-feign:spotlessMiscApply UP-TO-DATE
> Task :fineract-client-feign:compileJava UP-TO-DATE
> Task :fineract-client-feign:processResources UP-TO-DATE
> Task :fineract-client-feign:classes UP-TO-DATE
> Task :fineract-client-feign:jar UP-TO-DATE
> Task :fineract-e2e-tests-core:compileJava NO-SOURCE
> Task :fineract-e2e-tests-core:processResources NO-SOURCE
> Task :fineract-e2e-tests-core:classes UP-TO-DATE
> Task :fineract-e2e-tests-core:compileTestJava UP-TO-DATE
> Task :fineract-e2e-tests-core:processTestResources UP-TO-DATE
> Task :fineract-e2e-tests-core:testClasses UP-TO-DATE
> Task :fineract-e2e-tests-runner:compileJava NO-SOURCE
> Task :fineract-e2e-tests-runner:processResources NO-SOURCE
> Task :fineract-e2e-tests-runner:classes UP-TO-DATE
> Task :fineract-e2e-tests-runner:compileTestJava UP-TO-DATE
> Task :fineract-e2e-tests-runner:processTestResources UP-TO-DATE
> Task :fineract-e2e-tests-runner:testClasses UP-TO-DATE
Picked up JAVA_TOOL_OPTIONS: -Dfineract.feign.debug=true -Dfineract.capture.log=/work/fineract-e2e-tests-runner/build/capture/feign-chargeback-mnt.log
13:53:10.722 [main] INFO  o.a.f.t.s.hook.InitializingHook - Setting up global defaults for Fineract
> Task :fineract-e2e-tests-runner:cucumber

Mockito is currently self-attaching to enable the inline-mock-maker. This will no longer work in future releases of the JDK. Please add Mockito as an agent to your build as described in Mockito's documentation: https://javadoc.io/doc/org.mockito/mockito-core/latest/org.mockito/org/mockito/Mockito.html#0.3
WARNING: A Java agent has been loaded dynamically (/gradle-home/caches/modules-2/files-2.1/net.bytebuddy/byte-buddy-agent/1.17.8/f09415827a71be7ed621c7bd02550678f28bc81c/byte-buddy-agent-1.17.8.jar)
WARNING: If a serviceability tool is in use, please run with -XX:+EnableDynamicAgentLoading to hide this warning
WARNING: If a serviceability tool is not in use, please run with -Djdk.instrument.traceUsage for more information
WARNING: Dynamic loading of agents will be disallowed by default in a future release
OpenJDK 64-Bit Server VM warning: Sharing is only supported for boot loader classes because bootstrap classpath has been appended

@LoanChargeback @TestRailId:C2441
[1mScenario:[22m As an admin I would like to check chargeback function is working properly on a closed loan in case of payment type: REPAYMENT_ADJUSTMENT_CHARGEBACK [90m# fineract-e2e-tests-runner/src/test/resources/features/LoanChargeback-Part1.feature:5[39m
  [32m✔[39m [32m[1mWhen [22mAdmin sets the business date to [1m"1 January 2022"[22m[39m                                                                                                     [90m# org.apache.fineract.test.stepdef.common.BusinessDateStepDef.setBusinessDate(java.lang.String)[39m
  [32m✔[39m [32m[1mWhen [22mAdmin creates a client with random data[39m                                                                                                              [90m# org.apache.fineract.test.stepdef.common.ClientStepDef.createClientRandomFirstNameLastName()[39m
  [32m✔[39m [32m[1mWhen [22mAdmin creates a new default Loan with date: [1m"1 January 2022"[22m[39m                                                                                         [90m# org.apache.fineract.test.stepdef.loan.LoanStepDef.createLoanWithDate(java.lang.String)[39m
  [32m✔[39m [32m[1mAnd [22mAdmin successfully approves the loan on [1m"1 January 2022"[22m with [1m"1000"[22m amount and expected disbursement date on [1m"1 January 2022"[22m[39m                        [90m# org.apache.fineract.test.stepdef.loan.LoanStepDef.approveLoan(java.lang.String,java.lang.String,java.lang.String)[39m
  [32m✔[39m [32m[1mWhen [22mAdmin successfully disburse the loan on [1m"1 January 2022"[22m with [1m"1000"[22m EUR transaction amount[39m                                                          [90m# org.apache.fineract.test.stepdef.loan.LoanStepDef.disburseLoan(java.lang.String,java.lang.String)[39m
  [32m✔[39m [32m[1mWhen [22mAdmin sets the business date to [1m"1 February 2022"[22m[39m                                                                                                    [90m# org.apache.fineract.test.stepdef.common.BusinessDateStepDef.setBusinessDate(java.lang.String)[39m
  [32m✔[39m [32m[1mAnd [22mCustomer makes [1m"AUTOPAY"[22m repayment on [1m"1 February 2022"[22m with [1m1000[22m EUR transaction amount[39m                                                              [90m# org.apache.fineract.test.stepdef.loan.LoanRepaymentStepDef.makeLoanRepayment(java.lang.String,java.lang.String,double)[39m
  [32m✔[39m [32m[1mThen [22mLoan has [1m0[22m outstanding amount[39m                                                                                                                        [90m# org.apache.fineract.test.stepdef.loan.LoanStepDef.loanOutstanding(double)[39m
  [32m✔[39m [32m[1mThen [22mLoan status will be [1m"CLOSED_OBLIGATIONS_MET"[22m[39m                                                                                                         [90m# org.apache.fineract.test.stepdef.loan.LoanStepDef.loanStatus(java.lang.String)[39m
  [32m✔[39m [32m[1mWhen [22mAdmin sets the business date to [1m"25 February 2022"[22m[39m                                                                                                   [90m# org.apache.fineract.test.stepdef.common.BusinessDateStepDef.setBusinessDate(java.lang.String)[39m
  [32m✔[39m [32m[1mWhen [22mAdmin makes [1m"REPAYMENT_ADJUSTMENT_CHARGEBACK"[22m chargeback with [1m250[22m EUR transaction amount[39m                                                             [90m# org.apache.fineract.test.stepdef.loan.LoanChargeBackStepDef.makeLoanChargeback(java.lang.String,double)[39m
  [32m✔[39m [32m[1mThen [22mLoan has [1m250[22m outstanding amount[39m                                                                                                                      [90m# org.apache.fineract.test.stepdef.loan.LoanStepDef.loanOutstanding(double)[39m
  [32m✔[39m [32m[1mThen [22mLoan status will be [1m"ACTIVE"[22m[39m                                                                                                                         [90m# org.apache.fineract.test.stepdef.loan.LoanStepDef.loanStatus(java.lang.String)[39m

@LoanChargeback @TestRailId:C2442
[1mScenario:[22m As an admin I would like to check chargeback function is working properly on a closed loan in case of payment type: REPAYMENT_ADJUSTMENT_REFUND [90m# fineract-e2e-tests-runner/src/test/resources/features/LoanChargeback-Part1.feature:21[39m
  [32m✔[39m [32m[1mWhen [22mAdmin sets the business date to [1m"1 January 2022"[22m[39m                                                                                                 [90m# org.apache.fineract.test.stepdef.common.BusinessDateStepDef.setBusinessDate(java.lang.String)[39m
  [32m✔[39m [32m[1mWhen [22mAdmin creates a client with random data[39m                                                                                                          [90m# org.apache.fineract.test.stepdef.common.ClientStepDef.createClientRandomFirstNameLastName()[39m
  [32m✔[39m [32m[1mWhen [22mAdmin creates a new default Loan with date: [1m"1 January 2022"[22m[39m                                                                                     [90m# org.apache.fineract.test.stepdef.loan.LoanStepDef.createLoanWithDate(java.lang.String)[39m
  [32m✔[39m [32m[1mAnd [22mAdmin successfully approves the loan on [1m"1 January 2022"[22m with [1m"1000"[22m amount and expected disbursement date on [1m"1 January 2022"[22m[39m                    [90m# org.apache.fineract.test.stepdef.loan.LoanStepDef.approveLoan(java.lang.String,java.lang.String,java.lang.String)[39m
  [32m✔[39m [32m[1mWhen [22mAdmin successfully disburse the loan on [1m"1 January 2022"[22m with [1m"1000"[22m EUR transaction amount[39m                                                      [90m# org.apache.fineract.test.stepdef.loan.LoanStepDef.disburseLoan(java.lang.String,java.lang.String)[39m
  [32m✔[39m [32m[1mWhen [22mAdmin sets the business date to [1m"1 February 2022"[22m[39m                                                                                                [90m# org.apache.fineract.test.stepdef.common.BusinessDateStepDef.setBusinessDate(java.lang.String)[39m
  [32m✔[39m [32m[1mAnd [22mCustomer makes [1m"AUTOPAY"[22m repayment on [1m"1 February 2022"[22m with [1m1000[22m EUR transaction amount[39m                                                          [90m# org.apache.fineract.test.stepdef.loan.LoanRepaymentStepDef.makeLoanRepayment(java.lang.String,java.lang.String,double)[39m
  [32m✔[39m [32m[1mThen [22mLoan has [1m0[22m outstanding amount[39m                                                                                                                    [90m# org.apache.fineract.test.stepdef.loan.LoanStepDef.loanOutstanding(double)[39m
  [32m✔[39m [32m[1mThen [22mLoan status will be [1m"CLOSED_OBLIGATIONS_MET"[22m[39m                                                                                                     [90m# org.apache.fineract.test.stepdef.loan.LoanStepDef.loanStatus(java.lang.String)[39m
  [32m✔[39m [32m[1mWhen [22mAdmin sets the business date to [1m"25 February 2022"[22m[39m                                                                                               [90m# org.apache.fineract.test.stepdef.common.BusinessDateStepDef.setBusinessDate(java.lang.String)[39m
  [32m✔[39m [32m[1mWhen [22mAdmin makes [1m"REPAYMENT_ADJUSTMENT_REFUND"[22m chargeback with [1m250[22m EUR transaction amount[39m                                                             [90m# org.apache.fineract.test.stepdef.loan.LoanChargeBackStepDef.makeLoanChargeback(java.lang.String,double)[39m
  [32m✔[39m [32m[1mThen [22mLoan has [1m250[22m outstanding amount[39m                                                                                                                  [90m# org.apache.fineract.test.stepdef.loan.LoanStepDef.loanOutstanding(double)[39m
  [32m✔[39m [32m[1mThen [22mLoan status will be [1m"ACTIVE"[22m[39m                                                                                                                     [90m# org.apache.fineract.test.stepdef.loan.LoanStepDef.loanStatus(java.lang.String)[39m

@LoanChargeback @TestRailId:C2443
[1mScenario:[22m As an admin I would like to check chargeback function is working properly when chargeback comes after the loan was fully repaid and closed                          [90m# fineract-e2e-tests-runner/src/test/resources/features/LoanChargeback-Part1.feature:37[39m
  [32m✔[39m [32m[1mWhen [22mAdmin sets the business date to [1m"1 January 2022"[22m[39m                                                                                                                     [90m# org.apache.fineract.test.stepdef.common.BusinessDateStepDef.setBusinessDate(java.lang.String)[39m
  [32m✔[39m [32m[1mWhen [22mAdmin creates a client with random data[39m                                                                                                                              [90m# org.apache.fineract.test.stepdef.common.ClientStepDef.createClientRandomFirstNameLastName()[39m
  [32m✔[39m [32m[1mAnd [22mAdmin successfully creates a new customised Loan submitted on date: [1m"1 January 2022"[22m, with Principal: [1m"750"[22m, a loanTermFrequency: [1m3[22m months, and numberOfRepayments: [1m3[22m[39m [90m# org.apache.fineract.test.stepdef.loan.LoanStepDef.createCustomizedLoan(java.lang.String,java.lang.String,java.lang.Integer,java.lang.Integer)[39m
  [32m✔[39m [32m[1mAnd [22mAdmin successfully approves the loan on [1m"1 January 2022"[22m with [1m"750"[22m amount and expected disbursement date on [1m"1 January 2022"[22m[39m                                         [90m# org.apache.fineract.test.stepdef.loan.LoanStepDef.approveLoan(java.lang.String,java.lang.String,java.lang.String)[39m
  [32m✔[39m [32m[1mWhen [22mAdmin successfully disburse the loan on [1m"1 January 2022"[22m with [1m"750"[22m EUR transaction amount[39m                                                                           [90m# org.apache.fineract.test.stepdef.loan.LoanStepDef.disburseLoan(java.lang.String,java.lang.String)[39m
  [32m✔[39m [32m[1mWhen [22mAdmin sets the business date to [1m"1 February 2022"[22m[39m                                                                                                                    [90m# org.apache.fineract.test.stepdef.common.BusinessDateStepDef.setBusinessDate(java.lang.String)[39m
  [32m✔[39m [32m[1mAnd [22mCustomer makes [1m"AUTOPAY"[22m repayment on [1m"1 February 2022"[22m with [1m250[22m EUR transaction amount[39m                                                                               [90m# org.apache.fineract.test.stepdef.loan.LoanRepaymentStepDef.makeLoanRepayment(java.lang.String,java.lang.String,double)[39m
  [32m✔[39m [32m[1mWhen [22mAdmin sets the business date to [1m"1 March 2022"[22m[39m                                                                                                                       [90m# org.apache.fineract.test.stepdef.common.BusinessDateStepDef.setBusinessDate(java.lang.String)[39m
  [32m✔[39m [32m[1mAnd [22mCustomer makes [1m"AUTOPAY"[22m repayment on [1m"1 March 2022"[22m with [1m250[22m EUR transaction amount[39m                                                                                  [90m# org.apache.fineract.test.stepdef.loan.LoanRepaymentStepDef.makeLoanRepayment(java.lang.String,java.lang.String,double)[39m
  [32m✔[39m [32m[1mWhen [22mAdmin sets the business date to [1m"1 April 2022"[22m[39m                                                                                                                       [90m# org.apache.fineract.test.stepdef.common.BusinessDateStepDef.setBusinessDate(java.lang.String)[39m
  [32m✔[39m [32m[1mAnd [22mCustomer makes [1m"AUTOPAY"[22m repayment on [1m"1 April 2022"[22m with [1m250[22m EUR transaction amount[39m                                                                                  [90m# org.apache.fineract.test.stepdef.loan.LoanRepaymentStepDef.makeLoanRepayment(java.lang.String,java.lang.String,double)[39m
  [32m✔[39m [32m[1mThen [22mLoan has [1m0[22m outstanding amount[39m                                                                                                                                        [90m# org.apache.fineract.test.stepdef.loan.LoanStepDef.loanOutstanding(double)[39m
  [32m✔[39m [32m[1mThen [22mLoan status will be [1m"CLOSED_OBLIGATIONS_MET"[22m[39m                                                                                                                         [90m# org.apache.fineract.test.stepdef.loan.LoanStepDef.loanStatus(java.lang.String)[39m
  [32m✔[39m [32m[1mWhen [22mAdmin sets the business date to [1m"25 April 2022"[22m[39m                                                                                                                      [90m# org.apache.fineract.test.stepdef.common.BusinessDateStepDef.setBusinessDate(java.lang.String)[39m
  [32m✔[39m [32m[1mWhen [22mAdmin makes [1m"REPAYMENT_ADJUSTMENT_CHARGEBACK"[22m chargeback with [1m250[22m EUR transaction amount[39m                                                                             [90m# org.apache.fineract.test.stepdef.loan.LoanChargeBackStepDef.makeLoanChargeback(java.lang.String,double)[39m
  [32m✔[39m [32m[1mThen [22mLoan has [1m250[22m outstanding amount[39m                                                                                                                                      [90m# org.apache.fineract.test.stepdef.loan.LoanStepDef.loanOutstanding(double)[39m
  [32m✔[39m [32m[1mThen [22mLoan status will be [1m"ACTIVE"[22m[39m                                                                                                                                         [90m# org.apache.fineract.test.stepdef.loan.LoanStepDef.loanStatus(java.lang.String)[39m

@LoanChargeback @TestRailId:C2444
[1mScenario:[22m As an admin I would like to check chargeback function is working properly when repayment happens again after chargeback                                             [90m# fineract-e2e-tests-runner/src/test/resources/features/LoanChargeback-Part1.feature:57[39m
  [32m✔[39m [32m[1mWhen [22mAdmin sets the business date to [1m"1 January 2022"[22m[39m                                                                                                                     [90m# org.apache.fineract.test.stepdef.common.BusinessDateStepDef.setBusinessDate(java.lang.String)[39m
  [32m✔[39m [32m[1mWhen [22mAdmin creates a client with random data[39m                                                                                                                              [90m# org.apache.fineract.test.stepdef.common.ClientStepDef.createClientRandomFirstNameLastName()[39m
  [32m✔[39m [32m[1mAnd [22mAdmin successfully creates a new customised Loan submitted on date: [1m"1 January 2022"[22m, with Principal: [1m"750"[22m, a loanTermFrequency: [1m3[22m months, and numberOfRepayments: [1m3[22m[39m [90m# org.apache.fineract.test.stepdef.loan.LoanStepDef.createCustomizedLoan(java.lang.String,java.lang.String,java.lang.Integer,java.lang.Integer)[39m
  [32m✔[39m [32m[1mAnd [22mAdmin successfully approves the loan on [1m"1 January 2022"[22m with [1m"750"[22m amount and expected disbursement date on [1m"1 January 2022"[22m[39m                                         [90m# org.apache.fineract.test.stepdef.loan.LoanStepDef.approveLoan(java.lang.String,java.lang.String,java.lang.String)[39m
  [32m✔[39m [32m[1mWhen [22mAdmin successfully disburse the loan on [1m"1 January 2022"[22m with [1m"750"[22m EUR transaction amount[39m                                                                           [90m# org.apache.fineract.test.stepdef.loan.LoanStepDef.disburseLoan(java.lang.String,java.lang.String)[39m
  [32m✔[39m [32m[1mWhen [22mAdmin sets the business date to [1m"1 February 2022"[22m[39m                                                                                                                    [90m# org.apache.fineract.test.stepdef.common.BusinessDateStepDef.setBusinessDate(java.lang.String)[39m
  [32m✔[39m [32m[1mAnd [22mCustomer makes [1m"AUTOPAY"[22m repayment on [1m"1 February 2022"[22m with [1m250[22m EUR transaction amount[39m                                                                               [90m# org.apache.fineract.test.stepdef.loan.LoanRepaymentStepDef.makeLoanRepayment(java.lang.String,java.lang.String,double)[39m
  [32m✔[39m [32m[1mWhen [22mAdmin sets the business date to [1m"1 March 2022"[22m[39m                                                                                                                       [90m# org.apache.fineract.test.stepdef.common.BusinessDateStepDef.setBusinessDate(java.lang.String)[39m
  [32m✔[39m [32m[1mAnd [22mCustomer makes [1m"AUTOPAY"[22m repayment on [1m"1 March 2022"[22m with [1m250[22m EUR transaction amount[39m                                                                                  [90m# org.apache.fineract.test.stepdef.loan.LoanRepaymentStepDef.makeLoanRepayment(java.lang.String,java.lang.String,double)[39m
  [32m✔[39m [32m[1mWhen [22mAdmin sets the business date to [1m"1 April 2022"[22m[39m                                                                                                                       [90m# org.apache.fineract.test.stepdef.common.BusinessDateStepDef.setBusinessDate(java.lang.String)[39m
  [32m✔[39m [32m[1mAnd [22mCustomer makes [1m"AUTOPAY"[22m repayment on [1m"1 April 2022"[22m with [1m250[22m EUR transaction amount[39m                                                                                  [90m# org.apache.fineract.test.stepdef.loan.LoanRepaymentStepDef.makeLoanRepayment(java.lang.String,java.lang.String,double)[39m
  [32m✔[39m [32m[1mWhen [22mAdmin sets the business date to [1m"25 April 2022"[22m[39m                                                                                                                      [90m# org.apache.fineract.test.stepdef.common.BusinessDateStepDef.setBusinessDate(java.lang.String)[39m
  [32m✔[39m [32m[1mWhen [22mAdmin makes [1m"REPAYMENT_ADJUSTMENT_CHARGEBACK"[22m chargeback with [1m250[22m EUR transaction amount[39m                                                                             [90m# org.apache.fineract.test.stepdef.loan.LoanChargeBackStepDef.makeLoanChargeback(java.lang.String,double)[39m
  [32m✔[39m [32m[1mThen [22mLoan has [1m250[22m outstanding amount[39m                                                                                                                                      [90m# org.apache.fineract.test.stepdef.loan.LoanStepDef.loanOutstanding(double)[39m
  [32m✔[39m [32m[1mThen [22mLoan status will be [1m"ACTIVE"[22m[39m                                                                                                                                         [90m# org.apache.fineract.test.stepdef.loan.LoanStepDef.loanStatus(java.lang.String)[39m
  [32m✔[39m [32m[1mAnd [22mCustomer makes [1m"AUTOPAY"[22m repayment on [1m"25 April 2022"[22m with [1m250[22m EUR transaction amount[39m                                                                                 [90m# org.apache.fineract.test.stepdef.loan.LoanRepaymentStepDef.makeLoanRepayment(java.lang.String,java.lang.String,double)[39m
  [32m✔[39m [32m[1mThen [22mLoan has [1m0[22m outstanding amount[39m                                                                                                                                        [90m# org.apache.fineract.test.stepdef.loan.LoanStepDef.loanOutstanding(double)[39m
  [32m✔[39m [32m[1mThen [22mLoan status will be [1m"CLOSED_OBLIGATIONS_MET"[22m[39m                                                                                                                         [90m# org.apache.fineract.test.stepdef.loan.LoanStepDef.loanStatus(java.lang.String)[39m

@LoanChargeback @TestRailId:C2445
[1mScenario:[22m As an admin I would like to check chargeback function is working properly when a second chargeback happens after the repayment                                      [90m# fineract-e2e-tests-runner/src/test/resources/features/LoanChargeback-Part1.feature:78[39m
  [32m✔[39m [32m[1mWhen [22mAdmin sets the business date to [1m"1 January 2022"[22m[39m                                                                                                                     [90m# org.apache.fineract.test.stepdef.common.BusinessDateStepDef.setBusinessDate(java.lang.String)[39m
  [32m✔[39m [32m[1mWhen [22mAdmin creates a client with random data[39m                                                                                                                              [90m# org.apache.fineract.test.stepdef.common.ClientStepDef.createClientRandomFirstNameLastName()[39m
  [32m✔[39m [32m[1mAnd [22mAdmin successfully creates a new customised Loan submitted on date: [1m"1 January 2022"[22m, with Principal: [1m"750"[22m, a loanTermFrequency: [1m3[22m months, and numberOfRepayments: [1m3[22m[39m [90m# org.apache.fineract.test.stepdef.loan.LoanStepDef.createCustomizedLoan(java.lang.String,java.lang.String,java.lang.Integer,java.lang.Integer)[39m
  [32m✔[39m [32m[1mAnd [22mAdmin successfully approves the loan on [1m"1 January 2022"[22m with [1m"750"[22m amount and expected disbursement date on [1m"1 January 2022"[22m[39m                                         [90m# org.apache.fineract.test.stepdef.loan.LoanStepDef.approveLoan(java.lang.String,java.lang.String,java.lang.String)[39m
  [32m✔[39m [32m[1mWhen [22mAdmin successfully disburse the loan on [1m"1 January 2022"[22m with [1m"750"[22m EUR transaction amount[39m                                                                           [90m# org.apache.fineract.test.stepdef.loan.LoanStepDef.disburseLoan(java.lang.String,java.lang.String)[39m
  [32m✔[39m [32m[1mWhen [22mAdmin sets the business date to [1m"1 February 2022"[22m[39m                                                                                                                    [90m# org.apache.fineract.test.stepdef.common.BusinessDateStepDef.setBusinessDate(java.lang.String)[39m
  [32m✔[39m [32m[1mAnd [22mCustomer makes [1m"AUTOPAY"[22m repayment on [1m"1 February 2022"[22m with [1m250[22m EUR transaction amount[39m                                                                               [90m# org.apache.fineract.test.stepdef.loan.LoanRepaymentStepDef.makeLoanRepayment(java.lang.String,java.lang.String,double)[39m
  [32m✔[39m [32m[1mWhen [22mAdmin sets the business date to [1m"1 March 2022"[22m[39m                                                                                                                       [90m# org.apache.fineract.test.stepdef.common.BusinessDateStepDef.setBusinessDate(java.lang.String)[39m
  [32m✔[39m [32m[1mAnd [22mCustomer makes [1m"AUTOPAY"[22m repayment on [1m"1 March 2022"[22m with [1m250[22m EUR transaction amount[39m                                                                                  [90m# org.apache.fineract.test.stepdef.loan.LoanRepaymentStepDef.makeLoanRepayment(java.lang.String,java.lang.String,double)[39m
  [32m✔[39m [32m[1mWhen [22mAdmin sets the business date to [1m"1 April 2022"[22m[39m                                                                                                                       [90m# org.apache.fineract.test.stepdef.common.BusinessDateStepDef.setBusinessDate(java.lang.String)[39m
  [32m✔[39m [32m[1mAnd [22mCustomer makes [1m"AUTOPAY"[22m repayment on [1m"1 April 2022"[22m with [1m250[22m EUR transaction amount[39m                                                                                  [90m# org.apache.fineract.test.stepdef.loan.LoanRepaymentStepDef.makeLoanRepayment(java.lang.String,java.lang.String,double)[39m
  [32m✔[39m [32m[1mWhen [22mAdmin sets the business date to [1m"25 April 2022"[22m[39m                                                                                                                      [90m# org.apache.fineract.test.stepdef.common.BusinessDateStepDef.setBusinessDate(java.lang.String)[39m
  [32m✔[39m [32m[1mWhen [22mAdmin makes [1m"REPAYMENT_ADJUSTMENT_CHARGEBACK"[22m chargeback with [1m250[22m EUR transaction amount[39m                                                                             [90m# org.apache.fineract.test.stepdef.loan.LoanChargeBackStepDef.makeLoanChargeback(java.lang.String,double)[39m
  [32m✔[39m [32m[1mThen [22mLoan has [1m250[22m outstanding amount[39m                                                                                                                                      [90m# org.apache.fineract.test.stepdef.loan.LoanStepDef.loanOutstanding(double)[39m
  [32m✔[39m [32m[1mThen [22mLoan status will be [1m"ACTIVE"[22m[39m                                                                                                                                         [90m# org.apache.fineract.test.stepdef.loan.LoanStepDef.loanStatus(java.lang.String)[39m
  [32m✔[39m [32m[1mAnd [22mCustomer makes [1m"AUTOPAY"[22m repayment on [1m"25 April 2022"[22m with [1m250[22m EUR transaction amount[39m                                                                                 [90m# org.apache.fineract.test.stepdef.loan.LoanRepaymentStepDef.makeLoanRepayment(java.lang.String,java.lang.String,double)[39m
  [32m✔[39m [32m[1mThen [22mLoan has [1m0[22m outstanding amount[39m                                                                                                                                        [90m# org.apache.fineract.test.stepdef.loan.LoanStepDef.loanOutstanding(double)[39m
  [32m✔[39m [32m[1mThen [22mLoan status will be [1m"CLOSED_OBLIGATIONS_MET"[22m[39m                                                                                                                         [90m# org.apache.fineract.test.stepdef.loan.LoanStepDef.loanStatus(java.lang.String)[39m
  [32m✔[39m [32m[1mWhen [22mAdmin sets the business date to [1m"1 May 2022"[22m[39m                                                                                                                         [90m# org.apache.fineract.test.stepdef.common.BusinessDateStepDef.setBusinessDate(java.lang.String)[39m
  [32m✔[39m [32m[1mWhen [22mAdmin makes [1m"REPAYMENT_ADJUSTMENT_CHARGEBACK"[22m chargeback with [1m200[22m EUR transaction amount[39m                                                                             [90m# org.apache.fineract.test.stepdef.loan.LoanChargeBackStepDef.makeLoanChargeback(java.lang.String,double)[39m
  [32m✔[39m [32m[1mThen [22mLoan has [1m200[22m outstanding amount[39m                                                                                                                                      [90m# org.apache.fineract.test.stepdef.loan.LoanStepDef.loanOutstanding(double)[39m
  [32m✔[39m [32m[1mThen [22mLoan status will be [1m"ACTIVE"[22m[39m                                                                                                                                         [90m# org.apache.fineract.test.stepdef.loan.LoanStepDef.loanStatus(java.lang.String)[39m

@LoanChargeback @TestRailId:C2446
[1mScenario:[22m As an admin I would like to check chargeback function is working properly when chargeback happens after NSF fee was added to the loan then was repaid               [90m# fineract-e2e-tests-runner/src/test/resources/features/LoanChargeback-Part1.feature:103[39m
  [32m✔[39m [32m[1mWhen [22mAdmin sets the business date to [1m"1 January 2022"[22m[39m                                                                                                                     [90m# org.apache.fineract.test.stepdef.common.BusinessDateStepDef.setBusinessDate(java.lang.String)[39m
  [32m✔[39m [32m[1mWhen [22mAdmin creates a client with random data[39m                                                                                                                              [90m# org.apache.fineract.test.stepdef.common.ClientStepDef.createClientRandomFirstNameLastName()[39m
  [32m✔[39m [32m[1mAnd [22mAdmin successfully creates a new customised Loan submitted on date: [1m"1 January 2022"[22m, with Principal: [1m"750"[22m, a loanTermFrequency: [1m3[22m months, and numberOfRepayments: [1m3[22m[39m [90m# org.apache.fineract.test.stepdef.loan.LoanStepDef.createCustomizedLoan(java.lang.String,java.lang.String,java.lang.Integer,java.lang.Integer)[39m
  [32m✔[39m [32m[1mAnd [22mAdmin successfully approves the loan on [1m"1 January 2022"[22m with [1m"750"[22m amount and expected disbursement date on [1m"1 January 2022"[22m[39m                                         [90m# org.apache.fineract.test.stepdef.loan.LoanStepDef.approveLoan(java.lang.String,java.lang.String,java.lang.String)[39m
  [32m✔[39m [32m[1mWhen [22mAdmin successfully disburse the loan on [1m"1 January 2022"[22m with [1m"750"[22m EUR transaction amount[39m                                                                           [90m# org.apache.fineract.test.stepdef.loan.LoanStepDef.disburseLoan(java.lang.String,java.lang.String)[39m
  [32m✔[39m [32m[1mWhen [22mAdmin sets the business date to [1m"1 February 2022"[22m[39m                                                                                                                    [90m# org.apache.fineract.test.stepdef.common.BusinessDateStepDef.setBusinessDate(java.lang.String)[39m
  [32m✔[39m [32m[1mAnd [22mCustomer makes [1m"AUTOPAY"[22m repayment on [1m"1 February 2022"[22m with [1m250[22m EUR transaction amount[39m                                                                               [90m# org.apache.fineract.test.stepdef.loan.LoanRepaymentStepDef.makeLoanRepayment(java.lang.String,java.lang.String,double)[39m
  [32m✔[39m [32m[1mWhen [22mAdmin sets the business date to [1m"1 March 2022"[22m[39m                                                                                                                       [90m# org.apache.fineract.test.stepdef.common.BusinessDateStepDef.setBusinessDate(java.lang.String)[39m
  [32m✔[39m [32m[1mAnd [22mCustomer makes [1m"AUTOPAY"[22m repayment on [1m"1 March 2022"[22m with [1m250[22m EUR transaction amount[39m                                                                                  [90m# org.apache.fineract.test.stepdef.loan.LoanRepaymentStepDef.makeLoanRepayment(java.lang.String,java.lang.String,double)[39m
  [32m✔[39m [32m[1mWhen [22mAdmin sets the business date to [1m"1 April 2022"[22m[39m                                                                                                                       [90m# org.apache.fineract.test.stepdef.common.BusinessDateStepDef.setBusinessDate(java.lang.String)[39m
  [32m✔[39m [32m[1mAnd [22mCustomer makes [1m"AUTOPAY"[22m repayment on [1m"1 April 2022"[22m with [1m250[22m EUR transaction amount[39m                                                                                  [90m# org.apache.fineract.test.stepdef.loan.LoanRepaymentStepDef.makeLoanRepayment(java.lang.String,java.lang.String,double)[39m
  [32m✔[39m [32m[1mThen [22mLoan has [1m0[22m outstanding amount[39m                                                                                                                                        [90m# org.apache.fineract.test.stepdef.loan.LoanStepDef.loanOutstanding(double)[39m
  [32m✔[39m [32m[1mThen [22mLoan status will be [1m"CLOSED_OBLIGATIONS_MET"[22m[39m                                                                                                                         [90m# org.apache.fineract.test.stepdef.loan.LoanStepDef.loanStatus(java.lang.String)[39m
  [32m✔[39m [32m[1mWhen [22mCustomer makes a repayment undo on [1m"1 April 2022"[22m[39m                                                                                                                    [90m# org.apache.fineract.test.stepdef.loan.LoanRepaymentStepDef.makeLoanRepaymentUndo(java.lang.String)[39m
  [32m✔[39m [32m[1mThen [22mLoan has [1m250[22m outstanding amount[39m                                                                                                                                      [90m# org.apache.fineract.test.stepdef.loan.LoanStepDef.loanOutstanding(double)[39m
  [32m✔[39m [32m[1mThen [22mLoan status will be [1m"ACTIVE"[22m[39m                                                                                                                                         [90m# org.apache.fineract.test.stepdef.loan.LoanStepDef.loanStatus(java.lang.String)[39m
  [32m✔[39m [32m[1mAnd [22mAdmin adds an NSF fee because of payment bounce with [1m"1 April 2022"[22m transaction date[39m                                                                                  [90m# org.apache.fineract.test.stepdef.loan.LoanChargeStepDef.addNSFfee(java.lang.String)[39m
  [32m✔[39m [32m[1mThen [22mLoan has [1m260[22m outstanding amount[39m                                                                                                                                      [90m# org.apache.fineract.test.stepdef.loan.LoanStepDef.loanOutstanding(double)[39m
  [32m✔[39m [32m[1mThen [22mLoan status will be [1m"ACTIVE"[22m[39m                                                                                                                                         [90m# org.apache.fineract.test.stepdef.loan.LoanStepDef.loanStatus(java.lang.String)[39m
  [32m✔[39m [32m[1mWhen [22mAdmin sets the business date to [1m"5 April 2022"[22m[39m                                                                                                                       [90m# org.apache.fineract.test.stepdef.common.BusinessDateStepDef.setBusinessDate(java.lang.String)[39m
  [32m✔[39m [32m[1mAnd [22mCustomer makes [1m"AUTOPAY"[22m repayment on [1m"5 April 2022"[22m with [1m260[22m EUR transaction amount[39m                                                                                  [90m# org.apache.fineract.test.stepdef.loan.LoanRepaymentStepDef.makeLoanRepayment(java.lang.String,java.lang.String,double)[39m
  [32m✔[39m [32m[1mThen [22mLoan has [1m0[22m outstanding amount[39m                                                                                                                                        [90m# org.apache.fineract.test.stepdef.loan.LoanStepDef.loanOutstanding(double)[39m
  [32m✔[39m [32m[1mThen [22mLoan status will be [1m"CLOSED_OBLIGATIONS_MET"[22m[39m                                                                                                                         [90m# org.apache.fineract.test.stepdef.loan.LoanStepDef.loanStatus(java.lang.String)[39m
  [32m✔[39m [32m[1mWhen [22mAdmin sets the business date to [1m"25 April 2022"[22m[39m                                                                                                                      [90m# org.apache.fineract.test.stepdef.common.BusinessDateStepDef.setBusinessDate(java.lang.String)[39m
  [32m✔[39m [32m[1mWhen [22mAdmin makes [1m"REPAYMENT_ADJUSTMENT_CHARGEBACK"[22m chargeback with [1m250[22m EUR transaction amount[39m                                                                             [90m# org.apache.fineract.test.stepdef.loan.LoanChargeBackStepDef.makeLoanChargeback(java.lang.String,double)[39m
  [32m✔[39m [32m[1mThen [22mLoan has [1m250[22m outstanding amount[39m                                                                                                                                      [90m# org.apache.fineract.test.stepdef.loan.LoanStepDef.loanOutstanding(double)[39m
  [32m✔[39m [32m[1mThen [22mLoan status will be [1m"ACTIVE"[22m[39m                                                                                                                                         [90m# org.apache.fineract.test.stepdef.loan.LoanStepDef.loanStatus(java.lang.String)[39m

@LoanChargeback @TestRailId:C2447
[1mScenario:[22m As an admin I would like to check that the loan goes to ACTIVE when the loan is OVERPAID but the chargeback amount is HIGHER than the overpaid amount [90m# fineract-e2e-tests-runner/src/test/resources/features/LoanChargeback-Part1.feature:133[39m
  [32m✔[39m [32m[1mWhen [22mAdmin sets the business date to [1m"1 January 2022"[22m[39m                                                                                                       [90m# org.apache.fineract.test.stepdef.common.BusinessDateStepDef.setBusinessDate(java.lang.String)[39m
  [32m✔[39m [32m[1mWhen [22mAdmin creates a client with random data[39m                                                                                                                [90m# org.apache.fineract.test.stepdef.common.ClientStepDef.createClientRandomFirstNameLastName()[39m
  [32m✔[39m [32m[1mWhen [22mAdmin creates a new default Loan with date: [1m"1 January 2022"[22m[39m                                                                                           [90m# org.apache.fineract.test.stepdef.loan.LoanStepDef.createLoanWithDate(java.lang.String)[39m
  [32m✔[39m [32m[1mAnd [22mAdmin successfully approves the loan on [1m"1 January 2022"[22m with [1m"1000"[22m amount and expected disbursement date on [1m"1 January 2022"[22m[39m                          [90m# org.apache.fineract.test.stepdef.loan.LoanStepDef.approveLoan(java.lang.String,java.lang.String,java.lang.String)[39m
  [32m✔[39m [32m[1mWhen [22mAdmin successfully disburse the loan on [1m"1 January 2022"[22m with [1m"1000"[22m EUR transaction amount[39m                                                            [90m# org.apache.fineract.test.stepdef.loan.LoanStepDef.disburseLoan(java.lang.String,java.lang.String)[39m
  [32m✔[39m [32m[1mWhen [22mAdmin sets the business date to [1m"1 February 2022"[22m[39m                                                                                                      [90m# org.apache.fineract.test.stepdef.common.BusinessDateStepDef.setBusinessDate(java.lang.String)[39m
  [32m✔[39m [32m[1mAnd [22mCustomer makes [1m"AUTOPAY"[22m repayment on [1m"1 February 2022"[22m with [1m1200[22m EUR transaction amount[39m                                                                [90m# org.apache.fineract.test.stepdef.loan.LoanRepaymentStepDef.makeLoanRepayment(java.lang.String,java.lang.String,double)[39m
  [32m✔[39m [32m[1mThen [22mLoan has [1m0[22m outstanding amount[39m                                                                                                                          [90m# org.apache.fineract.test.stepdef.loan.LoanStepDef.loanOutstanding(double)[39m
  [32m✔[39m [32m[1mThen [22mLoan status will be [1m"OVERPAID"[22m[39m                                                                                                                         [90m# org.apache.fineract.test.stepdef.loan.LoanStepDef.loanStatus(java.lang.String)[39m
  [32m✔[39m [32m[1mWhen [22mAdmin sets the business date to [1m"25 February 2022"[22m[39m                                                                                                     [90m# org.apache.fineract.test.stepdef.common.BusinessDateStepDef.setBusinessDate(java.lang.String)[39m
  [32m✔[39m [32m[1mWhen [22mAdmin makes [1m"REPAYMENT_ADJUSTMENT_CHARGEBACK"[22m chargeback with [1m250[22m EUR transaction amount[39m                                                               [90m# org.apache.fineract.test.stepdef.loan.LoanChargeBackStepDef.makeLoanChargeback(java.lang.String,double)[39m
  [32m✔[39m [32m[1mThen [22mLoan status will be [1m"ACTIVE"[22m[39m                                                                                                                           [90m# org.apache.fineract.test.stepdef.loan.LoanStepDef.loanStatus(java.lang.String)[39m
  [32m✔[39m [32m[1mThen [22mLoan has [1m50[22m outstanding amount[39m                                                                                                                         [90m# org.apache.fineract.test.stepdef.loan.LoanStepDef.loanOutstanding(double)[39m

@LoanChargeback @TestRailId:C2448
[1mScenario:[22m As an admin I would like to check that the loan remains OVERPAID when the loan is OVERPAID but the chargeback amount is LOWER than the overpaid amount [90m# fineract-e2e-tests-runner/src/test/resources/features/LoanChargeback-Part1.feature:149[39m
  [32m✔[39m [32m[1mWhen [22mAdmin sets the business date to [1m"1 January 2022"[22m[39m                                                                                                        [90m# org.apache.fineract.test.stepdef.common.BusinessDateStepDef.setBusinessDate(java.lang.String)[39m
  [32m✔[39m [32m[1mWhen [22mAdmin creates a client with random data[39m                                                                                                                 [90m# org.apache.fineract.test.stepdef.common.ClientStepDef.createClientRandomFirstNameLastName()[39m
  [32m✔[39m [32m[1mWhen [22mAdmin creates a new default Loan with date: [1m"1 January 2022"[22m[39m                                                                                            [90m# org.apache.fineract.test.stepdef.loan.LoanStepDef.createLoanWithDate(java.lang.String)[39m
  [32m✔[39m [32m[1mAnd [22mAdmin successfully approves the loan on [1m"1 January 2022"[22m with [1m"1000"[22m amount and expected disbursement date on [1m"1 January 2022"[22m[39m                           [90m# org.apache.fineract.test.stepdef.loan.LoanStepDef.approveLoan(java.lang.String,java.lang.String,java.lang.String)[39m
  [32m✔[39m [32m[1mWhen [22mAdmin successfully disburse the loan on [1m"1 January 2022"[22m with [1m"1000"[22m EUR transaction amount[39m                                                             [90m# org.apache.fineract.test.stepdef.loan.LoanStepDef.disburseLoan(java.lang.String,java.lang.String)[39m
  [32m✔[39m [32m[1mWhen [22mAdmin sets the business date to [1m"1 February 2022"[22m[39m                                                                                                       [90m# org.apache.fineract.test.stepdef.common.BusinessDateStepDef.setBusinessDate(java.lang.String)[39m
  [32m✔[39m [32m[1mAnd [22mCustomer makes [1m"AUTOPAY"[22m repayment on [1m"1 February 2022"[22m with [1m1300[22m EUR transaction amount[39m                                                                 [90m# org.apache.fineract.test.stepdef.loan.LoanRepaymentStepDef.makeLoanRepayment(java.lang.String,java.lang.String,double)[39m
  [32m✔[39m [32m[1mThen [22mLoan has [1m0[22m outstanding amount[39m                                                                                                                           [90m# org.apache.fineract.test.stepdef.loan.LoanStepDef.loanOutstanding(double)[39m
  [32m✔[39m [32m[1mThen [22mLoan status will be [1m"OVERPAID"[22m[39m                                                                                                                          [90m# org.apache.fineract.test.stepdef.loan.LoanStepDef.loanStatus(java.lang.String)[39m
  [32m✔[39m [32m[1mWhen [22mAdmin sets the business date to [1m"25 February 2022"[22m[39m                                                                                                      [90m# org.apache.fineract.test.stepdef.common.BusinessDateStepDef.setBusinessDate(java.lang.String)[39m
  [32m✔[39m [32m[1mWhen [22mAdmin makes [1m"REPAYMENT_ADJUSTMENT_CHARGEBACK"[22m chargeback with [1m250[22m EUR transaction amount[39m                                                                [90m# org.apache.fineract.test.stepdef.loan.LoanChargeBackStepDef.makeLoanChargeback(java.lang.String,double)[39m
  [32m✔[39m [32m[1mThen [22mLoan status will be [1m"OVERPAID"[22m[39m                                                                                                                          [90m# org.apache.fineract.test.stepdef.loan.LoanStepDef.loanStatus(java.lang.String)[39m
  [32m✔[39m [32m[1mThen [22mLoan has [1m0[22m outstanding amount[39m                                                                                                                           [90m# org.apache.fineract.test.stepdef.loan.LoanStepDef.loanOutstanding(double)[39m

@LoanChargeback @TestRailId:C2449
[1mScenario:[22m As an admin I would like to check that the loan goes to CLOSED when the loan is OVERPAID but the chargeback amount is EQUALS than the overpaid amount [90m# fineract-e2e-tests-runner/src/test/resources/features/LoanChargeback-Part1.feature:165[39m
  [32m✔[39m [32m[1mWhen [22mAdmin sets the business date to [1m"1 January 2022"[22m[39m                                                                                                       [90m# org.apache.fineract.test.stepdef.common.BusinessDateStepDef.setBusinessDate(java.lang.String)[39m
  [32m✔[39m [32m[1mWhen [22mAdmin creates a client with random data[39m                                                                                                                [90m# org.apache.fineract.test.stepdef.common.ClientStepDef.createClientRandomFirstNameLastName()[39m
  [32m✔[39m [32m[1mWhen [22mAdmin creates a new default Loan with date: [1m"1 January 2022"[22m[39m                                                                                           [90m# org.apache.fineract.test.stepdef.loan.LoanStepDef.createLoanWithDate(java.lang.String)[39m
  [32m✔[39m [32m[1mAnd [22mAdmin successfully approves the loan on [1m"1 January 2022"[22m with [1m"1000"[22m amount and expected disbursement date on [1m"1 January 2022"[22m[39m                          [90m# org.apache.fineract.test.stepdef.loan.LoanStepDef.approveLoan(java.lang.String,java.lang.String,java.lang.String)[39m
  [32m✔[39m [32m[1mWhen [22mAdmin successfully disburse the loan on [1m"1 January 2022"[22m with [1m"1000"[22m EUR transaction amount[39m                                                            [90m# org.apache.fineract.test.stepdef.loan.LoanStepDef.disburseLoan(java.lang.String,java.lang.String)[39m
  [32m✔[39m [32m[1mWhen [22mAdmin sets the business date to [1m"1 February 2022"[22m[39m                                                                                                      [90m# org.apache.fineract.test.stepdef.common.BusinessDateStepDef.setBusinessDate(java.lang.String)[39m
  [32m✔[39m [32m[1mAnd [22mCustomer makes [1m"AUTOPAY"[22m repayment on [1m"1 February 2022"[22m with [1m1250[22m EUR transaction amount[39m                                                                [90m# org.apache.fineract.test.stepdef.loan.LoanRepaymentStepDef.makeLoanRepayment(java.lang.String,java.lang.String,double)[39m
  [32m✔[39m [32m[1mThen [22mLoan has [1m0[22m outstanding amount[39m                                                                                                                          [90m# org.apache.fineract.test.stepdef.loan.LoanStepDef.loanOutstanding(double)[39m
  [32m✔[39m [32m[1mThen [22mLoan status will be [1m"OVERPAID"[22m[39m                                                                                                                         [90m# org.apache.fineract.test.stepdef.loan.LoanStepDef.loanStatus(java.lang.String)[39m
  [32m✔[39m [32m[1mWhen [22mAdmin sets the business date to [1m"25 February 2022"[22m[39m                                                                                                     [90m# org.apache.fineract.test.stepdef.common.BusinessDateStepDef.setBusinessDate(java.lang.String)[39m
  [32m✔[39m [32m[1mWhen [22mAdmin makes [1m"REPAYMENT_ADJUSTMENT_CHARGEBACK"[22m chargeback with [1m250[22m EUR transaction amount[39m                                                               [90m# org.apache.fineract.test.stepdef.loan.LoanChargeBackStepDef.makeLoanChargeback(java.lang.String,double)[39m
  [32m✔[39m [32m[1mThen [22mLoan status will be [1m"CLOSED_OBLIGATIONS_MET"[22m[39m                                                                                                           [90m# org.apache.fineract.test.stepdef.loan.LoanStepDef.loanStatus(java.lang.String)[39m
  [32m✔[39m [32m[1mThen [22mLoan has [1m0[22m outstanding amount[39m                                                                                                                          [90m# org.apache.fineract.test.stepdef.loan.LoanStepDef.loanOutstanding(double)[39m

@LoanChargeback @TestRailId:C2458
[1mScenario:[22m As an admin I would like to check that delinquency and overdue treatment of chargeback works properly                                                                [90m# fineract-e2e-tests-runner/src/test/resources/features/LoanChargeback-Part1.feature:181[39m
  [32m✔[39m [32m[1mWhen [22mAdmin sets the business date to [1m"1 January 2022"[22m[39m                                                                                                                      [90m# org.apache.fineract.test.stepdef.common.BusinessDateStepDef.setBusinessDate(java.lang.String)[39m
  [32m✔[39m [32m[1mWhen [22mAdmin creates a client with random data[39m                                                                                                                               [90m# org.apache.fineract.test.stepdef.common.ClientStepDef.createClientRandomFirstNameLastName()[39m
  [32m✔[39m [32m[1mAnd [22mAdmin successfully creates a new customised Loan submitted on date: [1m"1 January 2022"[22m, with Principal: [1m"3000"[22m, a loanTermFrequency: [1m3[22m months, and numberOfRepayments: [1m3[22m[39m [90m# org.apache.fineract.test.stepdef.loan.LoanStepDef.createCustomizedLoan(java.lang.String,java.lang.String,java.lang.Integer,java.lang.Integer)[39m
  [32m✔[39m [32m[1mAnd [22mAdmin successfully approves the loan on [1m"1 January 2022"[22m with [1m"3000"[22m amount and expected disbursement date on [1m"1 January 2022"[22m[39m                                         [90m# org.apache.fineract.test.stepdef.loan.LoanStepDef.approveLoan(java.lang.String,java.lang.String,java.lang.String)[39m
  [32m✔[39m [32m[1mWhen [22mAdmin successfully disburse the loan on [1m"1 January 2022"[22m with [1m"3000"[22m EUR transaction amount[39m                                                                           [90m# org.apache.fineract.test.stepdef.loan.LoanStepDef.disburseLoan(java.lang.String,java.lang.String)[39m
  [32m✔[39m [32m[1mWhen [22mAdmin runs inline COB job for Loan[39m                                                                                                                                    [90m# org.apache.fineract.test.stepdef.loan.InlineCOBStepDef.runInlineCOB()[39m
  [32m✔[39m [32m[1mWhen [22mAdmin sets the business date to [1m"01 February 2022"[22m[39m                                                                                                                    [90m# org.apache.fineract.test.stepdef.common.BusinessDateStepDef.setBusinessDate(java.lang.String)[39m
  [32m✔[39m [32m[1mAnd [22mCustomer makes [1m"AUTOPAY"[22m repayment on [1m"01 February 2022"[22m with [1m1000[22m EUR transaction amount[39m                                                                              [90m# org.apache.fineract.test.stepdef.loan.LoanRepaymentStepDef.makeLoanRepayment(java.lang.String,java.lang.String,double)[39m
  [32m✔[39m [32m[1mWhen [22mAdmin runs inline COB job for Loan[39m                                                                                                                                    [90m# org.apache.fineract.test.stepdef.loan.InlineCOBStepDef.runInlineCOB()[39m
  [32m✔[39m [32m[1mWhen [22mAdmin sets the business date to [1m"01 March 2022"[22m[39m                                                                                                                       [90m# org.apache.fineract.test.stepdef.common.BusinessDateStepDef.setBusinessDate(java.lang.String)[39m
  [32m✔[39m [32m[1mAnd [22mCustomer makes [1m"AUTOPAY"[22m repayment on [1m"01 March 2022"[22m with [1m1000[22m EUR transaction amount[39m                                                                                 [90m# org.apache.fineract.test.stepdef.loan.LoanRepaymentStepDef.makeLoanRepayment(java.lang.String,java.lang.String,double)[39m
  [32m✔[39m [32m[1mWhen [22mAdmin runs inline COB job for Loan[39m                                                                                                                                    [90m# org.apache.fineract.test.stepdef.loan.InlineCOBStepDef.runInlineCOB()[39m
  [32m✔[39m [32m[1mWhen [22mAdmin sets the business date to [1m"15 March 2022"[22m[39m                                                                                                                       [90m# org.apache.fineract.test.stepdef.common.BusinessDateStepDef.setBusinessDate(java.lang.String)[39m
  [32m✔[39m [32m[1mWhen [22mAdmin makes [1m"REPAYMENT_ADJUSTMENT_CHARGEBACK"[22m chargeback with [1m1000[22m EUR transaction amount[39m                                                                             [90m# org.apache.fineract.test.stepdef.loan.LoanChargeBackStepDef.makeLoanChargeback(java.lang.String,double)[39m
  [32m✔[39m [32m[1mWhen [22mAdmin runs inline COB job for Loan[39m                                                                                                                                    [90m# org.apache.fineract.test.stepdef.loan.InlineCOBStepDef.runInlineCOB()[39m
  [32m✔[39m [32m[1mWhen [22mAdmin sets the business date to [1m"07 April 2022"[22m[39m                                                                                                                       [90m# org.apache.fineract.test.stepdef.common.BusinessDateStepDef.setBusinessDate(java.lang.String)[39m
  [32m✔[39m [32m[1mWhen [22mAdmin runs inline COB job for Loan[39m                                                                                                                                    [90m# org.apache.fineract.test.stepdef.loan.InlineCOBStepDef.runInlineCOB()[39m
  [32m✔[39m [32m[1mThen [22mAdmin checks that delinquency range is: [1m"RANGE_3"[22m and has delinquentDate [1m"2022-03-18"[22m[39m                                                                                 [90m# org.apache.fineract.test.stepdef.loan.LoanDelinquencyStepDef.checkDelinquencyRange(java.lang.String,java.lang.String)[39m
  [32m✔[39m [32m[1mThen [22mLoan has [1m2000[22m total overdue amount[39m                                                                                                                                    [90m# org.apache.fineract.test.stepdef.loan.LoanStepDef.loanOverdue(double)[39m

@LoanChargeback @TestRailId:C2459
[1mScenario:[22m As an admin I would like to check that delinquency and overdue treatment of chargeback works properly when all the chargeback transactions are fully paid            [90m# fineract-e2e-tests-runner/src/test/resources/features/LoanChargeback-Part1.feature:203[39m
  [32m✔[39m [32m[1mWhen [22mAdmin sets the business date to [1m"1 January 2022"[22m[39m                                                                                                                      [90m# org.apache.fineract.test.stepdef.common.BusinessDateStepDef.setBusinessDate(java.lang.String)[39m
  [32m✔[39m [32m[1mWhen [22mAdmin creates a client with random data[39m                                                                                                                               [90m# org.apache.fineract.test.stepdef.common.ClientStepDef.createClientRandomFirstNameLastName()[39m
  [32m✔[39m [32m[1mAnd [22mAdmin successfully creates a new customised Loan submitted on date: [1m"1 January 2022"[22m, with Principal: [1m"3000"[22m, a loanTermFrequency: [1m3[22m months, and numberOfRepayments: [1m3[22m[39m [90m# org.apache.fineract.test.stepdef.loan.LoanStepDef.createCustomizedLoan(java.lang.String,java.lang.String,java.lang.Integer,java.lang.Integer)[39m
  [32m✔[39m [32m[1mAnd [22mAdmin successfully approves the loan on [1m"1 January 2022"[22m with [1m"3000"[22m amount and expected disbursement date on [1m"1 January 2022"[22m[39m                                         [90m# org.apache.fineract.test.stepdef.loan.LoanStepDef.approveLoan(java.lang.String,java.lang.String,java.lang.String)[39m
  [32m✔[39m [32m[1mWhen [22mAdmin successfully disburse the loan on [1m"1 January 2022"[22m with [1m"3000"[22m EUR transaction amount[39m                                                                           [90m# org.apache.fineract.test.stepdef.loan.LoanStepDef.disburseLoan(java.lang.String,java.lang.String)[39m
  [32m✔[39m [32m[1mWhen [22mAdmin sets the business date to [1m"01 February 2022"[22m[39m                                                                                                                    [90m# org.apache.fineract.test.stepdef.common.BusinessDateStepDef.setBusinessDate(java.lang.String)[39m
  [32m✔[39m [32m[1mAnd [22mCustomer makes [1m"AUTOPAY"[22m repayment on [1m"01 February 2022"[22m with [1m1000[22m EUR transaction amount[39m                                                                              [90m# org.apache.fineract.test.stepdef.loan.LoanRepaymentStepDef.makeLoanRepayment(java.lang.String,java.lang.String,double)[39m
  [32m✔[39m [32m[1mWhen [22mAdmin sets the business date to [1m"01 March 2022"[22m[39m                                                                                                                       [90m# org.apache.fineract.test.stepdef.common.BusinessDateStepDef.setBusinessDate(java.lang.String)[39m
  [32m✔[39m [32m[1mAnd [22mCustomer makes [1m"AUTOPAY"[22m repayment on [1m"01 March 2022"[22m with [1m1000[22m EUR transaction amount[39m                                                                                 [90m# org.apache.fineract.test.stepdef.loan.LoanRepaymentStepDef.makeLoanRepayment(java.lang.String,java.lang.String,double)[39m
  [32m✔[39m [32m[1mWhen [22mAdmin sets the business date to [1m"15 March 2022"[22m[39m                                                                                                                       [90m# org.apache.fineract.test.stepdef.common.BusinessDateStepDef.setBusinessDate(java.lang.String)[39m
  [32m✔[39m [32m[1mWhen [22mAdmin makes [1m"REPAYMENT_ADJUSTMENT_CHARGEBACK"[22m chargeback with [1m1000[22m EUR transaction amount[39m                                                                             [90m# org.apache.fineract.test.stepdef.loan.LoanChargeBackStepDef.makeLoanChargeback(java.lang.String,double)[39m
  [32m✔[39m [32m[1mWhen [22mAdmin sets the business date to [1m"07 April 2022"[22m[39m                                                                                                                       [90m# org.apache.fineract.test.stepdef.common.BusinessDateStepDef.setBusinessDate(java.lang.String)[39m
  [32m✔[39m [32m[1mAnd [22mAdmin runs the Loan Delinquency Classification job[39m                                                                                                                     [90m# org.apache.fineract.test.stepdef.common.SchedulerStepDef.runLoanDelinquencyClassification()[39m
  [32m✔[39m [32m[1mThen [22mAdmin checks that delinquency range is: [1m"RANGE_3"[22m and has delinquentDate [1m"2022-03-18"[22m[39m                                                                                 [90m# org.apache.fineract.test.stepdef.loan.LoanDelinquencyStepDef.checkDelinquencyRange(java.lang.String,java.lang.String)[39m
  [32m✔[39m [32m[1mAnd [22mCustomer makes [1m"AUTOPAY"[22m repayment on [1m"20 March 2022"[22m with [1m1000[22m EUR transaction amount[39m                                                                                 [90m# org.apache.fineract.test.stepdef.loan.LoanRepaymentStepDef.makeLoanRepayment(java.lang.String,java.lang.String,double)[39m
  [32m✔[39m [32m[1mThen [22mAdmin checks that delinquency range is: [1m"RANGE_1"[22m and has delinquentDate [1m"2022-04-04"[22m[39m                                                                                 [90m# org.apache.fineract.test.stepdef.loan.LoanDelinquencyStepDef.checkDelinquencyRange(java.lang.String,java.lang.String)[39m
  [32m✔[39m [32m[1mThen [22mLoan has [1m1000[22m total overdue amount[39m                                                                                                                                    [90m# org.apache.fineract.test.stepdef.loan.LoanStepDef.loanOverdue(double)[39m

@LoanChargeback @TestRailId:C2460
[1mScenario:[22m As an admin I would like to check that delinquency and overdue treatment of chargeback works properly when all the instalments are fully paid                        [90m# fineract-e2e-tests-runner/src/test/resources/features/LoanChargeback-Part1.feature:223[39m
  [32m✔[39m [32m[1mWhen [22mAdmin sets the business date to [1m"1 January 2022"[22m[39m                                                                                                                      [90m# org.apache.fineract.test.stepdef.common.BusinessDateStepDef.setBusinessDate(java.lang.String)[39m
  [32m✔[39m [32m[1mWhen [22mAdmin creates a client with random data[39m                                                                                                                               [90m# org.apache.fineract.test.stepdef.common.ClientStepDef.createClientRandomFirstNameLastName()[39m
  [32m✔[39m [32m[1mAnd [22mAdmin successfully creates a new customised Loan submitted on date: [1m"1 January 2022"[22m, with Principal: [1m"3000"[22m, a loanTermFrequency: [1m3[22m months, and numberOfRepayments: [1m3[22m[39m [90m# org.apache.fineract.test.stepdef.loan.LoanStepDef.createCustomizedLoan(java.lang.String,java.lang.String,java.lang.Integer,java.lang.Integer)[39m
  [32m✔[39m [32m[1mAnd [22mAdmin successfully approves the loan on [1m"1 January 2022"[22m with [1m"3000"[22m amount and expected disbursement date on [1m"1 January 2022"[22m[39m                                         [90m# org.apache.fineract.test.stepdef.loan.LoanStepDef.approveLoan(java.lang.String,java.lang.String,java.lang.String)[39m
  [32m✔[39m [32m[1mWhen [22mAdmin successfully disburse the loan on [1m"1 January 2022"[22m with [1m"3000"[22m EUR transaction amount[39m                                                                           [90m# org.apache.fineract.test.stepdef.loan.LoanStepDef.disburseLoan(java.lang.String,java.lang.String)[39m
  [32m✔[39m [32m[1mWhen [22mAdmin sets the business date to [1m"01 February 2022"[22m[39m                                                                                                                    [90m# org.apache.fineract.test.stepdef.common.BusinessDateStepDef.setBusinessDate(java.lang.String)[39m
  [32m✔[39m [32m[1mAnd [22mCustomer makes [1m"AUTOPAY"[22m repayment on [1m"01 February 2022"[22m with [1m1000[22m EUR transaction amount[39m                                                                              [90m# org.apache.fineract.test.stepdef.loan.LoanRepaymentStepDef.makeLoanRepayment(java.lang.String,java.lang.String,double)[39m
  [32m✔[39m [32m[1mWhen [22mAdmin sets the business date to [1m"01 March 2022"[22m[39m                                                                                                                       [90m# org.apache.fineract.test.stepdef.common.BusinessDateStepDef.setBusinessDate(java.lang.String)[39m
  [32m✔[39m [32m[1mAnd [22mCustomer makes [1m"AUTOPAY"[22m repayment on [1m"01 March 2022"[22m with [1m1000[22m EUR transaction amount[39m                                                                                 [90m# org.apache.fineract.test.stepdef.loan.LoanRepaymentStepDef.makeLoanRepayment(java.lang.String,java.lang.String,double)[39m
  [32m✔[39m [32m[1mWhen [22mAdmin sets the business date to [1m"15 March 2022"[22m[39m                                                                                                                       [90m# org.apache.fineract.test.stepdef.common.BusinessDateStepDef.setBusinessDate(java.lang.String)[39m
  [32m✔[39m [32m[1mWhen [22mAdmin makes [1m"REPAYMENT_ADJUSTMENT_CHARGEBACK"[22m chargeback with [1m1000[22m EUR transaction amount[39m                                                                             [90m# org.apache.fineract.test.stepdef.loan.LoanChargeBackStepDef.makeLoanChargeback(java.lang.String,double)[39m
  [32m✔[39m [32m[1mWhen [22mAdmin sets the business date to [1m"07 April 2022"[22m[39m                                                                                                                       [90m# org.apache.fineract.test.stepdef.common.BusinessDateStepDef.setBusinessDate(java.lang.String)[39m
  [32m✔[39m [32m[1mAnd [22mAdmin runs the Loan Delinquency Classification job[39m                                                                                                                     [90m# org.apache.fineract.test.stepdef.common.SchedulerStepDef.runLoanDelinquencyClassification()[39m
  [32m✔[39m [32m[1mThen [22mAdmin checks that delinquency range is: [1m"RANGE_3"[22m and has delinquentDate [1m"2022-03-18"[22m[39m                                                                                 [90m# org.apache.fineract.test.stepdef.loan.LoanDelinquencyStepDef.checkDelinquencyRange(java.lang.String,java.lang.String)[39m
  [32m✔[39m [32m[1mAnd [22mCustomer makes [1m"AUTOPAY"[22m repayment on [1m"20 March 2022"[22m with [1m1000[22m EUR transaction amount[39m                                                                                 [90m# org.apache.fineract.test.stepdef.loan.LoanRepaymentStepDef.makeLoanRepayment(java.lang.String,java.lang.String,double)[39m
  [32m✔[39m [32m[1mThen [22mAdmin checks that delinquency range is: [1m"RANGE_1"[22m and has delinquentDate [1m"2022-04-04"[22m[39m                                                                                 [90m# org.apache.fineract.test.stepdef.loan.LoanDelinquencyStepDef.checkDelinquencyRange(java.lang.String,java.lang.String)[39m
  [32m✔[39m [32m[1mThen [22mLoan has [1m1000[22m total overdue amount[39m                                                                                                                                    [90m# org.apache.fineract.test.stepdef.loan.LoanStepDef.loanOverdue(double)[39m
  [32m✔[39m [32m[1mAnd [22mCustomer makes [1m"AUTOPAY"[22m repayment on [1m"01 April 2022"[22m with [1m1000[22m EUR transaction amount[39m                                                                                 [90m# org.apache.fineract.test.stepdef.loan.LoanRepaymentStepDef.makeLoanRepayment(java.lang.String,java.lang.String,double)[39m
  [32m✔[39m [32m[1mThen [22mAdmin checks that delinquency range is: [1m"NO_DELINQUENCY"[22m and has delinquentDate [1m""[22m[39m                                                                                    [90m# org.apache.fineract.test.stepdef.loan.LoanDelinquencyStepDef.checkDelinquencyRange(java.lang.String,java.lang.String)[39m
  [32m✔[39m [32m[1mThen [22mLoan has [1m0[22m total overdue amount[39m                                                                                                                                       [90m# org.apache.fineract.test.stepdef.loan.LoanStepDef.loanOverdue(double)[39m

@LoanChargeback @TestRailId:C2486
[1mScenario:[22m As an admin I would like to check that Goodwill credit, Payout refund, Merchant Issued refund works properly with chargeback for a fully paid loan [90m# fineract-e2e-tests-runner/src/test/resources/features/LoanChargeback-Part1.feature:246[39m
  [32m✔[39m [32m[1mWhen [22mAdmin sets the business date to [1m"1 January 2022"[22m[39m                                                                                                    [90m# org.apache.fineract.test.stepdef.common.BusinessDateStepDef.setBusinessDate(java.lang.String)[39m
  [32m✔[39m [32m[1mWhen [22mAdmin creates a client with random data[39m                                                                                                             [90m# org.apache.fineract.test.stepdef.common.ClientStepDef.createClientRandomFirstNameLastName()[39m
  [32m✔[39m [32m[1mWhen [22mAdmin creates a new default Loan with date: [1m"1 January 2022"[22m[39m                                                                                        [90m# org.apache.fineract.test.stepdef.loan.LoanStepDef.createLoanWithDate(java.lang.String)[39m
  [32m✔[39m [32m[1mAnd [22mAdmin successfully approves the loan on [1m"1 January 2022"[22m with [1m"1000"[22m amount and expected disbursement date on [1m"1 January 2022"[22m[39m                       [90m# org.apache.fineract.test.stepdef.loan.LoanStepDef.approveLoan(java.lang.String,java.lang.String,java.lang.String)[39m
  [32m✔[39m [32m[1mWhen [22mAdmin successfully disburse the loan on [1m"1 January 2022"[22m with [1m"1000"[22m EUR transaction amount[39m                                                         [90m# org.apache.fineract.test.stepdef.loan.LoanStepDef.disburseLoan(java.lang.String,java.lang.String)[39m
  [32m✔[39m [32m[1mWhen [22mAdmin sets the business date to [1m"1 February 2022"[22m[39m                                                                                                   [90m# org.apache.fineract.test.stepdef.common.BusinessDateStepDef.setBusinessDate(java.lang.String)[39m
  [32m✔[39m [32m[1mAnd [22mCustomer makes [1m"AUTOPAY"[22m repayment on [1m"1 February 2022"[22m with [1m1000[22m EUR transaction amount[39m                                                             [90m# org.apache.fineract.test.stepdef.loan.LoanRepaymentStepDef.makeLoanRepayment(java.lang.String,java.lang.String,double)[39m
  [32m✔[39m [32m[1mThen [22mLoan has [1m0[22m outstanding amount[39m                                                                                                                       [90m# org.apache.fineract.test.stepdef.loan.LoanStepDef.loanOutstanding(double)[39m
  [32m✔[39m [32m[1mThen [22mLoan status will be [1m"CLOSED_OBLIGATIONS_MET"[22m[39m                                                                                                        [90m# org.apache.fineract.test.stepdef.loan.LoanStepDef.loanStatus(java.lang.String)[39m
  [32m✔[39m [32m[1mWhen [22mAdmin sets the business date to [1m"25 February 2022"[22m[39m                                                                                                  [90m# org.apache.fineract.test.stepdef.common.BusinessDateStepDef.setBusinessDate(java.lang.String)[39m
  [32m✔[39m [32m[1mWhen [22mAdmin makes [1m"REPAYMENT_ADJUSTMENT_CHARGEBACK"[22m chargeback with [1m1000[22m EUR transaction amount[39m                                                           [90m# org.apache.fineract.test.stepdef.loan.LoanChargeBackStepDef.makeLoanChargeback(java.lang.String,double)[39m
  [32m✔[39m [32m[1mThen [22mLoan has [1m1000[22m outstanding amount[39m                                                                                                                    [90m# org.apache.fineract.test.stepdef.loan.LoanStepDef.loanOutstanding(double)[39m
  [32m✔[39m [32m[1mWhen [22mAdmin makes [1m"GOODWILL_CREDIT"[22m transaction with [1m"AUTOPAY"[22m payment type on [1m"15 January 2022"[22m with [1m1000[22m EUR transaction amount[39m                         [90m# org.apache.fineract.test.stepdef.loan.LoanStepDef.createTransactionForRefund(java.lang.String,java.lang.String,java.lang.String,double)[39m
  [32m✔[39m [32m[1mThen [22mLoan has [1m0[22m outstanding amount[39m                                                                                                                       [90m# org.apache.fineract.test.stepdef.loan.LoanStepDef.loanOutstanding(double)[39m
  [32m✔[39m [32m[1mThen [22mLoan status will be [1m"CLOSED_OBLIGATIONS_MET"[22m[39m                                                                                                        [90m# org.apache.fineract.test.stepdef.loan.LoanStepDef.loanStatus(java.lang.String)[39m
  [32m✔[39m [32m[1mWhen [22mAdmin makes [1m"GOODWILL_CREDIT"[22m transaction with [1m"AUTOPAY"[22m payment type on [1m"17 January 2022"[22m with [1m100[22m EUR transaction amount[39m                          [90m# org.apache.fineract.test.stepdef.loan.LoanStepDef.createTransactionForRefund(java.lang.String,java.lang.String,java.lang.String,double)[39m
  [32m✔[39m [32m[1mThen [22mLoan status will be [1m"OVERPAID"[22m[39m                                                                                                                      [90m# org.apache.fineract.test.stepdef.loan.LoanStepDef.loanStatus(java.lang.String)[39m
  [32m✔[39m [32m[1mThen [22mLoan has [1m0[22m outstanding amount[39m                                                                                                                       [90m# org.apache.fineract.test.stepdef.loan.LoanStepDef.loanOutstanding(double)[39m
  [32m✔[39m [32m[1mThen [22mLoan has [1m100[22m overpaid amount[39m                                                                                                                        [90m# org.apache.fineract.test.stepdef.loan.LoanStepDef.loanOverpaid(double)[39m
  [32m✔[39m [32m[1mWhen [22mAdmin makes [1m"PAYOUT_REFUND"[22m transaction with [1m"AUTOPAY"[22m payment type on [1m"18 January 2022"[22m with [1m100[22m EUR transaction amount[39m                            [90m# org.apache.fineract.test.stepdef.loan.LoanStepDef.createTransactionForRefund(java.lang.String,java.lang.String,java.lang.String,double)[39m
  [32m✔[39m [32m[1mThen [22mLoan status will be [1m"OVERPAID"[22m[39m                                                                                                                      [90m# org.apache.fineract.test.stepdef.loan.LoanStepDef.loanStatus(java.lang.String)[39m
  [32m✔[39m [32m[1mThen [22mLoan has [1m0[22m outstanding amount[39m                                                                                                                       [90m# org.apache.fineract.test.stepdef.loan.LoanStepDef.loanOutstanding(double)[39m
  [32m✔[39m [32m[1mThen [22mLoan has [1m200[22m overpaid amount[39m                                                                                                                        [90m# org.apache.fineract.test.stepdef.loan.LoanStepDef.loanOverpaid(double)[39m
  [32m✔[39m [32m[1mWhen [22mAdmin makes [1m"MERCHANT_ISSUED_REFUND"[22m transaction with [1m"AUTOPAY"[22m payment type on [1m"19 January 2022"[22m with [1m100[22m EUR transaction amount[39m                   [90m# org.apache.fineract.test.stepdef.loan.LoanStepDef.createTransactionForRefund(java.lang.String,java.lang.String,java.lang.String,double)[39m
  [32m✔[39m [32m[1mThen [22mLoan status will be [1m"OVERPAID"[22m[39m                                                                                                                      [90m# org.apache.fineract.test.stepdef.loan.LoanStepDef.loanStatus(java.lang.String)[39m
  [32m✔[39m [32m[1mThen [22mLoan has [1m0[22m outstanding amount[39m                                                                                                                       [90m# org.apache.fineract.test.stepdef.loan.LoanStepDef.loanOutstanding(double)[39m
  [32m✔[39m [32m[1mThen [22mLoan has [1m300[22m overpaid amount[39m                                                                                                                        [90m# org.apache.fineract.test.stepdef.loan.LoanStepDef.loanOverpaid(double)[39m

@LoanChargeback @TestRailId:C2543
[1mScenario:[22m When charge backs comes in after the loan is closed, before the maturity date                                                                                        [90m# fineract-e2e-tests-runner/src/test/resources/features/LoanChargeback-Part1.feature:276[39m
  [32m✔[39m [32m[1mWhen [22mAdmin sets the business date to [1m"1 January 2023"[22m[39m                                                                                                                      [90m# org.apache.fineract.test.stepdef.common.BusinessDateStepDef.setBusinessDate(java.lang.String)[39m
  [32m✔[39m [32m[1mWhen [22mAdmin creates a client with random data[39m                                                                                                                               [90m# org.apache.fineract.test.stepdef.common.ClientStepDef.createClientRandomFirstNameLastName()[39m
  [32m✔[39m [32m[1mWhen [22mAdmin successfully creates a new customised Loan submitted on date: [1m"1 January 2023"[22m, with Principal: [1m"750"[22m, a loanTermFrequency: [1m3[22m months, and numberOfRepayments: [1m3[22m[39m [90m# org.apache.fineract.test.stepdef.loan.LoanStepDef.createCustomizedLoan(java.lang.String,java.lang.String,java.lang.Integer,java.lang.Integer)[39m
  [32m✔[39m [32m[1mAnd [22mAdmin successfully approves the loan on [1m"1 January 2023"[22m with [1m"750"[22m amount and expected disbursement date on [1m"1 January 2023"[22m[39m                                          [90m# org.apache.fineract.test.stepdef.loan.LoanStepDef.approveLoan(java.lang.String,java.lang.String,java.lang.String)[39m
  [32m✔[39m [32m[1mWhen [22mAdmin successfully disburse the loan on [1m"1 January 2023"[22m with [1m"750"[22m EUR transaction amount[39m                                                                            [90m# org.apache.fineract.test.stepdef.loan.LoanStepDef.disburseLoan(java.lang.String,java.lang.String)[39m
  [32m✔[39m [32m[1mWhen [22mAdmin sets the business date to [1m"1 February 2023"[22m[39m                                                                                                                     [90m# org.apache.fineract.test.stepdef.common.BusinessDateStepDef.setBusinessDate(java.lang.String)[39m
  [32m✔[39m [32m[1mAnd [22mCustomer makes [1m"AUTOPAY"[22m repayment on [1m"1 February 2023"[22m with [1m250[22m EUR transaction amount[39m                                                                                [90m# org.apache.fineract.test.stepdef.loan.LoanRepaymentStepDef.makeLoanRepayment(java.lang.String,java.lang.String,double)[39m
  [32m✔[39m [32m[1mWhen [22mAdmin sets the business date to [1m"1 March 2023"[22m[39m                                                                                                                        [90m# org.apache.fineract.test.stepdef.common.BusinessDateStepDef.setBusinessDate(java.lang.String)[39m
  [32m✔[39m [32m[1mAnd [22mCustomer makes [1m"AUTOPAY"[22m repayment on [1m"1 March 2023"[22m with [1m250[22m EUR transaction amount[39m                                                                                   [90m# org.apache.fineract.test.stepdef.loan.LoanRepaymentStepDef.makeLoanRepayment(java.lang.String,java.lang.String,double)[39m
  [32m✔[39m [32m[1mWhen [22mAdmin sets the business date to [1m"30 March 2023"[22m[39m                                                                                                                       [90m# org.apache.fineract.test.stepdef.common.BusinessDateStepDef.setBusinessDate(java.lang.String)[39m
  [32m✔[39m [32m[1mAnd [22mCustomer makes [1m"AUTOPAY"[22m repayment on [1m"30 March 2023"[22m with [1m250[22m EUR transaction amount[39m                                                                                  [90m# org.apache.fineract.test.stepdef.loan.LoanRepaymentStepDef.makeLoanRepayment(java.lang.String,java.lang.String,double)[39m
  [32m✔[39m [32m[1mAnd [22mAdmin makes [1m"REPAYMENT_ADJUSTMENT_CHARGEBACK"[22m chargeback with [1m250[22m EUR transaction amount for Payment nr. [1m2[22m[39m                                                             [90m# org.apache.fineract.test.stepdef.loan.LoanChargeBackStepDef.makeLoanChargebackForPayment(java.lang.String,double,double)[39m
  [32m✔[39m [32m[1mThen [22mLoan has [1m250[22m outstanding amount[39m                                                                                                                                       [90m# org.apache.fineract.test.stepdef.loan.LoanStepDef.loanOutstanding(double)[39m
  [32m✔[39m [32m[1mThen [22mLoan Repayment schedule has [1m3[22m periods, with the following data for periods:[39m                                                                                           [90m# org.apache.fineract.test.stepdef.loan.LoanStepDef.loanRepaymentSchedulePeriodsCheck(int,io.cucumber.datatable.DataTable)[39m
      | Nr | Days | Date             | Paid date        | Balance of loan | Principal due | Interest | Fees | Penalties | Due   | Paid  | In advance | Late | Outstanding |
      |    |      | 01 January 2023  |                  | 750.0           |               |          | 0.0  |           | 0.0   | 0.0   |            |      |             |
      | 1  | 31   | 01 February 2023 | 01 February 2023 | 500.0           | 250.0         | 0.0      | 0.0  | 0.0       | 250.0 | 250.0 | 0.0        | 0.0  | 0.0         |
      | 2  | 28   | 01 March 2023    | 01 March 2023    | 250.0           | 250.0         | 0.0      | 0.0  | 0.0       | 250.0 | 250.0 | 0.0        | 0.0  | 0.0         |
      | 3  | 31   | 01 April 2023    |                  | 0.0             | 500.0         | 0.0      | 0.0  | 0.0       | 500.0 | 250.0 | 250.0      | 0.0  | 250.0       |
  [32m✔[39m [32m[1mThen [22mLoan Repayment schedule has the following data in Total row:[39m                                                                                                          [90m# org.apache.fineract.test.stepdef.loan.LoanStepDef.loanRepaymentScheduleAmountCheck(io.cucumber.datatable.DataTable)[39m
      | Principal due | Interest | Fees | Penalties | Due  | Paid | In advance | Late | Outstanding |
      | 1000          | 0        | 0    | 0         | 1000 | 750  | 250        | 0    | 250         |
  [32m✔[39m [32m[1mThen [22mLoan Transactions tab has a [1m"DISBURSEMENT"[22m transaction with date [1m"01 January 2023"[22m which has the following Journal entries:[39m                                           [90m# org.apache.fineract.test.stepdef.common.JournalEntriesStepDef.journalEntryDataCheck(java.lang.String,java.lang.String,io.cucumber.datatable.DataTable)[39m
      | Type      | Account code | Account name              | Debit | Credit |
      | ASSET     | 112601       | Loans Receivable          | 750.0 |        |
      | LIABILITY | 145023       | Suspense/Clearing account |       | 750.0  |
  [32m✔[39m [32m[1mThen [22mLoan Transactions tab has a [1m"REPAYMENT"[22m transaction with date [1m"01 February 2023"[22m which has the following Journal entries:[39m                                             [90m# org.apache.fineract.test.stepdef.common.JournalEntriesStepDef.journalEntryDataCheck(java.lang.String,java.lang.String,io.cucumber.datatable.DataTable)[39m
      | Type      | Account code | Account name              | Debit | Credit |
      | ASSET     | 112601       | Loans Receivable          |       | 250.0  |
      | LIABILITY | 145023       | Suspense/Clearing account | 250.0 |        |
  [32m✔[39m [32m[1mThen [22mLoan Transactions tab has a [1m"REPAYMENT"[22m transaction with date [1m"01 March 2023"[22m which has the following Journal entries:[39m                                                [90m# org.apache.fineract.test.stepdef.common.JournalEntriesStepDef.journalEntryDataCheck(java.lang.String,java.lang.String,io.cucumber.datatable.DataTable)[39m
      | Type      | Account code | Account name              | Debit | Credit |
      | ASSET     | 112601       | Loans Receivable          |       | 250.0  |
      | LIABILITY | 145023       | Suspense/Clearing account | 250.0 |        |
  [32m✔[39m [32m[1mThen [22mLoan Transactions tab has a [1m"REPAYMENT"[22m transaction with date [1m"30 March 2023"[22m which has the following Journal entries:[39m                                                [90m# org.apache.fineract.test.stepdef.common.JournalEntriesStepDef.journalEntryDataCheck(java.lang.String,java.lang.String,io.cucumber.datatable.DataTable)[39m
      | Type      | Account code | Account name              | Debit | Credit |
      | ASSET     | 112601       | Loans Receivable          |       | 250.0  |
      | LIABILITY | 145023       | Suspense/Clearing account | 250.0 |        |
  [32m✔[39m [32m[1mThen [22mLoan Transactions tab has a [1m"CHARGEBACK"[22m transaction with date [1m"30 March 2023"[22m which has the following Journal entries:[39m                                               [90m# org.apache.fineract.test.stepdef.common.JournalEntriesStepDef.journalEntryDataCheck(java.lang.String,java.lang.String,io.cucumber.datatable.DataTable)[39m
      | Type      | Account code | Account name              | Debit | Credit |
      | ASSET     | 112601       | Loans Receivable          | 250.0 |        |
      | LIABILITY | 145023       | Suspense/Clearing account |       | 250.0  |

@LoanChargeback @TestRailId:C2544
[1mScenario:[22m When repayment happens again on the charge backs                                                                                                                     [90m# fineract-e2e-tests-runner/src/test/resources/features/LoanChargeback-Part1.feature:321[39m
  [32m✔[39m [32m[1mWhen [22mAdmin sets the business date to [1m"1 January 2023"[22m[39m                                                                                                                      [90m# org.apache.fineract.test.stepdef.common.BusinessDateStepDef.setBusinessDate(java.lang.String)[39m
  [32m✔[39m [32m[1mWhen [22mAdmin creates a client with random data[39m                                                                                                                               [90m# org.apache.fineract.test.stepdef.common.ClientStepDef.createClientRandomFirstNameLastName()[39m
  [32m✔[39m [32m[1mWhen [22mAdmin successfully creates a new customised Loan submitted on date: [1m"1 January 2023"[22m, with Principal: [1m"750"[22m, a loanTermFrequency: [1m3[22m months, and numberOfRepayments: [1m3[22m[39m [90m# org.apache.fineract.test.stepdef.loan.LoanStepDef.createCustomizedLoan(java.lang.String,java.lang.String,java.lang.Integer,java.lang.Integer)[39m
  [32m✔[39m [32m[1mAnd [22mAdmin successfully approves the loan on [1m"1 January 2023"[22m with [1m"750"[22m amount and expected disbursement date on [1m"1 January 2023"[22m[39m                                          [90m# org.apache.fineract.test.stepdef.loan.LoanStepDef.approveLoan(java.lang.String,java.lang.String,java.lang.String)[39m
  [32m✔[39m [32m[1mWhen [22mAdmin successfully disburse the loan on [1m"1 January 2023"[22m with [1m"750"[22m EUR transaction amount[39m                                                                            [90m# org.apache.fineract.test.stepdef.loan.LoanStepDef.disburseLoan(java.lang.String,java.lang.String)[39m
  [32m✔[39m [32m[1mWhen [22mAdmin sets the business date to [1m"1 February 2023"[22m[39m                                                                                                                     [90m# org.apache.fineract.test.stepdef.common.BusinessDateStepDef.setBusinessDate(java.lang.String)[39m
  [32m✔[39m [32m[1mAnd [22mCustomer makes [1m"AUTOPAY"[22m repayment on [1m"1 February 2023"[22m with [1m250[22m EUR transaction amount[39m                                                                                [90m# org.apache.fineract.test.stepdef.loan.LoanRepaymentStepDef.makeLoanRepayment(java.lang.String,java.lang.String,double)[39m
  [32m✔[39m [32m[1mWhen [22mAdmin sets the business date to [1m"1 March 2023"[22m[39m                                                                                                                        [90m# org.apache.fineract.test.stepdef.common.BusinessDateStepDef.setBusinessDate(java.lang.String)[39m
  [32m✔[39m [32m[1mAnd [22mCustomer makes [1m"AUTOPAY"[22m repayment on [1m"1 March 2023"[22m with [1m250[22m EUR transaction amount[39m                                                                                   [90m# org.apache.fineract.test.stepdef.loan.LoanRepaymentStepDef.makeLoanRepayment(java.lang.String,java.lang.String,double)[39m
  [32m✔[39m [32m[1mWhen [22mAdmin sets the business date to [1m"30 March 2023"[22m[39m                                                                                                                       [90m# org.apache.fineract.test.stepdef.common.BusinessDateStepDef.setBusinessDate(java.lang.String)[39m
  [32m✔[39m [32m[1mAnd [22mCustomer makes [1m"AUTOPAY"[22m repayment on [1m"30 March 2023"[22m with [1m250[22m EUR transaction amount[39m                                                                                  [90m# org.apache.fineract.test.stepdef.loan.LoanRepaymentStepDef.makeLoanRepayment(java.lang.String,java.lang.String,double)[39m
  [32m✔[39m [32m[1mAnd [22mAdmin makes [1m"REPAYMENT_ADJUSTMENT_CHARGEBACK"[22m chargeback with [1m250[22m EUR transaction amount for Payment nr. [1m2[22m[39m                                                             [90m# org.apache.fineract.test.stepdef.loan.LoanChargeBackStepDef.makeLoanChargebackForPayment(java.lang.String,double,double)[39m
  [32m✔[39m [32m[1mThen [22mLoan has [1m250[22m outstanding amount[39m                                                                                                                                       [90m# org.apache.fineract.test.stepdef.loan.LoanStepDef.loanOutstanding(double)[39m
  [32m✔[39m [32m[1mWhen [22mAdmin sets the business date to [1m"01 April 2023"[22m[39m                                                                                                                       [90m# org.apache.fineract.test.stepdef.common.BusinessDateStepDef.setBusinessDate(java.lang.String)[39m
  [32m✔[39m [32m[1mAnd [22mCustomer makes [1m"AUTOPAY"[22m repayment on [1m"01 April 2023"[22m with [1m250[22m EUR transaction amount[39m                                                                                  [90m# org.apache.fineract.test.stepdef.loan.LoanRepaymentStepDef.makeLoanRepayment(java.lang.String,java.lang.String,double)[39m
  [32m✔[39m [32m[1mThen [22mLoan has [1m0[22m outstanding amount[39m                                                                                                                                         [90m# org.apache.fineract.test.stepdef.loan.LoanStepDef.loanOutstanding(double)[39m
  [32m✔[39m [32m[1mThen [22mLoan Repayment schedule has [1m3[22m periods, with the following data for periods:[39m                                                                                           [90m# org.apache.fineract.test.stepdef.loan.LoanStepDef.loanRepaymentSchedulePeriodsCheck(int,io.cucumber.datatable.DataTable)[39m
      | Nr | Days | Date             | Paid date        | Balance of loan | Principal due | Interest | Fees | Penalties | Due   | Paid  | In advance | Late | Outstanding |
      |    |      | 01 January 2023  |                  | 750.0           |               |          | 0.0  |           | 0.0   | 0.0   |            |      |             |
      | 1  | 31   | 01 February 2023 | 01 February 2023 | 500.0           | 250.0         | 0.0      | 0.0  | 0.0       | 250.0 | 250.0 | 0.0        | 0.0  | 0.0         |
      | 2  | 28   | 01 March 2023    | 01 March 2023    | 250.0           | 250.0         | 0.0      | 0.0  | 0.0       | 250.0 | 250.0 | 0.0        | 0.0  | 0.0         |
      | 3  | 31   | 01 April 2023    | 01 April 2023    | 0.0             | 500.0         | 0.0      | 0.0  | 0.0       | 500.0 | 500.0 | 250.0      | 0.0  | 0.0         |
  [32m✔[39m [32m[1mThen [22mLoan Repayment schedule has the following data in Total row:[39m                                                                                                          [90m# org.apache.fineract.test.stepdef.loan.LoanStepDef.loanRepaymentScheduleAmountCheck(io.cucumber.datatable.DataTable)[39m
      | Principal due | Interest | Fees | Penalties | Due  | Paid | In advance | Late | Outstanding |
      | 1000          | 0        | 0    | 0         | 1000 | 1000 | 250        | 0    | 0           |
  [32m✔[39m [32m[1mThen [22mLoan Transactions tab has a [1m"DISBURSEMENT"[22m transaction with date [1m"01 January 2023"[22m which has the following Journal entries:[39m                                           [90m# org.apache.fineract.test.stepdef.common.JournalEntriesStepDef.journalEntryDataCheck(java.lang.String,java.lang.String,io.cucumber.datatable.DataTable)[39m
      | Type      | Account code | Account name              | Debit | Credit |
      | ASSET     | 112601       | Loans Receivable          | 750.0 |        |
      | LIABILITY | 145023       | Suspense/Clearing account |       | 750.0  |
  [32m✔[39m [32m[1mThen [22mLoan Transactions tab has a [1m"REPAYMENT"[22m transaction with date [1m"01 February 2023"[22m which has the following Journal entries:[39m                                             [90m# org.apache.fineract.test.stepdef.common.JournalEntriesStepDef.journalEntryDataCheck(java.lang.String,java.lang.String,io.cucumber.datatable.DataTable)[39m
      | Type      | Account code | Account name              | Debit | Credit |
      | ASSET     | 112601       | Loans Receivable          |       | 250.0  |
      | LIABILITY | 145023       | Suspense/Clearing account | 250.0 |        |
  [32m✔[39m [32m[1mThen [22mLoan Transactions tab has a [1m"REPAYMENT"[22m transaction with date [1m"01 March 2023"[22m which has the following Journal entries:[39m                                                [90m# org.apache.fineract.test.stepdef.common.JournalEntriesStepDef.journalEntryDataCheck(java.lang.String,java.lang.String,io.cucumber.datatable.DataTable)[39m
      | Type      | Account code | Account name              | Debit | Credit |
      | ASSET     | 112601       | Loans Receivable          |       | 250.0  |
      | LIABILITY | 145023       | Suspense/Clearing account | 250.0 |        |
  [32m✔[39m [32m[1mThen [22mLoan Transactions tab has a [1m"REPAYMENT"[22m transaction with date [1m"30 March 2023"[22m which has the following Journal entries:[39m                                                [90m# org.apache.fineract.test.stepdef.common.JournalEntriesStepDef.journalEntryDataCheck(java.lang.String,java.lang.String,io.cucumber.datatable.DataTable)[39m
      | Type      | Account code | Account name              | Debit | Credit |
      | ASSET     | 112601       | Loans Receivable          |       | 250.0  |
      | LIABILITY | 145023       | Suspense/Clearing account | 250.0 |        |
  [32m✔[39m [32m[1mThen [22mLoan Transactions tab has a [1m"CHARGEBACK"[22m transaction with date [1m"30 March 2023"[22m which has the following Journal entries:[39m                                               [90m# org.apache.fineract.test.stepdef.common.JournalEntriesStepDef.journalEntryDataCheck(java.lang.String,java.lang.String,io.cucumber.datatable.DataTable)[39m
      | Type      | Account code | Account name              | Debit | Credit |
      | ASSET     | 112601       | Loans Receivable          | 250.0 |        |
      | LIABILITY | 145023       | Suspense/Clearing account |       | 250.0  |
  [32m✔[39m [32m[1mThen [22mLoan Transactions tab has a [1m"REPAYMENT"[22m transaction with date [1m"01 April 2023"[22m which has the following Journal entries:[39m                                                [90m# org.apache.fineract.test.stepdef.common.JournalEntriesStepDef.journalEntryDataCheck(java.lang.String,java.lang.String,io.cucumber.datatable.DataTable)[39m
      | Type      | Account code | Account name              | Debit | Credit |
      | ASSET     | 112601       | Loans Receivable          |       | 250.0  |
      | LIABILITY | 145023       | Suspense/Clearing account | 250.0 |        |

@LoanChargeback @TestRailId:C2545
[1mScenario:[22m When repayment 1 is reversed                                                                                                                                         [90m# fineract-e2e-tests-runner/src/test/resources/features/LoanChargeback-Part1.feature:373[39m
  [32m✔[39m [32m[1mWhen [22mAdmin sets the business date to [1m"1 January 2023"[22m[39m                                                                                                                      [90m# org.apache.fineract.test.stepdef.common.BusinessDateStepDef.setBusinessDate(java.lang.String)[39m
  [32m✔[39m [32m[1mWhen [22mAdmin creates a client with random data[39m                                                                                                                               [90m# org.apache.fineract.test.stepdef.common.ClientStepDef.createClientRandomFirstNameLastName()[39m
  [32m✔[39m [32m[1mWhen [22mAdmin successfully creates a new customised Loan submitted on date: [1m"1 January 2023"[22m, with Principal: [1m"750"[22m, a loanTermFrequency: [1m3[22m months, and numberOfRepayments: [1m3[22m[39m [90m# org.apache.fineract.test.stepdef.loan.LoanStepDef.createCustomizedLoan(java.lang.String,java.lang.String,java.lang.Integer,java.lang.Integer)[39m
  [32m✔[39m [32m[1mAnd [22mAdmin successfully approves the loan on [1m"1 January 2023"[22m with [1m"750"[22m amount and expected disbursement date on [1m"1 January 2023"[22m[39m                                          [90m# org.apache.fineract.test.stepdef.loan.LoanStepDef.approveLoan(java.lang.String,java.lang.String,java.lang.String)[39m
  [32m✔[39m [32m[1mWhen [22mAdmin successfully disburse the loan on [1m"1 January 2023"[22m with [1m"750"[22m EUR transaction amount[39m                                                                            [90m# org.apache.fineract.test.stepdef.loan.LoanStepDef.disburseLoan(java.lang.String,java.lang.String)[39m
  [32m✔[39m [32m[1mWhen [22mAdmin sets the business date to [1m"1 February 2023"[22m[39m                                                                                                                     [90m# org.apache.fineract.test.stepdef.common.BusinessDateStepDef.setBusinessDate(java.lang.String)[39m
  [32m✔[39m [32m[1mAnd [22mCustomer makes [1m"AUTOPAY"[22m repayment on [1m"1 February 2023"[22m with [1m250[22m EUR transaction amount[39m                                                                                [90m# org.apache.fineract.test.stepdef.loan.LoanRepaymentStepDef.makeLoanRepayment(java.lang.String,java.lang.String,double)[39m
  [32m✔[39m [32m[1mWhen [22mAdmin sets the business date to [1m"1 March 2023"[22m[39m                                                                                                                        [90m# org.apache.fineract.test.stepdef.common.BusinessDateStepDef.setBusinessDate(java.lang.String)[39m
  [32m✔[39m [32m[1mAnd [22mCustomer makes [1m"AUTOPAY"[22m repayment on [1m"1 March 2023"[22m with [1m250[22m EUR transaction amount[39m                                                                                   [90m# org.apache.fineract.test.stepdef.loan.LoanRepaymentStepDef.makeLoanRepayment(java.lang.String,java.lang.String,double)[39m
  [32m✔[39m [32m[1mWhen [22mAdmin sets the business date to [1m"30 March 2023"[22m[39m                                                                                                                       [90m# org.apache.fineract.test.stepdef.common.BusinessDateStepDef.setBusinessDate(java.lang.String)[39m
  [32m✔[39m [32m[1mAnd [22mCustomer makes [1m"AUTOPAY"[22m repayment on [1m"30 March 2023"[22m with [1m250[22m EUR transaction amount[39m                                                                                  [90m# org.apache.fineract.test.stepdef.loan.LoanRepaymentStepDef.makeLoanRepayment(java.lang.String,java.lang.String,double)[39m
  [32m✔[39m [32m[1mAnd [22mAdmin makes [1m"REPAYMENT_ADJUSTMENT_CHARGEBACK"[22m chargeback with [1m250[22m EUR transaction amount for Payment nr. [1m2[22m[39m                                                             [90m# org.apache.fineract.test.stepdef.loan.LoanChargeBackStepDef.makeLoanChargebackForPayment(java.lang.String,double,double)[39m
  [32m✔[39m [32m[1mThen [22mLoan has [1m250[22m outstanding amount[39m                                                                                                                                       [90m# org.apache.fineract.test.stepdef.loan.LoanStepDef.loanOutstanding(double)[39m
  [32m✔[39m [32m[1mWhen [22mAdmin sets the business date to [1m"01 April 2023"[22m[39m                                                                                                                       [90m# org.apache.fineract.test.stepdef.common.BusinessDateStepDef.setBusinessDate(java.lang.String)[39m
  [32m✔[39m [32m[1mAnd [22mCustomer makes [1m"AUTOPAY"[22m repayment on [1m"01 April 2023"[22m with [1m250[22m EUR transaction amount[39m                                                                                  [90m# org.apache.fineract.test.stepdef.loan.LoanRepaymentStepDef.makeLoanRepayment(java.lang.String,java.lang.String,double)[39m
  [32m✔[39m [32m[1mThen [22mLoan has [1m0[22m outstanding amount[39m                                                                                                                                         [90m# org.apache.fineract.test.stepdef.loan.LoanStepDef.loanOutstanding(double)[39m
  [32m✔[39m [32m[1mWhen [22mCustomer undo [1m"1"[22mth repayment on [1m"1 February 2023"[22m[39m                                                                                                                    [90m# org.apache.fineract.test.stepdef.loan.LoanRepaymentStepDef.undoNthRepayment(java.lang.String,java.lang.String)[39m
  [32m✔[39m [32m[1mThen [22mLoan Repayment schedule has [1m3[22m periods, with the following data for periods:[39m                                                                                           [90m# org.apache.fineract.test.stepdef.loan.LoanStepDef.loanRepaymentSchedulePeriodsCheck(int,io.cucumber.datatable.DataTable)[39m
      | Nr | Days | Date             | Paid date     | Balance of loan | Principal due | Interest | Fees | Penalties | Due   | Paid  | In advance | Late  | Outstanding |
      |    |      | 01 January 2023  |               | 750.0           |               |          | 0.0  |           | 0.0   | 0.0   |            |       |             |
      | 1  | 31   | 01 February 2023 | 01 March 2023 | 500.0           | 250.0         | 0.0      | 0.0  | 0.0       | 250.0 | 250.0 | 0.0        | 250.0 | 0.0         |
      | 2  | 28   | 01 March 2023    | 30 March 2023 | 250.0           | 250.0         | 0.0      | 0.0  | 0.0       | 250.0 | 250.0 | 0.0        | 250.0 | 0.0         |
      | 3  | 31   | 01 April 2023    |               | 0.0             | 500.0         | 0.0      | 0.0  | 0.0       | 500.0 | 250.0 | 0.0        | 0.0   | 250.0       |
  [32m✔[39m [32m[1mThen [22mLoan Repayment schedule has the following data in Total row:[39m                                                                                                          [90m# org.apache.fineract.test.stepdef.loan.LoanStepDef.loanRepaymentScheduleAmountCheck(io.cucumber.datatable.DataTable)[39m
      | Principal due | Interest | Fees | Penalties | Due  | Paid | In advance | Late | Outstanding |
      | 1000          | 0        | 0    | 0         | 1000 | 750  | 0          | 500  | 250         |
  [32m✔[39m [32m[1mThen [22mLoan Transactions tab has a [1m"DISBURSEMENT"[22m transaction with date [1m"01 January 2023"[22m which has the following Journal entries:[39m                                           [90m# org.apache.fineract.test.stepdef.common.JournalEntriesStepDef.journalEntryDataCheck(java.lang.String,java.lang.String,io.cucumber.datatable.DataTable)[39m
      | Type      | Account code | Account name              | Debit | Credit |
      | ASSET     | 112601       | Loans Receivable          | 750.0 |        |
      | LIABILITY | 145023       | Suspense/Clearing account |       | 750.0  |
  [32m✔[39m [32m[1mThen [22mLoan Transactions tab has a [1m"REPAYMENT"[22m transaction with date [1m"01 February 2023"[22m which has the following Journal entries:[39m                                             [90m# org.apache.fineract.test.stepdef.common.JournalEntriesStepDef.journalEntryDataCheck(java.lang.String,java.lang.String,io.cucumber.datatable.DataTable)[39m
      | Type      | Account code | Account name              | Debit | Credit |
      | ASSET     | 112601       | Loans Receivable          |       | 250.0  |
      | LIABILITY | 145023       | Suspense/Clearing account | 250.0 |        |
      | ASSET     | 112601       | Loans Receivable          | 250.0 |        |
      | LIABILITY | 145023       | Suspense/Clearing account |       | 250.0  |
  [32m✔[39m [32m[1mThen [22mLoan Transactions tab has a [1m"REPAYMENT"[22m transaction with date [1m"01 March 2023"[22m which has the following Journal entries:[39m                                                [90m# org.apache.fineract.test.stepdef.common.JournalEntriesStepDef.journalEntryDataCheck(java.lang.String,java.lang.String,io.cucumber.datatable.DataTable)[39m
      | Type      | Account code | Account name              | Debit | Credit |
      | ASSET     | 112601       | Loans Receivable          |       | 250.0  |
      | LIABILITY | 145023       | Suspense/Clearing account | 250.0 |        |
  [32m✔[39m [32m[1mThen [22mLoan Transactions tab has a [1m"REPAYMENT"[22m transaction with date [1m"30 March 2023"[22m which has the following Journal entries:[39m                                                [90m# org.apache.fineract.test.stepdef.common.JournalEntriesStepDef.journalEntryDataCheck(java.lang.String,java.lang.String,io.cucumber.datatable.DataTable)[39m
      | Type      | Account code | Account name              | Debit | Credit |
      | ASSET     | 112601       | Loans Receivable          |       | 250.0  |
      | LIABILITY | 145023       | Suspense/Clearing account | 250.0 |        |
  [32m✔[39m [32m[1mThen [22mLoan Transactions tab has a [1m"CHARGEBACK"[22m transaction with date [1m"30 March 2023"[22m which has the following Journal entries:[39m                                               [90m# org.apache.fineract.test.stepdef.common.JournalEntriesStepDef.journalEntryDataCheck(java.lang.String,java.lang.String,io.cucumber.datatable.DataTable)[39m
      | Type      | Account code | Account name              | Debit | Credit |
      | ASSET     | 112601       | Loans Receivable          | 250.0 |        |
      | LIABILITY | 145023       | Suspense/Clearing account |       | 250.0  |
  [32m✔[39m [32m[1mThen [22mLoan Transactions tab has a [1m"REPAYMENT"[22m transaction with date [1m"01 April 2023"[22m which has the following Journal entries:[39m                                                [90m# org.apache.fineract.test.stepdef.common.JournalEntriesStepDef.journalEntryDataCheck(java.lang.String,java.lang.String,io.cucumber.datatable.DataTable)[39m
      | Type      | Account code | Account name              | Debit | Credit |
      | ASSET     | 112601       | Loans Receivable          |       | 250.0  |
      | LIABILITY | 145023       | Suspense/Clearing account | 250.0 |        |

@LoanChargeback @TestRailId:C2546
[1mScenario:[22m When 2 repayments are reversed (repayment 1 & 3)                                                                                                                     [90m# fineract-e2e-tests-runner/src/test/resources/features/LoanChargeback-Part1.feature:428[39m
  [32m✔[39m [32m[1mWhen [22mAdmin sets the business date to [1m"1 January 2023"[22m[39m                                                                                                                      [90m# org.apache.fineract.test.stepdef.common.BusinessDateStepDef.setBusinessDate(java.lang.String)[39m
  [32m✔[39m [32m[1mWhen [22mAdmin creates a client with random data[39m                                                                                                                               [90m# org.apache.fineract.test.stepdef.common.ClientStepDef.createClientRandomFirstNameLastName()[39m
  [32m✔[39m [32m[1mWhen [22mAdmin successfully creates a new customised Loan submitted on date: [1m"1 January 2023"[22m, with Principal: [1m"750"[22m, a loanTermFrequency: [1m3[22m months, and numberOfRepayments: [1m3[22m[39m [90m# org.apache.fineract.test.stepdef.loan.LoanStepDef.createCustomizedLoan(java.lang.String,java.lang.String,java.lang.Integer,java.lang.Integer)[39m
  [32m✔[39m [32m[1mAnd [22mAdmin successfully approves the loan on [1m"1 January 2023"[22m with [1m"750"[22m amount and expected disbursement date on [1m"1 January 2023"[22m[39m                                          [90m# org.apache.fineract.test.stepdef.loan.LoanStepDef.approveLoan(java.lang.String,java.lang.String,java.lang.String)[39m
  [32m✔[39m [32m[1mWhen [22mAdmin successfully disburse the loan on [1m"1 January 2023"[22m with [1m"750"[22m EUR transaction amount[39m                                                                            [90m# org.apache.fineract.test.stepdef.loan.LoanStepDef.disburseLoan(java.lang.String,java.lang.String)[39m
  [32m✔[39m [32m[1mWhen [22mAdmin sets the business date to [1m"1 February 2023"[22m[39m                                                                                                                     [90m# org.apache.fineract.test.stepdef.common.BusinessDateStepDef.setBusinessDate(java.lang.String)[39m
  [32m✔[39m [32m[1mAnd [22mCustomer makes [1m"AUTOPAY"[22m repayment on [1m"1 February 2023"[22m with [1m250[22m EUR transaction amount[39m                                                                                [90m# org.apache.fineract.test.stepdef.loan.LoanRepaymentStepDef.makeLoanRepayment(java.lang.String,java.lang.String,double)[39m
  [32m✔[39m [32m[1mWhen [22mAdmin sets the business date to [1m"1 March 2023"[22m[39m                                                                                                                        [90m# org.apache.fineract.test.stepdef.common.BusinessDateStepDef.setBusinessDate(java.lang.String)[39m
  [32m✔[39m [32m[1mAnd [22mCustomer makes [1m"AUTOPAY"[22m repayment on [1m"1 March 2023"[22m with [1m250[22m EUR transaction amount[39m                                                                                   [90m# org.apache.fineract.test.stepdef.loan.LoanRepaymentStepDef.makeLoanRepayment(java.lang.String,java.lang.String,double)[39m
  [32m✔[39m [32m[1mWhen [22mAdmin sets the business date to [1m"30 March 2023"[22m[39m                                                                                                                       [90m# org.apache.fineract.test.stepdef.common.BusinessDateStepDef.setBusinessDate(java.lang.String)[39m
  [32m✔[39m [32m[1mAnd [22mCustomer makes [1m"AUTOPAY"[22m repayment on [1m"30 March 2023"[22m with [1m250[22m EUR transaction amount[39m                                                                                  [90m# org.apache.fineract.test.stepdef.loan.LoanRepaymentStepDef.makeLoanRepayment(java.lang.String,java.lang.String,double)[39m
  [32m✔[39m [32m[1mAnd [22mAdmin makes [1m"REPAYMENT_ADJUSTMENT_CHARGEBACK"[22m chargeback with [1m250[22m EUR transaction amount for Payment nr. [1m2[22m[39m                                                             [90m# org.apache.fineract.test.stepdef.loan.LoanChargeBackStepDef.makeLoanChargebackForPayment(java.lang.String,double,double)[39m
  [32m✔[39m [32m[1mThen [22mLoan has [1m250[22m outstanding amount[39m                                                                                                                                       [90m# org.apache.fineract.test.stepdef.loan.LoanStepDef.loanOutstanding(double)[39m
  [32m✔[39m [32m[1mWhen [22mAdmin sets the business date to [1m"01 April 2023"[22m[39m                                                                                                                       [90m# org.apache.fineract.test.stepdef.common.BusinessDateStepDef.setBusinessDate(java.lang.String)[39m
  [32m✔[39m [32m[1mAnd [22mCustomer makes [1m"AUTOPAY"[22m repayment on [1m"01 April 2023"[22m with [1m250[22m EUR transaction amount[39m                                                                                  [90m# org.apache.fineract.test.stepdef.loan.LoanRepaymentStepDef.makeLoanRepayment(java.lang.String,java.lang.String,double)[39m
  [32m✔[39m [32m[1mThen [22mLoan has [1m0[22m outstanding amount[39m                                                                                                                                         [90m# org.apache.fineract.test.stepdef.loan.LoanStepDef.loanOutstanding(double)[39m
  [32m✔[39m [32m[1mWhen [22mCustomer undo [1m"1"[22mth repayment on [1m"1 February 2023"[22m[39m                                                                                                                    [90m# org.apache.fineract.test.stepdef.loan.LoanRepaymentStepDef.undoNthRepayment(java.lang.String,java.lang.String)[39m
  [32m✔[39m [32m[1mWhen [22mCustomer undo [1m"3"[22mth repayment on [1m"30 March 2023"[22m[39m                                                                                                                      [90m# org.apache.fineract.test.stepdef.loan.LoanRepaymentStepDef.undoNthRepayment(java.lang.String,java.lang.String)[39m
  [32m✔[39m [32m[1mThen [22mLoan Repayment schedule has [1m3[22m periods, with the following data for periods:[39m                                                                                           [90m# org.apache.fineract.test.stepdef.loan.LoanStepDef.loanRepaymentSchedulePeriodsCheck(int,io.cucumber.datatable.DataTable)[39m
      | Nr | Days | Date             | Paid date     | Balance of loan | Principal due | Interest | Fees | Penalties | Due   | Paid  | In advance | Late  | Outstanding |
      |    |      | 01 January 2023  |               | 750.0           |               |          | 0.0  |           | 0.0   | 0.0   |            |       |             |
      | 1  | 31   | 01 February 2023 | 01 March 2023 | 500.0           | 250.0         | 0.0      | 0.0  | 0.0       | 250.0 | 250.0 | 0.0        | 250.0 | 0.0         |
      | 2  | 28   | 01 March 2023    | 01 April 2023 | 250.0           | 250.0         | 0.0      | 0.0  | 0.0       | 250.0 | 250.0 | 0.0        | 250.0 | 0.0         |
      | 3  | 31   | 01 April 2023    |               | 0.0             | 500.0         | 0.0      | 0.0  | 0.0       | 500.0 | 0.0   | 0.0        | 0.0   | 500.0       |
  [32m✔[39m [32m[1mThen [22mLoan Repayment schedule has the following data in Total row:[39m                                                                                                          [90m# org.apache.fineract.test.stepdef.loan.LoanStepDef.loanRepaymentScheduleAmountCheck(io.cucumber.datatable.DataTable)[39m
      | Principal due | Interest | Fees | Penalties | Due  | Paid | In advance | Late | Outstanding |
      | 1000          | 0        | 0    | 0         | 1000 | 500  | 0          | 500  | 500         |
  [32m✔[39m [32m[1mThen [22mLoan Transactions tab has a [1m"DISBURSEMENT"[22m transaction with date [1m"01 January 2023"[22m which has the following Journal entries:[39m                                           [90m# org.apache.fineract.test.stepdef.common.JournalEntriesStepDef.journalEntryDataCheck(java.lang.String,java.lang.String,io.cucumber.datatable.DataTable)[39m
      | Type      | Account code | Account name              | Debit | Credit |
      | ASSET     | 112601       | Loans Receivable          | 750.0 |        |
      | LIABILITY | 145023       | Suspense/Clearing account |       | 750.0  |
  [32m✔[39m [32m[1mThen [22mLoan Transactions tab has a [1m"REPAYMENT"[22m transaction with date [1m"01 February 2023"[22m which has the following Journal entries:[39m                                             [90m# org.apache.fineract.test.stepdef.common.JournalEntriesStepDef.journalEntryDataCheck(java.lang.String,java.lang.String,io.cucumber.datatable.DataTable)[39m
      | Type      | Account code | Account name              | Debit | Credit |
      | ASSET     | 112601       | Loans Receivable          |       | 250.0  |
      | LIABILITY | 145023       | Suspense/Clearing account | 250.0 |        |
      | ASSET     | 112601       | Loans Receivable          | 250.0 |        |
      | LIABILITY | 145023       | Suspense/Clearing account |       | 250.0  |
  [32m✔[39m [32m[1mThen [22mLoan Transactions tab has a [1m"REPAYMENT"[22m transaction with date [1m"01 March 2023"[22m which has the following Journal entries:[39m                                                [90m# org.apache.fineract.test.stepdef.common.JournalEntriesStepDef.journalEntryDataCheck(java.lang.String,java.lang.String,io.cucumber.datatable.DataTable)[39m
      | Type      | Account code | Account name              | Debit | Credit |
      | ASSET     | 112601       | Loans Receivable          |       | 250.0  |
      | LIABILITY | 145023       | Suspense/Clearing account | 250.0 |        |
  [32m✔[39m [32m[1mThen [22mLoan Transactions tab has a [1m"REPAYMENT"[22m transaction with date [1m"30 March 2023"[22m which has the following Journal entries:[39m                                                [90m# org.apache.fineract.test.stepdef.common.JournalEntriesStepDef.journalEntryDataCheck(java.lang.String,java.lang.String,io.cucumber.datatable.DataTable)[39m
      | Type      | Account code | Account name              | Debit | Credit |
      | ASSET     | 112601       | Loans Receivable          |       | 250.0  |
      | LIABILITY | 145023       | Suspense/Clearing account | 250.0 |        |
      | ASSET     | 112601       | Loans Receivable          | 250.0 |        |
      | LIABILITY | 145023       | Suspense/Clearing account |       | 250.0  |
  [32m✔[39m [32m[1mThen [22mLoan Transactions tab has a [1m"CHARGEBACK"[22m transaction with date [1m"30 March 2023"[22m which has the following Journal entries:[39m                                               [90m# org.apache.fineract.test.stepdef.common.JournalEntriesStepDef.journalEntryDataCheck(java.lang.String,java.lang.String,io.cucumber.datatable.DataTable)[39m
      | Type      | Account code | Account name              | Debit | Credit |
      | ASSET     | 112601       | Loans Receivable          | 250.0 |        |
      | LIABILITY | 145023       | Suspense/Clearing account |       | 250.0  |
  [32m✔[39m [32m[1mThen [22mLoan Transactions tab has a [1m"REPAYMENT"[22m transaction with date [1m"01 April 2023"[22m which has the following Journal entries:[39m                                                [90m# org.apache.fineract.test.stepdef.common.JournalEntriesStepDef.journalEntryDataCheck(java.lang.String,java.lang.String,io.cucumber.datatable.DataTable)[39m
      | Type      | Account code | Account name              | Debit | Credit |
      | ASSET     | 112601       | Loans Receivable          |       | 250.0  |
      | LIABILITY | 145023       | Suspense/Clearing account | 250.0 |        |

@LoanChargeback @TestRailId:C2547
[1mScenario:[22m When chargeback happens after the charge addition on maturity date for repayment 01-03-2022                                                                          [90m# fineract-e2e-tests-runner/src/test/resources/features/LoanChargeback-Part1.feature:486[39m
  [32m✔[39m [32m[1mWhen [22mAdmin sets the business date to [1m"1 January 2023"[22m[39m                                                                                                                      [90m# org.apache.fineract.test.stepdef.common.BusinessDateStepDef.setBusinessDate(java.lang.String)[39m
  [32m✔[39m [32m[1mWhen [22mAdmin creates a client with random data[39m                                                                                                                               [90m# org.apache.fineract.test.stepdef.common.ClientStepDef.createClientRandomFirstNameLastName()[39m
  [32m✔[39m [32m[1mWhen [22mAdmin successfully creates a new customised Loan submitted on date: [1m"1 January 2023"[22m, with Principal: [1m"750"[22m, a loanTermFrequency: [1m3[22m months, and numberOfRepayments: [1m3[22m[39m [90m# org.apache.fineract.test.stepdef.loan.LoanStepDef.createCustomizedLoan(java.lang.String,java.lang.String,java.lang.Integer,java.lang.Integer)[39m
  [32m✔[39m [32m[1mAnd [22mAdmin successfully approves the loan on [1m"1 January 2023"[22m with [1m"750"[22m amount and expected disbursement date on [1m"1 January 2023"[22m[39m                                          [90m# org.apache.fineract.test.stepdef.loan.LoanStepDef.approveLoan(java.lang.String,java.lang.String,java.lang.String)[39m
  [32m✔[39m [32m[1mWhen [22mAdmin successfully disburse the loan on [1m"1 January 2023"[22m with [1m"750"[22m EUR transaction amount[39m                                                                            [90m# org.apache.fineract.test.stepdef.loan.LoanStepDef.disburseLoan(java.lang.String,java.lang.String)[39m
  [32m✔[39m [32m[1mWhen [22mAdmin runs inline COB job for Loan[39m                                                                                                                                    [90m# org.apache.fineract.test.stepdef.loan.InlineCOBStepDef.runInlineCOB()[39m
  [32m✔[39m [32m[1mWhen [22mAdmin sets the business date to [1m"1 February 2023"[22m[39m                                                                                                                     [90m# org.apache.fineract.test.stepdef.common.BusinessDateStepDef.setBusinessDate(java.lang.String)[39m
  [32m✔[39m [32m[1mAnd [22mCustomer makes [1m"AUTOPAY"[22m repayment on [1m"1 February 2023"[22m with [1m250[22m EUR transaction amount[39m                                                                                [90m# org.apache.fineract.test.stepdef.loan.LoanRepaymentStepDef.makeLoanRepayment(java.lang.String,java.lang.String,double)[39m
  [32m✔[39m [32m[1mWhen [22mAdmin runs inline COB job for Loan[39m                                                                                                                                    [90m# org.apache.fineract.test.stepdef.loan.InlineCOBStepDef.runInlineCOB()[39m
  [32m✔[39m [32m[1mWhen [22mAdmin sets the business date to [1m"1 March 2023"[22m[39m                                                                                                                        [90m# org.apache.fineract.test.stepdef.common.BusinessDateStepDef.setBusinessDate(java.lang.String)[39m
  [32m✔[39m [32m[1mAnd [22mCustomer makes [1m"AUTOPAY"[22m repayment on [1m"1 March 2023"[22m with [1m250[22m EUR transaction amount[39m                                                                                   [90m# org.apache.fineract.test.stepdef.loan.LoanRepaymentStepDef.makeLoanRepayment(java.lang.String,java.lang.String,double)[39m
  [32m✔[39m [32m[1mWhen [22mAdmin runs inline COB job for Loan[39m                                                                                                                                    [90m# org.apache.fineract.test.stepdef.loan.InlineCOBStepDef.runInlineCOB()[39m
  [32m✔[39m [32m[1mWhen [22mAdmin sets the business date to [1m"30 March 2023"[22m[39m                                                                                                                       [90m# org.apache.fineract.test.stepdef.common.BusinessDateStepDef.setBusinessDate(java.lang.String)[39m
  [32m✔[39m [32m[1mAnd [22mCustomer makes [1m"AUTOPAY"[22m repayment on [1m"30 March 2023"[22m with [1m250[22m EUR transaction amount[39m                                                                                  [90m# org.apache.fineract.test.stepdef.loan.LoanRepaymentStepDef.makeLoanRepayment(java.lang.String,java.lang.String,double)[39m
  [32m✔[39m [32m[1mWhen [22mCustomer undo [1m"3"[22mth repayment on [1m"30 March 2023"[22m[39m                                                                                                                      [90m# org.apache.fineract.test.stepdef.loan.LoanRepaymentStepDef.undoNthRepayment(java.lang.String,java.lang.String)[39m
  [32m✔[39m [32m[1mWhen [22mAdmin adds [1m"LOAN_SNOOZE_FEE"[22m due date charge with [1m"30 March 2023"[22m due date and [1m20[22m EUR transaction amount[39m                                                              [90m# org.apache.fineract.test.stepdef.loan.LoanChargeStepDef.addChargeDueDate(java.lang.String,java.lang.String,double)[39m
  [32m✔[39m [32m[1mWhen [22mAdmin runs inline COB job for Loan[39m                                                                                                                                    [90m# org.apache.fineract.test.stepdef.loan.InlineCOBStepDef.runInlineCOB()[39m
  [32m✔[39m [32m[1mThen [22mLoan has [1m270[22m outstanding amount[39m                                                                                                                                       [90m# org.apache.fineract.test.stepdef.loan.LoanStepDef.loanOutstanding(double)[39m
  [32m✔[39m [32m[1mWhen [22mAdmin sets the business date to [1m"31 March 2023"[22m[39m                                                                                                                       [90m# org.apache.fineract.test.stepdef.common.BusinessDateStepDef.setBusinessDate(java.lang.String)[39m
  [32m✔[39m [32m[1mWhen [22mAdmin runs inline COB job for Loan[39m                                                                                                                                    [90m# org.apache.fineract.test.stepdef.loan.InlineCOBStepDef.runInlineCOB()[39m
  [32m✔[39m [32m[1mWhen [22mAdmin sets the business date to [1m"01 April 2023"[22m[39m                                                                                                                       [90m# org.apache.fineract.test.stepdef.common.BusinessDateStepDef.setBusinessDate(java.lang.String)[39m
  [32m✔[39m [32m[1mAnd [22mCustomer makes [1m"AUTOPAY"[22m repayment on [1m"01 April 2023"[22m with [1m270[22m EUR transaction amount[39m                                                                                  [90m# org.apache.fineract.test.stepdef.loan.LoanRepaymentStepDef.makeLoanRepayment(java.lang.String,java.lang.String,double)[39m
  [32m✔[39m [32m[1mThen [22mLoan has [1m0[22m outstanding amount[39m                                                                                                                                         [90m# org.apache.fineract.test.stepdef.loan.LoanStepDef.loanOutstanding(double)[39m
  [32m✔[39m [32m[1mAnd [22mAdmin makes [1m"REPAYMENT_ADJUSTMENT_CHARGEBACK"[22m chargeback with [1m250[22m EUR transaction amount for Payment nr. [1m2[22m[39m                                                             [90m# org.apache.fineract.test.stepdef.loan.LoanChargeBackStepDef.makeLoanChargebackForPayment(java.lang.String,double,double)[39m
  [32m✔[39m [32m[1mWhen [22mAdmin runs inline COB job for Loan[39m                                                                                                                                    [90m# org.apache.fineract.test.stepdef.loan.InlineCOBStepDef.runInlineCOB()[39m
  [32m✔[39m [32m[1mThen [22mLoan has [1m250[22m outstanding amount[39m                                                                                                                                       [90m# org.apache.fineract.test.stepdef.loan.LoanStepDef.loanOutstanding(double)[39m
  [32m✔[39m [32m[1mThen [22mLoan Repayment schedule has [1m3[22m periods, with the following data for periods:[39m                                                                                           [90m# org.apache.fineract.test.stepdef.loan.LoanStepDef.loanRepaymentSchedulePeriodsCheck(int,io.cucumber.datatable.DataTable)[39m
      | Nr | Days | Date             | Paid date        | Balance of loan | Principal due | Interest | Fees | Penalties | Due   | Paid  | In advance | Late | Outstanding |
      |    |      | 01 January 2023  |                  | 750.0           |               |          | 0.0  |           | 0.0   | 0.0   |            |      |             |
      | 1  | 31   | 01 February 2023 | 01 February 2023 | 500.0           | 250.0         | 0.0      | 0.0  | 0.0       | 250.0 | 250.0 | 0.0        | 0.0  | 0.0         |
      | 2  | 28   | 01 March 2023    | 01 March 2023    | 250.0           | 250.0         | 0.0      | 0.0  | 0.0       | 250.0 | 250.0 | 0.0        | 0.0  | 0.0         |
      | 3  | 31   | 01 April 2023    |                  | 0.0             | 500.0         | 0.0      | 20.0 | 0.0       | 520.0 | 270.0 | 0.0        | 0.0  | 250.0       |
  [32m✔[39m [32m[1mThen [22mLoan Repayment schedule has the following data in Total row:[39m                                                                                                          [90m# org.apache.fineract.test.stepdef.loan.LoanStepDef.loanRepaymentScheduleAmountCheck(io.cucumber.datatable.DataTable)[39m
      | Principal due | Interest | Fees | Penalties | Due  | Paid | In advance | Late | Outstanding |
      | 1000          | 0        | 20   | 0         | 1020 | 770  | 0          | 0    | 250         |
  [32m✔[39m [32m[1mThen [22mLoan Transactions tab has a [1m"DISBURSEMENT"[22m transaction with date [1m"01 January 2023"[22m which has the following Journal entries:[39m                                           [90m# org.apache.fineract.test.stepdef.common.JournalEntriesStepDef.journalEntryDataCheck(java.lang.String,java.lang.String,io.cucumber.datatable.DataTable)[39m
      | Type      | Account code | Account name              | Debit | Credit |
      | ASSET     | 112601       | Loans Receivable          | 750.0 |        |
      | LIABILITY | 145023       | Suspense/Clearing account |       | 750.0  |
  [32m✔[39m [32m[1mThen [22mLoan Transactions tab has a [1m"REPAYMENT"[22m transaction with date [1m"01 February 2023"[22m which has the following Journal entries:[39m                                             [90m# org.apache.fineract.test.stepdef.common.JournalEntriesStepDef.journalEntryDataCheck(java.lang.String,java.lang.String,io.cucumber.datatable.DataTable)[39m
      | Type      | Account code | Account name              | Debit | Credit |
      | ASSET     | 112601       | Loans Receivable          |       | 250.0  |
      | LIABILITY | 145023       | Suspense/Clearing account | 250.0 |        |
  [32m✔[39m [32m[1mThen [22mLoan Transactions tab has a [1m"REPAYMENT"[22m transaction with date [1m"01 March 2023"[22m which has the following Journal entries:[39m                                                [90m# org.apache.fineract.test.stepdef.common.JournalEntriesStepDef.journalEntryDataCheck(java.lang.String,java.lang.String,io.cucumber.datatable.DataTable)[39m
      | Type      | Account code | Account name              | Debit | Credit |
      | ASSET     | 112601       | Loans Receivable          |       | 250.0  |
      | LIABILITY | 145023       | Suspense/Clearing account | 250.0 |        |
  [32m✔[39m [32m[1mThen [22mLoan Transactions tab has a [1m"REPAYMENT"[22m transaction with date [1m"30 March 2023"[22m which has the following Journal entries:[39m                                                [90m# org.apache.fineract.test.stepdef.common.JournalEntriesStepDef.journalEntryDataCheck(java.lang.String,java.lang.String,io.cucumber.datatable.DataTable)[39m
      | Type      | Account code | Account name              | Debit | Credit |
      | ASSET     | 112601       | Loans Receivable          |       | 250.0  |
      | LIABILITY | 145023       | Suspense/Clearing account | 250.0 |        |
      | ASSET     | 112601       | Loans Receivable          | 250.0 |        |
      | LIABILITY | 145023       | Suspense/Clearing account |       | 250.0  |
  [32m✔[39m [32m[1mThen [22mLoan Transactions tab has a [1m"ACCRUAL"[22m transaction with date [1m"30 March 2023"[22m which has the following Journal entries:[39m                                                  [90m# org.apache.fineract.test.stepdef.common.JournalEntriesStepDef.journalEntryDataCheck(java.lang.String,java.lang.String,io.cucumber.datatable.DataTable)[39m
      | Type   | Account code | Account name            | Debit | Credit |
      | ASSET  | 112603       | Interest/Fee Receivable | 20.0  |        |
      | INCOME | 404007       | Fee Income              |       | 20.0   |
  [32m✔[39m [32m[1mThen [22mLoan Transactions tab has a [1m"REPAYMENT"[22m transaction with date [1m"01 April 2023"[22m which has the following Journal entries:[39m                                                [90m# org.apache.fineract.test.stepdef.common.JournalEntriesStepDef.journalEntryDataCheck(java.lang.String,java.lang.String,io.cucumber.datatable.DataTable)[39m
      | Type      | Account code | Account name              | Debit | Credit |
      | ASSET     | 112601       | Loans Receivable          |       | 250.0  |
      | ASSET     | 112603       | Interest/Fee Receivable   |       | 20.0   |
      | LIABILITY | 145023       | Suspense/Clearing account | 270.0 |        |
  [32m✔[39m [32m[1mThen [22mLoan Transactions tab has a [1m"CHARGEBACK"[22m transaction with date [1m"01 April 2023"[22m which has the following Journal entries:[39m                                               [90m# org.apache.fineract.test.stepdef.common.JournalEntriesStepDef.journalEntryDataCheck(java.lang.String,java.lang.String,io.cucumber.datatable.DataTable)[39m
      | Type      | Account code | Account name              | Debit | Credit |
      | ASSET     | 112601       | Loans Receivable          | 250.0 |        |
      | LIABILITY | 145023       | Suspense/Clearing account |       | 250.0  |

@LoanChargeback @TestRailId:C2548
[1mScenario:[22m When chargeback comes in after the loan overpayment-1                                                                                                                [90m# fineract-e2e-tests-runner/src/test/resources/features/LoanChargeback-Part1.feature:555[39m
  [32m✔[39m [32m[1mWhen [22mAdmin sets the business date to [1m"1 January 2023"[22m[39m                                                                                                                      [90m# org.apache.fineract.test.stepdef.common.BusinessDateStepDef.setBusinessDate(java.lang.String)[39m
  [32m✔[39m [32m[1mWhen [22mAdmin creates a client with random data[39m                                                                                                                               [90m# org.apache.fineract.test.stepdef.common.ClientStepDef.createClientRandomFirstNameLastName()[39m
  [32m✔[39m [32m[1mWhen [22mAdmin successfully creates a new customised Loan submitted on date: [1m"1 January 2023"[22m, with Principal: [1m"750"[22m, a loanTermFrequency: [1m3[22m months, and numberOfRepayments: [1m3[22m[39m [90m# org.apache.fineract.test.stepdef.loan.LoanStepDef.createCustomizedLoan(java.lang.String,java.lang.String,java.lang.Integer,java.lang.Integer)[39m
  [32m✔[39m [32m[1mAnd [22mAdmin successfully approves the loan on [1m"1 January 2023"[22m with [1m"750"[22m amount and expected disbursement date on [1m"1 January 2023"[22m[39m                                          [90m# org.apache.fineract.test.stepdef.loan.LoanStepDef.approveLoan(java.lang.String,java.lang.String,java.lang.String)[39m
  [32m✔[39m [32m[1mWhen [22mAdmin successfully disburse the loan on [1m"1 January 2023"[22m with [1m"750"[22m EUR transaction amount[39m                                                                            [90m# org.apache.fineract.test.stepdef.loan.LoanStepDef.disburseLoan(java.lang.String,java.lang.String)[39m
  [32m✔[39m [32m[1mWhen [22mAdmin sets the business date to [1m"1 February 2023"[22m[39m                                                                                                                     [90m# org.apache.fineract.test.stepdef.common.BusinessDateStepDef.setBusinessDate(java.lang.String)[39m
  [32m✔[39m [32m[1mAnd [22mCustomer makes [1m"AUTOPAY"[22m repayment on [1m"1 February 2023"[22m with [1m250[22m EUR transaction amount[39m                                                                                [90m# org.apache.fineract.test.stepdef.loan.LoanRepaymentStepDef.makeLoanRepayment(java.lang.String,java.lang.String,double)[39m
  [32m✔[39m [32m[1mWhen [22mAdmin sets the business date to [1m"1 March 2023"[22m[39m                                                                                                                        [90m# org.apache.fineract.test.stepdef.common.BusinessDateStepDef.setBusinessDate(java.lang.String)[39m
  [32m✔[39m [32m[1mAnd [22mCustomer makes [1m"AUTOPAY"[22m repayment on [1m"1 March 2023"[22m with [1m250[22m EUR transaction amount[39m                                                                                   [90m# org.apache.fineract.test.stepdef.loan.LoanRepaymentStepDef.makeLoanRepayment(java.lang.String,java.lang.String,double)[39m
  [32m✔[39m [32m[1mWhen [22mAdmin sets the business date to [1m"30 March 2023"[22m[39m                                                                                                                       [90m# org.apache.fineract.test.stepdef.common.BusinessDateStepDef.setBusinessDate(java.lang.String)[39m
  [32m✔[39m [32m[1mAnd [22mCustomer makes [1m"AUTOPAY"[22m repayment on [1m"30 March 2023"[22m with [1m500[22m EUR transaction amount[39m                                                                                  [90m# org.apache.fineract.test.stepdef.loan.LoanRepaymentStepDef.makeLoanRepayment(java.lang.String,java.lang.String,double)[39m
  [32m✔[39m [32m[1mThen [22mLoan has [1m0[22m outstanding amount[39m                                                                                                                                         [90m# org.apache.fineract.test.stepdef.loan.LoanStepDef.loanOutstanding(double)[39m
  [32m✔[39m [32m[1mWhen [22mAdmin sets the business date to [1m"01 April 2023"[22m[39m                                                                                                                       [90m# org.apache.fineract.test.stepdef.common.BusinessDateStepDef.setBusinessDate(java.lang.String)[39m
  [32m✔[39m [32m[1mAnd [22mAdmin makes [1m"REPAYMENT_ADJUSTMENT_CHARGEBACK"[22m chargeback with [1m250[22m EUR transaction amount for Payment nr. [1m2[22m[39m                                                             [90m# org.apache.fineract.test.stepdef.loan.LoanChargeBackStepDef.makeLoanChargebackForPayment(java.lang.String,double,double)[39m
  [32m✔[39m [32m[1mThen [22mLoan has [1m0[22m outstanding amount[39m                                                                                                                                         [90m# org.apache.fineract.test.stepdef.loan.LoanStepDef.loanOutstanding(double)[39m
  [32m✔[39m [32m[1mThen [22mLoan Repayment schedule has [1m3[22m periods, with the following data for periods:[39m                                                                                           [90m# org.apache.fineract.test.stepdef.loan.LoanStepDef.loanRepaymentSchedulePeriodsCheck(int,io.cucumber.datatable.DataTable)[39m
      | Nr | Days | Date             | Paid date        | Balance of loan | Principal due | Interest | Fees | Penalties | Due   | Paid  | In advance | Late | Outstanding |
      |    |      | 01 January 2023  |                  | 750.0           |               |          | 0.0  |           | 0.0   | 0.0   |            |      |             |
      | 1  | 31   | 01 February 2023 | 01 February 2023 | 500.0           | 250.0         | 0.0      | 0.0  | 0.0       | 250.0 | 250.0 | 0.0        | 0.0  | 0.0         |
      | 2  | 28   | 01 March 2023    | 01 March 2023    | 250.0           | 250.0         | 0.0      | 0.0  | 0.0       | 250.0 | 250.0 | 0.0        | 0.0  | 0.0         |
      | 3  | 31   | 01 April 2023    | 30 March 2023    | 0.0             | 250.0         | 0.0      | 0.0  | 0.0       | 250.0 | 250.0 | 250.0      | 0.0  | 0.0         |
  [32m✔[39m [32m[1mThen [22mLoan Repayment schedule has the following data in Total row:[39m                                                                                                          [90m# org.apache.fineract.test.stepdef.loan.LoanStepDef.loanRepaymentScheduleAmountCheck(io.cucumber.datatable.DataTable)[39m
      | Principal due | Interest | Fees | Penalties | Due | Paid | In advance | Late | Outstanding |
      | 750           | 0        | 0    | 0         | 750 | 750  | 250        | 0    | 0           |
  [32m✔[39m [32m[1mThen [22mLoan Transactions tab has a [1m"DISBURSEMENT"[22m transaction with date [1m"01 January 2023"[22m which has the following Journal entries:[39m                                           [90m# org.apache.fineract.test.stepdef.common.JournalEntriesStepDef.journalEntryDataCheck(java.lang.String,java.lang.String,io.cucumber.datatable.DataTable)[39m
      | Type      | Account code | Account name              | Debit | Credit |
      | ASSET     | 112601       | Loans Receivable          | 750.0 |        |
      | LIABILITY | 145023       | Suspense/Clearing account |       | 750.0  |
  [32m✔[39m [32m[1mThen [22mLoan Transactions tab has a [1m"REPAYMENT"[22m transaction with date [1m"01 February 2023"[22m which has the following Journal entries:[39m                                             [90m# org.apache.fineract.test.stepdef.common.JournalEntriesStepDef.journalEntryDataCheck(java.lang.String,java.lang.String,io.cucumber.datatable.DataTable)[39m
      | Type      | Account code | Account name              | Debit | Credit |
      | ASSET     | 112601       | Loans Receivable          |       | 250.0  |
      | LIABILITY | 145023       | Suspense/Clearing account | 250.0 |        |
  [32m✔[39m [32m[1mThen [22mLoan Transactions tab has a [1m"REPAYMENT"[22m transaction with date [1m"01 March 2023"[22m which has the following Journal entries:[39m                                                [90m# org.apache.fineract.test.stepdef.common.JournalEntriesStepDef.journalEntryDataCheck(java.lang.String,java.lang.String,io.cucumber.datatable.DataTable)[39m
      | Type      | Account code | Account name              | Debit | Credit |
      | ASSET     | 112601       | Loans Receivable          |       | 250.0  |
      | LIABILITY | 145023       | Suspense/Clearing account | 250.0 |        |
  [32m✔[39m [32m[1mThen [22mLoan Transactions tab has a [1m"REPAYMENT"[22m transaction with date [1m"30 March 2023"[22m which has the following Journal entries:[39m                                                [90m# org.apache.fineract.test.stepdef.common.JournalEntriesStepDef.journalEntryDataCheck(java.lang.String,java.lang.String,io.cucumber.datatable.DataTable)[39m
      | Type      | Account code | Account name              | Debit | Credit |
      | ASSET     | 112601       | Loans Receivable          |       | 250.0  |
      | LIABILITY | l1           | Overpayment account       |       | 250.0  |
      | LIABILITY | 145023       | Suspense/Clearing account | 500.0 |        |
  [32m✔[39m [32m[1mThen [22mLoan Transactions tab has a [1m"CHARGEBACK"[22m transaction with date [1m"01 April 2023"[22m which has the following Journal entries:[39m                                               [90m# org.apache.fineract.test.stepdef.common.JournalEntriesStepDef.journalEntryDataCheck(java.lang.String,java.lang.String,io.cucumber.datatable.DataTable)[39m
      | Type      | Account code | Account name              | Debit | Credit |
      | LIABILITY | l1           | Overpayment account       | 250.0 |        |
      | LIABILITY | 145023       | Suspense/Clearing account |       | 250.0  |

@LoanChargeback @TestRailId:C2549
[1mScenario:[22m When chargeback comes in after the loan overpayment-2                                                                                                                [90m# fineract-e2e-tests-runner/src/test/resources/features/LoanChargeback-Part1.feature:603[39m
  [32m✔[39m [32m[1mWhen [22mAdmin sets the business date to [1m"1 January 2023"[22m[39m                                                                                                                      [90m# org.apache.fineract.test.stepdef.common.BusinessDateStepDef.setBusinessDate(java.lang.String)[39m
  [32m✔[39m [32m[1mWhen [22mAdmin creates a client with random data[39m                                                                                                                               [90m# org.apache.fineract.test.stepdef.common.ClientStepDef.createClientRandomFirstNameLastName()[39m
  [32m✔[39m [32m[1mWhen [22mAdmin successfully creates a new customised Loan submitted on date: [1m"1 January 2023"[22m, with Principal: [1m"750"[22m, a loanTermFrequency: [1m3[22m months, and numberOfRepayments: [1m3[22m[39m [90m# org.apache.fineract.test.stepdef.loan.LoanStepDef.createCustomizedLoan(java.lang.String,java.lang.String,java.lang.Integer,java.lang.Integer)[39m
  [32m✔[39m [32m[1mAnd [22mAdmin successfully approves the loan on [1m"1 January 2023"[22m with [1m"750"[22m amount and expected disbursement date on [1m"1 January 2023"[22m[39m                                          [90m# org.apache.fineract.test.stepdef.loan.LoanStepDef.approveLoan(java.lang.String,java.lang.String,java.lang.String)[39m
  [32m✔[39m [32m[1mWhen [22mAdmin successfully disburse the loan on [1m"1 January 2023"[22m with [1m"750"[22m EUR transaction amount[39m                                                                            [90m# org.apache.fineract.test.stepdef.loan.LoanStepDef.disburseLoan(java.lang.String,java.lang.String)[39m
  [32m✔[39m [32m[1mWhen [22mAdmin sets the business date to [1m"1 February 2023"[22m[39m                                                                                                                     [90m# org.apache.fineract.test.stepdef.common.BusinessDateStepDef.setBusinessDate(java.lang.String)[39m
  [32m✔[39m [32m[1mAnd [22mCustomer makes [1m"AUTOPAY"[22m repayment on [1m"1 February 2023"[22m with [1m150[22m EUR transaction amount[39m                                                                                [90m# org.apache.fineract.test.stepdef.loan.LoanRepaymentStepDef.makeLoanRepayment(java.lang.String,java.lang.String,double)[39m
  [32m✔[39m [32m[1mWhen [22mAdmin sets the business date to [1m"1 March 2023"[22m[39m                                                                                                                        [90m# org.apache.fineract.test.stepdef.common.BusinessDateStepDef.setBusinessDate(java.lang.String)[39m
  [32m✔[39m [32m[1mAnd [22mCustomer makes [1m"AUTOPAY"[22m repayment on [1m"1 March 2023"[22m with [1m350[22m EUR transaction amount[39m                                                                                   [90m# org.apache.fineract.test.stepdef.loan.LoanRepaymentStepDef.makeLoanRepayment(java.lang.String,java.lang.String,double)[39m
  [32m✔[39m [32m[1mWhen [22mAdmin sets the business date to [1m"30 March 2023"[22m[39m                                                                                                                       [90m# org.apache.fineract.test.stepdef.common.BusinessDateStepDef.setBusinessDate(java.lang.String)[39m
  [32m✔[39m [32m[1mAnd [22mCustomer makes [1m"AUTOPAY"[22m repayment on [1m"30 March 2023"[22m with [1m500[22m EUR transaction amount[39m                                                                                  [90m# org.apache.fineract.test.stepdef.loan.LoanRepaymentStepDef.makeLoanRepayment(java.lang.String,java.lang.String,double)[39m
  [32m✔[39m [32m[1mThen [22mLoan has [1m0[22m outstanding amount[39m                                                                                                                                         [90m# org.apache.fineract.test.stepdef.loan.LoanStepDef.loanOutstanding(double)[39m
  [32m✔[39m [32m[1mWhen [22mAdmin sets the business date to [1m"01 April 2023"[22m[39m                                                                                                                       [90m# org.apache.fineract.test.stepdef.common.BusinessDateStepDef.setBusinessDate(java.lang.String)[39m
  [32m✔[39m [32m[1mAnd [22mAdmin makes [1m"REPAYMENT_ADJUSTMENT_CHARGEBACK"[22m chargeback with [1m150[22m EUR transaction amount for Payment nr. [1m1[22m[39m                                                             [90m# org.apache.fineract.test.stepdef.loan.LoanChargeBackStepDef.makeLoanChargebackForPayment(java.lang.String,double,double)[39m
  [32m✔[39m [32m[1mThen [22mLoan has [1m0[22m outstanding amount[39m                                                                                                                                         [90m# org.apache.fineract.test.stepdef.loan.LoanStepDef.loanOutstanding(double)[39m
  [32m✔[39m [32m[1mThen [22mLoan Repayment schedule has [1m3[22m periods, with the following data for periods:[39m                                                                                           [90m# org.apache.fineract.test.stepdef.loan.LoanStepDef.loanRepaymentSchedulePeriodsCheck(int,io.cucumber.datatable.DataTable)[39m
      | Nr | Days | Date             | Paid date     | Balance of loan | Principal due | Interest | Fees | Penalties | Due   | Paid  | In advance | Late  | Outstanding |
      |    |      | 01 January 2023  |               | 750.0           |               |          | 0.0  |           | 0.0   | 0.0   |            |       |             |
      | 1  | 31   | 01 February 2023 | 01 March 2023 | 500.0           | 250.0         | 0.0      | 0.0  | 0.0       | 250.0 | 250.0 | 0.0        | 100.0 | 0.0         |
      | 2  | 28   | 01 March 2023    | 01 March 2023 | 250.0           | 250.0         | 0.0      | 0.0  | 0.0       | 250.0 | 250.0 | 0.0        | 0.0   | 0.0         |
      | 3  | 31   | 01 April 2023    | 30 March 2023 | 0.0             | 250.0         | 0.0      | 0.0  | 0.0       | 250.0 | 250.0 | 250.0      | 0.0   | 0.0         |
  [32m✔[39m [32m[1mThen [22mLoan Repayment schedule has the following data in Total row:[39m                                                                                                          [90m# org.apache.fineract.test.stepdef.loan.LoanStepDef.loanRepaymentScheduleAmountCheck(io.cucumber.datatable.DataTable)[39m
      | Principal due | Interest | Fees | Penalties | Due | Paid | In advance | Late | Outstanding |
      | 750           | 0        | 0    | 0         | 750 | 750  | 250        | 100  | 0           |
  [32m✔[39m [32m[1mThen [22mLoan Transactions tab has a [1m"DISBURSEMENT"[22m transaction with date [1m"01 January 2023"[22m which has the following Journal entries:[39m                                           [90m# org.apache.fineract.test.stepdef.common.JournalEntriesStepDef.journalEntryDataCheck(java.lang.String,java.lang.String,io.cucumber.datatable.DataTable)[39m
      | Type      | Account code | Account name              | Debit | Credit |
      | ASSET     | 112601       | Loans Receivable          | 750.0 |        |
      | LIABILITY | 145023       | Suspense/Clearing account |       | 750.0  |
  [32m✔[39m [32m[1mThen [22mLoan Transactions tab has a [1m"REPAYMENT"[22m transaction with date [1m"01 February 2023"[22m which has the following Journal entries:[39m                                             [90m# org.apache.fineract.test.stepdef.common.JournalEntriesStepDef.journalEntryDataCheck(java.lang.String,java.lang.String,io.cucumber.datatable.DataTable)[39m
      | Type      | Account code | Account name              | Debit | Credit |
      | ASSET     | 112601       | Loans Receivable          |       | 150.0  |
      | LIABILITY | 145023       | Suspense/Clearing account | 150.0 |        |
  [32m✔[39m [32m[1mThen [22mLoan Transactions tab has a [1m"REPAYMENT"[22m transaction with date [1m"01 March 2023"[22m which has the following Journal entries:[39m                                                [90m# org.apache.fineract.test.stepdef.common.JournalEntriesStepDef.journalEntryDataCheck(java.lang.String,java.lang.String,io.cucumber.datatable.DataTable)[39m
      | Type      | Account code | Account name              | Debit | Credit |
      | ASSET     | 112601       | Loans Receivable          |       | 350.0  |
      | LIABILITY | 145023       | Suspense/Clearing account | 350.0 |        |
  [32m✔[39m [32m[1mThen [22mLoan Transactions tab has a [1m"REPAYMENT"[22m transaction with date [1m"30 March 2023"[22m which has the following Journal entries:[39m                                                [90m# org.apache.fineract.test.stepdef.common.JournalEntriesStepDef.journalEntryDataCheck(java.lang.String,java.lang.String,io.cucumber.datatable.DataTable)[39m
      | Type      | Account code | Account name              | Debit | Credit |
      | ASSET     | 112601       | Loans Receivable          |       | 250.0  |
      | LIABILITY | l1           | Overpayment account       |       | 250.0  |
      | LIABILITY | 145023       | Suspense/Clearing account | 500.0 |        |
  [32m✔[39m [32m[1mThen [22mLoan Transactions tab has a [1m"CHARGEBACK"[22m transaction with date [1m"01 April 2023"[22m which has the following Journal entries:[39m                                               [90m# org.apache.fineract.test.stepdef.common.JournalEntriesStepDef.journalEntryDataCheck(java.lang.String,java.lang.String,io.cucumber.datatable.DataTable)[39m
      | Type      | Account code | Account name              | Debit | Credit |
      | LIABILITY | l1           | Overpayment account       | 150.0 |        |
      | LIABILITY | 145023       | Suspense/Clearing account |       | 150.0  |

@LoanChargeback @TestRailId:C2550
[1mScenario:[22m When chargeback comes in after the loan overpayment-3                                                                                                                [90m# fineract-e2e-tests-runner/src/test/resources/features/LoanChargeback-Part1.feature:651[39m
  [32m✔[39m [32m[1mWhen [22mAdmin sets the business date to [1m"1 January 2023"[22m[39m                                                                                                                      [90m# org.apache.fineract.test.stepdef.common.BusinessDateStepDef.setBusinessDate(java.lang.String)[39m
  [32m✔[39m [32m[1mWhen [22mAdmin creates a client with random data[39m                                                                                                                               [90m# org.apache.fineract.test.stepdef.common.ClientStepDef.createClientRandomFirstNameLastName()[39m
  [32m✔[39m [32m[1mWhen [22mAdmin successfully creates a new customised Loan submitted on date: [1m"1 January 2023"[22m, with Principal: [1m"750"[22m, a loanTermFrequency: [1m3[22m months, and numberOfRepayments: [1m3[22m[39m [90m# org.apache.fineract.test.stepdef.loan.LoanStepDef.createCustomizedLoan(java.lang.String,java.lang.String,java.lang.Integer,java.lang.Integer)[39m
  [32m✔[39m [32m[1mAnd [22mAdmin successfully approves the loan on [1m"1 January 2023"[22m with [1m"750"[22m amount and expected disbursement date on [1m"1 January 2023"[22m[39m                                          [90m# org.apache.fineract.test.stepdef.loan.LoanStepDef.approveLoan(java.lang.String,java.lang.String,java.lang.String)[39m
  [32m✔[39m [32m[1mWhen [22mAdmin successfully disburse the loan on [1m"1 January 2023"[22m with [1m"750"[22m EUR transaction amount[39m                                                                            [90m# org.apache.fineract.test.stepdef.loan.LoanStepDef.disburseLoan(java.lang.String,java.lang.String)[39m
  [32m✔[39m [32m[1mWhen [22mAdmin sets the business date to [1m"1 February 2023"[22m[39m                                                                                                                     [90m# org.apache.fineract.test.stepdef.common.BusinessDateStepDef.setBusinessDate(java.lang.String)[39m
  [32m✔[39m [32m[1mAnd [22mCustomer makes [1m"AUTOPAY"[22m repayment on [1m"1 February 2023"[22m with [1m150[22m EUR transaction amount[39m                                                                                [90m# org.apache.fineract.test.stepdef.loan.LoanRepaymentStepDef.makeLoanRepayment(java.lang.String,java.lang.String,double)[39m
  [32m✔[39m [32m[1mWhen [22mAdmin sets the business date to [1m"1 March 2023"[22m[39m                                                                                                                        [90m# org.apache.fineract.test.stepdef.common.BusinessDateStepDef.setBusinessDate(java.lang.String)[39m
  [32m✔[39m [32m[1mAnd [22mCustomer makes [1m"AUTOPAY"[22m repayment on [1m"1 March 2023"[22m with [1m350[22m EUR transaction amount[39m                                                                                   [90m# org.apache.fineract.test.stepdef.loan.LoanRepaymentStepDef.makeLoanRepayment(java.lang.String,java.lang.String,double)[39m
  [32m✔[39m [32m[1mWhen [22mAdmin sets the business date to [1m"30 March 2023"[22m[39m                                                                                                                       [90m# org.apache.fineract.test.stepdef.common.BusinessDateStepDef.setBusinessDate(java.lang.String)[39m
  [32m✔[39m [32m[1mAnd [22mCustomer makes [1m"AUTOPAY"[22m repayment on [1m"30 March 2023"[22m with [1m500[22m EUR transaction amount[39m                                                                                  [90m# org.apache.fineract.test.stepdef.loan.LoanRepaymentStepDef.makeLoanRepayment(java.lang.String,java.lang.String,double)[39m
  [32m✔[39m [32m[1mThen [22mLoan has [1m0[22m outstanding amount[39m                                                                                                                                         [90m# org.apache.fineract.test.stepdef.loan.LoanStepDef.loanOutstanding(double)[39m
  [32m✔[39m [32m[1mWhen [22mAdmin sets the business date to [1m"01 April 2023"[22m[39m                                                                                                                       [90m# org.apache.fineract.test.stepdef.common.BusinessDateStepDef.setBusinessDate(java.lang.String)[39m
  [32m✔[39m [32m[1mAnd [22mAdmin makes [1m"REPAYMENT_ADJUSTMENT_CHARGEBACK"[22m chargeback with [1m350[22m EUR transaction amount for Payment nr. [1m2[22m[39m                                                             [90m# org.apache.fineract.test.stepdef.loan.LoanChargeBackStepDef.makeLoanChargebackForPayment(java.lang.String,double,double)[39m
  [32m✔[39m [32m[1mThen [22mLoan has [1m100[22m outstanding amount[39m                                                                                                                                       [90m# org.apache.fineract.test.stepdef.loan.LoanStepDef.loanOutstanding(double)[39m
  [32m✔[39m [32m[1mThen [22mLoan Repayment schedule has [1m3[22m periods, with the following data for periods:[39m                                                                                           [90m# org.apache.fineract.test.stepdef.loan.LoanStepDef.loanRepaymentSchedulePeriodsCheck(int,io.cucumber.datatable.DataTable)[39m
      | Nr | Days | Date             | Paid date     | Balance of loan | Principal due | Interest | Fees | Penalties | Due   | Paid  | In advance | Late  | Outstanding |
      |    |      | 01 January 2023  |               | 750.0           |               |          | 0.0  |           | 0.0   | 0.0   |            |       |             |
      | 1  | 31   | 01 February 2023 | 01 March 2023 | 500.0           | 250.0         | 0.0      | 0.0  | 0.0       | 250.0 | 250.0 | 0.0        | 100.0 | 0.0         |
      | 2  | 28   | 01 March 2023    | 01 March 2023 | 250.0           | 250.0         | 0.0      | 0.0  | 0.0       | 250.0 | 250.0 | 0.0        | 0.0   | 0.0         |
      | 3  | 31   | 01 April 2023    |               | 0.0             | 600.0         | 0.0      | 0.0  | 0.0       | 600.0 | 500.0 | 250.0      | 0.0   | 100.0       |
  [32m✔[39m [32m[1mThen [22mLoan Repayment schedule has the following data in Total row:[39m                                                                                                          [90m# org.apache.fineract.test.stepdef.loan.LoanStepDef.loanRepaymentScheduleAmountCheck(io.cucumber.datatable.DataTable)[39m
      | Principal due | Interest | Fees | Penalties | Due  | Paid | In advance | Late | Outstanding |
      | 1100          | 0        | 0    | 0         | 1100 | 1000 | 250        | 100  | 100         |
  [32m✔[39m [32m[1mThen [22mLoan Transactions tab has a [1m"DISBURSEMENT"[22m transaction with date [1m"01 January 2023"[22m which has the following Journal entries:[39m                                           [90m# org.apache.fineract.test.stepdef.common.JournalEntriesStepDef.journalEntryDataCheck(java.lang.String,java.lang.String,io.cucumber.datatable.DataTable)[39m
      | Type      | Account code | Account name              | Debit | Credit |
      | ASSET     | 112601       | Loans Receivable          | 750.0 |        |
      | LIABILITY | 145023       | Suspense/Clearing account |       | 750.0  |
  [32m✔[39m [32m[1mThen [22mLoan Transactions tab has a [1m"REPAYMENT"[22m transaction with date [1m"01 February 2023"[22m which has the following Journal entries:[39m                                             [90m# org.apache.fineract.test.stepdef.common.JournalEntriesStepDef.journalEntryDataCheck(java.lang.String,java.lang.String,io.cucumber.datatable.DataTable)[39m
      | Type      | Account code | Account name              | Debit | Credit |
      | ASSET     | 112601       | Loans Receivable          |       | 150.0  |
      | LIABILITY | 145023       | Suspense/Clearing account | 150.0 |        |
  [32m✔[39m [32m[1mThen [22mLoan Transactions tab has a [1m"REPAYMENT"[22m transaction with date [1m"01 March 2023"[22m which has the following Journal entries:[39m                                                [90m# org.apache.fineract.test.stepdef.common.JournalEntriesStepDef.journalEntryDataCheck(java.lang.String,java.lang.String,io.cucumber.datatable.DataTable)[39m
      | Type      | Account code | Account name              | Debit | Credit |
      | ASSET     | 112601       | Loans Receivable          |       | 350.0  |
      | LIABILITY | 145023       | Suspense/Clearing account | 350.0 |        |
  [32m✔[39m [32m[1mThen [22mLoan Transactions tab has a [1m"REPAYMENT"[22m transaction with date [1m"30 March 2023"[22m which has the following Journal entries:[39m                                                [90m# org.apache.fineract.test.stepdef.common.JournalEntriesStepDef.journalEntryDataCheck(java.lang.String,java.lang.String,io.cucumber.datatable.DataTable)[39m
      | Type      | Account code | Account name              | Debit | Credit |
      | ASSET     | 112601       | Loans Receivable          |       | 250.0  |
      | LIABILITY | l1           | Overpayment account       |       | 250.0  |
      | LIABILITY | 145023       | Suspense/Clearing account | 500.0 |        |
  [32m✔[39m [32m[1mThen [22mLoan Transactions tab has a [1m"CHARGEBACK"[22m transaction with date [1m"01 April 2023"[22m which has the following Journal entries:[39m                                               [90m# org.apache.fineract.test.stepdef.common.JournalEntriesStepDef.journalEntryDataCheck(java.lang.String,java.lang.String,io.cucumber.datatable.DataTable)[39m
      | Type      | Account code | Account name              | Debit | Credit |
      | ASSET     | 112601       | Loans Receivable          | 100.0 |        |
      | LIABILITY | 145023       | Suspense/Clearing account |       | 350.0  |
      | LIABILITY | l1           | Overpayment account       | 250.0 |        |

@LoanChargeback @TestRailId:C2551
[1mScenario:[22m When chargeback comes in after the loan overpayment-4 with reverse and replay                                                                                        [90m# fineract-e2e-tests-runner/src/test/resources/features/LoanChargeback-Part1.feature:700[39m
  [32m✔[39m [32m[1mWhen [22mAdmin sets the business date to [1m"1 January 2023"[22m[39m                                                                                                                      [90m# org.apache.fineract.test.stepdef.common.BusinessDateStepDef.setBusinessDate(java.lang.String)[39m
  [32m✔[39m [32m[1mWhen [22mAdmin creates a client with random data[39m                                                                                                                               [90m# org.apache.fineract.test.stepdef.common.ClientStepDef.createClientRandomFirstNameLastName()[39m
  [32m✔[39m [32m[1mWhen [22mAdmin successfully creates a new customised Loan submitted on date: [1m"1 January 2023"[22m, with Principal: [1m"750"[22m, a loanTermFrequency: [1m3[22m months, and numberOfRepayments: [1m3[22m[39m [90m# org.apache.fineract.test.stepdef.loan.LoanStepDef.createCustomizedLoan(java.lang.String,java.lang.String,java.lang.Integer,java.lang.Integer)[39m
  [32m✔[39m [32m[1mAnd [22mAdmin successfully approves the loan on [1m"1 January 2023"[22m with [1m"750"[22m amount and expected disbursement date on [1m"1 January 2023"[22m[39m                                          [90m# org.apache.fineract.test.stepdef.loan.LoanStepDef.approveLoan(java.lang.String,java.lang.String,java.lang.String)[39m
  [32m✔[39m [32m[1mWhen [22mAdmin successfully disburse the loan on [1m"1 January 2023"[22m with [1m"750"[22m EUR transaction amount[39m                                                                            [90m# org.apache.fineract.test.stepdef.loan.LoanStepDef.disburseLoan(java.lang.String,java.lang.String)[39m
  [32m✔[39m [32m[1mWhen [22mAdmin sets the business date to [1m"1 February 2023"[22m[39m                                                                                                                     [90m# org.apache.fineract.test.stepdef.common.BusinessDateStepDef.setBusinessDate(java.lang.String)[39m
  [32m✔[39m [32m[1mAnd [22mCustomer makes [1m"AUTOPAY"[22m repayment on [1m"1 February 2023"[22m with [1m150[22m EUR transaction amount[39m                                                                                [90m# org.apache.fineract.test.stepdef.loan.LoanRepaymentStepDef.makeLoanRepayment(java.lang.String,java.lang.String,double)[39m
  [32m✔[39m [32m[1mWhen [22mAdmin sets the business date to [1m"1 March 2023"[22m[39m                                                                                                                        [90m# org.apache.fineract.test.stepdef.common.BusinessDateStepDef.setBusinessDate(java.lang.String)[39m
  [32m✔[39m [32m[1mAnd [22mCustomer makes [1m"AUTOPAY"[22m repayment on [1m"1 March 2023"[22m with [1m350[22m EUR transaction amount[39m                                                                                   [90m# org.apache.fineract.test.stepdef.loan.LoanRepaymentStepDef.makeLoanRepayment(java.lang.String,java.lang.String,double)[39m
  [32m✔[39m [32m[1mWhen [22mAdmin sets the business date to [1m"30 March 2023"[22m[39m                                                                                                                       [90m# org.apache.fineract.test.stepdef.common.BusinessDateStepDef.setBusinessDate(java.lang.String)[39m
  [32m✔[39m [32m[1mAnd [22mCustomer makes [1m"AUTOPAY"[22m repayment on [1m"30 March 2023"[22m with [1m500[22m EUR transaction amount[39m                                                                                  [90m# org.apache.fineract.test.stepdef.loan.LoanRepaymentStepDef.makeLoanRepayment(java.lang.String,java.lang.String,double)[39m
  [32m✔[39m [32m[1mThen [22mLoan has [1m0[22m outstanding amount[39m                                                                                                                                         [90m# org.apache.fineract.test.stepdef.loan.LoanStepDef.loanOutstanding(double)[39m
  [32m✔[39m [32m[1mWhen [22mAdmin sets the business date to [1m"01 April 2023"[22m[39m                                                                                                                       [90m# org.apache.fineract.test.stepdef.common.BusinessDateStepDef.setBusinessDate(java.lang.String)[39m
  [32m✔[39m [32m[1mAnd [22mAdmin makes [1m"REPAYMENT_ADJUSTMENT_CHARGEBACK"[22m chargeback with [1m350[22m EUR transaction amount for Payment nr. [1m2[22m[39m                                                             [90m# org.apache.fineract.test.stepdef.loan.LoanChargeBackStepDef.makeLoanChargebackForPayment(java.lang.String,double,double)[39m
  [32m✔[39m [32m[1mThen [22mLoan has [1m100[22m outstanding amount[39m                                                                                                                                       [90m# org.apache.fineract.test.stepdef.loan.LoanStepDef.loanOutstanding(double)[39m
  [32m✔[39m [32m[1mWhen [22mCustomer undo [1m"1"[22mth repayment on [1m"01 February 2023"[22m[39m                                                                                                                   [90m# org.apache.fineract.test.stepdef.loan.LoanRepaymentStepDef.undoNthRepayment(java.lang.String,java.lang.String)[39m
  [32m✔[39m [32m[1mThen [22mLoan has [1m250[22m outstanding amount[39m                                                                                                                                       [90m# org.apache.fineract.test.stepdef.loan.LoanStepDef.loanOutstanding(double)[39m
  [32m✔[39m [32m[1mThen [22mLoan Repayment schedule has [1m3[22m periods, with the following data for periods:[39m                                                                                           [90m# org.apache.fineract.test.stepdef.loan.LoanStepDef.loanRepaymentSchedulePeriodsCheck(int,io.cucumber.datatable.DataTable)[39m
      | Nr | Days | Date             | Paid date     | Balance of loan | Principal due | Interest | Fees | Penalties | Due   | Paid  | In advance | Late  | Outstanding |
      |    |      | 01 January 2023  |               | 750.0           |               |          | 0.0  |           | 0.0   | 0.0   |            |       |             |
      | 1  | 31   | 01 February 2023 | 01 March 2023 | 500.0           | 250.0         | 0.0      | 0.0  | 0.0       | 250.0 | 250.0 | 0.0        | 250.0 | 0.0         |
      | 2  | 28   | 01 March 2023    | 30 March 2023 | 250.0           | 250.0         | 0.0      | 0.0  | 0.0       | 250.0 | 250.0 | 0.0        | 150.0 | 0.0         |
      | 3  | 31   | 01 April 2023    |               | 0.0             | 600.0         | 0.0      | 0.0  | 0.0       | 600.0 | 350.0 | 250.0      | 0.0   | 250.0       |
  [32m✔[39m [32m[1mThen [22mLoan Repayment schedule has the following data in Total row:[39m                                                                                                          [90m# org.apache.fineract.test.stepdef.loan.LoanStepDef.loanRepaymentScheduleAmountCheck(io.cucumber.datatable.DataTable)[39m
      | Principal due | Interest | Fees | Penalties | Due  | Paid | In advance | Late | Outstanding |
      | 1100          | 0        | 0    | 0         | 1100 | 850  | 250        | 400  | 250         |
  [32m✔[39m [32m[1mThen [22mLoan Transactions tab has a [1m"DISBURSEMENT"[22m transaction with date [1m"01 January 2023"[22m which has the following Journal entries:[39m                                           [90m# org.apache.fineract.test.stepdef.common.JournalEntriesStepDef.journalEntryDataCheck(java.lang.String,java.lang.String,io.cucumber.datatable.DataTable)[39m
      | Type      | Account code | Account name              | Debit | Credit |
      | ASSET     | 112601       | Loans Receivable          | 750.0 |        |
      | LIABILITY | 145023       | Suspense/Clearing account |       | 750.0  |
  [32m✔[39m [32m[1mThen [22mLoan Transactions tab has a [1m"REPAYMENT"[22m transaction with date [1m"01 February 2023"[22m which has the following Journal entries:[39m                                             [90m# org.apache.fineract.test.stepdef.common.JournalEntriesStepDef.journalEntryDataCheck(java.lang.String,java.lang.String,io.cucumber.datatable.DataTable)[39m
      | Type      | Account code | Account name              | Debit | Credit |
      | ASSET     | 112601       | Loans Receivable          |       | 150.0  |
      | LIABILITY | 145023       | Suspense/Clearing account | 150.0 |        |
      | ASSET     | 112601       | Loans Receivable          | 150.0 |        |
      | LIABILITY | 145023       | Suspense/Clearing account |       | 150.0  |
  [32m✔[39m [32m[1mThen [22mLoan Transactions tab has a [1m"REPAYMENT"[22m transaction with date [1m"01 March 2023"[22m which has the following Journal entries:[39m                                                [90m# org.apache.fineract.test.stepdef.common.JournalEntriesStepDef.journalEntryDataCheck(java.lang.String,java.lang.String,io.cucumber.datatable.DataTable)[39m
      | Type      | Account code | Account name              | Debit | Credit |
      | ASSET     | 112601       | Loans Receivable          |       | 350.0  |
      | LIABILITY | 145023       | Suspense/Clearing account | 350.0 |        |
  [32m✔[39m [32m[1mThen [22mLoan Transactions tab has a [1m"REPAYMENT"[22m transaction with date [1m"30 March 2023"[22m which has the following Journal entries:[39m                                                [90m# org.apache.fineract.test.stepdef.common.JournalEntriesStepDef.journalEntryDataCheck(java.lang.String,java.lang.String,io.cucumber.datatable.DataTable)[39m
      | Type      | Account code | Account name              | Debit | Credit |
      | ASSET     | 112601       | Loans Receivable          |       | 400.0  |
      | LIABILITY | l1           | Overpayment account       |       | 100.0  |
      | LIABILITY | 145023       | Suspense/Clearing account | 500.0 |        |
  [32m✔[39m [32m[1mThen [22mLoan Transactions tab has a [1m"CHARGEBACK"[22m transaction with date [1m"01 April 2023"[22m which has the following Journal entries:[39m                                               [90m# org.apache.fineract.test.stepdef.common.JournalEntriesStepDef.journalEntryDataCheck(java.lang.String,java.lang.String,io.cucumber.datatable.DataTable)[39m
      | Type      | Account code | Account name              | Debit | Credit |
      | ASSET     | 112601       | Loans Receivable          | 250.0 |        |
      | LIABILITY | 145023       | Suspense/Clearing account |       | 350.0  |
      | LIABILITY | l1           | Overpayment account       | 100.0 |        |

@LoanChargeback @TestRailId:C2608
[1mScenario:[22m When charge backs comes in after the loan is closed for the repayment 01-03-2022 (after maturity)                                                                    [90m# fineract-e2e-tests-runner/src/test/resources/features/LoanChargeback-Part1.feature:753[39m
  [32m✔[39m [32m[1mWhen [22mAdmin sets the business date to [1m"1 January 2023"[22m[39m                                                                                                                      [90m# org.apache.fineract.test.stepdef.common.BusinessDateStepDef.setBusinessDate(java.lang.String)[39m
  [32m✔[39m [32m[1mWhen [22mAdmin creates a client with random data[39m                                                                                                                               [90m# org.apache.fineract.test.stepdef.common.ClientStepDef.createClientRandomFirstNameLastName()[39m
  [32m✔[39m [32m[1mWhen [22mAdmin successfully creates a new customised Loan submitted on date: [1m"1 January 2023"[22m, with Principal: [1m"750"[22m, a loanTermFrequency: [1m3[22m months, and numberOfRepayments: [1m3[22m[39m [90m# org.apache.fineract.test.stepdef.loan.LoanStepDef.createCustomizedLoan(java.lang.String,java.lang.String,java.lang.Integer,java.lang.Integer)[39m
  [32m✔[39m [32m[1mAnd [22mAdmin successfully approves the loan on [1m"1 January 2023"[22m with [1m"750"[22m amount and expected disbursement date on [1m"1 January 2023"[22m[39m                                          [90m# org.apache.fineract.test.stepdef.loan.LoanStepDef.approveLoan(java.lang.String,java.lang.String,java.lang.String)[39m
  [32m✔[39m [32m[1mWhen [22mAdmin successfully disburse the loan on [1m"1 January 2023"[22m with [1m"750"[22m EUR transaction amount[39m                                                                            [90m# org.apache.fineract.test.stepdef.loan.LoanStepDef.disburseLoan(java.lang.String,java.lang.String)[39m
  [32m✔[39m [32m[1mWhen [22mAdmin sets the business date to [1m"1 February 2023"[22m[39m                                                                                                                     [90m# org.apache.fineract.test.stepdef.common.BusinessDateStepDef.setBusinessDate(java.lang.String)[39m
  [32m✔[39m [32m[1mAnd [22mCustomer makes [1m"AUTOPAY"[22m repayment on [1m"1 February 2023"[22m with [1m250[22m EUR transaction amount[39m                                                                                [90m# org.apache.fineract.test.stepdef.loan.LoanRepaymentStepDef.makeLoanRepayment(java.lang.String,java.lang.String,double)[39m
  [32m✔[39m [32m[1mWhen [22mAdmin sets the business date to [1m"1 March 2023"[22m[39m                                                                                                                        [90m# org.apache.fineract.test.stepdef.common.BusinessDateStepDef.setBusinessDate(java.lang.String)[39m
  [32m✔[39m [32m[1mAnd [22mCustomer makes [1m"AUTOPAY"[22m repayment on [1m"1 March 2023"[22m with [1m250[22m EUR transaction amount[39m                                                                                   [90m# org.apache.fineract.test.stepdef.loan.LoanRepaymentStepDef.makeLoanRepayment(java.lang.String,java.lang.String,double)[39m
  [32m✔[39m [32m[1mWhen [22mAdmin sets the business date to [1m"1 April 2023"[22m[39m                                                                                                                        [90m# org.apache.fineract.test.stepdef.common.BusinessDateStepDef.setBusinessDate(java.lang.String)[39m
  [32m✔[39m [32m[1mAnd [22mCustomer makes [1m"AUTOPAY"[22m repayment on [1m"1 April 2023"[22m with [1m250[22m EUR transaction amount[39m                                                                                   [90m# org.apache.fineract.test.stepdef.loan.LoanRepaymentStepDef.makeLoanRepayment(java.lang.String,java.lang.String,double)[39m
  [32m✔[39m [32m[1mWhen [22mAdmin sets the business date to [1m"25 April 2023"[22m[39m                                                                                                                       [90m# org.apache.fineract.test.stepdef.common.BusinessDateStepDef.setBusinessDate(java.lang.String)[39m
  [32m✔[39m [32m[1mAnd [22mAdmin makes [1m"REPAYMENT_ADJUSTMENT_CHARGEBACK"[22m chargeback with [1m250[22m EUR transaction amount for Payment nr. [1m2[22m[39m                                                             [90m# org.apache.fineract.test.stepdef.loan.LoanChargeBackStepDef.makeLoanChargebackForPayment(java.lang.String,double,double)[39m
  [32m✔[39m [32m[1mThen [22mLoan has [1m250[22m outstanding amount[39m                                                                                                                                       [90m# org.apache.fineract.test.stepdef.loan.LoanStepDef.loanOutstanding(double)[39m
  [32m✔[39m [32m[1mThen [22mLoan Repayment schedule has [1m4[22m periods, with the following data for periods:[39m                                                                                           [90m# org.apache.fineract.test.stepdef.loan.LoanStepDef.loanRepaymentSchedulePeriodsCheck(int,io.cucumber.datatable.DataTable)[39m
      | Nr | Days | Date             | Paid date        | Balance of loan | Principal due | Interest | Fees | Penalties | Due   | Paid  | In advance | Late | Outstanding |
      |    |      | 01 January 2023  |                  | 750.0           |               |          | 0.0  |           | 0.0   | 0.0   |            |      |             |
      | 1  | 31   | 01 February 2023 | 01 February 2023 | 500.0           | 250.0         | 0.0      | 0.0  | 0.0       | 250.0 | 250.0 | 0.0        | 0.0  | 0.0         |
      | 2  | 28   | 01 March 2023    | 01 March 2023    | 250.0           | 250.0         | 0.0      | 0.0  | 0.0       | 250.0 | 250.0 | 0.0        | 0.0  | 0.0         |
      | 3  | 31   | 01 April 2023    | 01 April 2023    | 0.0             | 250.0         | 0.0      | 0.0  | 0.0       | 250.0 | 250.0 | 0.0        | 0.0  | 0.0         |
      | 4  | 24   | 25 April 2023    |                  | 0.0             | 250.0         | 0.0      | 0.0  | 0.0       | 250.0 | 0.0   | 0.0        | 0.0  | 250.0       |
  [32m✔[39m [32m[1mThen [22mLoan Repayment schedule has the following data in Total row:[39m                                                                                                          [90m# org.apache.fineract.test.stepdef.loan.LoanStepDef.loanRepaymentScheduleAmountCheck(io.cucumber.datatable.DataTable)[39m
      | Principal due | Interest | Fees | Penalties | Due  | Paid | In advance | Late | Outstanding |
      | 1000          | 0        | 0    | 0         | 1000 | 750  | 0          | 0    | 250         |
  [32m✔[39m [32m[1mThen [22mLoan Transactions tab has a [1m"DISBURSEMENT"[22m transaction with date [1m"01 January 2023"[22m which has the following Journal entries:[39m                                           [90m# org.apache.fineract.test.stepdef.common.JournalEntriesStepDef.journalEntryDataCheck(java.lang.String,java.lang.String,io.cucumber.datatable.DataTable)[39m
      | Type      | Account code | Account name              | Debit | Credit |
      | ASSET     | 112601       | Loans Receivable          | 750.0 |        |
      | LIABILITY | 145023       | Suspense/Clearing account |       | 750.0  |
  [32m✔[39m [32m[1mThen [22mLoan Transactions tab has a [1m"REPAYMENT"[22m transaction with date [1m"01 February 2023"[22m which has the following Journal entries:[39m                                             [90m# org.apache.fineract.test.stepdef.common.JournalEntriesStepDef.journalEntryDataCheck(java.lang.String,java.lang.String,io.cucumber.datatable.DataTable)[39m
      | Type      | Account code | Account name              | Debit | Credit |
      | ASSET     | 112601       | Loans Receivable          |       | 250.0  |
      | LIABILITY | 145023       | Suspense/Clearing account | 250.0 |        |
  [32m✔[39m [32m[1mThen [22mLoan Transactions tab has a [1m"REPAYMENT"[22m transaction with date [1m"01 March 2023"[22m which has the following Journal entries:[39m                                                [90m# org.apache.fineract.test.stepdef.common.JournalEntriesStepDef.journalEntryDataCheck(java.lang.String,java.lang.String,io.cucumber.datatable.DataTable)[39m
      | Type      | Account code | Account name              | Debit | Credit |
      | ASSET     | 112601       | Loans Receivable          |       | 250.0  |
      | LIABILITY | 145023       | Suspense/Clearing account | 250.0 |        |
  [32m✔[39m [32m[1mThen [22mLoan Transactions tab has a [1m"REPAYMENT"[22m transaction with date [1m"01 April 2023"[22m which has the following Journal entries:[39m                                                [90m# org.apache.fineract.test.stepdef.common.JournalEntriesStepDef.journalEntryDataCheck(java.lang.String,java.lang.String,io.cucumber.datatable.DataTable)[39m
      | Type      | Account code | Account name              | Debit | Credit |
      | ASSET     | 112601       | Loans Receivable          |       | 250.0  |
      | LIABILITY | 145023       | Suspense/Clearing account | 250.0 |        |
  [32m✔[39m [32m[1mThen [22mLoan Transactions tab has a [1m"CHARGEBACK"[22m transaction with date [1m"25 April 2023"[22m which has the following Journal entries:[39m                                               [90m# org.apache.fineract.test.stepdef.common.JournalEntriesStepDef.journalEntryDataCheck(java.lang.String,java.lang.String,io.cucumber.datatable.DataTable)[39m
      | Type      | Account code | Account name              | Debit | Credit |
      | ASSET     | 112601       | Loans Receivable          | 250.0 |        |
      | LIABILITY | 145023       | Suspense/Clearing account |       | 250.0  |

@LoanChargeback @TestRailId:C2609
[1mScenario:[22m When repayment happens again on the charge backs (after maturity)                                                                                                    [90m# fineract-e2e-tests-runner/src/test/resources/features/LoanChargeback-Part1.feature:800[39m
  [32m✔[39m [32m[1mWhen [22mAdmin sets the business date to [1m"1 January 2023"[22m[39m                                                                                                                      [90m# org.apache.fineract.test.stepdef.common.BusinessDateStepDef.setBusinessDate(java.lang.String)[39m
  [32m✔[39m [32m[1mWhen [22mAdmin creates a client with random data[39m                                                                                                                               [90m# org.apache.fineract.test.stepdef.common.ClientStepDef.createClientRandomFirstNameLastName()[39m
  [32m✔[39m [32m[1mWhen [22mAdmin successfully creates a new customised Loan submitted on date: [1m"1 January 2023"[22m, with Principal: [1m"750"[22m, a loanTermFrequency: [1m3[22m months, and numberOfRepayments: [1m3[22m[39m [90m# org.apache.fineract.test.stepdef.loan.LoanStepDef.createCustomizedLoan(java.lang.String,java.lang.String,java.lang.Integer,java.lang.Integer)[39m
  [32m✔[39m [32m[1mAnd [22mAdmin successfully approves the loan on [1m"1 January 2023"[22m with [1m"750"[22m amount and expected disbursement date on [1m"1 January 2023"[22m[39m                                          [90m# org.apache.fineract.test.stepdef.loan.LoanStepDef.approveLoan(java.lang.String,java.lang.String,java.lang.String)[39m
  [32m✔[39m [32m[1mWhen [22mAdmin successfully disburse the loan on [1m"1 January 2023"[22m with [1m"750"[22m EUR transaction amount[39m                                                                            [90m# org.apache.fineract.test.stepdef.loan.LoanStepDef.disburseLoan(java.lang.String,java.lang.String)[39m
  [32m✔[39m [32m[1mWhen [22mAdmin sets the business date to [1m"1 February 2023"[22m[39m                                                                                                                     [90m# org.apache.fineract.test.stepdef.common.BusinessDateStepDef.setBusinessDate(java.lang.String)[39m
  [32m✔[39m [32m[1mAnd [22mCustomer makes [1m"AUTOPAY"[22m repayment on [1m"1 February 2023"[22m with [1m250[22m EUR transaction amount[39m                                                                                [90m# org.apache.fineract.test.stepdef.loan.LoanRepaymentStepDef.makeLoanRepayment(java.lang.String,java.lang.String,double)[39m
  [32m✔[39m [32m[1mWhen [22mAdmin sets the business date to [1m"1 March 2023"[22m[39m                                                                                                                        [90m# org.apache.fineract.test.stepdef.common.BusinessDateStepDef.setBusinessDate(java.lang.String)[39m
  [32m✔[39m [32m[1mAnd [22mCustomer makes [1m"AUTOPAY"[22m repayment on [1m"1 March 2023"[22m with [1m250[22m EUR transaction amount[39m                                                                                   [90m# org.apache.fineract.test.stepdef.loan.LoanRepaymentStepDef.makeLoanRepayment(java.lang.String,java.lang.String,double)[39m
  [32m✔[39m [32m[1mWhen [22mAdmin sets the business date to [1m"1 April 2023"[22m[39m                                                                                                                        [90m# org.apache.fineract.test.stepdef.common.BusinessDateStepDef.setBusinessDate(java.lang.String)[39m
  [32m✔[39m [32m[1mAnd [22mCustomer makes [1m"AUTOPAY"[22m repayment on [1m"1 April 2023"[22m with [1m250[22m EUR transaction amount[39m                                                                                   [90m# org.apache.fineract.test.stepdef.loan.LoanRepaymentStepDef.makeLoanRepayment(java.lang.String,java.lang.String,double)[39m
  [32m✔[39m [32m[1mWhen [22mAdmin sets the business date to [1m"25 April 2023"[22m[39m                                                                                                                       [90m# org.apache.fineract.test.stepdef.common.BusinessDateStepDef.setBusinessDate(java.lang.String)[39m
  [32m✔[39m [32m[1mAnd [22mAdmin makes [1m"REPAYMENT_ADJUSTMENT_CHARGEBACK"[22m chargeback with [1m250[22m EUR transaction amount for Payment nr. [1m2[22m[39m                                                             [90m# org.apache.fineract.test.stepdef.loan.LoanChargeBackStepDef.makeLoanChargebackForPayment(java.lang.String,double,double)[39m
  [32m✔[39m [32m[1mThen [22mLoan has [1m250[22m outstanding amount[39m                                                                                                                                       [90m# org.apache.fineract.test.stepdef.loan.LoanStepDef.loanOutstanding(double)[39m
  [32m✔[39m [32m[1mAnd [22mCustomer makes [1m"AUTOPAY"[22m repayment on [1m"25 April 2023"[22m with [1m250[22m EUR transaction amount[39m                                                                                  [90m# org.apache.fineract.test.stepdef.loan.LoanRepaymentStepDef.makeLoanRepayment(java.lang.String,java.lang.String,double)[39m
  [32m✔[39m [32m[1mThen [22mLoan has [1m0[22m outstanding amount[39m                                                                                                                                         [90m# org.apache.fineract.test.stepdef.loan.LoanStepDef.loanOutstanding(double)[39m
  [32m✔[39m [32m[1mThen [22mLoan Repayment schedule has [1m4[22m periods, with the following data for periods:[39m                                                                                           [90m# org.apache.fineract.test.stepdef.loan.LoanStepDef.loanRepaymentSchedulePeriodsCheck(int,io.cucumber.datatable.DataTable)[39m
      | Nr | Days | Date             | Paid date        | Balance of loan | Principal due | Interest | Fees | Penalties | Due   | Paid  | In advance | Late | Outstanding |
      |    |      | 01 January 2023  |                  | 750.0           |               |          | 0.0  |           | 0.0   | 0.0   |            |      |             |
      | 1  | 31   | 01 February 2023 | 01 February 2023 | 500.0           | 250.0         | 0.0      | 0.0  | 0.0       | 250.0 | 250.0 | 0.0        | 0.0  | 0.0         |
      | 2  | 28   | 01 March 2023    | 01 March 2023    | 250.0           | 250.0         | 0.0      | 0.0  | 0.0       | 250.0 | 250.0 | 0.0        | 0.0  | 0.0         |
      | 3  | 31   | 01 April 2023    | 01 April 2023    | 0.0             | 250.0         | 0.0      | 0.0  | 0.0       | 250.0 | 250.0 | 0.0        | 0.0  | 0.0         |
      | 4  | 24   | 25 April 2023    | 25 April 2023    | 0.0             | 250.0         | 0.0      | 0.0  | 0.0       | 250.0 | 250.0 | 0.0        | 0.0  | 0.0         |
  [32m✔[39m [32m[1mThen [22mLoan Repayment schedule has the following data in Total row:[39m                                                                                                          [90m# org.apache.fineract.test.stepdef.loan.LoanStepDef.loanRepaymentScheduleAmountCheck(io.cucumber.datatable.DataTable)[39m
      | Principal due | Interest | Fees | Penalties | Due  | Paid | In advance | Late | Outstanding |
      | 1000          | 0        | 0    | 0         | 1000 | 1000 | 0          | 0    | 0           |
  [32m✔[39m [32m[1mThen [22mLoan Transactions tab has a [1m"DISBURSEMENT"[22m transaction with date [1m"01 January 2023"[22m which has the following Journal entries:[39m                                           [90m# org.apache.fineract.test.stepdef.common.JournalEntriesStepDef.journalEntryDataCheck(java.lang.String,java.lang.String,io.cucumber.datatable.DataTable)[39m
      | Type      | Account code | Account name              | Debit | Credit |
      | ASSET     | 112601       | Loans Receivable          | 750.0 |        |
      | LIABILITY | 145023       | Suspense/Clearing account |       | 750.0  |
  [32m✔[39m [32m[1mThen [22mLoan Transactions tab has a [1m"REPAYMENT"[22m transaction with date [1m"01 February 2023"[22m which has the following Journal entries:[39m                                             [90m# org.apache.fineract.test.stepdef.common.JournalEntriesStepDef.journalEntryDataCheck(java.lang.String,java.lang.String,io.cucumber.datatable.DataTable)[39m
      | Type      | Account code | Account name              | Debit | Credit |
      | ASSET     | 112601       | Loans Receivable          |       | 250.0  |
      | LIABILITY | 145023       | Suspense/Clearing account | 250.0 |        |
  [32m✔[39m [32m[1mThen [22mLoan Transactions tab has a [1m"REPAYMENT"[22m transaction with date [1m"01 March 2023"[22m which has the following Journal entries:[39m                                                [90m# org.apache.fineract.test.stepdef.common.JournalEntriesStepDef.journalEntryDataCheck(java.lang.String,java.lang.String,io.cucumber.datatable.DataTable)[39m
      | Type      | Account code | Account name              | Debit | Credit |
      | ASSET     | 112601       | Loans Receivable          |       | 250.0  |
      | LIABILITY | 145023       | Suspense/Clearing account | 250.0 |        |
  [32m✔[39m [32m[1mThen [22mLoan Transactions tab has a [1m"REPAYMENT"[22m transaction with date [1m"01 April 2023"[22m which has the following Journal entries:[39m                                                [90m# org.apache.fineract.test.stepdef.common.JournalEntriesStepDef.journalEntryDataCheck(java.lang.String,java.lang.String,io.cucumber.datatable.DataTable)[39m
      | Type      | Account code | Account name              | Debit | Credit |
      | ASSET     | 112601       | Loans Receivable          |       | 250.0  |
      | LIABILITY | 145023       | Suspense/Clearing account | 250.0 |        |
  [32m✔[39m [32m[1mThen [22mLoan Transactions tab has a [1m"CHARGEBACK"[22m transaction with date [1m"25 April 2023"[22m which has the following Journal entries:[39m                                               [90m# org.apache.fineract.test.stepdef.common.JournalEntriesStepDef.journalEntryDataCheck(java.lang.String,java.lang.String,io.cucumber.datatable.DataTable)[39m
      | Type      | Account code | Account name              | Debit | Credit |
      | ASSET     | 112601       | Loans Receivable          | 250.0 |        |
      | LIABILITY | 145023       | Suspense/Clearing account |       | 250.0  |
  [32m✔[39m [32m[1mThen [22mLoan Transactions tab has a [1m"REPAYMENT"[22m transaction with date [1m"25 April 2023"[22m which has the following Journal entries:[39m                                                [90m# org.apache.fineract.test.stepdef.common.JournalEntriesStepDef.journalEntryDataCheck(java.lang.String,java.lang.String,io.cucumber.datatable.DataTable)[39m
      | Type      | Account code | Account name              | Debit | Credit |
      | ASSET     | 112601       | Loans Receivable          |       | 250.0  |
      | LIABILITY | 145023       | Suspense/Clearing account | 250.0 |        |

@LoanChargeback @TestRailId:C2610
[1mScenario:[22m When repayment 1 is reversed (after maturity)                                                                                                                        [90m# fineract-e2e-tests-runner/src/test/resources/features/LoanChargeback-Part1.feature:853[39m
  [32m✔[39m [32m[1mWhen [22mAdmin sets the business date to [1m"1 January 2023"[22m[39m                                                                                                                      [90m# org.apache.fineract.test.stepdef.common.BusinessDateStepDef.setBusinessDate(java.lang.String)[39m
  [32m✔[39m [32m[1mWhen [22mAdmin creates a client with random data[39m                                                                                                                               [90m# org.apache.fineract.test.stepdef.common.ClientStepDef.createClientRandomFirstNameLastName()[39m
  [32m✔[39m [32m[1mWhen [22mAdmin successfully creates a new customised Loan submitted on date: [1m"1 January 2023"[22m, with Principal: [1m"750"[22m, a loanTermFrequency: [1m3[22m months, and numberOfRepayments: [1m3[22m[39m [90m# org.apache.fineract.test.stepdef.loan.LoanStepDef.createCustomizedLoan(java.lang.String,java.lang.String,java.lang.Integer,java.lang.Integer)[39m
  [32m✔[39m [32m[1mAnd [22mAdmin successfully approves the loan on [1m"1 January 2023"[22m with [1m"750"[22m amount and expected disbursement date on [1m"1 January 2023"[22m[39m                                          [90m# org.apache.fineract.test.stepdef.loan.LoanStepDef.approveLoan(java.lang.String,java.lang.String,java.lang.String)[39m
  [32m✔[39m [32m[1mWhen [22mAdmin successfully disburse the loan on [1m"1 January 2023"[22m with [1m"750"[22m EUR transaction amount[39m                                                                            [90m# org.apache.fineract.test.stepdef.loan.LoanStepDef.disburseLoan(java.lang.String,java.lang.String)[39m
  [32m✔[39m [32m[1mWhen [22mAdmin sets the business date to [1m"1 February 2023"[22m[39m                                                                                                                     [90m# org.apache.fineract.test.stepdef.common.BusinessDateStepDef.setBusinessDate(java.lang.String)[39m
  [32m✔[39m [32m[1mAnd [22mCustomer makes [1m"AUTOPAY"[22m repayment on [1m"1 February 2023"[22m with [1m250[22m EUR transaction amount[39m                                                                                [90m# org.apache.fineract.test.stepdef.loan.LoanRepaymentStepDef.makeLoanRepayment(java.lang.String,java.lang.String,double)[39m
  [32m✔[39m [32m[1mWhen [22mAdmin sets the business date to [1m"1 March 2023"[22m[39m                                                                                                                        [90m# org.apache.fineract.test.stepdef.common.BusinessDateStepDef.setBusinessDate(java.lang.String)[39m
  [32m✔[39m [32m[1mAnd [22mCustomer makes [1m"AUTOPAY"[22m repayment on [1m"1 March 2023"[22m with [1m250[22m EUR transaction amount[39m                                                                                   [90m# org.apache.fineract.test.stepdef.loan.LoanRepaymentStepDef.makeLoanRepayment(java.lang.String,java.lang.String,double)[39m
  [32m✔[39m [32m[1mWhen [22mAdmin sets the business date to [1m"1 April 2023"[22m[39m                                                                                                                        [90m# org.apache.fineract.test.stepdef.common.BusinessDateStepDef.setBusinessDate(java.lang.String)[39m
  [32m✔[39m [32m[1mAnd [22mCustomer makes [1m"AUTOPAY"[22m repayment on [1m"01 April 2023"[22m with [1m250[22m EUR transaction amount[39m                                                                                  [90m# org.apache.fineract.test.stepdef.loan.LoanRepaymentStepDef.makeLoanRepayment(java.lang.String,java.lang.String,double)[39m
  [32m✔[39m [32m[1mWhen [22mAdmin sets the business date to [1m"25 April 2023"[22m[39m                                                                                                                       [90m# org.apache.fineract.test.stepdef.common.BusinessDateStepDef.setBusinessDate(java.lang.String)[39m
  [32m✔[39m [32m[1mAnd [22mAdmin makes [1m"REPAYMENT_ADJUSTMENT_CHARGEBACK"[22m chargeback with [1m250[22m EUR transaction amount for Payment nr. [1m2[22m[39m                                                             [90m# org.apache.fineract.test.stepdef.loan.LoanChargeBackStepDef.makeLoanChargebackForPayment(java.lang.String,double,double)[39m
  [32m✔[39m [32m[1mThen [22mLoan has [1m250[22m outstanding amount[39m                                                                                                                                       [90m# org.apache.fineract.test.stepdef.loan.LoanStepDef.loanOutstanding(double)[39m
  [32m✔[39m [32m[1mAnd [22mCustomer makes [1m"AUTOPAY"[22m repayment on [1m"25 April 2023"[22m with [1m250[22m EUR transaction amount[39m                                                                                  [90m# org.apache.fineract.test.stepdef.loan.LoanRepaymentStepDef.makeLoanRepayment(java.lang.String,java.lang.String,double)[39m
  [32m✔[39m [32m[1mThen [22mLoan has [1m0[22m outstanding amount[39m                                                                                                                                         [90m# org.apache.fineract.test.stepdef.loan.LoanStepDef.loanOutstanding(double)[39m
  [32m✔[39m [32m[1mWhen [22mCustomer undo [1m"1"[22mth repayment on [1m"1 February 2023"[22m[39m                                                                                                                    [90m# org.apache.fineract.test.stepdef.loan.LoanRepaymentStepDef.undoNthRepayment(java.lang.String,java.lang.String)[39m
  [32m✔[39m [32m[1mThen [22mLoan Repayment schedule has [1m4[22m periods, with the following data for periods:[39m                                                                                           [90m# org.apache.fineract.test.stepdef.loan.LoanStepDef.loanRepaymentSchedulePeriodsCheck(int,io.cucumber.datatable.DataTable)[39m
      | Nr | Days | Date             | Paid date     | Balance of loan | Principal due | Interest | Fees | Penalties | Due   | Paid  | In advance | Late  | Outstanding |
      |    |      | 01 January 2023  |               | 750.0           |               |          | 0.0  |           | 0.0   | 0.0   |            |       |             |
      | 1  | 31   | 01 February 2023 | 01 March 2023 | 500.0           | 250.0         | 0.0      | 0.0  | 0.0       | 250.0 | 250.0 | 0.0        | 250.0 | 0.0         |
      | 2  | 28   | 01 March 2023    | 01 April 2023 | 250.0           | 250.0         | 0.0      | 0.0  | 0.0       | 250.0 | 250.0 | 0.0        | 250.0 | 0.0         |
      | 3  | 31   | 01 April 2023    | 25 April 2023 | 0.0             | 250.0         | 0.0      | 0.0  | 0.0       | 250.0 | 250.0 | 0.0        | 250.0 | 0.0         |
      | 4  | 24   | 25 April 2023    |               | 0.0             | 250.0         | 0.0      | 0.0  | 0.0       | 250.0 | 0.0   | 0.0        | 0.0   | 250.0       |
  [32m✔[39m [32m[1mThen [22mLoan Repayment schedule has the following data in Total row:[39m                                                                                                          [90m# org.apache.fineract.test.stepdef.loan.LoanStepDef.loanRepaymentScheduleAmountCheck(io.cucumber.datatable.DataTable)[39m
      | Principal due | Interest | Fees | Penalties | Due  | Paid | In advance | Late | Outstanding |
      | 1000          | 0        | 0    | 0         | 1000 | 750  | 0          | 750  | 250         |
  [32m✔[39m [32m[1mThen [22mLoan Transactions tab has a [1m"DISBURSEMENT"[22m transaction with date [1m"01 January 2023"[22m which has the following Journal entries:[39m                                           [90m# org.apache.fineract.test.stepdef.common.JournalEntriesStepDef.journalEntryDataCheck(java.lang.String,java.lang.String,io.cucumber.datatable.DataTable)[39m
      | Type      | Account code | Account name              | Debit | Credit |
      | ASSET     | 112601       | Loans Receivable          | 750.0 |        |
      | LIABILITY | 145023       | Suspense/Clearing account |       | 750.0  |
  [32m✔[39m [32m[1mThen [22mLoan Transactions tab has a [1m"REPAYMENT"[22m transaction with date [1m"01 February 2023"[22m which has the following Journal entries:[39m                                             [90m# org.apache.fineract.test.stepdef.common.JournalEntriesStepDef.journalEntryDataCheck(java.lang.String,java.lang.String,io.cucumber.datatable.DataTable)[39m
      | Type      | Account code | Account name              | Debit | Credit |
      | ASSET     | 112601       | Loans Receivable          |       | 250.0  |
      | LIABILITY | 145023       | Suspense/Clearing account | 250.0 |        |
      | ASSET     | 112601       | Loans Receivable          | 250.0 |        |
      | LIABILITY | 145023       | Suspense/Clearing account |       | 250.0  |
  [32m✔[39m [32m[1mThen [22mLoan Transactions tab has a [1m"REPAYMENT"[22m transaction with date [1m"01 March 2023"[22m which has the following Journal entries:[39m                                                [90m# org.apache.fineract.test.stepdef.common.JournalEntriesStepDef.journalEntryDataCheck(java.lang.String,java.lang.String,io.cucumber.datatable.DataTable)[39m
      | Type      | Account code | Account name              | Debit | Credit |
      | ASSET     | 112601       | Loans Receivable          |       | 250.0  |
      | LIABILITY | 145023       | Suspense/Clearing account | 250.0 |        |
  [32m✔[39m [32m[1mThen [22mLoan Transactions tab has a [1m"REPAYMENT"[22m transaction with date [1m"01 April 2023"[22m which has the following Journal entries:[39m                                                [90m# org.apache.fineract.test.stepdef.common.JournalEntriesStepDef.journalEntryDataCheck(java.lang.String,java.lang.String,io.cucumber.datatable.DataTable)[39m
      | Type      | Account code | Account name              | Debit | Credit |
      | ASSET     | 112601       | Loans Receivable          |       | 250.0  |
      | LIABILITY | 145023       | Suspense/Clearing account | 250.0 |        |
  [32m✔[39m [32m[1mThen [22mLoan Transactions tab has a [1m"CHARGEBACK"[22m transaction with date [1m"25 April 2023"[22m which has the following Journal entries:[39m                                               [90m# org.apache.fineract.test.stepdef.common.JournalEntriesStepDef.journalEntryDataCheck(java.lang.String,java.lang.String,io.cucumber.datatable.DataTable)[39m
      | Type      | Account code | Account name              | Debit | Credit |
      | ASSET     | 112601       | Loans Receivable          | 250.0 |        |
      | LIABILITY | 145023       | Suspense/Clearing account |       | 250.0  |
  [32m✔[39m [32m[1mThen [22mLoan Transactions tab has a [1m"REPAYMENT"[22m transaction with date [1m"25 April 2023"[22m which has the following Journal entries:[39m                                                [90m# org.apache.fineract.test.stepdef.common.JournalEntriesStepDef.journalEntryDataCheck(java.lang.String,java.lang.String,io.cucumber.datatable.DataTable)[39m
      | Type      | Account code | Account name              | Debit | Credit |
      | ASSET     | 112601       | Loans Receivable          |       | 250.0  |
      | LIABILITY | 145023       | Suspense/Clearing account | 250.0 |        |

@LoanChargeback @TestRailId:C2611
[1mScenario:[22m When 2 repayments are reversed (repayment 1 & 3) (after maturity)                                                                                                    [90m# fineract-e2e-tests-runner/src/test/resources/features/LoanChargeback-Part1.feature:909[39m
  [32m✔[39m [32m[1mWhen [22mAdmin sets the business date to [1m"1 January 2023"[22m[39m                                                                                                                      [90m# org.apache.fineract.test.stepdef.common.BusinessDateStepDef.setBusinessDate(java.lang.String)[39m
  [32m✔[39m [32m[1mWhen [22mAdmin creates a client with random data[39m                                                                                                                               [90m# org.apache.fineract.test.stepdef.common.ClientStepDef.createClientRandomFirstNameLastName()[39m
  [32m✔[39m [32m[1mWhen [22mAdmin successfully creates a new customised Loan submitted on date: [1m"1 January 2023"[22m, with Principal: [1m"750"[22m, a loanTermFrequency: [1m3[22m months, and numberOfRepayments: [1m3[22m[39m [90m# org.apache.fineract.test.stepdef.loan.LoanStepDef.createCustomizedLoan(java.lang.String,java.lang.String,java.lang.Integer,java.lang.Integer)[39m
  [32m✔[39m [32m[1mAnd [22mAdmin successfully approves the loan on [1m"1 January 2023"[22m with [1m"750"[22m amount and expected disbursement date on [1m"1 January 2023"[22m[39m                                          [90m# org.apache.fineract.test.stepdef.loan.LoanStepDef.approveLoan(java.lang.String,java.lang.String,java.lang.String)[39m
  [32m✔[39m [32m[1mWhen [22mAdmin successfully disburse the loan on [1m"1 January 2023"[22m with [1m"750"[22m EUR transaction amount[39m                                                                            [90m# org.apache.fineract.test.stepdef.loan.LoanStepDef.disburseLoan(java.lang.String,java.lang.String)[39m
  [32m✔[39m [32m[1mWhen [22mAdmin sets the business date to [1m"1 February 2023"[22m[39m                                                                                                                     [90m# org.apache.fineract.test.stepdef.common.BusinessDateStepDef.setBusinessDate(java.lang.String)[39m
  [32m✔[39m [32m[1mAnd [22mCustomer makes [1m"AUTOPAY"[22m repayment on [1m"1 February 2023"[22m with [1m250[22m EUR transaction amount[39m                                                                                [90m# org.apache.fineract.test.stepdef.loan.LoanRepaymentStepDef.makeLoanRepayment(java.lang.String,java.lang.String,double)[39m
  [32m✔[39m [32m[1mWhen [22mAdmin sets the business date to [1m"1 March 2023"[22m[39m                                                                                                                        [90m# org.apache.fineract.test.stepdef.common.BusinessDateStepDef.setBusinessDate(java.lang.String)[39m
  [32m✔[39m [32m[1mAnd [22mCustomer makes [1m"AUTOPAY"[22m repayment on [1m"1 March 2023"[22m with [1m250[22m EUR transaction amount[39m                                                                                   [90m# org.apache.fineract.test.stepdef.loan.LoanRepaymentStepDef.makeLoanRepayment(java.lang.String,java.lang.String,double)[39m
  [32m✔[39m [32m[1mWhen [22mAdmin sets the business date to [1m"1 April 2023"[22m[39m                                                                                                                        [90m# org.apache.fineract.test.stepdef.common.BusinessDateStepDef.setBusinessDate(java.lang.String)[39m
  [32m✔[39m [32m[1mAnd [22mCustomer makes [1m"AUTOPAY"[22m repayment on [1m"1 April 2023"[22m with [1m250[22m EUR transaction amount[39m                                                                                   [90m# org.apache.fineract.test.stepdef.loan.LoanRepaymentStepDef.makeLoanRepayment(java.lang.String,java.lang.String,double)[39m
  [32m✔[39m [32m[1mWhen [22mAdmin sets the business date to [1m"25 April 2023"[22m[39m                                                                                                                       [90m# org.apache.fineract.test.stepdef.common.BusinessDateStepDef.setBusinessDate(java.lang.String)[39m
  [32m✔[39m [32m[1mAnd [22mAdmin makes [1m"REPAYMENT_ADJUSTMENT_CHARGEBACK"[22m chargeback with [1m250[22m EUR transaction amount for Payment nr. [1m2[22m[39m                                                             [90m# org.apache.fineract.test.stepdef.loan.LoanChargeBackStepDef.makeLoanChargebackForPayment(java.lang.String,double,double)[39m
  [32m✔[39m [32m[1mThen [22mLoan has [1m250[22m outstanding amount[39m                                                                                                                                       [90m# org.apache.fineract.test.stepdef.loan.LoanStepDef.loanOutstanding(double)[39m
  [32m✔[39m [32m[1mAnd [22mCustomer makes [1m"AUTOPAY"[22m repayment on [1m"25 April 2023"[22m with [1m250[22m EUR transaction amount[39m                                                                                  [90m# org.apache.fineract.test.stepdef.loan.LoanRepaymentStepDef.makeLoanRepayment(java.lang.String,java.lang.String,double)[39m
  [32m✔[39m [32m[1mThen [22mLoan has [1m0[22m outstanding amount[39m                                                                                                                                         [90m# org.apache.fineract.test.stepdef.loan.LoanStepDef.loanOutstanding(double)[39m
  [32m✔[39m [32m[1mWhen [22mCustomer undo [1m"1"[22mth repayment on [1m"1 February 2023"[22m[39m                                                                                                                    [90m# org.apache.fineract.test.stepdef.loan.LoanRepaymentStepDef.undoNthRepayment(java.lang.String,java.lang.String)[39m
  [32m✔[39m [32m[1mWhen [22mCustomer undo [1m"3"[22mth repayment on [1m"1 April 2023"[22m[39m                                                                                                                       [90m# org.apache.fineract.test.stepdef.loan.LoanRepaymentStepDef.undoNthRepayment(java.lang.String,java.lang.String)[39m
  [32m✔[39m [32m[1mThen [22mLoan Repayment schedule has [1m4[22m periods, with the following data for periods:[39m                                                                                           [90m# org.apache.fineract.test.stepdef.loan.LoanStepDef.loanRepaymentSchedulePeriodsCheck(int,io.cucumber.datatable.DataTable)[39m
      | Nr | Days | Date             | Paid date     | Balance of loan | Principal due | Interest | Fees | Penalties | Due   | Paid  | In advance | Late  | Outstanding |
      |    |      | 01 January 2023  |               | 750.0           |               |          | 0.0  |           | 0.0   | 0.0   |            |       |             |
      | 1  | 31   | 01 February 2023 | 01 March 2023 | 500.0           | 250.0         | 0.0      | 0.0  | 0.0       | 250.0 | 250.0 | 0.0        | 250.0 | 0.0         |
      | 2  | 28   | 01 March 2023    | 25 April 2023 | 250.0           | 250.0         | 0.0      | 0.0  | 0.0       | 250.0 | 250.0 | 0.0        | 250.0 | 0.0         |
      | 3  | 31   | 01 April 2023    |               | 0.0             | 250.0         | 0.0      | 0.0  | 0.0       | 250.0 | 0.0   | 0.0        | 0.0   | 250.0       |
      | 4  | 24   | 25 April 2023    |               | 0.0             | 250.0         | 0.0      | 0.0  | 0.0       | 250.0 | 0.0   | 0.0        | 0.0   | 250.0       |
  [32m✔[39m [32m[1mThen [22mLoan Repayment schedule has the following data in Total row:[39m                                                                                                          [90m# org.apache.fineract.test.stepdef.loan.LoanStepDef.loanRepaymentScheduleAmountCheck(io.cucumber.datatable.DataTable)[39m
      | Principal due | Interest | Fees | Penalties | Due  | Paid | In advance | Late | Outstanding |
      | 1000          | 0        | 0    | 0         | 1000 | 500  | 0          | 500  | 500         |
  [32m✔[39m [32m[1mThen [22mLoan Transactions tab has a [1m"DISBURSEMENT"[22m transaction with date [1m"01 January 2023"[22m which has the following Journal entries:[39m                                           [90m# org.apache.fineract.test.stepdef.common.JournalEntriesStepDef.journalEntryDataCheck(java.lang.String,java.lang.String,io.cucumber.datatable.DataTable)[39m
      | Type      | Account code | Account name              | Debit | Credit |
      | ASSET     | 112601       | Loans Receivable          | 750.0 |        |
      | LIABILITY | 145023       | Suspense/Clearing account |       | 750.0  |
  [32m✔[39m [32m[1mThen [22mLoan Transactions tab has a [1m"REPAYMENT"[22m transaction with date [1m"01 February 2023"[22m which has the following Journal entries:[39m                                             [90m# org.apache.fineract.test.stepdef.common.JournalEntriesStepDef.journalEntryDataCheck(java.lang.String,java.lang.String,io.cucumber.datatable.DataTable)[39m
      | Type      | Account code | Account name              | Debit | Credit |
      | ASSET     | 112601       | Loans Receivable          |       | 250.0  |
      | LIABILITY | 145023       | Suspense/Clearing account | 250.0 |        |
      | ASSET     | 112601       | Loans Receivable          | 250.0 |        |
      | LIABILITY | 145023       | Suspense/Clearing account |       | 250.0  |
  [32m✔[39m [32m[1mThen [22mLoan Transactions tab has a [1m"REPAYMENT"[22m transaction with date [1m"01 March 2023"[22m which has the following Journal entries:[39m                                                [90m# org.apache.fineract.test.stepdef.common.JournalEntriesStepDef.journalEntryDataCheck(java.lang.String,java.lang.String,io.cucumber.datatable.DataTable)[39m
      | Type      | Account code | Account name              | Debit | Credit |
      | ASSET     | 112601       | Loans Receivable          |       | 250.0  |
      | LIABILITY | 145023       | Suspense/Clearing account | 250.0 |        |
  [32m✔[39m [32m[1mThen [22mLoan Transactions tab has a [1m"REPAYMENT"[22m transaction with date [1m"01 April 2023"[22m which has the following Journal entries:[39m                                                [90m# org.apache.fineract.test.stepdef.common.JournalEntriesStepDef.journalEntryDataCheck(java.lang.String,java.lang.String,io.cucumber.datatable.DataTable)[39m
      | Type      | Account code | Account name              | Debit | Credit |
      | ASSET     | 112601       | Loans Receivable          |       | 250.0  |
      | LIABILITY | 145023       | Suspense/Clearing account | 250.0 |        |
      | ASSET     | 112601       | Loans Receivable          | 250.0 |        |
      | LIABILITY | 145023       | Suspense/Clearing account |       | 250.0  |
  [32m✔[39m [32m[1mThen [22mLoan Transactions tab has a [1m"CHARGEBACK"[22m transaction with date [1m"25 April 2023"[22m which has the following Journal entries:[39m                                               [90m# org.apache.fineract.test.stepdef.common.JournalEntriesStepDef.journalEntryDataCheck(java.lang.String,java.lang.String,io.cucumber.datatable.DataTable)[39m
      | Type      | Account code | Account name              | Debit | Credit |
      | ASSET     | 112601       | Loans Receivable          | 250.0 |        |
      | LIABILITY | 145023       | Suspense/Clearing account |       | 250.0  |
  [32m✔[39m [32m[1mThen [22mLoan Transactions tab has a [1m"REPAYMENT"[22m transaction with date [1m"25 April 2023"[22m which has the following Journal entries:[39m                                                [90m# org.apache.fineract.test.stepdef.common.JournalEntriesStepDef.journalEntryDataCheck(java.lang.String,java.lang.String,io.cucumber.datatable.DataTable)[39m
      | Type      | Account code | Account name              | Debit | Credit |
      | ASSET     | 112601       | Loans Receivable          |       | 250.0  |
      | LIABILITY | 145023       | Suspense/Clearing account | 250.0 |        |

@LoanChargeback @TestRailId:C2623
[1mScenario:[22m When second charge back happens for the repayment 01-04-2022 (after maturity)                                                                                        [90m# fineract-e2e-tests-runner/src/test/resources/features/LoanChargeback-Part1.feature:968[39m
  [32m✔[39m [32m[1mWhen [22mAdmin sets the business date to [1m"1 January 2023"[22m[39m                                                                                                                      [90m# org.apache.fineract.test.stepdef.common.BusinessDateStepDef.setBusinessDate(java.lang.String)[39m
  [32m✔[39m [32m[1mWhen [22mAdmin creates a client with random data[39m                                                                                                                               [90m# org.apache.fineract.test.stepdef.common.ClientStepDef.createClientRandomFirstNameLastName()[39m
  [32m✔[39m [32m[1mWhen [22mAdmin successfully creates a new customised Loan submitted on date: [1m"1 January 2023"[22m, with Principal: [1m"750"[22m, a loanTermFrequency: [1m3[22m months, and numberOfRepayments: [1m3[22m[39m [90m# org.apache.fineract.test.stepdef.loan.LoanStepDef.createCustomizedLoan(java.lang.String,java.lang.String,java.lang.Integer,java.lang.Integer)[39m
  [32m✔[39m [32m[1mAnd [22mAdmin successfully approves the loan on [1m"1 January 2023"[22m with [1m"750"[22m amount and expected disbursement date on [1m"1 January 2023"[22m[39m                                          [90m# org.apache.fineract.test.stepdef.loan.LoanStepDef.approveLoan(java.lang.String,java.lang.String,java.lang.String)[39m
  [32m✔[39m [32m[1mWhen [22mAdmin successfully disburse the loan on [1m"1 January 2023"[22m with [1m"750"[22m EUR transaction amount[39m                                                                            [90m# org.apache.fineract.test.stepdef.loan.LoanStepDef.disburseLoan(java.lang.String,java.lang.String)[39m
  [32m✔[39m [32m[1mWhen [22mAdmin sets the business date to [1m"1 February 2023"[22m[39m                                                                                                                     [90m# org.apache.fineract.test.stepdef.common.BusinessDateStepDef.setBusinessDate(java.lang.String)[39m
  [32m✔[39m [32m[1mAnd [22mCustomer makes [1m"AUTOPAY"[22m repayment on [1m"1 February 2023"[22m with [1m250[22m EUR transaction amount[39m                                                                                [90m# org.apache.fineract.test.stepdef.loan.LoanRepaymentStepDef.makeLoanRepayment(java.lang.String,java.lang.String,double)[39m
  [32m✔[39m [32m[1mWhen [22mAdmin sets the business date to [1m"1 March 2023"[22m[39m                                                                                                                        [90m# org.apache.fineract.test.stepdef.common.BusinessDateStepDef.setBusinessDate(java.lang.String)[39m
  [32m✔[39m [32m[1mAnd [22mCustomer makes [1m"AUTOPAY"[22m repayment on [1m"1 March 2023"[22m with [1m250[22m EUR transaction amount[39m                                                                                   [90m# org.apache.fineract.test.stepdef.loan.LoanRepaymentStepDef.makeLoanRepayment(java.lang.String,java.lang.String,double)[39m
  [32m✔[39m [32m[1mWhen [22mAdmin sets the business date to [1m"1 April 2023"[22m[39m                                                                                                                        [90m# org.apache.fineract.test.stepdef.common.BusinessDateStepDef.setBusinessDate(java.lang.String)[39m
  [32m✔[39m [32m[1mAnd [22mCustomer makes [1m"AUTOPAY"[22m repayment on [1m"1 April 2023"[22m with [1m250[22m EUR transaction amount[39m                                                                                   [90m# org.apache.fineract.test.stepdef.loan.LoanRepaymentStepDef.makeLoanRepayment(java.lang.String,java.lang.String,double)[39m
  [32m✔[39m [32m[1mWhen [22mAdmin sets the business date to [1m"25 April 2023"[22m[39m                                                                                                                       [90m# org.apache.fineract.test.stepdef.common.BusinessDateStepDef.setBusinessDate(java.lang.String)[39m
  [32m✔[39m [32m[1mAnd [22mAdmin makes [1m"REPAYMENT_ADJUSTMENT_CHARGEBACK"[22m chargeback with [1m250[22m EUR transaction amount for Payment nr. [1m2[22m[39m                                                             [90m# org.apache.fineract.test.stepdef.loan.LoanChargeBackStepDef.makeLoanChargebackForPayment(java.lang.String,double,double)[39m
  [32m✔[39m [32m[1mThen [22mLoan has [1m250[22m outstanding amount[39m                                                                                                                                       [90m# org.apache.fineract.test.stepdef.loan.LoanStepDef.loanOutstanding(double)[39m
  [32m✔[39m [32m[1mAnd [22mCustomer makes [1m"AUTOPAY"[22m repayment on [1m"25 April 2023"[22m with [1m250[22m EUR transaction amount[39m                                                                                  [90m# org.apache.fineract.test.stepdef.loan.LoanRepaymentStepDef.makeLoanRepayment(java.lang.String,java.lang.String,double)[39m
  [32m✔[39m [32m[1mThen [22mLoan has [1m0[22m outstanding amount[39m                                                                                                                                         [90m# org.apache.fineract.test.stepdef.loan.LoanStepDef.loanOutstanding(double)[39m
  [32m✔[39m [32m[1mWhen [22mAdmin sets the business date to [1m"1 May 2023"[22m[39m                                                                                                                          [90m# org.apache.fineract.test.stepdef.common.BusinessDateStepDef.setBusinessDate(java.lang.String)[39m
  [32m✔[39m [32m[1mAnd [22mAdmin makes [1m"REPAYMENT_ADJUSTMENT_CHARGEBACK"[22m chargeback with [1m200[22m EUR transaction amount for Payment nr. [1m3[22m[39m                                                             [90m# org.apache.fineract.test.stepdef.loan.LoanChargeBackStepDef.makeLoanChargebackForPayment(java.lang.String,double,double)[39m
  [32m✔[39m [32m[1mThen [22mLoan Repayment schedule has [1m4[22m periods, with the following data for periods:[39m                                                                                           [90m# org.apache.fineract.test.stepdef.loan.LoanStepDef.loanRepaymentSchedulePeriodsCheck(int,io.cucumber.datatable.DataTable)[39m
      | Nr | Days | Date             | Paid date        | Balance of loan | Principal due | Interest | Fees | Penalties | Due   | Paid  | In advance | Late | Outstanding |
      |    |      | 01 January 2023  |                  | 750.0           |               |          | 0.0  |           | 0.0   | 0.0   |            |      |             |
      | 1  | 31   | 01 February 2023 | 01 February 2023 | 500.0           | 250.0         | 0.0      | 0.0  | 0.0       | 250.0 | 250.0 | 0.0        | 0.0  | 0.0         |
      | 2  | 28   | 01 March 2023    | 01 March 2023    | 250.0           | 250.0         | 0.0      | 0.0  | 0.0       | 250.0 | 250.0 | 0.0        | 0.0  | 0.0         |
      | 3  | 31   | 01 April 2023    | 01 April 2023    | 0.0             | 250.0         | 0.0      | 0.0  | 0.0       | 250.0 | 250.0 | 0.0        | 0.0  | 0.0         |
      | 4  | 30   | 01 May 2023      |                  | 0.0             | 450.0         | 0.0      | 0.0  | 0.0       | 450.0 | 250.0 | 0.0        | 0.0  | 200.0       |
  [32m✔[39m [32m[1mThen [22mLoan Repayment schedule has the following data in Total row:[39m                                                                                                          [90m# org.apache.fineract.test.stepdef.loan.LoanStepDef.loanRepaymentScheduleAmountCheck(io.cucumber.datatable.DataTable)[39m
      | Principal due | Interest | Fees | Penalties | Due  | Paid | In advance | Late | Outstanding |
      | 1200          | 0        | 0    | 0         | 1200 | 1000 | 0          | 0    | 200         |
  [32m✔[39m [32m[1mThen [22mLoan Transactions tab has a [1m"DISBURSEMENT"[22m transaction with date [1m"01 January 2023"[22m which has the following Journal entries:[39m                                           [90m# org.apache.fineract.test.stepdef.common.JournalEntriesStepDef.journalEntryDataCheck(java.lang.String,java.lang.String,io.cucumber.datatable.DataTable)[39m
      | Type      | Account code | Account name              | Debit | Credit |
      | ASSET     | 112601       | Loans Receivable          | 750.0 |        |
      | LIABILITY | 145023       | Suspense/Clearing account |       | 750.0  |
  [32m✔[39m [32m[1mThen [22mLoan Transactions tab has a [1m"REPAYMENT"[22m transaction with date [1m"01 February 2023"[22m which has the following Journal entries:[39m                                             [90m# org.apache.fineract.test.stepdef.common.JournalEntriesStepDef.journalEntryDataCheck(java.lang.String,java.lang.String,io.cucumber.datatable.DataTable)[39m
      | Type      | Account code | Account name              | Debit | Credit |
      | ASSET     | 112601       | Loans Receivable          |       | 250.0  |
      | LIABILITY | 145023       | Suspense/Clearing account | 250.0 |        |
  [32m✔[39m [32m[1mThen [22mLoan Transactions tab has a [1m"REPAYMENT"[22m transaction with date [1m"01 March 2023"[22m which has the following Journal entries:[39m                                                [90m# org.apache.fineract.test.stepdef.common.JournalEntriesStepDef.journalEntryDataCheck(java.lang.String,java.lang.String,io.cucumber.datatable.DataTable)[39m
      | Type      | Account code | Account name              | Debit | Credit |
      | ASSET     | 112601       | Loans Receivable          |       | 250.0  |
      | LIABILITY | 145023       | Suspense/Clearing account | 250.0 |        |
  [32m✔[39m [32m[1mThen [22mLoan Transactions tab has a [1m"REPAYMENT"[22m transaction with date [1m"01 April 2023"[22m which has the following Journal entries:[39m                                                [90m# org.apache.fineract.test.stepdef.common.JournalEntriesStepDef.journalEntryDataCheck(java.lang.String,java.lang.String,io.cucumber.datatable.DataTable)[39m
      | Type      | Account code | Account name              | Debit | Credit |
      | ASSET     | 112601       | Loans Receivable          |       | 250.0  |
      | LIABILITY | 145023       | Suspense/Clearing account | 250.0 |        |
  [32m✔[39m [32m[1mThen [22mLoan Transactions tab has a [1m"CHARGEBACK"[22m transaction with date [1m"25 April 2023"[22m which has the following Journal entries:[39m                                               [90m# org.apache.fineract.test.stepdef.common.JournalEntriesStepDef.journalEntryDataCheck(java.lang.String,java.lang.String,io.cucumber.datatable.DataTable)[39m
      | Type      | Account code | Account name              | Debit | Credit |
      | ASSET     | 112601       | Loans Receivable          | 250.0 |        |
      | LIABILITY | 145023       | Suspense/Clearing account |       | 250.0  |
  [32m✔[39m [32m[1mThen [22mLoan Transactions tab has a [1m"REPAYMENT"[22m transaction with date [1m"25 April 2023"[22m which has the following Journal entries:[39m                                                [90m# org.apache.fineract.test.stepdef.common.JournalEntriesStepDef.journalEntryDataCheck(java.lang.String,java.lang.String,io.cucumber.datatable.DataTable)[39m
      | Type      | Account code | Account name              | Debit | Credit |
      | ASSET     | 112601       | Loans Receivable          |       | 250.0  |
      | LIABILITY | 145023       | Suspense/Clearing account | 250.0 |        |
  [32m✔[39m [32m[1mThen [22mLoan Transactions tab has a [1m"CHARGEBACK"[22m transaction with date [1m"01 May 2023"[22m which has the following Journal entries:[39m                                                 [90m# org.apache.fineract.test.stepdef.common.JournalEntriesStepDef.journalEntryDataCheck(java.lang.String,java.lang.String,io.cucumber.datatable.DataTable)[39m
      | Type      | Account code | Account name              | Debit | Credit |
      | ASSET     | 112601       | Loans Receivable          | 200.0 |        |
      | LIABILITY | 145023       | Suspense/Clearing account |       | 200.0  |

@LoanChargeback @TestRailId:C2612
[1mScenario:[22m When chargeback happens after the charge addition on maturity date for repayment 01-03-2022 (after maturity)                  [90m# fineract-e2e-tests-runner/src/test/resources/features/LoanChargeback-Part1.feature:1027[39m
  [32m✔[39m [32m[1mWhen [22mAdmin sets the business date to [1m"1 January 2023"[22m[39m                                                                               [90m# org.apache.fineract.test.stepdef.common.BusinessDateStepDef.setBusinessDate(java.lang.String)[39m
  [32m✔[39m [32m[1mWhen [22mAdmin creates a client with random data[39m                                                                                        [90m# org.apache.fineract.test.stepdef.common.ClientStepDef.createClientRandomFirstNameLastName()[39m
  [32m✔[39m [32m[1mWhen [22mAdmin creates a fully customized loan with the following data:[39m                                                                 [90m# org.apache.fineract.test.stepdef.loan.LoanStepDef.createFullyCustomizedLoan(io.cucumber.datatable.DataTable)[39m
      | LoanProduct | submitted on date | with Principal | ANNUAL interest rate % | interest type     | interest calculation period | amortization type  | loanTermFrequency | loanTermFrequencyType | repaymentEvery | repaymentFrequencyType | numberOfRepayments | graceOnPrincipalPayment | graceOnInterestPayment | interest free period | Payment strategy                        |
      | LP1         | 01 January 2023   | 750            | 0                      | DECLINING_BALANCE | SAME_AS_REPAYMENT_PERIOD    | EQUAL_INSTALLMENTS | 3                 | MONTHS                | 1              | MONTHS                 | 3                  | 0                       | 0                      | 0                    | PENALTIES_FEES_INTEREST_PRINCIPAL_ORDER |
  [32m✔[39m [32m[1mAnd [22mAdmin successfully approves the loan on [1m"01 January 2023"[22m with [1m"750"[22m amount and expected disbursement date on [1m"01 January 2023"[22m[39m [90m# org.apache.fineract.test.stepdef.loan.LoanStepDef.approveLoan(java.lang.String,java.lang.String,java.lang.String)[39m
  [32m✔[39m [32m[1mWhen [22mAdmin successfully disburse the loan on [1m"01 January 2023"[22m with [1m"750"[22m EUR transaction amount[39m                                    [90m# org.apache.fineract.test.stepdef.loan.LoanStepDef.disburseLoan(java.lang.String,java.lang.String)[39m
  [32m✔[39m [32m[1mWhen [22mAdmin sets the business date to [1m"01 February 2023"[22m[39m                                                                             [90m# org.apache.fineract.test.stepdef.common.BusinessDateStepDef.setBusinessDate(java.lang.String)[39m
  [32m✔[39m [32m[1mAnd [22mCustomer makes [1m"AUTOPAY"[22m repayment on [1m"01 February 2023"[22m with [1m250[22m EUR transaction amount[39m                                        [90m# org.apache.fineract.test.stepdef.loan.LoanRepaymentStepDef.makeLoanRepayment(java.lang.String,java.lang.String,double)[39m
  [32m✔[39m [32m[1mWhen [22mAdmin sets the business date to [1m"01 March 2023"[22m[39m                                                                                [90m# org.apache.fineract.test.stepdef.common.BusinessDateStepDef.setBusinessDate(java.lang.String)[39m
  [32m✔[39m [32m[1mAnd [22mCustomer makes [1m"AUTOPAY"[22m repayment on [1m"01 March 2023"[22m with [1m250[22m EUR transaction amount[39m                                           [90m# org.apache.fineract.test.stepdef.loan.LoanRepaymentStepDef.makeLoanRepayment(java.lang.String,java.lang.String,double)[39m
  [32m✔[39m [32m[1mWhen [22mAdmin sets the business date to [1m"01 April 2023"[22m[39m                                                                                [90m# org.apache.fineract.test.stepdef.common.BusinessDateStepDef.setBusinessDate(java.lang.String)[39m
  [32m✔[39m [32m[1mAnd [22mCustomer makes [1m"AUTOPAY"[22m repayment on [1m"01 April 2023"[22m with [1m250[22m EUR transaction amount[39m                                           [90m# org.apache.fineract.test.stepdef.loan.LoanRepaymentStepDef.makeLoanRepayment(java.lang.String,java.lang.String,double)[39m
  [32m✔[39m [32m[1mWhen [22mCustomer undo [1m"3"[22mth repayment on [1m"01 April 2023"[22m[39m                                                                               [90m# org.apache.fineract.test.stepdef.loan.LoanRepaymentStepDef.undoNthRepayment(java.lang.String,java.lang.String)[39m
  [32m✔[39m [32m[1mWhen [22mAdmin sets the business date to [1m"05 April 2023"[22m[39m                                                                                [90m# org.apache.fineract.test.stepdef.common.BusinessDateStepDef.setBusinessDate(java.lang.String)[39m
  [32m✔[39m [32m[1mWhen [22mAdmin adds [1m"LOAN_SNOOZE_FEE"[22m due date charge with [1m"05 April 2023"[22m due date and [1m20[22m EUR transaction amount[39m                       [90m# org.apache.fineract.test.stepdef.loan.LoanChargeStepDef.addChargeDueDate(java.lang.String,java.lang.String,double)[39m
  [32m✔[39m [32m[1mThen [22mLoan has [1m270[22m outstanding amount[39m                                                                                                [90m# org.apache.fineract.test.stepdef.loan.LoanStepDef.loanOutstanding(double)[39m
  [32m✔[39m [32m[1mAnd [22mAdmin runs inline COB job for Loan[39m                                                                                              [90m# org.apache.fineract.test.stepdef.loan.InlineCOBStepDef.runInlineCOB()[39m
  [32m✔[39m [32m[1mAnd [22mCustomer makes [1m"AUTOPAY"[22m repayment on [1m"05 April 2023"[22m with [1m270[22m EUR transaction amount[39m                                           [90m# org.apache.fineract.test.stepdef.loan.LoanRepaymentStepDef.makeLoanRepayment(java.lang.String,java.lang.String,double)[39m
  [32m✔[39m [32m[1mThen [22mLoan has [1m0[22m outstanding amount[39m                                                                                                  [90m# org.apache.fineract.test.stepdef.loan.LoanStepDef.loanOutstanding(double)[39m
  [32m✔[39m [32m[1mAnd [22mAdmin makes [1m"REPAYMENT_ADJUSTMENT_CHARGEBACK"[22m chargeback with [1m250[22m EUR transaction amount for Payment nr. [1m2[22m[39m                      [90m# org.apache.fineract.test.stepdef.loan.LoanChargeBackStepDef.makeLoanChargebackForPayment(java.lang.String,double,double)[39m
  [32m✔[39m [32m[1mThen [22mLoan has [1m250[22m outstanding amount[39m                                                                                                [90m# org.apache.fineract.test.stepdef.loan.LoanStepDef.loanOutstanding(double)[39m
  [32m✔[39m [32m[1mThen [22mLoan Repayment schedule has [1m4[22m periods, with the following data for periods:[39m                                                    [90m# org.apache.fineract.test.stepdef.loan.LoanStepDef.loanRepaymentSchedulePeriodsCheck(int,io.cucumber.datatable.DataTable)[39m
      | Nr | Days | Date             | Paid date        | Balance of loan | Principal due | Interest | Fees | Penalties | Due   | Paid  | In advance | Late  | Outstanding |
      |    |      | 01 January 2023  |                  | 750.0           |               |          | 0.0  |           | 0.0   | 0.0   |            |       |             |
      | 1  | 31   | 01 February 2023 | 01 February 2023 | 500.0           | 250.0         | 0.0      | 0.0  | 0.0       | 250.0 | 250.0 | 0.0        | 0.0   | 0.0         |
      | 2  | 28   | 01 March 2023    | 01 March 2023    | 250.0           | 250.0         | 0.0      | 0.0  | 0.0       | 250.0 | 250.0 | 0.0        | 0.0   | 0.0         |
      | 3  | 31   | 01 April 2023    | 05 April 2023    | 0.0             | 250.0         | 0.0      | 0.0  | 0.0       | 250.0 | 250.0 | 0.0        | 250.0 | 0.0         |
      | 4  | 4    | 05 April 2023    |                  | 0.0             | 250.0         | 0.0      | 20.0 | 0.0       | 270.0 | 20.0  | 0.0        | 0.0   | 250.0       |
  [32m✔[39m [32m[1mThen [22mLoan Repayment schedule has the following data in Total row:[39m                                                                   [90m# org.apache.fineract.test.stepdef.loan.LoanStepDef.loanRepaymentScheduleAmountCheck(io.cucumber.datatable.DataTable)[39m
      | Principal due | Interest | Fees | Penalties | Due  | Paid | In advance | Late | Outstanding |
      | 1000          | 0        | 20   | 0         | 1020 | 770  | 0          | 250  | 250         |
  [32m✔[39m [32m[1mThen [22mLoan Transactions tab has a [1m"DISBURSEMENT"[22m transaction with date [1m"01 January 2023"[22m which has the following Journal entries:[39m    [90m# org.apache.fineract.test.stepdef.common.JournalEntriesStepDef.journalEntryDataCheck(java.lang.String,java.lang.String,io.cucumber.datatable.DataTable)[39m
      | Type      | Account code | Account name              | Debit | Credit |
      | ASSET     | 112601       | Loans Receivable          | 750.0 |        |
      | LIABILITY | 145023       | Suspense/Clearing account |       | 750.0  |
  [32m✔[39m [32m[1mThen [22mLoan Transactions tab has a [1m"REPAYMENT"[22m transaction with date [1m"01 February 2023"[22m which has the following Journal entries:[39m      [90m# org.apache.fineract.test.stepdef.common.JournalEntriesStepDef.journalEntryDataCheck(java.lang.String,java.lang.String,io.cucumber.datatable.DataTable)[39m
      | Type      | Account code | Account name              | Debit | Credit |
      | ASSET     | 112601       | Loans Receivable          |       | 250.0  |
      | LIABILITY | 145023       | Suspense/Clearing account | 250.0 |        |
  [32m✔[39m [32m[1mThen [22mLoan Transactions tab has a [1m"REPAYMENT"[22m transaction with date [1m"01 March 2023"[22m which has the following Journal entries:[39m         [90m# org.apache.fineract.test.stepdef.common.JournalEntriesStepDef.journalEntryDataCheck(java.lang.String,java.lang.String,io.cucumber.datatable.DataTable)[39m
      | Type      | Account code | Account name              | Debit | Credit |
      | ASSET     | 112601       | Loans Receivable          |       | 250.0  |
      | LIABILITY | 145023       | Suspense/Clearing account | 250.0 |        |
  [32m✔[39m [32m[1mThen [22mLoan Transactions tab has a [1m"REPAYMENT"[22m transaction with date [1m"01 April 2023"[22m which has the following Journal entries:[39m         [90m# org.apache.fineract.test.stepdef.common.JournalEntriesStepDef.journalEntryDataCheck(java.lang.String,java.lang.String,io.cucumber.datatable.DataTable)[39m
      | Type      | Account code | Account name              | Debit | Credit |
      | ASSET     | 112601       | Loans Receivable          |       | 250.0  |
      | LIABILITY | 145023       | Suspense/Clearing account | 250.0 |        |
      | ASSET     | 112601       | Loans Receivable          | 250.0 |        |
      | LIABILITY | 145023       | Suspense/Clearing account |       | 250.0  |
  [32m✔[39m [32m[1mThen [22mLoan Transactions tab has a [1m"ACCRUAL"[22m transaction with date [1m"05 April 2023"[22m which has the following Journal entries:[39m           [90m# org.apache.fineract.test.stepdef.common.JournalEntriesStepDef.journalEntryDataCheck(java.lang.String,java.lang.String,io.cucumber.datatable.DataTable)[39m
      | Type   | Account code | Account name            | Debit | Credit |
      | ASSET  | 112603       | Interest/Fee Receivable | 20.0  |        |
      | INCOME | 404007       | Fee Income              |       | 20.0   |
  [32m✔[39m [32m[1mThen [22mLoan Transactions tab has a [1m"REPAYMENT"[22m transaction with date [1m"05 April 2023"[22m which has the following Journal entries:[39m         [90m# org.apache.fineract.test.stepdef.common.JournalEntriesStepDef.journalEntryDataCheck(java.lang.String,java.lang.String,io.cucumber.datatable.DataTable)[39m
      | Type      | Account code | Account name              | Debit | Credit |
      | ASSET     | 112601       | Loans Receivable          |       | 250.0  |
      | ASSET     | 112603       | Interest/Fee Receivable   |       | 20.0   |
      | LIABILITY | 145023       | Suspense/Clearing account | 270.0 |        |
  [32m✔[39m [32m[1mThen [22mLoan Transactions tab has a [1m"CHARGEBACK"[22m transaction with date [1m"05 April 2023"[22m which has the following Journal entries:[39m        [90m# org.apache.fineract.test.stepdef.common.JournalEntriesStepDef.journalEntryDataCheck(java.lang.String,java.lang.String,io.cucumber.datatable.DataTable)[39m
      | Type      | Account code | Account name              | Debit | Credit |
      | ASSET     | 112601       | Loans Receivable          | 250.0 |        |
      | LIABILITY | 145023       | Suspense/Clearing account |       | 250.0  |

@LoanChargeback @TestRailId:C2613
[1mScenario:[22m When chargeback comes in after the loan overpayment-1 (after maturity)                                                                                               [90m# fineract-e2e-tests-runner/src/test/resources/features/LoanChargeback-Part1.feature:1093[39m
  [32m✔[39m [32m[1mWhen [22mAdmin sets the business date to [1m"1 January 2023"[22m[39m                                                                                                                      [90m# org.apache.fineract.test.stepdef.common.BusinessDateStepDef.setBusinessDate(java.lang.String)[39m
  [32m✔[39m [32m[1mWhen [22mAdmin creates a client with random data[39m                                                                                                                               [90m# org.apache.fineract.test.stepdef.common.ClientStepDef.createClientRandomFirstNameLastName()[39m
  [32m✔[39m [32m[1mWhen [22mAdmin successfully creates a new customised Loan submitted on date: [1m"1 January 2023"[22m, with Principal: [1m"750"[22m, a loanTermFrequency: [1m3[22m months, and numberOfRepayments: [1m3[22m[39m [90m# org.apache.fineract.test.stepdef.loan.LoanStepDef.createCustomizedLoan(java.lang.String,java.lang.String,java.lang.Integer,java.lang.Integer)[39m
  [32m✔[39m [32m[1mAnd [22mAdmin successfully approves the loan on [1m"1 January 2023"[22m with [1m"750"[22m amount and expected disbursement date on [1m"1 January 2023"[22m[39m                                          [90m# org.apache.fineract.test.stepdef.loan.LoanStepDef.approveLoan(java.lang.String,java.lang.String,java.lang.String)[39m
  [32m✔[39m [32m[1mWhen [22mAdmin successfully disburse the loan on [1m"1 January 2023"[22m with [1m"750"[22m EUR transaction amount[39m                                                                            [90m# org.apache.fineract.test.stepdef.loan.LoanStepDef.disburseLoan(java.lang.String,java.lang.String)[39m
  [32m✔[39m [32m[1mWhen [22mAdmin sets the business date to [1m"1 February 2023"[22m[39m                                                                                                                     [90m# org.apache.fineract.test.stepdef.common.BusinessDateStepDef.setBusinessDate(java.lang.String)[39m
  [32m✔[39m [32m[1mAnd [22mCustomer makes [1m"AUTOPAY"[22m repayment on [1m"1 February 2023"[22m with [1m250[22m EUR transaction amount[39m                                                                                [90m# org.apache.fineract.test.stepdef.loan.LoanRepaymentStepDef.makeLoanRepayment(java.lang.String,java.lang.String,double)[39m
  [32m✔[39m [32m[1mWhen [22mAdmin sets the business date to [1m"1 March 2023"[22m[39m                                                                                                                        [90m# org.apache.fineract.test.stepdef.common.BusinessDateStepDef.setBusinessDate(java.lang.String)[39m
  [32m✔[39m [32m[1mAnd [22mCustomer makes [1m"AUTOPAY"[22m repayment on [1m"1 March 2023"[22m with [1m250[22m EUR transaction amount[39m                                                                                   [90m# org.apache.fineract.test.stepdef.loan.LoanRepaymentStepDef.makeLoanRepayment(java.lang.String,java.lang.String,double)[39m
  [32m✔[39m [32m[1mWhen [22mAdmin sets the business date to [1m"1 April 2023"[22m[39m                                                                                                                        [90m# org.apache.fineract.test.stepdef.common.BusinessDateStepDef.setBusinessDate(java.lang.String)[39m
  [32m✔[39m [32m[1mAnd [22mCustomer makes [1m"AUTOPAY"[22m repayment on [1m"1 April 2023"[22m with [1m500[22m EUR transaction amount[39m                                                                                   [90m# org.apache.fineract.test.stepdef.loan.LoanRepaymentStepDef.makeLoanRepayment(java.lang.String,java.lang.String,double)[39m
  [32m✔[39m [32m[1mThen [22mLoan has [1m0[22m outstanding amount[39m                                                                                                                                         [90m# org.apache.fineract.test.stepdef.loan.LoanStepDef.loanOutstanding(double)[39m
  [32m✔[39m [32m[1mWhen [22mAdmin sets the business date to [1m"25 April 2023"[22m[39m                                                                                                                       [90m# org.apache.fineract.test.stepdef.common.BusinessDateStepDef.setBusinessDate(java.lang.String)[39m
  [32m✔[39m [32m[1mAnd [22mAdmin makes [1m"REPAYMENT_ADJUSTMENT_CHARGEBACK"[22m chargeback with [1m250[22m EUR transaction amount for Payment nr. [1m2[22m[39m                                                             [90m# org.apache.fineract.test.stepdef.loan.LoanChargeBackStepDef.makeLoanChargebackForPayment(java.lang.String,double,double)[39m
  [32m✔[39m [32m[1mThen [22mLoan has [1m0[22m outstanding amount[39m                                                                                                                                         [90m# org.apache.fineract.test.stepdef.loan.LoanStepDef.loanOutstanding(double)[39m
  [32m✔[39m [32m[1mThen [22mLoan Repayment schedule has [1m3[22m periods, with the following data for periods:[39m                                                                                           [90m# org.apache.fineract.test.stepdef.loan.LoanStepDef.loanRepaymentSchedulePeriodsCheck(int,io.cucumber.datatable.DataTable)[39m
      | Nr | Days | Date             | Paid date        | Balance of loan | Principal due | Interest | Fees | Penalties | Due   | Paid  | In advance | Late | Outstanding |
      |    |      | 01 January 2023  |                  | 750.0           |               |          | 0.0  |           | 0.0   | 0.0   |            |      |             |
      | 1  | 31   | 01 February 2023 | 01 February 2023 | 500.0           | 250.0         | 0.0      | 0.0  | 0.0       | 250.0 | 250.0 | 0.0        | 0.0  | 0.0         |
      | 2  | 28   | 01 March 2023    | 01 March 2023    | 250.0           | 250.0         | 0.0      | 0.0  | 0.0       | 250.0 | 250.0 | 0.0        | 0.0  | 0.0         |
      | 3  | 31   | 01 April 2023    | 01 April 2023    | 0.0             | 250.0         | 0.0      | 0.0  | 0.0       | 250.0 | 250.0 | 0.0        | 0.0  | 0.0         |
  [32m✔[39m [32m[1mThen [22mLoan Repayment schedule has the following data in Total row:[39m                                                                                                          [90m# org.apache.fineract.test.stepdef.loan.LoanStepDef.loanRepaymentScheduleAmountCheck(io.cucumber.datatable.DataTable)[39m
      | Principal due | Interest | Fees | Penalties | Due | Paid | In advance | Late | Outstanding |
      | 750           | 0        | 0    | 0         | 750 | 750  | 0          | 0    | 0           |
  [32m✔[39m [32m[1mThen [22mLoan Transactions tab has a [1m"DISBURSEMENT"[22m transaction with date [1m"01 January 2023"[22m which has the following Journal entries:[39m                                           [90m# org.apache.fineract.test.stepdef.common.JournalEntriesStepDef.journalEntryDataCheck(java.lang.String,java.lang.String,io.cucumber.datatable.DataTable)[39m
      | Type      | Account code | Account name              | Debit | Credit |
      | ASSET     | 112601       | Loans Receivable          | 750.0 |        |
      | LIABILITY | 145023       | Suspense/Clearing account |       | 750.0  |
  [32m✔[39m [32m[1mThen [22mLoan Transactions tab has a [1m"REPAYMENT"[22m transaction with date [1m"01 February 2023"[22m which has the following Journal entries:[39m                                             [90m# org.apache.fineract.test.stepdef.common.JournalEntriesStepDef.journalEntryDataCheck(java.lang.String,java.lang.String,io.cucumber.datatable.DataTable)[39m
      | Type      | Account code | Account name              | Debit | Credit |
      | ASSET     | 112601       | Loans Receivable          |       | 250.0  |
      | LIABILITY | 145023       | Suspense/Clearing account | 250.0 |        |
  [32m✔[39m [32m[1mThen [22mLoan Transactions tab has a [1m"REPAYMENT"[22m transaction with date [1m"01 March 2023"[22m which has the following Journal entries:[39m                                                [90m# org.apache.fineract.test.stepdef.common.JournalEntriesStepDef.journalEntryDataCheck(java.lang.String,java.lang.String,io.cucumber.datatable.DataTable)[39m
      | Type      | Account code | Account name              | Debit | Credit |
      | ASSET     | 112601       | Loans Receivable          |       | 250.0  |
      | LIABILITY | 145023       | Suspense/Clearing account | 250.0 |        |
  [32m✔[39m [32m[1mThen [22mLoan Transactions tab has a [1m"REPAYMENT"[22m transaction with date [1m"01 April 2023"[22m which has the following Journal entries:[39m                                                [90m# org.apache.fineract.test.stepdef.common.JournalEntriesStepDef.journalEntryDataCheck(java.lang.String,java.lang.String,io.cucumber.datatable.DataTable)[39m
      | Type      | Account code | Account name              | Debit | Credit |
      | ASSET     | 112601       | Loans Receivable          |       | 250.0  |
      | LIABILITY | l1           | Overpayment account       |       | 250.0  |
      | LIABILITY | 145023       | Suspense/Clearing account | 500.0 |        |
  [32m✔[39m [32m[1mThen [22mLoan Transactions tab has a [1m"CHARGEBACK"[22m transaction with date [1m"25 April 2023"[22m which has the following Journal entries:[39m                                               [90m# org.apache.fineract.test.stepdef.common.JournalEntriesStepDef.journalEntryDataCheck(java.lang.String,java.lang.String,io.cucumber.datatable.DataTable)[39m
      | Type      | Account code | Account name              | Debit | Credit |
      | LIABILITY | l1           | Overpayment account       | 250.0 |        |
      | LIABILITY | 145023       | Suspense/Clearing account |       | 250.0  |

@LoanChargeback @TestRailId:C2614
[1mScenario:[22m When chargeback comes in after the loan overpayment-2 (after maturity)                                                                                               [90m# fineract-e2e-tests-runner/src/test/resources/features/LoanChargeback-Part1.feature:1141[39m
  [32m✔[39m [32m[1mWhen [22mAdmin sets the business date to [1m"1 January 2023"[22m[39m                                                                                                                      [90m# org.apache.fineract.test.stepdef.common.BusinessDateStepDef.setBusinessDate(java.lang.String)[39m
  [32m✔[39m [32m[1mWhen [22mAdmin creates a client with random data[39m                                                                                                                               [90m# org.apache.fineract.test.stepdef.common.ClientStepDef.createClientRandomFirstNameLastName()[39m
  [32m✔[39m [32m[1mWhen [22mAdmin successfully creates a new customised Loan submitted on date: [1m"1 January 2023"[22m, with Principal: [1m"750"[22m, a loanTermFrequency: [1m3[22m months, and numberOfRepayments: [1m3[22m[39m [90m# org.apache.fineract.test.stepdef.loan.LoanStepDef.createCustomizedLoan(java.lang.String,java.lang.String,java.lang.Integer,java.lang.Integer)[39m
  [32m✔[39m [32m[1mAnd [22mAdmin successfully approves the loan on [1m"1 January 2023"[22m with [1m"750"[22m amount and expected disbursement date on [1m"1 January 2023"[22m[39m                                          [90m# org.apache.fineract.test.stepdef.loan.LoanStepDef.approveLoan(java.lang.String,java.lang.String,java.lang.String)[39m
  [32m✔[39m [32m[1mWhen [22mAdmin successfully disburse the loan on [1m"1 January 2023"[22m with [1m"750"[22m EUR transaction amount[39m                                                                            [90m# org.apache.fineract.test.stepdef.loan.LoanStepDef.disburseLoan(java.lang.String,java.lang.String)[39m
  [32m✔[39m [32m[1mWhen [22mAdmin sets the business date to [1m"1 February 2023"[22m[39m                                                                                                                     [90m# org.apache.fineract.test.stepdef.common.BusinessDateStepDef.setBusinessDate(java.lang.String)[39m
  [32m✔[39m [32m[1mAnd [22mCustomer makes [1m"AUTOPAY"[22m repayment on [1m"1 February 2023"[22m with [1m150[22m EUR transaction amount[39m                                                                                [90m# org.apache.fineract.test.stepdef.loan.LoanRepaymentStepDef.makeLoanRepayment(java.lang.String,java.lang.String,double)[39m
  [32m✔[39m [32m[1mWhen [22mAdmin sets the business date to [1m"1 March 2023"[22m[39m                                                                                                                        [90m# org.apache.fineract.test.stepdef.common.BusinessDateStepDef.setBusinessDate(java.lang.String)[39m
  [32m✔[39m [32m[1mAnd [22mCustomer makes [1m"AUTOPAY"[22m repayment on [1m"1 March 2023"[22m with [1m350[22m EUR transaction amount[39m                                                                                   [90m# org.apache.fineract.test.stepdef.loan.LoanRepaymentStepDef.makeLoanRepayment(java.lang.String,java.lang.String,double)[39m
  [32m✔[39m [32m[1mWhen [22mAdmin sets the business date to [1m"1 April 2023"[22m[39m                                                                                                                        [90m# org.apache.fineract.test.stepdef.common.BusinessDateStepDef.setBusinessDate(java.lang.String)[39m
  [32m✔[39m [32m[1mAnd [22mCustomer makes [1m"AUTOPAY"[22m repayment on [1m"1 April 2023"[22m with [1m500[22m EUR transaction amount[39m                                                                                   [90m# org.apache.fineract.test.stepdef.loan.LoanRepaymentStepDef.makeLoanRepayment(java.lang.String,java.lang.String,double)[39m
  [32m✔[39m [32m[1mThen [22mLoan has [1m0[22m outstanding amount[39m                                                                                                                                         [90m# org.apache.fineract.test.stepdef.loan.LoanStepDef.loanOutstanding(double)[39m
  [32m✔[39m [32m[1mWhen [22mAdmin sets the business date to [1m"25 April 2023"[22m[39m                                                                                                                       [90m# org.apache.fineract.test.stepdef.common.BusinessDateStepDef.setBusinessDate(java.lang.String)[39m
  [32m✔[39m [32m[1mAnd [22mAdmin makes [1m"REPAYMENT_ADJUSTMENT_CHARGEBACK"[22m chargeback with [1m150[22m EUR transaction amount for Payment nr. [1m1[22m[39m                                                             [90m# org.apache.fineract.test.stepdef.loan.LoanChargeBackStepDef.makeLoanChargebackForPayment(java.lang.String,double,double)[39m
  [32m✔[39m [32m[1mThen [22mLoan has [1m0[22m outstanding amount[39m                                                                                                                                         [90m# org.apache.fineract.test.stepdef.loan.LoanStepDef.loanOutstanding(double)[39m
  [32m✔[39m [32m[1mThen [22mLoan Repayment schedule has [1m3[22m periods, with the following data for periods:[39m                                                                                           [90m# org.apache.fineract.test.stepdef.loan.LoanStepDef.loanRepaymentSchedulePeriodsCheck(int,io.cucumber.datatable.DataTable)[39m
      | Nr | Days | Date             | Paid date     | Balance of loan | Principal due | Interest | Fees | Penalties | Due   | Paid  | In advance | Late  | Outstanding |
      |    |      | 01 January 2023  |               | 750.0           |               |          | 0.0  |           | 0.0   | 0.0   |            |       |             |
      | 1  | 31   | 01 February 2023 | 01 March 2023 | 500.0           | 250.0         | 0.0      | 0.0  | 0.0       | 250.0 | 250.0 | 0.0        | 100.0 | 0.0         |
      | 2  | 28   | 01 March 2023    | 01 March 2023 | 250.0           | 250.0         | 0.0      | 0.0  | 0.0       | 250.0 | 250.0 | 0.0        | 0.0   | 0.0         |
      | 3  | 31   | 01 April 2023    | 01 April 2023 | 0.0             | 250.0         | 0.0      | 0.0  | 0.0       | 250.0 | 250.0 | 0.0        | 0.0   | 0.0         |
  [32m✔[39m [32m[1mThen [22mLoan Repayment schedule has the following data in Total row:[39m                                                                                                          [90m# org.apache.fineract.test.stepdef.loan.LoanStepDef.loanRepaymentScheduleAmountCheck(io.cucumber.datatable.DataTable)[39m
      | Principal due | Interest | Fees | Penalties | Due | Paid | In advance | Late | Outstanding |
      | 750           | 0        | 0    | 0         | 750 | 750  | 0          | 100  | 0           |
  [32m✔[39m [32m[1mThen [22mLoan Transactions tab has a [1m"DISBURSEMENT"[22m transaction with date [1m"01 January 2023"[22m which has the following Journal entries:[39m                                           [90m# org.apache.fineract.test.stepdef.common.JournalEntriesStepDef.journalEntryDataCheck(java.lang.String,java.lang.String,io.cucumber.datatable.DataTable)[39m
      | Type      | Account code | Account name              | Debit | Credit |
      | ASSET     | 112601       | Loans Receivable          | 750.0 |        |
      | LIABILITY | 145023       | Suspense/Clearing account |       | 750.0  |
  [32m✔[39m [32m[1mThen [22mLoan Transactions tab has a [1m"REPAYMENT"[22m transaction with date [1m"01 February 2023"[22m which has the following Journal entries:[39m                                             [90m# org.apache.fineract.test.stepdef.common.JournalEntriesStepDef.journalEntryDataCheck(java.lang.String,java.lang.String,io.cucumber.datatable.DataTable)[39m
      | Type      | Account code | Account name              | Debit | Credit |
      | ASSET     | 112601       | Loans Receivable          |       | 150.0  |
      | LIABILITY | 145023       | Suspense/Clearing account | 150.0 |        |
  [32m✔[39m [32m[1mThen [22mLoan Transactions tab has a [1m"REPAYMENT"[22m transaction with date [1m"01 March 2023"[22m which has the following Journal entries:[39m                                                [90m# org.apache.fineract.test.stepdef.common.JournalEntriesStepDef.journalEntryDataCheck(java.lang.String,java.lang.String,io.cucumber.datatable.DataTable)[39m
      | Type      | Account code | Account name              | Debit | Credit |
      | ASSET     | 112601       | Loans Receivable          |       | 350.0  |
      | LIABILITY | 145023       | Suspense/Clearing account | 350.0 |        |
  [32m✔[39m [32m[1mThen [22mLoan Transactions tab has a [1m"REPAYMENT"[22m transaction with date [1m"01 April 2023"[22m which has the following Journal entries:[39m                                                [90m# org.apache.fineract.test.stepdef.common.JournalEntriesStepDef.journalEntryDataCheck(java.lang.String,java.lang.String,io.cucumber.datatable.DataTable)[39m
      | Type      | Account code | Account name              | Debit | Credit |
      | ASSET     | 112601       | Loans Receivable          |       | 250.0  |
      | LIABILITY | l1           | Overpayment account       |       | 250.0  |
      | LIABILITY | 145023       | Suspense/Clearing account | 500.0 |        |
  [32m✔[39m [32m[1mThen [22mLoan Transactions tab has a [1m"CHARGEBACK"[22m transaction with date [1m"25 April 2023"[22m which has the following Journal entries:[39m                                               [90m# org.apache.fineract.test.stepdef.common.JournalEntriesStepDef.journalEntryDataCheck(java.lang.String,java.lang.String,io.cucumber.datatable.DataTable)[39m
      | Type      | Account code | Account name              | Debit | Credit |
      | LIABILITY | l1           | Overpayment account       | 150.0 |        |
      | LIABILITY | 145023       | Suspense/Clearing account |       | 150.0  |

@LoanChargeback @TestRailId:C2615
[1mScenario:[22m When chargeback comes in after the loan overpayment-3 (after maturity)                                                                                               [90m# fineract-e2e-tests-runner/src/test/resources/features/LoanChargeback-Part1.feature:1189[39m
  [32m✔[39m [32m[1mWhen [22mAdmin sets the business date to [1m"1 January 2023"[22m[39m                                                                                                                      [90m# org.apache.fineract.test.stepdef.common.BusinessDateStepDef.setBusinessDate(java.lang.String)[39m
  [32m✔[39m [32m[1mWhen [22mAdmin creates a client with random data[39m                                                                                                                               [90m# org.apache.fineract.test.stepdef.common.ClientStepDef.createClientRandomFirstNameLastName()[39m
  [32m✔[39m [32m[1mWhen [22mAdmin successfully creates a new customised Loan submitted on date: [1m"1 January 2023"[22m, with Principal: [1m"750"[22m, a loanTermFrequency: [1m3[22m months, and numberOfRepayments: [1m3[22m[39m [90m# org.apache.fineract.test.stepdef.loan.LoanStepDef.createCustomizedLoan(java.lang.String,java.lang.String,java.lang.Integer,java.lang.Integer)[39m
  [32m✔[39m [32m[1mAnd [22mAdmin successfully approves the loan on [1m"1 January 2023"[22m with [1m"750"[22m amount and expected disbursement date on [1m"1 January 2023"[22m[39m                                          [90m# org.apache.fineract.test.stepdef.loan.LoanStepDef.approveLoan(java.lang.String,java.lang.String,java.lang.String)[39m
  [32m✔[39m [32m[1mWhen [22mAdmin successfully disburse the loan on [1m"1 January 2023"[22m with [1m"750"[22m EUR transaction amount[39m                                                                            [90m# org.apache.fineract.test.stepdef.loan.LoanStepDef.disburseLoan(java.lang.String,java.lang.String)[39m
  [32m✔[39m [32m[1mWhen [22mAdmin sets the business date to [1m"1 February 2023"[22m[39m                                                                                                                     [90m# org.apache.fineract.test.stepdef.common.BusinessDateStepDef.setBusinessDate(java.lang.String)[39m
  [32m✔[39m [32m[1mAnd [22mCustomer makes [1m"AUTOPAY"[22m repayment on [1m"1 February 2023"[22m with [1m150[22m EUR transaction amount[39m                                                                                [90m# org.apache.fineract.test.stepdef.loan.LoanRepaymentStepDef.makeLoanRepayment(java.lang.String,java.lang.String,double)[39m
  [32m✔[39m [32m[1mWhen [22mAdmin sets the business date to [1m"1 March 2023"[22m[39m                                                                                                                        [90m# org.apache.fineract.test.stepdef.common.BusinessDateStepDef.setBusinessDate(java.lang.String)[39m
  [32m✔[39m [32m[1mAnd [22mCustomer makes [1m"AUTOPAY"[22m repayment on [1m"1 March 2023"[22m with [1m350[22m EUR transaction amount[39m                                                                                   [90m# org.apache.fineract.test.stepdef.loan.LoanRepaymentStepDef.makeLoanRepayment(java.lang.String,java.lang.String,double)[39m
  [32m✔[39m [32m[1mWhen [22mAdmin sets the business date to [1m"1 April 2023"[22m[39m                                                                                                                        [90m# org.apache.fineract.test.stepdef.common.BusinessDateStepDef.setBusinessDate(java.lang.String)[39m
  [32m✔[39m [32m[1mAnd [22mCustomer makes [1m"AUTOPAY"[22m repayment on [1m"1 April 2023"[22m with [1m500[22m EUR transaction amount[39m                                                                                   [90m# org.apache.fineract.test.stepdef.loan.LoanRepaymentStepDef.makeLoanRepayment(java.lang.String,java.lang.String,double)[39m
  [32m✔[39m [32m[1mThen [22mLoan has [1m0[22m outstanding amount[39m                                                                                                                                         [90m# org.apache.fineract.test.stepdef.loan.LoanStepDef.loanOutstanding(double)[39m
  [32m✔[39m [32m[1mWhen [22mAdmin sets the business date to [1m"25 April 2023"[22m[39m                                                                                                                       [90m# org.apache.fineract.test.stepdef.common.BusinessDateStepDef.setBusinessDate(java.lang.String)[39m
  [32m✔[39m [32m[1mAnd [22mAdmin makes [1m"REPAYMENT_ADJUSTMENT_CHARGEBACK"[22m chargeback with [1m350[22m EUR transaction amount for Payment nr. [1m2[22m[39m                                                             [90m# org.apache.fineract.test.stepdef.loan.LoanChargeBackStepDef.makeLoanChargebackForPayment(java.lang.String,double,double)[39m
  [32m✔[39m [32m[1mThen [22mLoan has [1m100[22m outstanding amount[39m                                                                                                                                       [90m# org.apache.fineract.test.stepdef.loan.LoanStepDef.loanOutstanding(double)[39m
  [32m✔[39m [32m[1mThen [22mLoan Repayment schedule has [1m4[22m periods, with the following data for periods:[39m                                                                                           [90m# org.apache.fineract.test.stepdef.loan.LoanStepDef.loanRepaymentSchedulePeriodsCheck(int,io.cucumber.datatable.DataTable)[39m
      | Nr | Days | Date             | Paid date     | Balance of loan | Principal due | Interest | Fees | Penalties | Due   | Paid  | In advance | Late  | Outstanding |
      |    |      | 01 January 2023  |               | 750.0           |               |          | 0.0  |           | 0.0   | 0.0   |            |       |             |
      | 1  | 31   | 01 February 2023 | 01 March 2023 | 500.0           | 250.0         | 0.0      | 0.0  | 0.0       | 250.0 | 250.0 | 0.0        | 100.0 | 0.0         |
      | 2  | 28   | 01 March 2023    | 01 March 2023 | 250.0           | 250.0         | 0.0      | 0.0  | 0.0       | 250.0 | 250.0 | 0.0        | 0.0   | 0.0         |
      | 3  | 31   | 01 April 2023    | 01 April 2023 | 0.0             | 250.0         | 0.0      | 0.0  | 0.0       | 250.0 | 250.0 | 0.0        | 0.0   | 0.0         |
      | 4  | 24   | 25 April 2023    |               | 0.0             | 350.0         | 0.0      | 0.0  | 0.0       | 350.0 | 250.0 | 0.0        | 0.0   | 100.0       |
  [32m✔[39m [32m[1mThen [22mLoan Repayment schedule has the following data in Total row:[39m                                                                                                          [90m# org.apache.fineract.test.stepdef.loan.LoanStepDef.loanRepaymentScheduleAmountCheck(io.cucumber.datatable.DataTable)[39m
      | Principal due | Interest | Fees | Penalties | Due  | Paid | In advance | Late | Outstanding |
      | 1100          | 0        | 0    | 0         | 1100 | 1000 | 0          | 100  | 100         |
  [32m✔[39m [32m[1mThen [22mLoan Transactions tab has a [1m"DISBURSEMENT"[22m transaction with date [1m"01 January 2023"[22m which has the following Journal entries:[39m                                           [90m# org.apache.fineract.test.stepdef.common.JournalEntriesStepDef.journalEntryDataCheck(java.lang.String,java.lang.String,io.cucumber.datatable.DataTable)[39m
      | Type      | Account code | Account name              | Debit | Credit |
      | ASSET     | 112601       | Loans Receivable          | 750.0 |        |
      | LIABILITY | 145023       | Suspense/Clearing account |       | 750.0  |
  [32m✔[39m [32m[1mThen [22mLoan Transactions tab has a [1m"REPAYMENT"[22m transaction with date [1m"01 February 2023"[22m which has the following Journal entries:[39m                                             [90m# org.apache.fineract.test.stepdef.common.JournalEntriesStepDef.journalEntryDataCheck(java.lang.String,java.lang.String,io.cucumber.datatable.DataTable)[39m
      | Type      | Account code | Account name              | Debit | Credit |
      | ASSET     | 112601       | Loans Receivable          |       | 150.0  |
      | LIABILITY | 145023       | Suspense/Clearing account | 150.0 |        |
  [32m✔[39m [32m[1mThen [22mLoan Transactions tab has a [1m"REPAYMENT"[22m transaction with date [1m"01 March 2023"[22m which has the following Journal entries:[39m                                                [90m# org.apache.fineract.test.stepdef.common.JournalEntriesStepDef.journalEntryDataCheck(java.lang.String,java.lang.String,io.cucumber.datatable.DataTable)[39m
      | Type      | Account code | Account name              | Debit | Credit |
      | ASSET     | 112601       | Loans Receivable          |       | 350.0  |
      | LIABILITY | 145023       | Suspense/Clearing account | 350.0 |        |
  [32m✔[39m [32m[1mThen [22mLoan Transactions tab has a [1m"REPAYMENT"[22m transaction with date [1m"01 April 2023"[22m which has the following Journal entries:[39m                                                [90m# org.apache.fineract.test.stepdef.common.JournalEntriesStepDef.journalEntryDataCheck(java.lang.String,java.lang.String,io.cucumber.datatable.DataTable)[39m
      | Type      | Account code | Account name              | Debit | Credit |
      | ASSET     | 112601       | Loans Receivable          |       | 250.0  |
      | LIABILITY | l1           | Overpayment account       |       | 250.0  |
      | LIABILITY | 145023       | Suspense/Clearing account | 500.0 |        |
  [32m✔[39m [32m[1mThen [22mLoan Transactions tab has a [1m"CHARGEBACK"[22m transaction with date [1m"25 April 2023"[22m which has the following Journal entries:[39m                                               [90m# org.apache.fineract.test.stepdef.common.JournalEntriesStepDef.journalEntryDataCheck(java.lang.String,java.lang.String,io.cucumber.datatable.DataTable)[39m
      | Type      | Account code | Account name              | Debit | Credit |
      | ASSET     | 112601       | Loans Receivable          | 100.0 |        |
      | LIABILITY | 145023       | Suspense/Clearing account |       | 350.0  |
      | LIABILITY | l1           | Overpayment account       | 250.0 |        |

@LoanChargeback @TestRailId:C2616
[1mScenario:[22m When chargeback comes in after the loan overpayment-4 with reverse and replay (after maturity)                                                                       [90m# fineract-e2e-tests-runner/src/test/resources/features/LoanChargeback-Part1.feature:1239[39m
  [32m✔[39m [32m[1mWhen [22mAdmin sets the business date to [1m"1 January 2023"[22m[39m                                                                                                                      [90m# org.apache.fineract.test.stepdef.common.BusinessDateStepDef.setBusinessDate(java.lang.String)[39m
  [32m✔[39m [32m[1mWhen [22mAdmin creates a client with random data[39m                                                                                                                               [90m# org.apache.fineract.test.stepdef.common.ClientStepDef.createClientRandomFirstNameLastName()[39m
  [32m✔[39m [32m[1mWhen [22mAdmin successfully creates a new customised Loan submitted on date: [1m"1 January 2023"[22m, with Principal: [1m"750"[22m, a loanTermFrequency: [1m3[22m months, and numberOfRepayments: [1m3[22m[39m [90m# org.apache.fineract.test.stepdef.loan.LoanStepDef.createCustomizedLoan(java.lang.String,java.lang.String,java.lang.Integer,java.lang.Integer)[39m
  [32m✔[39m [32m[1mAnd [22mAdmin successfully approves the loan on [1m"1 January 2023"[22m with [1m"750"[22m amount and expected disbursement date on [1m"1 January 2023"[22m[39m                                          [90m# org.apache.fineract.test.stepdef.loan.LoanStepDef.approveLoan(java.lang.String,java.lang.String,java.lang.String)[39m
  [32m✔[39m [32m[1mWhen [22mAdmin successfully disburse the loan on [1m"1 January 2023"[22m with [1m"750"[22m EUR transaction amount[39m                                                                            [90m# org.apache.fineract.test.stepdef.loan.LoanStepDef.disburseLoan(java.lang.String,java.lang.String)[39m
  [32m✔[39m [32m[1mWhen [22mAdmin sets the business date to [1m"1 February 2023"[22m[39m                                                                                                                     [90m# org.apache.fineract.test.stepdef.common.BusinessDateStepDef.setBusinessDate(java.lang.String)[39m
  [32m✔[39m [32m[1mAnd [22mCustomer makes [1m"AUTOPAY"[22m repayment on [1m"1 February 2023"[22m with [1m150[22m EUR transaction amount[39m                                                                                [90m# org.apache.fineract.test.stepdef.loan.LoanRepaymentStepDef.makeLoanRepayment(java.lang.String,java.lang.String,double)[39m
  [32m✔[39m [32m[1mWhen [22mAdmin sets the business date to [1m"1 March 2023"[22m[39m                                                                                                                        [90m# org.apache.fineract.test.stepdef.common.BusinessDateStepDef.setBusinessDate(java.lang.String)[39m
  [32m✔[39m [32m[1mAnd [22mCustomer makes [1m"AUTOPAY"[22m repayment on [1m"1 March 2023"[22m with [1m350[22m EUR transaction amount[39m                                                                                   [90m# org.apache.fineract.test.stepdef.loan.LoanRepaymentStepDef.makeLoanRepayment(java.lang.String,java.lang.String,double)[39m
  [32m✔[39m [32m[1mWhen [22mAdmin sets the business date to [1m"1 April 2023"[22m[39m                                                                                                                        [90m# org.apache.fineract.test.stepdef.common.BusinessDateStepDef.setBusinessDate(java.lang.String)[39m
  [32m✔[39m [32m[1mAnd [22mCustomer makes [1m"AUTOPAY"[22m repayment on [1m"1 April 2023"[22m with [1m500[22m EUR transaction amount[39m                                                                                   [90m# org.apache.fineract.test.stepdef.loan.LoanRepaymentStepDef.makeLoanRepayment(java.lang.String,java.lang.String,double)[39m
  [32m✔[39m [32m[1mThen [22mLoan has [1m0[22m outstanding amount[39m                                                                                                                                         [90m# org.apache.fineract.test.stepdef.loan.LoanStepDef.loanOutstanding(double)[39m
  [32m✔[39m [32m[1mWhen [22mAdmin sets the business date to [1m"25 April 2023"[22m[39m                                                                                                                       [90m# org.apache.fineract.test.stepdef.common.BusinessDateStepDef.setBusinessDate(java.lang.String)[39m
  [32m✔[39m [32m[1mAnd [22mAdmin makes [1m"REPAYMENT_ADJUSTMENT_CHARGEBACK"[22m chargeback with [1m350[22m EUR transaction amount for Payment nr. [1m2[22m[39m                                                             [90m# org.apache.fineract.test.stepdef.loan.LoanChargeBackStepDef.makeLoanChargebackForPayment(java.lang.String,double,double)[39m
  [32m✔[39m [32m[1mThen [22mLoan has [1m100[22m outstanding amount[39m                                                                                                                                       [90m# org.apache.fineract.test.stepdef.loan.LoanStepDef.loanOutstanding(double)[39m
  [32m✔[39m [32m[1mWhen [22mCustomer undo [1m"1"[22mth repayment on [1m"01 February 2023"[22m[39m                                                                                                                   [90m# org.apache.fineract.test.stepdef.loan.LoanRepaymentStepDef.undoNthRepayment(java.lang.String,java.lang.String)[39m
  [32m✔[39m [32m[1mThen [22mLoan has [1m250[22m outstanding amount[39m                                                                                                                                       [90m# org.apache.fineract.test.stepdef.loan.LoanStepDef.loanOutstanding(double)[39m
  [32m✔[39m [32m[1mThen [22mLoan Repayment schedule has [1m4[22m periods, with the following data for periods:[39m                                                                                           [90m# org.apache.fineract.test.stepdef.loan.LoanStepDef.loanRepaymentSchedulePeriodsCheck(int,io.cucumber.datatable.DataTable)[39m
      | Nr | Days | Date             | Paid date     | Balance of loan | Principal due | Interest | Fees | Penalties | Due   | Paid  | In advance | Late  | Outstanding |
      |    |      | 01 January 2023  |               | 750.0           |               |          | 0.0  |           | 0.0   | 0.0   |            |       |             |
      | 1  | 31   | 01 February 2023 | 01 March 2023 | 500.0           | 250.0         | 0.0      | 0.0  | 0.0       | 250.0 | 250.0 | 0.0        | 250.0 | 0.0         |
      | 2  | 28   | 01 March 2023    | 01 April 2023 | 250.0           | 250.0         | 0.0      | 0.0  | 0.0       | 250.0 | 250.0 | 0.0        | 150.0 | 0.0         |
      | 3  | 31   | 01 April 2023    | 01 April 2023 | 0.0             | 250.0         | 0.0      | 0.0  | 0.0       | 250.0 | 250.0 | 0.0        | 0.0   | 0.0         |
      | 4  | 24   | 25 April 2023    |               | 0.0             | 350.0         | 0.0      | 0.0  | 0.0       | 350.0 | 100.0 | 0.0        | 0.0   | 250.0       |
  [32m✔[39m [32m[1mThen [22mLoan Repayment schedule has the following data in Total row:[39m                                                                                                          [90m# org.apache.fineract.test.stepdef.loan.LoanStepDef.loanRepaymentScheduleAmountCheck(io.cucumber.datatable.DataTable)[39m
      | Principal due | Interest | Fees | Penalties | Due  | Paid | In advance | Late | Outstanding |
      | 1100          | 0        | 0    | 0         | 1100 | 850  | 0          | 400  | 250         |
  [32m✔[39m [32m[1mThen [22mLoan Transactions tab has a [1m"DISBURSEMENT"[22m transaction with date [1m"01 January 2023"[22m which has the following Journal entries:[39m                                           [90m# org.apache.fineract.test.stepdef.common.JournalEntriesStepDef.journalEntryDataCheck(java.lang.String,java.lang.String,io.cucumber.datatable.DataTable)[39m
      | Type      | Account code | Account name              | Debit | Credit |
      | ASSET     | 112601       | Loans Receivable          | 750.0 |        |
      | LIABILITY | 145023       | Suspense/Clearing account |       | 750.0  |
  [32m✔[39m [32m[1mThen [22mLoan Transactions tab has a [1m"REPAYMENT"[22m transaction with date [1m"01 February 2023"[22m which has the following Journal entries:[39m                                             [90m# org.apache.fineract.test.stepdef.common.JournalEntriesStepDef.journalEntryDataCheck(java.lang.String,java.lang.String,io.cucumber.datatable.DataTable)[39m
      | Type      | Account code | Account name              | Debit | Credit |
      | ASSET     | 112601       | Loans Receivable          |       | 150.0  |
      | LIABILITY | 145023       | Suspense/Clearing account | 150.0 |        |
      | ASSET     | 112601       | Loans Receivable          | 150.0 |        |
      | LIABILITY | 145023       | Suspense/Clearing account |       | 150.0  |
  [32m✔[39m [32m[1mThen [22mLoan Transactions tab has a [1m"REPAYMENT"[22m transaction with date [1m"01 March 2023"[22m which has the following Journal entries:[39m                                                [90m# org.apache.fineract.test.stepdef.common.JournalEntriesStepDef.journalEntryDataCheck(java.lang.String,java.lang.String,io.cucumber.datatable.DataTable)[39m
      | Type      | Account code | Account name              | Debit | Credit |
      | ASSET     | 112601       | Loans Receivable          |       | 350.0  |
      | LIABILITY | 145023       | Suspense/Clearing account | 350.0 |        |
  [32m✔[39m [32m[1mThen [22mLoan Transactions tab has a [1m"REPAYMENT"[22m transaction with date [1m"01 April 2023"[22m which has the following Journal entries:[39m                                                [90m# org.apache.fineract.test.stepdef.common.JournalEntriesStepDef.journalEntryDataCheck(java.lang.String,java.lang.String,io.cucumber.datatable.DataTable)[39m
      | Type      | Account code | Account name              | Debit | Credit |
      | ASSET     | 112601       | Loans Receivable          |       | 400.0  |
      | LIABILITY | l1           | Overpayment account       |       | 100.0  |
      | LIABILITY | 145023       | Suspense/Clearing account | 500.0 |        |
  [32m✔[39m [32m[1mThen [22mLoan Transactions tab has a [1m"CHARGEBACK"[22m transaction with date [1m"25 April 2023"[22m which has the following Journal entries:[39m                                               [90m# org.apache.fineract.test.stepdef.common.JournalEntriesStepDef.journalEntryDataCheck(java.lang.String,java.lang.String,io.cucumber.datatable.DataTable)[39m
      | Type      | Account code | Account name              | Debit | Credit |
      | ASSET     | 112601       | Loans Receivable          | 250.0 |        |
      | LIABILITY | 145023       | Suspense/Clearing account |       | 350.0  |
      | LIABILITY | l1           | Overpayment account       | 100.0 |        |

@LoanChargeback @TestRailId:C2624
[1mScenario:[22m As an admin I would like to verify principal portion for partial chargeback for OVERPAID loan                                  [90m# fineract-e2e-tests-runner/src/test/resources/features/LoanChargeback-Part1.feature:1293[39m
  [32m✔[39m [32m[1mWhen [22mAdmin sets the business date to [1m"01 January 2023"[22m[39m                                                                               [90m# org.apache.fineract.test.stepdef.common.BusinessDateStepDef.setBusinessDate(java.lang.String)[39m
  [32m✔[39m [32m[1mWhen [22mAdmin creates a client with random data[39m                                                                                         [90m# org.apache.fineract.test.stepdef.common.ClientStepDef.createClientRandomFirstNameLastName()[39m
  [32m✔[39m [32m[1mWhen [22mAdmin creates a new default Loan with date: [1m"01 January 2023"[22m[39m                                                                   [90m# org.apache.fineract.test.stepdef.loan.LoanStepDef.createLoanWithDate(java.lang.String)[39m
  [32m✔[39m [32m[1mAnd [22mAdmin successfully approves the loan on [1m"01 January 2023"[22m with [1m"1000"[22m amount and expected disbursement date on [1m"01 January 2023"[22m[39m [90m# org.apache.fineract.test.stepdef.loan.LoanStepDef.approveLoan(java.lang.String,java.lang.String,java.lang.String)[39m
  [32m✔[39m [32m[1mWhen [22mAdmin successfully disburse the loan on [1m"01 January 2023"[22m with [1m"1000"[22m EUR transaction amount[39m                                    [90m# org.apache.fineract.test.stepdef.loan.LoanStepDef.disburseLoan(java.lang.String,java.lang.String)[39m
  [32m✔[39m [32m[1mWhen [22mAdmin sets the business date to [1m"01 February 2023"[22m[39m                                                                              [90m# org.apache.fineract.test.stepdef.common.BusinessDateStepDef.setBusinessDate(java.lang.String)[39m
  [32m✔[39m [32m[1mAnd [22mCustomer makes [1m"AUTOPAY"[22m repayment on [1m"01 February 2023"[22m with [1m500[22m EUR transaction amount[39m                                         [90m# org.apache.fineract.test.stepdef.loan.LoanRepaymentStepDef.makeLoanRepayment(java.lang.String,java.lang.String,double)[39m
  [32m✔[39m [32m[1mThen [22mLoan has [1m500[22m outstanding amount[39m                                                                                                 [90m# org.apache.fineract.test.stepdef.loan.LoanStepDef.loanOutstanding(double)[39m
  [32m✔[39m [32m[1mThen [22mLoan status will be [1m"ACTIVE"[22m[39m                                                                                                    [90m# org.apache.fineract.test.stepdef.loan.LoanStepDef.loanStatus(java.lang.String)[39m
  [32m✔[39m [32m[1mWhen [22mAdmin sets the business date to [1m"01 March 2023"[22m[39m                                                                                 [90m# org.apache.fineract.test.stepdef.common.BusinessDateStepDef.setBusinessDate(java.lang.String)[39m
  [32m✔[39m [32m[1mAnd [22mCustomer makes [1m"AUTOPAY"[22m repayment on [1m"01 March 2023"[22m with [1m300[22m EUR transaction amount[39m                                            [90m# org.apache.fineract.test.stepdef.loan.LoanRepaymentStepDef.makeLoanRepayment(java.lang.String,java.lang.String,double)[39m
  [32m✔[39m [32m[1mThen [22mLoan has [1m200[22m outstanding amount[39m                                                                                                 [90m# org.apache.fineract.test.stepdef.loan.LoanStepDef.loanOutstanding(double)[39m
  [32m✔[39m [32m[1mThen [22mLoan status will be [1m"ACTIVE"[22m[39m                                                                                                    [90m# org.apache.fineract.test.stepdef.loan.LoanStepDef.loanStatus(java.lang.String)[39m
  [32m✔[39m [32m[1mWhen [22mAdmin sets the business date to [1m"01 April 2023"[22m[39m                                                                                 [90m# org.apache.fineract.test.stepdef.common.BusinessDateStepDef.setBusinessDate(java.lang.String)[39m
  [32m✔[39m [32m[1mAnd [22mCustomer makes [1m"AUTOPAY"[22m repayment on [1m"01 April 2023"[22m with [1m300[22m EUR transaction amount[39m                                            [90m# org.apache.fineract.test.stepdef.loan.LoanRepaymentStepDef.makeLoanRepayment(java.lang.String,java.lang.String,double)[39m
  [32m✔[39m [32m[1mThen [22mLoan has [1m0[22m outstanding amount[39m                                                                                                   [90m# org.apache.fineract.test.stepdef.loan.LoanStepDef.loanOutstanding(double)[39m
  [32m✔[39m [32m[1mThen [22mLoan status will be [1m"OVERPAID"[22m[39m                                                                                                  [90m# org.apache.fineract.test.stepdef.loan.LoanStepDef.loanStatus(java.lang.String)[39m
  [32m✔[39m [32m[1mWhen [22mAdmin sets the business date to [1m"04 April 2023"[22m[39m                                                                                 [90m# org.apache.fineract.test.stepdef.common.BusinessDateStepDef.setBusinessDate(java.lang.String)[39m
  [32m✔[39m [32m[1mWhen [22mAdmin makes [1m"REPAYMENT_ADJUSTMENT_CHARGEBACK"[22m chargeback with [1m300[22m EUR transaction amount for Payment nr. [1m2[22m[39m                      [90m# org.apache.fineract.test.stepdef.loan.LoanChargeBackStepDef.makeLoanChargebackForPayment(java.lang.String,double,double)[39m
  [32m✔[39m [32m[1mThen [22mLoan status will be [1m"ACTIVE"[22m[39m                                                                                                    [90m# org.apache.fineract.test.stepdef.loan.LoanStepDef.loanStatus(java.lang.String)[39m
  [32m✔[39m [32m[1mThen [22mLoan has [1m200[22m outstanding amount[39m                                                                                                 [90m# org.apache.fineract.test.stepdef.loan.LoanStepDef.loanOutstanding(double)[39m
  [32m✔[39m [32m[1mWhen [22mAdmin sets the business date to [1m"07 April 2023"[22m[39m                                                                                 [90m# org.apache.fineract.test.stepdef.common.BusinessDateStepDef.setBusinessDate(java.lang.String)[39m
  [32m✔[39m [32m[1mWhen [22mAdmin makes [1m"REPAYMENT_ADJUSTMENT_CHARGEBACK"[22m chargeback with [1m300[22m EUR transaction amount for Payment nr. [1m1[22m[39m                      [90m# org.apache.fineract.test.stepdef.loan.LoanChargeBackStepDef.makeLoanChargebackForPayment(java.lang.String,double,double)[39m
  [32m✔[39m [32m[1mThen [22mLoan Transactions tab has a transaction with date: [1m"07 April 2023"[22m, and with the following data:[39m                                [90m# org.apache.fineract.test.stepdef.loan.LoanStepDef.loanTransactionsTransactionWithGivenDateDataCheck(java.lang.String,io.cucumber.datatable.DataTable)[39m
      | Transaction Type | Amount | Principal | Interest | Fees | Penalties | Loan Balance |
      | Chargeback       | 300.0  | 300.0     | 0.0      | 0.0  | 0.0       | 500.0        |
  [32m✔[39m [32m[1mThen [22mLoan status will be [1m"ACTIVE"[22m[39m                                                                                                    [90m# org.apache.fineract.test.stepdef.loan.LoanStepDef.loanStatus(java.lang.String)[39m
  [32m✔[39m [32m[1mThen [22mLoan has [1m500[22m outstanding amount[39m                                                                                                 [90m# org.apache.fineract.test.stepdef.loan.LoanStepDef.loanOutstanding(double)[39m

@LoanChargeback @TestRailId:C2870 @AdvancedPaymentAllocationChargeback @AdvancedPaymentAllocation
[1mScenario:[22m Verify chargeback function for advanced payment allocation on a closed loan in case of payment type: REPAYMENT_ADJUSTMENT_CHARGEBACK                         [90m# fineract-e2e-tests-runner/src/test/resources/features/LoanChargeback-Part1.feature:1324[39m
  [32m✔[39m [32m[1mWhen [22mAdmin sets the business date to [1m"01 September 2023"[22m[39m                                                                                                           [90m# org.apache.fineract.test.stepdef.common.BusinessDateStepDef.setBusinessDate(java.lang.String)[39m
  [32m✔[39m [32m[1mWhen [22mAdmin creates a client with random data[39m                                                                                                                       [90m# org.apache.fineract.test.stepdef.common.ClientStepDef.createClientRandomFirstNameLastName()[39m
  [32m✔[39m [32m[1mWhen [22mAdmin set [1m"LP2_DOWNPAYMENT_AUTO_ADVANCED_PAYMENT_ALLOCATION"[22m loan product [1m"DEFAULT"[22m transaction type to [1m"NEXT_INSTALLMENT"[22m future installment allocation rule[39m [90m# org.apache.fineract.test.stepdef.loan.LoanStepDef.editFutureInstallmentAllocationTypeForLoanProduct(java.lang.String,java.lang.String,java.lang.String)[39m
  [32m✔[39m [32m[1mWhen [22mAdmin creates a fully customized loan with the following data:[39m                                                                                                [90m# org.apache.fineract.test.stepdef.loan.LoanStepDef.createFullyCustomizedLoan(io.cucumber.datatable.DataTable)[39m
      | LoanProduct                                      | submitted on date | with Principal | ANNUAL interest rate % | interest type | interest calculation period | amortization type  | loanTermFrequency | loanTermFrequencyType | repaymentEvery | repaymentFrequencyType | numberOfRepayments | graceOnPrincipalPayment | graceOnInterestPayment | interest free period | Payment strategy            |
      | LP2_DOWNPAYMENT_AUTO_ADVANCED_PAYMENT_ALLOCATION | 01 September 2023 | 400            | 0                      | FLAT          | SAME_AS_REPAYMENT_PERIOD    | EQUAL_INSTALLMENTS | 45                | DAYS                  | 15             | DAYS                   | 3                  | 0                       | 0                      | 0                    | ADVANCED_PAYMENT_ALLOCATION |
  [32m✔[39m [32m[1mAnd [22mAdmin successfully approves the loan on [1m"01 September 2023"[22m with [1m"400"[22m amount and expected disbursement date on [1m"01 September 2023"[22m[39m                            [90m# org.apache.fineract.test.stepdef.loan.LoanStepDef.approveLoan(java.lang.String,java.lang.String,java.lang.String)[39m
  [32m✔[39m [32m[1mWhen [22mAdmin successfully disburse the loan on [1m"01 September 2023"[22m with [1m"400"[22m EUR transaction amount[39m                                                                 [90m# org.apache.fineract.test.stepdef.loan.LoanStepDef.disburseLoan(java.lang.String,java.lang.String)[39m
  [32m✔[39m [32m[1mWhen [22mAdmin sets the business date to [1m"16 September 2023"[22m[39m                                                                                                           [90m# org.apache.fineract.test.stepdef.common.BusinessDateStepDef.setBusinessDate(java.lang.String)[39m
  [32m✔[39m [32m[1mAnd [22mCustomer makes [1m"AUTOPAY"[22m repayment on [1m"16 September 2023"[22m with [1m100[22m EUR transaction amount[39m                                                                      [90m# org.apache.fineract.test.stepdef.loan.LoanRepaymentStepDef.makeLoanRepayment(java.lang.String,java.lang.String,double)[39m
  [32m✔[39m [32m[1mWhen [22mAdmin sets the business date to [1m"01 October 2023"[22m[39m                                                                                                             [90m# org.apache.fineract.test.stepdef.common.BusinessDateStepDef.setBusinessDate(java.lang.String)[39m
  [32m✔[39m [32m[1mAnd [22mCustomer makes [1m"AUTOPAY"[22m repayment on [1m"01 October 2023"[22m with [1m100[22m EUR transaction amount[39m                                                                        [90m# org.apache.fineract.test.stepdef.loan.LoanRepaymentStepDef.makeLoanRepayment(java.lang.String,java.lang.String,double)[39m
  [32m✔[39m [32m[1mWhen [22mAdmin sets the business date to [1m"16 October 2023"[22m[39m                                                                                                             [90m# org.apache.fineract.test.stepdef.common.BusinessDateStepDef.setBusinessDate(java.lang.String)[39m
  [32m✔[39m [32m[1mAnd [22mCustomer makes [1m"AUTOPAY"[22m repayment on [1m"16 October 2023"[22m with [1m100[22m EUR transaction amount[39m                                                                        [90m# org.apache.fineract.test.stepdef.loan.LoanRepaymentStepDef.makeLoanRepayment(java.lang.String,java.lang.String,double)[39m
  [32m✔[39m [32m[1mThen [22mLoan has [1m0[22m outstanding amount[39m                                                                                                                                 [90m# org.apache.fineract.test.stepdef.loan.LoanStepDef.loanOutstanding(double)[39m
  [32m✔[39m [32m[1mThen [22mLoan status will be [1m"CLOSED_OBLIGATIONS_MET"[22m[39m                                                                                                                  [90m# org.apache.fineract.test.stepdef.loan.LoanStepDef.loanStatus(java.lang.String)[39m
  [32m✔[39m [32m[1mWhen [22mAdmin sets the business date to [1m"25 October 2023"[22m[39m                                                                                                             [90m# org.apache.fineract.test.stepdef.common.BusinessDateStepDef.setBusinessDate(java.lang.String)[39m
  [32m✔[39m [32m[1mWhen [22mAdmin makes [1m"REPAYMENT_ADJUSTMENT_CHARGEBACK"[22m chargeback with [1m100[22m EUR transaction amount[39m                                                                      [90m# org.apache.fineract.test.stepdef.loan.LoanChargeBackStepDef.makeLoanChargeback(java.lang.String,double)[39m
  [32m✔[39m [32m[1mThen [22mLoan has [1m100[22m outstanding amount[39m                                                                                                                               [90m# org.apache.fineract.test.stepdef.loan.LoanStepDef.loanOutstanding(double)[39m
  [32m✔[39m [32m[1mThen [22mLoan status will be [1m"ACTIVE"[22m[39m                                                                                                                                  [90m# org.apache.fineract.test.stepdef.loan.LoanStepDef.loanStatus(java.lang.String)[39m
  [32m✔[39m [32m[1mThen [22mLoan Repayment schedule has [1m5[22m periods, with the following data for periods:[39m                                                                                   [90m# org.apache.fineract.test.stepdef.loan.LoanStepDef.loanRepaymentSchedulePeriodsCheck(int,io.cucumber.datatable.DataTable)[39m
      | Nr | Days | Date              | Paid date         | Balance of loan | Principal due | Interest | Fees | Penalties | Due   | Paid  | In advance | Late | Outstanding |
      |    |      | 01 September 2023 |                   | 400.0           |               |          | 0.0  |           | 0.0   | 0.0   |            |      |             |
      | 1  | 0    | 01 September 2023 | 01 September 2023 | 300.0           | 100.0         | 0.0      | 0.0  | 0.0       | 100.0 | 100.0 | 0.0        | 0.0  | 0.0         |
      | 2  | 15   | 16 September 2023 | 16 September 2023 | 200.0           | 100.0         | 0.0      | 0.0  | 0.0       | 100.0 | 100.0 | 0.0        | 0.0  | 0.0         |
      | 3  | 15   | 01 October 2023   | 01 October 2023   | 100.0           | 100.0         | 0.0      | 0.0  | 0.0       | 100.0 | 100.0 | 0.0        | 0.0  | 0.0         |
      | 4  | 15   | 16 October 2023   | 16 October 2023   | 0.0             | 100.0         | 0.0      | 0.0  | 0.0       | 100.0 | 100.0 | 0.0        | 0.0  | 0.0         |
      | 5  | 9    | 25 October 2023   |                   | 0.0             | 100.0         | 0.0      | 0.0  | 0.0       | 100.0 | 0.0   | 0.0        | 0.0  | 100.0       |
  [32m✔[39m [32m[1mThen [22mLoan Repayment schedule has the following data in Total row:[39m                                                                                                  [90m# org.apache.fineract.test.stepdef.loan.LoanStepDef.loanRepaymentScheduleAmountCheck(io.cucumber.datatable.DataTable)[39m
      | Principal due | Interest | Fees | Penalties | Due   | Paid  | In advance | Late | Outstanding |
      | 500.0         | 0        | 0.0  | 0         | 500.0 | 400.0 | 0.0        | 0.0  | 100.0       |
  [32m✔[39m [32m[1mThen [22mLoan Transactions tab has the following data:[39m                                                                                                                 [90m# org.apache.fineract.test.stepdef.loan.LoanStepDef.loanTransactionsTabCheck(io.cucumber.datatable.DataTable)[39m
      | Transaction date  | Transaction Type | Amount | Principal | Interest | Fees | Penalties | Loan Balance |
      | 01 September 2023 | Disbursement     | 400.0  | 0.0       | 0.0      | 0.0  | 0.0       | 400.0        |
      | 01 September 2023 | Down Payment     | 100.0  | 100.0     | 0.0      | 0.0  | 0.0       | 300.0        |
      | 16 September 2023 | Repayment        | 100.0  | 100.0     | 0.0      | 0.0  | 0.0       | 200.0        |
      | 01 October 2023   | Repayment        | 100.0  | 100.0     | 0.0      | 0.0  | 0.0       | 100.0        |
      | 16 October 2023   | Repayment        | 100.0  | 100.0     | 0.0      | 0.0  | 0.0       | 0.0          |
      | 25 October 2023   | Chargeback       | 100.0  | 100.0     | 0.0      | 0.0  | 0.0       | 100.0        |

@LoanChargeback @TestRailId:C2871 @AdvancedPaymentAllocationChargeback @AdvancedPaymentAllocation
[1mScenario:[22m Verify chargeback function for advanced payment allocation on a closed loan in case of payment type: REPAYMENT_ADJUSTMENT_REFUND                             [90m# fineract-e2e-tests-runner/src/test/resources/features/LoanChargeback-Part1.feature:1366[39m
  [32m✔[39m [32m[1mWhen [22mAdmin sets the business date to [1m"01 September 2023"[22m[39m                                                                                                           [90m# org.apache.fineract.test.stepdef.common.BusinessDateStepDef.setBusinessDate(java.lang.String)[39m
  [32m✔[39m [32m[1mWhen [22mAdmin creates a client with random data[39m                                                                                                                       [90m# org.apache.fineract.test.stepdef.common.ClientStepDef.createClientRandomFirstNameLastName()[39m
  [32m✔[39m [32m[1mWhen [22mAdmin set [1m"LP2_DOWNPAYMENT_AUTO_ADVANCED_PAYMENT_ALLOCATION"[22m loan product [1m"DEFAULT"[22m transaction type to [1m"NEXT_INSTALLMENT"[22m future installment allocation rule[39m [90m# org.apache.fineract.test.stepdef.loan.LoanStepDef.editFutureInstallmentAllocationTypeForLoanProduct(java.lang.String,java.lang.String,java.lang.String)[39m
  [32m✔[39m [32m[1mWhen [22mAdmin creates a fully customized loan with the following data:[39m                                                                                                [90m# org.apache.fineract.test.stepdef.loan.LoanStepDef.createFullyCustomizedLoan(io.cucumber.datatable.DataTable)[39m
      | LoanProduct                                      | submitted on date | with Principal | ANNUAL interest rate % | interest type | interest calculation period | amortization type  | loanTermFrequency | loanTermFrequencyType | repaymentEvery | repaymentFrequencyType | numberOfRepayments | graceOnPrincipalPayment | graceOnInterestPayment | interest free period | Payment strategy            |
      | LP2_DOWNPAYMENT_AUTO_ADVANCED_PAYMENT_ALLOCATION | 01 September 2023 | 400            | 0                      | FLAT          | SAME_AS_REPAYMENT_PERIOD    | EQUAL_INSTALLMENTS | 45                | DAYS                  | 15             | DAYS                   | 3                  | 0                       | 0                      | 0                    | ADVANCED_PAYMENT_ALLOCATION |
  [32m✔[39m [32m[1mAnd [22mAdmin successfully approves the loan on [1m"01 September 2023"[22m with [1m"400"[22m amount and expected disbursement date on [1m"01 September 2023"[22m[39m                            [90m# org.apache.fineract.test.stepdef.loan.LoanStepDef.approveLoan(java.lang.String,java.lang.String,java.lang.String)[39m
  [32m✔[39m [32m[1mWhen [22mAdmin successfully disburse the loan on [1m"01 September 2023"[22m with [1m"400"[22m EUR transaction amount[39m                                                                 [90m# org.apache.fineract.test.stepdef.loan.LoanStepDef.disburseLoan(java.lang.String,java.lang.String)[39m
  [32m✔[39m [32m[1mWhen [22mAdmin sets the business date to [1m"16 September 2023"[22m[39m                                                                                                           [90m# org.apache.fineract.test.stepdef.common.BusinessDateStepDef.setBusinessDate(java.lang.String)[39m
  [32m✔[39m [32m[1mAnd [22mCustomer makes [1m"AUTOPAY"[22m repayment on [1m"16 September 2023"[22m with [1m100[22m EUR transaction amount[39m                                                                      [90m# org.apache.fineract.test.stepdef.loan.LoanRepaymentStepDef.makeLoanRepayment(java.lang.String,java.lang.String,double)[39m
  [32m✔[39m [32m[1mWhen [22mAdmin sets the business date to [1m"01 October 2023"[22m[39m                                                                                                             [90m# org.apache.fineract.test.stepdef.common.BusinessDateStepDef.setBusinessDate(java.lang.String)[39m
  [32m✔[39m [32m[1mAnd [22mCustomer makes [1m"AUTOPAY"[22m repayment on [1m"01 October 2023"[22m with [1m100[22m EUR transaction amount[39m                                                                        [90m# org.apache.fineract.test.stepdef.loan.LoanRepaymentStepDef.makeLoanRepayment(java.lang.String,java.lang.String,double)[39m
  [32m✔[39m [32m[1mWhen [22mAdmin sets the business date to [1m"16 October 2023"[22m[39m                                                                                                             [90m# org.apache.fineract.test.stepdef.common.BusinessDateStepDef.setBusinessDate(java.lang.String)[39m
  [32m✔[39m [32m[1mAnd [22mCustomer makes [1m"AUTOPAY"[22m repayment on [1m"16 October 2023"[22m with [1m100[22m EUR transaction amount[39m                                                                        [90m# org.apache.fineract.test.stepdef.loan.LoanRepaymentStepDef.makeLoanRepayment(java.lang.String,java.lang.String,double)[39m
  [32m✔[39m [32m[1mThen [22mLoan has [1m0[22m outstanding amount[39m                                                                                                                                 [90m# org.apache.fineract.test.stepdef.loan.LoanStepDef.loanOutstanding(double)[39m
  [32m✔[39m [32m[1mThen [22mLoan status will be [1m"CLOSED_OBLIGATIONS_MET"[22m[39m                                                                                                                  [90m# org.apache.fineract.test.stepdef.loan.LoanStepDef.loanStatus(java.lang.String)[39m
  [32m✔[39m [32m[1mWhen [22mAdmin sets the business date to [1m"25 October 2023"[22m[39m                                                                                                             [90m# org.apache.fineract.test.stepdef.common.BusinessDateStepDef.setBusinessDate(java.lang.String)[39m
  [32m✔[39m [32m[1mWhen [22mAdmin makes [1m"REPAYMENT_ADJUSTMENT_REFUND"[22m chargeback with [1m100[22m EUR transaction amount[39m                                                                          [90m# org.apache.fineract.test.stepdef.loan.LoanChargeBackStepDef.makeLoanChargeback(java.lang.String,double)[39m
  [32m✔[39m [32m[1mThen [22mLoan has [1m100[22m outstanding amount[39m                                                                                                                               [90m# org.apache.fineract.test.stepdef.loan.LoanStepDef.loanOutstanding(double)[39m
  [32m✔[39m [32m[1mThen [22mLoan status will be [1m"ACTIVE"[22m[39m                                                                                                                                  [90m# org.apache.fineract.test.stepdef.loan.LoanStepDef.loanStatus(java.lang.String)[39m
  [32m✔[39m [32m[1mThen [22mLoan Repayment schedule has [1m5[22m periods, with the following data for periods:[39m                                                                                   [90m# org.apache.fineract.test.stepdef.loan.LoanStepDef.loanRepaymentSchedulePeriodsCheck(int,io.cucumber.datatable.DataTable)[39m
      | Nr | Days | Date              | Paid date         | Balance of loan | Principal due | Interest | Fees | Penalties | Due   | Paid  | In advance | Late | Outstanding |
      |    |      | 01 September 2023 |                   | 400.0           |               |          | 0.0  |           | 0.0   | 0.0   |            |      |             |
      | 1  | 0    | 01 September 2023 | 01 September 2023 | 300.0           | 100.0         | 0.0      | 0.0  | 0.0       | 100.0 | 100.0 | 0.0        | 0.0  | 0.0         |
      | 2  | 15   | 16 September 2023 | 16 September 2023 | 200.0           | 100.0         | 0.0      | 0.0  | 0.0       | 100.0 | 100.0 | 0.0        | 0.0  | 0.0         |
      | 3  | 15   | 01 October 2023   | 01 October 2023   | 100.0           | 100.0         | 0.0      | 0.0  | 0.0       | 100.0 | 100.0 | 0.0        | 0.0  | 0.0         |
      | 4  | 15   | 16 October 2023   | 16 October 2023   | 0.0             | 100.0         | 0.0      | 0.0  | 0.0       | 100.0 | 100.0 | 0.0        | 0.0  | 0.0         |
      | 5  | 9    | 25 October 2023   |                   | 0.0             | 100.0         | 0.0      | 0.0  | 0.0       | 100.0 | 0.0   | 0.0        | 0.0  | 100.0       |
  [32m✔[39m [32m[1mThen [22mLoan Repayment schedule has the following data in Total row:[39m                                                                                                  [90m# org.apache.fineract.test.stepdef.loan.LoanStepDef.loanRepaymentScheduleAmountCheck(io.cucumber.datatable.DataTable)[39m
      | Principal due | Interest | Fees | Penalties | Due   | Paid  | In advance | Late | Outstanding |
      | 500.0         | 0        | 0.0  | 0         | 500.0 | 400.0 | 0.0        | 0.0  | 100.0       |
  [32m✔[39m [32m[1mThen [22mLoan Transactions tab has the following data:[39m                                                                                                                 [90m# org.apache.fineract.test.stepdef.loan.LoanStepDef.loanTransactionsTabCheck(io.cucumber.datatable.DataTable)[39m
      | Transaction date  | Transaction Type | Amount | Principal | Interest | Fees | Penalties | Loan Balance |
      | 01 September 2023 | Disbursement     | 400.0  | 0.0       | 0.0      | 0.0  | 0.0       | 400.0        |
      | 01 September 2023 | Down Payment     | 100.0  | 100.0     | 0.0      | 0.0  | 0.0       | 300.0        |
      | 16 September 2023 | Repayment        | 100.0  | 100.0     | 0.0      | 0.0  | 0.0       | 200.0        |
      | 01 October 2023   | Repayment        | 100.0  | 100.0     | 0.0      | 0.0  | 0.0       | 100.0        |
      | 16 October 2023   | Repayment        | 100.0  | 100.0     | 0.0      | 0.0  | 0.0       | 0.0          |
      | 25 October 2023   | Chargeback       | 100.0  | 100.0     | 0.0      | 0.0  | 0.0       | 100.0        |

@LoanChargeback @TestRailId:C2872 @AdvancedPaymentAllocationChargeback @AdvancedPaymentAllocation
[1mScenario:[22m Verify chargeback function for advanced payment allocation when full repayment happens after chargeback, on the same business date                           [90m# fineract-e2e-tests-runner/src/test/resources/features/LoanChargeback-Part1.feature:1408[39m
  [32m✔[39m [32m[1mWhen [22mAdmin sets the business date to [1m"01 September 2023"[22m[39m                                                                                                           [90m# org.apache.fineract.test.stepdef.common.BusinessDateStepDef.setBusinessDate(java.lang.String)[39m
  [32m✔[39m [32m[1mWhen [22mAdmin creates a client with random data[39m                                                                                                                       [90m# org.apache.fineract.test.stepdef.common.ClientStepDef.createClientRandomFirstNameLastName()[39m
  [32m✔[39m [32m[1mWhen [22mAdmin set [1m"LP2_DOWNPAYMENT_AUTO_ADVANCED_PAYMENT_ALLOCATION"[22m loan product [1m"DEFAULT"[22m transaction type to [1m"NEXT_INSTALLMENT"[22m future installment allocation rule[39m [90m# org.apache.fineract.test.stepdef.loan.LoanStepDef.editFutureInstallmentAllocationTypeForLoanProduct(java.lang.String,java.lang.String,java.lang.String)[39m
  [32m✔[39m [32m[1mWhen [22mAdmin creates a fully customized loan with the following data:[39m                                                                                                [90m# org.apache.fineract.test.stepdef.loan.LoanStepDef.createFullyCustomizedLoan(io.cucumber.datatable.DataTable)[39m
      | LoanProduct                                      | submitted on date | with Principal | ANNUAL interest rate % | interest type | interest calculation period | amortization type  | loanTermFrequency | loanTermFrequencyType | repaymentEvery | repaymentFrequencyType | numberOfRepayments | graceOnPrincipalPayment | graceOnInterestPayment | interest free period | Payment strategy            |
      | LP2_DOWNPAYMENT_AUTO_ADVANCED_PAYMENT_ALLOCATION | 01 September 2023 | 400            | 0                      | FLAT          | SAME_AS_REPAYMENT_PERIOD    | EQUAL_INSTALLMENTS | 45                | DAYS                  | 15             | DAYS                   | 3                  | 0                       | 0                      | 0                    | ADVANCED_PAYMENT_ALLOCATION |
  [32m✔[39m [32m[1mAnd [22mAdmin successfully approves the loan on [1m"01 September 2023"[22m with [1m"400"[22m amount and expected disbursement date on [1m"01 September 2023"[22m[39m                            [90m# org.apache.fineract.test.stepdef.loan.LoanStepDef.approveLoan(java.lang.String,java.lang.String,java.lang.String)[39m
  [32m✔[39m [32m[1mWhen [22mAdmin successfully disburse the loan on [1m"01 September 2023"[22m with [1m"400"[22m EUR transaction amount[39m                                                                 [90m# org.apache.fineract.test.stepdef.loan.LoanStepDef.disburseLoan(java.lang.String,java.lang.String)[39m
  [32m✔[39m [32m[1mWhen [22mAdmin sets the business date to [1m"16 September 2023"[22m[39m                                                                                                           [90m# org.apache.fineract.test.stepdef.common.BusinessDateStepDef.setBusinessDate(java.lang.String)[39m
  [32m✔[39m [32m[1mAnd [22mCustomer makes [1m"AUTOPAY"[22m repayment on [1m"16 September 2023"[22m with [1m100[22m EUR transaction amount[39m                                                                      [90m# org.apache.fineract.test.stepdef.loan.LoanRepaymentStepDef.makeLoanRepayment(java.lang.String,java.lang.String,double)[39m
  [32m✔[39m [32m[1mWhen [22mAdmin sets the business date to [1m"01 October 2023"[22m[39m                                                                                                             [90m# org.apache.fineract.test.stepdef.common.BusinessDateStepDef.setBusinessDate(java.lang.String)[39m
  [32m✔[39m [32m[1mAnd [22mCustomer makes [1m"AUTOPAY"[22m repayment on [1m"01 October 2023"[22m with [1m100[22m EUR transaction amount[39m                                                                        [90m# org.apache.fineract.test.stepdef.loan.LoanRepaymentStepDef.makeLoanRepayment(java.lang.String,java.lang.String,double)[39m
  [32m✔[39m [32m[1mWhen [22mAdmin sets the business date to [1m"16 October 2023"[22m[39m                                                                                                             [90m# org.apache.fineract.test.stepdef.common.BusinessDateStepDef.setBusinessDate(java.lang.String)[39m
  [32m✔[39m [32m[1mAnd [22mCustomer makes [1m"AUTOPAY"[22m repayment on [1m"16 October 2023"[22m with [1m100[22m EUR transaction amount[39m                                                                        [90m# org.apache.fineract.test.stepdef.loan.LoanRepaymentStepDef.makeLoanRepayment(java.lang.String,java.lang.String,double)[39m
  [32m✔[39m [32m[1mThen [22mLoan has [1m0[22m outstanding amount[39m                                                                                                                                 [90m# org.apache.fineract.test.stepdef.loan.LoanStepDef.loanOutstanding(double)[39m
  [32m✔[39m [32m[1mThen [22mLoan status will be [1m"CLOSED_OBLIGATIONS_MET"[22m[39m                                                                                                                  [90m# org.apache.fineract.test.stepdef.loan.LoanStepDef.loanStatus(java.lang.String)[39m
  [32m✔[39m [32m[1mWhen [22mAdmin sets the business date to [1m"25 October 2023"[22m[39m                                                                                                             [90m# org.apache.fineract.test.stepdef.common.BusinessDateStepDef.setBusinessDate(java.lang.String)[39m
  [32m✔[39m [32m[1mWhen [22mAdmin makes [1m"REPAYMENT_ADJUSTMENT_CHARGEBACK"[22m chargeback with [1m100[22m EUR transaction amount[39m                                                                      [90m# org.apache.fineract.test.stepdef.loan.LoanChargeBackStepDef.makeLoanChargeback(java.lang.String,double)[39m
  [32m✔[39m [32m[1mThen [22mLoan has [1m100[22m outstanding amount[39m                                                                                                                               [90m# org.apache.fineract.test.stepdef.loan.LoanStepDef.loanOutstanding(double)[39m
  [32m✔[39m [32m[1mThen [22mLoan status will be [1m"ACTIVE"[22m[39m                                                                                                                                  [90m# org.apache.fineract.test.stepdef.loan.LoanStepDef.loanStatus(java.lang.String)[39m
  [32m✔[39m [32m[1mAnd [22mCustomer makes [1m"AUTOPAY"[22m repayment on [1m"25 October 2023"[22m with [1m100[22m EUR transaction amount[39m                                                                        [90m# org.apache.fineract.test.stepdef.loan.LoanRepaymentStepDef.makeLoanRepayment(java.lang.String,java.lang.String,double)[39m
  [32m✔[39m [32m[1mThen [22mLoan Repayment schedule has [1m5[22m periods, with the following data for periods:[39m                                                                                   [90m# org.apache.fineract.test.stepdef.loan.LoanStepDef.loanRepaymentSchedulePeriodsCheck(int,io.cucumber.datatable.DataTable)[39m
      | Nr | Days | Date              | Paid date         | Balance of loan | Principal due | Interest | Fees | Penalties | Due   | Paid  | In advance | Late | Outstanding |
      |    |      | 01 September 2023 |                   | 400.0           |               |          | 0.0  |           | 0.0   | 0.0   |            |      |             |
      | 1  | 0    | 01 September 2023 | 01 September 2023 | 300.0           | 100.0         | 0.0      | 0.0  | 0.0       | 100.0 | 100.0 | 0.0        | 0.0  | 0.0         |
      | 2  | 15   | 16 September 2023 | 16 September 2023 | 200.0           | 100.0         | 0.0      | 0.0  | 0.0       | 100.0 | 100.0 | 0.0        | 0.0  | 0.0         |
      | 3  | 15   | 01 October 2023   | 01 October 2023   | 100.0           | 100.0         | 0.0      | 0.0  | 0.0       | 100.0 | 100.0 | 0.0        | 0.0  | 0.0         |
      | 4  | 15   | 16 October 2023   | 16 October 2023   | 0.0             | 100.0         | 0.0      | 0.0  | 0.0       | 100.0 | 100.0 | 0.0        | 0.0  | 0.0         |
      | 5  | 9    | 25 October 2023   | 25 October 2023   | 0.0             | 100.0         | 0.0      | 0.0  | 0.0       | 100.0 | 100.0 | 0.0        | 0.0  | 0.0         |
  [32m✔[39m [32m[1mThen [22mLoan Repayment schedule has the following data in Total row:[39m                                                                                                  [90m# org.apache.fineract.test.stepdef.loan.LoanStepDef.loanRepaymentScheduleAmountCheck(io.cucumber.datatable.DataTable)[39m
      | Principal due | Interest | Fees | Penalties | Due   | Paid  | In advance | Late | Outstanding |
      | 500.0         | 0        | 0.0  | 0         | 500.0 | 500.0 | 0.0        | 0.0  | 0.0         |
  [32m✔[39m [32m[1mThen [22mLoan Transactions tab has the following data:[39m                                                                                                                 [90m# org.apache.fineract.test.stepdef.loan.LoanStepDef.loanTransactionsTabCheck(io.cucumber.datatable.DataTable)[39m
      | Transaction date  | Transaction Type | Amount | Principal | Interest | Fees | Penalties | Loan Balance |
      | 01 September 2023 | Disbursement     | 400.0  | 0.0       | 0.0      | 0.0  | 0.0       | 400.0        |
      | 01 September 2023 | Down Payment     | 100.0  | 100.0     | 0.0      | 0.0  | 0.0       | 300.0        |
      | 16 September 2023 | Repayment        | 100.0  | 100.0     | 0.0      | 0.0  | 0.0       | 200.0        |
      | 01 October 2023   | Repayment        | 100.0  | 100.0     | 0.0      | 0.0  | 0.0       | 100.0        |
      | 16 October 2023   | Repayment        | 100.0  | 100.0     | 0.0      | 0.0  | 0.0       | 0.0          |
      | 25 October 2023   | Chargeback       | 100.0  | 100.0     | 0.0      | 0.0  | 0.0       | 100.0        |
      | 25 October 2023   | Repayment        | 100.0  | 100.0     | 0.0      | 0.0  | 0.0       | 0.0          |

@LoanChargeback @TestRailId:C2873 @AdvancedPaymentAllocationChargeback @AdvancedPaymentAllocation
[1mScenario:[22m Verify chargeback function for advanced payment allocation when partial repayment happens after chargeback, on the same business date                        [90m# fineract-e2e-tests-runner/src/test/resources/features/LoanChargeback-Part1.feature:1452[39m
  [32m✔[39m [32m[1mWhen [22mAdmin sets the business date to [1m"01 September 2023"[22m[39m                                                                                                           [90m# org.apache.fineract.test.stepdef.common.BusinessDateStepDef.setBusinessDate(java.lang.String)[39m
  [32m✔[39m [32m[1mWhen [22mAdmin creates a client with random data[39m                                                                                                                       [90m# org.apache.fineract.test.stepdef.common.ClientStepDef.createClientRandomFirstNameLastName()[39m
  [32m✔[39m [32m[1mWhen [22mAdmin set [1m"LP2_DOWNPAYMENT_AUTO_ADVANCED_PAYMENT_ALLOCATION"[22m loan product [1m"DEFAULT"[22m transaction type to [1m"NEXT_INSTALLMENT"[22m future installment allocation rule[39m [90m# org.apache.fineract.test.stepdef.loan.LoanStepDef.editFutureInstallmentAllocationTypeForLoanProduct(java.lang.String,java.lang.String,java.lang.String)[39m
  [32m✔[39m [32m[1mWhen [22mAdmin creates a fully customized loan with the following data:[39m                                                                                                [90m# org.apache.fineract.test.stepdef.loan.LoanStepDef.createFullyCustomizedLoan(io.cucumber.datatable.DataTable)[39m
      | LoanProduct                                      | submitted on date | with Principal | ANNUAL interest rate % | interest type | interest calculation period | amortization type  | loanTermFrequency | loanTermFrequencyType | repaymentEvery | repaymentFrequencyType | numberOfRepayments | graceOnPrincipalPayment | graceOnInterestPayment | interest free period | Payment strategy            |
      | LP2_DOWNPAYMENT_AUTO_ADVANCED_PAYMENT_ALLOCATION | 01 September 2023 | 400            | 0                      | FLAT          | SAME_AS_REPAYMENT_PERIOD    | EQUAL_INSTALLMENTS | 45                | DAYS                  | 15             | DAYS                   | 3                  | 0                       | 0                      | 0                    | ADVANCED_PAYMENT_ALLOCATION |
  [32m✔[39m [32m[1mAnd [22mAdmin successfully approves the loan on [1m"01 September 2023"[22m with [1m"400"[22m amount and expected disbursement date on [1m"01 September 2023"[22m[39m                            [90m# org.apache.fineract.test.stepdef.loan.LoanStepDef.approveLoan(java.lang.String,java.lang.String,java.lang.String)[39m
  [32m✔[39m [32m[1mWhen [22mAdmin successfully disburse the loan on [1m"01 September 2023"[22m with [1m"400"[22m EUR transaction amount[39m                                                                 [90m# org.apache.fineract.test.stepdef.loan.LoanStepDef.disburseLoan(java.lang.String,java.lang.String)[39m
  [32m✔[39m [32m[1mWhen [22mAdmin sets the business date to [1m"16 September 2023"[22m[39m                                                                                                           [90m# org.apache.fineract.test.stepdef.common.BusinessDateStepDef.setBusinessDate(java.lang.String)[39m
  [32m✔[39m [32m[1mAnd [22mCustomer makes [1m"AUTOPAY"[22m repayment on [1m"16 September 2023"[22m with [1m100[22m EUR transaction amount[39m                                                                      [90m# org.apache.fineract.test.stepdef.loan.LoanRepaymentStepDef.makeLoanRepayment(java.lang.String,java.lang.String,double)[39m
  [32m✔[39m [32m[1mWhen [22mAdmin sets the business date to [1m"01 October 2023"[22m[39m                                                                                                             [90m# org.apache.fineract.test.stepdef.common.BusinessDateStepDef.setBusinessDate(java.lang.String)[39m
  [32m✔[39m [32m[1mAnd [22mCustomer makes [1m"AUTOPAY"[22m repayment on [1m"01 October 2023"[22m with [1m100[22m EUR transaction amount[39m                                                                        [90m# org.apache.fineract.test.stepdef.loan.LoanRepaymentStepDef.makeLoanRepayment(java.lang.String,java.lang.String,double)[39m
  [32m✔[39m [32m[1mWhen [22mAdmin sets the business date to [1m"16 October 2023"[22m[39m                                                                                                             [90m# org.apache.fineract.test.stepdef.common.BusinessDateStepDef.setBusinessDate(java.lang.String)[39m
  [32m✔[39m [32m[1mAnd [22mCustomer makes [1m"AUTOPAY"[22m repayment on [1m"16 October 2023"[22m with [1m100[22m EUR transaction amount[39m                                                                        [90m# org.apache.fineract.test.stepdef.loan.LoanRepaymentStepDef.makeLoanRepayment(java.lang.String,java.lang.String,double)[39m
  [32m✔[39m [32m[1mThen [22mLoan has [1m0[22m outstanding amount[39m                                                                                                                                 [90m# org.apache.fineract.test.stepdef.loan.LoanStepDef.loanOutstanding(double)[39m
  [32m✔[39m [32m[1mThen [22mLoan status will be [1m"CLOSED_OBLIGATIONS_MET"[22m[39m                                                                                                                  [90m# org.apache.fineract.test.stepdef.loan.LoanStepDef.loanStatus(java.lang.String)[39m
  [32m✔[39m [32m[1mWhen [22mAdmin sets the business date to [1m"25 October 2023"[22m[39m                                                                                                             [90m# org.apache.fineract.test.stepdef.common.BusinessDateStepDef.setBusinessDate(java.lang.String)[39m
  [32m✔[39m [32m[1mWhen [22mAdmin makes [1m"REPAYMENT_ADJUSTMENT_CHARGEBACK"[22m chargeback with [1m100[22m EUR transaction amount[39m                                                                      [90m# org.apache.fineract.test.stepdef.loan.LoanChargeBackStepDef.makeLoanChargeback(java.lang.String,double)[39m
  [32m✔[39m [32m[1mThen [22mLoan has [1m100[22m outstanding amount[39m                                                                                                                               [90m# org.apache.fineract.test.stepdef.loan.LoanStepDef.loanOutstanding(double)[39m
  [32m✔[39m [32m[1mThen [22mLoan status will be [1m"ACTIVE"[22m[39m                                                                                                                                  [90m# org.apache.fineract.test.stepdef.loan.LoanStepDef.loanStatus(java.lang.String)[39m
  [32m✔[39m [32m[1mAnd [22mCustomer makes [1m"AUTOPAY"[22m repayment on [1m"25 October 2023"[22m with [1m50[22m EUR transaction amount[39m                                                                         [90m# org.apache.fineract.test.stepdef.loan.LoanRepaymentStepDef.makeLoanRepayment(java.lang.String,java.lang.String,double)[39m
  [32m✔[39m [32m[1mThen [22mLoan Repayment schedule has [1m5[22m periods, with the following data for periods:[39m                                                                                   [90m# org.apache.fineract.test.stepdef.loan.LoanStepDef.loanRepaymentSchedulePeriodsCheck(int,io.cucumber.datatable.DataTable)[39m
      | Nr | Days | Date              | Paid date         | Balance of loan | Principal due | Interest | Fees | Penalties | Due   | Paid  | In advance | Late | Outstanding |
      |    |      | 01 September 2023 |                   | 400.0           |               |          | 0.0  |           | 0.0   | 0.0   |            |      |             |
      | 1  | 0    | 01 September 2023 | 01 September 2023 | 300.0           | 100.0         | 0.0      | 0.0  | 0.0       | 100.0 | 100.0 | 0.0        | 0.0  | 0.0         |
      | 2  | 15   | 16 September 2023 | 16 September 2023 | 200.0           | 100.0         | 0.0      | 0.0  | 0.0       | 100.0 | 100.0 | 0.0        | 0.0  | 0.0         |
      | 3  | 15   | 01 October 2023   | 01 October 2023   | 100.0           | 100.0         | 0.0      | 0.0  | 0.0       | 100.0 | 100.0 | 0.0        | 0.0  | 0.0         |
      | 4  | 15   | 16 October 2023   | 16 October 2023   | 0.0             | 100.0         | 0.0      | 0.0  | 0.0       | 100.0 | 100.0 | 0.0        | 0.0  | 0.0         |
      | 5  | 9    | 25 October 2023   |                   | 0.0             | 100.0         | 0.0      | 0.0  | 0.0       | 100.0 | 50.0  | 0.0        | 0.0  | 50.0        |
  [32m✔[39m [32m[1mThen [22mLoan Repayment schedule has the following data in Total row:[39m                                                                                                  [90m# org.apache.fineract.test.stepdef.loan.LoanStepDef.loanRepaymentScheduleAmountCheck(io.cucumber.datatable.DataTable)[39m
      | Principal due | Interest | Fees | Penalties | Due   | Paid  | In advance | Late | Outstanding |
      | 500.0         | 0        | 0.0  | 0         | 500.0 | 450.0 | 0.0        | 0.0  | 50.0        |
  [32m✔[39m [32m[1mThen [22mLoan Transactions tab has the following data:[39m                                                                                                                 [90m# org.apache.fineract.test.stepdef.loan.LoanStepDef.loanTransactionsTabCheck(io.cucumber.datatable.DataTable)[39m
      | Transaction date  | Transaction Type | Amount | Principal | Interest | Fees | Penalties | Loan Balance |
      | 01 September 2023 | Disbursement     | 400.0  | 0.0       | 0.0      | 0.0  | 0.0       | 400.0        |
      | 01 September 2023 | Down Payment     | 100.0  | 100.0     | 0.0      | 0.0  | 0.0       | 300.0        |
      | 16 September 2023 | Repayment        | 100.0  | 100.0     | 0.0      | 0.0  | 0.0       | 200.0        |
      | 01 October 2023   | Repayment        | 100.0  | 100.0     | 0.0      | 0.0  | 0.0       | 100.0        |
      | 16 October 2023   | Repayment        | 100.0  | 100.0     | 0.0      | 0.0  | 0.0       | 0.0          |
      | 25 October 2023   | Chargeback       | 100.0  | 100.0     | 0.0      | 0.0  | 0.0       | 100.0        |
      | 25 October 2023   | Repayment        | 50.0   | 50.0      | 0.0      | 0.0  | 0.0       | 50.0         |

@LoanChargeback @TestRailId:C2874 @AdvancedPaymentAllocationChargeback @AdvancedPaymentAllocation
[1mScenario:[22m Verify chargeback function for advanced payment allocation when full repayment happens after chargeback, on a future business date                           [90m# fineract-e2e-tests-runner/src/test/resources/features/LoanChargeback-Part1.feature:1496[39m
  [32m✔[39m [32m[1mWhen [22mAdmin sets the business date to [1m"01 September 2023"[22m[39m                                                                                                           [90m# org.apache.fineract.test.stepdef.common.BusinessDateStepDef.setBusinessDate(java.lang.String)[39m
  [32m✔[39m [32m[1mWhen [22mAdmin creates a client with random data[39m                                                                                                                       [90m# org.apache.fineract.test.stepdef.common.ClientStepDef.createClientRandomFirstNameLastName()[39m
  [32m✔[39m [32m[1mWhen [22mAdmin set [1m"LP2_DOWNPAYMENT_AUTO_ADVANCED_PAYMENT_ALLOCATION"[22m loan product [1m"DEFAULT"[22m transaction type to [1m"NEXT_INSTALLMENT"[22m future installment allocation rule[39m [90m# org.apache.fineract.test.stepdef.loan.LoanStepDef.editFutureInstallmentAllocationTypeForLoanProduct(java.lang.String,java.lang.String,java.lang.String)[39m
  [32m✔[39m [32m[1mWhen [22mAdmin creates a fully customized loan with the following data:[39m                                                                                                [90m# org.apache.fineract.test.stepdef.loan.LoanStepDef.createFullyCustomizedLoan(io.cucumber.datatable.DataTable)[39m
      | LoanProduct                                      | submitted on date | with Principal | ANNUAL interest rate % | interest type | interest calculation period | amortization type  | loanTermFrequency | loanTermFrequencyType | repaymentEvery | repaymentFrequencyType | numberOfRepayments | graceOnPrincipalPayment | graceOnInterestPayment | interest free period | Payment strategy            |
      | LP2_DOWNPAYMENT_AUTO_ADVANCED_PAYMENT_ALLOCATION | 01 September 2023 | 400            | 0                      | FLAT          | SAME_AS_REPAYMENT_PERIOD    | EQUAL_INSTALLMENTS | 45                | DAYS                  | 15             | DAYS                   | 3                  | 0                       | 0                      | 0                    | ADVANCED_PAYMENT_ALLOCATION |
  [32m✔[39m [32m[1mAnd [22mAdmin successfully approves the loan on [1m"01 September 2023"[22m with [1m"400"[22m amount and expected disbursement date on [1m"01 September 2023"[22m[39m                            [90m# org.apache.fineract.test.stepdef.loan.LoanStepDef.approveLoan(java.lang.String,java.lang.String,java.lang.String)[39m
  [32m✔[39m [32m[1mWhen [22mAdmin successfully disburse the loan on [1m"01 September 2023"[22m with [1m"400"[22m EUR transaction amount[39m                                                                 [90m# org.apache.fineract.test.stepdef.loan.LoanStepDef.disburseLoan(java.lang.String,java.lang.String)[39m
  [32m✔[39m [32m[1mWhen [22mAdmin sets the business date to [1m"16 September 2023"[22m[39m                                                                                                           [90m# org.apache.fineract.test.stepdef.common.BusinessDateStepDef.setBusinessDate(java.lang.String)[39m
  [32m✔[39m [32m[1mAnd [22mCustomer makes [1m"AUTOPAY"[22m repayment on [1m"16 September 2023"[22m with [1m100[22m EUR transaction amount[39m                                                                      [90m# org.apache.fineract.test.stepdef.loan.LoanRepaymentStepDef.makeLoanRepayment(java.lang.String,java.lang.String,double)[39m
  [32m✔[39m [32m[1mWhen [22mAdmin sets the business date to [1m"01 October 2023"[22m[39m                                                                                                             [90m# org.apache.fineract.test.stepdef.common.BusinessDateStepDef.setBusinessDate(java.lang.String)[39m
  [32m✔[39m [32m[1mAnd [22mCustomer makes [1m"AUTOPAY"[22m repayment on [1m"01 October 2023"[22m with [1m100[22m EUR transaction amount[39m                                                                        [90m# org.apache.fineract.test.stepdef.loan.LoanRepaymentStepDef.makeLoanRepayment(java.lang.String,java.lang.String,double)[39m
  [32m✔[39m [32m[1mWhen [22mAdmin sets the business date to [1m"16 October 2023"[22m[39m                                                                                                             [90m# org.apache.fineract.test.stepdef.common.BusinessDateStepDef.setBusinessDate(java.lang.String)[39m
  [32m✔[39m [32m[1mAnd [22mCustomer makes [1m"AUTOPAY"[22m repayment on [1m"16 October 2023"[22m with [1m100[22m EUR transaction amount[39m                                                                        [90m# org.apache.fineract.test.stepdef.loan.LoanRepaymentStepDef.makeLoanRepayment(java.lang.String,java.lang.String,double)[39m
  [32m✔[39m [32m[1mThen [22mLoan has [1m0[22m outstanding amount[39m                                                                                                                                 [90m# org.apache.fineract.test.stepdef.loan.LoanStepDef.loanOutstanding(double)[39m
  [32m✔[39m [32m[1mThen [22mLoan status will be [1m"CLOSED_OBLIGATIONS_MET"[22m[39m                                                                                                                  [90m# org.apache.fineract.test.stepdef.loan.LoanStepDef.loanStatus(java.lang.String)[39m
  [32m✔[39m [32m[1mWhen [22mAdmin sets the business date to [1m"25 October 2023"[22m[39m                                                                                                             [90m# org.apache.fineract.test.stepdef.common.BusinessDateStepDef.setBusinessDate(java.lang.String)[39m
  [32m✔[39m [32m[1mWhen [22mAdmin makes [1m"REPAYMENT_ADJUSTMENT_CHARGEBACK"[22m chargeback with [1m100[22m EUR transaction amount[39m                                                                      [90m# org.apache.fineract.test.stepdef.loan.LoanChargeBackStepDef.makeLoanChargeback(java.lang.String,double)[39m
  [32m✔[39m [32m[1mThen [22mLoan has [1m100[22m outstanding amount[39m                                                                                                                               [90m# org.apache.fineract.test.stepdef.loan.LoanStepDef.loanOutstanding(double)[39m
  [32m✔[39m [32m[1mThen [22mLoan status will be [1m"ACTIVE"[22m[39m                                                                                                                                  [90m# org.apache.fineract.test.stepdef.loan.LoanStepDef.loanStatus(java.lang.String)[39m
  [32m✔[39m [32m[1mWhen [22mAdmin sets the business date to [1m"30 October 2023"[22m[39m                                                                                                             [90m# org.apache.fineract.test.stepdef.common.BusinessDateStepDef.setBusinessDate(java.lang.String)[39m
  [32m✔[39m [32m[1mAnd [22mCustomer makes [1m"AUTOPAY"[22m repayment on [1m"30 October 2023"[22m with [1m100[22m EUR transaction amount[39m                                                                        [90m# org.apache.fineract.test.stepdef.loan.LoanRepaymentStepDef.makeLoanRepayment(java.lang.String,java.lang.String,double)[39m
  [32m✔[39m [32m[1mThen [22mLoan Repayment schedule has [1m5[22m periods, with the following data for periods:[39m                                                                                   [90m# org.apache.fineract.test.stepdef.loan.LoanStepDef.loanRepaymentSchedulePeriodsCheck(int,io.cucumber.datatable.DataTable)[39m
      | Nr | Days | Date              | Paid date         | Balance of loan | Principal due | Interest | Fees | Penalties | Due   | Paid  | In advance | Late  | Outstanding |
      |    |      | 01 September 2023 |                   | 400.0           |               |          | 0.0  |           | 0.0   | 0.0   |            |       |             |
      | 1  | 0    | 01 September 2023 | 01 September 2023 | 300.0           | 100.0         | 0.0      | 0.0  | 0.0       | 100.0 | 100.0 | 0.0        | 0.0   | 0.0         |
      | 2  | 15   | 16 September 2023 | 16 September 2023 | 200.0           | 100.0         | 0.0      | 0.0  | 0.0       | 100.0 | 100.0 | 0.0        | 0.0   | 0.0         |
      | 3  | 15   | 01 October 2023   | 01 October 2023   | 100.0           | 100.0         | 0.0      | 0.0  | 0.0       | 100.0 | 100.0 | 0.0        | 0.0   | 0.0         |
      | 4  | 15   | 16 October 2023   | 16 October 2023   | 0.0             | 100.0         | 0.0      | 0.0  | 0.0       | 100.0 | 100.0 | 0.0        | 0.0   | 0.0         |
      | 5  | 9    | 25 October 2023   | 30 October 2023   | 0.0             | 100.0         | 0.0      | 0.0  | 0.0       | 100.0 | 100.0 | 0.0        | 100.0 | 0.0         |
  [32m✔[39m [32m[1mThen [22mLoan Repayment schedule has the following data in Total row:[39m                                                                                                  [90m# org.apache.fineract.test.stepdef.loan.LoanStepDef.loanRepaymentScheduleAmountCheck(io.cucumber.datatable.DataTable)[39m
      | Principal due | Interest | Fees | Penalties | Due   | Paid  | In advance | Late  | Outstanding |
      | 500.0         | 0        | 0.0  | 0         | 500.0 | 500.0 | 0.0        | 100.0 | 0.0         |
  [32m✔[39m [32m[1mThen [22mLoan Transactions tab has the following data:[39m                                                                                                                 [90m# org.apache.fineract.test.stepdef.loan.LoanStepDef.loanTransactionsTabCheck(io.cucumber.datatable.DataTable)[39m
      | Transaction date  | Transaction Type | Amount | Principal | Interest | Fees | Penalties | Loan Balance |
      | 01 September 2023 | Disbursement     | 400.0  | 0.0       | 0.0      | 0.0  | 0.0       | 400.0        |
      | 01 September 2023 | Down Payment     | 100.0  | 100.0     | 0.0      | 0.0  | 0.0       | 300.0        |
      | 16 September 2023 | Repayment        | 100.0  | 100.0     | 0.0      | 0.0  | 0.0       | 200.0        |
      | 01 October 2023   | Repayment        | 100.0  | 100.0     | 0.0      | 0.0  | 0.0       | 100.0        |
      | 16 October 2023   | Repayment        | 100.0  | 100.0     | 0.0      | 0.0  | 0.0       | 0.0          |
      | 25 October 2023   | Chargeback       | 100.0  | 100.0     | 0.0      | 0.0  | 0.0       | 100.0        |
      | 30 October 2023   | Repayment        | 100.0  | 100.0     | 0.0      | 0.0  | 0.0       | 0.0          |

@LoanChargeback @TestRailId:C2875 @AdvancedPaymentAllocationChargeback @AdvancedPaymentAllocation
[1mScenario:[22m Verify chargeback function for advanced payment allocation when partial repayment happens after chargeback, on a future business date                        [90m# fineract-e2e-tests-runner/src/test/resources/features/LoanChargeback-Part1.feature:1541[39m
  [32m✔[39m [32m[1mWhen [22mAdmin sets the business date to [1m"01 September 2023"[22m[39m                                                                                                           [90m# org.apache.fineract.test.stepdef.common.BusinessDateStepDef.setBusinessDate(java.lang.String)[39m
  [32m✔[39m [32m[1mWhen [22mAdmin creates a client with random data[39m                                                                                                                       [90m# org.apache.fineract.test.stepdef.common.ClientStepDef.createClientRandomFirstNameLastName()[39m
  [32m✔[39m [32m[1mWhen [22mAdmin set [1m"LP2_DOWNPAYMENT_AUTO_ADVANCED_PAYMENT_ALLOCATION"[22m loan product [1m"DEFAULT"[22m transaction type to [1m"NEXT_INSTALLMENT"[22m future installment allocation rule[39m [90m# org.apache.fineract.test.stepdef.loan.LoanStepDef.editFutureInstallmentAllocationTypeForLoanProduct(java.lang.String,java.lang.String,java.lang.String)[39m
  [32m✔[39m [32m[1mWhen [22mAdmin creates a fully customized loan with the following data:[39m                                                                                                [90m# org.apache.fineract.test.stepdef.loan.LoanStepDef.createFullyCustomizedLoan(io.cucumber.datatable.DataTable)[39m
      | LoanProduct                                      | submitted on date | with Principal | ANNUAL interest rate % | interest type | interest calculation period | amortization type  | loanTermFrequency | loanTermFrequencyType | repaymentEvery | repaymentFrequencyType | numberOfRepayments | graceOnPrincipalPayment | graceOnInterestPayment | interest free period | Payment strategy            |
      | LP2_DOWNPAYMENT_AUTO_ADVANCED_PAYMENT_ALLOCATION | 01 September 2023 | 400            | 0                      | FLAT          | SAME_AS_REPAYMENT_PERIOD    | EQUAL_INSTALLMENTS | 45                | DAYS                  | 15             | DAYS                   | 3                  | 0                       | 0                      | 0                    | ADVANCED_PAYMENT_ALLOCATION |
  [32m✔[39m [32m[1mAnd [22mAdmin successfully approves the loan on [1m"01 September 2023"[22m with [1m"400"[22m amount and expected disbursement date on [1m"01 September 2023"[22m[39m                            [90m# org.apache.fineract.test.stepdef.loan.LoanStepDef.approveLoan(java.lang.String,java.lang.String,java.lang.String)[39m
  [32m✔[39m [32m[1mWhen [22mAdmin successfully disburse the loan on [1m"01 September 2023"[22m with [1m"400"[22m EUR transaction amount[39m                                                                 [90m# org.apache.fineract.test.stepdef.loan.LoanStepDef.disburseLoan(java.lang.String,java.lang.String)[39m
  [32m✔[39m [32m[1mWhen [22mAdmin sets the business date to [1m"16 September 2023"[22m[39m                                                                                                           [90m# org.apache.fineract.test.stepdef.common.BusinessDateStepDef.setBusinessDate(java.lang.String)[39m
  [32m✔[39m [32m[1mAnd [22mCustomer makes [1m"AUTOPAY"[22m repayment on [1m"16 September 2023"[22m with [1m100[22m EUR transaction amount[39m                                                                      [90m# org.apache.fineract.test.stepdef.loan.LoanRepaymentStepDef.makeLoanRepayment(java.lang.String,java.lang.String,double)[39m
  [32m✔[39m [32m[1mWhen [22mAdmin sets the business date to [1m"01 October 2023"[22m[39m                                                                                                             [90m# org.apache.fineract.test.stepdef.common.BusinessDateStepDef.setBusinessDate(java.lang.String)[39m
  [32m✔[39m [32m[1mAnd [22mCustomer makes [1m"AUTOPAY"[22m repayment on [1m"01 October 2023"[22m with [1m100[22m EUR transaction amount[39m                                                                        [90m# org.apache.fineract.test.stepdef.loan.LoanRepaymentStepDef.makeLoanRepayment(java.lang.String,java.lang.String,double)[39m
  [32m✔[39m [32m[1mWhen [22mAdmin sets the business date to [1m"16 October 2023"[22m[39m                                                                                                             [90m# org.apache.fineract.test.stepdef.common.BusinessDateStepDef.setBusinessDate(java.lang.String)[39m
  [32m✔[39m [32m[1mAnd [22mCustomer makes [1m"AUTOPAY"[22m repayment on [1m"16 October 2023"[22m with [1m100[22m EUR transaction amount[39m                                                                        [90m# org.apache.fineract.test.stepdef.loan.LoanRepaymentStepDef.makeLoanRepayment(java.lang.String,java.lang.String,double)[39m
  [32m✔[39m [32m[1mThen [22mLoan has [1m0[22m outstanding amount[39m                                                                                                                                 [90m# org.apache.fineract.test.stepdef.loan.LoanStepDef.loanOutstanding(double)[39m
  [32m✔[39m [32m[1mThen [22mLoan status will be [1m"CLOSED_OBLIGATIONS_MET"[22m[39m                                                                                                                  [90m# org.apache.fineract.test.stepdef.loan.LoanStepDef.loanStatus(java.lang.String)[39m
  [32m✔[39m [32m[1mWhen [22mAdmin sets the business date to [1m"25 October 2023"[22m[39m                                                                                                             [90m# org.apache.fineract.test.stepdef.common.BusinessDateStepDef.setBusinessDate(java.lang.String)[39m
  [32m✔[39m [32m[1mWhen [22mAdmin makes [1m"REPAYMENT_ADJUSTMENT_CHARGEBACK"[22m chargeback with [1m100[22m EUR transaction amount[39m                                                                      [90m# org.apache.fineract.test.stepdef.loan.LoanChargeBackStepDef.makeLoanChargeback(java.lang.String,double)[39m
  [32m✔[39m [32m[1mThen [22mLoan has [1m100[22m outstanding amount[39m                                                                                                                               [90m# org.apache.fineract.test.stepdef.loan.LoanStepDef.loanOutstanding(double)[39m
  [32m✔[39m [32m[1mThen [22mLoan status will be [1m"ACTIVE"[22m[39m                                                                                                                                  [90m# org.apache.fineract.test.stepdef.loan.LoanStepDef.loanStatus(java.lang.String)[39m
  [32m✔[39m [32m[1mWhen [22mAdmin sets the business date to [1m"30 October 2023"[22m[39m                                                                                                             [90m# org.apache.fineract.test.stepdef.common.BusinessDateStepDef.setBusinessDate(java.lang.String)[39m
  [32m✔[39m [32m[1mAnd [22mCustomer makes [1m"AUTOPAY"[22m repayment on [1m"30 October 2023"[22m with [1m50[22m EUR transaction amount[39m                                                                         [90m# org.apache.fineract.test.stepdef.loan.LoanRepaymentStepDef.makeLoanRepayment(java.lang.String,java.lang.String,double)[39m
  [32m✔[39m [32m[1mThen [22mLoan Repayment schedule has [1m5[22m periods, with the following data for periods:[39m                                                                                   [90m# org.apache.fineract.test.stepdef.loan.LoanStepDef.loanRepaymentSchedulePeriodsCheck(int,io.cucumber.datatable.DataTable)[39m
      | Nr | Days | Date              | Paid date         | Balance of loan | Principal due | Interest | Fees | Penalties | Due   | Paid  | In advance | Late | Outstanding |
      |    |      | 01 September 2023 |                   | 400.0           |               |          | 0.0  |           | 0.0   | 0.0   |            |      |             |
      | 1  | 0    | 01 September 2023 | 01 September 2023 | 300.0           | 100.0         | 0.0      | 0.0  | 0.0       | 100.0 | 100.0 | 0.0        | 0.0  | 0.0         |
      | 2  | 15   | 16 September 2023 | 16 September 2023 | 200.0           | 100.0         | 0.0      | 0.0  | 0.0       | 100.0 | 100.0 | 0.0        | 0.0  | 0.0         |
      | 3  | 15   | 01 October 2023   | 01 October 2023   | 100.0           | 100.0         | 0.0      | 0.0  | 0.0       | 100.0 | 100.0 | 0.0        | 0.0  | 0.0         |
      | 4  | 15   | 16 October 2023   | 16 October 2023   | 0.0             | 100.0         | 0.0      | 0.0  | 0.0       | 100.0 | 100.0 | 0.0        | 0.0  | 0.0         |
      | 5  | 9    | 25 October 2023   |                   | 0.0             | 100.0         | 0.0      | 0.0  | 0.0       | 100.0 | 50.0  | 0.0        | 50.0 | 50.0        |
  [32m✔[39m [32m[1mThen [22mLoan Repayment schedule has the following data in Total row:[39m                                                                                                  [90m# org.apache.fineract.test.stepdef.loan.LoanStepDef.loanRepaymentScheduleAmountCheck(io.cucumber.datatable.DataTable)[39m
      | Principal due | Interest | Fees | Penalties | Due   | Paid  | In advance | Late | Outstanding |
      | 500.0         | 0        | 0.0  | 0         | 500.0 | 450.0 | 0.0        | 50.0 | 50.0        |
  [32m✔[39m [32m[1mThen [22mLoan Transactions tab has the following data:[39m                                                                                                                 [90m# org.apache.fineract.test.stepdef.loan.LoanStepDef.loanTransactionsTabCheck(io.cucumber.datatable.DataTable)[39m
      | Transaction date  | Transaction Type | Amount | Principal | Interest | Fees | Penalties | Loan Balance |
      | 01 September 2023 | Disbursement     | 400.0  | 0.0       | 0.0      | 0.0  | 0.0       | 400.0        |
      | 01 September 2023 | Down Payment     | 100.0  | 100.0     | 0.0      | 0.0  | 0.0       | 300.0        |
      | 16 September 2023 | Repayment        | 100.0  | 100.0     | 0.0      | 0.0  | 0.0       | 200.0        |
      | 01 October 2023   | Repayment        | 100.0  | 100.0     | 0.0      | 0.0  | 0.0       | 100.0        |
      | 16 October 2023   | Repayment        | 100.0  | 100.0     | 0.0      | 0.0  | 0.0       | 0.0          |
      | 25 October 2023   | Chargeback       | 100.0  | 100.0     | 0.0      | 0.0  | 0.0       | 100.0        |
      | 30 October 2023   | Repayment        | 50.0   | 50.0      | 0.0      | 0.0  | 0.0       | 50.0         |

@LoanChargeback @TestRailId:C2876 @AdvancedPaymentAllocationChargeback @AdvancedPaymentAllocation
[1mScenario:[22m Verify chargeback function for advanced payment allocation when a second chargeback happens after the repayment                                              [90m# fineract-e2e-tests-runner/src/test/resources/features/LoanChargeback-Part1.feature:1586[39m
  [32m✔[39m [32m[1mWhen [22mAdmin sets the business date to [1m"01 September 2023"[22m[39m                                                                                                           [90m# org.apache.fineract.test.stepdef.common.BusinessDateStepDef.setBusinessDate(java.lang.String)[39m
  [32m✔[39m [32m[1mWhen [22mAdmin creates a client with random data[39m                                                                                                                       [90m# org.apache.fineract.test.stepdef.common.ClientStepDef.createClientRandomFirstNameLastName()[39m
  [32m✔[39m [32m[1mWhen [22mAdmin set [1m"LP2_DOWNPAYMENT_AUTO_ADVANCED_PAYMENT_ALLOCATION"[22m loan product [1m"DEFAULT"[22m transaction type to [1m"NEXT_INSTALLMENT"[22m future installment allocation rule[39m [90m# org.apache.fineract.test.stepdef.loan.LoanStepDef.editFutureInstallmentAllocationTypeForLoanProduct(java.lang.String,java.lang.String,java.lang.String)[39m
  [32m✔[39m [32m[1mWhen [22mAdmin creates a fully customized loan with the following data:[39m                                                                                                [90m# org.apache.fineract.test.stepdef.loan.LoanStepDef.createFullyCustomizedLoan(io.cucumber.datatable.DataTable)[39m
      | LoanProduct                                      | submitted on date | with Principal | ANNUAL interest rate % | interest type | interest calculation period | amortization type  | loanTermFrequency | loanTermFrequencyType | repaymentEvery | repaymentFrequencyType | numberOfRepayments | graceOnPrincipalPayment | graceOnInterestPayment | interest free period | Payment strategy            |
      | LP2_DOWNPAYMENT_AUTO_ADVANCED_PAYMENT_ALLOCATION | 01 September 2023 | 400            | 0                      | FLAT          | SAME_AS_REPAYMENT_PERIOD    | EQUAL_INSTALLMENTS | 45                | DAYS                  | 15             | DAYS                   | 3                  | 0                       | 0                      | 0                    | ADVANCED_PAYMENT_ALLOCATION |
  [32m✔[39m [32m[1mAnd [22mAdmin successfully approves the loan on [1m"01 September 2023"[22m with [1m"400"[22m amount and expected disbursement date on [1m"01 September 2023"[22m[39m                            [90m# org.apache.fineract.test.stepdef.loan.LoanStepDef.approveLoan(java.lang.String,java.lang.String,java.lang.String)[39m
  [32m✔[39m [32m[1mWhen [22mAdmin successfully disburse the loan on [1m"01 September 2023"[22m with [1m"400"[22m EUR transaction amount[39m                                                                 [90m# org.apache.fineract.test.stepdef.loan.LoanStepDef.disburseLoan(java.lang.String,java.lang.String)[39m
  [32m✔[39m [32m[1mWhen [22mAdmin sets the business date to [1m"16 September 2023"[22m[39m                                                                                                           [90m# org.apache.fineract.test.stepdef.common.BusinessDateStepDef.setBusinessDate(java.lang.String)[39m
  [32m✔[39m [32m[1mAnd [22mCustomer makes [1m"AUTOPAY"[22m repayment on [1m"16 September 2023"[22m with [1m100[22m EUR transaction amount[39m                                                                      [90m# org.apache.fineract.test.stepdef.loan.LoanRepaymentStepDef.makeLoanRepayment(java.lang.String,java.lang.String,double)[39m
  [32m✔[39m [32m[1mWhen [22mAdmin sets the business date to [1m"01 October 2023"[22m[39m                                                                                                             [90m# org.apache.fineract.test.stepdef.common.BusinessDateStepDef.setBusinessDate(java.lang.String)[39m
  [32m✔[39m [32m[1mAnd [22mCustomer makes [1m"AUTOPAY"[22m repayment on [1m"01 October 2023"[22m with [1m100[22m EUR transaction amount[39m                                                                        [90m# org.apache.fineract.test.stepdef.loan.LoanRepaymentStepDef.makeLoanRepayment(java.lang.String,java.lang.String,double)[39m
  [32m✔[39m [32m[1mWhen [22mAdmin sets the business date to [1m"16 October 2023"[22m[39m                                                                                                             [90m# org.apache.fineract.test.stepdef.common.BusinessDateStepDef.setBusinessDate(java.lang.String)[39m
  [32m✔[39m [32m[1mAnd [22mCustomer makes [1m"AUTOPAY"[22m repayment on [1m"16 October 2023"[22m with [1m100[22m EUR transaction amount[39m                                                                        [90m# org.apache.fineract.test.stepdef.loan.LoanRepaymentStepDef.makeLoanRepayment(java.lang.String,java.lang.String,double)[39m
  [32m✔[39m [32m[1mThen [22mLoan has [1m0[22m outstanding amount[39m                                                                                                                                 [90m# org.apache.fineract.test.stepdef.loan.LoanStepDef.loanOutstanding(double)[39m
  [32m✔[39m [32m[1mThen [22mLoan status will be [1m"CLOSED_OBLIGATIONS_MET"[22m[39m                                                                                                                  [90m# org.apache.fineract.test.stepdef.loan.LoanStepDef.loanStatus(java.lang.String)[39m
  [32m✔[39m [32m[1mWhen [22mAdmin sets the business date to [1m"25 October 2023"[22m[39m                                                                                                             [90m# org.apache.fineract.test.stepdef.common.BusinessDateStepDef.setBusinessDate(java.lang.String)[39m
  [32m✔[39m [32m[1mWhen [22mAdmin makes [1m"REPAYMENT_ADJUSTMENT_CHARGEBACK"[22m chargeback with [1m100[22m EUR transaction amount[39m                                                                      [90m# org.apache.fineract.test.stepdef.loan.LoanChargeBackStepDef.makeLoanChargeback(java.lang.String,double)[39m
  [32m✔[39m [32m[1mThen [22mLoan has [1m100[22m outstanding amount[39m                                                                                                                               [90m# org.apache.fineract.test.stepdef.loan.LoanStepDef.loanOutstanding(double)[39m
  [32m✔[39m [32m[1mThen [22mLoan status will be [1m"ACTIVE"[22m[39m                                                                                                                                  [90m# org.apache.fineract.test.stepdef.loan.LoanStepDef.loanStatus(java.lang.String)[39m
  [32m✔[39m [32m[1mWhen [22mAdmin sets the business date to [1m"30 October 2023"[22m[39m                                                                                                             [90m# org.apache.fineract.test.stepdef.common.BusinessDateStepDef.setBusinessDate(java.lang.String)[39m
  [32m✔[39m [32m[1mAnd [22mCustomer makes [1m"AUTOPAY"[22m repayment on [1m"30 October 2023"[22m with [1m100[22m EUR transaction amount[39m                                                                        [90m# org.apache.fineract.test.stepdef.loan.LoanRepaymentStepDef.makeLoanRepayment(java.lang.String,java.lang.String,double)[39m
  [32m✔[39m [32m[1mWhen [22mAdmin sets the business date to [1m"01 November 2023"[22m[39m                                                                                                            [90m# org.apache.fineract.test.stepdef.common.BusinessDateStepDef.setBusinessDate(java.lang.String)[39m
  [32m✔[39m [32m[1mWhen [22mAdmin makes [1m"REPAYMENT_ADJUSTMENT_CHARGEBACK"[22m chargeback with [1m100[22m EUR transaction amount[39m                                                                      [90m# org.apache.fineract.test.stepdef.loan.LoanChargeBackStepDef.makeLoanChargeback(java.lang.String,double)[39m
  [32m✔[39m [32m[1mThen [22mLoan Repayment schedule has [1m5[22m periods, with the following data for periods:[39m                                                                                   [90m# org.apache.fineract.test.stepdef.loan.LoanStepDef.loanRepaymentSchedulePeriodsCheck(int,io.cucumber.datatable.DataTable)[39m
      | Nr | Days | Date              | Paid date         | Balance of loan | Principal due | Interest | Fees | Penalties | Due   | Paid  | In advance | Late  | Outstanding |
      |    |      | 01 September 2023 |                   | 400.0           |               |          | 0.0  |           | 0.0   | 0.0   |            |       |             |
      | 1  | 0    | 01 September 2023 | 01 September 2023 | 300.0           | 100.0         | 0.0      | 0.0  | 0.0       | 100.0 | 100.0 | 0.0        | 0.0   | 0.0         |
      | 2  | 15   | 16 September 2023 | 16 September 2023 | 200.0           | 100.0         | 0.0      | 0.0  | 0.0       | 100.0 | 100.0 | 0.0        | 0.0   | 0.0         |
      | 3  | 15   | 01 October 2023   | 01 October 2023   | 100.0           | 100.0         | 0.0      | 0.0  | 0.0       | 100.0 | 100.0 | 0.0        | 0.0   | 0.0         |
      | 4  | 15   | 16 October 2023   | 16 October 2023   | 0.0             | 100.0         | 0.0      | 0.0  | 0.0       | 100.0 | 100.0 | 0.0        | 0.0   | 0.0         |
      | 5  | 16   | 01 November 2023  |                   | 0.0             | 200.0         | 0.0      | 0.0  | 0.0       | 200.0 | 100.0 | 0.0        | 100.0 | 100.0       |
  [32m✔[39m [32m[1mThen [22mLoan Repayment schedule has the following data in Total row:[39m                                                                                                  [90m# org.apache.fineract.test.stepdef.loan.LoanStepDef.loanRepaymentScheduleAmountCheck(io.cucumber.datatable.DataTable)[39m
      | Principal due | Interest | Fees | Penalties | Due   | Paid  | In advance | Late  | Outstanding |
      | 600.0         | 0        | 0.0  | 0         | 600.0 | 500.0 | 0.0        | 100.0 | 100.0       |
  [32m✔[39m [32m[1mThen [22mLoan Transactions tab has the following data:[39m                                                                                                                 [90m# org.apache.fineract.test.stepdef.loan.LoanStepDef.loanTransactionsTabCheck(io.cucumber.datatable.DataTable)[39m
      | Transaction date  | Transaction Type | Amount | Principal | Interest | Fees | Penalties | Loan Balance |
      | 01 September 2023 | Disbursement     | 400.0  | 0.0       | 0.0      | 0.0  | 0.0       | 400.0        |
      | 01 September 2023 | Down Payment     | 100.0  | 100.0     | 0.0      | 0.0  | 0.0       | 300.0        |
      | 16 September 2023 | Repayment        | 100.0  | 100.0     | 0.0      | 0.0  | 0.0       | 200.0        |
      | 01 October 2023   | Repayment        | 100.0  | 100.0     | 0.0      | 0.0  | 0.0       | 100.0        |
      | 16 October 2023   | Repayment        | 100.0  | 100.0     | 0.0      | 0.0  | 0.0       | 0.0          |
      | 25 October 2023   | Chargeback       | 100.0  | 100.0     | 0.0      | 0.0  | 0.0       | 100.0        |
      | 30 October 2023   | Repayment        | 100.0  | 100.0     | 0.0      | 0.0  | 0.0       | 0.0          |
      | 01 November 2023  | Chargeback       | 100.0  | 100.0     | 0.0      | 0.0  | 0.0       | 100.0        |

@LoanChargeback @TestRailId:C2877 @AdvancedPaymentAllocationChargeback @AdvancedPaymentAllocation
[1mScenario:[22m Verify chargeback function for advanced payment allocation -loan goes to ACTIVE when the it is OVERPAID but the chargeback amount is HIGHER than the overpaid amount [90m# fineract-e2e-tests-runner/src/test/resources/features/LoanChargeback-Part1.feature:1634[39m
  [32m✔[39m [32m[1mWhen [22mAdmin sets the business date to [1m"01 September 2023"[22m[39m                                                                                                                   [90m# org.apache.fineract.test.stepdef.common.BusinessDateStepDef.setBusinessDate(java.lang.String)[39m
  [32m✔[39m [32m[1mWhen [22mAdmin creates a client with random data[39m                                                                                                                               [90m# org.apache.fineract.test.stepdef.common.ClientStepDef.createClientRandomFirstNameLastName()[39m
  [32m✔[39m [32m[1mWhen [22mAdmin set [1m"LP2_DOWNPAYMENT_AUTO_ADVANCED_PAYMENT_ALLOCATION"[22m loan product [1m"DEFAULT"[22m transaction type to [1m"NEXT_INSTALLMENT"[22m future installment allocation rule[39m         [90m# org.apache.fineract.test.stepdef.loan.LoanStepDef.editFutureInstallmentAllocationTypeForLoanProduct(java.lang.String,java.lang.String,java.lang.String)[39m
  [32m✔[39m [32m[1mWhen [22mAdmin creates a fully customized loan with the following data:[39m                                                                                                        [90m# org.apache.fineract.test.stepdef.loan.LoanStepDef.createFullyCustomizedLoan(io.cucumber.datatable.DataTable)[39m
      | LoanProduct                                      | submitted on date | with Principal | ANNUAL interest rate % | interest type | interest calculation period | amortization type  | loanTermFrequency | loanTermFrequencyType | repaymentEvery | repaymentFrequencyType | numberOfRepayments | graceOnPrincipalPayment | graceOnInterestPayment | interest free period | Payment strategy            |
      | LP2_DOWNPAYMENT_AUTO_ADVANCED_PAYMENT_ALLOCATION | 01 September 2023 | 400            | 0                      | FLAT          | SAME_AS_REPAYMENT_PERIOD    | EQUAL_INSTALLMENTS | 45                | DAYS                  | 15             | DAYS                   | 3                  | 0                       | 0                      | 0                    | ADVANCED_PAYMENT_ALLOCATION |
  [32m✔[39m [32m[1mAnd [22mAdmin successfully approves the loan on [1m"01 September 2023"[22m with [1m"400"[22m amount and expected disbursement date on [1m"01 September 2023"[22m[39m                                    [90m# org.apache.fineract.test.stepdef.loan.LoanStepDef.approveLoan(java.lang.String,java.lang.String,java.lang.String)[39m
  [32m✔[39m [32m[1mWhen [22mAdmin successfully disburse the loan on [1m"01 September 2023"[22m with [1m"400"[22m EUR transaction amount[39m                                                                         [90m# org.apache.fineract.test.stepdef.loan.LoanStepDef.disburseLoan(java.lang.String,java.lang.String)[39m
  [32m✔[39m [32m[1mWhen [22mAdmin sets the business date to [1m"16 September 2023"[22m[39m                                                                                                                   [90m# org.apache.fineract.test.stepdef.common.BusinessDateStepDef.setBusinessDate(java.lang.String)[39m
  [32m✔[39m [32m[1mAnd [22mCustomer makes [1m"AUTOPAY"[22m repayment on [1m"16 September 2023"[22m with [1m100[22m EUR transaction amount[39m                                                                              [90m# org.apache.fineract.test.stepdef.loan.LoanRepaymentStepDef.makeLoanRepayment(java.lang.String,java.lang.String,double)[39m
  [32m✔[39m [32m[1mWhen [22mAdmin sets the business date to [1m"01 October 2023"[22m[39m                                                                                                                     [90m# org.apache.fineract.test.stepdef.common.BusinessDateStepDef.setBusinessDate(java.lang.String)[39m
  [32m✔[39m [32m[1mAnd [22mCustomer makes [1m"AUTOPAY"[22m repayment on [1m"01 October 2023"[22m with [1m100[22m EUR transaction amount[39m                                                                                [90m# org.apache.fineract.test.stepdef.loan.LoanRepaymentStepDef.makeLoanRepayment(java.lang.String,java.lang.String,double)[39m
  [32m✔[39m [32m[1mWhen [22mAdmin sets the business date to [1m"16 October 2023"[22m[39m                                                                                                                     [90m# org.apache.fineract.test.stepdef.common.BusinessDateStepDef.setBusinessDate(java.lang.String)[39m
  [32m✔[39m [32m[1mAnd [22mCustomer makes [1m"AUTOPAY"[22m repayment on [1m"16 October 2023"[22m with [1m150[22m EUR transaction amount[39m                                                                                [90m# org.apache.fineract.test.stepdef.loan.LoanRepaymentStepDef.makeLoanRepayment(java.lang.String,java.lang.String,double)[39m
  [32m✔[39m [32m[1mThen [22mLoan has [1m0[22m outstanding amount[39m                                                                                                                                         [90m# org.apache.fineract.test.stepdef.loan.LoanStepDef.loanOutstanding(double)[39m
  [32m✔[39m [32m[1mThen [22mLoan status will be [1m"OVERPAID"[22m[39m                                                                                                                                        [90m# org.apache.fineract.test.stepdef.loan.LoanStepDef.loanStatus(java.lang.String)[39m
  [32m✔[39m [32m[1mWhen [22mAdmin sets the business date to [1m"25 October 2023"[22m[39m                                                                                                                     [90m# org.apache.fineract.test.stepdef.common.BusinessDateStepDef.setBusinessDate(java.lang.String)[39m
  [32m✔[39m [32m[1mWhen [22mAdmin makes [1m"REPAYMENT_ADJUSTMENT_CHARGEBACK"[22m chargeback with [1m100[22m EUR transaction amount[39m                                                                              [90m# org.apache.fineract.test.stepdef.loan.LoanChargeBackStepDef.makeLoanChargeback(java.lang.String,double)[39m
  [32m✔[39m [32m[1mThen [22mLoan has [1m50[22m outstanding amount[39m                                                                                                                                        [90m# org.apache.fineract.test.stepdef.loan.LoanStepDef.loanOutstanding(double)[39m
  [32m✔[39m [32m[1mThen [22mLoan status will be [1m"ACTIVE"[22m[39m                                                                                                                                          [90m# org.apache.fineract.test.stepdef.loan.LoanStepDef.loanStatus(java.lang.String)[39m
  [32m✔[39m [32m[1mThen [22mLoan Repayment schedule has [1m5[22m periods, with the following data for periods:[39m                                                                                           [90m# org.apache.fineract.test.stepdef.loan.LoanStepDef.loanRepaymentSchedulePeriodsCheck(int,io.cucumber.datatable.DataTable)[39m
      | Nr | Days | Date              | Paid date         | Balance of loan | Principal due | Interest | Fees | Penalties | Due   | Paid  | In advance | Late | Outstanding |
      |    |      | 01 September 2023 |                   | 400.0           |               |          | 0.0  |           | 0.0   | 0.0   |            |      |             |
      | 1  | 0    | 01 September 2023 | 01 September 2023 | 300.0           | 100.0         | 0.0      | 0.0  | 0.0       | 100.0 | 100.0 | 0.0        | 0.0  | 0.0         |
      | 2  | 15   | 16 September 2023 | 16 September 2023 | 200.0           | 100.0         | 0.0      | 0.0  | 0.0       | 100.0 | 100.0 | 0.0        | 0.0  | 0.0         |
      | 3  | 15   | 01 October 2023   | 01 October 2023   | 100.0           | 100.0         | 0.0      | 0.0  | 0.0       | 100.0 | 100.0 | 0.0        | 0.0  | 0.0         |
      | 4  | 15   | 16 October 2023   | 16 October 2023   | 0.0             | 100.0         | 0.0      | 0.0  | 0.0       | 100.0 | 100.0 | 0.0        | 0.0  | 0.0         |
      | 5  | 9    | 25 October 2023   |                   | 0.0             | 100.0         | 0.0      | 0.0  | 0.0       | 100.0 | 50.0  | 0.0        | 0.0  | 50.0        |
  [32m✔[39m [32m[1mThen [22mLoan Repayment schedule has the following data in Total row:[39m                                                                                                          [90m# org.apache.fineract.test.stepdef.loan.LoanStepDef.loanRepaymentScheduleAmountCheck(io.cucumber.datatable.DataTable)[39m
      | Principal due | Interest | Fees | Penalties | Due   | Paid  | In advance | Late | Outstanding |
      | 500.0         | 0        | 0.0  | 0         | 500.0 | 450.0 | 0.0        | 0.0  | 50.0        |
  [32m✔[39m [32m[1mThen [22mLoan Transactions tab has the following data:[39m                                                                                                                         [90m# org.apache.fineract.test.stepdef.loan.LoanStepDef.loanTransactionsTabCheck(io.cucumber.datatable.DataTable)[39m
      | Transaction date  | Transaction Type | Amount | Principal | Interest | Fees | Penalties | Loan Balance |
      | 01 September 2023 | Disbursement     | 400.0  | 0.0       | 0.0      | 0.0  | 0.0       | 400.0        |
      | 01 September 2023 | Down Payment     | 100.0  | 100.0     | 0.0      | 0.0  | 0.0       | 300.0        |
      | 16 September 2023 | Repayment        | 100.0  | 100.0     | 0.0      | 0.0  | 0.0       | 200.0        |
      | 01 October 2023   | Repayment        | 100.0  | 100.0     | 0.0      | 0.0  | 0.0       | 100.0        |
      | 16 October 2023   | Repayment        | 150.0  | 100.0     | 0.0      | 0.0  | 0.0       | 0.0          |
      | 25 October 2023   | Chargeback       | 100.0  | 50.0      | 0.0      | 0.0  | 0.0       | 50.0         |

@LoanChargeback @TestRailId:C2878 @AdvancedPaymentAllocationChargeback @AdvancedPaymentAllocation
[1mScenario:[22m Verify chargeback function for advanced payment allocation -loan remains OVERPAID when the it is OVERPAID but the chargeback amount is LOWER than the overpaid amount [90m# fineract-e2e-tests-runner/src/test/resources/features/LoanChargeback-Part1.feature:1676[39m
  [32m✔[39m [32m[1mWhen [22mAdmin sets the business date to [1m"01 September 2023"[22m[39m                                                                                                                    [90m# org.apache.fineract.test.stepdef.common.BusinessDateStepDef.setBusinessDate(java.lang.String)[39m
  [32m✔[39m [32m[1mWhen [22mAdmin creates a client with random data[39m                                                                                                                                [90m# org.apache.fineract.test.stepdef.common.ClientStepDef.createClientRandomFirstNameLastName()[39m
  [32m✔[39m [32m[1mWhen [22mAdmin set [1m"LP2_DOWNPAYMENT_AUTO_ADVANCED_PAYMENT_ALLOCATION"[22m loan product [1m"DEFAULT"[22m transaction type to [1m"NEXT_INSTALLMENT"[22m future installment allocation rule[39m          [90m# org.apache.fineract.test.stepdef.loan.LoanStepDef.editFutureInstallmentAllocationTypeForLoanProduct(java.lang.String,java.lang.String,java.lang.String)[39m
  [32m✔[39m [32m[1mWhen [22mAdmin creates a fully customized loan with the following data:[39m                                                                                                         [90m# org.apache.fineract.test.stepdef.loan.LoanStepDef.createFullyCustomizedLoan(io.cucumber.datatable.DataTable)[39m
      | LoanProduct                                      | submitted on date | with Principal | ANNUAL interest rate % | interest type | interest calculation period | amortization type  | loanTermFrequency | loanTermFrequencyType | repaymentEvery | repaymentFrequencyType | numberOfRepayments | graceOnPrincipalPayment | graceOnInterestPayment | interest free period | Payment strategy            |
      | LP2_DOWNPAYMENT_AUTO_ADVANCED_PAYMENT_ALLOCATION | 01 September 2023 | 400            | 0                      | FLAT          | SAME_AS_REPAYMENT_PERIOD    | EQUAL_INSTALLMENTS | 45                | DAYS                  | 15             | DAYS                   | 3                  | 0                       | 0                      | 0                    | ADVANCED_PAYMENT_ALLOCATION |
  [32m✔[39m [32m[1mAnd [22mAdmin successfully approves the loan on [1m"01 September 2023"[22m with [1m"400"[22m amount and expected disbursement date on [1m"01 September 2023"[22m[39m                                     [90m# org.apache.fineract.test.stepdef.loan.LoanStepDef.approveLoan(java.lang.String,java.lang.String,java.lang.String)[39m
  [32m✔[39m [32m[1mWhen [22mAdmin successfully disburse the loan on [1m"01 September 2023"[22m with [1m"400"[22m EUR transaction amount[39m                                                                          [90m# org.apache.fineract.test.stepdef.loan.LoanStepDef.disburseLoan(java.lang.String,java.lang.String)[39m
  [32m✔[39m [32m[1mWhen [22mAdmin sets the business date to [1m"16 September 2023"[22m[39m                                                                                                                    [90m# org.apache.fineract.test.stepdef.common.BusinessDateStepDef.setBusinessDate(java.lang.String)[39m
  [32m✔[39m [32m[1mAnd [22mCustomer makes [1m"AUTOPAY"[22m repayment on [1m"16 September 2023"[22m with [1m100[22m EUR transaction amount[39m                                                                               [90m# org.apache.fineract.test.stepdef.loan.LoanRepaymentStepDef.makeLoanRepayment(java.lang.String,java.lang.String,double)[39m
  [32m✔[39m [32m[1mWhen [22mAdmin sets the business date to [1m"01 October 2023"[22m[39m                                                                                                                      [90m# org.apache.fineract.test.stepdef.common.BusinessDateStepDef.setBusinessDate(java.lang.String)[39m
  [32m✔[39m [32m[1mAnd [22mCustomer makes [1m"AUTOPAY"[22m repayment on [1m"01 October 2023"[22m with [1m100[22m EUR transaction amount[39m                                                                                 [90m# org.apache.fineract.test.stepdef.loan.LoanRepaymentStepDef.makeLoanRepayment(java.lang.String,java.lang.String,double)[39m
  [32m✔[39m [32m[1mWhen [22mAdmin sets the business date to [1m"16 October 2023"[22m[39m                                                                                                                      [90m# org.apache.fineract.test.stepdef.common.BusinessDateStepDef.setBusinessDate(java.lang.String)[39m
  [32m✔[39m [32m[1mAnd [22mCustomer makes [1m"AUTOPAY"[22m repayment on [1m"16 October 2023"[22m with [1m150[22m EUR transaction amount[39m                                                                                 [90m# org.apache.fineract.test.stepdef.loan.LoanRepaymentStepDef.makeLoanRepayment(java.lang.String,java.lang.String,double)[39m
  [32m✔[39m [32m[1mThen [22mLoan has [1m0[22m outstanding amount[39m                                                                                                                                          [90m# org.apache.fineract.test.stepdef.loan.LoanStepDef.loanOutstanding(double)[39m
  [32m✔[39m [32m[1mThen [22mLoan status will be [1m"OVERPAID"[22m[39m                                                                                                                                         [90m# org.apache.fineract.test.stepdef.loan.LoanStepDef.loanStatus(java.lang.String)[39m
  [32m✔[39m [32m[1mWhen [22mAdmin sets the business date to [1m"25 October 2023"[22m[39m                                                                                                                      [90m# org.apache.fineract.test.stepdef.common.BusinessDateStepDef.setBusinessDate(java.lang.String)[39m
  [32m✔[39m [32m[1mWhen [22mAdmin makes [1m"REPAYMENT_ADJUSTMENT_CHARGEBACK"[22m chargeback with [1m25[22m EUR transaction amount[39m                                                                                [90m# org.apache.fineract.test.stepdef.loan.LoanChargeBackStepDef.makeLoanChargeback(java.lang.String,double)[39m
  [32m✔[39m [32m[1mThen [22mLoan has [1m0[22m outstanding amount[39m                                                                                                                                          [90m# org.apache.fineract.test.stepdef.loan.LoanStepDef.loanOutstanding(double)[39m
  [32m✔[39m [32m[1mThen [22mLoan status will be [1m"OVERPAID"[22m[39m                                                                                                                                         [90m# org.apache.fineract.test.stepdef.loan.LoanStepDef.loanStatus(java.lang.String)[39m
  [32m✔[39m [32m[1mThen [22mLoan Repayment schedule has [1m4[22m periods, with the following data for periods:[39m                                                                                            [90m# org.apache.fineract.test.stepdef.loan.LoanStepDef.loanRepaymentSchedulePeriodsCheck(int,io.cucumber.datatable.DataTable)[39m
      | Nr | Days | Date              | Paid date         | Balance of loan | Principal due | Interest | Fees | Penalties | Due   | Paid  | In advance | Late | Outstanding |
      |    |      | 01 September 2023 |                   | 400.0           |               |          | 0.0  |           | 0.0   | 0.0   |            |      |             |
      | 1  | 0    | 01 September 2023 | 01 September 2023 | 300.0           | 100.0         | 0.0      | 0.0  | 0.0       | 100.0 | 100.0 | 0.0        | 0.0  | 0.0         |
      | 2  | 15   | 16 September 2023 | 16 September 2023 | 200.0           | 100.0         | 0.0      | 0.0  | 0.0       | 100.0 | 100.0 | 0.0        | 0.0  | 0.0         |
      | 3  | 15   | 01 October 2023   | 01 October 2023   | 100.0           | 100.0         | 0.0      | 0.0  | 0.0       | 100.0 | 100.0 | 0.0        | 0.0  | 0.0         |
      | 4  | 15   | 16 October 2023   | 16 October 2023   | 0.0             | 100.0         | 0.0      | 0.0  | 0.0       | 100.0 | 100.0 | 0.0        | 0.0  | 0.0         |
  [32m✔[39m [32m[1mThen [22mLoan Repayment schedule has the following data in Total row:[39m                                                                                                           [90m# org.apache.fineract.test.stepdef.loan.LoanStepDef.loanRepaymentScheduleAmountCheck(io.cucumber.datatable.DataTable)[39m
      | Principal due | Interest | Fees | Penalties | Due   | Paid  | In advance | Late | Outstanding |
      | 400.0         | 0        | 0.0  | 0         | 400.0 | 400.0 | 0.0        | 0.0  | 0.0         |
  [32m✔[39m [32m[1mThen [22mLoan Transactions tab has the following data:[39m                                                                                                                          [90m# org.apache.fineract.test.stepdef.loan.LoanStepDef.loanTransactionsTabCheck(io.cucumber.datatable.DataTable)[39m
      | Transaction date  | Transaction Type | Amount | Principal | Interest | Fees | Penalties | Loan Balance |
      | 01 September 2023 | Disbursement     | 400.0  | 0.0       | 0.0      | 0.0  | 0.0       | 400.0        |
      | 01 September 2023 | Down Payment     | 100.0  | 100.0     | 0.0      | 0.0  | 0.0       | 300.0        |
      | 16 September 2023 | Repayment        | 100.0  | 100.0     | 0.0      | 0.0  | 0.0       | 200.0        |
      | 01 October 2023   | Repayment        | 100.0  | 100.0     | 0.0      | 0.0  | 0.0       | 100.0        |
      | 16 October 2023   | Repayment        | 150.0  | 100.0     | 0.0      | 0.0  | 0.0       | 0.0          |
      | 25 October 2023   | Chargeback       | 25.0   | 0.0       | 0.0      | 0.0  | 0.0       | 0.0          |

@LoanChargeback @TestRailId:C2879 @AdvancedPaymentAllocationChargeback @AdvancedPaymentAllocation
[1mScenario:[22m Verify chargeback function for advanced payment allocation -loan goes to CLOSED when the loan is OVERPAID but the chargeback amount is EQUALS than the overpaid amount [90m# fineract-e2e-tests-runner/src/test/resources/features/LoanChargeback-Part1.feature:1717[39m
  [32m✔[39m [32m[1mWhen [22mAdmin sets the business date to [1m"01 September 2023"[22m[39m                                                                                                                     [90m# org.apache.fineract.test.stepdef.common.BusinessDateStepDef.setBusinessDate(java.lang.String)[39m
  [32m✔[39m [32m[1mWhen [22mAdmin creates a client with random data[39m                                                                                                                                 [90m# org.apache.fineract.test.stepdef.common.ClientStepDef.createClientRandomFirstNameLastName()[39m
  [32m✔[39m [32m[1mWhen [22mAdmin set [1m"LP2_DOWNPAYMENT_AUTO_ADVANCED_PAYMENT_ALLOCATION"[22m loan product [1m"DEFAULT"[22m transaction type to [1m"NEXT_INSTALLMENT"[22m future installment allocation rule[39m           [90m# org.apache.fineract.test.stepdef.loan.LoanStepDef.editFutureInstallmentAllocationTypeForLoanProduct(java.lang.String,java.lang.String,java.lang.String)[39m
  [32m✔[39m [32m[1mWhen [22mAdmin creates a fully customized loan with the following data:[39m                                                                                                          [90m# org.apache.fineract.test.stepdef.loan.LoanStepDef.createFullyCustomizedLoan(io.cucumber.datatable.DataTable)[39m
      | LoanProduct                                      | submitted on date | with Principal | ANNUAL interest rate % | interest type | interest calculation period | amortization type  | loanTermFrequency | loanTermFrequencyType | repaymentEvery | repaymentFrequencyType | numberOfRepayments | graceOnPrincipalPayment | graceOnInterestPayment | interest free period | Payment strategy            |
      | LP2_DOWNPAYMENT_AUTO_ADVANCED_PAYMENT_ALLOCATION | 01 September 2023 | 400            | 0                      | FLAT          | SAME_AS_REPAYMENT_PERIOD    | EQUAL_INSTALLMENTS | 45                | DAYS                  | 15             | DAYS                   | 3                  | 0                       | 0                      | 0                    | ADVANCED_PAYMENT_ALLOCATION |
  [32m✔[39m [32m[1mAnd [22mAdmin successfully approves the loan on [1m"01 September 2023"[22m with [1m"400"[22m amount and expected disbursement date on [1m"01 September 2023"[22m[39m                                      [90m# org.apache.fineract.test.stepdef.loan.LoanStepDef.approveLoan(java.lang.String,java.lang.String,java.lang.String)[39m
  [32m✔[39m [32m[1mWhen [22mAdmin successfully disburse the loan on [1m"01 September 2023"[22m with [1m"400"[22m EUR transaction amount[39m                                                                           [90m# org.apache.fineract.test.stepdef.loan.LoanStepDef.disburseLoan(java.lang.String,java.lang.String)[39m
  [32m✔[39m [32m[1mWhen [22mAdmin sets the business date to [1m"16 September 2023"[22m[39m                                                                                                                     [90m# org.apache.fineract.test.stepdef.common.BusinessDateStepDef.setBusinessDate(java.lang.String)[39m
  [32m✔[39m [32m[1mAnd [22mCustomer makes [1m"AUTOPAY"[22m repayment on [1m"16 September 2023"[22m with [1m100[22m EUR transaction amount[39m                                                                                [90m# org.apache.fineract.test.stepdef.loan.LoanRepaymentStepDef.makeLoanRepayment(java.lang.String,java.lang.String,double)[39m
  [32m✔[39m [32m[1mWhen [22mAdmin sets the business date to [1m"01 October 2023"[22m[39m                                                                                                                       [90m# org.apache.fineract.test.stepdef.common.BusinessDateStepDef.setBusinessDate(java.lang.String)[39m
  [32m✔[39m [32m[1mAnd [22mCustomer makes [1m"AUTOPAY"[22m repayment on [1m"01 October 2023"[22m with [1m100[22m EUR transaction amount[39m                                                                                  [90m# org.apache.fineract.test.stepdef.loan.LoanRepaymentStepDef.makeLoanRepayment(java.lang.String,java.lang.String,double)[39m
  [32m✔[39m [32m[1mWhen [22mAdmin sets the business date to [1m"16 October 2023"[22m[39m                                                                                                                       [90m# org.apache.fineract.test.stepdef.common.BusinessDateStepDef.setBusinessDate(java.lang.String)[39m
  [32m✔[39m [32m[1mAnd [22mCustomer makes [1m"AUTOPAY"[22m repayment on [1m"16 October 2023"[22m with [1m150[22m EUR transaction amount[39m                                                                                  [90m# org.apache.fineract.test.stepdef.loan.LoanRepaymentStepDef.makeLoanRepayment(java.lang.String,java.lang.String,double)[39m
  [32m✔[39m [32m[1mThen [22mLoan has [1m0[22m outstanding amount[39m                                                                                                                                           [90m# org.apache.fineract.test.stepdef.loan.LoanStepDef.loanOutstanding(double)[39m
  [32m✔[39m [32m[1mThen [22mLoan status will be [1m"OVERPAID"[22m[39m                                                                                                                                          [90m# org.apache.fineract.test.stepdef.loan.LoanStepDef.loanStatus(java.lang.String)[39m
  [32m✔[39m [32m[1mWhen [22mAdmin sets the business date to [1m"25 October 2023"[22m[39m                                                                                                                       [90m# org.apache.fineract.test.stepdef.common.BusinessDateStepDef.setBusinessDate(java.lang.String)[39m
  [32m✔[39m [32m[1mWhen [22mAdmin makes [1m"REPAYMENT_ADJUSTMENT_CHARGEBACK"[22m chargeback with [1m50[22m EUR transaction amount[39m                                                                                 [90m# org.apache.fineract.test.stepdef.loan.LoanChargeBackStepDef.makeLoanChargeback(java.lang.String,double)[39m
  [32m✔[39m [32m[1mThen [22mLoan has [1m0[22m outstanding amount[39m                                                                                                                                           [90m# org.apache.fineract.test.stepdef.loan.LoanStepDef.loanOutstanding(double)[39m
  [32m✔[39m [32m[1mThen [22mLoan status will be [1m"CLOSED_OBLIGATIONS_MET"[22m[39m                                                                                                                            [90m# org.apache.fineract.test.stepdef.loan.LoanStepDef.loanStatus(java.lang.String)[39m
  [32m✔[39m [32m[1mThen [22mLoan Repayment schedule has [1m4[22m periods, with the following data for periods:[39m                                                                                             [90m# org.apache.fineract.test.stepdef.loan.LoanStepDef.loanRepaymentSchedulePeriodsCheck(int,io.cucumber.datatable.DataTable)[39m
      | Nr | Days | Date              | Paid date         | Balance of loan | Principal due | Interest | Fees | Penalties | Due   | Paid  | In advance | Late | Outstanding |
      |    |      | 01 September 2023 |                   | 400.0           |               |          | 0.0  |           | 0.0   | 0.0   |            |      |             |
      | 1  | 0    | 01 September 2023 | 01 September 2023 | 300.0           | 100.0         | 0.0      | 0.0  | 0.0       | 100.0 | 100.0 | 0.0        | 0.0  | 0.0         |
      | 2  | 15   | 16 September 2023 | 16 September 2023 | 200.0           | 100.0         | 0.0      | 0.0  | 0.0       | 100.0 | 100.0 | 0.0        | 0.0  | 0.0         |
      | 3  | 15   | 01 October 2023   | 01 October 2023   | 100.0           | 100.0         | 0.0      | 0.0  | 0.0       | 100.0 | 100.0 | 0.0        | 0.0  | 0.0         |
      | 4  | 15   | 16 October 2023   | 16 October 2023   | 0.0             | 100.0         | 0.0      | 0.0  | 0.0       | 100.0 | 100.0 | 0.0        | 0.0  | 0.0         |
  [32m✔[39m [32m[1mThen [22mLoan Repayment schedule has the following data in Total row:[39m                                                                                                            [90m# org.apache.fineract.test.stepdef.loan.LoanStepDef.loanRepaymentScheduleAmountCheck(io.cucumber.datatable.DataTable)[39m
      | Principal due | Interest | Fees | Penalties | Due   | Paid  | In advance | Late | Outstanding |
      | 400.0         | 0        | 0.0  | 0         | 400.0 | 400.0 | 0.0        | 0.0  | 0.0         |
  [32m✔[39m [32m[1mThen [22mLoan Transactions tab has the following data:[39m                                                                                                                           [90m# org.apache.fineract.test.stepdef.loan.LoanStepDef.loanTransactionsTabCheck(io.cucumber.datatable.DataTable)[39m
      | Transaction date  | Transaction Type | Amount | Principal | Interest | Fees | Penalties | Loan Balance |
      | 01 September 2023 | Disbursement     | 400.0  | 0.0       | 0.0      | 0.0  | 0.0       | 400.0        |
      | 01 September 2023 | Down Payment     | 100.0  | 100.0     | 0.0      | 0.0  | 0.0       | 300.0        |
      | 16 September 2023 | Repayment        | 100.0  | 100.0     | 0.0      | 0.0  | 0.0       | 200.0        |
      | 01 October 2023   | Repayment        | 100.0  | 100.0     | 0.0      | 0.0  | 0.0       | 100.0        |
      | 16 October 2023   | Repayment        | 150.0  | 100.0     | 0.0      | 0.0  | 0.0       | 0.0          |
      | 25 October 2023   | Chargeback       | 50.0   | 0.0       | 0.0      | 0.0  | 0.0       | 0.0          |

@LoanChargeback @TestRailId:C2880 @AdvancedPaymentAllocationChargeback @AdvancedPaymentAllocation
[1mScenario:[22m Verify chargeback function for advanced payment allocation - chargeback after the loan is closed, before the maturity date                                   [90m# fineract-e2e-tests-runner/src/test/resources/features/LoanChargeback-Part1.feature:1758[39m
  [32m✔[39m [32m[1mWhen [22mAdmin sets the business date to [1m"01 September 2023"[22m[39m                                                                                                           [90m# org.apache.fineract.test.stepdef.common.BusinessDateStepDef.setBusinessDate(java.lang.String)[39m
  [32m✔[39m [32m[1mWhen [22mAdmin creates a client with random data[39m                                                                                                                       [90m# org.apache.fineract.test.stepdef.common.ClientStepDef.createClientRandomFirstNameLastName()[39m
  [32m✔[39m [32m[1mWhen [22mAdmin set [1m"LP2_DOWNPAYMENT_AUTO_ADVANCED_PAYMENT_ALLOCATION"[22m loan product [1m"DEFAULT"[22m transaction type to [1m"NEXT_INSTALLMENT"[22m future installment allocation rule[39m [90m# org.apache.fineract.test.stepdef.loan.LoanStepDef.editFutureInstallmentAllocationTypeForLoanProduct(java.lang.String,java.lang.String,java.lang.String)[39m
  [32m✔[39m [32m[1mWhen [22mAdmin creates a fully customized loan with the following data:[39m                                                                                                [90m# org.apache.fineract.test.stepdef.loan.LoanStepDef.createFullyCustomizedLoan(io.cucumber.datatable.DataTable)[39m
      | LoanProduct                                      | submitted on date | with Principal | ANNUAL interest rate % | interest type | interest calculation period | amortization type  | loanTermFrequency | loanTermFrequencyType | repaymentEvery | repaymentFrequencyType | numberOfRepayments | graceOnPrincipalPayment | graceOnInterestPayment | interest free period | Payment strategy            |
      | LP2_DOWNPAYMENT_AUTO_ADVANCED_PAYMENT_ALLOCATION | 01 September 2023 | 400            | 0                      | FLAT          | SAME_AS_REPAYMENT_PERIOD    | EQUAL_INSTALLMENTS | 45                | DAYS                  | 15             | DAYS                   | 3                  | 0                       | 0                      | 0                    | ADVANCED_PAYMENT_ALLOCATION |
  [32m✔[39m [32m[1mAnd [22mAdmin successfully approves the loan on [1m"01 September 2023"[22m with [1m"400"[22m amount and expected disbursement date on [1m"01 September 2023"[22m[39m                            [90m# org.apache.fineract.test.stepdef.loan.LoanStepDef.approveLoan(java.lang.String,java.lang.String,java.lang.String)[39m
  [32m✔[39m [32m[1mWhen [22mAdmin successfully disburse the loan on [1m"01 September 2023"[22m with [1m"400"[22m EUR transaction amount[39m                                                                 [90m# org.apache.fineract.test.stepdef.loan.LoanStepDef.disburseLoan(java.lang.String,java.lang.String)[39m
  [32m✔[39m [32m[1mWhen [22mAdmin sets the business date to [1m"16 September 2023"[22m[39m                                                                                                           [90m# org.apache.fineract.test.stepdef.common.BusinessDateStepDef.setBusinessDate(java.lang.String)[39m
  [32m✔[39m [32m[1mAnd [22mCustomer makes [1m"AUTOPAY"[22m repayment on [1m"16 September 2023"[22m with [1m100[22m EUR transaction amount[39m                                                                      [90m# org.apache.fineract.test.stepdef.loan.LoanRepaymentStepDef.makeLoanRepayment(java.lang.String,java.lang.String,double)[39m
  [32m✔[39m [32m[1mWhen [22mAdmin sets the business date to [1m"01 October 2023"[22m[39m                                                                                                             [90m# org.apache.fineract.test.stepdef.common.BusinessDateStepDef.setBusinessDate(java.lang.String)[39m
  [32m✔[39m [32m[1mAnd [22mCustomer makes [1m"AUTOPAY"[22m repayment on [1m"01 October 2023"[22m with [1m100[22m EUR transaction amount[39m                                                                        [90m# org.apache.fineract.test.stepdef.loan.LoanRepaymentStepDef.makeLoanRepayment(java.lang.String,java.lang.String,double)[39m
  [32m✔[39m [32m[1mWhen [22mAdmin sets the business date to [1m"10 October 2023"[22m[39m                                                                                                             [90m# org.apache.fineract.test.stepdef.common.BusinessDateStepDef.setBusinessDate(java.lang.String)[39m
  [32m✔[39m [32m[1mAnd [22mCustomer makes [1m"AUTOPAY"[22m repayment on [1m"10 October 2023"[22m with [1m100[22m EUR transaction amount[39m                                                                        [90m# org.apache.fineract.test.stepdef.loan.LoanRepaymentStepDef.makeLoanRepayment(java.lang.String,java.lang.String,double)[39m
  [32m✔[39m [32m[1mAnd [22mAdmin makes [1m"REPAYMENT_ADJUSTMENT_CHARGEBACK"[22m chargeback with [1m100[22m EUR transaction amount for Payment nr. [1m2[22m[39m                                                     [90m# org.apache.fineract.test.stepdef.loan.LoanChargeBackStepDef.makeLoanChargebackForPayment(java.lang.String,double,double)[39m
  [32m✔[39m [32m[1mThen [22mLoan has [1m100[22m outstanding amount[39m                                                                                                                               [90m# org.apache.fineract.test.stepdef.loan.LoanStepDef.loanOutstanding(double)[39m
  [32m✔[39m [32m[1mThen [22mLoan status will be [1m"ACTIVE"[22m[39m                                                                                                                                  [90m# org.apache.fineract.test.stepdef.loan.LoanStepDef.loanStatus(java.lang.String)[39m
  [32m✔[39m [32m[1mThen [22mLoan Repayment schedule has [1m4[22m periods, with the following data for periods:[39m                                                                                   [90m# org.apache.fineract.test.stepdef.loan.LoanStepDef.loanRepaymentSchedulePeriodsCheck(int,io.cucumber.datatable.DataTable)[39m
      | Nr | Days | Date              | Paid date         | Balance of loan | Principal due | Interest | Fees | Penalties | Due   | Paid  | In advance | Late | Outstanding |
      |    |      | 01 September 2023 |                   | 400.0           |               |          | 0.0  |           | 0.0   | 0.0   |            |      |             |
      | 1  | 0    | 01 September 2023 | 01 September 2023 | 300.0           | 100.0         | 0.0      | 0.0  | 0.0       | 100.0 | 100.0 | 0.0        | 0.0  | 0.0         |
      | 2  | 15   | 16 September 2023 | 16 September 2023 | 200.0           | 100.0         | 0.0      | 0.0  | 0.0       | 100.0 | 100.0 | 0.0        | 0.0  | 0.0         |
      | 3  | 15   | 01 October 2023   | 01 October 2023   | 100.0           | 100.0         | 0.0      | 0.0  | 0.0       | 100.0 | 100.0 | 0.0        | 0.0  | 0.0         |
      | 4  | 15   | 16 October 2023   |                   | 0.0             | 200.0         | 0.0      | 0.0  | 0.0       | 200.0 | 100.0 | 100.0      | 0.0  | 100.0       |
  [32m✔[39m [32m[1mThen [22mLoan Repayment schedule has the following data in Total row:[39m                                                                                                  [90m# org.apache.fineract.test.stepdef.loan.LoanStepDef.loanRepaymentScheduleAmountCheck(io.cucumber.datatable.DataTable)[39m
      | Principal due | Interest | Fees | Penalties | Due   | Paid  | In advance | Late | Outstanding |
      | 500.0         | 0        | 0.0  | 0         | 500.0 | 400.0 | 100.0      | 0.0  | 100.0       |
  [32m✔[39m [32m[1mThen [22mLoan Transactions tab has the following data:[39m                                                                                                                 [90m# org.apache.fineract.test.stepdef.loan.LoanStepDef.loanTransactionsTabCheck(io.cucumber.datatable.DataTable)[39m
      | Transaction date  | Transaction Type | Amount | Principal | Interest | Fees | Penalties | Loan Balance |
      | 01 September 2023 | Disbursement     | 400.0  | 0.0       | 0.0      | 0.0  | 0.0       | 400.0        |
      | 01 September 2023 | Down Payment     | 100.0  | 100.0     | 0.0      | 0.0  | 0.0       | 300.0        |
      | 16 September 2023 | Repayment        | 100.0  | 100.0     | 0.0      | 0.0  | 0.0       | 200.0        |
      | 01 October 2023   | Repayment        | 100.0  | 100.0     | 0.0      | 0.0  | 0.0       | 100.0        |
      | 10 October 2023   | Repayment        | 100.0  | 100.0     | 0.0      | 0.0  | 0.0       | 0.0          |
      | 10 October 2023   | Chargeback       | 100.0  | 100.0     | 0.0      | 0.0  | 0.0       | 100.0        |

@LoanChargeback @TestRailId:C2881 @AdvancedPaymentAllocationChargeback @AdvancedPaymentAllocation
[1mScenario:[22m Verify chargeback function for advanced payment allocation - repayment 1 is reversed                                                                         [90m# fineract-e2e-tests-runner/src/test/resources/features/LoanChargeback-Part1.feature:1796[39m
  [32m✔[39m [32m[1mWhen [22mAdmin sets the business date to [1m"01 September 2023"[22m[39m                                                                                                           [90m# org.apache.fineract.test.stepdef.common.BusinessDateStepDef.setBusinessDate(java.lang.String)[39m
  [32m✔[39m [32m[1mWhen [22mAdmin creates a client with random data[39m                                                                                                                       [90m# org.apache.fineract.test.stepdef.common.ClientStepDef.createClientRandomFirstNameLastName()[39m
  [32m✔[39m [32m[1mWhen [22mAdmin set [1m"LP2_DOWNPAYMENT_AUTO_ADVANCED_PAYMENT_ALLOCATION"[22m loan product [1m"DEFAULT"[22m transaction type to [1m"NEXT_INSTALLMENT"[22m future installment allocation rule[39m [90m# org.apache.fineract.test.stepdef.loan.LoanStepDef.editFutureInstallmentAllocationTypeForLoanProduct(java.lang.String,java.lang.String,java.lang.String)[39m
  [32m✔[39m [32m[1mWhen [22mAdmin creates a fully customized loan with the following data:[39m                                                                                                [90m# org.apache.fineract.test.stepdef.loan.LoanStepDef.createFullyCustomizedLoan(io.cucumber.datatable.DataTable)[39m
      | LoanProduct                                      | submitted on date | with Principal | ANNUAL interest rate % | interest type | interest calculation period | amortization type  | loanTermFrequency | loanTermFrequencyType | repaymentEvery | repaymentFrequencyType | numberOfRepayments | graceOnPrincipalPayment | graceOnInterestPayment | interest free period | Payment strategy            |
      | LP2_DOWNPAYMENT_AUTO_ADVANCED_PAYMENT_ALLOCATION | 01 September 2023 | 400            | 0                      | FLAT          | SAME_AS_REPAYMENT_PERIOD    | EQUAL_INSTALLMENTS | 45                | DAYS                  | 15             | DAYS                   | 3                  | 0                       | 0                      | 0                    | ADVANCED_PAYMENT_ALLOCATION |
  [32m✔[39m [32m[1mAnd [22mAdmin successfully approves the loan on [1m"01 September 2023"[22m with [1m"400"[22m amount and expected disbursement date on [1m"01 September 2023"[22m[39m                            [90m# org.apache.fineract.test.stepdef.loan.LoanStepDef.approveLoan(java.lang.String,java.lang.String,java.lang.String)[39m
  [32m✔[39m [32m[1mWhen [22mAdmin successfully disburse the loan on [1m"01 September 2023"[22m with [1m"400"[22m EUR transaction amount[39m                                                                 [90m# org.apache.fineract.test.stepdef.loan.LoanStepDef.disburseLoan(java.lang.String,java.lang.String)[39m
  [32m✔[39m [32m[1mWhen [22mAdmin sets the business date to [1m"16 September 2023"[22m[39m                                                                                                           [90m# org.apache.fineract.test.stepdef.common.BusinessDateStepDef.setBusinessDate(java.lang.String)[39m
  [32m✔[39m [32m[1mAnd [22mCustomer makes [1m"AUTOPAY"[22m repayment on [1m"16 September 2023"[22m with [1m100[22m EUR transaction amount[39m                                                                      [90m# org.apache.fineract.test.stepdef.loan.LoanRepaymentStepDef.makeLoanRepayment(java.lang.String,java.lang.String,double)[39m
  [32m✔[39m [32m[1mWhen [22mAdmin sets the business date to [1m"01 October 2023"[22m[39m                                                                                                             [90m# org.apache.fineract.test.stepdef.common.BusinessDateStepDef.setBusinessDate(java.lang.String)[39m
  [32m✔[39m [32m[1mAnd [22mCustomer makes [1m"AUTOPAY"[22m repayment on [1m"01 October 2023"[22m with [1m100[22m EUR transaction amount[39m                                                                        [90m# org.apache.fineract.test.stepdef.loan.LoanRepaymentStepDef.makeLoanRepayment(java.lang.String,java.lang.String,double)[39m
  [32m✔[39m [32m[1mWhen [22mAdmin sets the business date to [1m"16 October 2023"[22m[39m                                                                                                             [90m# org.apache.fineract.test.stepdef.common.BusinessDateStepDef.setBusinessDate(java.lang.String)[39m
  [32m✔[39m [32m[1mAnd [22mCustomer makes [1m"AUTOPAY"[22m repayment on [1m"16 October 2023"[22m with [1m100[22m EUR transaction amount[39m                                                                        [90m# org.apache.fineract.test.stepdef.loan.LoanRepaymentStepDef.makeLoanRepayment(java.lang.String,java.lang.String,double)[39m
  [32m✔[39m [32m[1mThen [22mLoan has [1m0[22m outstanding amount[39m                                                                                                                                 [90m# org.apache.fineract.test.stepdef.loan.LoanStepDef.loanOutstanding(double)[39m
  [32m✔[39m [32m[1mThen [22mLoan status will be [1m"CLOSED_OBLIGATIONS_MET"[22m[39m                                                                                                                  [90m# org.apache.fineract.test.stepdef.loan.LoanStepDef.loanStatus(java.lang.String)[39m
  [32m✔[39m [32m[1mWhen [22mAdmin sets the business date to [1m"25 October 2023"[22m[39m                                                                                                             [90m# org.apache.fineract.test.stepdef.common.BusinessDateStepDef.setBusinessDate(java.lang.String)[39m
  [32m✔[39m [32m[1mAnd [22mAdmin makes [1m"REPAYMENT_ADJUSTMENT_CHARGEBACK"[22m chargeback with [1m100[22m EUR transaction amount for Payment nr. [1m2[22m[39m                                                     [90m# org.apache.fineract.test.stepdef.loan.LoanChargeBackStepDef.makeLoanChargebackForPayment(java.lang.String,double,double)[39m
  [32m✔[39m [32m[1mThen [22mLoan has [1m100[22m outstanding amount[39m                                                                                                                               [90m# org.apache.fineract.test.stepdef.loan.LoanStepDef.loanOutstanding(double)[39m
  [32m✔[39m [32m[1mWhen [22mAdmin sets the business date to [1m"30 October 2023"[22m[39m                                                                                                             [90m# org.apache.fineract.test.stepdef.common.BusinessDateStepDef.setBusinessDate(java.lang.String)[39m
  [32m✔[39m [32m[1mAnd [22mCustomer makes [1m"AUTOPAY"[22m repayment on [1m"30 October 2023"[22m with [1m100[22m EUR transaction amount[39m                                                                        [90m# org.apache.fineract.test.stepdef.loan.LoanRepaymentStepDef.makeLoanRepayment(java.lang.String,java.lang.String,double)[39m
  [32m✔[39m [32m[1mThen [22mLoan has [1m0[22m outstanding amount[39m                                                                                                                                 [90m# org.apache.fineract.test.stepdef.loan.LoanStepDef.loanOutstanding(double)[39m
  [32m✔[39m [32m[1mThen [22mLoan status will be [1m"CLOSED_OBLIGATIONS_MET"[22m[39m                                                                                                                  [90m# org.apache.fineract.test.stepdef.loan.LoanStepDef.loanStatus(java.lang.String)[39m
  [32m✔[39m [32m[1mWhen [22mCustomer undo [1m"1"[22mth transaction made on [1m"16 September 2023"[22m[39m                                                                                                   [90m# org.apache.fineract.test.stepdef.loan.LoanRepaymentStepDef.undoNthTransaction(java.lang.String,java.lang.String)[39m
  [32m✔[39m [32m[1mThen [22mOn Loan Transactions tab the [1m"Repayment"[22m Transaction with date [1m"16 September 2023"[22m is reverted[39m                                                                [90m# org.apache.fineract.test.stepdef.loan.LoanStepDef.loanTransactionsGivenTransactionReverted(java.lang.String,java.lang.String)[39m
  [32m✔[39m [32m[1mThen [22mLoan has [1m100[22m outstanding amount[39m                                                                                                                               [90m# org.apache.fineract.test.stepdef.loan.LoanStepDef.loanOutstanding(double)[39m
  [32m✔[39m [32m[1mThen [22mLoan status will be [1m"ACTIVE"[22m[39m                                                                                                                                  [90m# org.apache.fineract.test.stepdef.loan.LoanStepDef.loanStatus(java.lang.String)[39m
  [32m✔[39m [32m[1mThen [22mLoan Repayment schedule has [1m5[22m periods, with the following data for periods:[39m                                                                                   [90m# org.apache.fineract.test.stepdef.loan.LoanStepDef.loanRepaymentSchedulePeriodsCheck(int,io.cucumber.datatable.DataTable)[39m
      | Nr | Days | Date              | Paid date         | Balance of loan | Principal due | Interest | Fees | Penalties | Due   | Paid  | In advance | Late  | Outstanding |
      |    |      | 01 September 2023 |                   | 400.0           |               |          | 0.0  |           | 0.0   | 0.0   |            |       |             |
      | 1  | 0    | 01 September 2023 | 01 September 2023 | 300.0           | 100.0         | 0.0      | 0.0  | 0.0       | 100.0 | 100.0 | 0.0        | 0.0   | 0.0         |
      | 2  | 15   | 16 September 2023 | 01 October 2023   | 200.0           | 100.0         | 0.0      | 0.0  | 0.0       | 100.0 | 100.0 | 0.0        | 100.0 | 0.0         |
      | 3  | 15   | 01 October 2023   | 16 October 2023   | 100.0           | 100.0         | 0.0      | 0.0  | 0.0       | 100.0 | 100.0 | 0.0        | 100.0 | 0.0         |
      | 4  | 15   | 16 October 2023   | 30 October 2023   | 0.0             | 100.0         | 0.0      | 0.0  | 0.0       | 100.0 | 100.0 | 0.0        | 100.0 | 0.0         |
      | 5  | 9    | 25 October 2023   |                   | 0.0             | 100.0         | 0.0      | 0.0  | 0.0       | 100.0 | 0.0   | 0.0        | 0.0   | 100.0       |
  [32m✔[39m [32m[1mThen [22mLoan Repayment schedule has the following data in Total row:[39m                                                                                                  [90m# org.apache.fineract.test.stepdef.loan.LoanStepDef.loanRepaymentScheduleAmountCheck(io.cucumber.datatable.DataTable)[39m
      | Principal due | Interest | Fees | Penalties | Due   | Paid  | In advance | Late  | Outstanding |
      | 500.0         | 0        | 0.0  | 0         | 500.0 | 400.0 | 0.0        | 300.0 | 100.0       |
  [32m✔[39m [32m[1mThen [22mLoan Transactions tab has the following data:[39m                                                                                                                 [90m# org.apache.fineract.test.stepdef.loan.LoanStepDef.loanTransactionsTabCheck(io.cucumber.datatable.DataTable)[39m
      | Transaction date  | Transaction Type | Amount | Principal | Interest | Fees | Penalties | Loan Balance |
      | 01 September 2023 | Disbursement     | 400.0  | 0.0       | 0.0      | 0.0  | 0.0       | 400.0        |
      | 01 September 2023 | Down Payment     | 100.0  | 100.0     | 0.0      | 0.0  | 0.0       | 300.0        |
      | 16 September 2023 | Repayment        | 100.0  | 100.0     | 0.0      | 0.0  | 0.0       | 200.0        |
      | 01 October 2023   | Repayment        | 100.0  | 100.0     | 0.0      | 0.0  | 0.0       | 200.0        |
      | 16 October 2023   | Repayment        | 100.0  | 100.0     | 0.0      | 0.0  | 0.0       | 100.0        |
      | 25 October 2023   | Chargeback       | 100.0  | 100.0     | 0.0      | 0.0  | 0.0       | 200.0        |
      | 30 October 2023   | Repayment        | 100.0  | 100.0     | 0.0      | 0.0  | 0.0       | 100.0        |

@LoanChargeback @TestRailId:C3034 @AdvancedPaymentAllocationChargeback @AdvancedPaymentAllocation
[1mScenario:[22m Verify chargeback function for advanced payment allocation - overpayment handling                                                                                          [90m# fineract-e2e-tests-runner/src/test/resources/features/LoanChargeback-Part1.feature:1846[39m
  [32m✔[39m [32m[1mWhen [22mAdmin sets the business date to [1m"01 September 2023"[22m[39m                                                                                                                         [90m# org.apache.fineract.test.stepdef.common.BusinessDateStepDef.setBusinessDate(java.lang.String)[39m
  [32m✔[39m [32m[1mWhen [22mAdmin creates a client with random data[39m                                                                                                                                     [90m# org.apache.fineract.test.stepdef.common.ClientStepDef.createClientRandomFirstNameLastName()[39m
  [32m✔[39m [32m[1mWhen [22mAdmin creates a fully customized loan with the following data:[39m                                                                                                              [90m# org.apache.fineract.test.stepdef.loan.LoanStepDef.createFullyCustomizedLoan(io.cucumber.datatable.DataTable)[39m
      | LoanProduct                                                                                      | submitted on date | with Principal | ANNUAL interest rate % | interest type | interest calculation period | amortization type  | loanTermFrequency | loanTermFrequencyType | repaymentEvery | repaymentFrequencyType | numberOfRepayments | graceOnPrincipalPayment | graceOnInterestPayment | interest free period | Payment strategy            |
      | LP2_DOWNPAYMENT_ADV_PMT_ALLOC_PROGRESSIVE_LOAN_SCHEDULE_HORIZONTAL_INSTALLMENT_LEVEL_DELINQUENCY | 01 September 2023 | 1000           | 0                      | FLAT          | SAME_AS_REPAYMENT_PERIOD    | EQUAL_INSTALLMENTS | 45                | DAYS                  | 15             | DAYS                   | 3                  | 0                       | 0                      | 0                    | ADVANCED_PAYMENT_ALLOCATION |
  [32m✔[39m [32m[1mAnd [22mAdmin successfully approves the loan on [1m"01 September 2023"[22m with [1m"1000"[22m amount and expected disbursement date on [1m"01 September 2023"[22m[39m                                         [90m# org.apache.fineract.test.stepdef.loan.LoanStepDef.approveLoan(java.lang.String,java.lang.String,java.lang.String)[39m
  [32m✔[39m [32m[1mWhen [22mAdmin successfully disburse the loan on [1m"01 September 2023"[22m with [1m"1000"[22m EUR transaction amount[39m                                                                              [90m# org.apache.fineract.test.stepdef.loan.LoanStepDef.disburseLoan(java.lang.String,java.lang.String)[39m
  [32m✔[39m [32m[1mThen [22mLoan has [1m1000[22m outstanding amount[39m                                                                                                                                            [90m# org.apache.fineract.test.stepdef.loan.LoanStepDef.loanOutstanding(double)[39m
  [32m✔[39m [32m[1mWhen [22mAdmin sets the business date to [1m"05 September 2023"[22m[39m                                                                                                                         [90m# org.apache.fineract.test.stepdef.common.BusinessDateStepDef.setBusinessDate(java.lang.String)[39m
  [32m✔[39m [32m[1mWhen [22mCustomer makes [1m"AUTOPAY"[22m repayment on [1m"05 September 2023"[22m with [1m500[22m EUR transaction amount[39m                                                                                   [90m# org.apache.fineract.test.stepdef.loan.LoanRepaymentStepDef.makeLoanRepayment(java.lang.String,java.lang.String,double)[39m
  [32m✔[39m [32m[1mThen [22mLoan has [1m500[22m outstanding amount[39m                                                                                                                                             [90m# org.apache.fineract.test.stepdef.loan.LoanStepDef.loanOutstanding(double)[39m
  [32m✔[39m [32m[1mWhen [22mAdmin sets the business date to [1m"11 January 2024"[22m[39m                                                                                                                           [90m# org.apache.fineract.test.stepdef.common.BusinessDateStepDef.setBusinessDate(java.lang.String)[39m
  [32m✔[39m [32m[1mWhen [22mAdmin makes [1m"REPAYMENT_ADJUSTMENT_CHARGEBACK"[22m chargeback with [1m500[22m EUR transaction amount[39m                                                                                    [90m# org.apache.fineract.test.stepdef.loan.LoanChargeBackStepDef.makeLoanChargeback(java.lang.String,double)[39m
  [32m✔[39m [32m[1mThen [22mLoan has [1m1000[22m outstanding amount[39m                                                                                                                                            [90m# org.apache.fineract.test.stepdef.loan.LoanStepDef.loanOutstanding(double)[39m
  [32m✔[39m [32m[1mWhen [22mCustomer makes [1m"GOODWILL_CREDIT"[22m transaction with [1m"AUTOPAY"[22m payment type on [1m"06 September 2023"[22m with [1m200[22m EUR transaction amount and system-generated Idempotency key[39m        [90m# org.apache.fineract.test.stepdef.loan.LoanStepDef.createTransactionWithAutoIdempotencyKey(java.lang.String,java.lang.String,java.lang.String,double)[39m
  [32m✔[39m [32m[1mThen [22mLoan has [1m800[22m outstanding amount[39m                                                                                                                                             [90m# org.apache.fineract.test.stepdef.loan.LoanStepDef.loanOutstanding(double)[39m
  [32m✔[39m [32m[1mWhen [22mAdmin makes [1m"REPAYMENT_ADJUSTMENT_CHARGEBACK"[22m chargeback with [1m200[22m EUR transaction amount[39m                                                                                    [90m# org.apache.fineract.test.stepdef.loan.LoanChargeBackStepDef.makeLoanChargeback(java.lang.String,double)[39m
  [32m✔[39m [32m[1mThen [22mLoan has [1m1000[22m outstanding amount[39m                                                                                                                                            [90m# org.apache.fineract.test.stepdef.loan.LoanStepDef.loanOutstanding(double)[39m
  [32m✔[39m [32m[1mWhen [22mCustomer makes [1m"PAYOUT_REFUND"[22m transaction with [1m"AUTOPAY"[22m payment type on [1m"07 September 2023"[22m with [1m300[22m EUR transaction amount and system-generated Idempotency key[39m          [90m# org.apache.fineract.test.stepdef.loan.LoanStepDef.createTransactionWithAutoIdempotencyKey(java.lang.String,java.lang.String,java.lang.String,double)[39m
  [32m✔[39m [32m[1mThen [22mLoan has [1m700[22m outstanding amount[39m                                                                                                                                             [90m# org.apache.fineract.test.stepdef.loan.LoanStepDef.loanOutstanding(double)[39m
  [32m✔[39m [32m[1mWhen [22mAdmin makes [1m"REPAYMENT_ADJUSTMENT_CHARGEBACK"[22m chargeback with [1m300[22m EUR transaction amount[39m                                                                                    [90m# org.apache.fineract.test.stepdef.loan.LoanChargeBackStepDef.makeLoanChargeback(java.lang.String,double)[39m
  [32m✔[39m [32m[1mThen [22mLoan has [1m1000[22m outstanding amount[39m                                                                                                                                            [90m# org.apache.fineract.test.stepdef.loan.LoanStepDef.loanOutstanding(double)[39m
  [32m✔[39m [32m[1mWhen [22mCustomer makes [1m"MERCHANT_ISSUED_REFUND"[22m transaction with [1m"AUTOPAY"[22m payment type on [1m"08 September 2023"[22m with [1m100[22m EUR transaction amount and system-generated Idempotency key[39m [90m# org.apache.fineract.test.stepdef.loan.LoanStepDef.createTransactionWithAutoIdempotencyKey(java.lang.String,java.lang.String,java.lang.String,double)[39m
  [32m✔[39m [32m[1mThen [22mLoan has [1m900[22m outstanding amount[39m                                                                                                                                             [90m# org.apache.fineract.test.stepdef.loan.LoanStepDef.loanOutstanding(double)[39m
  [32m✔[39m [32m[1mWhen [22mAdmin makes [1m"REPAYMENT_ADJUSTMENT_CHARGEBACK"[22m chargeback with [1m100[22m EUR transaction amount[39m                                                                                    [90m# org.apache.fineract.test.stepdef.loan.LoanChargeBackStepDef.makeLoanChargeback(java.lang.String,double)[39m
  [32m✔[39m [32m[1mThen [22mLoan has [1m1000[22m outstanding amount[39m                                                                                                                                            [90m# org.apache.fineract.test.stepdef.loan.LoanStepDef.loanOutstanding(double)[39m

@LoanChargeback @TestRailId:C3038 @AdvancedPaymentAllocationChargeback @AdvancedPaymentAllocation
[1mScenario:[22m Verify chargeback function for advanced payment allocation - chargeback on downpayment                                                                       [90m# fineract-e2e-tests-runner/src/test/resources/features/LoanChargeback-Part1.feature:1875[39m
  [32m✔[39m [32m[1mWhen [22mAdmin sets the business date to [1m"01 January 2024"[22m[39m                                                                                                             [90m# org.apache.fineract.test.stepdef.common.BusinessDateStepDef.setBusinessDate(java.lang.String)[39m
  [32m✔[39m [32m[1mWhen [22mAdmin creates a client with random data[39m                                                                                                                       [90m# org.apache.fineract.test.stepdef.common.ClientStepDef.createClientRandomFirstNameLastName()[39m
  [32m✔[39m [32m[1mWhen [22mAdmin set [1m"LP2_DOWNPAYMENT_AUTO_ADVANCED_PAYMENT_ALLOCATION"[22m loan product [1m"DEFAULT"[22m transaction type to [1m"NEXT_INSTALLMENT"[22m future installment allocation rule[39m [90m# org.apache.fineract.test.stepdef.loan.LoanStepDef.editFutureInstallmentAllocationTypeForLoanProduct(java.lang.String,java.lang.String,java.lang.String)[39m
  [32m✔[39m [32m[1mWhen [22mAdmin creates a fully customized loan with the following data:[39m                                                                                                [90m# org.apache.fineract.test.stepdef.loan.LoanStepDef.createFullyCustomizedLoan(io.cucumber.datatable.DataTable)[39m
      | LoanProduct                                      | submitted on date | with Principal | ANNUAL interest rate % | interest type | interest calculation period | amortization type  | loanTermFrequency | loanTermFrequencyType | repaymentEvery | repaymentFrequencyType | numberOfRepayments | graceOnPrincipalPayment | graceOnInterestPayment | interest free period | Payment strategy            |
      | LP2_DOWNPAYMENT_AUTO_ADVANCED_PAYMENT_ALLOCATION | 01 January 2024   | 1000           | 0                      | FLAT          | SAME_AS_REPAYMENT_PERIOD    | EQUAL_INSTALLMENTS | 45                | DAYS                  | 15             | DAYS                   | 3                  | 0                       | 0                      | 0                    | ADVANCED_PAYMENT_ALLOCATION |
  [32m✔[39m [32m[1mAnd [22mAdmin successfully approves the loan on [1m"01 January 2024"[22m with [1m"1000"[22m amount and expected disbursement date on [1m"01 January 2024"[22m[39m                               [90m# org.apache.fineract.test.stepdef.loan.LoanStepDef.approveLoan(java.lang.String,java.lang.String,java.lang.String)[39m
  [32m✔[39m [32m[1mWhen [22mAdmin successfully disburse the loan on [1m"01 January 2024"[22m with [1m"1000"[22m EUR transaction amount[39m                                                                  [90m# org.apache.fineract.test.stepdef.loan.LoanStepDef.disburseLoan(java.lang.String,java.lang.String)[39m
  [32m✔[39m [32m[1mWhen [22mAdmin makes [1m"REPAYMENT_ADJUSTMENT_CHARGEBACK"[22m chargeback with [1m250[22m EUR transaction amount for Downpayment nr. [1m1[22m[39m                                                [90m# org.apache.fineract.test.stepdef.loan.LoanChargeBackStepDef.makeLoanChargebackForDownpaymentayment(java.lang.String,double,double)[39m
  [32m✔[39m [32m[1mThen [22mLoan Repayment schedule has [1m4[22m periods, with the following data for periods:[39m                                                                                   [90m# org.apache.fineract.test.stepdef.loan.LoanStepDef.loanRepaymentSchedulePeriodsCheck(int,io.cucumber.datatable.DataTable)[39m
      | Nr | Days | Date             | Paid date       | Balance of loan | Principal due | Interest | Fees | Penalties | Due   | Paid  | In advance | Late | Outstanding |
      |    |      | 01 January 2024  |                 | 1000.0          |               |          | 0.0  |           | 0.0   | 0.0   |            |      |             |
      | 1  | 0    | 01 January 2024  | 01 January 2024 | 750.0           | 250.0         | 0.0      | 0.0  | 0.0       | 250.0 | 250.0 | 0.0        | 0.0  | 0.0         |
      | 2  | 15   | 16 January 2024  |                 | 500.0           | 500.0         | 0.0      | 0.0  | 0.0       | 500.0 | 0.0   | 0.0        | 0.0  | 500.0       |
      | 3  | 15   | 31 January 2024  |                 | 250.0           | 250.0         | 0.0      | 0.0  | 0.0       | 250.0 | 0.0   | 0.0        | 0.0  | 250.0       |
      | 4  | 15   | 15 February 2024 |                 | 0.0             | 250.0         | 0.0      | 0.0  | 0.0       | 250.0 | 0.0   | 0.0        | 0.0  | 250.0       |
  [32m✔[39m [32m[1mThen [22mLoan Repayment schedule has the following data in Total row:[39m                                                                                                  [90m# org.apache.fineract.test.stepdef.loan.LoanStepDef.loanRepaymentScheduleAmountCheck(io.cucumber.datatable.DataTable)[39m
      | Principal due | Interest | Fees | Penalties | Due    | Paid  | In advance | Late | Outstanding |
      | 1250.0        | 0        | 0.0  | 0         | 1250.0 | 250.0 | 0.0        | 0.0  | 1000.0      |
  [32m✔[39m [32m[1mThen [22mLoan Transactions tab has the following data:[39m                                                                                                                 [90m# org.apache.fineract.test.stepdef.loan.LoanStepDef.loanTransactionsTabCheck(io.cucumber.datatable.DataTable)[39m
      | Transaction date | Transaction Type | Amount | Principal | Interest | Fees | Penalties | Loan Balance |
      | 01 January 2024  | Disbursement     | 1000.0 | 0.0       | 0.0      | 0.0  | 0.0       | 1000.0       |
      | 01 January 2024  | Down Payment     | 250.0  | 250.0     | 0.0      | 0.0  | 0.0       | 750.0        |
      | 01 January 2024  | Chargeback       | 250.0  | 250.0     | 0.0      | 0.0  | 0.0       | 1000.0       |

@LoanChargeback @TestRailId:C3039 @AdvancedPaymentAllocationChargeback @AdvancedPaymentAllocation
[1mScenario:[22m Verify chargeback function for advanced payment allocation - partial chargeback on downpayment                                                               [90m# fineract-e2e-tests-runner/src/test/resources/features/LoanChargeback-Part1.feature:1902[39m
  [32m✔[39m [32m[1mWhen [22mAdmin sets the business date to [1m"01 January 2024"[22m[39m                                                                                                             [90m# org.apache.fineract.test.stepdef.common.BusinessDateStepDef.setBusinessDate(java.lang.String)[39m
  [32m✔[39m [32m[1mWhen [22mAdmin creates a client with random data[39m                                                                                                                       [90m# org.apache.fineract.test.stepdef.common.ClientStepDef.createClientRandomFirstNameLastName()[39m
  [32m✔[39m [32m[1mWhen [22mAdmin set [1m"LP2_DOWNPAYMENT_AUTO_ADVANCED_PAYMENT_ALLOCATION"[22m loan product [1m"DEFAULT"[22m transaction type to [1m"NEXT_INSTALLMENT"[22m future installment allocation rule[39m [90m# org.apache.fineract.test.stepdef.loan.LoanStepDef.editFutureInstallmentAllocationTypeForLoanProduct(java.lang.String,java.lang.String,java.lang.String)[39m
  [32m✔[39m [32m[1mWhen [22mAdmin creates a fully customized loan with the following data:[39m                                                                                                [90m# org.apache.fineract.test.stepdef.loan.LoanStepDef.createFullyCustomizedLoan(io.cucumber.datatable.DataTable)[39m
      | LoanProduct                                      | submitted on date | with Principal | ANNUAL interest rate % | interest type | interest calculation period | amortization type  | loanTermFrequency | loanTermFrequencyType | repaymentEvery | repaymentFrequencyType | numberOfRepayments | graceOnPrincipalPayment | graceOnInterestPayment | interest free period | Payment strategy            |
      | LP2_DOWNPAYMENT_AUTO_ADVANCED_PAYMENT_ALLOCATION | 01 January 2024   | 1000           | 0                      | FLAT          | SAME_AS_REPAYMENT_PERIOD    | EQUAL_INSTALLMENTS | 45                | DAYS                  | 15             | DAYS                   | 3                  | 0                       | 0                      | 0                    | ADVANCED_PAYMENT_ALLOCATION |
  [32m✔[39m [32m[1mAnd [22mAdmin successfully approves the loan on [1m"01 January 2024"[22m with [1m"1000"[22m amount and expected disbursement date on [1m"01 January 2024"[22m[39m                               [90m# org.apache.fineract.test.stepdef.loan.LoanStepDef.approveLoan(java.lang.String,java.lang.String,java.lang.String)[39m
  [32m✔[39m [32m[1mWhen [22mAdmin successfully disburse the loan on [1m"01 January 2024"[22m with [1m"1000"[22m EUR transaction amount[39m                                                                  [90m# org.apache.fineract.test.stepdef.loan.LoanStepDef.disburseLoan(java.lang.String,java.lang.String)[39m
  [32m✔[39m [32m[1mWhen [22mAdmin makes [1m"REPAYMENT_ADJUSTMENT_CHARGEBACK"[22m chargeback with [1m200[22m EUR transaction amount for Downpayment nr. [1m1[22m[39m                                                [90m# org.apache.fineract.test.stepdef.loan.LoanChargeBackStepDef.makeLoanChargebackForDownpaymentayment(java.lang.String,double,double)[39m
  [32m✔[39m [32m[1mThen [22mLoan Repayment schedule has [1m4[22m periods, with the following data for periods:[39m                                                                                   [90m# org.apache.fineract.test.stepdef.loan.LoanStepDef.loanRepaymentSchedulePeriodsCheck(int,io.cucumber.datatable.DataTable)[39m
      | Nr | Days | Date             | Paid date       | Balance of loan | Principal due | Interest | Fees | Penalties | Due   | Paid  | In advance | Late | Outstanding |
      |    |      | 01 January 2024  |                 | 1000.0          |               |          | 0.0  |           | 0.0   | 0.0   |            |      |             |
      | 1  | 0    | 01 January 2024  | 01 January 2024 | 750.0           | 250.0         | 0.0      | 0.0  | 0.0       | 250.0 | 250.0 | 0.0        | 0.0  | 0.0         |
      | 2  | 15   | 16 January 2024  |                 | 500.0           | 450.0         | 0.0      | 0.0  | 0.0       | 450.0 | 0.0   | 0.0        | 0.0  | 450.0       |
      | 3  | 15   | 31 January 2024  |                 | 250.0           | 250.0         | 0.0      | 0.0  | 0.0       | 250.0 | 0.0   | 0.0        | 0.0  | 250.0       |
      | 4  | 15   | 15 February 2024 |                 | 0.0             | 250.0         | 0.0      | 0.0  | 0.0       | 250.0 | 0.0   | 0.0        | 0.0  | 250.0       |
  [32m✔[39m [32m[1mThen [22mLoan Repayment schedule has the following data in Total row:[39m                                                                                                  [90m# org.apache.fineract.test.stepdef.loan.LoanStepDef.loanRepaymentScheduleAmountCheck(io.cucumber.datatable.DataTable)[39m
      | Principal due | Interest | Fees | Penalties | Due    | Paid  | In advance | Late | Outstanding |
      | 1200.0        | 0        | 0.0  | 0         | 1200.0 | 250.0 | 0.0        | 0.0  | 950.0       |
  [32m✔[39m [32m[1mThen [22mLoan Transactions tab has the following data:[39m                                                                                                                 [90m# org.apache.fineract.test.stepdef.loan.LoanStepDef.loanTransactionsTabCheck(io.cucumber.datatable.DataTable)[39m
      | Transaction date | Transaction Type | Amount | Principal | Interest | Fees | Penalties | Loan Balance |
      | 01 January 2024  | Disbursement     | 1000.0 | 0.0       | 0.0      | 0.0  | 0.0       | 1000.0       |
      | 01 January 2024  | Down Payment     | 250.0  | 250.0     | 0.0      | 0.0  | 0.0       | 750.0        |
      | 01 January 2024  | Chargeback       | 200.0  | 200.0     | 0.0      | 0.0  | 0.0       | 950.0        |

@LoanChargeback @TestRailId:C3243 @creditAllocation @AdvancedPaymentAllocationChargeback @AdvancedPaymentAllocation
[1mScenario:[22m Verify chargeback function for advanced payment allocation - credit allocation UC1                                             [90m# fineract-e2e-tests-runner/src/test/resources/features/LoanChargeback-Part1.feature:1929[39m
  [32m✔[39m [32m[1mWhen [22mAdmin sets the business date to [1m"01 January 2024"[22m[39m                                                                               [90m# org.apache.fineract.test.stepdef.common.BusinessDateStepDef.setBusinessDate(java.lang.String)[39m
  [32m✔[39m [32m[1mWhen [22mAdmin creates a client with random data[39m                                                                                         [90m# org.apache.fineract.test.stepdef.common.ClientStepDef.createClientRandomFirstNameLastName()[39m
  [32m✔[39m [32m[1mWhen [22mAdmin creates a fully customized loan with the following data:[39m                                                                  [90m# org.apache.fineract.test.stepdef.loan.LoanStepDef.createFullyCustomizedLoan(io.cucumber.datatable.DataTable)[39m
      | LoanProduct                                                                            | submitted on date | with Principal | ANNUAL interest rate % | interest type | interest calculation period | amortization type  | loanTermFrequency | loanTermFrequencyType | repaymentEvery | repaymentFrequencyType | numberOfRepayments | graceOnPrincipalPayment | graceOnInterestPayment | interest free period | Payment strategy            |
      | LP2_DOWNPAYMENT_ADV_PMT_ALLOC_PROG_SCHEDULE_HOR_INST_LVL_DELINQUENCY_CREDIT_ALLOCATION | 01 January 2024   | 1000           | 0                      | FLAT          | SAME_AS_REPAYMENT_PERIOD    | EQUAL_INSTALLMENTS | 45                | DAYS                  | 15             | DAYS                   | 3                  | 0                       | 0                      | 0                    | ADVANCED_PAYMENT_ALLOCATION |
  [32m✔[39m [32m[1mAnd [22mAdmin successfully approves the loan on [1m"01 January 2024"[22m with [1m"1000"[22m amount and expected disbursement date on [1m"01 January 2024"[22m[39m [90m# org.apache.fineract.test.stepdef.loan.LoanStepDef.approveLoan(java.lang.String,java.lang.String,java.lang.String)[39m
  [32m✔[39m [32m[1mWhen [22mAdmin successfully disburse the loan on [1m"01 January 2024"[22m with [1m"1000"[22m EUR transaction amount[39m                                    [90m# org.apache.fineract.test.stepdef.loan.LoanStepDef.disburseLoan(java.lang.String,java.lang.String)[39m
  [32m✔[39m [32m[1mWhen [22mAdmin adds [1m"LOAN_NSF_FEE"[22m due date charge with [1m"16 January 2024"[22m due date and [1m20[22m EUR transaction amount[39m                         [90m# org.apache.fineract.test.stepdef.loan.LoanChargeStepDef.addChargeDueDate(java.lang.String,java.lang.String,double)[39m
  [32m✔[39m [32m[1mWhen [22mAdmin adds [1m"LOAN_SNOOZE_FEE"[22m due date charge with [1m"16 January 2024"[22m due date and [1m50[22m EUR transaction amount[39m                      [90m# org.apache.fineract.test.stepdef.loan.LoanChargeStepDef.addChargeDueDate(java.lang.String,java.lang.String,double)[39m
  [32m✔[39m [32m[1mWhen [22mCustomer makes [1m"AUTOPAY"[22m repayment on [1m"01 January 2024"[22m with [1m250[22m EUR transaction amount[39m                                         [90m# org.apache.fineract.test.stepdef.loan.LoanRepaymentStepDef.makeLoanRepayment(java.lang.String,java.lang.String,double)[39m
  [32m✔[39m [32m[1mWhen [22mAdmin sets the business date to [1m"16 January 2024"[22m[39m                                                                               [90m# org.apache.fineract.test.stepdef.common.BusinessDateStepDef.setBusinessDate(java.lang.String)[39m
  [32m✔[39m [32m[1mWhen [22mCustomer makes [1m"AUTOPAY"[22m repayment on [1m"16 January 2024"[22m with [1m320[22m EUR transaction amount[39m                                         [90m# org.apache.fineract.test.stepdef.loan.LoanRepaymentStepDef.makeLoanRepayment(java.lang.String,java.lang.String,double)[39m
  [32m✔[39m [32m[1mWhen [22mAdmin sets the business date to [1m"17 January 2024"[22m[39m                                                                               [90m# org.apache.fineract.test.stepdef.common.BusinessDateStepDef.setBusinessDate(java.lang.String)[39m
  [32m✔[39m [32m[1mWhen [22mAdmin makes [1m"REPAYMENT_ADJUSTMENT_CHARGEBACK"[22m chargeback with [1m10[22m EUR transaction amount[39m                                         [90m# org.apache.fineract.test.stepdef.loan.LoanChargeBackStepDef.makeLoanChargeback(java.lang.String,double)[39m

@LoanChargeback @TestRailId:C3079 @AdvancedPaymentAllocation
[1mScenario:[22m Verify chargeback function for advanced payment allocation - full chargeback on overpaid loan                                                                   [90m# fineract-e2e-tests-runner/src/test/resources/features/LoanChargeback-Part1.feature:1946[39m
  [32m✔[39m [32m[1mWhen [22mAdmin sets the business date to [1m"01 January 2024"[22m[39m                                                                                                                [90m# org.apache.fineract.test.stepdef.common.BusinessDateStepDef.setBusinessDate(java.lang.String)[39m
  [32m✔[39m [32m[1mWhen [22mAdmin creates a client with random data[39m                                                                                                                          [90m# org.apache.fineract.test.stepdef.common.ClientStepDef.createClientRandomFirstNameLastName()[39m
  [32m✔[39m [32m[1mWhen [22mAdmin set [1m"LP2_DOWNPAYMENT_AUTO_ADVANCED_PAYMENT_ALLOCATION"[22m loan product [1m"DEFAULT"[22m transaction type to [1m"NEXT_INSTALLMENT"[22m future installment allocation rule[39m    [90m# org.apache.fineract.test.stepdef.loan.LoanStepDef.editFutureInstallmentAllocationTypeForLoanProduct(java.lang.String,java.lang.String,java.lang.String)[39m
  [32m✔[39m [32m[1mWhen [22mAdmin creates a fully customized loan with the following data:[39m                                                                                                   [90m# org.apache.fineract.test.stepdef.loan.LoanStepDef.createFullyCustomizedLoan(io.cucumber.datatable.DataTable)[39m
      | LoanProduct                                      | submitted on date | with Principal | ANNUAL interest rate % | interest type | interest calculation period | amortization type  | loanTermFrequency | loanTermFrequencyType | repaymentEvery | repaymentFrequencyType | numberOfRepayments | graceOnPrincipalPayment | graceOnInterestPayment | interest free period | Payment strategy            |
      | LP2_DOWNPAYMENT_AUTO_ADVANCED_PAYMENT_ALLOCATION | 01 January 2024   | 500            | 0                      | FLAT          | SAME_AS_REPAYMENT_PERIOD    | EQUAL_INSTALLMENTS | 45                | DAYS                  | 15             | DAYS                   | 3                  | 0                       | 0                      | 0                    | ADVANCED_PAYMENT_ALLOCATION |
  [32m✔[39m [32m[1mAnd [22mAdmin successfully approves the loan on [1m"01 January 2024"[22m with [1m"500"[22m amount and expected disbursement date on [1m"01 January 2024"[22m[39m                                   [90m# org.apache.fineract.test.stepdef.loan.LoanStepDef.approveLoan(java.lang.String,java.lang.String,java.lang.String)[39m
  [32m✔[39m [32m[1mWhen [22mAdmin successfully disburse the loan on [1m"01 January 2024"[22m with [1m"500"[22m EUR transaction amount[39m                                                                      [90m# org.apache.fineract.test.stepdef.loan.LoanStepDef.disburseLoan(java.lang.String,java.lang.String)[39m
  [32m✔[39m [32m[1mWhen [22mAdmin sets the business date to [1m"10 January 2024"[22m[39m                                                                                                                [90m# org.apache.fineract.test.stepdef.common.BusinessDateStepDef.setBusinessDate(java.lang.String)[39m
  [32m✔[39m [32m[1mWhen [22mCustomer makes [1m"PAYOUT_REFUND"[22m transaction with [1m"AUTOPAY"[22m payment type on [1m"10 January 2024"[22m with [1m500[22m EUR transaction amount and system-generated Idempotency key[39m [90m# org.apache.fineract.test.stepdef.loan.LoanStepDef.createTransactionWithAutoIdempotencyKey(java.lang.String,java.lang.String,java.lang.String,double)[39m
  [32m✔[39m [32m[1mThen [22mLoan status will be [1m"OVERPAID"[22m[39m                                                                                                                                   [90m# org.apache.fineract.test.stepdef.loan.LoanStepDef.loanStatus(java.lang.String)[39m
  [32m✔[39m [32m[1mThen [22mLoan has [1m125[22m overpaid amount[39m                                                                                                                                     [90m# org.apache.fineract.test.stepdef.loan.LoanStepDef.loanOverpaid(double)[39m
  [32m✔[39m [32m[1mThen [22mLoan Repayment schedule has [1m4[22m periods, with the following data for periods:[39m                                                                                      [90m# org.apache.fineract.test.stepdef.loan.LoanStepDef.loanRepaymentSchedulePeriodsCheck(int,io.cucumber.datatable.DataTable)[39m
      | Nr | Days | Date             | Paid date       | Balance of loan | Principal due | Interest | Fees | Penalties | Due   | Paid  | In advance | Late | Outstanding |
      |    |      | 01 January 2024  |                 | 500.0           |               |          | 0.0  |           | 0.0   | 0.0   |            |      |             |
      | 1  | 0    | 01 January 2024  | 01 January 2024 | 375.0           | 125.0         | 0.0      | 0.0  | 0.0       | 125.0 | 125.0 | 0.0        | 0.0  | 0.0         |
      | 2  | 15   | 16 January 2024  | 10 January 2024 | 250.0           | 125.0         | 0.0      | 0.0  | 0.0       | 125.0 | 125.0 | 125.0      | 0.0  | 0.0         |
      | 3  | 15   | 31 January 2024  | 10 January 2024 | 125.0           | 125.0         | 0.0      | 0.0  | 0.0       | 125.0 | 125.0 | 125.0      | 0.0  | 0.0         |
      | 4  | 15   | 15 February 2024 | 10 January 2024 | 0.0             | 125.0         | 0.0      | 0.0  | 0.0       | 125.0 | 125.0 | 125.0      | 0.0  | 0.0         |
  [32m✔[39m [32m[1mThen [22mLoan Repayment schedule has the following data in Total row:[39m                                                                                                     [90m# org.apache.fineract.test.stepdef.loan.LoanStepDef.loanRepaymentScheduleAmountCheck(io.cucumber.datatable.DataTable)[39m
      | Principal due | Interest | Fees | Penalties | Due   | Paid  | In advance | Late | Outstanding |
      | 500.0         | 0.0      | 0.0  | 0.0       | 500.0 | 500.0 | 375.0      | 0.0  | 0.0         |
  [32m✔[39m [32m[1mThen [22mLoan Transactions tab has the following data:[39m                                                                                                                    [90m# org.apache.fineract.test.stepdef.loan.LoanStepDef.loanTransactionsTabCheck(io.cucumber.datatable.DataTable)[39m
      | Transaction date | Transaction Type | Amount | Principal | Interest | Fees | Penalties | Loan Balance |
      | 01 January 2024  | Disbursement     | 500.0  | 0.0       | 0.0      | 0.0  | 0.0       | 500.0        |
      | 01 January 2024  | Down Payment     | 125.0  | 125.0     | 0.0      | 0.0  | 0.0       | 375.0        |
      | 10 January 2024  | Payout Refund    | 500.0  | 375.0     | 0.0      | 0.0  | 0.0       | 0.0          |
  [32m✔[39m [32m[1mThen [22mLoan Transactions tab has a [1m"DISBURSEMENT"[22m transaction with date [1m"01 January 2024"[22m which has the following Journal entries:[39m                                      [90m# org.apache.fineract.test.stepdef.common.JournalEntriesStepDef.journalEntryDataCheck(java.lang.String,java.lang.String,io.cucumber.datatable.DataTable)[39m
      | Type      | Account code | Account name              | Debit | Credit |
      | ASSET     | 112601       | Loans Receivable          | 500.0 |        |
      | LIABILITY | 145023       | Suspense/Clearing account |       | 500.0  |
  [32m✔[39m [32m[1mThen [22mLoan Transactions tab has a [1m"DOWN_PAYMENT"[22m transaction with date [1m"01 January 2024"[22m which has the following Journal entries:[39m                                      [90m# org.apache.fineract.test.stepdef.common.JournalEntriesStepDef.journalEntryDataCheck(java.lang.String,java.lang.String,io.cucumber.datatable.DataTable)[39m
      | Type      | Account code | Account name              | Debit | Credit |
      | ASSET     | 112601       | Loans Receivable          |       | 125.0  |
      | LIABILITY | 145023       | Suspense/Clearing account | 125.0 |        |
  [32m✔[39m [32m[1mThen [22mLoan Transactions tab has a [1m"PAYOUT_REFUND"[22m transaction with date [1m"10 January 2024"[22m which has the following Journal entries:[39m                                     [90m# org.apache.fineract.test.stepdef.common.JournalEntriesStepDef.journalEntryDataCheck(java.lang.String,java.lang.String,io.cucumber.datatable.DataTable)[39m
      | Type      | Account code | Account name              | Debit | Credit |
      | ASSET     | 112601       | Loans Receivable          |       | 375.0  |
      | LIABILITY | l1           | Overpayment account       |       | 125.0  |
      | LIABILITY | 145023       | Suspense/Clearing account | 500.0 |        |
  [32m✔[39m [32m[1mWhen [22mAdmin makes [1m"REPAYMENT_ADJUSTMENT_CHARGEBACK"[22m chargeback with [1m125[22m EUR transaction amount[39m                                                                         [90m# org.apache.fineract.test.stepdef.loan.LoanChargeBackStepDef.makeLoanChargeback(java.lang.String,double)[39m
  [32m✔[39m [32m[1mThen [22mLoan status will be [1m"CLOSED_OBLIGATIONS_MET"[22m[39m                                                                                                                     [90m# org.apache.fineract.test.stepdef.loan.LoanStepDef.loanStatus(java.lang.String)[39m
  [32m✔[39m [32m[1mThen [22mLoan Repayment schedule has [1m4[22m periods, with the following data for periods:[39m                                                                                      [90m# org.apache.fineract.test.stepdef.loan.LoanStepDef.loanRepaymentSchedulePeriodsCheck(int,io.cucumber.datatable.DataTable)[39m
      | Nr | Days | Date             | Paid date       | Balance of loan | Principal due | Interest | Fees | Penalties | Due   | Paid  | In advance | Late | Outstanding |
      |    |      | 01 January 2024  |                 | 500.0           |               |          | 0.0  |           | 0.0   | 0.0   |            |      |             |
      | 1  | 0    | 01 January 2024  | 01 January 2024 | 375.0           | 125.0         | 0.0      | 0.0  | 0.0       | 125.0 | 125.0 | 0.0        | 0.0  | 0.0         |
      | 2  | 15   | 16 January 2024  | 10 January 2024 | 250.0           | 125.0         | 0.0      | 0.0  | 0.0       | 125.0 | 125.0 | 125.0      | 0.0  | 0.0         |
      | 3  | 15   | 31 January 2024  | 10 January 2024 | 125.0           | 125.0         | 0.0      | 0.0  | 0.0       | 125.0 | 125.0 | 125.0      | 0.0  | 0.0         |
      | 4  | 15   | 15 February 2024 | 10 January 2024 | 0.0             | 125.0         | 0.0      | 0.0  | 0.0       | 125.0 | 125.0 | 125.0      | 0.0  | 0.0         |
  [32m✔[39m [32m[1mThen [22mLoan Repayment schedule has the following data in Total row:[39m                                                                                                     [90m# org.apache.fineract.test.stepdef.loan.LoanStepDef.loanRepaymentScheduleAmountCheck(io.cucumber.datatable.DataTable)[39m
      | Principal due | Interest | Fees | Penalties | Due   | Paid  | In advance | Late | Outstanding |
      | 500.0         | 0.0      | 0.0  | 0.0       | 500.0 | 500.0 | 375.0      | 0.0  | 0.0         |
  [32m✔[39m [32m[1mThen [22mLoan Transactions tab has the following data:[39m                                                                                                                    [90m# org.apache.fineract.test.stepdef.loan.LoanStepDef.loanTransactionsTabCheck(io.cucumber.datatable.DataTable)[39m
      | Transaction date | Transaction Type | Amount | Principal | Interest | Fees | Penalties | Loan Balance |
      | 01 January 2024  | Disbursement     | 500.0  | 0.0       | 0.0      | 0.0  | 0.0       | 500.0        |
      | 01 January 2024  | Down Payment     | 125.0  | 125.0     | 0.0      | 0.0  | 0.0       | 375.0        |
      | 10 January 2024  | Payout Refund    | 500.0  | 375.0     | 0.0      | 0.0  | 0.0       | 0.0          |
      | 10 January 2024  | Chargeback       | 125.0  | 0.0       | 0.0      | 0.0  | 0.0       | 0.0          |
  [32m✔[39m [32m[1mThen [22mLoan Transactions tab has a [1m"DISBURSEMENT"[22m transaction with date [1m"01 January 2024"[22m which has the following Journal entries:[39m                                      [90m# org.apache.fineract.test.stepdef.common.JournalEntriesStepDef.journalEntryDataCheck(java.lang.String,java.lang.String,io.cucumber.datatable.DataTable)[39m
      | Type      | Account code | Account name              | Debit | Credit |
      | ASSET     | 112601       | Loans Receivable          | 500.0 |        |
      | LIABILITY | 145023       | Suspense/Clearing account |       | 500.0  |
  [32m✔[39m [32m[1mThen [22mLoan Transactions tab has a [1m"DOWN_PAYMENT"[22m transaction with date [1m"01 January 2024"[22m which has the following Journal entries:[39m                                      [90m# org.apache.fineract.test.stepdef.common.JournalEntriesStepDef.journalEntryDataCheck(java.lang.String,java.lang.String,io.cucumber.datatable.DataTable)[39m
      | Type      | Account code | Account name              | Debit | Credit |
      | ASSET     | 112601       | Loans Receivable          |       | 125.0  |
      | LIABILITY | 145023       | Suspense/Clearing account | 125.0 |        |
  [32m✔[39m [32m[1mThen [22mLoan Transactions tab has a [1m"PAYOUT_REFUND"[22m transaction with date [1m"10 January 2024"[22m which has the following Journal entries:[39m                                     [90m# org.apache.fineract.test.stepdef.common.JournalEntriesStepDef.journalEntryDataCheck(java.lang.String,java.lang.String,io.cucumber.datatable.DataTable)[39m
      | Type      | Account code | Account name              | Debit | Credit |
      | ASSET     | 112601       | Loans Receivable          |       | 375.0  |
      | LIABILITY | l1           | Overpayment account       |       | 125.0  |
      | LIABILITY | 145023       | Suspense/Clearing account | 500.0 |        |
  [32m✔[39m [32m[1mThen [22mLoan Transactions tab has a [1m"CHARGEBACK"[22m transaction with date [1m"10 January 2024"[22m which has the following Journal entries:[39m                                        [90m# org.apache.fineract.test.stepdef.common.JournalEntriesStepDef.journalEntryDataCheck(java.lang.String,java.lang.String,io.cucumber.datatable.DataTable)[39m
      | Type      | Account code | Account name              | Debit | Credit |
      | LIABILITY | l1           | Overpayment account       | 125.0 |        |
      | LIABILITY | 145023       | Suspense/Clearing account |       | 125.0  |

50 scenarios ([32m50 passed[39m)
1367 steps ([32m1367 passed[39m)
1m 20.517s

[Incubating] Problems report is available at: file:///work/build/reports/problems/problems-report.html

Deprecated Gradle features were used in this build, making it incompatible with Gradle 9.0.

You can use '--warning-mode all' to show the individual deprecation warnings and determine if they come from your own scripts or plugins.

For more on this, please refer to https://docs.gradle.org/8.14.5/userguide/command_line_interface.html#sec:command_line_warnings in the Gradle documentation.

BUILD SUCCESSFUL in 1m 35s
24 actionable tasks: 1 executed, 23 up-to-date
=== run end 2026-09-11T13:54:31Z rc=0 ===
