verdict	file	lineno	op	target	text
TRACKED-DIR	.softhouse/bin/fire-program.sh	88	redirect	${FINERACT_HEALTH_URL:-https://localhost:8443/fineract-provider/actuator/health}	if curl -sk --max-time 8 "$FINERACT_HEALTH_URL" >/dev/null 2>&1; then
TRACKED-DIR	.softhouse/bin/fire-program.sh	133	redirect	${${body#*\"pid\": }%%,*}	[[ "$pid" == <1-> ]]             || return 1   # zsh numeric glob; junk => alive
TRACKED-DIR	.softhouse/bin/fire-program.sh	135	redirect	${${body#*\"pid\": }%%,*}	kill -0 "$pid" 2>/dev/null       && return 1   # still running => not stale
TRACKED-DIR	.softhouse/bin/fire-program.sh	149	redirect	$(( $(date +%s) - LOCK_EPOCH ))s	log "stale lock (age ${AGE}s > ${LOCK_MAX_AGE_SECS}s) — taking it over"
TRACKED-DIR	.softhouse/bin/fire-program.sh	165	redirect	${GEREGE_NBFI_REPO:-/Users/buv/gerege-nbfi}/.softhouse/LOCK	cat > "$LOCK" <<EOF
TRACKED-DIR	.softhouse/bin/fire-program.sh	178	redirect	${GEREGE_NBFI_REPO:-/Users/buv/gerege-nbfi}/.softhouse/LOCK	git add -f "$LOCK" >/dev/null 2>&1
TRACKED-DIR	.softhouse/bin/fire-program.sh	179	redirect	$(date +%Y%m%d-%H%M%S)	git -c user.name="Buyan" -c user.email="buya.vol@gmail.com" commit -q -m "softhouse: local fire lock ($STAMP)" >/dev/null 2>&1
TRACKED-DIR	.softhouse/bin/fire-program.sh	220	redirect	$@	git push -q "$@" >/dev/null 2>&1 &
TRACKED-DIR	.softhouse/bin/fire-program.sh	250	rm	${GEREGE_NBFI_REPO:-/Users/buv/gerege-nbfi}/.softhouse/LOCK	rm -f "$LOCK"
TRACKED-DIR	.softhouse/bin/fire-program.sh	253	redirect	${GEREGE_NBFI_REPO:-/Users/buv/gerege-nbfi}/.softhouse/LOCK	git add -A -- "$LOCK" >/dev/null 2>&1
TRACKED-DIR	.softhouse/bin/fire-program.sh	255	redirect	$(date +%Y%m%d-%H%M%S)	git -c user.name="Buyan" -c user.email="buya.vol@gmail.com" commit -q -m "softhouse: release local fire lock ($STAMP)" >/dev/null 2>&1
TRACKED-DIR	.softhouse/bin/fire-program.sh	338	redirect	${	(( ${#lines} > 1 )) || return 1        # a one-line process table is not a table
TRACKED-DIR	.softhouse/bin/fire-program.sh	498	redirect	$e.type	if ($e.type=="assistant" and (($e.message.model // "") != "<synthetic>"))
TRACKED-DIR	.softhouse/bin/fire-program.sh	604	rm	${LOG_DIR:-$HOME/Library/Logs/gerege-nbfi}/fire-$(date +%Y%m%d-%H%M%S).driver-rc	rm -f "$DRIVER_RC_FILE"
TRACKED-DIR	.softhouse/bin/fire-program.sh	611	redirect	$?	print -r -- $? > "$DRIVER_RC_FILE" } \
TRACKED-DIR	.softhouse/bin/fire-program.sh	612	tee	${LOG_DIR:-$HOME/Library/Logs/gerege-nbfi}/fire-$(date +%Y%m%d-%H%M%S).jsonl	| tee "$RAW" \
TRACKED-DIR	.softhouse/bin/fire-program.sh	625	redirect	$?	print -r -- $? > "$DRIVER_RC_FILE" } ) &
TRACKED-DIR	.softhouse/bin/fire-program.sh	690	redirect	${	(( ${#lines} > 1 )) || { FOREIGN_SESSIONS="/bin/ps returned a one-line table, which is not a table"; return 2; }
TRACKED-FILE	.softhouse/bin/fire-program.sh	783	redirect	.softhouse/LOCK	git add -A -- ':(top)' ':(top,exclude).softhouse/LOCK' >/dev/null 2>&1
TRACKED-DIR	.softhouse/bin/fire-program.sh	789	redirect	$(date +%Y%m%d-%H%M%S)	commit -q -m "softhouse: rescue uncommitted deliverables left by fire $STAMP (exit-protocol violation)" >/dev/null 2>&1
TRACKED-DIR	.softhouse/bin/fire-program.sh	837	redirect	${	(( ${#WT_BRANCHES} > 0 )) && WT_BRANCHES[${#WT_BRANCHES}]="${WT_LINE#branch refs/heads/}"
TRACKED-DIR	.softhouse/bin/fire-program.sh	839	redirect	${	(( ${#WT_BRANCHES} > 0 )) && WT_BRANCHES[${#WT_BRANCHES}]="(detached)"
TRACKED-DIR	.softhouse/bin/fire-program.sh	841	redirect	${	(( ${#WT_LOCKED} > 0 )) && WT_LOCKED[${#WT_LOCKED}]="no reason given"
TRACKED-DIR	.softhouse/bin/fire-program.sh	843	redirect	${	(( ${#WT_LOCKED} > 0 )) && WT_LOCKED[${#WT_LOCKED}]="${WT_LINE#locked }"
TRACKED-DIR	.softhouse/bin/fire-program.sh	847	redirect	${	if (( ${#WT_PATHS} > 0 )); then
TRACKED-DIR	.softhouse/bin/fire-program.sh	896	redirect	${WT_PATHS[$WI]}	git -C "$W" add -A >/dev/null 2>&1
TRACKED-DIR	.softhouse/bin/fire-program.sh	901	redirect	$(basename "${WT_PATHS[$WI]}")	log "rescued $WN -> $WB"
TRACKED-DIR	.softhouse/bin/fire-program.sh	908	redirect	${WT_BRANCHES[$WI]}	log "rescue pairing: task branch $PRIOR -> $WB"
TRACKED-DIR	.softhouse/bin/fire-program.sh	951	redirect	${WT_BRANCHES[$i]}	if git branch -d "$BR" >/dev/null 2>&1; then
TRACKED-DIR	.softhouse/bin/fire-program.sh	1062	redirect	$(<"${LOG_DIR:-$HOME/Library/Logs/gerege-nbfi}/fire-$(date +%Y%m%d-%H%M%S).driver-rc")	print -r -- "> - driver outcome: rc=\`$RC\` — $DRIVER_TURN_LINE"
TRACKED-DIR	.softhouse/bin/fire-program.sh	1066	redirect	${LOG_DIR:-$HOME/Library/Logs/gerege-nbfi}/fire-$(date +%Y%m%d-%H%M%S).log	print -r -- "> - fire log: \`$LOG\`"
TRACKED-FILE	.softhouse/bin/fire-program.sh	1075	mv	.softhouse/RESUME.md	mv -f .softhouse/RESUME.md.t288.tmp .softhouse/RESUME.md
TRACKED-FILE	.softhouse/bin/fire-program.sh	1096	redirect	.softhouse/tasks.json	git add -- ':(top).softhouse/tasks.json' ':(top).softhouse/RESUME.md' >/dev/null 2>&1
UNRESOLVED	.softhouse/bin/go-env.sh	159	redirect	""""""$_g_searched	printf '%s\n' "go-env.sh:   searched (needed <cand>/go/bin/go):$_g_searched" >&2
TRACKED-DIR	.softhouse/bin/lib-worktree-prune.zsh	102	redirect	$BR	git merge-base --is-ancestor "$BR" "$TARGET" >/dev/null 2>&1
TRACKED-DIR	.softhouse/bin/ready-tasks.py	7	redirect	.softhouse/runs	`.softhouse/runs/<run-id>.tasks.json` and dropped from the current file, so a
TRACKED-DIR	.softhouse/capture/actualactual/src/negative-tests.sh	72	rm	$(cd "$(dirname "${BASH_SOURCE[0]}")/.." && pwd)/out/.seam-backup	rm -f "$CAPDIR/out/.seam-backup"
TRACKED-DIR	.softhouse/capture/actualactual/src/negative-tests.sh	79	redirect	$(cd "$(dirname "${BASH_SOURCE[0]}")/.." && pwd)/src/EmbeddableProgressiveLoanScheduleGenerator.java	if ! diff -q "$SEAMF" /Users/buv/fineract/fineract-progressive-loan-embeddable-schedule-generator/src/main/java/org/apache/fineract/portfolio/loanaccount/loanschedule/domain/Embedd
TRACKED-FILE	.softhouse/capture/actualactual/src/pathb-capture.sh	37	redirect	.softhouse/capture/charges/bin/run-preconditions.sh	sh "$CH/bin/run-preconditions.sh" "$O/preconditions.txt" > /dev/null || {
TRACKED-FILE	.softhouse/capture/actualactual/src/pathb-capture.sh	44	redirect	.softhouse/capture/actualactual/pathb/out/products-asserted.txt	> "$O/products-asserted.txt"
UNRESOLVED	.softhouse/capture/actualactual/src/pathb-capture.sh	61	redirect	./.softhouse/capture/actualactual/pathb/req/calc-$1; _prod=$2; _disb=$3; _n=$4; _every=$5; _termfreq=$6; _principal=$7; _rate=$8.json	cat > "$R/calc-$_name.json" <<EOF
TRACKED-FILE	.softhouse/capture/actualactual/src/pathb-capture.sh	111	truncate	.softhouse/capture/actualactual/pathb/out/HTTP-CODES.txt	: > "$O/HTTP-CODES.txt"
TRACKED-DIR	.softhouse/capture/actualactual/src/run-actualactual.sh	94	redirect	$(cd "$(dirname "${BASH_SOURCE[0]}")/.." && pwd)/out/${T48_OUT_PREFIX:-t48}-${T48_SET:-seam}-oracle-identity.txt	' > "$IDENT" 2>&1 || fail "oracle-identity container exited non-zero (see $IDENT)"
TRACKED-DIR	.softhouse/capture/actualactual/src/run-actualactual.sh	97	redirect	.softhouse/capture/actualactual/src	sed -n '/== classpath entries/,$p' "$IDENT" | tail -n +2 > "$CPLIST"
TRACKED-DIR	.softhouse/capture/actualactual/src/run-actualactual.sh	121	redirect	$(cd "$(dirname "${BASH_SOURCE[0]}")/.." && pwd)/out/${T48_OUT_PREFIX:-t48}-${T48_SET:-seam}-raw.json	' > "$RAW" 2> "$ERR"
TRACKED-DIR	.softhouse/capture/actualactual/src/run-actualactual.sh	133	redirect	$	head -n "$((FIRST_BRACE - 1))" "$RAW" > "$LOG"
TRACKED-DIR	.softhouse/capture/actualactual/src/run-actualactual.sh	135	truncate	$(cd "$(dirname "${BASH_SOURCE[0]}")/.." && pwd)/out/${T48_OUT_PREFIX:-t48}-${T48_SET:-seam}-log.txt	: > "$LOG"
TRACKED-DIR	.softhouse/capture/actualactual/src/run-actualactual.sh	137	redirect	$(grep -n '^{' "$(cd "$(dirname "${BASH_SOURCE[0]}")/.." && pwd)/out/${T48_OUT_PREFIX:-t48}-${T48_SET:-seam}-raw.json" | head -1 | cut -d: -f1)	tail -n "+$FIRST_BRACE" "$RAW" > "$JSON"
TRACKED-DIR	.softhouse/capture/actualactual/src/run-actualactual.sh	138	redirect	$(cd "$(dirname "${BASH_SOURCE[0]}")/.." && pwd)/out/${T48_OUT_PREFIX:-t48}-${T48_SET:-seam}.json	python3 -m json.tool "$JSON" > /dev/null || fail "JSON payload does not parse ($JSON)"
TRACKED-FILE	.softhouse/capture/audit-t44/analysis/T175-red/drive-red.sh	53	redirect	.softhouse/capture/audit-t44/analysis/t44_float_roundtrip.py	python3 "$ORIG" "${REAL_GLOBS[@]}" > "$SCRATCH/orig-real.txt" 2>&1
TRACKED-FILE	.softhouse/capture/audit-t44/analysis/T175-red/drive-red.sh	54	redirect	.softhouse/capture/audit-t44/analysis/t44_float_roundtrip-output.txt	if diff -q "$SCRATCH/orig-real.txt" "$COMMITTED" >/dev/null; then
TRACKED-FILE	.softhouse/capture/audit-t44/analysis/T175-red/drive-red.sh	73	redirect	.softhouse/capture/audit-t44/analysis/t44_float_roundtrip_v2.py	python3 "$SUCC" "${REAL_GLOBS[@]}" > "$SCRATCH/succ-real.txt" 2>&1
TRACKED-FILE	.softhouse/capture/audit-t44/analysis/T175-red/drive-red.sh	84	redirect	.softhouse/capture/audit-t44/analysis/t44_float_roundtrip.py	python3 "$ORIG" "$SCRATCH/plant/*.json" > "$SCRATCH/orig-plant.txt" 2>&1
TRACKED-FILE	.softhouse/capture/audit-t44/analysis/T175-red/drive-red.sh	96	redirect	.softhouse/capture/audit-t44/analysis/t44_float_roundtrip_v2.py	python3 "$SUCC" "$SCRATCH/plant/*.json" > "$SCRATCH/succ-plant.txt" 2>&1
TRACKED-FILE	.softhouse/capture/audit-t44/analysis/T175-red/drive-red.sh	105	redirect	.softhouse/capture/audit-t44/analysis/t44_float_roundtrip.py	python3 "$ORIG" "$SCRATCH/plant/*.nosuchextension" > "$SCRATCH/orig-empty.txt" 2>&1
TRACKED-FILE	.softhouse/capture/audit-t44/analysis/T175-red/drive-red.sh	113	redirect	.softhouse/capture/audit-t44/analysis/t44_float_roundtrip_v2.py	python3 "$SUCC" "$SCRATCH/plant/*.nosuchextension" > "$SCRATCH/succ-empty.txt" 2>&1
TRACKED-FILE	.softhouse/capture/audit-t44/analysis/T175-red/drive-red.sh	123	redirect	.softhouse/capture/audit-t44/analysis/t44_float_roundtrip_v2.py	python3 "$SUCC" "${CLEAN_GLOBS[@]}" > "$SCRATCH/succ-clean.txt" 2>&1
TRACKED-FILE	.softhouse/capture/audit-t44/analysis/T175-red/drive-red.sh	133	redirect	.softhouse/capture/audit-t44/analysis/t44_float_roundtrip_v2.py	python3 "$SUCC" "${REAL_GLOBS[@]}" --expect-skips "$n_unparseable" > "$SCRATCH/succ-ack.txt" 2>&1
TRACKED-FILE	.softhouse/capture/audit-t44/analysis/T175-red/drive-red.sh	137	redirect	.softhouse/capture/audit-t44/analysis/t44_float_roundtrip_v2.py	python3 "$SUCC" "${REAL_GLOBS[@]}" --expect-skips 17 > "$SCRATCH/succ-wrong.txt" 2>&1
TRACKED-FILE	.softhouse/capture/audit-t44/analysis/T207/T207-red/drive-red-v3.sh	82	redirect	.softhouse/capture/audit-t44/analysis/t44_float_roundtrip.py	python3 "$ORIG" "${REAL_GLOBS[@]}" > "$SCRATCH/orig-real.txt" 2>&1
TRACKED-FILE	.softhouse/capture/audit-t44/analysis/T207/T207-red/drive-red-v3.sh	83	redirect	.softhouse/capture/audit-t44/analysis/t44_float_roundtrip-output.txt	if diff -q "$SCRATCH/orig-real.txt" "$COMMITTED" >/dev/null; then
TRACKED-DIR	.softhouse/capture/audit-t44/analysis/T207/T207-red/drive-red-v3.sh	107	redirect	$(cd "$(dirname "${BASH_SOURCE[0]}")" && pwd)/plant-corrupt.py	python3 "$PLANT" "$SCRATCH/corrupt" corrupt > "$SCRATCH/plant.txt" 2>&1
TRACKED-FILE	.softhouse/capture/audit-t44/analysis/T207/T207-red/drive-red-v3.sh	114	redirect	.softhouse/capture/audit-t44/analysis/t44_float_roundtrip_v2.py	python3 "$V2" "$SCRATCH/corrupt/*.json" > "$SCRATCH/v2-corrupt.txt" 2>&1
TRACKED-FILE	.softhouse/capture/audit-t44/analysis/T207/T207-red/drive-red-v3.sh	125	redirect	.softhouse/capture/audit-t44/analysis/T207/t44_float_roundtrip_v3.py	python3 "$V3" "$SCRATCH/corrupt/*.json" > "$SCRATCH/v3-corrupt.txt" 2>&1
TRACKED-FILE	.softhouse/capture/audit-t44/analysis/T207/T207-red/drive-red-v3.sh	136	redirect	.softhouse/capture/audit-t44/analysis/T207/t44_float_roundtrip_v3.py	python3 "$V3" "${CLEAN_GLOBS[@]}" > "$SCRATCH/v3-clean.txt" 2>&1
TRACKED-FILE	.softhouse/capture/audit-t44/analysis/T207/T207-red/drive-red-v3.sh	138	redirect	.softhouse/capture/audit-t44/analysis/t44_float_roundtrip_v2.py	python3 "$V2" "${CLEAN_GLOBS[@]}" > "$SCRATCH/v2-clean.txt" 2>&1
TRACKED-FILE	.softhouse/capture/audit-t44/analysis/T207/T207-red/drive-red-v3.sh	160	redirect	.softhouse/capture/audit-t44/analysis/T207/t44_float_roundtrip_v3.py	python3 "$V3" "${REAL_GLOBS[@]}" > "$SCRATCH/v3-real.txt" 2>&1
TRACKED-FILE	.softhouse/capture/audit-t44/analysis/T207/T207-red/drive-red-v3.sh	164	redirect	.softhouse/capture/audit-t44/analysis/T207/t44_float_roundtrip_v3.py	python3 "$V3" "${REAL_GLOBS[@]}" --expect-skips "$n_unparseable" > "$SCRATCH/v3-ack.txt" 2>&1
TRACKED-FILE	.softhouse/capture/audit-t44/analysis/T207/T207-red/drive-red-v3.sh	166	redirect	.softhouse/capture/audit-t44/analysis/T207/t44_float_roundtrip_v3.py	python3 "$V3" "${REAL_GLOBS[@]}" --expect-skips 17 > "$SCRATCH/v3-wrong.txt" 2>&1
TRACKED-FILE	.softhouse/capture/audit-t44/analysis/T207/T207-red/drive-red-v3.sh	168	redirect	.softhouse/capture/audit-t44/analysis/T207/t44_float_roundtrip_v3.py	python3 "$V3" "$SCRATCH/corrupt/*.nosuchextension" > "$SCRATCH/v3-empty.txt" 2>&1
TRACKED-FILE	.softhouse/capture/audit-t44/analysis/T207/T207-red/drive-red-v3.sh	175	redirect	.softhouse/capture/audit-t44/analysis/T207/t44_float_roundtrip_v3.py	python3 "$V3" --selftest > "$SCRATCH/v3-selftest.txt" 2>&1
TRACKED-FILE	.softhouse/capture/audit-t44/analysis/T207/T207-red/drive-red-v3.sh	185	redirect	.softhouse/capture/leapboundary/analysis/T207/measure-other-sites-v2.py	python3 "$MOS2" "$ROOT" > "$SCRATCH/mos2-real.txt" 2>&1
TRACKED-FILE	.softhouse/capture/audit-t44/analysis/T207/T207-red/drive-red-v3.sh	215	redirect	.softhouse/capture/leapboundary/analysis/T207/measure-other-sites-v2.py	python3 "$MOS2" "$FAKE" > "$SCRATCH/mos2-planted.txt" 2>&1
TRACKED-DIR	.softhouse/capture/audit-t44/charges/bin/mkprobes.sh	14	redirect	.softhouse/capture/audit-t44/charges/bin	sed 's/"dueDate": "15 June 2026"/"dueDate": "20 January 2026"/' "$SRC19" > "$AUD/req/calc-AP-1-sdd-pctinterest-inside-p1.json"
TRACKED-DIR	.softhouse/capture/audit-t44/charges/bin/mkprobes.sh	15	redirect	.softhouse/capture/audit-t44/charges/bin	sed 's/"dueDate": "15 June 2026"/"dueDate": "01 February 2026"/' "$SRC19" > "$AUD/req/calc-AP-2-sdd-pctinterest-on-p1-duedate.json"
TRACKED-DIR	.softhouse/capture/audit-t44/charges/bin/mkprobes.sh	16	redirect	.softhouse/capture/audit-t44/charges/bin	sed 's/"dueDate": "15 June 2026"/"dueDate": "01 April 2026"/'    "$SRC19" > "$AUD/req/calc-AP-3-sdd-pctinterest-on-p3-duedate.json"
TRACKED-DIR	.softhouse/capture/audit-t44/charges/bin/rerun.sh	24	redirect	$(curl -sk -X POST "https://localhost:8443/fineract-provider/api/v1/loans?command=calculateLoanSchedule" \	echo "HTTP $_code  $(basename "$_req")  ->  $(shasum -a 256 "$_out" | awk '{print $1}')"
TRACKED-DIR	.softhouse/capture/audit-t44/charges/bin/runprobes.sh	19	redirect	$(curl -sk -X POST "https://localhost:8443/fineract-provider/api/v1/loans?command=calculateLoanSchedule" -H "Authorization: Basic bWlmb3M6cGFzc3dvcmQ=" -H "Fineract-Platform-TenantId: gerege" -H "Content-Type: application/json" \	echo "HTTP $code  $n  ->  $(shasum -a 256 "$O/$n-raw.json" | awk '{print $1}')"
TRACKED-DIR	.softhouse/capture/audit-t44/mathcontext/src/read-pathb-wiring.sh	49	redirect	$(cd "$(dirname "${BASH_SOURCE[0]}")/.." && pwd)/out/t42-pathb-wiring.txt	} > "$OUT" 2>&1
TRACKED-DIR	.softhouse/capture/audit-t44/mathcontext/src/run-mathcontext.sh	98	redirect	$(cd "$(dirname "${BASH_SOURCE[0]}")/.." && pwd)/out/${T42_OUT_PREFIX:-t42-mathcontext}-oracle-identity.txt	' > "$IDENT" 2>&1 || fail "oracle-identity container exited non-zero (see $IDENT)"
TRACKED-DIR	.softhouse/capture/audit-t44/mathcontext/src/run-mathcontext.sh	101	redirect	.softhouse/capture/audit-t44/mathcontext/src	sed -n '/== classpath entries/,$p' "$IDENT" | tail -n +2 > "$CPLIST"
TRACKED-DIR	.softhouse/capture/audit-t44/mathcontext/src/run-mathcontext.sh	123	redirect	$(cd "$(dirname "${BASH_SOURCE[0]}")/.." && pwd)/out/${T42_OUT_PREFIX:-t42-mathcontext}-raw.json	' > "$RAW" 2> "$ERR"
TRACKED-DIR	.softhouse/capture/audit-t44/mathcontext/src/run-mathcontext.sh	139	redirect	$	head -n "$((FIRST_BRACE - 1))" "$RAW" > "$LOG"
TRACKED-DIR	.softhouse/capture/audit-t44/mathcontext/src/run-mathcontext.sh	141	truncate	$(cd "$(dirname "${BASH_SOURCE[0]}")/.." && pwd)/out/${T42_OUT_PREFIX:-t42-mathcontext}-log.txt	: > "$LOG"
TRACKED-DIR	.softhouse/capture/audit-t44/mathcontext/src/run-mathcontext.sh	143	redirect	$(grep -n '^{' "$(cd "$(dirname "${BASH_SOURCE[0]}")/.." && pwd)/out/${T42_OUT_PREFIX:-t42-mathcontext}-raw.json" | head -1 | cut -d: -f1)	tail -n "+$FIRST_BRACE" "$RAW" > "$JSON"
TRACKED-DIR	.softhouse/capture/audit-t44/mathcontext/src/run-mathcontext.sh	144	redirect	$(cd "$(dirname "${BASH_SOURCE[0]}")/.." && pwd)/out/${T42_OUT_PREFIX:-t42-mathcontext}.json	python3 -m json.tool "$JSON" > /dev/null || fail "JSON payload does not parse ($JSON)"
TRACKED-DIR	.softhouse/capture/audit-t44/mathcontext/src/run-mathcontext2.sh	76	redirect	$(cd "$(dirname "${BASH_SOURCE[0]}")/.." && pwd)/out/${T42_OUT_PREFIX:-t42-mathcontext2}-raw.json	' > "$RAW" 2> "$ERR"
TRACKED-DIR	.softhouse/capture/audit-t44/mathcontext/src/run-mathcontext2.sh	78	mv	$(cd "$(dirname "${BASH_SOURCE[0]}")/.." && pwd)/out/__cp.txt	mv "$CAPDIR/out/__cp.txt" "$CPLIST" 2>/dev/null || true
TRACKED-DIR	.softhouse/capture/audit-t44/mathcontext/src/run-mathcontext2.sh	91	truncate	$(grep -n '^{' "$(cd "$(dirname "${BASH_SOURCE[0]}")/.." && pwd)/out/${T42_OUT_PREFIX:-t42-mathcontext2}-raw.json" | head -1 | cut -d: -f1)	if [ "$FIRST_BRACE" -gt 1 ]; then head -n "$((FIRST_BRACE - 1))" "$RAW" > "$LOG"; else : > "$LOG"; fi
TRACKED-DIR	.softhouse/capture/audit-t44/mathcontext/src/run-mathcontext2.sh	92	redirect	$(grep -n '^{' "$(cd "$(dirname "${BASH_SOURCE[0]}")/.." && pwd)/out/${T42_OUT_PREFIX:-t42-mathcontext2}-raw.json" | head -1 | cut -d: -f1)	tail -n "+$FIRST_BRACE" "$RAW" > "$JSON"
TRACKED-DIR	.softhouse/capture/audit-t44/mathcontext/src/run-mathcontext2.sh	93	redirect	$(cd "$(dirname "${BASH_SOURCE[0]}")/.." && pwd)/out/${T42_OUT_PREFIX:-t42-mathcontext2}.json	python3 -m json.tool "$JSON" > /dev/null || fail "JSON payload does not parse ($JSON)"
TRACKED-DIR	.softhouse/capture/audit-t44/mathcontext/src/run-negative-tests.sh	23	redirect	$(cd "$(dirname "${BASH_SOURCE[0]}")/.." && pwd)/out/negative/"$1"; shift.txt	echo "### $name" > "$file"
TRACKED-DIR	.softhouse/capture/audit-t44/mathcontext/src/run-negative-tests.sh	60	redirect	$(shasum -a 256 "$(cd "$(dirname "${BASH_SOURCE[0]}")/.." && pwd)/src/EmbeddableProgressiveLoanScheduleGenerator.java" | awk '{print $1}')	echo "  SEAM NOT RESTORED: $BEFORE -> $AFTER"
TRACKED-DIR	.softhouse/capture/audit-t44/rerun-periodratio/src/run-periodratio.sh	105	redirect	$(cd "$(dirname "${BASH_SOURCE[0]}")/.." && pwd)/out/${T39_OUT_PREFIX:-t39-periodratio}-oracle-identity.txt	' > "$IDENT" 2>&1 || fail "oracle-identity container exited non-zero (see $IDENT)"
TRACKED-DIR	.softhouse/capture/audit-t44/rerun-periodratio/src/run-periodratio.sh	108	redirect	.softhouse/capture/audit-t44/rerun-periodratio/src	sed -n '/== classpath entries/,$p' "$IDENT" | tail -n +2 > "$CPLIST"
TRACKED-DIR	.softhouse/capture/audit-t44/rerun-periodratio/src/run-periodratio.sh	132	redirect	$(cd "$(dirname "${BASH_SOURCE[0]}")/.." && pwd)/out/${T39_OUT_PREFIX:-t39-periodratio}-raw.json	' > "$RAW" 2> "$ERR"
TRACKED-DIR	.softhouse/capture/audit-t44/rerun-periodratio/src/run-periodratio.sh	148	redirect	$	head -n "$((FIRST_BRACE - 1))" "$RAW" > "$LOG"
TRACKED-DIR	.softhouse/capture/audit-t44/rerun-periodratio/src/run-periodratio.sh	150	truncate	$(cd "$(dirname "${BASH_SOURCE[0]}")/.." && pwd)/out/${T39_OUT_PREFIX:-t39-periodratio}-log.txt	: > "$LOG"
TRACKED-DIR	.softhouse/capture/audit-t44/rerun-periodratio/src/run-periodratio.sh	152	redirect	$(grep -n '^{' "$(cd "$(dirname "${BASH_SOURCE[0]}")/.." && pwd)/out/${T39_OUT_PREFIX:-t39-periodratio}-raw.json" | head -1 | cut -d: -f1)	tail -n "+$FIRST_BRACE" "$RAW" > "$JSON"
TRACKED-DIR	.softhouse/capture/audit-t44/rerun-periodratio/src/run-periodratio.sh	153	redirect	$(cd "$(dirname "${BASH_SOURCE[0]}")/.." && pwd)/out/${T39_OUT_PREFIX:-t39-periodratio}.json	python3 -m json.tool "$JSON" > /dev/null || fail "JSON payload does not parse ($JSON)"
TRACKED-DIR	.softhouse/capture/charges/bin/capture.sh	10	redirect	$CH/bin/run-preconditions.sh	sh "$CH/bin/run-preconditions.sh" "$O/preconditions.txt" > /dev/null || {
TRACKED-DIR	.softhouse/capture/charges/bin/control.sh	18	redirect	$CH/bin/run-preconditions.sh	sh "$CH/bin/run-preconditions.sh" "$O/preconditions.txt" > /dev/null || {
TRACKED-DIR	.softhouse/capture/charges/bin/create-charges.sh	11	redirect	$CH/bin/run-preconditions.sh	sh "$CH/bin/run-preconditions.sh" "$O/preconditions.txt" > /dev/null || {
TRACKED-DIR	.softhouse/capture/charges/bin/create-charges2.sh	8	redirect	$CH/bin/run-preconditions.sh	sh "$CH/bin/run-preconditions.sh" "$O/preconditions-pass2.txt" > /dev/null || {
TRACKED-DIR	.softhouse/capture/charges/bin/lib.sh	25	redirect	$_path	echo "  POST $_path  <- $(basename "$_req")  HTTP $_code  -> $(basename "$_out")"
TRACKED-DIR	.softhouse/capture/charges/bin/mkcalcs.sh	40	redirect	${T40_WORKTREE:-.}/.softhouse/capture/pathb/req/calc-B-01-baseline.json	' "$BASE" > "$R/calc-$_id.json"
TRACKED-DIR	.softhouse/capture/charges/bin/mkcalcs2.sh	24	redirect	${T40_WORKTREE:-.}/.softhouse/capture/pathb/req/calc-B-01-baseline.json	' "$BASE" > "$R/calc-$_id.json"
TRACKED-DIR	.softhouse/capture/charges/bin/mkcharges.sh	21	redirect	${T40_WORKTREE:-.}/.softhouse/capture/charges/req/charge-01-flat-disbursement.json	cat > "$R/charge-01-flat-disbursement.json" <<'EOF'
TRACKED-DIR	.softhouse/capture/charges/bin/mkcharges.sh	37	redirect	${T40_WORKTREE:-.}/.softhouse/capture/charges/req/charge-02-flat-instalment.json	cat > "$R/charge-02-flat-instalment.json" <<'EOF'
TRACKED-DIR	.softhouse/capture/charges/bin/mkcharges.sh	53	redirect	${T40_WORKTREE:-.}/.softhouse/capture/charges/req/charge-03-pctamount-disbursement.json	cat > "$R/charge-03-pctamount-disbursement.json" <<'EOF'
TRACKED-DIR	.softhouse/capture/charges/bin/mkcharges.sh	69	redirect	${T40_WORKTREE:-.}/.softhouse/capture/charges/req/charge-04-pctinterest-instalment.json	cat > "$R/charge-04-pctinterest-instalment.json" <<'EOF'
TRACKED-DIR	.softhouse/capture/charges/bin/mkcharges.sh	85	redirect	${T40_WORKTREE:-.}/.softhouse/capture/charges/req/charge-05-pctamountinterest-instalment.json	cat > "$R/charge-05-pctamountinterest-instalment.json" <<'EOF'
TRACKED-DIR	.softhouse/capture/charges/bin/mkcharges.sh	101	redirect	${T40_WORKTREE:-.}/.softhouse/capture/charges/req/charge-06-penalty-specifieddue.json	cat > "$R/charge-06-penalty-specifieddue.json" <<'EOF'
TRACKED-DIR	.softhouse/capture/charges/bin/mkcharges.sh	117	redirect	${T40_WORKTREE:-.}/.softhouse/capture/charges/req/charge-07-fee-specifieddue.json	cat > "$R/charge-07-fee-specifieddue.json" <<'EOF'
TRACKED-DIR	.softhouse/capture/charges/bin/mkcharges.sh	133	redirect	${T40_WORKTREE:-.}/.softhouse/capture/charges/req/charge-08-penalty-instalment.json	cat > "$R/charge-08-penalty-instalment.json" <<'EOF'
TRACKED-DIR	.softhouse/capture/charges/bin/mkcharges.sh	149	redirect	${T40_WORKTREE:-.}/.softhouse/capture/charges/req/charge-09-pctamount-instalment.json	cat > "$R/charge-09-pctamount-instalment.json" <<'EOF'
TRACKED-DIR	.softhouse/capture/charges/bin/mkcharges.sh	165	redirect	${T40_WORKTREE:-.}/.softhouse/capture/charges/req/charge-10-pctamount-specifieddue.json	cat > "$R/charge-10-pctamount-specifieddue.json" <<'EOF'
TRACKED-DIR	.softhouse/capture/charges/bin/mkcharges2.sh	13	redirect	${T40_WORKTREE:-.}/.softhouse/capture/charges/req/charge-11-pctinterest-specifieddue.json	cat > "$R/charge-11-pctinterest-specifieddue.json" <<'EOF'
TRACKED-DIR	.softhouse/capture/charges/bin/mkcharges2.sh	29	redirect	${T40_WORKTREE:-.}/.softhouse/capture/charges/req/charge-12-pctamountinterest-specifieddue.json	cat > "$R/charge-12-pctamountinterest-specifieddue.json" <<'EOF'
TRACKED-DIR	.softhouse/capture/charges/bin/run-preconditions.sh	9	redirect	${T40_WORKTREE:-.}/.softhouse/capture/charges/bin/preconditions.sh	sh "$W/.softhouse/capture/charges/bin/preconditions.sh" gerege > "$OUT" 2>&1
TRACKED-DIR	.softhouse/capture/charges/bin/t46-capture.sh	18	redirect	$CH/bin/run-preconditions.sh	sh "$CH/bin/run-preconditions.sh" "$O/preconditions.txt" > /dev/null || {
TRACKED-DIR	.softhouse/capture/charges/bin/t46-mkcalcs.py	27	redirect	.softhouse/capture/charges/bin	HALF_UP -> 4.73 / 2.03.  HALF_EVEN -> 4.72 / 2.02.  These are the rounding-mode canary
TRACKED-DIR	.softhouse/capture/charges/bin/t48-capture.sh	28	redirect	$CH/bin/run-preconditions.sh	sh "$CH/bin/run-preconditions.sh" "$O/preconditions.txt" > /dev/null || {
TRACKED-DIR	.softhouse/capture/charges/bin/t48-capture.sh	35	redirect	$CH/out/t48/state-before.txt	> "$O/state-before.txt"
TRACKED-DIR	.softhouse/capture/charges/bin/t48-capture.sh	43	truncate	$CH/out/t48/CREATED-IDS.txt	: > "$O/CREATED-IDS.txt"
TRACKED-DIR	.softhouse/capture/charges/bin/t48-capture.sh	47	redirect	$CH/out/t48/req-$_out.json	cat > "$O/req-$_out.json" <<EOF
TRACKED-DIR	.softhouse/capture/charges/bin/t48-capture.sh	95	redirect	$CH/out/t48/created-charges.txt	> "$O/created-charges.txt"
TRACKED-DIR	.softhouse/capture/charges/bin/t48-capture.sh	118	redirect	$2/	sed "s/\"chargeId\": 0/\"chargeId\": $2/" "$CH/req/$1-TEMPLATE.json" > "$CH/req/$1.json"
TRACKED-DIR	.softhouse/capture/charges/bin/t48-capture.sh	149	redirect	$CH/out/t48/state-after.txt	> "$O/state-after.txt"
TRACKED-DIR	.softhouse/capture/charges/bin/t48-determinism.sh	14	redirect	$CH/bin/run-preconditions.sh	sh "$CH/bin/run-preconditions.sh" "$R/preconditions.txt" > /dev/null || {
TRACKED-DIR	.softhouse/capture/charges/bin/t51-capture.sh	29	redirect	$CH/bin/run-preconditions.sh	sh "$CH/bin/run-preconditions.sh" "$O/preconditions.txt" > /dev/null || {
TRACKED-DIR	.softhouse/capture/charges/bin/t51-capture.sh	39	redirect	$CH/out/t51/state-before.txt	| tr -d '\r' > "$O/state-before.txt"
TRACKED-DIR	.softhouse/capture/charges/bin/t51-capture.sh	44	truncate	$CH/out/t51/CREATED-IDS.txt	: > "$O/CREATED-IDS.txt"
TRACKED-DIR	.softhouse/capture/charges/bin/t51-capture.sh	70	redirect	$CH/out/t51/products-readback.txt	| tr -d '\r' > "$O/products-readback.txt"
TRACKED-DIR	.softhouse/capture/charges/bin/t51-capture.sh	85	redirect	$CH/out/t51/req-$_out.json	cat > "$O/req-$_out.json" <<EOF
TRACKED-DIR	.softhouse/capture/charges/bin/t51-capture.sh	119	redirect	$CH/out/t51/created-charges.txt	| tr -d '\r' > "$O/created-charges.txt"
TRACKED-DIR	.softhouse/capture/charges/bin/t51-capture.sh	135	redirect	.softhouse/capture/charges/bin	sed "s/\"productId\": 0,/\"productId\": $_pid,/" "$CH/req/calc-T51-$_stem-TEMPLATE.json" > "$CH/req/calc-T51-$4.json"
TRACKED-DIR	.softhouse/capture/charges/bin/t51-capture.sh	137	inplace-edit	.softhouse/capture/charges/bin	sed -i '' "s/\"chargeId\": 0,/\"chargeId\": $_cid,/" "$CH/req/calc-T51-$4.json"
TRACKED-DIR	.softhouse/capture/charges/bin/t51-capture.sh	163	redirect	$CH/req/calc-T51-TR-06-c5-on-singledisb-product-P1PROD.json	> "$CH/req/calc-T51-TR-06-c5-on-singledisb-product-P1PROD.json"
TRACKED-DIR	.softhouse/capture/charges/bin/t51-capture.sh	173	truncate	$CH/out/t51/HTTP-CODES.txt	: > "$O/HTTP-CODES.txt"
TRACKED-DIR	.softhouse/capture/charges/bin/t51-capture.sh	189	redirect	$CH/out/t51/state-after.txt	| tr -d '\r' > "$O/state-after.txt"
TRACKED-DIR	.softhouse/capture/charges/bin/t51-capture.sh	195	redirect	$CH/bin/run-preconditions.sh	sh "$CH/bin/run-preconditions.sh" "$O/preconditions-after.txt" > /dev/null || {
TRACKED-DIR	.softhouse/capture/charges/bin/t51-capture2.sh	28	redirect	$CH/bin/run-preconditions.sh	sh "$CH/bin/run-preconditions.sh" "$O/preconditions-pass2.txt" > /dev/null || {
TRACKED-DIR	.softhouse/capture/charges/bin/t51-capture2.sh	36	redirect	$CH/out/t51/state-before-pass2.txt	| tr -d '\r' > "$O/state-before-pass2.txt"
TRACKED-DIR	.softhouse/capture/charges/bin/t51-capture2.sh	43	redirect	$CH/out/t51/req-$_out.json	cat > "$O/req-$_out.json" <<EOF
TRACKED-DIR	.softhouse/capture/charges/bin/t51-capture2.sh	79	redirect	$CH/out/t51/created-charges-pass2.txt	| tr -d '\r' > "$O/created-charges-pass2.txt"
TRACKED-DIR	.softhouse/capture/charges/bin/t51-capture2.sh	99	redirect	$CH/req/calc-T51-$1.json	cat > "$R/calc-T51-$1.json" <<EOF
TRACKED-DIR	.softhouse/capture/charges/bin/t51-capture2.sh	157	redirect	$CH/req/calc-T51-IROD-NL2L-$tag.json	cat > "$R/calc-T51-IROD-NL2L-$tag.json" <<EOF
TRACKED-DIR	.softhouse/capture/charges/bin/t51-capture2.sh	187	redirect	$CH/req/calc-T51-FL-$fl.json	cat > "$R/calc-T51-FL-$fl.json" <<EOF
TRACKED-DIR	.softhouse/capture/charges/bin/t51-capture2.sh	231	redirect	$CH/out/t51/state-after-pass2.txt	| tr -d '\r' > "$O/state-after-pass2.txt"
TRACKED-DIR	.softhouse/capture/charges/bin/t51-capture2.sh	234	redirect	$CH/bin/run-preconditions.sh	sh "$CH/bin/run-preconditions.sh" "$O/preconditions-pass2-after.txt" > /dev/null || {
TRACKED-DIR	.softhouse/capture/charges/bin/t51-capture3.sh	20	redirect	$CH/bin/run-preconditions.sh	sh "$CH/bin/run-preconditions.sh" "$O/preconditions-pass3.txt" > /dev/null || {
TRACKED-DIR	.softhouse/capture/charges/bin/t51-capture3.sh	28	redirect	$CH/out/t51/state-before-pass3.txt	| tr -d '\r' > "$O/state-before-pass3.txt"
TRACKED-DIR	.softhouse/capture/charges/bin/t51-capture3.sh	32	redirect	$CH/req/calc-T51-$1.json	cat > "$R/calc-T51-$1.json" <<EOF
TRACKED-DIR	.softhouse/capture/charges/bin/t51-capture3.sh	67	inplace-edit	.softhouse/capture/charges/bin	sed -i '' 's/"interestRatePerPeriod": 0,/"interestRatePerPeriod": 21.6,/' "$R/calc-T51-FL-INTEREST-REJECT.json"
TRACKED-DIR	.softhouse/capture/charges/bin/t51-capture3.sh	81	redirect	$CH/out/t51/state-after-pass3.txt	| tr -d '\r' > "$O/state-after-pass3.txt"
TRACKED-DIR	.softhouse/capture/charges/bin/t51-capture4.sh	22	redirect	$CH/bin/run-preconditions.sh	sh "$CH/bin/run-preconditions.sh" "$O/preconditions-pass4.txt" > /dev/null || {
TRACKED-DIR	.softhouse/capture/charges/bin/t51-capture4.sh	30	redirect	$CH/out/t51/state-before-pass4.txt	| tr -d '\r' > "$O/state-before-pass4.txt"
TRACKED-DIR	.softhouse/capture/charges/bin/t51-capture4.sh	34	redirect	$CH/req/calc-T51-$1.json	cat > "$R/calc-T51-$1.json" <<EOF
TRACKED-DIR	.softhouse/capture/charges/bin/t51-capture4.sh	84	redirect	$CH/out/t51/state-after-pass4.txt	| tr -d '\r' > "$O/state-after-pass4.txt"
TRACKED-DIR	.softhouse/capture/charges/bin/t51-capture5.sh	21	redirect	$CH/bin/run-preconditions.sh	sh "$CH/bin/run-preconditions.sh" "$O/preconditions-pass5.txt" > /dev/null || {
TRACKED-DIR	.softhouse/capture/charges/bin/t51-capture5.sh	29	redirect	$CH/out/t51/state-before-pass5.txt	| tr -d '\r' > "$O/state-before-pass5.txt"
TRACKED-DIR	.softhouse/capture/charges/bin/t51-capture5.sh	41	redirect	$(cd "$CH/../pathb/req" && pwd)/product-3-diycs-fullleapyear.json	"$P/product-3-diycs-fullleapyear.json" > "$R/$out.json"
TRACKED-DIR	.softhouse/capture/charges/bin/t51-capture5.sh	64	redirect	$CH/out/t51/products-readback-pass5.txt	| tr -d '\r' > "$O/products-readback-pass5.txt" 2>/dev/null || \
TRACKED-DIR	.softhouse/capture/charges/bin/t51-capture5.sh	67	redirect	$CH/out/t51/products-readback-pass5.txt	| tr -d '\r' > "$O/products-readback-pass5.txt"
TRACKED-DIR	.softhouse/capture/charges/bin/t51-capture5.sh	71	redirect	$CH/req/calc-T51-$1.json	cat > "$R/calc-T51-$1.json" <<EOF
TRACKED-DIR	.softhouse/capture/charges/bin/t51-capture5.sh	117	redirect	$CH/out/t51/state-after-pass5.txt	| tr -d '\r' > "$O/state-after-pass5.txt"
TRACKED-DIR	.softhouse/capture/charges/bin/t51-capture5.sh	120	redirect	$CH/bin/run-preconditions.sh	sh "$CH/bin/run-preconditions.sh" "$O/preconditions-pass5-after.txt" > /dev/null || {
TRACKED-DIR	.softhouse/capture/charges/bin/t51-capture6.sh	20	redirect	$CH/bin/run-preconditions.sh	sh "$CH/bin/run-preconditions.sh" "$O/preconditions-pass6.txt" > /dev/null || {
TRACKED-DIR	.softhouse/capture/charges/bin/t51-capture6.sh	28	redirect	$CH/out/t51/state-before-pass6.txt	| tr -d '\r' > "$O/state-before-pass6.txt"
TRACKED-DIR	.softhouse/capture/charges/bin/t51-capture6.sh	34	redirect	$CH/req/calc-T51-FTTP-P$n.json	"$R/calc-T51-FTTP-P$n.json" > "$R/calc-T51-FTTPOFF-P$n.json"
TRACKED-DIR	.softhouse/capture/charges/bin/t51-capture6.sh	49	redirect	$CH/out/t51/state-after-pass6.txt	| tr -d '\r' > "$O/state-after-pass6.txt"
TRACKED-DIR	.softhouse/capture/charges/bin/t51-determinism.sh	16	redirect	$CH/out/t51-rerun/state-before.txt	| tr -d '\r' > "$D/state-before.txt"
TRACKED-DIR	.softhouse/capture/charges/bin/t51-determinism.sh	39	redirect	$CH/out/t51-rerun/state-after.txt	| tr -d '\r' > "$D/state-after.txt"
TRACKED-FILE	.softhouse/capture/charges/bin/t51-mkfixtures.sh	41	redirect	.softhouse/capture/pathb/req/product-3-diycs-fullleapyear.json	"$P/product-3-diycs-fullleapyear.json" > "$R/prod-T51-P1-irod-true.json"
TRACKED-FILE	.softhouse/capture/charges/bin/t51-mkfixtures.sh	46	redirect	.softhouse/capture/pathb/req/product-3-diycs-fullleapyear.json	"$P/product-3-diycs-fullleapyear.json" > "$R/prod-T51-P2-irod-false.json"
TRACKED-FILE	.softhouse/capture/charges/bin/t51-mkfixtures.sh	55	redirect	.softhouse/capture/pathb/req/product-1-baseline.json	"$P/product-1-baseline.json" > "$R/prod-T51-P3-tranche.json"
UNRESOLVED	.softhouse/capture/charges/bin/t51-mkfixtures.sh	71	redirect	.softhouse/capture/charges/req/calc-T51-$1-TEMPLATE.json	cat > "$R/calc-T51-$1-TEMPLATE.json"
TRACKED-DIR	.softhouse/capture/charges/bin/t51-negative.sh	21	redirect	$CH/bin/preconditions.sh	sh "$CH/bin/preconditions.sh" default > "$N/n1-preconditions-default.txt" 2>&1
TRACKED-DIR	.softhouse/capture/charges/bin/t51-negative.sh	32	redirect	.softhouse/capture/charges/bin	sed 's/"productId": 19,/"productId": 0,/' "$CH/req/calc-T51-TR-01-c5-tranche-P3.json" > "$N/n2-placeholder.json"
TRACKED-DIR	.softhouse/capture/charges/bin/t51-negative.sh	41	redirect	$CH/req/calc-T51-TR-01-c5-tranche-P3.json	sed 's/"amount": 1.2345 }/"amount": 9.9999 }/' "$CH/req/calc-T51-TR-01-c5-tranche-P3.json" > "$N/n3-corrupt-amount.json"
TRACKED-DIR	.softhouse/capture/charges/bin/t51-negative.sh	45	redirect	$(curl -sk -X POST "$B/loans?command=calculateLoanSchedule" -H "$A" -H "$T" -H "$CT" \	ok "N3 a corrupted charge amount (1.2345 -> 9.9999) produces a DIFFERENT response (HTTP $code); the comparison is not vacuous"
TRACKED-DIR	.softhouse/capture/charges/bin/t51-negative.sh	53	redirect	$CH/out/t51/negative/n4-malformed.json	printf '{ "this": "is not a loan application" }' > "$N/n4-malformed.json"
TRACKED-DIR	.softhouse/capture/charges/bin/t51-negative.sh	74	redirect	$CH/out/t51	python3 - "$O" <<'PY' > "$N/n6-sidecar.txt" 2>&1
TRACKED-DIR	.softhouse/capture/charges/bin/t51-negative.sh	92	redirect	$CH/out/t51	python3 - "$O" <<'PY' > "$N/n7-boundary.txt" 2>&1
TRACKED-DIR	.softhouse/capture/charges/bin/t51-negative.sh	123	redirect	$CH/out/t51	python3 - "$O" <<'PY' > "$N/n8-comparator.txt" 2>&1
TRACKED-DIR	.softhouse/capture/dec1-binding/analysis/select_shapes.py	78	redirect	.softhouse/capture/dec1-binding/analysis	print(f"  {tag}  MNT {p:>10,} / {n:<3} x {r:>5}%  start={start}{ds}"
TRACKED-FILE	.softhouse/capture/leapboundary/bin/t55-capture.sh	56	redirect	.softhouse/capture/charges/bin/run-preconditions.sh	sh "$W/.softhouse/capture/charges/bin/run-preconditions.sh" "$O/preconditions.txt" > /dev/null || {
TRACKED-FILE	.softhouse/capture/leapboundary/bin/t55-capture.sh	63	redirect	.softhouse/capture/leapboundary/out/products-asserted.txt	> "$O/products-asserted.txt"
TRACKED-FILE	.softhouse/capture/leapboundary/bin/t55-capture.sh	76	redirect	.softhouse/capture/leapboundary/out/products-matched.txt	> "$O/products-matched.txt"
UNRESOLVED	.softhouse/capture/leapboundary/bin/t55-capture.sh	96	redirect	./.softhouse/capture/leapboundary/req/calc-$1; _prod=$2; _disb=$3; _n=$4; _every=$5; _termfreq=$6.json	cat > "$R/calc-$_name.json" <<EOF
TRACKED-FILE	.softhouse/capture/leapboundary/bin/t55-capture.sh	165	truncate	.softhouse/capture/leapboundary/out/HTTP-CODES.txt	: > "$O/HTTP-CODES.txt"
TRACKED-DIR	.softhouse/capture/leapboundary/bin/t55-capture.sh	185	redirect	$(docker exec fineract-db-1 psql -U root -d fineract_gerege -At -c "select count(*) from m_loan;")	[ "$LOANS_AFTER" = "$LOANS_BEFORE" ] || { echo "BREACH: m_loan $LOANS_BEFORE -> $LOANS_AFTER" >&2; exit 1; }
TRACKED-DIR	.softhouse/capture/leapboundary/bin/t55-capture.sh	186	redirect	$(docker exec fineract-db-1 psql -U root -d fineract_gerege -At -c "select count(*) from m_product_loan;")	[ "$PROD_AFTER"  = "$PROD_BEFORE"  ] || { echo "BREACH: m_product_loan $PROD_BEFORE -> $PROD_AFTER" >&2; exit 1; }
TRACKED-DIR	.softhouse/capture/leapboundary/bin/t55-capture.sh	187	redirect	$(docker exec fineract-db-1 psql -U root -d fineract_gerege -At -c "select count(*) from m_client;")	[ "$CLI_AFTER"   = "$CLI_BEFORE"   ] || { echo "BREACH: m_client $CLI_BEFORE -> $CLI_AFTER" >&2; exit 1; }
TRACKED-FILE	.softhouse/capture/leapboundary/bin/t55-capture.sh	191	redirect	.softhouse/capture/leapboundary/out/container-state.txt	docker inspect fineract-fineract-1 --format '{{.State.StartedAt}} {{.RestartCount}}' > "$O/container-state.txt"
TRACKED-FILE	.softhouse/capture/leapboundary/bin/t55-capture.sh	198	redirect	.softhouse/capture/leapboundary/out/DIGESTS.txt	shasum -a 256 "$O"/LB-*-raw.json > "$O/DIGESTS.txt"
TRACKED-DIR	.softhouse/capture/lib/check_wire_float_roundtrip.py	479	redirect	.softhouse/capture	"""Write a capture RECORD (not a req/ body) at .softhouse/capture/<relparts>."""
TRACKED-DIR	.softhouse/capture/lib/oracle_send.sh	120	rm	${4-}	cp "$os_body" "$os_tmpreq" || { rm -rf "$os_tmpd"; trap - EXIT; return 2; }
TRACKED-DIR	.softhouse/capture/lib/oracle_send.sh	167	rm	$	os_sha=$(shasum -a 256 "$os_tmpreq") || { rm -rf "$os_tmpd"; trap - EXIT; return 2; }
TRACKED-DIR	.softhouse/capture/lib/oracle_send.sh	169	rm	$	os_sha=$(sha256sum "$os_tmpreq") || { rm -rf "$os_tmpd"; trap - EXIT; return 2; }
TRACKED-DIR	.softhouse/capture/lib/oracle_send.sh	172	rm	$OS_OUTDIR/${1-}.req	mv "$os_tmpreq" "$os_req" || { rm -rf "$os_tmpd"; trap - EXIT; return 2; }
TRACKED-DIR	.softhouse/capture/lib/oracle_send.sh	173	redirect	${1-}.req	printf '%s  %s\n' "$os_sha" "$os_name.req" > "$os_reqsha"
TRACKED-DIR	.softhouse/capture/lib/oracle_send.sh	186	rm	$OS_OUTDIR/${1-}.json	mv "$os_tmpbody" "$os_out" || { rm -rf "$os_tmpd"; trap - EXIT; return 2; }
TRACKED-DIR	.softhouse/capture/lib/oracle_send.sh	187	redirect	$(curl "$@") || os_rc=$?	echo "$os_code" > "$os_status"
TRACKED-DIR	.softhouse/capture/lib/oracle_send.sh	205	rm	$OS_OUTDIR/${1-}.http	rm -f "$os_http" "$os_reqhdr" "$os_req" "$os_reqsha" "$os_out" "$os_status" \
TRACKED-DIR	.softhouse/capture/lib/oracle_send.sh	219	redirect	$OS_OUTDIR/${1-}.json	--resp "$os_out" --resphdr "$os_resphdr" --status "$os_status" >/dev/null; then
TRACKED-DIR	.softhouse/capture/lib/sweep_integrity.py	229	redirect	.softhouse/capture/lib	check('all clean -> asked 3 / observed 3 / threw 0 / skipped 0',
TRACKED-DIR	.softhouse/capture/lib/sweep_integrity.py	233	redirect	.softhouse/capture/lib	check('one throw -> asked 3 / observed 2 / threw 1 / skipped 0',
TRACKED-DIR	.softhouse/capture/lib/sweep_integrity.py	245	redirect	.softhouse/capture/lib	check('a missing cell -> asked 3 / observed 2 / threw 0 / skipped 1',
TRACKED-DIR	.softhouse/capture/mathcontext/src/read-pathb-wiring.sh	49	redirect	$(cd "$(dirname "${BASH_SOURCE[0]}")/.." && pwd)/out/t42-pathb-wiring.txt	} > "$OUT" 2>&1
TRACKED-DIR	.softhouse/capture/mathcontext/src/run-mathcontext.sh	98	redirect	$(cd "$(dirname "${BASH_SOURCE[0]}")/.." && pwd)/out/${T42_OUT_PREFIX:-t42-mathcontext}-oracle-identity.txt	' > "$IDENT" 2>&1 || fail "oracle-identity container exited non-zero (see $IDENT)"
TRACKED-DIR	.softhouse/capture/mathcontext/src/run-mathcontext.sh	101	redirect	.softhouse/capture/mathcontext/src	sed -n '/== classpath entries/,$p' "$IDENT" | tail -n +2 > "$CPLIST"
TRACKED-DIR	.softhouse/capture/mathcontext/src/run-mathcontext.sh	123	redirect	$(cd "$(dirname "${BASH_SOURCE[0]}")/.." && pwd)/out/${T42_OUT_PREFIX:-t42-mathcontext}-raw.json	' > "$RAW" 2> "$ERR"
TRACKED-DIR	.softhouse/capture/mathcontext/src/run-mathcontext.sh	139	redirect	$	head -n "$((FIRST_BRACE - 1))" "$RAW" > "$LOG"
TRACKED-DIR	.softhouse/capture/mathcontext/src/run-mathcontext.sh	141	truncate	$(cd "$(dirname "${BASH_SOURCE[0]}")/.." && pwd)/out/${T42_OUT_PREFIX:-t42-mathcontext}-log.txt	: > "$LOG"
TRACKED-DIR	.softhouse/capture/mathcontext/src/run-mathcontext.sh	143	redirect	$(grep -n '^{' "$(cd "$(dirname "${BASH_SOURCE[0]}")/.." && pwd)/out/${T42_OUT_PREFIX:-t42-mathcontext}-raw.json" | head -1 | cut -d: -f1)	tail -n "+$FIRST_BRACE" "$RAW" > "$JSON"
TRACKED-DIR	.softhouse/capture/mathcontext/src/run-mathcontext.sh	144	redirect	$(cd "$(dirname "${BASH_SOURCE[0]}")/.." && pwd)/out/${T42_OUT_PREFIX:-t42-mathcontext}.json	python3 -m json.tool "$JSON" > /dev/null || fail "JSON payload does not parse ($JSON)"
TRACKED-DIR	.softhouse/capture/mathcontext/src/run-mathcontext2.sh	76	redirect	$(cd "$(dirname "${BASH_SOURCE[0]}")/.." && pwd)/out/${T42_OUT_PREFIX:-t42-mathcontext2}-raw.json	' > "$RAW" 2> "$ERR"
TRACKED-DIR	.softhouse/capture/mathcontext/src/run-mathcontext2.sh	78	mv	$(cd "$(dirname "${BASH_SOURCE[0]}")/.." && pwd)/out/__cp.txt	mv "$CAPDIR/out/__cp.txt" "$CPLIST" 2>/dev/null || true
TRACKED-DIR	.softhouse/capture/mathcontext/src/run-mathcontext2.sh	91	truncate	$(grep -n '^{' "$(cd "$(dirname "${BASH_SOURCE[0]}")/.." && pwd)/out/${T42_OUT_PREFIX:-t42-mathcontext2}-raw.json" | head -1 | cut -d: -f1)	if [ "$FIRST_BRACE" -gt 1 ]; then head -n "$((FIRST_BRACE - 1))" "$RAW" > "$LOG"; else : > "$LOG"; fi
TRACKED-DIR	.softhouse/capture/mathcontext/src/run-mathcontext2.sh	92	redirect	$(grep -n '^{' "$(cd "$(dirname "${BASH_SOURCE[0]}")/.." && pwd)/out/${T42_OUT_PREFIX:-t42-mathcontext2}-raw.json" | head -1 | cut -d: -f1)	tail -n "+$FIRST_BRACE" "$RAW" > "$JSON"
TRACKED-DIR	.softhouse/capture/mathcontext/src/run-mathcontext2.sh	93	redirect	$(cd "$(dirname "${BASH_SOURCE[0]}")/.." && pwd)/out/${T42_OUT_PREFIX:-t42-mathcontext2}.json	python3 -m json.tool "$JSON" > /dev/null || fail "JSON payload does not parse ($JSON)"
TRACKED-DIR	.softhouse/capture/mathcontext/src/run-mathcontext3.sh	72	redirect	$(cd "$(dirname "${BASH_SOURCE[0]}")/.." && pwd)/analysis/t46_make_capture3.py	python3 "$CAPDIR/analysis/t46_make_capture3.py" >/dev/null || fail "cannot regenerate CaptureMathContext3.java"
TRACKED-DIR	.softhouse/capture/mathcontext/src/run-mathcontext3.sh	76	rm	$(cd "$(dirname "${BASH_SOURCE[0]}")/.." && pwd)/out/.t46-capture3-before	rm -f "$CAPDIR/out/.t46-capture3-before"
TRACKED-DIR	.softhouse/capture/mathcontext/src/run-mathcontext3.sh	94	redirect	$(cd "$(dirname "${BASH_SOURCE[0]}")/.." && pwd)/out/t46-mathcontext3-oracle-identity.txt	' > "$IDENT" 2>&1 || fail "oracle-identity container exited non-zero (see $IDENT)"
TRACKED-DIR	.softhouse/capture/mathcontext/src/run-mathcontext3.sh	97	redirect	.softhouse/capture/mathcontext/src	sed -n '/== classpath entries/,$p' "$IDENT" | tail -n +2 > "$CPLIST"
TRACKED-DIR	.softhouse/capture/mathcontext/src/run-mathcontext3.sh	115	redirect	$(cd "$(dirname "${BASH_SOURCE[0]}")/.." && pwd)/out/t46-mathcontext3-raw.json	' > "$RAW" 2> "$ERR"
TRACKED-DIR	.softhouse/capture/mathcontext/src/run-mathcontext3.sh	126	redirect	$	head -n "$((FIRST_BRACE - 1))" "$RAW" > "$LOG"
TRACKED-DIR	.softhouse/capture/mathcontext/src/run-mathcontext3.sh	128	truncate	$(cd "$(dirname "${BASH_SOURCE[0]}")/.." && pwd)/out/t46-mathcontext3-log.txt	: > "$LOG"
TRACKED-DIR	.softhouse/capture/mathcontext/src/run-mathcontext3.sh	130	redirect	$(grep -n '^{' "$(cd "$(dirname "${BASH_SOURCE[0]}")/.." && pwd)/out/t46-mathcontext3-raw.json" | head -1 | cut -d: -f1)	tail -n "+$FIRST_BRACE" "$RAW" > "$JSON"
TRACKED-DIR	.softhouse/capture/mathcontext/src/run-mathcontext3.sh	131	redirect	$(cd "$(dirname "${BASH_SOURCE[0]}")/.." && pwd)/out/t46-mathcontext3.json	python3 -m json.tool "$JSON" > /dev/null || fail "JSON payload does not parse ($JSON)"
TRACKED-DIR	.softhouse/capture/mathcontext/src/run-mathcontext3.sh	135	tee	$(cd "$(dirname "${BASH_SOURCE[0]}")/.." && pwd)/analysis/t46_m5_identity.py	python3 "$CAPDIR/analysis/t46_m5_identity.py" "$COMMITTED" "$JSON" | tee "$PROOF"
TRACKED-DIR	.softhouse/capture/mathcontext/src/run-mathcontext3.sh	138	mv	$(cd "$(dirname "${BASH_SOURCE[0]}")/.." && pwd)/out/t46-mathcontext3.json	mv "$JSON" "$JSON.REJECTED"
TRACKED-DIR	.softhouse/capture/mathcontext/src/run-negative-tests.sh	23	redirect	$(cd "$(dirname "${BASH_SOURCE[0]}")/.." && pwd)/out/negative/"$1"; shift.txt	echo "### $name" > "$file"
TRACKED-DIR	.softhouse/capture/mathcontext/src/run-negative-tests.sh	60	redirect	$(shasum -a 256 "$(cd "$(dirname "${BASH_SOURCE[0]}")/.." && pwd)/src/EmbeddableProgressiveLoanScheduleGenerator.java" | awk '{print $1}')	echo "  SEAM NOT RESTORED: $BEFORE -> $AFTER"
TRACKED-DIR	.softhouse/capture/mathcontext/src/run-t50-tier1.sh	85	redirect	$j	if unzip -l "$j" "$c" >/dev/null 2>&1; then found="$j"; break; fi
TRACKED-DIR	.softhouse/capture/mathcontext/src/run-t50-tier1.sh	97	redirect	$(cd "$(dirname "${BASH_SOURCE[0]}")/.." && pwd)/out/${T50_OUT_PREFIX:-t50-tier1}-oracle-identity.txt	' > "$IDENT" 2>&1 || fail "oracle-identity container exited non-zero (see $IDENT)"
TRACKED-DIR	.softhouse/capture/mathcontext/src/run-t50-tier1.sh	100	redirect	.softhouse/capture/mathcontext/src	sed -n '/== probed class digests/,/== classpath entries/p' "$IDENT" | sed '1d;$d' > "$CLASSDIGESTS"
TRACKED-DIR	.softhouse/capture/mathcontext/src/run-t50-tier1.sh	105	redirect	.softhouse/capture/mathcontext/src	sed -n '/== classpath entries/,$p' "$IDENT" | tail -n +2 > "$CPLIST"
TRACKED-DIR	.softhouse/capture/mathcontext/src/run-t50-tier1.sh	122	redirect	$(cd "$(dirname "${BASH_SOURCE[0]}")/.." && pwd)/out/${T50_OUT_PREFIX:-t50-tier1}-raw.json	' > "$RAW" 2> "$ERR"
TRACKED-DIR	.softhouse/capture/mathcontext/src/run-t50-tier1.sh	133	redirect	$	head -n "$((FIRST_BRACE - 1))" "$RAW" > "$LOG"
TRACKED-DIR	.softhouse/capture/mathcontext/src/run-t50-tier1.sh	135	truncate	$(cd "$(dirname "${BASH_SOURCE[0]}")/.." && pwd)/out/${T50_OUT_PREFIX:-t50-tier1}-log.txt	: > "$LOG"
TRACKED-DIR	.softhouse/capture/mathcontext/src/run-t50-tier1.sh	137	redirect	$(grep -n '^{' "$(cd "$(dirname "${BASH_SOURCE[0]}")/.." && pwd)/out/${T50_OUT_PREFIX:-t50-tier1}-raw.json" | head -1 | cut -d: -f1)	tail -n "+$FIRST_BRACE" "$RAW" > "$JSON"
TRACKED-DIR	.softhouse/capture/mathcontext/src/run-t50-tier1.sh	138	redirect	$(cd "$(dirname "${BASH_SOURCE[0]}")/.." && pwd)/out/${T50_OUT_PREFIX:-t50-tier1}.json	python3 -m json.tool "$JSON" > /dev/null || fail "JSON payload does not parse ($JSON)"
TRACKED-DIR	.softhouse/capture/mathcontext/src/run-t50-tier1.sh	146	mv	$(cd "$(dirname "${BASH_SOURCE[0]}")/.." && pwd)/out/${T50_OUT_PREFIX:-t50-tier1}.json	mv "$JSON" "$JSON.REJECTED"
TRACKED-DIR	.softhouse/capture/mathcontext/src/run-t50-tier2.sh	85	redirect	$j	if unzip -l "$j" "$c" >/dev/null 2>&1; then found="$j"; break; fi
TRACKED-DIR	.softhouse/capture/mathcontext/src/run-t50-tier2.sh	97	redirect	$(cd "$(dirname "${BASH_SOURCE[0]}")/.." && pwd)/out/${T50_OUT_PREFIX:-t50-tier2}-oracle-identity.txt	' > "$IDENT" 2>&1 || fail "oracle-identity container exited non-zero (see $IDENT)"
TRACKED-DIR	.softhouse/capture/mathcontext/src/run-t50-tier2.sh	100	redirect	.softhouse/capture/mathcontext/src	sed -n '/== probed class digests/,/== classpath entries/p' "$IDENT" | sed '1d;$d' > "$CLASSDIGESTS"
TRACKED-DIR	.softhouse/capture/mathcontext/src/run-t50-tier2.sh	105	redirect	.softhouse/capture/mathcontext/src	sed -n '/== classpath entries/,$p' "$IDENT" | tail -n +2 > "$CPLIST"
TRACKED-DIR	.softhouse/capture/mathcontext/src/run-t50-tier2.sh	122	redirect	$(cd "$(dirname "${BASH_SOURCE[0]}")/.." && pwd)/out/${T50_OUT_PREFIX:-t50-tier2}-raw.json	' > "$RAW" 2> "$ERR"
TRACKED-DIR	.softhouse/capture/mathcontext/src/run-t50-tier2.sh	133	redirect	$	head -n "$((FIRST_BRACE - 1))" "$RAW" > "$LOG"
TRACKED-DIR	.softhouse/capture/mathcontext/src/run-t50-tier2.sh	135	truncate	$(cd "$(dirname "${BASH_SOURCE[0]}")/.." && pwd)/out/${T50_OUT_PREFIX:-t50-tier2}-log.txt	: > "$LOG"
TRACKED-DIR	.softhouse/capture/mathcontext/src/run-t50-tier2.sh	137	redirect	$(grep -n '^{' "$(cd "$(dirname "${BASH_SOURCE[0]}")/.." && pwd)/out/${T50_OUT_PREFIX:-t50-tier2}-raw.json" | head -1 | cut -d: -f1)	tail -n "+$FIRST_BRACE" "$RAW" > "$JSON"
TRACKED-DIR	.softhouse/capture/mathcontext/src/run-t50-tier2.sh	138	redirect	$(cd "$(dirname "${BASH_SOURCE[0]}")/.." && pwd)/out/${T50_OUT_PREFIX:-t50-tier2}.json	python3 -m json.tool "$JSON" > /dev/null || fail "JSON payload does not parse ($JSON)"
TRACKED-DIR	.softhouse/capture/mathcontext/src/run-t50-tier2.sh	146	mv	$(cd "$(dirname "${BASH_SOURCE[0]}")/.." && pwd)/out/${T50_OUT_PREFIX:-t50-tier2}.json	mv "$JSON" "$JSON.REJECTED"
TRACKED-DIR	.softhouse/capture/mathcontext/src/t46-assert-pathb-slot.sh	52	redirect	${T42_ORACLE_CONTAINER:-fineract-fineract-1}	if docker inspect "$CONTAINER" >/dev/null 2>&1; then
TRACKED-DIR	.softhouse/capture/mathcontext/src/t46-assert-pathb-slot.sh	75	redirect	$(cd "$(cd "$(dirname "${BASH_SOURCE[0]}")" && pwd)/.." && pwd)/out/t46-pathb-wiring-reread.txt	} > "$REREAD" 2>&1
TRACKED-DIR	.softhouse/capture/mathcontext/src/t46-assert-pathb-slot.sh	139	tee	$(cd "$(cd "$(dirname "${BASH_SOURCE[0]}")" && pwd)/.." && pwd)/analysis/t46-pathb-slot-assertion-output.txt	} 2>&1 | tee "$TRANSCRIPT"
TRACKED-DIR	.softhouse/capture/mathcontext/src/t46-negative-identity.sh	89	tee	$(cd "$(cd "$(dirname "${BASH_SOURCE[0]}")" && pwd)/.." && pwd)/out/negative/t46-n9-identity-check-failable.txt	} 2>&1 | tee "$TRANSCRIPT"
TRACKED-DIR	.softhouse/capture/mathcontext/src/t46-negative-vacuity.sh	53	redirect	.softhouse/capture/mathcontext/src	awk "/<<'PY'/{flag=1;next} /^PY\$/{flag=0} flag" "$RUNNER" > "$BLOCK"
TRACKED-DIR	.softhouse/capture/mathcontext/src/t46-negative-vacuity.sh	138	tee	$(cd "$(cd "$(dirname "${BASH_SOURCE[0]}")" && pwd)/.." && pwd)/out/negative/t46-n7-vacuity-guard.txt	} 2>&1 | tee "$TRANSCRIPT"
TRACKED-DIR	.softhouse/capture/mathcontext/src/t50-negative-tests.sh	21	redirect	$(cd "$(dirname "${BASH_SOURCE[0]}")/.." && pwd)/analysis/$checker	python3 "$CAPDIR/analysis/$checker" "$payload" > "$NEG/t50-neg-$label.txt" 2>&1
TRACKED-DIR	.softhouse/capture/mathcontext/src/t50-negative-tests.sh	24	redirect	$label	echo "  ok  $label -> exit $rc (wanted $want)"
TRACKED-DIR	.softhouse/capture/mathcontext/src/t50-negative-tests.sh	26	redirect	$label	echo "  FAIL $label -> exit $rc (wanted $want); transcript $NEG/t50-neg-$label.txt"
TRACKED-DIR	.softhouse/capture/mathcontext/src/t50-negative-tests.sh	108	rm	$(cd "$(dirname "${BASH_SOURCE[0]}")/.." && pwd)/out/negative/.t50-tmp.json	rm -f "$TMP"
TRACKED-DIR	.softhouse/capture/pathb/t125/drive-canary-green.sh	28	redirect	$script	python3 "$script" gerege "$@" > "$outdir/stdout.txt" 2> "$outdir/stderr.txt"
TRACKED-FILE	.softhouse/capture/pathb/t125/drive-canary-red.sh	46	redirect	.softhouse/capture/pathb/t36/attest.py	"$T36/attest.py" > "$SCRATCH"
TRACKED-FILE	.softhouse/capture/pathb/t125/drive-canary-red.sh	50	tee	.softhouse/capture/pathb/t36/attest.py	diff "$T36/attest.py" "$SCRATCH" | tee "$OUTDIR/scratch.diff"
TRACKED-DIR	.softhouse/capture/pathb/t125/drive-canary-red.sh	95	redirect	.softhouse/capture/pathb/t125/${1:?usage: drive-canary-red.sh <out-dir-name ending in -default>}/stdout.txt	python3 "$SCRATCH" default pathb > "$OUTDIR/stdout.txt" 2> "$OUTDIR/stderr.txt"
TRACKED-FILE	.softhouse/capture/pathb/t125/drive-stale-fork.sh	29	redirect	.softhouse/capture/charges/bin/attest.py	"$CHBIN/attest.py" > "$SCRATCH"
TRACKED-FILE	.softhouse/capture/pathb/t125/drive-stale-fork.sh	31	tee	.softhouse/capture/charges/bin/attest.py	diff "$CHBIN/attest.py" "$SCRATCH" | tee "$OUTDIR/scratch.diff"
TRACKED-DIR	.softhouse/capture/pathb/t125/drive-stale-fork.sh	38	redirect	$tenant	python3 "$SCRATCH" "$tenant" > "$OUTDIR/$tenant.stdout.txt" 2> "$OUTDIR/$tenant.stderr.txt"
TRACKED-DIR	.softhouse/capture/pathb/t149/capture-halfeven-arm.sh	44	redirect	$(cd "$(dirname "${BASH_SOURCE[0]}")" && pwd)/out/default-HALF-EVEN-ARM/CAPTURED-FROM-TENANT	echo default > "$OUT/CAPTURED-FROM-TENANT"
TRACKED-DIR	.softhouse/capture/pathb/t149/capture-halfeven-arm.sh	45	redirect	$(cd "$(dirname "${BASH_SOURCE[0]}")" && pwd)/out/default-HALF-EVEN-ARM/NOT-PRODUCTION-REPRESENTATIVE.txt	cat > "$OUT/NOT-PRODUCTION-REPRESENTATIVE.txt" <<'EOF'
TRACKED-DIR	.softhouse/capture/pathb/t149/prove-redgreen.sh	100	rm	$(cd "$(dirname "${BASH_SOURCE[0]}")" && pwd)/.parked-vector.json	rm -f "$PARK"
TRACKED-DIR	.softhouse/capture/pathb/t149/prove-redgreen.sh	103	mv	$(cd "$(dirname "${BASH_SOURCE[0]}")" && pwd)/.parked-vector.json	mv "$PARK" "$VEC" \
TRACKED-DIR	.softhouse/capture/pathb/t149/prove-redgreen.sh	127	mv	$(cd "$(dirname "${BASH_SOURCE[0]}")" && pwd)/.parked-vector.json	mv "$PARK" "$VEC" || { echo "RESTORE FAILED: could not move $PARK back to $VEC" >&2; _st=1; }
TRACKED-DIR	.softhouse/capture/pathb/t149/prove-redgreen.sh	131	rm	$(cd "$(dirname "${BASH_SOURCE[0]}")" && pwd)/.parked-vector.json	rm -f "$PARK"
TRACKED-DIR	.softhouse/capture/pathb/t149/prove-redgreen.sh	149	redirect	$(store_census)	printf '%s\n' "$CENSUS_BEFORE" > "$_tb"
TRACKED-DIR	.softhouse/capture/pathb/t149/prove-redgreen.sh	150	redirect	$(store_census)	printf '%s\n' "$_after"        > "$_ta"
TRACKED-DIR	.softhouse/capture/pathb/t149/prove-redgreen.sh	152	rm	$_ta	rm -f "$_tb" "$_ta"
TRACKED-DIR	.softhouse/capture/pathb/t149/prove-redgreen.sh	156	rm	$?	[ "$_st" = 0 ] && rm -f "$BACKUP"
TRACKED-DIR	.softhouse/capture/pathb/t149/prove-redgreen.sh	176	mv	$(cd "$(cd "$(dirname "${BASH_SOURCE[0]}")" && pwd)/../../../.." && pwd)/.softhouse/vectors/loanschedule/T149-PATHB-TIE-1M162502pt50-12x21pt6pct.json	mv "$VEC" "$PARK" || fail "could not park the vector"
TRACKED-DIR	.softhouse/capture/pathb/t149/prove-redgreen.sh	182	redirect	$(cd "$(cd "$(dirname "${BASH_SOURCE[0]}")" && pwd)/../../../.." && pwd)/.softhouse/handoff/T61-mutations.py	python3 "$REPO/.softhouse/handoff/T61-mutations.py" M7 > "$A1" 2>&1 &
TRACKED-DIR	.softhouse/capture/pathb/t149/prove-redgreen.sh	186	mv	$(cd "$(dirname "${BASH_SOURCE[0]}")" && pwd)/.parked-vector.json	mv "$PARK" "$VEC" || fail "could not restore the vector — DO NOT COMMIT until it is back"
TRACKED-DIR	.softhouse/capture/pathb/t149/prove-redgreen.sh	190	redirect	$(cd "$(cd "$(dirname "${BASH_SOURCE[0]}")" && pwd)/../../../.." && pwd)/.softhouse/handoff/T61-mutations.py	python3 "$REPO/.softhouse/handoff/T61-mutations.py" M7 > "$A2" 2>&1 \
TRACKED-DIR	.softhouse/capture/pathb/t149/prove-redgreen.sh	194	redirect	$(cd "$(cd "$(dirname "${BASH_SOURCE[0]}")" && pwd)/../../../.." && pwd)/.softhouse/conformance.sh	bash "$REPO/.softhouse/conformance.sh" > "$A3" 2>&1
TRACKED-DIR	.softhouse/capture/pathb/t149/t156-p24-scratch-merge.sh	31	rm	${TMPDIR:-/tmp}/t156-p24-scratch	rm -rf "$SCRATCH" || die "cannot clear $SCRATCH"
TRACKED-DIR	.softhouse/capture/pathb/t149/t156-p24-scratch-merge.sh	37	redirect	${TMPDIR:-/tmp}/t156-p24-scratch/clone	git -C "$C" merge --quiet --no-edit "origin/$BRANCH" > "$SCRATCH/merge.txt" 2>&1 || {
TRACKED-DIR	.softhouse/capture/pathb/t22-audit/fresh-tenant.sh	41	redirect	$f	echo "$f -> $(cat "$O/$f-create.json")"
TRACKED-DIR	.softhouse/capture/pathb/t22-audit/fresh-tenant.sh	50	redirect	$	echo "B-$n -> $(wc -c < "$O/B-$n-raw.json") bytes"
TRACKED-DIR	.softhouse/capture/pathb/t22-audit/modeprobe.sh	19	redirect	$t	echo "$t product -> $(cat "$O/product-$t-create.json")"
TRACKED-DIR	.softhouse/capture/pathb/t22-audit/modeprobe.sh	26	redirect	$t	echo "$t capture -> $(wc -c < "$O/pmode-$t-raw.json") bytes"
TRACKED-DIR	.softhouse/capture/pathb/t22-audit/modeprobe2.sh	19	redirect	$t	echo "$t product -> $(cat "$O/product-$t-create.json")"
TRACKED-DIR	.softhouse/capture/pathb/t22-audit/modeprobe2.sh	26	redirect	$t	echo "$t capture -> $(wc -c < "$O/pmode2-$t-raw.json") bytes"
TRACKED-DIR	.softhouse/capture/pathb/t22-audit/probe.sh	19	redirect	$f	echo "$f -> $(cat "$O/$f-create.json")"
TRACKED-DIR	.softhouse/capture/pathb/t22-audit/probe.sh	25	redirect	$t	echo "$t -> $(wc -c < "$O/$t-raw.json") bytes"
TRACKED-DIR	.softhouse/capture/pathb/t22-audit/rerun-default.sh	16	redirect	$	echo "B-$n -> $(wc -c < "$O/B-$n-raw.json") bytes"
TRACKED-DIR	.softhouse/capture/pathb/t22-audit/t22_rederive.py	14	redirect	.softhouse/capture/pathb/t22-audit	-> daysInYearType / daysInMonthType / daysInYearCustomStrategy are NOT read
TRACKED-DIR	.softhouse/capture/pathb/t22-probe/capture.sh	18	redirect	$f	echo "$f -> $(wc -c < "$P/out/$f-$TAG-raw.json") bytes"
TRACKED-DIR	.softhouse/capture/pathb/t22-probe/repro.sh	22	redirect	$f	echo "$f -> $(cat "$P/out/$f-$TAG-create.json")"
TRACKED-FILE	.softhouse/capture/pathb/t36/emiloop-probe.sh	32	redirect	.softhouse/capture/pathb/t36/preconditions.sh	sh "$D/preconditions.sh" gerege > "$O/preconditions.txt" 2>&1 || prestatus=$?
TRACKED-FILE	.softhouse/capture/pathb/t36/emiloop-probe.sh	46	redirect	.softhouse/capture/pathb/req/calc-B-01-baseline.json	"$W/req/calc-B-01-baseline.json" > "$REQ/calc-emiloop-$P.json"
TRACKED-DIR	.softhouse/capture/pathb/t36/emiloop-probe.sh	49	redirect	$P	echo "  principal $P  HTTP $code  -> out/emiloop/emiloop-$P-raw.json"
TRACKED-FILE	.softhouse/capture/pathb/t36/mutation-test.sh	12	redirect	.softhouse/capture/pathb/t36/out/recapture-gerege/B-01-baseline-raw.json	sed 's/112082\.40/112082.41/' "$D/out/recapture-gerege/B-01-baseline-raw.json" > "$TMP/B-01-mutated.json"
TRACKED-DIR	.softhouse/capture/pathb/t36/recapture.sh	110	redirect	$	[ "$#" -eq 3 ] || die "output directory '$O' resolves to '$Or'; relative to the evidence tree that is '$rel', which has $# path component(s). A capture directory is exactly <task>/
TRACKED-DIR	.softhouse/capture/pathb/t36/recapture.sh	114	redirect	$(resolve_dir "${RECAPTURE_OUT:-.softhouse/capture/pathb/t36/out/recapture-${TENANT:-gerege}}") || die "output directory '${RECAPTURE_OUT:-.softhouse/capture/pathb/t36/out/recapture-${TENANT:-gerege}}' cannot be resolved to a concrete path (a '.' or '..' component below a directory that does not exist)."	* ) die "output directory '$Or': the task component is '$Otask', which is not a t<NN> task directory. Expected <task>/out/<name> below '$Wr'." ;;
TRACKED-DIR	.softhouse/capture/pathb/t36/recapture.sh	116	redirect	$Omid	[ "$Omid" = "out" ] || die "output directory '$Or': the middle component is '$Omid', expected literally 'out'. Expected <task>/out/<name> below '$Wr'."
TRACKED-DIR	.softhouse/capture/pathb/t36/recapture.sh	143	redirect	${TENANT:-gerege}	printf '%s\n' "$TENANT" > "$STAMP"
TRACKED-DIR	.softhouse/capture/pathb/t36/recapture.sh	150	redirect	${TENANT:-gerege}	echo "### tenant '$TENANT'  ->  output directory $O"
TRACKED-FILE	.softhouse/capture/pathb/t36/recapture.sh	155	redirect	.softhouse/capture/pathb/t36/preconditions.sh	sh "$D/preconditions.sh" "$TENANT" > "$O/preconditions.txt" 2>&1 || prestatus=$?
TRACKED-DIR	.softhouse/capture/pathb/t36/recapture.sh	176	redirect	${RECAPTURE_OUT:-.softhouse/capture/pathb/t36/out/recapture-${TENANT:-gerege}}/products-asrow.jsonl	-c "select to_jsonb(t) from m_product_loan t where id in (1,2,3,4) order by id;" > "$O/products-asrow.jsonl"
TRACKED-DIR	.softhouse/capture/pathb/t36/recapture.sh	191	redirect	$(curl -sk -X POST "https://localhost:8443/fineract-provider/api/v1/loans?command=calculateLoanSchedule" \	echo "B-$n  HTTP $code  -> $O/$outname-raw.json"
TRACKED-FILE	.softhouse/capture/pathb/t36/recreate-products.sh	41	redirect	.softhouse/capture/pathb/t36/preconditions.sh	sh "$D/preconditions.sh" gerege > "$O/preconditions.txt" 2>&1 || prestatus=$?
TRACKED-FILE	.softhouse/capture/pathb/t36/recreate-products.sh	54	redirect	.softhouse/capture/pathb/req/product-1-baseline.json	"$W/req/product-1-baseline.json" > "$REQ/product-1-baseline.json"
TRACKED-FILE	.softhouse/capture/pathb/t36/recreate-products.sh	57	redirect	.softhouse/capture/pathb/req/product-2-multiplesof100.json	"$W/req/product-2-multiplesof100.json" > "$REQ/product-2-multiplesof100.json"
TRACKED-FILE	.softhouse/capture/pathb/t36/recreate-products.sh	60	redirect	.softhouse/capture/pathb/req/product-3-diycs-fullleapyear.json	"$W/req/product-3-diycs-fullleapyear.json" > "$REQ/product-3-diycs-fullleapyear.json"
TRACKED-FILE	.softhouse/capture/pathb/t36/recreate-products.sh	63	redirect	.softhouse/capture/pathb/req/product-4-diycs-feb29only.json	"$W/req/product-4-diycs-feb29only.json" > "$REQ/product-4-diycs-feb29only.json"
TRACKED-FILE	.softhouse/capture/pathb/t36/recreate-products.sh	94	redirect	.softhouse/capture/pathb/req/calc-B-01-baseline.json	sed "s/\"productId\": 1,/\"productId\": $P1,/" "$W/req/calc-B-01-baseline.json"           > "$REQ/calc-B-01-baseline.json"
TRACKED-FILE	.softhouse/capture/pathb/t36/recreate-products.sh	95	redirect	.softhouse/capture/pathb/req/calc-B-02-multiplesof100.json	sed "s/\"productId\": 2,/\"productId\": $P2,/" "$W/req/calc-B-02-multiplesof100.json"     > "$REQ/calc-B-02-multiplesof100.json"
TRACKED-FILE	.softhouse/capture/pathb/t36/recreate-products.sh	96	redirect	.softhouse/capture/pathb/req/calc-B-03-diycs-fullleapyear.json	sed "s/\"productId\": 3,/\"productId\": $P3,/" "$W/req/calc-B-03-diycs-fullleapyear.json" > "$REQ/calc-B-03-diycs-fullleapyear.json"
TRACKED-FILE	.softhouse/capture/pathb/t36/recreate-products.sh	97	redirect	.softhouse/capture/pathb/req/calc-B-04-diycs-feb29only.json	sed "s/\"productId\": 4,/\"productId\": $P4,/" "$W/req/calc-B-04-diycs-feb29only.json"    > "$REQ/calc-B-04-diycs-feb29only.json"
TRACKED-DIR	.softhouse/capture/pathb/t36/sha256.sh	185	redirect	$	[ $# -gt 0 ] || { echo "usage: sh sha256.sh <file>..." >&2; exit 2; }
TRACKED-DIR	.softhouse/capture/pathb/t36/t36_emiloop_search.py	103	redirect	.softhouse/capture/pathb/t36	lower_half = Decimal(N // 2)                       # floor(n/2) -> Money(6.00)
TRACKED-DIR	.softhouse/capture/pathb/t36/t36_emiloop_search.py	109	redirect	.softhouse/capture/pathb/t36	adjustment = q2(residual / Decimal(N))         # EmiAdjustment.adjustment() -> Money(2dp)
TRACKED-DIR	.softhouse/capture/pathb/t36/t36_emiloop_search.py	129	redirect	.softhouse/capture/pathb/t36	if abs(residual) * 100 > Decimal(N // 2):
TRACKED-DIR	.softhouse/capture/pathb/t80/prove-f1-noswap.py	117	redirect	$REL_A	(b'git show "$PREFIX_COMMIT:$REL_A" > "$SIB" ||',
TRACKED-DIR	.softhouse/capture/pathb/t80/prove-f1-noswap.py	118	redirect	$REL_A	b'git show "$PREFIX_COMMIT:$REL_A" > "$A" ||'),
TRACKED-DIR	.softhouse/capture/pathb/t80/prove-f1-noswap.py	298	redirect	$REL_A	OVERWRITE = b'git show "$PREFIX_COMMIT:$REL_A" > "$A"'
TRACKED-DIR	.softhouse/capture/pathb/t80/prove-f1-noswap.py	299	redirect	$REL_A	SIBWRITE = b'git show "$PREFIX_COMMIT:$REL_A" > "$SIB"'
TRACKED-DIR	.softhouse/capture/pathb/t80/prove-f1-noswap.py	303	redirect	$A	('OLD writes the pre-fix bytes over the LIVE attester (> "$A")', OVERWRITE in old),
TRACKED-DIR	.softhouse/capture/pathb/t80/prove-f1-noswap.py	305	redirect	$SIB	('NEW writes them to the SIBLING (> "$SIB")', SIBWRITE in new),
TRACKED-DIR	.softhouse/capture/pathb/t80/prove-f1-recovery.py	134	redirect	$SIB	BG_ATTESTER = (b'python3 "$SIB" default emiloop > "$O/.f1-out1" 2>&1 &\n'
TRACKED-DIR	.softhouse/capture/pathb/t80/prove-f1-recovery.py	136	redirect	$SIB	FG_ATTESTER = (b'python3 "$SIB" default emiloop > "$O/.f1-out1" 2>&1\n'
TRACKED-FILE	.softhouse/capture/pathb/t80/prove-f1.sh	117	git-restore	.softhouse/capture/pathb/t36/attest.py	echo "guard: refusing to guess whose bytes those are. Inspect, then: git checkout -- $REL_A" >&2
TRACKED-DIR	.softhouse/capture/pathb/t80/prove-f1.sh	142	redirect	$_blob	git cat-file blob "$_blob" > "$A.t161-restore" || {
TRACKED-DIR	.softhouse/capture/pathb/t80/prove-f1.sh	157	git-restore	.softhouse/capture/pathb/t36/out/emiloop	git checkout -- "$E" \
TRACKED-DIR	.softhouse/capture/pathb/t80/prove-f1.sh	159	git-restore	.softhouse/capture/pathb/t36/out/emiloop	|| echo "guard: COULD NOT restore t36/out/emiloop — run: git checkout -- $E" >&2
TRACKED-DIR	.softhouse/capture/pathb/t80/prove-f1.sh	181	redirect	$(sed -n 's/^blob //p' ".softhouse/capture/pathb/t80/.f1-swap-in-progress           # in-flight marker.  It lives OUTSIDE `out/` so a" | head -1)	git cat-file blob "$g_blob" > "$T80/.f1-blobcheck" \
TRACKED-FILE	.softhouse/capture/pathb/t80/prove-f1.sh	193	redirect	.softhouse/capture/pathb/t36/attest.py	|| fail "an earlier run left $REL_A at $found and it could NOT be restored — run: git cat-file blob $g_blob > $A"
TRACKED-DIR	.softhouse/capture/pathb/t80/prove-f1.sh	231	redirect	$(snap)	printf '%s\n' "$CENSUS_BEFORE" > "$O/.f1-before"
TRACKED-FILE	.softhouse/capture/pathb/t80/prove-f1.sh	251	redirect	.softhouse/capture/pathb/t36/attest.py	"$REL_SIB" "$A_SHA" "$REL_A" "$(date -u +%Y-%m-%dT%H:%M:%SZ)" "$$" > "$GUARD" \
TRACKED-DIR	.softhouse/capture/pathb/t80/prove-f1.sh	288	redirect	$(snap)	printf '%s\n' "$CENSUS_BEFORE" > "$_tb"
TRACKED-DIR	.softhouse/capture/pathb/t80/prove-f1.sh	289	redirect	$(snap)	printf '%s\n' "$_after"        > "$_ta"
TRACKED-DIR	.softhouse/capture/pathb/t80/prove-f1.sh	291	rm	$_ta	rm -f "$_tb" "$_ta"
TRACKED-FILE	.softhouse/capture/pathb/t80/prove-f1.sh	329	redirect	.softhouse/capture/pathb/t36/attest.py	git show "$PREFIX_COMMIT:$REL_A" > "$SIB" || fail "could not read the pre-fix attest.py from $PREFIX_COMMIT"
TRACKED-FILE	.softhouse/capture/pathb/t80/prove-f2.sh	24	redirect	.softhouse/capture/pathb/t36/preconditions.sh	git show "$PREFIX_COMMIT:.softhouse/capture/pathb/t36/preconditions.sh" > "$O/.f2-prefix.sh"
TRACKED-FILE	.softhouse/capture/pathb/t80/prove-f2.sh	57	redirect	.softhouse/capture/pathb/t22-audit/req/calc-pmode2-gerege.json	PATH="$T80/probe:$PATH" CANARY_REQ="$CANON" "$SH" "$O/.f2-prefix.sh" gerege > "$O/.f2-prefix.txt" 2>&1
TRACKED-FILE	.softhouse/capture/pathb/t80/prove-f2.sh	64	redirect	.softhouse/capture/pathb/t22-audit/req/calc-pmode2-gerege.json	PATH="$T80/probe:$PATH" CANARY_REQ="$CANON" "$SH" t36/preconditions.sh gerege > "$O/.f2-fixed.txt" 2>&1
TRACKED-FILE	.softhouse/capture/pathb/t80/run-attacks.sh	24	redirect	.softhouse/capture/pathb/t22-audit/req/calc-pmode2-gerege.json	sed 's/"principal": 1162502.5,/"principal": 1162502.55,/' "$CANON" > "$O/attack-2-req-mutated.json"
TRACKED-DIR	.softhouse/capture/pathb/t80/run-attacks.sh	42	redirect	$1; shift	{ hdr "$cap"; echo "\$ $CMD"; echo; eval "$CMD"; st=$?; echo; echo "EXIT=$st"; } > "$t" 2>&1
TRACKED-FILE	.softhouse/capture/pathb/t80/run-attacks.sh	60	redirect	.softhouse/capture/pathb/t80/out/stamp-probe-default/CAPTURED-FROM-TENANT	printf 'gerege\n' > "$O/stamp-probe-default/CAPTURED-FROM-TENANT"
TRACKED-DIR	.softhouse/capture/pathb/t80/shell-invariance.sh	25	redirect	$SH	sed -e '2d' -e 's/"\$SH"/<SHELL>/g' "$f" > "$O/.norm-sh.$$"
TRACKED-DIR	.softhouse/capture/pathb/t80/shell-invariance.sh	26	redirect	$SH	sed -e '2d' -e 's/"\$SH"/<SHELL>/g' "$b" > "$O/.norm-bash.$$"
UNRESOLVED	.softhouse/capture/pathb/t80/shell-invariance.sh	27	redirect	.softhouse/capture/pathb/t80/out/.norm-sh.$$	if diff -q "$O/.norm-sh.$$" "$O/.norm-bash.$$" > /dev/null; then
UNRESOLVED	.softhouse/capture/pathb/t80/shell-invariance.sh	34	rm	.softhouse/capture/pathb/t80/out/.norm-sh.$$	rm -f "$O/.norm-sh.$$" "$O/.norm-bash.$$"
TRACKED-DIR	.softhouse/capture/pathb/t99/prove-f1.sh	40	rm	$TREE/t36/out/recapture-default/sub-gerege	rm -rf "$TREE/$ATTACK"
TRACKED-DIR	.softhouse/capture/pathb/t99/prove-f1.sh	44	redirect	$EXPORT/f1-$side.txt	> "$EXPORT/f1-$side.txt" 2>&1
TRACKED-DIR	.softhouse/capture/pathb/t99/prove-f1.sh	86	rm	$P/t36/out/recapture-default/sub-gerege	rm -rf "$P/$ATTACK"
TRACKED-DIR	.softhouse/capture/pathb/t99/prove-f1.sh	87	redirect	$P/t36/out/recapture-default/sub-gerege	TENANT=gerege RECAPTURE_OUT=$P/$ATTACK sh "$P/t36/recapture.sh" > "$EXPORT/f1-live-prefix.txt" 2>&1
TRACKED-DIR	.softhouse/capture/pathb/t99/prove-f1.sh	102	rm	$F/t36/out/recapture-default/sub-gerege	rm -rf "$F/$ATTACK"
TRACKED-DIR	.softhouse/capture/pathb/t99/prove-f1.sh	103	redirect	$F/t36/out/recapture-default/sub-gerege	TENANT=gerege RECAPTURE_OUT=$F/$ATTACK sh "$F/t36/recapture.sh" > "$EXPORT/f1-live-fixed.txt" 2>&1
TRACKED-DIR	.softhouse/capture/pathb/t99/prove-f1.sh	134	redirect	$F/${want%%:*}; label=${want#*:}	TENANT=gerege RECAPTURE_OUT=$F/$d sh "$F/t36/recapture.sh" ) > "$EXPORT/f1-happy.txt" 2>&1
TRACKED-DIR	.softhouse/capture/pathb/t99/prove-f2.sh	35	redirect	$REPO	git -C "$REPO" status --porcelain > "${TMPDIR:-/tmp}/t99-f2-status-before.$$"
TRACKED-DIR	.softhouse/capture/pathb/t99/prove-f2.sh	41	redirect	$EXPORT/poison/shasum	cat > "$EXPORT/poison/shasum" <<EOF
TRACKED-DIR	.softhouse/capture/pathb/t99/prove-f2.sh	47	redirect	$EXPORT/poison/liar-const	cat > "$EXPORT/poison/liar-const" <<EOF
TRACKED-DIR	.softhouse/capture/pathb/t99/prove-f2.sh	52	redirect	$EXPORT/poison/liar-clever	cat > "$EXPORT/poison/liar-clever" <<EOF
TRACKED-DIR	.softhouse/capture/pathb/t99/prove-f2.sh	65	redirect	$F/t22-audit/req/calc-pmode2-gerege.json	"$F/t22-audit/req/calc-pmode2-gerege.json" > "$EXPORT/mutated-canary.json"
TRACKED-DIR	.softhouse/capture/pathb/t99/prove-f2.sh	83	redirect	$PATH	echo "--- 2a.$side — PATH=<poison>:\$PATH  CANARY_REQ=<mutated>  $SH t36/preconditions.sh gerege"
TRACKED-DIR	.softhouse/capture/pathb/t99/prove-f2.sh	86	redirect	$EXPORT/f2-$side.txt	> "$EXPORT/f2-$side.txt" 2>&1
TRACKED-DIR	.softhouse/capture/pathb/t99/prove-f2.sh	120	redirect	$EXPORT/f2-control.txt	> "$EXPORT/f2-control.txt" 2>&1
TRACKED-DIR	.softhouse/capture/pathb/t99/prove-f2.sh	190	redirect	$REPO	git -C "$REPO" status --porcelain > "${TMPDIR:-/tmp}/t99-f2-status-after.$$"
TRACKED-DIR	.softhouse/capture/pathb/t99/prove-f2.sh	196	rm	${TMPDIR	rm -f "${TMPDIR:-/tmp}/t99-f2-status-before.$$" "${TMPDIR:-/tmp}/t99-f2-status-after.$$"
TRACKED-DIR	.softhouse/capture/pathb/t99/prove-f3.sh	28	redirect	$1/t80/forbidden-sentence.sh	sh "$1/t80/forbidden-sentence.sh" > "$EXPORT/f3.txt" 2>&1
TRACKED-DIR	.softhouse/capture/pathb/t99/prove-f3.sh	44	redirect	$EXPORT/empty-$side/t80/forbidden-sentence.sh	sh "$d/forbidden-sentence.sh" > "$EXPORT/f3-$side.txt" 2>&1
TRACKED-DIR	.softhouse/capture/pathb/t99/prove-f3.sh	74	redirect	$EXPORT/empty-$side/t80/out/attack-9z-decoy.txt	echo "nothing interesting here" > "$d/out/attack-9z-decoy.txt"
TRACKED-DIR	.softhouse/capture/pathb/t99/prove-f3.sh	75	redirect	$EXPORT/empty-$side/t80/out/attack-9y-decoy.txt	echo "nor here" > "$d/out/attack-9y-decoy.txt"
TRACKED-DIR	.softhouse/capture/pathb/t99/prove-f3.sh	76	redirect	$EXPORT/empty-$side/t80/forbidden-sentence.sh	sh "$d/forbidden-sentence.sh" > "$EXPORT/f3b-$side.txt" 2>&1
TRACKED-DIR	.softhouse/capture/pathb/t99/prove-f3.sh	88	redirect	$TREE	run "$TREE" >/dev/null 2>&1 || true
TRACKED-DIR	.softhouse/capture/pathb/t99/prove-f3.sh	89	redirect	$TREE/t80/forbidden-sentence.sh	sh "$TREE/t80/forbidden-sentence.sh" > "$EXPORT/f3c-$side.txt" 2>&1
TRACKED-DIR	.softhouse/capture/pathb/t99/prove-f3.sh	96	redirect	$TREE/t80/out/attack-9x-planted-nopin.txt	> "$TREE/t80/out/attack-9x-planted-nopin.txt"
TRACKED-DIR	.softhouse/capture/pathb/t99/prove-f3.sh	98	redirect	$TREE/t80/out/attack-9w-planted-default.txt	> "$TREE/t80/out/attack-9w-planted-default.txt"
TRACKED-DIR	.softhouse/capture/pathb/t99/prove-f3.sh	99	redirect	$TREE/t80/forbidden-sentence.sh	sh "$TREE/t80/forbidden-sentence.sh" > "$EXPORT/f3d-$side.txt" 2>&1
TRACKED-DIR	.softhouse/capture/pathb/t99/prove-f3.sh	102	rm	$TREE/t80/out/attack-9x-planted-nopin.txt	rm -f "$TREE/t80/out/attack-9x-planted-nopin.txt" "$TREE/t80/out/attack-9w-planted-default.txt"
TRACKED-DIR	.softhouse/capture/pathb/t99/prove-f3.sh	119	redirect	$EXPORT/f3e-stdout.txt	> "$EXPORT/f3e-stdout.txt" 2>"$EXPORT/f3e-stderr.txt"
TRACKED-DIR	.softhouse/capture/pathb/t99/prove-f3.sh	130	redirect	$TREE/t36/$s.sh	sh "$TREE/t36/$s.sh" ) > "$EXPORT/f3e-$side-$s.txt" 2>&1
TRACKED-DIR	.softhouse/capture/pathb/t99/prove-f3.sh	157	redirect	$EXPORT/f3f-$side.txt	> "$EXPORT/f3f-$side.txt" 2>&1
TRACKED-DIR	.softhouse/capture/pathb/t99/prove-f4.sh	68	rm	$P/t80/out/recapture-gerege          # stamped: written after the mechanism landed/CAPTURED-FROM-TENANT	rm -f "$P/$STAMPED/CAPTURED-FROM-TENANT"
TRACKED-DIR	.softhouse/capture/pathb/t99/prove-f4.sh	85	rm	$F/t80/out/recapture-gerege          # stamped: written after the mechanism landed/CAPTURED-FROM-TENANT	rm -f "$F/$STAMPED/CAPTURED-FROM-TENANT"
TRACKED-DIR	.softhouse/capture/pathb/t99/prove-f4.sh	86	redirect	$F/provenance.py	$PY "$F/provenance.py" verify --root "$F" > "$EXPORT/f4a.txt" 2>&1
TRACKED-DIR	.softhouse/capture/pathb/t99/prove-f4.sh	102	redirect	$F/t36/out/recapture-gerege        # the directory the finding names: predates it/CAPTURED-FROM-TENANT	printf 'gerege\n' > "$F/$UNSTAMPED/CAPTURED-FROM-TENANT"
TRACKED-DIR	.softhouse/capture/pathb/t99/prove-f4.sh	103	redirect	$F/provenance.py	$PY "$F/provenance.py" verify --root "$F" > "$EXPORT/f4b.txt" 2>&1
TRACKED-DIR	.softhouse/capture/pathb/t99/prove-f4.sh	107	rm	$F/t36/out/recapture-gerege        # the directory the finding names: predates it/CAPTURED-FROM-TENANT	rm -f "$F/$UNSTAMPED/CAPTURED-FROM-TENANT"
TRACKED-DIR	.softhouse/capture/pathb/t99/prove-f4.sh	121	redirect	$F/provenance.py	$PY "$F/provenance.py" verify --root "$F" > "$EXPORT/f4c.txt" 2>&1
TRACKED-DIR	.softhouse/capture/pathb/t99/prove-f4.sh	130	redirect	$F/t99/out/smuggled-gerege/B-99-raw.json	printf '{"periods":[]}\n' > "$F/t99/out/smuggled-gerege/B-99-raw.json"
TRACKED-DIR	.softhouse/capture/pathb/t99/prove-f4.sh	131	redirect	$F/provenance.py	$PY "$F/provenance.py" verify --root "$F" > "$EXPORT/f4d.txt" 2>&1
TRACKED-DIR	.softhouse/capture/pathb/t99/prove-f4.sh	134	rm	$F/t99/out/smuggled-gerege	rm -rf "$F/t99/out/smuggled-gerege"
TRACKED-DIR	.softhouse/capture/pathb/t99/prove-f4.sh	165	rm	$F/t99/out/nowhere	rm -rf "$F/t99/out/nowhere"
TRACKED-DIR	.softhouse/capture/pathb/t99/prove-f4.sh	172	redirect	$EXPORT/emptytree/provenance.py	$PY "$EXPORT/emptytree/provenance.py" emit --root "$EXPORT/emptytree" > "$EXPORT/f4f.txt" 2>&1
TRACKED-DIR	.softhouse/capture/pathb/t99/prove-f4.sh	180	redirect	$REPO/$PB/provenance.py	$PY "$REPO/$PB/provenance.py" verify > "$EXPORT/f4g.txt" 2>&1
TRACKED-DIR	.softhouse/capture/pathb/t99/prove-f5-legs.sh	133	redirect	$_e	sh preconditions.sh "$TENANT" ) > "$_o" 2> "$_e"
TRACKED-DIR	.softhouse/capture/pathb/t99/prove-f5-legs.sh	135	redirect	$PATH	( cd "$_base/t36" && PATH=$_p sh preconditions.sh "$TENANT" ) > "$_o" 2> "$_e"
UNRESOLVED	.softhouse/capture/pathb/t99/prove-p24-postmerge.sh	56	redirect	origin/$(git -C "$(git -C ".softhouse/capture/pathb/t99" rev-parse --show-toplevel)" rev-parse --abbrev-ref HEAD)	git -C "$C" merge --quiet --no-edit "origin/$BRANCH" > "$SCRATCH/merge.txt" 2>&1
TRACKED-DIR	.softhouse/capture/pathb/t99/prove-p24-postmerge.sh	90	redirect	$f	printf '  prove-%s.sh -> exit %s   %s\n' "$f" "$_st" "$_last"
TRACKED-DIR	.softhouse/capture/pathb/t99/prove-p24-postmerge.sh	133	redirect	.softhouse/capture/pathb/t99/$fl	git -C "$C" show "$T99_HEAD:$PB/t99/$fl" > "$C/$PB/t99/$fl" || die "cannot restore $fl from $T99_HEAD"
TRACKED-FILE	.softhouse/capture/pathb/t99/prove-sweep-patterns.sh	74	redirect	.softhouse/capture/pathb/t99/sweep.sh	git -C "$REPO" show "$T99_HEAD:$PB/t99/sweep.sh" > "$WORK/sweep-old.sh" \
TRACKED-DIR	.softhouse/capture/pathb/t99/prove-sweep-patterns.sh	85	redirect	$2	extract "$2" > "$WORK/pat-$1.txt"
TRACKED-DIR	.softhouse/capture/pathb/t99/prove-sweep-patterns.sh	93	redirect	$2}	LC_ALL=C awk -F: '{print $2}' "$WORK/raw-$1.txt" | sort -n -u > "$WORK/hits-$1.txt"
TRACKED-DIR	.softhouse/capture/pathb/t99/run-all.sh	40	redirect	$shell	"$shell" "$T99/prove-$f.sh" > "$O/.raw-$f-$shell" 2>&1
TRACKED-DIR	.softhouse/capture/pathb/t99/run-all.sh	45	redirect	.softhouse/capture/pathb/t99	-e 's/^\(prefix ref:  \)[0-9a-f]\{40\} = [0-9a-f]\{40\}$/\1<PREFIX-COMMIT>/' \
TRACKED-DIR	.softhouse/capture/pathb/t99/run-all.sh	46	redirect	.softhouse/capture/pathb/t99	-e 's/^\(fixed ref:   HEAD = \)[0-9a-f]\{40\}$/\1<HEAD-COMMIT>/' \
TRACKED-DIR	.softhouse/capture/pathb/t99/run-all.sh	48	redirect	.softhouse/capture/pathb/t99/out/$f-$shell.txt	"$O/.raw-$f-$shell" > "$O/$f-$shell.txt"
UNRESOLVED	.softhouse/capture/pathb/t99/run-all.sh	49	rm	.softhouse/capture/pathb/t99/out/.raw-$f-$shell	rm -f "$O/.raw-$f-$shell"
TRACKED-FILE	.softhouse/capture/pathb/t99/run-all.sh	68	redirect	.softhouse/capture/pathb/t99/sweep.sh	sh "$T99/sweep.sh" > "$O/sweep.txt" 2>&1
TRACKED-FILE	.softhouse/capture/pathb/t99/run-all.sh	75	redirect	.softhouse/capture/pathb/provenance.py	python3 "$T99/../provenance.py" verify > "$O/provenance-verify.txt" 2>&1
TRACKED-DIR	.softhouse/capture/periodratio/analysis/run-t46-monthdiff.sh	22	redirect	$(cd "$(dirname "${BASH_SOURCE[0]}")/.." && pwd)/analysis/t46_monthdiff_exhaustive-output.txt	} > "$OUT"
TRACKED-DIR	.softhouse/capture/periodratio/analysis/run-t46-monthdiff.sh	31	redirect	$(cd "$(dirname "${BASH_SOURCE[0]}")/.." && pwd)/analysis/t46_monthdiff_exhaustive-output.txt	echo "== done -> $OUT"
TRACKED-DIR	.softhouse/capture/periodratio/src/run-periodratio.sh	105	redirect	$(cd "$(dirname "${BASH_SOURCE[0]}")/.." && pwd)/out/${T39_OUT_PREFIX:-t39-periodratio}-oracle-identity.txt	' > "$IDENT" 2>&1 || fail "oracle-identity container exited non-zero (see $IDENT)"
TRACKED-DIR	.softhouse/capture/periodratio/src/run-periodratio.sh	108	redirect	.softhouse/capture/periodratio/src	sed -n '/== classpath entries/,$p' "$IDENT" | tail -n +2 > "$CPLIST"
TRACKED-DIR	.softhouse/capture/periodratio/src/run-periodratio.sh	132	redirect	$(cd "$(dirname "${BASH_SOURCE[0]}")/.." && pwd)/out/${T39_OUT_PREFIX:-t39-periodratio}-raw.json	' > "$RAW" 2> "$ERR"
TRACKED-DIR	.softhouse/capture/periodratio/src/run-periodratio.sh	148	redirect	$	head -n "$((FIRST_BRACE - 1))" "$RAW" > "$LOG"
TRACKED-DIR	.softhouse/capture/periodratio/src/run-periodratio.sh	150	truncate	$(cd "$(dirname "${BASH_SOURCE[0]}")/.." && pwd)/out/${T39_OUT_PREFIX:-t39-periodratio}-log.txt	: > "$LOG"
TRACKED-DIR	.softhouse/capture/periodratio/src/run-periodratio.sh	152	redirect	$(grep -n '^{' "$(cd "$(dirname "${BASH_SOURCE[0]}")/.." && pwd)/out/${T39_OUT_PREFIX:-t39-periodratio}-raw.json" | head -1 | cut -d: -f1)	tail -n "+$FIRST_BRACE" "$RAW" > "$JSON"
TRACKED-DIR	.softhouse/capture/periodratio/src/run-periodratio.sh	153	redirect	$(cd "$(dirname "${BASH_SOURCE[0]}")/.." && pwd)/out/${T39_OUT_PREFIX:-t39-periodratio}.json	python3 -m json.tool "$JSON" > /dev/null || fail "JSON payload does not parse ($JSON)"
TRACKED-DIR	.softhouse/capture/periodratio/src/run-t46-periodratio.sh	107	redirect	$(cd "$(dirname "${BASH_SOURCE[0]}")/.." && pwd)/out/${T46_OUT_PREFIX:-t46-periodratio-${T46_SET:-reemit}}-oracle-identity.txt	' > "$IDENT" 2>&1 || fail "oracle-identity container exited non-zero (see $IDENT)"
TRACKED-DIR	.softhouse/capture/periodratio/src/run-t46-periodratio.sh	110	redirect	.softhouse/capture/periodratio/src	sed -n '/== classpath entries/,$p' "$IDENT" | tail -n +2 > "$CPLIST"
TRACKED-DIR	.softhouse/capture/periodratio/src/run-t46-periodratio.sh	134	redirect	$(cd "$(dirname "${BASH_SOURCE[0]}")/.." && pwd)/out/${T46_OUT_PREFIX:-t46-periodratio-${T46_SET:-reemit}}-raw.json	' > "$RAW" 2> "$ERR"
TRACKED-DIR	.softhouse/capture/periodratio/src/run-t46-periodratio.sh	146	redirect	$	head -n "$((FIRST_BRACE - 1))" "$RAW" > "$LOG"
TRACKED-DIR	.softhouse/capture/periodratio/src/run-t46-periodratio.sh	148	truncate	$(cd "$(dirname "${BASH_SOURCE[0]}")/.." && pwd)/out/${T46_OUT_PREFIX:-t46-periodratio-${T46_SET:-reemit}}-log.txt	: > "$LOG"
TRACKED-DIR	.softhouse/capture/periodratio/src/run-t46-periodratio.sh	150	redirect	$(grep -n '^{' "$(cd "$(dirname "${BASH_SOURCE[0]}")/.." && pwd)/out/${T46_OUT_PREFIX:-t46-periodratio-${T46_SET:-reemit}}-raw.json" | head -1 | cut -d: -f1)	tail -n "+$FIRST_BRACE" "$RAW" > "$JSON"
TRACKED-DIR	.softhouse/capture/periodratio/src/run-t46-periodratio.sh	151	redirect	$(cd "$(dirname "${BASH_SOURCE[0]}")/.." && pwd)/out/${T46_OUT_PREFIX:-t46-periodratio-${T46_SET:-reemit}}.json	python3 -m json.tool "$JSON" > /dev/null || fail "JSON payload does not parse ($JSON)"
TRACKED-DIR	.softhouse/capture/src/run-pass3b.sh	104	redirect	${CAP_OUT_DIR:-.softhouse/capture/out}/capture-prod3b-raw.txt	' > "$RAW" 2> "$ERR"
TRACKED-DIR	.softhouse/capture/src/run-pass3b.sh	114	redirect	$	head -n $((START - 1)) "$RAW" > "$LOG"
TRACKED-DIR	.softhouse/capture/src/run-pass3b.sh	116	truncate	${CAP_OUT_DIR:-.softhouse/capture/out}/capture-prod3b-log.txt	: > "$LOG"
TRACKED-DIR	.softhouse/capture/src/run-pass3b.sh	118	redirect	$(grep -n '^{' "${CAP_OUT_DIR:-.softhouse/capture/out}/capture-prod3b-raw.txt" | head -1 | cut -d: -f1)	tail -n +"$START" "$RAW" > "$JSON"
TRACKED-DIR	.softhouse/capture/src/run-pass3b.sh	235	truncate	${CAP_OUT_DIR:-.softhouse/capture/out}/capture-prod3b-sha256.txt	: > "$SUMS"
TRACKED-DIR	.softhouse/capture/src/run-pass3c.sh	130	redirect	${CAP_OUT_DIR:-.softhouse/capture/out}/capture-prod3c-raw.txt	' > "$RAW" 2> "$ERR"
TRACKED-DIR	.softhouse/capture/src/run-pass3c.sh	140	redirect	$	head -n $((START - 1)) "$RAW" > "$LOG"
TRACKED-DIR	.softhouse/capture/src/run-pass3c.sh	142	truncate	${CAP_OUT_DIR:-.softhouse/capture/out}/capture-prod3c-log.txt	: > "$LOG"
TRACKED-DIR	.softhouse/capture/src/run-pass3c.sh	144	redirect	$(grep -n '^{' "${CAP_OUT_DIR:-.softhouse/capture/out}/capture-prod3c-raw.txt" | head -1 | cut -d: -f1)	tail -n +"$START" "$RAW" > "$JSON"
TRACKED-DIR	.softhouse/capture/src/run-pass3c.sh	322	truncate	${CAP_OUT_DIR:-.softhouse/capture/out}/capture-prod3c-sha256.txt	: > "$SUMS"
TRACKED-DIR	.softhouse/capture/src/run-pass3d.sh	156	redirect	${CAP_OUT_DIR:-.softhouse/capture/out}/capture-prod3d-raw.txt	' > "$RAW" 2> "$ERR"
TRACKED-DIR	.softhouse/capture/src/run-pass3d.sh	166	redirect	$	head -n $((START - 1)) "$RAW" > "$LOG"
TRACKED-DIR	.softhouse/capture/src/run-pass3d.sh	168	truncate	${CAP_OUT_DIR:-.softhouse/capture/out}/capture-prod3d-log.txt	: > "$LOG"
TRACKED-DIR	.softhouse/capture/src/run-pass3d.sh	170	redirect	$(grep -n '^{' "${CAP_OUT_DIR:-.softhouse/capture/out}/capture-prod3d-raw.txt" | head -1 | cut -d: -f1)	tail -n +"$START" "$RAW" > "$JSON"
TRACKED-DIR	.softhouse/capture/src/run-pass3d.sh	363	truncate	${CAP_OUT_DIR:-.softhouse/capture/out}/capture-prod3d-sha256.txt	: > "$SUMS"
TRACKED-DIR	.softhouse/capture/src/run-pass3e.sh	160	redirect	${CAP_OUT_DIR:-.softhouse/capture/out}/capture-prod3e-raw.txt	' > "$RAW" 2> "$ERR"
TRACKED-DIR	.softhouse/capture/src/run-pass3e.sh	170	redirect	$	head -n $((START - 1)) "$RAW" > "$LOG"
TRACKED-DIR	.softhouse/capture/src/run-pass3e.sh	172	truncate	${CAP_OUT_DIR:-.softhouse/capture/out}/capture-prod3e-log.txt	: > "$LOG"
TRACKED-DIR	.softhouse/capture/src/run-pass3e.sh	174	redirect	$(grep -n '^{' "${CAP_OUT_DIR:-.softhouse/capture/out}/capture-prod3e-raw.txt" | head -1 | cut -d: -f1)	tail -n +"$START" "$RAW" > "$JSON"
TRACKED-DIR	.softhouse/capture/src/run-pass3e.sh	370	truncate	${CAP_OUT_DIR:-.softhouse/capture/out}/capture-prod3e-sha256.txt	: > "$SUMS"
TRACKED-DIR	.softhouse/capture/src/run-pass3f.sh	169	redirect	${CAP_OUT_DIR:-.softhouse/capture/out}/capture-prod3f-raw.txt	' > "$RAW" 2> "$ERR"
TRACKED-DIR	.softhouse/capture/src/run-pass3f.sh	179	redirect	$	head -n $((START - 1)) "$RAW" > "$LOG"
TRACKED-DIR	.softhouse/capture/src/run-pass3f.sh	181	truncate	${CAP_OUT_DIR:-.softhouse/capture/out}/capture-prod3f-log.txt	: > "$LOG"
TRACKED-DIR	.softhouse/capture/src/run-pass3f.sh	183	redirect	$(grep -n '^{' "${CAP_OUT_DIR:-.softhouse/capture/out}/capture-prod3f-raw.txt" | head -1 | cut -d: -f1)	tail -n +"$START" "$RAW" > "$JSON"
TRACKED-DIR	.softhouse/capture/src/run-pass3f.sh	377	truncate	${CAP_OUT_DIR:-.softhouse/capture/out}/capture-prod3f-sha256.txt	: > "$SUMS"
TRACKED-DIR	.softhouse/capture/src/run-pass3g.sh	169	redirect	${CAP_OUT_DIR:-.softhouse/capture/out}/capture-prod3g-raw.txt	' > "$RAW" 2> "$ERR"
TRACKED-DIR	.softhouse/capture/src/run-pass3g.sh	179	redirect	$	head -n $((START - 1)) "$RAW" > "$LOG"
TRACKED-DIR	.softhouse/capture/src/run-pass3g.sh	181	truncate	${CAP_OUT_DIR:-.softhouse/capture/out}/capture-prod3g-log.txt	: > "$LOG"
TRACKED-DIR	.softhouse/capture/src/run-pass3g.sh	183	redirect	$(grep -n '^{' "${CAP_OUT_DIR:-.softhouse/capture/out}/capture-prod3g-raw.txt" | head -1 | cut -d: -f1)	tail -n +"$START" "$RAW" > "$JSON"
TRACKED-DIR	.softhouse/capture/src/run-pass3g.sh	384	truncate	${CAP_OUT_DIR:-.softhouse/capture/out}/capture-prod3g-sha256.txt	: > "$SUMS"
TRACKED-DIR	.softhouse/capture/src/run-pass3h.sh	202	redirect	${CAP_OUT_DIR:-.softhouse/capture/out}/capture-prod3h-raw.txt	' > "$RAW" 2> "$ERR"
TRACKED-DIR	.softhouse/capture/src/run-pass3h.sh	212	redirect	$	head -n $((START - 1)) "$RAW" > "$LOG"
TRACKED-DIR	.softhouse/capture/src/run-pass3h.sh	214	truncate	${CAP_OUT_DIR:-.softhouse/capture/out}/capture-prod3h-log.txt	: > "$LOG"
TRACKED-DIR	.softhouse/capture/src/run-pass3h.sh	216	redirect	$(grep -n '^{' "${CAP_OUT_DIR:-.softhouse/capture/out}/capture-prod3h-raw.txt" | head -1 | cut -d: -f1)	tail -n +"$START" "$RAW" > "$JSON"
TRACKED-DIR	.softhouse/capture/src/run-pass3h.sh	476	truncate	${CAP_OUT_DIR:-.softhouse/capture/out}/capture-prod3h-sha256.txt	: > "$SUMS"
TRACKED-DIR	.softhouse/capture/src/run-pass3i.sh	240	redirect	${CAP_OUT_DIR:-.softhouse/capture/out}/capture-prod3i-raw.txt	' > "$RAW" 2> "$ERR"
TRACKED-DIR	.softhouse/capture/src/run-pass3i.sh	250	redirect	$	head -n $((START - 1)) "$RAW" > "$LOG"
TRACKED-DIR	.softhouse/capture/src/run-pass3i.sh	252	truncate	${CAP_OUT_DIR:-.softhouse/capture/out}/capture-prod3i-log.txt	: > "$LOG"
TRACKED-DIR	.softhouse/capture/src/run-pass3i.sh	254	redirect	$(grep -n '^{' "${CAP_OUT_DIR:-.softhouse/capture/out}/capture-prod3i-raw.txt" | head -1 | cut -d: -f1)	tail -n +"$START" "$RAW" > "$JSON"
TRACKED-DIR	.softhouse/capture/src/run-pass3i.sh	711	truncate	${CAP_OUT_DIR:-.softhouse/capture/out}/capture-prod3i-sha256.txt	: > "$SUMS"
TRACKED-DIR	.softhouse/capture/src/run-rc6-rounddown-attestation.sh	50	redirect	${CAP_OUT_DIR:-.softhouse/capture/out}/t35-rc6-server-moneyhelper-log.txt	docker logs fineract-fineract-1 2>&1 | grep 'MoneyHelper' > "$LOGL" || true
TRACKED-DIR	.softhouse/capture/src/run-rc6-rounddown-attestation.sh	185	truncate	${CAP_OUT_DIR:-.softhouse/capture/out}/t35-rc6-sha256.txt	: > "$SUMS"
TRACKED-DIR	.softhouse/capture/src/t169-red/red-drive-stderr-refusal.sh	21	redirect	.softhouse/capture/src/t169-red	printf 'java.lang.ArithmeticException: / by zero\n\tat org.apache.fineract...\n' > "$ERR"
TRACKED-DIR	.softhouse/capture/src/t169-red/run-one-variant.sh	4	redirect	$1"; VARIANT="$2/.softhouse/capture/src/t169-red/run-t169.sh	bash "$REPO/.softhouse/capture/src/t169-red/run-t169.sh" "$REPO" "$VARIANT" > "/tmp/t169probe/console-$VARIANT.txt" 2>&1
TRACKED-DIR	.softhouse/capture/src/t169-red/run-t169.sh	83	redirect	$ERR	' > "$RAW" 2> "$ERR"
TRACKED-DIR	.softhouse/capture/src/t169-red/run-t169.sh	91	truncate	$	if [ "$START" -gt 1 ]; then head -n $((START - 1)) "$RAW" > "$LOG"; else : > "$LOG"; fi
TRACKED-DIR	.softhouse/capture/src/t169-red/run-t169.sh	92	redirect	$JSON	tail -n +"$START" "$RAW" > "$JSON"
TRACKED-DIR	.softhouse/capture/src/t169-red/run-t169.sh	95	truncate	$JSON	: > "$JSON"
TRACKED-DIR	.softhouse/capture/t100-g8-rescope/src/run-t100.sh	57	redirect	$ERR	' > "$RAW" 2> "$ERR"
TRACKED-DIR	.softhouse/capture/t100-g8-rescope/src/run-t100.sh	64	truncate	$	if [ "$START" -gt 1 ]; then head -n $((START - 1)) "$RAW" > "$LOG"; else : > "$LOG"; fi
TRACKED-DIR	.softhouse/capture/t100-g8-rescope/src/run-t100.sh	65	redirect	$JSON	tail -n +"$START" "$RAW" > "$JSON"
TRACKED-FILE	.softhouse/capture/t108-grep/capture-env.sh	86	redirect	.softhouse/capture/t108-grep/out/env.txt	} > "$OUT/env.txt" 2>&1
TRACKED-DIR	.softhouse/capture/t108-grep/capture-env.sh	91	redirect	$HOME/.claude/shell-snapshots/	echo "Source: \$HOME/.claude/shell-snapshots/<session>.sh (regenerated per session)."
TRACKED-FILE	.softhouse/capture/t108-grep/capture-env.sh	109	redirect	.softhouse/capture/t108-grep/out/shell-function.txt	} > "$OUT/shell-function.txt" 2>&1
TRACKED-FILE	.softhouse/capture/t108-grep/capture-env.sh	121	redirect	.softhouse/capture/t108-grep/out/hexdumps.txt	} > "$OUT/hexdumps.txt" 2>&1
TRACKED-DIR	.softhouse/capture/t108-grep/probe-conformance-guards.sh	48	redirect	$f	echo "  perl -0pe 's/\"(\\\\.|[^\"\\\\])*\"//g' \$f | grep -Eq '<float regex>'"
TRACKED-DIR	.softhouse/capture/t108-grep/probe-flags.sh	55	redirect	${cmd%% *}"; fl="${cmd##* }	printf '  %-10s %-4s %-7s -> stdout=[%s] exit=%s\n' "$tool" "$fl" "$loc" "$out" "$st"
TRACKED-DIR	.softhouse/capture/t108-grep/probe-flags.sh	76	redirect	${cmd%% *}"; fl="${cmd##* }	printf '  %-6s %-5s %-7s -> exit=%s %-14s stdout=[%s]\n' "$tool" "$fl" "$loc" "$st" "$w" "$out"
TRACKED-DIR	.softhouse/capture/t108-grep/probe-flags.sh	89	redirect	$	echo "  inside script: grep --version -> $(grep --version 2>&1 | head -1)"
TRACKED-FILE	.softhouse/capture/t108-grep/run-matrix.sh	83	redirect	.softhouse/capture/t108-grep/out/matrix.tsv	printf 'shape\ttool\tlocale\tflags\tpattern\texpected\tgot\texit\tverdict\tstderr\n' > "$TSV"
TRACKED-DIR	.softhouse/capture/t116-familyb-promotion/src/run-t116.sh	65	redirect	$ERR	' > "$RAW" 2> "$ERR"
TRACKED-DIR	.softhouse/capture/t116-familyb-promotion/src/run-t116.sh	72	truncate	$	if [ "$START" -gt 1 ]; then head -n $((START - 1)) "$RAW" > "$LOG"; else : > "$LOG"; fi
TRACKED-DIR	.softhouse/capture/t116-familyb-promotion/src/run-t116.sh	73	redirect	$JSON	tail -n +"$START" "$RAW" > "$JSON"
TRACKED-DIR	.softhouse/capture/t117-familyb/src/run-t117-pass2.sh	58	redirect	$ERR	' > "$RAW" 2> "$ERR"
TRACKED-DIR	.softhouse/capture/t117-familyb/src/run-t117-pass2.sh	65	truncate	$	if [ "$START" -gt 1 ]; then head -n $((START - 1)) "$RAW" > "$LOG"; else : > "$LOG"; fi
TRACKED-DIR	.softhouse/capture/t117-familyb/src/run-t117-pass2.sh	66	redirect	$JSON	tail -n +"$START" "$RAW" > "$JSON"
TRACKED-DIR	.softhouse/capture/t117-familyb/src/run-t117.sh	58	redirect	$ERR	' > "$RAW" 2> "$ERR"
TRACKED-DIR	.softhouse/capture/t117-familyb/src/run-t117.sh	65	truncate	$	if [ "$START" -gt 1 ]; then head -n $((START - 1)) "$RAW" > "$LOG"; else : > "$LOG"; fi
TRACKED-DIR	.softhouse/capture/t117-familyb/src/run-t117.sh	66	redirect	$JSON	tail -n +"$START" "$RAW" > "$JSON"
TRACKED-DIR	.softhouse/capture/t131-grep/probe-ignorefiles.sh	11	rm	.softhouse/capture/t131-grep/ignoretest	rm -rf "$D"; mkdir -p "$D"
TRACKED-FILE	.softhouse/capture/t131-grep/probe-ignorefiles.sh	12	redirect	.softhouse/capture/t131-grep/ignoretest/.gitignore	printf 'ignored.txt\n'            > "$D/.gitignore"
TRACKED-FILE	.softhouse/capture/t131-grep/probe-ignorefiles.sh	14	redirect	.softhouse/capture/t131-grep/ignoretest/visible.txt	printf 'principal: 1250000.75\n'  > "$D/visible.txt"
UNRESOLVED	.softhouse/capture/t131-grep/probe-t80-bash.sh	9	redirect	.softhouse/capture/t131-grep/out"; mkdir -p ".softhouse/capture/t131-grep/out"; mkdir -p ".softhouse/capture/t131-grep/out"; mkdir -p ".softhouse/capture/t131-grep/out"; mkdir -p ".softhouse/capture/t131-grep/out"; mkdir -p ".softhouse/capture/t131-grep/out"; mkdir -p "$D/t80-diag.txt	bash /tmp/t131-unbound.sh > "$D/t80-diag.txt" 2>&1
TRACKED-DIR	.softhouse/capture/t154-nofloat/drive-leg1-e2e.sh	78	redirect	$1/.softhouse/vectors/T154-POISON-store-root.json	plant() { printf '{\n  "case_id": "T154-POISON",\n  \xe2 "rate_pct": 3.6\n}\n' > "$1/.softhouse/vectors/T154-POISON-store-root.json"; }
TRACKED-DIR	.softhouse/capture/t154-nofloat/drive-leg1-e2e.sh	79	rm	$1/.softhouse/vectors/T154-POISON-store-root.json	unplant() { rm -f "$1/.softhouse/vectors/T154-POISON-store-root.json"; }
TRACKED-FILE	.softhouse/capture/t154-nofloat/drive-leg1-e2e.sh	82	redirect	.softhouse/conformance.sh	( cd "$1" && bash .softhouse/conformance.sh ) > "$TMP/$2.txt" 2>&1
TRACKED-FILE	.softhouse/capture/t154-nofloat/drive-leg1.sh	54	redirect	.softhouse/conformance.sh	[ -f "$src" ] || (cd "$REPO_ROOT" && git show "$rev:.softhouse/conformance.sh") > "$src"
TRACKED-DIR	.softhouse/capture/t154-nofloat/drive-leg1.sh	125	redirect	$(runnable ""$1" src" "$which")	eval "$r" >/dev/null 2>&1; rc=$?
TRACKED-DIR	.softhouse/capture/t154-nofloat/drive-leg2.sh	55	redirect	$	inject()   { printf '%s' "$PROBE_SRC" > "$(probe_path "$1")"; }
TRACKED-DIR	.softhouse/capture/t154-nofloat/drive-leg2.sh	56	rm	$	uninject() { rm -f "$(probe_path "$1")"; }
TRACKED-DIR	.softhouse/capture/t154-nofloat/drive-leg2.sh	75	redirect	$@	cd "$tree/nexus" && go "$@" ) > "$TMP/$label.txt" 2>&1
TRACKED-FILE	.softhouse/capture/t154-nofloat/drive-leg2.sh	79	redirect	.softhouse/conformance.sh	( cd "$1" && bash .softhouse/conformance.sh ) > "$TMP/$2.txt" 2>&1
TRACKED-FILE	.softhouse/capture/t154-nofloat/drive-leg3.sh	90	redirect	.softhouse/conformance.sh	( cd "$tree" && bash .softhouse/conformance.sh ) > "$TMP/$label.txt" 2>&1
TRACKED-DIR	.softhouse/capture/t154-nofloat/drive-leg3.sh	142	redirect	$2	'>BASE_CELLS')  if [ "$2" != '-' ] && [ "$2" -gt "$BASE_CELLS" ] 2>/dev/null; then printf '%s' "$2"; else printf 'MORE-THAN-%s' "$BASE_CELLS"; fi ;;
TRACKED-DIR	.softhouse/capture/t154-nofloat/drive-leg3.sh	167	redirect	$1	FLOATY() { printf '%s' "$POISON_BODY" > "$1"; }
TRACKED-DIR	.softhouse/capture/t154-nofloat/drive-leg3.sh	173	redirect	.softhouse/capture/t154-nofloat	LC_ALL=C sed 's/"case_id": "P-00"/"case_id": "'"$3"'"/' "$1/$SRC_REL" > "$1/$2"
TRACKED-DIR	.softhouse/capture/t154-nofloat/drive-leg3.sh	178	mv	$1/loanschedule	m_f1_symlink(){ mv "$1/loanschedule" "$1/loanschedule-real"; ln -s loanschedule-real "$1/loanschedule"; }
TRACKED-DIR	.softhouse/capture/t154-nofloat/drive-leg3.sh	194	redirect	$1/T154-ROOT-CLEAN.json	m_m5_clean()  { printf '{\n  "case_id": "T154-ROOT-CLEAN",\n  "n": 6\n}\n' > "$1/T154-ROOT-CLEAN.json"; }
TRACKED-DIR	.softhouse/capture/t154-nofloat/drive-leg3.sh	197	redirect	$1/T154-ROOT-POISON.json	m_m5_poison() { printf '{\n  "case_id": "T154-ROOT-POISON",\n  \xe2 "rate_pct": 3.6\n}\n' > "$1/T154-ROOT-POISON.json"; }
TRACKED-DIR	.softhouse/capture/t154-nofloat/drive-leg3.sh	252	redirect	$arm	) >/dev/null 2>&1 || { echo "APPARATUS BROKEN: could not build the $arm binary"; exit 2; }
TRACKED-DIR	.softhouse/capture/t154-nofloat/drive-leg3.sh	261	rm	$(cd "$(cd "$(dirname "${BASH_SOURCE[0]}")" && pwd)/../../.." && pwd)/.softhouse/vectors	rm -rf "$TMP/scratch-store"; cp -R "$REPO_ROOT/.softhouse/vectors" "$TMP/scratch-store"
TRACKED-DIR	.softhouse/capture/t154-nofloat/regen-leg1-red.sh	12	rm	$	TMP="$(mktemp -d -t t154-regen)"; trap 'rm -rf "$TMP"' EXIT
TRACKED-FILE	.softhouse/capture/t154-nofloat/regen-leg1-red.sh	13	redirect	.softhouse/conformance.sh	( cd "$REPO_ROOT" && git show "$SHA:.softhouse/conformance.sh" ) > "$TMP/prefix-conformance.sh"
TRACKED-DIR	.softhouse/capture/t154-nofloat/regen-leg1-red.sh	15	redirect	$(cd "$(dirname "${BASH_SOURCE[0]}")" && pwd)/drive-leg1.sh	bash "$SCRIPT_DIR/drive-leg1.sh" > "$SCRIPT_DIR/out/leg1-RED-before-fix.txt" 2>&1
TRACKED-DIR	.softhouse/capture/t154-nofloat/regen-leg2-red.sh	9	redirect	$(cd "$(dirname "${BASH_SOURCE[0]}")" && pwd)/drive-leg2.sh	bash "$SCRIPT_DIR/drive-leg2.sh" > "$SCRIPT_DIR/out/leg2-RED-before-fix.txt" 2>&1
TRACKED-DIR	.softhouse/capture/t154-nofloat/regen-leg3-red.sh	8	redirect	$(cd "$(dirname "${BASH_SOURCE[0]}")" && pwd)/drive-leg3.sh	bash "$SCRIPT_DIR/drive-leg3.sh" > "$SCRIPT_DIR/out/leg3-RED-before-fix.txt" 2>&1
TRACKED-DIR	.softhouse/capture/t159-review-t117/src/run-t159.sh	58	redirect	$ERR	' > "$RAW" 2> "$ERR"
TRACKED-DIR	.softhouse/capture/t159-review-t117/src/run-t159.sh	65	truncate	$	if [ "$START" -gt 1 ]; then head -n $((START - 1)) "$RAW" > "$LOG"; else : > "$LOG"; fi
TRACKED-DIR	.softhouse/capture/t159-review-t117/src/run-t159.sh	66	redirect	$JSON	tail -n +"$START" "$RAW" > "$JSON"
TRACKED-DIR	.softhouse/capture/t177-so-nondeterminism/jvmdefaults-t177.sh	22	redirect	$1	} > "$OUT" 2>&1
TRACKED-DIR	.softhouse/capture/t177-so-nondeterminism/report_t177.sh	9	redirect	$1/.softhouse/capture/t177-so-nondeterminism/calibrate_t177.py	python3 "$RIG/calibrate_t177.py" "$REPO" "$OUT/pilot/raw/calib-0.stdout" > "$OUT/ANALYSIS-calibration.txt" 2>&1
TRACKED-DIR	.softhouse/capture/t177-so-nondeterminism/report_t177.sh	13	redirect	$1/.softhouse/capture/t177-so-nondeterminism/analyze_t177.py	python3 "$RIG/analyze_t177.py" "$REPO" "$OUT/$m" > "$OUT/ANALYSIS-$m.txt" 2>&1
TRACKED-DIR	.softhouse/capture/t177-so-nondeterminism/report_t177.sh	18	redirect	$1/.softhouse/capture/t177-so-nondeterminism/out/ANALYSIS-ALL.txt	> "$OUT/ANALYSIS-ALL.txt" 2>&1
TRACKED-DIR	.softhouse/capture/t177-so-nondeterminism/report_t177.sh	23	redirect	$1/.softhouse/capture/t177-so-nondeterminism/out/ANALYSIS-t159-context.txt	> "$OUT/ANALYSIS-t159-context.txt" 2>&1
TRACKED-DIR	.softhouse/capture/t177-so-nondeterminism/report_t177.sh	26	redirect	$1/.softhouse/capture/lib/check_no_narrow_catch.py	python3 "$REPO/.softhouse/capture/lib/check_no_narrow_catch.py" "$REPO" > "$OUT/ANALYSIS-lint-no-narrow-catch.txt" 2>&1
TRACKED-DIR	.softhouse/capture/t177-so-nondeterminism/report_t177.sh	29	redirect	$1/.softhouse/capture/t177-so-nondeterminism/build_harness_t177b.py	python3 "$RIG/build_harness_t177b.py" "$RIG" > "$OUT/ANALYSIS-harness-pair.txt" 2>&1
TRACKED-DIR	.softhouse/capture/t177-so-nondeterminism/report_t177.sh	32	redirect	$1/.softhouse/capture/t177-so-nondeterminism/check_claims_t177.py	python3 "$RIG/check_claims_t177.py" "$REPO" > "$OUT/ANALYSIS-claim-check.txt" 2>&1
TRACKED-DIR	.softhouse/capture/t177-so-nondeterminism/report_t177.sh	35	redirect	$1/.softhouse/capture/t177-so-nondeterminism/verify_quotes_t177.py	python3 "$RIG/verify_quotes_t177.py" "$REPO" > "$OUT/ANALYSIS-quote-check.txt" 2>&1
UNRESOLVED	.softhouse/capture/t177-so-nondeterminism/run-t177.sh	79	truncate	/cap/out/$3/run-index.txt	: > "$OUT/run-index.txt"
TRACKED-DIR	.softhouse/capture/t177-so-nondeterminism/run-t177.sh	88	redirect	$FLAGS	java $FLAGS -cp "/work/classes:$CP" CaptureT177 "$PLAN" > "$SO" 2> "$SE"
UNRESOLVED	.softhouse/capture/t177-so-nondeterminism/run-t177b.sh	78	truncate	/cap/out/$3/run-index.txt	: > "$OUT/run-index.txt"
TRACKED-DIR	.softhouse/capture/t177-so-nondeterminism/run-t177b.sh	88	redirect	$FLAGS	java $FLAGS -cp "/work/classes:$CP" "$HARNESS" "$PLAN" > "$SO" 2> "$SE"
TRACKED-DIR	.softhouse/capture/t219-g8-residual/src/emi_mechanism_t223.py	48	redirect	.softhouse/capture/t219-g8-residual/src	interest. Exact annuity arithmetic guarantees E_exact = I_1 / (1 - (1+r)^-n) > I_1 strictly, for
TRACKED-DIR	.softhouse/capture/t219-g8-residual/src/run-t219-run2.sh	59	redirect	$ERR	' > "$RAW" 2> "$ERR"
TRACKED-DIR	.softhouse/capture/t219-g8-residual/src/run-t219-run2.sh	66	truncate	$	if [ "$START" -gt 1 ]; then head -n $((START - 1)) "$RAW" > "$LOG"; else : > "$LOG"; fi
TRACKED-DIR	.softhouse/capture/t219-g8-residual/src/run-t219-run2.sh	67	redirect	$JSON	tail -n +"$START" "$RAW" > "$JSON"
TRACKED-DIR	.softhouse/capture/t219-g8-residual/src/run-t219-run3.sh	59	redirect	$ERR	' > "$RAW" 2> "$ERR"
TRACKED-DIR	.softhouse/capture/t219-g8-residual/src/run-t219-run3.sh	66	truncate	$	if [ "$START" -gt 1 ]; then head -n $((START - 1)) "$RAW" > "$LOG"; else : > "$LOG"; fi
TRACKED-DIR	.softhouse/capture/t219-g8-residual/src/run-t219-run3.sh	67	redirect	$JSON	tail -n +"$START" "$RAW" > "$JSON"
TRACKED-DIR	.softhouse/capture/t219-g8-residual/src/run-t219.sh	59	redirect	$ERR	' > "$RAW" 2> "$ERR"
TRACKED-DIR	.softhouse/capture/t219-g8-residual/src/run-t219.sh	66	truncate	$	if [ "$START" -gt 1 ]; then head -n $((START - 1)) "$RAW" > "$LOG"; else : > "$LOG"; fi
TRACKED-DIR	.softhouse/capture/t219-g8-residual/src/run-t219.sh	67	redirect	$JSON	tail -n +"$START" "$RAW" > "$JSON"
TRACKED-DIR	.softhouse/capture/t219-g8-residual/src/site3.py	102	redirect	.softhouse/capture/t219-g8-residual/src	HALF_UP.  So  a_minor = HALF_UP(diff_minor / n) = floor(diff_minor/n + 1/2) for diff > 0.
TRACKED-DIR	.softhouse/capture/t219-g8-residual/src/site3.py	188	redirect	.softhouse/capture/t219-g8-residual/src	guard1 = (n >= 2) and (b_minor != 0) and (b_minor > n // 2)   # S3.6
TRACKED-DIR	.softhouse/capture/t219-g8-residual/src/site3.py	213	redirect	.softhouse/capture/t219-g8-residual/src	"t223Rule_rescues": bool(b_minor > n // 2 and 2 * b_minor >= n),
TRACKED-DIR	.softhouse/capture/t223-g8-region-predicate/src/emi_mechanism.py	48	redirect	.softhouse/capture/t223-g8-region-predicate/src	interest. Exact annuity arithmetic guarantees E_exact = I_1 / (1 - (1+r)^-n) > I_1 strictly, for
TRACKED-DIR	.softhouse/capture/t223-g8-region-predicate/src/predicate.py	74	redirect	.softhouse/capture/t223-g8-region-predicate/src	should = b_minor * 100 > e_q * (n // 2)
TRACKED-DIR	.softhouse/capture/t223-g8-region-predicate/src/run-t223.sh	59	redirect	$ERR	' > "$RAW" 2> "$ERR"
TRACKED-DIR	.softhouse/capture/t223-g8-region-predicate/src/run-t223.sh	66	truncate	$	if [ "$START" -gt 1 ]; then head -n $((START - 1)) "$RAW" > "$LOG"; else : > "$LOG"; fi
TRACKED-DIR	.softhouse/capture/t223-g8-region-predicate/src/run-t223.sh	67	redirect	$JSON	tail -n +"$START" "$RAW" > "$JSON"
TRACKED-DIR	.softhouse/capture/t229-g8-site3/src/emi_mechanism_t223.py	48	redirect	.softhouse/capture/t229-g8-site3/src	interest. Exact annuity arithmetic guarantees E_exact = I_1 / (1 - (1+r)^-n) > I_1 strictly, for
TRACKED-DIR	.softhouse/capture/t229-g8-site3/src/run-t229.sh	59	redirect	$ERR	' > "$RAW" 2> "$ERR"
TRACKED-DIR	.softhouse/capture/t229-g8-site3/src/run-t229.sh	66	truncate	$	if [ "$START" -gt 1 ]; then head -n $((START - 1)) "$RAW" > "$LOG"; else : > "$LOG"; fi
TRACKED-DIR	.softhouse/capture/t229-g8-site3/src/run-t229.sh	67	redirect	$JSON	tail -n +"$START" "$RAW" > "$JSON"
TRACKED-DIR	.softhouse/capture/t229-g8-site3/src/site3.py	172	redirect	.softhouse/capture/t229-g8-site3/src	HALF_UP.  So  a_minor = HALF_UP(diff_minor / n) = floor(diff_minor/n + 1/2) for diff > 0.
TRACKED-DIR	.softhouse/capture/t229-g8-site3/src/site3.py	265	redirect	.softhouse/capture/t229-g8-site3/src	guard1 = (n >= 2) and (b_minor != 0) and (b_minor > n // 2)   # S3.6
TRACKED-DIR	.softhouse/capture/t229-g8-site3/src/site3.py	297	redirect	.softhouse/capture/t229-g8-site3/src	"t223Rule_rescues": bool(b_minor > n // 2 and 2 * b_minor >= n),
TRACKED-DIR	.softhouse/capture/t234-sweep-instrument-audit/instruments/00-engine-baseline.sh	47	redirect	$?	/usr/bin/grep -P 'x' /dev/null; echo "  exit=$? (2 => -P unsupported by BSD grep)"
TRACKED-DIR	.softhouse/capture/t234-sweep-instrument-audit/instruments/01-escape-matrix.sh	48	redirect	$?	/usr/bin/grep -P 'balance' "$C" >/dev/null 2>&1; echo "  exit=$?  (2 = option rejected; NO OUTPUT, looks identical to 'no matches' to a careless caller)"
TRACKED-DIR	.softhouse/capture/t234-sweep-instrument-audit/instruments/02-escape-matrix-fix.sh	38	redirect	$p	echo "  pattern $p ->"; /usr/bin/grep -E -n "$p" "$C" | sed 's/^/      /' || echo "      (no match)"
TRACKED-DIR	.softhouse/capture/t234-sweep-instrument-audit/instruments/02-escape-matrix-fix.sh	61	redirect	$rev	if git rev-parse --verify -q "$rev^{commit}" >/dev/null; then
TRACKED-DIR	.softhouse/capture/t234-sweep-instrument-audit/instruments/30-sound-sweep.py	139	redirect	.softhouse/capture/t234-sweep-instrument-audit/instruments	print("  full hit list -> evidence/sound-sweep-%s.json" % REV.replace('/','_'))
TRACKED-DIR	.softhouse/capture/t238-failopen/instruments/00-engines.sh	39	redirect	$?	bash -c 'rg --version >/dev/null 2>&1; echo "  plain bash -c : rg --version exit=$?"'
TRACKED-DIR	.softhouse/capture/t238-failopen/instruments/20-run-the-class.sh	41	redirect	$interp	( "$interp" "$path" "$@" ) >"$log" 2>&1
TRACKED-FILE	.softhouse/capture/t238-failopen/instruments/30-pr4-nondead-mechanisms.sh	24	redirect	.softhouse/conformance.sh	printf 'line\n%.0s' $(seq 1 700) > .softhouse/conformance.sh
TRACKED-FILE	.softhouse/capture/t238-failopen/instruments/30-pr4-nondead-mechanisms.sh	30	rm	.softhouse/conformance.sh	rm -f .softhouse/conformance.sh
TRACKED-FILE	.softhouse/capture/t238-failopen/instruments/40-red-drive.sh	35	redirect	.softhouse/reviews/a2-33-dec2-rev5/sweep.sh	git -C "$ROOT" show "$BASE:.softhouse/reviews/a2-33-dec2-rev5/sweep.sh" > "$OUT/sweep-ORIGINAL.sh" || exit 91
TRACKED-DIR	.softhouse/capture/t238-failopen/instruments/40-red-drive.sh	38	redirect	$(git rev-parse --show-toplevel) || exit 90	( cd "$ROOT" && bash "$OUT/sweep-ORIGINAL.sh" REPO ) > "$OUT/00-baseline-original.txt" 2>&1
TRACKED-DIR	.softhouse/capture/t238-failopen/instruments/40-red-drive.sh	51	redirect	$	bash -c "$(cat)" > "$log" 2>&1
TRACKED-DIR	.softhouse/capture/t238-failopen/instruments/40-red-drive.sh	111	redirect	$(git rev-parse --show-toplevel) || exit 90	( cd "$ROOT" && bash "$SWEEP" REPO ) > "$OUT/90-green-live.txt" 2>&1
TRACKED-DIR	.softhouse/capture/t238-failopen/instruments/40-red-drive.sh	130	redirect	.softhouse/capture/t238-failopen/instruments	echo "  REPAIRED  : 90 / 91 / 92 / 90 on the four unreachable-corpus paths   -> FAIL-CLOSED"
TRACKED-DIR	.softhouse/capture/t238-failopen/instruments/40-red-drive.sh	131	redirect	$(LC_ALL=C /usr/bin/grep -c '^########## PATTERN' "$(git rev-parse --show-toplevel) || exit 90/.softhouse/capture/t238-failopen/evidence/red-drive/90-green-live.txt" || true)	echo "  REPAIRED  : exit 0 with $pat patterns and $hits hit lines on the live corpus -> IT WORKS"
TRACKED-DIR	.softhouse/capture/t238-failopen/instruments/50-failopen-lint.py	396	redirect	$R	"""`/lit`, `"$R"`, `$R`, `"${R}"`, `"$R/sub"` -> an absolute literal, or None."""
TRACKED-FILE	.softhouse/capture/t238-failopen/instruments/70-l1b-81-vs-86.sh	28	redirect	docs/adr/DEC-2-gl-accounting-adapter.md	git show "$REV4_COMMIT:$ADR" > "$T/rev4.md"
TRACKED-FILE	.softhouse/capture/t238-failopen/instruments/70-l1b-81-vs-86.sh	29	redirect	docs/adr/DEC-2-gl-accounting-adapter.md	echo "  YES. $REV4_COMMIT:$ADR -> $(wc -l < "$T/rev4.md" | tr -d ' ') lines, sha256:"
TRACKED-FILE	.softhouse/capture/t238-failopen/instruments/70-l1b-81-vs-86.sh	52	redirect	.softhouse/reviews/a2-33-dec2-rev5/sweep.sh	grep '^run ' "$SWEEP" | sed -E "s/^run +[A-Z0-9-]+ +'(.*)'$/\1/" > "$T/patterns.txt"
TRACKED-FILE	.softhouse/capture/t238-failopen/instruments/71-l1b-gitgrep-leg.sh	24	redirect	docs/adr/DEC-2-gl-accounting-adapter.md	git -C "$ROOT" show 1b6b3cf:docs/adr/DEC-2-gl-accounting-adapter.md > "$T/rev4.md" || exit 91
TRACKED-DIR	.softhouse/capture/t238-failopen/instruments/71-l1b-gitgrep-leg.sh	25	redirect	$(git rev-parse --show-toplevel) || exit 90/.softhouse/reviews/a2-33-dec2-rev5/sweep.sh	grep '^run ' "$SWEEP" | sed -E "s/^run +[A-Z0-9-]+ +'(.*)'$/\1/" > "$T/patterns.txt"
TRACKED-FILE	.softhouse/capture/t239-r11-rerun/instruments/00-engines.sh	36	redirect	.softhouse/capture/t239-r11-rerun/evidence/calibration-fixture.txt	printf 'alpha main omega\nalpha bmainb omega\nalpha domain omega\nalpha maintain omega\n' > "$CAL"
TRACKED-FILE	.softhouse/capture/t239-r11-rerun/instruments/00-engines.sh	38	redirect	.softhouse/capture/t239-r11-rerun/evidence/calibration-fixture.txt	echo "=== CALIBRATION FIXTURE (tracked in the index: $(git ls-files --error-unmatch -- "$CAL" >/dev/null 2>&1 && echo YES || echo NO)) ==="
TRACKED-FILE	.softhouse/capture/t239-r11-rerun/instruments/00-engines.sh	60	redirect	.softhouse/capture/t239-r11-rerun/evidence/calibration-fixture.txt	if command -v ugrep >/dev/null 2>&1; then probe "ugrep -E" ugrep -n -E -- '\bmain\b' "$CAL"; else echo "  ugrep -E                       ABSENT — cannot be used, cannot be cited"; 
TRACKED-FILE	.softhouse/capture/t239-r11-rerun/instruments/00-engines.sh	61	redirect	.softhouse/capture/t239-r11-rerun/evidence/calibration-fixture.txt	if command -v rg    >/dev/null 2>&1; then probe "rg" rg -n -- '\bmain\b' "$CAL"; else echo "  rg                             ABSENT — cannot be used, cannot be cited"; fi
TRACKED-DIR	.softhouse/capture/t239-r11-rerun/instruments/10-population.sh	24	redirect	$	echo "T115 is an ancestor of HEAD? -> $(git merge-base --is-ancestor $T115 HEAD && echo YES || echo NO)"
TRACKED-FILE	.softhouse/capture/t239-r11-rerun/instruments/10-population.sh	32	redirect	.softhouse/capture/charges/bin/preconditions.sh	git ls-tree -r --name-only "$T115" -- "$P1" "$P2" "$P3" > /tmp/t239-pop-T115.txt 2>/dev/null
TRACKED-FILE	.softhouse/capture/t239-r11-rerun/instruments/10-population.sh	51	redirect	.softhouse/capture/charges/bin/preconditions.sh	git ls-files -- "$P1" "$P2" "$P3" > /tmp/t239-pop-HEAD.txt 2>/dev/null
TRACKED-FILE	.softhouse/capture/t239-r11-rerun/instruments/20-rerun.sh	30	redirect	.softhouse/capture/charges/bin/preconditions.sh	git grep -n -a -E "$FIVE" "$T115" -- "$P1" "$P2" "$P3" > "$OUT/hits-original-E-five.txt" 2>&1 || true
TRACKED-FILE	.softhouse/capture/t239-r11-rerun/instruments/20-rerun.sh	39	redirect	.softhouse/capture/charges/bin/preconditions.sh	git grep -n -a -E "$FOUR" "$T115" -- "$P1" "$P2" "$P3" > "$OUT/hits-original-E-four.txt" 2>&1 || true
TRACKED-DIR	.softhouse/capture/t239-r11-rerun/instruments/20-rerun.sh	42	redirect	$	echo "  => under git grep -E the 5th term contributes $((a-b)) lines"
TRACKED-FILE	.softhouse/capture/t239-r11-rerun/instruments/20-rerun.sh	48	redirect	.softhouse/capture/charges/bin/preconditions.sh	git grep -n -a -P "$FIVE" "$T115" -- "$P1" "$P2" "$P3" > "$OUT/hits-sound-P-five.txt" 2>&1 || true
TRACKED-FILE	.softhouse/capture/t239-r11-rerun/instruments/20-rerun.sh	51	redirect	.softhouse/capture/charges/bin/preconditions.sh	git grep -n -a -P "$FOUR" "$T115" -- "$P1" "$P2" "$P3" > "$OUT/hits-sound-P-four.txt" 2>&1 || true
TRACKED-DIR	.softhouse/capture/t239-r11-rerun/instruments/20-rerun.sh	54	redirect	$	echo "  => under git grep -P the 5th term contributes $((c-d)) lines"
TRACKED-FILE	.softhouse/capture/t239-r11-rerun/instruments/20-rerun.sh	72	redirect	.softhouse/capture/t239-r11-rerun/evidence/hits-original-E-five.txt	sort "$OUT/hits-original-E-five.txt" > /tmp/t239-a.txt
TRACKED-FILE	.softhouse/capture/t239-r11-rerun/instruments/20-rerun.sh	73	redirect	.softhouse/capture/t239-r11-rerun/evidence/hits-sound-P-five.txt	sort "$OUT/hits-sound-P-five.txt"    > /tmp/t239-c.txt
TRACKED-FILE	.softhouse/capture/t239-r11-rerun/instruments/20-rerun.sh	74	redirect	.softhouse/capture/t239-r11-rerun/evidence/delta-unseen.txt	comm -13 /tmp/t239-a.txt /tmp/t239-c.txt > "$OUT/delta-unseen.txt"
TRACKED-FILE	.softhouse/capture/t239-r11-rerun/instruments/20-rerun.sh	75	redirect	.softhouse/capture/t239-r11-rerun/evidence/delta-original-only.txt	comm -23 /tmp/t239-a.txt /tmp/t239-c.txt > "$OUT/delta-original-only.txt"
TRACKED-FILE	.softhouse/capture/t239-r11-rerun/instruments/21-crosscheck.sh	53	redirect	.softhouse/capture/charges/bin/preconditions.sh	git ls-tree -r --name-only "$T115" -- "$P1" "$P2" "$P3" > /tmp/t239-pop.txt
TRACKED-FILE	.softhouse/capture/t239-r11-rerun/instruments/31-coverage.sh	33	redirect	.softhouse/capture/charges/bin/preconditions.sh	git ls-tree -r --name-only "$T115" -- "$P1" "$P2" "$P3" | /usr/bin/grep -E '\.sh$' > /tmp/t239-sh.txt
TRACKED-DIR	.softhouse/capture/t239-r11-rerun/instruments/50-red-drive.sh	27	redirect	$(git rev-list -1 main)	git archive "$BASE" > /tmp/x.tar
TRACKED-FILE	.softhouse/capture/t239-r11-rerun/instruments/50-red-drive.sh	52	redirect	.softhouse/capture/charges/bin/preconditions.sh	git grep -n -a -E "$FIVE" "$SCRATCH" -- "$P1" "$P2" "$P3" > /tmp/t239-red-E.txt 2>&1; rc=$?
TRACKED-FILE	.softhouse/capture/t239-r11-rerun/instruments/50-red-drive.sh	63	redirect	.softhouse/capture/charges/bin/preconditions.sh	git grep -n -a -P "$FIVE" "$SCRATCH" -- "$P1" "$P2" "$P3" > /tmp/t239-red-P.txt 2>&1; rc=$?
TRACKED-DIR	.softhouse/capture/t239-r11-rerun/instruments/51-run-r11-verbatim.sh	15	redirect	$	echo "does /tmp/T138-merge exist? -> $([ -d /tmp/T138-merge ] && echo YES || echo 'NO - section 4 will cd-fail')"
TRACKED-FILE	.softhouse/capture/t239-r11-rerun/instruments/90-bar.sh	31	redirect	.softhouse/conformance.sh	bash .softhouse/conformance.sh > /tmp/t239-conf.txt 2>&1
TRACKED-DIR	.softhouse/capture/t243-wiring/instruments/10-wrongimpl-red-drive.sh	47	redirect	$(git rev-parse --show-toplevel)/.softhouse/capture/t243-wiring/evidence/	run() { # run <tag>   -> exit code in $RC, output in $LOG/<tag>.txt
TRACKED-FILE	.softhouse/capture/t243-wiring/instruments/10-wrongimpl-red-drive.sh	50	redirect	.softhouse/conformance.sh	bash .softhouse/conformance.sh > "$LOG/$tag.txt" 2>&1
TRACKED-FILE	.softhouse/capture/t243-wiring/instruments/10-wrongimpl-red-drive.sh	86	redirect	.softhouse/conformance.sh	bash .softhouse/conformance.sh --ledger-impl ledger-wrong-truncating > "$LOG/00-baseline.txt" 2>&1
TRACKED-DIR	.softhouse/capture/t243-wiring/instruments/20-failopen-red-drive.sh	40	rm	$(git rev-parse --show-toplevel)/.softhouse/capture/t243-wiring/evidence/planted-failopen-sweep.sh	git rm -q --cached --ignore-unmatch -- "$PLANT" >/dev/null 2>&1 || true
TRACKED-DIR	.softhouse/capture/t243-wiring/instruments/20-failopen-red-drive.sh	41	rm	$(git rev-parse --show-toplevel)/.softhouse/capture/t243-wiring/evidence/planted-failopen-sweep.sh	rm -f "$PLANT"
TRACKED-FILE	.softhouse/capture/t243-wiring/instruments/20-failopen-red-drive.sh	51	redirect	.softhouse/conformance.sh	bash .softhouse/conformance.sh > "$LOG/$tag.txt" 2>&1
TRACKED-DIR	.softhouse/capture/t243-wiring/instruments/20-failopen-red-drive.sh	104	redirect	$(git rev-parse --show-toplevel)/.softhouse/capture/t243-wiring/evidence/planted-failopen-sweep.sh	} > "$PLANT"
TRACKED-DIR	.softhouse/capture/t243-wiring/instruments/20-failopen-red-drive.sh	110	redirect	$(git rev-parse --show-toplevel)/.softhouse/capture/t243-wiring/evidence/planted-failopen-sweep.sh	sh "$PLANT" > "$LOG/plant-behaviour.txt" 2>&1
TRACKED-DIR	.softhouse/capture/t243-wiring/instruments/20-failopen-red-drive.sh	114	redirect	$(git rev-parse --show-toplevel)/.softhouse/capture/t243-wiring/evidence/plant-behaviour.txt	LC_ALL=C /usr/bin/grep -c -aF '(no hits)' "$LOG/plant-behaviour.txt" > "$LOG/plant-nohits.txt" || true
TRACKED-DIR	.softhouse/capture/t243-wiring/instruments/30-citation-red-drive.sh	56	rm	.softhouse/vectors/ledger	rm -rf "$V"
TRACKED-FILE	.softhouse/capture/t243-wiring/instruments/30-citation-red-drive.sh	68	redirect	.softhouse/conformance.sh	bash .softhouse/conformance.sh > "$LOG/$tag.txt" 2>&1
TRACKED-FILE	.softhouse/capture/t243-wiring/instruments/30-citation-red-drive.sh	226	redirect	nexus/internal/apps/ledger/conformance/admit.go	if diff -r -q "$BACKUP/ledger" "$V" >/dev/null 2>&1 && cmp -s "$BACKUP/admit.go" "$ADMIT"; then
TRACKED-FILE	.softhouse/capture/t243-wiring/instruments/90-bar.sh	22	redirect	.softhouse/conformance.sh	bash .softhouse/conformance.sh > "$L/graded.txt" 2>&1
TRACKED-FILE	.softhouse/capture/t243-wiring/instruments/90-bar.sh	27	redirect	.softhouse/conformance.sh	bash .softhouse/conformance.sh --prove > "$L/prove.txt" 2>&1
TRACKED-DIR	.softhouse/capture/t243-wiring/instruments/90-bar.sh	33	redirect	$?	go build ./... > "$L/build.txt" 2>&1;        echo "go build exit        : $?"
TRACKED-DIR	.softhouse/capture/t243-wiring/instruments/90-bar.sh	34	redirect	$?	go vet   ./... > "$L/vet.txt" 2>&1;          echo "go vet exit          : $?"
TRACKED-DIR	.softhouse/capture/t243-wiring/instruments/90-bar.sh	35	redirect	$?	go test -count=1 ./... > "$L/test.txt" 2>&1; echo "go test exit         : $?"
TRACKED-DIR	.softhouse/capture/t244-dec2-rev6/sweep-stale-reversal-reason.sh	53	redirect	$	echo "rg             : $(command -v rg >/dev/null 2>&1 && echo 'resolves (SHELL FUNCTION ONLY — unusable here)' || echo 'command not found inside script — CONFIRMED')"
TRACKED-FILE	.softhouse/capture/t248-failopen-widen/instruments/30-additivity.sh	41	redirect	.softhouse/capture/t238-failopen/instruments/50-failopen-lint.py	git show "$BASE:$LINT" > "$OLD"
TRACKED-DIR	.softhouse/capture/t248-failopen-widen/instruments/30-additivity.sh	44	redirect	$?	FAILOPEN_LINT_JSON="$J" python3 "$OLD"  > "$OUT_OLD" 2>&1 ; rc_old=$?
TRACKED-FILE	.softhouse/capture/t248-failopen-widen/instruments/30-additivity.sh	45	redirect	.softhouse/capture/t238-failopen/instruments/50-failopen-lint.py	FAILOPEN_LINT_JSON="$J" python3 "$LINT" > "$OUT_NEW" 2>&1 ; rc_new=$?
TRACKED-DIR	.softhouse/capture/t250-tenant-attestation/instruments/20-redA-sidecar-tracks-the-send.sh	27	rm	.softhouse/capture/t250-tenant-attestation/evidence/redA	rm -rf "$EV"
TRACKED-DIR	.softhouse/capture/t250-tenant-attestation/instruments/20-redA-sidecar-tracks-the-send.sh	49	redirect	$outdir/$1 tenant=$2 outdir=$3.http	} > "$outdir/$name.http"
TRACKED-DIR	.softhouse/capture/t250-tenant-attestation/instruments/20-redA-sidecar-tracks-the-send.sh	50	redirect	$(curl -sk -X GET "https://localhost:8443/fineract-provider/api/v1/offices" -H "Authorization: Basic bWlmb3M6cGFzc3dvcmQ=" -H "Fineract-Platform-TenantId: $tenant" \	echo "$code" > "$outdir/$name.status"
TRACKED-DIR	.softhouse/capture/t250-tenant-attestation/instruments/30-redB-mismatch-detected.sh	38	rm	.softhouse/capture/t250-tenant-attestation/evidence/redB	rm -rf "$EV"
TRACKED-FILE	.softhouse/capture/t250-tenant-attestation/instruments/30-redB-mismatch-detected.sh	50	redirect	.softhouse/capture/t250-tenant-attestation/evidence/redB/req/bad-office.json	printf '{"invalid":"deliberately-not-a-valid-office"}\n' > "$EV/req/bad-office.json"
TRACKED-DIR	.softhouse/capture/t250-tenant-attestation/instruments/30-redB-mismatch-detected.sh	75	redirect	$dir/probe.req	--req "$dir/probe.req" > "$dir/verify.out" 2> "$dir/verify.err"
UNRESOLVED	.softhouse/capture/t250-tenant-attestation/instruments/30-redB-mismatch-detected.sh	87	rm	.softhouse/capture/t250-tenant-attestation/instruments/../evidence/redB/arm-$1	rm -rf "$d"; mkdir -p "$d"
UNRESOLVED	.softhouse/capture/t250-tenant-attestation/instruments/30-redB-mismatch-detected.sh	130	rm	.softhouse/capture/t250-tenant-attestation/instruments/../evidence/redB/arm-$1/probe.reqhdr	rm -f "$d/probe.reqhdr"
UNRESOLVED	.softhouse/capture/t250-tenant-attestation/instruments/30-redB-mismatch-detected.sh	136	redirect	.softhouse/capture/t250-tenant-attestation/instruments/../evidence/redB/arm-$1/probe.http	cat > "$d/probe.http" <<'EOF'
UNRESOLVED	.softhouse/capture/t250-tenant-attestation/instruments/30-redB-mismatch-detected.sh	148	redirect	.softhouse/capture/t250-tenant-attestation/instruments/../evidence/redB/arm-$1/probe.req	printf '{"invalid":"a-DIFFERENT-body-substituted-later"}\n' > "$d/probe.req"
TRACKED-DIR	.softhouse/capture/t250-tenant-attestation/instruments/40-redC-shapes-not-designed-around.sh	42	rm	.softhouse/capture/t250-tenant-attestation/evidence/redC	rm -rf "$EV"
TRACKED-FILE	.softhouse/capture/t250-tenant-attestation/instruments/40-redC-shapes-not-designed-around.sh	167	redirect	.softhouse/capture/t250-tenant-attestation/evidence/redC/req/injection.txt	> "$EV/req/injection.txt"
TRACKED-FILE	.softhouse/capture/t250-tenant-attestation/instruments/40-redC-shapes-not-designed-around.sh	210	mv	.softhouse/capture/t250-tenant-attestation/evidence/redC/out/inject.req.NOT-JSON-BY-DESIGN.txt	mv "$EV/out/inject.req" "$EV/out/inject.req.NOT-JSON-BY-DESIGN.txt"
TRACKED-FILE	.softhouse/capture/t250-tenant-attestation/instruments/40-redC-shapes-not-designed-around.sh	216	mv	.softhouse/capture/t250-tenant-attestation/evidence/redC/out/inject.req.sha256.txt	mv "$EV/out/inject.req.sha256" "$EV/out/inject.req.sha256.txt"
TRACKED-FILE	.softhouse/capture/t252-tier3/instruments/10-verify-third-site.sh	97	redirect	.softhouse/reviews/a2-34-review-a2-15/rederive-provenance.sh	bash "$SUBJECT" >"$OUT" 2>"$ERR"
TRACKED-DIR	.softhouse/capture/t252-tier3/instruments/10-verify-third-site.sh	109	redirect	$	echo "  CAL+  'PROMOTED CELLS SWEPT'          (must be >0) : $(count -F 'PROMOTED CELLS SWEPT' "$OUT")"
TRACKED-DIR	.softhouse/capture/t253-portability/instruments/10-mktemp-matrix.sh	68	rm	$BSD_OUT	if [ "$BSD_RC" -eq 0 ]; then rm -f "$BSD_OUT"; fi
TRACKED-DIR	.softhouse/capture/t253-portability/instruments/10-mktemp-matrix.sh	89	rm	$BSD_OUT	rm -f "$BSD_OUT"
TRACKED-DIR	.softhouse/capture/t253-portability/instruments/30-d2-red-drive.sh	61	redirect	$1" mode="$2/.softhouse/bin/go-env.sh	{ printf '#!/bin/sh\n'; printf '%s\n' "$OLD_ENV_BODY"; } > "$dir/.softhouse/bin/go-env.sh"
TRACKED-DIR	.softhouse/capture/t253-portability/instruments/30-d2-red-drive.sh	75	redirect	$	printf "which_go=[%s]\n" "$(command -v go || printf "<none>")"
TRACKED-DIR	.softhouse/capture/t253-portability/instruments/30-d2-red-drive.sh	76	redirect	$1" mode="$2	' _ "$dir" >"$so" 2>"$se"
TRACKED-DIR	.softhouse/capture/t253-portability/instruments/50-t234-residue-probe.sh	29	mv	.softhouse/capture/t253-portability/instruments	mv -f "$STASH" "$RESIDUE"
TRACKED-DIR	.softhouse/capture/t253-portability/instruments/50-t234-residue-probe.sh	51	redirect	$(cd "$(dirname "${BASH_SOURCE[0]}")/../../../.." && pwd)/.softhouse/capture/t238-failopen/instruments/50-failopen-lint.py	python3 "$LINT" ) >"$1" 2>&1 || rc=$?
TRACKED-DIR	.softhouse/capture/t253-portability/instruments/50-t234-residue-probe.sh	84	mv	.softhouse/capture/t253-portability/instruments	mv -f "$RESIDUE" "$STASH"
TRACKED-FILE	.softhouse/capture/t253-portability/instruments/70-cross-impl-compare.sh	44	redirect	.softhouse/bin/go-env.sh	git -C "$REPO" show "$THEIR_REF:.softhouse/bin/go-env.sh" > "$SCRATCH/theirs.sh"
TRACKED-DIR	.softhouse/capture/t253-portability/instruments/70-cross-impl-compare.sh	69	redirect	$	if go version >/dev/null 2>&1; then printf "YES — %s\n" "$(go version)"
TRACKED-DIR	.softhouse/capture/t253-portability/instruments/70-cross-impl-compare.sh	71	redirect	$1" label="$2	' _ "$dir" >"$SCRATCH/$label.out" 2>"$SCRATCH/$label.err"
TRACKED-FILE	.softhouse/capture/t255-dec2-rev8/instruments/30-apply-revision-8.py	82	redirect	.softhouse/conformance.sh	> unrelated edit above every citation. `T253` rewrote ten `mktemp -t` sites in `.softhouse/conformance.sh`
TRACKED-DIR	.softhouse/capture/t255-dec2-rev8/instruments/30-apply-revision-8.py	110	redirect	.softhouse/vectors	> 1. **No `ledger` vector exists.** `.softhouse/vectors/` holds `loanschedule/` and `_selftest/` and
TRACKED-DIR	.softhouse/capture/t255-dec2-rev8/instruments/30-apply-revision-8.py	111	redirect	.softhouse/vectors	>    nothing else [VERIFIED by this task: `ls .softhouse/vectors/`].
TRACKED-DIR	.softhouse/capture/t255-dec2-rev8/instruments/30-apply-revision-8.py	129	redirect	.softhouse/vectors	> gave as fact 1 *"**No `ledger` vector exists.** `.softhouse/vectors/` holds `loanschedule/` and
TRACKED-DIR	.softhouse/capture/t255-dec2-rev8/instruments/30-apply-revision-8.py	149	redirect	.softhouse/vectors	> 1. **SIX `ledger` vectors exist, and all six PASS.** `.softhouse/vectors/` holds **three** context
TRACKED-DIR	.softhouse/capture/t255-dec2-rev8/instruments/30-apply-revision-8.py	176	redirect	.softhouse/capture/t255-dec2-rev8/instruments	>    with its own `Request`/`Expect` shapes, its own class set (`parity`, `oracle-refusal`), its own
TRACKED-DIR	.softhouse/capture/t255-dec2-rev8/instruments/30-apply-revision-8.py	247	redirect	.softhouse/capture/t255-dec2-rev8/instruments	>    it under its own heading, *"SECOND SCHEMA, SECOND COMPARATOR, SEPARATE COUNTS"*, as **4 / 2 /
TRACKED-DIR	.softhouse/capture/t255-dec2-rev8/instruments/30-apply-revision-8.py	249	redirect	.softhouse/capture/t255-dec2-rev8/instruments	>    exactly as before; a reader who cites `4 / 2 / 21` as evidence that the ledger is covered is
TRACKED-DIR	.softhouse/capture/t255-dec2-rev8/instruments/30-apply-revision-8.py	273	redirect	nexus/internal/apps/ledger	> advance: `conformance.sh`'s hard guards *do* walk `nexus/internal/apps/ledger/`. They walk it
TRACKED-DIR	.softhouse/capture/t255-dec2-rev8/instruments/30-apply-revision-8.py	278	redirect	nexus/internal/apps/ledger	> advance: `conformance.sh`'s hard guards *do* walk `nexus/internal/apps/ledger/`. They walk it for
TRACKED-DIR	.softhouse/capture/t255-dec2-rev8/instruments/30-apply-revision-8.py	648	redirect	.softhouse/capture/t255-dec2-rev8/instruments	> including the three `A2-224` / `A2-225` / `A2-092` message-for-message gradings, which exist as
TRACKED-DIR	.softhouse/capture/t256-toolchain-population/instruments/30-portability-red-drive.sh	109	redirect	$	out="$(cd "$d" && eval "$ACT" >/dev/null 2>"$SCRATCH/e1" ; printf 'src=%s|go=%s|root=%s' \
TRACKED-DIR	.softhouse/capture/t256-toolchain-population/instruments/30-portability-red-drive.sh	179	redirect	$(cd "$(dirname "${BASH_SOURCE[0]}")/../../../.." && pwd)	( cd "$REPO" && eval "$ACT" >/dev/null 2>&1 ; command -v go ) > "$SCRATCH/realgo" 2>/dev/null
TRACKED-DIR	.softhouse/capture/t256-toolchain-population/instruments/30-portability-red-drive.sh	182	redirect	$@	printf '#!/bin/sh\nexec "%s" "$@"\n' "$REAL_GO" > "$SHIM/go"
UNRESOLVED	.softhouse/capture/t256-toolchain-population/instruments/30-portability-red-drive.sh	195	redirect	"$(awk '	&& eval "$ACT" >"$SCRATCH/out" 2>"$SCRATCH/err"
UNRESOLVED	.softhouse/capture/t256-toolchain-population/instruments/30-portability-red-drive.sh	231	redirect	"$(awk '	&& eval "$ACT" >/dev/null 2>&1 \
TRACKED-DIR	.softhouse/capture/t256-toolchain-population/instruments/30-portability-red-drive.sh	234	redirect	$?	echo "  go build ./... in the scratch nexus -> rc=$brc"
TRACKED-DIR	.softhouse/capture/t256-toolchain-population/instruments/30-portability-red-drive.sh	264	redirect	$?	echo "  check-ledger-invariants.sh -> rc=$grc"
UNRESOLVED	.softhouse/capture/t256-toolchain-population/instruments/30-portability-red-drive.sh	298	redirect	"$(awk '	( cd "$NOGIT" && eval "$ACT" ) >"$SCRATCH/out" 2>"$SCRATCH/err"
TRACKED-DIR	.softhouse/capture/t256-verdict-predicate/red/drive-red.sh	55	redirect	$@	python3 "$@" >"$out" 2>&1 || rc=$?
TRACKED-DIR	.softhouse/capture/t256-verdict-predicate/red/drive-red.sh	89	redirect	.softhouse/capture/t256-verdict-predicate/red	printf '%s' "$probe" >"$TMP/.probe"
TRACKED-FILE	.softhouse/capture/t256-verdict-predicate/red/drive-red.sh	159	redirect	.softhouse/capture/t256-verdict-predicate/check_verdict_predicate_agreement.py	python3 "$CHK" "$REAL" >"$TMP/L2.out"
TRACKED-FILE	.softhouse/capture/t256-verdict-predicate/red/drive-red.sh	204	redirect	.softhouse/capture/t256-verdict-predicate/lint_failopen_t259.py	python3 "$DIR/lint_failopen_t259.py" "$DIR" >"$TMP/lint.out" 2>&1 || SRC=$?
TRACKED-FILE	.softhouse/capture/t256-verdict-predicate/red/drive-red.sh	219	redirect	.softhouse/capture/t256-verdict-predicate/lint_failopen_t259.py	python3 "$DIR/lint_failopen_t259.py" "$TMP/planted" >"$TMP/lint2.out" 2>&1 || SRC2=$?
TRACKED-FILE	.softhouse/capture/t271-b1-t219/probe_tmp_dependency_t271.sh	135	redirect	.softhouse/capture/t238-failopen/instruments/50-failopen-lint.py	FAILOPEN_LINT_JSON="$json" python3 "$LINT" >"$out" 2>&1 || lrc=$?
TRACKED-DIR	.softhouse/capture/t271-b1-t219/prove_comment_only.sh	50	redirect	.softhouse/capture/t271-b1-t219	git -C "$ROOT" cat-file blob "$PRE_BLOB" > "$WORK/classify_pre.py"
TRACKED-FILE	.softhouse/capture/t271-b1-t219/prove_comment_only.sh	59	redirect	.softhouse/capture/t219-g8-residual/out/capture-t219-raw.json.gz	( cd "$T219" && python3 "$WORK/classify_pre.py" "$RAW" prediction.json "$REF3G" ) > "$WORK/out_pre.json"
TRACKED-FILE	.softhouse/capture/t271-b1-t219/prove_comment_only.sh	60	redirect	.softhouse/capture/t219-g8-residual/out/capture-t219-raw.json.gz	( cd "$T219" && python3 src/classify_t219.py    "$RAW" prediction.json "$REF3G" ) > "$WORK/out_post.json"
TRACKED-DIR	.softhouse/capture/t271-b1-t219/red/drive-red-t271.py	68	redirect	$	PROBE_RE = re.compile(r"^T259-VPA: (?P<state>\S+) (?P<rest>.*)$", re.M)
TRACKED-FILE	.softhouse/capture/t271-b1-t219/run.sh	98	redirect	.softhouse/capture/t271-b1-t219/out/census-rerun-at-t271.txt	> "$CENSUS_OUT" 2>&1 || RC=$?
TRACKED-DIR	.softhouse/capture/t273-residue/instruments/10-reproduce-residue-dependence.sh	35	redirect	${2:?usage: 10-reproduce-residue-dependence.sh <label> <residue-path>}	*) echo "T273: <residue-path> must be absolute; got '$RESIDUE'"; exit 2 ;;
UNRESOLVED	.softhouse/capture/t273-residue/instruments/10-reproduce-residue-dependence.sh	65	redirect	"$(git rev-parse --show-toplevel)" || { echo "T273: not in a git work tree"; exit 2; }/.softhouse/capture/t238-failopen/instruments/50-failopen-lint.py	( FAILOPEN_LINT_JSON="$PARK/calib.json" python3 "$LINT" ) >"$calib" 2>&1
TRACKED-DIR	.softhouse/capture/t273-residue/instruments/10-reproduce-residue-dependence.sh	88	redirect	${2:?usage: 10-reproduce-residue-dependence.sh <label> <residue-path>}	echo "  ls $RESIDUE -> $(ls -la "$RESIDUE" 2>&1)"
UNRESOLVED	.softhouse/capture/t273-residue/instruments/10-reproduce-residue-dependence.sh	90	redirect	"$(git rev-parse --show-toplevel)" || { echo "T273: not in a git work tree"; exit 2; }/.softhouse/capture/t238-failopen/instruments/50-failopen-lint.py	( FAILOPEN_LINT_JSON="$PARK/lint-$state.json" python3 "$LINT" ) >"$PARK/lint-$state.txt" 2>&1
TRACKED-DIR	.softhouse/capture/t273-residue/instruments/10-reproduce-residue-dependence.sh	92	redirect	$f	LC_ALL=C sort "$PARK/f.raw" >"$f"
TRACKED-DIR	.softhouse/capture/t273-residue/instruments/10-reproduce-residue-dependence.sh	99	redirect	$b	bash "$R/.softhouse/conformance.sh" >"$b" 2>&1
TRACKED-DIR	.softhouse/capture/t273-residue/instruments/10-reproduce-residue-dependence.sh	123	redirect	${2:?usage: 10-reproduce-residue-dependence.sh <label> <residue-path>}	{ printf 'x1y\nxdy\nx y\nxsy\nx_y\nxwy\n'; } >"$RESIDUE" || exit 2
TRACKED-DIR	.softhouse/capture/t273-residue/instruments/10-reproduce-residue-dependence.sh	129	rm	${2:?usage: 10-reproduce-residue-dependence.sh <label> <residue-path>}	rm -f "$RESIDUE" || exit 2
UNRESOLVED	.softhouse/capture/t273-residue/instruments/50-red-drive.sh	41	git-restore	"$(git rev-parse --show-toplevel)" || { echo "T273: not in a git work tree"; exit 2; }/.softhouse/capture/t234-sweep-instrument-audit/instruments/02-escape-matrix-fix.sh	git checkout -- "$M1" "$M3" 2>/dev/null
TRACKED-DIR	.softhouse/capture/t273-residue/instruments/50-red-drive.sh	70	redirect	$log	bash "$R/.softhouse/conformance.sh" >"$log" 2>&1
UNRESOLVED	.softhouse/capture/t273-residue/instruments/50-red-drive.sh	101	git-restore	"$(git rev-parse --show-toplevel)" || { echo "T273: not in a git work tree"; exit 2; }/.softhouse/capture/t234-sweep-instrument-audit/instruments/02-escape-matrix-fix.sh	git checkout -- "$M1"
TRACKED-DIR	.softhouse/capture/t273-residue/instruments/50-red-drive.sh	102	redirect	$?	[ "$r1" -eq 2 ] && echo "  => R1 CAUGHT (exit 2). The tier detection survived the residue repair." \
TRACKED-DIR	.softhouse/capture/t273-residue/instruments/50-red-drive.sh	103	redirect	$?	|| echo "  => R1 NOT CAUGHT (exit $r1). THE FIX REMOVED THE DETECTION — that is worse than the defect."
UNRESOLVED	.softhouse/capture/t273-residue/instruments/50-red-drive.sh	112	git-restore	"$(git rev-parse --show-toplevel)" || { echo "T273: not in a git work tree"; exit 2; }/.softhouse/capture/t234-sweep-instrument-audit/instruments/02-escape-matrix-fix.sh	git checkout -- "$M1"
TRACKED-DIR	.softhouse/capture/t273-residue/instruments/50-red-drive.sh	113	redirect	$?	[ "$r2" -eq 2 ] && echo "  => R2 CAUGHT (exit 2). A new host-state site cannot enter the lint corpus silently." \
TRACKED-DIR	.softhouse/capture/t273-residue/instruments/50-red-drive.sh	114	redirect	$?	|| echo "  => R2 NOT CAUGHT (exit $r2). The new guard is inert."
TRACKED-DIR	.softhouse/capture/t273-residue/instruments/50-red-drive.sh	119	inplace-edit	$	LC_ALL=C sed -i.t273bak 's%^C=/tmp/t158-clone$%C="$(mktemp -d "${TMPDIR:-/tmp}/t158-clone.XXXXXXXXXX")"%' "$M3"
UNRESOLVED	.softhouse/capture/t273-residue/instruments/50-red-drive.sh	120	rm	"$(git rev-parse --show-toplevel)" || { echo "T273: not in a git work tree"; exit 2; }/.softhouse/reviews/T158-compare-enumerators.sh.t273bak	rm -f "$M3.t273bak"
UNRESOLVED	.softhouse/capture/t273-residue/instruments/50-red-drive.sh	124	git-restore	"$(git rev-parse --show-toplevel)" || { echo "T273: not in a git work tree"; exit 2; }/.softhouse/reviews/T158-compare-enumerators.sh	git checkout -- "$M3"
TRACKED-DIR	.softhouse/capture/t273-residue/instruments/50-red-drive.sh	125	redirect	$?	[ "$r3" -eq 2 ] && echo "  => R3 CAUGHT (exit 2). A '-' row refuses: the pin cannot outlive the weakness." \
TRACKED-DIR	.softhouse/capture/t273-residue/instruments/50-red-drive.sh	126	redirect	$?	|| echo "  => R3 NOT CAUGHT (exit $r3). The pin would quietly excuse a repaired site."
TRACKED-DIR	.softhouse/capture/t273-residue/instruments/70-citation-rot-check.sh	23	redirect	${1:?usage: 70-citation-rot-check.sh <base-rev>}	git rev-parse --verify -q "$BASE^{commit}" >/dev/null || { echo "T273: no such revision: $BASE"; exit 2; }
TRACKED-FILE	.softhouse/capture/t273-residue/instruments/70-citation-rot-check.sh	28	redirect	.softhouse/conformance.sh	git show "$BASE:.softhouse/conformance.sh" >"$W/base.sh" || exit 2
TRACKED-FILE	.softhouse/capture/t273-residue/instruments/70-citation-rot-check.sh	29	redirect	.softhouse/conformance.sh	git show "HEAD:.softhouse/conformance.sh"  >"$W/head.sh" || exit 2
TRACKED-DIR	.softhouse/capture/t273-residue/instruments/70-citation-rot-check.sh	41	redirect	.softhouse/capture/t273-residue/instruments	LC_ALL=C sed -e 's/^conformance\.sh://' -e 's/-/ /' "$W/cites.raw" >"$W/nums.raw"
TRACKED-DIR	.softhouse/capture/t274-attestation-failopen/baseline/oracle_send.sh	107	rm	${4-}	cp "$os_body" "$os_tmpreq" || { rm -rf "$os_tmpd"; trap - EXIT; return 2; }
TRACKED-DIR	.softhouse/capture/t274-attestation-failopen/baseline/oracle_send.sh	153	rm	$	os_sha=$(shasum -a 256 "$os_tmpreq") || { rm -rf "$os_tmpd"; trap - EXIT; return 2; }
TRACKED-DIR	.softhouse/capture/t274-attestation-failopen/baseline/oracle_send.sh	155	rm	$	os_sha=$(sha256sum "$os_tmpreq") || { rm -rf "$os_tmpd"; trap - EXIT; return 2; }
TRACKED-DIR	.softhouse/capture/t274-attestation-failopen/baseline/oracle_send.sh	158	rm	$OS_OUTDIR/${1-}.req	mv "$os_tmpreq" "$os_req" || { rm -rf "$os_tmpd"; trap - EXIT; return 2; }
TRACKED-DIR	.softhouse/capture/t274-attestation-failopen/baseline/oracle_send.sh	159	redirect	${1-}.req	printf '%s  %s\n' "$os_sha" "$os_name.req" > "$os_reqsha"
TRACKED-DIR	.softhouse/capture/t274-attestation-failopen/baseline/oracle_send.sh	178	rm	$OS_OUTDIR/${1-}.http	rm -f "$os_http" "$os_reqhdr" "$os_req" "$os_reqsha"
TRACKED-DIR	.softhouse/capture/t274-attestation-failopen/baseline/oracle_send.sh	184	rm	$OS_OUTDIR/${1-}.json	mv "$os_tmpbody" "$os_out" || { rm -rf "$os_tmpd"; trap - EXIT; return 2; }
TRACKED-DIR	.softhouse/capture/t274-attestation-failopen/baseline/oracle_send.sh	185	redirect	$(curl "$@") || os_rc=$?	echo "$os_code" > "$os_status"
TRACKED-DIR	.softhouse/capture/t274-attestation-failopen/baseline/oracle_send.sh	191	redirect	$OS_OUTDIR/${1-}.http	--sidecar "$os_http" --headers "$os_reqhdr" --req "$os_derive_body" >/dev/null; then
TRACKED-DIR	.softhouse/capture/t274-attestation-failopen/instruments/10-four-routes-red-green.sh	71	rm	.softhouse/capture/t274-attestation-failopen/evidence/red	rm -rf "$EV/red" "$EV/green"
TRACKED-DIR	.softhouse/capture/t274-attestation-failopen/instruments/10-four-routes-red-green.sh	80	redirect	.softhouse/capture/t274-attestation-failopen/evidence/$arm/P0"; capture "$LIB" ".softhouse/capture/t274-attestation-failopen/evidence/$arm/P0"; capture "$LIB" ".softhouse/capture/t274-attestation-failopen/evidence/$arm/P0"; capture "$LIB" "$(cd "$HERE/.." && pwd)/evidence/$arm/P0"; capture "$LIB" "$TASK/evidence/$arm/P0"; capture "$LIB" "$EV/$arm/P0"; capture "$LIB" "$d" probe POST /offices "$BODY" "$HDR_ONE" probe POST /offices "$EV/req/bad-office.json" ""$AUTH" probe POST /offices "$TASK/evidence/req/bad-office.json" ""Authorization: Basic bWlmb3M6cGFzc3dvcmQ=" probe POST /offices "$(cd "$HERE/.." && pwd)/evidence/req/bad-office.json" ""Authorization: Basic bWlmb3M6cGFzc3dvcmQ=" probe POST /offices ".softhouse/capture/t274-attestation-failopen/evidence/req/bad-office.json" ""Authorization: Basic bWlmb3M6cGFzc3dvcmQ=" probe POST /offices ".softhouse/capture/t274-attestation-failopen/evidence/req/bad-office.json" ""Authorization: Basic bWlmb3M6cGFzc3dvcmQ=/ATTEST-TAMPERED-EVIDENCE	printf '%s' "$MARKER_TEXT" > "$d/ATTEST-TAMPERED-EVIDENCE"
TRACKED-DIR	.softhouse/capture/t274-attestation-failopen/instruments/10-four-routes-red-green.sh	100	redirect	$cap_out/capture.log	) > "$cap_out/capture.log" 2>&1
TRACKED-DIR	.softhouse/capture/t274-attestation-failopen/instruments/10-four-routes-red-green.sh	116	redirect	$va_dir/verify.out	> "$va_dir/verify.out" 2> "$va_dir/verify.err" || va_rc=$?
TRACKED-DIR	.softhouse/capture/t274-attestation-failopen/instruments/10-four-routes-red-green.sh	125	redirect	$va_dir/verify.out	> "$va_dir/verify.out" 2> "$va_dir/verify.err" || va_rc=$?
TRACKED-FILE	.softhouse/capture/t274-attestation-failopen/instruments/10-four-routes-red-green.sh	164	redirect	.softhouse/capture/t274-attestation-failopen/evidence/req/bad-office.json	printf '{"invalid":"deliberately-not-a-valid-office"}\n' > "$EV/req/bad-office.json"
TRACKED-DIR	.softhouse/capture/t274-attestation-failopen/instruments/10-four-routes-red-green.sh	232	redirect	.softhouse/capture/t274-attestation-failopen/evidence/$arm/P0"; capture "$LIB" ".softhouse/capture/t274-attestation-failopen/evidence/$arm/P0"; capture "$LIB" ".softhouse/capture/t274-attestation-failopen/evidence/$arm/P0"; capture "$LIB" "$(cd "$HERE/.." && pwd)/evidence/$arm/P0"; capture "$LIB" "$TASK/evidence/$arm/P0"; capture "$LIB" "$EV/$arm/P0"; capture "$LIB" "$d" probe POST /offices "$BODY" "$HDR_ONE" probe POST /offices "$EV/req/bad-office.json" ""$AUTH" probe POST /offices "$TASK/evidence/req/bad-office.json" ""Authorization: Basic bWlmb3M6cGFzc3dvcmQ=" probe POST /offices "$(cd "$HERE/.." && pwd)/evidence/req/bad-office.json" ""Authorization: Basic bWlmb3M6cGFzc3dvcmQ=" probe POST /offices ".softhouse/capture/t274-attestation-failopen/evidence/req/bad-office.json" ""Authorization: Basic bWlmb3M6cGFzc3dvcmQ=" probe POST /offices ".softhouse/capture/t274-attestation-failopen/evidence/req/bad-office.json" ""Authorization: Basic bWlmb3M6cGFzc3dvcmQ=/verify.out	> "$d/verify.out" 2> "$d/verify.err" || rc=$?
TRACKED-DIR	.softhouse/capture/t274-attestation-failopen/instruments/10-four-routes-red-green.sh	243	redirect	.softhouse/capture/t274-attestation-failopen/evidence/$arm/P0"; capture "$LIB" ".softhouse/capture/t274-attestation-failopen/evidence/$arm/P0"; capture "$LIB" ".softhouse/capture/t274-attestation-failopen/evidence/$arm/P0"; capture "$LIB" "$(cd "$HERE/.." && pwd)/evidence/$arm/P0"; capture "$LIB" "$TASK/evidence/$arm/P0"; capture "$LIB" "$EV/$arm/P0"; capture "$LIB" "$d" probe POST /offices "$BODY" "$HDR_ONE" probe POST /offices "$EV/req/bad-office.json" ""$AUTH" probe POST /offices "$TASK/evidence/req/bad-office.json" ""Authorization: Basic bWlmb3M6cGFzc3dvcmQ=" probe POST /offices "$(cd "$HERE/.." && pwd)/evidence/req/bad-office.json" ""Authorization: Basic bWlmb3M6cGFzc3dvcmQ=" probe POST /offices ".softhouse/capture/t274-attestation-failopen/evidence/req/bad-office.json" ""Authorization: Basic bWlmb3M6cGFzc3dvcmQ=" probe POST /offices ".softhouse/capture/t274-attestation-failopen/evidence/req/bad-office.json" ""Authorization: Basic bWlmb3M6cGFzc3dvcmQ=/verify.out	> "$d/verify.out" 2> "$d/verify.err" || rc=$?
TRACKED-DIR	.softhouse/capture/t274-attestation-failopen/instruments/10-four-routes-red-green.sh	251	redirect	.softhouse/capture/t274-attestation-failopen/evidence/$arm/P0"; capture "$LIB" ".softhouse/capture/t274-attestation-failopen/evidence/$arm/P0"; capture "$LIB" ".softhouse/capture/t274-attestation-failopen/evidence/$arm/P0"; capture "$LIB" "$(cd "$HERE/.." && pwd)/evidence/$arm/P0"; capture "$LIB" "$TASK/evidence/$arm/P0"; capture "$LIB" "$EV/$arm/P0"; capture "$LIB" "$d" probe POST /offices "$BODY" "$HDR_ONE" probe POST /offices "$EV/req/bad-office.json" ""$AUTH" probe POST /offices "$TASK/evidence/req/bad-office.json" ""Authorization: Basic bWlmb3M6cGFzc3dvcmQ=" probe POST /offices "$(cd "$HERE/.." && pwd)/evidence/req/bad-office.json" ""Authorization: Basic bWlmb3M6cGFzc3dvcmQ=" probe POST /offices ".softhouse/capture/t274-attestation-failopen/evidence/req/bad-office.json" ""Authorization: Basic bWlmb3M6cGFzc3dvcmQ=" probe POST /offices ".softhouse/capture/t274-attestation-failopen/evidence/req/bad-office.json" ""Authorization: Basic bWlmb3M6cGFzc3dvcmQ=/verify.out	> "$d/verify.out" 2> "$d/verify.err" || rc=$?
TRACKED-DIR	.softhouse/capture/t274-attestation-failopen/instruments/10-four-routes-red-green.sh	260	redirect	.softhouse/capture/t274-attestation-failopen/evidence/$arm/P0"; capture "$LIB" ".softhouse/capture/t274-attestation-failopen/evidence/$arm/P0"; capture "$LIB" ".softhouse/capture/t274-attestation-failopen/evidence/$arm/P0"; capture "$LIB" "$(cd "$HERE/.." && pwd)/evidence/$arm/P0"; capture "$LIB" "$TASK/evidence/$arm/P0"; capture "$LIB" "$EV/$arm/P0"; capture "$LIB" "$d" probe POST /offices "$BODY" "$HDR_ONE" probe POST /offices "$EV/req/bad-office.json" ""$AUTH" probe POST /offices "$TASK/evidence/req/bad-office.json" ""Authorization: Basic bWlmb3M6cGFzc3dvcmQ=" probe POST /offices "$(cd "$HERE/.." && pwd)/evidence/req/bad-office.json" ""Authorization: Basic bWlmb3M6cGFzc3dvcmQ=" probe POST /offices ".softhouse/capture/t274-attestation-failopen/evidence/req/bad-office.json" ""Authorization: Basic bWlmb3M6cGFzc3dvcmQ=" probe POST /offices ".softhouse/capture/t274-attestation-failopen/evidence/req/bad-office.json" ""Authorization: Basic bWlmb3M6cGFzc3dvcmQ=/verify.out	> "$d/verify.out" 2> "$d/verify.err" || rc=$?
TRACKED-DIR	.softhouse/capture/t274-attestation-failopen/instruments/20-wrap-boundary-and-derivation-unchanged.sh	34	rm	.softhouse/capture/t274-attestation-failopen/evidence/wrap	rm -rf "$EV"
TRACKED-DIR	.softhouse/capture/t274-attestation-failopen/instruments/20-wrap-boundary-and-derivation-unchanged.sh	52	redirect	.softhouse/capture/t274-attestation-failopen/evidence/wrap/$1; sf_val=$2/capture.log	) > "$EV/$sf_name/capture.log" 2>&1
TRACKED-DIR	.softhouse/capture/t274-attestation-failopen/instruments/20-wrap-boundary-and-derivation-unchanged.sh	88	redirect	$?	--status "$EV/L$n/L$n.status" > "$EV/L$n/verify.out" 2> "$EV/L$n/verify.err" || vrc=$?
UNRESOLVED	.softhouse/capture/t274-attestation-failopen/instruments/20-wrap-boundary-and-derivation-unchanged.sh	120	redirect	.softhouse/capture/t274-attestation-failopen/evidence/wrap/cmp-$arm/capture.log	) > "$EV/cmp-$arm/capture.log" 2>&1
TRACKED-DIR	.softhouse/capture/t274-attestation-failopen/instruments/30-t250-arms-still-hold.sh	50	rm	.softhouse/capture/t274-attestation-failopen/evidence/t250arms	rm -rf "$EV"
TRACKED-FILE	.softhouse/capture/t274-attestation-failopen/instruments/30-t250-arms-still-hold.sh	62	redirect	.softhouse/capture/t274-attestation-failopen/evidence/t250arms/ATTEST-TAMPERED-EVIDENCE	' > "$EV/ATTEST-TAMPERED-EVIDENCE"
TRACKED-FILE	.softhouse/capture/t274-attestation-failopen/instruments/30-t250-arms-still-hold.sh	63	redirect	.softhouse/capture/t274-attestation-failopen/evidence/t250arms/req/bad-office.json	printf '{"invalid":"deliberately-not-a-valid-office"}\n' > "$EV/req/bad-office.json"
TRACKED-DIR	.softhouse/capture/t274-attestation-failopen/instruments/30-t250-arms-still-hold.sh	81	redirect	$1/capture.log	) > "$1/capture.log" 2>&1
TRACKED-DIR	.softhouse/capture/t274-attestation-failopen/instruments/30-t250-arms-still-hold.sh	90	redirect	$ra_dir/verify.out	> "$ra_dir/verify.out" 2> "$ra_dir/verify.err" || ra_rc=$?
TRACKED-FILE	.softhouse/capture/t274-attestation-failopen/instruments/30-t250-arms-still-hold.sh	135	redirect	.softhouse/capture/t274-attestation-failopen/evidence/t250arms/arm-5/probe.req	> "$EV/arm-5/probe.req"
TRACKED-FILE	.softhouse/capture/t274-attestation-failopen/instruments/30-t250-arms-still-hold.sh	141	redirect	.softhouse/capture/t274-attestation-failopen/evidence/t250arms/arm-6/probe.req	printf '{"x":1}\n' > "$EV/arm-6/probe.req"
TRACKED-FILE	.softhouse/capture/t274-attestation-failopen/instruments/40-population-ratchet-red.sh	52	redirect	.softhouse/capture/lib/attest_population.py	python3 "$GUARD" > "$EV/40-population-real-tree.txt" 2>&1 || rc=$?
TRACKED-DIR	.softhouse/capture/t274-attestation-failopen/instruments/40-population-ratchet-red.sh	81	redirect	$?	> "$SCRATCH/out" 2> "$SCRATCH/err" || r=$?
TRACKED-DIR	.softhouse/capture/t274-attestation-failopen/instruments/40-population-ratchet-red.sh	91	redirect	$	judge R1 1 "$(run)" "a NEW sidecar with no derivation line -> legacy ROSE"
TRACKED-DIR	.softhouse/capture/t274-attestation-failopen/instruments/40-population-ratchet-red.sh	96	redirect	$	judge R2 1 "$(run)" "a legacy sidecar removed without moving the pin -> legacy FELL"
TRACKED-DIR	.softhouse/capture/t274-attestation-failopen/instruments/40-population-ratchet-red.sh	115	redirect	$	judge F1 2 "$(run)" "NO sidecar matches at all -> REFUSE, not 'clean'"
TRACKED-DIR	.softhouse/capture/t274-attestation-failopen/instruments/40-population-ratchet-red.sh	120	redirect	$	judge F2 2 "$(run)" "the pin file is missing -> REFUSE"
TRACKED-DIR	.softhouse/capture/t284-schema2-callsites/instruments/20-site1-schema1-replay.sh	148	redirect	$?	--req "$ra_dir/probe.req" > "$ra_dir/t284.out" 2> "$ra_dir/t284.err" || ra_rc=$?
TRACKED-DIR	.softhouse/capture/t284-schema2-callsites/instruments/20-site1-schema1-replay.sh	183	redirect	$?	scope_gate "$SELF" > "$SELF/gate.out" 2>&1 || self_rc=$?
TRACKED-DIR	.softhouse/capture/t284-schema2-callsites/instruments/30-red-drive.sh	100	redirect	$(git rev-parse --show-toplevel) || fail_hard "not inside a git repository."	( cd "$REAL" && git ls-files -z ) > "$WORK/filelist"
TRACKED-DIR	.softhouse/capture/t284-schema2-callsites/instruments/30-red-drive.sh	122	redirect	$	bash -c "$(cat)" > "$WORK/$a_label.out" 2>&1 || a_rc=$?
TRACKED-DIR	.softhouse/capture/t284-schema2-callsites/successors/t284-redB-attack-v2.sh	171	redirect	$1; v_n=$2; v_rc=0/$v_n.vout	> "$v_d/$v_n.vout" 2> "$v_d/$v_n.verr" || v_rc=$?
TRACKED-DIR	.softhouse/capture/t284-schema2-callsites/successors/t284-redB-attack-v2.sh	176	redirect	$1; v_n=$2; v_rc=0/$v_n.vout	> "$v_d/$v_n.vout" 2> "$v_d/$v_n.verr" || v_rc=$?
TRACKED-DIR	.softhouse/capture/t284-schema2-callsites/successors/t284-redC-residual-v2.sh	148	redirect	$1; v_n=$2; v_rc=0/$v_n.vout	> "$v_d/$v_n.vout" 2> "$v_d/$v_n.verr" || v_rc=$?
TRACKED-DIR	.softhouse/capture/t284-schema2-callsites/successors/t284-redC-residual-v2.sh	153	redirect	$1; v_n=$2; v_rc=0/$v_n.vout	> "$v_d/$v_n.vout" 2> "$v_d/$v_n.verr" || v_rc=$?
TRACKED-DIR	.softhouse/capture/t284-schema2-callsites/successors/t284-redC-residual-v2.sh	203	redirect	$	judge "L1b one of two IDENTICAL copies dropped -> multiplicity" 1 "$(verify_full "$EV/dupid-cut" dupid)" "$EV/dupid-cut" dupid
TRACKED-DIR	.softhouse/capture/t286-t268-retry/run.sh	32	tee	$(cd "$(dirname "${BASH_SOURCE[0]}")" && pwd)/out/census-real-corpus.txt	| tee "$OUT/census-real-corpus.txt" || CENSUS_RC=$?
TRACKED-DIR	.softhouse/capture/t286-t268-retry/run.sh	44	tee	$(cd "$(dirname "${BASH_SOURCE[0]}")" && pwd)/out/adversary-t292.txt	| tee "$OUT/adversary-t292.txt" || ADV_RC=$?
TRACKED-DIR	.softhouse/capture/t286-t268-retry/run.sh	57	tee	$(cd "$(dirname "${BASH_SOURCE[0]}")" && pwd)/out/mutants-t292.txt	| tee "$OUT/mutants-t292.txt" || MUT_RC=$?
TRACKED-DIR	.softhouse/capture/t286-t268-retry/run.sh	73	tee	$(cd "$(dirname "${BASH_SOURCE[0]}")" && pwd)/out/lost-refusal-calibration.txt	| tee "$OUT/lost-refusal-calibration.txt" || CAL_RC=$?
TRACKED-DIR	.softhouse/capture/t286-t268-retry/run.sh	87	tee	$(cd "$(dirname "${BASH_SOURCE[0]}")" && pwd)/out/negative-result-header-affirmations.txt	| tee "$OUT/negative-result-header-affirmations.txt" || NEG_RC=$?
TRACKED-DIR	.softhouse/capture/t286-t268-retry/run.sh	97	tee	$(cd "$(dirname "${BASH_SOURCE[0]}")" && pwd)/out/f-t290-1b-driven.txt	| tee "$OUT/f-t290-1b-driven.txt" || F290_RC=$?
TRACKED-DIR	.softhouse/capture/t286-t268-retry/run.sh	110	tee	$(cd "$(dirname "${BASH_SOURCE[0]}")" && pwd)/out/lint-failopen-t292.txt	| tee "$OUT/lint-failopen-t292.txt" || LINT_RC=$?
TRACKED-DIR	.softhouse/capture/t286-t268-retry/run.sh	132	redirect	$(cd "$(dirname "${BASH_SOURCE[0]}")" && pwd)/out/scope-conformance.txt	> "$OUT/scope-conformance.txt" || GG=$?
TRACKED-DIR	.softhouse/capture/t286-t268-retry/run.sh	140	redirect	$(cd "$(dirname "${BASH_SOURCE[0]}")" && pwd)/out/scope-conformance-main-moved.txt	> "$OUT/scope-conformance-main-moved.txt" || true   # lint-failopen: ok -- CENSUS ONLY, not gating; the gating read is the merge-base diff above, whose status IS classified
TRACKED-DIR	.softhouse/capture/t287-closure-refusals/cap.sh	87	mv	.softhouse/capture/t287-closure-refusals/out/${1-}; METHOD=${2-}; RPATH=${3-}; BODY=${4-}.json	mv "$TMPBODY" "$OUT"
TRACKED-DIR	.softhouse/capture/t287-closure-refusals/cap.sh	96	mv	.softhouse/capture/t287-closure-refusals/out/${1-}; METHOD=${2-}; RPATH=${3-}; BODY=${4-}.req	mv "$TMPREQ" "$REQ"
TRACKED-DIR	.softhouse/capture/t287-closure-refusals/cap.sh	97	redirect	${1-}; METHOD=${2-}; RPATH=${3-}; BODY=${4-}.req	printf '%s  %s\n' "$SHA" "$NAME.req" > "$REQSHA"
TRACKED-DIR	.softhouse/capture/t287-closure-refusals/cap.sh	114	redirect	.softhouse/capture/t287-closure-refusals/out/${1-}; METHOD=${2-}; RPATH=${3-}; BODY=${4-}.http	} > "$HTTP"
TRACKED-DIR	.softhouse/capture/t287-closure-refusals/cap.sh	115	redirect	$(curl -sk -X "$METHOD" "$B$RPATH" -H "$A" -H "$T" -H "$CT" \	echo "$code" > "$STATUS"
TRACKED-DIR	.softhouse/capture/t287-closure-refusals/capsql.sh	47	redirect	$DBC	docker exec -i "$DBC" psql -U "$DBUSER" -d "$DBNAME" -Atc 'SELECT 1' >/dev/null 2>&1 || probe=$?
TRACKED-DIR	.softhouse/capture/t287-closure-refusals/capsql.sh	60	redirect	$DBC	docker exec -i "$DBC" psql -U "$DBUSER" -d "$DBNAME" -f - < "$TMPSQL" > "$TMPOUT" 2>&1 || rc=$?
TRACKED-DIR	.softhouse/capture/t287-closure-refusals/capsql.sh	68	mv	.softhouse/capture/t287-closure-refusals/out/${1-}; SQLFILE=${2-}.txt	mv "$TMPOUT" "$TXT"
TRACKED-DIR	.softhouse/capture/t287-closure-refusals/capsql.sh	69	mv	.softhouse/capture/t287-closure-refusals/out/${1-}; SQLFILE=${2-}.sql	mv "$TMPSQL" "$SQL"
TRACKED-DIR	.softhouse/capture/t287-closure-refusals/capsql.sh	70	redirect	${1-}; SQLFILE=${2-}.sql	printf '%s  %s\n' "$SHA" "$NAME.sql" > "$SQLSHA"
TRACKED-DIR	.softhouse/capture/t287-closure-refusals/capsql.sh	80	redirect	.softhouse/capture/t287-closure-refusals/out/${1-}; SQLFILE=${2-}.psql	} > "$REC"
TRACKED-DIR	.softhouse/capture/t287-closure-refusals/guard-probe-expiry.sh	70	redirect	$DBC	if ! docker exec -i "$DBC" psql -U "$DBUSER" -d "$DBNAME" -Atc 'SELECT 1' >/dev/null 2>&1; then
TRACKED-DIR	.softhouse/capture/t287-closure-refusals/guard-probe-expiry.sh	113	redirect	$(python3 -c 'import json,sys; print(json.load(open(sys.argv[1])).get("transactionDate",""))' "$f")	elif [ "$td" \> "$BD" ]; then
TRACKED-DIR	.softhouse/capture/t287-closure-refusals/guard-probe-expiry.sh	114	redirect	$(basename "$f")	note "ok      $base  FUTURE_DATE probe, transactionDate $td > business date $BD -- still refuses."
TRACKED-DIR	.softhouse/capture/t287-closure-refusals/guard-probe-expiry.sh	134	redirect	$(python3 -c 'import json,sys; print(json.load(open(sys.argv[1])).get("transactionDate",""))' "$f")	elif [ "$td" \> "$LC" ]; then
TRACKED-FILE	.softhouse/capture/t290-review-t271/run.sh	42	redirect	.softhouse/capture/t256-verdict-predicate/check_verdict_predicate_agreement.py	RC=0; python3 "$RULE" "$EVIDENCE" > "$OUT/red-reproduced.txt" 2>&1 || RC=$?
TRACKED-FILE	.softhouse/capture/t290-review-t271/run.sh	44	redirect	.softhouse/capture/t256-verdict-predicate/check_verdict_predicate_agreement.py	RC=0; python3 "$RULE" --acknowledgements "$ACK271" "$EVIDENCE" > "$OUT/green-reproduced.txt" 2>&1 || RC=$?
TRACKED-FILE	.softhouse/capture/t290-review-t271/run.sh	57	redirect	.softhouse/capture/t290-review-t271/rederive_t290.py	RC=0; python3 "$HERE/rederive_t290.py" > "$OUT/rederive-t290.txt" 2>&1 || RC=$?
TRACKED-FILE	.softhouse/capture/t290-review-t271/run.sh	68	redirect	.softhouse/capture/t290-review-t271/verify_t271_claims_t290.py	RC=0; python3 "$HERE/verify_t271_claims_t290.py" > "$OUT/verify-t271-claims.txt" 2>&1 || RC=$?
TRACKED-FILE	.softhouse/capture/t290-review-t271/run.sh	73	redirect	.softhouse/capture/t290-review-t271/attack_acknowledgement_t290.py	RC=0; python3 "$HERE/attack_acknowledgement_t290.py" > "$OUT/attack-acknowledgement.txt" 2>&1 || RC=$?
TRACKED-FILE	.softhouse/capture/t290-review-t271/run.sh	80	redirect	.softhouse/capture/t290-review-t271/break_battery_g1_t290.sh	RC=0; bash "$HERE/break_battery_g1_t290.sh" > "$OUT/battery-g1-broken.txt" 2>&1 || RC=$?
TRACKED-FILE	.softhouse/capture/t290-review-t271/run.sh	86	redirect	.softhouse/capture/t290-review-t271/red/drive-red-t290.py	RC=0; python3 "$HERE/red/drive-red-t290.py" > "$OUT/red-drive-t290.txt" 2>&1 || RC=$?
TRACKED-FILE	.softhouse/capture/t290-review-t271/run.sh	93	redirect	.softhouse/capture/t290-review-t271/probe_t286_rule_t290.py	RC=0; python3 "$HERE/probe_t286_rule_t290.py" > "$OUT/t286-currency.txt" 2>&1 || RC=$?
TRACKED-FILE	.softhouse/capture/t290-review-t271/run.sh	98	redirect	.softhouse/capture/t290-review-t271/guard_rvpa_floor_t290.py	RC=0; python3 "$HERE/guard_rvpa_floor_t290.py" > "$OUT/guard-green.txt" 2>&1 || RC=$?
TRACKED-FILE	.softhouse/capture/t290-review-t271/run.sh	103	redirect	.softhouse/capture/t290-review-t271/prove_repair_inert.py	RC=0; python3 "$HERE/prove_repair_inert.py" > "$OUT/disposition-repair-is-inert.txt" 2>&1 || RC=$?
TRACKED-FILE	.softhouse/capture/t290-review-t271/run.sh	110	redirect	.softhouse/capture/t290-review-t271/diagnose_calibration_t290.py	RC=0; python3 "$HERE/diagnose_calibration_t290.py" > "$OUT/calibration-diagnosis.txt" 2>&1 || RC=$?
TRACKED-FILE	.softhouse/capture/t290-review-t271/run.sh	118	redirect	.softhouse/capture/t290-review-t271/out/lint-t290-own.txt	> "$OUT/lint-t290-own.txt" 2>&1 || RC=$?
TRACKED-FILE	.softhouse/capture/t290-review-t271/run.sh	140	redirect	.softhouse/conformance.sh	.softhouse/conformance.sh > "$OUT/evidence-unmoved.txt" 2>&1 || RC=$?
TRACKED-DIR	.softhouse/capture/t294-openingbalance-refusal/cap.sh	90	mv	.softhouse/capture/t294-openingbalance-refusal/out/${1-}; METHOD=${2-}; RPATH=${3-}; BODY=${4-}.json	mv "$TMPBODY" "$OUT"
TRACKED-DIR	.softhouse/capture/t294-openingbalance-refusal/cap.sh	99	mv	.softhouse/capture/t294-openingbalance-refusal/out/${1-}; METHOD=${2-}; RPATH=${3-}; BODY=${4-}.req	mv "$TMPREQ" "$REQ"
TRACKED-DIR	.softhouse/capture/t294-openingbalance-refusal/cap.sh	100	redirect	${1-}; METHOD=${2-}; RPATH=${3-}; BODY=${4-}.req	printf '%s  %s\n' "$SHA" "$NAME.req" > "$REQSHA"
TRACKED-DIR	.softhouse/capture/t294-openingbalance-refusal/cap.sh	117	redirect	.softhouse/capture/t294-openingbalance-refusal/out/${1-}; METHOD=${2-}; RPATH=${3-}; BODY=${4-}.http	} > "$HTTP"
TRACKED-DIR	.softhouse/capture/t294-openingbalance-refusal/cap.sh	118	redirect	$(curl -sk -X "$METHOD" "$B$RPATH" -H "$A" -H "$T" -H "$CT" \	echo "$code" > "$STATUS"
TRACKED-DIR	.softhouse/capture/t294-openingbalance-refusal/capsql.sh	49	redirect	$DBC	docker exec -i "$DBC" psql -U "$DBUSER" -d "$DBNAME" -Atc 'SELECT 1' >/dev/null 2>&1 || probe=$?
TRACKED-DIR	.softhouse/capture/t294-openingbalance-refusal/capsql.sh	62	redirect	$DBC	docker exec -i "$DBC" psql -U "$DBUSER" -d "$DBNAME" -f - < "$TMPSQL" > "$TMPOUT" 2>&1 || rc=$?
TRACKED-DIR	.softhouse/capture/t294-openingbalance-refusal/capsql.sh	70	mv	.softhouse/capture/t294-openingbalance-refusal/out/${1-}; SQLFILE=${2-}.txt	mv "$TMPOUT" "$TXT"
TRACKED-DIR	.softhouse/capture/t294-openingbalance-refusal/capsql.sh	71	mv	.softhouse/capture/t294-openingbalance-refusal/out/${1-}; SQLFILE=${2-}.sql	mv "$TMPSQL" "$SQL"
TRACKED-DIR	.softhouse/capture/t294-openingbalance-refusal/capsql.sh	72	redirect	${1-}; SQLFILE=${2-}.sql	printf '%s  %s\n' "$SHA" "$NAME.sql" > "$SQLSHA"
TRACKED-DIR	.softhouse/capture/t294-openingbalance-refusal/capsql.sh	82	redirect	.softhouse/capture/t294-openingbalance-refusal/out/${1-}; SQLFILE=${2-}.psql	} > "$REC"
TRACKED-DIR	.softhouse/capture/t294-openingbalance-refusal/guard-precondition.sh	120	redirect	$DBC	docker exec -i "$DBC" psql -U "$DBUSER" -d "$DBNAME" -Atc 'SELECT 1' >/dev/null 2>&1 || probe=$?
TRACKED-DIR	.softhouse/capture/t300-census-cardinal/instruments/10-cardinal-sweep.sh	61	redirect	$(git rev-parse --show-toplevel)/.softhouse/conformance.sh	LC_ALL=C grep -nE "$SEL_PRINT" "$SUBJECT" >"$hits.stage1"
TRACKED-DIR	.softhouse/capture/t300-census-cardinal/instruments/10-cardinal-sweep.sh	64	redirect	$(git rev-parse --show-toplevel)/.softhouse/capture/t300-census-cardinal/evidence/10-sweep-hits.txt.stage1	LC_ALL=C grep -E "$SEL_INT" "$hits.stage1" >"$hits.stage2"
TRACKED-DIR	.softhouse/capture/t300-census-cardinal/instruments/10-cardinal-sweep.sh	67	redirect	$(git rev-parse --show-toplevel)/.softhouse/capture/t300-census-cardinal/evidence/10-sweep-hits.txt.stage2	LC_ALL=C grep -vE "$SEL_ID" "$hits.stage2" >"$hits"
TRACKED-DIR	.softhouse/capture/t300-census-cardinal/instruments/10-cardinal-sweep.sh	122	redirect	$(git rev-parse --show-toplevel)/.softhouse/capture/t300-census-cardinal/evidence/10-sweep-calibration.txt	} >"$cal"
TRACKED-DIR	.softhouse/capture/t300-census-cardinal/instruments/10-cardinal-sweep.sh	163	redirect	$(git rev-parse --show-toplevel)/.softhouse/capture/t300-census-cardinal/evidence/10-sweep-hits.txt	LC_ALL=C grep -vE "$B_STATUS" "$hits" >"$rest"
TRACKED-DIR	.softhouse/capture/t300-census-cardinal/instruments/10-cardinal-sweep.sh	165	redirect	$(git rev-parse --show-toplevel)/.softhouse/capture/t300-census-cardinal/evidence/10-sweep-hits.txt.rest	LC_ALL=C grep -vE "$B_FIXTURE" "$rest" >"$rest.2"
TRACKED-DIR	.softhouse/capture/t300-census-cardinal/instruments/10-cardinal-sweep.sh	167	redirect	$(git rev-parse --show-toplevel)/.softhouse/capture/t300-census-cardinal/evidence/10-sweep-hits.txt.rest.2	LC_ALL=C grep -vE "$B_VERSION" "$rest.2" >"$rest.3"
TRACKED-DIR	.softhouse/capture/t300-census-cardinal/instruments/10-cardinal-sweep.sh	169	redirect	$(git rev-parse --show-toplevel)/.softhouse/capture/t300-census-cardinal/evidence/10-sweep-hits.txt.rest.3	LC_ALL=C grep -vE "$B_POSITIONAL" "$rest.3" >"$rest.4"
TRACKED-DIR	.softhouse/capture/t300-census-cardinal/instruments/10-cardinal-sweep.sh	185	rm	$(git rev-parse --show-toplevel)/.softhouse/capture/t300-census-cardinal/evidence/10-sweep-hits.txt.rest	rm -f "$rest" "$rest.2" "$rest.3" "$rest.4"
TRACKED-DIR	.softhouse/capture/t300-census-cardinal/instruments/10-cardinal-sweep.sh	188	rm	$(git rev-parse --show-toplevel)/.softhouse/capture/t300-census-cardinal/evidence/10-sweep-hits.txt.rest	rm -f "$rest" "$rest.2" "$rest.3" "$rest.4"
TRACKED-DIR	.softhouse/capture/t300-census-cardinal/instruments/10-cardinal-sweep.sh	191	rm	$(git rev-parse --show-toplevel)/.softhouse/capture/t300-census-cardinal/evidence/10-sweep-hits.txt.stage1	rm -f "$hits.stage1" "$hits.stage2"
TRACKED-DIR	.softhouse/capture/t300-census-cardinal/instruments/30-cannotcatch-derivation.sh	27	redirect	.softhouse/capture/t300-census-cardinal/instruments	LC_ALL=C sed 's/^const cannotCatch = `/const somethingElseEntirely = `/' "$SRC" >"$D/main.go"
TRACKED-DIR	.softhouse/capture/t300-census-cardinal/instruments/50-red-drive.sh	38	rm	$(git rev-parse --show-toplevel)/.softhouse/conformance.sh	if [ -f "$BACKUP" ]; then cp "$BACKUP" "$SUBJ"; rm -f "$BACKUP"; fi
TRACKED-DIR	.softhouse/capture/t300-census-cardinal/instruments/50-red-drive.sh	51	redirect	$(git rev-parse --show-toplevel)/.softhouse/conformance.sh	bash "$SUBJ" >"$art" 2>&1
TRACKED-DIR	.softhouse/capture/t300-census-cardinal/instruments/50-red-drive.sh	82	redirect	$(git rev-parse --show-toplevel)/.softhouse/conformance.sh	LC_ALL=C grep -v -x -F "$VICTIM" "$BACKUP" >"$SUBJ"
TRACKED-DIR	.softhouse/capture/t300-census-cardinal/instruments/50-red-drive.sh	88	redirect	$(git rev-parse --show-toplevel)/.softhouse/capture/t300-census-cardinal/red/A-pin-minus-one.txt	LC_ALL=C grep -aF "$VICTIM" "$OUT/A-pin-minus-one.txt" >"$OUT/A-plus-row.txt"
TRACKED-FILE	.softhouse/capture/t300-census-cardinal/instruments/50-red-drive.sh	113	redirect	.softhouse/conformance.sh	git show HEAD:.softhouse/conformance.sh >"$OUT/C-prefix-subject.sh.txt"
TRACKED-DIR	.softhouse/capture/t300-census-cardinal/instruments/50-red-drive.sh	118	redirect	$(git rev-parse --show-toplevel)/.softhouse/capture/t300-census-cardinal/red/C-prefix-subject.sh.txt	LC_ALL=C grep -v -x -F "$VICTIM" "$OUT/C-prefix-subject.sh.txt" >"$SUBJ"
TRACKED-DIR	.softhouse/capture/t300-census-cardinal/instruments/50-red-drive.sh	135	redirect	$(git rev-parse --show-toplevel)/.softhouse/conformance.sh	LC_ALL=C grep -v -x -F "$FOVICTIM" "$BACKUP" >"$SUBJ"
TRACKED-DIR	.softhouse/capture/t74-multiplesof/T82-guard-proofs/T109-digest-compare/drive-red.sh	27	redirect	${1:?repo root}/.softhouse/capture/t74-multiplesof/T82-guard-proofs/prove-guards-go-red.sh	bash "$RIG/prove-guards-go-red.sh" > /tmp/t109-case.out 2> /tmp/t109-case.err
TRACKED-DIR	.softhouse/capture/t74-multiplesof/T82-guard-proofs/T109-digest-compare/drive-red.sh	52	redirect	${1:?repo root}/.softhouse/capture/t74-multiplesof/T82-guard-proofs/FORK-POINT-SHA	} > "$PIN"
TRACKED-DIR	.softhouse/capture/t74-multiplesof/T82-guard-proofs/T109-digest-compare/drive-red.sh	66	redirect	${1:?repo root}/.softhouse/capture/t74-multiplesof/T82-guard-proofs/FORK-POINT-SHA	} > "$PIN"
TRACKED-DIR	.softhouse/capture/t74-multiplesof/T82-guard-proofs/T109-digest-compare/drive-red.sh	76	redirect	${1:?repo root}/.softhouse/capture/t74-multiplesof/T82-guard-proofs/FORK-POINT-SHA	} > "$PIN"
TRACKED-DIR	.softhouse/capture/t74-multiplesof/T82-guard-proofs/T109-digest-compare/drive-red.sh	83	redirect	${1:?repo root}/.softhouse/capture/t74-multiplesof/T82-guard-proofs/FORK-POINT-SHA	sed -e 's/^sha256 27bb20b4/sha256 00bb20b4/' "$BAK" > "$PIN"
TRACKED-DIR	.softhouse/capture/t74-multiplesof/T82-guard-proofs/T109-digest-compare/drive-red.sh	87	redirect	${1:?repo root}/.softhouse/capture/t74-multiplesof/T82-guard-proofs/FORK-POINT-SHA	sed -e 's/^sha256 e7aee917/sha256 f7aee917/' "$BAK" > "$PIN"
TRACKED-DIR	.softhouse/capture/t74-multiplesof/T82-guard-proofs/T109-digest-compare/drive-red.sh	94	redirect	${1:?repo root}/.softhouse/capture/t74-multiplesof/T82-guard-proofs/FORK-POINT-SHA	grep '^sha256 ' "$BAK" > "$PIN"
TRACKED-DIR	.softhouse/capture/t74-multiplesof/T82-guard-proofs/T109-digest-compare/drive-red.sh	105	redirect	${1:?repo root}/.softhouse/capture/t74-multiplesof/T82-guard-proofs/FORK-POINT-SHA	} > "$PIN"
TRACKED-DIR	.softhouse/capture/t74-multiplesof/T82-guard-proofs/T109-digest-compare/drive-red.sh	115	redirect	${1:?repo root}/.softhouse/capture/t74-multiplesof/T82-guard-proofs/FORK-POINT-SHA	} > "$PIN"
TRACKED-DIR	.softhouse/capture/t74-multiplesof/T82-guard-proofs/T109-digest-compare/drive-red.sh	122	mv	${1:?repo root}/.softhouse/capture/t74-multiplesof/T82-guard-proofs/FORK-POINT-SHA	mv "$PIN" /tmp/t109-pin-hidden
TRACKED-DIR	.softhouse/capture/t74-multiplesof/T82-guard-proofs/T109-digest-compare/drive-red.sh	124	mv	${1:?repo root}/.softhouse/capture/t74-multiplesof/T82-guard-proofs/FORK-POINT-SHA	mv /tmp/t109-pin-hidden "$PIN"
TRACKED-DIR	.softhouse/capture/t74-multiplesof/T82-guard-proofs/T109-digest-compare/drive-red.sh	126	redirect	${1:?repo root}/.softhouse/capture/t74-multiplesof/T82-guard-proofs/FORK-POINT-SHA	echo "commit not-a-sha" > "$PIN"
TRACKED-DIR	.softhouse/capture/t74-multiplesof/T82-guard-proofs/T109-digest-compare/drive-red.sh	130	redirect	${1:?repo root}/.softhouse/capture/t74-multiplesof/T82-guard-proofs/FORK-POINT-SHA	{ echo "commit 8da4b83"; grep '^sha256 ' "$BAK"; } > "$PIN"
TRACKED-DIR	.softhouse/capture/t74-multiplesof/T82-guard-proofs/T109-digest-compare/drive-red.sh	134	redirect	${1:?repo root}/.softhouse/capture/t74-multiplesof/T82-guard-proofs/FORK-POINT-SHA	{ echo "commit deadbeefdeadbeefdeadbeefdeadbeefdeadbeef"; grep '^sha256 ' "$BAK"; } > "$PIN"
TRACKED-DIR	.softhouse/capture/t74-multiplesof/T82-guard-proofs/T109-digest-compare/every-invocation.sh	26	redirect	$(git -C "${1:?repo root}" rev-parse main)	{ echo "commit $MAINTIP"; grep '^sha256 ' "$BAK"; } > "$PIN"
TRACKED-DIR	.softhouse/capture/t74-multiplesof/T82-guard-proofs/T109-digest-compare/verify-on-scratch-merge.sh	82	redirect	${1:?source repo}	sed -e "s|$SRC|ROOT|g" "$SRC/.softhouse/capture/t74-multiplesof/T82-guard-proofs/TRANSCRIPT.txt" > /tmp/t109-n-branch.txt
TRACKED-FILE	.softhouse/capture/t74-multiplesof/T82-guard-proofs/prove-guards-go-red.sh	91	redirect	.softhouse/capture/src/run-pass3i.sh	git -C "$ROOT" show "$BASE:.softhouse/capture/src/run-pass3i.sh"      > "$S/run-pass3i-BASE.sh"
TRACKED-FILE	.softhouse/capture/t74-multiplesof/T82-guard-proofs/prove-guards-go-red.sh	92	redirect	.softhouse/handoff/T74-promote-vectors.py	git -C "$ROOT" show "$BASE:.softhouse/handoff/T74-promote-vectors.py" > "$S/promote-BASE.py"
TRACKED-DIR	.softhouse/capture/t74-multiplesof/T82-guard-proofs/prove-guards-go-red.sh	107	redirect	$@	"$@" > "$S/last.out" 2>&1
TRACKED-DIR	.softhouse/capture/t74-multiplesof/T82-guard-proofs/run-precondition-block.sh	42	redirect	$	sed -n "$((START + 1)),$((END - 1))p" "$SCRIPT" > "$PYFILE"
TRACKED-FILE	.softhouse/capture/t83-nonamortizing/src/run-orderdep.sh	52	redirect	.softhouse/capture/t83-nonamortizing/out/orderdep-stdout.txt	' > "$RAW" 2> "$ERR"
TRACKED-FILE	.softhouse/capture/t83-nonamortizing/src/run-orderdep.sh	59	redirect	.softhouse/capture/t83-nonamortizing/out/orderdep-stdout.txt	tail -n +"$START" "$RAW" > "$JSON"
TRACKED-FILE	.softhouse/capture/t83-nonamortizing/src/run-t83.sh	138	redirect	.softhouse/capture/t83-nonamortizing/out/capture-t83-stdout.txt	' > "$RAW" 2> "$ERR"
TRACKED-FILE	.softhouse/capture/t83-nonamortizing/src/run-t83.sh	148	redirect	.softhouse/capture/t83-nonamortizing/out/capture-t83-stdout.txt	head -n $((START - 1)) "$RAW" > "$LOG"
TRACKED-FILE	.softhouse/capture/t83-nonamortizing/src/run-t83.sh	150	truncate	.softhouse/capture/t83-nonamortizing/out/capture-t83-oracle-log.txt	: > "$LOG"
TRACKED-FILE	.softhouse/capture/t83-nonamortizing/src/run-t83.sh	152	redirect	.softhouse/capture/t83-nonamortizing/out/capture-t83-stdout.txt	tail -n +"$START" "$RAW" > "$JSON"
TRACKED-DIR	.softhouse/capture/t91/prove-guards.sh	45	redirect	.softhouse/capture/t91	(cd "$ROOT" && git archive HEAD) > "$S/export.tar" 2>"$S/archive.err" || {
TRACKED-FILE	.softhouse/capture/t91/prove-guards.sh	102	redirect	.softhouse/capture/t91/verdict.sh	sh "$HERE/verdict.sh" "$S/empty" >/dev/null 2>"$S/g2.err"
TRACKED-FILE	.softhouse/capture/t91/prove-guards.sh	111	redirect	.softhouse/capture/t91/shell-invariance.sh	sh "$HERE/shell-invariance.sh" "$S/inv" x >/dev/null 2>"$S/g3.err"
TRACKED-FILE	.softhouse/capture/t91/prove-guards.sh	187	redirect	.softhouse/capture/t91/verdict.sh	sh "$HERE/verdict.sh" "$S/poison" > "$S/g4.txt" 2>&1
TRACKED-DIR	.softhouse/capture/t91/prove-guards.sh	211	rm	.softhouse/capture/t91/out/prefix-livetwin-sh	rm -rf "$S/g5"; cp -R "$ROOT/.softhouse/capture/t91/out/prefix-livetwin-sh" "$S/g5"
TRACKED-FILE	.softhouse/capture/t91/prove-guards.sh	212	redirect	.softhouse/capture/t91/verdict.sh	sh "$HERE/verdict.sh" "$S/g5" > "$S/g5.txt" 2>&1
TRACKED-DIR	.softhouse/capture/t91/prove-guards.sh	217	rm	.softhouse/capture/t91/out/prefix-livetwin-sh	rm -rf "$S/g5ro"; cp -R "$ROOT/.softhouse/capture/t91/out/prefix-livetwin-sh" "$S/g5ro"
TRACKED-FILE	.softhouse/capture/t91/prove-guards.sh	219	redirect	.softhouse/capture/t91/verdict.sh	sh "$HERE/verdict.sh" "$S/g5ro" > "$S/g5ro.txt" 2>&1
TRACKED-DIR	.softhouse/capture/t91/prove-guards.sh	242	redirect	.softhouse/capture/t91	LC_ALL=C sed 's/"principal": 1162502.5,/"principal": 1162502.50,/' "$CANONX" > "$S/canon-reformatted.json"
TRACKED-DIR	.softhouse/capture/t91/prove-guards.sh	248	redirect	$?	expect "G-6 RED reformatted canary -> harness error, not an 'attack'" "$?" 2
TRACKED-FILE	.softhouse/capture/t91/prove-guards.sh	272	redirect	.softhouse/capture/t91/shell-invariance.sh	sh "$HERE/shell-invariance.sh" "$S/inv7" y > "$S/g7green.txt" 2>&1
TRACKED-FILE	.softhouse/capture/t91/prove-guards.sh	275	redirect	.softhouse/capture/t91/shell-invariance.sh	sh "$HERE/shell-invariance.sh" "$S/inv7" y > "$S/g7red.txt" 2>&1
TRACKED-DIR	.softhouse/capture/t91/run-attacks.sh	20	redirect	$	ROOT=$(cd "$T91/../../.." && pwd)          # <root>/.softhouse/capture/t91 -> <root>
TRACKED-DIR	.softhouse/capture/t91/run-attacks.sh	39	redirect	.softhouse/capture/t91	sed 's/"principal": 1162502.5,/"principal": 1162502.55,/' "$CANON" > "$O/req-mutated-55.json"
TRACKED-DIR	.softhouse/capture/t91/run-attacks.sh	43	redirect	.softhouse/capture/t91	sed 's/"principal": 1162502.5,/"principal": 1162502.4,/' "$CANON" > "$O/req-crafted-04.json"
TRACKED-DIR	.softhouse/capture/t91/run-attacks.sh	73	rm	.softhouse/capture/t91/out/$LABEL-${SH:-sh}/link-to-canon.json	rm -f "$O/link-to-canon.json"
TRACKED-DIR	.softhouse/capture/t91/run-attacks.sh	90	redirect	$cap	{ hdr "$cap"; echo "\$ $CMD"; echo; eval "$CMD"; st=$?; echo; echo "EXIT=$st"; } > "$t" 2>&1
TRACKED-DIR	.softhouse/capture/t91/shell-invariance.sh	74	redirect	${1:?usage: sh shell-invariance.sh <out-dir> <LABEL>}/${2:?usage: sh shell-invariance.sh <out-dir> <LABEL>}-sh/$name	norm "$f" > "$INVDIR/.inv-a"; norm "$b" > "$INVDIR/.inv-b"
TRACKED-FILE	.softhouse/capture/t91/t115-drive-mf1.sh	29	redirect	.softhouse/capture/t91/verdict.sh	( cd "$ROOT" && git show "$PRE_SHA:.softhouse/capture/t91/verdict.sh" ) > "$S/verdict-PRE.sh" 2>"$S/err" || {
TRACKED-DIR	.softhouse/capture/t91/t115-drive-mf1.sh	64	rm	$_dir	rm -rf "$S/w"; cp -R "$_dir" "$S/w"
TRACKED-DIR	.softhouse/capture/t91/t115-drive-mf1.sh	65	redirect	$_scr	sh "$_scr" "$S/w" > "$S/o" 2>&1; _x=$?
TRACKED-FILE	.softhouse/capture/t91/t115-drive-mf1.sh	80	redirect	.softhouse/capture/t91/verdict.sh	sh "$HERE/verdict.sh" "$S/w" > "$S/e" 2>&1
TRACKED-FILE	.softhouse/capture/t91/t115-drive-mf1.sh	108	redirect	.softhouse/capture/t91/verdict.sh	sh "$HERE/verdict.sh" "$S/w" > "$S/o" 2>&1; bx=$?
TRACKED-DIR	.softhouse/capture/t91/t115-drive-mf2.sh	72	truncate	$1; _l=$2/.softhouse/capture/pathb/t36/preconditions.sh	: > "$_t/$RIGREL"                      # empty, not deleted: the [ ! -f ] branch must NOT be what fires
TRACKED-DIR	.softhouse/capture/t91/t115-drive-mf2.sh	81	redirect	$1; _l=$2/.softhouse/capture/charges/bin/run-preconditions.sh	sh "$_t/.softhouse/capture/charges/bin/run-preconditions.sh" "$S/$_l-wrap.txt" > "$S/$_l-wrap.out" 2>&1
TRACKED-DIR	.softhouse/capture/t91/t115-drive-mf2.sh	109	redirect	$1; _l=$2/.softhouse/capture/charges/bin/run-preconditions.sh	sh "$CH/bin/run-preconditions.sh" "$S/$_l-C1.txt" > /dev/null 2>&1; echo "$?" > "$S/$_l-C1.rc"
TRACKED-DIR	.softhouse/capture/t91/t115-drive-mf2.sh	111	redirect	$1; _l=$2/.softhouse/capture/charges/bin/preconditions.sh	sh "$CH/bin/preconditions.sh" default > "$S/$_l-C2.txt" 2>&1; echo "$?" > "$S/$_l-C2.rc"
TRACKED-DIR	.softhouse/capture/t91/t115-drive-mf2.sh	113	redirect	$1; _l=$2/.softhouse/capture/charges/bin/preconditions.sh	sh "$CH/bin/preconditions.sh" t55-no-such-tenant > "$S/$_l-C3.txt" 2>&1; echo "$?" > "$S/$_l-C3.rc"
TRACKED-DIR	.softhouse/capture/t91/t115-drive-mf2.sh	116	redirect	$?	> "$S/$_l-C4.txt" 2>&1; echo "$?" > "$S/$_l-C4.rc"
TRACKED-DIR	.softhouse/capture/t91/t115-drive-mf2.sh	119	redirect	$?	> "$S/$_l-C5.txt" 2>&1; echo "$?" > "$S/$_l-C5.rc"
TRACKED-DIR	.softhouse/capture/t91/t115-drive-mf2.sh	156	redirect	.softhouse/capture/t91	( cd "$ROOT" && git cat-file blob "$PRE_RIG_BLOB" ) > "$S/n9/$RIGREL"
TRACKED-DIR	.softhouse/capture/t91/t115-drive-mf2.sh	159	redirect	$?	> "$S/n9.txt" 2>&1; n9rc=$?
TRACKED-DIR	.softhouse/capture/t91/t115-drive-mf2.sh	165	redirect	$n9rc	echo "    => N9 did not admit on this run (exit $n9rc); the absence of an identity check stands regardless."
TRACKED-DIR	.softhouse/capture/t91/t115-drive-mf2.sh	179	redirect	$?	sh "$S/evil/.softhouse/capture/charges/bin/preconditions.sh" gerege > "$S/n10.txt" 2>&1; n10rc=$?
TRACKED-DIR	.softhouse/capture/t91/t115-drive-mf3-mf4.sh	39	redirect	.softhouse/capture/t91	( cd "$ROOT" && git cat-file blob "$PRE_SHIM_BLOB" ) > "$S/pre-shim.sh" 2>/dev/null \
TRACKED-DIR	.softhouse/capture/t91/t115-drive-mf3-mf4.sh	52	redirect	$SH	env -u CANARY_REQ "$SH" "$S/pre-shim.sh" default > "$S/pre-$$.txt" 2>&1; prc=$?
TRACKED-FILE	.softhouse/capture/t91/t115-drive-mf3-mf4.sh	55	redirect	.softhouse/capture/charges/bin/preconditions.sh	env -u CANARY_REQ "$SH" "$C/charges/bin/preconditions.sh" default > "$S/post-$$.txt" 2>&1; qrc=$?
TRACKED-DIR	.softhouse/capture/t91/t115-drive-mf3-mf4.sh	91	redirect	.softhouse/capture/t91	| sed "s#^$ROOT/##" | sort > "$S/wrap.txt"
TRACKED-DIR	.softhouse/capture/t91/t115-rerun-attacks.sh	35	redirect	.softhouse/capture/t91	( cd "$ROOT" && git cat-file blob "$PRE_SHIM_BLOB" ) > "$S/pre/$SHIMREL" || abort "cannot resolve $PRE_SHIM_BLOB"
TRACKED-FILE	.softhouse/capture/t91/t115-rerun-attacks.sh	55	redirect	.softhouse/capture/charges/bin/preconditions.sh	RECIPE=$SHIMREL LABEL=$LABEL SH=$SH sh "$T/.softhouse/capture/t91/run-attacks.sh" > "$S/$phase-$SH.log" 2>&1 \
TRACKED-FILE	.softhouse/capture/t91/t115-rerun-attacks.sh	61	redirect	.softhouse/capture/t91/verdict.sh	sh "$HERE/verdict.sh" "$T/.softhouse/capture/t91/out/$LABEL-$SH" > "$S/$phase-$SH.score" 2>&1
TRACKED-FILE	.softhouse/capture/t91/t115-rerun-attacks.sh	75	redirect	.softhouse/capture/t91/shell-invariance.sh	sh "$HERE/shell-invariance.sh" "$T/.softhouse/capture/t91/out" "t115-$phase" > "$S/$phase.inv" 2>&1
UNRESOLVED	.softhouse/capture/t91/t115-rerun-attacks.sh	88	rm	.softhouse/capture/t91/out/t115-$phase-$SH	rm -rf "$dst"; mkdir -p "$dst"
TRACKED-FILE	.softhouse/capture/t91/t151-drive-g4.sh	43	redirect	.softhouse/capture/t91/prove-guards.sh	(cd "$ROOT" && git show "$PRE_SHA:.softhouse/capture/t91/prove-guards.sh") > "$S/pre-pg.sh" 2>/dev/null || {
TRACKED-DIR	.softhouse/capture/t91/t151-drive-g4.sh	59	rm	$1	rm -rf "$1"
TRACKED-FILE	.softhouse/capture/t91/t151-drive-g4.sh	105	redirect	.softhouse/capture/t91/prove-guards.sh	(cd "$d" && sh .softhouse/capture/t91/prove-guards.sh) > "$d.txt" 2>&1
TRACKED-DIR	.softhouse/capture/t91/t151-drive-g67.sh	45	rm	$1	rm -rf "$1"
TRACKED-FILE	.softhouse/capture/t91/t151-drive-g67.sh	82	redirect	.softhouse/capture/t91/prove-guards.sh	(cd "$1" && sh .softhouse/capture/t91/prove-guards.sh) > "$1.txt" 2>&1
TRACKED-FILE	.softhouse/capture/t91/t151-drive-vb.sh	54	redirect	.softhouse/capture/t91/verdict.sh	(cd "$ROOT" && git show "$PRE_SHA:.softhouse/capture/t91/verdict.sh")  > "$PREV"  || { echo "ABORT: no PRE verdict.sh" >&2; exit 2; }
TRACKED-FILE	.softhouse/capture/t91/t151-drive-vb.sh	55	redirect	.softhouse/capture/t91/verdict.sh	(cd "$ROOT" && git show "$POST_SHA:.softhouse/capture/t91/verdict.sh") > "$POSTV" || { echo "ABORT: no POST verdict.sh" >&2; exit 2; }
TRACKED-DIR	.softhouse/capture/t91/t151-drive-vb.sh	119	redirect	$d	ls "$d"/A*.txt >/dev/null 2>&1 || continue
TRACKED-DIR	.softhouse/capture/t91/t151-drive-vb.sh	120	rm	$d	t=$S/tr-$1-$b; rm -rf "$t"; cp -R "$d" "$t"; chmod -R u+w "$t"
TRACKED-DIR	.softhouse/capture/t91/t151-drive-vb.sh	121	redirect	$?	sh "$PREV"  "$t" >/dev/null 2>&1; a=$?
TRACKED-DIR	.softhouse/capture/t91/t151-drive-vb.sh	122	redirect	$?	sh "$POSTV" "$t" >/dev/null 2>&1; c=$?
TRACKED-DIR	.softhouse/capture/t91/t151-drive-vb.sh	137	redirect	$?	sh "$PREV"  "$S/dead" >/dev/null 2>&1; a=$?
TRACKED-DIR	.softhouse/capture/t91/t151-drive-vb.sh	138	redirect	$?	sh "$POSTV" "$S/dead" > "$S/l2.txt" 2>&1; c=$?
TRACKED-DIR	.softhouse/capture/t91/t151-drive-vb.sh	146	redirect	$?	sh "$S/v-one.sh" "$S/dead" > "$S/l3.txt" 2>&1; a=$?
TRACKED-DIR	.softhouse/capture/t91/t151-drive-vb.sh	157	redirect	$?	sh "$S/v-all-PRE.sh"  "$S/dead" > "$S/l4pre.txt"  2>&1; a=$?
TRACKED-DIR	.softhouse/capture/t91/t151-drive-vb.sh	158	redirect	$?	sh "$S/v-all-POST.sh" "$S/dead" > "$S/l4post.txt" 2>&1; c=$?
TRACKED-DIR	.softhouse/capture/t91/t151-merge-check.sh	33	redirect	$(cd "." && git rev-parse "${1:-$(cd "." && git rev-parse --abbrev-ref HEAD)}")	(cd "$W" && git -c user.name=T151 -c user.email=t151@local merge --no-edit -q "$BR_SHA") > "$W/merge.log" 2>&1
TRACKED-DIR	.softhouse/capture/t91/t151-merge-check.sh	79	redirect	$@	(cd "$W" && "$@") > "$W/art.txt" 2>&1
TRACKED-DIR	.softhouse/capture/t91/t151-merge-check.sh	82	redirect	$@	(cd "$W-main" && "$@") > "$W/art-control.txt" 2>&1
TRACKED-DIR	.softhouse/capture/t91/t151-merge-check.sh	115	redirect	.softhouse/capture/t91	echo "=== LC_ALL=C / grep -a hardening must be monotonically up or flat, main -> merged"
TRACKED-DIR	.softhouse/capture/t91/verdict.sh	103	rm	${1:?usage: sh verdict.sh <transcript dir>}/.score-fail	rm -f "$D/.score-fail"          # tidy up the pre-T115 location if an old run left one
TRACKED-DIR	.softhouse/capture/t91/verdict.sh	185	redirect	${1:?usage: sh verdict.sh <transcript dir>}	if ! LC_ALL=C grep -alF "$S" "$D"/A*.txt >/dev/null 2>&1; then
TRACKED-DIR	.softhouse/capture/tierA-a2/cap.sh	94	mv	.softhouse/capture/tierA-a2/out/${1-}; METHOD=${2-}; RPATH=${3-}; BODY=${4-}.json	mv "$TMPBODY" "$OUT"
TRACKED-DIR	.softhouse/capture/tierA-a2/cap.sh	104	redirect	.softhouse/capture/tierA-a2/out/${1-}; METHOD=${2-}; RPATH=${3-}; BODY=${4-}.http	} > "$HTTP"
TRACKED-DIR	.softhouse/capture/tierA-a2/cap.sh	105	redirect	$(curl -sk -X "$METHOD" "$B$RPATH" -H "$A" -H "$T" -H "$CT" \	echo "$code" > "$STATUS"
TRACKED-DIR	.softhouse/capture/tierA-a2/cap10.sh	107	mv	.softhouse/capture/tierA-a2/out/${1-}; METHOD=${2-}; RPATH=${3-}; BODY=${4-}; KEY=${5-}.req	mv "$TMPREQ" "$REQ"
TRACKED-DIR	.softhouse/capture/tierA-a2/cap10.sh	108	redirect	${1-}; METHOD=${2-}; RPATH=${3-}; BODY=${4-}; KEY=${5-}.req	printf '%s  %s\n' "$SHA" "$NAME.req" > "$REQSHA"
TRACKED-DIR	.softhouse/capture/tierA-a2/cap10.sh	110	mv	.softhouse/capture/tierA-a2/out/${1-}; METHOD=${2-}; RPATH=${3-}; BODY=${4-}; KEY=${5-}.json	mv "$TMPBODY" "$OUT"
TRACKED-DIR	.softhouse/capture/tierA-a2/cap10.sh	126	redirect	.softhouse/capture/tierA-a2/out/${1-}; METHOD=${2-}; RPATH=${3-}; BODY=${4-}; KEY=${5-}.http	} > "$HTTP"
TRACKED-DIR	.softhouse/capture/tierA-a2/cap10.sh	127	redirect	$(curl -sk -X "$METHOD" "$B$RPATH" -H "$A" -H "$T" -H "$CT" -H "Idempotency-Key: $KEY" \	echo "$code" > "$STATUS"
TRACKED-DIR	.softhouse/capture/tierA-a2/cap8.sh	110	mv	.softhouse/capture/tierA-a2/out/${1-}; METHOD=${2-}; RPATH=${3-}; BODY=${4-}.req	mv "$TMPREQ" "$REQ"
TRACKED-DIR	.softhouse/capture/tierA-a2/cap8.sh	111	redirect	${1-}; METHOD=${2-}; RPATH=${3-}; BODY=${4-}.req	printf '%s  %s\n' "$SHA" "$NAME.req" > "$REQSHA"
TRACKED-DIR	.softhouse/capture/tierA-a2/cap8.sh	113	mv	.softhouse/capture/tierA-a2/out/${1-}; METHOD=${2-}; RPATH=${3-}; BODY=${4-}.json	mv "$TMPBODY" "$OUT"
TRACKED-DIR	.softhouse/capture/tierA-a2/cap8.sh	128	redirect	.softhouse/capture/tierA-a2/out/${1-}; METHOD=${2-}; RPATH=${3-}; BODY=${4-}.http	} > "$HTTP"
TRACKED-DIR	.softhouse/capture/tierA-a2/cap8.sh	129	redirect	$(curl -sk -X "$METHOD" "$B$RPATH" -H "$A" -H "$T" -H "$CT" \	echo "$code" > "$STATUS"
TRACKED-DIR	.softhouse/capture/tierA-a2/cap9.sh	89	mv	.softhouse/capture/tierA-a2/out/${1-}; METHOD=${2-}; RPATH=${3-}; BODY=${4-}; KEY=${5-}.req	mv "$TMPREQ" "$REQ"
TRACKED-DIR	.softhouse/capture/tierA-a2/cap9.sh	90	redirect	${1-}; METHOD=${2-}; RPATH=${3-}; BODY=${4-}; KEY=${5-}.req	printf '%s  %s\n' "$SHA" "$NAME.req" > "$REQSHA"
TRACKED-DIR	.softhouse/capture/tierA-a2/cap9.sh	92	mv	.softhouse/capture/tierA-a2/out/${1-}; METHOD=${2-}; RPATH=${3-}; BODY=${4-}; KEY=${5-}.json	mv "$TMPBODY" "$OUT"
TRACKED-DIR	.softhouse/capture/tierA-a2/cap9.sh	108	redirect	.softhouse/capture/tierA-a2/out/${1-}; METHOD=${2-}; RPATH=${3-}; BODY=${4-}; KEY=${5-}.http	} > "$HTTP"
TRACKED-DIR	.softhouse/capture/tierA-a2/cap9.sh	109	redirect	$(curl -sk -X "$METHOD" "$B$RPATH" -H "$A" -H "$T" -H "$CT" -H "Idempotency-Key: $KEY" \	echo "$code" > "$STATUS"
TRACKED-DIR	.softhouse/capture/tierA-a2/capsql.sh	74	redirect	$?	docker exec -i "$DBC" psql -U "$DBUSER" -d "$DBNAME" -Atc 'SELECT 1' >/dev/null 2>&1 || probe=$?
TRACKED-DIR	.softhouse/capture/tierA-a2/capsql.sh	90	redirect	$?	docker exec -i "$DBC" psql -U "$DBUSER" -d "$DBNAME" -f - < "$TMPSQL" > "$TMPOUT" 2>&1 || rc=$?
TRACKED-DIR	.softhouse/capture/tierA-a2/capsql.sh	99	mv	.softhouse/capture/tierA-a2/out/${1-}; SQLFILE=${2-}.txt	mv "$TMPOUT" "$TXT"
TRACKED-DIR	.softhouse/capture/tierA-a2/capsql.sh	100	mv	.softhouse/capture/tierA-a2/out/${1-}; SQLFILE=${2-}.sql	mv "$TMPSQL" "$SQL"
TRACKED-DIR	.softhouse/capture/tierA-a2/capsql.sh	101	redirect	${1-}; SQLFILE=${2-}.sql	printf '%s  %s\n' "$SHA" "$NAME.sql" > "$SQLSHA"
TRACKED-DIR	.softhouse/capture/tierA-a2/capsql.sh	111	redirect	.softhouse/capture/tierA-a2/out/${1-}; SQLFILE=${2-}.psql	} > "$REC"
TRACKED-DIR	.softhouse/capture/tierA-a2/manifest.py	24	redirect	.softhouse/capture/tierA-a2/out	observation dropped in out/<subdir>/ was laundered as verified. The walk is now
TRACKED-DIR	.softhouse/capture/tierA-a2/mkreq-a2-26.sh	49	redirect	.softhouse/capture/tierA-a2/req/$src	"$R/$src" > "$R/a2-26-admit-$sfx.json"
UNRESOLVED	.softhouse/capture/tierA-a2/mkreq-a2-26.sh	60	redirect	.softhouse/capture/tierA-a2/req/a2-26-admit-$sfx.json	"$R/a2-26-admit-$sfx.json" > "$R/.verify.$sfx.tmp"
UNRESOLVED	.softhouse/capture/tierA-a2/mkreq-a2-26.sh	68	rm	.softhouse/capture/tierA-a2/req/.verify.$sfx.tmp	rm -f "$R/.verify.$sfx.tmp"
TRACKED-DIR	.softhouse/capture/tierA-a2/mkreq-t275.py	75	redirect	.softhouse/capture/tierA-a2/req	"""Write req/<name>.json. NEVER overwrite; if the file exists, verify it already holds
TRACKED-FILE	.softhouse/capture/tierA-a2/prove-a2-26-guards-red.sh	35	redirect	.softhouse/capture/tierA-a2/req/a2-26-admit-p46.json	sed 's/"fundSourceAccountId": 16/"fundSourceAccountId": 2/' "$TMP/p46.orig" > "$DIR/req/a2-26-admit-p46.json"
TRACKED-FILE	.softhouse/capture/tierA-a2/prove-a2-26-guards-red.sh	44	redirect	.softhouse/capture/tierA-a2/req/a2-26-admit-p46.json	sed 's/"principal": 1200000/"principal": 1200001/' "$TMP/p46.orig" > "$DIR/req/a2-26-admit-p46.json"
TRACKED-FILE	.softhouse/capture/tierA-a2/prove-a2-26-guards-red.sh	57	redirect	.softhouse/capture/tierA-a2/census-a2-26.py	python3 "$DIR/census-a2-26.py" > "$TMP/census.green" 2>&1 \
TRACKED-DIR	.softhouse/capture/tierA-a2/prove-cap-transport-red.py	7	rm	$OUT	diagnostic and the `rm -f "$OUT"` never ran.  Against an unreachable endpoint a STALE
TRACKED-DIR	.softhouse/capture/tierA-a2/prove-census-red.sh	15	redirect	$	echo "   exit=$( cd "$SB" && python3 census-json-float-siblings.py >/dev/null 2>&1; echo $? )"
TRACKED-DIR	.softhouse/capture/tierA-a2/prove-census-red.sh	19	redirect	$1/SUPERSEDED.txt	grep -v '^resolve7.py ->' "$RIG/SUPERSEDED.txt" > "$SB/SUPERSEDED.txt"
TRACKED-DIR	.softhouse/capture/tierA-a2/prove-census-red.sh	21	redirect	$	echo "   exit=$( cd "$SB" && python3 census-json-float-siblings.py >/dev/null 2>&1; echo $? )"
TRACKED-DIR	.softhouse/capture/tierA-a2/prove-census-red.sh	25	redirect	$1/SUPERSEDED.txt	sed 's|^resolve7.py -> resolve8.py|resolve7.py -> resolve7.py|' "$RIG/SUPERSEDED.txt" > "$SB/SUPERSEDED.txt"
TRACKED-DIR	.softhouse/capture/tierA-a2/prove-census-red.sh	27	redirect	$	echo "   exit=$( cd "$SB" && python3 census-json-float-siblings.py >/dev/null 2>&1; echo $? )"
TRACKED-DIR	.softhouse/capture/tierA-a2/prove-census-red.sh	31	redirect	$1/SUPERSEDED.txt	sed 's|^resolve7.py -> resolve8.py|resolve7.py -> resolve99.py|' "$RIG/SUPERSEDED.txt" > "$SB/SUPERSEDED.txt"
TRACKED-DIR	.softhouse/capture/tierA-a2/prove-census-red.sh	33	redirect	$	echo "   exit=$( cd "$SB" && python3 census-json-float-siblings.py >/dev/null 2>&1; echo $? )"
TRACKED-DIR	.softhouse/capture/tierA-a2/prove-census-red.sh	40	redirect	$	echo "   exit=$( cd "$SB" && python3 census-json-float-siblings.py >/dev/null 2>&1; echo $? )"
TRACKED-DIR	.softhouse/capture/tierA-a2/prove-manifest-blind-red.py	7	redirect	.softhouse/capture/tierA-a2/out	(ii)  non-recursive — a fabricated observation dropped in out/<subdir>/ is laundered;
TRACKED-DIR	.softhouse/capture/tierA-a2/prove-mkreq7-guard-red.py	59	redirect	.softhouse/capture/tierA-a2/req	check("GREEN empty req/ writes and exits 0", rc == 0 and len(first) > 0,
TRACKED-DIR	.softhouse/capture/tierA-a2/prove-quit-trap-cap.py	75	redirect	.softhouse/capture/tierA-a2	if [ -n "$outfile" ]; then printf '{"ok":true}' > "$outfile"; fi
TRACKED-DIR	.softhouse/capture/tierA-a2/prove-quit-trap-cap9.py	75	redirect	.softhouse/capture/tierA-a2	if [ -n "$outfile" ]; then printf '{"ok":true}' > "$outfile"; fi
TRACKED-DIR	.softhouse/capture/tierA-a2/red-green-a2-15.sh	73	inplace-edit	$expr	LC_ALL=C sed -i '' "$expr" "$f"
TRACKED-DIR	.softhouse/capture/tierA-a2/red-green-a2-15.sh	193	mv	.softhouse/vectors/ledger	mv "$VEC"/*.json "$TMP/ledger-aside/"
TRACKED-DIR	.softhouse/capture/tierA-a2/red-green-a2-15.sh	201	mv	.softhouse/vectors/ledger	mv "$TMP/ledger-aside"/*.json "$VEC/"
TRACKED-FILE	.softhouse/capture/tierA-a2/run-430-a2-29-drift-probe.sh	51	redirect	.softhouse/capture/tierA-a2/a2-29-retype-path.py	python3 "$DIR/a2-29-retype-path.py" "$DIR/out/A2-430-gl-drift-asset.json" > "$DIR/out/A2-434-retype-path.txt"
TRACKED-DIR	.softhouse/conformance.sh	599	rm	.softhouse	[ -n "$CONF_BIN" ] && rm -f "$CONF_BIN"
TRACKED-DIR	.softhouse/conformance.sh	600	rm	.softhouse	[ -n "$CONF_TMP" ] && rm -rf "$CONF_TMP"
TRACKED-DIR	.softhouse/conformance.sh	996	redirect	$	cases="$(printf '%s\n' "$out" | LC_ALL=C grep -ac '^  -> exit ' || true)"
TRACKED-DIR	.softhouse/conformance.sh	1014	redirect	$	red="$(printf '%s\n' "$out" | LC_ALL=C grep -ac '^  -> exit [1-9]' || true)"
TRACKED-DIR	.softhouse/conformance.sh	1015	redirect	$	green="$(printf '%s\n' "$out" | LC_ALL=C grep -ac '^  -> exit 0$' || true)"
TRACKED-DIR	.softhouse/conformance.sh	1563	redirect	$(cd "$(cd "$(dirname "${BASH_SOURCE[0]}")" && pwd)/.." && pwd)	( cd "$REPO_ROOT" && FAILOPEN_LINT_JSON="$json" python3 "$lint" ) >"$out" 2>&1
UNRESOLVED	.softhouse/conformance.sh	1571	rm	"$(python3 "$(cd "$(cd "$(dirname "${BASH_SOURCE[0]}")" && pwd)/.." && pwd)/.softhouse/capture/lib/$1" label="$2" floor="${3:-}" --selftest 2>&1)"; rc=$?	rm -f "$out" "$json" "$want" "$got"
UNRESOLVED	.softhouse/conformance.sh	1578	rm	"$(python3 "$(cd "$(cd "$(dirname "${BASH_SOURCE[0]}")" && pwd)/.." && pwd)/.softhouse/capture/lib/$1" label="$2" floor="${3:-}" --selftest 2>&1)"; rc=$?	rm -f "$out" "$json" "$want" "$got"
UNRESOLVED	.softhouse/conformance.sh	1586	rm	"$(python3 "$(cd "$(cd "$(dirname "${BASH_SOURCE[0]}")" && pwd)/.." && pwd)/.softhouse/capture/lib/$1" label="$2" floor="${3:-}" --selftest 2>&1)"; rc=$?	rm -f "$out" "$json" "$want" "$got"
UNRESOLVED	.softhouse/conformance.sh	1590	redirect	"$(python3 "$(cd "$(cd "$(dirname "${BASH_SOURCE[0]}")" && pwd)/.." && pwd)/.softhouse/capture/lib/$1" label="$2" floor="${3:-}" --selftest 2>&1)"; rc=$?	LC_ALL=C sed -n 's/^FAILOPEN-FRONTIER //p' "$out" >"$got.raw"
UNRESOLVED	.softhouse/conformance.sh	1612	rm	"$(python3 "$(cd "$(cd "$(dirname "${BASH_SOURCE[0]}")" && pwd)/.." && pwd)/.softhouse/capture/lib/$1" label="$2" floor="${3:-}" --selftest 2>&1)"; rc=$?	rm -f "$out" "$json" "$want" "$want.raw" "$got" "$got.raw"
UNRESOLVED	.softhouse/conformance.sh	1621	redirect	"$(python3 "$(cd "$(cd "$(dirname "${BASH_SOURCE[0]}")" && pwd)/.." && pwd)/.softhouse/capture/lib/$1" label="$2" floor="${3:-}" --selftest 2>&1)"; rc=$?.diff	if ! diff -u "$want" "$got" >"$out.diff" 2>&1; then
UNRESOLVED	.softhouse/conformance.sh	1633	rm	"$(python3 "$(cd "$(cd "$(dirname "${BASH_SOURCE[0]}")" && pwd)/.." && pwd)/.softhouse/capture/lib/$1" label="$2" floor="${3:-}" --selftest 2>&1)"; rc=$?	rm -f "$out" "$out.diff" "$json" "$want" "$want.raw" "$got" "$got.raw"
UNRESOLVED	.softhouse/conformance.sh	1637	rm	"$(python3 "$(cd "$(cd "$(dirname "${BASH_SOURCE[0]}")" && pwd)/.." && pwd)/.softhouse/capture/lib/$1" label="$2" floor="${3:-}" --selftest 2>&1)"; rc=$?	rm -f "$out" "$out.diff" "$json" "$want" "$want.raw" "$got" "$got.raw"
TRACKED-DIR	.softhouse/conformance.sh	1875	redirect	$(cd "$(cd "$(dirname "${BASH_SOURCE[0]}")" && pwd)/.." && pwd)	( cd "$REPO_ROOT" || exit 9; LC_ALL=C git grep -l -E "$rw" -- '*.sh' '*.py' ) >"$list.raw" 2>/dev/null
TRACKED-FILE	.softhouse/conformance.sh	1886	redirect	.softhouse/capture/t238-failopen/instruments/50-failopen-lint.py	LC_ALL=C grep -v -x -F "$self" "$list.raw" >"$list" 2>/dev/null || true
TRACKED-DIR	.softhouse/conformance.sh	1902	redirect	$(cd "$(cd "$(dirname "${BASH_SOURCE[0]}")" && pwd)/.." && pwd)	( cd "$REPO_ROOT" || exit 9; LC_ALL=C git grep -n -E "$as" -- "${corpus[@]}" ) >"$raw" 2>/dev/null
TRACKED-DIR	.softhouse/conformance.sh	1981	rm	$D	warn "conformance: name.XXXXXXXXXX\")\` with a \`trap 'rm -rf \"\$D\"' EXIT\` is the adoptable shape, and"
TRACKED-DIR	.softhouse/conformance.sh	2309	redirect	$1" probe="$2	"$bin" -list-implementations >"$list" 2>&1
TRACKED-DIR	.softhouse/conformance.sh	2334	redirect	$1" probe="$2	"$bin" "-oracle-probe=$probe" "-ledger-impl=$impl" >"$out" 2>&1
UNRESOLVED	.softhouse/conformance.sh	2352	rm	"$(python3 "$(cd "$(cd "$(dirname "${BASH_SOURCE[0]}")" && pwd)/.." && pwd)/.softhouse/capture/lib/$1" label="$2" floor="${3:-}" --selftest 2>&1)"; rc=$?	rm -f "$list" "$out"
TRACKED-DIR	.softhouse/conformance.sh	2426	redirect	.softhouse	"$CONF_BIN" -self-test "${args[@]+"${args[@]}"}" >"$report" 2>&1
TRACKED-DIR	.softhouse/conformance.sh	2435	redirect	.softhouse	"$CONF_BIN" "-oracle-probe=$probe" "${args[@]+"${args[@]}"}" >"$report" 2>&1
TRACKED-DIR	.softhouse/conformance.sh	2446	rm	$1	rm -f "$report"
TRACKED-DIR	.softhouse/conformance.sh	2449	rm	$1	rm -f "$report"
TRACKED-DIR	.softhouse/conformance.sh	2963	redirect	$tmp/other-checkout" script="$(cd "$(cd "$(dirname "${BASH_SOURCE[0]}")" && pwd)/.." && pwd)/.softhouse/conformance.sh/nexus/go.mod	printf 'module stand-in\n\ngo 1.22\n' > "$other/nexus/go.mod"
TRACKED-DIR	.softhouse/conformance.sh	2971	redirect	$(cd "$(cd "$(dirname "${BASH_SOURCE[0]}")" && pwd)/.." && pwd)	( CONFORMANCE_REPO_ROOT="$REPO_ROOT"  guard_graded_root_is_this_tree ) >/dev/null 2>&1 \
TRACKED-DIR	.softhouse/conformance.sh	2973	redirect	$(cd "$(cd "$(dirname "${BASH_SOURCE[0]}")" && pwd)/.." && pwd)/	( CONFORMANCE_REPO_ROOT="$REPO_ROOT/" guard_graded_root_is_this_tree ) >/dev/null 2>&1 \
TRACKED-DIR	.softhouse/conformance.sh	2976	redirect	$tmp/other-checkout" script="$(cd "$(cd "$(dirname "${BASH_SOURCE[0]}")" && pwd)/.." && pwd)/.softhouse/conformance.sh	if ( CONFORMANCE_REPO_ROOT="$other" guard_graded_root_is_this_tree ) >/dev/null 2>&1; then
TRACKED-DIR	.softhouse/conformance.sh	2980	redirect	$tmp/no-such-tree	if ( CONFORMANCE_REPO_ROOT="$tmp/no-such-tree" guard_graded_root_is_this_tree ) >/dev/null 2>&1; then
TRACKED-DIR	.softhouse/guards/check-ledger-invariants.sh	135	redirect	$	cases="$(printf '%s\n' "$out" | LC_ALL=C grep -ac '^  -> exit ' || true)"
TRACKED-DIR	.softhouse/guards/check-ledger-invariants.sh	136	redirect	$	red="$(printf '%s\n' "$out"   | LC_ALL=C grep -ac '^  -> exit [1-9]' || true)"
TRACKED-DIR	.softhouse/guards/check-ledger-invariants.sh	137	redirect	$	green="$(printf '%s\n' "$out" | LC_ALL=C grep -ac '^  -> exit 0$' || true)"
TRACKED-DIR	.softhouse/guards/check-ledger-invariants.sh	238	redirect	$?	GUARD_CMD_MODE="stub-zero"; check_census >/dev/null 2>&1; rc=$?
TRACKED-DIR	.softhouse/guards/check-ledger-invariants.sh	239	redirect	$rc	say "  -> head exit $rc"
TRACKED-DIR	.softhouse/guards/check-ledger-invariants.sh	243	redirect	$?	GUARD_CMD_MODE="stub-silent"; check_census >/dev/null 2>&1; rc=$?
TRACKED-DIR	.softhouse/guards/check-ledger-invariants.sh	244	redirect	$rc	say "  -> head exit $rc"
TRACKED-DIR	.softhouse/guards/check-ledger-invariants.sh	248	redirect	$?	GUARD_CMD_MODE="stub-nocases"; check_selftest >/dev/null 2>&1; rc=$?
TRACKED-DIR	.softhouse/guards/check-ledger-invariants.sh	249	redirect	$rc	say "  -> head exit $rc"
TRACKED-DIR	.softhouse/guards/check-ledger-invariants.sh	253	redirect	$?	GUARD_CMD_MODE="stub-greenonly"; check_selftest >/dev/null 2>&1; rc=$?
TRACKED-DIR	.softhouse/guards/check-ledger-invariants.sh	254	redirect	$rc	say "  -> head exit $rc"
TRACKED-DIR	.softhouse/guards/check-ledger-invariants.sh	260	redirect	$?	check_census >/dev/null 2>&1; rc=$?
TRACKED-DIR	.softhouse/guards/check-ledger-invariants.sh	261	redirect	$rc	say "  -> head exit $rc"
TRACKED-DIR	.softhouse/guards/drive-red-ledger-invariants.sh	71	redirect	$rc	say "    -> exit $rc"
TRACKED-DIR	.softhouse/guards/drive-red-ledger-invariants.sh	193	redirect	$ctrl_rc	say "    -> exit $ctrl_rc"
TRACKED-DIR	.softhouse/guards/drive-red-ledger-invariants.sh	201	rm	$(fresh_copy control)	rm -rf "$CTRL"
TRACKED-DIR	.softhouse/handoff/2026-08-17-run1-harness-schedule-poc/T106-evidence/prove-token-forgeable.sh	63	redirect	$0	index($0, lit) > 0 && !done { print "           < /nonexistent-T106/nope"; done = 1; next }
TRACKED-DIR	.softhouse/handoff/2026-08-17-run1-harness-schedule-poc/T106-evidence/prove-token-forgeable.sh	65	redirect	$(cd "$(cd "$(dirname "${BASH_SOURCE[0]}")" && pwd)/../../../.." && pwd)/.softhouse/conformance.sh	' "$HARNESS" > "$ORIG"
TRACKED-DIR	.softhouse/handoff/2026-08-17-run1-harness-schedule-poc/T106-evidence/prove-token-forgeable.sh	87	redirect	$envass	env "$envass" /bin/bash "$file" --help >/dev/null 2>&1; code=$?
TRACKED-DIR	.softhouse/handoff/2026-08-17-run1-harness-schedule-poc/T106-evidence/prove-token-forgeable.sh	89	redirect	$file	/bin/bash "$file" --help >/dev/null 2>&1; code=$?
TRACKED-DIR	.softhouse/handoff/2026-08-17-run1-harness-schedule-poc/T113-evidence/bash5-matrix-container.sh	42	rm	$(cd "$(cd "$(dirname "${BASH_SOURCE[0]}")" && pwd)/../../../.." && pwd)/.softhouse/.T113-b5-prefix.sh	trap 'rm -f "$PREFIX" "$INNER"' EXIT
TRACKED-FILE	.softhouse/handoff/2026-08-17-run1-harness-schedule-poc/T113-evidence/bash5-matrix-container.sh	44	redirect	.softhouse/conformance.sh	if ! git -C "$REPO_ROOT" show "$PREFIX_COMMIT:.softhouse/conformance.sh" > "$PREFIX" 2>/dev/null; then
TRACKED-DIR	.softhouse/handoff/2026-08-17-run1-harness-schedule-poc/T113-evidence/bash5-matrix-container.sh	63	redirect	$(cd "$(cd "$(dirname "${BASH_SOURCE[0]}")" && pwd)/../../../.." && pwd)/.softhouse/.T113-b5-inner.sh	cat > "$INNER" <<'INNER_EOF'
TRACKED-DIR	.softhouse/handoff/2026-08-17-run1-harness-schedule-poc/T113-evidence/bash5-matrix-container.sh	69	redirect	$	echo "container /bin/sh -> $(readlink -f /bin/sh)"
TRACKED-DIR	.softhouse/handoff/2026-08-17-run1-harness-schedule-poc/T113-evidence/bash5-matrix-container.sh	73	redirect	$@	code() { "$@" >/dev/null 2>&1; echo $?; }
TRACKED-DIR	.softhouse/handoff/2026-08-17-run1-harness-schedule-poc/T113-evidence/bash5-matrix-container.sh	121	redirect	$	a="$( (exec -a sh bash "$h" --help) >/dev/null 2>&1; echo $?)"
TRACKED-DIR	.softhouse/handoff/2026-08-17-run1-harness-schedule-poc/T113-evidence/bash5-matrix-container.sh	122	redirect	$	b="$( (exec -a sh bash --posix "$h" --help) >/dev/null 2>&1; echo $?)"
TRACKED-DIR	.softhouse/handoff/2026-08-17-run1-harness-schedule-poc/T113-evidence/bash5-matrix-container.sh	159	redirect	$	a="$( (exec -a sh bash "$h" --help) >/dev/null 2>&1; echo $?)"
TRACKED-DIR	.softhouse/handoff/2026-08-17-run1-harness-schedule-poc/T113-evidence/bash5-matrix-container.sh	160	redirect	$	b="$( (exec -a sh bash --posix "$h" --help) >/dev/null 2>&1; echo $?)"
TRACKED-DIR	.softhouse/handoff/2026-08-17-run1-harness-schedule-poc/T113-evidence/bash5-matrix-container.sh	173	redirect	$1	bash \"\$1\" --help >/dev/null 2>&1; echo \$?
TRACKED-DIR	.softhouse/handoff/2026-08-17-run1-harness-schedule-poc/T113-evidence/bash5-matrix-container.sh	175	redirect	$	printf '  %-42s %s -> exit=%s\n' "$label" "$( [ "$h" = "$PRE" ] && echo PRE-FIX || echo POST-FIX )" "$c"
TRACKED-DIR	.softhouse/handoff/2026-08-17-run1-harness-schedule-poc/T113-evidence/hostile-env-matrix.sh	22	rm	${2	[ "${2:-}" = "--kill-devfd" ] && rm -f /dev/fd
TRACKED-DIR	.softhouse/handoff/2026-08-17-run1-harness-schedule-poc/T113-evidence/hostile-env-matrix.sh	28	redirect	$1	r() { local label="$1"; shift; "$@" >/dev/null 2>&1; echo "  exit=$? $label"; }
TRACKED-DIR	.softhouse/handoff/2026-08-17-run1-harness-schedule-poc/T113-evidence/hostile-env-matrix.sh	46	redirect	$1	bash \"\$1\" --help >/dev/null 2>&1; echo \$?
TRACKED-DIR	.softhouse/handoff/2026-08-17-run1-harness-schedule-poc/T113-evidence/interpreter-matrix.sh	54	redirect	$@	"$@" "$HARNESS" --help >/dev/null 2>&1; code=$?
UNRESOLVED	.softhouse/handoff/2026-08-17-run1-harness-schedule-poc/T113-evidence/interpreter-matrix.sh	56	redirect	"$1"; shift	ok "$label: psub works -> ADMITTED (exit 0)"
UNRESOLVED	.softhouse/handoff/2026-08-17-run1-harness-schedule-poc/T113-evidence/interpreter-matrix.sh	58	redirect	"$1"; shift	ok "$label: psub dead -> REFUSED (exit 3)"
TRACKED-DIR	.softhouse/handoff/2026-08-17-run1-harness-schedule-poc/T113-evidence/interpreter-matrix.sh	67	redirect	$@	"$@" >/dev/null 2>&1; code=$?
TRACKED-DIR	.softhouse/handoff/2026-08-17-run1-harness-schedule-poc/T113-evidence/interpreter-matrix.sh	208	rm	$(cd "$(cd "$(dirname "${BASH_SOURCE[0]}")" && pwd)/../../../.." && pwd)/.softhouse/.T113-matrix-noifs.sh	trap 'rm -f "$NOIFS" "$BENV" "$SEEIFS"' EXIT
TRACKED-DIR	.softhouse/handoff/2026-08-17-run1-harness-schedule-poc/T113-evidence/interpreter-matrix.sh	209	redirect	$IFS	printf 'printf %%s "$IFS"\n' > "$SEEIFS"
TRACKED-DIR	.softhouse/handoff/2026-08-17-run1-harness-schedule-poc/T113-evidence/interpreter-matrix.sh	213	redirect	$(cd "$(cd "$(dirname "${BASH_SOURCE[0]}")" && pwd)/../../../.." && pwd)/.softhouse/.T113-matrix-benv.sh	printf 'IFS=z\n' > "$BENV"
TRACKED-DIR	.softhouse/handoff/2026-08-17-run1-harness-schedule-poc/T113-evidence/interpreter-matrix.sh	228	redirect	${1:-$(cd "$(cd "$(dirname "${BASH_SOURCE[0]}")" && pwd)/../../../.." && pwd)/.softhouse/conformance.sh}	"$HARNESS" > "$NOIFS"
TRACKED-DIR	.softhouse/handoff/2026-08-17-run1-harness-schedule-poc/T113-evidence/interpreter-matrix.sh	243	redirect	$v	printf 'IFS=%s\n' "$v" > "$BENV"
TRACKED-DIR	.softhouse/handoff/2026-08-17-run1-harness-schedule-poc/T113-evidence/interpreter-matrix.sh	326	redirect	${tok_alphabet	printf 'IFS=%s\n' "${tok_alphabet:$i:1}" > "$BENV"
TRACKED-DIR	.softhouse/handoff/2026-08-17-run1-harness-schedule-poc/T113-evidence/interpreter-matrix.sh	334	rm	$(cd "$(cd "$(dirname "${BASH_SOURCE[0]}")" && pwd)/../../../.." && pwd)/.softhouse/.T113-matrix-noifs.sh	rm -f "$NOIFS" "$BENV" "$SEEIFS"
TRACKED-DIR	.softhouse/handoff/2026-08-17-run1-harness-schedule-poc/T113-evidence/prove-token-forgeable.sh	63	redirect	$0	index($0, lit) > 0 && !done { print "           < /nonexistent-T106/nope"; done = 1; next }
TRACKED-DIR	.softhouse/handoff/2026-08-17-run1-harness-schedule-poc/T113-evidence/prove-token-forgeable.sh	65	redirect	$(cd "$(cd "$(dirname "${BASH_SOURCE[0]}")" && pwd)/../../../.." && pwd)/.softhouse/conformance.sh	' "$HARNESS" > "$ORIG"
TRACKED-DIR	.softhouse/handoff/2026-08-17-run1-harness-schedule-poc/T113-evidence/prove-token-forgeable.sh	87	redirect	$envass	env "$envass" /bin/bash "$file" --help >/dev/null 2>&1; code=$?
TRACKED-DIR	.softhouse/handoff/2026-08-17-run1-harness-schedule-poc/T113-evidence/prove-token-forgeable.sh	89	redirect	$file	/bin/bash "$file" --help >/dev/null 2>&1; code=$?
TRACKED-DIR	.softhouse/handoff/2026-08-17-run1-harness-schedule-poc/T113-evidence/psub-dead-container.sh	52	rm	$(cd "$(cd "$(dirname "${BASH_SOURCE[0]}")" && pwd)/../../../.." && pwd)/.softhouse/.T113-prefix-conformance.sh	trap 'rm -f "$PREFIX" "$INNER"' EXIT
TRACKED-FILE	.softhouse/handoff/2026-08-17-run1-harness-schedule-poc/T113-evidence/psub-dead-container.sh	54	redirect	.softhouse/conformance.sh	if ! git -C "$REPO_ROOT" show "$PREFIX_REF:.softhouse/conformance.sh" > "$PREFIX"; then
TRACKED-DIR	.softhouse/handoff/2026-08-17-run1-harness-schedule-poc/T113-evidence/psub-dead-container.sh	75	redirect	$(cd "$(cd "$(dirname "${BASH_SOURCE[0]}")" && pwd)/../../../.." && pwd)/.softhouse/.T113-inner.sh	cat > "$INNER" <<'INNER_EOF'
TRACKED-DIR	.softhouse/handoff/2026-08-17-run1-harness-schedule-poc/T113-evidence/psub-dead-container.sh	101	redirect	$h	bash "$h" --help >/dev/null 2>&1; clean=$?
TRACKED-DIR	.softhouse/handoff/2026-08-17-run1-harness-schedule-poc/T113-evidence/psub-dead-container.sh	102	redirect	$(sed -n 's/^CONFORMANCE_PSUB_TOKEN="\(.*\)"$/\1/p' .softhouse/conformance.sh | head -1)	env _conformance_psub_line="$TOKEN" bash "$h" --help >/dev/null 2>&1; forged=$?
TRACKED-DIR	.softhouse/handoff/2026-08-17-run1-harness-schedule-poc/T113-evidence/readonly-sourced-edge.sh	60	redirect	$1	/bin/bash -c '( . "$1" --help ) >/dev/null 2>&1; exit $?' _ "$HARNESS"
TRACKED-DIR	.softhouse/handoff/2026-08-17-run1-harness-schedule-poc/T113-evidence/readonly-sourced-edge.sh	71	redirect	$2	/bin/bash -c 'readonly _conformance_psub_line="$2"; ( . "$1" --help ) >/dev/null 2>&1; exit $?' _ "$HARNESS" "$TOKEN"
TRACKED-DIR	.softhouse/handoff/2026-08-17-run1-harness-schedule-poc/T130-evidence/ifs-routes.sh	32	redirect	$IFS	printf 'printf "%%s" "$IFS"\n' > "$SCRIPT"
TRACKED-DIR	.softhouse/handoff/2026-08-17-run1-harness-schedule-poc/T130-evidence/ifs-routes.sh	46	redirect	$	ok "$label -> IFS is the $( [ "$want" = default ] && echo 'DEFAULT (route delivers NOTHING)' || echo "delivered value [$want]" )"
TRACKED-DIR	.softhouse/handoff/2026-08-17-run1-harness-schedule-poc/T130-evidence/token-spelling-crossproduct.sh	68	redirect	$(pick_unique "${LIVE_TOKEN%?}")	printf 'IFS=%s\n' "$UNIQ" > "$W/benv.sh"
TRACKED-DIR	.softhouse/handoff/2026-08-17-run1-harness-schedule-poc/T130-evidence/token-spelling-crossproduct.sh	72	redirect	$	sed "s|^CONFORMANCE_PSUB_TOKEN=\".*\"\$|CONFORMANCE_PSUB_TOKEN=\"$tok\"|" "$HARNESS" > "$out"
TRACKED-DIR	.softhouse/handoff/2026-08-17-run1-harness-schedule-poc/T130-evidence/token-spelling-crossproduct.sh	74	redirect	$1" tok="$2" mode="$3	sed 's|^      IFS= builtin read -r _conformance_psub_line|      builtin read -r _conformance_psub_line|' "$out" > "$out.t"
TRACKED-DIR	.softhouse/handoff/2026-08-17-run1-harness-schedule-poc/T130-evidence/token-spelling-crossproduct.sh	75	mv	$1" tok="$2" mode="$3.t	mv "$out.t" "$out"
TRACKED-DIR	.softhouse/handoff/2026-08-17-run1-harness-schedule-poc/T130-evidence/token-spelling-crossproduct.sh	101	redirect	${1:-/bin/bash}	none)    "$BASH_BIN" "$f" --help >/dev/null 2>&1; code=$? ;;
TRACKED-DIR	.softhouse/handoff/2026-08-17-run1-harness-schedule-poc/T130-evidence/token-spelling-crossproduct.sh	102	redirect	$(pick_unique "${LIVE_TOKEN%?}")	env)     env IFS="$UNIQ" "$BASH_BIN" "$f" --help >/dev/null 2>&1; code=$? ;;
TRACKED-DIR	.softhouse/handoff/2026-08-17-run1-harness-schedule-poc/T130-evidence/token-spelling-crossproduct.sh	103	redirect	${1:-/bin/bash}	bashenv) env BASH_ENV="$W/benv.sh" "$BASH_BIN" "$f" --help >/dev/null 2>&1; code=$? ;;
TRACKED-DIR	.softhouse/handoff/2026-08-17-run1-harness-schedule-poc/T130-evidence/token-spelling-crossproduct.sh	110	redirect	$code$	ok "$label -> exit $code$( [ "$want" = 3 ] && echo '  (the one false refusal — renamed token AND no prefix AND a delivering route)' )"
TRACKED-DIR	.softhouse/handoff/2026-08-17-run1-harness-schedule-poc/T130-evidence/token-spelling-crossproduct.sh	112	redirect	$code	bad "$label -> exit $code" "expected 0. A healthy bash was REFUSED; if this is the live token, the guard has a false refusal today."
TRACKED-DIR	.softhouse/handoff/2026-08-17-run1-harness-schedule-poc/T130-evidence/token-spelling-crossproduct.sh	114	redirect	$code	bad "$label -> exit $code" "expected 3. The renamed token was NOT truncated on a delivering route — either the \`read\` rule has changed or the prefix was not actually deleted, and
TRACKED-FILE	.softhouse/handoff/2026-08-17-run1-harness-schedule-poc/T97-evidence/prove-interpreter-guard.sh	91	redirect	.softhouse/conformance.sh	if ! git -C "$REPO_ROOT" show "$PREFIX_COMMIT:.softhouse/conformance.sh" > "$PREFIX" 2>/dev/null; then
TRACKED-DIR	.softhouse/handoff/2026-08-17-run1-harness-schedule-poc/T97-evidence/prove-interpreter-guard.sh	116	redirect	$(cd "$(cd "$(dirname "${BASH_SOURCE[0]}")" && pwd)/../../../.." && pwd)/.softhouse/conformance.sh	run_row 3 0 "bash -r <harness>"           -- /bin/bash -r "$HARNESS"
TRACKED-DIR	.softhouse/handoff/2026-08-17-run1-harness-schedule-poc/T97-evidence/prove-interpreter-guard.sh	117	redirect	$(cd "$(cd "$(dirname "${BASH_SOURCE[0]}")" && pwd)/../../../.." && pwd)/.softhouse/conformance.sh	run_row 3 0 "bash --posix -r <harness>"   -- /bin/bash --posix -r "$HARNESS"
TRACKED-DIR	.softhouse/handoff/2026-08-17-run1-harness-schedule-poc/T97-evidence/prove-interpreter-guard.sh	125	redirect	$s	run_row 3 0 "$s <harness>" -- "$s" "$HARNESS"
UNRESOLVED	.softhouse/handoff/2026-08-17-run1-harness-schedule-poc/T97-evidence/prove-interpreter-guard.sh	151	redirect	"$1"; shift	ok "$label: psub works -> ADMITTED (exit 0)"
UNRESOLVED	.softhouse/handoff/2026-08-17-run1-harness-schedule-poc/T97-evidence/prove-interpreter-guard.sh	153	redirect	"$1"; shift	ok "$label: psub does NOT work -> REFUSED (exit 3)"
TRACKED-DIR	.softhouse/handoff/2026-08-17-run1-harness-schedule-poc/T97-evidence/prove-interpreter-guard.sh	172	redirect	$(cd "$(cd "$(dirname "${BASH_SOURCE[0]}")" && pwd)/../../../.." && pwd)/.softhouse/conformance.sh	"$HARNESS" > "$BROKEN"
TRACKED-DIR	.softhouse/handoff/2026-08-17-run1-harness-schedule-poc/T97-evidence/prove-interpreter-guard.sh	184	redirect	.softhouse/handoff/2026-08-17-run1-harness-schedule-poc/T97-evidence	sed '/^#=END-OF-HELP=$/d' "$HARNESS" > "$NOSENT"
TRACKED-DIR	.softhouse/handoff/2026-08-17-run1-harness-schedule-poc/T97-evidence/prove-interpreter-guard.sh	243	redirect	$0	index($0, lit) > 0 && !done { print "           < /nonexistent-T113/nope"; done = 1; next }
TRACKED-DIR	.softhouse/handoff/2026-08-17-run1-harness-schedule-poc/T97-evidence/prove-interpreter-guard.sh	245	redirect	$(cd "$(cd "$(dirname "${BASH_SOURCE[0]}")" && pwd)/../../../.." && pwd)/.softhouse/conformance.sh	' "$HARNESS" > "$FORGE"
TRACKED-DIR	.softhouse/handoff/2026-08-17-run1-harness-schedule-poc/T97-evidence/prove-interpreter-guard.sh	253	redirect	$	grep -v '^      _conformance_psub_line=$' "$FORGE" > "$UNFIXED"
TRACKED-DIR	.softhouse/handoff/2026-08-21-run2-tierA-gl-accounting-A2/A2-12-amount-census.py	57	redirect	.softhouse/capture/tierA-a2/out	root = pathlib.Path(sys.argv[1] if len(sys.argv) > 1 else ".softhouse/capture/tierA-a2/out")
TRACKED-FILE	.softhouse/handoff/2026-08-21-run2-tierA-gl-accounting-A2/T203-evidence/drive-red.sh	14	redirect	.softhouse/handoff/T74-promote-vectors.py	git -C "$ROOT" show HEAD:.softhouse/handoff/T74-promote-vectors.py     > "$H/T203-PREFIX-T74.py"
TRACKED-FILE	.softhouse/handoff/2026-08-21-run2-tierA-gl-accounting-A2/T203-evidence/drive-red.sh	15	redirect	.softhouse/handoff/T61-promote-vectors.py	git -C "$ROOT" show HEAD:.softhouse/handoff/T61-promote-vectors.py     > "$H/T203-PREFIX-T61.py"
TRACKED-FILE	.softhouse/handoff/2026-08-21-run2-tierA-gl-accounting-A2/T203-evidence/drive-red.sh	16	redirect	.softhouse/capture/t64-zeroprincipal/src/T64-promote-vectors.py	git -C "$ROOT" show HEAD:.softhouse/capture/t64-zeroprincipal/src/T64-promote-vectors.py > "$H/T203-PREFIX-T64.py"
TRACKED-FILE	.softhouse/handoff/2026-08-21-run2-tierA-gl-accounting-A2/T203-evidence/drive-red.sh	17	redirect	.softhouse/handoff/T58-promote-vectors.py	git -C "$ROOT" show HEAD:.softhouse/handoff/T58-promote-vectors.py     > "$H/T203-PREFIX-T58.py"
TRACKED-FILE	.softhouse/handoff/2026-08-21-run2-tierA-gl-accounting-A2/T203-evidence/drive-red.sh	18	redirect	.softhouse/handoff/T57-promote-emi-vectors.py	git -C "$ROOT" show HEAD:.softhouse/handoff/T57-promote-emi-vectors.py > "$H/T203-PREFIX-T57.py"
TRACKED-FILE	.softhouse/handoff/2026-08-21-run2-tierA-gl-accounting-A2/T203-evidence/drive-red.sh	19	redirect	.softhouse/handoff/T8-promote-vectors.py	git -C "$ROOT" show HEAD:.softhouse/handoff/T8-promote-vectors.py      > "$H/T203-PREFIX-T8.py"
TRACKED-DIR	.softhouse/handoff/2026-08-21-run2-tierA-gl-accounting-A2/T203-evidence/t82-parity.sh	21	redirect	$m	"$ROOT" "$m" "$PRE"  > "/tmp/t203-pre-$m.txt"  2>&1; rcpre=$?
TRACKED-DIR	.softhouse/handoff/2026-08-21-run2-tierA-gl-accounting-A2/T203-evidence/t82-parity.sh	23	redirect	$m	"$ROOT" "$m" "$POST" > "/tmp/t203-post-$m.txt" 2>&1; rcpost=$?
TRACKED-DIR	.softhouse/handoff/2026-08-21-run2-tierA-gl-accounting-A2/T203-evidence/t82-parity.sh	25	redirect	.softhouse/handoff/2026-08-21-run2-tierA-gl-accounting-A2/T203-evidence	/usr/bin/sed -e '/^PROMOTER:/d' -e 's#/tmp/t203-T74-prefix.py##' "/tmp/t203-pre-$m.txt"  > /tmp/t203-a.txt
TRACKED-DIR	.softhouse/handoff/2026-08-21-run2-tierA-gl-accounting-A2/T203-evidence/t82-parity.sh	26	redirect	.softhouse/handoff/2026-08-21-run2-tierA-gl-accounting-A2/T203-evidence	/usr/bin/sed -e '/^PROMOTER:/d' -e 's#/tmp/t203-T74-prefix.py##' "/tmp/t203-post-$m.txt" > /tmp/t203-b.txt
TRACKED-DIR	.softhouse/handoff/2026-08-21-run2-tierA-gl-accounting-A2/T203-evidence/t82-parity.sh	27	redirect	$rcpre	if diff -q /tmp/t203-a.txt /tmp/t203-b.txt > /dev/null && [ "$rcpre" = "$rcpost" ]; then
TRACKED-DIR	.softhouse/handoff/2026-08-21-run2-tierA-gl-accounting-A2/T211-probe/fake-claude.zsh	10	redirect	$$	print -r -- "$$" > "${T211_CHILDPID:-/tmp/t211-scratch/childpid}"
TRACKED-DIR	.softhouse/handoff/2026-08-21-run2-tierA-gl-accounting-A2/T211-probe/lock-recovery.zsh	43	redirect	$1	mk() { print -r -- "$1" > "$LOCK" }
TRACKED-DIR	.softhouse/handoff/2026-08-21-run2-tierA-gl-accounting-A2/T211-probe/lock-recovery.zsh	51	redirect	$1 expect=$2	print -r -- "  PASS  $label -> $got (expected $expect)"
TRACKED-DIR	.softhouse/handoff/2026-08-21-run2-tierA-gl-accounting-A2/T211-probe/lock-recovery.zsh	53	redirect	$1 expect=$2	print -r -- "  FAIL  $label -> $got (expected $expect)   <-- T202's recovery is BROKEN"
TRACKED-DIR	.softhouse/handoff/2026-08-21-run2-tierA-gl-accounting-A2/T211-probe/semantics.zsh	61	redirect	$!	/bin/ps -o pid,command -p $BGC >/dev/null 2>&1
TRACKED-DIR	.softhouse/handoff/2026-08-21-run2-tierA-gl-accounting-A2/T211-probe/semantics2.zsh	49	redirect	$	( exit 42 ) & ; wait $!; print -r -- "( exit 42 ) & ; wait \$!  -> rc=$?   (expect 42)"
TRACKED-DIR	.softhouse/handoff/2026-08-21-run2-tierA-gl-accounting-A2/T211-probe/semantics2.zsh	59	redirect	$?	( { /bin/sh -c 'exit 37'; print -r -- $? > $RCF } | /bin/cat | /bin/cat ) &
TRACKED-DIR	.softhouse/handoff/2026-08-21-run2-tierA-gl-accounting-A2/T211-probe/semantics2.zsh	62	redirect	$	print -r -- "rc file contents = $(cat $RCF 2>/dev/null || print '<missing>')   (expect 37 -- the driver's real status)"
TRACKED-FILE	.softhouse/handoff/2026-08-21-run2-tierA-gl-accounting-A2/T211-probe/setup-scratch.zsh	10	redirect	.softhouse/tasks.json	print -r -- baseline > .softhouse/tasks.json
TRACKED-FILE	.softhouse/handoff/2026-08-21-run2-tierA-gl-accounting-A2/T211-probe/setup-scratch.zsh	11	redirect	.softhouse/LOCK	cat > .softhouse/LOCK <<EOF
TRACKED-DIR	.softhouse/handoff/2026-08-21-run2-tierA-gl-accounting-A2/T211-probe/treewalk.zsh	22	redirect	${	(( ${#lines} > 1 )) || return 1
TRACKED-DIR	.softhouse/handoff/2026-08-21-run2-tierA-gl-accounting-A2/T211-probe/treewalk.zsh	44	redirect	$?	( { /usr/bin/caffeinate -i -m -s /bin/sleep 120; print -r -- $? > $RC } \
TRACKED-DIR	.softhouse/handoff/2026-08-21-run2-tierA-gl-accounting-A2/T211-probe/treewalk.zsh	65	redirect	${DRIVER_TREE[	log "  -> IN the tree at index ${DRIVER_TREE[(I)$SLEEPPID]}  (a single kill on \$! would have MISSED it)"
TRACKED-DIR	.softhouse/handoff/2026-08-21-run2-tierA-gl-accounting-A2/T211-probe/treewalk.zsh	75	redirect	${	log "still present after SIGTERM + 1.5s: ${#STILL} -> ${STILL[*]:-none}"
TRACKED-DIR	.softhouse/handoff/2026-08-21-run2-tierA-gl-accounting-A2/T211-probe/treewalk.zsh	82	redirect	$	log "rc file contents = $(cat $RC 2>/dev/null || print '<missing - the child was killed before it could write one>')"
TRACKED-DIR	.softhouse/handoff/2026-08-21-run2-tierA-gl-accounting-A2/T211-probe/waittrap.zsh	38	redirect	$	/bin/sh -c "echo \$\$ > '$PIDF'; exec /bin/sleep $CHILD_SECS"
TRACKED-DIR	.softhouse/handoff/2026-08-21-run2-tierA-gl-accounting-A2/T211-probe/waittrap.zsh	42	redirect	$	/bin/sh -c "echo \$\$ > '$PIDF'; exec /bin/sleep $CHILD_SECS" &
TRACKED-DIR	.softhouse/handoff/2026-08-21-run2-tierA-gl-accounting-A2/T211-probe/waittrap.zsh	47	redirect	$?	log "WAIT RETURNED rc=$WRC   (>128 means it was interrupted by the trapped signal)"
TRACKED-DIR	.softhouse/handoff/2026-08-21-run2-tierA-gl-accounting-A2/T241-evidence/census_two_engines_t241.sh	121	redirect	${POSES[$i]}	printf '%s\n' "${POSES[$i]}" > "$TMP/pos.txt"
TRACKED-DIR	.softhouse/handoff/2026-08-21-run2-tierA-gl-accounting-A2/T241-evidence/census_two_engines_t241.sh	122	redirect	${NEGES[$i]}	printf '%s\n' "${NEGES[$i]}" > "$TMP/neg.txt"
TRACKED-FILE	.softhouse/handoff/T57-transcription-audit.py	10	redirect	.softhouse/handoff/T57-transcription-audit.py	python3 .softhouse/handoff/T57-transcription-audit.py <vector-file> [<vector-file> ...]
TRACKED-DIR	.softhouse/handoff/t203_store_guard.py	194	redirect	.softhouse/handoff	"""Create `<store_dir>/<filename>` containing `text`, or refuse.
TRACKED-DIR	.softhouse/reviews/A2-10-probe/adjudicate-rmf-counterfactual.sh	18	rm	$?	grep -n 'rc=\$?\|rc=0\|rm -f\|TRANSPORT' /tmp/poison/cap-counterfactual.sh
TRACKED-DIR	.softhouse/reviews/A2-10-probe/adjudicate-rmf-counterfactual.sh	61	rm	$ec	report "$d" "$ec"; rm -rf "$d"
TRACKED-DIR	.softhouse/reviews/A2-10-probe/adjudicate-rmf-counterfactual.sh	65	rm	$	d=$(seed /tmp/poison/cap-counterfactual.sh); rm -f "$d"/out/*
TRACKED-DIR	.softhouse/reviews/A2-10-probe/adjudicate-rmf-counterfactual.sh	67	rm	$ec	report "$d" "$ec"; rm -rf "$d"
TRACKED-DIR	.softhouse/reviews/A2-10-probe/adjudicate-rmf-counterfactual.sh	73	rm	$ec	report "$d" "$ec"; rm -rf "$d"
TRACKED-DIR	.softhouse/reviews/A2-10-probe/poison-d2-shell-matrix.sh	37	rm	$	SKIP=$((SKIP+1)); printf '  skip    %-40s (shell refused the options)\n' "$desc"; rm -rf "$d"; return
TRACKED-DIR	.softhouse/reviews/A2-10-probe/poison-d2-shell-matrix.sh	65	redirect	$SH	"$SH" "$d/cap.sh" "$@" >/dev/null 2>"$errf"; ec=$?
TRACKED-DIR	.softhouse/reviews/A2-10-probe/poison-d2-shell-matrix.sh	67	redirect	$SH	"$SH" $OPTS "$d/cap.sh" "$@" >/dev/null 2>"$errf"; ec=$?
TRACKED-DIR	.softhouse/reviews/A2-10-probe/poison-d2-shell-matrix.sh	77	redirect	$BRANCH	if [ "$BRANCH" = body ]; then "$d/cap.sh" POISON POST /glaccounts req/b.json >/dev/null 2>"$errf"; ec=$?
TRACKED-DIR	.softhouse/reviews/A2-10-probe/poison-d2-shell-matrix.sh	78	redirect	$?	else "$d/cap.sh" POISON POST /glaccounts >/dev/null 2>"$errf"; ec=$?; fi
TRACKED-DIR	.softhouse/reviews/A2-10-probe/poison-d2-shell-matrix.sh	79	rm	${BRANCH}	check "shebang ${BRANCH}" "$d" "$ec" "$errf"; rm -f "$errf"
TRACKED-DIR	.softhouse/reviews/A2-10-probe/poison-d2-transport-modes.py	109	tee	$D/cap.sh	"pipeline to tee  || exit 1": 'sh "$D/cap.sh" POISON POST /glaccounts req/b.json | tee "$D/log" || exit 1\ncat "$D/out/POISON.json"\n',
TRACKED-DIR	.softhouse/reviews/A2-11/enumerate-corpus.py	40	redirect	.softhouse/reviews/A2-11	by_ext = Counter(p.rsplit(".", 1)[-1] if "." in p.rsplit("/", 1)[-1] else "<no-ext>" for p in paths)
TRACKED-DIR	.softhouse/reviews/A2-11/re-derive-runtime.sh	26	rm	$?	if [ $rc -ne 0 ]; then echo "TRANSPORT FAILURE rc=$rc on $path" >&2; rm -f "$OUT/$name.json"; exit 1; fi
TRACKED-DIR	.softhouse/reviews/A2-11/re-derive-runtime.sh	27	redirect	$(printf '%s' "$body" | curl -sk --max-time 60 -o ".softhouse/reviews/A2-11/obs/"$1" path="$2" body="$3" code.json" -w '%{http_code}' \	printf '%s' "$code" > "$OUT/$name.status"
TRACKED-DIR	.softhouse/reviews/A2-11/re-derive-runtime.sh	28	redirect	$path	echo "POST $path -> $code"
TRACKED-FILE	.softhouse/reviews/A2-11/re-derive-runtime.sh	57	redirect	.softhouse/reviews/A2-11/obs/a2-11-loan-id.txt	echo "$LOAN" > "$OUT/a2-11-loan-id.txt"
TRACKED-DIR	.softhouse/reviews/A2-11/re-observe.sh	19	rm	$?	if [ $rc -ne 0 ]; then echo "TRANSPORT FAILURE rc=$rc on $path" >&2; rm -f "$OUT/$name.json"; return 1; fi
TRACKED-DIR	.softhouse/reviews/A2-11/re-observe.sh	20	redirect	$(curl -sk --max-time 60 -o ".softhouse/reviews/A2-11/obs/"$1" path="$2" code.json" -w '%{http_code}' -H "Authorization: Basic bWlmb3M6cGFzc3dvcmQ=" -H "Fineract-Platform-TenantId: gerege" "https://localhost:8443/fineract-provider/api/v1$path")	printf '%s' "$code" > "$OUT/$name.status"
TRACKED-DIR	.softhouse/reviews/A2-11/re-observe.sh	21	redirect	$path	echo "GET $path -> $code  bytes=$(wc -c < "$OUT/$name.json" | tr -d ' ')  sha256=$(shasum -a 256 < "$OUT/$name.json" | cut -d' ' -f1)"
TRACKED-DIR	.softhouse/reviews/A2-11/re-observe.sh	28	rm	$?	if [ $rc -ne 0 ]; then echo "TRANSPORT FAILURE rc=$rc on $path" >&2; rm -f "$OUT/$name.json"; return 1; fi
TRACKED-DIR	.softhouse/reviews/A2-11/re-observe.sh	29	redirect	$(curl -sk --max-time 60 -o ".softhouse/reviews/A2-11/obs/"$1" path="$2" code.json" -w '%{http_code}' -H "Authorization: Basic bWlmb3M6cGFzc3dvcmQ=" -H "Fineract-Platform-TenantId: gerege" "https://localhost:8443/fineract-provider/api/v1$path")	printf '%s' "$code" > "$OUT/$name.status"
TRACKED-DIR	.softhouse/reviews/A2-11/re-observe.sh	30	redirect	$path	echo "POST $path -> $code  bytes=$(wc -c < "$OUT/$name.json" | tr -d ' ')  sha256=$(shasum -a 256 < "$OUT/$name.json" | cut -d' ' -f1)"
TRACKED-FILE	.softhouse/reviews/A2-11/re-observe.sh	34	tee	.softhouse/reviews/A2-11/obs/a2-11-health.txt	curl -sk --max-time 20 https://localhost:8443/fineract-provider/actuator/health | tee "$OUT/a2-11-health.txt"; echo
TRACKED-FILE	.softhouse/reviews/A2-11/run-all.sh	37	tee	.softhouse/reviews/A2-11/TRANSCRIPT-A2-11.txt	} 2>&1 | tee "$DIR/TRANSCRIPT-A2-11.txt"
TRACKED-DIR	.softhouse/reviews/T135-evidence/blast-discriminate.sh	22	redirect	.softhouse/reviews/T135-evidence	echo "=> the witness triple is 000 / 001 when nothing was scanned and 111 when it was."
TRACKED-DIR	.softhouse/reviews/T135-evidence/charges-attack-expect-override.sh	19	redirect	$f	sh "$f" gerege > /tmp/t135/charges/d-$lbl.out 2> /tmp/t135/charges/d-$lbl.err
TRACKED-DIR	.softhouse/reviews/T135-evidence/charges-attack-live.sh	12	redirect	$f	CANARY_REQ=$MUT sh "$f" gerege > /tmp/t135/charges/b-$lbl.out 2> /tmp/t135/charges/b-$lbl.err
TRACKED-DIR	.softhouse/reviews/T135-evidence/charges-attack-live.sh	36	redirect	$f	sh "$f" gerege > /tmp/t135/charges/c-$lbl.out 2> /tmp/t135/charges/c-$lbl.err
TRACKED-DIR	.softhouse/reviews/T135-evidence/f2-canary-digests.sh	7	redirect	.softhouse/reviews/T135-evidence	sed 's/"principal": 1162502.5,/"principal": 1162502.55,/' "$SRC" > "$MUT"
TRACKED-FILE	.softhouse/reviews/T135-evidence/f6-runall-red.sh	11	redirect	.softhouse/capture/pathb/t99/run-all.sh	git -C "$C" show 38c8b5f:.softhouse/capture/pathb/t99/run-all.sh > /tmp/t135/f6/runall-prefix.sh
TRACKED-DIR	.softhouse/reviews/T135-evidence/p24-microfix-check.sh	9	redirect	$?	echo "  prove-$f.sh -> exit $?"
TRACKED-DIR	.softhouse/reviews/T135-evidence/p24-scratch-merge.sh	21	redirect	$?	echo "  prove-$f.sh -> exit $?"
TRACKED-DIR	.softhouse/reviews/T138-evidence/r1-mf1.sh	33	rm	$1	rm -rf "$1"; mkdir -p "$1"
TRACKED-DIR	.softhouse/reviews/T138-evidence/r1-mf1.sh	37	redirect	$1/$(basename "$d").txt	echo 'truncated, nothing was ever run' > "$1/$b.txt"
TRACKED-DIR	.softhouse/reviews/T138-evidence/r1-mf1.sh	60	rm	${2:?usage: r1-mf1.sh <post-sha> <workdir>}/g-$d	rm -rf "$W/g-$d"; cp -R "$W/pre/.softhouse/capture/t91/out/$d" "$W/g-$d"; chmod -R u+w "$W/g-$d"
TRACKED-DIR	.softhouse/reviews/T138-evidence/r1-mf1.sh	63	redirect	${2:?usage: r1-mf1.sh <post-sha> <workdir>}/post/.softhouse/capture/t91/verdict.sh	sh "$POSTV" "$W/g-$d" >/dev/null 2>&1; echo "EXIT=$?"
TRACKED-DIR	.softhouse/reviews/T138-evidence/r1-mf1.sh	73	rm	${2:?usage: r1-mf1.sh <post-sha> <workdir>}/gp-$d	rm -rf "$W/gp-$d"; cp -R "$W/post/.softhouse/capture/t91/out/$d" "$W/gp-$d"; chmod -R u+w "$W/gp-$d"
TRACKED-DIR	.softhouse/reviews/T138-evidence/r1-mf1.sh	74	redirect	${2:?usage: r1-mf1.sh <post-sha> <workdir>}/post/.softhouse/capture/t91/verdict.sh	sh "$POSTV" "$W/gp-$d" >/dev/null 2>&1
TRACKED-DIR	.softhouse/reviews/T138-evidence/r1-mf1.sh	87	redirect	$d	ls "$d"/A*.txt >/dev/null 2>&1 || continue
TRACKED-DIR	.softhouse/reviews/T138-evidence/r1-mf1.sh	88	rm	${2:?usage: r1-mf1.sh <post-sha> <workdir>}/sh-$tree-$(basename "$d")	rm -rf "$W/sh-$tree-$b"; cp -R "$d" "$W/sh-$tree-$b"; chmod -R u+w "$W/sh-$tree-$b"
TRACKED-DIR	.softhouse/reviews/T138-evidence/r1-mf1.sh	103	rm	${2:?usage: r1-mf1.sh <post-sha> <workdir>}/bare	rm -rf "$W/bare"; cp -R "$W/pre/.softhouse/capture/t91/out/postfix-livetwin-sh" "$W/bare" 2>/dev/null \
TRACKED-DIR	.softhouse/reviews/T138-evidence/r1-mf1.sh	107	redirect	${2:?usage: r1-mf1.sh <post-sha> <workdir>}/bare/A2a-mutated-canary-gerege.txt	echo '5' > "$W/bare/A2a-mutated-canary-gerege.txt"
TRACKED-DIR	.softhouse/reviews/T138-evidence/r1-mf1.sh	111	redirect	$(printf '%s\n' "$(LC_ALL=C tail -1 "${2:?usage: r1-mf1.sh <post-sha> <workdir>}/bare/A2a-mutated-canary-gerege.txt")" | sed 's/EXIT=//')	case "$st" in ''|*[!0-9]*) echo "   value test: shape=bad" ;; *) echo "   value test: shape=OK, st=$st -> BREACH row scores OK (vacuous pass)" ;; esac
TRACKED-DIR	.softhouse/reviews/T138-evidence/r1-mf1.sh	114	redirect	${2:?usage: r1-mf1.sh <post-sha> <workdir>}/post/.softhouse/capture/t91/verdict.sh	sh "$POSTV" "$W/bare" >/dev/null 2>&1; echo "EXIT=$?"
TRACKED-DIR	.softhouse/reviews/T138-evidence/r1-mf1.sh	117	rm	${2:?usage: r1-mf1.sh <post-sha> <workdir>}/bare2	rm -rf "$W/bare2"; cp -R "$W/bare" "$W/bare2"
TRACKED-DIR	.softhouse/reviews/T138-evidence/r1-mf1.sh	119	redirect	${2:?usage: r1-mf1.sh <post-sha> <workdir>}/pre/.softhouse/capture/t91/verdict.sh	sh "$PREV" "$W/bare2" >/dev/null 2>&1; echo "PRE_EXIT=$?"
TRACKED-DIR	.softhouse/reviews/T138-evidence/r13-vb.sh	45	redirect	$?	sh "$D/verdict-A7-breach.sh" "$D/dead" | tail -6; sh "$D/verdict-A7-breach.sh" "$D/dead" >/dev/null 2>&1; echo "EXIT=$?"
TRACKED-DIR	.softhouse/reviews/T138-evidence/r13-vb.sh	53	inplace-edit	$r.txt	LC_ALL=C sed -i.bak "s|^$r.txt|CLEAN|$r.txt|BREACH|" "$D/verdict-all-breach.sh" 2>/dev/null
TRACKED-DIR	.softhouse/reviews/T138-evidence/r13-vb.sh	54	inplace-edit	$r.txt	LC_ALL=C sed -i.bak2 "s|^$r.txt\\|CLEAN\\||$r.txt\\|BREACH\\||" "$D/verdict-all-breach.sh"
TRACKED-DIR	.softhouse/reviews/T138-evidence/r14-g4fix.sh	11	rm	$1	rm -rf "$1"
TRACKED-DIR	.softhouse/reviews/T138-evidence/r14-g4fix.sh	22	rm	$1/.softhouse/capture/t91/prove-guards.sh	rm -f "$P".bak*
TRACKED-FILE	.softhouse/reviews/T138-evidence/r14-g4fix.sh	33	redirect	.softhouse/capture/t91/prove-guards.sh	(cd /tmp/T138-g4fix && sh .softhouse/capture/t91/prove-guards.sh >/dev/null 2>&1); echo "SCRIPT_EXIT=$?"
TRACKED-DIR	.softhouse/reviews/T138-evidence/r14-g4fix.sh	38	inplace-edit	$S	LC_ALL=C sed -i.bak 's|if LC_ALL=C grep -aqF "\$S" "\$f"; then c=YES; else c=no; fi|c=no  # T138 mutation: scanner blinded|' "$V"
TRACKED-FILE	.softhouse/reviews/T138-evidence/r14-g4fix.sh	42	redirect	.softhouse/capture/t91/prove-guards.sh	(cd /tmp/T138-g4fix-blind && sh .softhouse/capture/t91/prove-guards.sh >/dev/null 2>&1); echo "SCRIPT_EXIT=$?"
TRACKED-DIR	.softhouse/reviews/T138-evidence/r14-g4fix.sh	47	inplace-edit	$S	LC_ALL=C sed -i.bak 's|if LC_ALL=C grep -aqF "\$S" "\$f"; then c=YES; else c=no; fi|if LANG=en_US.UTF-8 LC_ALL=en_US.UTF-8 /usr/bin/grep -aqF "$S" "$f"; then c=YES; else c=no; fi  
TRACKED-FILE	.softhouse/reviews/T138-evidence/r14-g4fix.sh	52	redirect	.softhouse/capture/t91/prove-guards.sh	(cd /tmp/T138-g4fix-nolc && sh .softhouse/capture/t91/prove-guards.sh >/dev/null 2>&1); echo "SCRIPT_EXIT=$?"
TRACKED-DIR	.softhouse/reviews/T138-evidence/r14-g4fix.sh	56	rm	${1:?checkout}	rm -rf "$D"; git clone --quiet --no-hardlinks --shared "$C" "$D"
TRACKED-DIR	.softhouse/reviews/T138-evidence/r14-g4fix.sh	59	inplace-edit	$S	LC_ALL=C sed -i.bak 's|if LC_ALL=C grep -aqF "\$S" "\$f"; then c=YES; else c=no; fi|if LANG=en_US.UTF-8 LC_ALL=en_US.UTF-8 /usr/bin/grep -aqF "$S" "$f"; then c=YES; else c=no; fi  
TRACKED-FILE	.softhouse/reviews/T138-evidence/r14-g4fix.sh	63	redirect	.softhouse/capture/t91/prove-guards.sh	(cd "$D" && sh .softhouse/capture/t91/prove-guards.sh >/dev/null 2>&1); echo "SCRIPT_EXIT=$?"
TRACKED-DIR	.softhouse/reviews/T138-evidence/r14b-g4fix.sh	10	rm	$1	rm -rf "$1"
TRACKED-FILE	.softhouse/reviews/T138-evidence/r14b-g4fix.sh	62	redirect	.softhouse/capture/t91/prove-guards.sh	(cd "$1" && sh .softhouse/capture/t91/prove-guards.sh >/dev/null 2>&1); echo "    SCRIPT_EXIT=$?"
TRACKED-DIR	.softhouse/reviews/T138-evidence/r15-vbfix.sh	12	redirect	$d	ls "$d"/A*.txt >/dev/null 2>&1 || continue
TRACKED-DIR	.softhouse/reviews/T138-evidence/r15-vbfix.sh	29	redirect	$D	if ! LC_ALL=C grep -alF "$S" "$D"/A*.txt >/dev/null 2>&1; then
TRACKED-DIR	.softhouse/reviews/T138-evidence/r15-vbfix.sh	43	redirect	$d	ls "$d"/A*.txt >/dev/null 2>&1 || continue
TRACKED-DIR	.softhouse/reviews/T138-evidence/r15-vbfix.sh	44	rm	$d	t=/tmp/T138-vb-$tree-$b; rm -rf "$t"; cp -R "$d" "$t"; chmod -R u+w "$t"
TRACKED-DIR	.softhouse/reviews/T138-evidence/r15-vbfix.sh	45	redirect	${1:?workdir}/post/.softhouse/capture/t91/verdict.sh	sh "$W/post/.softhouse/capture/t91/verdict.sh" "$t" >/dev/null 2>&1; a=$?
TRACKED-DIR	.softhouse/reviews/T138-evidence/r15-vbfix.sh	46	redirect	$?	sh "$V" "$t" >/dev/null 2>&1; c=$?
TRACKED-DIR	.softhouse/reviews/T138-evidence/r15-vbfix.sh	53	redirect	${1:?workdir}/post/.softhouse/capture/t91/verdict.sh	sh "$W/post/.softhouse/capture/t91/verdict.sh" /tmp/T138-vb/dead >/dev/null 2>&1; echo "   shipped exit=$?  (accidental: 3 CLEAN rows)"
TRACKED-DIR	.softhouse/reviews/T138-evidence/r15-vbfix.sh	55	redirect	$?	sh "$V" /tmp/T138-vb/dead >/dev/null 2>&1; echo "   patched exit=$?  (deliberate)"
TRACKED-DIR	.softhouse/reviews/T138-evidence/r15-vbfix.sh	70	redirect	$?	sh "$P" /tmp/T138-vb/dead >/dev/null 2>&1; echo "   patched+retyped exit=$?  (was 0 before the assertion)"
TRACKED-DIR	.softhouse/reviews/T138-evidence/r1b-mf1-red.sh	19	rm	${1:?workdir}/red-$base-$scorer	rm -rf "$d"; mkdir -p "$d"
TRACKED-DIR	.softhouse/reviews/T138-evidence/r1b-mf1-red.sh	22	redirect	${1:?workdir}/red-$base-$scorer/$b.txt	for b in $BREACH; do echo 'truncated, nothing was ever run' > "$d/$b.txt"; done
TRACKED-DIR	.softhouse/reviews/T138-evidence/r1b-mf1-red.sh	25	redirect	${1:?workdir}/pre/.softhouse/capture/t91/verdict.sh; [ "$scorer" = POST ] && v=${1:?workdir}/post/.softhouse/capture/t91/verdict.sh	sh "$v" "$d" > "$d.out" 2>&1; rc=$?
TRACKED-DIR	.softhouse/reviews/T138-evidence/r2-va.sh	16	rm	${1:?workdir}/va-$scorer	rm -rf "$d"; mkdir -p "$d"
TRACKED-DIR	.softhouse/reviews/T138-evidence/r2-va.sh	33	rm	${1:?workdir}/va-$scorer	rm -rf "$d"; mkdir -p "$d"
TRACKED-DIR	.softhouse/reviews/T138-evidence/r2-va.sh	36	redirect	${1:?workdir}/pre/.softhouse/capture/t91/verdict.sh	sh "$PREV" "$d" >/dev/null 2>&1; echo "EXIT=$?"
TRACKED-DIR	.softhouse/reviews/T138-evidence/r3-vcef.sh	16	rm	${1:?workdir}/vc	rm -rf "$W/vc"; mkdir -p "$W/vc"
TRACKED-DIR	.softhouse/reviews/T138-evidence/r3-vcef.sh	17	redirect	.softhouse/reviews/T138-evidence	LC_ALL=C sed 's/"principal": 1162502.5,/"principal": 1162502.50,/' "$CANON" > "$W/vc/canon-reformatted.json"
TRACKED-DIR	.softhouse/reviews/T138-evidence/r3-vcef.sh	18	redirect	$	echo "reformatted (1162502.5 -> 1162502.50) sha256: $(shasum -a 256 "$W/vc/canon-reformatted.json" | cut -d' ' -f1)"
TRACKED-DIR	.softhouse/reviews/T138-evidence/r3-vcef.sh	20	redirect	.softhouse/reviews/T138-evidence	sed 's/"principal": 1162502.5,/"principal": 1162502.55,/' "$W/vc/canon-reformatted.json" > "$W/vc/req-mutated-55.json"
TRACKED-DIR	.softhouse/reviews/T138-evidence/r3-vcef.sh	21	redirect	.softhouse/reviews/T138-evidence	sed 's/"principal": 1162502.5,/"principal": 1162502.4,/'  "$W/vc/canon-reformatted.json" > "$W/vc/req-crafted-04.json"
TRACKED-DIR	.softhouse/reviews/T138-evidence/r3-vcef.sh	48	rm	${1:?workdir}/ve	rm -rf "$W/ve"; mkdir -p "$W/ve/z-sh" "$W/ve/z-bash"
TRACKED-DIR	.softhouse/reviews/T138-evidence/r3-vcef.sh	49	redirect	${1:?workdir}/ve/z-sh/A1.txt	printf 'header\nEXIT=0\n' > "$W/ve/z-sh/A1.txt"
TRACKED-DIR	.softhouse/reviews/T138-evidence/r3-vcef.sh	50	redirect	${1:?workdir}/ve/z-bash/A1.txt	printf 'header\nEXIT=0\n' > "$W/ve/z-bash/A1.txt"
TRACKED-DIR	.softhouse/reviews/T138-evidence/r3-vcef.sh	51	redirect	${1:?workdir}/ve/z-bash/A2.txt	printf 'TOTALLY DIFFERENT CONTENT\nALL PRECONDITIONS HOLD\nEXIT=0\n' > "$W/ve/z-bash/A2.txt"
TRACKED-DIR	.softhouse/reviews/T138-evidence/r3-vcef.sh	58	rm	${1:?workdir}/ve2	rm -rf "$W/ve2"; mkdir -p "$W/ve2/z-sh" "$W/ve2/z-bash"
TRACKED-DIR	.softhouse/reviews/T138-evidence/r3-vcef.sh	59	redirect	${1:?workdir}/ve2/z-sh/A1.txt	printf 'header\nEXIT=0\n' > "$W/ve2/z-sh/A1.txt"
TRACKED-DIR	.softhouse/reviews/T138-evidence/r3-vcef.sh	60	redirect	${1:?workdir}/ve2/z-bash/A1.txt	printf 'header\nEXIT=0\n' > "$W/ve2/z-bash/A1.txt"
TRACKED-DIR	.softhouse/reviews/T138-evidence/r3-vcef.sh	61	redirect	${1:?workdir}/ve2/z-sh/A2.txt	printf 'X\nEXIT=0\n' > "$W/ve2/z-sh/A2.txt"
TRACKED-DIR	.softhouse/reviews/T138-evidence/r3-vcef.sh	67	rm	${1:?workdir}/vf	rm -rf "$W/vf"; mkdir -p "$W/vf/z-sh" "$W/vf/z-bash"
TRACKED-DIR	.softhouse/reviews/T138-evidence/r3-vcef.sh	68	redirect	${1:?workdir}/vf/z-sh/A1.txt	printf 'AAA\nEXIT=0\n' > "$W/vf/z-sh/A1.txt"
TRACKED-DIR	.softhouse/reviews/T138-evidence/r3-vcef.sh	69	redirect	${1:?workdir}/vf/z-bash/A1.txt	printf 'BBB DIFFERENT\nEXIT=1\n' > "$W/vf/z-bash/A1.txt"
TRACKED-DIR	.softhouse/reviews/T138-evidence/r3-vcef.sh	74	redirect	${1:?workdir}/vf/.inv-a	printf 'STALE\n' > "$W/vf/.inv-a"; printf 'STALE\n' > "$W/vf/.inv-b"
TRACKED-DIR	.softhouse/reviews/T138-evidence/r3-vcef.sh	93	redirect	$	command -v ugrep >/dev/null 2>&1 && echo "   yes: $(command -v ugrep)" || echo "   no — the else-branch is the one that runs here"
TRACKED-DIR	.softhouse/reviews/T138-evidence/r3b-vf.sh	12	rm	$1	rm -rf "$1"; mkdir -p "$1/z-sh" "$1/z-bash"
TRACKED-DIR	.softhouse/reviews/T138-evidence/r3b-vf.sh	13	redirect	$1/z-sh/A1.txt	printf 'AAA\nEXIT=0\n' > "$1/z-sh/A1.txt"
TRACKED-DIR	.softhouse/reviews/T138-evidence/r3b-vf.sh	14	redirect	$1/z-bash/A1.txt	printf 'BBB DIFFERENT\nEXIT=1\n' > "$1/z-bash/A1.txt"
TRACKED-DIR	.softhouse/reviews/T138-evidence/r3b-vf.sh	26	redirect	${1:?workdir}/vf2	mk "$W/vf2"; printf 'STALE\n' > "$W/vf2/.inv-a"; printf 'STALE\n' > "$W/vf2/.inv-b"
TRACKED-DIR	.softhouse/reviews/T138-evidence/r3b-vf.sh	32	redirect	${1:?workdir}/vf3	mk "$W/vf3"; printf 'STALE\n' > "$W/vf3/.inv-a"; printf 'STALE\n' > "$W/vf3/.inv-b"
TRACKED-DIR	.softhouse/reviews/T138-evidence/r3b-vf.sh	45	redirect	${1:?workdir}/vf4	mk "$W/vf4"; printf 'STALE\n' > "$W/vf4/.inv-a"; printf 'STALE\n' > "$W/vf4/.inv-b"
TRACKED-DIR	.softhouse/reviews/T138-evidence/r3b-vf.sh	49	redirect	$O	echo "   -> a read-only \$O is NOT required; read-only SCRATCH FILES are enough."
TRACKED-DIR	.softhouse/reviews/T138-evidence/r4-guards-red.sh	17	redirect	$?	sh "$X/.softhouse/capture/t91/prove-guards.sh" >/dev/null 2>&1; echo "POST_EXIT=$?"
TRACKED-DIR	.softhouse/reviews/T138-evidence/r4-guards-red.sh	24	redirect	$?	sh "$Y/.softhouse/capture/t91/prove-guards.sh" >/dev/null 2>&1; echo "PRE_EXIT=$?"
TRACKED-FILE	.softhouse/reviews/T138-evidence/r4-guards-red.sh	38	redirect	.softhouse/capture/t91/prove-guards.sh	(cd "$N" && sh .softhouse/capture/t91/prove-guards.sh >/dev/null 2>&1); echo "POST_EXIT=$?"
TRACKED-FILE	.softhouse/reviews/T138-evidence/r4-guards-red.sh	48	redirect	.softhouse/capture/t91/prove-guards.sh	(cd "$P" && sh .softhouse/capture/t91/prove-guards.sh >/dev/null 2>&1); echo "PRE_EXIT=$?"
TRACKED-DIR	.softhouse/reviews/T138-evidence/r4-guards-red.sh	65	inplace-edit	$S	LC_ALL=C sed -i.bak 's|if LC_ALL=C grep -aqF "\$S" "\$f"; then c=YES; else c=no; fi|c=no  # T138 mutation: scanner blinded|' "$V"
TRACKED-FILE	.softhouse/reviews/T138-evidence/r4-guards-red.sh	72	redirect	.softhouse/capture/t91/prove-guards.sh	(cd "$M" && sh .softhouse/capture/t91/prove-guards.sh >/dev/null 2>&1); echo "WHOLE_SCRIPT_EXIT=$?"
TRACKED-DIR	.softhouse/reviews/T138-evidence/r4-guards-red.sh	88	inplace-edit	$O/req-mutated-55.json	LC_ALL=C sed -i.bak 's|^assert_mutated "\$O/req-mutated-55.json" 1162502.55$|# T138 mutation: assert_mutated REMOVED|' "$K/.softhouse/capture/t91/run-attacks.sh"
TRACKED-DIR	.softhouse/reviews/T138-evidence/r4-guards-red.sh	89	inplace-edit	$O/req-crafted-04.json	LC_ALL=C sed -i.bak2 's|^assert_mutated "\$O/req-crafted-04.json" 1162502.4$|# T138 mutation: assert_mutated REMOVED|' "$K/.softhouse/capture/t91/run-attacks.sh"
TRACKED-DIR	.softhouse/reviews/T138-evidence/r4-guards-red.sh	90	inplace-edit	$CAP/pathb/t22-audit/req/calc-pmode2-gerege.json$	LC_ALL=C sed -i.bak3 's|^CANON=\$CAP/pathb/t22-audit/req/calc-pmode2-gerege.json$|CANON=$CAP/pathb/t22-audit/req/calc-pmode2-gerege.json\nRECIPE_CHECK_FAIL=1|' "$K/.softhouse/captu
TRACKED-DIR	.softhouse/reviews/T138-evidence/r4-guards-red.sh	95	inplace-edit	$CANON	LC_ALL=C sed -i.bak 's|^ln -s "\$CANON" "\$O/link-to-canon.json" .*$|ln -s /nonexistent/nope.json "$O/link-to-canon.json"  # T138 mutation|' "$K/.softhouse/capture/t91/run-attacks.
TRACKED-FILE	.softhouse/reviews/T138-evidence/r4-guards-red.sh	100	redirect	.softhouse/capture/t91/prove-guards.sh	(cd "$K" && sh .softhouse/capture/t91/prove-guards.sh >/dev/null 2>&1); echo "WHOLE_SCRIPT_EXIT=$?"
TRACKED-DIR	.softhouse/reviews/T138-evidence/r5-mutate-g5-g7.sh	15	inplace-edit	$@	LC_ALL=C sed -i.bak "$@" "$D/$f"
TRACKED-FILE	.softhouse/reviews/T138-evidence/r5-mutate-g5-g7.sh	28	redirect	.softhouse/capture/t91/prove-guards.sh	(cd "$D" && sh .softhouse/capture/t91/prove-guards.sh >/dev/null 2>&1); echo "SCRIPT_EXIT=$?"
TRACKED-FILE	.softhouse/reviews/T138-evidence/r5-mutate-g5-g7.sh	38	redirect	.softhouse/capture/t91/prove-guards.sh	(cd "$D" && sh .softhouse/capture/t91/prove-guards.sh >/dev/null 2>&1); echo "SCRIPT_EXIT=$?"
TRACKED-DIR	.softhouse/reviews/T138-evidence/r5-mutate-g5-g7.sh	45	redirect	$f	-e 's|^  norm "\$f" > "\$INVDIR/.inv-a"; norm "\$b" > "\$INVDIR/.inv-b"$|  norm "$f" > "$O/.inv-a"; norm "$b" > "$O/.inv-b"  # T138 mutation: V-F reverted|' \
TRACKED-FILE	.softhouse/reviews/T138-evidence/r5-mutate-g5-g7.sh	50	redirect	.softhouse/capture/t91/prove-guards.sh	(cd "$D" && sh .softhouse/capture/t91/prove-guards.sh >/dev/null 2>&1); echo "SCRIPT_EXIT=$?"
TRACKED-DIR	.softhouse/reviews/T138-evidence/r5-mutate-g5-g7.sh	51	redirect	$O	echo "   -> V-F has NO guard: no leg of prove-guards.sh exercises a read-only \$O for"
TRACKED-FILE	.softhouse/reviews/T138-evidence/r5-mutate-g5-g7.sh	62	redirect	.softhouse/capture/t91/prove-guards.sh	(cd "$D" && sh .softhouse/capture/t91/prove-guards.sh >/dev/null 2>&1); echo "SCRIPT_EXIT=$? (guards do not cover the shape test)"
TRACKED-DIR	.softhouse/reviews/T138-evidence/r6-mf2.sh	18	rm	$2	rm -rf "$2"; mkdir -p "$2"
TRACKED-DIR	.softhouse/reviews/T138-evidence/r6-mf2.sh	76	redirect	$	echo "    C1 wrapper/gerege                 $(cells "$W/c1.txt")/$(T40_WORKTREE="$W" sh "$W/.softhouse/capture/charges/bin/run-preconditions.sh" "$W/c1.txt" >/dev/null 2>&1; echo $
TRACKED-DIR	.softhouse/reviews/T138-evidence/r6-mf2.sh	78	redirect	$?	sh "$W/$SHIM" default > "$W/c2.txt" 2>&1; rc2=$?
TRACKED-DIR	.softhouse/reviews/T138-evidence/r6-mf2.sh	81	redirect	$?	CANARY_REQ="$W/$CANON" sh "$W/$SHIM" t55-no-such-tenant > "$W/c3.txt" 2>&1; rc3=$?
TRACKED-DIR	.softhouse/reviews/T138-evidence/r6-mf2.sh	85	redirect	$?	CANARY_REQ="$W/$CANON" sh "$W/.softhouse/capture/audit-t44/charges/bin/preconditions-COPY.sh" default > "$W/c4.txt" 2>&1; rc4=$?
TRACKED-DIR	.softhouse/reviews/T138-evidence/r6-mf2.sh	109	redirect	${1:?usage: r6-mf2.sh <git checkout>}	(cd "$C" && git cat-file blob "$BLOB") > "$X/$RIG"
TRACKED-DIR	.softhouse/reviews/T138-evidence/r6-mf2.sh	113	redirect	$?	CANARY_REQ="$X/$CANON" sh "$X/$SHIM" gerege > "$X/n9.txt" 2>&1; rc=$?
TRACKED-DIR	.softhouse/reviews/T138-evidence/r6-mf2.sh	131	redirect	$	echo "   symlink: $Y/evil/charges/bin/preconditions.sh -> $(readlink "$Y/evil/charges/bin/preconditions.sh")"
TRACKED-DIR	.softhouse/reviews/T138-evidence/r6-mf2.sh	133	redirect	$?	CANARY_REQ="$B/$CANON" sh "$Y/evil/charges/bin/preconditions.sh" gerege > "$Y/n10.txt" 2>&1; rc=$?
TRACKED-DIR	.softhouse/reviews/T138-evidence/r6b-mf2-green.sh	14	redirect	$?	T40_WORKTREE="$W" sh "$W/.softhouse/capture/charges/bin/run-preconditions.sh" "$W/g1.txt" >/dev/null 2>&1; r1=$?
TRACKED-DIR	.softhouse/reviews/T138-evidence/r6b-mf2-green.sh	16	redirect	$?	sh "$W/$SHIM" default > "$W/g2.txt" 2>&1; r2=$?
TRACKED-DIR	.softhouse/reviews/T138-evidence/r6b-mf2-green.sh	18	redirect	$?	sh "$W/$SHIM" t55-no-such-tenant > "$W/g3.txt" 2>&1; r3=$?
TRACKED-DIR	.softhouse/reviews/T138-evidence/r6b-mf2-green.sh	21	redirect	$?	CANARY_REQ="$W/$CANON" sh "$W/.softhouse/capture/audit-t44/charges/bin/preconditions-COPY.sh" default > "$W/g4.txt" 2>&1; r4=$?
TRACKED-DIR	.softhouse/reviews/T138-evidence/r6b-mf2-green.sh	23	redirect	$?	(cd /tmp && T40_WORKTREE="$W" sh "$W/.softhouse/capture/charges/bin/run-preconditions.sh" "$W/g5.txt" >/dev/null 2>&1); r5=$?
TRACKED-DIR	.softhouse/reviews/T138-evidence/r6b-mf2-green.sh	30	redirect	$B	LC_ALL=C sed "s|$B|EXPORT|g" "$B/$g.txt" > /tmp/T138-n-$g-b
TRACKED-DIR	.softhouse/reviews/T138-evidence/r7-mf3-mf4.sh	18	redirect	${1:?checkout}	(cd "$C" && git cat-file blob "$BLOB") > "$X/unhardened-copy.sh"
TRACKED-DIR	.softhouse/reviews/T138-evidence/r7-mf3-mf4.sh	23	redirect	$interp	"$interp" "$X/unhardened-copy.sh" default > "$X/pre-$interp.txt" 2>&1; a=$?
TRACKED-DIR	.softhouse/reviews/T138-evidence/r7-mf3-mf4.sh	24	redirect	$interp	"$interp" "$B/$SHIM"              default > "$X/post-$interp.txt" 2>&1; b=$?
TRACKED-FILE	.softhouse/reviews/T138-evidence/r9-post-merge.sh	23	redirect	.softhouse/capture/t91/prove-guards.sh	sh .softhouse/capture/t91/prove-guards.sh > /tmp/T138-pm-guards.txt 2>&1
TRACKED-FILE	.softhouse/reviews/T138-evidence/r9-post-merge.sh	30	redirect	.softhouse/capture/t91/t115-drive-mf1.sh	sh .softhouse/capture/t91/t115-drive-mf1.sh > /tmp/T138-pm-mf1.txt 2>&1
TRACKED-FILE	.softhouse/reviews/T138-evidence/r9-post-merge.sh	36	redirect	.softhouse/capture/t91/t115-drive-mf2.sh	sh .softhouse/capture/t91/t115-drive-mf2.sh > /tmp/T138-pm-mf2.txt 2>&1
TRACKED-FILE	.softhouse/reviews/T138-evidence/r9-post-merge.sh	43	redirect	.softhouse/capture/t91/t115-drive-mf3-mf4.sh	sh .softhouse/capture/t91/t115-drive-mf3-mf4.sh > /tmp/T138-pm-mf34.txt 2>&1
TRACKED-FILE	.softhouse/reviews/T138-evidence/r9-post-merge.sh	49	redirect	.softhouse/capture/t91/t115-rerun-attacks.sh	sh .softhouse/capture/t91/t115-rerun-attacks.sh > /tmp/T138-pm-attacks.txt 2>&1
TRACKED-FILE	.softhouse/reviews/T155-probe/prove-i-invalid-byte.sh	27	redirect	.softhouse/conformance.sh	git show "$PRE_SHA:.softhouse/conformance.sh" > "$TMP/pre.sh"
TRACKED-FILE	.softhouse/reviews/T155-probe/prove-i-invalid-byte.sh	28	redirect	.softhouse/conformance.sh	git show softhouse/T154-nofloat-guards:.softhouse/conformance.sh > "$TMP/post.sh"
TRACKED-DIR	.softhouse/reviews/T155-probe/prove-i-invalid-byte.sh	54	redirect	$	pre=$(f="$6"; eval "$4" >/dev/null 2>&1 && echo FIRES || echo SILENT)
TRACKED-DIR	.softhouse/reviews/T155-probe/prove-i-invalid-byte.sh	55	redirect	$	post=$(f="$6"; eval "$5" >/dev/null 2>&1 && echo FIRES || echo SILENT)
TRACKED-DIR	.softhouse/reviews/T155-probe/prove-ii-literals.sh	26	redirect	$1/nexus/internal/apps/loanschedule/t155_probe.go	mk_float() { cat > "$1/$REL/t155_probe.go" <<'GO'
TRACKED-DIR	.softhouse/reviews/T155-probe/prove-ii-literals.sh	39	redirect	$1/nexus/internal/apps/loanschedule/t155_probe.go	mk_imag() { cat > "$1/$REL/t155_probe.go" <<'GO'
TRACKED-DIR	.softhouse/reviews/T155-probe/prove-ii-literals.sh	52	redirect	$1/nexus/internal/apps/loanschedule/t155_probe.go	mk_hexfloat() { cat > "$1/$REL/t155_probe.go" <<'GO'
TRACKED-DIR	.softhouse/reviews/T155-probe/prove-ii-literals.sh	66	rm	$1/nexus/internal/apps/loanschedule/t155_probe.go	clean() { rm -f "$1/$REL/t155_probe.go"; }
UNRESOLVED	.softhouse/reviews/T155-probe/prove-ii-literals.sh	71	redirect	"$1" label="$2" rc out	( cd "$tree" && bash "$tree/.softhouse/conformance.sh" ) > "$out" 2>&1
TRACKED-DIR	.softhouse/reviews/T155-probe/prove-ii-literals.sh	84	redirect	$2	if [ "$2" = "$3" ]; then echo "  => OK (wanted exit $2)"; else echo "  => *** DISAGREES: wanted exit $2, got $3 ***"; FAILS=$((FAILS+1)); fi
TRACKED-DIR	.softhouse/reviews/T155-probe/prove-ii-literals.sh	96	tee	$	got="$(run_arm "$tree" "$kind-$arm" | tee /dev/stderr | tail -1)"
TRACKED-DIR	.softhouse/reviews/T155-probe/prove-iii-census.sh	37	redirect	$1" dest="$2" cid="$3/.softhouse/vectors/loanschedule/P-00-baseline-6x7pct.json	"$tree/.softhouse/vectors/loanschedule/P-00-baseline-6x7pct.json" > "$dest"
TRACKED-DIR	.softhouse/reviews/T155-probe/prove-iii-census.sh	44	redirect	$1	run() { # $1 tree, $2 label -> prints "exit:parity:cells" and stashes output
TRACKED-DIR	.softhouse/reviews/T155-probe/prove-iii-census.sh	47	redirect	$1" dest="$2" cid="$3	( cd "$tree" && bash "$tree/.softhouse/conformance.sh" ) > "$out" 2>&1
TRACKED-DIR	.softhouse/reviews/T155-probe/prove-iii-census.sh	86	rm	$1" dest="$2" cid="$3/.softhouse/vectors/evilctx	rm -f "$V/evilctx"
TRACKED-DIR	.softhouse/reviews/T155-probe/prove-iii-census.sh	89	mv	$1" dest="$2" cid="$3/.softhouse/vectors/loanschedule	mv "$V/loanschedule" "$EVIL/loanschedule-real"
TRACKED-DIR	.softhouse/reviews/T155-probe/prove-iii-census.sh	92	rm	$1" dest="$2" cid="$3/.softhouse/vectors/loanschedule	rm -f "$V/loanschedule"; mv "$EVIL/loanschedule-real" "$V/loanschedule"
TRACKED-DIR	.softhouse/reviews/T155-probe/prove-iii-census.sh	97	rm	$1" dest="$2" cid="$3/.softhouse/vectors/loanschedule/sub	rm -rf "$V/loanschedule/sub"
TRACKED-DIR	.softhouse/reviews/T155-probe/prove-iii-census.sh	102	rm	$1" dest="$2" cid="$3/.softhouse/vectors/loanschedule/T155-UPPER.JSON	rm -f "$V/loanschedule/T155-UPPER.JSON"
TRACKED-DIR	.softhouse/reviews/T155-probe/prove-iii-census.sh	107	rm	$1" dest="$2" cid="$3/.softhouse/vectors/loanschedule/T155-case-clash.json	rm -f "$V/loanschedule/T155-case-clash.json"
TRACKED-DIR	.softhouse/reviews/T155-probe/prove-iii-census.sh	113	rm	$1" dest="$2" cid="$3/.softhouse/vectors/loanschedule/T155-nfc.json	rm -f "$V/loanschedule/T155-nfc.json" "$V/loanschedule/T155-nfd.json"
TRACKED-DIR	.softhouse/reviews/T155-probe/prove-iii-census.sh	116	redirect	$1" dest="$2" cid="$3/.softhouse/vectors/T155-ROOT-CLEAN.json	printf '{ "note": "planted at the store root", "amount": "1250000" }\n' > "$V/T155-ROOT-CLEAN.json"
TRACKED-DIR	.softhouse/reviews/T155-probe/prove-iii-census.sh	118	rm	$1" dest="$2" cid="$3/.softhouse/vectors/T155-ROOT-CLEAN.json	rm -f "$V/T155-ROOT-CLEAN.json"
TRACKED-DIR	.softhouse/reviews/T155-probe/prove-iii-census.sh	121	redirect	$1" dest="$2" cid="$3/.softhouse/vectors/T155-ROOT-POISON.json	printf '{\n  "note": "x", \xe2 "rate_pct": 3.6\n}\n' > "$V/T155-ROOT-POISON.json"
TRACKED-DIR	.softhouse/reviews/T155-probe/prove-iii-census.sh	123	rm	$1" dest="$2" cid="$3/.softhouse/vectors/T155-ROOT-POISON.json	rm -f "$V/T155-ROOT-POISON.json"
TRACKED-DIR	.softhouse/reviews/T155-probe/prove-iii-census.sh	126	redirect	$1" dest="$2" cid="$3/.softhouse/vectors/T155-ROOT-PLAINFLOAT.json	printf '{\n  "rate_pct": 3.6\n}\n' > "$V/T155-ROOT-PLAINFLOAT.json"
TRACKED-DIR	.softhouse/reviews/T155-probe/prove-iii-census.sh	128	rm	$1" dest="$2" cid="$3/.softhouse/vectors/T155-ROOT-PLAINFLOAT.json	rm -f "$V/T155-ROOT-PLAINFLOAT.json"
TRACKED-DIR	.softhouse/reviews/T155-probe/prove-iiib-binary-direct.sh	28	redirect	$1	( cd "$1" && "$2" -oracle-probe=up ) > "$out" 2>&1
TRACKED-FILE	.softhouse/reviews/T155-probe/prove-iv-zero-input.sh	20	redirect	.softhouse/conformance.sh	git show "$PRE_SHA:.softhouse/conformance.sh"                        > "$T/pre.sh"
TRACKED-FILE	.softhouse/reviews/T155-probe/prove-iv-zero-input.sh	21	redirect	.softhouse/conformance.sh	git show softhouse/T154-nofloat-guards:.softhouse/conformance.sh     > "$T/post.sh"
TRACKED-DIR	.softhouse/reviews/T155-probe/prove-iv-zero-input.sh	23	redirect	$1	lift() { # $1 file, $2 function name  -> the whole function, anchored, awk not sed
TRACKED-DIR	.softhouse/reviews/T155-probe/prove-iv-zero-input.sh	43	redirect	$2	} > "$2"
TRACKED-DIR	.softhouse/reviews/T155-probe/prove-v-census-counts.sh	19	redirect	$(find "$1/.softhouse/vectors" -maxdepth 1 -name '*.json' -type f | wc -l | tr -d ' ')	echo "  at the store root itself                    : $root   -> $(find "$V" -maxdepth 1 -name '*.json' -type f -exec basename {} \; | sort | tr '\n' ' ')"
TRACKED-DIR	.softhouse/reviews/T155-probe/prove-v-census-counts.sh	48	redirect	$target	echo "  float injected into $target -> PRE binary exit=$rc"
TRACKED-DIR	.softhouse/reviews/T155-probe/prove-vi-build-test-prove.sh	16	redirect	$?	go test ./... > /tmp/t155/out/vi-gotest.txt 2>&1; echo "exit=$?"
TRACKED-DIR	.softhouse/reviews/T155-probe/prove-vi-build-test-prove.sh	22	redirect	$?	bash "$POST/.softhouse/conformance.sh" --prove > /tmp/t155/out/vi-prove.txt 2>&1; echo "exit=$?"
TRACKED-DIR	.softhouse/reviews/T155-probe/prove-vii-residual-attacks.sh	16	redirect	$@	( cd "$POST" && /tmp/t155/bin-post -oracle-probe=up "$@" ) > "$out" 2>&1
TRACKED-DIR	.softhouse/reviews/T155-probe/prove-vii-residual-attacks.sh	43	redirect	.softhouse/reviews/T155-probe	sed 's/"case_id": "P-00"/"case_id": "T155-HIDDEN"/' "$V/loanschedule/P-00-baseline-6x7pct.json" > "$V/.hidden/T155-HIDDEN.json"
TRACKED-DIR	.softhouse/reviews/T155-probe/prove-vii-residual-attacks.sh	59	redirect	.softhouse/reviews/T155-probe	sed 's/"case_id": "P-00"/"case_id": "T155-V7"/' "$V/loanschedule/P-00-baseline-6x7pct.json" > "$V/loanschedule/T155-V7.json"
TRACKED-DIR	.softhouse/reviews/T155-probe/prove-x-removal-and-failclosed.sh	25	redirect	$?	( cd "$S/nexus" && go build ./... ) >/dev/null 2>&1; echo "  go build exit=$?"
TRACKED-FILE	.softhouse/reviews/T155-probe/prove-x-removal-and-failclosed.sh	38	redirect	.softhouse/LOCK	printf ' M nexus/x.go\n?? \xe2.softhouse/LOCK\n?? .softhouse/LOCK\n' > /tmp/t155/status.txt
TRACKED-DIR	.softhouse/reviews/T155-probe/prove-xi-microfix.sh	36	redirect	$1	( cd "$1" && bash "$1/.softhouse/conformance.sh" ) > "/tmp/t155/out/xi-$2.txt" 2>&1
TRACKED-DIR	.softhouse/reviews/T155-probe/prove-xii-perl-microfix.sh	19	redirect	$EXIT_UNUSABLE	perl -0pi -e 's{(  if ! command -v go >/dev/null 2>&1; then\n.*?\n    exit "\$EXIT_UNUSABLE"\n  fi\n)}{$1  # perl is a PRECONDITION, not an optional convenience: both no-float guar
TRACKED-DIR	.softhouse/reviews/T155-probe/prove-xii-perl-microfix.sh	31	redirect	$?	( cd $S && bash "$S/$C" ) > /tmp/t155/out/xii-clean.txt 2>&1; echo "  exit=$?"
TRACKED-DIR	.softhouse/reviews/T155-probe/prove-xii-perl-microfix.sh	36	redirect	$PATH	( cd "$POST" && PATH="/tmp/t155/noperl2:$PATH" bash "$POST/$C" ) > /tmp/t155/out/xii-nofix.txt 2>&1; echo "  exit=$?"
TRACKED-DIR	.softhouse/reviews/T155-probe/prove-xii-perl-microfix.sh	40	redirect	$PATH	( cd $S && PATH="/tmp/t155/noperl2:$PATH" bash "$S/$C" ) > /tmp/t155/out/xii-fix.txt 2>&1; echo "  exit=$?"
TRACKED-DIR	.softhouse/reviews/T155-probe/prove-xii-perl-true-absence.sh	20	redirect	$	echo "perl present in it? $(PATH="$B" command -v perl >/dev/null 2>&1 && echo YES || echo NO)"
TRACKED-DIR	.softhouse/reviews/T155-probe/prove-xiii-deflation.sh	15	redirect	$1	( cd "$1" && bash "$1/.softhouse/conformance.sh" ) > "/tmp/t155/out/xiii-$2.txt" 2>&1
TRACKED-DIR	.softhouse/reviews/T155-probe/prove-xiii-deflation.sh	43	mv	$	for f in $(find "$V" -name 'P-*.json' -type f | sort | head -5); do mv "$f" /tmp/t155/victims/; n=$((n+1)); done
TRACKED-DIR	.softhouse/reviews/T155-probe/prove-xiii-deflation.sh	46	mv	.softhouse/reviews/T155-probe	mv /tmp/t155/victims/*.json "$V"/
TRACKED-DIR	.softhouse/reviews/T155-probe/run-conformance.sh	16	redirect	$@	bash "$TREE/.softhouse/conformance.sh" "$@" > "$OUT" 2>&1
TRACKED-DIR	.softhouse/reviews/T158-drive-t156-refusals.py	17	redirect	$VEC	F  trap time: a differing $VEC appears in the window        -> RESTORE REFUSED, non-zero
TRACKED-DIR	.softhouse/reviews/T158-drive-t156-refusals.py	189	py-rmtree	.softhouse	shutil.rmtree(os.path.join(sb, ".softhouse", "vectors"))
TRACKED-DIR	.softhouse/reviews/T183-evidence/drive-probes.sh	56	redirect	$(cd "$(dirname "${BASH_SOURCE[0]}")/../../.." && pwd)/.softhouse/reviews/t179-guard-classifier/selftest.py	python3 -O "$ST" >/dev/null 2>&1
TRACKED-DIR	.softhouse/reviews/T183-evidence/drive-probes.sh	119	redirect	$(cd "$(dirname "${BASH_SOURCE[0]}")/../../.." && pwd)/.softhouse/reviews/t179-guard-classifier/guard_classify.py	python3 "$GC" --root "$SCRATCH/empty" >/dev/null 2>&1
TRACKED-DIR	.softhouse/reviews/T183-evidence/t183_count.py	154	redirect	.softhouse	root = sys.argv[1] if len(sys.argv) > 1 else ".softhouse"
TRACKED-DIR	.softhouse/reviews/T184-evidence/t184-census.sh	17	tee	.softhouse/capture	find "$CAP" -type f -name '*.req'; } | sed "s|^$CAP/||" | cut -d/ -f1 | sort -u | tee /tmp/t184-rigs.txt | wc -l | xargs echo "   rigs:           "
TRACKED-DIR	.softhouse/reviews/T184-evidence/t184-census.sh	28	redirect	$	command -v jq >/dev/null 2>&1 && echo "jq present: $(jq --version)" || echo "jq ABSENT — cross-check not available"
TRACKED-FILE	.softhouse/reviews/T184-evidence/t184-final.sh	15	redirect	.softhouse/conformance.sh	CONFORMANCE_ORACLE_HEALTH_URL=https://127.0.0.1:1/health bash .softhouse/conformance.sh > /tmp/t184-outage.txt 2>&1
TRACKED-DIR	.softhouse/reviews/T184-evidence/t184-jq.sh	6	redirect	.softhouse/capture	find "$CAP" -type f -name '*.json' -path '*/req/*' | awk -F/ '{ if ($(NF-1)=="req") print }' | sort > /tmp/t184-bodies.txt
TRACKED-FILE	.softhouse/reviews/T184-evidence/t184-probe-green-catch.sh	25	redirect	.softhouse/conformance.sh	bash .softhouse/conformance.sh > /tmp/t184-green-catch1.txt 2>&1
TRACKED-FILE	.softhouse/reviews/T184-evidence/t184-probe-green-catch.sh	46	redirect	.softhouse/conformance.sh	bash .softhouse/conformance.sh > /tmp/t184-green-catch2.txt 2>&1
TRACKED-FILE	.softhouse/reviews/T184-evidence/t184-probe-green-float.sh	15	redirect	.softhouse/conformance.sh	bash .softhouse/conformance.sh > /tmp/t184-green-float.txt 2>&1
TRACKED-FILE	.softhouse/reviews/T184-evidence/t184-probe-red-catch.sh	22	redirect	.softhouse/conformance.sh	bash .softhouse/conformance.sh > /tmp/t184-red-catch.txt 2>&1
TRACKED-FILE	.softhouse/reviews/T184-evidence/t184-probe-red-float.sh	16	redirect	.softhouse/conformance.sh	bash .softhouse/conformance.sh > /tmp/t184-red-float.txt 2>&1
TRACKED-FILE	.softhouse/reviews/T184-evidence/t184-run.sh	5	redirect	.softhouse/conformance.sh	bash .softhouse/conformance.sh > /tmp/t184-run1.txt 2>&1
TRACKED-FILE	.softhouse/reviews/T184-evidence/t184-vacuity.sh	14	redirect	.softhouse/conformance.sh	run() { bash .softhouse/conformance.sh > "$1" 2>&1; echo "EXIT=$?"; }
TRACKED-DIR	.softhouse/reviews/T184-evidence/t184-vacuity2.sh	15	mv	$d	mv "$d" "$STASH/$b"
TRACKED-FILE	.softhouse/reviews/T184-evidence/t184-vacuity2.sh	18	redirect	.softhouse/conformance.sh	bash .softhouse/conformance.sh > /tmp/t184-v1b.txt 2>&1; echo "EXIT=$?"
TRACKED-DIR	.softhouse/reviews/T184-evidence/t184-vacuity2.sh	20	mv	$d	for d in "$STASH"/*; do mv "$d" "$CAP/$(basename "$d")"; done
TRACKED-DIR	.softhouse/reviews/T188-probe/drive-t188.sh	24	rm	$(cd "$(dirname "${BASH_SOURCE[0]}")/../../.." && pwd)/.softhouse/capture/t188-probe	rm -rf "$W/.softhouse/capture/t188-probe" "$W/.claude/worktrees/agent-t188-fake"
TRACKED-DIR	.softhouse/reviews/T188-probe/drive-t188.sh	33	redirect	$1/CaptureT188Probe.java	cat > "$1/CaptureT188Probe.java" <<'EOF'
TRACKED-DIR	.softhouse/reviews/T188-probe/drive-t188.sh	56	rm	$(cd "$(dirname "${BASH_SOURCE[0]}")/../../.." && pwd)/.softhouse/capture/t188-probe	rm -rf "$W/.softhouse/capture/t188-probe"
TRACKED-DIR	.softhouse/reviews/T188-probe/drive-t188.sh	107	redirect	$(printf '%s\n' "CENSUS narrow-catch — inspected 57 .java files"$'\n'"$(head -c 262144 /dev/zero | LC_ALL=C tr '\0' 'x' | fold -w 100)" | LC_ALL=C grep -ac '^CENSUS ' || true)	echo "  NEW (grep -c): census_lines=$n  -> $([ "${n:-0}" -gt 0 ] && echo 'census line found (CORRECT)' || echo 'NO CENSUS LINE')"
TRACKED-DIR	.softhouse/reviews/T188-probe/drive-t188.sh	110	redirect	$(printf 'no census here\n' | LC_ALL=C grep -ac '^CENSUS ' || true)	echo "  NEW (grep -c) on output with NO census line: census_lines=$m -> $([ "${m:-0}" -eq 0 ] && echo 'ERROR (correct, not over-corrected)' || echo 'wrongly accepted')"
TRACKED-FILE	.softhouse/reviews/T189-probe/hardening.sh	31	truncate	.softhouse/LOCK	: > .softhouse/LOCK
TRACKED-DIR	.softhouse/reviews/T189-probe/hardening.sh	32	redirect	.softhouse/reviews/T189-probe	git status --porcelain | sed -e 's/^/    raw> /'
TRACKED-DIR	.softhouse/reviews/T189-probe/hardening.sh	39	redirect	.softhouse/reviews/T189-probe	git status --porcelain | sed -e 's/^/    raw> /'
TRACKED-DIR	.softhouse/reviews/T189-probe/matrix.sh	41	redirect	$loc	bsd:file)  env LC_ALL="$loc" /usr/bin/grep $flags "$PAT" "$f" >"$out" 2>"$err" ; rc=$? ;;
TRACKED-DIR	.softhouse/reviews/T189-probe/matrix.sh	42	redirect	$loc	bsd:redir) env LC_ALL="$loc" /usr/bin/grep $flags "$PAT" <"$f" >"$out" 2>"$err" ; rc=$? ;;
TRACKED-DIR	.softhouse/reviews/T189-probe/matrix.sh	43	redirect	$loc	bsd:pipe)  cat "$f" | env LC_ALL="$loc" /usr/bin/grep $flags "$PAT" >"$out" 2>"$err" ; rc=$? ;;
TRACKED-DIR	.softhouse/reviews/T189-probe/matrix.sh	44	redirect	$loc	ugrep:file)  ( export LC_ALL="$loc"; exec -a ugrep "$CLAUDE_BIN" -G --ignore-files --hidden -I --exclude-dir=.git --exclude-dir=.svn --exclude-dir=.hg --exclude-dir=.bzr --exclude-
TRACKED-DIR	.softhouse/reviews/T189-probe/matrix.sh	45	redirect	$loc	ugrep:redir) ( export LC_ALL="$loc"; exec -a ugrep "$CLAUDE_BIN" -G --ignore-files --hidden -I --exclude-dir=.git --exclude-dir=.svn --exclude-dir=.hg --exclude-dir=.bzr --exclude-
TRACKED-DIR	.softhouse/reviews/T189-probe/matrix.sh	46	redirect	$loc	ugrep:pipe)  cat "$f" | ( export LC_ALL="$loc"; exec -a ugrep "$CLAUDE_BIN" -G --ignore-files --hidden -I --exclude-dir=.git --exclude-dir=.svn --exclude-dir=.hg --exclude-dir=.bzr
TRACKED-DIR	.softhouse/reviews/T189-probe/mkfixtures.sh	9	redirect	$1/a-utf8-e2.txt	printf 'zzz clean line before\n M poison_\xe2_after.go\n?? another_after.go\n' > "$D/a-utf8-e2.txt"
TRACKED-DIR	.softhouse/reviews/T189-probe/mkfixtures.sh	12	redirect	$1/c-fffe.txt	printf 'keep-me\n\xff\xfe invalid bytes here\nalso-keep\n' > "$D/c-fffe.txt"
TRACKED-DIR	.softhouse/reviews/T189-probe/mkfixtures.sh	15	redirect	$1/b-nul.txt	printf 'keep-me\n\x00binary\nalso-keep\n' > "$D/b-nul.txt"
TRACKED-FILE	.softhouse/reviews/T189-probe/mkfixtures.sh	18	redirect	.softhouse/LOCK	printf '?? .softhouse/LOCK\xe2\n M real_change.go\n' > "$D/d-lockline.txt"
TRACKED-FILE	.softhouse/reviews/T189-probe/mkfixtures.sh	21	redirect	.softhouse/LOCK	printf '?? .softhouse/LOCK\n M real_change.go\n?? new_deliverable.go\n' > "$D/e-clean.txt"
TRACKED-DIR	.softhouse/reviews/T189-probe/mkfixtures.sh	24	redirect	$1/f-ff.txt	printf 'keep-me\nmid \xff poison\nalso-keep\n' > "$D/f-ff.txt"
TRACKED-DIR	.softhouse/reviews/T189-probe/mkfixtures.sh	25	redirect	$1/g-80.txt	printf 'keep-me\nmid \x80 poison\nalso-keep\n' > "$D/g-80.txt"
TRACKED-DIR	.softhouse/reviews/T189-probe/mkfixtures.sh	26	redirect	$1/h-c0.txt	printf 'keep-me\nmid \xc0 poison\nalso-keep\n' > "$D/h-c0.txt"
TRACKED-DIR	.softhouse/reviews/T189-probe/mkfixtures.sh	29	redirect	$1/i-blob.txt	printf 'keep-me\n\x00\x01\x02\xff\xfe\x00\x00 blob\nalso-keep\n' > "$D/i-blob.txt"
TRACKED-DIR	.softhouse/reviews/T189-probe/provenance.sh	10	redirect	$	echo "    command -v grep -> $(command -v grep)"
TRACKED-DIR	.softhouse/reviews/T189-probe/provenance.sh	11	redirect	$	echo "    bare-grep --version -> $(grep --version 2>&1 | head -1)"
TRACKED-DIR	.softhouse/reviews/T189-probe/provenance.sh	15	redirect	.softhouse/reviews/T189-probe	/bin/zsh -lc 'echo "    whence -a grep:"; whence -a grep 2>&1 | sed -e "s/^/      /"; echo "    grep --version -> $(grep --version 2>&1 | head -1)"'
TRACKED-DIR	.softhouse/reviews/T189-probe/provenance.sh	19	redirect	$	/bin/zsh -c 'echo "    grep --version -> $(grep --version 2>&1 | head -1)"'
TRACKED-DIR	.softhouse/reviews/T189-probe/provenance.sh	23	redirect	$HOME	env -i HOME="$HOME" /bin/zsh -lc 'echo "    grep --version -> $(grep --version 2>&1 | head -1)"'
TRACKED-FILE	.softhouse/reviews/T189-probe/provenance.sh	41	redirect	.softhouse/LOCK$	file)  LC_ALL=C /usr/bin/grep -v '^?? \.softhouse/LOCK$' "$FIX/b-nul.txt" > "$PROBE_DIR/.o" 2>"$PROBE_DIR/.e"; rc=$? ;;
TRACKED-FILE	.softhouse/reviews/T189-probe/provenance.sh	42	redirect	.softhouse/LOCK$	redir) LC_ALL=C /usr/bin/grep -v '^?? \.softhouse/LOCK$' < "$FIX/b-nul.txt" > "$PROBE_DIR/.o" 2>"$PROBE_DIR/.e"; rc=$? ;;
TRACKED-FILE	.softhouse/reviews/T189-probe/provenance.sh	43	redirect	.softhouse/LOCK$	pipe)  cat "$FIX/b-nul.txt" | LC_ALL=C /usr/bin/grep -v '^?? \.softhouse/LOCK$' > "$PROBE_DIR/.o" 2>"$PROBE_DIR/.e"; rc=$? ;;
TRACKED-FILE	.softhouse/reviews/T189-probe/provenance.sh	54	redirect	.softhouse/LOCK$	file)  LC_ALL=C /usr/bin/grep -av '^?? \.softhouse/LOCK$' "$FIX/b-nul.txt" > "$PROBE_DIR/.o" 2>"$PROBE_DIR/.e"; rc=$? ;;
TRACKED-FILE	.softhouse/reviews/T189-probe/provenance.sh	55	redirect	.softhouse/LOCK$	redir) LC_ALL=C /usr/bin/grep -av '^?? \.softhouse/LOCK$' < "$FIX/b-nul.txt" > "$PROBE_DIR/.o" 2>"$PROBE_DIR/.e"; rc=$? ;;
TRACKED-FILE	.softhouse/reviews/T189-probe/provenance.sh	56	redirect	.softhouse/LOCK$	pipe)  cat "$FIX/b-nul.txt" | LC_ALL=C /usr/bin/grep -av '^?? \.softhouse/LOCK$' > "$PROBE_DIR/.o" 2>"$PROBE_DIR/.e"; rc=$? ;;
TRACKED-DIR	.softhouse/reviews/T189-probe/reachability.sh	12	redirect	.softhouse/reviews/T189-probe	env PATH="$LAUNCHD_PATH" /bin/zsh -c 'grep --version' | head -1 | sed -e 's/^/    -> /'
TRACKED-DIR	.softhouse/reviews/T189-probe/reachability.sh	46	redirect	$	echo "    core.quotePath = $(git config --get core.quotePath || echo '(unset -> default true)')"
TRACKED-FILE	.softhouse/reviews/T189-probe/reachability.sh	51	truncate	.softhouse/LOCK	mkdir -p .softhouse; : > .softhouse/LOCK; : > .softhouse/LOCKED_STATE.md
TRACKED-FILE	.softhouse/reviews/T191-probe/drive-t191.sh	31	redirect	.softhouse/conformance.sh	git -C "$REPO" show "$BASE:.softhouse/conformance.sh" > "$BEFORE" || {
TRACKED-DIR	.softhouse/reviews/T191-probe/drive-t191.sh	66	redirect	$fh	open my $fh, ">", $f or die $!;
TRACKED-DIR	.softhouse/reviews/T191-probe/drive-t191.sh	78	redirect	$fh	open my $fh, ">", $f or die $!;
TRACKED-DIR	.softhouse/reviews/T191-probe/drive-t191.sh	101	redirect	$rig	} > "$rig"
TRACKED-DIR	.softhouse/reviews/T191-probe/drive-t191.sh	222	redirect	$1	lift_site3() { # $1 conformance.sh -> snippet on stdout
TRACKED-DIR	.softhouse/reviews/T191-probe/measure-margin.sh	26	redirect	$(cd "$(cd "$(dirname "${BASH_SOURCE[0]}")" && pwd)/../../.." && pwd)/.softhouse/bin/go-env.sh	. "$REPO/.softhouse/bin/go-env.sh" >/dev/null 2>&1 || true
TRACKED-DIR	.softhouse/reviews/T191-probe/measure-pipe-buffer.sh	23	redirect	$s	$s .= ("x" x ($n - length($s) - 1)) . "\n" if $n > length($s);
TRACKED-DIR	.softhouse/reviews/T191-probe/mutate-exclusion.sh	11	rm	$	TMP="$(mktemp -d)"; trap 'rm -rf "$TMP"' EXIT
TRACKED-DIR	.softhouse/reviews/T191-probe/mutate-exclusion.sh	37	redirect	$2	python3 "$2" --selftest > "$TMP/$1.out" 2>&1; rc=$?
TRACKED-DIR	.softhouse/reviews/T191-probe/run-harness.sh	15	redirect	$(cd "$(cd "$(dirname "${BASH_SOURCE[0]}")" && pwd)/../../.." && pwd)/.softhouse/bin/go-env.sh	. "$REPO/.softhouse/bin/go-env.sh" >/dev/null 2>&1 || true
TRACKED-DIR	.softhouse/reviews/T191-probe/run-harness.sh	17	redirect	$(cd "$(cd "$(dirname "${BASH_SOURCE[0]}")" && pwd)/../../.." && pwd)/.softhouse/conformance.sh	bash "$REPO/.softhouse/conformance.sh" > "$OUT" 2>&1
TRACKED-DIR	.softhouse/reviews/T293/instruments/50-restoration-by-observation.sh	30	redirect	$?	bash "$PROBE" >"$D/a1.out" 2>&1; rc=$?
TRACKED-DIR	.softhouse/reviews/T293/instruments/50-restoration-by-observation.sh	42	redirect	$?	bash "$PROBE" >"$D/a2.out" 2>&1; rc=$?
TRACKED-DIR	.softhouse/reviews/T293/red/t293-neutered-probe.sh.txt	71	redirect	$?	FAILOPEN_LINT_JSON="$json" python3 "$LINT" >"$out" 2>&1 || lrc=$?
TRACKED-FILE	.softhouse/reviews/T84-evidence/src/classify.py	5	redirect	.softhouse/capture/t83-nonamortizing/out/capture-t83-raw.json	RAW = sys.argv[1] if len(sys.argv) > 1 else '.softhouse/capture/t83-nonamortizing/out/capture-t83-raw.json'
TRACKED-DIR	.softhouse/reviews/T84-evidence/src/eval-probe2.py	27	redirect	.softhouse/reviews/T84-evidence/src	print("=== 600.0%% / B=1, n boundary (closed form predicts CLEAN everywhere: B*a > 0.5) ===")
TRACKED-DIR	.softhouse/reviews/T84-evidence/src/run-t84.sh	56	redirect	$ERR	' > "$RAW" 2> "$ERR"
TRACKED-DIR	.softhouse/reviews/T84-evidence/src/run-t84.sh	63	truncate	$	if [ "$START" -gt 1 ]; then head -n $((START - 1)) "$RAW" > "$LOG"; else : > "$LOG"; fi
TRACKED-DIR	.softhouse/reviews/T84-evidence/src/run-t84.sh	64	redirect	$JSON	tail -n +"$START" "$RAW" > "$JSON"
TRACKED-FILE	.softhouse/reviews/a2-34-review-a2-15/bar-and-oracle.sh	35	redirect	.softhouse/conformance.sh	bash .softhouse/conformance.sh --prove > /tmp/a234-prove.txt 2>&1; echo "  exit=$?"
TRACKED-FILE	.softhouse/reviews/a2-34-review-a2-15/bar-and-oracle.sh	41	redirect	.softhouse/conformance.sh	bash .softhouse/conformance.sh loanschedule > /tmp/a234-ls.txt 2>&1; echo "  exit=$?"
TRACKED-DIR	.softhouse/reviews/a2-34-review-a2-15/check-money-and-additive.sh	76	redirect	$	b=$(git rev-parse "a072ecd:$p" 2>/dev/null || echo "<absent>")
TRACKED-DIR	.softhouse/reviews/a2-34-review-a2-15/check-money-and-additive.sh	77	redirect	$	a=$(git rev-parse "d76594a:$p" 2>/dev/null || echo "<absent>")
TRACKED-DIR	.softhouse/reviews/a2-34-review-a2-15/check-money-and-additive.sh	78	redirect	$	n=$(git rev-parse "HEAD:$p" 2>/dev/null || echo "<absent>")
TRACKED-DIR	.softhouse/reviews/a2-34-review-a2-15/red-drive-a2-34.sh	22	redirect	.softhouse/vectors	digest() { git rev-parse "HEAD:.softhouse/vectors" >/dev/null 2>&1; ( cd "$R" && find .softhouse/vectors/ledger -name '*.json' -print0 | sort -z | xargs -0 shasum -a 256 | shasum -
TRACKED-FILE	.softhouse/reviews/a2-34-review-a2-15/red-drive-a2-34.sh	30	redirect	.softhouse/conformance.sh	bash .softhouse/conformance.sh "$@" > "$LOG/$tag.txt" 2>&1
TRACKED-DIR	.softhouse/reviews/a2-34-review-a2-15/red-drive-a2-34.sh	31	redirect	$?	echo "$?" > "$LOG/$tag.exit"
TRACKED-DIR	.softhouse/reviews/a2-34-review-a2-15/red-drive-a2-34.sh	62	git-restore	.softhouse/vectors/ledger	revert() { git checkout -- .softhouse/vectors/ledger; }
TRACKED-FILE	.softhouse/reviews/a2-34-review-a2-15/red-drive-a2-34.sh	80	inplace-edit	.softhouse/vectors/ledger/LDG-02-repayment-split-4leg-minor-units.json	/usr/bin/sed -i '' 's/"amount_minor": "27045058"/"amount_minor": "27045059"/' "$F"
TRACKED-FILE	.softhouse/reviews/a2-34-review-a2-15/red-drive-a2-34.sh	96	inplace-edit	.softhouse/vectors/ledger/LDG-02-repayment-split-4leg-minor-units.json	/usr/bin/sed -i '' 's/"transaction_amount_major_text": "1000000"/"transaction_amount_major_text": "1000000.01"/' "$F"
TRACKED-FILE	.softhouse/reviews/a2-34-review-a2-15/red-drive-a2-34.sh	120	rm	.softhouse/vectors/ledger/LDG-04-header-account-accepted.json	rm $V/LDG-04-header-account-accepted.json
TRACKED-FILE	.softhouse/reviews/a2-34-review-a2-15/red-drive-a2-34.sh	154	inplace-edit	.softhouse/vectors/ledger/LDG-02-repayment-split-4leg-minor-units.json	/usr/bin/sed -i '' 's/"gl_account_type"$/"gl_account_type", "amount_minor"/' "$F"
TRACKED-DIR	.softhouse/reviews/a2-34-review-a2-15/red-drive-b-a2-34.sh	40	redirect	.softhouse/vectors	/tmp/a234-conf -vectors .softhouse/vectors -ledger-impl "$impl" > "$LOG/impl-$impl.txt" 2>&1
TRACKED-DIR	.softhouse/reviews/a2-34-review-a2-15/red-drive-b-a2-34.sh	50	redirect	.softhouse/vectors	/tmp/a234-conf -vectors .softhouse/vectors > "$LOG/impl-correct.txt" 2>&1
TRACKED-FILE	.softhouse/reviews/a2-34-review-a2-15/red-drive-b-a2-34.sh	65	redirect	.softhouse/conformance.sh	bash .softhouse/conformance.sh > "$LOG/rd8b.txt" 2>&1; echo "  exit=$?"
TRACKED-DIR	.softhouse/reviews/a2-34-review-a2-15/red-drive-b-a2-34.sh	67	git-restore	.softhouse/vectors/ledger	git checkout -- .softhouse/vectors/ledger
TRACKED-FILE	.softhouse/reviews/a2-34-review-a2-15/red-drive-b-a2-34.sh	75	redirect	.softhouse/conformance.sh	bash .softhouse/conformance.sh > "$LOG/rd10.txt" 2>&1; echo "  exit=$?"
TRACKED-FILE	.softhouse/reviews/a2-34-review-a2-15/red-drive-b-a2-34.sh	81	redirect	.softhouse/conformance.sh	bash .softhouse/conformance.sh > "$LOG/controlB.txt" 2>&1; echo "  exit=$?"
TRACKED-DIR	.softhouse/reviews/a2-34-review-a2-15/red-drive-c-a2-34.sh	22	redirect	$impl	/tmp/a234-conf -store "$R/.softhouse/vectors" -oracle-probe up -ledger-impl "$impl" > "$LOG/c-$impl.txt" 2>&1
TRACKED-FILE	.softhouse/reviews/a2-34-review-a2-15/run-bar.sh	12	redirect	.softhouse/conformance.sh	bash .softhouse/conformance.sh "$@" > "$OUT" 2>&1
TRACKED-DIR	.softhouse/reviews/t172-probe/check-lock-exclusion-anchor.sh	146	redirect	${0:A:h}/setup-scratch-repo.sh	zsh "${HERE}/setup-scratch-repo.sh" >/dev/null
TRACKED-DIR	.softhouse/reviews/t172-probe/check-lock-exclusion-anchor.sh	212	redirect	${0:A:h}/setup-scratch-repo.sh	zsh "${HERE}/setup-scratch-repo.sh" >/dev/null
TRACKED-DIR	.softhouse/reviews/t172-probe/run-move-demo.sh	78	rm	${0:A:h}/fire-program.sh.MOVE-scratch-copy.sh	rm -f "$MUTANT"
TRACKED-DIR	.softhouse/reviews/t172-probe/run-move-demo.sh	95	redirect	$(LC_ALL=C /usr/bin/grep -n 'git status --porcelain' "${0:A:h}/fire-program.sh.MOVE-scratch-copy.sh" | /usr/bin/grep -F ':(top,exclude).softhouse/LOCK' | /usr/bin/cut -d: -f1)	echo "MOVE DEMONSTRATION CONFIRMED: both sites relocated by ~300 lines, and the probe found and classified BOTH at their NEW line numbers ($NEW_DETECT_LINE, $NEW_STAGE_LINE) and st
TRACKED-DIR	.softhouse/reviews/t172-probe/run-red-demo-site1.sh	82	rm	${0:A:h}/fire-program.sh.RED-site1-scratch-copy.sh	rm -f "$MUTANT"
TRACKED-DIR	.softhouse/reviews/t172-probe/run-red-demo-site2.sh	84	rm	${0:A:h}/fire-program.sh.RED-site2-scratch-copy.sh	rm -f "$MUTANT"
TRACKED-DIR	.softhouse/reviews/t172-probe/run-red-demo.sh	57	redirect	${content//:(top,exclude).softhouse/LOCK'/:(top,exclude).softhouse/LOCK*'}	print -rn -- "$mutated" > "$MUTANT"
TRACKED-DIR	.softhouse/reviews/t172-probe/run-red-demo.sh	68	rm	${0:A:h}/fire-program.sh.RED-scratch-copy.sh	rm -f "$MUTANT"
TRACKED-DIR	.softhouse/reviews/t172-probe/run-zero-match-demo.sh	16	redirect	${0:A:h}/decoy-no-anchor.RED-scratch-copy.sh	print -r -- '#!/bin/zsh' > "$DECOY"
TRACKED-DIR	.softhouse/reviews/t172-probe/run-zero-match-demo.sh	28	rm	${0:A:h}/decoy-no-anchor.RED-scratch-copy.sh	rm -f "$DECOY"
TRACKED-FILE	.softhouse/reviews/t172-probe/setup-scratch-repo.sh	25	redirect	.softhouse/tasks.json	print -r -- "baseline" > .softhouse/tasks.json
TRACKED-FILE	.softhouse/reviews/t172-probe/setup-scratch-repo.sh	35	redirect	.softhouse/LOCK	print -r -- '{"holder":"local-launchd"}' > .softhouse/LOCK
TRACKED-DIR	.softhouse/reviews/t185-probe/probe-t44-successor.sh	5	rm	$	S=$(mktemp -d); trap 'rm -rf "$S"' EXIT
TRACKED-DIR	.softhouse/reviews/t185-probe/probe-t44-successor.sh	12	redirect	$?	python3 "$SUCC" "$S/a1/*.json" > "$S/a1.txt" 2>&1; e=$?
TRACKED-DIR	.softhouse/reviews/t185-probe/probe-t44-successor.sh	23	redirect	$?	python3 "$SUCC" "$S/a2/*.json" > "$S/a2.txt" 2>&1; e=$?
TRACKED-DIR	.softhouse/reviews/t185-probe/probe-t44-successor.sh	29	redirect	$?	python3 "$SUCC" "$S/a3/*.json" > "$S/a3.txt" 2>&1; e=$?
TRACKED-DIR	.softhouse/reviews/t185-probe/probe-t44-successor.sh	38	redirect	$?	python3 "$SUCC" "$S/a4/*.json" > "$S/a4.txt" 2>&1; e=$?
TRACKED-DIR	.softhouse/reviews/t185-probe/probe-t44-successor.sh	46	redirect	$?	python3 "$SUCC" "$S/a5/*.json" > "$S/a5.txt" 2>&1; e=$?
TRACKED-FILE	.softhouse/reviews/t202-probe/e2e.zsh	13	redirect	.softhouse/tasks.json	print -r -- baseline > .softhouse/tasks.json
TRACKED-FILE	.softhouse/reviews/t202-probe/e2e.zsh	14	redirect	.softhouse/program.json	print -r -- '{"status":"running"}' > .softhouse/program.json
TRACKED-FILE	.softhouse/reviews/t202-probe/e2e.zsh	15	redirect	.softhouse/tasks.json	print -r -- '{"tasks":[]}' > .softhouse/tasks.json
TRACKED-FILE	.softhouse/reviews/t202-probe/e2e.zsh	16	redirect	.softhouse/RESUME.md	print -r -- "resume" > .softhouse/RESUME.md
TRACKED-FILE	.softhouse/reviews/t202-probe/e2e.zsh	31	redirect	.softhouse/RESUME.md	print -r -- "resumed" > .softhouse/RESUME.md
TRACKED-FILE	.softhouse/reviews/t202-probe/green-Tb.zsh	24	redirect	.softhouse/tasks.json	print -r -- baseline > .softhouse/tasks.json
TRACKED-FILE	.softhouse/reviews/t202-probe/green-Tb.zsh	27	redirect	.softhouse/LOCK	print -r -- '{"holder":"local-launchd"}' > .softhouse/LOCK
TRACKED-DIR	.softhouse/reviews/t202-probe/green-Tc-kill.zsh	41	redirect	$1	( source "$1"; print -r -- "REACHED-TAKEOVER" ) > /tmp/t202/acq-out.txt 2>&1
TRACKED-FILE	.softhouse/reviews/t202-probe/make-mutants-b.py	7	redirect	.softhouse/LOCK	"BA": [("  git add -A -- ':(top)' ':(top,exclude).softhouse/LOCK' >/dev/null 2>&1",
TRACKED-FILE	.softhouse/reviews/t202-probe/make-mutants-b.py	8	redirect	.softhouse/LOCK	"  git add -A -- . ':!.softhouse/LOCK' >/dev/null 2>&1")],
TRACKED-DIR	.softhouse/reviews/t202-probe/make-mutants-k.py	7	redirect	$pid	"KB": [('  kill -0 "$pid" 2>/dev/null       && return 1   # still running => not stale',
TRACKED-DIR	.softhouse/reviews/t202-probe/patch.py	28	redirect	$(( $(date +%s) - LOCK_EPOCH ))s	log "stale lock (age ${AGE}s > ${LOCK_MAX_AGE_SECS}s) — taking it over"
TRACKED-DIR	.softhouse/reviews/t202-probe/patch.py	59	redirect	${${body#*\\"pid\\": }%%,*}	[[ "$pid" == <1-> ]]             || return 1   # zsh numeric glob; junk => alive
TRACKED-DIR	.softhouse/reviews/t202-probe/patch.py	61	redirect	${${body#*\\"pid\\": }%%,*}	kill -0 "$pid" 2>/dev/null       && return 1   # still running => not stale
TRACKED-DIR	.softhouse/reviews/t202-probe/patch.py	75	redirect	$(( $(date +%s) - LOCK_EPOCH ))s	log "stale lock (age ${AGE}s > ${LOCK_MAX_AGE_SECS}s) — taking it over"
TRACKED-DIR	.softhouse/reviews/t202-probe/patch.py	85	rm	$LOCK	rm -f "$LOCK"
TRACKED-DIR	.softhouse/reviews/t202-probe/patch.py	91	rm	$LOCK	rm -f "$LOCK"
TRACKED-FILE	.softhouse/reviews/t202-probe/patch.py	137	redirect	.softhouse/LOCK	old = '''  git add -A -- . ':!.softhouse/LOCK' >/dev/null 2>&1
TRACKED-DIR	.softhouse/reviews/t202-probe/patch.py	139	redirect	$STAMP	commit -q -m "softhouse: rescue uncommitted deliverables left by fire $STAMP (exit-protocol violation)" >/dev/null 2>&1
TRACKED-FILE	.softhouse/reviews/t202-probe/patch.py	152	redirect	.softhouse/LOCK	git add -A -- ':(top)' ':(top,exclude).softhouse/LOCK' >/dev/null 2>&1
TRACKED-DIR	.softhouse/reviews/t202-probe/patch.py	158	redirect	$STAMP	commit -q -m "softhouse: rescue uncommitted deliverables left by fire $STAMP (exit-protocol violation)" >/dev/null 2>&1
TRACKED-DIR	.softhouse/reviews/t202-probe/patch.py	196	redirect	${	(( ${#WT_PATHS} > 0 )) && WT_PATHS=("${(@)WT_PATHS[2,-1]}")
TRACKED-FILE	.softhouse/reviews/t202-probe/red-Tb.zsh	17	redirect	.softhouse/tasks.json	print -r -- baseline > .softhouse/tasks.json
TRACKED-FILE	.softhouse/reviews/t202-probe/red-Tb.zsh	20	redirect	.softhouse/LOCK	print -r -- '{"holder":"local-launchd"}' > .softhouse/LOCK
TRACKED-FILE	.softhouse/reviews/t202-probe/setup-scratch.zsh	12	redirect	.softhouse/tasks.json	print -r -- baseline > .softhouse/tasks.json
TRACKED-FILE	.softhouse/reviews/t202-probe/tc-run.zsh	10	redirect	.softhouse/tasks.json	print -r -- baseline > .softhouse/tasks.json
TRACKED-FILE	.softhouse/reviews/t202-probe/tc-run.zsh	11	redirect	.softhouse/LOCK	print -r -- "{\"holder\":\"local-launchd\",\"host\":\"$(hostname -s)\",\"pid\":0}" > .softhouse/LOCK
TRACKED-DIR	.softhouse/reviews/t217-probe/T211-reverify/fake-claude.zsh	10	redirect	$$	print -r -- "$$" > "${T211_CHILDPID:-/tmp/t211-scratch/childpid}"
TRACKED-DIR	.softhouse/reviews/t217-probe/T211-reverify/lock-recovery.zsh	43	redirect	$1	mk() { print -r -- "$1" > "$LOCK" }
TRACKED-DIR	.softhouse/reviews/t217-probe/T211-reverify/lock-recovery.zsh	51	redirect	$1 expect=$2	print -r -- "  PASS  $label -> $got (expected $expect)"
TRACKED-DIR	.softhouse/reviews/t217-probe/T211-reverify/lock-recovery.zsh	53	redirect	$1 expect=$2	print -r -- "  FAIL  $label -> $got (expected $expect)   <-- T202's recovery is BROKEN"
TRACKED-FILE	.softhouse/reviews/t217-probe/T211-reverify/setup-scratch.zsh	10	redirect	.softhouse/tasks.json	print -r -- baseline > .softhouse/tasks.json
TRACKED-FILE	.softhouse/reviews/t217-probe/T211-reverify/setup-scratch.zsh	11	redirect	.softhouse/LOCK	cat > .softhouse/LOCK <<EOF
TRACKED-FILE	.softhouse/reviews/t217-probe/run-push-case.zsh	35	redirect	.softhouse/tasks.json	&& print -r -- baseline > .softhouse/tasks.json \
TRACKED-FILE	.softhouse/reviews/t217-probe/run-push-case.zsh	36	redirect	.softhouse/LOCK	&& print -r -- "$LOCK_JSON" > .softhouse/LOCK \
TRACKED-FILE	.softhouse/reviews/t21v2/run-probe2-attested.sh	68	redirect	.softhouse/reviews/t21v2/t21v2-probe2-oracle-out.txt	grep -v '^#' "$OUT" | grep -v 'MoneyHelper' | grep -v '^[[:space:]]*$' > "$WORK/out/rows-committed.txt"
TRACKED-DIR	.softhouse/reviews/t23-probe/t23_rederive.py	18	redirect	.softhouse/reviews/t23-probe	EMI            :1838-1841  prod * balance / fn   (mc)  then Money -> currency scale (Money.java:52)
TRACKED-DIR	.softhouse/reviews/t245-oracle-pin/measure.sh	23	redirect	$	echo "type grep     -> $(type grep 2>&1 | head -1)"
TRACKED-DIR	.softhouse/reviews/t245-oracle-pin/measure.sh	24	redirect	$	echo "/usr/bin/grep -> $(/usr/bin/grep --version | head -1)"
TRACKED-FILE	.softhouse/reviews/t245-oracle-pin/measure.sh	114	redirect	.softhouse/reference-oracle.md	git show 358c3b9^:.softhouse/reference-oracle.md > /tmp/t245-pre.md
TRACKED-FILE	.softhouse/reviews/t245-oracle-pin/measure.sh	155	redirect	.softhouse/reference-oracle.md	print('  CALIB DB     positive .softhouse/reference-oracle.md      ->', bool(DB.search(open('.softhouse/reference-oracle.md','rb').read())))
TRACKED-FILE	.softhouse/reviews/t245-oracle-pin/measure.sh	156	redirect	.softhouse/vectors/PIN.json	print('  CALIB DB     negative .softhouse/vectors/PIN.json         ->', bool(DB.search(open('.softhouse/vectors/PIN.json','rb').read())))
TRACKED-FILE	.softhouse/reviews/t245-oracle-pin/measure.sh	157	redirect	.softhouse/capture/tierA-a2/env.sh	print('  CALIB STRICT positive .softhouse/capture/tierA-a2/env.sh  ->', bool(STRICT.search(open('.softhouse/capture/tierA-a2/env.sh','rb').read())))
TRACKED-FILE	.softhouse/reviews/t245-oracle-pin/measure.sh	158	redirect	.softhouse/vectors/PIN-ledger.json	print('  CALIB STRICT negative .softhouse/vectors/PIN-ledger.json  ->', bool(STRICT.search(open('.softhouse/vectors/PIN-ledger.json','rb').read())))
TRACKED-FILE	.softhouse/reviews/t246-dec2-rev6/bar.sh	27	redirect	.softhouse/conformance.sh	bash .softhouse/conformance.sh > /tmp/t246-conf.txt 2>&1
TRACKED-FILE	.softhouse/reviews/t246-dec2-rev6/bar.sh	50	redirect	.softhouse/conformance.sh	bash .softhouse/conformance.sh --prove > /tmp/t246-prove.txt 2>&1
TRACKED-DIR	.softhouse/reviews/t246-dec2-rev6/bar.sh	60	redirect	$?	go test ./... -count=1 > /tmp/t246-test.txt 2>&1; T=$?
TRACKED-FILE	.softhouse/reviews/t249-g14-scope/run-bar.sh	21	redirect	.softhouse/reviews/t249-g14-scope/bar-output.txt	} > "$HERE/bar-output.txt"
TRACKED-FILE	.softhouse/reviews/t251-dec2-rev7/run-conformance.sh	19	redirect	.softhouse/conformance.sh	bash .softhouse/conformance.sh >"$OUT" 2>&1
TRACKED-DIR	.softhouse/reviews/t254-harness-portability/instruments/10-mktemp-census.sh	32	redirect	${2:?outdir}/.files.all	git ls-files > "$OUT/.files.all"
TRACKED-DIR	.softhouse/reviews/t254-harness-portability/instruments/10-mktemp-census.sh	47	redirect	$?	*) echo "FATAL: grep exit $rc on $f" >&2; exit 91 ;;   # ERROR -> ABORT
TRACKED-DIR	.softhouse/reviews/t254-harness-portability/instruments/10-mktemp-census.sh	62	truncate	${2:?outdir}/.hits.all	: > "$OUT/.hits.all"
TRACKED-DIR	.softhouse/reviews/t254-harness-portability/instruments/10-mktemp-census.sh	63	truncate	${2:?outdir}/.hits.dasht	: > "$OUT/.hits.dasht"
TRACKED-DIR	.softhouse/reviews/t254-harness-portability/instruments/10-mktemp-census.sh	88	redirect	${2:?outdir}/.hits.all	sort "$OUT/.hits.all" > "$OUT/.s1.sorted"
TRACKED-DIR	.softhouse/reviews/t254-harness-portability/instruments/10-mktemp-census.sh	89	redirect	${2:?outdir}/.hits.dasht	sort "$OUT/.hits.dasht" > "$OUT/.s2.sorted"
TRACKED-DIR	.softhouse/reviews/t254-harness-portability/instruments/30-goroot-stale-repro.sh	42	redirect	$?	echo "control: git rev-parse --git-common-dir in stage -> rc=$grc (non-zero = outside a repo, as required)"
TRACKED-DIR	.softhouse/reviews/t254-harness-portability/instruments/40-run-bar.sh	27	redirect	${3:?outdir}/${2:?label}.meta.txt	} > "$OUT/$LABEL.meta.txt"
TRACKED-FILE	.softhouse/reviews/t254-harness-portability/instruments/40-run-bar.sh	29	redirect	.softhouse/conformance.sh	bash .softhouse/conformance.sh > "$OUT/$LABEL.stdout.txt" 2> "$OUT/$LABEL.stderr.txt"
TRACKED-FILE	.softhouse/reviews/t254-harness-portability/instruments/70-t234-residue-adjudicate.sh	66	redirect	.softhouse/conformance.sh	( cd "$TREE" && bash .softhouse/conformance.sh ) > "$so" 2> "$se"
TRACKED-DIR	.softhouse/reviews/t254-harness-portability/instruments/70-t234-residue-adjudicate.sh	69	redirect	${2:?outdir}/70-residue-$1.rc	echo "$rc" > "$OUT/70-residue-$1.rc"
TRACKED-DIR	.softhouse/reviews/t254-harness-portability/instruments/70-t234-residue-adjudicate.sh	80	redirect	${2:?outdir}/70-residue-$1.stdout.txt	cat "$so" "$se" > "$both"
TRACKED-DIR	.softhouse/reviews/t254-harness-portability/instruments/70-t234-residue-adjudicate.sh	105	redirect	${2:?outdir}/70-residue-$1.paths.txt	| sed 's/^[[:space:]]*//' | sort > "$OUT/70-residue-$label.paths.txt"
TRACKED-DIR	.softhouse/reviews/t254-harness-portability/instruments/70-t234-residue-adjudicate.sh	114	truncate	${2:?outdir}/.t234_matrix2.backup	[ -e "$RESIDUE" ] || cp -p "$BACKUP" "$RESIDUE" 2>/dev/null || : > "$RESIDUE"
TRACKED-DIR	.softhouse/reviews/t254-harness-portability/instruments/80-instrument-audit.sh	43	truncate	${4:?scratch dir}/findings.txt	: > "$WORK/findings.txt"
TRACKED-DIR	.softhouse/reviews/t254-harness-portability/instruments/80-instrument-audit.sh	50	redirect	${3:?git ref to read blobs from}	git show "$ROOTREF:$f" > "$local_tmp" 2>/dev/null || { echo "SKIP (unreadable): $f" >> "$WORK/findings.txt"; continue; }
TRACKED-DIR	.softhouse/reviews/t260-dec2-rev8/instruments/50-collision-and-red-drive.sh	25	redirect	$1	echo "  anchors under $1 -> exit $rc :: $(tail -1 "/tmp/t260/out.anchor.$1.txt")"
TRACKED-DIR	.softhouse/reviews/t260-dec2-rev8/instruments/50-collision-and-red-drive.sh	37	redirect	$1	echo "  line-numbers under $1 -> exit $rc :: $(tail -1 "/tmp/t260/out.lines.$1.txt")"
TRACKED-DIR	.softhouse/reviews/t260-dec2-rev8/instruments/50-collision-and-red-drive.sh	84	redirect	$1	echo "--- $1 -> checker exit $rc"
TRACKED-DIR	.softhouse/reviews/t260-dec2-rev8/instruments/50-collision-and-red-drive.sh	97	redirect	$?	> /tmp/t260/gg.txt 2>/tmp/t260/gg.err || RC=$?
TRACKED-DIR	.softhouse/reviews/t260-dec2-rev8/instruments/60-c-items-and-residuals.py	115	redirect	.softhouse/reviews/t260-dec2-rev8/instruments	print("\n### C-6 / C-7 — §8.3's 'the seventh guard' x2 -> the NAME")
TRACKED-DIR	.softhouse/reviews/t260-dec2-rev8/instruments/70-spotcheck-stale-sites.sh	26	redirect	$note	echo "  0 matches, exit 1  -> A REAL MEASURED NEGATIVE.  $note"
TRACKED-FILE	.softhouse/reviews/t260-dec2-rev8/instruments/70-spotcheck-stale-sites.sh	52	redirect	.softhouse/conformance.sh	git grep -n -F -- "go test" -- "$SH" > /tmp/t260/gotest.txt 2>/tmp/t260/gg.err
TRACKED-FILE	.softhouse/reviews/t261-tenant-attestation/instruments/t261-bar.sh	20	redirect	.softhouse/conformance.sh	bash "$ROOT/.softhouse/conformance.sh" > "$LOG" 2>&1
TRACKED-DIR	.softhouse/reviews/t261-tenant-attestation/instruments/t261-caller-and-trap.sh	73	redirect	$1	cat > "$1" <<CALLER
TRACKED-DIR	.softhouse/reviews/t261-tenant-attestation/instruments/t261-population.py	7	redirect	.softhouse/reviews/t261-tenant-attestation/instruments	* emitters: echo / printf / print   AND ALSO   <python>.write( / heredoc body
TRACKED-DIR	.softhouse/reviews/t261-tenant-attestation/instruments/t261-population.py	150	redirect	$T	'echo "$T" > f\n')
TRACKED-DIR	.softhouse/reviews/t261-tenant-attestation/instruments/t261-redA-independent.sh	38	redirect	./.softhouse/reviews/t261-tenant-attestation/evidence/redA/legacy/$1; ln_tenant=$2.http	} > "$EV/legacy/$ln_name.http"
TRACKED-DIR	.softhouse/reviews/t261-tenant-attestation/instruments/t261-redA-independent.sh	39	redirect	$(curl -sk -X GET "https://localhost:8443/fineract-provider/api/v1/offices" -H "Authorization: Basic bWlmb3M6cGFzc3dvcmQ=" -H "Fineract-Platform-TenantId: $ln_tenant" -H "Content-Type: application/json" \	echo "$code" > "$EV/legacy/$ln_name.status"
TRACKED-DIR	.softhouse/reviews/t261-tenant-attestation/instruments/t261-redA-independent.sh	55	redirect	$1; dn_tenant=$2	oracle_send "$dn_name" GET /offices >/dev/null
TRACKED-DIR	.softhouse/reviews/t261-tenant-attestation/instruments/t261-redB-attack.sh	25	rm	.softhouse/reviews/t261-tenant-attestation/evidence/redB	rm -rf "$EV"; mkdir -p "$EV/src" "$EV/req"
TRACKED-FILE	.softhouse/reviews/t261-tenant-attestation/instruments/t261-redB-attack.sh	26	redirect	.softhouse/reviews/t261-tenant-attestation/evidence/redB/req/office.json	printf '%s' '{"name":"T261 probe","openingDate":"01 January 2026","dateFormat":"dd MMMM yyyy","locale":"en","parentId":1}' > "$EV/req/office.json"
TRACKED-DIR	.softhouse/reviews/t261-tenant-attestation/instruments/t261-redB-attack.sh	47	redirect	$1; vn=$2; vreq=${3:-}/$vn.http	python3 "$WA" verify --sidecar "$vd/$vn.http" --headers "$vd/$vn.reqhdr" --req "$vd/$vn.req" >"$vd/$vn.vout" 2>"$vd/$vn.verr"
TRACKED-DIR	.softhouse/reviews/t261-tenant-attestation/instruments/t261-redB-attack.sh	49	redirect	$1; vn=$2; vreq=${3:-}/$vn.http	python3 "$WA" verify --sidecar "$vd/$vn.http" --headers "$vd/$vn.reqhdr" >"$vd/$vn.vout" 2>"$vd/$vn.verr"
TRACKED-DIR	.softhouse/reviews/t261-tenant-attestation/instruments/t261-redB-attack.sh	91	rm	./.softhouse/reviews/t261-tenant-attestation/evidence/redB/$1	mk() { rm -rf "$EV/$1"; cp -R "$EV/src/$2" "$EV/$1"; }
TRACKED-DIR	.softhouse/reviews/t261-tenant-attestation/instruments/t261-redC-wrap.sh	23	rm	.softhouse/reviews/t261-tenant-attestation/evidence/redC	rm -rf "$EV"; mkdir -p "$EV"
TRACKED-DIR	.softhouse/reviews/t261-tenant-attestation/instruments/t261-redC-wrap.sh	35	redirect	$1; sval=$2	if ! oracle_send "$sname" GET /offices >/dev/null 2>"$EV/$sname/send.err"; then
TRACKED-DIR	.softhouse/reviews/t261-tenant-attestation/instruments/t261-redC-wrap.sh	54	redirect	./.softhouse/reviews/t261-tenant-attestation/evidence/redC/$1; sval=$2/$1; sval=$2.http	python3 "$WA" verify --sidecar "$EV/$sname/$sname.http" --headers "$EV/$sname/$sname.reqhdr" >/dev/null 2>&1 \
TRACKED-FILE	.softhouse/reviews/t261-tenant-attestation/instruments/t261-redC-wrap.sh	104	redirect	.softhouse/reviews/t261-tenant-attestation/evidence/redC/dupid/dupid.http	python3 "$WA" verify --sidecar "$EV/dupid/dupid.http" --headers "$EV/dupid/dupid.reqhdr" >/dev/null 2>"$EV/dupid/verr"
TRACKED-FILE	.softhouse/reviews/t261-tenant-attestation/instruments/t261-redC-wrap.sh	123	redirect	.softhouse/reviews/t261-tenant-attestation/evidence/redC/crlf/send.err	if oracle_send crlf GET /offices >/dev/null 2>"$EV/crlf/send.err"; then
TRACKED-FILE	.softhouse/reviews/t261-tenant-attestation/instruments/t261-redC-wrap.sh	152	redirect	.softhouse/reviews/t261-tenant-attestation/evidence/redC/mb/body.json	oracle_send mb POST /offices "$EV/mb/body.json" >/dev/null 2>&1 || echo "  (send rc=$?)"
TRACKED-DIR	.softhouse/reviews/t261-tenant-attestation/instruments/t261-redC-wrap.sh	156	redirect	$	print("  Content-Length on the wire : %s" % (re.search(r"(?m)^Content-Length: (\d+)$", sc) or ["","<none>"])[1])
TRACKED-FILE	.softhouse/reviews/t261-tenant-attestation/instruments/t261-redC-wrap.sh	168	redirect	.softhouse/reviews/t261-tenant-attestation/evidence/redC/mbtrunc/mb.http	python3 "$WA" verify --sidecar "$EV/mbtrunc/mb.http" --headers "$EV/mbtrunc/mb.reqhdr" --req "$EV/mbtrunc/mb.req" >/dev/null 2>"$EV/mbtrunc/verr"
TRACKED-DIR	.softhouse/reviews/t261-tenant-attestation/instruments/t261-redC-wrap.sh	169	redirect	$?	echo "  truncated-mid-multibyte body, all assertions intact -> verify rc=$?"
TRACKED-DIR	.softhouse/reviews/t261-tenant-attestation/instruments/t261-tenant-term.py	44	redirect	$	BARE_TENANT = re.compile(r"^Fineract-Platform-TenantId:\s*(?P<val>.*)$",
TRACKED-DIR	.softhouse/reviews/t261-tenant-attestation/instruments/t261-tenant-term.py	102	redirect	$T	'curl -H "$T" x\ncat > f <<EOF\nFineract-Platform-TenantId: gerege\nEOF\n',
TRACKED-DIR	.softhouse/reviews/t27-probe/t27_verify_claims.py	93	redirect	.softhouse/reviews/t27-probe	check("%s x %s%% principal %d -> p12 %s / p19 %s / %s"
TRACKED-DIR	.softhouse/reviews/t276-review-t275-capture/evidence/10-run.sh	19	redirect	$2	printf '%s' "$2" > "$D/body.json"
TRACKED-DIR	.softhouse/reviews/t276-review-t275-capture/evidence/11-run2.sh	16	redirect	$2	printf '%s' "$2" > "$D/body2.json"
TRACKED-DIR	.softhouse/reviews/t276-review-t275-capture/evidence/30-reissue-refusals.sh	20	redirect	$M	sh "$S/cap8.sh" "T276-$N" "$M" "$P" "wire.json" >/dev/null 2>&1
TRACKED-DIR	.softhouse/reviews/t283-review-t274/instruments/10-forgery-arms.sh	98	redirect	$1/capture.log	) > "$1/capture.log" 2>&1
TRACKED-DIR	.softhouse/reviews/t283-review-t274/instruments/10-forgery-arms.sh	106	redirect	$1/verify.out	> "$1/verify.out" 2> "$1/verify.err" || v_rc=$?
TRACKED-DIR	.softhouse/reviews/t283-review-t274/instruments/10-forgery-arms.sh	114	redirect	$1/verify.out	> "$1/verify.out" 2> "$1/verify.err" || v_rc=$?
TRACKED-DIR	.softhouse/reviews/t283-review-t274/instruments/10-forgery-arms.sh	154	redirect	$	echo "    body digest before/after: $before -> $(shasum -a 256 "$d/probe.req" | cut -c1-16)"
TRACKED-DIR	.softhouse/reviews/t283-review-t274/instruments/10-forgery-arms.sh	181	redirect	$	echo "    response digest before/after: $before -> $(shasum -a 256 "$d/probe.json" | cut -c1-16)"
TRACKED-DIR	.softhouse/reviews/t283-review-t274/instruments/20-sidecar-shapes-and-error-paths.sh	82	redirect	$?	--status "$d/probe.status" > "$d/out" 2> "$d/err" || r_rc=$?
TRACKED-DIR	.softhouse/reviews/t283-review-t274/instruments/20-sidecar-shapes-and-error-paths.sh	115	redirect	.softhouse/reviews/t283-review-t274/instruments	arm S6; awk '{print} /^body-sha256:/{print}' "$GOLD/probe.http" > "$d/probe.http"
TRACKED-DIR	.softhouse/reviews/t283-review-t274/instruments/20-sidecar-shapes-and-error-paths.sh	124	redirect	.softhouse/reviews/t283-review-t274/instruments	arm S9; awk '{print} /^captured-at-utc:/{print}' "$GOLD/probe.http" > "$d/probe.http"
TRACKED-DIR	.softhouse/reviews/t283-review-t274/instruments/20-sidecar-shapes-and-error-paths.sh	151	redirect	.softhouse/reviews/t283-review-t274/instruments	arm E4; awk '{print} /^Content-Length:/{print}' "$GOLD/probe.reqhdr" > "$d/probe.reqhdr"
TRACKED-DIR	.softhouse/reviews/t283-review-t274/instruments/30-selfcheck-residue.sh	42	redirect	$1/wire_attestation.py	cat > "$1/wire_attestation.py" <<SHIM
TRACKED-DIR	.softhouse/reviews/t283-review-t274/instruments/30-selfcheck-residue.sh	46	redirect	$2	if len(sys.argv) > 1 and sys.argv[1] == "$2":
TRACKED-DIR	.softhouse/reviews/t283-review-t274/instruments/30-selfcheck-residue.sh	70	redirect	$?	) > "$d/log" 2>&1 || rc=$?
TRACKED-DIR	.softhouse/reviews/t283-review-t274/instruments/30-selfcheck-residue.sh	83	redirect	$n	note A "derive FAILS   -> oracle_send rc=$rc, capture artefacts left behind: $n"
TRACKED-DIR	.softhouse/reviews/t283-review-t274/instruments/30-selfcheck-residue.sh	90	redirect	$n	note B "verify FAILS   -> oracle_send rc=$rc, capture artefacts left behind: $n"
TRACKED-DIR	.softhouse/reviews/t283-review-t274/instruments/30-selfcheck-residue.sh	97	redirect	$n	note C "verify ERRORS  -> oracle_send rc=$rc, capture artefacts left behind: $n"
TRACKED-DIR	.softhouse/reviews/t283-review-t274/instruments/30-selfcheck-residue.sh	103	redirect	$n	note D "lib ABSENT     -> oracle_send rc=$rc, capture artefacts left behind: $n"
TRACKED-FILE	.softhouse/reviews/t285-review-t273/instruments/70-independent-red-drive.sh	44	redirect	.softhouse/conformance.sh	bash .softhouse/conformance.sh >"$log" 2>&1
TRACKED-FILE	.softhouse/reviews/t285-review-t273/instruments/70-independent-red-drive.sh	71	inplace-edit	.softhouse/reviews/T158-compare-enumerators.sh	/usr/bin/sed -i '' 's%^C=/tmp/t158-clone$%C="$(mktemp -d "${TMPDIR:-/tmp}/t158-clone.XXXXXXXXXX")"%' "$PINNED"
TRACKED-FILE	.softhouse/reviews/t285-review-t273/instruments/70-independent-red-drive.sh	80	inplace-edit	.softhouse/capture/t234-sweep-instrument-audit/instruments/02-escape-matrix-fix.sh	/usr/bin/sed -i '' 's%^D="\$(mktemp -d .*$%C=/tmp/t234_matrix2.txt%' "$ESCAPE"
TRACKED-FILE	.softhouse/reviews/t285-review-t273/instruments/70-independent-red-drive.sh	81	rm	.softhouse/capture/t234-sweep-instrument-audit/instruments/02-escape-matrix-fix.sh	/usr/bin/sed -i '' "s%^trap 'rm -rf \"\\\$D\"' EXIT\$%%" "$ESCAPE"
TRACKED-FILE	.softhouse/reviews/t285-review-t273/instruments/70-independent-red-drive.sh	82	inplace-edit	.softhouse/capture/t234-sweep-instrument-audit/instruments/02-escape-matrix-fix.sh	/usr/bin/sed -i '' 's%^C="\$D/matrix2.txt"$%%' "$ESCAPE"
TRACKED-FILE	.softhouse/reviews/t285-review-t273/instruments/80-regression-test-claim.sh	38	inplace-edit	.softhouse/capture/t234-sweep-instrument-audit/instruments/02-escape-matrix-fix.sh	/usr/bin/sed -i '' 's%^D="\$(mktemp -d .*$%C=/tmp/t234_matrix2.txt%' "$F"
TRACKED-FILE	.softhouse/reviews/t285-review-t273/instruments/80-regression-test-claim.sh	39	rm	.softhouse/capture/t234-sweep-instrument-audit/instruments/02-escape-matrix-fix.sh	/usr/bin/sed -i '' "s%^trap 'rm -rf \"\\\$D\"' EXIT\$%%" "$F"
TRACKED-FILE	.softhouse/reviews/t285-review-t273/instruments/80-regression-test-claim.sh	40	inplace-edit	.softhouse/capture/t234-sweep-instrument-audit/instruments/02-escape-matrix-fix.sh	/usr/bin/sed -i '' 's%^C="\$D/matrix2.txt"$%%' "$F"
UNRESOLVED	.softhouse/reviews/t285-review-t273/instruments/80-regression-test-claim.sh	46	redirect	.softhouse/reviews/t285-review-t273/scratch/80-$1.txt	python3 "$B" >".softhouse/reviews/t285-review-t273/scratch/80-$1.txt" 2>&1
TRACKED-FILE	.softhouse/reviews/t285-review-t273/instruments/80-regression-test-claim.sh	74	inplace-edit	.softhouse/capture/t234-sweep-instrument-audit/instruments/02-escape-matrix-fix.sh	/usr/bin/sed -i '' '/for a literal `> \/tmp\/t234_matrix2.txt` and the redirection here/d' "$F"
TRACKED-FILE	.softhouse/reviews/t288-drive/build-fixture.sh	32	redirect	.softhouse/tasks.json	cat > .softhouse/tasks.json <<'JSON'
TRACKED-FILE	.softhouse/reviews/t288-drive/build-fixture.sh	81	redirect	.softhouse/RESUME.md	cat > .softhouse/RESUME.md <<'MD'
TRACKED-FILE	.softhouse/reviews/t288-drive/build-fixture.sh	93	redirect	.softhouse/program.json	print -r -- '{"status":"active","contexts":[]}' > .softhouse/program.json
TRACKED-FILE	.softhouse/reviews/t288-drive/drive.sh	20	redirect	.softhouse/bin/fire-program.sh	git -C "$WT" show HEAD:.softhouse/bin/fire-program.sh   > "$RUNDIR/fire-program.sh"
TRACKED-FILE	.softhouse/reviews/t288-drive/drive.sh	21	redirect	.softhouse/bin/ready-tasks.py	git -C "$WT" show HEAD:.softhouse/bin/ready-tasks.py    > "$RUNDIR/ready-tasks.py"
TRACKED-FILE	.softhouse/reviews/t288-drive/drive.sh	22	redirect	.softhouse/bin/lib-worktree-prune.zsh	git -C "$WT" show HEAD:.softhouse/bin/lib-worktree-prune.zsh > "$RUNDIR/lib-worktree-prune.zsh"
TRACKED-DIR	.softhouse/reviews/t288-drive/drive.sh	43	redirect	$?	zsh -c "zsh '$RUNDIR/fire-program.sh' > '$BASE/$MODE.wrapper.out' 2>&1; print -r -- \$? > '$DONE_MARK'" & ) &
TRACKED-DIR	.softhouse/reviews/t288-drive/measure-live-host.sh	23	redirect	$P	print -r -- "  pid $P -> $(/usr/sbin/lsof -w -a -d cwd -p $P -Fn 2>/dev/null | grep '^n' | sed 's/^n//')"
TRACKED-DIR	.softhouse/reviews/t288-drive/neg-drive.sh	54	redirect	$?	zsh -c "zsh '$RUNDIR/fire-program.sh' > '$BASE/neg.wrapper.out' 2>&1; print -r -- \$? > '$DONE_MARK'" & ) &
UNRESOLVED	.softhouse/reviews/t291-review-t286/probe/reproduce-in-t286s-own-sweep.sh	34	rm	./.softhouse/capture/t286-rvpa-retry/red/fixtures/$f.json	for f in $FIXTURES; do rm -f "$T286FIX/$f.json"; done
TRACKED-FILE	.softhouse/reviews/t291-review-t286/probe/reproduce-in-t286s-own-sweep.sh	50	redirect	.softhouse/reviews/t291-review-t286/out/t286-own-sweep-with-t291-fixtures.txt	python3 "$DRIVER" > "$HERE/../out/t286-own-sweep-with-t291-fixtures.txt" 2>&1 || RC=$?
TRACKED-DIR	.softhouse/reviews/t32-probe/t32_inside_period.py	51	truncate	.softhouse/reviews/t32-probe	f"{'/'.join(a):>26} {'/'.join(b):>26}   {'SAME' if a == b else 'DIVERGE'}")
TRACKED-DIR	.softhouse/reviews/t33-probe/t33_spec_check.py	576	redirect	.softhouse/reviews/t33-probe	print(f"    {tag:<14} MNT {p:>10,} / {n:<3} x {r:>5}%  start={start}{ds}")
TRACKED-DIR	.softhouse/reviews/t33-probe/t33_spec_check.py	577	truncate	.softhouse/reviews/t33-probe	print(f"                   revision 6 : {spec[0]:>14} / {spec[1]:>14} / {spec[2]:>15}")
TRACKED-DIR	.softhouse/reviews/t33-probe/t33_spec_check.py	578	truncate	.softhouse/reviews/t33-probe	print(f"                   the reading: {wrong[0]:>14} / {wrong[1]:>14} / {wrong[2]:>15}")
TRACKED-FILE	.softhouse/reviews/t41-probe/t196-drive.sh	69	redirect	.softhouse/reviews/t179-guard-classifier/guard_classify.py	git -C "$REPO" show "$MB:.softhouse/reviews/t179-guard-classifier/guard_classify.py" > "$SB/gc_base.py"
TRACKED-DIR	.softhouse/reviews/t41-probe/t196-drive.sh	76	redirect	$	echo "grep measured with: /usr/bin/grep -> $(/usr/bin/grep --version 2>&1 | sed -n 1p)"
TRACKED-DIR	.softhouse/reviews/t41-probe/t196-drive.sh	80	redirect	$root	python3 "$SB/$build.py" --root "$root" --enforce > "$SB/$label.txt" 2>&1
TRACKED-DIR	.softhouse/reviews/t41-probe/t196-drive.sh	89	redirect	$(cd "$(dirname "${BASH_SOURCE[0]}")/../../.." && pwd)	git -C "$REPO" show "$PREFIX_REF:.softhouse/reviews/t41-probe/$f.py" > "$SB/A/$f.py"
TRACKED-DIR	.softhouse/reviews/t41-probe/t196-drive.sh	142	redirect	$(cd "$(dirname "${BASH_SOURCE[0]}")/../../.." && pwd)	git -C "$REPO" archive "$PREFIX_REF" .softhouse/reviews/t41-probe > "$SB/e.tar"
TRACKED-DIR	.softhouse/reviews/t41-probe/t196-drive.sh	186	redirect	$(cd "$(dirname "${BASH_SOURCE[0]}")/../../.." && pwd)	git -C "$REPO" ls-tree --name-only "$PREFIX_REF" .softhouse/reviews/t41-probe/ > "$SB/f-then.txt"
TRACKED-DIR	.softhouse/reviews/t41-probe/t196-drive.sh	187	redirect	$(cd "$(dirname "${BASH_SOURCE[0]}")/../../.." && pwd)	git -C "$REPO" ls-tree --name-only HEAD .softhouse/reviews/t41-probe/ > "$SB/f-now.txt"
TRACKED-DIR	.softhouse/reviews/t41-probe/t196-drive.sh	200	redirect	$(cd "$(dirname "${BASH_SOURCE[0]}")/../../.." && pwd)/.softhouse/reviews/t179-guard-classifier/selftest.py	python3 "$REPO/.softhouse/reviews/t179-guard-classifier/selftest.py" > "$SB/G.txt" 2>&1
TRACKED-DIR	.softhouse/reviews/t41-probe/t196-drive.sh	202	redirect	$(cd "$(dirname "${BASH_SOURCE[0]}")/../../.." && pwd)/.softhouse/reviews/t179-guard-classifier/selftest.py	python3 -O "$REPO/.softhouse/reviews/t179-guard-classifier/selftest.py" > "$SB/G-O.txt" 2>&1
TRACKED-DIR	.softhouse/reviews/t41-probe/t196-drive.sh	206	redirect	$(cd "$(dirname "${BASH_SOURCE[0]}")/../../.." && pwd)/.softhouse/reviews/t179-guard-classifier/guard_classify.py	python3 "$SB/gc_t196.py" --file "$LIVE" > "$SB/G-self.txt" 2>&1
TRACKED-DIR	.softhouse/reviews/t41-probe/t196-drive.sh	216	redirect	$(cd "$(dirname "${BASH_SOURCE[0]}")/../../.." && pwd)/.softhouse	python3 "$SB/gc_base.py" --root "$REPO/.softhouse" --json "$SB/H-base.json" > "$SB/H-base.txt" 2>&1
TRACKED-DIR	.softhouse/reviews/t41-probe/t196-drive.sh	218	redirect	$(cd "$(dirname "${BASH_SOURCE[0]}")/../../.." && pwd)/.softhouse	python3 "$SB/gc_t183.py" --root "$REPO/.softhouse" --json "$SB/H-t183.json" > "$SB/H-t183.txt" 2>&1
TRACKED-DIR	.softhouse/reviews/t41-probe/t196-drive.sh	220	redirect	$(cd "$(dirname "${BASH_SOURCE[0]}")/../../.." && pwd)/.softhouse	python3 "$SB/gc_t196.py" --root "$REPO/.softhouse" --json "$SB/H-t196.json" > "$SB/H-t196.txt" 2>&1
