=== run start 2026-09-12T11:02:04Z DBHOST=172.27.0.2 ===
Picked up JAVA_TOOL_OPTIONS: -Dfineract.feign.debug=true -Dfineract.capture.log=/work/fineract-e2e-tests-runner/build/capture/feign-repayment-p1-mnt.log
To honour the JVM settings for this build a single-use Daemon process will be forked. For more on this, please refer to https://docs.gradle.org/8.14.5/userguide/gradle_daemon.html#sec:disabling_the_daemon in the Gradle documentation.
Daemon will be stopped at the end of the build 
> Task :buildSrc:extractPluginRequests UP-TO-DATE
> Task :buildSrc:generatePluginAdapters UP-TO-DATE
> Task :buildSrc:compileJava UP-TO-DATE
> Task :buildSrc:compileGroovy UP-TO-DATE
> Task :buildSrc:compileGroovyPlugins UP-TO-DATE
> Task :buildSrc:pluginDescriptors UP-TO-DATE
> Task :buildSrc:processResources UP-TO-DATE
> Task :buildSrc:classes UP-TO-DATE
> Task :buildSrc:jar UP-TO-DATE

> Configure project :
matching ref: COMMIT - 426a23544e8426a38ae43ae404670a0a7e85b9eb
  ref configuration: COMMIT - pattern: null
    version: ${describe.tag.version.major}.${describe.tag.version.minor.next}.0-SNAPSHOT
    describeTagPattern: .*(\d+\.\d+\.\d+).*
    describeTagFirstParent: false

project version: 1.16.0-SNAPSHOT

> Task :fineract-avro-schemas:compileJava UP-TO-DATE
> Task :fineract-avro-schemas:processResources UP-TO-DATE
> Task :fineract-avro-schemas:classes
> Task :fineract-avro-schemas:jar UP-TO-DATE
> Task :fineract-client-feign:cleanupGeneratedJavaFiles UP-TO-DATE
> Task :fineract-client-feign:licenseFormatMain UP-TO-DATE
> Task :spotlessInternalRegisterDependencies UP-TO-DATE
> Task :fineract-client-feign:spotlessMisc UP-TO-DATE
> Task :fineract-client-feign:spotlessMiscApply UP-TO-DATE
> Task :fineract-client-feign:compileJava UP-TO-DATE
> Task :fineract-client-feign:processResources UP-TO-DATE
> Task :fineract-client-feign:classes UP-TO-DATE
> Task :fineract-client-feign:jar UP-TO-DATE
> Task :fineract-e2e-tests-core:compileJava NO-SOURCE
> Task :fineract-e2e-tests-core:processResources NO-SOURCE
> Task :fineract-e2e-tests-core:classes UP-TO-DATE
> Task :fineract-e2e-tests-core:compileTestJava UP-TO-DATE
> Task :fineract-e2e-tests-core:processTestResources UP-TO-DATE
> Task :fineract-e2e-tests-core:testClasses UP-TO-DATE
> Task :fineract-e2e-tests-runner:compileJava NO-SOURCE
> Task :fineract-e2e-tests-runner:processResources NO-SOURCE
> Task :fineract-e2e-tests-runner:classes UP-TO-DATE
> Task :fineract-e2e-tests-runner:compileTestJava UP-TO-DATE
> Task :fineract-e2e-tests-runner:processTestResources UP-TO-DATE
> Task :fineract-e2e-tests-runner:testClasses UP-TO-DATE
Picked up JAVA_TOOL_OPTIONS: -Dfineract.feign.debug=true -Dfineract.capture.log=/work/fineract-e2e-tests-runner/build/capture/feign-repayment-p1-mnt.log
11:02:18.242 [main] INFO  o.a.f.t.s.hook.InitializingHook - Setting up global defaults for Fineract
> Task :fineract-e2e-tests-runner:cucumber
Mockito is currently self-attaching to enable the inline-mock-maker. This will no longer work in future releases of the JDK. Please add Mockito as an agent to your build as described in Mockito's documentation: https://javadoc.io/doc/org.mockito/mockito-core/latest/org.mockito/org/mockito/Mockito.html#0.3

WARNING: A Java agent has been loaded dynamically (/gradle-home/caches/modules-2/files-2.1/net.bytebuddy/byte-buddy-agent/1.17.8/f09415827a71be7ed621c7bd02550678f28bc81c/byte-buddy-agent-1.17.8.jar)
WARNING: If a serviceability tool is in use, please run with -XX:+EnableDynamicAgentLoading to hide this warning
WARNING: If a serviceability tool is not in use, please run with -Djdk.instrument.traceUsage for more information
WARNING: Dynamic loading of agents will be disallowed by default in a future release
OpenJDK 64-Bit Server VM warning: Sharing is only supported for boot loader classes because bootstrap classpath has been appended

@Repayment @TestRailId:C49
[1mScenario Outline:[22m Loan repayment functionality with business date setup                                                                                                       [90m# fineract-e2e-tests-runner/src/test/resources/features/LoanRepayment-Part1.feature:15[39m
  [32m✔[39m [32m[1mWhen [22mAdmin sets the business date to [1m"1 July 2022"[22m[39m                                                                                                                        [90m# org.apache.fineract.test.stepdef.common.BusinessDateStepDef.setBusinessDate(java.lang.String)[39m
  [32m✔[39m [32m[1mWhen [22mAdmin creates a client with random data[39m                                                                                                                              [90m# org.apache.fineract.test.stepdef.common.ClientStepDef.createClientRandomFirstNameLastName()[39m
  [32m✔[39m [32m[1mAnd [22mAdmin successfully creates a new customised Loan submitted on date: [1m"1 July 2022"[22m, with Principal: [1m"5000"[22m, a loanTermFrequency: [1m24[22m months, and numberOfRepayments: [1m24[22m[39m [90m# org.apache.fineract.test.stepdef.loan.LoanStepDef.createCustomizedLoan(java.lang.String,java.lang.String,java.lang.Integer,java.lang.Integer)[39m
  [32m✔[39m [32m[1mAnd [22mAdmin successfully approves the loan on [1m"1 July 2022"[22m with [1m"5000"[22m amount and expected disbursement date on [1m"1 July 2022"[22m[39m                                              [90m# org.apache.fineract.test.stepdef.loan.LoanStepDef.approveLoan(java.lang.String,java.lang.String,java.lang.String)[39m
  [32m✔[39m [32m[1mAnd [22mAdmin successfully disburse the loan on [1m"1 July 2022"[22m with [1m"5000"[22m EUR transaction amount[39m                                                                              [90m# org.apache.fineract.test.stepdef.loan.LoanStepDef.disburseLoan(java.lang.String,java.lang.String)[39m
  [32m✔[39m [32m[1mAnd [22mCustomer makes [1m"AUTOPAY"[22m repayment on [1m"1 July 2022"[22m with [1m200[22m EUR transaction amount[39m                                                                                   [90m# org.apache.fineract.test.stepdef.loan.LoanRepaymentStepDef.makeLoanRepayment(java.lang.String,java.lang.String,double)[39m
  [32m✔[39m [32m[1mThen [22mRepayment transaction is created with [1m200[22m amount and [1m"AUTOPAY"[22m type[39m                                                                                                  [90m# org.apache.fineract.test.stepdef.loan.LoanRepaymentStepDef.loanRepaymentStatus(double,java.lang.String)[39m

@Repayment @TestRailId:C32
[1mScenario:[22m As a user I would like to check that the repayment transaction is failed when the repayment date is after the business date                                         [90m# fineract-e2e-tests-runner/src/test/resources/features/LoanRepayment-Part1.feature:18[39m
  [32m✔[39m [32m[1mWhen [22mAdmin sets the business date to [1m"1 July 2022"[22m[39m                                                                                                                        [90m# org.apache.fineract.test.stepdef.common.BusinessDateStepDef.setBusinessDate(java.lang.String)[39m
  [32m✔[39m [32m[1mWhen [22mAdmin creates a client with random data[39m                                                                                                                              [90m# org.apache.fineract.test.stepdef.common.ClientStepDef.createClientRandomFirstNameLastName()[39m
  [32m✔[39m [32m[1mAnd [22mAdmin successfully creates a new customised Loan submitted on date: [1m"1 July 2022"[22m, with Principal: [1m"5000"[22m, a loanTermFrequency: [1m24[22m months, and numberOfRepayments: [1m24[22m[39m [90m# org.apache.fineract.test.stepdef.loan.LoanStepDef.createCustomizedLoan(java.lang.String,java.lang.String,java.lang.Integer,java.lang.Integer)[39m
  [32m✔[39m [32m[1mAnd [22mAdmin successfully approves the loan on [1m"1 July 2022"[22m with [1m"5000"[22m amount and expected disbursement date on [1m"1 July 2022"[22m[39m                                              [90m# org.apache.fineract.test.stepdef.loan.LoanStepDef.approveLoan(java.lang.String,java.lang.String,java.lang.String)[39m
  [32m✔[39m [32m[1mAnd [22mAdmin successfully disburse the loan on [1m"1 July 2022"[22m with [1m"5000"[22m EUR transaction amount[39m                                                                              [90m# org.apache.fineract.test.stepdef.loan.LoanStepDef.disburseLoan(java.lang.String,java.lang.String)[39m
  [32m✔[39m [32m[1mAnd [22mCustomer makes [1m"AUTOPAY"[22m repayment on [1m"2 July 2022"[22m with [1m200[22m EUR transaction amount (and transaction fails because of wrong date)[39m                                     [90m# org.apache.fineract.test.stepdef.loan.LoanRepaymentStepDef.makeLoanRepaymentWithWrongDate(java.lang.String,java.lang.String,double)[39m
  [32m✔[39m [32m[1mThen [22mRepayment failed because the repayment date is after the business date[39m                                                                                               [90m# org.apache.fineract.test.stepdef.loan.LoanRepaymentStepDef.repaymentDateFailure()[39m

@Repayment @TestRailId:C44
[1mScenario:[22m As a user I would like to check that the repayment is successful if the repayment date is equal to the business date                                                [90m# fineract-e2e-tests-runner/src/test/resources/features/LoanRepayment-Part1.feature:28[39m
  [32m✔[39m [32m[1mWhen [22mAdmin sets the business date to [1m"1 July 2022"[22m[39m                                                                                                                        [90m# org.apache.fineract.test.stepdef.common.BusinessDateStepDef.setBusinessDate(java.lang.String)[39m
  [32m✔[39m [32m[1mWhen [22mAdmin creates a client with random data[39m                                                                                                                              [90m# org.apache.fineract.test.stepdef.common.ClientStepDef.createClientRandomFirstNameLastName()[39m
  [32m✔[39m [32m[1mAnd [22mAdmin successfully creates a new customised Loan submitted on date: [1m"1 July 2022"[22m, with Principal: [1m"5000"[22m, a loanTermFrequency: [1m24[22m months, and numberOfRepayments: [1m24[22m[39m [90m# org.apache.fineract.test.stepdef.loan.LoanStepDef.createCustomizedLoan(java.lang.String,java.lang.String,java.lang.Integer,java.lang.Integer)[39m
  [32m✔[39m [32m[1mAnd [22mAdmin successfully approves the loan on [1m"1 July 2022"[22m with [1m"5000"[22m amount and expected disbursement date on [1m"1 July 2022"[22m[39m                                              [90m# org.apache.fineract.test.stepdef.loan.LoanStepDef.approveLoan(java.lang.String,java.lang.String,java.lang.String)[39m
  [32m✔[39m [32m[1mAnd [22mAdmin successfully disburse the loan on [1m"1 July 2022"[22m with [1m"5000"[22m EUR transaction amount[39m                                                                              [90m# org.apache.fineract.test.stepdef.loan.LoanStepDef.disburseLoan(java.lang.String,java.lang.String)[39m
  [32m✔[39m [32m[1mAnd [22mCustomer makes [1m"AUTOPAY"[22m repayment on [1m"1 July 2022"[22m with [1m200[22m EUR transaction amount[39m                                                                                   [90m# org.apache.fineract.test.stepdef.loan.LoanRepaymentStepDef.makeLoanRepayment(java.lang.String,java.lang.String,double)[39m
  [32m✔[39m [32m[1mThen [22mRepayment transaction is created with [1m200[22m amount and [1m"AUTOPAY"[22m type[39m                                                                                                  [90m# org.apache.fineract.test.stepdef.loan.LoanRepaymentStepDef.loanRepaymentStatus(double,java.lang.String)[39m

@Repayment @TestRailId:C45
[1mScenario:[22m As a user I would like to increase the business day by the scheduled job and want to create a repayment transaction on that day                                     [90m# fineract-e2e-tests-runner/src/test/resources/features/LoanRepayment-Part1.feature:38[39m
  [32m✔[39m [32m[1mWhen [22mAdmin sets the business date to [1m"1 July 2022"[22m[39m                                                                                                                        [90m# org.apache.fineract.test.stepdef.common.BusinessDateStepDef.setBusinessDate(java.lang.String)[39m
  [32m✔[39m [32m[1mWhen [22mAdmin creates a client with random data[39m                                                                                                                              [90m# org.apache.fineract.test.stepdef.common.ClientStepDef.createClientRandomFirstNameLastName()[39m
  [32m✔[39m [32m[1mAnd [22mAdmin successfully creates a new customised Loan submitted on date: [1m"1 July 2022"[22m, with Principal: [1m"5000"[22m, a loanTermFrequency: [1m24[22m months, and numberOfRepayments: [1m24[22m[39m [90m# org.apache.fineract.test.stepdef.loan.LoanStepDef.createCustomizedLoan(java.lang.String,java.lang.String,java.lang.Integer,java.lang.Integer)[39m
  [32m✔[39m [32m[1mAnd [22mAdmin successfully approves the loan on [1m"1 July 2022"[22m with [1m"5000"[22m amount and expected disbursement date on [1m"1 July 2022"[22m[39m                                              [90m# org.apache.fineract.test.stepdef.loan.LoanStepDef.approveLoan(java.lang.String,java.lang.String,java.lang.String)[39m
  [32m✔[39m [32m[1mAnd [22mAdmin successfully disburse the loan on [1m"1 July 2022"[22m with [1m"5000"[22m EUR transaction amount[39m                                                                              [90m# org.apache.fineract.test.stepdef.loan.LoanStepDef.disburseLoan(java.lang.String,java.lang.String)[39m
  [32m✔[39m [32m[1mAnd [22mAdmin runs the Increase Business Date by 1 day job[39m                                                                                                                    [90m# org.apache.fineract.test.stepdef.common.SchedulerStepDef.runIncreaseBusinessDate()[39m
  [32m✔[39m [32m[1mAnd [22mCustomer makes [1m"AUTOPAY"[22m repayment on [1m"2 July 2022"[22m with [1m200[22m EUR transaction amount[39m                                                                                   [90m# org.apache.fineract.test.stepdef.loan.LoanRepaymentStepDef.makeLoanRepayment(java.lang.String,java.lang.String,double)[39m
  [32m✔[39m [32m[1mThen [22mRepayment transaction is created with [1m200[22m amount and [1m"AUTOPAY"[22m type[39m                                                                                                  [90m# org.apache.fineract.test.stepdef.loan.LoanRepaymentStepDef.loanRepaymentStatus(double,java.lang.String)[39m

@Repayment @TestRailId:C2430
[1mScenario:[22m Verify that as a user I am able to make a repayment with AutoPay type                                                                                               [90m# fineract-e2e-tests-runner/src/test/resources/features/LoanRepayment-Part1.feature:49[39m
  [32m✔[39m [32m[1mWhen [22mAdmin sets the business date to [1m"1 July 2022"[22m[39m                                                                                                                        [90m# org.apache.fineract.test.stepdef.common.BusinessDateStepDef.setBusinessDate(java.lang.String)[39m
  [32m✔[39m [32m[1mWhen [22mAdmin creates a client with random data[39m                                                                                                                              [90m# org.apache.fineract.test.stepdef.common.ClientStepDef.createClientRandomFirstNameLastName()[39m
  [32m✔[39m [32m[1mAnd [22mAdmin successfully creates a new customised Loan submitted on date: [1m"1 July 2022"[22m, with Principal: [1m"5000"[22m, a loanTermFrequency: [1m24[22m months, and numberOfRepayments: [1m24[22m[39m [90m# org.apache.fineract.test.stepdef.loan.LoanStepDef.createCustomizedLoan(java.lang.String,java.lang.String,java.lang.Integer,java.lang.Integer)[39m
  [32m✔[39m [32m[1mAnd [22mAdmin successfully approves the loan on [1m"1 July 2022"[22m with [1m"5000"[22m amount and expected disbursement date on [1m"1 July 2022"[22m[39m                                              [90m# org.apache.fineract.test.stepdef.loan.LoanStepDef.approveLoan(java.lang.String,java.lang.String,java.lang.String)[39m
  [32m✔[39m [32m[1mAnd [22mAdmin successfully disburse the loan on [1m"1 July 2022"[22m with [1m"5000"[22m EUR transaction amount[39m                                                                              [90m# org.apache.fineract.test.stepdef.loan.LoanStepDef.disburseLoan(java.lang.String,java.lang.String)[39m
  [32m✔[39m [32m[1mAnd [22mAdmin runs the Increase Business Date by 1 day job[39m                                                                                                                    [90m# org.apache.fineract.test.stepdef.common.SchedulerStepDef.runIncreaseBusinessDate()[39m
  [32m✔[39m [32m[1mAnd [22mCustomer makes [1m"AUTOPAY"[22m repayment on [1m"2 July 2022"[22m with [1m200[22m EUR transaction amount[39m                                                                                   [90m# org.apache.fineract.test.stepdef.loan.LoanRepaymentStepDef.makeLoanRepayment(java.lang.String,java.lang.String,double)[39m
  [32m✔[39m [32m[1mThen [22mRepayment transaction is created with [1m200[22m amount and [1m"AUTOPAY"[22m type[39m                                                                                                  [90m# org.apache.fineract.test.stepdef.loan.LoanRepaymentStepDef.loanRepaymentStatus(double,java.lang.String)[39m

@Repayment @TestRailId:C2431
[1mScenario:[22m Verify that as a user I am able to make a repayment with Down payment type                                                                                          [90m# fineract-e2e-tests-runner/src/test/resources/features/LoanRepayment-Part1.feature:60[39m
  [32m✔[39m [32m[1mWhen [22mAdmin sets the business date to [1m"1 July 2022"[22m[39m                                                                                                                        [90m# org.apache.fineract.test.stepdef.common.BusinessDateStepDef.setBusinessDate(java.lang.String)[39m
  [32m✔[39m [32m[1mWhen [22mAdmin creates a client with random data[39m                                                                                                                              [90m# org.apache.fineract.test.stepdef.common.ClientStepDef.createClientRandomFirstNameLastName()[39m
  [32m✔[39m [32m[1mAnd [22mAdmin successfully creates a new customised Loan submitted on date: [1m"1 July 2022"[22m, with Principal: [1m"5000"[22m, a loanTermFrequency: [1m24[22m months, and numberOfRepayments: [1m24[22m[39m [90m# org.apache.fineract.test.stepdef.loan.LoanStepDef.createCustomizedLoan(java.lang.String,java.lang.String,java.lang.Integer,java.lang.Integer)[39m
  [32m✔[39m [32m[1mAnd [22mAdmin successfully approves the loan on [1m"1 July 2022"[22m with [1m"5000"[22m amount and expected disbursement date on [1m"1 July 2022"[22m[39m                                              [90m# org.apache.fineract.test.stepdef.loan.LoanStepDef.approveLoan(java.lang.String,java.lang.String,java.lang.String)[39m
  [32m✔[39m [32m[1mAnd [22mAdmin successfully disburse the loan on [1m"1 July 2022"[22m with [1m"5000"[22m EUR transaction amount[39m                                                                              [90m# org.apache.fineract.test.stepdef.loan.LoanStepDef.disburseLoan(java.lang.String,java.lang.String)[39m
  [32m✔[39m [32m[1mAnd [22mAdmin runs the Increase Business Date by 1 day job[39m                                                                                                                    [90m# org.apache.fineract.test.stepdef.common.SchedulerStepDef.runIncreaseBusinessDate()[39m
  [32m✔[39m [32m[1mAnd [22mCustomer makes [1m"DOWN_PAYMENT"[22m repayment on [1m"2 July 2022"[22m with [1m200[22m EUR transaction amount[39m                                                                              [90m# org.apache.fineract.test.stepdef.loan.LoanRepaymentStepDef.makeLoanRepayment(java.lang.String,java.lang.String,double)[39m
  [32m✔[39m [32m[1mThen [22mRepayment transaction is created with [1m200[22m amount and [1m"DOWN_PAYMENT"[22m type[39m                                                                                             [90m# org.apache.fineract.test.stepdef.loan.LoanRepaymentStepDef.loanRepaymentStatus(double,java.lang.String)[39m

@Repayment @TestRailId:C2432
[1mScenario:[22m Verify that as a user I am able to make a repayment with Real time type                                                                                             [90m# fineract-e2e-tests-runner/src/test/resources/features/LoanRepayment-Part1.feature:71[39m
  [32m✔[39m [32m[1mWhen [22mAdmin sets the business date to [1m"1 July 2022"[22m[39m                                                                                                                        [90m# org.apache.fineract.test.stepdef.common.BusinessDateStepDef.setBusinessDate(java.lang.String)[39m
  [32m✔[39m [32m[1mWhen [22mAdmin creates a client with random data[39m                                                                                                                              [90m# org.apache.fineract.test.stepdef.common.ClientStepDef.createClientRandomFirstNameLastName()[39m
  [32m✔[39m [32m[1mAnd [22mAdmin successfully creates a new customised Loan submitted on date: [1m"1 July 2022"[22m, with Principal: [1m"5000"[22m, a loanTermFrequency: [1m24[22m months, and numberOfRepayments: [1m24[22m[39m [90m# org.apache.fineract.test.stepdef.loan.LoanStepDef.createCustomizedLoan(java.lang.String,java.lang.String,java.lang.Integer,java.lang.Integer)[39m
  [32m✔[39m [32m[1mAnd [22mAdmin successfully approves the loan on [1m"1 July 2022"[22m with [1m"5000"[22m amount and expected disbursement date on [1m"1 July 2022"[22m[39m                                              [90m# org.apache.fineract.test.stepdef.loan.LoanStepDef.approveLoan(java.lang.String,java.lang.String,java.lang.String)[39m
  [32m✔[39m [32m[1mAnd [22mAdmin successfully disburse the loan on [1m"1 July 2022"[22m with [1m"5000"[22m EUR transaction amount[39m                                                                              [90m# org.apache.fineract.test.stepdef.loan.LoanStepDef.disburseLoan(java.lang.String,java.lang.String)[39m
  [32m✔[39m [32m[1mAnd [22mAdmin runs the Increase Business Date by 1 day job[39m                                                                                                                    [90m# org.apache.fineract.test.stepdef.common.SchedulerStepDef.runIncreaseBusinessDate()[39m
  [32m✔[39m [32m[1mAnd [22mCustomer makes [1m"REAL_TIME"[22m repayment on [1m"2 July 2022"[22m with [1m200[22m EUR transaction amount[39m                                                                                 [90m# org.apache.fineract.test.stepdef.loan.LoanRepaymentStepDef.makeLoanRepayment(java.lang.String,java.lang.String,double)[39m
  [32m✔[39m [32m[1mThen [22mRepayment transaction is created with [1m200[22m amount and [1m"REAL_TIME"[22m type[39m                                                                                                [90m# org.apache.fineract.test.stepdef.loan.LoanRepaymentStepDef.loanRepaymentStatus(double,java.lang.String)[39m

@Repayment @TestRailId:C2433
[1mScenario:[22m Verify that as a user I am able to make a repayment with Scheduled type                                                                                             [90m# fineract-e2e-tests-runner/src/test/resources/features/LoanRepayment-Part1.feature:82[39m
  [32m✔[39m [32m[1mWhen [22mAdmin sets the business date to [1m"1 July 2022"[22m[39m                                                                                                                        [90m# org.apache.fineract.test.stepdef.common.BusinessDateStepDef.setBusinessDate(java.lang.String)[39m
  [32m✔[39m [32m[1mWhen [22mAdmin creates a client with random data[39m                                                                                                                              [90m# org.apache.fineract.test.stepdef.common.ClientStepDef.createClientRandomFirstNameLastName()[39m
  [32m✔[39m [32m[1mAnd [22mAdmin successfully creates a new customised Loan submitted on date: [1m"1 July 2022"[22m, with Principal: [1m"5000"[22m, a loanTermFrequency: [1m24[22m months, and numberOfRepayments: [1m24[22m[39m [90m# org.apache.fineract.test.stepdef.loan.LoanStepDef.createCustomizedLoan(java.lang.String,java.lang.String,java.lang.Integer,java.lang.Integer)[39m
  [32m✔[39m [32m[1mAnd [22mAdmin successfully approves the loan on [1m"1 July 2022"[22m with [1m"5000"[22m amount and expected disbursement date on [1m"1 July 2022"[22m[39m                                              [90m# org.apache.fineract.test.stepdef.loan.LoanStepDef.approveLoan(java.lang.String,java.lang.String,java.lang.String)[39m
  [32m✔[39m [32m[1mAnd [22mAdmin successfully disburse the loan on [1m"1 July 2022"[22m with [1m"5000"[22m EUR transaction amount[39m                                                                              [90m# org.apache.fineract.test.stepdef.loan.LoanStepDef.disburseLoan(java.lang.String,java.lang.String)[39m
  [32m✔[39m [32m[1mAnd [22mAdmin runs the Increase Business Date by 1 day job[39m                                                                                                                    [90m# org.apache.fineract.test.stepdef.common.SchedulerStepDef.runIncreaseBusinessDate()[39m
  [32m✔[39m [32m[1mAnd [22mCustomer makes [1m"SCHEDULED"[22m repayment on [1m"2 July 2022"[22m with [1m200[22m EUR transaction amount[39m                                                                                 [90m# org.apache.fineract.test.stepdef.loan.LoanRepaymentStepDef.makeLoanRepayment(java.lang.String,java.lang.String,double)[39m
  [32m✔[39m [32m[1mThen [22mRepayment transaction is created with [1m200[22m amount and [1m"SCHEDULED"[22m type[39m                                                                                                [90m# org.apache.fineract.test.stepdef.loan.LoanRepaymentStepDef.loanRepaymentStatus(double,java.lang.String)[39m

@Repayment @TestRailId:C2434
[1mScenario:[22m Verify that as a user I am able to make a repayment with Check payment type                                                                                         [90m# fineract-e2e-tests-runner/src/test/resources/features/LoanRepayment-Part1.feature:93[39m
  [32m✔[39m [32m[1mWhen [22mAdmin sets the business date to [1m"1 July 2022"[22m[39m                                                                                                                        [90m# org.apache.fineract.test.stepdef.common.BusinessDateStepDef.setBusinessDate(java.lang.String)[39m
  [32m✔[39m [32m[1mWhen [22mAdmin creates a client with random data[39m                                                                                                                              [90m# org.apache.fineract.test.stepdef.common.ClientStepDef.createClientRandomFirstNameLastName()[39m
  [32m✔[39m [32m[1mAnd [22mAdmin successfully creates a new customised Loan submitted on date: [1m"1 July 2022"[22m, with Principal: [1m"5000"[22m, a loanTermFrequency: [1m24[22m months, and numberOfRepayments: [1m24[22m[39m [90m# org.apache.fineract.test.stepdef.loan.LoanStepDef.createCustomizedLoan(java.lang.String,java.lang.String,java.lang.Integer,java.lang.Integer)[39m
  [32m✔[39m [32m[1mAnd [22mAdmin successfully approves the loan on [1m"1 July 2022"[22m with [1m"5000"[22m amount and expected disbursement date on [1m"1 July 2022"[22m[39m                                              [90m# org.apache.fineract.test.stepdef.loan.LoanStepDef.approveLoan(java.lang.String,java.lang.String,java.lang.String)[39m
  [32m✔[39m [32m[1mAnd [22mAdmin successfully disburse the loan on [1m"1 July 2022"[22m with [1m"5000"[22m EUR transaction amount[39m                                                                              [90m# org.apache.fineract.test.stepdef.loan.LoanStepDef.disburseLoan(java.lang.String,java.lang.String)[39m
  [32m✔[39m [32m[1mAnd [22mAdmin runs the Increase Business Date by 1 day job[39m                                                                                                                    [90m# org.apache.fineract.test.stepdef.common.SchedulerStepDef.runIncreaseBusinessDate()[39m
  [32m✔[39m [32m[1mAnd [22mCustomer makes [1m"CHECK_PAYMENT"[22m repayment on [1m"2 July 2022"[22m with [1m200[22m EUR transaction amount[39m                                                                             [90m# org.apache.fineract.test.stepdef.loan.LoanRepaymentStepDef.makeLoanRepayment(java.lang.String,java.lang.String,double)[39m
  [32m✔[39m [32m[1mThen [22mRepayment transaction is created with [1m200[22m amount and [1m"CHECK_PAYMENT"[22m type[39m                                                                                            [90m# org.apache.fineract.test.stepdef.loan.LoanRepaymentStepDef.loanRepaymentStatus(double,java.lang.String)[39m

@Repayment @TestRailId:C2435
[1mScenario:[22m Verify that as a user I am able to make a repayment with Oca payment type                                                                                           [90m# fineract-e2e-tests-runner/src/test/resources/features/LoanRepayment-Part1.feature:104[39m
  [32m✔[39m [32m[1mWhen [22mAdmin sets the business date to [1m"1 July 2022"[22m[39m                                                                                                                        [90m# org.apache.fineract.test.stepdef.common.BusinessDateStepDef.setBusinessDate(java.lang.String)[39m
  [32m✔[39m [32m[1mWhen [22mAdmin creates a client with random data[39m                                                                                                                              [90m# org.apache.fineract.test.stepdef.common.ClientStepDef.createClientRandomFirstNameLastName()[39m
  [32m✔[39m [32m[1mAnd [22mAdmin successfully creates a new customised Loan submitted on date: [1m"1 July 2022"[22m, with Principal: [1m"5000"[22m, a loanTermFrequency: [1m24[22m months, and numberOfRepayments: [1m24[22m[39m [90m# org.apache.fineract.test.stepdef.loan.LoanStepDef.createCustomizedLoan(java.lang.String,java.lang.String,java.lang.Integer,java.lang.Integer)[39m
  [32m✔[39m [32m[1mAnd [22mAdmin successfully approves the loan on [1m"1 July 2022"[22m with [1m"5000"[22m amount and expected disbursement date on [1m"1 July 2022"[22m[39m                                              [90m# org.apache.fineract.test.stepdef.loan.LoanStepDef.approveLoan(java.lang.String,java.lang.String,java.lang.String)[39m
  [32m✔[39m [32m[1mAnd [22mAdmin successfully disburse the loan on [1m"1 July 2022"[22m with [1m"5000"[22m EUR transaction amount[39m                                                                              [90m# org.apache.fineract.test.stepdef.loan.LoanStepDef.disburseLoan(java.lang.String,java.lang.String)[39m
  [32m✔[39m [32m[1mAnd [22mAdmin runs the Increase Business Date by 1 day job[39m                                                                                                                    [90m# org.apache.fineract.test.stepdef.common.SchedulerStepDef.runIncreaseBusinessDate()[39m
  [32m✔[39m [32m[1mAnd [22mCustomer makes [1m"OCA_PAYMENT"[22m repayment on [1m"2 July 2022"[22m with [1m200[22m EUR transaction amount[39m                                                                               [90m# org.apache.fineract.test.stepdef.loan.LoanRepaymentStepDef.makeLoanRepayment(java.lang.String,java.lang.String,double)[39m
  [32m✔[39m [32m[1mThen [22mRepayment transaction is created with [1m200[22m amount and [1m"OCA_PAYMENT"[22m type[39m                                                                                              [90m# org.apache.fineract.test.stepdef.loan.LoanRepaymentStepDef.loanRepaymentStatus(double,java.lang.String)[39m

@Repayment @TestRailId:C2436
[1mScenario:[22m Verify that as a user I am able to make a repayment with Adjustment chargeback payment type                                                                         [90m# fineract-e2e-tests-runner/src/test/resources/features/LoanRepayment-Part1.feature:115[39m
  [32m✔[39m [32m[1mWhen [22mAdmin sets the business date to [1m"1 July 2022"[22m[39m                                                                                                                        [90m# org.apache.fineract.test.stepdef.common.BusinessDateStepDef.setBusinessDate(java.lang.String)[39m
  [32m✔[39m [32m[1mWhen [22mAdmin creates a client with random data[39m                                                                                                                              [90m# org.apache.fineract.test.stepdef.common.ClientStepDef.createClientRandomFirstNameLastName()[39m
  [32m✔[39m [32m[1mAnd [22mAdmin successfully creates a new customised Loan submitted on date: [1m"1 July 2022"[22m, with Principal: [1m"5000"[22m, a loanTermFrequency: [1m24[22m months, and numberOfRepayments: [1m24[22m[39m [90m# org.apache.fineract.test.stepdef.loan.LoanStepDef.createCustomizedLoan(java.lang.String,java.lang.String,java.lang.Integer,java.lang.Integer)[39m
  [32m✔[39m [32m[1mAnd [22mAdmin successfully approves the loan on [1m"1 July 2022"[22m with [1m"5000"[22m amount and expected disbursement date on [1m"1 July 2022"[22m[39m                                              [90m# org.apache.fineract.test.stepdef.loan.LoanStepDef.approveLoan(java.lang.String,java.lang.String,java.lang.String)[39m
  [32m✔[39m [32m[1mAnd [22mAdmin successfully disburse the loan on [1m"1 July 2022"[22m with [1m"5000"[22m EUR transaction amount[39m                                                                              [90m# org.apache.fineract.test.stepdef.loan.LoanStepDef.disburseLoan(java.lang.String,java.lang.String)[39m
  [32m✔[39m [32m[1mAnd [22mAdmin runs the Increase Business Date by 1 day job[39m                                                                                                                    [90m# org.apache.fineract.test.stepdef.common.SchedulerStepDef.runIncreaseBusinessDate()[39m
  [32m✔[39m [32m[1mAnd [22mCustomer makes [1m"REPAYMENT_ADJUSTMENT_CHARGEBACK"[22m repayment on [1m"2 July 2022"[22m with [1m200[22m EUR transaction amount[39m                                                           [90m# org.apache.fineract.test.stepdef.loan.LoanRepaymentStepDef.makeLoanRepayment(java.lang.String,java.lang.String,double)[39m
  [32m✔[39m [32m[1mThen [22mRepayment transaction is created with [1m200[22m amount and [1m"Repayment Adjustment Chargeback"[22m type[39m                                                                          [90m# org.apache.fineract.test.stepdef.loan.LoanRepaymentStepDef.loanRepaymentStatus(double,java.lang.String)[39m

@Repayment @TestRailId:C2437
[1mScenario:[22m Verify that as a user I am able to make a repayment with Adjustment refund payment type                                                                             [90m# fineract-e2e-tests-runner/src/test/resources/features/LoanRepayment-Part1.feature:126[39m
  [32m✔[39m [32m[1mWhen [22mAdmin sets the business date to [1m"1 July 2022"[22m[39m                                                                                                                        [90m# org.apache.fineract.test.stepdef.common.BusinessDateStepDef.setBusinessDate(java.lang.String)[39m
  [32m✔[39m [32m[1mWhen [22mAdmin creates a client with random data[39m                                                                                                                              [90m# org.apache.fineract.test.stepdef.common.ClientStepDef.createClientRandomFirstNameLastName()[39m
  [32m✔[39m [32m[1mAnd [22mAdmin successfully creates a new customised Loan submitted on date: [1m"1 July 2022"[22m, with Principal: [1m"5000"[22m, a loanTermFrequency: [1m24[22m months, and numberOfRepayments: [1m24[22m[39m [90m# org.apache.fineract.test.stepdef.loan.LoanStepDef.createCustomizedLoan(java.lang.String,java.lang.String,java.lang.Integer,java.lang.Integer)[39m
  [32m✔[39m [32m[1mAnd [22mAdmin successfully approves the loan on [1m"1 July 2022"[22m with [1m"5000"[22m amount and expected disbursement date on [1m"1 July 2022"[22m[39m                                              [90m# org.apache.fineract.test.stepdef.loan.LoanStepDef.approveLoan(java.lang.String,java.lang.String,java.lang.String)[39m
  [32m✔[39m [32m[1mAnd [22mAdmin successfully disburse the loan on [1m"1 July 2022"[22m with [1m"5000"[22m EUR transaction amount[39m                                                                              [90m# org.apache.fineract.test.stepdef.loan.LoanStepDef.disburseLoan(java.lang.String,java.lang.String)[39m
  [32m✔[39m [32m[1mAnd [22mAdmin runs the Increase Business Date by 1 day job[39m                                                                                                                    [90m# org.apache.fineract.test.stepdef.common.SchedulerStepDef.runIncreaseBusinessDate()[39m
  [32m✔[39m [32m[1mAnd [22mCustomer makes [1m"REPAYMENT_ADJUSTMENT_REFUND"[22m repayment on [1m"2 July 2022"[22m with [1m200[22m EUR transaction amount[39m                                                               [90m# org.apache.fineract.test.stepdef.loan.LoanRepaymentStepDef.makeLoanRepayment(java.lang.String,java.lang.String,double)[39m
  [32m✔[39m [32m[1mThen [22mRepayment transaction is created with [1m200[22m amount and [1m"Repayment Adjustment Refund"[22m type[39m                                                                              [90m# org.apache.fineract.test.stepdef.loan.LoanRepaymentStepDef.loanRepaymentStatus(double,java.lang.String)[39m

@Repayment @TestRailId:C2464
[1mScenario:[22m As a user I would like to check the Autopay repayment undo and repayment after loan closed state                                                                    [90m# fineract-e2e-tests-runner/src/test/resources/features/LoanRepayment-Part1.feature:137[39m
  [32m✔[39m [32m[1mWhen [22mAdmin sets the business date to [1m"1 July 2022"[22m[39m                                                                                                                        [90m# org.apache.fineract.test.stepdef.common.BusinessDateStepDef.setBusinessDate(java.lang.String)[39m
  [32m✔[39m [32m[1mWhen [22mAdmin creates a client with random data[39m                                                                                                                              [90m# org.apache.fineract.test.stepdef.common.ClientStepDef.createClientRandomFirstNameLastName()[39m
  [32m✔[39m [32m[1mAnd [22mAdmin successfully creates a new customised Loan submitted on date: [1m"1 July 2022"[22m, with Principal: [1m"5000"[22m, a loanTermFrequency: [1m24[22m months, and numberOfRepayments: [1m24[22m[39m [90m# org.apache.fineract.test.stepdef.loan.LoanStepDef.createCustomizedLoan(java.lang.String,java.lang.String,java.lang.Integer,java.lang.Integer)[39m
  [32m✔[39m [32m[1mAnd [22mAdmin successfully approves the loan on [1m"1 July 2022"[22m with [1m"5000"[22m amount and expected disbursement date on [1m"1 July 2022"[22m[39m                                              [90m# org.apache.fineract.test.stepdef.loan.LoanStepDef.approveLoan(java.lang.String,java.lang.String,java.lang.String)[39m
  [32m✔[39m [32m[1mAnd [22mAdmin successfully disburse the loan on [1m"1 July 2022"[22m with [1m"5000"[22m EUR transaction amount[39m                                                                              [90m# org.apache.fineract.test.stepdef.loan.LoanStepDef.disburseLoan(java.lang.String,java.lang.String)[39m
  [32m✔[39m [32m[1mAnd [22mCustomer makes [1m"AUTOPAY"[22m repayment on [1m"1 July 2022"[22m with [1m5000[22m EUR transaction amount[39m                                                                                  [90m# org.apache.fineract.test.stepdef.loan.LoanRepaymentStepDef.makeLoanRepayment(java.lang.String,java.lang.String,double)[39m
  [32m✔[39m [32m[1mThen [22mRepayment transaction is created with [1m5000[22m amount and [1m"AUTOPAY"[22m type[39m                                                                                                 [90m# org.apache.fineract.test.stepdef.loan.LoanRepaymentStepDef.loanRepaymentStatus(double,java.lang.String)[39m
  [32m✔[39m [32m[1mAnd [22mCustomer makes a repayment undo on [1m"1 July 2022"[22m[39m                                                                                                                      [90m# org.apache.fineract.test.stepdef.loan.LoanRepaymentStepDef.makeLoanRepaymentUndo(java.lang.String)[39m
  [32m✔[39m [32m[1mAnd [22mLoan has [1m5000[22m outstanding amount[39m                                                                                                                                      [90m# org.apache.fineract.test.stepdef.loan.LoanStepDef.loanOutstanding(double)[39m
  [32m✔[39m [32m[1mAnd [22mCustomer makes [1m"AUTOPAY"[22m repayment on [1m"1 July 2022"[22m with [1m5000[22m EUR transaction amount[39m                                                                                  [90m# org.apache.fineract.test.stepdef.loan.LoanRepaymentStepDef.makeLoanRepayment(java.lang.String,java.lang.String,double)[39m
  [32m✔[39m [32m[1mThen [22mRepayment transaction is created with [1m5000[22m amount and [1m"AUTOPAY"[22m type[39m                                                                                                 [90m# org.apache.fineract.test.stepdef.loan.LoanRepaymentStepDef.loanRepaymentStatus(double,java.lang.String)[39m
  [32m✔[39m [32m[1mThen [22mLoan has [1m0[22m outstanding amount[39m                                                                                                                                        [90m# org.apache.fineract.test.stepdef.loan.LoanStepDef.loanOutstanding(double)[39m
  [32m✔[39m [32m[1mWhen [22mCustomer makes [1m"AUTOPAY"[22m repayment on [1m"1 July 2022"[22m with [1m100[22m EUR transaction amount[39m                                                                                  [90m# org.apache.fineract.test.stepdef.loan.LoanRepaymentStepDef.makeLoanRepayment(java.lang.String,java.lang.String,double)[39m
  [32m✔[39m [32m[1mThen [22mLoan status will be [1m"OVERPAID"[22m[39m                                                                                                                                       [90m# org.apache.fineract.test.stepdef.loan.LoanStepDef.loanStatus(java.lang.String)[39m
  [32m✔[39m [32m[1mThen [22mLoan has [1m100[22m overpaid amount[39m                                                                                                                                         [90m# org.apache.fineract.test.stepdef.loan.LoanStepDef.loanOverpaid(double)[39m

@Repayment @TestRailId:C2465
[1mScenario:[22m As a user I would like to check the Down payment repayment undo and repayment after loan closed state                                                               [90m# fineract-e2e-tests-runner/src/test/resources/features/LoanRepayment-Part1.feature:155[39m
  [32m✔[39m [32m[1mWhen [22mAdmin sets the business date to [1m"1 July 2022"[22m[39m                                                                                                                        [90m# org.apache.fineract.test.stepdef.common.BusinessDateStepDef.setBusinessDate(java.lang.String)[39m
  [32m✔[39m [32m[1mWhen [22mAdmin creates a client with random data[39m                                                                                                                              [90m# org.apache.fineract.test.stepdef.common.ClientStepDef.createClientRandomFirstNameLastName()[39m
  [32m✔[39m [32m[1mAnd [22mAdmin successfully creates a new customised Loan submitted on date: [1m"1 July 2022"[22m, with Principal: [1m"5000"[22m, a loanTermFrequency: [1m24[22m months, and numberOfRepayments: [1m24[22m[39m [90m# org.apache.fineract.test.stepdef.loan.LoanStepDef.createCustomizedLoan(java.lang.String,java.lang.String,java.lang.Integer,java.lang.Integer)[39m
  [32m✔[39m [32m[1mAnd [22mAdmin successfully approves the loan on [1m"1 July 2022"[22m with [1m"5000"[22m amount and expected disbursement date on [1m"1 July 2022"[22m[39m                                              [90m# org.apache.fineract.test.stepdef.loan.LoanStepDef.approveLoan(java.lang.String,java.lang.String,java.lang.String)[39m
  [32m✔[39m [32m[1mAnd [22mAdmin successfully disburse the loan on [1m"1 July 2022"[22m with [1m"5000"[22m EUR transaction amount[39m                                                                              [90m# org.apache.fineract.test.stepdef.loan.LoanStepDef.disburseLoan(java.lang.String,java.lang.String)[39m
  [32m✔[39m [32m[1mAnd [22mCustomer makes [1m"DOWN_PAYMENT"[22m repayment on [1m"1 July 2022"[22m with [1m5000[22m EUR transaction amount[39m                                                                             [90m# org.apache.fineract.test.stepdef.loan.LoanRepaymentStepDef.makeLoanRepayment(java.lang.String,java.lang.String,double)[39m
  [32m✔[39m [32m[1mThen [22mRepayment transaction is created with [1m5000[22m amount and [1m"DOWN_PAYMENT"[22m type[39m                                                                                            [90m# org.apache.fineract.test.stepdef.loan.LoanRepaymentStepDef.loanRepaymentStatus(double,java.lang.String)[39m
  [32m✔[39m [32m[1mAnd [22mCustomer makes a repayment undo on [1m"1 July 2022"[22m[39m                                                                                                                      [90m# org.apache.fineract.test.stepdef.loan.LoanRepaymentStepDef.makeLoanRepaymentUndo(java.lang.String)[39m
  [32m✔[39m [32m[1mAnd [22mLoan has [1m5000[22m outstanding amount[39m                                                                                                                                      [90m# org.apache.fineract.test.stepdef.loan.LoanStepDef.loanOutstanding(double)[39m
  [32m✔[39m [32m[1mAnd [22mCustomer makes [1m"DOWN_PAYMENT"[22m repayment on [1m"1 July 2022"[22m with [1m5000[22m EUR transaction amount[39m                                                                             [90m# org.apache.fineract.test.stepdef.loan.LoanRepaymentStepDef.makeLoanRepayment(java.lang.String,java.lang.String,double)[39m
  [32m✔[39m [32m[1mThen [22mRepayment transaction is created with [1m5000[22m amount and [1m"DOWN_PAYMENT"[22m type[39m                                                                                            [90m# org.apache.fineract.test.stepdef.loan.LoanRepaymentStepDef.loanRepaymentStatus(double,java.lang.String)[39m
  [32m✔[39m [32m[1mThen [22mLoan has [1m0[22m outstanding amount[39m                                                                                                                                        [90m# org.apache.fineract.test.stepdef.loan.LoanStepDef.loanOutstanding(double)[39m
  [32m✔[39m [32m[1mWhen [22mCustomer makes [1m"DOWN_PAYMENT"[22m repayment on [1m"1 July 2022"[22m with [1m100[22m EUR transaction amount[39m                                                                             [90m# org.apache.fineract.test.stepdef.loan.LoanRepaymentStepDef.makeLoanRepayment(java.lang.String,java.lang.String,double)[39m
  [32m✔[39m [32m[1mThen [22mLoan status will be [1m"OVERPAID"[22m[39m                                                                                                                                       [90m# org.apache.fineract.test.stepdef.loan.LoanStepDef.loanStatus(java.lang.String)[39m
  [32m✔[39m [32m[1mThen [22mLoan has [1m100[22m overpaid amount[39m                                                                                                                                         [90m# org.apache.fineract.test.stepdef.loan.LoanStepDef.loanOverpaid(double)[39m

@Repayment @TestRailId:C2466
[1mScenario:[22m As a user I would like to check the real time repayment undo and repayment after loan closed state                                                                  [90m# fineract-e2e-tests-runner/src/test/resources/features/LoanRepayment-Part1.feature:173[39m
  [32m✔[39m [32m[1mWhen [22mAdmin sets the business date to [1m"1 July 2022"[22m[39m                                                                                                                        [90m# org.apache.fineract.test.stepdef.common.BusinessDateStepDef.setBusinessDate(java.lang.String)[39m
  [32m✔[39m [32m[1mWhen [22mAdmin creates a client with random data[39m                                                                                                                              [90m# org.apache.fineract.test.stepdef.common.ClientStepDef.createClientRandomFirstNameLastName()[39m
  [32m✔[39m [32m[1mAnd [22mAdmin successfully creates a new customised Loan submitted on date: [1m"1 July 2022"[22m, with Principal: [1m"5000"[22m, a loanTermFrequency: [1m24[22m months, and numberOfRepayments: [1m24[22m[39m [90m# org.apache.fineract.test.stepdef.loan.LoanStepDef.createCustomizedLoan(java.lang.String,java.lang.String,java.lang.Integer,java.lang.Integer)[39m
  [32m✔[39m [32m[1mAnd [22mAdmin successfully approves the loan on [1m"1 July 2022"[22m with [1m"5000"[22m amount and expected disbursement date on [1m"1 July 2022"[22m[39m                                              [90m# org.apache.fineract.test.stepdef.loan.LoanStepDef.approveLoan(java.lang.String,java.lang.String,java.lang.String)[39m
  [32m✔[39m [32m[1mAnd [22mAdmin successfully disburse the loan on [1m"1 July 2022"[22m with [1m"5000"[22m EUR transaction amount[39m                                                                              [90m# org.apache.fineract.test.stepdef.loan.LoanStepDef.disburseLoan(java.lang.String,java.lang.String)[39m
  [32m✔[39m [32m[1mAnd [22mCustomer makes [1m"REAL_TIME"[22m repayment on [1m"1 July 2022"[22m with [1m5000[22m EUR transaction amount[39m                                                                                [90m# org.apache.fineract.test.stepdef.loan.LoanRepaymentStepDef.makeLoanRepayment(java.lang.String,java.lang.String,double)[39m
  [32m✔[39m [32m[1mThen [22mRepayment transaction is created with [1m5000[22m amount and [1m"REAL_TIME"[22m type[39m                                                                                               [90m# org.apache.fineract.test.stepdef.loan.LoanRepaymentStepDef.loanRepaymentStatus(double,java.lang.String)[39m
  [32m✔[39m [32m[1mAnd [22mCustomer makes a repayment undo on [1m"1 July 2022"[22m[39m                                                                                                                      [90m# org.apache.fineract.test.stepdef.loan.LoanRepaymentStepDef.makeLoanRepaymentUndo(java.lang.String)[39m
  [32m✔[39m [32m[1mAnd [22mLoan has [1m5000[22m outstanding amount[39m                                                                                                                                      [90m# org.apache.fineract.test.stepdef.loan.LoanStepDef.loanOutstanding(double)[39m
  [32m✔[39m [32m[1mAnd [22mCustomer makes [1m"REAL_TIME"[22m repayment on [1m"1 July 2022"[22m with [1m5000[22m EUR transaction amount[39m                                                                                [90m# org.apache.fineract.test.stepdef.loan.LoanRepaymentStepDef.makeLoanRepayment(java.lang.String,java.lang.String,double)[39m
  [32m✔[39m [32m[1mThen [22mRepayment transaction is created with [1m5000[22m amount and [1m"REAL_TIME"[22m type[39m                                                                                               [90m# org.apache.fineract.test.stepdef.loan.LoanRepaymentStepDef.loanRepaymentStatus(double,java.lang.String)[39m
  [32m✔[39m [32m[1mThen [22mLoan has [1m0[22m outstanding amount[39m                                                                                                                                        [90m# org.apache.fineract.test.stepdef.loan.LoanStepDef.loanOutstanding(double)[39m
  [32m✔[39m [32m[1mWhen [22mCustomer makes [1m"REAL_TIME"[22m repayment on [1m"1 July 2022"[22m with [1m100[22m EUR transaction amount[39m                                                                                [90m# org.apache.fineract.test.stepdef.loan.LoanRepaymentStepDef.makeLoanRepayment(java.lang.String,java.lang.String,double)[39m
  [32m✔[39m [32m[1mThen [22mLoan status will be [1m"OVERPAID"[22m[39m                                                                                                                                       [90m# org.apache.fineract.test.stepdef.loan.LoanStepDef.loanStatus(java.lang.String)[39m
  [32m✔[39m [32m[1mThen [22mLoan has [1m100[22m overpaid amount[39m                                                                                                                                         [90m# org.apache.fineract.test.stepdef.loan.LoanStepDef.loanOverpaid(double)[39m

@Repayment @TestRailId:C2467
[1mScenario:[22m As a user I would like to check the scheduled repayment undo and repayment after loan closed state                                                                  [90m# fineract-e2e-tests-runner/src/test/resources/features/LoanRepayment-Part1.feature:191[39m
  [32m✔[39m [32m[1mWhen [22mAdmin sets the business date to [1m"1 July 2022"[22m[39m                                                                                                                        [90m# org.apache.fineract.test.stepdef.common.BusinessDateStepDef.setBusinessDate(java.lang.String)[39m
  [32m✔[39m [32m[1mWhen [22mAdmin creates a client with random data[39m                                                                                                                              [90m# org.apache.fineract.test.stepdef.common.ClientStepDef.createClientRandomFirstNameLastName()[39m
  [32m✔[39m [32m[1mAnd [22mAdmin successfully creates a new customised Loan submitted on date: [1m"1 July 2022"[22m, with Principal: [1m"5000"[22m, a loanTermFrequency: [1m24[22m months, and numberOfRepayments: [1m24[22m[39m [90m# org.apache.fineract.test.stepdef.loan.LoanStepDef.createCustomizedLoan(java.lang.String,java.lang.String,java.lang.Integer,java.lang.Integer)[39m
  [32m✔[39m [32m[1mAnd [22mAdmin successfully approves the loan on [1m"1 July 2022"[22m with [1m"5000"[22m amount and expected disbursement date on [1m"1 July 2022"[22m[39m                                              [90m# org.apache.fineract.test.stepdef.loan.LoanStepDef.approveLoan(java.lang.String,java.lang.String,java.lang.String)[39m
  [32m✔[39m [32m[1mAnd [22mAdmin successfully disburse the loan on [1m"1 July 2022"[22m with [1m"5000"[22m EUR transaction amount[39m                                                                              [90m# org.apache.fineract.test.stepdef.loan.LoanStepDef.disburseLoan(java.lang.String,java.lang.String)[39m
  [32m✔[39m [32m[1mAnd [22mCustomer makes [1m"SCHEDULED"[22m repayment on [1m"1 July 2022"[22m with [1m5000[22m EUR transaction amount[39m                                                                                [90m# org.apache.fineract.test.stepdef.loan.LoanRepaymentStepDef.makeLoanRepayment(java.lang.String,java.lang.String,double)[39m
  [32m✔[39m [32m[1mThen [22mRepayment transaction is created with [1m5000[22m amount and [1m"SCHEDULED"[22m type[39m                                                                                               [90m# org.apache.fineract.test.stepdef.loan.LoanRepaymentStepDef.loanRepaymentStatus(double,java.lang.String)[39m
  [32m✔[39m [32m[1mAnd [22mCustomer makes a repayment undo on [1m"1 July 2022"[22m[39m                                                                                                                      [90m# org.apache.fineract.test.stepdef.loan.LoanRepaymentStepDef.makeLoanRepaymentUndo(java.lang.String)[39m
  [32m✔[39m [32m[1mAnd [22mLoan has [1m5000[22m outstanding amount[39m                                                                                                                                      [90m# org.apache.fineract.test.stepdef.loan.LoanStepDef.loanOutstanding(double)[39m
  [32m✔[39m [32m[1mAnd [22mCustomer makes [1m"SCHEDULED"[22m repayment on [1m"1 July 2022"[22m with [1m5000[22m EUR transaction amount[39m                                                                                [90m# org.apache.fineract.test.stepdef.loan.LoanRepaymentStepDef.makeLoanRepayment(java.lang.String,java.lang.String,double)[39m
  [32m✔[39m [32m[1mThen [22mRepayment transaction is created with [1m5000[22m amount and [1m"SCHEDULED"[22m type[39m                                                                                               [90m# org.apache.fineract.test.stepdef.loan.LoanRepaymentStepDef.loanRepaymentStatus(double,java.lang.String)[39m
  [32m✔[39m [32m[1mThen [22mLoan has [1m0[22m outstanding amount[39m                                                                                                                                        [90m# org.apache.fineract.test.stepdef.loan.LoanStepDef.loanOutstanding(double)[39m
  [32m✔[39m [32m[1mWhen [22mCustomer makes [1m"SCHEDULED"[22m repayment on [1m"1 July 2022"[22m with [1m100[22m EUR transaction amount[39m                                                                                [90m# org.apache.fineract.test.stepdef.loan.LoanRepaymentStepDef.makeLoanRepayment(java.lang.String,java.lang.String,double)[39m
  [32m✔[39m [32m[1mThen [22mLoan status will be [1m"OVERPAID"[22m[39m                                                                                                                                       [90m# org.apache.fineract.test.stepdef.loan.LoanStepDef.loanStatus(java.lang.String)[39m
  [32m✔[39m [32m[1mThen [22mLoan has [1m100[22m overpaid amount[39m                                                                                                                                         [90m# org.apache.fineract.test.stepdef.loan.LoanStepDef.loanOverpaid(double)[39m

@Repayment @TestRailId:C2468
[1mScenario:[22m As a user I would like to check the check payment repayment undo and repayment after loan closed state                                                              [90m# fineract-e2e-tests-runner/src/test/resources/features/LoanRepayment-Part1.feature:209[39m
  [32m✔[39m [32m[1mWhen [22mAdmin sets the business date to [1m"1 July 2022"[22m[39m                                                                                                                        [90m# org.apache.fineract.test.stepdef.common.BusinessDateStepDef.setBusinessDate(java.lang.String)[39m
  [32m✔[39m [32m[1mWhen [22mAdmin creates a client with random data[39m                                                                                                                              [90m# org.apache.fineract.test.stepdef.common.ClientStepDef.createClientRandomFirstNameLastName()[39m
  [32m✔[39m [32m[1mAnd [22mAdmin successfully creates a new customised Loan submitted on date: [1m"1 July 2022"[22m, with Principal: [1m"5000"[22m, a loanTermFrequency: [1m24[22m months, and numberOfRepayments: [1m24[22m[39m [90m# org.apache.fineract.test.stepdef.loan.LoanStepDef.createCustomizedLoan(java.lang.String,java.lang.String,java.lang.Integer,java.lang.Integer)[39m
  [32m✔[39m [32m[1mAnd [22mAdmin successfully approves the loan on [1m"1 July 2022"[22m with [1m"5000"[22m amount and expected disbursement date on [1m"1 July 2022"[22m[39m                                              [90m# org.apache.fineract.test.stepdef.loan.LoanStepDef.approveLoan(java.lang.String,java.lang.String,java.lang.String)[39m
  [32m✔[39m [32m[1mAnd [22mAdmin successfully disburse the loan on [1m"1 July 2022"[22m with [1m"5000"[22m EUR transaction amount[39m                                                                              [90m# org.apache.fineract.test.stepdef.loan.LoanStepDef.disburseLoan(java.lang.String,java.lang.String)[39m
  [32m✔[39m [32m[1mAnd [22mCustomer makes [1m"CHECK_PAYMENT"[22m repayment on [1m"1 July 2022"[22m with [1m5000[22m EUR transaction amount[39m                                                                            [90m# org.apache.fineract.test.stepdef.loan.LoanRepaymentStepDef.makeLoanRepayment(java.lang.String,java.lang.String,double)[39m
  [32m✔[39m [32m[1mThen [22mRepayment transaction is created with [1m5000[22m amount and [1m"CHECK_PAYMENT"[22m type[39m                                                                                           [90m# org.apache.fineract.test.stepdef.loan.LoanRepaymentStepDef.loanRepaymentStatus(double,java.lang.String)[39m
  [32m✔[39m [32m[1mAnd [22mCustomer makes a repayment undo on [1m"1 July 2022"[22m[39m                                                                                                                      [90m# org.apache.fineract.test.stepdef.loan.LoanRepaymentStepDef.makeLoanRepaymentUndo(java.lang.String)[39m
  [32m✔[39m [32m[1mAnd [22mLoan has [1m5000[22m outstanding amount[39m                                                                                                                                      [90m# org.apache.fineract.test.stepdef.loan.LoanStepDef.loanOutstanding(double)[39m
  [32m✔[39m [32m[1mAnd [22mCustomer makes [1m"CHECK_PAYMENT"[22m repayment on [1m"1 July 2022"[22m with [1m5000[22m EUR transaction amount[39m                                                                            [90m# org.apache.fineract.test.stepdef.loan.LoanRepaymentStepDef.makeLoanRepayment(java.lang.String,java.lang.String,double)[39m
  [32m✔[39m [32m[1mThen [22mRepayment transaction is created with [1m5000[22m amount and [1m"CHECK_PAYMENT"[22m type[39m                                                                                           [90m# org.apache.fineract.test.stepdef.loan.LoanRepaymentStepDef.loanRepaymentStatus(double,java.lang.String)[39m
  [32m✔[39m [32m[1mThen [22mLoan has [1m0[22m outstanding amount[39m                                                                                                                                        [90m# org.apache.fineract.test.stepdef.loan.LoanStepDef.loanOutstanding(double)[39m
  [32m✔[39m [32m[1mWhen [22mCustomer makes [1m"CHECK_PAYMENT"[22m repayment on [1m"1 July 2022"[22m with [1m100[22m EUR transaction amount[39m                                                                            [90m# org.apache.fineract.test.stepdef.loan.LoanRepaymentStepDef.makeLoanRepayment(java.lang.String,java.lang.String,double)[39m
  [32m✔[39m [32m[1mThen [22mLoan status will be [1m"OVERPAID"[22m[39m                                                                                                                                       [90m# org.apache.fineract.test.stepdef.loan.LoanStepDef.loanStatus(java.lang.String)[39m
  [32m✔[39m [32m[1mThen [22mLoan has [1m100[22m overpaid amount[39m                                                                                                                                         [90m# org.apache.fineract.test.stepdef.loan.LoanStepDef.loanOverpaid(double)[39m

@Repayment @TestRailId:C2469
[1mScenario:[22m As a user I would like to check the oca payment repayment undo and repayment after loan closed state                                                                [90m# fineract-e2e-tests-runner/src/test/resources/features/LoanRepayment-Part1.feature:227[39m
  [32m✔[39m [32m[1mWhen [22mAdmin sets the business date to [1m"1 July 2022"[22m[39m                                                                                                                        [90m# org.apache.fineract.test.stepdef.common.BusinessDateStepDef.setBusinessDate(java.lang.String)[39m
  [32m✔[39m [32m[1mWhen [22mAdmin creates a client with random data[39m                                                                                                                              [90m# org.apache.fineract.test.stepdef.common.ClientStepDef.createClientRandomFirstNameLastName()[39m
  [32m✔[39m [32m[1mAnd [22mAdmin successfully creates a new customised Loan submitted on date: [1m"1 July 2022"[22m, with Principal: [1m"5000"[22m, a loanTermFrequency: [1m24[22m months, and numberOfRepayments: [1m24[22m[39m [90m# org.apache.fineract.test.stepdef.loan.LoanStepDef.createCustomizedLoan(java.lang.String,java.lang.String,java.lang.Integer,java.lang.Integer)[39m
  [32m✔[39m [32m[1mAnd [22mAdmin successfully approves the loan on [1m"1 July 2022"[22m with [1m"5000"[22m amount and expected disbursement date on [1m"1 July 2022"[22m[39m                                              [90m# org.apache.fineract.test.stepdef.loan.LoanStepDef.approveLoan(java.lang.String,java.lang.String,java.lang.String)[39m
  [32m✔[39m [32m[1mAnd [22mAdmin successfully disburse the loan on [1m"1 July 2022"[22m with [1m"5000"[22m EUR transaction amount[39m                                                                              [90m# org.apache.fineract.test.stepdef.loan.LoanStepDef.disburseLoan(java.lang.String,java.lang.String)[39m
  [32m✔[39m [32m[1mAnd [22mCustomer makes [1m"OCA_PAYMENT"[22m repayment on [1m"1 July 2022"[22m with [1m5000[22m EUR transaction amount[39m                                                                              [90m# org.apache.fineract.test.stepdef.loan.LoanRepaymentStepDef.makeLoanRepayment(java.lang.String,java.lang.String,double)[39m
  [32m✔[39m [32m[1mThen [22mRepayment transaction is created with [1m5000[22m amount and [1m"OCA_PAYMENT"[22m type[39m                                                                                             [90m# org.apache.fineract.test.stepdef.loan.LoanRepaymentStepDef.loanRepaymentStatus(double,java.lang.String)[39m
  [32m✔[39m [32m[1mAnd [22mCustomer makes a repayment undo on [1m"1 July 2022"[22m[39m                                                                                                                      [90m# org.apache.fineract.test.stepdef.loan.LoanRepaymentStepDef.makeLoanRepaymentUndo(java.lang.String)[39m
  [32m✔[39m [32m[1mAnd [22mLoan has [1m5000[22m outstanding amount[39m                                                                                                                                      [90m# org.apache.fineract.test.stepdef.loan.LoanStepDef.loanOutstanding(double)[39m
  [32m✔[39m [32m[1mAnd [22mCustomer makes [1m"OCA_PAYMENT"[22m repayment on [1m"1 July 2022"[22m with [1m5000[22m EUR transaction amount[39m                                                                              [90m# org.apache.fineract.test.stepdef.loan.LoanRepaymentStepDef.makeLoanRepayment(java.lang.String,java.lang.String,double)[39m
  [32m✔[39m [32m[1mThen [22mRepayment transaction is created with [1m5000[22m amount and [1m"OCA_PAYMENT"[22m type[39m                                                                                             [90m# org.apache.fineract.test.stepdef.loan.LoanRepaymentStepDef.loanRepaymentStatus(double,java.lang.String)[39m
  [32m✔[39m [32m[1mThen [22mLoan has [1m0[22m outstanding amount[39m                                                                                                                                        [90m# org.apache.fineract.test.stepdef.loan.LoanStepDef.loanOutstanding(double)[39m
  [32m✔[39m [32m[1mWhen [22mCustomer makes [1m"OCA_PAYMENT"[22m repayment on [1m"1 July 2022"[22m with [1m100[22m EUR transaction amount[39m                                                                              [90m# org.apache.fineract.test.stepdef.loan.LoanRepaymentStepDef.makeLoanRepayment(java.lang.String,java.lang.String,double)[39m
  [32m✔[39m [32m[1mThen [22mLoan status will be [1m"OVERPAID"[22m[39m                                                                                                                                       [90m# org.apache.fineract.test.stepdef.loan.LoanStepDef.loanStatus(java.lang.String)[39m
  [32m✔[39m [32m[1mThen [22mLoan has [1m100[22m overpaid amount[39m                                                                                                                                         [90m# org.apache.fineract.test.stepdef.loan.LoanStepDef.loanOverpaid(double)[39m

@Repayment @TestRailId:C2470
[1mScenario:[22m As a user I would like to check the repayment adjustment chargeback repayment undo and repayment after loan closed state                                            [90m# fineract-e2e-tests-runner/src/test/resources/features/LoanRepayment-Part1.feature:245[39m
  [32m✔[39m [32m[1mWhen [22mAdmin sets the business date to [1m"1 July 2022"[22m[39m                                                                                                                        [90m# org.apache.fineract.test.stepdef.common.BusinessDateStepDef.setBusinessDate(java.lang.String)[39m
  [32m✔[39m [32m[1mWhen [22mAdmin creates a client with random data[39m                                                                                                                              [90m# org.apache.fineract.test.stepdef.common.ClientStepDef.createClientRandomFirstNameLastName()[39m
  [32m✔[39m [32m[1mAnd [22mAdmin successfully creates a new customised Loan submitted on date: [1m"1 July 2022"[22m, with Principal: [1m"5000"[22m, a loanTermFrequency: [1m24[22m months, and numberOfRepayments: [1m24[22m[39m [90m# org.apache.fineract.test.stepdef.loan.LoanStepDef.createCustomizedLoan(java.lang.String,java.lang.String,java.lang.Integer,java.lang.Integer)[39m
  [32m✔[39m [32m[1mAnd [22mAdmin successfully approves the loan on [1m"1 July 2022"[22m with [1m"5000"[22m amount and expected disbursement date on [1m"1 July 2022"[22m[39m                                              [90m# org.apache.fineract.test.stepdef.loan.LoanStepDef.approveLoan(java.lang.String,java.lang.String,java.lang.String)[39m
  [32m✔[39m [32m[1mAnd [22mAdmin successfully disburse the loan on [1m"1 July 2022"[22m with [1m"5000"[22m EUR transaction amount[39m                                                                              [90m# org.apache.fineract.test.stepdef.loan.LoanStepDef.disburseLoan(java.lang.String,java.lang.String)[39m
  [32m✔[39m [32m[1mAnd [22mCustomer makes [1m"REPAYMENT_ADJUSTMENT_CHARGEBACK"[22m repayment on [1m"1 July 2022"[22m with [1m5000[22m EUR transaction amount[39m                                                          [90m# org.apache.fineract.test.stepdef.loan.LoanRepaymentStepDef.makeLoanRepayment(java.lang.String,java.lang.String,double)[39m
  [32m✔[39m [32m[1mThen [22mRepayment transaction is created with [1m5000[22m amount and [1m"Repayment Adjustment Chargeback"[22m type[39m                                                                         [90m# org.apache.fineract.test.stepdef.loan.LoanRepaymentStepDef.loanRepaymentStatus(double,java.lang.String)[39m
  [32m✔[39m [32m[1mAnd [22mCustomer makes a repayment undo on [1m"1 July 2022"[22m[39m                                                                                                                      [90m# org.apache.fineract.test.stepdef.loan.LoanRepaymentStepDef.makeLoanRepaymentUndo(java.lang.String)[39m
  [32m✔[39m [32m[1mAnd [22mLoan has [1m5000[22m outstanding amount[39m                                                                                                                                      [90m# org.apache.fineract.test.stepdef.loan.LoanStepDef.loanOutstanding(double)[39m
  [32m✔[39m [32m[1mAnd [22mCustomer makes [1m"REPAYMENT_ADJUSTMENT_CHARGEBACK"[22m repayment on [1m"1 July 2022"[22m with [1m5000[22m EUR transaction amount[39m                                                          [90m# org.apache.fineract.test.stepdef.loan.LoanRepaymentStepDef.makeLoanRepayment(java.lang.String,java.lang.String,double)[39m
  [32m✔[39m [32m[1mThen [22mRepayment transaction is created with [1m5000[22m amount and [1m"Repayment Adjustment Chargeback"[22m type[39m                                                                         [90m# org.apache.fineract.test.stepdef.loan.LoanRepaymentStepDef.loanRepaymentStatus(double,java.lang.String)[39m
  [32m✔[39m [32m[1mThen [22mLoan has [1m0[22m outstanding amount[39m                                                                                                                                        [90m# org.apache.fineract.test.stepdef.loan.LoanStepDef.loanOutstanding(double)[39m
  [32m✔[39m [32m[1mWhen [22mCustomer makes [1m"REPAYMENT_ADJUSTMENT_CHARGEBACK"[22m repayment on [1m"1 July 2022"[22m with [1m100[22m EUR transaction amount[39m                                                          [90m# org.apache.fineract.test.stepdef.loan.LoanRepaymentStepDef.makeLoanRepayment(java.lang.String,java.lang.String,double)[39m
  [32m✔[39m [32m[1mThen [22mLoan status will be [1m"OVERPAID"[22m[39m                                                                                                                                       [90m# org.apache.fineract.test.stepdef.loan.LoanStepDef.loanStatus(java.lang.String)[39m
  [32m✔[39m [32m[1mThen [22mLoan has [1m100[22m overpaid amount[39m                                                                                                                                         [90m# org.apache.fineract.test.stepdef.loan.LoanStepDef.loanOverpaid(double)[39m

@Repayment @TestRailId:C2471
[1mScenario:[22m As a user I would like to check the repayment adjustment refund repayment undo and repayment after loan closed state                                                [90m# fineract-e2e-tests-runner/src/test/resources/features/LoanRepayment-Part1.feature:263[39m
  [32m✔[39m [32m[1mWhen [22mAdmin sets the business date to [1m"1 July 2022"[22m[39m                                                                                                                        [90m# org.apache.fineract.test.stepdef.common.BusinessDateStepDef.setBusinessDate(java.lang.String)[39m
  [32m✔[39m [32m[1mWhen [22mAdmin creates a client with random data[39m                                                                                                                              [90m# org.apache.fineract.test.stepdef.common.ClientStepDef.createClientRandomFirstNameLastName()[39m
  [32m✔[39m [32m[1mAnd [22mAdmin successfully creates a new customised Loan submitted on date: [1m"1 July 2022"[22m, with Principal: [1m"5000"[22m, a loanTermFrequency: [1m24[22m months, and numberOfRepayments: [1m24[22m[39m [90m# org.apache.fineract.test.stepdef.loan.LoanStepDef.createCustomizedLoan(java.lang.String,java.lang.String,java.lang.Integer,java.lang.Integer)[39m
  [32m✔[39m [32m[1mAnd [22mAdmin successfully approves the loan on [1m"1 July 2022"[22m with [1m"5000"[22m amount and expected disbursement date on [1m"1 July 2022"[22m[39m                                              [90m# org.apache.fineract.test.stepdef.loan.LoanStepDef.approveLoan(java.lang.String,java.lang.String,java.lang.String)[39m
  [32m✔[39m [32m[1mAnd [22mAdmin successfully disburse the loan on [1m"1 July 2022"[22m with [1m"5000"[22m EUR transaction amount[39m                                                                              [90m# org.apache.fineract.test.stepdef.loan.LoanStepDef.disburseLoan(java.lang.String,java.lang.String)[39m
  [32m✔[39m [32m[1mAnd [22mCustomer makes [1m"REPAYMENT_ADJUSTMENT_REFUND"[22m repayment on [1m"1 July 2022"[22m with [1m5000[22m EUR transaction amount[39m                                                              [90m# org.apache.fineract.test.stepdef.loan.LoanRepaymentStepDef.makeLoanRepayment(java.lang.String,java.lang.String,double)[39m
  [32m✔[39m [32m[1mThen [22mRepayment transaction is created with [1m5000[22m amount and [1m"Repayment Adjustment Refund"[22m type[39m                                                                             [90m# org.apache.fineract.test.stepdef.loan.LoanRepaymentStepDef.loanRepaymentStatus(double,java.lang.String)[39m
  [32m✔[39m [32m[1mAnd [22mCustomer makes a repayment undo on [1m"1 July 2022"[22m[39m                                                                                                                      [90m# org.apache.fineract.test.stepdef.loan.LoanRepaymentStepDef.makeLoanRepaymentUndo(java.lang.String)[39m
  [32m✔[39m [32m[1mAnd [22mLoan has [1m5000[22m outstanding amount[39m                                                                                                                                      [90m# org.apache.fineract.test.stepdef.loan.LoanStepDef.loanOutstanding(double)[39m
  [32m✔[39m [32m[1mAnd [22mCustomer makes [1m"REPAYMENT_ADJUSTMENT_REFUND"[22m repayment on [1m"1 July 2022"[22m with [1m5000[22m EUR transaction amount[39m                                                              [90m# org.apache.fineract.test.stepdef.loan.LoanRepaymentStepDef.makeLoanRepayment(java.lang.String,java.lang.String,double)[39m
  [32m✔[39m [32m[1mThen [22mRepayment transaction is created with [1m5000[22m amount and [1m"Repayment Adjustment Refund"[22m type[39m                                                                             [90m# org.apache.fineract.test.stepdef.loan.LoanRepaymentStepDef.loanRepaymentStatus(double,java.lang.String)[39m
  [32m✔[39m [32m[1mThen [22mLoan has [1m0[22m outstanding amount[39m                                                                                                                                        [90m# org.apache.fineract.test.stepdef.loan.LoanStepDef.loanOutstanding(double)[39m
  [32m✔[39m [32m[1mWhen [22mCustomer makes [1m"REPAYMENT_ADJUSTMENT_REFUND"[22m repayment on [1m"1 July 2022"[22m with [1m100[22m EUR transaction amount[39m                                                              [90m# org.apache.fineract.test.stepdef.loan.LoanRepaymentStepDef.makeLoanRepayment(java.lang.String,java.lang.String,double)[39m
  [32m✔[39m [32m[1mThen [22mLoan status will be [1m"OVERPAID"[22m[39m                                                                                                                                       [90m# org.apache.fineract.test.stepdef.loan.LoanStepDef.loanStatus(java.lang.String)[39m
  [32m✔[39m [32m[1mThen [22mLoan has [1m100[22m overpaid amount[39m                                                                                                                                         [90m# org.apache.fineract.test.stepdef.loan.LoanStepDef.loanOverpaid(double)[39m

@Repayment @TestRailId:C2485
[1mScenario:[22m Verify that inlineCOB job creates two separate events for LoanRepaymentDueBusinessEvent and LoanRepaymentOverdueBusinessEvent: due and overdue days values from global config [90m# fineract-e2e-tests-runner/src/test/resources/features/LoanRepayment-Part1.feature:281[39m
  [32m✔[39m [32m[1mWhen [22mAdmin sets the business date to [1m"01 January 2023"[22m[39m                                                                                                                              [90m# org.apache.fineract.test.stepdef.common.BusinessDateStepDef.setBusinessDate(java.lang.String)[39m
  [32m✔[39m [32m[1mWhen [22mAdmin creates a client with random data[39m                                                                                                                                        [90m# org.apache.fineract.test.stepdef.common.ClientStepDef.createClientRandomFirstNameLastName()[39m
  [32m✔[39m [32m[1mWhen [22mAdmin creates a new default Loan with date: [1m"01 January 2023"[22m[39m                                                                                                                  [90m# org.apache.fineract.test.stepdef.loan.LoanStepDef.createLoanWithDate(java.lang.String)[39m
  [32m✔[39m [32m[1mAnd [22mAdmin successfully approves the loan on [1m"01 January 2023"[22m with [1m"1000"[22m amount and expected disbursement date on [1m"01 January 2023"[22m[39m                                                [90m# org.apache.fineract.test.stepdef.loan.LoanStepDef.approveLoan(java.lang.String,java.lang.String,java.lang.String)[39m
  [32m✔[39m [32m[1mAnd [22mAdmin successfully disburse the loan on [1m"01 January 2023"[22m with [1m"1000"[22m EUR transaction amount[39m                                                                                    [90m# org.apache.fineract.test.stepdef.loan.LoanStepDef.disburseLoan(java.lang.String,java.lang.String)[39m
  [32m✔[39m [32m[1mWhen [22mAdmin sets the business date to [1m"31 January 2023"[22m[39m                                                                                                                              [90m# org.apache.fineract.test.stepdef.common.BusinessDateStepDef.setBusinessDate(java.lang.String)[39m
  [32m✔[39m [32m[1mWhen [22mAdmin runs inline COB job for Loan[39m                                                                                                                                             [90m# org.apache.fineract.test.stepdef.loan.InlineCOBStepDef.runInlineCOB()[39m
  [32m✔[39m [32m[1mThen [22mLoan Repayment Due Business Event is created[39m                                                                                                                                   [90m# org.apache.fineract.test.stepdef.loan.InlineCOBStepDef.checkLoanRepaymentDueBusinessEventCreated()[39m
  [32m✔[39m [32m[1mWhen [22mAdmin sets the business date to [1m"03 February 2023"[22m[39m                                                                                                                             [90m# org.apache.fineract.test.stepdef.common.BusinessDateStepDef.setBusinessDate(java.lang.String)[39m
  [32m✔[39m [32m[1mWhen [22mAdmin runs inline COB job for Loan[39m                                                                                                                                             [90m# org.apache.fineract.test.stepdef.loan.InlineCOBStepDef.runInlineCOB()[39m
  [32m✔[39m [32m[1mThen [22mLoan Repayment Overdue Business Event is created[39m                                                                                                                               [90m# org.apache.fineract.test.stepdef.loan.InlineCOBStepDef.checkLoanRepaymentOverdueBusinessEventCreated()[39m

@Repayment @TestRailId:C2689
[1mScenario:[22m Verify that inlineCOB job creates two separate events for LoanRepaymentDueBusinessEvent and LoanRepaymentOverdueBusinessEvent: due and overdue days values from Loan product [90m# fineract-e2e-tests-runner/src/test/resources/features/LoanRepayment-Part1.feature:295[39m
  [32m✔[39m [32m[1mWhen [22mAdmin sets the business date to [1m"1 January 2023"[22m[39m                                                                                                                              [90m# org.apache.fineract.test.stepdef.common.BusinessDateStepDef.setBusinessDate(java.lang.String)[39m
  [32m✔[39m [32m[1mWhen [22mAdmin creates a client with random data[39m                                                                                                                                       [90m# org.apache.fineract.test.stepdef.common.ClientStepDef.createClientRandomFirstNameLastName()[39m
  [32m✔[39m [32m[1mWhen [22mAdmin creates a fully customized loan with the following data:[39m                                                                                                                [90m# org.apache.fineract.test.stepdef.loan.LoanStepDef.createFullyCustomizedLoan(io.cucumber.datatable.DataTable)[39m
      | LoanProduct  | submitted on date | with Principal | ANNUAL interest rate % | interest type     | interest calculation period | amortization type  | loanTermFrequency | loanTermFrequencyType | repaymentEvery | repaymentFrequencyType | numberOfRepayments | graceOnPrincipalPayment | graceOnInterestPayment | interest free period | Payment strategy                        |
      | LP1_DUE_DATE | 01 January 2023   | 1000           | 0                      | DECLINING_BALANCE | SAME_AS_REPAYMENT_PERIOD    | EQUAL_INSTALLMENTS | 1                 | MONTHS                | 1              | MONTHS                 | 1                  | 0                       | 0                      | 0                    | PENALTIES_FEES_INTEREST_PRINCIPAL_ORDER |
  [32m✔[39m [32m[1mAnd [22mAdmin successfully approves the loan on [1m"01 January 2023"[22m with [1m"1000"[22m amount and expected disbursement date on [1m"01 January 2023"[22m[39m                                               [90m# org.apache.fineract.test.stepdef.loan.LoanStepDef.approveLoan(java.lang.String,java.lang.String,java.lang.String)[39m
  [32m✔[39m [32m[1mAnd [22mAdmin successfully disburse the loan on [1m"01 January 2023"[22m with [1m"1000"[22m EUR transaction amount[39m                                                                                   [90m# org.apache.fineract.test.stepdef.loan.LoanStepDef.disburseLoan(java.lang.String,java.lang.String)[39m
  [32m✔[39m [32m[1mWhen [22mAdmin sets the business date to [1m"30 January 2023"[22m[39m                                                                                                                             [90m# org.apache.fineract.test.stepdef.common.BusinessDateStepDef.setBusinessDate(java.lang.String)[39m
  [32m✔[39m [32m[1mWhen [22mAdmin runs inline COB job for Loan[39m                                                                                                                                            [90m# org.apache.fineract.test.stepdef.loan.InlineCOBStepDef.runInlineCOB()[39m
  [32m✔[39m [32m[1mThen [22mLoan Repayment Due Business Event is created[39m                                                                                                                                  [90m# org.apache.fineract.test.stepdef.loan.InlineCOBStepDef.checkLoanRepaymentDueBusinessEventCreated()[39m
  [32m✔[39m [32m[1mWhen [22mAdmin sets the business date to [1m"05 February 2023"[22m[39m                                                                                                                            [90m# org.apache.fineract.test.stepdef.common.BusinessDateStepDef.setBusinessDate(java.lang.String)[39m
  [32m✔[39m [32m[1mWhen [22mAdmin runs inline COB job for Loan[39m                                                                                                                                            [90m# org.apache.fineract.test.stepdef.loan.InlineCOBStepDef.runInlineCOB()[39m
  [32m✔[39m [32m[1mThen [22mLoan Repayment Overdue Business Event is created[39m                                                                                                                              [90m# org.apache.fineract.test.stepdef.loan.InlineCOBStepDef.checkLoanRepaymentOverdueBusinessEventCreated()[39m

@Repayment @TestRailId:C2490
[1mScenario:[22m RS01 - Repayment Schedule with interest type: flat, interest period: Same as payment period, amortization type: Equal installments [90m# fineract-e2e-tests-runner/src/test/resources/features/LoanRepayment-Part1.feature:311[39m
  [32m✔[39m [32m[1mWhen [22mAdmin sets the business date to [1m"1 November 2022"[22m[39m                                                                                   [90m# org.apache.fineract.test.stepdef.common.BusinessDateStepDef.setBusinessDate(java.lang.String)[39m
  [32m✔[39m [32m[1mWhen [22mAdmin creates a client with random data[39m                                                                                             [90m# org.apache.fineract.test.stepdef.common.ClientStepDef.createClientRandomFirstNameLastName()[39m
  [32m✔[39m [32m[1mWhen [22mAdmin creates a fully customized loan with the following data:[39m                                                                      [90m# org.apache.fineract.test.stepdef.loan.LoanStepDef.createFullyCustomizedLoan(io.cucumber.datatable.DataTable)[39m
      | LoanProduct       | submitted on date | with Principal | ANNUAL interest rate % | interest type | interest calculation period | amortization type  | loanTermFrequency | loanTermFrequencyType | repaymentEvery | repaymentFrequencyType | numberOfRepayments | graceOnPrincipalPayment | graceOnInterestPayment | interest free period | Payment strategy                        |
      | LP1_INTEREST_FLAT | 1 November 2022   | 5000           | 12                     | FLAT          | SAME_AS_REPAYMENT_PERIOD    | EQUAL_INSTALLMENTS | 18                | MONTHS                | 1              | MONTHS                 | 18                 | 0                       | 0                      | 0                    | PENALTIES_FEES_INTEREST_PRINCIPAL_ORDER |
  [32m✔[39m [32m[1mThen [22mLoan Repayment schedule has [1m18[22m periods, with the following data for periods:[39m                                                        [90m# org.apache.fineract.test.stepdef.loan.LoanStepDef.loanRepaymentSchedulePeriodsCheck(int,io.cucumber.datatable.DataTable)[39m
      | Nr | Days | Date              | Paid date | Balance of loan | Principal due | Interest | Fees | Penalties | Due   | Paid | In advance | Late | Outstanding |
      |    |      | 01 November 2022  |           | 5000.0          |               |          | 0.0  |           | 0.0   |      |            |      | 0.0         |
      | 1  | 30   | 01 December 2022  |           | 4722.0          | 278.0         | 50.0     | 0.0  | 0.0       | 328.0 | 0.0  | 0.0        | 0.0  | 328.0       |
      | 2  | 31   | 01 January 2023   |           | 4444.0          | 278.0         | 50.0     | 0.0  | 0.0       | 328.0 | 0.0  | 0.0        | 0.0  | 328.0       |
      | 3  | 31   | 01 February 2023  |           | 4166.0          | 278.0         | 50.0     | 0.0  | 0.0       | 328.0 | 0.0  | 0.0        | 0.0  | 328.0       |
      | 4  | 28   | 01 March 2023     |           | 3888.0          | 278.0         | 50.0     | 0.0  | 0.0       | 328.0 | 0.0  | 0.0        | 0.0  | 328.0       |
      | 5  | 31   | 01 April 2023     |           | 3610.0          | 278.0         | 50.0     | 0.0  | 0.0       | 328.0 | 0.0  | 0.0        | 0.0  | 328.0       |
      | 6  | 30   | 01 May 2023       |           | 3332.0          | 278.0         | 50.0     | 0.0  | 0.0       | 328.0 | 0.0  | 0.0        | 0.0  | 328.0       |
      | 7  | 31   | 01 June 2023      |           | 3054.0          | 278.0         | 50.0     | 0.0  | 0.0       | 328.0 | 0.0  | 0.0        | 0.0  | 328.0       |
      | 8  | 30   | 01 July 2023      |           | 2776.0          | 278.0         | 50.0     | 0.0  | 0.0       | 328.0 | 0.0  | 0.0        | 0.0  | 328.0       |
      | 9  | 31   | 01 August 2023    |           | 2498.0          | 278.0         | 50.0     | 0.0  | 0.0       | 328.0 | 0.0  | 0.0        | 0.0  | 328.0       |
      | 10 | 31   | 01 September 2023 |           | 2220.0          | 278.0         | 50.0     | 0.0  | 0.0       | 328.0 | 0.0  | 0.0        | 0.0  | 328.0       |
      | 11 | 30   | 01 October 2023   |           | 1942.0          | 278.0         | 50.0     | 0.0  | 0.0       | 328.0 | 0.0  | 0.0        | 0.0  | 328.0       |
      | 12 | 31   | 01 November 2023  |           | 1664.0          | 278.0         | 50.0     | 0.0  | 0.0       | 328.0 | 0.0  | 0.0        | 0.0  | 328.0       |
      | 13 | 30   | 01 December 2023  |           | 1386.0          | 278.0         | 50.0     | 0.0  | 0.0       | 328.0 | 0.0  | 0.0        | 0.0  | 328.0       |
      | 14 | 31   | 01 January 2024   |           | 1108.0          | 278.0         | 50.0     | 0.0  | 0.0       | 328.0 | 0.0  | 0.0        | 0.0  | 328.0       |
      | 15 | 31   | 01 February 2024  |           | 830.0           | 278.0         | 50.0     | 0.0  | 0.0       | 328.0 | 0.0  | 0.0        | 0.0  | 328.0       |
      | 16 | 29   | 01 March 2024     |           | 552.0           | 278.0         | 50.0     | 0.0  | 0.0       | 328.0 | 0.0  | 0.0        | 0.0  | 328.0       |
      | 17 | 31   | 01 April 2024     |           | 274.0           | 278.0         | 50.0     | 0.0  | 0.0       | 328.0 | 0.0  | 0.0        | 0.0  | 328.0       |
      | 18 | 30   | 01 May 2024       |           | 0.0             | 274.0         | 50.0     | 0.0  | 0.0       | 324.0 | 0.0  | 0.0        | 0.0  | 324.0       |
  [32m✔[39m [32m[1mThen [22mLoan Repayment schedule has the following data in Total row:[39m                                                                        [90m# org.apache.fineract.test.stepdef.loan.LoanStepDef.loanRepaymentScheduleAmountCheck(io.cucumber.datatable.DataTable)[39m
      | Principal due | Interest | Fees | Penalties | Due  | Paid | In advance | Late | Outstanding |
      | 5000          | 900      | 0    | 0         | 5900 | 0    | 0          | 0    | 5900        |

@Repayment @TestRailId:C2492
[1mScenario:[22m RS02 - Repayment Schedule with interest type: Declining Balance, interest period: Same as payment period, amortization type: Equal installments [90m# fineract-e2e-tests-runner/src/test/resources/features/LoanRepayment-Part1.feature:343[39m
  [32m✔[39m [32m[1mWhen [22mAdmin sets the business date to [1m"1 November 2022"[22m[39m                                                                                                [90m# org.apache.fineract.test.stepdef.common.BusinessDateStepDef.setBusinessDate(java.lang.String)[39m
  [32m✔[39m [32m[1mWhen [22mAdmin creates a client with random data[39m                                                                                                          [90m# org.apache.fineract.test.stepdef.common.ClientStepDef.createClientRandomFirstNameLastName()[39m
  [32m✔[39m [32m[1mWhen [22mAdmin creates a fully customized loan with the following data:[39m                                                                                   [90m# org.apache.fineract.test.stepdef.loan.LoanStepDef.createFullyCustomizedLoan(io.cucumber.datatable.DataTable)[39m
      | LoanProduct                                           | submitted on date | with Principal | ANNUAL interest rate % | interest type     | interest calculation period | amortization type  | loanTermFrequency | loanTermFrequencyType | repaymentEvery | repaymentFrequencyType | numberOfRepayments | graceOnPrincipalPayment | graceOnInterestPayment | interest free period | Payment strategy                        |
      | LP1_INTEREST_DECLINING_BALANCE_PERIOD_SAME_AS_PAYMENT | 1 November 2022   | 5000           | 12                     | DECLINING_BALANCE | SAME_AS_REPAYMENT_PERIOD    | EQUAL_INSTALLMENTS | 18                | MONTHS                | 1              | MONTHS                 | 18                 | 0                       | 0                      | 0                    | PENALTIES_FEES_INTEREST_PRINCIPAL_ORDER |
  [32m✔[39m [32m[1mThen [22mLoan Repayment schedule has [1m18[22m periods, with the following data for periods:[39m                                                                     [90m# org.apache.fineract.test.stepdef.loan.LoanStepDef.loanRepaymentSchedulePeriodsCheck(int,io.cucumber.datatable.DataTable)[39m
      | Nr | Days | Date              | Paid date | Balance of loan | Principal due | Interest | Fees | Penalties | Due    | Paid | In advance | Late | Outstanding |
      |    |      | 01 November 2022  |           | 5000.0          |               |          | 0.0  |           | 0.0    |      |            |      | 0.0         |
      | 1  | 30   | 01 December 2022  |           | 4745.0          | 255.0         | 50.0     | 0.0  | 0.0       | 305.0  | 0.0  | 0.0        | 0.0  | 305.0       |
      | 2  | 31   | 01 January 2023   |           | 4487.45         | 257.55        | 47.45    | 0.0  | 0.0       | 305.0  | 0.0  | 0.0        | 0.0  | 305.0       |
      | 3  | 31   | 01 February 2023  |           | 4227.32         | 260.13        | 44.87    | 0.0  | 0.0       | 305.0  | 0.0  | 0.0        | 0.0  | 305.0       |
      | 4  | 28   | 01 March 2023     |           | 3964.59         | 262.73        | 42.27    | 0.0  | 0.0       | 305.0  | 0.0  | 0.0        | 0.0  | 305.0       |
      | 5  | 31   | 01 April 2023     |           | 3699.24         | 265.35        | 39.65    | 0.0  | 0.0       | 305.0  | 0.0  | 0.0        | 0.0  | 305.0       |
      | 6  | 30   | 01 May 2023       |           | 3431.23         | 268.01        | 36.99    | 0.0  | 0.0       | 305.0  | 0.0  | 0.0        | 0.0  | 305.0       |
      | 7  | 31   | 01 June 2023      |           | 3160.54         | 270.69        | 34.31    | 0.0  | 0.0       | 305.0  | 0.0  | 0.0        | 0.0  | 305.0       |
      | 8  | 30   | 01 July 2023      |           | 2887.15         | 273.39        | 31.61    | 0.0  | 0.0       | 305.0  | 0.0  | 0.0        | 0.0  | 305.0       |
      | 9  | 31   | 01 August 2023    |           | 2611.02         | 276.13        | 28.87    | 0.0  | 0.0       | 305.0  | 0.0  | 0.0        | 0.0  | 305.0       |
      | 10 | 31   | 01 September 2023 |           | 2332.13         | 278.89        | 26.11    | 0.0  | 0.0       | 305.0  | 0.0  | 0.0        | 0.0  | 305.0       |
      | 11 | 30   | 01 October 2023   |           | 2050.45         | 281.68        | 23.32    | 0.0  | 0.0       | 305.0  | 0.0  | 0.0        | 0.0  | 305.0       |
      | 12 | 31   | 01 November 2023  |           | 1765.95         | 284.5         | 20.5     | 0.0  | 0.0       | 305.0  | 0.0  | 0.0        | 0.0  | 305.0       |
      | 13 | 30   | 01 December 2023  |           | 1478.61         | 287.34        | 17.66    | 0.0  | 0.0       | 305.0  | 0.0  | 0.0        | 0.0  | 305.0       |
      | 14 | 31   | 01 January 2024   |           | 1188.4          | 290.21        | 14.79    | 0.0  | 0.0       | 305.0  | 0.0  | 0.0        | 0.0  | 305.0       |
      | 15 | 31   | 01 February 2024  |           | 895.28          | 293.12        | 11.88    | 0.0  | 0.0       | 305.0  | 0.0  | 0.0        | 0.0  | 305.0       |
      | 16 | 29   | 01 March 2024     |           | 599.23          | 296.05        | 8.95     | 0.0  | 0.0       | 305.0  | 0.0  | 0.0        | 0.0  | 305.0       |
      | 17 | 31   | 01 April 2024     |           | 300.22          | 299.01        | 5.99     | 0.0  | 0.0       | 305.0  | 0.0  | 0.0        | 0.0  | 305.0       |
      | 18 | 30   | 01 May 2024       |           | 0.0             | 300.22        | 3.0      | 0.0  | 0.0       | 303.22 | 0.0  | 0.0        | 0.0  | 303.22      |
  [32m✔[39m [32m[1mThen [22mLoan Repayment schedule has the following data in Total row:[39m                                                                                     [90m# org.apache.fineract.test.stepdef.loan.LoanStepDef.loanRepaymentScheduleAmountCheck(io.cucumber.datatable.DataTable)[39m
      | Principal due | Interest | Fees | Penalties | Due     | Paid | In advance | Late | Outstanding |
      | 5000          | 488.22   | 0    | 0         | 5488.22 | 0    | 0          | 0    | 5488.22     |

@Repayment @TestRailId:C2493
[1mScenario:[22m RS03 - Repayment Schedule with interest type: Declining Balance, interest period: Daily, amortization type: Equal installments [90m# fineract-e2e-tests-runner/src/test/resources/features/LoanRepayment-Part1.feature:375[39m
  [32m✔[39m [32m[1mWhen [22mAdmin sets the business date to [1m"1 November 2022"[22m[39m                                                                               [90m# org.apache.fineract.test.stepdef.common.BusinessDateStepDef.setBusinessDate(java.lang.String)[39m
  [32m✔[39m [32m[1mWhen [22mAdmin creates a client with random data[39m                                                                                         [90m# org.apache.fineract.test.stepdef.common.ClientStepDef.createClientRandomFirstNameLastName()[39m
  [32m✔[39m [32m[1mWhen [22mAdmin creates a fully customized loan with the following data:[39m                                                                  [90m# org.apache.fineract.test.stepdef.loan.LoanStepDef.createFullyCustomizedLoan(io.cucumber.datatable.DataTable)[39m
      | LoanProduct                                 | submitted on date | with Principal | ANNUAL interest rate % | interest type     | interest calculation period | amortization type  | loanTermFrequency | loanTermFrequencyType | repaymentEvery | repaymentFrequencyType | numberOfRepayments | graceOnPrincipalPayment | graceOnInterestPayment | interest free period | Payment strategy                        |
      | LP1_INTEREST_DECLINING_BALANCE_PERIOD_DAILY | 1 November 2022   | 5000           | 12                     | DECLINING_BALANCE | DAILY                       | EQUAL_INSTALLMENTS | 18                | MONTHS                | 1              | MONTHS                 | 18                 | 0                       | 0                      | 0                    | PENALTIES_FEES_INTEREST_PRINCIPAL_ORDER |
  [32m✔[39m [32m[1mThen [22mLoan Repayment schedule has [1m18[22m periods, with the following data for periods:[39m                                                    [90m# org.apache.fineract.test.stepdef.loan.LoanStepDef.loanRepaymentSchedulePeriodsCheck(int,io.cucumber.datatable.DataTable)[39m
      | Nr | Days | Date              | Paid date | Balance of loan | Principal due | Interest | Fees | Penalties | Due    | Paid | In advance | Late | Outstanding |
      |    |      | 01 November 2022  |           | 5000.0          |               |          | 0.0  |           | 0.0    |      |            |      | 0.0         |
      | 1  | 30   | 01 December 2022  |           | 4744.32         | 255.68        | 49.32    | 0.0  | 0.0       | 305.0  | 0.0  | 0.0        | 0.0  | 305.0       |
      | 2  | 31   | 01 January 2023   |           | 4487.67         | 256.65        | 48.35    | 0.0  | 0.0       | 305.0  | 0.0  | 0.0        | 0.0  | 305.0       |
      | 3  | 31   | 01 February 2023  |           | 4228.41         | 259.26        | 45.74    | 0.0  | 0.0       | 305.0  | 0.0  | 0.0        | 0.0  | 305.0       |
      | 4  | 28   | 01 March 2023     |           | 3962.33         | 266.08        | 38.92    | 0.0  | 0.0       | 305.0  | 0.0  | 0.0        | 0.0  | 305.0       |
      | 5  | 31   | 01 April 2023     |           | 3697.71         | 264.62        | 40.38    | 0.0  | 0.0       | 305.0  | 0.0  | 0.0        | 0.0  | 305.0       |
      | 6  | 30   | 01 May 2023       |           | 3429.18         | 268.53        | 36.47    | 0.0  | 0.0       | 305.0  | 0.0  | 0.0        | 0.0  | 305.0       |
      | 7  | 31   | 01 June 2023      |           | 3159.13         | 270.05        | 34.95    | 0.0  | 0.0       | 305.0  | 0.0  | 0.0        | 0.0  | 305.0       |
      | 8  | 30   | 01 July 2023      |           | 2885.29         | 273.84        | 31.16    | 0.0  | 0.0       | 305.0  | 0.0  | 0.0        | 0.0  | 305.0       |
      | 9  | 31   | 01 August 2023    |           | 2609.7          | 275.59        | 29.41    | 0.0  | 0.0       | 305.0  | 0.0  | 0.0        | 0.0  | 305.0       |
      | 10 | 31   | 01 September 2023 |           | 2331.3          | 278.4         | 26.6     | 0.0  | 0.0       | 305.0  | 0.0  | 0.0        | 0.0  | 305.0       |
      | 11 | 30   | 01 October 2023   |           | 2049.29         | 282.01        | 22.99    | 0.0  | 0.0       | 305.0  | 0.0  | 0.0        | 0.0  | 305.0       |
      | 12 | 31   | 01 November 2023  |           | 1765.18         | 284.11        | 20.89    | 0.0  | 0.0       | 305.0  | 0.0  | 0.0        | 0.0  | 305.0       |
      | 13 | 30   | 01 December 2023  |           | 1477.59         | 287.59        | 17.41    | 0.0  | 0.0       | 305.0  | 0.0  | 0.0        | 0.0  | 305.0       |
      | 14 | 31   | 01 January 2024   |           | 1187.65         | 289.94        | 15.06    | 0.0  | 0.0       | 305.0  | 0.0  | 0.0        | 0.0  | 305.0       |
      | 15 | 31   | 01 February 2024  |           | 894.75          | 292.9         | 12.1     | 0.0  | 0.0       | 305.0  | 0.0  | 0.0        | 0.0  | 305.0       |
      | 16 | 29   | 01 March 2024     |           | 598.28          | 296.47        | 8.53     | 0.0  | 0.0       | 305.0  | 0.0  | 0.0        | 0.0  | 305.0       |
      | 17 | 31   | 01 April 2024     |           | 299.38          | 298.9         | 6.1      | 0.0  | 0.0       | 305.0  | 0.0  | 0.0        | 0.0  | 305.0       |
      | 18 | 30   | 01 May 2024       |           | 0.0             | 299.38        | 2.95     | 0.0  | 0.0       | 302.33 | 0.0  | 0.0        | 0.0  | 302.33      |
  [32m✔[39m [32m[1mThen [22mLoan Repayment schedule has the following data in Total row:[39m                                                                    [90m# org.apache.fineract.test.stepdef.loan.LoanStepDef.loanRepaymentScheduleAmountCheck(io.cucumber.datatable.DataTable)[39m
      | Principal due | Interest | Fees | Penalties | Due     | Paid | In advance | Late | Outstanding |
      | 5000          | 487.33   | 0    | 0         | 5487.33 | 0    | 0          | 0    | 5487.33     |

@Repayment @TestRailId:C2494
[1mScenario:[22m RS04 - Repayment Schedule with interest type: Declining Balance, interest period: Same as payment period, amortization type: Equal principal payments [90m# fineract-e2e-tests-runner/src/test/resources/features/LoanRepayment-Part1.feature:407[39m
  [32m✔[39m [32m[1mWhen [22mAdmin sets the business date to [1m"1 November 2022"[22m[39m                                                                                                      [90m# org.apache.fineract.test.stepdef.common.BusinessDateStepDef.setBusinessDate(java.lang.String)[39m
  [32m✔[39m [32m[1mWhen [22mAdmin creates a client with random data[39m                                                                                                                [90m# org.apache.fineract.test.stepdef.common.ClientStepDef.createClientRandomFirstNameLastName()[39m
  [32m✔[39m [32m[1mWhen [22mAdmin creates a fully customized loan with the following data:[39m                                                                                         [90m# org.apache.fineract.test.stepdef.loan.LoanStepDef.createFullyCustomizedLoan(io.cucumber.datatable.DataTable)[39m
      | LoanProduct                                           | submitted on date | with Principal | ANNUAL interest rate % | interest type     | interest calculation period | amortization type        | loanTermFrequency | loanTermFrequencyType | repaymentEvery | repaymentFrequencyType | numberOfRepayments | graceOnPrincipalPayment | graceOnInterestPayment | interest free period | Payment strategy                        |
      | LP1_INTEREST_DECLINING_BALANCE_PERIOD_SAME_AS_PAYMENT | 1 November 2022   | 5000           | 12                     | DECLINING_BALANCE | SAME_AS_REPAYMENT_PERIOD    | EQUAL_PRINCIPAL_PAYMENTS | 18                | MONTHS                | 1              | MONTHS                 | 18                 | 0                       | 0                      | 0                    | PENALTIES_FEES_INTEREST_PRINCIPAL_ORDER |
  [32m✔[39m [32m[1mThen [22mLoan Repayment schedule has [1m18[22m periods, with the following data for periods:[39m                                                                           [90m# org.apache.fineract.test.stepdef.loan.LoanStepDef.loanRepaymentSchedulePeriodsCheck(int,io.cucumber.datatable.DataTable)[39m
      | Nr | Days | Date              | Paid date | Balance of loan | Principal due | Interest | Fees | Penalties | Due    | Paid | In advance | Late | Outstanding |
      |    |      | 01 November 2022  |           | 5000.0          |               |          | 0.0  |           | 0.0    |      |            |      | 0.0         |
      | 1  | 30   | 01 December 2022  |           | 4722.22         | 277.78        | 50.0     | 0.0  | 0.0       | 327.78 | 0.0  | 0.0        | 0.0  | 327.78      |
      | 2  | 31   | 01 January 2023   |           | 4444.44         | 277.78        | 47.22    | 0.0  | 0.0       | 325.0  | 0.0  | 0.0        | 0.0  | 325.0       |
      | 3  | 31   | 01 February 2023  |           | 4166.66         | 277.78        | 44.44    | 0.0  | 0.0       | 322.22 | 0.0  | 0.0        | 0.0  | 322.22      |
      | 4  | 28   | 01 March 2023     |           | 3888.88         | 277.78        | 41.67    | 0.0  | 0.0       | 319.45 | 0.0  | 0.0        | 0.0  | 319.45      |
      | 5  | 31   | 01 April 2023     |           | 3611.1          | 277.78        | 38.89    | 0.0  | 0.0       | 316.67 | 0.0  | 0.0        | 0.0  | 316.67      |
      | 6  | 30   | 01 May 2023       |           | 3333.32         | 277.78        | 36.11    | 0.0  | 0.0       | 313.89 | 0.0  | 0.0        | 0.0  | 313.89      |
      | 7  | 31   | 01 June 2023      |           | 3055.54         | 277.78        | 33.33    | 0.0  | 0.0       | 311.11 | 0.0  | 0.0        | 0.0  | 311.11      |
      | 8  | 30   | 01 July 2023      |           | 2777.76         | 277.78        | 30.56    | 0.0  | 0.0       | 308.34 | 0.0  | 0.0        | 0.0  | 308.34      |
      | 9  | 31   | 01 August 2023    |           | 2499.98         | 277.78        | 27.78    | 0.0  | 0.0       | 305.56 | 0.0  | 0.0        | 0.0  | 305.56      |
      | 10 | 31   | 01 September 2023 |           | 2222.2          | 277.78        | 25.0     | 0.0  | 0.0       | 302.78 | 0.0  | 0.0        | 0.0  | 302.78      |
      | 11 | 30   | 01 October 2023   |           | 1944.42         | 277.78        | 22.22    | 0.0  | 0.0       | 300.0  | 0.0  | 0.0        | 0.0  | 300.0       |
      | 12 | 31   | 01 November 2023  |           | 1666.64         | 277.78        | 19.44    | 0.0  | 0.0       | 297.22 | 0.0  | 0.0        | 0.0  | 297.22      |
      | 13 | 30   | 01 December 2023  |           | 1388.86         | 277.78        | 16.67    | 0.0  | 0.0       | 294.45 | 0.0  | 0.0        | 0.0  | 294.45      |
      | 14 | 31   | 01 January 2024   |           | 1111.08         | 277.78        | 13.89    | 0.0  | 0.0       | 291.67 | 0.0  | 0.0        | 0.0  | 291.67      |
      | 15 | 31   | 01 February 2024  |           | 833.3           | 277.78        | 11.11    | 0.0  | 0.0       | 288.89 | 0.0  | 0.0        | 0.0  | 288.89      |
      | 16 | 29   | 01 March 2024     |           | 555.52          | 277.78        | 8.33     | 0.0  | 0.0       | 286.11 | 0.0  | 0.0        | 0.0  | 286.11      |
      | 17 | 31   | 01 April 2024     |           | 277.74          | 277.78        | 5.56     | 0.0  | 0.0       | 283.34 | 0.0  | 0.0        | 0.0  | 283.34      |
      | 18 | 30   | 01 May 2024       |           | 0.0             | 277.74        | 2.78     | 0.0  | 0.0       | 280.52 | 0.0  | 0.0        | 0.0  | 280.52      |
  [32m✔[39m [32m[1mThen [22mLoan Repayment schedule has the following data in Total row:[39m                                                                                           [90m# org.apache.fineract.test.stepdef.loan.LoanStepDef.loanRepaymentScheduleAmountCheck(io.cucumber.datatable.DataTable)[39m
      | Principal due | Interest | Fees | Penalties | Due    | Paid | In advance | Late | Outstanding |
      | 5000          | 475.0    | 0    | 0         | 5475.0 | 0    | 0          | 0    | 5475.0      |

@Repayment @TestRailId:C2495
[1mScenario:[22m RS05 - Repayment Schedule with interest type: Declining Balance, interest period: Same as payment period, amortization type: Equal installments, Grace on principal payment [90m# fineract-e2e-tests-runner/src/test/resources/features/LoanRepayment-Part1.feature:439[39m
  [32m✔[39m [32m[1mWhen [22mAdmin sets the business date to [1m"1 November 2022"[22m[39m                                                                                                                            [90m# org.apache.fineract.test.stepdef.common.BusinessDateStepDef.setBusinessDate(java.lang.String)[39m
  [32m✔[39m [32m[1mWhen [22mAdmin creates a client with random data[39m                                                                                                                                      [90m# org.apache.fineract.test.stepdef.common.ClientStepDef.createClientRandomFirstNameLastName()[39m
  [32m✔[39m [32m[1mWhen [22mAdmin creates a fully customized loan with the following data:[39m                                                                                                               [90m# org.apache.fineract.test.stepdef.loan.LoanStepDef.createFullyCustomizedLoan(io.cucumber.datatable.DataTable)[39m
      | LoanProduct                                           | submitted on date | with Principal | ANNUAL interest rate % | interest type     | interest calculation period | amortization type  | loanTermFrequency | loanTermFrequencyType | repaymentEvery | repaymentFrequencyType | numberOfRepayments | graceOnPrincipalPayment | graceOnInterestPayment | interest free period | Payment strategy                        |
      | LP1_INTEREST_DECLINING_BALANCE_PERIOD_SAME_AS_PAYMENT | 1 November 2022   | 5000           | 12                     | DECLINING_BALANCE | SAME_AS_REPAYMENT_PERIOD    | EQUAL_INSTALLMENTS | 18                | MONTHS                | 1              | MONTHS                 | 18                 | 3                       | 0                      | 0                    | PENALTIES_FEES_INTEREST_PRINCIPAL_ORDER |
  [32m✔[39m [32m[1mThen [22mLoan Repayment schedule has [1m18[22m periods, with the following data for periods:[39m                                                                                                 [90m# org.apache.fineract.test.stepdef.loan.LoanStepDef.loanRepaymentSchedulePeriodsCheck(int,io.cucumber.datatable.DataTable)[39m
      | Nr | Days | Date              | Paid date | Balance of loan | Principal due | Interest | Fees | Penalties | Due    | Paid | In advance | Late | Outstanding |
      |    |      | 01 November 2022  |           | 5000.0          |               |          | 0.0  |           | 0.0    |      |            |      | 0.0         |
      | 1  | 30   | 01 December 2022  |           | 5000.0          | 0.0           | 50.0     | 0.0  | 0.0       | 50.0   | 0.0  | 0.0        | 0.0  | 50.0        |
      | 2  | 31   | 01 January 2023   |           | 5000.0          | 0.0           | 50.0     | 0.0  | 0.0       | 50.0   | 0.0  | 0.0        | 0.0  | 50.0        |
      | 3  | 31   | 01 February 2023  |           | 5000.0          | 0.0           | 50.0     | 0.0  | 0.0       | 50.0   | 0.0  | 0.0        | 0.0  | 50.0        |
      | 4  | 28   | 01 March 2023     |           | 4689.0          | 311.0         | 50.0     | 0.0  | 0.0       | 361.0  | 0.0  | 0.0        | 0.0  | 361.0       |
      | 5  | 31   | 01 April 2023     |           | 4374.89         | 314.11        | 46.89    | 0.0  | 0.0       | 361.0  | 0.0  | 0.0        | 0.0  | 361.0       |
      | 6  | 30   | 01 May 2023       |           | 4057.64         | 317.25        | 43.75    | 0.0  | 0.0       | 361.0  | 0.0  | 0.0        | 0.0  | 361.0       |
      | 7  | 31   | 01 June 2023      |           | 3737.22         | 320.42        | 40.58    | 0.0  | 0.0       | 361.0  | 0.0  | 0.0        | 0.0  | 361.0       |
      | 8  | 30   | 01 July 2023      |           | 3413.59         | 323.63        | 37.37    | 0.0  | 0.0       | 361.0  | 0.0  | 0.0        | 0.0  | 361.0       |
      | 9  | 31   | 01 August 2023    |           | 3086.73         | 326.86        | 34.14    | 0.0  | 0.0       | 361.0  | 0.0  | 0.0        | 0.0  | 361.0       |
      | 10 | 31   | 01 September 2023 |           | 2756.6          | 330.13        | 30.87    | 0.0  | 0.0       | 361.0  | 0.0  | 0.0        | 0.0  | 361.0       |
      | 11 | 30   | 01 October 2023   |           | 2423.17         | 333.43        | 27.57    | 0.0  | 0.0       | 361.0  | 0.0  | 0.0        | 0.0  | 361.0       |
      | 12 | 31   | 01 November 2023  |           | 2086.4          | 336.77        | 24.23    | 0.0  | 0.0       | 361.0  | 0.0  | 0.0        | 0.0  | 361.0       |
      | 13 | 30   | 01 December 2023  |           | 1746.26         | 340.14        | 20.86    | 0.0  | 0.0       | 361.0  | 0.0  | 0.0        | 0.0  | 361.0       |
      | 14 | 31   | 01 January 2024   |           | 1402.72         | 343.54        | 17.46    | 0.0  | 0.0       | 361.0  | 0.0  | 0.0        | 0.0  | 361.0       |
      | 15 | 31   | 01 February 2024  |           | 1055.75         | 346.97        | 14.03    | 0.0  | 0.0       | 361.0  | 0.0  | 0.0        | 0.0  | 361.0       |
      | 16 | 29   | 01 March 2024     |           | 705.31          | 350.44        | 10.56    | 0.0  | 0.0       | 361.0  | 0.0  | 0.0        | 0.0  | 361.0       |
      | 17 | 31   | 01 April 2024     |           | 351.36          | 353.95        | 7.05     | 0.0  | 0.0       | 361.0  | 0.0  | 0.0        | 0.0  | 361.0       |
      | 18 | 30   | 01 May 2024       |           | 0.0             | 351.36        | 3.51     | 0.0  | 0.0       | 354.87 | 0.0  | 0.0        | 0.0  | 354.87      |
  [32m✔[39m [32m[1mThen [22mLoan Repayment schedule has the following data in Total row:[39m                                                                                                                 [90m# org.apache.fineract.test.stepdef.loan.LoanStepDef.loanRepaymentScheduleAmountCheck(io.cucumber.datatable.DataTable)[39m
      | Principal due | Interest | Fees | Penalties | Due     | Paid | In advance | Late | Outstanding |
      | 5000          | 558.87   | 0    | 0         | 5558.87 | 0    | 0          | 0    | 5558.87     |

@Repayment @TestRailId:C2496
[1mScenario:[22m RS06 - Repayment Schedule with interest type: Declining Balance, interest period: Same as payment period, amortization type: Equal installments, Grace on principal payment and interest payment [90m# fineract-e2e-tests-runner/src/test/resources/features/LoanRepayment-Part1.feature:471[39m
  [32m✔[39m [32m[1mWhen [22mAdmin sets the business date to [1m"1 November 2022"[22m[39m                                                                                                                                                 [90m# org.apache.fineract.test.stepdef.common.BusinessDateStepDef.setBusinessDate(java.lang.String)[39m
  [32m✔[39m [32m[1mWhen [22mAdmin creates a client with random data[39m                                                                                                                                                           [90m# org.apache.fineract.test.stepdef.common.ClientStepDef.createClientRandomFirstNameLastName()[39m
  [32m✔[39m [32m[1mWhen [22mAdmin creates a fully customized loan with the following data:[39m                                                                                                                                    [90m# org.apache.fineract.test.stepdef.loan.LoanStepDef.createFullyCustomizedLoan(io.cucumber.datatable.DataTable)[39m
      | LoanProduct                                           | submitted on date | with Principal | ANNUAL interest rate % | interest type     | interest calculation period | amortization type  | loanTermFrequency | loanTermFrequencyType | repaymentEvery | repaymentFrequencyType | numberOfRepayments | graceOnPrincipalPayment | graceOnInterestPayment | interest free period | Payment strategy                        |
      | LP1_INTEREST_DECLINING_BALANCE_PERIOD_SAME_AS_PAYMENT | 1 November 2022   | 5000           | 12                     | DECLINING_BALANCE | SAME_AS_REPAYMENT_PERIOD    | EQUAL_INSTALLMENTS | 18                | MONTHS                | 1              | MONTHS                 | 18                 | 6                       | 3                      | 0                    | PENALTIES_FEES_INTEREST_PRINCIPAL_ORDER |
  [32m✔[39m [32m[1mThen [22mLoan Repayment schedule has [1m18[22m periods, with the following data for periods:[39m                                                                                                                      [90m# org.apache.fineract.test.stepdef.loan.LoanStepDef.loanRepaymentSchedulePeriodsCheck(int,io.cucumber.datatable.DataTable)[39m
      | Nr | Days | Date              | Paid date | Balance of loan | Principal due | Interest | Fees | Penalties | Due    | Paid | In advance | Late | Outstanding |
      |    |      | 01 November 2022  |           | 5000.0          |               |          | 0.0  |           | 0.0    |      |            |      | 0.0         |
      | 1  | 30   | 01 December 2022  |           | 5000.0          | 0.0           | 0.0      | 0.0  | 0.0       | 0.0    | 0.0  | 0.0        | 0.0  | 0.0         |
      | 2  | 31   | 01 January 2023   |           | 5000.0          | 0.0           | 0.0      | 0.0  | 0.0       | 0.0    | 0.0  | 0.0        | 0.0  | 0.0         |
      | 3  | 31   | 01 February 2023  |           | 5000.0          | 0.0           | 0.0      | 0.0  | 0.0       | 0.0    | 0.0  | 0.0        | 0.0  | 0.0         |
      | 4  | 28   | 01 March 2023     |           | 5000.0          | 0.0           | 200.0    | 0.0  | 0.0       | 200.0  | 0.0  | 0.0        | 0.0  | 200.0       |
      | 5  | 31   | 01 April 2023     |           | 5000.0          | 0.0           | 50.0     | 0.0  | 0.0       | 50.0   | 0.0  | 0.0        | 0.0  | 50.0        |
      | 6  | 30   | 01 May 2023       |           | 5000.0          | 0.0           | 50.0     | 0.0  | 0.0       | 50.0   | 0.0  | 0.0        | 0.0  | 50.0        |
      | 7  | 31   | 01 June 2023      |           | 4606.0          | 394.0         | 50.0     | 0.0  | 0.0       | 444.0  | 0.0  | 0.0        | 0.0  | 444.0       |
      | 8  | 30   | 01 July 2023      |           | 4208.06         | 397.94        | 46.06    | 0.0  | 0.0       | 444.0  | 0.0  | 0.0        | 0.0  | 444.0       |
      | 9  | 31   | 01 August 2023    |           | 3806.14         | 401.92        | 42.08    | 0.0  | 0.0       | 444.0  | 0.0  | 0.0        | 0.0  | 444.0       |
      | 10 | 31   | 01 September 2023 |           | 3400.2          | 405.94        | 38.06    | 0.0  | 0.0       | 444.0  | 0.0  | 0.0        | 0.0  | 444.0       |
      | 11 | 30   | 01 October 2023   |           | 2990.2          | 410.0         | 34.0     | 0.0  | 0.0       | 444.0  | 0.0  | 0.0        | 0.0  | 444.0       |
      | 12 | 31   | 01 November 2023  |           | 2576.1          | 414.1         | 29.9     | 0.0  | 0.0       | 444.0  | 0.0  | 0.0        | 0.0  | 444.0       |
      | 13 | 30   | 01 December 2023  |           | 2157.86         | 418.24        | 25.76    | 0.0  | 0.0       | 444.0  | 0.0  | 0.0        | 0.0  | 444.0       |
      | 14 | 31   | 01 January 2024   |           | 1735.44         | 422.42        | 21.58    | 0.0  | 0.0       | 444.0  | 0.0  | 0.0        | 0.0  | 444.0       |
      | 15 | 31   | 01 February 2024  |           | 1308.79         | 426.65        | 17.35    | 0.0  | 0.0       | 444.0  | 0.0  | 0.0        | 0.0  | 444.0       |
      | 16 | 29   | 01 March 2024     |           | 877.88          | 430.91        | 13.09    | 0.0  | 0.0       | 444.0  | 0.0  | 0.0        | 0.0  | 444.0       |
      | 17 | 31   | 01 April 2024     |           | 442.66          | 435.22        | 8.78     | 0.0  | 0.0       | 444.0  | 0.0  | 0.0        | 0.0  | 444.0       |
      | 18 | 30   | 01 May 2024       |           | 0.0             | 442.66        | 4.43     | 0.0  | 0.0       | 447.09 | 0.0  | 0.0        | 0.0  | 447.09      |
  [32m✔[39m [32m[1mThen [22mLoan Repayment schedule has the following data in Total row:[39m                                                                                                                                      [90m# org.apache.fineract.test.stepdef.loan.LoanStepDef.loanRepaymentScheduleAmountCheck(io.cucumber.datatable.DataTable)[39m
      | Principal due | Interest | Fees | Penalties | Due     | Paid | In advance | Late | Outstanding |
      | 5000          | 631.09   | 0    | 0         | 5631.09 | 0    | 0          | 0    | 5631.09     |

@Repayment @TestRailId:C2497
[1mScenario:[22m RS07 - Repayment Schedule with interest type: Declining Balance, interest period: Same as payment period, amortization type: Equal installments, Grace on principal payment and setting up interest free period [90m# fineract-e2e-tests-runner/src/test/resources/features/LoanRepayment-Part1.feature:503[39m
  [32m✔[39m [32m[1mWhen [22mAdmin sets the business date to [1m"1 November 2022"[22m[39m                                                                                                                                                                [90m# org.apache.fineract.test.stepdef.common.BusinessDateStepDef.setBusinessDate(java.lang.String)[39m
  [32m✔[39m [32m[1mWhen [22mAdmin creates a client with random data[39m                                                                                                                                                                          [90m# org.apache.fineract.test.stepdef.common.ClientStepDef.createClientRandomFirstNameLastName()[39m
  [32m✔[39m [32m[1mWhen [22mAdmin creates a fully customized loan with the following data:[39m                                                                                                                                                   [90m# org.apache.fineract.test.stepdef.loan.LoanStepDef.createFullyCustomizedLoan(io.cucumber.datatable.DataTable)[39m
      | LoanProduct                                           | submitted on date | with Principal | ANNUAL interest rate % | interest type     | interest calculation period | amortization type  | loanTermFrequency | loanTermFrequencyType | repaymentEvery | repaymentFrequencyType | numberOfRepayments | graceOnPrincipalPayment | graceOnInterestPayment | interest free period | Payment strategy                        |
      | LP1_INTEREST_DECLINING_BALANCE_PERIOD_SAME_AS_PAYMENT | 1 November 2022   | 5000           | 12                     | DECLINING_BALANCE | SAME_AS_REPAYMENT_PERIOD    | EQUAL_INSTALLMENTS | 18                | MONTHS                | 1              | MONTHS                 | 18                 | 6                       | 0                      | 3                    | PENALTIES_FEES_INTEREST_PRINCIPAL_ORDER |
  [32m✔[39m [32m[1mThen [22mLoan Repayment schedule has [1m18[22m periods, with the following data for periods:[39m                                                                                                                                     [90m# org.apache.fineract.test.stepdef.loan.LoanStepDef.loanRepaymentSchedulePeriodsCheck(int,io.cucumber.datatable.DataTable)[39m
      | Nr | Days | Date              | Paid date | Balance of loan | Principal due | Interest | Fees | Penalties | Due    | Paid | In advance | Late | Outstanding |
      |    |      | 01 November 2022  |           | 5000.0          |               |          | 0.0  |           | 0.0    |      |            |      | 0.0         |
      | 1  | 30   | 01 December 2022  |           | 5000.0          | 0.0           | 0.0      | 0.0  | 0.0       | 0.0    | 0.0  | 0.0        | 0.0  | 0.0         |
      | 2  | 31   | 01 January 2023   |           | 5000.0          | 0.0           | 0.0      | 0.0  | 0.0       | 0.0    | 0.0  | 0.0        | 0.0  | 0.0         |
      | 3  | 31   | 01 February 2023  |           | 5000.0          | 0.0           | 0.0      | 0.0  | 0.0       | 0.0    | 0.0  | 0.0        | 0.0  | 0.0         |
      | 4  | 28   | 01 March 2023     |           | 5000.0          | 0.0           | 50.0     | 0.0  | 0.0       | 50.0   | 0.0  | 0.0        | 0.0  | 50.0        |
      | 5  | 31   | 01 April 2023     |           | 5000.0          | 0.0           | 50.0     | 0.0  | 0.0       | 50.0   | 0.0  | 0.0        | 0.0  | 50.0        |
      | 6  | 30   | 01 May 2023       |           | 5000.0          | 0.0           | 50.0     | 0.0  | 0.0       | 50.0   | 0.0  | 0.0        | 0.0  | 50.0        |
      | 7  | 31   | 01 June 2023      |           | 4606.0          | 394.0         | 50.0     | 0.0  | 0.0       | 444.0  | 0.0  | 0.0        | 0.0  | 444.0       |
      | 8  | 30   | 01 July 2023      |           | 4208.06         | 397.94        | 46.06    | 0.0  | 0.0       | 444.0  | 0.0  | 0.0        | 0.0  | 444.0       |
      | 9  | 31   | 01 August 2023    |           | 3806.14         | 401.92        | 42.08    | 0.0  | 0.0       | 444.0  | 0.0  | 0.0        | 0.0  | 444.0       |
      | 10 | 31   | 01 September 2023 |           | 3400.2          | 405.94        | 38.06    | 0.0  | 0.0       | 444.0  | 0.0  | 0.0        | 0.0  | 444.0       |
      | 11 | 30   | 01 October 2023   |           | 2990.2          | 410.0         | 34.0     | 0.0  | 0.0       | 444.0  | 0.0  | 0.0        | 0.0  | 444.0       |
      | 12 | 31   | 01 November 2023  |           | 2576.1          | 414.1         | 29.9     | 0.0  | 0.0       | 444.0  | 0.0  | 0.0        | 0.0  | 444.0       |
      | 13 | 30   | 01 December 2023  |           | 2157.86         | 418.24        | 25.76    | 0.0  | 0.0       | 444.0  | 0.0  | 0.0        | 0.0  | 444.0       |
      | 14 | 31   | 01 January 2024   |           | 1735.44         | 422.42        | 21.58    | 0.0  | 0.0       | 444.0  | 0.0  | 0.0        | 0.0  | 444.0       |
      | 15 | 31   | 01 February 2024  |           | 1308.79         | 426.65        | 17.35    | 0.0  | 0.0       | 444.0  | 0.0  | 0.0        | 0.0  | 444.0       |
      | 16 | 29   | 01 March 2024     |           | 877.88          | 430.91        | 13.09    | 0.0  | 0.0       | 444.0  | 0.0  | 0.0        | 0.0  | 444.0       |
      | 17 | 31   | 01 April 2024     |           | 442.66          | 435.22        | 8.78     | 0.0  | 0.0       | 444.0  | 0.0  | 0.0        | 0.0  | 444.0       |
      | 18 | 30   | 01 May 2024       |           | 0.0             | 442.66        | 4.43     | 0.0  | 0.0       | 447.09 | 0.0  | 0.0        | 0.0  | 447.09      |
  [32m✔[39m [32m[1mThen [22mLoan Repayment schedule has the following data in Total row:[39m                                                                                                                                                     [90m# org.apache.fineract.test.stepdef.loan.LoanStepDef.loanRepaymentScheduleAmountCheck(io.cucumber.datatable.DataTable)[39m
      | Principal due | Interest | Fees | Penalties | Due     | Paid | In advance | Late | Outstanding |
      | 5000          | 481.09   | 0    | 0         | 5481.09 | 0    | 0          | 0    | 5481.09     |

@Repayment @TestRailId:C2498
[1mScenario:[22m As admin I would like to be sure that Edit from Goodwill Credit of on loan transaction can not be done                                                          [90m# fineract-e2e-tests-runner/src/test/resources/features/LoanRepayment-Part1.feature:535[39m
  [32m✔[39m [32m[1mWhen [22mAdmin sets the business date to [1m"1 November 2022"[22m[39m                                                                                                                [90m# org.apache.fineract.test.stepdef.common.BusinessDateStepDef.setBusinessDate(java.lang.String)[39m
  [32m✔[39m [32m[1mWhen [22mAdmin creates a client with random data[39m                                                                                                                          [90m# org.apache.fineract.test.stepdef.common.ClientStepDef.createClientRandomFirstNameLastName()[39m
  [32m✔[39m [32m[1mWhen [22mAdmin creates a new default Loan with date: [1m"1 November 2022"[22m[39m                                                                                                    [90m# org.apache.fineract.test.stepdef.loan.LoanStepDef.createLoanWithDate(java.lang.String)[39m
  [32m✔[39m [32m[1mAnd [22mAdmin successfully approves the loan on [1m"1 November 2022"[22m with [1m"1000"[22m amount and expected disbursement date on [1m"1 November 2022"[22m[39m                                  [90m# org.apache.fineract.test.stepdef.loan.LoanStepDef.approveLoan(java.lang.String,java.lang.String,java.lang.String)[39m
  [32m✔[39m [32m[1mWhen [22mAdmin successfully disburse the loan on [1m"1 November 2022"[22m with [1m"1000"[22m EUR transaction amount[39m                                                                     [90m# org.apache.fineract.test.stepdef.loan.LoanStepDef.disburseLoan(java.lang.String,java.lang.String)[39m
  [32m✔[39m [32m[1mWhen [22mAdmin sets the business date to [1m"15 November 2022"[22m[39m                                                                                                               [90m# org.apache.fineract.test.stepdef.common.BusinessDateStepDef.setBusinessDate(java.lang.String)[39m
  [32m✔[39m [32m[1mAnd [22mCustomer makes [1m"AUTOPAY"[22m repayment on [1m"15 November 2022"[22m with [1m1000[22m EUR transaction amount[39m                                                                         [90m# org.apache.fineract.test.stepdef.loan.LoanRepaymentStepDef.makeLoanRepayment(java.lang.String,java.lang.String,double)[39m
  [32m✔[39m [32m[1mAnd [22mCustomer makes [1m"GOODWILL_CREDIT"[22m transaction with [1m"AUTOPAY"[22m payment type on [1m"15 November 2022"[22m with [1m200[22m EUR transaction amount and self-generated Idempotency key[39m [90m# org.apache.fineract.test.stepdef.loan.LoanStepDef.createTransactionWithIdempotencyKey(java.lang.String,java.lang.String,java.lang.String,double)[39m
  [32m✔[39m [32m[1mThen [22mLoan [1m"loanPaymentTransactionResponse"[22m transaction adjust amount [1m900[22m must return [1m403[22m code[39m                                                                         [90m# org.apache.fineract.test.stepdef.loan.LoanRepaymentStepDef.makeLoanRepaymentAdjustFail(java.lang.String,double,int)[39m

@Repayment @TestRailId:C2499
[1mScenario:[22m As admin I would like to be sure that Edit from Payout Refund of on loan transaction can not be done                           [90m# fineract-e2e-tests-runner/src/test/resources/features/LoanRepayment-Part1.feature:547[39m
  [32m✔[39m [32m[1mWhen [22mAdmin sets the business date to [1m"1 November 2022"[22m[39m                                                                               [90m# org.apache.fineract.test.stepdef.common.BusinessDateStepDef.setBusinessDate(java.lang.String)[39m
  [32m✔[39m [32m[1mWhen [22mAdmin creates a client with random data[39m                                                                                         [90m# org.apache.fineract.test.stepdef.common.ClientStepDef.createClientRandomFirstNameLastName()[39m
  [32m✔[39m [32m[1mWhen [22mAdmin creates a new default Loan with date: [1m"1 November 2022"[22m[39m                                                                   [90m# org.apache.fineract.test.stepdef.loan.LoanStepDef.createLoanWithDate(java.lang.String)[39m
  [32m✔[39m [32m[1mAnd [22mAdmin successfully approves the loan on [1m"1 November 2022"[22m with [1m"1000"[22m amount and expected disbursement date on [1m"1 November 2022"[22m[39m [90m# org.apache.fineract.test.stepdef.loan.LoanStepDef.approveLoan(java.lang.String,java.lang.String,java.lang.String)[39m
  [32m✔[39m [32m[1mWhen [22mAdmin successfully disburse the loan on [1m"1 November 2022"[22m with [1m"1000"[22m EUR transaction amount[39m                                    [90m# org.apache.fineract.test.stepdef.loan.LoanStepDef.disburseLoan(java.lang.String,java.lang.String)[39m
  [32m✔[39m [32m[1mWhen [22mAdmin sets the business date to [1m"15 November 2022"[22m[39m                                                                              [90m# org.apache.fineract.test.stepdef.common.BusinessDateStepDef.setBusinessDate(java.lang.String)[39m
  [32m✔[39m [32m[1mAnd [22mCustomer makes [1m"AUTOPAY"[22m repayment on [1m"15 November 2022"[22m with [1m1000[22m EUR transaction amount[39m                                        [90m# org.apache.fineract.test.stepdef.loan.LoanRepaymentStepDef.makeLoanRepayment(java.lang.String,java.lang.String,double)[39m
  [32m✔[39m [32m[1mAnd [22mRefund happens on [1m"15 November 2022"[22m with [1m100[22m EUR transaction amount[39m                                                             [90m# org.apache.fineract.test.stepdef.loan.LoanRepaymentStepDef.makeRefund(java.lang.String,double)[39m
  [32m✔[39m [32m[1mThen [22mLoan [1m"loanRefundResponse"[22m transaction adjust amount [1m90[22m must return [1m403[22m code[39m                                                     [90m# org.apache.fineract.test.stepdef.loan.LoanRepaymentStepDef.makeLoanRepaymentAdjustFail(java.lang.String,double,int)[39m

@Repayment @TestRailId:C2500
[1mScenario:[22m As admin I would like to be sure that Edit from Merchant Issued Refund of on loan transaction can not be done                                                          [90m# fineract-e2e-tests-runner/src/test/resources/features/LoanRepayment-Part1.feature:559[39m
  [32m✔[39m [32m[1mWhen [22mAdmin sets the business date to [1m"1 November 2022"[22m[39m                                                                                                                       [90m# org.apache.fineract.test.stepdef.common.BusinessDateStepDef.setBusinessDate(java.lang.String)[39m
  [32m✔[39m [32m[1mWhen [22mAdmin creates a client with random data[39m                                                                                                                                 [90m# org.apache.fineract.test.stepdef.common.ClientStepDef.createClientRandomFirstNameLastName()[39m
  [32m✔[39m [32m[1mWhen [22mAdmin creates a new default Loan with date: [1m"1 November 2022"[22m[39m                                                                                                           [90m# org.apache.fineract.test.stepdef.loan.LoanStepDef.createLoanWithDate(java.lang.String)[39m
  [32m✔[39m [32m[1mAnd [22mAdmin successfully approves the loan on [1m"1 November 2022"[22m with [1m"1000"[22m amount and expected disbursement date on [1m"1 November 2022"[22m[39m                                         [90m# org.apache.fineract.test.stepdef.loan.LoanStepDef.approveLoan(java.lang.String,java.lang.String,java.lang.String)[39m
  [32m✔[39m [32m[1mWhen [22mAdmin successfully disburse the loan on [1m"1 November 2022"[22m with [1m"1000"[22m EUR transaction amount[39m                                                                            [90m# org.apache.fineract.test.stepdef.loan.LoanStepDef.disburseLoan(java.lang.String,java.lang.String)[39m
  [32m✔[39m [32m[1mWhen [22mAdmin sets the business date to [1m"15 November 2022"[22m[39m                                                                                                                      [90m# org.apache.fineract.test.stepdef.common.BusinessDateStepDef.setBusinessDate(java.lang.String)[39m
  [32m✔[39m [32m[1mAnd [22mCustomer makes [1m"AUTOPAY"[22m repayment on [1m"15 November 2022"[22m with [1m1000[22m EUR transaction amount[39m                                                                                [90m# org.apache.fineract.test.stepdef.loan.LoanRepaymentStepDef.makeLoanRepayment(java.lang.String,java.lang.String,double)[39m
  [32m✔[39m [32m[1mAnd [22mCustomer makes [1m"MERCHANT_ISSUED_REFUND"[22m transaction with [1m"AUTOPAY"[22m payment type on [1m"15 November 2022"[22m with [1m200[22m EUR transaction amount and self-generated Idempotency key[39m [90m# org.apache.fineract.test.stepdef.loan.LoanStepDef.createTransactionWithIdempotencyKey(java.lang.String,java.lang.String,java.lang.String,double)[39m
  [32m✔[39m [32m[1mThen [22mLoan [1m"loanPaymentTransactionResponse"[22m transaction adjust amount [1m190[22m must return [1m403[22m code[39m                                                                                [90m# org.apache.fineract.test.stepdef.loan.LoanRepaymentStepDef.makeLoanRepaymentAdjustFail(java.lang.String,double,int)[39m

@Repayment @TestRailId:C2531
[1mScenario:[22m As admin I would like to check the last payment amount after a merchant issue refund                                                                                 [90m# fineract-e2e-tests-runner/src/test/resources/features/LoanRepayment-Part1.feature:571[39m
  [32m✔[39m [32m[1mWhen [22mAdmin sets the business date to [1m"9 February 2023"[22m[39m                                                                                                                     [90m# org.apache.fineract.test.stepdef.common.BusinessDateStepDef.setBusinessDate(java.lang.String)[39m
  [32m✔[39m [32m[1mAnd [22mAdmin creates a client with random data[39m                                                                                                                                [90m# org.apache.fineract.test.stepdef.common.ClientStepDef.createClientRandomFirstNameLastName()[39m
  [32m✔[39m [32m[1mWhen [22mAdmin creates a new default Loan with date: [1m"9 February 2023"[22m[39m                                                                                                         [90m# org.apache.fineract.test.stepdef.loan.LoanStepDef.createLoanWithDate(java.lang.String)[39m
  [32m✔[39m [32m[1mAnd [22mAdmin successfully approves the loan on [1m"9 February 2023"[22m with [1m"1000"[22m amount and expected disbursement date on [1m"9 February 2023"[22m[39m                                       [90m# org.apache.fineract.test.stepdef.loan.LoanStepDef.approveLoan(java.lang.String,java.lang.String,java.lang.String)[39m
  [32m✔[39m [32m[1mWhen [22mAdmin successfully disburse the loan on [1m"9 February 2023"[22m with [1m"1000"[22m EUR transaction amount[39m                                                                          [90m# org.apache.fineract.test.stepdef.loan.LoanStepDef.disburseLoan(java.lang.String,java.lang.String)[39m
  [32m✔[39m [32m[1mAnd [22mCustomer makes [1m"MERCHANT_ISSUED_REFUND"[22m transaction with [1m"AUTOPAY"[22m payment type on [1m"9 February 2023"[22m with [1m50[22m EUR transaction amount and self-generated Idempotency key[39m [90m# org.apache.fineract.test.stepdef.loan.LoanStepDef.createTransactionWithIdempotencyKey(java.lang.String,java.lang.String,java.lang.String,double)[39m
  [32m✔[39m [32m[1mAnd [22mCustomer makes [1m"AUTOPAY"[22m repayment on [1m"9 February 2023"[22m with [1m200[22m EUR transaction amount[39m                                                                                [90m# org.apache.fineract.test.stepdef.loan.LoanRepaymentStepDef.makeLoanRepayment(java.lang.String,java.lang.String,double)[39m
  [32m✔[39m [32m[1mThen [22mLoan has [1m200[22m last payment amount[39m                                                                                                                                      [90m# org.apache.fineract.test.stepdef.loan.LoanStepDef.loanLastPaymentAmount(double)[39m

@Repayment @TestRailId:C2555
[1mScenario:[22m RP01 - Repayment Schedule with interest type: Declining Balance and Interest Recalculation with Interest compounding             [90m# fineract-e2e-tests-runner/src/test/resources/features/LoanRepayment-Part1.feature:582[39m
  [32m✔[39m [32m[1mWhen [22mAdmin sets the business date to [1m"1 September 2022"[22m[39m                                                                                [90m# org.apache.fineract.test.stepdef.common.BusinessDateStepDef.setBusinessDate(java.lang.String)[39m
  [32m✔[39m [32m[1mWhen [22mAdmin creates a client with random data[39m                                                                                           [90m# org.apache.fineract.test.stepdef.common.ClientStepDef.createClientRandomFirstNameLastName()[39m
  [32m✔[39m [32m[1mWhen [22mAdmin creates a fully customized loan with the following data:[39m                                                                    [90m# org.apache.fineract.test.stepdef.loan.LoanStepDef.createFullyCustomizedLoan(io.cucumber.datatable.DataTable)[39m
      | LoanProduct                                                                   | submitted on date | with Principal | ANNUAL interest rate % | interest type     | interest calculation period | amortization type  | loanTermFrequency | loanTermFrequencyType | repaymentEvery | repaymentFrequencyType | numberOfRepayments | graceOnPrincipalPayment | graceOnInterestPayment | interest free period | Payment strategy                        |
      | LP1_1MONTH_INTEREST_DECLINING_BALANCE_DAILY_RECALCULATION_COMPOUNDING_MONTHLY | 1 September 2022  | 5000           | 12                     | DECLINING_BALANCE | DAILY                       | EQUAL_INSTALLMENTS | 6                 | MONTHS                | 1              | MONTHS                 | 6                  | 0                       | 0                      | 0                    | PENALTIES_FEES_INTEREST_PRINCIPAL_ORDER |
  [32m✔[39m [32m[1mAnd [22mAdmin successfully approves the loan on [1m"1 September 2022"[22m with [1m"5000"[22m amount and expected disbursement date on [1m"1 September 2022"[22m[39m [90m# org.apache.fineract.test.stepdef.loan.LoanStepDef.approveLoan(java.lang.String,java.lang.String,java.lang.String)[39m
  [32m✔[39m [32m[1mWhen [22mAdmin successfully disburse the loan on [1m"1 September 2022"[22m with [1m"5000"[22m EUR transaction amount[39m                                     [90m# org.apache.fineract.test.stepdef.loan.LoanStepDef.disburseLoan(java.lang.String,java.lang.String)[39m
  [32m✔[39m [32m[1mWhen [22mAdmin sets the business date to [1m"4 December 2022"[22m[39m                                                                                 [90m# org.apache.fineract.test.stepdef.common.BusinessDateStepDef.setBusinessDate(java.lang.String)[39m
  [32m✔[39m [32m[1mAnd [22mCustomer makes [1m"AUTOPAY"[22m repayment on [1m"4 December 2022"[22m with [1m862[22m EUR transaction amount[39m                                            [90m# org.apache.fineract.test.stepdef.loan.LoanRepaymentStepDef.makeLoanRepayment(java.lang.String,java.lang.String,double)[39m
  [32m✔[39m [32m[1mThen [22mLoan Repayment schedule has [1m6[22m periods, with the following data for periods:[39m                                                       [90m# org.apache.fineract.test.stepdef.loan.LoanStepDef.loanRepaymentSchedulePeriodsCheck(int,io.cucumber.datatable.DataTable)[39m
      | Nr | Days | Date              | Paid date        | Balance of loan | Principal due | Interest | Fees | Penalties | Due    | Paid  | In advance | Late  | Outstanding |
      |    |      | 01 September 2022 |                  | 5000.0          |               |          | 0.0  |           | 0.0    | 0.0   |            |       |             |
      | 1  | 30   | 01 October 2022   | 04 December 2022 | 4187.32         | 812.68        | 49.32    | 0.0  | 0.0       | 862.0  | 862.0 | 0.0        | 862.0 | 0.0         |
      | 2  | 31   | 01 November 2022  |                  | 3368.0          | 819.32        | 42.68    | 0.0  | 0.0       | 862.0  | 0.0   | 0.0        | 0.0   | 862.0       |
      | 3  | 30   | 01 December 2022  |                  | 2539.22         | 828.78        | 33.22    | 0.0  | 0.0       | 862.0  | 0.0   | 0.0        | 0.0   | 862.0       |
      | 4  | 31   | 01 January 2023   |                  | 1705.65         | 833.57        | 28.43    | 0.0  | 0.0       | 862.0  | 0.0   | 0.0        | 0.0   | 862.0       |
      | 5  | 31   | 01 February 2023  |                  | 861.03          | 844.62        | 17.38    | 0.0  | 0.0       | 862.0  | 0.0   | 0.0        | 0.0   | 862.0       |
      | 6  | 28   | 01 March 2023     |                  | 0.0             | 861.03        | 7.93     | 0.0  | 0.0       | 868.96 | 0.0   | 0.0        | 0.0   | 868.96      |
  [32m✔[39m [32m[1mThen [22mLoan Repayment schedule has the following data in Total row:[39m                                                                      [90m# org.apache.fineract.test.stepdef.loan.LoanStepDef.loanRepaymentScheduleAmountCheck(io.cucumber.datatable.DataTable)[39m
      | Principal due | Interest | Fees | Penalties | Due     | Paid  | In advance | Late  | Outstanding |
      | 5000.0        | 178.96   | 0.0  | 0.0       | 5178.96 | 862.0 | 0.0        | 862.0 | 4316.96     |

@Repayment @TestRailId:C2556
[1mScenario:[22m RP02 - Repayment Schedule with interest type: Declining Balance and Interest Recalculation with on time exact payment          [90m# fineract-e2e-tests-runner/src/test/resources/features/LoanRepayment-Part1.feature:606[39m
  [32m✔[39m [32m[1mWhen [22mAdmin sets the business date to [1m"1 November 2022"[22m[39m                                                                               [90m# org.apache.fineract.test.stepdef.common.BusinessDateStepDef.setBusinessDate(java.lang.String)[39m
  [32m✔[39m [32m[1mWhen [22mAdmin creates a client with random data[39m                                                                                         [90m# org.apache.fineract.test.stepdef.common.ClientStepDef.createClientRandomFirstNameLastName()[39m
  [32m✔[39m [32m[1mWhen [22mAdmin creates a fully customized loan with the following data:[39m                                                                  [90m# org.apache.fineract.test.stepdef.loan.LoanStepDef.createFullyCustomizedLoan(io.cucumber.datatable.DataTable)[39m
      | LoanProduct                                                         | submitted on date | with Principal | ANNUAL interest rate % | interest type     | interest calculation period | amortization type  | loanTermFrequency | loanTermFrequencyType | repaymentEvery | repaymentFrequencyType | numberOfRepayments | graceOnPrincipalPayment | graceOnInterestPayment | interest free period | Payment strategy                        |
      | LP1_INTEREST_DECLINING_BALANCE_DAILY_RECALCULATION_COMPOUNDING_NONE | 1 November 2022   | 5000           | 12                     | DECLINING_BALANCE | DAILY                       | EQUAL_INSTALLMENTS | 6                 | MONTHS                | 1              | MONTHS                 | 6                  | 0                       | 0                      | 0                    | PENALTIES_FEES_INTEREST_PRINCIPAL_ORDER |
  [32m✔[39m [32m[1mAnd [22mAdmin successfully approves the loan on [1m"1 November 2022"[22m with [1m"5000"[22m amount and expected disbursement date on [1m"1 November 2023"[22m[39m [90m# org.apache.fineract.test.stepdef.loan.LoanStepDef.approveLoan(java.lang.String,java.lang.String,java.lang.String)[39m
  [32m✔[39m [32m[1mWhen [22mAdmin successfully disburse the loan on [1m"1 November 2022"[22m with [1m"5000"[22m EUR transaction amount[39m                                    [90m# org.apache.fineract.test.stepdef.loan.LoanStepDef.disburseLoan(java.lang.String,java.lang.String)[39m
  [32m✔[39m [32m[1mWhen [22mAdmin sets the business date to [1m"1 December 2022"[22m[39m                                                                               [90m# org.apache.fineract.test.stepdef.common.BusinessDateStepDef.setBusinessDate(java.lang.String)[39m
  [32m✔[39m [32m[1mAnd [22mCustomer makes [1m"AUTOPAY"[22m repayment on [1m"1 December 2022"[22m with [1m863[22m EUR transaction amount[39m                                          [90m# org.apache.fineract.test.stepdef.loan.LoanRepaymentStepDef.makeLoanRepayment(java.lang.String,java.lang.String,double)[39m
  [32m✔[39m [32m[1mThen [22mLoan Repayment schedule has [1m6[22m periods, with the following data for periods:[39m                                                     [90m# org.apache.fineract.test.stepdef.loan.LoanStepDef.loanRepaymentSchedulePeriodsCheck(int,io.cucumber.datatable.DataTable)[39m
      | Nr | Days | Date             | Paid date        | Balance of loan | Principal due | Interest | Fees | Penalties | Due    | Paid  | In advance | Late | Outstanding |
      |    |      | 01 November 2022 |                  | 5000.0          |               |          | 0.0  |           | 0.0    | 0.0   |            |      |             |
      | 1  | 30   | 01 December 2022 | 01 December 2022 | 4186.32         | 813.68        | 49.32    | 0.0  | 0.0       | 863.0  | 863.0 | 0.0        | 0.0  | 0.0         |
      | 2  | 31   | 01 January 2023  |                  | 3366.99         | 819.33        | 42.67    | 0.0  | 0.0       | 862.0  | 0.0   | 0.0        | 0.0  | 862.0       |
      | 3  | 31   | 01 February 2023 |                  | 2539.31         | 827.68        | 34.32    | 0.0  | 0.0       | 862.0  | 0.0   | 0.0        | 0.0  | 862.0       |
      | 4  | 28   | 01 March 2023    |                  | 1700.69         | 838.62        | 23.38    | 0.0  | 0.0       | 862.0  | 0.0   | 0.0        | 0.0  | 862.0       |
      | 5  | 31   | 01 April 2023    |                  | 856.02          | 844.67        | 17.33    | 0.0  | 0.0       | 862.0  | 0.0   | 0.0        | 0.0  | 862.0       |
      | 6  | 30   | 01 May 2023      |                  | 0.0             | 856.02        | 8.44     | 0.0  | 0.0       | 864.46 | 0.0   | 0.0        | 0.0  | 864.46      |
  [32m✔[39m [32m[1mThen [22mLoan Repayment schedule has the following data in Total row:[39m                                                                    [90m# org.apache.fineract.test.stepdef.loan.LoanStepDef.loanRepaymentScheduleAmountCheck(io.cucumber.datatable.DataTable)[39m
      | Principal due | Interest | Fees | Penalties | Due     | Paid  | In advance | Late | Outstanding |
      | 5000.0        | 175.46   | 0.0  | 0.0       | 5175.46 | 863.0 | 0.0        | 0.0  | 4312.46     |

@Repayment @TestRailId:C2557
[1mScenario:[22m RP03 - Repayment Schedule with interest type: Declining Balance and Interest Recalculation with early exact payment            [90m# fineract-e2e-tests-runner/src/test/resources/features/LoanRepayment-Part1.feature:630[39m
  [32m✔[39m [32m[1mWhen [22mAdmin sets the business date to [1m"1 November 2022"[22m[39m                                                                               [90m# org.apache.fineract.test.stepdef.common.BusinessDateStepDef.setBusinessDate(java.lang.String)[39m
  [32m✔[39m [32m[1mWhen [22mAdmin creates a client with random data[39m                                                                                         [90m# org.apache.fineract.test.stepdef.common.ClientStepDef.createClientRandomFirstNameLastName()[39m
  [32m✔[39m [32m[1mWhen [22mAdmin creates a fully customized loan with the following data:[39m                                                                  [90m# org.apache.fineract.test.stepdef.loan.LoanStepDef.createFullyCustomizedLoan(io.cucumber.datatable.DataTable)[39m
      | LoanProduct                                                         | submitted on date | with Principal | ANNUAL interest rate % | interest type     | interest calculation period | amortization type  | loanTermFrequency | loanTermFrequencyType | repaymentEvery | repaymentFrequencyType | numberOfRepayments | graceOnPrincipalPayment | graceOnInterestPayment | interest free period | Payment strategy                        |
      | LP1_INTEREST_DECLINING_BALANCE_DAILY_RECALCULATION_COMPOUNDING_NONE | 1 November 2022   | 5000           | 12                     | DECLINING_BALANCE | DAILY                       | EQUAL_INSTALLMENTS | 6                 | MONTHS                | 1              | MONTHS                 | 6                  | 0                       | 0                      | 0                    | PENALTIES_FEES_INTEREST_PRINCIPAL_ORDER |
  [32m✔[39m [32m[1mAnd [22mAdmin successfully approves the loan on [1m"1 November 2022"[22m with [1m"5000"[22m amount and expected disbursement date on [1m"1 November 2023"[22m[39m [90m# org.apache.fineract.test.stepdef.loan.LoanStepDef.approveLoan(java.lang.String,java.lang.String,java.lang.String)[39m
  [32m✔[39m [32m[1mWhen [22mAdmin successfully disburse the loan on [1m"1 November 2022"[22m with [1m"5000"[22m EUR transaction amount[39m                                    [90m# org.apache.fineract.test.stepdef.loan.LoanStepDef.disburseLoan(java.lang.String,java.lang.String)[39m
  [32m✔[39m [32m[1mWhen [22mAdmin sets the business date to [1m"27 November 2022"[22m[39m                                                                              [90m# org.apache.fineract.test.stepdef.common.BusinessDateStepDef.setBusinessDate(java.lang.String)[39m
  [32m✔[39m [32m[1mAnd [22mCustomer makes [1m"AUTOPAY"[22m repayment on [1m"27 November 2022"[22m with [1m863[22m EUR transaction amount[39m                                         [90m# org.apache.fineract.test.stepdef.loan.LoanRepaymentStepDef.makeLoanRepayment(java.lang.String,java.lang.String,double)[39m
  [32m✔[39m [32m[1mThen [22mLoan Repayment schedule has [1m6[22m periods, with the following data for periods:[39m                                                     [90m# org.apache.fineract.test.stepdef.loan.LoanStepDef.loanRepaymentSchedulePeriodsCheck(int,io.cucumber.datatable.DataTable)[39m
      | Nr | Days | Date             | Paid date | Balance of loan | Principal due | Interest | Fees | Penalties | Due    | Paid  | In advance | Late | Outstanding |
      |    |      | 01 November 2022 |           | 5000.0          |               |          | 0.0  |           | 0.0    | 0.0   |            |      |             |
      | 1  | 30   | 01 December 2022 |           | 4137.0          | 863.0         | 48.18    | 0.0  | 0.0       | 911.18 | 863.0 | 863.0      | 0.0  | 48.18       |
      | 2  | 31   | 01 January 2023  |           | 3327.16         | 809.84        | 42.16    | 0.0  | 0.0       | 852.0  | 0.0   | 0.0        | 0.0  | 852.0       |
      | 3  | 31   | 01 February 2023 |           | 2509.07         | 818.09        | 33.91    | 0.0  | 0.0       | 852.0  | 0.0   | 0.0        | 0.0  | 852.0       |
      | 4  | 28   | 01 March 2023    |           | 1680.17         | 828.9         | 23.1     | 0.0  | 0.0       | 852.0  | 0.0   | 0.0        | 0.0  | 852.0       |
      | 5  | 31   | 01 April 2023    |           | 845.29          | 834.88        | 17.12    | 0.0  | 0.0       | 852.0  | 0.0   | 0.0        | 0.0  | 852.0       |
      | 6  | 30   | 01 May 2023      |           | 0.0             | 845.29        | 8.34     | 0.0  | 0.0       | 853.63 | 0.0   | 0.0        | 0.0  | 853.63      |
  [32m✔[39m [32m[1mThen [22mLoan Repayment schedule has the following data in Total row:[39m                                                                    [90m# org.apache.fineract.test.stepdef.loan.LoanStepDef.loanRepaymentScheduleAmountCheck(io.cucumber.datatable.DataTable)[39m
      | Principal due | Interest | Fees | Penalties | Due     | Paid  | In advance | Late | Outstanding |
      | 5000.0        | 172.81   | 0.0  | 0.0       | 5172.81 | 863.0 | 863.0      | 0.0  | 4309.81     |

@Repayment @TestRailId:C2558
[1mScenario:[22m RP04 - Repayment Schedule with interest type: Declining Balance and Interest Recalculation with late exact payment             [90m# fineract-e2e-tests-runner/src/test/resources/features/LoanRepayment-Part1.feature:654[39m
  [32m✔[39m [32m[1mWhen [22mAdmin sets the business date to [1m"1 November 2022"[22m[39m                                                                               [90m# org.apache.fineract.test.stepdef.common.BusinessDateStepDef.setBusinessDate(java.lang.String)[39m
  [32m✔[39m [32m[1mWhen [22mAdmin creates a client with random data[39m                                                                                         [90m# org.apache.fineract.test.stepdef.common.ClientStepDef.createClientRandomFirstNameLastName()[39m
  [32m✔[39m [32m[1mWhen [22mAdmin creates a fully customized loan with the following data:[39m                                                                  [90m# org.apache.fineract.test.stepdef.loan.LoanStepDef.createFullyCustomizedLoan(io.cucumber.datatable.DataTable)[39m
      | LoanProduct                                                         | submitted on date | with Principal | ANNUAL interest rate % | interest type     | interest calculation period | amortization type  | loanTermFrequency | loanTermFrequencyType | repaymentEvery | repaymentFrequencyType | numberOfRepayments | graceOnPrincipalPayment | graceOnInterestPayment | interest free period | Payment strategy                        |
      | LP1_INTEREST_DECLINING_BALANCE_DAILY_RECALCULATION_COMPOUNDING_NONE | 1 November 2022   | 5000           | 12                     | DECLINING_BALANCE | DAILY                       | EQUAL_INSTALLMENTS | 6                 | MONTHS                | 1              | MONTHS                 | 6                  | 0                       | 0                      | 0                    | PENALTIES_FEES_INTEREST_PRINCIPAL_ORDER |
  [32m✔[39m [32m[1mAnd [22mAdmin successfully approves the loan on [1m"1 November 2022"[22m with [1m"5000"[22m amount and expected disbursement date on [1m"1 November 2023"[22m[39m [90m# org.apache.fineract.test.stepdef.loan.LoanStepDef.approveLoan(java.lang.String,java.lang.String,java.lang.String)[39m
  [32m✔[39m [32m[1mWhen [22mAdmin successfully disburse the loan on [1m"1 November 2022"[22m with [1m"5000"[22m EUR transaction amount[39m                                    [90m# org.apache.fineract.test.stepdef.loan.LoanStepDef.disburseLoan(java.lang.String,java.lang.String)[39m
  [32m✔[39m [32m[1mWhen [22mAdmin sets the business date to [1m"5 December 2022"[22m[39m                                                                               [90m# org.apache.fineract.test.stepdef.common.BusinessDateStepDef.setBusinessDate(java.lang.String)[39m
  [32m✔[39m [32m[1mAnd [22mCustomer makes [1m"AUTOPAY"[22m repayment on [1m"5 December 2022"[22m with [1m862[22m EUR transaction amount[39m                                          [90m# org.apache.fineract.test.stepdef.loan.LoanRepaymentStepDef.makeLoanRepayment(java.lang.String,java.lang.String,double)[39m
  [32m✔[39m [32m[1mThen [22mLoan Repayment schedule has [1m6[22m periods, with the following data for periods:[39m                                                     [90m# org.apache.fineract.test.stepdef.loan.LoanStepDef.loanRepaymentSchedulePeriodsCheck(int,io.cucumber.datatable.DataTable)[39m
      | Nr | Days | Date             | Paid date        | Balance of loan | Principal due | Interest | Fees | Penalties | Due    | Paid  | In advance | Late  | Outstanding |
      |    |      | 01 November 2022 |                  | 5000.0          |               |          | 0.0  |           | 0.0    | 0.0   |            |       |             |
      | 1  | 30   | 01 December 2022 | 05 December 2022 | 4187.32         | 812.68        | 49.32    | 0.0  | 0.0       | 862.0  | 862.0 | 0.0        | 862.0 | 0.0         |
      | 2  | 31   | 01 January 2023  |                  | 3369.07         | 818.25        | 43.75    | 0.0  | 0.0       | 862.0  | 0.0   | 0.0        | 0.0   | 862.0       |
      | 3  | 31   | 01 February 2023 |                  | 2541.41         | 827.66        | 34.34    | 0.0  | 0.0       | 862.0  | 0.0   | 0.0        | 0.0   | 862.0       |
      | 4  | 28   | 01 March 2023    |                  | 1702.8          | 838.61        | 23.39    | 0.0  | 0.0       | 862.0  | 0.0   | 0.0        | 0.0   | 862.0       |
      | 5  | 31   | 01 April 2023    |                  | 858.15          | 844.65        | 17.35    | 0.0  | 0.0       | 862.0  | 0.0   | 0.0        | 0.0   | 862.0       |
      | 6  | 30   | 01 May 2023      |                  | 0.0             | 858.15        | 8.46     | 0.0  | 0.0       | 866.61 | 0.0   | 0.0        | 0.0   | 866.61      |
  [32m✔[39m [32m[1mThen [22mLoan Repayment schedule has the following data in Total row:[39m                                                                    [90m# org.apache.fineract.test.stepdef.loan.LoanStepDef.loanRepaymentScheduleAmountCheck(io.cucumber.datatable.DataTable)[39m
      | Principal due | Interest | Fees | Penalties | Due     | Paid  | In advance | Late  | Outstanding |
      | 5000.0        | 176.61   | 0.0  | 0.0       | 5176.61 | 862.0 | 0.0        | 862.0 | 4314.61     |

@Repayment @TestRailId:C2559
[1mScenario:[22m RP05 - Repayment Schedule with interest type: Declining Balance and Interest Recalculation with on time partial payment        [90m# fineract-e2e-tests-runner/src/test/resources/features/LoanRepayment-Part1.feature:678[39m
  [32m✔[39m [32m[1mWhen [22mAdmin sets the business date to [1m"1 November 2022"[22m[39m                                                                               [90m# org.apache.fineract.test.stepdef.common.BusinessDateStepDef.setBusinessDate(java.lang.String)[39m
  [32m✔[39m [32m[1mWhen [22mAdmin creates a client with random data[39m                                                                                         [90m# org.apache.fineract.test.stepdef.common.ClientStepDef.createClientRandomFirstNameLastName()[39m
  [32m✔[39m [32m[1mWhen [22mAdmin creates a fully customized loan with the following data:[39m                                                                  [90m# org.apache.fineract.test.stepdef.loan.LoanStepDef.createFullyCustomizedLoan(io.cucumber.datatable.DataTable)[39m
      | LoanProduct                                                         | submitted on date | with Principal | ANNUAL interest rate % | interest type     | interest calculation period | amortization type  | loanTermFrequency | loanTermFrequencyType | repaymentEvery | repaymentFrequencyType | numberOfRepayments | graceOnPrincipalPayment | graceOnInterestPayment | interest free period | Payment strategy                        |
      | LP1_INTEREST_DECLINING_BALANCE_DAILY_RECALCULATION_COMPOUNDING_NONE | 1 November 2022   | 5000           | 12                     | DECLINING_BALANCE | DAILY                       | EQUAL_INSTALLMENTS | 6                 | MONTHS                | 1              | MONTHS                 | 6                  | 0                       | 0                      | 0                    | PENALTIES_FEES_INTEREST_PRINCIPAL_ORDER |
  [32m✔[39m [32m[1mAnd [22mAdmin successfully approves the loan on [1m"1 November 2022"[22m with [1m"5000"[22m amount and expected disbursement date on [1m"1 November 2023"[22m[39m [90m# org.apache.fineract.test.stepdef.loan.LoanStepDef.approveLoan(java.lang.String,java.lang.String,java.lang.String)[39m
  [32m✔[39m [32m[1mWhen [22mAdmin successfully disburse the loan on [1m"1 November 2022"[22m with [1m"5000"[22m EUR transaction amount[39m                                    [90m# org.apache.fineract.test.stepdef.loan.LoanStepDef.disburseLoan(java.lang.String,java.lang.String)[39m
  [32m✔[39m [32m[1mWhen [22mAdmin sets the business date to [1m"1 December 2022"[22m[39m                                                                               [90m# org.apache.fineract.test.stepdef.common.BusinessDateStepDef.setBusinessDate(java.lang.String)[39m
  [32m✔[39m [32m[1mAnd [22mCustomer makes [1m"AUTOPAY"[22m repayment on [1m"1 December 2022"[22m with [1m200[22m EUR transaction amount[39m                                          [90m# org.apache.fineract.test.stepdef.loan.LoanRepaymentStepDef.makeLoanRepayment(java.lang.String,java.lang.String,double)[39m
  [32m✔[39m [32m[1mThen [22mLoan Repayment schedule has [1m6[22m periods, with the following data for periods:[39m                                                     [90m# org.apache.fineract.test.stepdef.loan.LoanStepDef.loanRepaymentSchedulePeriodsCheck(int,io.cucumber.datatable.DataTable)[39m
      | Nr | Days | Date             | Paid date | Balance of loan | Principal due | Interest | Fees | Penalties | Due   | Paid  | In advance | Late | Outstanding |
      |    |      | 01 November 2022 |           | 5000.0          |               |          | 0.0  |           | 0.0   | 0.0   |            |      |             |
      | 1  | 30   | 01 December 2022 |           | 4187.32         | 812.68        | 49.32    | 0.0  | 0.0       | 862.0 | 200.0 | 0.0        | 0.0  | 662.0       |
      | 2  | 31   | 01 January 2023  |           | 3368.0          | 819.32        | 42.68    | 0.0  | 0.0       | 862.0 | 0.0   | 0.0        | 0.0  | 862.0       |
      | 3  | 31   | 01 February 2023 |           | 2540.33         | 827.67        | 34.33    | 0.0  | 0.0       | 862.0 | 0.0   | 0.0        | 0.0  | 862.0       |
      | 4  | 28   | 01 March 2023    |           | 1701.71         | 838.62        | 23.38    | 0.0  | 0.0       | 862.0 | 0.0   | 0.0        | 0.0  | 862.0       |
      | 5  | 31   | 01 April 2023    |           | 857.05          | 844.66        | 17.34    | 0.0  | 0.0       | 862.0 | 0.0   | 0.0        | 0.0  | 862.0       |
      | 6  | 30   | 01 May 2023      |           | 0.0             | 857.05        | 8.45     | 0.0  | 0.0       | 865.5 | 0.0   | 0.0        | 0.0  | 865.5       |
  [32m✔[39m [32m[1mThen [22mLoan Repayment schedule has the following data in Total row:[39m                                                                    [90m# org.apache.fineract.test.stepdef.loan.LoanStepDef.loanRepaymentScheduleAmountCheck(io.cucumber.datatable.DataTable)[39m
      | Principal due | Interest | Fees | Penalties | Due    | Paid  | In advance | Late | Outstanding |
      | 5000.0        | 175.5    | 0.0  | 0.0       | 5175.5 | 200.0 | 0.0        | 0.0  | 4975.50     |

@Repayment @TestRailId:C2560
[1mScenario:[22m RP06 - Repayment Schedule with interest type: Declining Balance and Interest Recalculation with early partial payment          [90m# fineract-e2e-tests-runner/src/test/resources/features/LoanRepayment-Part1.feature:702[39m
  [32m✔[39m [32m[1mWhen [22mAdmin sets the business date to [1m"1 November 2022"[22m[39m                                                                               [90m# org.apache.fineract.test.stepdef.common.BusinessDateStepDef.setBusinessDate(java.lang.String)[39m
  [32m✔[39m [32m[1mWhen [22mAdmin creates a client with random data[39m                                                                                         [90m# org.apache.fineract.test.stepdef.common.ClientStepDef.createClientRandomFirstNameLastName()[39m
  [32m✔[39m [32m[1mWhen [22mAdmin creates a fully customized loan with the following data:[39m                                                                  [90m# org.apache.fineract.test.stepdef.loan.LoanStepDef.createFullyCustomizedLoan(io.cucumber.datatable.DataTable)[39m
      | LoanProduct                                                         | submitted on date | with Principal | ANNUAL interest rate % | interest type     | interest calculation period | amortization type  | loanTermFrequency | loanTermFrequencyType | repaymentEvery | repaymentFrequencyType | numberOfRepayments | graceOnPrincipalPayment | graceOnInterestPayment | interest free period | Payment strategy                        |
      | LP1_INTEREST_DECLINING_BALANCE_DAILY_RECALCULATION_COMPOUNDING_NONE | 1 November 2022   | 5000           | 12                     | DECLINING_BALANCE | DAILY                       | EQUAL_INSTALLMENTS | 6                 | MONTHS                | 1              | MONTHS                 | 6                  | 0                       | 0                      | 0                    | PENALTIES_FEES_INTEREST_PRINCIPAL_ORDER |
  [32m✔[39m [32m[1mAnd [22mAdmin successfully approves the loan on [1m"1 November 2022"[22m with [1m"5000"[22m amount and expected disbursement date on [1m"1 November 2023"[22m[39m [90m# org.apache.fineract.test.stepdef.loan.LoanStepDef.approveLoan(java.lang.String,java.lang.String,java.lang.String)[39m
  [32m✔[39m [32m[1mWhen [22mAdmin successfully disburse the loan on [1m"1 November 2022"[22m with [1m"5000"[22m EUR transaction amount[39m                                    [90m# org.apache.fineract.test.stepdef.loan.LoanStepDef.disburseLoan(java.lang.String,java.lang.String)[39m
  [32m✔[39m [32m[1mWhen [22mAdmin sets the business date to [1m"27 November 2022"[22m[39m                                                                              [90m# org.apache.fineract.test.stepdef.common.BusinessDateStepDef.setBusinessDate(java.lang.String)[39m
  [32m✔[39m [32m[1mAnd [22mCustomer makes [1m"AUTOPAY"[22m repayment on [1m"27 November 2022"[22m with [1m200[22m EUR transaction amount[39m                                         [90m# org.apache.fineract.test.stepdef.loan.LoanRepaymentStepDef.makeLoanRepayment(java.lang.String,java.lang.String,double)[39m
  [32m✔[39m [32m[1mThen [22mLoan Repayment schedule has [1m6[22m periods, with the following data for periods:[39m                                                     [90m# org.apache.fineract.test.stepdef.loan.LoanStepDef.loanRepaymentSchedulePeriodsCheck(int,io.cucumber.datatable.DataTable)[39m
      | Nr | Days | Date             | Paid date | Balance of loan | Principal due | Interest | Fees | Penalties | Due    | Paid  | In advance | Late | Outstanding |
      |    |      | 01 November 2022 |           | 5000.0          |               |          | 0.0  |           | 0.0    | 0.0   |            |      |             |
      | 1  | 30   | 01 December 2022 |           | 4187.05         | 812.95        | 49.05    | 0.0  | 0.0       | 862.0  | 200.0 | 200.0      | 0.0  | 662.0       |
      | 2  | 31   | 01 January 2023  |           | 3367.72         | 819.33        | 42.67    | 0.0  | 0.0       | 862.0  | 0.0   | 0.0        | 0.0  | 862.0       |
      | 3  | 31   | 01 February 2023 |           | 2540.04         | 827.68        | 34.32    | 0.0  | 0.0       | 862.0  | 0.0   | 0.0        | 0.0  | 862.0       |
      | 4  | 28   | 01 March 2023    |           | 1701.42         | 838.62        | 23.38    | 0.0  | 0.0       | 862.0  | 0.0   | 0.0        | 0.0  | 862.0       |
      | 5  | 31   | 01 April 2023    |           | 856.76          | 844.66        | 17.34    | 0.0  | 0.0       | 862.0  | 0.0   | 0.0        | 0.0  | 862.0       |
      | 6  | 30   | 01 May 2023      |           | 0.0             | 856.76        | 8.45     | 0.0  | 0.0       | 865.21 | 0.0   | 0.0        | 0.0  | 865.21      |
  [32m✔[39m [32m[1mThen [22mLoan Repayment schedule has the following data in Total row:[39m                                                                    [90m# org.apache.fineract.test.stepdef.loan.LoanStepDef.loanRepaymentScheduleAmountCheck(io.cucumber.datatable.DataTable)[39m
      | Principal due | Interest | Fees | Penalties | Due     | Paid  | In advance | Late | Outstanding |
      | 5000.0        | 175.21   | 0.0  | 0.0       | 5175.21 | 200.0 | 200.0      | 0.0  | 4975.21     |

@Repayment @TestRailId:C2561
[1mScenario:[22m RP07 - Repayment Schedule with interest type: Declining Balance and Interest Recalculation with late partial payment           [90m# fineract-e2e-tests-runner/src/test/resources/features/LoanRepayment-Part1.feature:726[39m
  [32m✔[39m [32m[1mWhen [22mAdmin sets the business date to [1m"1 November 2022"[22m[39m                                                                               [90m# org.apache.fineract.test.stepdef.common.BusinessDateStepDef.setBusinessDate(java.lang.String)[39m
  [32m✔[39m [32m[1mWhen [22mAdmin creates a client with random data[39m                                                                                         [90m# org.apache.fineract.test.stepdef.common.ClientStepDef.createClientRandomFirstNameLastName()[39m
  [32m✔[39m [32m[1mWhen [22mAdmin creates a fully customized loan with the following data:[39m                                                                  [90m# org.apache.fineract.test.stepdef.loan.LoanStepDef.createFullyCustomizedLoan(io.cucumber.datatable.DataTable)[39m
      | LoanProduct                                                         | submitted on date | with Principal | ANNUAL interest rate % | interest type     | interest calculation period | amortization type  | loanTermFrequency | loanTermFrequencyType | repaymentEvery | repaymentFrequencyType | numberOfRepayments | graceOnPrincipalPayment | graceOnInterestPayment | interest free period | Payment strategy                        |
      | LP1_INTEREST_DECLINING_BALANCE_DAILY_RECALCULATION_COMPOUNDING_NONE | 1 November 2022   | 5000           | 12                     | DECLINING_BALANCE | DAILY                       | EQUAL_INSTALLMENTS | 6                 | MONTHS                | 1              | MONTHS                 | 6                  | 0                       | 0                      | 0                    | PENALTIES_FEES_INTEREST_PRINCIPAL_ORDER |
  [32m✔[39m [32m[1mAnd [22mAdmin successfully approves the loan on [1m"1 November 2022"[22m with [1m"5000"[22m amount and expected disbursement date on [1m"1 November 2023"[22m[39m [90m# org.apache.fineract.test.stepdef.loan.LoanStepDef.approveLoan(java.lang.String,java.lang.String,java.lang.String)[39m
  [32m✔[39m [32m[1mWhen [22mAdmin successfully disburse the loan on [1m"1 November 2022"[22m with [1m"5000"[22m EUR transaction amount[39m                                    [90m# org.apache.fineract.test.stepdef.loan.LoanStepDef.disburseLoan(java.lang.String,java.lang.String)[39m
  [32m✔[39m [32m[1mWhen [22mAdmin sets the business date to [1m"5 December 2022"[22m[39m                                                                               [90m# org.apache.fineract.test.stepdef.common.BusinessDateStepDef.setBusinessDate(java.lang.String)[39m
  [32m✔[39m [32m[1mAnd [22mCustomer makes [1m"AUTOPAY"[22m repayment on [1m"5 December 2022"[22m with [1m200[22m EUR transaction amount[39m                                          [90m# org.apache.fineract.test.stepdef.loan.LoanRepaymentStepDef.makeLoanRepayment(java.lang.String,java.lang.String,double)[39m
  [32m✔[39m [32m[1mThen [22mLoan Repayment schedule has [1m6[22m periods, with the following data for periods:[39m                                                     [90m# org.apache.fineract.test.stepdef.loan.LoanStepDef.loanRepaymentSchedulePeriodsCheck(int,io.cucumber.datatable.DataTable)[39m
      | Nr | Days | Date             | Paid date | Balance of loan | Principal due | Interest | Fees | Penalties | Due    | Paid  | In advance | Late  | Outstanding |
      |    |      | 01 November 2022 |           | 5000.0          |               |          | 0.0  |           | 0.0    | 0.0   |            |       |             |
      | 1  | 30   | 01 December 2022 |           | 4187.32         | 812.68        | 49.32    | 0.0  | 0.0       | 862.0  | 200.0 | 0.0        | 200.0 | 662.0       |
      | 2  | 31   | 01 January 2023  |           | 3369.07         | 818.25        | 43.75    | 0.0  | 0.0       | 862.0  | 0.0   | 0.0        | 0.0   | 862.0       |
      | 3  | 31   | 01 February 2023 |           | 2541.41         | 827.66        | 34.34    | 0.0  | 0.0       | 862.0  | 0.0   | 0.0        | 0.0   | 862.0       |
      | 4  | 28   | 01 March 2023    |           | 1702.8          | 838.61        | 23.39    | 0.0  | 0.0       | 862.0  | 0.0   | 0.0        | 0.0   | 862.0       |
      | 5  | 31   | 01 April 2023    |           | 858.15          | 844.65        | 17.35    | 0.0  | 0.0       | 862.0  | 0.0   | 0.0        | 0.0   | 862.0       |
      | 6  | 30   | 01 May 2023      |           | 0.0             | 858.15        | 8.46     | 0.0  | 0.0       | 866.61 | 0.0   | 0.0        | 0.0   | 866.61      |
  [32m✔[39m [32m[1mThen [22mLoan Repayment schedule has the following data in Total row:[39m                                                                    [90m# org.apache.fineract.test.stepdef.loan.LoanStepDef.loanRepaymentScheduleAmountCheck(io.cucumber.datatable.DataTable)[39m
      | Principal due | Interest | Fees | Penalties | Due     | Paid  | In advance | Late  | Outstanding |
      | 5000.0        | 176.61   | 0.0  | 0.0       | 5176.61 | 200.0 | 0.0        | 200.0 | 4976.61     |

@Repayment @TestRailId:C2562
[1mScenario:[22m RP08 - Repayment Schedule with interest type: Declining Balance and Interest Recalculation with on time excess payment         [90m# fineract-e2e-tests-runner/src/test/resources/features/LoanRepayment-Part1.feature:750[39m
  [32m✔[39m [32m[1mWhen [22mAdmin sets the business date to [1m"1 November 2022"[22m[39m                                                                               [90m# org.apache.fineract.test.stepdef.common.BusinessDateStepDef.setBusinessDate(java.lang.String)[39m
  [32m✔[39m [32m[1mWhen [22mAdmin creates a client with random data[39m                                                                                         [90m# org.apache.fineract.test.stepdef.common.ClientStepDef.createClientRandomFirstNameLastName()[39m
  [32m✔[39m [32m[1mWhen [22mAdmin creates a fully customized loan with the following data:[39m                                                                  [90m# org.apache.fineract.test.stepdef.loan.LoanStepDef.createFullyCustomizedLoan(io.cucumber.datatable.DataTable)[39m
      | LoanProduct                                                         | submitted on date | with Principal | ANNUAL interest rate % | interest type     | interest calculation period | amortization type  | loanTermFrequency | loanTermFrequencyType | repaymentEvery | repaymentFrequencyType | numberOfRepayments | graceOnPrincipalPayment | graceOnInterestPayment | interest free period | Payment strategy                        |
      | LP1_INTEREST_DECLINING_BALANCE_DAILY_RECALCULATION_COMPOUNDING_NONE | 1 November 2022   | 5000           | 12                     | DECLINING_BALANCE | DAILY                       | EQUAL_INSTALLMENTS | 6                 | MONTHS                | 1              | MONTHS                 | 6                  | 0                       | 0                      | 0                    | PENALTIES_FEES_INTEREST_PRINCIPAL_ORDER |
  [32m✔[39m [32m[1mAnd [22mAdmin successfully approves the loan on [1m"1 November 2022"[22m with [1m"5000"[22m amount and expected disbursement date on [1m"1 November 2023"[22m[39m [90m# org.apache.fineract.test.stepdef.loan.LoanStepDef.approveLoan(java.lang.String,java.lang.String,java.lang.String)[39m
  [32m✔[39m [32m[1mWhen [22mAdmin successfully disburse the loan on [1m"1 November 2022"[22m with [1m"5000"[22m EUR transaction amount[39m                                    [90m# org.apache.fineract.test.stepdef.loan.LoanStepDef.disburseLoan(java.lang.String,java.lang.String)[39m
  [32m✔[39m [32m[1mWhen [22mAdmin sets the business date to [1m"1 December 2022"[22m[39m                                                                               [90m# org.apache.fineract.test.stepdef.common.BusinessDateStepDef.setBusinessDate(java.lang.String)[39m
  [32m✔[39m [32m[1mAnd [22mCustomer makes [1m"AUTOPAY"[22m repayment on [1m"1 December 2022"[22m with [1m1500[22m EUR transaction amount[39m                                         [90m# org.apache.fineract.test.stepdef.loan.LoanRepaymentStepDef.makeLoanRepayment(java.lang.String,java.lang.String,double)[39m
  [32m✔[39m [32m[1mThen [22mLoan Repayment schedule has [1m6[22m periods, with the following data for periods:[39m                                                     [90m# org.apache.fineract.test.stepdef.loan.LoanStepDef.loanRepaymentSchedulePeriodsCheck(int,io.cucumber.datatable.DataTable)[39m
      | Nr | Days | Date             | Paid date        | Balance of loan | Principal due | Interest | Fees | Penalties | Due    | Paid   | In advance | Late | Outstanding |
      |    |      | 01 November 2022 |                  | 5000.0          |               |          | 0.0  |           | 0.0    | 0.0    |            |      |             |
      | 1  | 30   | 01 December 2022 | 01 December 2022 | 3549.32         | 1450.68       | 49.32    | 0.0  | 0.0       | 1500.0 | 1500.0 | 0.0        | 0.0  | 0.0         |
      | 2  | 31   | 01 January 2023  |                  | 2854.49         | 694.83        | 36.17    | 0.0  | 0.0       | 731.0  | 0.0    | 0.0        | 0.0  | 731.0       |
      | 3  | 31   | 01 February 2023 |                  | 2152.58         | 701.91        | 29.09    | 0.0  | 0.0       | 731.0  | 0.0    | 0.0        | 0.0  | 731.0       |
      | 4  | 28   | 01 March 2023    |                  | 1441.4          | 711.18        | 19.82    | 0.0  | 0.0       | 731.0  | 0.0    | 0.0        | 0.0  | 731.0       |
      | 5  | 31   | 01 April 2023    |                  | 725.09          | 716.31        | 14.69    | 0.0  | 0.0       | 731.0  | 0.0    | 0.0        | 0.0  | 731.0       |
      | 6  | 30   | 01 May 2023      |                  | 0.0             | 725.09        | 7.15     | 0.0  | 0.0       | 732.24 | 0.0    | 0.0        | 0.0  | 732.24      |
  [32m✔[39m [32m[1mThen [22mLoan Repayment schedule has the following data in Total row:[39m                                                                    [90m# org.apache.fineract.test.stepdef.loan.LoanStepDef.loanRepaymentScheduleAmountCheck(io.cucumber.datatable.DataTable)[39m
      | Principal due | Interest | Fees | Penalties | Due     | Paid   | In advance | Late | Outstanding |
      | 5000.0        | 156.24   | 0.0  | 0.0       | 5156.24 | 1500.0 | 0.0        | 0.0  | 3656.24     |

@Repayment @TestRailId:C2563
[1mScenario:[22m RP09 - Repayment Schedule with interest type: Declining Balance and Interest Recalculation with early excess payment           [90m# fineract-e2e-tests-runner/src/test/resources/features/LoanRepayment-Part1.feature:774[39m
  [32m✔[39m [32m[1mWhen [22mAdmin sets the business date to [1m"1 November 2022"[22m[39m                                                                               [90m# org.apache.fineract.test.stepdef.common.BusinessDateStepDef.setBusinessDate(java.lang.String)[39m
  [32m✔[39m [32m[1mWhen [22mAdmin creates a client with random data[39m                                                                                         [90m# org.apache.fineract.test.stepdef.common.ClientStepDef.createClientRandomFirstNameLastName()[39m
  [32m✔[39m [32m[1mWhen [22mAdmin creates a fully customized loan with the following data:[39m                                                                  [90m# org.apache.fineract.test.stepdef.loan.LoanStepDef.createFullyCustomizedLoan(io.cucumber.datatable.DataTable)[39m
      | LoanProduct                                                         | submitted on date | with Principal | ANNUAL interest rate % | interest type     | interest calculation period | amortization type  | loanTermFrequency | loanTermFrequencyType | repaymentEvery | repaymentFrequencyType | numberOfRepayments | graceOnPrincipalPayment | graceOnInterestPayment | interest free period | Payment strategy                        |
      | LP1_INTEREST_DECLINING_BALANCE_DAILY_RECALCULATION_COMPOUNDING_NONE | 1 November 2022   | 5000           | 12                     | DECLINING_BALANCE | DAILY                       | EQUAL_INSTALLMENTS | 6                 | MONTHS                | 1              | MONTHS                 | 6                  | 0                       | 0                      | 0                    | PENALTIES_FEES_INTEREST_PRINCIPAL_ORDER |
  [32m✔[39m [32m[1mAnd [22mAdmin successfully approves the loan on [1m"1 November 2022"[22m with [1m"5000"[22m amount and expected disbursement date on [1m"1 November 2023"[22m[39m [90m# org.apache.fineract.test.stepdef.loan.LoanStepDef.approveLoan(java.lang.String,java.lang.String,java.lang.String)[39m
  [32m✔[39m [32m[1mWhen [22mAdmin successfully disburse the loan on [1m"1 November 2022"[22m with [1m"5000"[22m EUR transaction amount[39m                                    [90m# org.apache.fineract.test.stepdef.loan.LoanStepDef.disburseLoan(java.lang.String,java.lang.String)[39m
  [32m✔[39m [32m[1mWhen [22mAdmin sets the business date to [1m"27 November 2022"[22m[39m                                                                              [90m# org.apache.fineract.test.stepdef.common.BusinessDateStepDef.setBusinessDate(java.lang.String)[39m
  [32m✔[39m [32m[1mAnd [22mCustomer makes [1m"AUTOPAY"[22m repayment on [1m"27 November 2022"[22m with [1m1500[22m EUR transaction amount[39m                                        [90m# org.apache.fineract.test.stepdef.loan.LoanRepaymentStepDef.makeLoanRepayment(java.lang.String,java.lang.String,double)[39m
  [32m✔[39m [32m[1mThen [22mLoan Repayment schedule has [1m6[22m periods, with the following data for periods:[39m                                                     [90m# org.apache.fineract.test.stepdef.loan.LoanStepDef.loanRepaymentSchedulePeriodsCheck(int,io.cucumber.datatable.DataTable)[39m
      | Nr | Days | Date             | Paid date | Balance of loan | Principal due | Interest | Fees | Penalties | Due     | Paid   | In advance | Late | Outstanding |
      |    |      | 01 November 2022 |           | 5000.0          |               |          | 0.0  |           | 0.0     | 0.0    |            |      |             |
      | 1  | 30   | 01 December 2022 |           | 3500.0          | 1500.0        | 47.34    | 0.0  | 0.0       | 1547.34 | 1500.0 | 1500.0     | 0.0  | 47.34       |
      | 2  | 31   | 01 January 2023  |           | 2814.67         | 685.33        | 35.67    | 0.0  | 0.0       | 721.0   | 0.0    | 0.0        | 0.0  | 721.0       |
      | 3  | 31   | 01 February 2023 |           | 2122.36         | 692.31        | 28.69    | 0.0  | 0.0       | 721.0   | 0.0    | 0.0        | 0.0  | 721.0       |
      | 4  | 28   | 01 March 2023    |           | 1420.9          | 701.46        | 19.54    | 0.0  | 0.0       | 721.0   | 0.0    | 0.0        | 0.0  | 721.0       |
      | 5  | 31   | 01 April 2023    |           | 714.38          | 706.52        | 14.48    | 0.0  | 0.0       | 721.0   | 0.0    | 0.0        | 0.0  | 721.0       |
      | 6  | 30   | 01 May 2023      |           | 0.0             | 714.38        | 7.05     | 0.0  | 0.0       | 721.43  | 0.0    | 0.0        | 0.0  | 721.43      |
  [32m✔[39m [32m[1mThen [22mLoan Repayment schedule has the following data in Total row:[39m                                                                    [90m# org.apache.fineract.test.stepdef.loan.LoanStepDef.loanRepaymentScheduleAmountCheck(io.cucumber.datatable.DataTable)[39m
      | Principal due | Interest | Fees | Penalties | Due     | Paid   | In advance | Late | Outstanding |
      | 5000.0        | 152.77   | 0.0  | 0.0       | 5152.77 | 1500.0 | 1500.0     | 0.0  | 3652.77     |

@Repayment @TestRailId:C2564
[1mScenario:[22m RP10 - Repayment Schedule with interest type: Declining Balance and Interest Recalculation with late excess payment            [90m# fineract-e2e-tests-runner/src/test/resources/features/LoanRepayment-Part1.feature:798[39m
  [32m✔[39m [32m[1mWhen [22mAdmin sets the business date to [1m"1 November 2022"[22m[39m                                                                               [90m# org.apache.fineract.test.stepdef.common.BusinessDateStepDef.setBusinessDate(java.lang.String)[39m
  [32m✔[39m [32m[1mWhen [22mAdmin creates a client with random data[39m                                                                                         [90m# org.apache.fineract.test.stepdef.common.ClientStepDef.createClientRandomFirstNameLastName()[39m
  [32m✔[39m [32m[1mWhen [22mAdmin creates a fully customized loan with the following data:[39m                                                                  [90m# org.apache.fineract.test.stepdef.loan.LoanStepDef.createFullyCustomizedLoan(io.cucumber.datatable.DataTable)[39m
      | LoanProduct                                                         | submitted on date | with Principal | ANNUAL interest rate % | interest type     | interest calculation period | amortization type  | loanTermFrequency | loanTermFrequencyType | repaymentEvery | repaymentFrequencyType | numberOfRepayments | graceOnPrincipalPayment | graceOnInterestPayment | interest free period | Payment strategy                        |
      | LP1_INTEREST_DECLINING_BALANCE_DAILY_RECALCULATION_COMPOUNDING_NONE | 1 November 2022   | 5000           | 12                     | DECLINING_BALANCE | DAILY                       | EQUAL_INSTALLMENTS | 6                 | MONTHS                | 1              | MONTHS                 | 6                  | 0                       | 0                      | 0                    | PENALTIES_FEES_INTEREST_PRINCIPAL_ORDER |
  [32m✔[39m [32m[1mAnd [22mAdmin successfully approves the loan on [1m"1 November 2022"[22m with [1m"5000"[22m amount and expected disbursement date on [1m"1 November 2023"[22m[39m [90m# org.apache.fineract.test.stepdef.loan.LoanStepDef.approveLoan(java.lang.String,java.lang.String,java.lang.String)[39m
  [32m✔[39m [32m[1mWhen [22mAdmin successfully disburse the loan on [1m"1 November 2022"[22m with [1m"5000"[22m EUR transaction amount[39m                                    [90m# org.apache.fineract.test.stepdef.loan.LoanStepDef.disburseLoan(java.lang.String,java.lang.String)[39m
  [32m✔[39m [32m[1mWhen [22mAdmin sets the business date to [1m"5 December 2022"[22m[39m                                                                               [90m# org.apache.fineract.test.stepdef.common.BusinessDateStepDef.setBusinessDate(java.lang.String)[39m
  [32m✔[39m [32m[1mAnd [22mCustomer makes [1m"AUTOPAY"[22m repayment on [1m"5 December 2022"[22m with [1m1500[22m EUR transaction amount[39m                                         [90m# org.apache.fineract.test.stepdef.loan.LoanRepaymentStepDef.makeLoanRepayment(java.lang.String,java.lang.String,double)[39m
  [32m✔[39m [32m[1mThen [22mLoan Repayment schedule has [1m6[22m periods, with the following data for periods:[39m                                                     [90m# org.apache.fineract.test.stepdef.loan.LoanStepDef.loanRepaymentSchedulePeriodsCheck(int,io.cucumber.datatable.DataTable)[39m
      | Nr | Days | Date             | Paid date        | Balance of loan | Principal due | Interest | Fees | Penalties | Due    | Paid  | In advance | Late  | Outstanding |
      |    |      | 01 November 2022 |                  | 5000.0          |               |          | 0.0  |           | 0.0    | 0.0   |            |       |             |
      | 1  | 30   | 01 December 2022 | 05 December 2022 | 4187.32         | 812.68        | 49.32    | 0.0  | 0.0       | 862.0  | 862.0 | 0.0        | 862.0 | 0.0         |
      | 2  | 31   | 01 January 2023  |                  | 3363.41         | 823.91        | 38.09    | 0.0  | 0.0       | 862.0  | 638.0 | 638.0      | 0.0   | 224.0       |
      | 3  | 31   | 01 February 2023 |                  | 2535.69         | 827.72        | 34.28    | 0.0  | 0.0       | 862.0  | 0.0   | 0.0        | 0.0   | 862.0       |
      | 4  | 28   | 01 March 2023    |                  | 1697.03         | 838.66        | 23.34    | 0.0  | 0.0       | 862.0  | 0.0   | 0.0        | 0.0   | 862.0       |
      | 5  | 31   | 01 April 2023    |                  | 852.33          | 844.7         | 17.3     | 0.0  | 0.0       | 862.0  | 0.0   | 0.0        | 0.0   | 862.0       |
      | 6  | 30   | 01 May 2023      |                  | 0.0             | 852.33        | 8.41     | 0.0  | 0.0       | 860.74 | 0.0   | 0.0        | 0.0   | 860.74      |
  [32m✔[39m [32m[1mThen [22mLoan Repayment schedule has the following data in Total row:[39m                                                                    [90m# org.apache.fineract.test.stepdef.loan.LoanStepDef.loanRepaymentScheduleAmountCheck(io.cucumber.datatable.DataTable)[39m
      | Principal due | Interest | Fees | Penalties | Due     | Paid   | In advance | Late  | Outstanding |
      | 5000.0        | 170.74   | 0.0  | 0.0       | 5170.74 | 1500.0 | 638.0      | 862.0 | 3670.74     |

@Repayment @TestRailId:C2625
[1mScenario:[22m Verify that the accounting treatment is correct for Goodwill Credit transaction                                                                                   [90m# fineract-e2e-tests-runner/src/test/resources/features/LoanRepayment-Part1.feature:822[39m
  [32m✔[39m [32m[1mWhen [22mAdmin sets the business date to [1m"1 January 2023"[22m[39m                                                                                                                   [90m# org.apache.fineract.test.stepdef.common.BusinessDateStepDef.setBusinessDate(java.lang.String)[39m
  [32m✔[39m [32m[1mAnd [22mAdmin creates a client with random data[39m                                                                                                                             [90m# org.apache.fineract.test.stepdef.common.ClientStepDef.createClientRandomFirstNameLastName()[39m
  [32m✔[39m [32m[1mWhen [22mAdmin creates a fully customized loan with the following data:[39m                                                                                                     [90m# org.apache.fineract.test.stepdef.loan.LoanStepDef.createFullyCustomizedLoan(io.cucumber.datatable.DataTable)[39m
      | LoanProduct       | submitted on date | with Principal | ANNUAL interest rate % | interest type | interest calculation period | amortization type  | loanTermFrequency | loanTermFrequencyType | repaymentEvery | repaymentFrequencyType | numberOfRepayments | graceOnPrincipalPayment | graceOnInterestPayment | interest free period | Payment strategy                        |
      | LP1_INTEREST_FLAT | 1 January 2023    | 1000           | 12                     | FLAT          | SAME_AS_REPAYMENT_PERIOD    | EQUAL_INSTALLMENTS | 3                 | MONTHS                | 1              | MONTHS                 | 3                  | 0                       | 0                      | 0                    | PENALTIES_FEES_INTEREST_PRINCIPAL_ORDER |
  [32m✔[39m [32m[1mAnd [22mAdmin successfully approves the loan on [1m"1 January 2023"[22m with [1m"1000"[22m amount and expected disbursement date on [1m"1 January 2023"[22m[39m                                      [90m# org.apache.fineract.test.stepdef.loan.LoanStepDef.approveLoan(java.lang.String,java.lang.String,java.lang.String)[39m
  [32m✔[39m [32m[1mAnd [22mAdmin successfully disburse the loan on [1m"1 January 2023"[22m with [1m"1000"[22m EUR transaction amount[39m                                                                         [90m# org.apache.fineract.test.stepdef.loan.LoanStepDef.disburseLoan(java.lang.String,java.lang.String)[39m
  [32m✔[39m [32m[1mAnd [22mAdmin adds an NSF fee because of payment bounce with [1m"1 January 2023"[22m transaction date[39m                                                                              [90m# org.apache.fineract.test.stepdef.loan.LoanChargeStepDef.addNSFfee(java.lang.String)[39m
  [32m✔[39m [32m[1mAnd [22mAdmin adds a [1m10[22m % Processing charge to the loan with [1m"en"[22m locale on date: [1m"1 January 2023"[22m[39m                                                                          [90m# org.apache.fineract.test.stepdef.loan.LoanChargeStepDef.addProcessingFee(double,java.lang.String,java.lang.String)[39m
  [32m✔[39m [32m[1mWhen [22mAdmin sets the business date to [1m"10 January 2023"[22m[39m                                                                                                                  [90m# org.apache.fineract.test.stepdef.common.BusinessDateStepDef.setBusinessDate(java.lang.String)[39m
  [32m✔[39m [32m[1mAnd [22mCustomer makes [1m"AUTOPAY"[22m repayment on [1m"10 January 2023"[22m with [1m100[22m EUR transaction amount[39m                                                                             [90m# org.apache.fineract.test.stepdef.loan.LoanRepaymentStepDef.makeLoanRepayment(java.lang.String,java.lang.String,double)[39m
  [32m✔[39m [32m[1mWhen [22mCustomer makes [1m"GOODWILL_CREDIT"[22m transaction with [1m"AUTOPAY"[22m payment type on [1m"10 January 2023"[22m with [1m300[22m EUR transaction amount and system-generated Idempotency key[39m [90m# org.apache.fineract.test.stepdef.loan.LoanStepDef.createTransactionWithAutoIdempotencyKey(java.lang.String,java.lang.String,java.lang.String,double)[39m
  [32m✔[39m [32m[1mThen [22mLoan Repayment schedule has [1m3[22m periods, with the following data for periods:[39m                                                                                        [90m# org.apache.fineract.test.stepdef.loan.LoanStepDef.loanRepaymentSchedulePeriodsCheck(int,io.cucumber.datatable.DataTable)[39m
      | Nr | Days | Date             | Paid date | Balance of loan | Principal due | Interest | Fees  | Penalties | Due   | Paid  | In advance | Late | Outstanding |
      |    |      | 01 January 2023  |           | 1000.0          |               |          | 0.0   |           | 0.0   | 0.0   |            |      |             |
      | 1  | 31   | 01 February 2023 |           | 667.0           | 333.0         | 10.0     | 103.0 | 10.0      | 456.0 | 400.0 | 400.0      | 0.0  | 56.0        |
      | 2  | 28   | 01 March 2023    |           | 334.0           | 333.0         | 10.0     | 0.0   | 0.0       | 343.0 | 0.0   | 0.0        | 0.0  | 343.0       |
      | 3  | 31   | 01 April 2023    |           | 0.0             | 334.0         | 10.0     | 0.0   | 0.0       | 344.0 | 0.0   | 0.0        | 0.0  | 344.0       |
  [32m✔[39m [32m[1mThen [22mLoan Repayment schedule has the following data in Total row:[39m                                                                                                       [90m# org.apache.fineract.test.stepdef.loan.LoanStepDef.loanRepaymentScheduleAmountCheck(io.cucumber.datatable.DataTable)[39m
      | Principal due | Interest | Fees | Penalties | Due  | Paid | In advance | Late | Outstanding |
      | 1000          | 30       | 103  | 10        | 1143 | 400  | 400        | 0    | 743         |
  [32m✔[39m [32m[1mThen [22mLoan Transactions tab has a [1m"DISBURSEMENT"[22m transaction with date [1m"01 January 2023"[22m which has the following Journal entries:[39m                                        [90m# org.apache.fineract.test.stepdef.common.JournalEntriesStepDef.journalEntryDataCheck(java.lang.String,java.lang.String,io.cucumber.datatable.DataTable)[39m
      | Type      | Account code | Account name              | Debit  | Credit |
      | ASSET     | 112601       | Loans Receivable          | 1000.0 |        |
      | LIABILITY | 145023       | Suspense/Clearing account |        | 1000.0 |
  [32m✔[39m [32m[1mThen [22mLoan Transactions tab has a [1m"REPAYMENT"[22m transaction with date [1m"10 January 2023"[22m which has the following Journal entries:[39m                                           [90m# org.apache.fineract.test.stepdef.common.JournalEntriesStepDef.journalEntryDataCheck(java.lang.String,java.lang.String,io.cucumber.datatable.DataTable)[39m
      | Type      | Account code | Account name              | Debit | Credit |
      | ASSET     | 112603       | Interest/Fee Receivable   |       | 100.0  |
      | LIABILITY | 145023       | Suspense/Clearing account | 100.0 |        |
  [32m✔[39m [32m[1mThen [22mLoan Transactions tab has a [1m"GOODWILL_CREDIT"[22m transaction with date [1m"10 January 2023"[22m which has the following Journal entries:[39m                                     [90m# org.apache.fineract.test.stepdef.common.JournalEntriesStepDef.journalEntryDataCheck(java.lang.String,java.lang.String,io.cucumber.datatable.DataTable)[39m
      | Type    | Account code | Account name               | Debit | Credit |
      | ASSET   | 112601       | Loans Receivable           |       | 277.0  |
      | ASSET   | 112603       | Interest/Fee Receivable    |       | 23.0   |
      | EXPENSE | 744003       | Goodwill Expense Account   | 277.0 |        |
      | INCOME  | 404001       | Interest Income Charge Off | 10.0  |        |
      | INCOME  | 404008       | Fee Charge Off             | 13.0  |        |

@Repayment @TestRailId:C2626 @chargeoffOnLoanWithInterest
[1mScenario:[22m Verify that the accounting treatment is correct for Goodwill Credit transaction after Charge-off                                                                  [90m# fineract-e2e-tests-runner/src/test/resources/features/LoanRepayment-Part1.feature:861[39m
  [32m✔[39m [32m[1mWhen [22mAdmin sets the business date to [1m"1 January 2023"[22m[39m                                                                                                                   [90m# org.apache.fineract.test.stepdef.common.BusinessDateStepDef.setBusinessDate(java.lang.String)[39m
  [32m✔[39m [32m[1mAnd [22mAdmin creates a client with random data[39m                                                                                                                             [90m# org.apache.fineract.test.stepdef.common.ClientStepDef.createClientRandomFirstNameLastName()[39m
  [32m✔[39m [32m[1mWhen [22mAdmin creates a fully customized loan with the following data:[39m                                                                                                     [90m# org.apache.fineract.test.stepdef.loan.LoanStepDef.createFullyCustomizedLoan(io.cucumber.datatable.DataTable)[39m
      | LoanProduct       | submitted on date | with Principal | ANNUAL interest rate % | interest type | interest calculation period | amortization type  | loanTermFrequency | loanTermFrequencyType | repaymentEvery | repaymentFrequencyType | numberOfRepayments | graceOnPrincipalPayment | graceOnInterestPayment | interest free period | Payment strategy                        |
      | LP1_INTEREST_FLAT | 1 January 2023    | 1000           | 12                     | FLAT          | SAME_AS_REPAYMENT_PERIOD    | EQUAL_INSTALLMENTS | 3                 | MONTHS                | 1              | MONTHS                 | 3                  | 0                       | 0                      | 0                    | PENALTIES_FEES_INTEREST_PRINCIPAL_ORDER |
  [32m✔[39m [32m[1mAnd [22mAdmin successfully approves the loan on [1m"1 January 2023"[22m with [1m"1000"[22m amount and expected disbursement date on [1m"1 January 2023"[22m[39m                                      [90m# org.apache.fineract.test.stepdef.loan.LoanStepDef.approveLoan(java.lang.String,java.lang.String,java.lang.String)[39m
  [32m✔[39m [32m[1mAnd [22mAdmin successfully disburse the loan on [1m"1 January 2023"[22m with [1m"1000"[22m EUR transaction amount[39m                                                                         [90m# org.apache.fineract.test.stepdef.loan.LoanStepDef.disburseLoan(java.lang.String,java.lang.String)[39m
  [32m✔[39m [32m[1mAnd [22mAdmin adds an NSF fee because of payment bounce with [1m"1 January 2023"[22m transaction date[39m                                                                              [90m# org.apache.fineract.test.stepdef.loan.LoanChargeStepDef.addNSFfee(java.lang.String)[39m
  [32m✔[39m [32m[1mAnd [22mAdmin adds a [1m10[22m % Processing charge to the loan with [1m"en"[22m locale on date: [1m"1 January 2023"[22m[39m                                                                          [90m# org.apache.fineract.test.stepdef.loan.LoanChargeStepDef.addProcessingFee(double,java.lang.String,java.lang.String)[39m
  [32m✔[39m [32m[1mWhen [22mAdmin sets the business date to [1m"10 January 2023"[22m[39m                                                                                                                  [90m# org.apache.fineract.test.stepdef.common.BusinessDateStepDef.setBusinessDate(java.lang.String)[39m
  [32m✔[39m [32m[1mAnd [22mCustomer makes [1m"AUTOPAY"[22m repayment on [1m"10 January 2023"[22m with [1m100[22m EUR transaction amount[39m                                                                             [90m# org.apache.fineract.test.stepdef.loan.LoanRepaymentStepDef.makeLoanRepayment(java.lang.String,java.lang.String,double)[39m
  [32m✔[39m [32m[1mAnd [22mAdmin does charge-off the loan on [1m"10 January 2023"[22m[39m                                                                                                                 [90m# org.apache.fineract.test.stepdef.loan.LoanStepDef.chargeOffLoan(java.lang.String)[39m
  [32m✔[39m [32m[1mWhen [22mCustomer makes [1m"GOODWILL_CREDIT"[22m transaction with [1m"AUTOPAY"[22m payment type on [1m"10 January 2023"[22m with [1m300[22m EUR transaction amount and system-generated Idempotency key[39m [90m# org.apache.fineract.test.stepdef.loan.LoanStepDef.createTransactionWithAutoIdempotencyKey(java.lang.String,java.lang.String,java.lang.String,double)[39m
  [32m✔[39m [32m[1mThen [22mLoan Repayment schedule has [1m3[22m periods, with the following data for periods:[39m                                                                                        [90m# org.apache.fineract.test.stepdef.loan.LoanStepDef.loanRepaymentSchedulePeriodsCheck(int,io.cucumber.datatable.DataTable)[39m
      | Nr | Days | Date             | Paid date | Balance of loan | Principal due | Interest | Fees  | Penalties | Due   | Paid  | In advance | Late | Outstanding |
      |    |      | 01 January 2023  |           | 1000.0          |               |          | 0.0   |           | 0.0   | 0.0   |            |      |             |
      | 1  | 31   | 01 February 2023 |           | 667.0           | 333.0         | 10.0     | 103.0 | 10.0      | 456.0 | 400.0 | 400.0      | 0.0  | 56.0        |
      | 2  | 28   | 01 March 2023    |           | 334.0           | 333.0         | 10.0     | 0.0   | 0.0       | 343.0 | 0.0   | 0.0        | 0.0  | 343.0       |
      | 3  | 31   | 01 April 2023    |           | 0.0             | 334.0         | 10.0     | 0.0   | 0.0       | 344.0 | 0.0   | 0.0        | 0.0  | 344.0       |
  [32m✔[39m [32m[1mThen [22mLoan Repayment schedule has the following data in Total row:[39m                                                                                                       [90m# org.apache.fineract.test.stepdef.loan.LoanStepDef.loanRepaymentScheduleAmountCheck(io.cucumber.datatable.DataTable)[39m
      | Principal due | Interest | Fees | Penalties | Due  | Paid | In advance | Late | Outstanding |
      | 1000          | 30       | 103  | 10        | 1143 | 400  | 400        | 0    | 743         |
  [32m✔[39m [32m[1mThen [22mLoan Transactions tab has a [1m"DISBURSEMENT"[22m transaction with date [1m"01 January 2023"[22m which has the following Journal entries:[39m                                        [90m# org.apache.fineract.test.stepdef.common.JournalEntriesStepDef.journalEntryDataCheck(java.lang.String,java.lang.String,io.cucumber.datatable.DataTable)[39m
      | Type      | Account code | Account name              | Debit  | Credit |
      | ASSET     | 112601       | Loans Receivable          | 1000.0 |        |
      | LIABILITY | 145023       | Suspense/Clearing account |        | 1000.0 |
  [32m✔[39m [32m[1mThen [22mLoan Transactions tab has a [1m"REPAYMENT"[22m transaction with date [1m"10 January 2023"[22m which has the following Journal entries:[39m                                           [90m# org.apache.fineract.test.stepdef.common.JournalEntriesStepDef.journalEntryDataCheck(java.lang.String,java.lang.String,io.cucumber.datatable.DataTable)[39m
      | Type      | Account code | Account name              | Debit | Credit |
      | ASSET     | 112603       | Interest/Fee Receivable   |       | 100.0  |
      | LIABILITY | 145023       | Suspense/Clearing account | 100.0 |        |
  [32m✔[39m [32m[1mThen [22mLoan Transactions tab has a [1m"CHARGE_OFF"[22m transaction with date [1m"10 January 2023"[22m which has the following Journal entries:[39m                                          [90m# org.apache.fineract.test.stepdef.common.JournalEntriesStepDef.journalEntryDataCheck(java.lang.String,java.lang.String,io.cucumber.datatable.DataTable)[39m
      | Type    | Account code | Account name               | Debit  | Credit |
      | ASSET   | 112601       | Loans Receivable           |        | 1000.0 |
      | ASSET   | 112603       | Interest/Fee Receivable    |        | 43.0   |
      | EXPENSE | 744007       | Credit Loss/Bad Debt       | 1000.0 |        |
      | INCOME  | 404001       | Interest Income Charge Off | 30.0   |        |
      | INCOME  | 404008       | Fee Charge Off             | 13.0   |        |
  [32m✔[39m [32m[1mThen [22mLoan Transactions tab has a [1m"GOODWILL_CREDIT"[22m transaction with date [1m"10 January 2023"[22m which has the following Journal entries:[39m                                     [90m# org.apache.fineract.test.stepdef.common.JournalEntriesStepDef.journalEntryDataCheck(java.lang.String,java.lang.String,io.cucumber.datatable.DataTable)[39m
      | Type    | Account code | Account name               | Debit | Credit |
      | INCOME  | 744008       | Recoveries                 |       | 300.0  |
      | EXPENSE | 744003       | Goodwill Expense Account   | 277.0 |        |
      | INCOME  | 404001       | Interest Income Charge Off | 10.0  |        |
      | INCOME  | 404008       | Fee Charge Off             | 13.0  |        |

@Repayment @TestRailId:C2627
[1mScenario:[22m Verify that the accounting treatment is correct for Goodwill Credit transaction when undo happened                                                                [90m# fineract-e2e-tests-runner/src/test/resources/features/LoanRepayment-Part1.feature:907[39m
  [32m✔[39m [32m[1mWhen [22mAdmin sets the business date to [1m"1 January 2023"[22m[39m                                                                                                                   [90m# org.apache.fineract.test.stepdef.common.BusinessDateStepDef.setBusinessDate(java.lang.String)[39m
  [32m✔[39m [32m[1mAnd [22mAdmin creates a client with random data[39m                                                                                                                             [90m# org.apache.fineract.test.stepdef.common.ClientStepDef.createClientRandomFirstNameLastName()[39m
  [32m✔[39m [32m[1mWhen [22mAdmin creates a fully customized loan with the following data:[39m                                                                                                     [90m# org.apache.fineract.test.stepdef.loan.LoanStepDef.createFullyCustomizedLoan(io.cucumber.datatable.DataTable)[39m
      | LoanProduct       | submitted on date | with Principal | ANNUAL interest rate % | interest type | interest calculation period | amortization type  | loanTermFrequency | loanTermFrequencyType | repaymentEvery | repaymentFrequencyType | numberOfRepayments | graceOnPrincipalPayment | graceOnInterestPayment | interest free period | Payment strategy                        |
      | LP1_INTEREST_FLAT | 1 January 2023    | 1000           | 12                     | FLAT          | SAME_AS_REPAYMENT_PERIOD    | EQUAL_INSTALLMENTS | 3                 | MONTHS                | 1              | MONTHS                 | 3                  | 0                       | 0                      | 0                    | PENALTIES_FEES_INTEREST_PRINCIPAL_ORDER |
  [32m✔[39m [32m[1mAnd [22mAdmin successfully approves the loan on [1m"1 January 2023"[22m with [1m"1000"[22m amount and expected disbursement date on [1m"1 January 2023"[22m[39m                                      [90m# org.apache.fineract.test.stepdef.loan.LoanStepDef.approveLoan(java.lang.String,java.lang.String,java.lang.String)[39m
  [32m✔[39m [32m[1mAnd [22mAdmin successfully disburse the loan on [1m"1 January 2023"[22m with [1m"1000"[22m EUR transaction amount[39m                                                                         [90m# org.apache.fineract.test.stepdef.loan.LoanStepDef.disburseLoan(java.lang.String,java.lang.String)[39m
  [32m✔[39m [32m[1mAnd [22mAdmin adds an NSF fee because of payment bounce with [1m"1 January 2023"[22m transaction date[39m                                                                              [90m# org.apache.fineract.test.stepdef.loan.LoanChargeStepDef.addNSFfee(java.lang.String)[39m
  [32m✔[39m [32m[1mAnd [22mAdmin adds a [1m10[22m % Processing charge to the loan with [1m"en"[22m locale on date: [1m"1 January 2023"[22m[39m                                                                          [90m# org.apache.fineract.test.stepdef.loan.LoanChargeStepDef.addProcessingFee(double,java.lang.String,java.lang.String)[39m
  [32m✔[39m [32m[1mWhen [22mAdmin sets the business date to [1m"10 January 2023"[22m[39m                                                                                                                  [90m# org.apache.fineract.test.stepdef.common.BusinessDateStepDef.setBusinessDate(java.lang.String)[39m
  [32m✔[39m [32m[1mAnd [22mCustomer makes [1m"AUTOPAY"[22m repayment on [1m"10 January 2023"[22m with [1m100[22m EUR transaction amount[39m                                                                             [90m# org.apache.fineract.test.stepdef.loan.LoanRepaymentStepDef.makeLoanRepayment(java.lang.String,java.lang.String,double)[39m
  [32m✔[39m [32m[1mWhen [22mCustomer makes [1m"GOODWILL_CREDIT"[22m transaction with [1m"AUTOPAY"[22m payment type on [1m"10 January 2023"[22m with [1m300[22m EUR transaction amount and system-generated Idempotency key[39m [90m# org.apache.fineract.test.stepdef.loan.LoanStepDef.createTransactionWithAutoIdempotencyKey(java.lang.String,java.lang.String,java.lang.String,double)[39m
  [32m✔[39m [32m[1mWhen [22mCustomer undo [1m"2"[22mth transaction made on [1m"10 January 2023"[22m[39m                                                                                                          [90m# org.apache.fineract.test.stepdef.loan.LoanRepaymentStepDef.undoNthTransaction(java.lang.String,java.lang.String)[39m
  [32m✔[39m [32m[1mThen [22mLoan Repayment schedule has [1m3[22m periods, with the following data for periods:[39m                                                                                        [90m# org.apache.fineract.test.stepdef.loan.LoanStepDef.loanRepaymentSchedulePeriodsCheck(int,io.cucumber.datatable.DataTable)[39m
      | Nr | Days | Date             | Paid date | Balance of loan | Principal due | Interest | Fees  | Penalties | Due   | Paid  | In advance | Late | Outstanding |
      |    |      | 01 January 2023  |           | 1000.0          |               |          | 0.0   |           | 0.0   | 0.0   |            |      |             |
      | 1  | 31   | 01 February 2023 |           | 667.0           | 333.0         | 10.0     | 103.0 | 10.0      | 456.0 | 100.0 | 100.0      | 0.0  | 356.0       |
      | 2  | 28   | 01 March 2023    |           | 334.0           | 333.0         | 10.0     | 0.0   | 0.0       | 343.0 | 0.0   | 0.0        | 0.0  | 343.0       |
      | 3  | 31   | 01 April 2023    |           | 0.0             | 334.0         | 10.0     | 0.0   | 0.0       | 344.0 | 0.0   | 0.0        | 0.0  | 344.0       |
  [32m✔[39m [32m[1mThen [22mLoan Repayment schedule has the following data in Total row:[39m                                                                                                       [90m# org.apache.fineract.test.stepdef.loan.LoanStepDef.loanRepaymentScheduleAmountCheck(io.cucumber.datatable.DataTable)[39m
      | Principal due | Interest | Fees | Penalties | Due  | Paid | In advance | Late | Outstanding |
      | 1000          | 30       | 103  | 10        | 1143 | 100  | 100        | 0    | 1043        |
  [32m✔[39m [32m[1mThen [22mLoan Transactions tab has a [1m"DISBURSEMENT"[22m transaction with date [1m"01 January 2023"[22m which has the following Journal entries:[39m                                        [90m# org.apache.fineract.test.stepdef.common.JournalEntriesStepDef.journalEntryDataCheck(java.lang.String,java.lang.String,io.cucumber.datatable.DataTable)[39m
      | Type      | Account code | Account name              | Debit  | Credit |
      | ASSET     | 112601       | Loans Receivable          | 1000.0 |        |
      | LIABILITY | 145023       | Suspense/Clearing account |        | 1000.0 |
  [32m✔[39m [32m[1mThen [22mLoan Transactions tab has a [1m"REPAYMENT"[22m transaction with date [1m"10 January 2023"[22m which has the following Journal entries:[39m                                           [90m# org.apache.fineract.test.stepdef.common.JournalEntriesStepDef.journalEntryDataCheck(java.lang.String,java.lang.String,io.cucumber.datatable.DataTable)[39m
      | Type      | Account code | Account name              | Debit | Credit |
      | ASSET     | 112603       | Interest/Fee Receivable   |       | 100.0  |
      | LIABILITY | 145023       | Suspense/Clearing account | 100.0 |        |
  [32m✔[39m [32m[1mThen [22mLoan Transactions tab has a [1m"GOODWILL_CREDIT"[22m transaction with date [1m"10 January 2023"[22m which has the following Journal entries:[39m                                     [90m# org.apache.fineract.test.stepdef.common.JournalEntriesStepDef.journalEntryDataCheck(java.lang.String,java.lang.String,io.cucumber.datatable.DataTable)[39m
      | Type    | Account code | Account name               | Debit | Credit |
      | ASSET   | 112601       | Loans Receivable           |       | 277.0  |
      | ASSET   | 112603       | Interest/Fee Receivable    |       | 23.0   |
      | EXPENSE | 744003       | Goodwill Expense Account   | 277.0 |        |
      | INCOME  | 404001       | Interest Income Charge Off | 10.0  |        |
      | INCOME  | 404008       | Fee Charge Off             | 13.0  |        |
      | ASSET   | 112601       | Loans Receivable           | 277.0 |        |
      | ASSET   | 112603       | Interest/Fee Receivable    | 23.0  |        |
      | EXPENSE | 744003       | Goodwill Expense Account   |       | 277.0  |
      | INCOME  | 404001       | Interest Income Charge Off |       | 10.0   |
      | INCOME  | 404008       | Fee Charge Off             |       | 13.0   |

@Repayment @TestRailId:C2628 @chargeoffOnLoanWithInterest
[1mScenario:[22m Verify that the accounting treatment is correct for Goodwill Credit transaction when the loan was Charged-off and undo happened for Goodwill                      [90m# fineract-e2e-tests-runner/src/test/resources/features/LoanRepayment-Part1.feature:952[39m
  [32m✔[39m [32m[1mWhen [22mAdmin sets the business date to [1m"1 January 2023"[22m[39m                                                                                                                   [90m# org.apache.fineract.test.stepdef.common.BusinessDateStepDef.setBusinessDate(java.lang.String)[39m
  [32m✔[39m [32m[1mAnd [22mAdmin creates a client with random data[39m                                                                                                                             [90m# org.apache.fineract.test.stepdef.common.ClientStepDef.createClientRandomFirstNameLastName()[39m
  [32m✔[39m [32m[1mWhen [22mAdmin creates a fully customized loan with the following data:[39m                                                                                                     [90m# org.apache.fineract.test.stepdef.loan.LoanStepDef.createFullyCustomizedLoan(io.cucumber.datatable.DataTable)[39m
      | LoanProduct       | submitted on date | with Principal | ANNUAL interest rate % | interest type | interest calculation period | amortization type  | loanTermFrequency | loanTermFrequencyType | repaymentEvery | repaymentFrequencyType | numberOfRepayments | graceOnPrincipalPayment | graceOnInterestPayment | interest free period | Payment strategy                        |
      | LP1_INTEREST_FLAT | 1 January 2023    | 1000           | 12                     | FLAT          | SAME_AS_REPAYMENT_PERIOD    | EQUAL_INSTALLMENTS | 3                 | MONTHS                | 1              | MONTHS                 | 3                  | 0                       | 0                      | 0                    | PENALTIES_FEES_INTEREST_PRINCIPAL_ORDER |
  [32m✔[39m [32m[1mAnd [22mAdmin successfully approves the loan on [1m"1 January 2023"[22m with [1m"1000"[22m amount and expected disbursement date on [1m"1 January 2023"[22m[39m                                      [90m# org.apache.fineract.test.stepdef.loan.LoanStepDef.approveLoan(java.lang.String,java.lang.String,java.lang.String)[39m
  [32m✔[39m [32m[1mAnd [22mAdmin successfully disburse the loan on [1m"1 January 2023"[22m with [1m"1000"[22m EUR transaction amount[39m                                                                         [90m# org.apache.fineract.test.stepdef.loan.LoanStepDef.disburseLoan(java.lang.String,java.lang.String)[39m
  [32m✔[39m [32m[1mAnd [22mAdmin adds an NSF fee because of payment bounce with [1m"1 January 2023"[22m transaction date[39m                                                                              [90m# org.apache.fineract.test.stepdef.loan.LoanChargeStepDef.addNSFfee(java.lang.String)[39m
  [32m✔[39m [32m[1mAnd [22mAdmin adds a [1m10[22m % Processing charge to the loan with [1m"en"[22m locale on date: [1m"1 January 2023"[22m[39m                                                                          [90m# org.apache.fineract.test.stepdef.loan.LoanChargeStepDef.addProcessingFee(double,java.lang.String,java.lang.String)[39m
  [32m✔[39m [32m[1mWhen [22mAdmin sets the business date to [1m"10 January 2023"[22m[39m                                                                                                                  [90m# org.apache.fineract.test.stepdef.common.BusinessDateStepDef.setBusinessDate(java.lang.String)[39m
  [32m✔[39m [32m[1mAnd [22mCustomer makes [1m"AUTOPAY"[22m repayment on [1m"10 January 2023"[22m with [1m100[22m EUR transaction amount[39m                                                                             [90m# org.apache.fineract.test.stepdef.loan.LoanRepaymentStepDef.makeLoanRepayment(java.lang.String,java.lang.String,double)[39m
  [32m✔[39m [32m[1mAnd [22mAdmin does charge-off the loan on [1m"10 January 2023"[22m[39m                                                                                                                 [90m# org.apache.fineract.test.stepdef.loan.LoanStepDef.chargeOffLoan(java.lang.String)[39m
  [32m✔[39m [32m[1mWhen [22mAdmin sets the business date to [1m"11 January 2023"[22m[39m                                                                                                                  [90m# org.apache.fineract.test.stepdef.common.BusinessDateStepDef.setBusinessDate(java.lang.String)[39m
  [32m✔[39m [32m[1mWhen [22mCustomer makes [1m"GOODWILL_CREDIT"[22m transaction with [1m"AUTOPAY"[22m payment type on [1m"11 January 2023"[22m with [1m300[22m EUR transaction amount and system-generated Idempotency key[39m [90m# org.apache.fineract.test.stepdef.loan.LoanStepDef.createTransactionWithAutoIdempotencyKey(java.lang.String,java.lang.String,java.lang.String,double)[39m
  [32m✔[39m [32m[1mWhen [22mCustomer undo [1m"1"[22mth transaction made on [1m"11 January 2023"[22m[39m                                                                                                          [90m# org.apache.fineract.test.stepdef.loan.LoanRepaymentStepDef.undoNthTransaction(java.lang.String,java.lang.String)[39m
  [32m✔[39m [32m[1mThen [22mLoan Repayment schedule has [1m3[22m periods, with the following data for periods:[39m                                                                                        [90m# org.apache.fineract.test.stepdef.loan.LoanStepDef.loanRepaymentSchedulePeriodsCheck(int,io.cucumber.datatable.DataTable)[39m
      | Nr | Days | Date             | Paid date | Balance of loan | Principal due | Interest | Fees  | Penalties | Due   | Paid  | In advance | Late | Outstanding |
      |    |      | 01 January 2023  |           | 1000.0          |               |          | 0.0   |           | 0.0   | 0.0   |            |      |             |
      | 1  | 31   | 01 February 2023 |           | 667.0           | 333.0         | 10.0     | 103.0 | 10.0      | 456.0 | 100.0 | 100.0      | 0.0  | 356.0       |
      | 2  | 28   | 01 March 2023    |           | 334.0           | 333.0         | 10.0     | 0.0   | 0.0       | 343.0 | 0.0   | 0.0        | 0.0  | 343.0       |
      | 3  | 31   | 01 April 2023    |           | 0.0             | 334.0         | 10.0     | 0.0   | 0.0       | 344.0 | 0.0   | 0.0        | 0.0  | 344.0       |
  [32m✔[39m [32m[1mThen [22mLoan Repayment schedule has the following data in Total row:[39m                                                                                                       [90m# org.apache.fineract.test.stepdef.loan.LoanStepDef.loanRepaymentScheduleAmountCheck(io.cucumber.datatable.DataTable)[39m
      | Principal due | Interest | Fees | Penalties | Due  | Paid | In advance | Late | Outstanding |
      | 1000          | 30       | 103  | 10        | 1143 | 100  | 100        | 0    | 1043        |
  [32m✔[39m [32m[1mThen [22mLoan Transactions tab has a [1m"DISBURSEMENT"[22m transaction with date [1m"01 January 2023"[22m which has the following Journal entries:[39m                                        [90m# org.apache.fineract.test.stepdef.common.JournalEntriesStepDef.journalEntryDataCheck(java.lang.String,java.lang.String,io.cucumber.datatable.DataTable)[39m
      | Type      | Account code | Account name              | Debit  | Credit |
      | ASSET     | 112601       | Loans Receivable          | 1000.0 |        |
      | LIABILITY | 145023       | Suspense/Clearing account |        | 1000.0 |
  [32m✔[39m [32m[1mThen [22mLoan Transactions tab has a [1m"REPAYMENT"[22m transaction with date [1m"10 January 2023"[22m which has the following Journal entries:[39m                                           [90m# org.apache.fineract.test.stepdef.common.JournalEntriesStepDef.journalEntryDataCheck(java.lang.String,java.lang.String,io.cucumber.datatable.DataTable)[39m
      | Type      | Account code | Account name              | Debit | Credit |
      | ASSET     | 112603       | Interest/Fee Receivable   |       | 100.0  |
      | LIABILITY | 145023       | Suspense/Clearing account | 100.0 |        |
  [32m✔[39m [32m[1mThen [22mLoan Transactions tab has a [1m"CHARGE_OFF"[22m transaction with date [1m"10 January 2023"[22m which has the following Journal entries:[39m                                          [90m# org.apache.fineract.test.stepdef.common.JournalEntriesStepDef.journalEntryDataCheck(java.lang.String,java.lang.String,io.cucumber.datatable.DataTable)[39m
      | Type    | Account code | Account name               | Debit  | Credit |
      | ASSET   | 112601       | Loans Receivable           |        | 1000.0 |
      | ASSET   | 112603       | Interest/Fee Receivable    |        | 43.0   |
      | EXPENSE | 744007       | Credit Loss/Bad Debt       | 1000.0 |        |
      | INCOME  | 404001       | Interest Income Charge Off | 30.0   |        |
      | INCOME  | 404008       | Fee Charge Off             | 13.0   |        |
  [32m✔[39m [32m[1mThen [22mLoan Transactions tab has a [1m"GOODWILL_CREDIT"[22m transaction with date [1m"11 January 2023"[22m which has the following Journal entries:[39m                                     [90m# org.apache.fineract.test.stepdef.common.JournalEntriesStepDef.journalEntryDataCheck(java.lang.String,java.lang.String,io.cucumber.datatable.DataTable)[39m
      | Type    | Account code | Account name               | Debit | Credit |
      | INCOME  | 744008       | Recoveries                 |       | 300.0  |
      | EXPENSE | 744003       | Goodwill Expense Account   | 277.0 |        |
      | INCOME  | 404001       | Interest Income Charge Off | 10.0  |        |
      | INCOME  | 404008       | Fee Charge Off             | 13.0  |        |
      | INCOME  | 744008       | Recoveries                 | 300.0 |        |
      | EXPENSE | 744003       | Goodwill Expense Account   |       | 277.0  |
      | INCOME  | 404001       | Interest Income Charge Off |       | 10.0   |
      | INCOME  | 404008       | Fee Charge Off             |       | 13.0   |

@Repayment @TestRailId:C2629
[1mScenario:[22m RP11 - Repayment Schedule with interest type: Declining Balance - Prepayment - Reduce number of installments                     [90m# fineract-e2e-tests-runner/src/test/resources/features/LoanRepayment-Part1.feature:1004[39m
  [32m✔[39m [32m[1mWhen [22mAdmin sets the business date to [1m"01 November 2022"[22m[39m                                                                                [90m# org.apache.fineract.test.stepdef.common.BusinessDateStepDef.setBusinessDate(java.lang.String)[39m
  [32m✔[39m [32m[1mWhen [22mAdmin creates a client with random data[39m                                                                                           [90m# org.apache.fineract.test.stepdef.common.ClientStepDef.createClientRandomFirstNameLastName()[39m
  [32m✔[39m [32m[1mWhen [22mAdmin creates a fully customized loan with the following data:[39m                                                                    [90m# org.apache.fineract.test.stepdef.loan.LoanStepDef.createFullyCustomizedLoan(io.cucumber.datatable.DataTable)[39m
      | LoanProduct                                                                                   | submitted on date | with Principal | ANNUAL interest rate % | interest type     | interest calculation period | amortization type  | loanTermFrequency | loanTermFrequencyType | repaymentEvery | repaymentFrequencyType | numberOfRepayments | graceOnPrincipalPayment | graceOnInterestPayment | interest free period | Payment strategy                        |
      | LP1_INTEREST_DECLINING_BALANCE_DAILY_RECALCULATION_COMPOUNDING_NONE_RESCHEDULE_REDUCE_NR_INST | 01 November 2022  | 5000           | 12                     | DECLINING_BALANCE | DAILY                       | EQUAL_INSTALLMENTS | 6                 | MONTHS                | 1              | MONTHS                 | 6                  | 0                       | 0                      | 0                    | PENALTIES_FEES_INTEREST_PRINCIPAL_ORDER |
  [32m✔[39m [32m[1mAnd [22mAdmin successfully approves the loan on [1m"01 November 2022"[22m with [1m"5000"[22m amount and expected disbursement date on [1m"01 November 2023"[22m[39m [90m# org.apache.fineract.test.stepdef.loan.LoanStepDef.approveLoan(java.lang.String,java.lang.String,java.lang.String)[39m
  [32m✔[39m [32m[1mWhen [22mAdmin successfully disburse the loan on [1m"01 November 2022"[22m with [1m"5000"[22m EUR transaction amount[39m                                     [90m# org.apache.fineract.test.stepdef.loan.LoanStepDef.disburseLoan(java.lang.String,java.lang.String)[39m
  [32m✔[39m [32m[1mWhen [22mAdmin sets the business date to [1m"01 December 2022"[22m[39m                                                                                [90m# org.apache.fineract.test.stepdef.common.BusinessDateStepDef.setBusinessDate(java.lang.String)[39m
  [32m✔[39m [32m[1mAnd [22mCustomer makes [1m"AUTOPAY"[22m repayment on [1m"01 December 2022"[22m with [1m1000[22m EUR transaction amount[39m                                          [90m# org.apache.fineract.test.stepdef.loan.LoanRepaymentStepDef.makeLoanRepayment(java.lang.String,java.lang.String,double)[39m
  [32m✔[39m [32m[1mWhen [22mAdmin sets the business date to [1m"01 January 2023"[22m[39m                                                                                 [90m# org.apache.fineract.test.stepdef.common.BusinessDateStepDef.setBusinessDate(java.lang.String)[39m
  [32m✔[39m [32m[1mAnd [22mCustomer makes [1m"AUTOPAY"[22m repayment on [1m"01 January 2023"[22m with [1m2000[22m EUR transaction amount[39m                                           [90m# org.apache.fineract.test.stepdef.loan.LoanRepaymentStepDef.makeLoanRepayment(java.lang.String,java.lang.String,double)[39m
  [32m✔[39m [32m[1mThen [22mLoan Repayment schedule has [1m5[22m periods, with the following data for periods:[39m                                                       [90m# org.apache.fineract.test.stepdef.loan.LoanStepDef.loanRepaymentSchedulePeriodsCheck(int,io.cucumber.datatable.DataTable)[39m
      | Nr | Days | Date             | Paid date        | Balance of loan | Principal due | Interest | Fees | Penalties | Due    | Paid   | In advance | Late | Outstanding |
      |    |      | 01 November 2022 |                  | 5000.0          |               |          | 0.0  |           | 0.0    | 0.0    |            |      |             |
      | 1  | 30   | 01 December 2022 | 01 December 2022 | 4049.32         | 950.68        | 49.32    | 0.0  | 0.0       | 1000.0 | 1000.0 | 0.0        | 0.0  | 0.0         |
      | 2  | 31   | 01 January 2023  | 01 January 2023  | 2090.59         | 1958.73       | 41.27    | 0.0  | 0.0       | 2000.0 | 2000.0 | 0.0        | 0.0  | 0.0         |
      | 3  | 31   | 01 February 2023 |                  | 1249.9          | 840.69        | 21.31    | 0.0  | 0.0       | 862.0  | 0.0    | 0.0        | 0.0  | 862.0       |
      | 4  | 28   | 01 March 2023    |                  | 399.41          | 850.49        | 11.51    | 0.0  | 0.0       | 862.0  | 0.0    | 0.0        | 0.0  | 862.0       |
      | 5  | 31   | 01 April 2023    |                  | 0.0             | 399.41        | 4.07     | 0.0  | 0.0       | 403.48 | 0.0    | 0.0        | 0.0  | 403.48      |
  [32m✔[39m [32m[1mThen [22mLoan Repayment schedule has the following data in Total row:[39m                                                                      [90m# org.apache.fineract.test.stepdef.loan.LoanStepDef.loanRepaymentScheduleAmountCheck(io.cucumber.datatable.DataTable)[39m
      | Principal due | Interest | Fees | Penalties | Due     | Paid   | In advance | Late | Outstanding |
      | 5000.0        | 127.48   | 0.0  | 0.0       | 5127.48 | 3000.0 | 0.0        | 0.0  | 2127.48     |

@Repayment @TestRailId:C2630
[1mScenario:[22m RP12 - Repayment Schedule with interest type: Declining Balance - Prepayment - Reduce Installment amount                         [90m# fineract-e2e-tests-runner/src/test/resources/features/LoanRepayment-Part1.feature:1029[39m
  [32m✔[39m [32m[1mWhen [22mAdmin sets the business date to [1m"01 November 2022"[22m[39m                                                                                [90m# org.apache.fineract.test.stepdef.common.BusinessDateStepDef.setBusinessDate(java.lang.String)[39m
  [32m✔[39m [32m[1mWhen [22mAdmin creates a client with random data[39m                                                                                           [90m# org.apache.fineract.test.stepdef.common.ClientStepDef.createClientRandomFirstNameLastName()[39m
  [32m✔[39m [32m[1mWhen [22mAdmin creates a fully customized loan with the following data:[39m                                                                    [90m# org.apache.fineract.test.stepdef.loan.LoanStepDef.createFullyCustomizedLoan(io.cucumber.datatable.DataTable)[39m
      | LoanProduct                                                         | submitted on date | with Principal | ANNUAL interest rate % | interest type     | interest calculation period | amortization type  | loanTermFrequency | loanTermFrequencyType | repaymentEvery | repaymentFrequencyType | numberOfRepayments | graceOnPrincipalPayment | graceOnInterestPayment | interest free period | Payment strategy                        |
      | LP1_INTEREST_DECLINING_BALANCE_DAILY_RECALCULATION_COMPOUNDING_NONE | 01 November 2022  | 5000           | 12                     | DECLINING_BALANCE | DAILY                       | EQUAL_INSTALLMENTS | 6                 | MONTHS                | 1              | MONTHS                 | 6                  | 0                       | 0                      | 0                    | PENALTIES_FEES_INTEREST_PRINCIPAL_ORDER |
  [32m✔[39m [32m[1mAnd [22mAdmin successfully approves the loan on [1m"01 November 2022"[22m with [1m"5000"[22m amount and expected disbursement date on [1m"01 November 2023"[22m[39m [90m# org.apache.fineract.test.stepdef.loan.LoanStepDef.approveLoan(java.lang.String,java.lang.String,java.lang.String)[39m
  [32m✔[39m [32m[1mWhen [22mAdmin successfully disburse the loan on [1m"01 November 2022"[22m with [1m"5000"[22m EUR transaction amount[39m                                     [90m# org.apache.fineract.test.stepdef.loan.LoanStepDef.disburseLoan(java.lang.String,java.lang.String)[39m
  [32m✔[39m [32m[1mWhen [22mAdmin sets the business date to [1m"01 December 2022"[22m[39m                                                                                [90m# org.apache.fineract.test.stepdef.common.BusinessDateStepDef.setBusinessDate(java.lang.String)[39m
  [32m✔[39m [32m[1mAnd [22mCustomer makes [1m"AUTOPAY"[22m repayment on [1m"01 December 2022"[22m with [1m1000[22m EUR transaction amount[39m                                          [90m# org.apache.fineract.test.stepdef.loan.LoanRepaymentStepDef.makeLoanRepayment(java.lang.String,java.lang.String,double)[39m
  [32m✔[39m [32m[1mWhen [22mAdmin sets the business date to [1m"01 January 2023"[22m[39m                                                                                 [90m# org.apache.fineract.test.stepdef.common.BusinessDateStepDef.setBusinessDate(java.lang.String)[39m
  [32m✔[39m [32m[1mAnd [22mCustomer makes [1m"AUTOPAY"[22m repayment on [1m"01 January 2023"[22m with [1m2000[22m EUR transaction amount[39m                                           [90m# org.apache.fineract.test.stepdef.loan.LoanRepaymentStepDef.makeLoanRepayment(java.lang.String,java.lang.String,double)[39m
  [32m✔[39m [32m[1mThen [22mLoan Repayment schedule has [1m6[22m periods, with the following data for periods:[39m                                                       [90m# org.apache.fineract.test.stepdef.loan.LoanStepDef.loanRepaymentSchedulePeriodsCheck(int,io.cucumber.datatable.DataTable)[39m
      | Nr | Days | Date             | Paid date        | Balance of loan | Principal due | Interest | Fees | Penalties | Due    | Paid   | In advance | Late | Outstanding |
      |    |      | 01 November 2022 |                  | 5000.0          |               |          | 0.0  |           | 0.0    | 0.0    |            |      |             |
      | 1  | 30   | 01 December 2022 | 01 December 2022 | 4049.32         | 950.68        | 49.32    | 0.0  | 0.0       | 1000.0 | 1000.0 | 0.0        | 0.0  | 0.0         |
      | 2  | 31   | 01 January 2023  | 01 January 2023  | 2090.59         | 1958.73       | 41.27    | 0.0  | 0.0       | 2000.0 | 2000.0 | 0.0        | 0.0  | 0.0         |
      | 3  | 31   | 01 February 2023 |                  | 1575.9          | 514.69        | 21.31    | 0.0  | 0.0       | 536.0  | 0.0    | 0.0        | 0.0  | 536.0       |
      | 4  | 28   | 01 March 2023    |                  | 1054.41         | 521.49        | 14.51    | 0.0  | 0.0       | 536.0  | 0.0    | 0.0        | 0.0  | 536.0       |
      | 5  | 31   | 01 April 2023    |                  | 529.16          | 525.25        | 10.75    | 0.0  | 0.0       | 536.0  | 0.0    | 0.0        | 0.0  | 536.0       |
      | 6  | 30   | 01 May 2023      |                  | 0.0             | 529.16        | 5.22     | 0.0  | 0.0       | 534.38 | 0.0    | 0.0        | 0.0  | 534.38      |
  [32m✔[39m [32m[1mThen [22mLoan Repayment schedule has the following data in Total row:[39m                                                                      [90m# org.apache.fineract.test.stepdef.loan.LoanStepDef.loanRepaymentScheduleAmountCheck(io.cucumber.datatable.DataTable)[39m
      | Principal due | Interest | Fees | Penalties | Due     | Paid   | In advance | Late | Outstanding |
      | 5000.0        | 142.38   | 0.0  | 0.0       | 5142.38 | 3000.0 | 0.0        | 0.0  | 2142.38     |

@Repayment @TestRailId:C2631
[1mScenario:[22m RP13 - Repayment Schedule with interest type: Declining Balance - Prepayment - Reschedule next repayments                        [90m# fineract-e2e-tests-runner/src/test/resources/features/LoanRepayment-Part1.feature:1055[39m
  [32m✔[39m [32m[1mWhen [22mAdmin sets the business date to [1m"01 November 2022"[22m[39m                                                                                [90m# org.apache.fineract.test.stepdef.common.BusinessDateStepDef.setBusinessDate(java.lang.String)[39m
  [32m✔[39m [32m[1mWhen [22mAdmin creates a client with random data[39m                                                                                           [90m# org.apache.fineract.test.stepdef.common.ClientStepDef.createClientRandomFirstNameLastName()[39m
  [32m✔[39m [32m[1mWhen [22mAdmin creates a fully customized loan with the following data:[39m                                                                    [90m# org.apache.fineract.test.stepdef.loan.LoanStepDef.createFullyCustomizedLoan(io.cucumber.datatable.DataTable)[39m
      | LoanProduct                                                                                   | submitted on date | with Principal | ANNUAL interest rate % | interest type     | interest calculation period | amortization type  | loanTermFrequency | loanTermFrequencyType | repaymentEvery | repaymentFrequencyType | numberOfRepayments | graceOnPrincipalPayment | graceOnInterestPayment | interest free period | Payment strategy                        |
      | LP1_INTEREST_DECLINING_BALANCE_DAILY_RECALCULATION_COMPOUNDING_NONE_RESCHEDULE_RESCH_NEXT_REP | 01 November 2022  | 5000           | 12                     | DECLINING_BALANCE | DAILY                       | EQUAL_INSTALLMENTS | 6                 | MONTHS                | 1              | MONTHS                 | 6                  | 0                       | 0                      | 0                    | PENALTIES_FEES_INTEREST_PRINCIPAL_ORDER |
  [32m✔[39m [32m[1mAnd [22mAdmin successfully approves the loan on [1m"01 November 2022"[22m with [1m"5000"[22m amount and expected disbursement date on [1m"01 November 2023"[22m[39m [90m# org.apache.fineract.test.stepdef.loan.LoanStepDef.approveLoan(java.lang.String,java.lang.String,java.lang.String)[39m
  [32m✔[39m [32m[1mWhen [22mAdmin successfully disburse the loan on [1m"01 November 2022"[22m with [1m"5000"[22m EUR transaction amount[39m                                     [90m# org.apache.fineract.test.stepdef.loan.LoanStepDef.disburseLoan(java.lang.String,java.lang.String)[39m
  [32m✔[39m [32m[1mWhen [22mAdmin sets the business date to [1m"01 December 2022"[22m[39m                                                                                [90m# org.apache.fineract.test.stepdef.common.BusinessDateStepDef.setBusinessDate(java.lang.String)[39m
  [32m✔[39m [32m[1mAnd [22mCustomer makes [1m"AUTOPAY"[22m repayment on [1m"01 December 2022"[22m with [1m1000[22m EUR transaction amount[39m                                          [90m# org.apache.fineract.test.stepdef.loan.LoanRepaymentStepDef.makeLoanRepayment(java.lang.String,java.lang.String,double)[39m
  [32m✔[39m [32m[1mWhen [22mAdmin sets the business date to [1m"01 January 2023"[22m[39m                                                                                 [90m# org.apache.fineract.test.stepdef.common.BusinessDateStepDef.setBusinessDate(java.lang.String)[39m
  [32m✔[39m [32m[1mAnd [22mCustomer makes [1m"AUTOPAY"[22m repayment on [1m"01 January 2023"[22m with [1m2000[22m EUR transaction amount[39m                                           [90m# org.apache.fineract.test.stepdef.loan.LoanRepaymentStepDef.makeLoanRepayment(java.lang.String,java.lang.String,double)[39m
  [32m✔[39m [32m[1mThen [22mLoan Repayment schedule has [1m6[22m periods, with the following data for periods:[39m                                                       [90m# org.apache.fineract.test.stepdef.loan.LoanStepDef.loanRepaymentSchedulePeriodsCheck(int,io.cucumber.datatable.DataTable)[39m
      | Nr | Days | Date             | Paid date        | Balance of loan | Principal due | Interest | Fees | Penalties | Due    | Paid   | In advance | Late | Outstanding |
      |    |      | 01 November 2022 |                  | 5000.0          |               |          | 0.0  |           | 0.0    | 0.0    |            |      |             |
      | 1  | 30   | 01 December 2022 | 01 December 2022 | 4049.32         | 950.68        | 49.32    | 0.0  | 0.0       | 1000.0 | 1000.0 | 0.0        | 0.0  | 0.0         |
      | 2  | 31   | 01 January 2023  | 01 January 2023  | 2090.59         | 1958.73       | 41.27    | 0.0  | 0.0       | 2000.0 | 2000.0 | 0.0        | 0.0  | 0.0         |
      | 3  | 31   | 01 February 2023 |                  | 2090.59         | 0.0           | 21.31    | 0.0  | 0.0       | 21.31  | 0.0    | 0.0        | 0.0  | 21.31       |
      | 4  | 28   | 01 March 2023    |                  | 1683.14         | 407.45        | 19.24    | 0.0  | 0.0       | 426.69 | 0.0    | 0.0        | 0.0  | 426.69      |
      | 5  | 31   | 01 April 2023    |                  | 838.29          | 844.85        | 17.15    | 0.0  | 0.0       | 862.0  | 0.0    | 0.0        | 0.0  | 862.0       |
      | 6  | 30   | 01 May 2023      |                  | 0.0             | 838.29        | 8.27     | 0.0  | 0.0       | 846.56 | 0.0    | 0.0        | 0.0  | 846.56      |
  [32m✔[39m [32m[1mThen [22mLoan Repayment schedule has the following data in Total row:[39m                                                                      [90m# org.apache.fineract.test.stepdef.loan.LoanStepDef.loanRepaymentScheduleAmountCheck(io.cucumber.datatable.DataTable)[39m
      | Principal due | Interest | Fees | Penalties | Due     | Paid   | In advance | Late | Outstanding |
      | 5000.0        | 156.56   | 0.0  | 0.0       | 5156.56 | 3000.0 | 0.0        | 0.0  | 2156.56     |

50 scenarios ([32m50 passed[39m)
795 steps ([32m795 passed[39m)
1m 34.711s

[Incubating] Problems report is available at: file:///work/build/reports/problems/problems-report.html

Deprecated Gradle features were used in this build, making it incompatible with Gradle 9.0.

You can use '--warning-mode all' to show the individual deprecation warnings and determine if they come from your own scripts or plugins.

For more on this, please refer to https://docs.gradle.org/8.14.5/userguide/command_line_interface.html#sec:command_line_warnings in the Gradle documentation.

BUILD SUCCESSFUL in 1m 47s
24 actionable tasks: 1 executed, 23 up-to-date
=== run end 2026-09-12T11:03:53Z rc=0 ===
