=== run start 2026-09-12T14:27:51Z DBHOST=172.27.0.2 ===
Picked up JAVA_TOOL_OPTIONS: -Dfineract.feign.debug=true -Dfineract.capture.log=/work/fineract-e2e-tests-runner/build/capture/feign-loan-p3-mnt.log
To honour the JVM settings for this build a single-use Daemon process will be forked. For more on this, please refer to https://docs.gradle.org/8.14.5/userguide/gradle_daemon.html#sec:disabling_the_daemon in the Gradle documentation.
Daemon will be stopped at the end of the build 
> Task :buildSrc:extractPluginRequests UP-TO-DATE
> Task :buildSrc:generatePluginAdapters UP-TO-DATE
> Task :buildSrc:compileJava UP-TO-DATE
> Task :buildSrc:compileGroovy UP-TO-DATE
> Task :buildSrc:compileGroovyPlugins UP-TO-DATE
> Task :buildSrc:pluginDescriptors UP-TO-DATE
> Task :buildSrc:processResources UP-TO-DATE
> Task :buildSrc:classes UP-TO-DATE
> Task :buildSrc:jar UP-TO-DATE

> Configure project :
matching ref: COMMIT - 426a23544e8426a38ae43ae404670a0a7e85b9eb
  ref configuration: COMMIT - pattern: null
    version: ${describe.tag.version.major}.${describe.tag.version.minor.next}.0-SNAPSHOT
    describeTagPattern: .*(\d+\.\d+\.\d+).*
    describeTagFirstParent: false

project version: 1.16.0-SNAPSHOT

> Task :fineract-avro-schemas:compileJava UP-TO-DATE
> Task :fineract-avro-schemas:processResources UP-TO-DATE
> Task :fineract-avro-schemas:classes
> Task :fineract-avro-schemas:jar UP-TO-DATE
> Task :fineract-client-feign:cleanupGeneratedJavaFiles UP-TO-DATE
> Task :fineract-client-feign:licenseFormatMain UP-TO-DATE
> Task :spotlessInternalRegisterDependencies UP-TO-DATE
> Task :fineract-client-feign:spotlessMisc UP-TO-DATE
> Task :fineract-client-feign:spotlessMiscApply UP-TO-DATE
> Task :fineract-client-feign:compileJava UP-TO-DATE
> Task :fineract-client-feign:processResources UP-TO-DATE
> Task :fineract-client-feign:classes UP-TO-DATE
> Task :fineract-client-feign:jar UP-TO-DATE
> Task :fineract-e2e-tests-core:compileJava NO-SOURCE
> Task :fineract-e2e-tests-core:processResources NO-SOURCE
> Task :fineract-e2e-tests-core:classes UP-TO-DATE
> Task :fineract-e2e-tests-core:compileTestJava UP-TO-DATE
> Task :fineract-e2e-tests-core:processTestResources UP-TO-DATE
> Task :fineract-e2e-tests-core:testClasses UP-TO-DATE
> Task :fineract-e2e-tests-runner:compileJava NO-SOURCE
> Task :fineract-e2e-tests-runner:processResources NO-SOURCE
> Task :fineract-e2e-tests-runner:classes UP-TO-DATE
> Task :fineract-e2e-tests-runner:compileTestJava UP-TO-DATE
> Task :fineract-e2e-tests-runner:processTestResources UP-TO-DATEPicked up JAVA_TOOL_OPTIONS: -Dfineract.feign.debug=true -Dfineract.capture.log=/work/fineract-e2e-tests-runner/build/capture/feign-loan-p3-mnt.log

> Task :fineract-e2e-tests-runner:testClasses UP-TO-DATE
14:28:05.319 [main] INFO  o.a.f.t.s.hook.InitializingHook - Setting up global defaults for Fineract
> Task :fineract-e2e-tests-runner:cucumber

Mockito is currently self-attaching to enable the inline-mock-maker. This will no longer work in future releases of the JDK. Please add Mockito as an agent to your build as described in Mockito's documentation: https://javadoc.io/doc/org.mockito/mockito-core/latest/org.mockito/org/mockito/Mockito.html#0.3
WARNING: A Java agent has been loaded dynamically (/gradle-home/caches/modules-2/files-2.1/net.bytebuddy/byte-buddy-agent/1.17.8/f09415827a71be7ed621c7bd02550678f28bc81c/byte-buddy-agent-1.17.8.jar)
WARNING: If a serviceability tool is in use, please run with -XX:+EnableDynamicAgentLoading to hide this warning
WARNING: If a serviceability tool is not in use, please run with -Djdk.instrument.traceUsage for more information
WARNING: Dynamic loading of agents will be disallowed by default in a future release
OpenJDK 64-Bit Server VM warning: Sharing is only supported for boot loader classes because bootstrap classpath has been appended

@LoanFeature @TestRailId:C2946 @AdvancedPaymentAllocation @ProgressiveLoanSchedule
[1mScenario:[22m Verify AdvancedPaymentAllocation behaviour: loanScheduleProcessingType-horizontal, charge after maturity, late Goodwill credit transaction (future installment type: LAST_INSTALLMENT) - amount < past due charge [90m# fineract-e2e-tests-runner/src/test/resources/features/Loan-Part3.feature:5[39m
  [32m✔[39m [32m[1mWhen [22mAdmin sets the business date to [1m"01 September 2023"[22m[39m                                                                                                                                                                [90m# org.apache.fineract.test.stepdef.common.BusinessDateStepDef.setBusinessDate(java.lang.String)[39m
  [32m✔[39m [32m[1mWhen [22mAdmin creates a client with random data[39m                                                                                                                                                                            [90m# org.apache.fineract.test.stepdef.common.ClientStepDef.createClientRandomFirstNameLastName()[39m
  [32m✔[39m [32m[1mWhen [22mAdmin creates a fully customized loan with the following data:[39m                                                                                                                                                     [90m# org.apache.fineract.test.stepdef.loan.LoanStepDef.createFullyCustomizedLoan(io.cucumber.datatable.DataTable)[39m
      | LoanProduct                                                        | submitted on date | with Principal | ANNUAL interest rate % | interest type | interest calculation period | amortization type  | loanTermFrequency | loanTermFrequencyType | repaymentEvery | repaymentFrequencyType | numberOfRepayments | graceOnPrincipalPayment | graceOnInterestPayment | interest free period | Payment strategy            |
      | LP2_DOWNPAYMENT_ADV_PMT_ALLOC_PROGRESSIVE_LOAN_SCHEDULE_HORIZONTAL | 01 September 2023 | 1000           | 0                      | FLAT          | SAME_AS_REPAYMENT_PERIOD    | EQUAL_INSTALLMENTS | 45                | DAYS                  | 15             | DAYS                   | 3                  | 0                       | 0                      | 0                    | ADVANCED_PAYMENT_ALLOCATION |
  [32m✔[39m [32m[1mAnd [22mAdmin successfully approves the loan on [1m"01 September 2023"[22m with [1m"1000"[22m amount and expected disbursement date on [1m"01 September 2023"[22m[39m                                                                                [90m# org.apache.fineract.test.stepdef.loan.LoanStepDef.approveLoan(java.lang.String,java.lang.String,java.lang.String)[39m
  [32m✔[39m [32m[1mWhen [22mAdmin successfully disburse the loan on [1m"01 September 2023"[22m with [1m"1000"[22m EUR transaction amount[39m                                                                                                                     [90m# org.apache.fineract.test.stepdef.loan.LoanStepDef.disburseLoan(java.lang.String,java.lang.String)[39m
  [32m✔[39m [32m[1mThen [22mLoan Repayment schedule has [1m4[22m periods, with the following data for periods:[39m                                                                                                                                        [90m# org.apache.fineract.test.stepdef.loan.LoanStepDef.loanRepaymentSchedulePeriodsCheck(int,io.cucumber.datatable.DataTable)[39m
      | Nr | Days | Date              | Paid date | Balance of loan | Principal due | Interest | Fees | Penalties | Due   | Paid | In advance | Late | Outstanding |
      |    |      | 01 September 2023 |           | 1000.0          |               |          | 0.0  |           | 0.0   | 0.0  |            |      |             |
      | 1  | 0    | 01 September 2023 |           | 750.0           | 250.0         | 0.0      | 0.0  | 0.0       | 250.0 | 0.0  | 0.0        | 0.0  | 250.0       |
      | 2  | 15   | 16 September 2023 |           | 500.0           | 250.0         | 0.0      | 0.0  | 0.0       | 250.0 | 0.0  | 0.0        | 0.0  | 250.0       |
      | 3  | 15   | 01 October 2023   |           | 250.0           | 250.0         | 0.0      | 0.0  | 0.0       | 250.0 | 0.0  | 0.0        | 0.0  | 250.0       |
      | 4  | 15   | 16 October 2023   |           | 0.0             | 250.0         | 0.0      | 0.0  | 0.0       | 250.0 | 0.0  | 0.0        | 0.0  | 250.0       |
  [32m✔[39m [32m[1mThen [22mLoan Repayment schedule has the following data in Total row:[39m                                                                                                                                                       [90m# org.apache.fineract.test.stepdef.loan.LoanStepDef.loanRepaymentScheduleAmountCheck(io.cucumber.datatable.DataTable)[39m
      | Principal due | Interest | Fees | Penalties | Due    | Paid | In advance | Late | Outstanding |
      | 1000.0        | 0.0      | 0.0  | 0.0       | 1000.0 | 0.0  | 0.0        | 0.0  | 1000.0      |
  [32m✔[39m [32m[1mThen [22mLoan Transactions tab has the following data:[39m                                                                                                                                                                      [90m# org.apache.fineract.test.stepdef.loan.LoanStepDef.loanTransactionsTabCheck(io.cucumber.datatable.DataTable)[39m
      | Transaction date  | Transaction Type | Amount | Principal | Interest | Fees | Penalties | Loan Balance |
      | 01 September 2023 | Disbursement     | 1000.0 | 0.0       | 0.0      | 0.0  | 0.0       | 1000.0       |
  [32m✔[39m [32m[1mWhen [22mAdmin adds [1m"LOAN_NSF_FEE"[22m due date charge with [1m"17 October 2023"[22m due date and [1m20[22m EUR transaction amount[39m                                                                                                            [90m# org.apache.fineract.test.stepdef.loan.LoanChargeStepDef.addChargeDueDate(java.lang.String,java.lang.String,double)[39m
  [32m✔[39m [32m[1mThen [22mLoan Repayment schedule has [1m5[22m periods, with the following data for periods:[39m                                                                                                                                        [90m# org.apache.fineract.test.stepdef.loan.LoanStepDef.loanRepaymentSchedulePeriodsCheck(int,io.cucumber.datatable.DataTable)[39m
      | Nr | Days | Date              | Paid date | Balance of loan | Principal due | Interest | Fees | Penalties | Due   | Paid | In advance | Late | Outstanding |
      |    |      | 01 September 2023 |           | 1000.0          |               |          | 0.0  |           | 0.0   | 0.0  |            |      |             |
      | 1  | 0    | 01 September 2023 |           | 750.0           | 250.0         | 0.0      | 0.0  | 0.0       | 250.0 | 0.0  | 0.0        | 0.0  | 250.0       |
      | 2  | 15   | 16 September 2023 |           | 500.0           | 250.0         | 0.0      | 0.0  | 0.0       | 250.0 | 0.0  | 0.0        | 0.0  | 250.0       |
      | 3  | 15   | 01 October 2023   |           | 250.0           | 250.0         | 0.0      | 0.0  | 0.0       | 250.0 | 0.0  | 0.0        | 0.0  | 250.0       |
      | 4  | 15   | 16 October 2023   |           | 0.0             | 250.0         | 0.0      | 0.0  | 0.0       | 250.0 | 0.0  | 0.0        | 0.0  | 250.0       |
      | 5  | 1    | 17 October 2023   |           | 0.0             | 0.0           | 0.0      | 0.0  | 20.0      | 20.0  | 0.0  | 0.0        | 0.0  | 20.0        |
  [32m✔[39m [32m[1mThen [22mLoan Repayment schedule has the following data in Total row:[39m                                                                                                                                                       [90m# org.apache.fineract.test.stepdef.loan.LoanStepDef.loanRepaymentScheduleAmountCheck(io.cucumber.datatable.DataTable)[39m
      | Principal due | Interest | Fees | Penalties | Due    | Paid | In advance | Late | Outstanding |
      | 1000.0        | 0.0      | 0.0  | 20.0      | 1020.0 | 0.0  | 0.0        | 0.0  | 1020.0      |
  [32m✔[39m [32m[1mThen [22mLoan Transactions tab has the following data:[39m                                                                                                                                                                      [90m# org.apache.fineract.test.stepdef.loan.LoanStepDef.loanTransactionsTabCheck(io.cucumber.datatable.DataTable)[39m
      | Transaction date  | Transaction Type | Amount | Principal | Interest | Fees | Penalties | Loan Balance |
      | 01 September 2023 | Disbursement     | 1000.0 | 0.0       | 0.0      | 0.0  | 0.0       | 1000.0       |
  [32m✔[39m [32m[1mThen [22mLoan Charges tab has the following data:[39m                                                                                                                                                                           [90m# org.apache.fineract.test.stepdef.loan.LoanStepDef.loanChargesTabCheck(io.cucumber.datatable.DataTable)[39m
      | Name    | isPenalty | Payment due at     | Due as of       | Calculation type | Due  | Paid | Waived | Outstanding |
      | NSF fee | true      | Specified due date | 17 October 2023 | Flat             | 20.0 | 0.0  | 0.0    | 20.0        |
  [32m✔[39m [32m[1mAnd [22mCustomer makes [1m"AUTOPAY"[22m repayment on [1m"01 September 2023"[22m with [1m250[22m EUR transaction amount[39m                                                                                                                           [90m# org.apache.fineract.test.stepdef.loan.LoanRepaymentStepDef.makeLoanRepayment(java.lang.String,java.lang.String,double)[39m
  [32m✔[39m [32m[1mWhen [22mAdmin sets the business date to [1m"16 September 2023"[22m[39m                                                                                                                                                                [90m# org.apache.fineract.test.stepdef.common.BusinessDateStepDef.setBusinessDate(java.lang.String)[39m
  [32m✔[39m [32m[1mAnd [22mCustomer makes [1m"AUTOPAY"[22m repayment on [1m"16 September 2023"[22m with [1m250[22m EUR transaction amount[39m                                                                                                                           [90m# org.apache.fineract.test.stepdef.loan.LoanRepaymentStepDef.makeLoanRepayment(java.lang.String,java.lang.String,double)[39m
  [32m✔[39m [32m[1mThen [22mLoan Repayment schedule has [1m5[22m periods, with the following data for periods:[39m                                                                                                                                        [90m# org.apache.fineract.test.stepdef.loan.LoanStepDef.loanRepaymentSchedulePeriodsCheck(int,io.cucumber.datatable.DataTable)[39m
      | Nr | Days | Date              | Paid date         | Balance of loan | Principal due | Interest | Fees | Penalties | Due   | Paid  | In advance | Late | Outstanding |
      |    |      | 01 September 2023 |                   | 1000.0          |               |          | 0.0  |           | 0.0   | 0.0   |            |      |             |
      | 1  | 0    | 01 September 2023 | 01 September 2023 | 750.0           | 250.0         | 0.0      | 0.0  | 0.0       | 250.0 | 250.0 | 0.0        | 0.0  | 0.0         |
      | 2  | 15   | 16 September 2023 | 16 September 2023 | 500.0           | 250.0         | 0.0      | 0.0  | 0.0       | 250.0 | 250.0 | 0.0        | 0.0  | 0.0         |
      | 3  | 15   | 01 October 2023   |                   | 250.0           | 250.0         | 0.0      | 0.0  | 0.0       | 250.0 | 0.0   | 0.0        | 0.0  | 250.0       |
      | 4  | 15   | 16 October 2023   |                   | 0.0             | 250.0         | 0.0      | 0.0  | 0.0       | 250.0 | 0.0   | 0.0        | 0.0  | 250.0       |
      | 5  | 1    | 17 October 2023   |                   | 0.0             | 0.0           | 0.0      | 0.0  | 20.0      | 20.0  | 0.0   | 0.0        | 0.0  | 20.0        |
  [32m✔[39m [32m[1mThen [22mLoan Repayment schedule has the following data in Total row:[39m                                                                                                                                                       [90m# org.apache.fineract.test.stepdef.loan.LoanStepDef.loanRepaymentScheduleAmountCheck(io.cucumber.datatable.DataTable)[39m
      | Principal due | Interest | Fees | Penalties | Due    | Paid  | In advance | Late | Outstanding |
      | 1000.0        | 0.0      | 0.0  | 20.0      | 1020.0 | 500.0 | 0.0        | 0.0  | 520.0       |
  [32m✔[39m [32m[1mThen [22mLoan Transactions tab has the following data:[39m                                                                                                                                                                      [90m# org.apache.fineract.test.stepdef.loan.LoanStepDef.loanTransactionsTabCheck(io.cucumber.datatable.DataTable)[39m
      | Transaction date  | Transaction Type | Amount | Principal | Interest | Fees | Penalties | Loan Balance |
      | 01 September 2023 | Disbursement     | 1000.0 | 0.0       | 0.0      | 0.0  | 0.0       | 1000.0       |
      | 01 September 2023 | Repayment        | 250.0  | 250.0     | 0.0      | 0.0  | 0.0       | 750.0        |
      | 16 September 2023 | Repayment        | 250.0  | 250.0     | 0.0      | 0.0  | 0.0       | 500.0        |
  [32m✔[39m [32m[1mThen [22mLoan Charges tab has the following data:[39m                                                                                                                                                                           [90m# org.apache.fineract.test.stepdef.loan.LoanStepDef.loanChargesTabCheck(io.cucumber.datatable.DataTable)[39m
      | Name    | isPenalty | Payment due at     | Due as of       | Calculation type | Due  | Paid | Waived | Outstanding |
      | NSF fee | true      | Specified due date | 17 October 2023 | Flat             | 20.0 | 0.0  | 0.0    | 20.0        |
  [32m✔[39m [32m[1mWhen [22mAdmin adds [1m"LOAN_NSF_FEE"[22m due date charge with [1m"17 September 2023"[22m due date and [1m20[22m EUR transaction amount[39m                                                                                                          [90m# org.apache.fineract.test.stepdef.loan.LoanChargeStepDef.addChargeDueDate(java.lang.String,java.lang.String,double)[39m
  [32m✔[39m [32m[1mWhen [22mAdmin adds [1m"LOAN_NSF_FEE"[22m due date charge with [1m"16 October 2023"[22m due date and [1m20[22m EUR transaction amount[39m                                                                                                            [90m# org.apache.fineract.test.stepdef.loan.LoanChargeStepDef.addChargeDueDate(java.lang.String,java.lang.String,double)[39m
  [32m✔[39m [32m[1mThen [22mLoan Repayment schedule has [1m5[22m periods, with the following data for periods:[39m                                                                                                                                        [90m# org.apache.fineract.test.stepdef.loan.LoanStepDef.loanRepaymentSchedulePeriodsCheck(int,io.cucumber.datatable.DataTable)[39m
      | Nr | Days | Date              | Paid date         | Balance of loan | Principal due | Interest | Fees | Penalties | Due   | Paid  | In advance | Late | Outstanding |
      |    |      | 01 September 2023 |                   | 1000.0          |               |          | 0.0  |           | 0.0   | 0.0   |            |      |             |
      | 1  | 0    | 01 September 2023 | 01 September 2023 | 750.0           | 250.0         | 0.0      | 0.0  | 0.0       | 250.0 | 250.0 | 0.0        | 0.0  | 0.0         |
      | 2  | 15   | 16 September 2023 | 16 September 2023 | 500.0           | 250.0         | 0.0      | 0.0  | 0.0       | 250.0 | 250.0 | 0.0        | 0.0  | 0.0         |
      | 3  | 15   | 01 October 2023   |                   | 250.0           | 250.0         | 0.0      | 0.0  | 20.0      | 270.0 | 0.0   | 0.0        | 0.0  | 270.0       |
      | 4  | 15   | 16 October 2023   |                   | 0.0             | 250.0         | 0.0      | 0.0  | 20.0      | 270.0 | 0.0   | 0.0        | 0.0  | 270.0       |
      | 5  | 1    | 17 October 2023   |                   | 0.0             | 0.0           | 0.0      | 0.0  | 20.0      | 20.0  | 0.0   | 0.0        | 0.0  | 20.0        |
  [32m✔[39m [32m[1mThen [22mLoan Repayment schedule has the following data in Total row:[39m                                                                                                                                                       [90m# org.apache.fineract.test.stepdef.loan.LoanStepDef.loanRepaymentScheduleAmountCheck(io.cucumber.datatable.DataTable)[39m
      | Principal due | Interest | Fees | Penalties | Due    | Paid  | In advance | Late | Outstanding |
      | 1000.0        | 0.0      | 0.0  | 60.0      | 1060.0 | 500.0 | 0.0        | 0.0  | 560.0       |
  [32m✔[39m [32m[1mThen [22mLoan Transactions tab has the following data:[39m                                                                                                                                                                      [90m# org.apache.fineract.test.stepdef.loan.LoanStepDef.loanTransactionsTabCheck(io.cucumber.datatable.DataTable)[39m
      | Transaction date  | Transaction Type | Amount | Principal | Interest | Fees | Penalties | Loan Balance |
      | 01 September 2023 | Disbursement     | 1000.0 | 0.0       | 0.0      | 0.0  | 0.0       | 1000.0       |
      | 01 September 2023 | Repayment        | 250.0  | 250.0     | 0.0      | 0.0  | 0.0       | 750.0        |
      | 16 September 2023 | Repayment        | 250.0  | 250.0     | 0.0      | 0.0  | 0.0       | 500.0        |
  [32m✔[39m [32m[1mThen [22mLoan Charges tab has the following data:[39m                                                                                                                                                                           [90m# org.apache.fineract.test.stepdef.loan.LoanStepDef.loanChargesTabCheck(io.cucumber.datatable.DataTable)[39m
      | Name    | isPenalty | Payment due at     | Due as of         | Calculation type | Due  | Paid | Waived | Outstanding |
      | NSF fee | true      | Specified due date | 17 October 2023   | Flat             | 20.0 | 0.0  | 0.0    | 20.0        |
      | NSF fee | true      | Specified due date | 16 October 2023   | Flat             | 20.0 | 0.0  | 0.0    | 20.0        |
      | NSF fee | true      | Specified due date | 17 September 2023 | Flat             | 20.0 | 0.0  | 0.0    | 20.0        |
  [32m✔[39m [32m[1mWhen [22mAdmin sets the business date to [1m"17 October 2023"[22m[39m                                                                                                                                                                  [90m# org.apache.fineract.test.stepdef.common.BusinessDateStepDef.setBusinessDate(java.lang.String)[39m
  [32m✔[39m [32m[1mWhen [22mCustomer makes [1m"GOODWILL_CREDIT"[22m transaction with [1m"AUTOPAY"[22m payment type on [1m"17 October 2023"[22m with [1m15[22m EUR transaction amount and system-generated Idempotency key[39m                                                  [90m# org.apache.fineract.test.stepdef.loan.LoanStepDef.createTransactionWithAutoIdempotencyKey(java.lang.String,java.lang.String,java.lang.String,double)[39m
  [32m✔[39m [32m[1mThen [22mLoan Repayment schedule has [1m5[22m periods, with the following data for periods:[39m                                                                                                                                        [90m# org.apache.fineract.test.stepdef.loan.LoanStepDef.loanRepaymentSchedulePeriodsCheck(int,io.cucumber.datatable.DataTable)[39m
      | Nr | Days | Date              | Paid date         | Balance of loan | Principal due | Interest | Fees | Penalties | Due   | Paid  | In advance | Late | Outstanding |
      |    |      | 01 September 2023 |                   | 1000.0          |               |          | 0.0  |           | 0.0   | 0.0   |            |      |             |
      | 1  | 0    | 01 September 2023 | 01 September 2023 | 750.0           | 250.0         | 0.0      | 0.0  | 0.0       | 250.0 | 250.0 | 0.0        | 0.0  | 0.0         |
      | 2  | 15   | 16 September 2023 | 16 September 2023 | 500.0           | 250.0         | 0.0      | 0.0  | 0.0       | 250.0 | 250.0 | 0.0        | 0.0  | 0.0         |
      | 3  | 15   | 01 October 2023   |                   | 250.0           | 250.0         | 0.0      | 0.0  | 20.0      | 270.0 | 15.0  | 0.0        | 15.0 | 255.0       |
      | 4  | 15   | 16 October 2023   |                   | 0.0             | 250.0         | 0.0      | 0.0  | 20.0      | 270.0 | 0.0   | 0.0        | 0.0  | 270.0       |
      | 5  | 1    | 17 October 2023   |                   | 0.0             | 0.0           | 0.0      | 0.0  | 20.0      | 20.0  | 0.0   | 0.0        | 0.0  | 20.0        |
  [32m✔[39m [32m[1mThen [22mLoan Repayment schedule has the following data in Total row:[39m                                                                                                                                                       [90m# org.apache.fineract.test.stepdef.loan.LoanStepDef.loanRepaymentScheduleAmountCheck(io.cucumber.datatable.DataTable)[39m
      | Principal due | Interest | Fees | Penalties | Due    | Paid  | In advance | Late | Outstanding |
      | 1000.0        | 0.0      | 0.0  | 60.0      | 1060.0 | 515.0 | 0.0        | 15.0 | 545.0       |
  [32m✔[39m [32m[1mThen [22mLoan Transactions tab has the following data:[39m                                                                                                                                                                      [90m# org.apache.fineract.test.stepdef.loan.LoanStepDef.loanTransactionsTabCheck(io.cucumber.datatable.DataTable)[39m
      | Transaction date  | Transaction Type | Amount | Principal | Interest | Fees | Penalties | Loan Balance |
      | 01 September 2023 | Disbursement     | 1000.0 | 0.0       | 0.0      | 0.0  | 0.0       | 1000.0       |
      | 01 September 2023 | Repayment        | 250.0  | 250.0     | 0.0      | 0.0  | 0.0       | 750.0        |
      | 16 September 2023 | Repayment        | 250.0  | 250.0     | 0.0      | 0.0  | 0.0       | 500.0        |
      | 17 October 2023   | Goodwill Credit  | 15.0   | 0.0       | 0.0      | 0.0  | 15.0      | 500.0        |
  [32m✔[39m [32m[1mThen [22mLoan Charges tab has the following data:[39m                                                                                                                                                                           [90m# org.apache.fineract.test.stepdef.loan.LoanStepDef.loanChargesTabCheck(io.cucumber.datatable.DataTable)[39m
      | Name    | isPenalty | Payment due at     | Due as of         | Calculation type | Due  | Paid | Waived | Outstanding |
      | NSF fee | true      | Specified due date | 17 October 2023   | Flat             | 20.0 | 0.0  | 0.0    | 20.0        |
      | NSF fee | true      | Specified due date | 16 October 2023   | Flat             | 20.0 | 0.0  | 0.0    | 20.0        |
      | NSF fee | true      | Specified due date | 17 September 2023 | Flat             | 20.0 | 15.0 | 0.0    | 5.0         |

@LoanFeature @TestRailId:C2947 @AdvancedPaymentAllocation @ProgressiveLoanSchedule
[1mScenario:[22m Verify AdvancedPaymentAllocation behaviour: loanScheduleProcessingType-vertical, charge after maturity, late Goodwill credit transaction (future installment type: LAST_INSTALLMENT) - amount < past due charge [90m# fineract-e2e-tests-runner/src/test/resources/features/Loan-Part3.feature:119[39m
  [32m✔[39m [32m[1mWhen [22mAdmin sets the business date to [1m"01 September 2023"[22m[39m                                                                                                                                                              [90m# org.apache.fineract.test.stepdef.common.BusinessDateStepDef.setBusinessDate(java.lang.String)[39m
  [32m✔[39m [32m[1mWhen [22mAdmin creates a client with random data[39m                                                                                                                                                                          [90m# org.apache.fineract.test.stepdef.common.ClientStepDef.createClientRandomFirstNameLastName()[39m
  [32m✔[39m [32m[1mWhen [22mAdmin creates a fully customized loan with the following data:[39m                                                                                                                                                   [90m# org.apache.fineract.test.stepdef.loan.LoanStepDef.createFullyCustomizedLoan(io.cucumber.datatable.DataTable)[39m
      | LoanProduct                                                      | submitted on date | with Principal | ANNUAL interest rate % | interest type | interest calculation period | amortization type  | loanTermFrequency | loanTermFrequencyType | repaymentEvery | repaymentFrequencyType | numberOfRepayments | graceOnPrincipalPayment | graceOnInterestPayment | interest free period | Payment strategy            |
      | LP2_DOWNPAYMENT_ADV_PMT_ALLOC_PROGRESSIVE_LOAN_SCHEDULE_VERTICAL | 01 September 2023 | 1000           | 0                      | FLAT          | SAME_AS_REPAYMENT_PERIOD    | EQUAL_INSTALLMENTS | 45                | DAYS                  | 15             | DAYS                   | 3                  | 0                       | 0                      | 0                    | ADVANCED_PAYMENT_ALLOCATION |
  [32m✔[39m [32m[1mAnd [22mAdmin successfully approves the loan on [1m"01 September 2023"[22m with [1m"1000"[22m amount and expected disbursement date on [1m"01 September 2023"[22m[39m                                                                              [90m# org.apache.fineract.test.stepdef.loan.LoanStepDef.approveLoan(java.lang.String,java.lang.String,java.lang.String)[39m
  [32m✔[39m [32m[1mWhen [22mAdmin successfully disburse the loan on [1m"01 September 2023"[22m with [1m"1000"[22m EUR transaction amount[39m                                                                                                                   [90m# org.apache.fineract.test.stepdef.loan.LoanStepDef.disburseLoan(java.lang.String,java.lang.String)[39m
  [32m✔[39m [32m[1mThen [22mLoan Repayment schedule has [1m4[22m periods, with the following data for periods:[39m                                                                                                                                      [90m# org.apache.fineract.test.stepdef.loan.LoanStepDef.loanRepaymentSchedulePeriodsCheck(int,io.cucumber.datatable.DataTable)[39m
      | Nr | Days | Date              | Paid date | Balance of loan | Principal due | Interest | Fees | Penalties | Due   | Paid | In advance | Late | Outstanding |
      |    |      | 01 September 2023 |           | 1000.0          |               |          | 0.0  |           | 0.0   | 0.0  |            |      |             |
      | 1  | 0    | 01 September 2023 |           | 750.0           | 250.0         | 0.0      | 0.0  | 0.0       | 250.0 | 0.0  | 0.0        | 0.0  | 250.0       |
      | 2  | 15   | 16 September 2023 |           | 500.0           | 250.0         | 0.0      | 0.0  | 0.0       | 250.0 | 0.0  | 0.0        | 0.0  | 250.0       |
      | 3  | 15   | 01 October 2023   |           | 250.0           | 250.0         | 0.0      | 0.0  | 0.0       | 250.0 | 0.0  | 0.0        | 0.0  | 250.0       |
      | 4  | 15   | 16 October 2023   |           | 0.0             | 250.0         | 0.0      | 0.0  | 0.0       | 250.0 | 0.0  | 0.0        | 0.0  | 250.0       |
  [32m✔[39m [32m[1mThen [22mLoan Repayment schedule has the following data in Total row:[39m                                                                                                                                                     [90m# org.apache.fineract.test.stepdef.loan.LoanStepDef.loanRepaymentScheduleAmountCheck(io.cucumber.datatable.DataTable)[39m
      | Principal due | Interest | Fees | Penalties | Due    | Paid | In advance | Late | Outstanding |
      | 1000.0        | 0.0      | 0.0  | 0.0       | 1000.0 | 0.0  | 0.0        | 0.0  | 1000.0      |
  [32m✔[39m [32m[1mThen [22mLoan Transactions tab has the following data:[39m                                                                                                                                                                    [90m# org.apache.fineract.test.stepdef.loan.LoanStepDef.loanTransactionsTabCheck(io.cucumber.datatable.DataTable)[39m
      | Transaction date  | Transaction Type | Amount | Principal | Interest | Fees | Penalties | Loan Balance |
      | 01 September 2023 | Disbursement     | 1000.0 | 0.0       | 0.0      | 0.0  | 0.0       | 1000.0       |
  [32m✔[39m [32m[1mWhen [22mAdmin adds [1m"LOAN_NSF_FEE"[22m due date charge with [1m"17 October 2023"[22m due date and [1m20[22m EUR transaction amount[39m                                                                                                          [90m# org.apache.fineract.test.stepdef.loan.LoanChargeStepDef.addChargeDueDate(java.lang.String,java.lang.String,double)[39m
  [32m✔[39m [32m[1mThen [22mLoan Repayment schedule has [1m5[22m periods, with the following data for periods:[39m                                                                                                                                      [90m# org.apache.fineract.test.stepdef.loan.LoanStepDef.loanRepaymentSchedulePeriodsCheck(int,io.cucumber.datatable.DataTable)[39m
      | Nr | Days | Date              | Paid date | Balance of loan | Principal due | Interest | Fees | Penalties | Due   | Paid | In advance | Late | Outstanding |
      |    |      | 01 September 2023 |           | 1000.0          |               |          | 0.0  |           | 0.0   | 0.0  |            |      |             |
      | 1  | 0    | 01 September 2023 |           | 750.0           | 250.0         | 0.0      | 0.0  | 0.0       | 250.0 | 0.0  | 0.0        | 0.0  | 250.0       |
      | 2  | 15   | 16 September 2023 |           | 500.0           | 250.0         | 0.0      | 0.0  | 0.0       | 250.0 | 0.0  | 0.0        | 0.0  | 250.0       |
      | 3  | 15   | 01 October 2023   |           | 250.0           | 250.0         | 0.0      | 0.0  | 0.0       | 250.0 | 0.0  | 0.0        | 0.0  | 250.0       |
      | 4  | 15   | 16 October 2023   |           | 0.0             | 250.0         | 0.0      | 0.0  | 0.0       | 250.0 | 0.0  | 0.0        | 0.0  | 250.0       |
      | 5  | 1    | 17 October 2023   |           | 0.0             | 0.0           | 0.0      | 0.0  | 20.0      | 20.0  | 0.0  | 0.0        | 0.0  | 20.0        |
  [32m✔[39m [32m[1mThen [22mLoan Repayment schedule has the following data in Total row:[39m                                                                                                                                                     [90m# org.apache.fineract.test.stepdef.loan.LoanStepDef.loanRepaymentScheduleAmountCheck(io.cucumber.datatable.DataTable)[39m
      | Principal due | Interest | Fees | Penalties | Due    | Paid | In advance | Late | Outstanding |
      | 1000.0        | 0.0      | 0.0  | 20.0      | 1020.0 | 0.0  | 0.0        | 0.0  | 1020.0      |
  [32m✔[39m [32m[1mThen [22mLoan Transactions tab has the following data:[39m                                                                                                                                                                    [90m# org.apache.fineract.test.stepdef.loan.LoanStepDef.loanTransactionsTabCheck(io.cucumber.datatable.DataTable)[39m
      | Transaction date  | Transaction Type | Amount | Principal | Interest | Fees | Penalties | Loan Balance |
      | 01 September 2023 | Disbursement     | 1000.0 | 0.0       | 0.0      | 0.0  | 0.0       | 1000.0       |
  [32m✔[39m [32m[1mThen [22mLoan Charges tab has the following data:[39m                                                                                                                                                                         [90m# org.apache.fineract.test.stepdef.loan.LoanStepDef.loanChargesTabCheck(io.cucumber.datatable.DataTable)[39m
      | Name    | isPenalty | Payment due at     | Due as of       | Calculation type | Due  | Paid | Waived | Outstanding |
      | NSF fee | true      | Specified due date | 17 October 2023 | Flat             | 20.0 | 0.0  | 0.0    | 20.0        |
  [32m✔[39m [32m[1mAnd [22mCustomer makes [1m"AUTOPAY"[22m repayment on [1m"01 September 2023"[22m with [1m250[22m EUR transaction amount[39m                                                                                                                         [90m# org.apache.fineract.test.stepdef.loan.LoanRepaymentStepDef.makeLoanRepayment(java.lang.String,java.lang.String,double)[39m
  [32m✔[39m [32m[1mWhen [22mAdmin sets the business date to [1m"16 September 2023"[22m[39m                                                                                                                                                              [90m# org.apache.fineract.test.stepdef.common.BusinessDateStepDef.setBusinessDate(java.lang.String)[39m
  [32m✔[39m [32m[1mAnd [22mCustomer makes [1m"AUTOPAY"[22m repayment on [1m"16 September 2023"[22m with [1m250[22m EUR transaction amount[39m                                                                                                                         [90m# org.apache.fineract.test.stepdef.loan.LoanRepaymentStepDef.makeLoanRepayment(java.lang.String,java.lang.String,double)[39m
  [32m✔[39m [32m[1mThen [22mLoan Repayment schedule has [1m5[22m periods, with the following data for periods:[39m                                                                                                                                      [90m# org.apache.fineract.test.stepdef.loan.LoanStepDef.loanRepaymentSchedulePeriodsCheck(int,io.cucumber.datatable.DataTable)[39m
      | Nr | Days | Date              | Paid date         | Balance of loan | Principal due | Interest | Fees | Penalties | Due   | Paid  | In advance | Late | Outstanding |
      |    |      | 01 September 2023 |                   | 1000.0          |               |          | 0.0  |           | 0.0   | 0.0   |            |      |             |
      | 1  | 0    | 01 September 2023 | 01 September 2023 | 750.0           | 250.0         | 0.0      | 0.0  | 0.0       | 250.0 | 250.0 | 0.0        | 0.0  | 0.0         |
      | 2  | 15   | 16 September 2023 | 16 September 2023 | 500.0           | 250.0         | 0.0      | 0.0  | 0.0       | 250.0 | 250.0 | 0.0        | 0.0  | 0.0         |
      | 3  | 15   | 01 October 2023   |                   | 250.0           | 250.0         | 0.0      | 0.0  | 0.0       | 250.0 | 0.0   | 0.0        | 0.0  | 250.0       |
      | 4  | 15   | 16 October 2023   |                   | 0.0             | 250.0         | 0.0      | 0.0  | 0.0       | 250.0 | 0.0   | 0.0        | 0.0  | 250.0       |
      | 5  | 1    | 17 October 2023   |                   | 0.0             | 0.0           | 0.0      | 0.0  | 20.0      | 20.0  | 0.0   | 0.0        | 0.0  | 20.0        |
  [32m✔[39m [32m[1mThen [22mLoan Repayment schedule has the following data in Total row:[39m                                                                                                                                                     [90m# org.apache.fineract.test.stepdef.loan.LoanStepDef.loanRepaymentScheduleAmountCheck(io.cucumber.datatable.DataTable)[39m
      | Principal due | Interest | Fees | Penalties | Due    | Paid  | In advance | Late | Outstanding |
      | 1000.0        | 0.0      | 0.0  | 20.0      | 1020.0 | 500.0 | 0.0        | 0.0  | 520.0       |
  [32m✔[39m [32m[1mThen [22mLoan Transactions tab has the following data:[39m                                                                                                                                                                    [90m# org.apache.fineract.test.stepdef.loan.LoanStepDef.loanTransactionsTabCheck(io.cucumber.datatable.DataTable)[39m
      | Transaction date  | Transaction Type | Amount | Principal | Interest | Fees | Penalties | Loan Balance |
      | 01 September 2023 | Disbursement     | 1000.0 | 0.0       | 0.0      | 0.0  | 0.0       | 1000.0       |
      | 01 September 2023 | Repayment        | 250.0  | 250.0     | 0.0      | 0.0  | 0.0       | 750.0        |
      | 16 September 2023 | Repayment        | 250.0  | 250.0     | 0.0      | 0.0  | 0.0       | 500.0        |
  [32m✔[39m [32m[1mThen [22mLoan Charges tab has the following data:[39m                                                                                                                                                                         [90m# org.apache.fineract.test.stepdef.loan.LoanStepDef.loanChargesTabCheck(io.cucumber.datatable.DataTable)[39m
      | Name    | isPenalty | Payment due at     | Due as of       | Calculation type | Due  | Paid | Waived | Outstanding |
      | NSF fee | true      | Specified due date | 17 October 2023 | Flat             | 20.0 | 0.0  | 0.0    | 20.0        |
  [32m✔[39m [32m[1mWhen [22mAdmin adds [1m"LOAN_NSF_FEE"[22m due date charge with [1m"17 September 2023"[22m due date and [1m20[22m EUR transaction amount[39m                                                                                                        [90m# org.apache.fineract.test.stepdef.loan.LoanChargeStepDef.addChargeDueDate(java.lang.String,java.lang.String,double)[39m
  [32m✔[39m [32m[1mWhen [22mAdmin adds [1m"LOAN_NSF_FEE"[22m due date charge with [1m"16 October 2023"[22m due date and [1m20[22m EUR transaction amount[39m                                                                                                          [90m# org.apache.fineract.test.stepdef.loan.LoanChargeStepDef.addChargeDueDate(java.lang.String,java.lang.String,double)[39m
  [32m✔[39m [32m[1mThen [22mLoan Repayment schedule has [1m5[22m periods, with the following data for periods:[39m                                                                                                                                      [90m# org.apache.fineract.test.stepdef.loan.LoanStepDef.loanRepaymentSchedulePeriodsCheck(int,io.cucumber.datatable.DataTable)[39m
      | Nr | Days | Date              | Paid date         | Balance of loan | Principal due | Interest | Fees | Penalties | Due   | Paid  | In advance | Late | Outstanding |
      |    |      | 01 September 2023 |                   | 1000.0          |               |          | 0.0  |           | 0.0   | 0.0   |            |      |             |
      | 1  | 0    | 01 September 2023 | 01 September 2023 | 750.0           | 250.0         | 0.0      | 0.0  | 0.0       | 250.0 | 250.0 | 0.0        | 0.0  | 0.0         |
      | 2  | 15   | 16 September 2023 | 16 September 2023 | 500.0           | 250.0         | 0.0      | 0.0  | 0.0       | 250.0 | 250.0 | 0.0        | 0.0  | 0.0         |
      | 3  | 15   | 01 October 2023   |                   | 250.0           | 250.0         | 0.0      | 0.0  | 20.0      | 270.0 | 0.0   | 0.0        | 0.0  | 270.0       |
      | 4  | 15   | 16 October 2023   |                   | 0.0             | 250.0         | 0.0      | 0.0  | 20.0      | 270.0 | 0.0   | 0.0        | 0.0  | 270.0       |
      | 5  | 1    | 17 October 2023   |                   | 0.0             | 0.0           | 0.0      | 0.0  | 20.0      | 20.0  | 0.0   | 0.0        | 0.0  | 20.0        |
  [32m✔[39m [32m[1mThen [22mLoan Repayment schedule has the following data in Total row:[39m                                                                                                                                                     [90m# org.apache.fineract.test.stepdef.loan.LoanStepDef.loanRepaymentScheduleAmountCheck(io.cucumber.datatable.DataTable)[39m
      | Principal due | Interest | Fees | Penalties | Due    | Paid  | In advance | Late | Outstanding |
      | 1000.0        | 0.0      | 0.0  | 60.0      | 1060.0 | 500.0 | 0.0        | 0.0  | 560.0       |
  [32m✔[39m [32m[1mThen [22mLoan Transactions tab has the following data:[39m                                                                                                                                                                    [90m# org.apache.fineract.test.stepdef.loan.LoanStepDef.loanTransactionsTabCheck(io.cucumber.datatable.DataTable)[39m
      | Transaction date  | Transaction Type | Amount | Principal | Interest | Fees | Penalties | Loan Balance |
      | 01 September 2023 | Disbursement     | 1000.0 | 0.0       | 0.0      | 0.0  | 0.0       | 1000.0       |
      | 01 September 2023 | Repayment        | 250.0  | 250.0     | 0.0      | 0.0  | 0.0       | 750.0        |
      | 16 September 2023 | Repayment        | 250.0  | 250.0     | 0.0      | 0.0  | 0.0       | 500.0        |
  [32m✔[39m [32m[1mThen [22mLoan Charges tab has the following data:[39m                                                                                                                                                                         [90m# org.apache.fineract.test.stepdef.loan.LoanStepDef.loanChargesTabCheck(io.cucumber.datatable.DataTable)[39m
      | Name    | isPenalty | Payment due at     | Due as of         | Calculation type | Due  | Paid | Waived | Outstanding |
      | NSF fee | true      | Specified due date | 17 October 2023   | Flat             | 20.0 | 0.0  | 0.0    | 20.0        |
      | NSF fee | true      | Specified due date | 16 October 2023   | Flat             | 20.0 | 0.0  | 0.0    | 20.0        |
      | NSF fee | true      | Specified due date | 17 September 2023 | Flat             | 20.0 | 0.0  | 0.0    | 20.0        |
  [32m✔[39m [32m[1mWhen [22mAdmin sets the business date to [1m"17 October 2023"[22m[39m                                                                                                                                                                [90m# org.apache.fineract.test.stepdef.common.BusinessDateStepDef.setBusinessDate(java.lang.String)[39m
  [32m✔[39m [32m[1mWhen [22mCustomer makes [1m"GOODWILL_CREDIT"[22m transaction with [1m"AUTOPAY"[22m payment type on [1m"17 October 2023"[22m with [1m15[22m EUR transaction amount and system-generated Idempotency key[39m                                                [90m# org.apache.fineract.test.stepdef.loan.LoanStepDef.createTransactionWithAutoIdempotencyKey(java.lang.String,java.lang.String,java.lang.String,double)[39m
  [32m✔[39m [32m[1mThen [22mLoan Repayment schedule has [1m5[22m periods, with the following data for periods:[39m                                                                                                                                      [90m# org.apache.fineract.test.stepdef.loan.LoanStepDef.loanRepaymentSchedulePeriodsCheck(int,io.cucumber.datatable.DataTable)[39m
      | Nr | Days | Date              | Paid date         | Balance of loan | Principal due | Interest | Fees | Penalties | Due   | Paid  | In advance | Late | Outstanding |
      |    |      | 01 September 2023 |                   | 1000.0          |               |          | 0.0  |           | 0.0   | 0.0   |            |      |             |
      | 1  | 0    | 01 September 2023 | 01 September 2023 | 750.0           | 250.0         | 0.0      | 0.0  | 0.0       | 250.0 | 250.0 | 0.0        | 0.0  | 0.0         |
      | 2  | 15   | 16 September 2023 | 16 September 2023 | 500.0           | 250.0         | 0.0      | 0.0  | 0.0       | 250.0 | 250.0 | 0.0        | 0.0  | 0.0         |
      | 3  | 15   | 01 October 2023   |                   | 250.0           | 250.0         | 0.0      | 0.0  | 20.0      | 270.0 | 15.0  | 0.0        | 15.0 | 255.0       |
      | 4  | 15   | 16 October 2023   |                   | 0.0             | 250.0         | 0.0      | 0.0  | 20.0      | 270.0 | 0.0   | 0.0        | 0.0  | 270.0       |
      | 5  | 1    | 17 October 2023   |                   | 0.0             | 0.0           | 0.0      | 0.0  | 20.0      | 20.0  | 0.0   | 0.0        | 0.0  | 20.0        |
  [32m✔[39m [32m[1mThen [22mLoan Repayment schedule has the following data in Total row:[39m                                                                                                                                                     [90m# org.apache.fineract.test.stepdef.loan.LoanStepDef.loanRepaymentScheduleAmountCheck(io.cucumber.datatable.DataTable)[39m
      | Principal due | Interest | Fees | Penalties | Due    | Paid  | In advance | Late | Outstanding |
      | 1000.0        | 0.0      | 0.0  | 60.0      | 1060.0 | 515.0 | 0.0        | 15.0 | 545.0       |
  [32m✔[39m [32m[1mThen [22mLoan Transactions tab has the following data:[39m                                                                                                                                                                    [90m# org.apache.fineract.test.stepdef.loan.LoanStepDef.loanTransactionsTabCheck(io.cucumber.datatable.DataTable)[39m
      | Transaction date  | Transaction Type | Amount | Principal | Interest | Fees | Penalties | Loan Balance |
      | 01 September 2023 | Disbursement     | 1000.0 | 0.0       | 0.0      | 0.0  | 0.0       | 1000.0       |
      | 01 September 2023 | Repayment        | 250.0  | 250.0     | 0.0      | 0.0  | 0.0       | 750.0        |
      | 16 September 2023 | Repayment        | 250.0  | 250.0     | 0.0      | 0.0  | 0.0       | 500.0        |
      | 17 October 2023   | Goodwill Credit  | 15.0   | 0.0       | 0.0      | 0.0  | 15.0      | 500.0        |
  [32m✔[39m [32m[1mThen [22mLoan Charges tab has the following data:[39m                                                                                                                                                                         [90m# org.apache.fineract.test.stepdef.loan.LoanStepDef.loanChargesTabCheck(io.cucumber.datatable.DataTable)[39m
      | Name    | isPenalty | Payment due at     | Due as of         | Calculation type | Due  | Paid | Waived | Outstanding |
      | NSF fee | true      | Specified due date | 17 October 2023   | Flat             | 20.0 | 0.0  | 0.0    | 20.0        |
      | NSF fee | true      | Specified due date | 16 October 2023   | Flat             | 20.0 | 0.0  | 0.0    | 20.0        |
      | NSF fee | true      | Specified due date | 17 September 2023 | Flat             | 20.0 | 15.0 | 0.0    | 5.0         |

@LoanFeature @TestRailId:C2948 @AdvancedPaymentAllocation @ProgressiveLoanSchedule
[1mScenario:[22m Verify AdvancedPaymentAllocation behaviour: loanScheduleProcessingType-horizontal, charge after maturity, late Goodwill credit transaction (future installment type: LAST_INSTALLMENT) - amount > first past due charge [90m# fineract-e2e-tests-runner/src/test/resources/features/Loan-Part3.feature:233[39m
  [32m✔[39m [32m[1mWhen [22mAdmin sets the business date to [1m"01 September 2023"[22m[39m                                                                                                                                                                      [90m# org.apache.fineract.test.stepdef.common.BusinessDateStepDef.setBusinessDate(java.lang.String)[39m
  [32m✔[39m [32m[1mWhen [22mAdmin creates a client with random data[39m                                                                                                                                                                                  [90m# org.apache.fineract.test.stepdef.common.ClientStepDef.createClientRandomFirstNameLastName()[39m
  [32m✔[39m [32m[1mWhen [22mAdmin creates a fully customized loan with the following data:[39m                                                                                                                                                           [90m# org.apache.fineract.test.stepdef.loan.LoanStepDef.createFullyCustomizedLoan(io.cucumber.datatable.DataTable)[39m
      | LoanProduct                                                        | submitted on date | with Principal | ANNUAL interest rate % | interest type | interest calculation period | amortization type  | loanTermFrequency | loanTermFrequencyType | repaymentEvery | repaymentFrequencyType | numberOfRepayments | graceOnPrincipalPayment | graceOnInterestPayment | interest free period | Payment strategy            |
      | LP2_DOWNPAYMENT_ADV_PMT_ALLOC_PROGRESSIVE_LOAN_SCHEDULE_HORIZONTAL | 01 September 2023 | 1000           | 0                      | FLAT          | SAME_AS_REPAYMENT_PERIOD    | EQUAL_INSTALLMENTS | 45                | DAYS                  | 15             | DAYS                   | 3                  | 0                       | 0                      | 0                    | ADVANCED_PAYMENT_ALLOCATION |
  [32m✔[39m [32m[1mAnd [22mAdmin successfully approves the loan on [1m"01 September 2023"[22m with [1m"1000"[22m amount and expected disbursement date on [1m"01 September 2023"[22m[39m                                                                                      [90m# org.apache.fineract.test.stepdef.loan.LoanStepDef.approveLoan(java.lang.String,java.lang.String,java.lang.String)[39m
  [32m✔[39m [32m[1mWhen [22mAdmin successfully disburse the loan on [1m"01 September 2023"[22m with [1m"1000"[22m EUR transaction amount[39m                                                                                                                           [90m# org.apache.fineract.test.stepdef.loan.LoanStepDef.disburseLoan(java.lang.String,java.lang.String)[39m
  [32m✔[39m [32m[1mThen [22mLoan Repayment schedule has [1m4[22m periods, with the following data for periods:[39m                                                                                                                                              [90m# org.apache.fineract.test.stepdef.loan.LoanStepDef.loanRepaymentSchedulePeriodsCheck(int,io.cucumber.datatable.DataTable)[39m
      | Nr | Days | Date              | Paid date | Balance of loan | Principal due | Interest | Fees | Penalties | Due   | Paid | In advance | Late | Outstanding |
      |    |      | 01 September 2023 |           | 1000.0          |               |          | 0.0  |           | 0.0   | 0.0  |            |      |             |
      | 1  | 0    | 01 September 2023 |           | 750.0           | 250.0         | 0.0      | 0.0  | 0.0       | 250.0 | 0.0  | 0.0        | 0.0  | 250.0       |
      | 2  | 15   | 16 September 2023 |           | 500.0           | 250.0         | 0.0      | 0.0  | 0.0       | 250.0 | 0.0  | 0.0        | 0.0  | 250.0       |
      | 3  | 15   | 01 October 2023   |           | 250.0           | 250.0         | 0.0      | 0.0  | 0.0       | 250.0 | 0.0  | 0.0        | 0.0  | 250.0       |
      | 4  | 15   | 16 October 2023   |           | 0.0             | 250.0         | 0.0      | 0.0  | 0.0       | 250.0 | 0.0  | 0.0        | 0.0  | 250.0       |
  [32m✔[39m [32m[1mThen [22mLoan Repayment schedule has the following data in Total row:[39m                                                                                                                                                             [90m# org.apache.fineract.test.stepdef.loan.LoanStepDef.loanRepaymentScheduleAmountCheck(io.cucumber.datatable.DataTable)[39m
      | Principal due | Interest | Fees | Penalties | Due    | Paid | In advance | Late | Outstanding |
      | 1000.0        | 0.0      | 0.0  | 0.0       | 1000.0 | 0.0  | 0.0        | 0.0  | 1000.0      |
  [32m✔[39m [32m[1mThen [22mLoan Transactions tab has the following data:[39m                                                                                                                                                                            [90m# org.apache.fineract.test.stepdef.loan.LoanStepDef.loanTransactionsTabCheck(io.cucumber.datatable.DataTable)[39m
      | Transaction date  | Transaction Type | Amount | Principal | Interest | Fees | Penalties | Loan Balance |
      | 01 September 2023 | Disbursement     | 1000.0 | 0.0       | 0.0      | 0.0  | 0.0       | 1000.0       |
  [32m✔[39m [32m[1mWhen [22mAdmin adds [1m"LOAN_NSF_FEE"[22m due date charge with [1m"17 October 2023"[22m due date and [1m20[22m EUR transaction amount[39m                                                                                                                  [90m# org.apache.fineract.test.stepdef.loan.LoanChargeStepDef.addChargeDueDate(java.lang.String,java.lang.String,double)[39m
  [32m✔[39m [32m[1mThen [22mLoan Repayment schedule has [1m5[22m periods, with the following data for periods:[39m                                                                                                                                              [90m# org.apache.fineract.test.stepdef.loan.LoanStepDef.loanRepaymentSchedulePeriodsCheck(int,io.cucumber.datatable.DataTable)[39m
      | Nr | Days | Date              | Paid date | Balance of loan | Principal due | Interest | Fees | Penalties | Due   | Paid | In advance | Late | Outstanding |
      |    |      | 01 September 2023 |           | 1000.0          |               |          | 0.0  |           | 0.0   | 0.0  |            |      |             |
      | 1  | 0    | 01 September 2023 |           | 750.0           | 250.0         | 0.0      | 0.0  | 0.0       | 250.0 | 0.0  | 0.0        | 0.0  | 250.0       |
      | 2  | 15   | 16 September 2023 |           | 500.0           | 250.0         | 0.0      | 0.0  | 0.0       | 250.0 | 0.0  | 0.0        | 0.0  | 250.0       |
      | 3  | 15   | 01 October 2023   |           | 250.0           | 250.0         | 0.0      | 0.0  | 0.0       | 250.0 | 0.0  | 0.0        | 0.0  | 250.0       |
      | 4  | 15   | 16 October 2023   |           | 0.0             | 250.0         | 0.0      | 0.0  | 0.0       | 250.0 | 0.0  | 0.0        | 0.0  | 250.0       |
      | 5  | 1    | 17 October 2023   |           | 0.0             | 0.0           | 0.0      | 0.0  | 20.0      | 20.0  | 0.0  | 0.0        | 0.0  | 20.0        |
  [32m✔[39m [32m[1mThen [22mLoan Repayment schedule has the following data in Total row:[39m                                                                                                                                                             [90m# org.apache.fineract.test.stepdef.loan.LoanStepDef.loanRepaymentScheduleAmountCheck(io.cucumber.datatable.DataTable)[39m
      | Principal due | Interest | Fees | Penalties | Due    | Paid | In advance | Late | Outstanding |
      | 1000.0        | 0.0      | 0.0  | 20.0      | 1020.0 | 0.0  | 0.0        | 0.0  | 1020.0      |
  [32m✔[39m [32m[1mThen [22mLoan Transactions tab has the following data:[39m                                                                                                                                                                            [90m# org.apache.fineract.test.stepdef.loan.LoanStepDef.loanTransactionsTabCheck(io.cucumber.datatable.DataTable)[39m
      | Transaction date  | Transaction Type | Amount | Principal | Interest | Fees | Penalties | Loan Balance |
      | 01 September 2023 | Disbursement     | 1000.0 | 0.0       | 0.0      | 0.0  | 0.0       | 1000.0       |
  [32m✔[39m [32m[1mThen [22mLoan Charges tab has the following data:[39m                                                                                                                                                                                 [90m# org.apache.fineract.test.stepdef.loan.LoanStepDef.loanChargesTabCheck(io.cucumber.datatable.DataTable)[39m
      | Name    | isPenalty | Payment due at     | Due as of       | Calculation type | Due  | Paid | Waived | Outstanding |
      | NSF fee | true      | Specified due date | 17 October 2023 | Flat             | 20.0 | 0.0  | 0.0    | 20.0        |
  [32m✔[39m [32m[1mAnd [22mCustomer makes [1m"AUTOPAY"[22m repayment on [1m"01 September 2023"[22m with [1m250[22m EUR transaction amount[39m                                                                                                                                 [90m# org.apache.fineract.test.stepdef.loan.LoanRepaymentStepDef.makeLoanRepayment(java.lang.String,java.lang.String,double)[39m
  [32m✔[39m [32m[1mWhen [22mAdmin sets the business date to [1m"16 September 2023"[22m[39m                                                                                                                                                                      [90m# org.apache.fineract.test.stepdef.common.BusinessDateStepDef.setBusinessDate(java.lang.String)[39m
  [32m✔[39m [32m[1mAnd [22mCustomer makes [1m"AUTOPAY"[22m repayment on [1m"16 September 2023"[22m with [1m250[22m EUR transaction amount[39m                                                                                                                                 [90m# org.apache.fineract.test.stepdef.loan.LoanRepaymentStepDef.makeLoanRepayment(java.lang.String,java.lang.String,double)[39m
  [32m✔[39m [32m[1mThen [22mLoan Repayment schedule has [1m5[22m periods, with the following data for periods:[39m                                                                                                                                              [90m# org.apache.fineract.test.stepdef.loan.LoanStepDef.loanRepaymentSchedulePeriodsCheck(int,io.cucumber.datatable.DataTable)[39m
      | Nr | Days | Date              | Paid date         | Balance of loan | Principal due | Interest | Fees | Penalties | Due   | Paid  | In advance | Late | Outstanding |
      |    |      | 01 September 2023 |                   | 1000.0          |               |          | 0.0  |           | 0.0   | 0.0   |            |      |             |
      | 1  | 0    | 01 September 2023 | 01 September 2023 | 750.0           | 250.0         | 0.0      | 0.0  | 0.0       | 250.0 | 250.0 | 0.0        | 0.0  | 0.0         |
      | 2  | 15   | 16 September 2023 | 16 September 2023 | 500.0           | 250.0         | 0.0      | 0.0  | 0.0       | 250.0 | 250.0 | 0.0        | 0.0  | 0.0         |
      | 3  | 15   | 01 October 2023   |                   | 250.0           | 250.0         | 0.0      | 0.0  | 0.0       | 250.0 | 0.0   | 0.0        | 0.0  | 250.0       |
      | 4  | 15   | 16 October 2023   |                   | 0.0             | 250.0         | 0.0      | 0.0  | 0.0       | 250.0 | 0.0   | 0.0        | 0.0  | 250.0       |
      | 5  | 1    | 17 October 2023   |                   | 0.0             | 0.0           | 0.0      | 0.0  | 20.0      | 20.0  | 0.0   | 0.0        | 0.0  | 20.0        |
  [32m✔[39m [32m[1mThen [22mLoan Repayment schedule has the following data in Total row:[39m                                                                                                                                                             [90m# org.apache.fineract.test.stepdef.loan.LoanStepDef.loanRepaymentScheduleAmountCheck(io.cucumber.datatable.DataTable)[39m
      | Principal due | Interest | Fees | Penalties | Due    | Paid  | In advance | Late | Outstanding |
      | 1000.0        | 0.0      | 0.0  | 20.0      | 1020.0 | 500.0 | 0.0        | 0.0  | 520.0       |
  [32m✔[39m [32m[1mThen [22mLoan Transactions tab has the following data:[39m                                                                                                                                                                            [90m# org.apache.fineract.test.stepdef.loan.LoanStepDef.loanTransactionsTabCheck(io.cucumber.datatable.DataTable)[39m
      | Transaction date  | Transaction Type | Amount | Principal | Interest | Fees | Penalties | Loan Balance |
      | 01 September 2023 | Disbursement     | 1000.0 | 0.0       | 0.0      | 0.0  | 0.0       | 1000.0       |
      | 01 September 2023 | Repayment        | 250.0  | 250.0     | 0.0      | 0.0  | 0.0       | 750.0        |
      | 16 September 2023 | Repayment        | 250.0  | 250.0     | 0.0      | 0.0  | 0.0       | 500.0        |
  [32m✔[39m [32m[1mThen [22mLoan Charges tab has the following data:[39m                                                                                                                                                                                 [90m# org.apache.fineract.test.stepdef.loan.LoanStepDef.loanChargesTabCheck(io.cucumber.datatable.DataTable)[39m
      | Name    | isPenalty | Payment due at     | Due as of       | Calculation type | Due  | Paid | Waived | Outstanding |
      | NSF fee | true      | Specified due date | 17 October 2023 | Flat             | 20.0 | 0.0  | 0.0    | 20.0        |
  [32m✔[39m [32m[1mWhen [22mAdmin adds [1m"LOAN_NSF_FEE"[22m due date charge with [1m"17 September 2023"[22m due date and [1m20[22m EUR transaction amount[39m                                                                                                                [90m# org.apache.fineract.test.stepdef.loan.LoanChargeStepDef.addChargeDueDate(java.lang.String,java.lang.String,double)[39m
  [32m✔[39m [32m[1mWhen [22mAdmin adds [1m"LOAN_NSF_FEE"[22m due date charge with [1m"16 October 2023"[22m due date and [1m20[22m EUR transaction amount[39m                                                                                                                  [90m# org.apache.fineract.test.stepdef.loan.LoanChargeStepDef.addChargeDueDate(java.lang.String,java.lang.String,double)[39m
  [32m✔[39m [32m[1mThen [22mLoan Repayment schedule has [1m5[22m periods, with the following data for periods:[39m                                                                                                                                              [90m# org.apache.fineract.test.stepdef.loan.LoanStepDef.loanRepaymentSchedulePeriodsCheck(int,io.cucumber.datatable.DataTable)[39m
      | Nr | Days | Date              | Paid date         | Balance of loan | Principal due | Interest | Fees | Penalties | Due   | Paid  | In advance | Late | Outstanding |
      |    |      | 01 September 2023 |                   | 1000.0          |               |          | 0.0  |           | 0.0   | 0.0   |            |      |             |
      | 1  | 0    | 01 September 2023 | 01 September 2023 | 750.0           | 250.0         | 0.0      | 0.0  | 0.0       | 250.0 | 250.0 | 0.0        | 0.0  | 0.0         |
      | 2  | 15   | 16 September 2023 | 16 September 2023 | 500.0           | 250.0         | 0.0      | 0.0  | 0.0       | 250.0 | 250.0 | 0.0        | 0.0  | 0.0         |
      | 3  | 15   | 01 October 2023   |                   | 250.0           | 250.0         | 0.0      | 0.0  | 20.0      | 270.0 | 0.0   | 0.0        | 0.0  | 270.0       |
      | 4  | 15   | 16 October 2023   |                   | 0.0             | 250.0         | 0.0      | 0.0  | 20.0      | 270.0 | 0.0   | 0.0        | 0.0  | 270.0       |
      | 5  | 1    | 17 October 2023   |                   | 0.0             | 0.0           | 0.0      | 0.0  | 20.0      | 20.0  | 0.0   | 0.0        | 0.0  | 20.0        |
  [32m✔[39m [32m[1mThen [22mLoan Repayment schedule has the following data in Total row:[39m                                                                                                                                                             [90m# org.apache.fineract.test.stepdef.loan.LoanStepDef.loanRepaymentScheduleAmountCheck(io.cucumber.datatable.DataTable)[39m
      | Principal due | Interest | Fees | Penalties | Due    | Paid  | In advance | Late | Outstanding |
      | 1000.0        | 0.0      | 0.0  | 60.0      | 1060.0 | 500.0 | 0.0        | 0.0  | 560.0       |
  [32m✔[39m [32m[1mThen [22mLoan Transactions tab has the following data:[39m                                                                                                                                                                            [90m# org.apache.fineract.test.stepdef.loan.LoanStepDef.loanTransactionsTabCheck(io.cucumber.datatable.DataTable)[39m
      | Transaction date  | Transaction Type | Amount | Principal | Interest | Fees | Penalties | Loan Balance |
      | 01 September 2023 | Disbursement     | 1000.0 | 0.0       | 0.0      | 0.0  | 0.0       | 1000.0       |
      | 01 September 2023 | Repayment        | 250.0  | 250.0     | 0.0      | 0.0  | 0.0       | 750.0        |
      | 16 September 2023 | Repayment        | 250.0  | 250.0     | 0.0      | 0.0  | 0.0       | 500.0        |
  [32m✔[39m [32m[1mThen [22mLoan Charges tab has the following data:[39m                                                                                                                                                                                 [90m# org.apache.fineract.test.stepdef.loan.LoanStepDef.loanChargesTabCheck(io.cucumber.datatable.DataTable)[39m
      | Name    | isPenalty | Payment due at     | Due as of         | Calculation type | Due  | Paid | Waived | Outstanding |
      | NSF fee | true      | Specified due date | 17 October 2023   | Flat             | 20.0 | 0.0  | 0.0    | 20.0        |
      | NSF fee | true      | Specified due date | 16 October 2023   | Flat             | 20.0 | 0.0  | 0.0    | 20.0        |
      | NSF fee | true      | Specified due date | 17 September 2023 | Flat             | 20.0 | 0.0  | 0.0    | 20.0        |
  [32m✔[39m [32m[1mWhen [22mAdmin sets the business date to [1m"17 October 2023"[22m[39m                                                                                                                                                                        [90m# org.apache.fineract.test.stepdef.common.BusinessDateStepDef.setBusinessDate(java.lang.String)[39m
  [32m✔[39m [32m[1mWhen [22mCustomer makes [1m"GOODWILL_CREDIT"[22m transaction with [1m"AUTOPAY"[22m payment type on [1m"17 October 2023"[22m with [1m35[22m EUR transaction amount and system-generated Idempotency key[39m                                                        [90m# org.apache.fineract.test.stepdef.loan.LoanStepDef.createTransactionWithAutoIdempotencyKey(java.lang.String,java.lang.String,java.lang.String,double)[39m
  [32m✔[39m [32m[1mThen [22mLoan Repayment schedule has [1m5[22m periods, with the following data for periods:[39m                                                                                                                                              [90m# org.apache.fineract.test.stepdef.loan.LoanStepDef.loanRepaymentSchedulePeriodsCheck(int,io.cucumber.datatable.DataTable)[39m
      | Nr | Days | Date              | Paid date         | Balance of loan | Principal due | Interest | Fees | Penalties | Due   | Paid  | In advance | Late | Outstanding |
      |    |      | 01 September 2023 |                   | 1000.0          |               |          | 0.0  |           | 0.0   | 0.0   |            |      |             |
      | 1  | 0    | 01 September 2023 | 01 September 2023 | 750.0           | 250.0         | 0.0      | 0.0  | 0.0       | 250.0 | 250.0 | 0.0        | 0.0  | 0.0         |
      | 2  | 15   | 16 September 2023 | 16 September 2023 | 500.0           | 250.0         | 0.0      | 0.0  | 0.0       | 250.0 | 250.0 | 0.0        | 0.0  | 0.0         |
      | 3  | 15   | 01 October 2023   |                   | 250.0           | 250.0         | 0.0      | 0.0  | 20.0      | 270.0 | 35.0  | 0.0        | 35.0 | 235.0       |
      | 4  | 15   | 16 October 2023   |                   | 0.0             | 250.0         | 0.0      | 0.0  | 20.0      | 270.0 | 0.0   | 0.0        | 0.0  | 270.0       |
      | 5  | 1    | 17 October 2023   |                   | 0.0             | 0.0           | 0.0      | 0.0  | 20.0      | 20.0  | 0.0   | 0.0        | 0.0  | 20.0        |
  [32m✔[39m [32m[1mThen [22mLoan Repayment schedule has the following data in Total row:[39m                                                                                                                                                             [90m# org.apache.fineract.test.stepdef.loan.LoanStepDef.loanRepaymentScheduleAmountCheck(io.cucumber.datatable.DataTable)[39m
      | Principal due | Interest | Fees | Penalties | Due    | Paid  | In advance | Late | Outstanding |
      | 1000.0        | 0.0      | 0.0  | 60.0      | 1060.0 | 535.0 | 0.0        | 35.0 | 525.0       |
  [32m✔[39m [32m[1mThen [22mLoan Transactions tab has the following data:[39m                                                                                                                                                                            [90m# org.apache.fineract.test.stepdef.loan.LoanStepDef.loanTransactionsTabCheck(io.cucumber.datatable.DataTable)[39m
      | Transaction date  | Transaction Type | Amount | Principal | Interest | Fees | Penalties | Loan Balance |
      | 01 September 2023 | Disbursement     | 1000.0 | 0.0       | 0.0      | 0.0  | 0.0       | 1000.0       |
      | 01 September 2023 | Repayment        | 250.0  | 250.0     | 0.0      | 0.0  | 0.0       | 750.0        |
      | 16 September 2023 | Repayment        | 250.0  | 250.0     | 0.0      | 0.0  | 0.0       | 500.0        |
      | 17 October 2023   | Goodwill Credit  | 35.0   | 15.0      | 0.0      | 0.0  | 20.0      | 485.0        |
  [32m✔[39m [32m[1mThen [22mLoan Charges tab has the following data:[39m                                                                                                                                                                                 [90m# org.apache.fineract.test.stepdef.loan.LoanStepDef.loanChargesTabCheck(io.cucumber.datatable.DataTable)[39m
      | Name    | isPenalty | Payment due at     | Due as of         | Calculation type | Due  | Paid | Waived | Outstanding |
      | NSF fee | true      | Specified due date | 17 October 2023   | Flat             | 20.0 | 0.0  | 0.0    | 20.0        |
      | NSF fee | true      | Specified due date | 16 October 2023   | Flat             | 20.0 | 0.0  | 0.0    | 20.0        |
      | NSF fee | true      | Specified due date | 17 September 2023 | Flat             | 20.0 | 20.0 | 0.0    | 0.0         |

@LoanFeature @TestRailId:C2949 @AdvancedPaymentAllocation @ProgressiveLoanSchedule
[1mScenario:[22m Verify AdvancedPaymentAllocation behaviour: loanScheduleProcessingType-vertical, charge after maturity, late Goodwill credit transaction (future installment type: LAST_INSTALLMENT) - amount > first past due charge [90m# fineract-e2e-tests-runner/src/test/resources/features/Loan-Part3.feature:347[39m
  [32m✔[39m [32m[1mWhen [22mAdmin sets the business date to [1m"01 September 2023"[22m[39m                                                                                                                                                                    [90m# org.apache.fineract.test.stepdef.common.BusinessDateStepDef.setBusinessDate(java.lang.String)[39m
  [32m✔[39m [32m[1mWhen [22mAdmin creates a client with random data[39m                                                                                                                                                                                [90m# org.apache.fineract.test.stepdef.common.ClientStepDef.createClientRandomFirstNameLastName()[39m
  [32m✔[39m [32m[1mWhen [22mAdmin creates a fully customized loan with the following data:[39m                                                                                                                                                         [90m# org.apache.fineract.test.stepdef.loan.LoanStepDef.createFullyCustomizedLoan(io.cucumber.datatable.DataTable)[39m
      | LoanProduct                                                      | submitted on date | with Principal | ANNUAL interest rate % | interest type | interest calculation period | amortization type  | loanTermFrequency | loanTermFrequencyType | repaymentEvery | repaymentFrequencyType | numberOfRepayments | graceOnPrincipalPayment | graceOnInterestPayment | interest free period | Payment strategy            |
      | LP2_DOWNPAYMENT_ADV_PMT_ALLOC_PROGRESSIVE_LOAN_SCHEDULE_VERTICAL | 01 September 2023 | 1000           | 0                      | FLAT          | SAME_AS_REPAYMENT_PERIOD    | EQUAL_INSTALLMENTS | 45                | DAYS                  | 15             | DAYS                   | 3                  | 0                       | 0                      | 0                    | ADVANCED_PAYMENT_ALLOCATION |
  [32m✔[39m [32m[1mAnd [22mAdmin successfully approves the loan on [1m"01 September 2023"[22m with [1m"1000"[22m amount and expected disbursement date on [1m"01 September 2023"[22m[39m                                                                                    [90m# org.apache.fineract.test.stepdef.loan.LoanStepDef.approveLoan(java.lang.String,java.lang.String,java.lang.String)[39m
  [32m✔[39m [32m[1mWhen [22mAdmin successfully disburse the loan on [1m"01 September 2023"[22m with [1m"1000"[22m EUR transaction amount[39m                                                                                                                         [90m# org.apache.fineract.test.stepdef.loan.LoanStepDef.disburseLoan(java.lang.String,java.lang.String)[39m
  [32m✔[39m [32m[1mThen [22mLoan Repayment schedule has [1m4[22m periods, with the following data for periods:[39m                                                                                                                                            [90m# org.apache.fineract.test.stepdef.loan.LoanStepDef.loanRepaymentSchedulePeriodsCheck(int,io.cucumber.datatable.DataTable)[39m
      | Nr | Days | Date              | Paid date | Balance of loan | Principal due | Interest | Fees | Penalties | Due   | Paid | In advance | Late | Outstanding |
      |    |      | 01 September 2023 |           | 1000.0          |               |          | 0.0  |           | 0.0   | 0.0  |            |      |             |
      | 1  | 0    | 01 September 2023 |           | 750.0           | 250.0         | 0.0      | 0.0  | 0.0       | 250.0 | 0.0  | 0.0        | 0.0  | 250.0       |
      | 2  | 15   | 16 September 2023 |           | 500.0           | 250.0         | 0.0      | 0.0  | 0.0       | 250.0 | 0.0  | 0.0        | 0.0  | 250.0       |
      | 3  | 15   | 01 October 2023   |           | 250.0           | 250.0         | 0.0      | 0.0  | 0.0       | 250.0 | 0.0  | 0.0        | 0.0  | 250.0       |
      | 4  | 15   | 16 October 2023   |           | 0.0             | 250.0         | 0.0      | 0.0  | 0.0       | 250.0 | 0.0  | 0.0        | 0.0  | 250.0       |
  [32m✔[39m [32m[1mThen [22mLoan Repayment schedule has the following data in Total row:[39m                                                                                                                                                           [90m# org.apache.fineract.test.stepdef.loan.LoanStepDef.loanRepaymentScheduleAmountCheck(io.cucumber.datatable.DataTable)[39m
      | Principal due | Interest | Fees | Penalties | Due    | Paid | In advance | Late | Outstanding |
      | 1000.0        | 0.0      | 0.0  | 0.0       | 1000.0 | 0.0  | 0.0        | 0.0  | 1000.0      |
  [32m✔[39m [32m[1mThen [22mLoan Transactions tab has the following data:[39m                                                                                                                                                                          [90m# org.apache.fineract.test.stepdef.loan.LoanStepDef.loanTransactionsTabCheck(io.cucumber.datatable.DataTable)[39m
      | Transaction date  | Transaction Type | Amount | Principal | Interest | Fees | Penalties | Loan Balance |
      | 01 September 2023 | Disbursement     | 1000.0 | 0.0       | 0.0      | 0.0  | 0.0       | 1000.0       |
  [32m✔[39m [32m[1mWhen [22mAdmin adds [1m"LOAN_NSF_FEE"[22m due date charge with [1m"17 October 2023"[22m due date and [1m20[22m EUR transaction amount[39m                                                                                                                [90m# org.apache.fineract.test.stepdef.loan.LoanChargeStepDef.addChargeDueDate(java.lang.String,java.lang.String,double)[39m
  [32m✔[39m [32m[1mThen [22mLoan Repayment schedule has [1m5[22m periods, with the following data for periods:[39m                                                                                                                                            [90m# org.apache.fineract.test.stepdef.loan.LoanStepDef.loanRepaymentSchedulePeriodsCheck(int,io.cucumber.datatable.DataTable)[39m
      | Nr | Days | Date              | Paid date | Balance of loan | Principal due | Interest | Fees | Penalties | Due   | Paid | In advance | Late | Outstanding |
      |    |      | 01 September 2023 |           | 1000.0          |               |          | 0.0  |           | 0.0   | 0.0  |            |      |             |
      | 1  | 0    | 01 September 2023 |           | 750.0           | 250.0         | 0.0      | 0.0  | 0.0       | 250.0 | 0.0  | 0.0        | 0.0  | 250.0       |
      | 2  | 15   | 16 September 2023 |           | 500.0           | 250.0         | 0.0      | 0.0  | 0.0       | 250.0 | 0.0  | 0.0        | 0.0  | 250.0       |
      | 3  | 15   | 01 October 2023   |           | 250.0           | 250.0         | 0.0      | 0.0  | 0.0       | 250.0 | 0.0  | 0.0        | 0.0  | 250.0       |
      | 4  | 15   | 16 October 2023   |           | 0.0             | 250.0         | 0.0      | 0.0  | 0.0       | 250.0 | 0.0  | 0.0        | 0.0  | 250.0       |
      | 5  | 1    | 17 October 2023   |           | 0.0             | 0.0           | 0.0      | 0.0  | 20.0      | 20.0  | 0.0  | 0.0        | 0.0  | 20.0        |
  [32m✔[39m [32m[1mThen [22mLoan Repayment schedule has the following data in Total row:[39m                                                                                                                                                           [90m# org.apache.fineract.test.stepdef.loan.LoanStepDef.loanRepaymentScheduleAmountCheck(io.cucumber.datatable.DataTable)[39m
      | Principal due | Interest | Fees | Penalties | Due    | Paid | In advance | Late | Outstanding |
      | 1000.0        | 0.0      | 0.0  | 20.0      | 1020.0 | 0.0  | 0.0        | 0.0  | 1020.0      |
  [32m✔[39m [32m[1mThen [22mLoan Transactions tab has the following data:[39m                                                                                                                                                                          [90m# org.apache.fineract.test.stepdef.loan.LoanStepDef.loanTransactionsTabCheck(io.cucumber.datatable.DataTable)[39m
      | Transaction date  | Transaction Type | Amount | Principal | Interest | Fees | Penalties | Loan Balance |
      | 01 September 2023 | Disbursement     | 1000.0 | 0.0       | 0.0      | 0.0  | 0.0       | 1000.0       |
  [32m✔[39m [32m[1mThen [22mLoan Charges tab has the following data:[39m                                                                                                                                                                               [90m# org.apache.fineract.test.stepdef.loan.LoanStepDef.loanChargesTabCheck(io.cucumber.datatable.DataTable)[39m
      | Name    | isPenalty | Payment due at     | Due as of       | Calculation type | Due  | Paid | Waived | Outstanding |
      | NSF fee | true      | Specified due date | 17 October 2023 | Flat             | 20.0 | 0.0  | 0.0    | 20.0        |
  [32m✔[39m [32m[1mAnd [22mCustomer makes [1m"AUTOPAY"[22m repayment on [1m"01 September 2023"[22m with [1m250[22m EUR transaction amount[39m                                                                                                                               [90m# org.apache.fineract.test.stepdef.loan.LoanRepaymentStepDef.makeLoanRepayment(java.lang.String,java.lang.String,double)[39m
  [32m✔[39m [32m[1mWhen [22mAdmin sets the business date to [1m"16 September 2023"[22m[39m                                                                                                                                                                    [90m# org.apache.fineract.test.stepdef.common.BusinessDateStepDef.setBusinessDate(java.lang.String)[39m
  [32m✔[39m [32m[1mAnd [22mCustomer makes [1m"AUTOPAY"[22m repayment on [1m"16 September 2023"[22m with [1m250[22m EUR transaction amount[39m                                                                                                                               [90m# org.apache.fineract.test.stepdef.loan.LoanRepaymentStepDef.makeLoanRepayment(java.lang.String,java.lang.String,double)[39m
  [32m✔[39m [32m[1mThen [22mLoan Repayment schedule has [1m5[22m periods, with the following data for periods:[39m                                                                                                                                            [90m# org.apache.fineract.test.stepdef.loan.LoanStepDef.loanRepaymentSchedulePeriodsCheck(int,io.cucumber.datatable.DataTable)[39m
      | Nr | Days | Date              | Paid date         | Balance of loan | Principal due | Interest | Fees | Penalties | Due   | Paid  | In advance | Late | Outstanding |
      |    |      | 01 September 2023 |                   | 1000.0          |               |          | 0.0  |           | 0.0   | 0.0   |            |      |             |
      | 1  | 0    | 01 September 2023 | 01 September 2023 | 750.0           | 250.0         | 0.0      | 0.0  | 0.0       | 250.0 | 250.0 | 0.0        | 0.0  | 0.0         |
      | 2  | 15   | 16 September 2023 | 16 September 2023 | 500.0           | 250.0         | 0.0      | 0.0  | 0.0       | 250.0 | 250.0 | 0.0        | 0.0  | 0.0         |
      | 3  | 15   | 01 October 2023   |                   | 250.0           | 250.0         | 0.0      | 0.0  | 0.0       | 250.0 | 0.0   | 0.0        | 0.0  | 250.0       |
      | 4  | 15   | 16 October 2023   |                   | 0.0             | 250.0         | 0.0      | 0.0  | 0.0       | 250.0 | 0.0   | 0.0        | 0.0  | 250.0       |
      | 5  | 1    | 17 October 2023   |                   | 0.0             | 0.0           | 0.0      | 0.0  | 20.0      | 20.0  | 0.0   | 0.0        | 0.0  | 20.0        |
  [32m✔[39m [32m[1mThen [22mLoan Repayment schedule has the following data in Total row:[39m                                                                                                                                                           [90m# org.apache.fineract.test.stepdef.loan.LoanStepDef.loanRepaymentScheduleAmountCheck(io.cucumber.datatable.DataTable)[39m
      | Principal due | Interest | Fees | Penalties | Due    | Paid  | In advance | Late | Outstanding |
      | 1000.0        | 0.0      | 0.0  | 20.0      | 1020.0 | 500.0 | 0.0        | 0.0  | 520.0       |
  [32m✔[39m [32m[1mThen [22mLoan Transactions tab has the following data:[39m                                                                                                                                                                          [90m# org.apache.fineract.test.stepdef.loan.LoanStepDef.loanTransactionsTabCheck(io.cucumber.datatable.DataTable)[39m
      | Transaction date  | Transaction Type | Amount | Principal | Interest | Fees | Penalties | Loan Balance |
      | 01 September 2023 | Disbursement     | 1000.0 | 0.0       | 0.0      | 0.0  | 0.0       | 1000.0       |
      | 01 September 2023 | Repayment        | 250.0  | 250.0     | 0.0      | 0.0  | 0.0       | 750.0        |
      | 16 September 2023 | Repayment        | 250.0  | 250.0     | 0.0      | 0.0  | 0.0       | 500.0        |
  [32m✔[39m [32m[1mThen [22mLoan Charges tab has the following data:[39m                                                                                                                                                                               [90m# org.apache.fineract.test.stepdef.loan.LoanStepDef.loanChargesTabCheck(io.cucumber.datatable.DataTable)[39m
      | Name    | isPenalty | Payment due at     | Due as of       | Calculation type | Due  | Paid | Waived | Outstanding |
      | NSF fee | true      | Specified due date | 17 October 2023 | Flat             | 20.0 | 0.0  | 0.0    | 20.0        |
  [32m✔[39m [32m[1mWhen [22mAdmin adds [1m"LOAN_NSF_FEE"[22m due date charge with [1m"17 September 2023"[22m due date and [1m20[22m EUR transaction amount[39m                                                                                                              [90m# org.apache.fineract.test.stepdef.loan.LoanChargeStepDef.addChargeDueDate(java.lang.String,java.lang.String,double)[39m
  [32m✔[39m [32m[1mWhen [22mAdmin adds [1m"LOAN_NSF_FEE"[22m due date charge with [1m"16 October 2023"[22m due date and [1m20[22m EUR transaction amount[39m                                                                                                                [90m# org.apache.fineract.test.stepdef.loan.LoanChargeStepDef.addChargeDueDate(java.lang.String,java.lang.String,double)[39m
  [32m✔[39m [32m[1mThen [22mLoan Repayment schedule has [1m5[22m periods, with the following data for periods:[39m                                                                                                                                            [90m# org.apache.fineract.test.stepdef.loan.LoanStepDef.loanRepaymentSchedulePeriodsCheck(int,io.cucumber.datatable.DataTable)[39m
      | Nr | Days | Date              | Paid date         | Balance of loan | Principal due | Interest | Fees | Penalties | Due   | Paid  | In advance | Late | Outstanding |
      |    |      | 01 September 2023 |                   | 1000.0          |               |          | 0.0  |           | 0.0   | 0.0   |            |      |             |
      | 1  | 0    | 01 September 2023 | 01 September 2023 | 750.0           | 250.0         | 0.0      | 0.0  | 0.0       | 250.0 | 250.0 | 0.0        | 0.0  | 0.0         |
      | 2  | 15   | 16 September 2023 | 16 September 2023 | 500.0           | 250.0         | 0.0      | 0.0  | 0.0       | 250.0 | 250.0 | 0.0        | 0.0  | 0.0         |
      | 3  | 15   | 01 October 2023   |                   | 250.0           | 250.0         | 0.0      | 0.0  | 20.0      | 270.0 | 0.0   | 0.0        | 0.0  | 270.0       |
      | 4  | 15   | 16 October 2023   |                   | 0.0             | 250.0         | 0.0      | 0.0  | 20.0      | 270.0 | 0.0   | 0.0        | 0.0  | 270.0       |
      | 5  | 1    | 17 October 2023   |                   | 0.0             | 0.0           | 0.0      | 0.0  | 20.0      | 20.0  | 0.0   | 0.0        | 0.0  | 20.0        |
  [32m✔[39m [32m[1mThen [22mLoan Repayment schedule has the following data in Total row:[39m                                                                                                                                                           [90m# org.apache.fineract.test.stepdef.loan.LoanStepDef.loanRepaymentScheduleAmountCheck(io.cucumber.datatable.DataTable)[39m
      | Principal due | Interest | Fees | Penalties | Due    | Paid  | In advance | Late | Outstanding |
      | 1000.0        | 0.0      | 0.0  | 60.0      | 1060.0 | 500.0 | 0.0        | 0.0  | 560.0       |
  [32m✔[39m [32m[1mThen [22mLoan Transactions tab has the following data:[39m                                                                                                                                                                          [90m# org.apache.fineract.test.stepdef.loan.LoanStepDef.loanTransactionsTabCheck(io.cucumber.datatable.DataTable)[39m
      | Transaction date  | Transaction Type | Amount | Principal | Interest | Fees | Penalties | Loan Balance |
      | 01 September 2023 | Disbursement     | 1000.0 | 0.0       | 0.0      | 0.0  | 0.0       | 1000.0       |
      | 01 September 2023 | Repayment        | 250.0  | 250.0     | 0.0      | 0.0  | 0.0       | 750.0        |
      | 16 September 2023 | Repayment        | 250.0  | 250.0     | 0.0      | 0.0  | 0.0       | 500.0        |
  [32m✔[39m [32m[1mThen [22mLoan Charges tab has the following data:[39m                                                                                                                                                                               [90m# org.apache.fineract.test.stepdef.loan.LoanStepDef.loanChargesTabCheck(io.cucumber.datatable.DataTable)[39m
      | Name    | isPenalty | Payment due at     | Due as of         | Calculation type | Due  | Paid | Waived | Outstanding |
      | NSF fee | true      | Specified due date | 17 October 2023   | Flat             | 20.0 | 0.0  | 0.0    | 20.0        |
      | NSF fee | true      | Specified due date | 16 October 2023   | Flat             | 20.0 | 0.0  | 0.0    | 20.0        |
      | NSF fee | true      | Specified due date | 17 September 2023 | Flat             | 20.0 | 0.0  | 0.0    | 20.0        |
  [32m✔[39m [32m[1mWhen [22mAdmin sets the business date to [1m"17 October 2023"[22m[39m                                                                                                                                                                      [90m# org.apache.fineract.test.stepdef.common.BusinessDateStepDef.setBusinessDate(java.lang.String)[39m
  [32m✔[39m [32m[1mWhen [22mCustomer makes [1m"GOODWILL_CREDIT"[22m transaction with [1m"AUTOPAY"[22m payment type on [1m"17 October 2023"[22m with [1m35[22m EUR transaction amount and system-generated Idempotency key[39m                                                      [90m# org.apache.fineract.test.stepdef.loan.LoanStepDef.createTransactionWithAutoIdempotencyKey(java.lang.String,java.lang.String,java.lang.String,double)[39m
  [32m✔[39m [32m[1mThen [22mLoan Repayment schedule has [1m5[22m periods, with the following data for periods:[39m                                                                                                                                            [90m# org.apache.fineract.test.stepdef.loan.LoanStepDef.loanRepaymentSchedulePeriodsCheck(int,io.cucumber.datatable.DataTable)[39m
      | Nr | Days | Date              | Paid date         | Balance of loan | Principal due | Interest | Fees | Penalties | Due   | Paid  | In advance | Late | Outstanding |
      |    |      | 01 September 2023 |                   | 1000.0          |               |          | 0.0  |           | 0.0   | 0.0   |            |      |             |
      | 1  | 0    | 01 September 2023 | 01 September 2023 | 750.0           | 250.0         | 0.0      | 0.0  | 0.0       | 250.0 | 250.0 | 0.0        | 0.0  | 0.0         |
      | 2  | 15   | 16 September 2023 | 16 September 2023 | 500.0           | 250.0         | 0.0      | 0.0  | 0.0       | 250.0 | 250.0 | 0.0        | 0.0  | 0.0         |
      | 3  | 15   | 01 October 2023   |                   | 250.0           | 250.0         | 0.0      | 0.0  | 20.0      | 270.0 | 20.0  | 0.0        | 20.0 | 250.0       |
      | 4  | 15   | 16 October 2023   |                   | 0.0             | 250.0         | 0.0      | 0.0  | 20.0      | 270.0 | 15.0  | 0.0        | 15.0 | 255.0       |
      | 5  | 1    | 17 October 2023   |                   | 0.0             | 0.0           | 0.0      | 0.0  | 20.0      | 20.0  | 0.0   | 0.0        | 0.0  | 20.0        |
  [32m✔[39m [32m[1mThen [22mLoan Repayment schedule has the following data in Total row:[39m                                                                                                                                                           [90m# org.apache.fineract.test.stepdef.loan.LoanStepDef.loanRepaymentScheduleAmountCheck(io.cucumber.datatable.DataTable)[39m
      | Principal due | Interest | Fees | Penalties | Due    | Paid  | In advance | Late | Outstanding |
      | 1000.0        | 0.0      | 0.0  | 60.0      | 1060.0 | 535.0 | 0.0        | 35.0 | 525.0       |
  [32m✔[39m [32m[1mThen [22mLoan Transactions tab has the following data:[39m                                                                                                                                                                          [90m# org.apache.fineract.test.stepdef.loan.LoanStepDef.loanTransactionsTabCheck(io.cucumber.datatable.DataTable)[39m
      | Transaction date  | Transaction Type | Amount | Principal | Interest | Fees | Penalties | Loan Balance |
      | 01 September 2023 | Disbursement     | 1000.0 | 0.0       | 0.0      | 0.0  | 0.0       | 1000.0       |
      | 01 September 2023 | Repayment        | 250.0  | 250.0     | 0.0      | 0.0  | 0.0       | 750.0        |
      | 16 September 2023 | Repayment        | 250.0  | 250.0     | 0.0      | 0.0  | 0.0       | 500.0        |
      | 17 October 2023   | Goodwill Credit  | 35.0   | 0.0       | 0.0      | 0.0  | 35.0      | 500.0        |
  [32m✔[39m [32m[1mThen [22mLoan Charges tab has the following data:[39m                                                                                                                                                                               [90m# org.apache.fineract.test.stepdef.loan.LoanStepDef.loanChargesTabCheck(io.cucumber.datatable.DataTable)[39m
      | Name    | isPenalty | Payment due at     | Due as of         | Calculation type | Due  | Paid | Waived | Outstanding |
      | NSF fee | true      | Specified due date | 17 October 2023   | Flat             | 20.0 | 0.0  | 0.0    | 20.0        |
      | NSF fee | true      | Specified due date | 16 October 2023   | Flat             | 20.0 | 15.0 | 0.0    | 5.0         |
      | NSF fee | true      | Specified due date | 17 September 2023 | Flat             | 20.0 | 20.0 | 0.0    | 0.0         |

@LoanFeature @TestRailId:C2950 @AdvancedPaymentAllocation @ProgressiveLoanSchedule
[1mScenario:[22m Verify AdvancedPaymentAllocation behaviour: loanScheduleProcessingType-horizontal, charge after maturity, late Goodwill credit transaction (future installment type: LAST_INSTALLMENT) - amount > sum past due charges [90m# fineract-e2e-tests-runner/src/test/resources/features/Loan-Part3.feature:461[39m
  [32m✔[39m [32m[1mWhen [22mAdmin sets the business date to [1m"01 September 2023"[22m[39m                                                                                                                                                                     [90m# org.apache.fineract.test.stepdef.common.BusinessDateStepDef.setBusinessDate(java.lang.String)[39m
  [32m✔[39m [32m[1mWhen [22mAdmin creates a client with random data[39m                                                                                                                                                                                 [90m# org.apache.fineract.test.stepdef.common.ClientStepDef.createClientRandomFirstNameLastName()[39m
  [32m✔[39m [32m[1mWhen [22mAdmin creates a fully customized loan with the following data:[39m                                                                                                                                                          [90m# org.apache.fineract.test.stepdef.loan.LoanStepDef.createFullyCustomizedLoan(io.cucumber.datatable.DataTable)[39m
      | LoanProduct                                                        | submitted on date | with Principal | ANNUAL interest rate % | interest type | interest calculation period | amortization type  | loanTermFrequency | loanTermFrequencyType | repaymentEvery | repaymentFrequencyType | numberOfRepayments | graceOnPrincipalPayment | graceOnInterestPayment | interest free period | Payment strategy            |
      | LP2_DOWNPAYMENT_ADV_PMT_ALLOC_PROGRESSIVE_LOAN_SCHEDULE_HORIZONTAL | 01 September 2023 | 1000           | 0                      | FLAT          | SAME_AS_REPAYMENT_PERIOD    | EQUAL_INSTALLMENTS | 45                | DAYS                  | 15             | DAYS                   | 3                  | 0                       | 0                      | 0                    | ADVANCED_PAYMENT_ALLOCATION |
  [32m✔[39m [32m[1mAnd [22mAdmin successfully approves the loan on [1m"01 September 2023"[22m with [1m"1000"[22m amount and expected disbursement date on [1m"01 September 2023"[22m[39m                                                                                     [90m# org.apache.fineract.test.stepdef.loan.LoanStepDef.approveLoan(java.lang.String,java.lang.String,java.lang.String)[39m
  [32m✔[39m [32m[1mWhen [22mAdmin successfully disburse the loan on [1m"01 September 2023"[22m with [1m"1000"[22m EUR transaction amount[39m                                                                                                                          [90m# org.apache.fineract.test.stepdef.loan.LoanStepDef.disburseLoan(java.lang.String,java.lang.String)[39m
  [32m✔[39m [32m[1mThen [22mLoan Repayment schedule has [1m4[22m periods, with the following data for periods:[39m                                                                                                                                             [90m# org.apache.fineract.test.stepdef.loan.LoanStepDef.loanRepaymentSchedulePeriodsCheck(int,io.cucumber.datatable.DataTable)[39m
      | Nr | Days | Date              | Paid date | Balance of loan | Principal due | Interest | Fees | Penalties | Due   | Paid | In advance | Late | Outstanding |
      |    |      | 01 September 2023 |           | 1000.0          |               |          | 0.0  |           | 0.0   | 0.0  |            |      |             |
      | 1  | 0    | 01 September 2023 |           | 750.0           | 250.0         | 0.0      | 0.0  | 0.0       | 250.0 | 0.0  | 0.0        | 0.0  | 250.0       |
      | 2  | 15   | 16 September 2023 |           | 500.0           | 250.0         | 0.0      | 0.0  | 0.0       | 250.0 | 0.0  | 0.0        | 0.0  | 250.0       |
      | 3  | 15   | 01 October 2023   |           | 250.0           | 250.0         | 0.0      | 0.0  | 0.0       | 250.0 | 0.0  | 0.0        | 0.0  | 250.0       |
      | 4  | 15   | 16 October 2023   |           | 0.0             | 250.0         | 0.0      | 0.0  | 0.0       | 250.0 | 0.0  | 0.0        | 0.0  | 250.0       |
  [32m✔[39m [32m[1mThen [22mLoan Repayment schedule has the following data in Total row:[39m                                                                                                                                                            [90m# org.apache.fineract.test.stepdef.loan.LoanStepDef.loanRepaymentScheduleAmountCheck(io.cucumber.datatable.DataTable)[39m
      | Principal due | Interest | Fees | Penalties | Due    | Paid | In advance | Late | Outstanding |
      | 1000.0        | 0.0      | 0.0  | 0.0       | 1000.0 | 0.0  | 0.0        | 0.0  | 1000.0      |
  [32m✔[39m [32m[1mThen [22mLoan Transactions tab has the following data:[39m                                                                                                                                                                           [90m# org.apache.fineract.test.stepdef.loan.LoanStepDef.loanTransactionsTabCheck(io.cucumber.datatable.DataTable)[39m
      | Transaction date  | Transaction Type | Amount | Principal | Interest | Fees | Penalties | Loan Balance |
      | 01 September 2023 | Disbursement     | 1000.0 | 0.0       | 0.0      | 0.0  | 0.0       | 1000.0       |
  [32m✔[39m [32m[1mWhen [22mAdmin adds [1m"LOAN_NSF_FEE"[22m due date charge with [1m"17 October 2023"[22m due date and [1m20[22m EUR transaction amount[39m                                                                                                                 [90m# org.apache.fineract.test.stepdef.loan.LoanChargeStepDef.addChargeDueDate(java.lang.String,java.lang.String,double)[39m
  [32m✔[39m [32m[1mThen [22mLoan Repayment schedule has [1m5[22m periods, with the following data for periods:[39m                                                                                                                                             [90m# org.apache.fineract.test.stepdef.loan.LoanStepDef.loanRepaymentSchedulePeriodsCheck(int,io.cucumber.datatable.DataTable)[39m
      | Nr | Days | Date              | Paid date | Balance of loan | Principal due | Interest | Fees | Penalties | Due   | Paid | In advance | Late | Outstanding |
      |    |      | 01 September 2023 |           | 1000.0          |               |          | 0.0  |           | 0.0   | 0.0  |            |      |             |
      | 1  | 0    | 01 September 2023 |           | 750.0           | 250.0         | 0.0      | 0.0  | 0.0       | 250.0 | 0.0  | 0.0        | 0.0  | 250.0       |
      | 2  | 15   | 16 September 2023 |           | 500.0           | 250.0         | 0.0      | 0.0  | 0.0       | 250.0 | 0.0  | 0.0        | 0.0  | 250.0       |
      | 3  | 15   | 01 October 2023   |           | 250.0           | 250.0         | 0.0      | 0.0  | 0.0       | 250.0 | 0.0  | 0.0        | 0.0  | 250.0       |
      | 4  | 15   | 16 October 2023   |           | 0.0             | 250.0         | 0.0      | 0.0  | 0.0       | 250.0 | 0.0  | 0.0        | 0.0  | 250.0       |
      | 5  | 1    | 17 October 2023   |           | 0.0             | 0.0           | 0.0      | 0.0  | 20.0      | 20.0  | 0.0  | 0.0        | 0.0  | 20.0        |
  [32m✔[39m [32m[1mThen [22mLoan Repayment schedule has the following data in Total row:[39m                                                                                                                                                            [90m# org.apache.fineract.test.stepdef.loan.LoanStepDef.loanRepaymentScheduleAmountCheck(io.cucumber.datatable.DataTable)[39m
      | Principal due | Interest | Fees | Penalties | Due    | Paid | In advance | Late | Outstanding |
      | 1000.0        | 0.0      | 0.0  | 20.0      | 1020.0 | 0.0  | 0.0        | 0.0  | 1020.0      |
  [32m✔[39m [32m[1mThen [22mLoan Transactions tab has the following data:[39m                                                                                                                                                                           [90m# org.apache.fineract.test.stepdef.loan.LoanStepDef.loanTransactionsTabCheck(io.cucumber.datatable.DataTable)[39m
      | Transaction date  | Transaction Type | Amount | Principal | Interest | Fees | Penalties | Loan Balance |
      | 01 September 2023 | Disbursement     | 1000.0 | 0.0       | 0.0      | 0.0  | 0.0       | 1000.0       |
  [32m✔[39m [32m[1mThen [22mLoan Charges tab has the following data:[39m                                                                                                                                                                                [90m# org.apache.fineract.test.stepdef.loan.LoanStepDef.loanChargesTabCheck(io.cucumber.datatable.DataTable)[39m
      | Name    | isPenalty | Payment due at     | Due as of       | Calculation type | Due  | Paid | Waived | Outstanding |
      | NSF fee | true      | Specified due date | 17 October 2023 | Flat             | 20.0 | 0.0  | 0.0    | 20.0        |
  [32m✔[39m [32m[1mAnd [22mCustomer makes [1m"AUTOPAY"[22m repayment on [1m"01 September 2023"[22m with [1m250[22m EUR transaction amount[39m                                                                                                                                [90m# org.apache.fineract.test.stepdef.loan.LoanRepaymentStepDef.makeLoanRepayment(java.lang.String,java.lang.String,double)[39m
  [32m✔[39m [32m[1mWhen [22mAdmin sets the business date to [1m"16 September 2023"[22m[39m                                                                                                                                                                     [90m# org.apache.fineract.test.stepdef.common.BusinessDateStepDef.setBusinessDate(java.lang.String)[39m
  [32m✔[39m [32m[1mAnd [22mCustomer makes [1m"AUTOPAY"[22m repayment on [1m"16 September 2023"[22m with [1m250[22m EUR transaction amount[39m                                                                                                                                [90m# org.apache.fineract.test.stepdef.loan.LoanRepaymentStepDef.makeLoanRepayment(java.lang.String,java.lang.String,double)[39m
  [32m✔[39m [32m[1mThen [22mLoan Repayment schedule has [1m5[22m periods, with the following data for periods:[39m                                                                                                                                             [90m# org.apache.fineract.test.stepdef.loan.LoanStepDef.loanRepaymentSchedulePeriodsCheck(int,io.cucumber.datatable.DataTable)[39m
      | Nr | Days | Date              | Paid date         | Balance of loan | Principal due | Interest | Fees | Penalties | Due   | Paid  | In advance | Late | Outstanding |
      |    |      | 01 September 2023 |                   | 1000.0          |               |          | 0.0  |           | 0.0   | 0.0   |            |      |             |
      | 1  | 0    | 01 September 2023 | 01 September 2023 | 750.0           | 250.0         | 0.0      | 0.0  | 0.0       | 250.0 | 250.0 | 0.0        | 0.0  | 0.0         |
      | 2  | 15   | 16 September 2023 | 16 September 2023 | 500.0           | 250.0         | 0.0      | 0.0  | 0.0       | 250.0 | 250.0 | 0.0        | 0.0  | 0.0         |
      | 3  | 15   | 01 October 2023   |                   | 250.0           | 250.0         | 0.0      | 0.0  | 0.0       | 250.0 | 0.0   | 0.0        | 0.0  | 250.0       |
      | 4  | 15   | 16 October 2023   |                   | 0.0             | 250.0         | 0.0      | 0.0  | 0.0       | 250.0 | 0.0   | 0.0        | 0.0  | 250.0       |
      | 5  | 1    | 17 October 2023   |                   | 0.0             | 0.0           | 0.0      | 0.0  | 20.0      | 20.0  | 0.0   | 0.0        | 0.0  | 20.0        |
  [32m✔[39m [32m[1mThen [22mLoan Repayment schedule has the following data in Total row:[39m                                                                                                                                                            [90m# org.apache.fineract.test.stepdef.loan.LoanStepDef.loanRepaymentScheduleAmountCheck(io.cucumber.datatable.DataTable)[39m
      | Principal due | Interest | Fees | Penalties | Due    | Paid  | In advance | Late | Outstanding |
      | 1000.0        | 0.0      | 0.0  | 20.0      | 1020.0 | 500.0 | 0.0        | 0.0  | 520.0       |
  [32m✔[39m [32m[1mThen [22mLoan Transactions tab has the following data:[39m                                                                                                                                                                           [90m# org.apache.fineract.test.stepdef.loan.LoanStepDef.loanTransactionsTabCheck(io.cucumber.datatable.DataTable)[39m
      | Transaction date  | Transaction Type | Amount | Principal | Interest | Fees | Penalties | Loan Balance |
      | 01 September 2023 | Disbursement     | 1000.0 | 0.0       | 0.0      | 0.0  | 0.0       | 1000.0       |
      | 01 September 2023 | Repayment        | 250.0  | 250.0     | 0.0      | 0.0  | 0.0       | 750.0        |
      | 16 September 2023 | Repayment        | 250.0  | 250.0     | 0.0      | 0.0  | 0.0       | 500.0        |
  [32m✔[39m [32m[1mThen [22mLoan Charges tab has the following data:[39m                                                                                                                                                                                [90m# org.apache.fineract.test.stepdef.loan.LoanStepDef.loanChargesTabCheck(io.cucumber.datatable.DataTable)[39m
      | Name    | isPenalty | Payment due at     | Due as of       | Calculation type | Due  | Paid | Waived | Outstanding |
      | NSF fee | true      | Specified due date | 17 October 2023 | Flat             | 20.0 | 0.0  | 0.0    | 20.0        |
  [32m✔[39m [32m[1mWhen [22mAdmin adds [1m"LOAN_NSF_FEE"[22m due date charge with [1m"17 September 2023"[22m due date and [1m20[22m EUR transaction amount[39m                                                                                                               [90m# org.apache.fineract.test.stepdef.loan.LoanChargeStepDef.addChargeDueDate(java.lang.String,java.lang.String,double)[39m
  [32m✔[39m [32m[1mWhen [22mAdmin adds [1m"LOAN_NSF_FEE"[22m due date charge with [1m"16 October 2023"[22m due date and [1m20[22m EUR transaction amount[39m                                                                                                                 [90m# org.apache.fineract.test.stepdef.loan.LoanChargeStepDef.addChargeDueDate(java.lang.String,java.lang.String,double)[39m
  [32m✔[39m [32m[1mThen [22mLoan Repayment schedule has [1m5[22m periods, with the following data for periods:[39m                                                                                                                                             [90m# org.apache.fineract.test.stepdef.loan.LoanStepDef.loanRepaymentSchedulePeriodsCheck(int,io.cucumber.datatable.DataTable)[39m
      | Nr | Days | Date              | Paid date         | Balance of loan | Principal due | Interest | Fees | Penalties | Due   | Paid  | In advance | Late | Outstanding |
      |    |      | 01 September 2023 |                   | 1000.0          |               |          | 0.0  |           | 0.0   | 0.0   |            |      |             |
      | 1  | 0    | 01 September 2023 | 01 September 2023 | 750.0           | 250.0         | 0.0      | 0.0  | 0.0       | 250.0 | 250.0 | 0.0        | 0.0  | 0.0         |
      | 2  | 15   | 16 September 2023 | 16 September 2023 | 500.0           | 250.0         | 0.0      | 0.0  | 0.0       | 250.0 | 250.0 | 0.0        | 0.0  | 0.0         |
      | 3  | 15   | 01 October 2023   |                   | 250.0           | 250.0         | 0.0      | 0.0  | 20.0      | 270.0 | 0.0   | 0.0        | 0.0  | 270.0       |
      | 4  | 15   | 16 October 2023   |                   | 0.0             | 250.0         | 0.0      | 0.0  | 20.0      | 270.0 | 0.0   | 0.0        | 0.0  | 270.0       |
      | 5  | 1    | 17 October 2023   |                   | 0.0             | 0.0           | 0.0      | 0.0  | 20.0      | 20.0  | 0.0   | 0.0        | 0.0  | 20.0        |
  [32m✔[39m [32m[1mThen [22mLoan Repayment schedule has the following data in Total row:[39m                                                                                                                                                            [90m# org.apache.fineract.test.stepdef.loan.LoanStepDef.loanRepaymentScheduleAmountCheck(io.cucumber.datatable.DataTable)[39m
      | Principal due | Interest | Fees | Penalties | Due    | Paid  | In advance | Late | Outstanding |
      | 1000.0        | 0.0      | 0.0  | 60.0      | 1060.0 | 500.0 | 0.0        | 0.0  | 560.0       |
  [32m✔[39m [32m[1mThen [22mLoan Transactions tab has the following data:[39m                                                                                                                                                                           [90m# org.apache.fineract.test.stepdef.loan.LoanStepDef.loanTransactionsTabCheck(io.cucumber.datatable.DataTable)[39m
      | Transaction date  | Transaction Type | Amount | Principal | Interest | Fees | Penalties | Loan Balance |
      | 01 September 2023 | Disbursement     | 1000.0 | 0.0       | 0.0      | 0.0  | 0.0       | 1000.0       |
      | 01 September 2023 | Repayment        | 250.0  | 250.0     | 0.0      | 0.0  | 0.0       | 750.0        |
      | 16 September 2023 | Repayment        | 250.0  | 250.0     | 0.0      | 0.0  | 0.0       | 500.0        |
  [32m✔[39m [32m[1mThen [22mLoan Charges tab has the following data:[39m                                                                                                                                                                                [90m# org.apache.fineract.test.stepdef.loan.LoanStepDef.loanChargesTabCheck(io.cucumber.datatable.DataTable)[39m
      | Name    | isPenalty | Payment due at     | Due as of         | Calculation type | Due  | Paid | Waived | Outstanding |
      | NSF fee | true      | Specified due date | 17 October 2023   | Flat             | 20.0 | 0.0  | 0.0    | 20.0        |
      | NSF fee | true      | Specified due date | 16 October 2023   | Flat             | 20.0 | 0.0  | 0.0    | 20.0        |
      | NSF fee | true      | Specified due date | 17 September 2023 | Flat             | 20.0 | 0.0  | 0.0    | 20.0        |
  [32m✔[39m [32m[1mWhen [22mAdmin sets the business date to [1m"17 October 2023"[22m[39m                                                                                                                                                                       [90m# org.apache.fineract.test.stepdef.common.BusinessDateStepDef.setBusinessDate(java.lang.String)[39m
  [32m✔[39m [32m[1mWhen [22mCustomer makes [1m"GOODWILL_CREDIT"[22m transaction with [1m"AUTOPAY"[22m payment type on [1m"17 October 2023"[22m with [1m350[22m EUR transaction amount and system-generated Idempotency key[39m                                                      [90m# org.apache.fineract.test.stepdef.loan.LoanStepDef.createTransactionWithAutoIdempotencyKey(java.lang.String,java.lang.String,java.lang.String,double)[39m
  [32m✔[39m [32m[1mThen [22mLoan Repayment schedule has [1m5[22m periods, with the following data for periods:[39m                                                                                                                                             [90m# org.apache.fineract.test.stepdef.loan.LoanStepDef.loanRepaymentSchedulePeriodsCheck(int,io.cucumber.datatable.DataTable)[39m
      | Nr | Days | Date              | Paid date         | Balance of loan | Principal due | Interest | Fees | Penalties | Due   | Paid  | In advance | Late  | Outstanding |
      |    |      | 01 September 2023 |                   | 1000.0          |               |          | 0.0  |           | 0.0   | 0.0   |            |       |             |
      | 1  | 0    | 01 September 2023 | 01 September 2023 | 750.0           | 250.0         | 0.0      | 0.0  | 0.0       | 250.0 | 250.0 | 0.0        | 0.0   | 0.0         |
      | 2  | 15   | 16 September 2023 | 16 September 2023 | 500.0           | 250.0         | 0.0      | 0.0  | 0.0       | 250.0 | 250.0 | 0.0        | 0.0   | 0.0         |
      | 3  | 15   | 01 October 2023   | 17 October 2023   | 250.0           | 250.0         | 0.0      | 0.0  | 20.0      | 270.0 | 270.0 | 0.0        | 270.0 | 0.0         |
      | 4  | 15   | 16 October 2023   |                   | 0.0             | 250.0         | 0.0      | 0.0  | 20.0      | 270.0 | 80.0  | 0.0        | 80.0  | 190.0       |
      | 5  | 1    | 17 October 2023   |                   | 0.0             | 0.0           | 0.0      | 0.0  | 20.0      | 20.0  | 0.0   | 0.0        | 0.0   | 20.0        |
  [32m✔[39m [32m[1mThen [22mLoan Repayment schedule has the following data in Total row:[39m                                                                                                                                                            [90m# org.apache.fineract.test.stepdef.loan.LoanStepDef.loanRepaymentScheduleAmountCheck(io.cucumber.datatable.DataTable)[39m
      | Principal due | Interest | Fees | Penalties | Due    | Paid  | In advance | Late  | Outstanding |
      | 1000.0        | 0.0      | 0.0  | 60.0      | 1060.0 | 850.0 | 0.0        | 350.0 | 210.0       |
  [32m✔[39m [32m[1mThen [22mLoan Transactions tab has the following data:[39m                                                                                                                                                                           [90m# org.apache.fineract.test.stepdef.loan.LoanStepDef.loanTransactionsTabCheck(io.cucumber.datatable.DataTable)[39m
      | Transaction date  | Transaction Type | Amount | Principal | Interest | Fees | Penalties | Loan Balance |
      | 01 September 2023 | Disbursement     | 1000.0 | 0.0       | 0.0      | 0.0  | 0.0       | 1000.0       |
      | 01 September 2023 | Repayment        | 250.0  | 250.0     | 0.0      | 0.0  | 0.0       | 750.0        |
      | 16 September 2023 | Repayment        | 250.0  | 250.0     | 0.0      | 0.0  | 0.0       | 500.0        |
      | 17 October 2023   | Goodwill Credit  | 350.0  | 310.0     | 0.0      | 0.0  | 40.0      | 190.0        |
  [32m✔[39m [32m[1mThen [22mLoan Charges tab has the following data:[39m                                                                                                                                                                                [90m# org.apache.fineract.test.stepdef.loan.LoanStepDef.loanChargesTabCheck(io.cucumber.datatable.DataTable)[39m
      | Name    | isPenalty | Payment due at     | Due as of         | Calculation type | Due  | Paid | Waived | Outstanding |
      | NSF fee | true      | Specified due date | 17 October 2023   | Flat             | 20.0 | 0.0  | 0.0    | 20.0        |
      | NSF fee | true      | Specified due date | 16 October 2023   | Flat             | 20.0 | 20.0 | 0.0    | 0.0         |
      | NSF fee | true      | Specified due date | 17 September 2023 | Flat             | 20.0 | 20.0 | 0.0    | 0.0         |

@LoanFeature @TestRailId:C2951 @AdvancedPaymentAllocation @ProgressiveLoanSchedule
[1mScenario:[22m Verify AdvancedPaymentAllocation behaviour: loanScheduleProcessingType-vertical, charge after maturity, late Goodwill credit transaction (future installment type: LAST_INSTALLMENT) - amount > sum past due charges [90m# fineract-e2e-tests-runner/src/test/resources/features/Loan-Part3.feature:575[39m
  [32m✔[39m [32m[1mWhen [22mAdmin sets the business date to [1m"01 September 2023"[22m[39m                                                                                                                                                                   [90m# org.apache.fineract.test.stepdef.common.BusinessDateStepDef.setBusinessDate(java.lang.String)[39m
  [32m✔[39m [32m[1mWhen [22mAdmin creates a client with random data[39m                                                                                                                                                                               [90m# org.apache.fineract.test.stepdef.common.ClientStepDef.createClientRandomFirstNameLastName()[39m
  [32m✔[39m [32m[1mWhen [22mAdmin creates a fully customized loan with the following data:[39m                                                                                                                                                        [90m# org.apache.fineract.test.stepdef.loan.LoanStepDef.createFullyCustomizedLoan(io.cucumber.datatable.DataTable)[39m
      | LoanProduct                                                      | submitted on date | with Principal | ANNUAL interest rate % | interest type | interest calculation period | amortization type  | loanTermFrequency | loanTermFrequencyType | repaymentEvery | repaymentFrequencyType | numberOfRepayments | graceOnPrincipalPayment | graceOnInterestPayment | interest free period | Payment strategy            |
      | LP2_DOWNPAYMENT_ADV_PMT_ALLOC_PROGRESSIVE_LOAN_SCHEDULE_VERTICAL | 01 September 2023 | 1000           | 0                      | FLAT          | SAME_AS_REPAYMENT_PERIOD    | EQUAL_INSTALLMENTS | 45                | DAYS                  | 15             | DAYS                   | 3                  | 0                       | 0                      | 0                    | ADVANCED_PAYMENT_ALLOCATION |
  [32m✔[39m [32m[1mAnd [22mAdmin successfully approves the loan on [1m"01 September 2023"[22m with [1m"1000"[22m amount and expected disbursement date on [1m"01 September 2023"[22m[39m                                                                                   [90m# org.apache.fineract.test.stepdef.loan.LoanStepDef.approveLoan(java.lang.String,java.lang.String,java.lang.String)[39m
  [32m✔[39m [32m[1mWhen [22mAdmin successfully disburse the loan on [1m"01 September 2023"[22m with [1m"1000"[22m EUR transaction amount[39m                                                                                                                        [90m# org.apache.fineract.test.stepdef.loan.LoanStepDef.disburseLoan(java.lang.String,java.lang.String)[39m
  [32m✔[39m [32m[1mThen [22mLoan Repayment schedule has [1m4[22m periods, with the following data for periods:[39m                                                                                                                                           [90m# org.apache.fineract.test.stepdef.loan.LoanStepDef.loanRepaymentSchedulePeriodsCheck(int,io.cucumber.datatable.DataTable)[39m
      | Nr | Days | Date              | Paid date | Balance of loan | Principal due | Interest | Fees | Penalties | Due   | Paid | In advance | Late | Outstanding |
      |    |      | 01 September 2023 |           | 1000.0          |               |          | 0.0  |           | 0.0   | 0.0  |            |      |             |
      | 1  | 0    | 01 September 2023 |           | 750.0           | 250.0         | 0.0      | 0.0  | 0.0       | 250.0 | 0.0  | 0.0        | 0.0  | 250.0       |
      | 2  | 15   | 16 September 2023 |           | 500.0           | 250.0         | 0.0      | 0.0  | 0.0       | 250.0 | 0.0  | 0.0        | 0.0  | 250.0       |
      | 3  | 15   | 01 October 2023   |           | 250.0           | 250.0         | 0.0      | 0.0  | 0.0       | 250.0 | 0.0  | 0.0        | 0.0  | 250.0       |
      | 4  | 15   | 16 October 2023   |           | 0.0             | 250.0         | 0.0      | 0.0  | 0.0       | 250.0 | 0.0  | 0.0        | 0.0  | 250.0       |
  [32m✔[39m [32m[1mThen [22mLoan Repayment schedule has the following data in Total row:[39m                                                                                                                                                          [90m# org.apache.fineract.test.stepdef.loan.LoanStepDef.loanRepaymentScheduleAmountCheck(io.cucumber.datatable.DataTable)[39m
      | Principal due | Interest | Fees | Penalties | Due    | Paid | In advance | Late | Outstanding |
      | 1000.0        | 0.0      | 0.0  | 0.0       | 1000.0 | 0.0  | 0.0        | 0.0  | 1000.0      |
  [32m✔[39m [32m[1mThen [22mLoan Transactions tab has the following data:[39m                                                                                                                                                                         [90m# org.apache.fineract.test.stepdef.loan.LoanStepDef.loanTransactionsTabCheck(io.cucumber.datatable.DataTable)[39m
      | Transaction date  | Transaction Type | Amount | Principal | Interest | Fees | Penalties | Loan Balance |
      | 01 September 2023 | Disbursement     | 1000.0 | 0.0       | 0.0      | 0.0  | 0.0       | 1000.0       |
  [32m✔[39m [32m[1mWhen [22mAdmin adds [1m"LOAN_NSF_FEE"[22m due date charge with [1m"17 October 2023"[22m due date and [1m20[22m EUR transaction amount[39m                                                                                                               [90m# org.apache.fineract.test.stepdef.loan.LoanChargeStepDef.addChargeDueDate(java.lang.String,java.lang.String,double)[39m
  [32m✔[39m [32m[1mThen [22mLoan Repayment schedule has [1m5[22m periods, with the following data for periods:[39m                                                                                                                                           [90m# org.apache.fineract.test.stepdef.loan.LoanStepDef.loanRepaymentSchedulePeriodsCheck(int,io.cucumber.datatable.DataTable)[39m
      | Nr | Days | Date              | Paid date | Balance of loan | Principal due | Interest | Fees | Penalties | Due   | Paid | In advance | Late | Outstanding |
      |    |      | 01 September 2023 |           | 1000.0          |               |          | 0.0  |           | 0.0   | 0.0  |            |      |             |
      | 1  | 0    | 01 September 2023 |           | 750.0           | 250.0         | 0.0      | 0.0  | 0.0       | 250.0 | 0.0  | 0.0        | 0.0  | 250.0       |
      | 2  | 15   | 16 September 2023 |           | 500.0           | 250.0         | 0.0      | 0.0  | 0.0       | 250.0 | 0.0  | 0.0        | 0.0  | 250.0       |
      | 3  | 15   | 01 October 2023   |           | 250.0           | 250.0         | 0.0      | 0.0  | 0.0       | 250.0 | 0.0  | 0.0        | 0.0  | 250.0       |
      | 4  | 15   | 16 October 2023   |           | 0.0             | 250.0         | 0.0      | 0.0  | 0.0       | 250.0 | 0.0  | 0.0        | 0.0  | 250.0       |
      | 5  | 1    | 17 October 2023   |           | 0.0             | 0.0           | 0.0      | 0.0  | 20.0      | 20.0  | 0.0  | 0.0        | 0.0  | 20.0        |
  [32m✔[39m [32m[1mThen [22mLoan Repayment schedule has the following data in Total row:[39m                                                                                                                                                          [90m# org.apache.fineract.test.stepdef.loan.LoanStepDef.loanRepaymentScheduleAmountCheck(io.cucumber.datatable.DataTable)[39m
      | Principal due | Interest | Fees | Penalties | Due    | Paid | In advance | Late | Outstanding |
      | 1000.0        | 0.0      | 0.0  | 20.0      | 1020.0 | 0.0  | 0.0        | 0.0  | 1020.0      |
  [32m✔[39m [32m[1mThen [22mLoan Transactions tab has the following data:[39m                                                                                                                                                                         [90m# org.apache.fineract.test.stepdef.loan.LoanStepDef.loanTransactionsTabCheck(io.cucumber.datatable.DataTable)[39m
      | Transaction date  | Transaction Type | Amount | Principal | Interest | Fees | Penalties | Loan Balance |
      | 01 September 2023 | Disbursement     | 1000.0 | 0.0       | 0.0      | 0.0  | 0.0       | 1000.0       |
  [32m✔[39m [32m[1mThen [22mLoan Charges tab has the following data:[39m                                                                                                                                                                              [90m# org.apache.fineract.test.stepdef.loan.LoanStepDef.loanChargesTabCheck(io.cucumber.datatable.DataTable)[39m
      | Name    | isPenalty | Payment due at     | Due as of       | Calculation type | Due  | Paid | Waived | Outstanding |
      | NSF fee | true      | Specified due date | 17 October 2023 | Flat             | 20.0 | 0.0  | 0.0    | 20.0        |
  [32m✔[39m [32m[1mAnd [22mCustomer makes [1m"AUTOPAY"[22m repayment on [1m"01 September 2023"[22m with [1m250[22m EUR transaction amount[39m                                                                                                                              [90m# org.apache.fineract.test.stepdef.loan.LoanRepaymentStepDef.makeLoanRepayment(java.lang.String,java.lang.String,double)[39m
  [32m✔[39m [32m[1mWhen [22mAdmin sets the business date to [1m"16 September 2023"[22m[39m                                                                                                                                                                   [90m# org.apache.fineract.test.stepdef.common.BusinessDateStepDef.setBusinessDate(java.lang.String)[39m
  [32m✔[39m [32m[1mAnd [22mCustomer makes [1m"AUTOPAY"[22m repayment on [1m"16 September 2023"[22m with [1m250[22m EUR transaction amount[39m                                                                                                                              [90m# org.apache.fineract.test.stepdef.loan.LoanRepaymentStepDef.makeLoanRepayment(java.lang.String,java.lang.String,double)[39m
  [32m✔[39m [32m[1mThen [22mLoan Repayment schedule has [1m5[22m periods, with the following data for periods:[39m                                                                                                                                           [90m# org.apache.fineract.test.stepdef.loan.LoanStepDef.loanRepaymentSchedulePeriodsCheck(int,io.cucumber.datatable.DataTable)[39m
      | Nr | Days | Date              | Paid date         | Balance of loan | Principal due | Interest | Fees | Penalties | Due   | Paid  | In advance | Late | Outstanding |
      |    |      | 01 September 2023 |                   | 1000.0          |               |          | 0.0  |           | 0.0   | 0.0   |            |      |             |
      | 1  | 0    | 01 September 2023 | 01 September 2023 | 750.0           | 250.0         | 0.0      | 0.0  | 0.0       | 250.0 | 250.0 | 0.0        | 0.0  | 0.0         |
      | 2  | 15   | 16 September 2023 | 16 September 2023 | 500.0           | 250.0         | 0.0      | 0.0  | 0.0       | 250.0 | 250.0 | 0.0        | 0.0  | 0.0         |
      | 3  | 15   | 01 October 2023   |                   | 250.0           | 250.0         | 0.0      | 0.0  | 0.0       | 250.0 | 0.0   | 0.0        | 0.0  | 250.0       |
      | 4  | 15   | 16 October 2023   |                   | 0.0             | 250.0         | 0.0      | 0.0  | 0.0       | 250.0 | 0.0   | 0.0        | 0.0  | 250.0       |
      | 5  | 1    | 17 October 2023   |                   | 0.0             | 0.0           | 0.0      | 0.0  | 20.0      | 20.0  | 0.0   | 0.0        | 0.0  | 20.0        |
  [32m✔[39m [32m[1mThen [22mLoan Repayment schedule has the following data in Total row:[39m                                                                                                                                                          [90m# org.apache.fineract.test.stepdef.loan.LoanStepDef.loanRepaymentScheduleAmountCheck(io.cucumber.datatable.DataTable)[39m
      | Principal due | Interest | Fees | Penalties | Due    | Paid  | In advance | Late | Outstanding |
      | 1000.0        | 0.0      | 0.0  | 20.0      | 1020.0 | 500.0 | 0.0        | 0.0  | 520.0       |
  [32m✔[39m [32m[1mThen [22mLoan Transactions tab has the following data:[39m                                                                                                                                                                         [90m# org.apache.fineract.test.stepdef.loan.LoanStepDef.loanTransactionsTabCheck(io.cucumber.datatable.DataTable)[39m
      | Transaction date  | Transaction Type | Amount | Principal | Interest | Fees | Penalties | Loan Balance |
      | 01 September 2023 | Disbursement     | 1000.0 | 0.0       | 0.0      | 0.0  | 0.0       | 1000.0       |
      | 01 September 2023 | Repayment        | 250.0  | 250.0     | 0.0      | 0.0  | 0.0       | 750.0        |
      | 16 September 2023 | Repayment        | 250.0  | 250.0     | 0.0      | 0.0  | 0.0       | 500.0        |
  [32m✔[39m [32m[1mThen [22mLoan Charges tab has the following data:[39m                                                                                                                                                                              [90m# org.apache.fineract.test.stepdef.loan.LoanStepDef.loanChargesTabCheck(io.cucumber.datatable.DataTable)[39m
      | Name    | isPenalty | Payment due at     | Due as of       | Calculation type | Due  | Paid | Waived | Outstanding |
      | NSF fee | true      | Specified due date | 17 October 2023 | Flat             | 20.0 | 0.0  | 0.0    | 20.0        |
  [32m✔[39m [32m[1mWhen [22mAdmin adds [1m"LOAN_NSF_FEE"[22m due date charge with [1m"17 September 2023"[22m due date and [1m20[22m EUR transaction amount[39m                                                                                                             [90m# org.apache.fineract.test.stepdef.loan.LoanChargeStepDef.addChargeDueDate(java.lang.String,java.lang.String,double)[39m
  [32m✔[39m [32m[1mWhen [22mAdmin adds [1m"LOAN_NSF_FEE"[22m due date charge with [1m"16 October 2023"[22m due date and [1m20[22m EUR transaction amount[39m                                                                                                               [90m# org.apache.fineract.test.stepdef.loan.LoanChargeStepDef.addChargeDueDate(java.lang.String,java.lang.String,double)[39m
  [32m✔[39m [32m[1mThen [22mLoan Repayment schedule has [1m5[22m periods, with the following data for periods:[39m                                                                                                                                           [90m# org.apache.fineract.test.stepdef.loan.LoanStepDef.loanRepaymentSchedulePeriodsCheck(int,io.cucumber.datatable.DataTable)[39m
      | Nr | Days | Date              | Paid date         | Balance of loan | Principal due | Interest | Fees | Penalties | Due   | Paid  | In advance | Late | Outstanding |
      |    |      | 01 September 2023 |                   | 1000.0          |               |          | 0.0  |           | 0.0   | 0.0   |            |      |             |
      | 1  | 0    | 01 September 2023 | 01 September 2023 | 750.0           | 250.0         | 0.0      | 0.0  | 0.0       | 250.0 | 250.0 | 0.0        | 0.0  | 0.0         |
      | 2  | 15   | 16 September 2023 | 16 September 2023 | 500.0           | 250.0         | 0.0      | 0.0  | 0.0       | 250.0 | 250.0 | 0.0        | 0.0  | 0.0         |
      | 3  | 15   | 01 October 2023   |                   | 250.0           | 250.0         | 0.0      | 0.0  | 20.0      | 270.0 | 0.0   | 0.0        | 0.0  | 270.0       |
      | 4  | 15   | 16 October 2023   |                   | 0.0             | 250.0         | 0.0      | 0.0  | 20.0      | 270.0 | 0.0   | 0.0        | 0.0  | 270.0       |
      | 5  | 1    | 17 October 2023   |                   | 0.0             | 0.0           | 0.0      | 0.0  | 20.0      | 20.0  | 0.0   | 0.0        | 0.0  | 20.0        |
  [32m✔[39m [32m[1mThen [22mLoan Repayment schedule has the following data in Total row:[39m                                                                                                                                                          [90m# org.apache.fineract.test.stepdef.loan.LoanStepDef.loanRepaymentScheduleAmountCheck(io.cucumber.datatable.DataTable)[39m
      | Principal due | Interest | Fees | Penalties | Due    | Paid  | In advance | Late | Outstanding |
      | 1000.0        | 0.0      | 0.0  | 60.0      | 1060.0 | 500.0 | 0.0        | 0.0  | 560.0       |
  [32m✔[39m [32m[1mThen [22mLoan Transactions tab has the following data:[39m                                                                                                                                                                         [90m# org.apache.fineract.test.stepdef.loan.LoanStepDef.loanTransactionsTabCheck(io.cucumber.datatable.DataTable)[39m
      | Transaction date  | Transaction Type | Amount | Principal | Interest | Fees | Penalties | Loan Balance |
      | 01 September 2023 | Disbursement     | 1000.0 | 0.0       | 0.0      | 0.0  | 0.0       | 1000.0       |
      | 01 September 2023 | Repayment        | 250.0  | 250.0     | 0.0      | 0.0  | 0.0       | 750.0        |
      | 16 September 2023 | Repayment        | 250.0  | 250.0     | 0.0      | 0.0  | 0.0       | 500.0        |
  [32m✔[39m [32m[1mThen [22mLoan Charges tab has the following data:[39m                                                                                                                                                                              [90m# org.apache.fineract.test.stepdef.loan.LoanStepDef.loanChargesTabCheck(io.cucumber.datatable.DataTable)[39m
      | Name    | isPenalty | Payment due at     | Due as of         | Calculation type | Due  | Paid | Waived | Outstanding |
      | NSF fee | true      | Specified due date | 17 October 2023   | Flat             | 20.0 | 0.0  | 0.0    | 20.0        |
      | NSF fee | true      | Specified due date | 16 October 2023   | Flat             | 20.0 | 0.0  | 0.0    | 20.0        |
      | NSF fee | true      | Specified due date | 17 September 2023 | Flat             | 20.0 | 0.0  | 0.0    | 20.0        |
  [32m✔[39m [32m[1mWhen [22mAdmin sets the business date to [1m"17 October 2023"[22m[39m                                                                                                                                                                     [90m# org.apache.fineract.test.stepdef.common.BusinessDateStepDef.setBusinessDate(java.lang.String)[39m
  [32m✔[39m [32m[1mWhen [22mCustomer makes [1m"GOODWILL_CREDIT"[22m transaction with [1m"AUTOPAY"[22m payment type on [1m"17 October 2023"[22m with [1m350[22m EUR transaction amount and system-generated Idempotency key[39m                                                    [90m# org.apache.fineract.test.stepdef.loan.LoanStepDef.createTransactionWithAutoIdempotencyKey(java.lang.String,java.lang.String,java.lang.String,double)[39m
  [32m✔[39m [32m[1mThen [22mLoan Repayment schedule has [1m5[22m periods, with the following data for periods:[39m                                                                                                                                           [90m# org.apache.fineract.test.stepdef.loan.LoanStepDef.loanRepaymentSchedulePeriodsCheck(int,io.cucumber.datatable.DataTable)[39m
      | Nr | Days | Date              | Paid date         | Balance of loan | Principal due | Interest | Fees | Penalties | Due   | Paid  | In advance | Late  | Outstanding |
      |    |      | 01 September 2023 |                   | 1000.0          |               |          | 0.0  |           | 0.0   | 0.0   |            |       |             |
      | 1  | 0    | 01 September 2023 | 01 September 2023 | 750.0           | 250.0         | 0.0      | 0.0  | 0.0       | 250.0 | 250.0 | 0.0        | 0.0   | 0.0         |
      | 2  | 15   | 16 September 2023 | 16 September 2023 | 500.0           | 250.0         | 0.0      | 0.0  | 0.0       | 250.0 | 250.0 | 0.0        | 0.0   | 0.0         |
      | 3  | 15   | 01 October 2023   | 17 October 2023   | 250.0           | 250.0         | 0.0      | 0.0  | 20.0      | 270.0 | 270.0 | 0.0        | 270.0 | 0.0         |
      | 4  | 15   | 16 October 2023   |                   | 0.0             | 250.0         | 0.0      | 0.0  | 20.0      | 270.0 | 80.0  | 0.0        | 80.0  | 190.0       |
      | 5  | 1    | 17 October 2023   |                   | 0.0             | 0.0           | 0.0      | 0.0  | 20.0      | 20.0  | 0.0   | 0.0        | 0.0   | 20.0        |
  [32m✔[39m [32m[1mThen [22mLoan Repayment schedule has the following data in Total row:[39m                                                                                                                                                          [90m# org.apache.fineract.test.stepdef.loan.LoanStepDef.loanRepaymentScheduleAmountCheck(io.cucumber.datatable.DataTable)[39m
      | Principal due | Interest | Fees | Penalties | Due    | Paid  | In advance | Late  | Outstanding |
      | 1000.0        | 0.0      | 0.0  | 60.0      | 1060.0 | 850.0 | 0.0        | 350.0 | 210.0       |
  [32m✔[39m [32m[1mThen [22mLoan Transactions tab has the following data:[39m                                                                                                                                                                         [90m# org.apache.fineract.test.stepdef.loan.LoanStepDef.loanTransactionsTabCheck(io.cucumber.datatable.DataTable)[39m
      | Transaction date  | Transaction Type | Amount | Principal | Interest | Fees | Penalties | Loan Balance |
      | 01 September 2023 | Disbursement     | 1000.0 | 0.0       | 0.0      | 0.0  | 0.0       | 1000.0       |
      | 01 September 2023 | Repayment        | 250.0  | 250.0     | 0.0      | 0.0  | 0.0       | 750.0        |
      | 16 September 2023 | Repayment        | 250.0  | 250.0     | 0.0      | 0.0  | 0.0       | 500.0        |
      | 17 October 2023   | Goodwill Credit  | 350.0  | 310.0     | 0.0      | 0.0  | 40.0      | 190.0        |
  [32m✔[39m [32m[1mThen [22mLoan Charges tab has the following data:[39m                                                                                                                                                                              [90m# org.apache.fineract.test.stepdef.loan.LoanStepDef.loanChargesTabCheck(io.cucumber.datatable.DataTable)[39m
      | Name    | isPenalty | Payment due at     | Due as of         | Calculation type | Due  | Paid | Waived | Outstanding |
      | NSF fee | true      | Specified due date | 17 October 2023   | Flat             | 20.0 | 0.0  | 0.0    | 20.0        |
      | NSF fee | true      | Specified due date | 16 October 2023   | Flat             | 20.0 | 20.0 | 0.0    | 0.0         |
      | NSF fee | true      | Specified due date | 17 September 2023 | Flat             | 20.0 | 20.0 | 0.0    | 0.0         |

@LoanFeature @TestRailId:C2952 @AdvancedPaymentAllocation @ProgressiveLoanSchedule
[1mScenario:[22m Verify AdvancedPaymentAllocation behaviour: loanScheduleProcessingType-horizontal, charge after maturity, in advanced Goodwill credit transaction on first charge due date (future installment type: LAST_INSTALLMENT) - amount > due date charge [90m# fineract-e2e-tests-runner/src/test/resources/features/Loan-Part3.feature:689[39m
  [32m✔[39m [32m[1mWhen [22mAdmin sets the business date to [1m"01 September 2023"[22m[39m                                                                                                                                                                                                [90m# org.apache.fineract.test.stepdef.common.BusinessDateStepDef.setBusinessDate(java.lang.String)[39m
  [32m✔[39m [32m[1mWhen [22mAdmin creates a client with random data[39m                                                                                                                                                                                                            [90m# org.apache.fineract.test.stepdef.common.ClientStepDef.createClientRandomFirstNameLastName()[39m
  [32m✔[39m [32m[1mWhen [22mAdmin creates a fully customized loan with the following data:[39m                                                                                                                                                                                     [90m# org.apache.fineract.test.stepdef.loan.LoanStepDef.createFullyCustomizedLoan(io.cucumber.datatable.DataTable)[39m
      | LoanProduct                                                        | submitted on date | with Principal | ANNUAL interest rate % | interest type | interest calculation period | amortization type  | loanTermFrequency | loanTermFrequencyType | repaymentEvery | repaymentFrequencyType | numberOfRepayments | graceOnPrincipalPayment | graceOnInterestPayment | interest free period | Payment strategy            |
      | LP2_DOWNPAYMENT_ADV_PMT_ALLOC_PROGRESSIVE_LOAN_SCHEDULE_HORIZONTAL | 01 September 2023 | 1000           | 0                      | FLAT          | SAME_AS_REPAYMENT_PERIOD    | EQUAL_INSTALLMENTS | 45                | DAYS                  | 15             | DAYS                   | 3                  | 0                       | 0                      | 0                    | ADVANCED_PAYMENT_ALLOCATION |
  [32m✔[39m [32m[1mAnd [22mAdmin successfully approves the loan on [1m"01 September 2023"[22m with [1m"1000"[22m amount and expected disbursement date on [1m"01 September 2023"[22m[39m                                                                                                                [90m# org.apache.fineract.test.stepdef.loan.LoanStepDef.approveLoan(java.lang.String,java.lang.String,java.lang.String)[39m
  [32m✔[39m [32m[1mWhen [22mAdmin successfully disburse the loan on [1m"01 September 2023"[22m with [1m"1000"[22m EUR transaction amount[39m                                                                                                                                                     [90m# org.apache.fineract.test.stepdef.loan.LoanStepDef.disburseLoan(java.lang.String,java.lang.String)[39m
  [32m✔[39m [32m[1mThen [22mLoan Repayment schedule has [1m4[22m periods, with the following data for periods:[39m                                                                                                                                                                        [90m# org.apache.fineract.test.stepdef.loan.LoanStepDef.loanRepaymentSchedulePeriodsCheck(int,io.cucumber.datatable.DataTable)[39m
      | Nr | Days | Date              | Paid date | Balance of loan | Principal due | Interest | Fees | Penalties | Due   | Paid | In advance | Late | Outstanding |
      |    |      | 01 September 2023 |           | 1000.0          |               |          | 0.0  |           | 0.0   | 0.0  |            |      |             |
      | 1  | 0    | 01 September 2023 |           | 750.0           | 250.0         | 0.0      | 0.0  | 0.0       | 250.0 | 0.0  | 0.0        | 0.0  | 250.0       |
      | 2  | 15   | 16 September 2023 |           | 500.0           | 250.0         | 0.0      | 0.0  | 0.0       | 250.0 | 0.0  | 0.0        | 0.0  | 250.0       |
      | 3  | 15   | 01 October 2023   |           | 250.0           | 250.0         | 0.0      | 0.0  | 0.0       | 250.0 | 0.0  | 0.0        | 0.0  | 250.0       |
      | 4  | 15   | 16 October 2023   |           | 0.0             | 250.0         | 0.0      | 0.0  | 0.0       | 250.0 | 0.0  | 0.0        | 0.0  | 250.0       |
  [32m✔[39m [32m[1mThen [22mLoan Repayment schedule has the following data in Total row:[39m                                                                                                                                                                                       [90m# org.apache.fineract.test.stepdef.loan.LoanStepDef.loanRepaymentScheduleAmountCheck(io.cucumber.datatable.DataTable)[39m
      | Principal due | Interest | Fees | Penalties | Due    | Paid | In advance | Late | Outstanding |
      | 1000.0        | 0.0      | 0.0  | 0.0       | 1000.0 | 0.0  | 0.0        | 0.0  | 1000.0      |
  [32m✔[39m [32m[1mThen [22mLoan Transactions tab has the following data:[39m                                                                                                                                                                                                      [90m# org.apache.fineract.test.stepdef.loan.LoanStepDef.loanTransactionsTabCheck(io.cucumber.datatable.DataTable)[39m
      | Transaction date  | Transaction Type | Amount | Principal | Interest | Fees | Penalties | Loan Balance |
      | 01 September 2023 | Disbursement     | 1000.0 | 0.0       | 0.0      | 0.0  | 0.0       | 1000.0       |
  [32m✔[39m [32m[1mWhen [22mAdmin adds [1m"LOAN_NSF_FEE"[22m due date charge with [1m"17 October 2023"[22m due date and [1m20[22m EUR transaction amount[39m                                                                                                                                            [90m# org.apache.fineract.test.stepdef.loan.LoanChargeStepDef.addChargeDueDate(java.lang.String,java.lang.String,double)[39m
  [32m✔[39m [32m[1mThen [22mLoan Repayment schedule has [1m5[22m periods, with the following data for periods:[39m                                                                                                                                                                        [90m# org.apache.fineract.test.stepdef.loan.LoanStepDef.loanRepaymentSchedulePeriodsCheck(int,io.cucumber.datatable.DataTable)[39m
      | Nr | Days | Date              | Paid date | Balance of loan | Principal due | Interest | Fees | Penalties | Due   | Paid | In advance | Late | Outstanding |
      |    |      | 01 September 2023 |           | 1000.0          |               |          | 0.0  |           | 0.0   | 0.0  |            |      |             |
      | 1  | 0    | 01 September 2023 |           | 750.0           | 250.0         | 0.0      | 0.0  | 0.0       | 250.0 | 0.0  | 0.0        | 0.0  | 250.0       |
      | 2  | 15   | 16 September 2023 |           | 500.0           | 250.0         | 0.0      | 0.0  | 0.0       | 250.0 | 0.0  | 0.0        | 0.0  | 250.0       |
      | 3  | 15   | 01 October 2023   |           | 250.0           | 250.0         | 0.0      | 0.0  | 0.0       | 250.0 | 0.0  | 0.0        | 0.0  | 250.0       |
      | 4  | 15   | 16 October 2023   |           | 0.0             | 250.0         | 0.0      | 0.0  | 0.0       | 250.0 | 0.0  | 0.0        | 0.0  | 250.0       |
      | 5  | 1    | 17 October 2023   |           | 0.0             | 0.0           | 0.0      | 0.0  | 20.0      | 20.0  | 0.0  | 0.0        | 0.0  | 20.0        |
  [32m✔[39m [32m[1mThen [22mLoan Repayment schedule has the following data in Total row:[39m                                                                                                                                                                                       [90m# org.apache.fineract.test.stepdef.loan.LoanStepDef.loanRepaymentScheduleAmountCheck(io.cucumber.datatable.DataTable)[39m
      | Principal due | Interest | Fees | Penalties | Due    | Paid | In advance | Late | Outstanding |
      | 1000.0        | 0.0      | 0.0  | 20.0      | 1020.0 | 0.0  | 0.0        | 0.0  | 1020.0      |
  [32m✔[39m [32m[1mThen [22mLoan Transactions tab has the following data:[39m                                                                                                                                                                                                      [90m# org.apache.fineract.test.stepdef.loan.LoanStepDef.loanTransactionsTabCheck(io.cucumber.datatable.DataTable)[39m
      | Transaction date  | Transaction Type | Amount | Principal | Interest | Fees | Penalties | Loan Balance |
      | 01 September 2023 | Disbursement     | 1000.0 | 0.0       | 0.0      | 0.0  | 0.0       | 1000.0       |
  [32m✔[39m [32m[1mThen [22mLoan Charges tab has the following data:[39m                                                                                                                                                                                                           [90m# org.apache.fineract.test.stepdef.loan.LoanStepDef.loanChargesTabCheck(io.cucumber.datatable.DataTable)[39m
      | Name    | isPenalty | Payment due at     | Due as of       | Calculation type | Due  | Paid | Waived | Outstanding |
      | NSF fee | true      | Specified due date | 17 October 2023 | Flat             | 20.0 | 0.0  | 0.0    | 20.0        |
  [32m✔[39m [32m[1mAnd [22mCustomer makes [1m"AUTOPAY"[22m repayment on [1m"01 September 2023"[22m with [1m250[22m EUR transaction amount[39m                                                                                                                                                           [90m# org.apache.fineract.test.stepdef.loan.LoanRepaymentStepDef.makeLoanRepayment(java.lang.String,java.lang.String,double)[39m
  [32m✔[39m [32m[1mWhen [22mAdmin sets the business date to [1m"16 September 2023"[22m[39m                                                                                                                                                                                                [90m# org.apache.fineract.test.stepdef.common.BusinessDateStepDef.setBusinessDate(java.lang.String)[39m
  [32m✔[39m [32m[1mAnd [22mCustomer makes [1m"AUTOPAY"[22m repayment on [1m"16 September 2023"[22m with [1m250[22m EUR transaction amount[39m                                                                                                                                                           [90m# org.apache.fineract.test.stepdef.loan.LoanRepaymentStepDef.makeLoanRepayment(java.lang.String,java.lang.String,double)[39m
  [32m✔[39m [32m[1mThen [22mLoan Repayment schedule has [1m5[22m periods, with the following data for periods:[39m                                                                                                                                                                        [90m# org.apache.fineract.test.stepdef.loan.LoanStepDef.loanRepaymentSchedulePeriodsCheck(int,io.cucumber.datatable.DataTable)[39m
      | Nr | Days | Date              | Paid date         | Balance of loan | Principal due | Interest | Fees | Penalties | Due   | Paid  | In advance | Late | Outstanding |
      |    |      | 01 September 2023 |                   | 1000.0          |               |          | 0.0  |           | 0.0   | 0.0   |            |      |             |
      | 1  | 0    | 01 September 2023 | 01 September 2023 | 750.0           | 250.0         | 0.0      | 0.0  | 0.0       | 250.0 | 250.0 | 0.0        | 0.0  | 0.0         |
      | 2  | 15   | 16 September 2023 | 16 September 2023 | 500.0           | 250.0         | 0.0      | 0.0  | 0.0       | 250.0 | 250.0 | 0.0        | 0.0  | 0.0         |
      | 3  | 15   | 01 October 2023   |                   | 250.0           | 250.0         | 0.0      | 0.0  | 0.0       | 250.0 | 0.0   | 0.0        | 0.0  | 250.0       |
      | 4  | 15   | 16 October 2023   |                   | 0.0             | 250.0         | 0.0      | 0.0  | 0.0       | 250.0 | 0.0   | 0.0        | 0.0  | 250.0       |
      | 5  | 1    | 17 October 2023   |                   | 0.0             | 0.0           | 0.0      | 0.0  | 20.0      | 20.0  | 0.0   | 0.0        | 0.0  | 20.0        |
  [32m✔[39m [32m[1mThen [22mLoan Repayment schedule has the following data in Total row:[39m                                                                                                                                                                                       [90m# org.apache.fineract.test.stepdef.loan.LoanStepDef.loanRepaymentScheduleAmountCheck(io.cucumber.datatable.DataTable)[39m
      | Principal due | Interest | Fees | Penalties | Due    | Paid  | In advance | Late | Outstanding |
      | 1000.0        | 0.0      | 0.0  | 20.0      | 1020.0 | 500.0 | 0.0        | 0.0  | 520.0       |
  [32m✔[39m [32m[1mThen [22mLoan Transactions tab has the following data:[39m                                                                                                                                                                                                      [90m# org.apache.fineract.test.stepdef.loan.LoanStepDef.loanTransactionsTabCheck(io.cucumber.datatable.DataTable)[39m
      | Transaction date  | Transaction Type | Amount | Principal | Interest | Fees | Penalties | Loan Balance |
      | 01 September 2023 | Disbursement     | 1000.0 | 0.0       | 0.0      | 0.0  | 0.0       | 1000.0       |
      | 01 September 2023 | Repayment        | 250.0  | 250.0     | 0.0      | 0.0  | 0.0       | 750.0        |
      | 16 September 2023 | Repayment        | 250.0  | 250.0     | 0.0      | 0.0  | 0.0       | 500.0        |
  [32m✔[39m [32m[1mThen [22mLoan Charges tab has the following data:[39m                                                                                                                                                                                                           [90m# org.apache.fineract.test.stepdef.loan.LoanStepDef.loanChargesTabCheck(io.cucumber.datatable.DataTable)[39m
      | Name    | isPenalty | Payment due at     | Due as of       | Calculation type | Due  | Paid | Waived | Outstanding |
      | NSF fee | true      | Specified due date | 17 October 2023 | Flat             | 20.0 | 0.0  | 0.0    | 20.0        |
  [32m✔[39m [32m[1mWhen [22mAdmin adds [1m"LOAN_NSF_FEE"[22m due date charge with [1m"17 September 2023"[22m due date and [1m20[22m EUR transaction amount[39m                                                                                                                                          [90m# org.apache.fineract.test.stepdef.loan.LoanChargeStepDef.addChargeDueDate(java.lang.String,java.lang.String,double)[39m
  [32m✔[39m [32m[1mWhen [22mAdmin adds [1m"LOAN_NSF_FEE"[22m due date charge with [1m"16 October 2023"[22m due date and [1m20[22m EUR transaction amount[39m                                                                                                                                            [90m# org.apache.fineract.test.stepdef.loan.LoanChargeStepDef.addChargeDueDate(java.lang.String,java.lang.String,double)[39m
  [32m✔[39m [32m[1mThen [22mLoan Repayment schedule has [1m5[22m periods, with the following data for periods:[39m                                                                                                                                                                        [90m# org.apache.fineract.test.stepdef.loan.LoanStepDef.loanRepaymentSchedulePeriodsCheck(int,io.cucumber.datatable.DataTable)[39m
      | Nr | Days | Date              | Paid date         | Balance of loan | Principal due | Interest | Fees | Penalties | Due   | Paid  | In advance | Late | Outstanding |
      |    |      | 01 September 2023 |                   | 1000.0          |               |          | 0.0  |           | 0.0   | 0.0   |            |      |             |
      | 1  | 0    | 01 September 2023 | 01 September 2023 | 750.0           | 250.0         | 0.0      | 0.0  | 0.0       | 250.0 | 250.0 | 0.0        | 0.0  | 0.0         |
      | 2  | 15   | 16 September 2023 | 16 September 2023 | 500.0           | 250.0         | 0.0      | 0.0  | 0.0       | 250.0 | 250.0 | 0.0        | 0.0  | 0.0         |
      | 3  | 15   | 01 October 2023   |                   | 250.0           | 250.0         | 0.0      | 0.0  | 20.0      | 270.0 | 0.0   | 0.0        | 0.0  | 270.0       |
      | 4  | 15   | 16 October 2023   |                   | 0.0             | 250.0         | 0.0      | 0.0  | 20.0      | 270.0 | 0.0   | 0.0        | 0.0  | 270.0       |
      | 5  | 1    | 17 October 2023   |                   | 0.0             | 0.0           | 0.0      | 0.0  | 20.0      | 20.0  | 0.0   | 0.0        | 0.0  | 20.0        |
  [32m✔[39m [32m[1mThen [22mLoan Repayment schedule has the following data in Total row:[39m                                                                                                                                                                                       [90m# org.apache.fineract.test.stepdef.loan.LoanStepDef.loanRepaymentScheduleAmountCheck(io.cucumber.datatable.DataTable)[39m
      | Principal due | Interest | Fees | Penalties | Due    | Paid  | In advance | Late | Outstanding |
      | 1000.0        | 0.0      | 0.0  | 60.0      | 1060.0 | 500.0 | 0.0        | 0.0  | 560.0       |
  [32m✔[39m [32m[1mThen [22mLoan Transactions tab has the following data:[39m                                                                                                                                                                                                      [90m# org.apache.fineract.test.stepdef.loan.LoanStepDef.loanTransactionsTabCheck(io.cucumber.datatable.DataTable)[39m
      | Transaction date  | Transaction Type | Amount | Principal | Interest | Fees | Penalties | Loan Balance |
      | 01 September 2023 | Disbursement     | 1000.0 | 0.0       | 0.0      | 0.0  | 0.0       | 1000.0       |
      | 01 September 2023 | Repayment        | 250.0  | 250.0     | 0.0      | 0.0  | 0.0       | 750.0        |
      | 16 September 2023 | Repayment        | 250.0  | 250.0     | 0.0      | 0.0  | 0.0       | 500.0        |
  [32m✔[39m [32m[1mThen [22mLoan Charges tab has the following data:[39m                                                                                                                                                                                                           [90m# org.apache.fineract.test.stepdef.loan.LoanStepDef.loanChargesTabCheck(io.cucumber.datatable.DataTable)[39m
      | Name    | isPenalty | Payment due at     | Due as of         | Calculation type | Due  | Paid | Waived | Outstanding |
      | NSF fee | true      | Specified due date | 17 October 2023   | Flat             | 20.0 | 0.0  | 0.0    | 20.0        |
      | NSF fee | true      | Specified due date | 16 October 2023   | Flat             | 20.0 | 0.0  | 0.0    | 20.0        |
      | NSF fee | true      | Specified due date | 17 September 2023 | Flat             | 20.0 | 0.0  | 0.0    | 20.0        |
  [32m✔[39m [32m[1mWhen [22mAdmin sets the business date to [1m"17 September 2023"[22m[39m                                                                                                                                                                                                [90m# org.apache.fineract.test.stepdef.common.BusinessDateStepDef.setBusinessDate(java.lang.String)[39m
  [32m✔[39m [32m[1mWhen [22mCustomer makes [1m"GOODWILL_CREDIT"[22m transaction with [1m"AUTOPAY"[22m payment type on [1m"17 September 2023"[22m with [1m35[22m EUR transaction amount and system-generated Idempotency key[39m                                                                                [90m# org.apache.fineract.test.stepdef.loan.LoanStepDef.createTransactionWithAutoIdempotencyKey(java.lang.String,java.lang.String,java.lang.String,double)[39m
  [32m✔[39m [32m[1mThen [22mLoan Repayment schedule has [1m5[22m periods, with the following data for periods:[39m                                                                                                                                                                        [90m# org.apache.fineract.test.stepdef.loan.LoanStepDef.loanRepaymentSchedulePeriodsCheck(int,io.cucumber.datatable.DataTable)[39m
      | Nr | Days | Date              | Paid date         | Balance of loan | Principal due | Interest | Fees | Penalties | Due   | Paid  | In advance | Late | Outstanding |
      |    |      | 01 September 2023 |                   | 1000.0          |               |          | 0.0  |           | 0.0   | 0.0   |            |      |             |
      | 1  | 0    | 01 September 2023 | 01 September 2023 | 750.0           | 250.0         | 0.0      | 0.0  | 0.0       | 250.0 | 250.0 | 0.0        | 0.0  | 0.0         |
      | 2  | 15   | 16 September 2023 | 16 September 2023 | 500.0           | 250.0         | 0.0      | 0.0  | 0.0       | 250.0 | 250.0 | 0.0        | 0.0  | 0.0         |
      | 3  | 15   | 01 October 2023   |                   | 250.0           | 250.0         | 0.0      | 0.0  | 20.0      | 270.0 | 0.0   | 0.0        | 0.0  | 270.0       |
      | 4  | 15   | 16 October 2023   |                   | 0.0             | 250.0         | 0.0      | 0.0  | 20.0      | 270.0 | 15.0  | 15.0       | 0.0  | 255.0       |
      | 5  | 1    | 17 October 2023   | 17 September 2023 | 0.0             | 0.0           | 0.0      | 0.0  | 20.0      | 20.0  | 20.0  | 20.0       | 0.0  | 0.0         |
  [32m✔[39m [32m[1mThen [22mLoan Repayment schedule has the following data in Total row:[39m                                                                                                                                                                                       [90m# org.apache.fineract.test.stepdef.loan.LoanStepDef.loanRepaymentScheduleAmountCheck(io.cucumber.datatable.DataTable)[39m
      | Principal due | Interest | Fees | Penalties | Due    | Paid  | In advance | Late | Outstanding |
      | 1000.0        | 0.0      | 0.0  | 60.0      | 1060.0 | 535.0 | 35.0       | 0.0  | 525.0       |
  [32m✔[39m [32m[1mThen [22mLoan Transactions tab has the following data:[39m                                                                                                                                                                                                      [90m# org.apache.fineract.test.stepdef.loan.LoanStepDef.loanTransactionsTabCheck(io.cucumber.datatable.DataTable)[39m
      | Transaction date  | Transaction Type | Amount | Principal | Interest | Fees | Penalties | Loan Balance |
      | 01 September 2023 | Disbursement     | 1000.0 | 0.0       | 0.0      | 0.0  | 0.0       | 1000.0       |
      | 01 September 2023 | Repayment        | 250.0  | 250.0     | 0.0      | 0.0  | 0.0       | 750.0        |
      | 16 September 2023 | Repayment        | 250.0  | 250.0     | 0.0      | 0.0  | 0.0       | 500.0        |
      | 17 September 2023 | Goodwill Credit  | 35.0   | 0.0       | 0.0      | 0.0  | 35.0      | 500.0        |
  [32m✔[39m [32m[1mThen [22mLoan Charges tab has the following data:[39m                                                                                                                                                                                                           [90m# org.apache.fineract.test.stepdef.loan.LoanStepDef.loanChargesTabCheck(io.cucumber.datatable.DataTable)[39m
      | Name    | isPenalty | Payment due at     | Due as of         | Calculation type | Due  | Paid | Waived | Outstanding |
      | NSF fee | true      | Specified due date | 17 October 2023   | Flat             | 20.0 | 20.0 | 0.0    | 0.0         |
      | NSF fee | true      | Specified due date | 16 October 2023   | Flat             | 20.0 | 15.0 | 0.0    | 5.0         |
      | NSF fee | true      | Specified due date | 17 September 2023 | Flat             | 20.0 | 0.0  | 0.0    | 20.0        |

@LoanFeature @TestRailId:C2953 @AdvancedPaymentAllocation @ProgressiveLoanSchedule
[1mScenario:[22m Verify AdvancedPaymentAllocation behaviour: loanScheduleProcessingType-vertical, charge after maturity, in advanced Goodwill credit transaction on first charge due date (future installment type: LAST_INSTALLMENT) - amount > due date charge [90m# fineract-e2e-tests-runner/src/test/resources/features/Loan-Part3.feature:803[39m
  [32m✔[39m [32m[1mWhen [22mAdmin sets the business date to [1m"01 September 2023"[22m[39m                                                                                                                                                                                              [90m# org.apache.fineract.test.stepdef.common.BusinessDateStepDef.setBusinessDate(java.lang.String)[39m
  [32m✔[39m [32m[1mWhen [22mAdmin creates a client with random data[39m                                                                                                                                                                                                          [90m# org.apache.fineract.test.stepdef.common.ClientStepDef.createClientRandomFirstNameLastName()[39m
  [32m✔[39m [32m[1mWhen [22mAdmin creates a fully customized loan with the following data:[39m                                                                                                                                                                                   [90m# org.apache.fineract.test.stepdef.loan.LoanStepDef.createFullyCustomizedLoan(io.cucumber.datatable.DataTable)[39m
      | LoanProduct                                                      | submitted on date | with Principal | ANNUAL interest rate % | interest type | interest calculation period | amortization type  | loanTermFrequency | loanTermFrequencyType | repaymentEvery | repaymentFrequencyType | numberOfRepayments | graceOnPrincipalPayment | graceOnInterestPayment | interest free period | Payment strategy            |
      | LP2_DOWNPAYMENT_ADV_PMT_ALLOC_PROGRESSIVE_LOAN_SCHEDULE_VERTICAL | 01 September 2023 | 1000           | 0                      | FLAT          | SAME_AS_REPAYMENT_PERIOD    | EQUAL_INSTALLMENTS | 45                | DAYS                  | 15             | DAYS                   | 3                  | 0                       | 0                      | 0                    | ADVANCED_PAYMENT_ALLOCATION |
  [32m✔[39m [32m[1mAnd [22mAdmin successfully approves the loan on [1m"01 September 2023"[22m with [1m"1000"[22m amount and expected disbursement date on [1m"01 September 2023"[22m[39m                                                                                                              [90m# org.apache.fineract.test.stepdef.loan.LoanStepDef.approveLoan(java.lang.String,java.lang.String,java.lang.String)[39m
  [32m✔[39m [32m[1mWhen [22mAdmin successfully disburse the loan on [1m"01 September 2023"[22m with [1m"1000"[22m EUR transaction amount[39m                                                                                                                                                   [90m# org.apache.fineract.test.stepdef.loan.LoanStepDef.disburseLoan(java.lang.String,java.lang.String)[39m
  [32m✔[39m [32m[1mThen [22mLoan Repayment schedule has [1m4[22m periods, with the following data for periods:[39m                                                                                                                                                                      [90m# org.apache.fineract.test.stepdef.loan.LoanStepDef.loanRepaymentSchedulePeriodsCheck(int,io.cucumber.datatable.DataTable)[39m
      | Nr | Days | Date              | Paid date | Balance of loan | Principal due | Interest | Fees | Penalties | Due   | Paid | In advance | Late | Outstanding |
      |    |      | 01 September 2023 |           | 1000.0          |               |          | 0.0  |           | 0.0   | 0.0  |            |      |             |
      | 1  | 0    | 01 September 2023 |           | 750.0           | 250.0         | 0.0      | 0.0  | 0.0       | 250.0 | 0.0  | 0.0        | 0.0  | 250.0       |
      | 2  | 15   | 16 September 2023 |           | 500.0           | 250.0         | 0.0      | 0.0  | 0.0       | 250.0 | 0.0  | 0.0        | 0.0  | 250.0       |
      | 3  | 15   | 01 October 2023   |           | 250.0           | 250.0         | 0.0      | 0.0  | 0.0       | 250.0 | 0.0  | 0.0        | 0.0  | 250.0       |
      | 4  | 15   | 16 October 2023   |           | 0.0             | 250.0         | 0.0      | 0.0  | 0.0       | 250.0 | 0.0  | 0.0        | 0.0  | 250.0       |
  [32m✔[39m [32m[1mThen [22mLoan Repayment schedule has the following data in Total row:[39m                                                                                                                                                                                     [90m# org.apache.fineract.test.stepdef.loan.LoanStepDef.loanRepaymentScheduleAmountCheck(io.cucumber.datatable.DataTable)[39m
      | Principal due | Interest | Fees | Penalties | Due    | Paid | In advance | Late | Outstanding |
      | 1000.0        | 0.0      | 0.0  | 0.0       | 1000.0 | 0.0  | 0.0        | 0.0  | 1000.0      |
  [32m✔[39m [32m[1mThen [22mLoan Transactions tab has the following data:[39m                                                                                                                                                                                                    [90m# org.apache.fineract.test.stepdef.loan.LoanStepDef.loanTransactionsTabCheck(io.cucumber.datatable.DataTable)[39m
      | Transaction date  | Transaction Type | Amount | Principal | Interest | Fees | Penalties | Loan Balance |
      | 01 September 2023 | Disbursement     | 1000.0 | 0.0       | 0.0      | 0.0  | 0.0       | 1000.0       |
  [32m✔[39m [32m[1mWhen [22mAdmin adds [1m"LOAN_NSF_FEE"[22m due date charge with [1m"17 October 2023"[22m due date and [1m20[22m EUR transaction amount[39m                                                                                                                                          [90m# org.apache.fineract.test.stepdef.loan.LoanChargeStepDef.addChargeDueDate(java.lang.String,java.lang.String,double)[39m
  [32m✔[39m [32m[1mThen [22mLoan Repayment schedule has [1m5[22m periods, with the following data for periods:[39m                                                                                                                                                                      [90m# org.apache.fineract.test.stepdef.loan.LoanStepDef.loanRepaymentSchedulePeriodsCheck(int,io.cucumber.datatable.DataTable)[39m
      | Nr | Days | Date              | Paid date | Balance of loan | Principal due | Interest | Fees | Penalties | Due   | Paid | In advance | Late | Outstanding |
      |    |      | 01 September 2023 |           | 1000.0          |               |          | 0.0  |           | 0.0   | 0.0  |            |      |             |
      | 1  | 0    | 01 September 2023 |           | 750.0           | 250.0         | 0.0      | 0.0  | 0.0       | 250.0 | 0.0  | 0.0        | 0.0  | 250.0       |
      | 2  | 15   | 16 September 2023 |           | 500.0           | 250.0         | 0.0      | 0.0  | 0.0       | 250.0 | 0.0  | 0.0        | 0.0  | 250.0       |
      | 3  | 15   | 01 October 2023   |           | 250.0           | 250.0         | 0.0      | 0.0  | 0.0       | 250.0 | 0.0  | 0.0        | 0.0  | 250.0       |
      | 4  | 15   | 16 October 2023   |           | 0.0             | 250.0         | 0.0      | 0.0  | 0.0       | 250.0 | 0.0  | 0.0        | 0.0  | 250.0       |
      | 5  | 1    | 17 October 2023   |           | 0.0             | 0.0           | 0.0      | 0.0  | 20.0      | 20.0  | 0.0  | 0.0        | 0.0  | 20.0        |
  [32m✔[39m [32m[1mThen [22mLoan Repayment schedule has the following data in Total row:[39m                                                                                                                                                                                     [90m# org.apache.fineract.test.stepdef.loan.LoanStepDef.loanRepaymentScheduleAmountCheck(io.cucumber.datatable.DataTable)[39m
      | Principal due | Interest | Fees | Penalties | Due    | Paid | In advance | Late | Outstanding |
      | 1000.0        | 0.0      | 0.0  | 20.0      | 1020.0 | 0.0  | 0.0        | 0.0  | 1020.0      |
  [32m✔[39m [32m[1mThen [22mLoan Transactions tab has the following data:[39m                                                                                                                                                                                                    [90m# org.apache.fineract.test.stepdef.loan.LoanStepDef.loanTransactionsTabCheck(io.cucumber.datatable.DataTable)[39m
      | Transaction date  | Transaction Type | Amount | Principal | Interest | Fees | Penalties | Loan Balance |
      | 01 September 2023 | Disbursement     | 1000.0 | 0.0       | 0.0      | 0.0  | 0.0       | 1000.0       |
  [32m✔[39m [32m[1mThen [22mLoan Charges tab has the following data:[39m                                                                                                                                                                                                         [90m# org.apache.fineract.test.stepdef.loan.LoanStepDef.loanChargesTabCheck(io.cucumber.datatable.DataTable)[39m
      | Name    | isPenalty | Payment due at     | Due as of       | Calculation type | Due  | Paid | Waived | Outstanding |
      | NSF fee | true      | Specified due date | 17 October 2023 | Flat             | 20.0 | 0.0  | 0.0    | 20.0        |
  [32m✔[39m [32m[1mAnd [22mCustomer makes [1m"AUTOPAY"[22m repayment on [1m"01 September 2023"[22m with [1m250[22m EUR transaction amount[39m                                                                                                                                                         [90m# org.apache.fineract.test.stepdef.loan.LoanRepaymentStepDef.makeLoanRepayment(java.lang.String,java.lang.String,double)[39m
  [32m✔[39m [32m[1mWhen [22mAdmin sets the business date to [1m"16 September 2023"[22m[39m                                                                                                                                                                                              [90m# org.apache.fineract.test.stepdef.common.BusinessDateStepDef.setBusinessDate(java.lang.String)[39m
  [32m✔[39m [32m[1mAnd [22mCustomer makes [1m"AUTOPAY"[22m repayment on [1m"16 September 2023"[22m with [1m250[22m EUR transaction amount[39m                                                                                                                                                         [90m# org.apache.fineract.test.stepdef.loan.LoanRepaymentStepDef.makeLoanRepayment(java.lang.String,java.lang.String,double)[39m
  [32m✔[39m [32m[1mThen [22mLoan Repayment schedule has [1m5[22m periods, with the following data for periods:[39m                                                                                                                                                                      [90m# org.apache.fineract.test.stepdef.loan.LoanStepDef.loanRepaymentSchedulePeriodsCheck(int,io.cucumber.datatable.DataTable)[39m
      | Nr | Days | Date              | Paid date         | Balance of loan | Principal due | Interest | Fees | Penalties | Due   | Paid  | In advance | Late | Outstanding |
      |    |      | 01 September 2023 |                   | 1000.0          |               |          | 0.0  |           | 0.0   | 0.0   |            |      |             |
      | 1  | 0    | 01 September 2023 | 01 September 2023 | 750.0           | 250.0         | 0.0      | 0.0  | 0.0       | 250.0 | 250.0 | 0.0        | 0.0  | 0.0         |
      | 2  | 15   | 16 September 2023 | 16 September 2023 | 500.0           | 250.0         | 0.0      | 0.0  | 0.0       | 250.0 | 250.0 | 0.0        | 0.0  | 0.0         |
      | 3  | 15   | 01 October 2023   |                   | 250.0           | 250.0         | 0.0      | 0.0  | 0.0       | 250.0 | 0.0   | 0.0        | 0.0  | 250.0       |
      | 4  | 15   | 16 October 2023   |                   | 0.0             | 250.0         | 0.0      | 0.0  | 0.0       | 250.0 | 0.0   | 0.0        | 0.0  | 250.0       |
      | 5  | 1    | 17 October 2023   |                   | 0.0             | 0.0           | 0.0      | 0.0  | 20.0      | 20.0  | 0.0   | 0.0        | 0.0  | 20.0        |
  [32m✔[39m [32m[1mThen [22mLoan Repayment schedule has the following data in Total row:[39m                                                                                                                                                                                     [90m# org.apache.fineract.test.stepdef.loan.LoanStepDef.loanRepaymentScheduleAmountCheck(io.cucumber.datatable.DataTable)[39m
      | Principal due | Interest | Fees | Penalties | Due    | Paid  | In advance | Late | Outstanding |
      | 1000.0        | 0.0      | 0.0  | 20.0      | 1020.0 | 500.0 | 0.0        | 0.0  | 520.0       |
  [32m✔[39m [32m[1mThen [22mLoan Transactions tab has the following data:[39m                                                                                                                                                                                                    [90m# org.apache.fineract.test.stepdef.loan.LoanStepDef.loanTransactionsTabCheck(io.cucumber.datatable.DataTable)[39m
      | Transaction date  | Transaction Type | Amount | Principal | Interest | Fees | Penalties | Loan Balance |
      | 01 September 2023 | Disbursement     | 1000.0 | 0.0       | 0.0      | 0.0  | 0.0       | 1000.0       |
      | 01 September 2023 | Repayment        | 250.0  | 250.0     | 0.0      | 0.0  | 0.0       | 750.0        |
      | 16 September 2023 | Repayment        | 250.0  | 250.0     | 0.0      | 0.0  | 0.0       | 500.0        |
  [32m✔[39m [32m[1mThen [22mLoan Charges tab has the following data:[39m                                                                                                                                                                                                         [90m# org.apache.fineract.test.stepdef.loan.LoanStepDef.loanChargesTabCheck(io.cucumber.datatable.DataTable)[39m
      | Name    | isPenalty | Payment due at     | Due as of       | Calculation type | Due  | Paid | Waived | Outstanding |
      | NSF fee | true      | Specified due date | 17 October 2023 | Flat             | 20.0 | 0.0  | 0.0    | 20.0        |
  [32m✔[39m [32m[1mWhen [22mAdmin adds [1m"LOAN_NSF_FEE"[22m due date charge with [1m"17 September 2023"[22m due date and [1m20[22m EUR transaction amount[39m                                                                                                                                        [90m# org.apache.fineract.test.stepdef.loan.LoanChargeStepDef.addChargeDueDate(java.lang.String,java.lang.String,double)[39m
  [32m✔[39m [32m[1mWhen [22mAdmin adds [1m"LOAN_NSF_FEE"[22m due date charge with [1m"16 October 2023"[22m due date and [1m20[22m EUR transaction amount[39m                                                                                                                                          [90m# org.apache.fineract.test.stepdef.loan.LoanChargeStepDef.addChargeDueDate(java.lang.String,java.lang.String,double)[39m
  [32m✔[39m [32m[1mThen [22mLoan Repayment schedule has [1m5[22m periods, with the following data for periods:[39m                                                                                                                                                                      [90m# org.apache.fineract.test.stepdef.loan.LoanStepDef.loanRepaymentSchedulePeriodsCheck(int,io.cucumber.datatable.DataTable)[39m
      | Nr | Days | Date              | Paid date         | Balance of loan | Principal due | Interest | Fees | Penalties | Due   | Paid  | In advance | Late | Outstanding |
      |    |      | 01 September 2023 |                   | 1000.0          |               |          | 0.0  |           | 0.0   | 0.0   |            |      |             |
      | 1  | 0    | 01 September 2023 | 01 September 2023 | 750.0           | 250.0         | 0.0      | 0.0  | 0.0       | 250.0 | 250.0 | 0.0        | 0.0  | 0.0         |
      | 2  | 15   | 16 September 2023 | 16 September 2023 | 500.0           | 250.0         | 0.0      | 0.0  | 0.0       | 250.0 | 250.0 | 0.0        | 0.0  | 0.0         |
      | 3  | 15   | 01 October 2023   |                   | 250.0           | 250.0         | 0.0      | 0.0  | 20.0      | 270.0 | 0.0   | 0.0        | 0.0  | 270.0       |
      | 4  | 15   | 16 October 2023   |                   | 0.0             | 250.0         | 0.0      | 0.0  | 20.0      | 270.0 | 0.0   | 0.0        | 0.0  | 270.0       |
      | 5  | 1    | 17 October 2023   |                   | 0.0             | 0.0           | 0.0      | 0.0  | 20.0      | 20.0  | 0.0   | 0.0        | 0.0  | 20.0        |
  [32m✔[39m [32m[1mThen [22mLoan Repayment schedule has the following data in Total row:[39m                                                                                                                                                                                     [90m# org.apache.fineract.test.stepdef.loan.LoanStepDef.loanRepaymentScheduleAmountCheck(io.cucumber.datatable.DataTable)[39m
      | Principal due | Interest | Fees | Penalties | Due    | Paid  | In advance | Late | Outstanding |
      | 1000.0        | 0.0      | 0.0  | 60.0      | 1060.0 | 500.0 | 0.0        | 0.0  | 560.0       |
  [32m✔[39m [32m[1mThen [22mLoan Transactions tab has the following data:[39m                                                                                                                                                                                                    [90m# org.apache.fineract.test.stepdef.loan.LoanStepDef.loanTransactionsTabCheck(io.cucumber.datatable.DataTable)[39m
      | Transaction date  | Transaction Type | Amount | Principal | Interest | Fees | Penalties | Loan Balance |
      | 01 September 2023 | Disbursement     | 1000.0 | 0.0       | 0.0      | 0.0  | 0.0       | 1000.0       |
      | 01 September 2023 | Repayment        | 250.0  | 250.0     | 0.0      | 0.0  | 0.0       | 750.0        |
      | 16 September 2023 | Repayment        | 250.0  | 250.0     | 0.0      | 0.0  | 0.0       | 500.0        |
  [32m✔[39m [32m[1mThen [22mLoan Charges tab has the following data:[39m                                                                                                                                                                                                         [90m# org.apache.fineract.test.stepdef.loan.LoanStepDef.loanChargesTabCheck(io.cucumber.datatable.DataTable)[39m
      | Name    | isPenalty | Payment due at     | Due as of         | Calculation type | Due  | Paid | Waived | Outstanding |
      | NSF fee | true      | Specified due date | 17 October 2023   | Flat             | 20.0 | 0.0  | 0.0    | 20.0        |
      | NSF fee | true      | Specified due date | 16 October 2023   | Flat             | 20.0 | 0.0  | 0.0    | 20.0        |
      | NSF fee | true      | Specified due date | 17 September 2023 | Flat             | 20.0 | 0.0  | 0.0    | 20.0        |
  [32m✔[39m [32m[1mWhen [22mAdmin sets the business date to [1m"17 September 2023"[22m[39m                                                                                                                                                                                              [90m# org.apache.fineract.test.stepdef.common.BusinessDateStepDef.setBusinessDate(java.lang.String)[39m
  [32m✔[39m [32m[1mWhen [22mCustomer makes [1m"GOODWILL_CREDIT"[22m transaction with [1m"AUTOPAY"[22m payment type on [1m"17 September 2023"[22m with [1m35[22m EUR transaction amount and system-generated Idempotency key[39m                                                                              [90m# org.apache.fineract.test.stepdef.loan.LoanStepDef.createTransactionWithAutoIdempotencyKey(java.lang.String,java.lang.String,java.lang.String,double)[39m
  [32m✔[39m [32m[1mThen [22mLoan Repayment schedule has [1m5[22m periods, with the following data for periods:[39m                                                                                                                                                                      [90m# org.apache.fineract.test.stepdef.loan.LoanStepDef.loanRepaymentSchedulePeriodsCheck(int,io.cucumber.datatable.DataTable)[39m
      | Nr | Days | Date              | Paid date         | Balance of loan | Principal due | Interest | Fees | Penalties | Due   | Paid  | In advance | Late | Outstanding |
      |    |      | 01 September 2023 |                   | 1000.0          |               |          | 0.0  |           | 0.0   | 0.0   |            |      |             |
      | 1  | 0    | 01 September 2023 | 01 September 2023 | 750.0           | 250.0         | 0.0      | 0.0  | 0.0       | 250.0 | 250.0 | 0.0        | 0.0  | 0.0         |
      | 2  | 15   | 16 September 2023 | 16 September 2023 | 500.0           | 250.0         | 0.0      | 0.0  | 0.0       | 250.0 | 250.0 | 0.0        | 0.0  | 0.0         |
      | 3  | 15   | 01 October 2023   |                   | 250.0           | 250.0         | 0.0      | 0.0  | 20.0      | 270.0 | 0.0   | 0.0        | 0.0  | 270.0       |
      | 4  | 15   | 16 October 2023   |                   | 0.0             | 250.0         | 0.0      | 0.0  | 20.0      | 270.0 | 15.0  | 15.0       | 0.0  | 255.0       |
      | 5  | 1    | 17 October 2023   | 17 September 2023 | 0.0             | 0.0           | 0.0      | 0.0  | 20.0      | 20.0  | 20.0  | 20.0       | 0.0  | 0.0         |
  [32m✔[39m [32m[1mThen [22mLoan Repayment schedule has the following data in Total row:[39m                                                                                                                                                                                     [90m# org.apache.fineract.test.stepdef.loan.LoanStepDef.loanRepaymentScheduleAmountCheck(io.cucumber.datatable.DataTable)[39m
      | Principal due | Interest | Fees | Penalties | Due    | Paid  | In advance | Late | Outstanding |
      | 1000.0        | 0.0      | 0.0  | 60.0      | 1060.0 | 535.0 | 35.0       | 0.0  | 525.0       |
  [32m✔[39m [32m[1mThen [22mLoan Transactions tab has the following data:[39m                                                                                                                                                                                                    [90m# org.apache.fineract.test.stepdef.loan.LoanStepDef.loanTransactionsTabCheck(io.cucumber.datatable.DataTable)[39m
      | Transaction date  | Transaction Type | Amount | Principal | Interest | Fees | Penalties | Loan Balance |
      | 01 September 2023 | Disbursement     | 1000.0 | 0.0       | 0.0      | 0.0  | 0.0       | 1000.0       |
      | 01 September 2023 | Repayment        | 250.0  | 250.0     | 0.0      | 0.0  | 0.0       | 750.0        |
      | 16 September 2023 | Repayment        | 250.0  | 250.0     | 0.0      | 0.0  | 0.0       | 500.0        |
      | 17 September 2023 | Goodwill Credit  | 35.0   | 0.0       | 0.0      | 0.0  | 35.0      | 500.0        |
  [32m✔[39m [32m[1mThen [22mLoan Charges tab has the following data:[39m                                                                                                                                                                                                         [90m# org.apache.fineract.test.stepdef.loan.LoanStepDef.loanChargesTabCheck(io.cucumber.datatable.DataTable)[39m
      | Name    | isPenalty | Payment due at     | Due as of         | Calculation type | Due  | Paid | Waived | Outstanding |
      | NSF fee | true      | Specified due date | 17 October 2023   | Flat             | 20.0 | 20.0 | 0.0    | 0.0         |
      | NSF fee | true      | Specified due date | 16 October 2023   | Flat             | 20.0 | 15.0 | 0.0    | 5.0         |
      | NSF fee | true      | Specified due date | 17 September 2023 | Flat             | 20.0 | 0.0  | 0.0    | 20.0        |

@LoanFeature @TestRailId:C2954 @AdvancedPaymentAllocation @ProgressiveLoanSchedule
[1mScenario:[22m Verify AdvancedPaymentAllocation behaviour: loanScheduleProcessingType-horizontal, charge after maturity, in advanced Goodwill credit transaction before first charge due date (future installment type: LAST_INSTALLMENT) - amount > first and second charge [90m# fineract-e2e-tests-runner/src/test/resources/features/Loan-Part3.feature:917[39m
  [32m✔[39m [32m[1mWhen [22mAdmin sets the business date to [1m"01 September 2023"[22m[39m                                                                                                                                                                                                            [90m# org.apache.fineract.test.stepdef.common.BusinessDateStepDef.setBusinessDate(java.lang.String)[39m
  [32m✔[39m [32m[1mWhen [22mAdmin creates a client with random data[39m                                                                                                                                                                                                                        [90m# org.apache.fineract.test.stepdef.common.ClientStepDef.createClientRandomFirstNameLastName()[39m
  [32m✔[39m [32m[1mWhen [22mAdmin creates a fully customized loan with the following data:[39m                                                                                                                                                                                                 [90m# org.apache.fineract.test.stepdef.loan.LoanStepDef.createFullyCustomizedLoan(io.cucumber.datatable.DataTable)[39m
      | LoanProduct                                                        | submitted on date | with Principal | ANNUAL interest rate % | interest type | interest calculation period | amortization type  | loanTermFrequency | loanTermFrequencyType | repaymentEvery | repaymentFrequencyType | numberOfRepayments | graceOnPrincipalPayment | graceOnInterestPayment | interest free period | Payment strategy            |
      | LP2_DOWNPAYMENT_ADV_PMT_ALLOC_PROGRESSIVE_LOAN_SCHEDULE_HORIZONTAL | 01 September 2023 | 1000           | 0                      | FLAT          | SAME_AS_REPAYMENT_PERIOD    | EQUAL_INSTALLMENTS | 45                | DAYS                  | 15             | DAYS                   | 3                  | 0                       | 0                      | 0                    | ADVANCED_PAYMENT_ALLOCATION |
  [32m✔[39m [32m[1mAnd [22mAdmin successfully approves the loan on [1m"01 September 2023"[22m with [1m"1000"[22m amount and expected disbursement date on [1m"01 September 2023"[22m[39m                                                                                                                            [90m# org.apache.fineract.test.stepdef.loan.LoanStepDef.approveLoan(java.lang.String,java.lang.String,java.lang.String)[39m
  [32m✔[39m [32m[1mWhen [22mAdmin successfully disburse the loan on [1m"01 September 2023"[22m with [1m"1000"[22m EUR transaction amount[39m                                                                                                                                                                 [90m# org.apache.fineract.test.stepdef.loan.LoanStepDef.disburseLoan(java.lang.String,java.lang.String)[39m
  [32m✔[39m [32m[1mThen [22mLoan Repayment schedule has [1m4[22m periods, with the following data for periods:[39m                                                                                                                                                                                    [90m# org.apache.fineract.test.stepdef.loan.LoanStepDef.loanRepaymentSchedulePeriodsCheck(int,io.cucumber.datatable.DataTable)[39m
      | Nr | Days | Date              | Paid date | Balance of loan | Principal due | Interest | Fees | Penalties | Due   | Paid | In advance | Late | Outstanding |
      |    |      | 01 September 2023 |           | 1000.0          |               |          | 0.0  |           | 0.0   | 0.0  |            |      |             |
      | 1  | 0    | 01 September 2023 |           | 750.0           | 250.0         | 0.0      | 0.0  | 0.0       | 250.0 | 0.0  | 0.0        | 0.0  | 250.0       |
      | 2  | 15   | 16 September 2023 |           | 500.0           | 250.0         | 0.0      | 0.0  | 0.0       | 250.0 | 0.0  | 0.0        | 0.0  | 250.0       |
      | 3  | 15   | 01 October 2023   |           | 250.0           | 250.0         | 0.0      | 0.0  | 0.0       | 250.0 | 0.0  | 0.0        | 0.0  | 250.0       |
      | 4  | 15   | 16 October 2023   |           | 0.0             | 250.0         | 0.0      | 0.0  | 0.0       | 250.0 | 0.0  | 0.0        | 0.0  | 250.0       |
  [32m✔[39m [32m[1mThen [22mLoan Repayment schedule has the following data in Total row:[39m                                                                                                                                                                                                   [90m# org.apache.fineract.test.stepdef.loan.LoanStepDef.loanRepaymentScheduleAmountCheck(io.cucumber.datatable.DataTable)[39m
      | Principal due | Interest | Fees | Penalties | Due    | Paid | In advance | Late | Outstanding |
      | 1000.0        | 0.0      | 0.0  | 0.0       | 1000.0 | 0.0  | 0.0        | 0.0  | 1000.0      |
  [32m✔[39m [32m[1mThen [22mLoan Transactions tab has the following data:[39m                                                                                                                                                                                                                  [90m# org.apache.fineract.test.stepdef.loan.LoanStepDef.loanTransactionsTabCheck(io.cucumber.datatable.DataTable)[39m
      | Transaction date  | Transaction Type | Amount | Principal | Interest | Fees | Penalties | Loan Balance |
      | 01 September 2023 | Disbursement     | 1000.0 | 0.0       | 0.0      | 0.0  | 0.0       | 1000.0       |
  [32m✔[39m [32m[1mWhen [22mAdmin adds [1m"LOAN_NSF_FEE"[22m due date charge with [1m"17 October 2023"[22m due date and [1m20[22m EUR transaction amount[39m                                                                                                                                                        [90m# org.apache.fineract.test.stepdef.loan.LoanChargeStepDef.addChargeDueDate(java.lang.String,java.lang.String,double)[39m
  [32m✔[39m [32m[1mThen [22mLoan Repayment schedule has [1m5[22m periods, with the following data for periods:[39m                                                                                                                                                                                    [90m# org.apache.fineract.test.stepdef.loan.LoanStepDef.loanRepaymentSchedulePeriodsCheck(int,io.cucumber.datatable.DataTable)[39m
      | Nr | Days | Date              | Paid date | Balance of loan | Principal due | Interest | Fees | Penalties | Due   | Paid | In advance | Late | Outstanding |
      |    |      | 01 September 2023 |           | 1000.0          |               |          | 0.0  |           | 0.0   | 0.0  |            |      |             |
      | 1  | 0    | 01 September 2023 |           | 750.0           | 250.0         | 0.0      | 0.0  | 0.0       | 250.0 | 0.0  | 0.0        | 0.0  | 250.0       |
      | 2  | 15   | 16 September 2023 |           | 500.0           | 250.0         | 0.0      | 0.0  | 0.0       | 250.0 | 0.0  | 0.0        | 0.0  | 250.0       |
      | 3  | 15   | 01 October 2023   |           | 250.0           | 250.0         | 0.0      | 0.0  | 0.0       | 250.0 | 0.0  | 0.0        | 0.0  | 250.0       |
      | 4  | 15   | 16 October 2023   |           | 0.0             | 250.0         | 0.0      | 0.0  | 0.0       | 250.0 | 0.0  | 0.0        | 0.0  | 250.0       |
      | 5  | 1    | 17 October 2023   |           | 0.0             | 0.0           | 0.0      | 0.0  | 20.0      | 20.0  | 0.0  | 0.0        | 0.0  | 20.0        |
  [32m✔[39m [32m[1mThen [22mLoan Repayment schedule has the following data in Total row:[39m                                                                                                                                                                                                   [90m# org.apache.fineract.test.stepdef.loan.LoanStepDef.loanRepaymentScheduleAmountCheck(io.cucumber.datatable.DataTable)[39m
      | Principal due | Interest | Fees | Penalties | Due    | Paid | In advance | Late | Outstanding |
      | 1000.0        | 0.0      | 0.0  | 20.0      | 1020.0 | 0.0  | 0.0        | 0.0  | 1020.0      |
  [32m✔[39m [32m[1mThen [22mLoan Transactions tab has the following data:[39m                                                                                                                                                                                                                  [90m# org.apache.fineract.test.stepdef.loan.LoanStepDef.loanTransactionsTabCheck(io.cucumber.datatable.DataTable)[39m
      | Transaction date  | Transaction Type | Amount | Principal | Interest | Fees | Penalties | Loan Balance |
      | 01 September 2023 | Disbursement     | 1000.0 | 0.0       | 0.0      | 0.0  | 0.0       | 1000.0       |
  [32m✔[39m [32m[1mThen [22mLoan Charges tab has the following data:[39m                                                                                                                                                                                                                       [90m# org.apache.fineract.test.stepdef.loan.LoanStepDef.loanChargesTabCheck(io.cucumber.datatable.DataTable)[39m
      | Name    | isPenalty | Payment due at     | Due as of       | Calculation type | Due  | Paid | Waived | Outstanding |
      | NSF fee | true      | Specified due date | 17 October 2023 | Flat             | 20.0 | 0.0  | 0.0    | 20.0        |
  [32m✔[39m [32m[1mAnd [22mCustomer makes [1m"AUTOPAY"[22m repayment on [1m"01 September 2023"[22m with [1m250[22m EUR transaction amount[39m                                                                                                                                                                       [90m# org.apache.fineract.test.stepdef.loan.LoanRepaymentStepDef.makeLoanRepayment(java.lang.String,java.lang.String,double)[39m
  [32m✔[39m [32m[1mWhen [22mAdmin sets the business date to [1m"16 September 2023"[22m[39m                                                                                                                                                                                                            [90m# org.apache.fineract.test.stepdef.common.BusinessDateStepDef.setBusinessDate(java.lang.String)[39m
  [32m✔[39m [32m[1mAnd [22mCustomer makes [1m"AUTOPAY"[22m repayment on [1m"16 September 2023"[22m with [1m250[22m EUR transaction amount[39m                                                                                                                                                                       [90m# org.apache.fineract.test.stepdef.loan.LoanRepaymentStepDef.makeLoanRepayment(java.lang.String,java.lang.String,double)[39m
  [32m✔[39m [32m[1mThen [22mLoan Repayment schedule has [1m5[22m periods, with the following data for periods:[39m                                                                                                                                                                                    [90m# org.apache.fineract.test.stepdef.loan.LoanStepDef.loanRepaymentSchedulePeriodsCheck(int,io.cucumber.datatable.DataTable)[39m
      | Nr | Days | Date              | Paid date         | Balance of loan | Principal due | Interest | Fees | Penalties | Due   | Paid  | In advance | Late | Outstanding |
      |    |      | 01 September 2023 |                   | 1000.0          |               |          | 0.0  |           | 0.0   | 0.0   |            |      |             |
      | 1  | 0    | 01 September 2023 | 01 September 2023 | 750.0           | 250.0         | 0.0      | 0.0  | 0.0       | 250.0 | 250.0 | 0.0        | 0.0  | 0.0         |
      | 2  | 15   | 16 September 2023 | 16 September 2023 | 500.0           | 250.0         | 0.0      | 0.0  | 0.0       | 250.0 | 250.0 | 0.0        | 0.0  | 0.0         |
      | 3  | 15   | 01 October 2023   |                   | 250.0           | 250.0         | 0.0      | 0.0  | 0.0       | 250.0 | 0.0   | 0.0        | 0.0  | 250.0       |
      | 4  | 15   | 16 October 2023   |                   | 0.0             | 250.0         | 0.0      | 0.0  | 0.0       | 250.0 | 0.0   | 0.0        | 0.0  | 250.0       |
      | 5  | 1    | 17 October 2023   |                   | 0.0             | 0.0           | 0.0      | 0.0  | 20.0      | 20.0  | 0.0   | 0.0        | 0.0  | 20.0        |
  [32m✔[39m [32m[1mThen [22mLoan Repayment schedule has the following data in Total row:[39m                                                                                                                                                                                                   [90m# org.apache.fineract.test.stepdef.loan.LoanStepDef.loanRepaymentScheduleAmountCheck(io.cucumber.datatable.DataTable)[39m
      | Principal due | Interest | Fees | Penalties | Due    | Paid  | In advance | Late | Outstanding |
      | 1000.0        | 0.0      | 0.0  | 20.0      | 1020.0 | 500.0 | 0.0        | 0.0  | 520.0       |
  [32m✔[39m [32m[1mThen [22mLoan Transactions tab has the following data:[39m                                                                                                                                                                                                                  [90m# org.apache.fineract.test.stepdef.loan.LoanStepDef.loanTransactionsTabCheck(io.cucumber.datatable.DataTable)[39m
      | Transaction date  | Transaction Type | Amount | Principal | Interest | Fees | Penalties | Loan Balance |
      | 01 September 2023 | Disbursement     | 1000.0 | 0.0       | 0.0      | 0.0  | 0.0       | 1000.0       |
      | 01 September 2023 | Repayment        | 250.0  | 250.0     | 0.0      | 0.0  | 0.0       | 750.0        |
      | 16 September 2023 | Repayment        | 250.0  | 250.0     | 0.0      | 0.0  | 0.0       | 500.0        |
  [32m✔[39m [32m[1mThen [22mLoan Charges tab has the following data:[39m                                                                                                                                                                                                                       [90m# org.apache.fineract.test.stepdef.loan.LoanStepDef.loanChargesTabCheck(io.cucumber.datatable.DataTable)[39m
      | Name    | isPenalty | Payment due at     | Due as of       | Calculation type | Due  | Paid | Waived | Outstanding |
      | NSF fee | true      | Specified due date | 17 October 2023 | Flat             | 20.0 | 0.0  | 0.0    | 20.0        |
  [32m✔[39m [32m[1mWhen [22mAdmin adds [1m"LOAN_NSF_FEE"[22m due date charge with [1m"17 September 2023"[22m due date and [1m20[22m EUR transaction amount[39m                                                                                                                                                      [90m# org.apache.fineract.test.stepdef.loan.LoanChargeStepDef.addChargeDueDate(java.lang.String,java.lang.String,double)[39m
  [32m✔[39m [32m[1mWhen [22mAdmin adds [1m"LOAN_NSF_FEE"[22m due date charge with [1m"16 October 2023"[22m due date and [1m20[22m EUR transaction amount[39m                                                                                                                                                        [90m# org.apache.fineract.test.stepdef.loan.LoanChargeStepDef.addChargeDueDate(java.lang.String,java.lang.String,double)[39m
  [32m✔[39m [32m[1mThen [22mLoan Repayment schedule has [1m5[22m periods, with the following data for periods:[39m                                                                                                                                                                                    [90m# org.apache.fineract.test.stepdef.loan.LoanStepDef.loanRepaymentSchedulePeriodsCheck(int,io.cucumber.datatable.DataTable)[39m
      | Nr | Days | Date              | Paid date         | Balance of loan | Principal due | Interest | Fees | Penalties | Due   | Paid  | In advance | Late | Outstanding |
      |    |      | 01 September 2023 |                   | 1000.0          |               |          | 0.0  |           | 0.0   | 0.0   |            |      |             |
      | 1  | 0    | 01 September 2023 | 01 September 2023 | 750.0           | 250.0         | 0.0      | 0.0  | 0.0       | 250.0 | 250.0 | 0.0        | 0.0  | 0.0         |
      | 2  | 15   | 16 September 2023 | 16 September 2023 | 500.0           | 250.0         | 0.0      | 0.0  | 0.0       | 250.0 | 250.0 | 0.0        | 0.0  | 0.0         |
      | 3  | 15   | 01 October 2023   |                   | 250.0           | 250.0         | 0.0      | 0.0  | 20.0      | 270.0 | 0.0   | 0.0        | 0.0  | 270.0       |
      | 4  | 15   | 16 October 2023   |                   | 0.0             | 250.0         | 0.0      | 0.0  | 20.0      | 270.0 | 0.0   | 0.0        | 0.0  | 270.0       |
      | 5  | 1    | 17 October 2023   |                   | 0.0             | 0.0           | 0.0      | 0.0  | 20.0      | 20.0  | 0.0   | 0.0        | 0.0  | 20.0        |
  [32m✔[39m [32m[1mThen [22mLoan Repayment schedule has the following data in Total row:[39m                                                                                                                                                                                                   [90m# org.apache.fineract.test.stepdef.loan.LoanStepDef.loanRepaymentScheduleAmountCheck(io.cucumber.datatable.DataTable)[39m
      | Principal due | Interest | Fees | Penalties | Due    | Paid  | In advance | Late | Outstanding |
      | 1000.0        | 0.0      | 0.0  | 60.0      | 1060.0 | 500.0 | 0.0        | 0.0  | 560.0       |
  [32m✔[39m [32m[1mThen [22mLoan Transactions tab has the following data:[39m                                                                                                                                                                                                                  [90m# org.apache.fineract.test.stepdef.loan.LoanStepDef.loanTransactionsTabCheck(io.cucumber.datatable.DataTable)[39m
      | Transaction date  | Transaction Type | Amount | Principal | Interest | Fees | Penalties | Loan Balance |
      | 01 September 2023 | Disbursement     | 1000.0 | 0.0       | 0.0      | 0.0  | 0.0       | 1000.0       |
      | 01 September 2023 | Repayment        | 250.0  | 250.0     | 0.0      | 0.0  | 0.0       | 750.0        |
      | 16 September 2023 | Repayment        | 250.0  | 250.0     | 0.0      | 0.0  | 0.0       | 500.0        |
  [32m✔[39m [32m[1mThen [22mLoan Charges tab has the following data:[39m                                                                                                                                                                                                                       [90m# org.apache.fineract.test.stepdef.loan.LoanStepDef.loanChargesTabCheck(io.cucumber.datatable.DataTable)[39m
      | Name    | isPenalty | Payment due at     | Due as of         | Calculation type | Due  | Paid | Waived | Outstanding |
      | NSF fee | true      | Specified due date | 17 October 2023   | Flat             | 20.0 | 0.0  | 0.0    | 20.0        |
      | NSF fee | true      | Specified due date | 16 October 2023   | Flat             | 20.0 | 0.0  | 0.0    | 20.0        |
      | NSF fee | true      | Specified due date | 17 September 2023 | Flat             | 20.0 | 0.0  | 0.0    | 20.0        |
  [32m✔[39m [32m[1mWhen [22mAdmin sets the business date to [1m"17 September 2023"[22m[39m                                                                                                                                                                                                            [90m# org.apache.fineract.test.stepdef.common.BusinessDateStepDef.setBusinessDate(java.lang.String)[39m
  [32m✔[39m [32m[1mWhen [22mCustomer makes [1m"GOODWILL_CREDIT"[22m transaction with [1m"AUTOPAY"[22m payment type on [1m"17 September 2023"[22m with [1m35[22m EUR transaction amount and system-generated Idempotency key[39m                                                                                            [90m# org.apache.fineract.test.stepdef.loan.LoanStepDef.createTransactionWithAutoIdempotencyKey(java.lang.String,java.lang.String,java.lang.String,double)[39m
  [32m✔[39m [32m[1mThen [22mLoan Repayment schedule has [1m5[22m periods, with the following data for periods:[39m                                                                                                                                                                                    [90m# org.apache.fineract.test.stepdef.loan.LoanStepDef.loanRepaymentSchedulePeriodsCheck(int,io.cucumber.datatable.DataTable)[39m
      | Nr | Days | Date              | Paid date         | Balance of loan | Principal due | Interest | Fees | Penalties | Due   | Paid  | In advance | Late | Outstanding |
      |    |      | 01 September 2023 |                   | 1000.0          |               |          | 0.0  |           | 0.0   | 0.0   |            |      |             |
      | 1  | 0    | 01 September 2023 | 01 September 2023 | 750.0           | 250.0         | 0.0      | 0.0  | 0.0       | 250.0 | 250.0 | 0.0        | 0.0  | 0.0         |
      | 2  | 15   | 16 September 2023 | 16 September 2023 | 500.0           | 250.0         | 0.0      | 0.0  | 0.0       | 250.0 | 250.0 | 0.0        | 0.0  | 0.0         |
      | 3  | 15   | 01 October 2023   |                   | 250.0           | 250.0         | 0.0      | 0.0  | 20.0      | 270.0 | 0.0   | 0.0        | 0.0  | 270.0       |
      | 4  | 15   | 16 October 2023   |                   | 0.0             | 250.0         | 0.0      | 0.0  | 20.0      | 270.0 | 15.0  | 15.0       | 0.0  | 255.0       |
      | 5  | 1    | 17 October 2023   | 17 September 2023 | 0.0             | 0.0           | 0.0      | 0.0  | 20.0      | 20.0  | 20.0  | 20.0       | 0.0  | 0.0         |
  [32m✔[39m [32m[1mThen [22mLoan Repayment schedule has the following data in Total row:[39m                                                                                                                                                                                                   [90m# org.apache.fineract.test.stepdef.loan.LoanStepDef.loanRepaymentScheduleAmountCheck(io.cucumber.datatable.DataTable)[39m
      | Principal due | Interest | Fees | Penalties | Due    | Paid  | In advance | Late | Outstanding |
      | 1000.0        | 0.0      | 0.0  | 60.0      | 1060.0 | 535.0 | 35.0       | 0.0  | 525.0       |
  [32m✔[39m [32m[1mThen [22mLoan Transactions tab has the following data:[39m                                                                                                                                                                                                                  [90m# org.apache.fineract.test.stepdef.loan.LoanStepDef.loanTransactionsTabCheck(io.cucumber.datatable.DataTable)[39m
      | Transaction date  | Transaction Type | Amount | Principal | Interest | Fees | Penalties | Loan Balance |
      | 01 September 2023 | Disbursement     | 1000.0 | 0.0       | 0.0      | 0.0  | 0.0       | 1000.0       |
      | 01 September 2023 | Repayment        | 250.0  | 250.0     | 0.0      | 0.0  | 0.0       | 750.0        |
      | 16 September 2023 | Repayment        | 250.0  | 250.0     | 0.0      | 0.0  | 0.0       | 500.0        |
      | 17 September 2023 | Goodwill Credit  | 35.0   | 0.0       | 0.0      | 0.0  | 35.0      | 500.0        |
  [32m✔[39m [32m[1mThen [22mLoan Charges tab has the following data:[39m                                                                                                                                                                                                                       [90m# org.apache.fineract.test.stepdef.loan.LoanStepDef.loanChargesTabCheck(io.cucumber.datatable.DataTable)[39m
      | Name    | isPenalty | Payment due at     | Due as of         | Calculation type | Due  | Paid | Waived | Outstanding |
      | NSF fee | true      | Specified due date | 17 October 2023   | Flat             | 20.0 | 20.0 | 0.0    | 0.0         |
      | NSF fee | true      | Specified due date | 16 October 2023   | Flat             | 20.0 | 15.0 | 0.0    | 5.0         |
      | NSF fee | true      | Specified due date | 17 September 2023 | Flat             | 20.0 | 0.0  | 0.0    | 20.0        |

@LoanFeature @TestRailId:C2955 @AdvancedPaymentAllocation @ProgressiveLoanSchedule
[1mScenario:[22m Verify AdvancedPaymentAllocation behaviour: loanScheduleProcessingType-vertical, charge after maturity, in advanced Goodwill credit transaction before first charge due date (future installment type: LAST_INSTALLMENT) - amount > first and second charge [90m# fineract-e2e-tests-runner/src/test/resources/features/Loan-Part3.feature:1031[39m
  [32m✔[39m [32m[1mWhen [22mAdmin sets the business date to [1m"01 September 2023"[22m[39m                                                                                                                                                                                                          [90m# org.apache.fineract.test.stepdef.common.BusinessDateStepDef.setBusinessDate(java.lang.String)[39m
  [32m✔[39m [32m[1mWhen [22mAdmin creates a client with random data[39m                                                                                                                                                                                                                      [90m# org.apache.fineract.test.stepdef.common.ClientStepDef.createClientRandomFirstNameLastName()[39m
  [32m✔[39m [32m[1mWhen [22mAdmin creates a fully customized loan with the following data:[39m                                                                                                                                                                                               [90m# org.apache.fineract.test.stepdef.loan.LoanStepDef.createFullyCustomizedLoan(io.cucumber.datatable.DataTable)[39m
      | LoanProduct                                                      | submitted on date | with Principal | ANNUAL interest rate % | interest type | interest calculation period | amortization type  | loanTermFrequency | loanTermFrequencyType | repaymentEvery | repaymentFrequencyType | numberOfRepayments | graceOnPrincipalPayment | graceOnInterestPayment | interest free period | Payment strategy            |
      | LP2_DOWNPAYMENT_ADV_PMT_ALLOC_PROGRESSIVE_LOAN_SCHEDULE_VERTICAL | 01 September 2023 | 1000           | 0                      | FLAT          | SAME_AS_REPAYMENT_PERIOD    | EQUAL_INSTALLMENTS | 45                | DAYS                  | 15             | DAYS                   | 3                  | 0                       | 0                      | 0                    | ADVANCED_PAYMENT_ALLOCATION |
  [32m✔[39m [32m[1mAnd [22mAdmin successfully approves the loan on [1m"01 September 2023"[22m with [1m"1000"[22m amount and expected disbursement date on [1m"01 September 2023"[22m[39m                                                                                                                          [90m# org.apache.fineract.test.stepdef.loan.LoanStepDef.approveLoan(java.lang.String,java.lang.String,java.lang.String)[39m
  [32m✔[39m [32m[1mWhen [22mAdmin successfully disburse the loan on [1m"01 September 2023"[22m with [1m"1000"[22m EUR transaction amount[39m                                                                                                                                                               [90m# org.apache.fineract.test.stepdef.loan.LoanStepDef.disburseLoan(java.lang.String,java.lang.String)[39m
  [32m✔[39m [32m[1mThen [22mLoan Repayment schedule has [1m4[22m periods, with the following data for periods:[39m                                                                                                                                                                                  [90m# org.apache.fineract.test.stepdef.loan.LoanStepDef.loanRepaymentSchedulePeriodsCheck(int,io.cucumber.datatable.DataTable)[39m
      | Nr | Days | Date              | Paid date | Balance of loan | Principal due | Interest | Fees | Penalties | Due   | Paid | In advance | Late | Outstanding |
      |    |      | 01 September 2023 |           | 1000.0          |               |          | 0.0  |           | 0.0   | 0.0  |            |      |             |
      | 1  | 0    | 01 September 2023 |           | 750.0           | 250.0         | 0.0      | 0.0  | 0.0       | 250.0 | 0.0  | 0.0        | 0.0  | 250.0       |
      | 2  | 15   | 16 September 2023 |           | 500.0           | 250.0         | 0.0      | 0.0  | 0.0       | 250.0 | 0.0  | 0.0        | 0.0  | 250.0       |
      | 3  | 15   | 01 October 2023   |           | 250.0           | 250.0         | 0.0      | 0.0  | 0.0       | 250.0 | 0.0  | 0.0        | 0.0  | 250.0       |
      | 4  | 15   | 16 October 2023   |           | 0.0             | 250.0         | 0.0      | 0.0  | 0.0       | 250.0 | 0.0  | 0.0        | 0.0  | 250.0       |
  [32m✔[39m [32m[1mThen [22mLoan Repayment schedule has the following data in Total row:[39m                                                                                                                                                                                                 [90m# org.apache.fineract.test.stepdef.loan.LoanStepDef.loanRepaymentScheduleAmountCheck(io.cucumber.datatable.DataTable)[39m
      | Principal due | Interest | Fees | Penalties | Due    | Paid | In advance | Late | Outstanding |
      | 1000.0        | 0.0      | 0.0  | 0.0       | 1000.0 | 0.0  | 0.0        | 0.0  | 1000.0      |
  [32m✔[39m [32m[1mThen [22mLoan Transactions tab has the following data:[39m                                                                                                                                                                                                                [90m# org.apache.fineract.test.stepdef.loan.LoanStepDef.loanTransactionsTabCheck(io.cucumber.datatable.DataTable)[39m
      | Transaction date  | Transaction Type | Amount | Principal | Interest | Fees | Penalties | Loan Balance |
      | 01 September 2023 | Disbursement     | 1000.0 | 0.0       | 0.0      | 0.0  | 0.0       | 1000.0       |
  [32m✔[39m [32m[1mWhen [22mAdmin adds [1m"LOAN_NSF_FEE"[22m due date charge with [1m"17 October 2023"[22m due date and [1m20[22m EUR transaction amount[39m                                                                                                                                                      [90m# org.apache.fineract.test.stepdef.loan.LoanChargeStepDef.addChargeDueDate(java.lang.String,java.lang.String,double)[39m
  [32m✔[39m [32m[1mThen [22mLoan Repayment schedule has [1m5[22m periods, with the following data for periods:[39m                                                                                                                                                                                  [90m# org.apache.fineract.test.stepdef.loan.LoanStepDef.loanRepaymentSchedulePeriodsCheck(int,io.cucumber.datatable.DataTable)[39m
      | Nr | Days | Date              | Paid date | Balance of loan | Principal due | Interest | Fees | Penalties | Due   | Paid | In advance | Late | Outstanding |
      |    |      | 01 September 2023 |           | 1000.0          |               |          | 0.0  |           | 0.0   | 0.0  |            |      |             |
      | 1  | 0    | 01 September 2023 |           | 750.0           | 250.0         | 0.0      | 0.0  | 0.0       | 250.0 | 0.0  | 0.0        | 0.0  | 250.0       |
      | 2  | 15   | 16 September 2023 |           | 500.0           | 250.0         | 0.0      | 0.0  | 0.0       | 250.0 | 0.0  | 0.0        | 0.0  | 250.0       |
      | 3  | 15   | 01 October 2023   |           | 250.0           | 250.0         | 0.0      | 0.0  | 0.0       | 250.0 | 0.0  | 0.0        | 0.0  | 250.0       |
      | 4  | 15   | 16 October 2023   |           | 0.0             | 250.0         | 0.0      | 0.0  | 0.0       | 250.0 | 0.0  | 0.0        | 0.0  | 250.0       |
      | 5  | 1    | 17 October 2023   |           | 0.0             | 0.0           | 0.0      | 0.0  | 20.0      | 20.0  | 0.0  | 0.0        | 0.0  | 20.0        |
  [32m✔[39m [32m[1mThen [22mLoan Repayment schedule has the following data in Total row:[39m                                                                                                                                                                                                 [90m# org.apache.fineract.test.stepdef.loan.LoanStepDef.loanRepaymentScheduleAmountCheck(io.cucumber.datatable.DataTable)[39m
      | Principal due | Interest | Fees | Penalties | Due    | Paid | In advance | Late | Outstanding |
      | 1000.0        | 0.0      | 0.0  | 20.0      | 1020.0 | 0.0  | 0.0        | 0.0  | 1020.0      |
  [32m✔[39m [32m[1mThen [22mLoan Transactions tab has the following data:[39m                                                                                                                                                                                                                [90m# org.apache.fineract.test.stepdef.loan.LoanStepDef.loanTransactionsTabCheck(io.cucumber.datatable.DataTable)[39m
      | Transaction date  | Transaction Type | Amount | Principal | Interest | Fees | Penalties | Loan Balance |
      | 01 September 2023 | Disbursement     | 1000.0 | 0.0       | 0.0      | 0.0  | 0.0       | 1000.0       |
  [32m✔[39m [32m[1mThen [22mLoan Charges tab has the following data:[39m                                                                                                                                                                                                                     [90m# org.apache.fineract.test.stepdef.loan.LoanStepDef.loanChargesTabCheck(io.cucumber.datatable.DataTable)[39m
      | Name    | isPenalty | Payment due at     | Due as of       | Calculation type | Due  | Paid | Waived | Outstanding |
      | NSF fee | true      | Specified due date | 17 October 2023 | Flat             | 20.0 | 0.0  | 0.0    | 20.0        |
  [32m✔[39m [32m[1mAnd [22mCustomer makes [1m"AUTOPAY"[22m repayment on [1m"01 September 2023"[22m with [1m250[22m EUR transaction amount[39m                                                                                                                                                                     [90m# org.apache.fineract.test.stepdef.loan.LoanRepaymentStepDef.makeLoanRepayment(java.lang.String,java.lang.String,double)[39m
  [32m✔[39m [32m[1mWhen [22mAdmin sets the business date to [1m"16 September 2023"[22m[39m                                                                                                                                                                                                          [90m# org.apache.fineract.test.stepdef.common.BusinessDateStepDef.setBusinessDate(java.lang.String)[39m
  [32m✔[39m [32m[1mAnd [22mCustomer makes [1m"AUTOPAY"[22m repayment on [1m"16 September 2023"[22m with [1m250[22m EUR transaction amount[39m                                                                                                                                                                     [90m# org.apache.fineract.test.stepdef.loan.LoanRepaymentStepDef.makeLoanRepayment(java.lang.String,java.lang.String,double)[39m
  [32m✔[39m [32m[1mThen [22mLoan Repayment schedule has [1m5[22m periods, with the following data for periods:[39m                                                                                                                                                                                  [90m# org.apache.fineract.test.stepdef.loan.LoanStepDef.loanRepaymentSchedulePeriodsCheck(int,io.cucumber.datatable.DataTable)[39m
      | Nr | Days | Date              | Paid date         | Balance of loan | Principal due | Interest | Fees | Penalties | Due   | Paid  | In advance | Late | Outstanding |
      |    |      | 01 September 2023 |                   | 1000.0          |               |          | 0.0  |           | 0.0   | 0.0   |            |      |             |
      | 1  | 0    | 01 September 2023 | 01 September 2023 | 750.0           | 250.0         | 0.0      | 0.0  | 0.0       | 250.0 | 250.0 | 0.0        | 0.0  | 0.0         |
      | 2  | 15   | 16 September 2023 | 16 September 2023 | 500.0           | 250.0         | 0.0      | 0.0  | 0.0       | 250.0 | 250.0 | 0.0        | 0.0  | 0.0         |
      | 3  | 15   | 01 October 2023   |                   | 250.0           | 250.0         | 0.0      | 0.0  | 0.0       | 250.0 | 0.0   | 0.0        | 0.0  | 250.0       |
      | 4  | 15   | 16 October 2023   |                   | 0.0             | 250.0         | 0.0      | 0.0  | 0.0       | 250.0 | 0.0   | 0.0        | 0.0  | 250.0       |
      | 5  | 1    | 17 October 2023   |                   | 0.0             | 0.0           | 0.0      | 0.0  | 20.0      | 20.0  | 0.0   | 0.0        | 0.0  | 20.0        |
  [32m✔[39m [32m[1mThen [22mLoan Repayment schedule has the following data in Total row:[39m                                                                                                                                                                                                 [90m# org.apache.fineract.test.stepdef.loan.LoanStepDef.loanRepaymentScheduleAmountCheck(io.cucumber.datatable.DataTable)[39m
      | Principal due | Interest | Fees | Penalties | Due    | Paid  | In advance | Late | Outstanding |
      | 1000.0        | 0.0      | 0.0  | 20.0      | 1020.0 | 500.0 | 0.0        | 0.0  | 520.0       |
  [32m✔[39m [32m[1mThen [22mLoan Transactions tab has the following data:[39m                                                                                                                                                                                                                [90m# org.apache.fineract.test.stepdef.loan.LoanStepDef.loanTransactionsTabCheck(io.cucumber.datatable.DataTable)[39m
      | Transaction date  | Transaction Type | Amount | Principal | Interest | Fees | Penalties | Loan Balance |
      | 01 September 2023 | Disbursement     | 1000.0 | 0.0       | 0.0      | 0.0  | 0.0       | 1000.0       |
      | 01 September 2023 | Repayment        | 250.0  | 250.0     | 0.0      | 0.0  | 0.0       | 750.0        |
      | 16 September 2023 | Repayment        | 250.0  | 250.0     | 0.0      | 0.0  | 0.0       | 500.0        |
  [32m✔[39m [32m[1mThen [22mLoan Charges tab has the following data:[39m                                                                                                                                                                                                                     [90m# org.apache.fineract.test.stepdef.loan.LoanStepDef.loanChargesTabCheck(io.cucumber.datatable.DataTable)[39m
      | Name    | isPenalty | Payment due at     | Due as of       | Calculation type | Due  | Paid | Waived | Outstanding |
      | NSF fee | true      | Specified due date | 17 October 2023 | Flat             | 20.0 | 0.0  | 0.0    | 20.0        |
  [32m✔[39m [32m[1mWhen [22mAdmin adds [1m"LOAN_NSF_FEE"[22m due date charge with [1m"17 September 2023"[22m due date and [1m20[22m EUR transaction amount[39m                                                                                                                                                    [90m# org.apache.fineract.test.stepdef.loan.LoanChargeStepDef.addChargeDueDate(java.lang.String,java.lang.String,double)[39m
  [32m✔[39m [32m[1mWhen [22mAdmin adds [1m"LOAN_NSF_FEE"[22m due date charge with [1m"16 October 2023"[22m due date and [1m20[22m EUR transaction amount[39m                                                                                                                                                      [90m# org.apache.fineract.test.stepdef.loan.LoanChargeStepDef.addChargeDueDate(java.lang.String,java.lang.String,double)[39m
  [32m✔[39m [32m[1mThen [22mLoan Repayment schedule has [1m5[22m periods, with the following data for periods:[39m                                                                                                                                                                                  [90m# org.apache.fineract.test.stepdef.loan.LoanStepDef.loanRepaymentSchedulePeriodsCheck(int,io.cucumber.datatable.DataTable)[39m
      | Nr | Days | Date              | Paid date         | Balance of loan | Principal due | Interest | Fees | Penalties | Due   | Paid  | In advance | Late | Outstanding |
      |    |      | 01 September 2023 |                   | 1000.0          |               |          | 0.0  |           | 0.0   | 0.0   |            |      |             |
      | 1  | 0    | 01 September 2023 | 01 September 2023 | 750.0           | 250.0         | 0.0      | 0.0  | 0.0       | 250.0 | 250.0 | 0.0        | 0.0  | 0.0         |
      | 2  | 15   | 16 September 2023 | 16 September 2023 | 500.0           | 250.0         | 0.0      | 0.0  | 0.0       | 250.0 | 250.0 | 0.0        | 0.0  | 0.0         |
      | 3  | 15   | 01 October 2023   |                   | 250.0           | 250.0         | 0.0      | 0.0  | 20.0      | 270.0 | 0.0   | 0.0        | 0.0  | 270.0       |
      | 4  | 15   | 16 October 2023   |                   | 0.0             | 250.0         | 0.0      | 0.0  | 20.0      | 270.0 | 0.0   | 0.0        | 0.0  | 270.0       |
      | 5  | 1    | 17 October 2023   |                   | 0.0             | 0.0           | 0.0      | 0.0  | 20.0      | 20.0  | 0.0   | 0.0        | 0.0  | 20.0        |
  [32m✔[39m [32m[1mThen [22mLoan Repayment schedule has the following data in Total row:[39m                                                                                                                                                                                                 [90m# org.apache.fineract.test.stepdef.loan.LoanStepDef.loanRepaymentScheduleAmountCheck(io.cucumber.datatable.DataTable)[39m
      | Principal due | Interest | Fees | Penalties | Due    | Paid  | In advance | Late | Outstanding |
      | 1000.0        | 0.0      | 0.0  | 60.0      | 1060.0 | 500.0 | 0.0        | 0.0  | 560.0       |
  [32m✔[39m [32m[1mThen [22mLoan Transactions tab has the following data:[39m                                                                                                                                                                                                                [90m# org.apache.fineract.test.stepdef.loan.LoanStepDef.loanTransactionsTabCheck(io.cucumber.datatable.DataTable)[39m
      | Transaction date  | Transaction Type | Amount | Principal | Interest | Fees | Penalties | Loan Balance |
      | 01 September 2023 | Disbursement     | 1000.0 | 0.0       | 0.0      | 0.0  | 0.0       | 1000.0       |
      | 01 September 2023 | Repayment        | 250.0  | 250.0     | 0.0      | 0.0  | 0.0       | 750.0        |
      | 16 September 2023 | Repayment        | 250.0  | 250.0     | 0.0      | 0.0  | 0.0       | 500.0        |
  [32m✔[39m [32m[1mThen [22mLoan Charges tab has the following data:[39m                                                                                                                                                                                                                     [90m# org.apache.fineract.test.stepdef.loan.LoanStepDef.loanChargesTabCheck(io.cucumber.datatable.DataTable)[39m
      | Name    | isPenalty | Payment due at     | Due as of         | Calculation type | Due  | Paid | Waived | Outstanding |
      | NSF fee | true      | Specified due date | 17 October 2023   | Flat             | 20.0 | 0.0  | 0.0    | 20.0        |
      | NSF fee | true      | Specified due date | 16 October 2023   | Flat             | 20.0 | 0.0  | 0.0    | 20.0        |
      | NSF fee | true      | Specified due date | 17 September 2023 | Flat             | 20.0 | 0.0  | 0.0    | 20.0        |
  [32m✔[39m [32m[1mWhen [22mAdmin sets the business date to [1m"17 September 2023"[22m[39m                                                                                                                                                                                                          [90m# org.apache.fineract.test.stepdef.common.BusinessDateStepDef.setBusinessDate(java.lang.String)[39m
  [32m✔[39m [32m[1mWhen [22mCustomer makes [1m"GOODWILL_CREDIT"[22m transaction with [1m"AUTOPAY"[22m payment type on [1m"17 September 2023"[22m with [1m35[22m EUR transaction amount and system-generated Idempotency key[39m                                                                                          [90m# org.apache.fineract.test.stepdef.loan.LoanStepDef.createTransactionWithAutoIdempotencyKey(java.lang.String,java.lang.String,java.lang.String,double)[39m
  [32m✔[39m [32m[1mThen [22mLoan Repayment schedule has [1m5[22m periods, with the following data for periods:[39m                                                                                                                                                                                  [90m# org.apache.fineract.test.stepdef.loan.LoanStepDef.loanRepaymentSchedulePeriodsCheck(int,io.cucumber.datatable.DataTable)[39m
      | Nr | Days | Date              | Paid date         | Balance of loan | Principal due | Interest | Fees | Penalties | Due   | Paid  | In advance | Late | Outstanding |
      |    |      | 01 September 2023 |                   | 1000.0          |               |          | 0.0  |           | 0.0   | 0.0   |            |      |             |
      | 1  | 0    | 01 September 2023 | 01 September 2023 | 750.0           | 250.0         | 0.0      | 0.0  | 0.0       | 250.0 | 250.0 | 0.0        | 0.0  | 0.0         |
      | 2  | 15   | 16 September 2023 | 16 September 2023 | 500.0           | 250.0         | 0.0      | 0.0  | 0.0       | 250.0 | 250.0 | 0.0        | 0.0  | 0.0         |
      | 3  | 15   | 01 October 2023   |                   | 250.0           | 250.0         | 0.0      | 0.0  | 20.0      | 270.0 | 0.0   | 0.0        | 0.0  | 270.0       |
      | 4  | 15   | 16 October 2023   |                   | 0.0             | 250.0         | 0.0      | 0.0  | 20.0      | 270.0 | 15.0  | 15.0       | 0.0  | 255.0       |
      | 5  | 1    | 17 October 2023   | 17 September 2023 | 0.0             | 0.0           | 0.0      | 0.0  | 20.0      | 20.0  | 20.0  | 20.0       | 0.0  | 0.0         |
  [32m✔[39m [32m[1mThen [22mLoan Repayment schedule has the following data in Total row:[39m                                                                                                                                                                                                 [90m# org.apache.fineract.test.stepdef.loan.LoanStepDef.loanRepaymentScheduleAmountCheck(io.cucumber.datatable.DataTable)[39m
      | Principal due | Interest | Fees | Penalties | Due    | Paid  | In advance | Late | Outstanding |
      | 1000.0        | 0.0      | 0.0  | 60.0      | 1060.0 | 535.0 | 35.0       | 0.0  | 525.0       |
  [32m✔[39m [32m[1mThen [22mLoan Transactions tab has the following data:[39m                                                                                                                                                                                                                [90m# org.apache.fineract.test.stepdef.loan.LoanStepDef.loanTransactionsTabCheck(io.cucumber.datatable.DataTable)[39m
      | Transaction date  | Transaction Type | Amount | Principal | Interest | Fees | Penalties | Loan Balance |
      | 01 September 2023 | Disbursement     | 1000.0 | 0.0       | 0.0      | 0.0  | 0.0       | 1000.0       |
      | 01 September 2023 | Repayment        | 250.0  | 250.0     | 0.0      | 0.0  | 0.0       | 750.0        |
      | 16 September 2023 | Repayment        | 250.0  | 250.0     | 0.0      | 0.0  | 0.0       | 500.0        |
      | 17 September 2023 | Goodwill Credit  | 35.0   | 0.0       | 0.0      | 0.0  | 35.0      | 500.0        |
  [32m✔[39m [32m[1mThen [22mLoan Charges tab has the following data:[39m                                                                                                                                                                                                                     [90m# org.apache.fineract.test.stepdef.loan.LoanStepDef.loanChargesTabCheck(io.cucumber.datatable.DataTable)[39m
      | Name    | isPenalty | Payment due at     | Due as of         | Calculation type | Due  | Paid | Waived | Outstanding |
      | NSF fee | true      | Specified due date | 17 October 2023   | Flat             | 20.0 | 20.0 | 0.0    | 0.0         |
      | NSF fee | true      | Specified due date | 16 October 2023   | Flat             | 20.0 | 15.0 | 0.0    | 5.0         |
      | NSF fee | true      | Specified due date | 17 September 2023 | Flat             | 20.0 | 0.0  | 0.0    | 20.0        |

@LoanFeature @TestRailId:C2956 @AdvancedPaymentAllocation @ProgressiveLoanSchedule
[1mScenario:[22m Verify AdvancedPaymentAllocation behaviour: loanScheduleProcessingType-horizontal, charge after maturity, in advanced Merchant issued refund transaction on first charge due date (future installment type: REAMORTIZATION) - amount < sum all charges [90m# fineract-e2e-tests-runner/src/test/resources/features/Loan-Part3.feature:1145[39m
  [32m✔[39m [32m[1mWhen [22mAdmin sets the business date to [1m"01 September 2023"[22m[39m                                                                                                                                                                                                     [90m# org.apache.fineract.test.stepdef.common.BusinessDateStepDef.setBusinessDate(java.lang.String)[39m
  [32m✔[39m [32m[1mWhen [22mAdmin creates a client with random data[39m                                                                                                                                                                                                                 [90m# org.apache.fineract.test.stepdef.common.ClientStepDef.createClientRandomFirstNameLastName()[39m
  [32m✔[39m [32m[1mWhen [22mAdmin creates a fully customized loan with the following data:[39m                                                                                                                                                                                          [90m# org.apache.fineract.test.stepdef.loan.LoanStepDef.createFullyCustomizedLoan(io.cucumber.datatable.DataTable)[39m
      | LoanProduct                                                        | submitted on date | with Principal | ANNUAL interest rate % | interest type | interest calculation period | amortization type  | loanTermFrequency | loanTermFrequencyType | repaymentEvery | repaymentFrequencyType | numberOfRepayments | graceOnPrincipalPayment | graceOnInterestPayment | interest free period | Payment strategy            |
      | LP2_DOWNPAYMENT_ADV_PMT_ALLOC_PROGRESSIVE_LOAN_SCHEDULE_HORIZONTAL | 01 September 2023 | 1000           | 0                      | FLAT          | SAME_AS_REPAYMENT_PERIOD    | EQUAL_INSTALLMENTS | 45                | DAYS                  | 15             | DAYS                   | 3                  | 0                       | 0                      | 0                    | ADVANCED_PAYMENT_ALLOCATION |
  [32m✔[39m [32m[1mAnd [22mAdmin successfully approves the loan on [1m"01 September 2023"[22m with [1m"1000"[22m amount and expected disbursement date on [1m"01 September 2023"[22m[39m                                                                                                                     [90m# org.apache.fineract.test.stepdef.loan.LoanStepDef.approveLoan(java.lang.String,java.lang.String,java.lang.String)[39m
  [32m✔[39m [32m[1mWhen [22mAdmin successfully disburse the loan on [1m"01 September 2023"[22m with [1m"1000"[22m EUR transaction amount[39m                                                                                                                                                          [90m# org.apache.fineract.test.stepdef.loan.LoanStepDef.disburseLoan(java.lang.String,java.lang.String)[39m
  [32m✔[39m [32m[1mThen [22mLoan Repayment schedule has [1m4[22m periods, with the following data for periods:[39m                                                                                                                                                                             [90m# org.apache.fineract.test.stepdef.loan.LoanStepDef.loanRepaymentSchedulePeriodsCheck(int,io.cucumber.datatable.DataTable)[39m
      | Nr | Days | Date              | Paid date | Balance of loan | Principal due | Interest | Fees | Penalties | Due   | Paid | In advance | Late | Outstanding |
      |    |      | 01 September 2023 |           | 1000.0          |               |          | 0.0  |           | 0.0   | 0.0  |            |      |             |
      | 1  | 0    | 01 September 2023 |           | 750.0           | 250.0         | 0.0      | 0.0  | 0.0       | 250.0 | 0.0  | 0.0        | 0.0  | 250.0       |
      | 2  | 15   | 16 September 2023 |           | 500.0           | 250.0         | 0.0      | 0.0  | 0.0       | 250.0 | 0.0  | 0.0        | 0.0  | 250.0       |
      | 3  | 15   | 01 October 2023   |           | 250.0           | 250.0         | 0.0      | 0.0  | 0.0       | 250.0 | 0.0  | 0.0        | 0.0  | 250.0       |
      | 4  | 15   | 16 October 2023   |           | 0.0             | 250.0         | 0.0      | 0.0  | 0.0       | 250.0 | 0.0  | 0.0        | 0.0  | 250.0       |
  [32m✔[39m [32m[1mThen [22mLoan Repayment schedule has the following data in Total row:[39m                                                                                                                                                                                            [90m# org.apache.fineract.test.stepdef.loan.LoanStepDef.loanRepaymentScheduleAmountCheck(io.cucumber.datatable.DataTable)[39m
      | Principal due | Interest | Fees | Penalties | Due    | Paid | In advance | Late | Outstanding |
      | 1000.0        | 0.0      | 0.0  | 0.0       | 1000.0 | 0.0  | 0.0        | 0.0  | 1000.0      |
  [32m✔[39m [32m[1mThen [22mLoan Transactions tab has the following data:[39m                                                                                                                                                                                                           [90m# org.apache.fineract.test.stepdef.loan.LoanStepDef.loanTransactionsTabCheck(io.cucumber.datatable.DataTable)[39m
      | Transaction date  | Transaction Type | Amount | Principal | Interest | Fees | Penalties | Loan Balance |
      | 01 September 2023 | Disbursement     | 1000.0 | 0.0       | 0.0      | 0.0  | 0.0       | 1000.0       |
  [32m✔[39m [32m[1mWhen [22mAdmin adds [1m"LOAN_NSF_FEE"[22m due date charge with [1m"17 October 2023"[22m due date and [1m20[22m EUR transaction amount[39m                                                                                                                                                 [90m# org.apache.fineract.test.stepdef.loan.LoanChargeStepDef.addChargeDueDate(java.lang.String,java.lang.String,double)[39m
  [32m✔[39m [32m[1mThen [22mLoan Repayment schedule has [1m5[22m periods, with the following data for periods:[39m                                                                                                                                                                             [90m# org.apache.fineract.test.stepdef.loan.LoanStepDef.loanRepaymentSchedulePeriodsCheck(int,io.cucumber.datatable.DataTable)[39m
      | Nr | Days | Date              | Paid date | Balance of loan | Principal due | Interest | Fees | Penalties | Due   | Paid | In advance | Late | Outstanding |
      |    |      | 01 September 2023 |           | 1000.0          |               |          | 0.0  |           | 0.0   | 0.0  |            |      |             |
      | 1  | 0    | 01 September 2023 |           | 750.0           | 250.0         | 0.0      | 0.0  | 0.0       | 250.0 | 0.0  | 0.0        | 0.0  | 250.0       |
      | 2  | 15   | 16 September 2023 |           | 500.0           | 250.0         | 0.0      | 0.0  | 0.0       | 250.0 | 0.0  | 0.0        | 0.0  | 250.0       |
      | 3  | 15   | 01 October 2023   |           | 250.0           | 250.0         | 0.0      | 0.0  | 0.0       | 250.0 | 0.0  | 0.0        | 0.0  | 250.0       |
      | 4  | 15   | 16 October 2023   |           | 0.0             | 250.0         | 0.0      | 0.0  | 0.0       | 250.0 | 0.0  | 0.0        | 0.0  | 250.0       |
      | 5  | 1    | 17 October 2023   |           | 0.0             | 0.0           | 0.0      | 0.0  | 20.0      | 20.0  | 0.0  | 0.0        | 0.0  | 20.0        |
  [32m✔[39m [32m[1mThen [22mLoan Repayment schedule has the following data in Total row:[39m                                                                                                                                                                                            [90m# org.apache.fineract.test.stepdef.loan.LoanStepDef.loanRepaymentScheduleAmountCheck(io.cucumber.datatable.DataTable)[39m
      | Principal due | Interest | Fees | Penalties | Due    | Paid | In advance | Late | Outstanding |
      | 1000.0        | 0.0      | 0.0  | 20.0      | 1020.0 | 0.0  | 0.0        | 0.0  | 1020.0      |
  [32m✔[39m [32m[1mThen [22mLoan Transactions tab has the following data:[39m                                                                                                                                                                                                           [90m# org.apache.fineract.test.stepdef.loan.LoanStepDef.loanTransactionsTabCheck(io.cucumber.datatable.DataTable)[39m
      | Transaction date  | Transaction Type | Amount | Principal | Interest | Fees | Penalties | Loan Balance |
      | 01 September 2023 | Disbursement     | 1000.0 | 0.0       | 0.0      | 0.0  | 0.0       | 1000.0       |
  [32m✔[39m [32m[1mThen [22mLoan Charges tab has the following data:[39m                                                                                                                                                                                                                [90m# org.apache.fineract.test.stepdef.loan.LoanStepDef.loanChargesTabCheck(io.cucumber.datatable.DataTable)[39m
      | Name    | isPenalty | Payment due at     | Due as of       | Calculation type | Due  | Paid | Waived | Outstanding |
      | NSF fee | true      | Specified due date | 17 October 2023 | Flat             | 20.0 | 0.0  | 0.0    | 20.0        |
  [32m✔[39m [32m[1mAnd [22mCustomer makes [1m"AUTOPAY"[22m repayment on [1m"01 September 2023"[22m with [1m250[22m EUR transaction amount[39m                                                                                                                                                                [90m# org.apache.fineract.test.stepdef.loan.LoanRepaymentStepDef.makeLoanRepayment(java.lang.String,java.lang.String,double)[39m
  [32m✔[39m [32m[1mWhen [22mAdmin sets the business date to [1m"16 September 2023"[22m[39m                                                                                                                                                                                                     [90m# org.apache.fineract.test.stepdef.common.BusinessDateStepDef.setBusinessDate(java.lang.String)[39m
  [32m✔[39m [32m[1mAnd [22mCustomer makes [1m"AUTOPAY"[22m repayment on [1m"16 September 2023"[22m with [1m250[22m EUR transaction amount[39m                                                                                                                                                                [90m# org.apache.fineract.test.stepdef.loan.LoanRepaymentStepDef.makeLoanRepayment(java.lang.String,java.lang.String,double)[39m
  [32m✔[39m [32m[1mThen [22mLoan Repayment schedule has [1m5[22m periods, with the following data for periods:[39m                                                                                                                                                                             [90m# org.apache.fineract.test.stepdef.loan.LoanStepDef.loanRepaymentSchedulePeriodsCheck(int,io.cucumber.datatable.DataTable)[39m
      | Nr | Days | Date              | Paid date         | Balance of loan | Principal due | Interest | Fees | Penalties | Due   | Paid  | In advance | Late | Outstanding |
      |    |      | 01 September 2023 |                   | 1000.0          |               |          | 0.0  |           | 0.0   | 0.0   |            |      |             |
      | 1  | 0    | 01 September 2023 | 01 September 2023 | 750.0           | 250.0         | 0.0      | 0.0  | 0.0       | 250.0 | 250.0 | 0.0        | 0.0  | 0.0         |
      | 2  | 15   | 16 September 2023 | 16 September 2023 | 500.0           | 250.0         | 0.0      | 0.0  | 0.0       | 250.0 | 250.0 | 0.0        | 0.0  | 0.0         |
      | 3  | 15   | 01 October 2023   |                   | 250.0           | 250.0         | 0.0      | 0.0  | 0.0       | 250.0 | 0.0   | 0.0        | 0.0  | 250.0       |
      | 4  | 15   | 16 October 2023   |                   | 0.0             | 250.0         | 0.0      | 0.0  | 0.0       | 250.0 | 0.0   | 0.0        | 0.0  | 250.0       |
      | 5  | 1    | 17 October 2023   |                   | 0.0             | 0.0           | 0.0      | 0.0  | 20.0      | 20.0  | 0.0   | 0.0        | 0.0  | 20.0        |
  [32m✔[39m [32m[1mThen [22mLoan Repayment schedule has the following data in Total row:[39m                                                                                                                                                                                            [90m# org.apache.fineract.test.stepdef.loan.LoanStepDef.loanRepaymentScheduleAmountCheck(io.cucumber.datatable.DataTable)[39m
      | Principal due | Interest | Fees | Penalties | Due    | Paid  | In advance | Late | Outstanding |
      | 1000.0        | 0.0      | 0.0  | 20.0      | 1020.0 | 500.0 | 0.0        | 0.0  | 520.0       |
  [32m✔[39m [32m[1mThen [22mLoan Transactions tab has the following data:[39m                                                                                                                                                                                                           [90m# org.apache.fineract.test.stepdef.loan.LoanStepDef.loanTransactionsTabCheck(io.cucumber.datatable.DataTable)[39m
      | Transaction date  | Transaction Type | Amount | Principal | Interest | Fees | Penalties | Loan Balance |
      | 01 September 2023 | Disbursement     | 1000.0 | 0.0       | 0.0      | 0.0  | 0.0       | 1000.0       |
      | 01 September 2023 | Repayment        | 250.0  | 250.0     | 0.0      | 0.0  | 0.0       | 750.0        |
      | 16 September 2023 | Repayment        | 250.0  | 250.0     | 0.0      | 0.0  | 0.0       | 500.0        |
  [32m✔[39m [32m[1mThen [22mLoan Charges tab has the following data:[39m                                                                                                                                                                                                                [90m# org.apache.fineract.test.stepdef.loan.LoanStepDef.loanChargesTabCheck(io.cucumber.datatable.DataTable)[39m
      | Name    | isPenalty | Payment due at     | Due as of       | Calculation type | Due  | Paid | Waived | Outstanding |
      | NSF fee | true      | Specified due date | 17 October 2023 | Flat             | 20.0 | 0.0  | 0.0    | 20.0        |
  [32m✔[39m [32m[1mWhen [22mAdmin adds [1m"LOAN_NSF_FEE"[22m due date charge with [1m"17 September 2023"[22m due date and [1m20[22m EUR transaction amount[39m                                                                                                                                               [90m# org.apache.fineract.test.stepdef.loan.LoanChargeStepDef.addChargeDueDate(java.lang.String,java.lang.String,double)[39m
  [32m✔[39m [32m[1mWhen [22mAdmin adds [1m"LOAN_NSF_FEE"[22m due date charge with [1m"16 October 2023"[22m due date and [1m20[22m EUR transaction amount[39m                                                                                                                                                 [90m# org.apache.fineract.test.stepdef.loan.LoanChargeStepDef.addChargeDueDate(java.lang.String,java.lang.String,double)[39m
  [32m✔[39m [32m[1mThen [22mLoan Repayment schedule has [1m5[22m periods, with the following data for periods:[39m                                                                                                                                                                             [90m# org.apache.fineract.test.stepdef.loan.LoanStepDef.loanRepaymentSchedulePeriodsCheck(int,io.cucumber.datatable.DataTable)[39m
      | Nr | Days | Date              | Paid date         | Balance of loan | Principal due | Interest | Fees | Penalties | Due   | Paid  | In advance | Late | Outstanding |
      |    |      | 01 September 2023 |                   | 1000.0          |               |          | 0.0  |           | 0.0   | 0.0   |            |      |             |
      | 1  | 0    | 01 September 2023 | 01 September 2023 | 750.0           | 250.0         | 0.0      | 0.0  | 0.0       | 250.0 | 250.0 | 0.0        | 0.0  | 0.0         |
      | 2  | 15   | 16 September 2023 | 16 September 2023 | 500.0           | 250.0         | 0.0      | 0.0  | 0.0       | 250.0 | 250.0 | 0.0        | 0.0  | 0.0         |
      | 3  | 15   | 01 October 2023   |                   | 250.0           | 250.0         | 0.0      | 0.0  | 20.0      | 270.0 | 0.0   | 0.0        | 0.0  | 270.0       |
      | 4  | 15   | 16 October 2023   |                   | 0.0             | 250.0         | 0.0      | 0.0  | 20.0      | 270.0 | 0.0   | 0.0        | 0.0  | 270.0       |
      | 5  | 1    | 17 October 2023   |                   | 0.0             | 0.0           | 0.0      | 0.0  | 20.0      | 20.0  | 0.0   | 0.0        | 0.0  | 20.0        |
  [32m✔[39m [32m[1mThen [22mLoan Repayment schedule has the following data in Total row:[39m                                                                                                                                                                                            [90m# org.apache.fineract.test.stepdef.loan.LoanStepDef.loanRepaymentScheduleAmountCheck(io.cucumber.datatable.DataTable)[39m
      | Principal due | Interest | Fees | Penalties | Due    | Paid  | In advance | Late | Outstanding |
      | 1000.0        | 0.0      | 0.0  | 60.0      | 1060.0 | 500.0 | 0.0        | 0.0  | 560.0       |
  [32m✔[39m [32m[1mThen [22mLoan Transactions tab has the following data:[39m                                                                                                                                                                                                           [90m# org.apache.fineract.test.stepdef.loan.LoanStepDef.loanTransactionsTabCheck(io.cucumber.datatable.DataTable)[39m
      | Transaction date  | Transaction Type | Amount | Principal | Interest | Fees | Penalties | Loan Balance |
      | 01 September 2023 | Disbursement     | 1000.0 | 0.0       | 0.0      | 0.0  | 0.0       | 1000.0       |
      | 01 September 2023 | Repayment        | 250.0  | 250.0     | 0.0      | 0.0  | 0.0       | 750.0        |
      | 16 September 2023 | Repayment        | 250.0  | 250.0     | 0.0      | 0.0  | 0.0       | 500.0        |
  [32m✔[39m [32m[1mThen [22mLoan Charges tab has the following data:[39m                                                                                                                                                                                                                [90m# org.apache.fineract.test.stepdef.loan.LoanStepDef.loanChargesTabCheck(io.cucumber.datatable.DataTable)[39m
      | Name    | isPenalty | Payment due at     | Due as of         | Calculation type | Due  | Paid | Waived | Outstanding |
      | NSF fee | true      | Specified due date | 17 October 2023   | Flat             | 20.0 | 0.0  | 0.0    | 20.0        |
      | NSF fee | true      | Specified due date | 16 October 2023   | Flat             | 20.0 | 0.0  | 0.0    | 20.0        |
      | NSF fee | true      | Specified due date | 17 September 2023 | Flat             | 20.0 | 0.0  | 0.0    | 20.0        |
  [32m✔[39m [32m[1mWhen [22mAdmin sets the business date to [1m"17 September 2023"[22m[39m                                                                                                                                                                                                     [90m# org.apache.fineract.test.stepdef.common.BusinessDateStepDef.setBusinessDate(java.lang.String)[39m
  [32m✔[39m [32m[1mWhen [22mCustomer makes [1m"MERCHANT_ISSUED_REFUND"[22m transaction with [1m"AUTOPAY"[22m payment type on [1m"17 September 2023"[22m with [1m30[22m EUR transaction amount and system-generated Idempotency key[39m                                                                              [90m# org.apache.fineract.test.stepdef.loan.LoanStepDef.createTransactionWithAutoIdempotencyKey(java.lang.String,java.lang.String,java.lang.String,double)[39m
  [32m✔[39m [32m[1mThen [22mLoan Repayment schedule has [1m5[22m periods, with the following data for periods:[39m                                                                                                                                                                             [90m# org.apache.fineract.test.stepdef.loan.LoanStepDef.loanRepaymentSchedulePeriodsCheck(int,io.cucumber.datatable.DataTable)[39m
      | Nr | Days | Date              | Paid date         | Balance of loan | Principal due | Interest | Fees | Penalties | Due   | Paid  | In advance | Late | Outstanding |
      |    |      | 01 September 2023 |                   | 1000.0          |               |          | 0.0  |           | 0.0   | 0.0   |            |      |             |
      | 1  | 0    | 01 September 2023 | 01 September 2023 | 750.0           | 250.0         | 0.0      | 0.0  | 0.0       | 250.0 | 250.0 | 0.0        | 0.0  | 0.0         |
      | 2  | 15   | 16 September 2023 | 16 September 2023 | 500.0           | 250.0         | 0.0      | 0.0  | 0.0       | 250.0 | 250.0 | 0.0        | 0.0  | 0.0         |
      | 3  | 15   | 01 October 2023   |                   | 250.0           | 250.0         | 0.0      | 0.0  | 20.0      | 270.0 | 10.0  | 10.0       | 0.0  | 260.0       |
      | 4  | 15   | 16 October 2023   |                   | 0.0             | 250.0         | 0.0      | 0.0  | 20.0      | 270.0 | 10.0  | 10.0       | 0.0  | 260.0       |
      | 5  | 1    | 17 October 2023   |                   | 0.0             | 0.0           | 0.0      | 0.0  | 20.0      | 20.0  | 10.0  | 10.0       | 0.0  | 10.0        |
  [32m✔[39m [32m[1mThen [22mLoan Repayment schedule has the following data in Total row:[39m                                                                                                                                                                                            [90m# org.apache.fineract.test.stepdef.loan.LoanStepDef.loanRepaymentScheduleAmountCheck(io.cucumber.datatable.DataTable)[39m
      | Principal due | Interest | Fees | Penalties | Due    | Paid  | In advance | Late | Outstanding |
      | 1000.0        | 0.0      | 0.0  | 60.0      | 1060.0 | 530.0 | 30.0       | 0.0  | 530.0       |
  [32m✔[39m [32m[1mThen [22mLoan Transactions tab has the following data:[39m                                                                                                                                                                                                           [90m# org.apache.fineract.test.stepdef.loan.LoanStepDef.loanTransactionsTabCheck(io.cucumber.datatable.DataTable)[39m
      | Transaction date  | Transaction Type       | Amount | Principal | Interest | Fees | Penalties | Loan Balance |
      | 01 September 2023 | Disbursement           | 1000.0 | 0.0       | 0.0      | 0.0  | 0.0       | 1000.0       |
      | 01 September 2023 | Repayment              | 250.0  | 250.0     | 0.0      | 0.0  | 0.0       | 750.0        |
      | 16 September 2023 | Repayment              | 250.0  | 250.0     | 0.0      | 0.0  | 0.0       | 500.0        |
      | 17 September 2023 | Merchant Issued Refund | 30.0   | 0.0       | 0.0      | 0.0  | 30.0      | 500.0        |
  [32m✔[39m [32m[1mThen [22mLoan Charges tab has the following data:[39m                                                                                                                                                                                                                [90m# org.apache.fineract.test.stepdef.loan.LoanStepDef.loanChargesTabCheck(io.cucumber.datatable.DataTable)[39m
      | Name    | isPenalty | Payment due at     | Due as of         | Calculation type | Due  | Paid | Waived | Outstanding |
      | NSF fee | true      | Specified due date | 17 October 2023   | Flat             | 20.0 | 10.0 | 0.0    | 10.0        |
      | NSF fee | true      | Specified due date | 16 October 2023   | Flat             | 20.0 | 10.0 | 0.0    | 10.0        |
      | NSF fee | true      | Specified due date | 17 September 2023 | Flat             | 20.0 | 10.0 | 0.0    | 10.0        |

@LoanFeature @TestRailId:C2957 @AdvancedPaymentAllocation @ProgressiveLoanSchedule
[1mScenario:[22m Verify AdvancedPaymentAllocation behaviour: loanScheduleProcessingType-vertical, charge after maturity, in advanced Merchant issued refund transaction on first charge due date (future installment type: REAMORTIZATION) - amount < sum all charges [90m# fineract-e2e-tests-runner/src/test/resources/features/Loan-Part3.feature:1259[39m
  [32m✔[39m [32m[1mWhen [22mAdmin sets the business date to [1m"01 September 2023"[22m[39m                                                                                                                                                                                                   [90m# org.apache.fineract.test.stepdef.common.BusinessDateStepDef.setBusinessDate(java.lang.String)[39m
  [32m✔[39m [32m[1mWhen [22mAdmin creates a client with random data[39m                                                                                                                                                                                                               [90m# org.apache.fineract.test.stepdef.common.ClientStepDef.createClientRandomFirstNameLastName()[39m
  [32m✔[39m [32m[1mWhen [22mAdmin creates a fully customized loan with the following data:[39m                                                                                                                                                                                        [90m# org.apache.fineract.test.stepdef.loan.LoanStepDef.createFullyCustomizedLoan(io.cucumber.datatable.DataTable)[39m
      | LoanProduct                                                      | submitted on date | with Principal | ANNUAL interest rate % | interest type | interest calculation period | amortization type  | loanTermFrequency | loanTermFrequencyType | repaymentEvery | repaymentFrequencyType | numberOfRepayments | graceOnPrincipalPayment | graceOnInterestPayment | interest free period | Payment strategy            |
      | LP2_DOWNPAYMENT_ADV_PMT_ALLOC_PROGRESSIVE_LOAN_SCHEDULE_VERTICAL | 01 September 2023 | 1000           | 0                      | FLAT          | SAME_AS_REPAYMENT_PERIOD    | EQUAL_INSTALLMENTS | 45                | DAYS                  | 15             | DAYS                   | 3                  | 0                       | 0                      | 0                    | ADVANCED_PAYMENT_ALLOCATION |
  [32m✔[39m [32m[1mAnd [22mAdmin successfully approves the loan on [1m"01 September 2023"[22m with [1m"1000"[22m amount and expected disbursement date on [1m"01 September 2023"[22m[39m                                                                                                                   [90m# org.apache.fineract.test.stepdef.loan.LoanStepDef.approveLoan(java.lang.String,java.lang.String,java.lang.String)[39m
  [32m✔[39m [32m[1mWhen [22mAdmin successfully disburse the loan on [1m"01 September 2023"[22m with [1m"1000"[22m EUR transaction amount[39m                                                                                                                                                        [90m# org.apache.fineract.test.stepdef.loan.LoanStepDef.disburseLoan(java.lang.String,java.lang.String)[39m
  [32m✔[39m [32m[1mThen [22mLoan Repayment schedule has [1m4[22m periods, with the following data for periods:[39m                                                                                                                                                                           [90m# org.apache.fineract.test.stepdef.loan.LoanStepDef.loanRepaymentSchedulePeriodsCheck(int,io.cucumber.datatable.DataTable)[39m
      | Nr | Days | Date              | Paid date | Balance of loan | Principal due | Interest | Fees | Penalties | Due   | Paid | In advance | Late | Outstanding |
      |    |      | 01 September 2023 |           | 1000.0          |               |          | 0.0  |           | 0.0   | 0.0  |            |      |             |
      | 1  | 0    | 01 September 2023 |           | 750.0           | 250.0         | 0.0      | 0.0  | 0.0       | 250.0 | 0.0  | 0.0        | 0.0  | 250.0       |
      | 2  | 15   | 16 September 2023 |           | 500.0           | 250.0         | 0.0      | 0.0  | 0.0       | 250.0 | 0.0  | 0.0        | 0.0  | 250.0       |
      | 3  | 15   | 01 October 2023   |           | 250.0           | 250.0         | 0.0      | 0.0  | 0.0       | 250.0 | 0.0  | 0.0        | 0.0  | 250.0       |
      | 4  | 15   | 16 October 2023   |           | 0.0             | 250.0         | 0.0      | 0.0  | 0.0       | 250.0 | 0.0  | 0.0        | 0.0  | 250.0       |
  [32m✔[39m [32m[1mThen [22mLoan Repayment schedule has the following data in Total row:[39m                                                                                                                                                                                          [90m# org.apache.fineract.test.stepdef.loan.LoanStepDef.loanRepaymentScheduleAmountCheck(io.cucumber.datatable.DataTable)[39m
      | Principal due | Interest | Fees | Penalties | Due    | Paid | In advance | Late | Outstanding |
      | 1000.0        | 0.0      | 0.0  | 0.0       | 1000.0 | 0.0  | 0.0        | 0.0  | 1000.0      |
  [32m✔[39m [32m[1mThen [22mLoan Transactions tab has the following data:[39m                                                                                                                                                                                                         [90m# org.apache.fineract.test.stepdef.loan.LoanStepDef.loanTransactionsTabCheck(io.cucumber.datatable.DataTable)[39m
      | Transaction date  | Transaction Type | Amount | Principal | Interest | Fees | Penalties | Loan Balance |
      | 01 September 2023 | Disbursement     | 1000.0 | 0.0       | 0.0      | 0.0  | 0.0       | 1000.0       |
  [32m✔[39m [32m[1mWhen [22mAdmin adds [1m"LOAN_NSF_FEE"[22m due date charge with [1m"17 October 2023"[22m due date and [1m20[22m EUR transaction amount[39m                                                                                                                                               [90m# org.apache.fineract.test.stepdef.loan.LoanChargeStepDef.addChargeDueDate(java.lang.String,java.lang.String,double)[39m
  [32m✔[39m [32m[1mThen [22mLoan Repayment schedule has [1m5[22m periods, with the following data for periods:[39m                                                                                                                                                                           [90m# org.apache.fineract.test.stepdef.loan.LoanStepDef.loanRepaymentSchedulePeriodsCheck(int,io.cucumber.datatable.DataTable)[39m
      | Nr | Days | Date              | Paid date | Balance of loan | Principal due | Interest | Fees | Penalties | Due   | Paid | In advance | Late | Outstanding |
      |    |      | 01 September 2023 |           | 1000.0          |               |          | 0.0  |           | 0.0   | 0.0  |            |      |             |
      | 1  | 0    | 01 September 2023 |           | 750.0           | 250.0         | 0.0      | 0.0  | 0.0       | 250.0 | 0.0  | 0.0        | 0.0  | 250.0       |
      | 2  | 15   | 16 September 2023 |           | 500.0           | 250.0         | 0.0      | 0.0  | 0.0       | 250.0 | 0.0  | 0.0        | 0.0  | 250.0       |
      | 3  | 15   | 01 October 2023   |           | 250.0           | 250.0         | 0.0      | 0.0  | 0.0       | 250.0 | 0.0  | 0.0        | 0.0  | 250.0       |
      | 4  | 15   | 16 October 2023   |           | 0.0             | 250.0         | 0.0      | 0.0  | 0.0       | 250.0 | 0.0  | 0.0        | 0.0  | 250.0       |
      | 5  | 1    | 17 October 2023   |           | 0.0             | 0.0           | 0.0      | 0.0  | 20.0      | 20.0  | 0.0  | 0.0        | 0.0  | 20.0        |
  [32m✔[39m [32m[1mThen [22mLoan Repayment schedule has the following data in Total row:[39m                                                                                                                                                                                          [90m# org.apache.fineract.test.stepdef.loan.LoanStepDef.loanRepaymentScheduleAmountCheck(io.cucumber.datatable.DataTable)[39m
      | Principal due | Interest | Fees | Penalties | Due    | Paid | In advance | Late | Outstanding |
      | 1000.0        | 0.0      | 0.0  | 20.0      | 1020.0 | 0.0  | 0.0        | 0.0  | 1020.0      |
  [32m✔[39m [32m[1mThen [22mLoan Transactions tab has the following data:[39m                                                                                                                                                                                                         [90m# org.apache.fineract.test.stepdef.loan.LoanStepDef.loanTransactionsTabCheck(io.cucumber.datatable.DataTable)[39m
      | Transaction date  | Transaction Type | Amount | Principal | Interest | Fees | Penalties | Loan Balance |
      | 01 September 2023 | Disbursement     | 1000.0 | 0.0       | 0.0      | 0.0  | 0.0       | 1000.0       |
  [32m✔[39m [32m[1mThen [22mLoan Charges tab has the following data:[39m                                                                                                                                                                                                              [90m# org.apache.fineract.test.stepdef.loan.LoanStepDef.loanChargesTabCheck(io.cucumber.datatable.DataTable)[39m
      | Name    | isPenalty | Payment due at     | Due as of       | Calculation type | Due  | Paid | Waived | Outstanding |
      | NSF fee | true      | Specified due date | 17 October 2023 | Flat             | 20.0 | 0.0  | 0.0    | 20.0        |
  [32m✔[39m [32m[1mAnd [22mCustomer makes [1m"AUTOPAY"[22m repayment on [1m"01 September 2023"[22m with [1m250[22m EUR transaction amount[39m                                                                                                                                                              [90m# org.apache.fineract.test.stepdef.loan.LoanRepaymentStepDef.makeLoanRepayment(java.lang.String,java.lang.String,double)[39m
  [32m✔[39m [32m[1mWhen [22mAdmin sets the business date to [1m"16 September 2023"[22m[39m                                                                                                                                                                                                   [90m# org.apache.fineract.test.stepdef.common.BusinessDateStepDef.setBusinessDate(java.lang.String)[39m
  [32m✔[39m [32m[1mAnd [22mCustomer makes [1m"AUTOPAY"[22m repayment on [1m"16 September 2023"[22m with [1m250[22m EUR transaction amount[39m                                                                                                                                                              [90m# org.apache.fineract.test.stepdef.loan.LoanRepaymentStepDef.makeLoanRepayment(java.lang.String,java.lang.String,double)[39m
  [32m✔[39m [32m[1mThen [22mLoan Repayment schedule has [1m5[22m periods, with the following data for periods:[39m                                                                                                                                                                           [90m# org.apache.fineract.test.stepdef.loan.LoanStepDef.loanRepaymentSchedulePeriodsCheck(int,io.cucumber.datatable.DataTable)[39m
      | Nr | Days | Date              | Paid date         | Balance of loan | Principal due | Interest | Fees | Penalties | Due   | Paid  | In advance | Late | Outstanding |
      |    |      | 01 September 2023 |                   | 1000.0          |               |          | 0.0  |           | 0.0   | 0.0   |            |      |             |
      | 1  | 0    | 01 September 2023 | 01 September 2023 | 750.0           | 250.0         | 0.0      | 0.0  | 0.0       | 250.0 | 250.0 | 0.0        | 0.0  | 0.0         |
      | 2  | 15   | 16 September 2023 | 16 September 2023 | 500.0           | 250.0         | 0.0      | 0.0  | 0.0       | 250.0 | 250.0 | 0.0        | 0.0  | 0.0         |
      | 3  | 15   | 01 October 2023   |                   | 250.0           | 250.0         | 0.0      | 0.0  | 0.0       | 250.0 | 0.0   | 0.0        | 0.0  | 250.0       |
      | 4  | 15   | 16 October 2023   |                   | 0.0             | 250.0         | 0.0      | 0.0  | 0.0       | 250.0 | 0.0   | 0.0        | 0.0  | 250.0       |
      | 5  | 1    | 17 October 2023   |                   | 0.0             | 0.0           | 0.0      | 0.0  | 20.0      | 20.0  | 0.0   | 0.0        | 0.0  | 20.0        |
  [32m✔[39m [32m[1mThen [22mLoan Repayment schedule has the following data in Total row:[39m                                                                                                                                                                                          [90m# org.apache.fineract.test.stepdef.loan.LoanStepDef.loanRepaymentScheduleAmountCheck(io.cucumber.datatable.DataTable)[39m
      | Principal due | Interest | Fees | Penalties | Due    | Paid  | In advance | Late | Outstanding |
      | 1000.0        | 0.0      | 0.0  | 20.0      | 1020.0 | 500.0 | 0.0        | 0.0  | 520.0       |
  [32m✔[39m [32m[1mThen [22mLoan Transactions tab has the following data:[39m                                                                                                                                                                                                         [90m# org.apache.fineract.test.stepdef.loan.LoanStepDef.loanTransactionsTabCheck(io.cucumber.datatable.DataTable)[39m
      | Transaction date  | Transaction Type | Amount | Principal | Interest | Fees | Penalties | Loan Balance |
      | 01 September 2023 | Disbursement     | 1000.0 | 0.0       | 0.0      | 0.0  | 0.0       | 1000.0       |
      | 01 September 2023 | Repayment        | 250.0  | 250.0     | 0.0      | 0.0  | 0.0       | 750.0        |
      | 16 September 2023 | Repayment        | 250.0  | 250.0     | 0.0      | 0.0  | 0.0       | 500.0        |
  [32m✔[39m [32m[1mThen [22mLoan Charges tab has the following data:[39m                                                                                                                                                                                                              [90m# org.apache.fineract.test.stepdef.loan.LoanStepDef.loanChargesTabCheck(io.cucumber.datatable.DataTable)[39m
      | Name    | isPenalty | Payment due at     | Due as of       | Calculation type | Due  | Paid | Waived | Outstanding |
      | NSF fee | true      | Specified due date | 17 October 2023 | Flat             | 20.0 | 0.0  | 0.0    | 20.0        |
  [32m✔[39m [32m[1mWhen [22mAdmin adds [1m"LOAN_NSF_FEE"[22m due date charge with [1m"17 September 2023"[22m due date and [1m20[22m EUR transaction amount[39m                                                                                                                                             [90m# org.apache.fineract.test.stepdef.loan.LoanChargeStepDef.addChargeDueDate(java.lang.String,java.lang.String,double)[39m
  [32m✔[39m [32m[1mWhen [22mAdmin adds [1m"LOAN_NSF_FEE"[22m due date charge with [1m"16 October 2023"[22m due date and [1m20[22m EUR transaction amount[39m                                                                                                                                               [90m# org.apache.fineract.test.stepdef.loan.LoanChargeStepDef.addChargeDueDate(java.lang.String,java.lang.String,double)[39m
  [32m✔[39m [32m[1mThen [22mLoan Repayment schedule has [1m5[22m periods, with the following data for periods:[39m                                                                                                                                                                           [90m# org.apache.fineract.test.stepdef.loan.LoanStepDef.loanRepaymentSchedulePeriodsCheck(int,io.cucumber.datatable.DataTable)[39m
      | Nr | Days | Date              | Paid date         | Balance of loan | Principal due | Interest | Fees | Penalties | Due   | Paid  | In advance | Late | Outstanding |
      |    |      | 01 September 2023 |                   | 1000.0          |               |          | 0.0  |           | 0.0   | 0.0   |            |      |             |
      | 1  | 0    | 01 September 2023 | 01 September 2023 | 750.0           | 250.0         | 0.0      | 0.0  | 0.0       | 250.0 | 250.0 | 0.0        | 0.0  | 0.0         |
      | 2  | 15   | 16 September 2023 | 16 September 2023 | 500.0           | 250.0         | 0.0      | 0.0  | 0.0       | 250.0 | 250.0 | 0.0        | 0.0  | 0.0         |
      | 3  | 15   | 01 October 2023   |                   | 250.0           | 250.0         | 0.0      | 0.0  | 20.0      | 270.0 | 0.0   | 0.0        | 0.0  | 270.0       |
      | 4  | 15   | 16 October 2023   |                   | 0.0             | 250.0         | 0.0      | 0.0  | 20.0      | 270.0 | 0.0   | 0.0        | 0.0  | 270.0       |
      | 5  | 1    | 17 October 2023   |                   | 0.0             | 0.0           | 0.0      | 0.0  | 20.0      | 20.0  | 0.0   | 0.0        | 0.0  | 20.0        |
  [32m✔[39m [32m[1mThen [22mLoan Repayment schedule has the following data in Total row:[39m                                                                                                                                                                                          [90m# org.apache.fineract.test.stepdef.loan.LoanStepDef.loanRepaymentScheduleAmountCheck(io.cucumber.datatable.DataTable)[39m
      | Principal due | Interest | Fees | Penalties | Due    | Paid  | In advance | Late | Outstanding |
      | 1000.0        | 0.0      | 0.0  | 60.0      | 1060.0 | 500.0 | 0.0        | 0.0  | 560.0       |
  [32m✔[39m [32m[1mThen [22mLoan Transactions tab has the following data:[39m                                                                                                                                                                                                         [90m# org.apache.fineract.test.stepdef.loan.LoanStepDef.loanTransactionsTabCheck(io.cucumber.datatable.DataTable)[39m
      | Transaction date  | Transaction Type | Amount | Principal | Interest | Fees | Penalties | Loan Balance |
      | 01 September 2023 | Disbursement     | 1000.0 | 0.0       | 0.0      | 0.0  | 0.0       | 1000.0       |
      | 01 September 2023 | Repayment        | 250.0  | 250.0     | 0.0      | 0.0  | 0.0       | 750.0        |
      | 16 September 2023 | Repayment        | 250.0  | 250.0     | 0.0      | 0.0  | 0.0       | 500.0        |
  [32m✔[39m [32m[1mThen [22mLoan Charges tab has the following data:[39m                                                                                                                                                                                                              [90m# org.apache.fineract.test.stepdef.loan.LoanStepDef.loanChargesTabCheck(io.cucumber.datatable.DataTable)[39m
      | Name    | isPenalty | Payment due at     | Due as of         | Calculation type | Due  | Paid | Waived | Outstanding |
      | NSF fee | true      | Specified due date | 17 October 2023   | Flat             | 20.0 | 0.0  | 0.0    | 20.0        |
      | NSF fee | true      | Specified due date | 16 October 2023   | Flat             | 20.0 | 0.0  | 0.0    | 20.0        |
      | NSF fee | true      | Specified due date | 17 September 2023 | Flat             | 20.0 | 0.0  | 0.0    | 20.0        |
  [32m✔[39m [32m[1mWhen [22mAdmin sets the business date to [1m"17 September 2023"[22m[39m                                                                                                                                                                                                   [90m# org.apache.fineract.test.stepdef.common.BusinessDateStepDef.setBusinessDate(java.lang.String)[39m
  [32m✔[39m [32m[1mWhen [22mCustomer makes [1m"MERCHANT_ISSUED_REFUND"[22m transaction with [1m"AUTOPAY"[22m payment type on [1m"17 September 2023"[22m with [1m30[22m EUR transaction amount and system-generated Idempotency key[39m                                                                            [90m# org.apache.fineract.test.stepdef.loan.LoanStepDef.createTransactionWithAutoIdempotencyKey(java.lang.String,java.lang.String,java.lang.String,double)[39m
  [32m✔[39m [32m[1mThen [22mLoan Repayment schedule has [1m5[22m periods, with the following data for periods:[39m                                                                                                                                                                           [90m# org.apache.fineract.test.stepdef.loan.LoanStepDef.loanRepaymentSchedulePeriodsCheck(int,io.cucumber.datatable.DataTable)[39m
      | Nr | Days | Date              | Paid date         | Balance of loan | Principal due | Interest | Fees | Penalties | Due   | Paid  | In advance | Late | Outstanding |
      |    |      | 01 September 2023 |                   | 1000.0          |               |          | 0.0  |           | 0.0   | 0.0   |            |      |             |
      | 1  | 0    | 01 September 2023 | 01 September 2023 | 750.0           | 250.0         | 0.0      | 0.0  | 0.0       | 250.0 | 250.0 | 0.0        | 0.0  | 0.0         |
      | 2  | 15   | 16 September 2023 | 16 September 2023 | 500.0           | 250.0         | 0.0      | 0.0  | 0.0       | 250.0 | 250.0 | 0.0        | 0.0  | 0.0         |
      | 3  | 15   | 01 October 2023   |                   | 250.0           | 250.0         | 0.0      | 0.0  | 20.0      | 270.0 | 10.0  | 10.0       | 0.0  | 260.0       |
      | 4  | 15   | 16 October 2023   |                   | 0.0             | 250.0         | 0.0      | 0.0  | 20.0      | 270.0 | 10.0  | 10.0       | 0.0  | 260.0       |
      | 5  | 1    | 17 October 2023   |                   | 0.0             | 0.0           | 0.0      | 0.0  | 20.0      | 20.0  | 10.0  | 10.0       | 0.0  | 10.0        |
  [32m✔[39m [32m[1mThen [22mLoan Repayment schedule has the following data in Total row:[39m                                                                                                                                                                                          [90m# org.apache.fineract.test.stepdef.loan.LoanStepDef.loanRepaymentScheduleAmountCheck(io.cucumber.datatable.DataTable)[39m
      | Principal due | Interest | Fees | Penalties | Due    | Paid  | In advance | Late | Outstanding |
      | 1000.0        | 0.0      | 0.0  | 60.0      | 1060.0 | 530.0 | 30.0       | 0.0  | 530.0       |
  [32m✔[39m [32m[1mThen [22mLoan Transactions tab has the following data:[39m                                                                                                                                                                                                         [90m# org.apache.fineract.test.stepdef.loan.LoanStepDef.loanTransactionsTabCheck(io.cucumber.datatable.DataTable)[39m
      | Transaction date  | Transaction Type       | Amount | Principal | Interest | Fees | Penalties | Loan Balance |
      | 01 September 2023 | Disbursement           | 1000.0 | 0.0       | 0.0      | 0.0  | 0.0       | 1000.0       |
      | 01 September 2023 | Repayment              | 250.0  | 250.0     | 0.0      | 0.0  | 0.0       | 750.0        |
      | 16 September 2023 | Repayment              | 250.0  | 250.0     | 0.0      | 0.0  | 0.0       | 500.0        |
      | 17 September 2023 | Merchant Issued Refund | 30.0   | 0.0       | 0.0      | 0.0  | 30.0      | 500.0        |
  [32m✔[39m [32m[1mThen [22mLoan Charges tab has the following data:[39m                                                                                                                                                                                                              [90m# org.apache.fineract.test.stepdef.loan.LoanStepDef.loanChargesTabCheck(io.cucumber.datatable.DataTable)[39m
      | Name    | isPenalty | Payment due at     | Due as of         | Calculation type | Due  | Paid | Waived | Outstanding |
      | NSF fee | true      | Specified due date | 17 October 2023   | Flat             | 20.0 | 10.0 | 0.0    | 10.0        |
      | NSF fee | true      | Specified due date | 16 October 2023   | Flat             | 20.0 | 10.0 | 0.0    | 10.0        |
      | NSF fee | true      | Specified due date | 17 September 2023 | Flat             | 20.0 | 10.0 | 0.0    | 10.0        |

@LoanFeature @TestRailId:C2958 @AdvancedPaymentAllocation @ProgressiveLoanSchedule
[1mScenario:[22m Verify AdvancedPaymentAllocation behaviour: loanScheduleProcessingType-horizontal, charge after maturity, in advanced Merchant issued refund transaction before first charge due date (future installment type: REAMORTIZATION) - amount < sum all charges [90m# fineract-e2e-tests-runner/src/test/resources/features/Loan-Part3.feature:1373[39m
  [32m✔[39m [32m[1mWhen [22mAdmin sets the business date to [1m"01 September 2023"[22m[39m                                                                                                                                                                                                         [90m# org.apache.fineract.test.stepdef.common.BusinessDateStepDef.setBusinessDate(java.lang.String)[39m
  [32m✔[39m [32m[1mWhen [22mAdmin creates a client with random data[39m                                                                                                                                                                                                                     [90m# org.apache.fineract.test.stepdef.common.ClientStepDef.createClientRandomFirstNameLastName()[39m
  [32m✔[39m [32m[1mWhen [22mAdmin creates a fully customized loan with the following data:[39m                                                                                                                                                                                              [90m# org.apache.fineract.test.stepdef.loan.LoanStepDef.createFullyCustomizedLoan(io.cucumber.datatable.DataTable)[39m
      | LoanProduct                                                        | submitted on date | with Principal | ANNUAL interest rate % | interest type | interest calculation period | amortization type  | loanTermFrequency | loanTermFrequencyType | repaymentEvery | repaymentFrequencyType | numberOfRepayments | graceOnPrincipalPayment | graceOnInterestPayment | interest free period | Payment strategy            |
      | LP2_DOWNPAYMENT_ADV_PMT_ALLOC_PROGRESSIVE_LOAN_SCHEDULE_HORIZONTAL | 01 September 2023 | 1000           | 0                      | FLAT          | SAME_AS_REPAYMENT_PERIOD    | EQUAL_INSTALLMENTS | 45                | DAYS                  | 15             | DAYS                   | 3                  | 0                       | 0                      | 0                    | ADVANCED_PAYMENT_ALLOCATION |
  [32m✔[39m [32m[1mAnd [22mAdmin successfully approves the loan on [1m"01 September 2023"[22m with [1m"1000"[22m amount and expected disbursement date on [1m"01 September 2023"[22m[39m                                                                                                                         [90m# org.apache.fineract.test.stepdef.loan.LoanStepDef.approveLoan(java.lang.String,java.lang.String,java.lang.String)[39m
  [32m✔[39m [32m[1mWhen [22mAdmin successfully disburse the loan on [1m"01 September 2023"[22m with [1m"1000"[22m EUR transaction amount[39m                                                                                                                                                              [90m# org.apache.fineract.test.stepdef.loan.LoanStepDef.disburseLoan(java.lang.String,java.lang.String)[39m
  [32m✔[39m [32m[1mThen [22mLoan Repayment schedule has [1m4[22m periods, with the following data for periods:[39m                                                                                                                                                                                 [90m# org.apache.fineract.test.stepdef.loan.LoanStepDef.loanRepaymentSchedulePeriodsCheck(int,io.cucumber.datatable.DataTable)[39m
      | Nr | Days | Date              | Paid date | Balance of loan | Principal due | Interest | Fees | Penalties | Due   | Paid | In advance | Late | Outstanding |
      |    |      | 01 September 2023 |           | 1000.0          |               |          | 0.0  |           | 0.0   | 0.0  |            |      |             |
      | 1  | 0    | 01 September 2023 |           | 750.0           | 250.0         | 0.0      | 0.0  | 0.0       | 250.0 | 0.0  | 0.0        | 0.0  | 250.0       |
      | 2  | 15   | 16 September 2023 |           | 500.0           | 250.0         | 0.0      | 0.0  | 0.0       | 250.0 | 0.0  | 0.0        | 0.0  | 250.0       |
      | 3  | 15   | 01 October 2023   |           | 250.0           | 250.0         | 0.0      | 0.0  | 0.0       | 250.0 | 0.0  | 0.0        | 0.0  | 250.0       |
      | 4  | 15   | 16 October 2023   |           | 0.0             | 250.0         | 0.0      | 0.0  | 0.0       | 250.0 | 0.0  | 0.0        | 0.0  | 250.0       |
  [32m✔[39m [32m[1mThen [22mLoan Repayment schedule has the following data in Total row:[39m                                                                                                                                                                                                [90m# org.apache.fineract.test.stepdef.loan.LoanStepDef.loanRepaymentScheduleAmountCheck(io.cucumber.datatable.DataTable)[39m
      | Principal due | Interest | Fees | Penalties | Due    | Paid | In advance | Late | Outstanding |
      | 1000.0        | 0.0      | 0.0  | 0.0       | 1000.0 | 0.0  | 0.0        | 0.0  | 1000.0      |
  [32m✔[39m [32m[1mThen [22mLoan Transactions tab has the following data:[39m                                                                                                                                                                                                               [90m# org.apache.fineract.test.stepdef.loan.LoanStepDef.loanTransactionsTabCheck(io.cucumber.datatable.DataTable)[39m
      | Transaction date  | Transaction Type | Amount | Principal | Interest | Fees | Penalties | Loan Balance |
      | 01 September 2023 | Disbursement     | 1000.0 | 0.0       | 0.0      | 0.0  | 0.0       | 1000.0       |
  [32m✔[39m [32m[1mWhen [22mAdmin adds [1m"LOAN_NSF_FEE"[22m due date charge with [1m"17 October 2023"[22m due date and [1m20[22m EUR transaction amount[39m                                                                                                                                                     [90m# org.apache.fineract.test.stepdef.loan.LoanChargeStepDef.addChargeDueDate(java.lang.String,java.lang.String,double)[39m
  [32m✔[39m [32m[1mThen [22mLoan Repayment schedule has [1m5[22m periods, with the following data for periods:[39m                                                                                                                                                                                 [90m# org.apache.fineract.test.stepdef.loan.LoanStepDef.loanRepaymentSchedulePeriodsCheck(int,io.cucumber.datatable.DataTable)[39m
      | Nr | Days | Date              | Paid date | Balance of loan | Principal due | Interest | Fees | Penalties | Due   | Paid | In advance | Late | Outstanding |
      |    |      | 01 September 2023 |           | 1000.0          |               |          | 0.0  |           | 0.0   | 0.0  |            |      |             |
      | 1  | 0    | 01 September 2023 |           | 750.0           | 250.0         | 0.0      | 0.0  | 0.0       | 250.0 | 0.0  | 0.0        | 0.0  | 250.0       |
      | 2  | 15   | 16 September 2023 |           | 500.0           | 250.0         | 0.0      | 0.0  | 0.0       | 250.0 | 0.0  | 0.0        | 0.0  | 250.0       |
      | 3  | 15   | 01 October 2023   |           | 250.0           | 250.0         | 0.0      | 0.0  | 0.0       | 250.0 | 0.0  | 0.0        | 0.0  | 250.0       |
      | 4  | 15   | 16 October 2023   |           | 0.0             | 250.0         | 0.0      | 0.0  | 0.0       | 250.0 | 0.0  | 0.0        | 0.0  | 250.0       |
      | 5  | 1    | 17 October 2023   |           | 0.0             | 0.0           | 0.0      | 0.0  | 20.0      | 20.0  | 0.0  | 0.0        | 0.0  | 20.0        |
  [32m✔[39m [32m[1mThen [22mLoan Repayment schedule has the following data in Total row:[39m                                                                                                                                                                                                [90m# org.apache.fineract.test.stepdef.loan.LoanStepDef.loanRepaymentScheduleAmountCheck(io.cucumber.datatable.DataTable)[39m
      | Principal due | Interest | Fees | Penalties | Due    | Paid | In advance | Late | Outstanding |
      | 1000.0        | 0.0      | 0.0  | 20.0      | 1020.0 | 0.0  | 0.0        | 0.0  | 1020.0      |
  [32m✔[39m [32m[1mThen [22mLoan Transactions tab has the following data:[39m                                                                                                                                                                                                               [90m# org.apache.fineract.test.stepdef.loan.LoanStepDef.loanTransactionsTabCheck(io.cucumber.datatable.DataTable)[39m
      | Transaction date  | Transaction Type | Amount | Principal | Interest | Fees | Penalties | Loan Balance |
      | 01 September 2023 | Disbursement     | 1000.0 | 0.0       | 0.0      | 0.0  | 0.0       | 1000.0       |
  [32m✔[39m [32m[1mThen [22mLoan Charges tab has the following data:[39m                                                                                                                                                                                                                    [90m# org.apache.fineract.test.stepdef.loan.LoanStepDef.loanChargesTabCheck(io.cucumber.datatable.DataTable)[39m
      | Name    | isPenalty | Payment due at     | Due as of       | Calculation type | Due  | Paid | Waived | Outstanding |
      | NSF fee | true      | Specified due date | 17 October 2023 | Flat             | 20.0 | 0.0  | 0.0    | 20.0        |
  [32m✔[39m [32m[1mAnd [22mCustomer makes [1m"AUTOPAY"[22m repayment on [1m"01 September 2023"[22m with [1m250[22m EUR transaction amount[39m                                                                                                                                                                    [90m# org.apache.fineract.test.stepdef.loan.LoanRepaymentStepDef.makeLoanRepayment(java.lang.String,java.lang.String,double)[39m
  [32m✔[39m [32m[1mWhen [22mAdmin sets the business date to [1m"16 September 2023"[22m[39m                                                                                                                                                                                                         [90m# org.apache.fineract.test.stepdef.common.BusinessDateStepDef.setBusinessDate(java.lang.String)[39m
  [32m✔[39m [32m[1mAnd [22mCustomer makes [1m"AUTOPAY"[22m repayment on [1m"16 September 2023"[22m with [1m250[22m EUR transaction amount[39m                                                                                                                                                                    [90m# org.apache.fineract.test.stepdef.loan.LoanRepaymentStepDef.makeLoanRepayment(java.lang.String,java.lang.String,double)[39m
  [32m✔[39m [32m[1mThen [22mLoan Repayment schedule has [1m5[22m periods, with the following data for periods:[39m                                                                                                                                                                                 [90m# org.apache.fineract.test.stepdef.loan.LoanStepDef.loanRepaymentSchedulePeriodsCheck(int,io.cucumber.datatable.DataTable)[39m
      | Nr | Days | Date              | Paid date         | Balance of loan | Principal due | Interest | Fees | Penalties | Due   | Paid  | In advance | Late | Outstanding |
      |    |      | 01 September 2023 |                   | 1000.0          |               |          | 0.0  |           | 0.0   | 0.0   |            |      |             |
      | 1  | 0    | 01 September 2023 | 01 September 2023 | 750.0           | 250.0         | 0.0      | 0.0  | 0.0       | 250.0 | 250.0 | 0.0        | 0.0  | 0.0         |
      | 2  | 15   | 16 September 2023 | 16 September 2023 | 500.0           | 250.0         | 0.0      | 0.0  | 0.0       | 250.0 | 250.0 | 0.0        | 0.0  | 0.0         |
      | 3  | 15   | 01 October 2023   |                   | 250.0           | 250.0         | 0.0      | 0.0  | 0.0       | 250.0 | 0.0   | 0.0        | 0.0  | 250.0       |
      | 4  | 15   | 16 October 2023   |                   | 0.0             | 250.0         | 0.0      | 0.0  | 0.0       | 250.0 | 0.0   | 0.0        | 0.0  | 250.0       |
      | 5  | 1    | 17 October 2023   |                   | 0.0             | 0.0           | 0.0      | 0.0  | 20.0      | 20.0  | 0.0   | 0.0        | 0.0  | 20.0        |
  [32m✔[39m [32m[1mThen [22mLoan Repayment schedule has the following data in Total row:[39m                                                                                                                                                                                                [90m# org.apache.fineract.test.stepdef.loan.LoanStepDef.loanRepaymentScheduleAmountCheck(io.cucumber.datatable.DataTable)[39m
      | Principal due | Interest | Fees | Penalties | Due    | Paid  | In advance | Late | Outstanding |
      | 1000.0        | 0.0      | 0.0  | 20.0      | 1020.0 | 500.0 | 0.0        | 0.0  | 520.0       |
  [32m✔[39m [32m[1mThen [22mLoan Transactions tab has the following data:[39m                                                                                                                                                                                                               [90m# org.apache.fineract.test.stepdef.loan.LoanStepDef.loanTransactionsTabCheck(io.cucumber.datatable.DataTable)[39m
      | Transaction date  | Transaction Type | Amount | Principal | Interest | Fees | Penalties | Loan Balance |
      | 01 September 2023 | Disbursement     | 1000.0 | 0.0       | 0.0      | 0.0  | 0.0       | 1000.0       |
      | 01 September 2023 | Repayment        | 250.0  | 250.0     | 0.0      | 0.0  | 0.0       | 750.0        |
      | 16 September 2023 | Repayment        | 250.0  | 250.0     | 0.0      | 0.0  | 0.0       | 500.0        |
  [32m✔[39m [32m[1mThen [22mLoan Charges tab has the following data:[39m                                                                                                                                                                                                                    [90m# org.apache.fineract.test.stepdef.loan.LoanStepDef.loanChargesTabCheck(io.cucumber.datatable.DataTable)[39m
      | Name    | isPenalty | Payment due at     | Due as of       | Calculation type | Due  | Paid | Waived | Outstanding |
      | NSF fee | true      | Specified due date | 17 October 2023 | Flat             | 20.0 | 0.0  | 0.0    | 20.0        |
  [32m✔[39m [32m[1mWhen [22mAdmin adds [1m"LOAN_NSF_FEE"[22m due date charge with [1m"17 September 2023"[22m due date and [1m20[22m EUR transaction amount[39m                                                                                                                                                   [90m# org.apache.fineract.test.stepdef.loan.LoanChargeStepDef.addChargeDueDate(java.lang.String,java.lang.String,double)[39m
  [32m✔[39m [32m[1mWhen [22mAdmin adds [1m"LOAN_NSF_FEE"[22m due date charge with [1m"16 October 2023"[22m due date and [1m20[22m EUR transaction amount[39m                                                                                                                                                     [90m# org.apache.fineract.test.stepdef.loan.LoanChargeStepDef.addChargeDueDate(java.lang.String,java.lang.String,double)[39m
  [32m✔[39m [32m[1mThen [22mLoan Repayment schedule has [1m5[22m periods, with the following data for periods:[39m                                                                                                                                                                                 [90m# org.apache.fineract.test.stepdef.loan.LoanStepDef.loanRepaymentSchedulePeriodsCheck(int,io.cucumber.datatable.DataTable)[39m
      | Nr | Days | Date              | Paid date         | Balance of loan | Principal due | Interest | Fees | Penalties | Due   | Paid  | In advance | Late | Outstanding |
      |    |      | 01 September 2023 |                   | 1000.0          |               |          | 0.0  |           | 0.0   | 0.0   |            |      |             |
      | 1  | 0    | 01 September 2023 | 01 September 2023 | 750.0           | 250.0         | 0.0      | 0.0  | 0.0       | 250.0 | 250.0 | 0.0        | 0.0  | 0.0         |
      | 2  | 15   | 16 September 2023 | 16 September 2023 | 500.0           | 250.0         | 0.0      | 0.0  | 0.0       | 250.0 | 250.0 | 0.0        | 0.0  | 0.0         |
      | 3  | 15   | 01 October 2023   |                   | 250.0           | 250.0         | 0.0      | 0.0  | 20.0      | 270.0 | 0.0   | 0.0        | 0.0  | 270.0       |
      | 4  | 15   | 16 October 2023   |                   | 0.0             | 250.0         | 0.0      | 0.0  | 20.0      | 270.0 | 0.0   | 0.0        | 0.0  | 270.0       |
      | 5  | 1    | 17 October 2023   |                   | 0.0             | 0.0           | 0.0      | 0.0  | 20.0      | 20.0  | 0.0   | 0.0        | 0.0  | 20.0        |
  [32m✔[39m [32m[1mThen [22mLoan Repayment schedule has the following data in Total row:[39m                                                                                                                                                                                                [90m# org.apache.fineract.test.stepdef.loan.LoanStepDef.loanRepaymentScheduleAmountCheck(io.cucumber.datatable.DataTable)[39m
      | Principal due | Interest | Fees | Penalties | Due    | Paid  | In advance | Late | Outstanding |
      | 1000.0        | 0.0      | 0.0  | 60.0      | 1060.0 | 500.0 | 0.0        | 0.0  | 560.0       |
  [32m✔[39m [32m[1mThen [22mLoan Transactions tab has the following data:[39m                                                                                                                                                                                                               [90m# org.apache.fineract.test.stepdef.loan.LoanStepDef.loanTransactionsTabCheck(io.cucumber.datatable.DataTable)[39m
      | Transaction date  | Transaction Type | Amount | Principal | Interest | Fees | Penalties | Loan Balance |
      | 01 September 2023 | Disbursement     | 1000.0 | 0.0       | 0.0      | 0.0  | 0.0       | 1000.0       |
      | 01 September 2023 | Repayment        | 250.0  | 250.0     | 0.0      | 0.0  | 0.0       | 750.0        |
      | 16 September 2023 | Repayment        | 250.0  | 250.0     | 0.0      | 0.0  | 0.0       | 500.0        |
  [32m✔[39m [32m[1mThen [22mLoan Charges tab has the following data:[39m                                                                                                                                                                                                                    [90m# org.apache.fineract.test.stepdef.loan.LoanStepDef.loanChargesTabCheck(io.cucumber.datatable.DataTable)[39m
      | Name    | isPenalty | Payment due at     | Due as of         | Calculation type | Due  | Paid | Waived | Outstanding |
      | NSF fee | true      | Specified due date | 17 October 2023   | Flat             | 20.0 | 0.0  | 0.0    | 20.0        |
      | NSF fee | true      | Specified due date | 16 October 2023   | Flat             | 20.0 | 0.0  | 0.0    | 20.0        |
      | NSF fee | true      | Specified due date | 17 September 2023 | Flat             | 20.0 | 0.0  | 0.0    | 20.0        |
  [32m✔[39m [32m[1mWhen [22mAdmin sets the business date to [1m"17 September 2023"[22m[39m                                                                                                                                                                                                         [90m# org.apache.fineract.test.stepdef.common.BusinessDateStepDef.setBusinessDate(java.lang.String)[39m
  [32m✔[39m [32m[1mWhen [22mCustomer makes [1m"MERCHANT_ISSUED_REFUND"[22m transaction with [1m"AUTOPAY"[22m payment type on [1m"17 September 2023"[22m with [1m30[22m EUR transaction amount and system-generated Idempotency key[39m                                                                                  [90m# org.apache.fineract.test.stepdef.loan.LoanStepDef.createTransactionWithAutoIdempotencyKey(java.lang.String,java.lang.String,java.lang.String,double)[39m
  [32m✔[39m [32m[1mThen [22mLoan Repayment schedule has [1m5[22m periods, with the following data for periods:[39m                                                                                                                                                                                 [90m# org.apache.fineract.test.stepdef.loan.LoanStepDef.loanRepaymentSchedulePeriodsCheck(int,io.cucumber.datatable.DataTable)[39m
      | Nr | Days | Date              | Paid date         | Balance of loan | Principal due | Interest | Fees | Penalties | Due   | Paid  | In advance | Late | Outstanding |
      |    |      | 01 September 2023 |                   | 1000.0          |               |          | 0.0  |           | 0.0   | 0.0   |            |      |             |
      | 1  | 0    | 01 September 2023 | 01 September 2023 | 750.0           | 250.0         | 0.0      | 0.0  | 0.0       | 250.0 | 250.0 | 0.0        | 0.0  | 0.0         |
      | 2  | 15   | 16 September 2023 | 16 September 2023 | 500.0           | 250.0         | 0.0      | 0.0  | 0.0       | 250.0 | 250.0 | 0.0        | 0.0  | 0.0         |
      | 3  | 15   | 01 October 2023   |                   | 250.0           | 250.0         | 0.0      | 0.0  | 20.0      | 270.0 | 10.0  | 10.0       | 0.0  | 260.0       |
      | 4  | 15   | 16 October 2023   |                   | 0.0             | 250.0         | 0.0      | 0.0  | 20.0      | 270.0 | 10.0  | 10.0       | 0.0  | 260.0       |
      | 5  | 1    | 17 October 2023   |                   | 0.0             | 0.0           | 0.0      | 0.0  | 20.0      | 20.0  | 10.0  | 10.0       | 0.0  | 10.0        |
  [32m✔[39m [32m[1mThen [22mLoan Repayment schedule has the following data in Total row:[39m                                                                                                                                                                                                [90m# org.apache.fineract.test.stepdef.loan.LoanStepDef.loanRepaymentScheduleAmountCheck(io.cucumber.datatable.DataTable)[39m
      | Principal due | Interest | Fees | Penalties | Due    | Paid  | In advance | Late | Outstanding |
      | 1000.0        | 0.0      | 0.0  | 60.0      | 1060.0 | 530.0 | 30.0       | 0.0  | 530.0       |
  [32m✔[39m [32m[1mThen [22mLoan Transactions tab has the following data:[39m                                                                                                                                                                                                               [90m# org.apache.fineract.test.stepdef.loan.LoanStepDef.loanTransactionsTabCheck(io.cucumber.datatable.DataTable)[39m
      | Transaction date  | Transaction Type       | Amount | Principal | Interest | Fees | Penalties | Loan Balance |
      | 01 September 2023 | Disbursement           | 1000.0 | 0.0       | 0.0      | 0.0  | 0.0       | 1000.0       |
      | 01 September 2023 | Repayment              | 250.0  | 250.0     | 0.0      | 0.0  | 0.0       | 750.0        |
      | 16 September 2023 | Repayment              | 250.0  | 250.0     | 0.0      | 0.0  | 0.0       | 500.0        |
      | 17 September 2023 | Merchant Issued Refund | 30.0   | 0.0       | 0.0      | 0.0  | 30.0      | 500.0        |
  [32m✔[39m [32m[1mThen [22mLoan Charges tab has the following data:[39m                                                                                                                                                                                                                    [90m# org.apache.fineract.test.stepdef.loan.LoanStepDef.loanChargesTabCheck(io.cucumber.datatable.DataTable)[39m
      | Name    | isPenalty | Payment due at     | Due as of         | Calculation type | Due  | Paid | Waived | Outstanding |
      | NSF fee | true      | Specified due date | 17 October 2023   | Flat             | 20.0 | 10.0 | 0.0    | 10.0        |
      | NSF fee | true      | Specified due date | 16 October 2023   | Flat             | 20.0 | 10.0 | 0.0    | 10.0        |
      | NSF fee | true      | Specified due date | 17 September 2023 | Flat             | 20.0 | 10.0 | 0.0    | 10.0        |

@LoanFeature @TestRailId:C2959 @AdvancedPaymentAllocation @ProgressiveLoanSchedule
[1mScenario:[22m Verify AdvancedPaymentAllocation behaviour: loanScheduleProcessingType-vertical, charge after maturity, in advanced Merchant issued refund transaction before first charge due date (future installment type: REAMORTIZATION) - amount < sum all charges [90m# fineract-e2e-tests-runner/src/test/resources/features/Loan-Part3.feature:1487[39m
  [32m✔[39m [32m[1mWhen [22mAdmin sets the business date to [1m"01 September 2023"[22m[39m                                                                                                                                                                                                       [90m# org.apache.fineract.test.stepdef.common.BusinessDateStepDef.setBusinessDate(java.lang.String)[39m
  [32m✔[39m [32m[1mWhen [22mAdmin creates a client with random data[39m                                                                                                                                                                                                                   [90m# org.apache.fineract.test.stepdef.common.ClientStepDef.createClientRandomFirstNameLastName()[39m
  [32m✔[39m [32m[1mWhen [22mAdmin creates a fully customized loan with the following data:[39m                                                                                                                                                                                            [90m# org.apache.fineract.test.stepdef.loan.LoanStepDef.createFullyCustomizedLoan(io.cucumber.datatable.DataTable)[39m
      | LoanProduct                                                      | submitted on date | with Principal | ANNUAL interest rate % | interest type | interest calculation period | amortization type  | loanTermFrequency | loanTermFrequencyType | repaymentEvery | repaymentFrequencyType | numberOfRepayments | graceOnPrincipalPayment | graceOnInterestPayment | interest free period | Payment strategy            |
      | LP2_DOWNPAYMENT_ADV_PMT_ALLOC_PROGRESSIVE_LOAN_SCHEDULE_VERTICAL | 01 September 2023 | 1000           | 0                      | FLAT          | SAME_AS_REPAYMENT_PERIOD    | EQUAL_INSTALLMENTS | 45                | DAYS                  | 15             | DAYS                   | 3                  | 0                       | 0                      | 0                    | ADVANCED_PAYMENT_ALLOCATION |
  [32m✔[39m [32m[1mAnd [22mAdmin successfully approves the loan on [1m"01 September 2023"[22m with [1m"1000"[22m amount and expected disbursement date on [1m"01 September 2023"[22m[39m                                                                                                                       [90m# org.apache.fineract.test.stepdef.loan.LoanStepDef.approveLoan(java.lang.String,java.lang.String,java.lang.String)[39m
  [32m✔[39m [32m[1mWhen [22mAdmin successfully disburse the loan on [1m"01 September 2023"[22m with [1m"1000"[22m EUR transaction amount[39m                                                                                                                                                            [90m# org.apache.fineract.test.stepdef.loan.LoanStepDef.disburseLoan(java.lang.String,java.lang.String)[39m
  [32m✔[39m [32m[1mThen [22mLoan Repayment schedule has [1m4[22m periods, with the following data for periods:[39m                                                                                                                                                                               [90m# org.apache.fineract.test.stepdef.loan.LoanStepDef.loanRepaymentSchedulePeriodsCheck(int,io.cucumber.datatable.DataTable)[39m
      | Nr | Days | Date              | Paid date | Balance of loan | Principal due | Interest | Fees | Penalties | Due   | Paid | In advance | Late | Outstanding |
      |    |      | 01 September 2023 |           | 1000.0          |               |          | 0.0  |           | 0.0   | 0.0  |            |      |             |
      | 1  | 0    | 01 September 2023 |           | 750.0           | 250.0         | 0.0      | 0.0  | 0.0       | 250.0 | 0.0  | 0.0        | 0.0  | 250.0       |
      | 2  | 15   | 16 September 2023 |           | 500.0           | 250.0         | 0.0      | 0.0  | 0.0       | 250.0 | 0.0  | 0.0        | 0.0  | 250.0       |
      | 3  | 15   | 01 October 2023   |           | 250.0           | 250.0         | 0.0      | 0.0  | 0.0       | 250.0 | 0.0  | 0.0        | 0.0  | 250.0       |
      | 4  | 15   | 16 October 2023   |           | 0.0             | 250.0         | 0.0      | 0.0  | 0.0       | 250.0 | 0.0  | 0.0        | 0.0  | 250.0       |
  [32m✔[39m [32m[1mThen [22mLoan Repayment schedule has the following data in Total row:[39m                                                                                                                                                                                              [90m# org.apache.fineract.test.stepdef.loan.LoanStepDef.loanRepaymentScheduleAmountCheck(io.cucumber.datatable.DataTable)[39m
      | Principal due | Interest | Fees | Penalties | Due    | Paid | In advance | Late | Outstanding |
      | 1000.0        | 0.0      | 0.0  | 0.0       | 1000.0 | 0.0  | 0.0        | 0.0  | 1000.0      |
  [32m✔[39m [32m[1mThen [22mLoan Transactions tab has the following data:[39m                                                                                                                                                                                                             [90m# org.apache.fineract.test.stepdef.loan.LoanStepDef.loanTransactionsTabCheck(io.cucumber.datatable.DataTable)[39m
      | Transaction date  | Transaction Type | Amount | Principal | Interest | Fees | Penalties | Loan Balance |
      | 01 September 2023 | Disbursement     | 1000.0 | 0.0       | 0.0      | 0.0  | 0.0       | 1000.0       |
  [32m✔[39m [32m[1mWhen [22mAdmin adds [1m"LOAN_NSF_FEE"[22m due date charge with [1m"17 October 2023"[22m due date and [1m20[22m EUR transaction amount[39m                                                                                                                                                   [90m# org.apache.fineract.test.stepdef.loan.LoanChargeStepDef.addChargeDueDate(java.lang.String,java.lang.String,double)[39m
  [32m✔[39m [32m[1mThen [22mLoan Repayment schedule has [1m5[22m periods, with the following data for periods:[39m                                                                                                                                                                               [90m# org.apache.fineract.test.stepdef.loan.LoanStepDef.loanRepaymentSchedulePeriodsCheck(int,io.cucumber.datatable.DataTable)[39m
      | Nr | Days | Date              | Paid date | Balance of loan | Principal due | Interest | Fees | Penalties | Due   | Paid | In advance | Late | Outstanding |
      |    |      | 01 September 2023 |           | 1000.0          |               |          | 0.0  |           | 0.0   | 0.0  |            |      |             |
      | 1  | 0    | 01 September 2023 |           | 750.0           | 250.0         | 0.0      | 0.0  | 0.0       | 250.0 | 0.0  | 0.0        | 0.0  | 250.0       |
      | 2  | 15   | 16 September 2023 |           | 500.0           | 250.0         | 0.0      | 0.0  | 0.0       | 250.0 | 0.0  | 0.0        | 0.0  | 250.0       |
      | 3  | 15   | 01 October 2023   |           | 250.0           | 250.0         | 0.0      | 0.0  | 0.0       | 250.0 | 0.0  | 0.0        | 0.0  | 250.0       |
      | 4  | 15   | 16 October 2023   |           | 0.0             | 250.0         | 0.0      | 0.0  | 0.0       | 250.0 | 0.0  | 0.0        | 0.0  | 250.0       |
      | 5  | 1    | 17 October 2023   |           | 0.0             | 0.0           | 0.0      | 0.0  | 20.0      | 20.0  | 0.0  | 0.0        | 0.0  | 20.0        |
  [32m✔[39m [32m[1mThen [22mLoan Repayment schedule has the following data in Total row:[39m                                                                                                                                                                                              [90m# org.apache.fineract.test.stepdef.loan.LoanStepDef.loanRepaymentScheduleAmountCheck(io.cucumber.datatable.DataTable)[39m
      | Principal due | Interest | Fees | Penalties | Due    | Paid | In advance | Late | Outstanding |
      | 1000.0        | 0.0      | 0.0  | 20.0      | 1020.0 | 0.0  | 0.0        | 0.0  | 1020.0      |
  [32m✔[39m [32m[1mThen [22mLoan Transactions tab has the following data:[39m                                                                                                                                                                                                             [90m# org.apache.fineract.test.stepdef.loan.LoanStepDef.loanTransactionsTabCheck(io.cucumber.datatable.DataTable)[39m
      | Transaction date  | Transaction Type | Amount | Principal | Interest | Fees | Penalties | Loan Balance |
      | 01 September 2023 | Disbursement     | 1000.0 | 0.0       | 0.0      | 0.0  | 0.0       | 1000.0       |
  [32m✔[39m [32m[1mThen [22mLoan Charges tab has the following data:[39m                                                                                                                                                                                                                  [90m# org.apache.fineract.test.stepdef.loan.LoanStepDef.loanChargesTabCheck(io.cucumber.datatable.DataTable)[39m
      | Name    | isPenalty | Payment due at     | Due as of       | Calculation type | Due  | Paid | Waived | Outstanding |
      | NSF fee | true      | Specified due date | 17 October 2023 | Flat             | 20.0 | 0.0  | 0.0    | 20.0        |
  [32m✔[39m [32m[1mAnd [22mCustomer makes [1m"AUTOPAY"[22m repayment on [1m"01 September 2023"[22m with [1m250[22m EUR transaction amount[39m                                                                                                                                                                  [90m# org.apache.fineract.test.stepdef.loan.LoanRepaymentStepDef.makeLoanRepayment(java.lang.String,java.lang.String,double)[39m
  [32m✔[39m [32m[1mWhen [22mAdmin sets the business date to [1m"16 September 2023"[22m[39m                                                                                                                                                                                                       [90m# org.apache.fineract.test.stepdef.common.BusinessDateStepDef.setBusinessDate(java.lang.String)[39m
  [32m✔[39m [32m[1mAnd [22mCustomer makes [1m"AUTOPAY"[22m repayment on [1m"16 September 2023"[22m with [1m250[22m EUR transaction amount[39m                                                                                                                                                                  [90m# org.apache.fineract.test.stepdef.loan.LoanRepaymentStepDef.makeLoanRepayment(java.lang.String,java.lang.String,double)[39m
  [32m✔[39m [32m[1mThen [22mLoan Repayment schedule has [1m5[22m periods, with the following data for periods:[39m                                                                                                                                                                               [90m# org.apache.fineract.test.stepdef.loan.LoanStepDef.loanRepaymentSchedulePeriodsCheck(int,io.cucumber.datatable.DataTable)[39m
      | Nr | Days | Date              | Paid date         | Balance of loan | Principal due | Interest | Fees | Penalties | Due   | Paid  | In advance | Late | Outstanding |
      |    |      | 01 September 2023 |                   | 1000.0          |               |          | 0.0  |           | 0.0   | 0.0   |            |      |             |
      | 1  | 0    | 01 September 2023 | 01 September 2023 | 750.0           | 250.0         | 0.0      | 0.0  | 0.0       | 250.0 | 250.0 | 0.0        | 0.0  | 0.0         |
      | 2  | 15   | 16 September 2023 | 16 September 2023 | 500.0           | 250.0         | 0.0      | 0.0  | 0.0       | 250.0 | 250.0 | 0.0        | 0.0  | 0.0         |
      | 3  | 15   | 01 October 2023   |                   | 250.0           | 250.0         | 0.0      | 0.0  | 0.0       | 250.0 | 0.0   | 0.0        | 0.0  | 250.0       |
      | 4  | 15   | 16 October 2023   |                   | 0.0             | 250.0         | 0.0      | 0.0  | 0.0       | 250.0 | 0.0   | 0.0        | 0.0  | 250.0       |
      | 5  | 1    | 17 October 2023   |                   | 0.0             | 0.0           | 0.0      | 0.0  | 20.0      | 20.0  | 0.0   | 0.0        | 0.0  | 20.0        |
  [32m✔[39m [32m[1mThen [22mLoan Repayment schedule has the following data in Total row:[39m                                                                                                                                                                                              [90m# org.apache.fineract.test.stepdef.loan.LoanStepDef.loanRepaymentScheduleAmountCheck(io.cucumber.datatable.DataTable)[39m
      | Principal due | Interest | Fees | Penalties | Due    | Paid  | In advance | Late | Outstanding |
      | 1000.0        | 0.0      | 0.0  | 20.0      | 1020.0 | 500.0 | 0.0        | 0.0  | 520.0       |
  [32m✔[39m [32m[1mThen [22mLoan Transactions tab has the following data:[39m                                                                                                                                                                                                             [90m# org.apache.fineract.test.stepdef.loan.LoanStepDef.loanTransactionsTabCheck(io.cucumber.datatable.DataTable)[39m
      | Transaction date  | Transaction Type | Amount | Principal | Interest | Fees | Penalties | Loan Balance |
      | 01 September 2023 | Disbursement     | 1000.0 | 0.0       | 0.0      | 0.0  | 0.0       | 1000.0       |
      | 01 September 2023 | Repayment        | 250.0  | 250.0     | 0.0      | 0.0  | 0.0       | 750.0        |
      | 16 September 2023 | Repayment        | 250.0  | 250.0     | 0.0      | 0.0  | 0.0       | 500.0        |
  [32m✔[39m [32m[1mThen [22mLoan Charges tab has the following data:[39m                                                                                                                                                                                                                  [90m# org.apache.fineract.test.stepdef.loan.LoanStepDef.loanChargesTabCheck(io.cucumber.datatable.DataTable)[39m
      | Name    | isPenalty | Payment due at     | Due as of       | Calculation type | Due  | Paid | Waived | Outstanding |
      | NSF fee | true      | Specified due date | 17 October 2023 | Flat             | 20.0 | 0.0  | 0.0    | 20.0        |
  [32m✔[39m [32m[1mWhen [22mAdmin adds [1m"LOAN_NSF_FEE"[22m due date charge with [1m"17 September 2023"[22m due date and [1m20[22m EUR transaction amount[39m                                                                                                                                                 [90m# org.apache.fineract.test.stepdef.loan.LoanChargeStepDef.addChargeDueDate(java.lang.String,java.lang.String,double)[39m
  [32m✔[39m [32m[1mWhen [22mAdmin adds [1m"LOAN_NSF_FEE"[22m due date charge with [1m"16 October 2023"[22m due date and [1m20[22m EUR transaction amount[39m                                                                                                                                                   [90m# org.apache.fineract.test.stepdef.loan.LoanChargeStepDef.addChargeDueDate(java.lang.String,java.lang.String,double)[39m
  [32m✔[39m [32m[1mThen [22mLoan Repayment schedule has [1m5[22m periods, with the following data for periods:[39m                                                                                                                                                                               [90m# org.apache.fineract.test.stepdef.loan.LoanStepDef.loanRepaymentSchedulePeriodsCheck(int,io.cucumber.datatable.DataTable)[39m
      | Nr | Days | Date              | Paid date         | Balance of loan | Principal due | Interest | Fees | Penalties | Due   | Paid  | In advance | Late | Outstanding |
      |    |      | 01 September 2023 |                   | 1000.0          |               |          | 0.0  |           | 0.0   | 0.0   |            |      |             |
      | 1  | 0    | 01 September 2023 | 01 September 2023 | 750.0           | 250.0         | 0.0      | 0.0  | 0.0       | 250.0 | 250.0 | 0.0        | 0.0  | 0.0         |
      | 2  | 15   | 16 September 2023 | 16 September 2023 | 500.0           | 250.0         | 0.0      | 0.0  | 0.0       | 250.0 | 250.0 | 0.0        | 0.0  | 0.0         |
      | 3  | 15   | 01 October 2023   |                   | 250.0           | 250.0         | 0.0      | 0.0  | 20.0      | 270.0 | 0.0   | 0.0        | 0.0  | 270.0       |
      | 4  | 15   | 16 October 2023   |                   | 0.0             | 250.0         | 0.0      | 0.0  | 20.0      | 270.0 | 0.0   | 0.0        | 0.0  | 270.0       |
      | 5  | 1    | 17 October 2023   |                   | 0.0             | 0.0           | 0.0      | 0.0  | 20.0      | 20.0  | 0.0   | 0.0        | 0.0  | 20.0        |
  [32m✔[39m [32m[1mThen [22mLoan Repayment schedule has the following data in Total row:[39m                                                                                                                                                                                              [90m# org.apache.fineract.test.stepdef.loan.LoanStepDef.loanRepaymentScheduleAmountCheck(io.cucumber.datatable.DataTable)[39m
      | Principal due | Interest | Fees | Penalties | Due    | Paid  | In advance | Late | Outstanding |
      | 1000.0        | 0.0      | 0.0  | 60.0      | 1060.0 | 500.0 | 0.0        | 0.0  | 560.0       |
  [32m✔[39m [32m[1mThen [22mLoan Transactions tab has the following data:[39m                                                                                                                                                                                                             [90m# org.apache.fineract.test.stepdef.loan.LoanStepDef.loanTransactionsTabCheck(io.cucumber.datatable.DataTable)[39m
      | Transaction date  | Transaction Type | Amount | Principal | Interest | Fees | Penalties | Loan Balance |
      | 01 September 2023 | Disbursement     | 1000.0 | 0.0       | 0.0      | 0.0  | 0.0       | 1000.0       |
      | 01 September 2023 | Repayment        | 250.0  | 250.0     | 0.0      | 0.0  | 0.0       | 750.0        |
      | 16 September 2023 | Repayment        | 250.0  | 250.0     | 0.0      | 0.0  | 0.0       | 500.0        |
  [32m✔[39m [32m[1mThen [22mLoan Charges tab has the following data:[39m                                                                                                                                                                                                                  [90m# org.apache.fineract.test.stepdef.loan.LoanStepDef.loanChargesTabCheck(io.cucumber.datatable.DataTable)[39m
      | Name    | isPenalty | Payment due at     | Due as of         | Calculation type | Due  | Paid | Waived | Outstanding |
      | NSF fee | true      | Specified due date | 17 October 2023   | Flat             | 20.0 | 0.0  | 0.0    | 20.0        |
      | NSF fee | true      | Specified due date | 16 October 2023   | Flat             | 20.0 | 0.0  | 0.0    | 20.0        |
      | NSF fee | true      | Specified due date | 17 September 2023 | Flat             | 20.0 | 0.0  | 0.0    | 20.0        |
  [32m✔[39m [32m[1mWhen [22mAdmin sets the business date to [1m"17 September 2023"[22m[39m                                                                                                                                                                                                       [90m# org.apache.fineract.test.stepdef.common.BusinessDateStepDef.setBusinessDate(java.lang.String)[39m
  [32m✔[39m [32m[1mWhen [22mCustomer makes [1m"MERCHANT_ISSUED_REFUND"[22m transaction with [1m"AUTOPAY"[22m payment type on [1m"17 September 2023"[22m with [1m30[22m EUR transaction amount and system-generated Idempotency key[39m                                                                                [90m# org.apache.fineract.test.stepdef.loan.LoanStepDef.createTransactionWithAutoIdempotencyKey(java.lang.String,java.lang.String,java.lang.String,double)[39m
  [32m✔[39m [32m[1mThen [22mLoan Repayment schedule has [1m5[22m periods, with the following data for periods:[39m                                                                                                                                                                               [90m# org.apache.fineract.test.stepdef.loan.LoanStepDef.loanRepaymentSchedulePeriodsCheck(int,io.cucumber.datatable.DataTable)[39m
      | Nr | Days | Date              | Paid date         | Balance of loan | Principal due | Interest | Fees | Penalties | Due   | Paid  | In advance | Late | Outstanding |
      |    |      | 01 September 2023 |                   | 1000.0          |               |          | 0.0  |           | 0.0   | 0.0   |            |      |             |
      | 1  | 0    | 01 September 2023 | 01 September 2023 | 750.0           | 250.0         | 0.0      | 0.0  | 0.0       | 250.0 | 250.0 | 0.0        | 0.0  | 0.0         |
      | 2  | 15   | 16 September 2023 | 16 September 2023 | 500.0           | 250.0         | 0.0      | 0.0  | 0.0       | 250.0 | 250.0 | 0.0        | 0.0  | 0.0         |
      | 3  | 15   | 01 October 2023   |                   | 250.0           | 250.0         | 0.0      | 0.0  | 20.0      | 270.0 | 10.0  | 10.0       | 0.0  | 260.0       |
      | 4  | 15   | 16 October 2023   |                   | 0.0             | 250.0         | 0.0      | 0.0  | 20.0      | 270.0 | 10.0  | 10.0       | 0.0  | 260.0       |
      | 5  | 1    | 17 October 2023   |                   | 0.0             | 0.0           | 0.0      | 0.0  | 20.0      | 20.0  | 10.0  | 10.0       | 0.0  | 10.0        |
  [32m✔[39m [32m[1mThen [22mLoan Repayment schedule has the following data in Total row:[39m                                                                                                                                                                                              [90m# org.apache.fineract.test.stepdef.loan.LoanStepDef.loanRepaymentScheduleAmountCheck(io.cucumber.datatable.DataTable)[39m
      | Principal due | Interest | Fees | Penalties | Due    | Paid  | In advance | Late | Outstanding |
      | 1000.0        | 0.0      | 0.0  | 60.0      | 1060.0 | 530.0 | 30.0       | 0.0  | 530.0       |
  [32m✔[39m [32m[1mThen [22mLoan Transactions tab has the following data:[39m                                                                                                                                                                                                             [90m# org.apache.fineract.test.stepdef.loan.LoanStepDef.loanTransactionsTabCheck(io.cucumber.datatable.DataTable)[39m
      | Transaction date  | Transaction Type       | Amount | Principal | Interest | Fees | Penalties | Loan Balance |
      | 01 September 2023 | Disbursement           | 1000.0 | 0.0       | 0.0      | 0.0  | 0.0       | 1000.0       |
      | 01 September 2023 | Repayment              | 250.0  | 250.0     | 0.0      | 0.0  | 0.0       | 750.0        |
      | 16 September 2023 | Repayment              | 250.0  | 250.0     | 0.0      | 0.0  | 0.0       | 500.0        |
      | 17 September 2023 | Merchant Issued Refund | 30.0   | 0.0       | 0.0      | 0.0  | 30.0      | 500.0        |
  [32m✔[39m [32m[1mThen [22mLoan Charges tab has the following data:[39m                                                                                                                                                                                                                  [90m# org.apache.fineract.test.stepdef.loan.LoanStepDef.loanChargesTabCheck(io.cucumber.datatable.DataTable)[39m
      | Name    | isPenalty | Payment due at     | Due as of         | Calculation type | Due  | Paid | Waived | Outstanding |
      | NSF fee | true      | Specified due date | 17 October 2023   | Flat             | 20.0 | 10.0 | 0.0    | 10.0        |
      | NSF fee | true      | Specified due date | 16 October 2023   | Flat             | 20.0 | 10.0 | 0.0    | 10.0        |
      | NSF fee | true      | Specified due date | 17 September 2023 | Flat             | 20.0 | 10.0 | 0.0    | 10.0        |

@LoanFeature @TestRailId:C2960 @AdvancedPaymentAllocation
[1mScenario:[22m Verify that rounding in case of multiple installments works properly                                                               [90m# fineract-e2e-tests-runner/src/test/resources/features/Loan-Part3.feature:1601[39m
  [32m✔[39m [32m[1mWhen [22mAdmin sets the business date to [1m"01 September 2023"[22m[39m                                                                                 [90m# org.apache.fineract.test.stepdef.common.BusinessDateStepDef.setBusinessDate(java.lang.String)[39m
  [32m✔[39m [32m[1mWhen [22mAdmin creates a client with random data[39m                                                                                             [90m# org.apache.fineract.test.stepdef.common.ClientStepDef.createClientRandomFirstNameLastName()[39m
  [32m✔[39m [32m[1mWhen [22mAdmin creates a fully customized loan with the following data:[39m                                                                      [90m# org.apache.fineract.test.stepdef.loan.LoanStepDef.createFullyCustomizedLoan(io.cucumber.datatable.DataTable)[39m
      | LoanProduct | submitted on date | with Principal | ANNUAL interest rate % | interest type     | interest calculation period | amortization type  | loanTermFrequency | loanTermFrequencyType | repaymentEvery | repaymentFrequencyType | numberOfRepayments | graceOnPrincipalPayment | graceOnInterestPayment | interest free period | Payment strategy                        |
      | LP1         | 01 September 2023 | 1000           | 0                      | DECLINING_BALANCE | SAME_AS_REPAYMENT_PERIOD    | EQUAL_INSTALLMENTS | 6                 | MONTHS                | 1              | MONTHS                 | 6                  | 0                       | 0                      | 0                    | PENALTIES_FEES_INTEREST_PRINCIPAL_ORDER |
  [32m✔[39m [32m[1mAnd [22mAdmin successfully approves the loan on [1m"01 September 2023"[22m with [1m"1000"[22m amount and expected disbursement date on [1m"01 September 2023"[22m[39m [90m# org.apache.fineract.test.stepdef.loan.LoanStepDef.approveLoan(java.lang.String,java.lang.String,java.lang.String)[39m
  [32m✔[39m [32m[1mWhen [22mAdmin successfully disburse the loan on [1m"01 September 2023"[22m with [1m"1000"[22m EUR transaction amount[39m                                      [90m# org.apache.fineract.test.stepdef.loan.LoanStepDef.disburseLoan(java.lang.String,java.lang.String)[39m
  [32m✔[39m [32m[1mThen [22mLoan Repayment schedule has [1m6[22m periods, with the following data for periods:[39m                                                         [90m# org.apache.fineract.test.stepdef.loan.LoanStepDef.loanRepaymentSchedulePeriodsCheck(int,io.cucumber.datatable.DataTable)[39m
      | Nr | Days | Date              | Paid date | Balance of loan | Principal due | Interest | Fees | Penalties | Due   | Paid | In advance | Late | Outstanding |
      |    |      | 01 September 2023 |           | 1000.0          |               |          | 0.0  |           | 0.0   | 0.0  |            |      |             |
      | 1  | 30   | 01 October 2023   |           | 833.0           | 167.0         | 0.0      | 0.0  | 0.0       | 167.0 | 0.0  | 0.0        | 0.0  | 167.0       |
      | 2  | 31   | 01 November 2023  |           | 666.0           | 167.0         | 0.0      | 0.0  | 0.0       | 167.0 | 0.0  | 0.0        | 0.0  | 167.0       |
      | 3  | 30   | 01 December 2023  |           | 499.0           | 167.0         | 0.0      | 0.0  | 0.0       | 167.0 | 0.0  | 0.0        | 0.0  | 167.0       |
      | 4  | 31   | 01 January 2024   |           | 332.0           | 167.0         | 0.0      | 0.0  | 0.0       | 167.0 | 0.0  | 0.0        | 0.0  | 167.0       |
      | 5  | 31   | 01 February 2024  |           | 165.0           | 167.0         | 0.0      | 0.0  | 0.0       | 167.0 | 0.0  | 0.0        | 0.0  | 167.0       |
      | 6  | 29   | 01 March 2024     |           | 0.0             | 165.0         | 0.0      | 0.0  | 0.0       | 165.0 | 0.0  | 0.0        | 0.0  | 165.0       |
  [32m✔[39m [32m[1mThen [22mLoan Repayment schedule has the following data in Total row:[39m                                                                        [90m# org.apache.fineract.test.stepdef.loan.LoanStepDef.loanRepaymentScheduleAmountCheck(io.cucumber.datatable.DataTable)[39m
      | Principal due | Interest | Fees | Penalties | Due    | Paid | In advance | Late | Outstanding |
      | 1000.0        | 0.0      | 0.0  | 0.0       | 1000.0 | 0.0  | 0.0        | 0.0  | 1000.0      |

@LoanFeature @TestRailId:C2976 @AdvancedPaymentAllocation @ProgressiveLoanSchedule
[1mScenario:[22m Verify that disbursement amount only distributed only to future installments (2nd and 3rd installments)                            [90m# fineract-e2e-tests-runner/src/test/resources/features/Loan-Part3.feature:1623[39m
  [32m✔[39m [32m[1mWhen [22mAdmin sets the business date to [1m"01 September 2023"[22m[39m                                                                                 [90m# org.apache.fineract.test.stepdef.common.BusinessDateStepDef.setBusinessDate(java.lang.String)[39m
  [32m✔[39m [32m[1mWhen [22mAdmin creates a client with random data[39m                                                                                             [90m# org.apache.fineract.test.stepdef.common.ClientStepDef.createClientRandomFirstNameLastName()[39m
  [32m✔[39m [32m[1mWhen [22mAdmin creates a fully customized loan with the following data:[39m                                                                      [90m# org.apache.fineract.test.stepdef.loan.LoanStepDef.createFullyCustomizedLoan(io.cucumber.datatable.DataTable)[39m
      | LoanProduct                                                        | submitted on date | with Principal | ANNUAL interest rate % | interest type | interest calculation period | amortization type  | loanTermFrequency | loanTermFrequencyType | repaymentEvery | repaymentFrequencyType | numberOfRepayments | graceOnPrincipalPayment | graceOnInterestPayment | interest free period | Payment strategy            |
      | LP2_DOWNPAYMENT_ADV_PMT_ALLOC_PROGRESSIVE_LOAN_SCHEDULE_HORIZONTAL | 01 September 2023 | 1000           | 0                      | FLAT          | SAME_AS_REPAYMENT_PERIOD    | EQUAL_INSTALLMENTS | 3                 | MONTHS                | 1              | MONTHS                 | 3                  | 0                       | 0                      | 0                    | ADVANCED_PAYMENT_ALLOCATION |
  [32m✔[39m [32m[1mAnd [22mAdmin successfully approves the loan on [1m"01 September 2023"[22m with [1m"1000"[22m amount and expected disbursement date on [1m"01 September 2023"[22m[39m [90m# org.apache.fineract.test.stepdef.loan.LoanStepDef.approveLoan(java.lang.String,java.lang.String,java.lang.String)[39m
  [32m✔[39m [32m[1mWhen [22mAdmin successfully disburse the loan on [1m"01 September 2023"[22m with [1m"1000"[22m EUR transaction amount[39m                                      [90m# org.apache.fineract.test.stepdef.loan.LoanStepDef.disburseLoan(java.lang.String,java.lang.String)[39m
  [32m✔[39m [32m[1mThen [22mLoan Repayment schedule has [1m4[22m periods, with the following data for periods:[39m                                                         [90m# org.apache.fineract.test.stepdef.loan.LoanStepDef.loanRepaymentSchedulePeriodsCheck(int,io.cucumber.datatable.DataTable)[39m
      | Nr | Days | Date              | Paid date | Balance of loan | Principal due | Interest | Fees | Penalties | Due   | Paid | In advance | Late | Outstanding |
      |    |      | 01 September 2023 |           | 1000.0          |               |          | 0.0  |           | 0.0   | 0.0  |            |      |             |
      | 1  | 0    | 01 September 2023 |           | 750.0           | 250.0         | 0.0      | 0.0  | 0.0       | 250.0 | 0.0  | 0.0        | 0.0  | 250.0       |
      | 2  | 30   | 01 October 2023   |           | 500.0           | 250.0         | 0.0      | 0.0  | 0.0       | 250.0 | 0.0  | 0.0        | 0.0  | 250.0       |
      | 3  | 31   | 01 November 2023  |           | 250.0           | 250.0         | 0.0      | 0.0  | 0.0       | 250.0 | 0.0  | 0.0        | 0.0  | 250.0       |
      | 4  | 30   | 01 December 2023  |           | 0.0             | 250.0         | 0.0      | 0.0  | 0.0       | 250.0 | 0.0  | 0.0        | 0.0  | 250.0       |
  [32m✔[39m [32m[1mThen [22mLoan Repayment schedule has the following data in Total row:[39m                                                                        [90m# org.apache.fineract.test.stepdef.loan.LoanStepDef.loanRepaymentScheduleAmountCheck(io.cucumber.datatable.DataTable)[39m
      | Principal due | Interest | Fees | Penalties | Due    | Paid | In advance | Late | Outstanding |
      | 1000.0        | 0.0      | 0.0  | 0.0       | 1000.0 | 0.0  | 0.0        | 0.0  | 1000.0      |
  [32m✔[39m [32m[1mWhen [22mAdmin adds [1m"LOAN_SNOOZE_FEE"[22m due date charge with [1m"1 September 2023"[22m due date and [1m50[22m EUR transaction amount[39m                         [90m# org.apache.fineract.test.stepdef.loan.LoanChargeStepDef.addChargeDueDate(java.lang.String,java.lang.String,double)[39m
  [32m✔[39m [32m[1mAnd [22mCustomer makes [1m"AUTOPAY"[22m repayment on [1m"1 September 2023"[22m with [1m250[22m EUR transaction amount[39m                                             [90m# org.apache.fineract.test.stepdef.loan.LoanRepaymentStepDef.makeLoanRepayment(java.lang.String,java.lang.String,double)[39m
  [32m✔[39m [32m[1mThen [22mLoan Repayment schedule has [1m4[22m periods, with the following data for periods:[39m                                                         [90m# org.apache.fineract.test.stepdef.loan.LoanStepDef.loanRepaymentSchedulePeriodsCheck(int,io.cucumber.datatable.DataTable)[39m
      | Nr | Days | Date              | Paid date         | Balance of loan | Principal due | Interest | Fees | Penalties | Due   | Paid  | In advance | Late | Outstanding |
      |    |      | 01 September 2023 |                   | 1000.0          |               |          | 0.0  |           | 0.0   | 0.0   |            |      |             |
      | 1  | 0    | 01 September 2023 | 01 September 2023 | 750.0           | 250.0         | 0.0      | 0.0  | 0.0       | 250.0 | 250.0 | 0.0        | 0.0  | 0.0         |
      | 2  | 30   | 01 October 2023   |                   | 500.0           | 250.0         | 0.0      | 50.0 | 0.0       | 300.0 | 0.0   | 0.0        | 0.0  | 300.0       |
      | 3  | 31   | 01 November 2023  |                   | 250.0           | 250.0         | 0.0      | 0.0  | 0.0       | 250.0 | 0.0   | 0.0        | 0.0  | 250.0       |
      | 4  | 30   | 01 December 2023  |                   | 0.0             | 250.0         | 0.0      | 0.0  | 0.0       | 250.0 | 0.0   | 0.0        | 0.0  | 250.0       |
  [32m✔[39m [32m[1mThen [22mLoan Repayment schedule has the following data in Total row:[39m                                                                        [90m# org.apache.fineract.test.stepdef.loan.LoanStepDef.loanRepaymentScheduleAmountCheck(io.cucumber.datatable.DataTable)[39m
      | Principal due | Interest | Fees | Penalties | Due    | Paid  | In advance | Late | Outstanding |
      | 1000.0        | 0.0      | 50.0 | 0.0       | 1050.0 | 250.0 | 0.0        | 0.0  | 800.0       |
  [32m✔[39m [32m[1mWhen [22mAdmin sets the business date to [1m"01 October 2023"[22m[39m                                                                                   [90m# org.apache.fineract.test.stepdef.common.BusinessDateStepDef.setBusinessDate(java.lang.String)[39m
  [32m✔[39m [32m[1mWhen [22mAdmin successfully disburse the loan on [1m"01 October 2023"[22m with [1m"400"[22m EUR transaction amount[39m                                         [90m# org.apache.fineract.test.stepdef.loan.LoanStepDef.disburseLoan(java.lang.String,java.lang.String)[39m
  [32m✔[39m [32m[1mThen [22mLoan Repayment schedule has [1m5[22m periods, with the following data for periods:[39m                                                         [90m# org.apache.fineract.test.stepdef.loan.LoanStepDef.loanRepaymentSchedulePeriodsCheck(int,io.cucumber.datatable.DataTable)[39m
      | Nr | Days | Date              | Paid date         | Balance of loan | Principal due | Interest | Fees | Penalties | Due   | Paid  | In advance | Late | Outstanding |
      |    |      | 01 September 2023 |                   | 1000.0          |               |          | 0.0  |           | 0.0   | 0.0   |            |      |             |
      | 1  | 0    | 01 September 2023 | 01 September 2023 | 750.0           | 250.0         | 0.0      | 0.0  | 0.0       | 250.0 | 250.0 | 0.0        | 0.0  | 0.0         |
      | 2  | 30   | 01 October 2023   |                   | 500.0           | 250.0         | 0.0      | 50.0 | 0.0       | 300.0 | 0.0   | 0.0        | 0.0  | 300.0       |
      |    |      | 01 October 2023   |                   | 400.0           |               |          | 0.0  |           | 0.0   | 0.0   |            |      |             |
      | 3  | 0    | 01 October 2023   |                   | 800.0           | 100.0         | 0.0      | 0.0  | 0.0       | 100.0 | 0.0   | 0.0        | 0.0  | 100.0       |
      | 4  | 31   | 01 November 2023  |                   | 400.0           | 400.0         | 0.0      | 0.0  | 0.0       | 400.0 | 0.0   | 0.0        | 0.0  | 400.0       |
      | 5  | 30   | 01 December 2023  |                   | 0.0             | 400.0         | 0.0      | 0.0  | 0.0       | 400.0 | 0.0   | 0.0        | 0.0  | 400.0       |
  [32m✔[39m [32m[1mThen [22mLoan Repayment schedule has the following data in Total row:[39m                                                                        [90m# org.apache.fineract.test.stepdef.loan.LoanStepDef.loanRepaymentScheduleAmountCheck(io.cucumber.datatable.DataTable)[39m
      | Principal due | Interest | Fees | Penalties | Due    | Paid  | In advance | Late | Outstanding |
      | 1400.0        | 0.0      | 50.0 | 0.0       | 1450.0 | 250.0 | 0.0        | 0.0  | 1200.0      |

@LoanFeature @TestRailId:C2977 @AdvancedPaymentAllocation @ProgressiveLoanSchedule
[1mScenario:[22m Verify that disbursement amount only distributed only to future installments (1st, 2nd and 3rd installments)                       [90m# fineract-e2e-tests-runner/src/test/resources/features/Loan-Part3.feature:1669[39m
  [32m✔[39m [32m[1mWhen [22mAdmin sets the business date to [1m"01 September 2023"[22m[39m                                                                                 [90m# org.apache.fineract.test.stepdef.common.BusinessDateStepDef.setBusinessDate(java.lang.String)[39m
  [32m✔[39m [32m[1mWhen [22mAdmin creates a client with random data[39m                                                                                             [90m# org.apache.fineract.test.stepdef.common.ClientStepDef.createClientRandomFirstNameLastName()[39m
  [32m✔[39m [32m[1mWhen [22mAdmin creates a fully customized loan with the following data:[39m                                                                      [90m# org.apache.fineract.test.stepdef.loan.LoanStepDef.createFullyCustomizedLoan(io.cucumber.datatable.DataTable)[39m
      | LoanProduct                                                        | submitted on date | with Principal | ANNUAL interest rate % | interest type | interest calculation period | amortization type  | loanTermFrequency | loanTermFrequencyType | repaymentEvery | repaymentFrequencyType | numberOfRepayments | graceOnPrincipalPayment | graceOnInterestPayment | interest free period | Payment strategy            |
      | LP2_DOWNPAYMENT_ADV_PMT_ALLOC_PROGRESSIVE_LOAN_SCHEDULE_HORIZONTAL | 01 September 2023 | 1000           | 0                      | FLAT          | SAME_AS_REPAYMENT_PERIOD    | EQUAL_INSTALLMENTS | 3                 | MONTHS                | 1              | MONTHS                 | 3                  | 0                       | 0                      | 0                    | ADVANCED_PAYMENT_ALLOCATION |
  [32m✔[39m [32m[1mAnd [22mAdmin successfully approves the loan on [1m"01 September 2023"[22m with [1m"1000"[22m amount and expected disbursement date on [1m"01 September 2023"[22m[39m [90m# org.apache.fineract.test.stepdef.loan.LoanStepDef.approveLoan(java.lang.String,java.lang.String,java.lang.String)[39m
  [32m✔[39m [32m[1mWhen [22mAdmin successfully disburse the loan on [1m"01 September 2023"[22m with [1m"1000"[22m EUR transaction amount[39m                                      [90m# org.apache.fineract.test.stepdef.loan.LoanStepDef.disburseLoan(java.lang.String,java.lang.String)[39m
  [32m✔[39m [32m[1mThen [22mLoan Repayment schedule has [1m4[22m periods, with the following data for periods:[39m                                                         [90m# org.apache.fineract.test.stepdef.loan.LoanStepDef.loanRepaymentSchedulePeriodsCheck(int,io.cucumber.datatable.DataTable)[39m
      | Nr | Days | Date              | Paid date | Balance of loan | Principal due | Interest | Fees | Penalties | Due   | Paid | In advance | Late | Outstanding |
      |    |      | 01 September 2023 |           | 1000.0          |               |          | 0.0  |           | 0.0   | 0.0  |            |      |             |
      | 1  | 0    | 01 September 2023 |           | 750.0           | 250.0         | 0.0      | 0.0  | 0.0       | 250.0 | 0.0  | 0.0        | 0.0  | 250.0       |
      | 2  | 30   | 01 October 2023   |           | 500.0           | 250.0         | 0.0      | 0.0  | 0.0       | 250.0 | 0.0  | 0.0        | 0.0  | 250.0       |
      | 3  | 31   | 01 November 2023  |           | 250.0           | 250.0         | 0.0      | 0.0  | 0.0       | 250.0 | 0.0  | 0.0        | 0.0  | 250.0       |
      | 4  | 30   | 01 December 2023  |           | 0.0             | 250.0         | 0.0      | 0.0  | 0.0       | 250.0 | 0.0  | 0.0        | 0.0  | 250.0       |
  [32m✔[39m [32m[1mThen [22mLoan Repayment schedule has the following data in Total row:[39m                                                                        [90m# org.apache.fineract.test.stepdef.loan.LoanStepDef.loanRepaymentScheduleAmountCheck(io.cucumber.datatable.DataTable)[39m
      | Principal due | Interest | Fees | Penalties | Due    | Paid | In advance | Late | Outstanding |
      | 1000.0        | 0.0      | 0.0  | 0.0       | 1000.0 | 0.0  | 0.0        | 0.0  | 1000.0      |
  [32m✔[39m [32m[1mWhen [22mAdmin adds [1m"LOAN_SNOOZE_FEE"[22m due date charge with [1m"1 September 2023"[22m due date and [1m50[22m EUR transaction amount[39m                         [90m# org.apache.fineract.test.stepdef.loan.LoanChargeStepDef.addChargeDueDate(java.lang.String,java.lang.String,double)[39m
  [32m✔[39m [32m[1mAnd [22mCustomer makes [1m"AUTOPAY"[22m repayment on [1m"1 September 2023"[22m with [1m250[22m EUR transaction amount[39m                                             [90m# org.apache.fineract.test.stepdef.loan.LoanRepaymentStepDef.makeLoanRepayment(java.lang.String,java.lang.String,double)[39m
  [32m✔[39m [32m[1mThen [22mLoan Repayment schedule has [1m4[22m periods, with the following data for periods:[39m                                                         [90m# org.apache.fineract.test.stepdef.loan.LoanStepDef.loanRepaymentSchedulePeriodsCheck(int,io.cucumber.datatable.DataTable)[39m
      | Nr | Days | Date              | Paid date         | Balance of loan | Principal due | Interest | Fees | Penalties | Due   | Paid  | In advance | Late | Outstanding |
      |    |      | 01 September 2023 |                   | 1000.0          |               |          | 0.0  |           | 0.0   | 0.0   |            |      |             |
      | 1  | 0    | 01 September 2023 | 01 September 2023 | 750.0           | 250.0         | 0.0      | 0.0  | 0.0       | 250.0 | 250.0 | 0.0        | 0.0  | 0.0         |
      | 2  | 30   | 01 October 2023   |                   | 500.0           | 250.0         | 0.0      | 50.0 | 0.0       | 300.0 | 0.0   | 0.0        | 0.0  | 300.0       |
      | 3  | 31   | 01 November 2023  |                   | 250.0           | 250.0         | 0.0      | 0.0  | 0.0       | 250.0 | 0.0   | 0.0        | 0.0  | 250.0       |
      | 4  | 30   | 01 December 2023  |                   | 0.0             | 250.0         | 0.0      | 0.0  | 0.0       | 250.0 | 0.0   | 0.0        | 0.0  | 250.0       |
  [32m✔[39m [32m[1mThen [22mLoan Repayment schedule has the following data in Total row:[39m                                                                        [90m# org.apache.fineract.test.stepdef.loan.LoanStepDef.loanRepaymentScheduleAmountCheck(io.cucumber.datatable.DataTable)[39m
      | Principal due | Interest | Fees | Penalties | Due    | Paid  | In advance | Late | Outstanding |
      | 1000.0        | 0.0      | 50.0 | 0.0       | 1050.0 | 250.0 | 0.0        | 0.0  | 800.0       |
  [32m✔[39m [32m[1mWhen [22mAdmin successfully disburse the loan on [1m"01 September 2023"[22m with [1m"400"[22m EUR transaction amount[39m                                       [90m# org.apache.fineract.test.stepdef.loan.LoanStepDef.disburseLoan(java.lang.String,java.lang.String)[39m
  [32m✔[39m [32m[1mThen [22mLoan Repayment schedule has [1m5[22m periods, with the following data for periods:[39m                                                         [90m# org.apache.fineract.test.stepdef.loan.LoanStepDef.loanRepaymentSchedulePeriodsCheck(int,io.cucumber.datatable.DataTable)[39m
      | Nr | Days | Date              | Paid date         | Balance of loan | Principal due | Interest | Fees | Penalties | Due   | Paid  | In advance | Late | Outstanding |
      |    |      | 01 September 2023 |                   | 1000.0          |               |          | 0.0  |           | 0.0   | 0.0   |            |      |             |
      |    |      | 01 September 2023 |                   | 400.0           |               |          | 0.0  |           | 0.0   | 0.0   |            |      |             |
      | 1  | 0    | 01 September 2023 | 01 September 2023 | 1150.0          | 250.0         | 0.0      | 0.0  | 0.0       | 250.0 | 250.0 | 0.0        | 0.0  | 0.0         |
      | 2  | 0    | 01 September 2023 |                   | 1050.0          | 100.0         | 0.0      | 0.0  | 0.0       | 100.0 | 0.0   | 0.0        | 0.0  | 100.0       |
      | 3  | 30   | 01 October 2023   |                   | 700.0           | 350.0         | 0.0      | 50.0 | 0.0       | 400.0 | 0.0   | 0.0        | 0.0  | 400.0       |
      | 4  | 31   | 01 November 2023  |                   | 350.0           | 350.0         | 0.0      | 0.0  | 0.0       | 350.0 | 0.0   | 0.0        | 0.0  | 350.0       |
      | 5  | 30   | 01 December 2023  |                   | 0.0             | 350.0         | 0.0      | 0.0  | 0.0       | 350.0 | 0.0   | 0.0        | 0.0  | 350.0       |
  [32m✔[39m [32m[1mThen [22mLoan Repayment schedule has the following data in Total row:[39m                                                                        [90m# org.apache.fineract.test.stepdef.loan.LoanStepDef.loanRepaymentScheduleAmountCheck(io.cucumber.datatable.DataTable)[39m
      | Principal due | Interest | Fees | Penalties | Due    | Paid  | In advance | Late | Outstanding |
      | 1400.0        | 0.0      | 50.0 | 0.0       | 1450.0 | 250.0 | 0.0        | 0.0  | 1200.0      |

@LoanFeature @TestRailId:C2978 @AdvancedPaymentAllocation @ProgressiveLoanSchedule
[1mScenario:[22m Verify that multiple disbursement amount only distributed only to future installments (2nd and 3rd installments)                   [90m# fineract-e2e-tests-runner/src/test/resources/features/Loan-Part3.feature:1714[39m
  [32m✔[39m [32m[1mWhen [22mAdmin sets the business date to [1m"01 September 2023"[22m[39m                                                                                 [90m# org.apache.fineract.test.stepdef.common.BusinessDateStepDef.setBusinessDate(java.lang.String)[39m
  [32m✔[39m [32m[1mWhen [22mAdmin creates a client with random data[39m                                                                                             [90m# org.apache.fineract.test.stepdef.common.ClientStepDef.createClientRandomFirstNameLastName()[39m
  [32m✔[39m [32m[1mWhen [22mAdmin creates a fully customized loan with the following data:[39m                                                                      [90m# org.apache.fineract.test.stepdef.loan.LoanStepDef.createFullyCustomizedLoan(io.cucumber.datatable.DataTable)[39m
      | LoanProduct                                                        | submitted on date | with Principal | ANNUAL interest rate % | interest type | interest calculation period | amortization type  | loanTermFrequency | loanTermFrequencyType | repaymentEvery | repaymentFrequencyType | numberOfRepayments | graceOnPrincipalPayment | graceOnInterestPayment | interest free period | Payment strategy            |
      | LP2_DOWNPAYMENT_ADV_PMT_ALLOC_PROGRESSIVE_LOAN_SCHEDULE_HORIZONTAL | 01 September 2023 | 1000           | 0                      | FLAT          | SAME_AS_REPAYMENT_PERIOD    | EQUAL_INSTALLMENTS | 3                 | MONTHS                | 1              | MONTHS                 | 3                  | 0                       | 0                      | 0                    | ADVANCED_PAYMENT_ALLOCATION |
  [32m✔[39m [32m[1mAnd [22mAdmin successfully approves the loan on [1m"01 September 2023"[22m with [1m"1000"[22m amount and expected disbursement date on [1m"01 September 2023"[22m[39m [90m# org.apache.fineract.test.stepdef.loan.LoanStepDef.approveLoan(java.lang.String,java.lang.String,java.lang.String)[39m
  [32m✔[39m [32m[1mWhen [22mAdmin successfully disburse the loan on [1m"01 September 2023"[22m with [1m"1000"[22m EUR transaction amount[39m                                      [90m# org.apache.fineract.test.stepdef.loan.LoanStepDef.disburseLoan(java.lang.String,java.lang.String)[39m
  [32m✔[39m [32m[1mThen [22mLoan Repayment schedule has [1m4[22m periods, with the following data for periods:[39m                                                         [90m# org.apache.fineract.test.stepdef.loan.LoanStepDef.loanRepaymentSchedulePeriodsCheck(int,io.cucumber.datatable.DataTable)[39m
      | Nr | Days | Date              | Paid date | Balance of loan | Principal due | Interest | Fees | Penalties | Due   | Paid | In advance | Late | Outstanding |
      |    |      | 01 September 2023 |           | 1000.0          |               |          | 0.0  |           | 0.0   | 0.0  |            |      |             |
      | 1  | 0    | 01 September 2023 |           | 750.0           | 250.0         | 0.0      | 0.0  | 0.0       | 250.0 | 0.0  | 0.0        | 0.0  | 250.0       |
      | 2  | 30   | 01 October 2023   |           | 500.0           | 250.0         | 0.0      | 0.0  | 0.0       | 250.0 | 0.0  | 0.0        | 0.0  | 250.0       |
      | 3  | 31   | 01 November 2023  |           | 250.0           | 250.0         | 0.0      | 0.0  | 0.0       | 250.0 | 0.0  | 0.0        | 0.0  | 250.0       |
      | 4  | 30   | 01 December 2023  |           | 0.0             | 250.0         | 0.0      | 0.0  | 0.0       | 250.0 | 0.0  | 0.0        | 0.0  | 250.0       |
  [32m✔[39m [32m[1mThen [22mLoan Repayment schedule has the following data in Total row:[39m                                                                        [90m# org.apache.fineract.test.stepdef.loan.LoanStepDef.loanRepaymentScheduleAmountCheck(io.cucumber.datatable.DataTable)[39m
      | Principal due | Interest | Fees | Penalties | Due    | Paid | In advance | Late | Outstanding |
      | 1000.0        | 0.0      | 0.0  | 0.0       | 1000.0 | 0.0  | 0.0        | 0.0  | 1000.0      |
  [32m✔[39m [32m[1mWhen [22mAdmin adds [1m"LOAN_SNOOZE_FEE"[22m due date charge with [1m"1 September 2023"[22m due date and [1m50[22m EUR transaction amount[39m                         [90m# org.apache.fineract.test.stepdef.loan.LoanChargeStepDef.addChargeDueDate(java.lang.String,java.lang.String,double)[39m
  [32m✔[39m [32m[1mAnd [22mCustomer makes [1m"AUTOPAY"[22m repayment on [1m"1 September 2023"[22m with [1m250[22m EUR transaction amount[39m                                             [90m# org.apache.fineract.test.stepdef.loan.LoanRepaymentStepDef.makeLoanRepayment(java.lang.String,java.lang.String,double)[39m
  [32m✔[39m [32m[1mThen [22mLoan Repayment schedule has [1m4[22m periods, with the following data for periods:[39m                                                         [90m# org.apache.fineract.test.stepdef.loan.LoanStepDef.loanRepaymentSchedulePeriodsCheck(int,io.cucumber.datatable.DataTable)[39m
      | Nr | Days | Date              | Paid date         | Balance of loan | Principal due | Interest | Fees | Penalties | Due   | Paid  | In advance | Late | Outstanding |
      |    |      | 01 September 2023 |                   | 1000.0          |               |          | 0.0  |           | 0.0   | 0.0   |            |      |             |
      | 1  | 0    | 01 September 2023 | 01 September 2023 | 750.0           | 250.0         | 0.0      | 0.0  | 0.0       | 250.0 | 250.0 | 0.0        | 0.0  | 0.0         |
      | 2  | 30   | 01 October 2023   |                   | 500.0           | 250.0         | 0.0      | 50.0 | 0.0       | 300.0 | 0.0   | 0.0        | 0.0  | 300.0       |
      | 3  | 31   | 01 November 2023  |                   | 250.0           | 250.0         | 0.0      | 0.0  | 0.0       | 250.0 | 0.0   | 0.0        | 0.0  | 250.0       |
      | 4  | 30   | 01 December 2023  |                   | 0.0             | 250.0         | 0.0      | 0.0  | 0.0       | 250.0 | 0.0   | 0.0        | 0.0  | 250.0       |
  [32m✔[39m [32m[1mThen [22mLoan Repayment schedule has the following data in Total row:[39m                                                                        [90m# org.apache.fineract.test.stepdef.loan.LoanStepDef.loanRepaymentScheduleAmountCheck(io.cucumber.datatable.DataTable)[39m
      | Principal due | Interest | Fees | Penalties | Due    | Paid  | In advance | Late | Outstanding |
      | 1000.0        | 0.0      | 50.0 | 0.0       | 1050.0 | 250.0 | 0.0        | 0.0  | 800.0       |
  [32m✔[39m [32m[1mWhen [22mAdmin sets the business date to [1m"01 October 2023"[22m[39m                                                                                   [90m# org.apache.fineract.test.stepdef.common.BusinessDateStepDef.setBusinessDate(java.lang.String)[39m
  [32m✔[39m [32m[1mWhen [22mAdmin successfully disburse the loan on [1m"01 October 2023"[22m with [1m"400"[22m EUR transaction amount[39m                                         [90m# org.apache.fineract.test.stepdef.loan.LoanStepDef.disburseLoan(java.lang.String,java.lang.String)[39m
  [32m✔[39m [32m[1mWhen [22mAdmin successfully disburse the loan on [1m"01 October 2023"[22m with [1m"80"[22m EUR transaction amount[39m                                          [90m# org.apache.fineract.test.stepdef.loan.LoanStepDef.disburseLoan(java.lang.String,java.lang.String)[39m
  [32m✔[39m [32m[1mThen [22mLoan Repayment schedule has [1m6[22m periods, with the following data for periods:[39m                                                         [90m# org.apache.fineract.test.stepdef.loan.LoanStepDef.loanRepaymentSchedulePeriodsCheck(int,io.cucumber.datatable.DataTable)[39m
      | Nr | Days | Date              | Paid date         | Balance of loan | Principal due | Interest | Fees | Penalties | Due   | Paid  | In advance | Late | Outstanding |
      |    |      | 01 September 2023 |                   | 1000.0          |               |          | 0.0  |           | 0.0   | 0.0   |            |      |             |
      | 1  | 0    | 01 September 2023 | 01 September 2023 | 750.0           | 250.0         | 0.0      | 0.0  | 0.0       | 250.0 | 250.0 | 0.0        | 0.0  | 0.0         |
      | 2  | 30   | 01 October 2023   |                   | 500.0           | 250.0         | 0.0      | 50.0 | 0.0       | 300.0 | 0.0   | 0.0        | 0.0  | 300.0       |
      |    |      | 01 October 2023   |                   | 400.0           |               |          | 0.0  |           | 0.0   | 0.0   |            |      |             |
      |    |      | 01 October 2023   |                   | 80.0            |               |          | 0.0  |           | 0.0   | 0.0   |            |      |             |
      | 3  | 0    | 01 October 2023   |                   | 880.0           | 100.0         | 0.0      | 0.0  | 0.0       | 100.0 | 0.0   | 0.0        | 0.0  | 100.0       |
      | 4  | 0    | 01 October 2023   |                   | 860.0           | 20.0          | 0.0      | 0.0  | 0.0       | 20.0  | 0.0   | 0.0        | 0.0  | 20.0        |
      | 5  | 31   | 01 November 2023  |                   | 430.0           | 430.0         | 0.0      | 0.0  | 0.0       | 430.0 | 0.0   | 0.0        | 0.0  | 430.0       |
      | 6  | 30   | 01 December 2023  |                   | 0.0             | 430.0         | 0.0      | 0.0  | 0.0       | 430.0 | 0.0   | 0.0        | 0.0  | 430.0       |
  [32m✔[39m [32m[1mThen [22mLoan Repayment schedule has the following data in Total row:[39m                                                                        [90m# org.apache.fineract.test.stepdef.loan.LoanStepDef.loanRepaymentScheduleAmountCheck(io.cucumber.datatable.DataTable)[39m
      | Principal due | Interest | Fees | Penalties | Due    | Paid  | In advance | Late | Outstanding |
      | 1480.0        | 0.0      | 50.0 | 0.0       | 1530.0 | 250.0 | 0.0        | 0.0  | 1280.0      |

@LoanFeature @TestRailId:C2986 @AdvancedPaymentAllocation
[1mScenario:[22m As an admin I would like to verify that refund is working with advanced payment allocation                                                                   [90m# fineract-e2e-tests-runner/src/test/resources/features/Loan-Part3.feature:1763[39m
  [32m✔[39m [32m[1mWhen [22mAdmin set [1m"LP2_DOWNPAYMENT_AUTO_ADVANCED_PAYMENT_ALLOCATION"[22m loan product [1m"DEFAULT"[22m transaction type to [1m"NEXT_INSTALLMENT"[22m future installment allocation rule[39m [90m# org.apache.fineract.test.stepdef.loan.LoanStepDef.editFutureInstallmentAllocationTypeForLoanProduct(java.lang.String,java.lang.String,java.lang.String)[39m
  [32m✔[39m [32m[1mWhen [22mAdmin sets the business date to [1m"01 January 2023"[22m[39m                                                                                                             [90m# org.apache.fineract.test.stepdef.common.BusinessDateStepDef.setBusinessDate(java.lang.String)[39m
  [32m✔[39m [32m[1mAnd [22mAdmin creates a client with random data[39m                                                                                                                        [90m# org.apache.fineract.test.stepdef.common.ClientStepDef.createClientRandomFirstNameLastName()[39m
  [32m✔[39m [32m[1mWhen [22mAdmin creates a fully customized loan with the following data:[39m                                                                                                [90m# org.apache.fineract.test.stepdef.loan.LoanStepDef.createFullyCustomizedLoan(io.cucumber.datatable.DataTable)[39m
      | LoanProduct                                      | submitted on date | with Principal | ANNUAL interest rate % | interest type | interest calculation period | amortization type  | loanTermFrequency | loanTermFrequencyType | repaymentEvery | repaymentFrequencyType | numberOfRepayments | graceOnPrincipalPayment | graceOnInterestPayment | interest free period | Payment strategy            |
      | LP2_DOWNPAYMENT_AUTO_ADVANCED_PAYMENT_ALLOCATION | 01 January 2023   | 500            | 0                      | FLAT          | SAME_AS_REPAYMENT_PERIOD    | EQUAL_INSTALLMENTS | 45                | DAYS                  | 15             | DAYS                   | 3                  | 0                       | 0                      | 0                    | ADVANCED_PAYMENT_ALLOCATION |
  [32m✔[39m [32m[1mAnd [22mAdmin successfully approves the loan on [1m"01 January 2023"[22m with [1m"500"[22m amount and expected disbursement date on [1m"01 January 2023"[22m[39m                                [90m# org.apache.fineract.test.stepdef.loan.LoanStepDef.approveLoan(java.lang.String,java.lang.String,java.lang.String)[39m
  [32m✔[39m [32m[1mThen [22mLoan status has changed to [1m"Approved"[22m[39m                                                                                                                         [90m# org.apache.fineract.test.stepdef.loan.LoanStepDef.loanStatusHasChangedTo(java.lang.String)[39m
  [32m✔[39m [32m[1mAnd [22mAdmin successfully disburse the loan on [1m"01 January 2023"[22m with [1m"500"[22m EUR transaction amount[39m                                                                    [90m# org.apache.fineract.test.stepdef.loan.LoanStepDef.disburseLoan(java.lang.String,java.lang.String)[39m
  [32m✔[39m [32m[1mThen [22mLoan status has changed to [1m"Active"[22m[39m                                                                                                                           [90m# org.apache.fineract.test.stepdef.loan.LoanStepDef.loanStatusHasChangedTo(java.lang.String)[39m
  [32m✔[39m [32m[1mWhen [22mAdmin sets the business date to [1m"11 January 2023"[22m[39m                                                                                                             [90m# org.apache.fineract.test.stepdef.common.BusinessDateStepDef.setBusinessDate(java.lang.String)[39m
  [32m✔[39m [32m[1mWhen [22mAdmin adds [1m"LOAN_SNOOZE_FEE"[22m due date charge with [1m"11 January 2023"[22m due date and [1m20[22m EUR transaction amount[39m                                                    [90m# org.apache.fineract.test.stepdef.loan.LoanChargeStepDef.addChargeDueDate(java.lang.String,java.lang.String,double)[39m
  [32m✔[39m [32m[1mWhen [22mAdmin adds [1m"LOAN_SNOOZE_FEE"[22m due date charge with [1m"21 January 2023"[22m due date and [1m20[22m EUR transaction amount[39m                                                    [90m# org.apache.fineract.test.stepdef.loan.LoanChargeStepDef.addChargeDueDate(java.lang.String,java.lang.String,double)[39m
  [32m✔[39m [32m[1mWhen [22mAdmin adds [1m"LOAN_SNOOZE_FEE"[22m due date charge with [1m"11 February 2023"[22m due date and [1m20[22m EUR transaction amount[39m                                                   [90m# org.apache.fineract.test.stepdef.loan.LoanChargeStepDef.addChargeDueDate(java.lang.String,java.lang.String,double)[39m
  [32m✔[39m [32m[1mThen [22mLoan Repayment schedule has [1m4[22m periods, with the following data for periods:[39m                                                                                   [90m# org.apache.fineract.test.stepdef.loan.LoanStepDef.loanRepaymentSchedulePeriodsCheck(int,io.cucumber.datatable.DataTable)[39m
      | Nr | Days | Date             | Paid date       | Balance of loan | Principal due | Interest | Fees | Penalties | Due   | Paid  | In advance | Late | Outstanding |
      |    |      | 01 January 2023  |                 | 500.0           |               |          | 0.0  |           | 0.0   | 0.0   |            |      |             |
      | 1  | 0    | 01 January 2023  | 01 January 2023 | 375.0           | 125.0         | 0.0      | 0.0  | 0.0       | 125.0 | 125.0 | 0.0        | 0.0  | 0.0         |
      | 2  | 15   | 16 January 2023  |                 | 250.0           | 125.0         | 0.0      | 20.0 | 0.0       | 145.0 | 0.0   | 0.0        | 0.0  | 145.0       |
      | 3  | 15   | 31 January 2023  |                 | 125.0           | 125.0         | 0.0      | 20.0 | 0.0       | 145.0 | 0.0   | 0.0        | 0.0  | 145.0       |
      | 4  | 15   | 15 February 2023 |                 | 0.0             | 125.0         | 0.0      | 20.0 | 0.0       | 145.0 | 0.0   | 0.0        | 0.0  | 145.0       |
  [32m✔[39m [32m[1mThen [22mLoan Repayment schedule has the following data in Total row:[39m                                                                                                  [90m# org.apache.fineract.test.stepdef.loan.LoanStepDef.loanRepaymentScheduleAmountCheck(io.cucumber.datatable.DataTable)[39m
      | Principal due | Interest | Fees | Penalties | Due   | Paid  | In advance | Late | Outstanding |
      | 500.0         | 0        | 60.0 | 0         | 560.0 | 125.0 | 0          | 0    | 435.0       |
  [32m✔[39m [32m[1mThen [22mLoan Transactions tab has the following data:[39m                                                                                                                 [90m# org.apache.fineract.test.stepdef.loan.LoanStepDef.loanTransactionsTabCheck(io.cucumber.datatable.DataTable)[39m
      | Transaction date | Transaction Type | Amount | Principal | Interest | Fees | Penalties |
      | 01 January 2023  | Disbursement     | 500.0  | 0.0       | 0.0      | 0.0  | 0.0       |
      | 01 January 2023  | Down Payment     | 125.0  | 125.0     | 0.0      | 0.0  | 0.0       |
  [32m✔[39m [32m[1mWhen [22mAdmin sets the business date to [1m"16 January 2023"[22m[39m                                                                                                             [90m# org.apache.fineract.test.stepdef.common.BusinessDateStepDef.setBusinessDate(java.lang.String)[39m
  [32m✔[39m [32m[1mAnd [22mCustomer makes [1m"AUTOPAY"[22m repayment on [1m"16 January 2023"[22m with [1m315[22m EUR transaction amount[39m                                                                        [90m# org.apache.fineract.test.stepdef.loan.LoanRepaymentStepDef.makeLoanRepayment(java.lang.String,java.lang.String,double)[39m
  [32m✔[39m [32m[1mThen [22mLoan Repayment schedule has [1m4[22m periods, with the following data for periods:[39m                                                                                   [90m# org.apache.fineract.test.stepdef.loan.LoanStepDef.loanRepaymentSchedulePeriodsCheck(int,io.cucumber.datatable.DataTable)[39m
      | Nr | Days | Date             | Paid date       | Balance of loan | Principal due | Interest | Fees | Penalties | Due   | Paid  | In advance | Late | Outstanding |
      |    |      | 01 January 2023  |                 | 500.0           |               |          | 0.0  |           | 0.0   | 0.0   |            |      |             |
      | 1  | 0    | 01 January 2023  | 01 January 2023 | 375.0           | 125.0         | 0.0      | 0.0  | 0.0       | 125.0 | 125.0 | 0.0        | 0.0  | 0.0         |
      | 2  | 15   | 16 January 2023  | 16 January 2023 | 250.0           | 125.0         | 0.0      | 20.0 | 0.0       | 145.0 | 145.0 | 0.0        | 0.0  | 0.0         |
      | 3  | 15   | 31 January 2023  | 16 January 2023 | 125.0           | 125.0         | 0.0      | 20.0 | 0.0       | 145.0 | 145.0 | 145.0      | 0.0  | 0.0         |
      | 4  | 15   | 15 February 2023 |                 | 0.0             | 125.0         | 0.0      | 20.0 | 0.0       | 145.0 | 25.0  | 25.0       | 0.0  | 120.0       |
  [32m✔[39m [32m[1mThen [22mLoan Repayment schedule has the following data in Total row:[39m                                                                                                  [90m# org.apache.fineract.test.stepdef.loan.LoanStepDef.loanRepaymentScheduleAmountCheck(io.cucumber.datatable.DataTable)[39m
      | Principal due | Interest | Fees | Penalties | Due   | Paid  | In advance | Late | Outstanding |
      | 500.0         | 0        | 60.0 | 0         | 560.0 | 440.0 | 170        | 0    | 120.0       |
  [32m✔[39m [32m[1mThen [22mLoan Transactions tab has the following data:[39m                                                                                                                 [90m# org.apache.fineract.test.stepdef.loan.LoanStepDef.loanTransactionsTabCheck(io.cucumber.datatable.DataTable)[39m
      | Transaction date | Transaction Type | Amount | Principal | Interest | Fees | Penalties |
      | 01 January 2023  | Disbursement     | 500.0  | 0.0       | 0.0      | 0.0  | 0.0       |
      | 01 January 2023  | Down Payment     | 125.0  | 125.0     | 0.0      | 0.0  | 0.0       |
      | 16 January 2023  | Repayment        | 315.0  | 255.0     | 0.0      | 60.0 | 0.0       |
  [32m✔[39m [32m[1mWhen [22mAdmin sets the business date to [1m"17 January 2023"[22m[39m                                                                                                             [90m# org.apache.fineract.test.stepdef.common.BusinessDateStepDef.setBusinessDate(java.lang.String)[39m
  [32m✔[39m [32m[1mAnd [22mAdmin makes [1m"REFUND_BY_CASH"[22m transaction with [1m"AUTOPAY"[22m payment type on [1m"17 January 2023"[22m with [1m150[22m EUR transaction amount[39m                                      [90m# org.apache.fineract.test.stepdef.loan.LoanStepDef.createTransactionForRefund(java.lang.String,java.lang.String,java.lang.String,double)[39m
  [32m✔[39m [32m[1mThen [22mLoan Repayment schedule has [1m4[22m periods, with the following data for periods:[39m                                                                                   [90m# org.apache.fineract.test.stepdef.loan.LoanStepDef.loanRepaymentSchedulePeriodsCheck(int,io.cucumber.datatable.DataTable)[39m
      | Nr | Days | Date             | Paid date       | Balance of loan | Principal due | Interest | Fees | Penalties | Due   | Paid  | In advance | Late | Outstanding |
      |    |      | 01 January 2023  |                 | 500.0           |               |          | 0.0  |           | 0.0   | 0.0   |            |      |             |
      | 1  | 0    | 01 January 2023  | 01 January 2023 | 375.0           | 125.0         | 0.0      | 0.0  | 0.0       | 125.0 | 125.0 | 0.0        | 0.0  | 0.0         |
      | 2  | 15   | 16 January 2023  | 16 January 2023 | 250.0           | 125.0         | 0.0      | 20.0 | 0.0       | 145.0 | 145.0 | 0.0        | 0.0  | 0.0         |
      | 3  | 15   | 31 January 2023  |                 | 125.0           | 125.0         | 0.0      | 20.0 | 0.0       | 145.0 | 20.0  | 20.0       | 0.0  | 125.0       |
      | 4  | 15   | 15 February 2023 |                 | 0.0             | 125.0         | 0.0      | 20.0 | 0.0       | 145.0 | 0.0   | 0.0        | 0.0  | 145.0       |
  [32m✔[39m [32m[1mThen [22mLoan Repayment schedule has the following data in Total row:[39m                                                                                                  [90m# org.apache.fineract.test.stepdef.loan.LoanStepDef.loanRepaymentScheduleAmountCheck(io.cucumber.datatable.DataTable)[39m
      | Principal due | Interest | Fees | Penalties | Due   | Paid  | In advance | Late | Outstanding |
      | 500.0         | 0        | 60.0 | 0         | 560.0 | 290.0 | 20         | 0    | 270.0       |
  [32m✔[39m [32m[1mThen [22mLoan Transactions tab has the following data:[39m                                                                                                                 [90m# org.apache.fineract.test.stepdef.loan.LoanStepDef.loanTransactionsTabCheck(io.cucumber.datatable.DataTable)[39m
      | Transaction date | Transaction Type | Amount | Principal | Interest | Fees | Penalties |
      | 01 January 2023  | Disbursement     | 500.0  | 0.0       | 0.0      | 0.0  | 0.0       |
      | 01 January 2023  | Down Payment     | 125.0  | 125.0     | 0.0      | 0.0  | 0.0       |
      | 16 January 2023  | Repayment        | 315.0  | 255.0     | 0.0      | 60.0 | 0.0       |
      | 17 January 2023  | Refund           | 150.0  | 130.0     | 0.0      | 20.0 | 0.0       |

@LoanFeature @TestRailId:C3042 @AdvancedPaymentAllocation
[1mScenario:[22m Verify that second disbursement is working on overpaid accounts in case of NEXT_INSTALLMENT future installment allocation rule                               [90m# fineract-e2e-tests-runner/src/test/resources/features/Loan-Part3.feature:1829[39m
  [32m✔[39m [32m[1mWhen [22mAdmin sets the business date to [1m"01 January 2024"[22m[39m                                                                                                             [90m# org.apache.fineract.test.stepdef.common.BusinessDateStepDef.setBusinessDate(java.lang.String)[39m
  [32m✔[39m [32m[1mWhen [22mAdmin creates a client with random data[39m                                                                                                                       [90m# org.apache.fineract.test.stepdef.common.ClientStepDef.createClientRandomFirstNameLastName()[39m
  [32m✔[39m [32m[1mWhen [22mAdmin set [1m"LP2_DOWNPAYMENT_AUTO_ADVANCED_PAYMENT_ALLOCATION"[22m loan product [1m"DEFAULT"[22m transaction type to [1m"NEXT_INSTALLMENT"[22m future installment allocation rule[39m [90m# org.apache.fineract.test.stepdef.loan.LoanStepDef.editFutureInstallmentAllocationTypeForLoanProduct(java.lang.String,java.lang.String,java.lang.String)[39m
  [32m✔[39m [32m[1mWhen [22mAdmin creates a fully customized loan with the following data:[39m                                                                                                [90m# org.apache.fineract.test.stepdef.loan.LoanStepDef.createFullyCustomizedLoan(io.cucumber.datatable.DataTable)[39m
      | LoanProduct                                      | submitted on date | with Principal | ANNUAL interest rate % | interest type | interest calculation period | amortization type  | loanTermFrequency | loanTermFrequencyType | repaymentEvery | repaymentFrequencyType | numberOfRepayments | graceOnPrincipalPayment | graceOnInterestPayment | interest free period | Payment strategy            |
      | LP2_DOWNPAYMENT_AUTO_ADVANCED_PAYMENT_ALLOCATION | 01 January 2024   | 1000           | 0                      | FLAT          | SAME_AS_REPAYMENT_PERIOD    | EQUAL_INSTALLMENTS | 45                | DAYS                  | 15             | DAYS                   | 3                  | 0                       | 0                      | 0                    | ADVANCED_PAYMENT_ALLOCATION |
  [32m✔[39m [32m[1mAnd [22mAdmin successfully approves the loan on [1m"01 January 2024"[22m with [1m"1000"[22m amount and expected disbursement date on [1m"01 January 2024"[22m[39m                               [90m# org.apache.fineract.test.stepdef.loan.LoanStepDef.approveLoan(java.lang.String,java.lang.String,java.lang.String)[39m
  [32m✔[39m [32m[1mWhen [22mAdmin successfully disburse the loan on [1m"01 January 2024"[22m with [1m"500"[22m EUR transaction amount[39m                                                                   [90m# org.apache.fineract.test.stepdef.loan.LoanStepDef.disburseLoan(java.lang.String,java.lang.String)[39m
  [32m✔[39m [32m[1mWhen [22mAdmin sets the business date to [1m"16 January 2024"[22m[39m                                                                                                             [90m# org.apache.fineract.test.stepdef.common.BusinessDateStepDef.setBusinessDate(java.lang.String)[39m
  [32m✔[39m [32m[1mAnd [22mCustomer makes [1m"AUTOPAY"[22m repayment on [1m"16 January 2024"[22m with [1m500[22m EUR transaction amount[39m                                                                        [90m# org.apache.fineract.test.stepdef.loan.LoanRepaymentStepDef.makeLoanRepayment(java.lang.String,java.lang.String,double)[39m
  [32m✔[39m [32m[1mThen [22mLoan status will be [1m"OVERPAID"[22m[39m                                                                                                                                [90m# org.apache.fineract.test.stepdef.loan.LoanStepDef.loanStatus(java.lang.String)[39m
  [32m✔[39m [32m[1mThen [22mLoan has [1m125[22m overpaid amount[39m                                                                                                                                  [90m# org.apache.fineract.test.stepdef.loan.LoanStepDef.loanOverpaid(double)[39m
  [32m✔[39m [32m[1mWhen [22mAdmin successfully disburse the loan on [1m"16 January 2024"[22m with [1m"500"[22m EUR transaction amount[39m                                                                   [90m# org.apache.fineract.test.stepdef.loan.LoanStepDef.disburseLoan(java.lang.String,java.lang.String)[39m
  [32m✔[39m [32m[1mThen [22mLoan status will be [1m"ACTIVE"[22m[39m                                                                                                                                  [90m# org.apache.fineract.test.stepdef.loan.LoanStepDef.loanStatus(java.lang.String)[39m
  [32m✔[39m [32m[1mThen [22mLoan has [1m375[22m outstanding amount[39m                                                                                                                               [90m# org.apache.fineract.test.stepdef.loan.LoanStepDef.loanOutstanding(double)[39m
  [31m✘[39m [31m[1mThen [22mLoan Repayment schedule has [1m5[22m periods, with the following data for periods:[39m                                                                                   [90m# org.apache.fineract.test.stepdef.loan.LoanStepDef.loanRepaymentSchedulePeriodsCheck(int,io.cucumber.datatable.DataTable)[39m
      | Nr | Days | Date             | Paid date       | Balance of loan | Principal due | Interest | Fees | Penalties | Due   | Paid  | In advance | Late | Outstanding |
      |    |      | 01 January 2024  |                 | 500.0           |               |          | 0.0  |           | 0.0   | 0.0   |            |      |             |
      | 1  | 0    | 01 January 2024  | 01 January 2024 | 375.0           | 125.0         | 0.0      | 0.0  | 0.0       | 125.0 | 125.0 | 0.0        | 0.0  | 0.0         |
      | 2  | 15   | 16 January 2024  | 16 January 2024 | 250.0           | 125.0         | 0.0      | 0.0  | 0.0       | 125.0 | 125.0 | 0.0        | 0.0  | 0.0         |
      |    |      | 16 January 2024  |                 | 500.0           |               |          | 0.0  |           | 0.0   | 0.0   |            |      |             |
      | 3  | 0    | 16 January 2024  | 16 January 2024 | 625.0           | 125.0         | 0.0      | 0.0  | 0.0       | 125.0 | 125.0 | 0.0        | 0.0  | 0.0         |
      | 4  | 15   | 31 January 2024  |                 | 313.0           | 312.0         | 0.0      | 0.0  | 0.0       | 312.0 | 125.0 | 125.0      | 0.0  | 187.0       |
      | 5  | 15   | 15 February 2024 |                 | 0.0             | 313.0         | 0.0      | 0.0  | 0.0       | 313.0 | 125.0 | 125.0      | 0.0  | 188.0       |
        [31morg.opentest4j.AssertionFailedError: [[39m
        [31mWrong value in Repayment schedule of resource 20 tab line 6.[39m
        [31mActual values in line (with the same due date) are: [39m
        [31m[4, 15, 31 January 2024, null, 312.0, 313.0, 0.0, 0.0, 0.0, 313.0, 125.0, 125.0, 0.0, 188.0] - [39m
        [31mBut expected values in line: [39m
        [31m[4, 15, 31 January 2024, null, 313.0, 312.0, 0.0, 0.0, 0.0, 312.0, 125.0, 125.0, 0.0, 187.0]] [39m
        [31mExpecting value to be true but was false[39m
        [31m	at org.apache.fineract.test.stepdef.loan.LoanStepDef.loanRepaymentSchedulePeriodsCheck(LoanStepDef.java:2312)[39m
        [31m	at ✽.Loan Repayment schedule has 5 periods, with the following data for periods:(file:///work/fineract-e2e-tests-runner/src/test/resources/features/Loan-Part3.feature:1845)[39m
  [36m↷[39m [36m[1mThen [22mLoan Repayment schedule has the following data in Total row:[39m                                                                                                  [90m# org.apache.fineract.test.stepdef.loan.LoanStepDef.loanRepaymentScheduleAmountCheck(io.cucumber.datatable.DataTable)[39m
      | Principal due | Interest | Fees | Penalties | Due    | Paid  | In advance | Late | Outstanding |
      | 1000.0        | 0        | 0.0  | 0         | 1000.0 | 625.0 | 250.0      | 0    | 375.0       |
  [36m↷[39m [36m[1mThen [22mLoan Transactions tab has the following data:[39m                                                                                                                 [90m# org.apache.fineract.test.stepdef.loan.LoanStepDef.loanTransactionsTabCheck(io.cucumber.datatable.DataTable)[39m
      | Transaction date | Transaction Type | Amount | Principal | Interest | Fees | Penalties | Loan Balance |
      | 01 January 2024  | Disbursement     | 500.0  | 0.0       | 0.0      | 0.0  | 0.0       | 500.0        |
      | 01 January 2024  | Down Payment     | 125.0  | 125.0     | 0.0      | 0.0  | 0.0       | 375.0        |
      | 16 January 2024  | Repayment        | 500.0  | 375.0     | 0.0      | 0.0  | 0.0       | 0.0          |
      | 16 January 2024  | Disbursement     | 500.0  | 0.0       | 0.0      | 0.0  | 0.0       | 375.0        |
  [36m↷[39m [36m[1mWhen [22mAdmin set [1m"LP2_DOWNPAYMENT_AUTO_ADVANCED_PAYMENT_ALLOCATION"[22m loan product [1m"DEFAULT"[22m transaction type to [1m"NEXT_INSTALLMENT"[22m future installment allocation rule[39m [90m# org.apache.fineract.test.stepdef.loan.LoanStepDef.editFutureInstallmentAllocationTypeForLoanProduct(java.lang.String,java.lang.String,java.lang.String)[39m

@LoanFeature @TestRailId:C3043 @AdvancedPaymentAllocation
[1mScenario:[22m Verify that second disbursement is working on overpaid accounts in case of REAMORTIZATION future installment allocation rule                                    [90m# fineract-e2e-tests-runner/src/test/resources/features/Loan-Part3.feature:1866[39m
  [32m✔[39m [32m[1mWhen [22mAdmin sets the business date to [1m"01 January 2024"[22m[39m                                                                                                                [90m# org.apache.fineract.test.stepdef.common.BusinessDateStepDef.setBusinessDate(java.lang.String)[39m
  [32m✔[39m [32m[1mWhen [22mAdmin creates a client with random data[39m                                                                                                                          [90m# org.apache.fineract.test.stepdef.common.ClientStepDef.createClientRandomFirstNameLastName()[39m
  [32m✔[39m [32m[1mWhen [22mAdmin set [1m"LP2_DOWNPAYMENT_AUTO_ADVANCED_PAYMENT_ALLOCATION"[22m loan product [1m"DEFAULT"[22m transaction type to [1m"REAMORTIZATION"[22m future installment allocation rule[39m      [90m# org.apache.fineract.test.stepdef.loan.LoanStepDef.editFutureInstallmentAllocationTypeForLoanProduct(java.lang.String,java.lang.String,java.lang.String)[39m
  [32m✔[39m [32m[1mWhen [22mAdmin creates a fully customized loan with the following data:[39m                                                                                                   [90m# org.apache.fineract.test.stepdef.loan.LoanStepDef.createFullyCustomizedLoan(io.cucumber.datatable.DataTable)[39m
      | LoanProduct                                      | submitted on date | with Principal | ANNUAL interest rate % | interest type | interest calculation period | amortization type  | loanTermFrequency | loanTermFrequencyType | repaymentEvery | repaymentFrequencyType | numberOfRepayments | graceOnPrincipalPayment | graceOnInterestPayment | interest free period | Payment strategy            |
      | LP2_DOWNPAYMENT_AUTO_ADVANCED_PAYMENT_ALLOCATION | 01 January 2024   | 1000           | 0                      | FLAT          | SAME_AS_REPAYMENT_PERIOD    | EQUAL_INSTALLMENTS | 45                | DAYS                  | 15             | DAYS                   | 3                  | 0                       | 0                      | 0                    | ADVANCED_PAYMENT_ALLOCATION |
  [32m✔[39m [32m[1mAnd [22mAdmin successfully approves the loan on [1m"01 January 2024"[22m with [1m"1000"[22m amount and expected disbursement date on [1m"01 January 2024"[22m[39m                                  [90m# org.apache.fineract.test.stepdef.loan.LoanStepDef.approveLoan(java.lang.String,java.lang.String,java.lang.String)[39m
  [32m✔[39m [32m[1mWhen [22mAdmin successfully disburse the loan on [1m"01 January 2024"[22m with [1m"500"[22m EUR transaction amount[39m                                                                      [90m# org.apache.fineract.test.stepdef.loan.LoanStepDef.disburseLoan(java.lang.String,java.lang.String)[39m
  [32m✔[39m [32m[1mWhen [22mAdmin sets the business date to [1m"16 January 2024"[22m[39m                                                                                                                [90m# org.apache.fineract.test.stepdef.common.BusinessDateStepDef.setBusinessDate(java.lang.String)[39m
  [32m✔[39m [32m[1mWhen [22mCustomer makes [1m"PAYOUT_REFUND"[22m transaction with [1m"AUTOPAY"[22m payment type on [1m"16 January 2024"[22m with [1m500[22m EUR transaction amount and system-generated Idempotency key[39m [90m# org.apache.fineract.test.stepdef.loan.LoanStepDef.createTransactionWithAutoIdempotencyKey(java.lang.String,java.lang.String,java.lang.String,double)[39m
  [32m✔[39m [32m[1mThen [22mLoan status will be [1m"OVERPAID"[22m[39m                                                                                                                                   [90m# org.apache.fineract.test.stepdef.loan.LoanStepDef.loanStatus(java.lang.String)[39m
  [32m✔[39m [32m[1mThen [22mLoan has [1m125[22m overpaid amount[39m                                                                                                                                     [90m# org.apache.fineract.test.stepdef.loan.LoanStepDef.loanOverpaid(double)[39m
  [32m✔[39m [32m[1mWhen [22mAdmin successfully disburse the loan on [1m"16 January 2024"[22m with [1m"500"[22m EUR transaction amount[39m                                                                      [90m# org.apache.fineract.test.stepdef.loan.LoanStepDef.disburseLoan(java.lang.String,java.lang.String)[39m
  [32m✔[39m [32m[1mThen [22mLoan status will be [1m"ACTIVE"[22m[39m                                                                                                                                     [90m# org.apache.fineract.test.stepdef.loan.LoanStepDef.loanStatus(java.lang.String)[39m
  [32m✔[39m [32m[1mThen [22mLoan has [1m375[22m outstanding amount[39m                                                                                                                                  [90m# org.apache.fineract.test.stepdef.loan.LoanStepDef.loanOutstanding(double)[39m
  [31m✘[39m [31m[1mThen [22mLoan Repayment schedule has [1m5[22m periods, with the following data for periods:[39m                                                                                      [90m# org.apache.fineract.test.stepdef.loan.LoanStepDef.loanRepaymentSchedulePeriodsCheck(int,io.cucumber.datatable.DataTable)[39m
      | Nr | Days | Date             | Paid date       | Balance of loan | Principal due | Interest | Fees | Penalties | Due   | Paid  | In advance | Late | Outstanding |
      |    |      | 01 January 2024  |                 | 500.0           |               |          | 0.0  |           | 0.0   | 0.0   |            |      |             |
      | 1  | 0    | 01 January 2024  | 01 January 2024 | 375.0           | 125.0         | 0.0      | 0.0  | 0.0       | 125.0 | 125.0 | 0.0        | 0.0  | 0.0         |
      | 2  | 15   | 16 January 2024  | 16 January 2024 | 250.0           | 125.0         | 0.0      | 0.0  | 0.0       | 125.0 | 125.0 | 0.0        | 0.0  | 0.0         |
      |    |      | 16 January 2024  |                 | 500.0           |               |          | 0.0  |           | 0.0   | 0.0   |            |      |             |
      | 3  | 0    | 16 January 2024  | 16 January 2024 | 625.0           | 125.0         | 0.0      | 0.0  | 0.0       | 125.0 | 125.0 | 0.0        | 0.0  | 0.0         |
      | 4  | 15   | 31 January 2024  |                 | 313.0           | 312.0         | 0.0      | 0.0  | 0.0       | 312.0 | 125.0 | 125.0      | 0.0  | 187.0       |
      | 5  | 15   | 15 February 2024 |                 | 0.0             | 313.0         | 0.0      | 0.0  | 0.0       | 313.0 | 125.0 | 125.0      | 0.0  | 188.0       |
        [31morg.opentest4j.AssertionFailedError: [[39m
        [31mWrong value in Repayment schedule of resource 21 tab line 6.[39m
        [31mActual values in line (with the same due date) are: [39m
        [31m[4, 15, 31 January 2024, null, 312.0, 313.0, 0.0, 0.0, 0.0, 313.0, 125.0, 125.0, 0.0, 188.0] - [39m
        [31mBut expected values in line: [39m
        [31m[4, 15, 31 January 2024, null, 313.0, 312.0, 0.0, 0.0, 0.0, 312.0, 125.0, 125.0, 0.0, 187.0]] [39m
        [31mExpecting value to be true but was false[39m
        [31m	at org.apache.fineract.test.stepdef.loan.LoanStepDef.loanRepaymentSchedulePeriodsCheck(LoanStepDef.java:2312)[39m
        [31m	at ✽.Loan Repayment schedule has 5 periods, with the following data for periods:(file:///work/fineract-e2e-tests-runner/src/test/resources/features/Loan-Part3.feature:1882)[39m
  [36m↷[39m [36m[1mThen [22mLoan Repayment schedule has the following data in Total row:[39m                                                                                                     [90m# org.apache.fineract.test.stepdef.loan.LoanStepDef.loanRepaymentScheduleAmountCheck(io.cucumber.datatable.DataTable)[39m
      | Principal due | Interest | Fees | Penalties | Due    | Paid  | In advance | Late | Outstanding |
      | 1000.0        | 0        | 0.0  | 0         | 1000.0 | 625.0 | 250.0      | 0    | 375.0       |
  [36m↷[39m [36m[1mThen [22mLoan Transactions tab has the following data:[39m                                                                                                                    [90m# org.apache.fineract.test.stepdef.loan.LoanStepDef.loanTransactionsTabCheck(io.cucumber.datatable.DataTable)[39m
      | Transaction date | Transaction Type | Amount | Principal | Interest | Fees | Penalties | Loan Balance |
      | 01 January 2024  | Disbursement     | 500.0  | 0.0       | 0.0      | 0.0  | 0.0       | 500.0        |
      | 01 January 2024  | Down Payment     | 125.0  | 125.0     | 0.0      | 0.0  | 0.0       | 375.0        |
      | 16 January 2024  | Payout Refund    | 500.0  | 375.0     | 0.0      | 0.0  | 0.0       | 0.0          |
      | 16 January 2024  | Disbursement     | 500.0  | 0.0       | 0.0      | 0.0  | 0.0       | 375.0        |
  [36m↷[39m [36m[1mWhen [22mAdmin set [1m"LP2_DOWNPAYMENT_AUTO_ADVANCED_PAYMENT_ALLOCATION"[22m loan product [1m"DEFAULT"[22m transaction type to [1m"NEXT_INSTALLMENT"[22m future installment allocation rule[39m    [90m# org.apache.fineract.test.stepdef.loan.LoanStepDef.editFutureInstallmentAllocationTypeForLoanProduct(java.lang.String,java.lang.String,java.lang.String)[39m

@LoanFeature @TestRailId:C3046 @AdvancedPaymentAllocation
[1mScenario:[22m Verify that principal due is correct in case of second disbursement on overpaid loan                                                                             [90m# fineract-e2e-tests-runner/src/test/resources/features/Loan-Part3.feature:1903[39m
  [32m✔[39m [32m[1mWhen [22mAdmin sets the business date to [1m"01 February 2024"[22m[39m                                                                                                                [90m# org.apache.fineract.test.stepdef.common.BusinessDateStepDef.setBusinessDate(java.lang.String)[39m
  [32m✔[39m [32m[1mWhen [22mAdmin creates a client with random data[39m                                                                                                                           [90m# org.apache.fineract.test.stepdef.common.ClientStepDef.createClientRandomFirstNameLastName()[39m
  [32m✔[39m [32m[1mWhen [22mAdmin set [1m"LP2_DOWNPAYMENT_AUTO_ADVANCED_PAYMENT_ALLOCATION"[22m loan product [1m"DEFAULT"[22m transaction type to [1m"REAMORTIZATION"[22m future installment allocation rule[39m       [90m# org.apache.fineract.test.stepdef.loan.LoanStepDef.editFutureInstallmentAllocationTypeForLoanProduct(java.lang.String,java.lang.String,java.lang.String)[39m
  [32m✔[39m [32m[1mWhen [22mAdmin creates a fully customized loan with the following data:[39m                                                                                                    [90m# org.apache.fineract.test.stepdef.loan.LoanStepDef.createFullyCustomizedLoan(io.cucumber.datatable.DataTable)[39m
      | LoanProduct                                      | submitted on date | with Principal | ANNUAL interest rate % | interest type | interest calculation period | amortization type  | loanTermFrequency | loanTermFrequencyType | repaymentEvery | repaymentFrequencyType | numberOfRepayments | graceOnPrincipalPayment | graceOnInterestPayment | interest free period | Payment strategy            |
      | LP2_DOWNPAYMENT_AUTO_ADVANCED_PAYMENT_ALLOCATION | 01 February 2024  | 1000           | 0                      | FLAT          | SAME_AS_REPAYMENT_PERIOD    | EQUAL_INSTALLMENTS | 45                | DAYS                  | 15             | DAYS                   | 3                  | 0                       | 0                      | 0                    | ADVANCED_PAYMENT_ALLOCATION |
  [32m✔[39m [32m[1mAnd [22mAdmin successfully approves the loan on [1m"01 February 2024"[22m with [1m"1000"[22m amount and expected disbursement date on [1m"01 February 2024"[22m[39m                                 [90m# org.apache.fineract.test.stepdef.loan.LoanStepDef.approveLoan(java.lang.String,java.lang.String,java.lang.String)[39m
  [32m✔[39m [32m[1mWhen [22mAdmin successfully disburse the loan on [1m"01 February 2024"[22m with [1m"200"[22m EUR transaction amount[39m                                                                      [90m# org.apache.fineract.test.stepdef.loan.LoanStepDef.disburseLoan(java.lang.String,java.lang.String)[39m
  [32m✔[39m [32m[1mWhen [22mAdmin sets the business date to [1m"02 February 2024"[22m[39m                                                                                                                [90m# org.apache.fineract.test.stepdef.common.BusinessDateStepDef.setBusinessDate(java.lang.String)[39m
  [32m✔[39m [32m[1mWhen [22mCustomer makes [1m"PAYOUT_REFUND"[22m transaction with [1m"AUTOPAY"[22m payment type on [1m"02 February 2024"[22m with [1m200[22m EUR transaction amount and system-generated Idempotency key[39m [90m# org.apache.fineract.test.stepdef.loan.LoanStepDef.createTransactionWithAutoIdempotencyKey(java.lang.String,java.lang.String,java.lang.String,double)[39m
  [32m✔[39m [32m[1mThen [22mLoan status will be [1m"OVERPAID"[22m[39m                                                                                                                                    [90m# org.apache.fineract.test.stepdef.loan.LoanStepDef.loanStatus(java.lang.String)[39m
  [32m✔[39m [32m[1mThen [22mLoan has [1m50[22m overpaid amount[39m                                                                                                                                       [90m# org.apache.fineract.test.stepdef.loan.LoanStepDef.loanOverpaid(double)[39m
  [32m✔[39m [32m[1mWhen [22mAdmin successfully disburse the loan on [1m"02 February 2024"[22m with [1m"160"[22m EUR transaction amount[39m                                                                      [90m# org.apache.fineract.test.stepdef.loan.LoanStepDef.disburseLoan(java.lang.String,java.lang.String)[39m
  [32m✔[39m [32m[1mThen [22mLoan Repayment schedule has [1m5[22m periods, with the following data for periods:[39m                                                                                       [90m# org.apache.fineract.test.stepdef.loan.LoanStepDef.loanRepaymentSchedulePeriodsCheck(int,io.cucumber.datatable.DataTable)[39m
      | Nr | Days | Date             | Paid date        | Balance of loan | Principal due | Interest | Fees | Penalties | Due  | Paid  | In advance | Late | Outstanding |
      |    |      | 01 February 2024 |                  | 200.0           |               |          | 0.0  |           | 0.0  | 0.0   |            |      |             |
      | 1  | 0    | 01 February 2024 | 01 February 2024 | 150.0           | 50.0          | 0.0      | 0.0  | 0.0       | 50.0 | 50.0  | 0.0        | 0.0  | 0.0         |
      |    |      | 02 February 2024 |                  | 160.0           |               |          | 0.0  |           | 0.0  | 0.0   |            |      |             |
      | 2  | 0    | 02 February 2024 | 02 February 2024 | 270.0           | 40.0          | 0.0      | 0.0  | 0.0       | 40.0 | 40.0  | 0.0        | 0.0  | 0.0         |
      | 3  | 15   | 16 February 2024 |                  | 180.0           | 90.0          | 0.0      | 0.0  | 0.0       | 90.0 | 53.33 | 53.33      | 0.0  | 36.67       |
      | 4  | 15   | 02 March 2024    |                  | 90.0            | 90.0          | 0.0      | 0.0  | 0.0       | 90.0 | 53.33 | 53.33      | 0.0  | 36.67       |
      | 5  | 15   | 17 March 2024    |                  | 0.0             | 90.0          | 0.0      | 0.0  | 0.0       | 90.0 | 53.34 | 53.34      | 0.0  | 36.66       |
  [32m✔[39m [32m[1mThen [22mLoan Repayment schedule has the following data in Total row:[39m                                                                                                      [90m# org.apache.fineract.test.stepdef.loan.LoanStepDef.loanRepaymentScheduleAmountCheck(io.cucumber.datatable.DataTable)[39m
      | Principal due | Interest | Fees | Penalties | Due   | Paid  | In advance | Late | Outstanding |
      | 360.0         | 0        | 0.0  | 0         | 360.0 | 250.0 | 160.0      | 0    | 110.0       |
  [32m✔[39m [32m[1mThen [22mLoan Transactions tab has the following data:[39m                                                                                                                     [90m# org.apache.fineract.test.stepdef.loan.LoanStepDef.loanTransactionsTabCheck(io.cucumber.datatable.DataTable)[39m
      | Transaction date | Transaction Type | Amount | Principal | Interest | Fees | Penalties | Loan Balance |
      | 01 February 2024 | Disbursement     | 200.0  | 0.0       | 0.0      | 0.0  | 0.0       | 200.0        |
      | 01 February 2024 | Down Payment     | 50.0   | 50.0      | 0.0      | 0.0  | 0.0       | 150.0        |
      | 02 February 2024 | Payout Refund    | 200.0  | 150.0     | 0.0      | 0.0  | 0.0       | 0.0          |
      | 02 February 2024 | Disbursement     | 160.0  | 0.0       | 0.0      | 0.0  | 0.0       | 110.0        |
  [32m✔[39m [32m[1mWhen [22mAdmin set [1m"LP2_DOWNPAYMENT_AUTO_ADVANCED_PAYMENT_ALLOCATION"[22m loan product [1m"DEFAULT"[22m transaction type to [1m"NEXT_INSTALLMENT"[22m future installment allocation rule[39m     [90m# org.apache.fineract.test.stepdef.loan.LoanStepDef.editFutureInstallmentAllocationTypeForLoanProduct(java.lang.String,java.lang.String,java.lang.String)[39m

@LoanFeature @TestRailId:C3049 @AdvancedPaymentAllocation
[1mScenario:[22m Verify that second disbursement on overpaid loan is correct when disbursement amount is lower than overpayment amount                                            [90m# fineract-e2e-tests-runner/src/test/resources/features/Loan-Part3.feature:1938[39m
  [32m✔[39m [32m[1mWhen [22mAdmin sets the business date to [1m"01 February 2024"[22m[39m                                                                                                                [90m# org.apache.fineract.test.stepdef.common.BusinessDateStepDef.setBusinessDate(java.lang.String)[39m
  [32m✔[39m [32m[1mWhen [22mAdmin creates a client with random data[39m                                                                                                                           [90m# org.apache.fineract.test.stepdef.common.ClientStepDef.createClientRandomFirstNameLastName()[39m
  [32m✔[39m [32m[1mWhen [22mAdmin set [1m"LP2_DOWNPAYMENT_AUTO_ADVANCED_PAYMENT_ALLOCATION"[22m loan product [1m"DEFAULT"[22m transaction type to [1m"REAMORTIZATION"[22m future installment allocation rule[39m       [90m# org.apache.fineract.test.stepdef.loan.LoanStepDef.editFutureInstallmentAllocationTypeForLoanProduct(java.lang.String,java.lang.String,java.lang.String)[39m
  [32m✔[39m [32m[1mWhen [22mAdmin creates a fully customized loan with the following data:[39m                                                                                                    [90m# org.apache.fineract.test.stepdef.loan.LoanStepDef.createFullyCustomizedLoan(io.cucumber.datatable.DataTable)[39m
      | LoanProduct                                      | submitted on date | with Principal | ANNUAL interest rate % | interest type | interest calculation period | amortization type  | loanTermFrequency | loanTermFrequencyType | repaymentEvery | repaymentFrequencyType | numberOfRepayments | graceOnPrincipalPayment | graceOnInterestPayment | interest free period | Payment strategy            |
      | LP2_DOWNPAYMENT_AUTO_ADVANCED_PAYMENT_ALLOCATION | 01 February 2024  | 1000           | 0                      | FLAT          | SAME_AS_REPAYMENT_PERIOD    | EQUAL_INSTALLMENTS | 45                | DAYS                  | 15             | DAYS                   | 3                  | 0                       | 0                      | 0                    | ADVANCED_PAYMENT_ALLOCATION |
  [32m✔[39m [32m[1mAnd [22mAdmin successfully approves the loan on [1m"01 February 2024"[22m with [1m"1000"[22m amount and expected disbursement date on [1m"01 February 2024"[22m[39m                                 [90m# org.apache.fineract.test.stepdef.loan.LoanStepDef.approveLoan(java.lang.String,java.lang.String,java.lang.String)[39m
  [32m✔[39m [32m[1mWhen [22mAdmin successfully disburse the loan on [1m"01 February 2024"[22m with [1m"200"[22m EUR transaction amount[39m                                                                      [90m# org.apache.fineract.test.stepdef.loan.LoanStepDef.disburseLoan(java.lang.String,java.lang.String)[39m
  [32m✔[39m [32m[1mWhen [22mAdmin sets the business date to [1m"02 February 2024"[22m[39m                                                                                                                [90m# org.apache.fineract.test.stepdef.common.BusinessDateStepDef.setBusinessDate(java.lang.String)[39m
  [32m✔[39m [32m[1mWhen [22mCustomer makes [1m"PAYOUT_REFUND"[22m transaction with [1m"AUTOPAY"[22m payment type on [1m"02 February 2024"[22m with [1m200[22m EUR transaction amount and system-generated Idempotency key[39m [90m# org.apache.fineract.test.stepdef.loan.LoanStepDef.createTransactionWithAutoIdempotencyKey(java.lang.String,java.lang.String,java.lang.String,double)[39m
  [32m✔[39m [32m[1mThen [22mLoan status will be [1m"OVERPAID"[22m[39m                                                                                                                                    [90m# org.apache.fineract.test.stepdef.loan.LoanStepDef.loanStatus(java.lang.String)[39m
  [32m✔[39m [32m[1mThen [22mLoan has [1m50[22m overpaid amount[39m                                                                                                                                       [90m# org.apache.fineract.test.stepdef.loan.LoanStepDef.loanOverpaid(double)[39m
  [32m✔[39m [32m[1mWhen [22mAdmin successfully disburse the loan on [1m"02 February 2024"[22m with [1m"28"[22m EUR transaction amount[39m                                                                       [90m# org.apache.fineract.test.stepdef.loan.LoanStepDef.disburseLoan(java.lang.String,java.lang.String)[39m
  [32m✔[39m [32m[1mThen [22mLoan Repayment schedule has [1m5[22m periods, with the following data for periods:[39m                                                                                       [90m# org.apache.fineract.test.stepdef.loan.LoanStepDef.loanRepaymentSchedulePeriodsCheck(int,io.cucumber.datatable.DataTable)[39m
      | Nr | Days | Date             | Paid date        | Balance of loan | Principal due | Interest | Fees | Penalties | Due  | Paid | In advance | Late | Outstanding |
      |    |      | 01 February 2024 |                  | 200.0           |               |          | 0.0  |           | 0.0  | 0.0  |            |      |             |
      | 1  | 0    | 01 February 2024 | 01 February 2024 | 150.0           | 50.0          | 0.0      | 0.0  | 0.0       | 50.0 | 50.0 | 0.0        | 0.0  | 0.0         |
      |    |      | 02 February 2024 |                  | 28.0            |               |          | 0.0  |           | 0.0  | 0.0  |            |      |             |
      | 2  | 0    | 02 February 2024 | 02 February 2024 | 171.0           | 7.0           | 0.0      | 0.0  | 0.0       | 7.0  | 7.0  | 0.0        | 0.0  | 0.0         |
      | 3  | 15   | 16 February 2024 | 02 February 2024 | 114.0           | 57.0          | 0.0      | 0.0  | 0.0       | 57.0 | 57.0 | 57.0       | 0.0  | 0.0         |
      | 4  | 15   | 02 March 2024    | 02 February 2024 | 57.0            | 57.0          | 0.0      | 0.0  | 0.0       | 57.0 | 57.0 | 57.0       | 0.0  | 0.0         |
      | 5  | 15   | 17 March 2024    | 02 February 2024 | 0.0             | 57.0          | 0.0      | 0.0  | 0.0       | 57.0 | 57.0 | 57.0       | 0.0  | 0.0         |
  [32m✔[39m [32m[1mThen [22mLoan Repayment schedule has the following data in Total row:[39m                                                                                                      [90m# org.apache.fineract.test.stepdef.loan.LoanStepDef.loanRepaymentScheduleAmountCheck(io.cucumber.datatable.DataTable)[39m
      | Principal due | Interest | Fees | Penalties | Due   | Paid  | In advance | Late | Outstanding |
      | 228.0         | 0        | 0.0  | 0         | 228.0 | 228.0 | 171.0      | 0    | 0.0         |
  [32m✔[39m [32m[1mThen [22mLoan Transactions tab has the following data:[39m                                                                                                                     [90m# org.apache.fineract.test.stepdef.loan.LoanStepDef.loanTransactionsTabCheck(io.cucumber.datatable.DataTable)[39m
      | Transaction date | Transaction Type | Amount | Principal | Interest | Fees | Penalties | Loan Balance |
      | 01 February 2024 | Disbursement     | 200.0  | 0.0       | 0.0      | 0.0  | 0.0       | 200.0        |
      | 01 February 2024 | Down Payment     | 50.0   | 50.0      | 0.0      | 0.0  | 0.0       | 150.0        |
      | 02 February 2024 | Payout Refund    | 200.0  | 150.0     | 0.0      | 0.0  | 0.0       | 0.0          |
      | 02 February 2024 | Disbursement     | 28.0   | 0.0       | 0.0      | 0.0  | 0.0       | 0.0          |
  [32m✔[39m [32m[1mThen [22mLoan status will be [1m"OVERPAID"[22m[39m                                                                                                                                    [90m# org.apache.fineract.test.stepdef.loan.LoanStepDef.loanStatus(java.lang.String)[39m
  [32m✔[39m [32m[1mThen [22mLoan has [1m22[22m overpaid amount[39m                                                                                                                                       [90m# org.apache.fineract.test.stepdef.loan.LoanStepDef.loanOverpaid(double)[39m
  [32m✔[39m [32m[1mWhen [22mAdmin set [1m"LP2_DOWNPAYMENT_AUTO_ADVANCED_PAYMENT_ALLOCATION"[22m loan product [1m"DEFAULT"[22m transaction type to [1m"NEXT_INSTALLMENT"[22m future installment allocation rule[39m     [90m# org.apache.fineract.test.stepdef.loan.LoanStepDef.editFutureInstallmentAllocationTypeForLoanProduct(java.lang.String,java.lang.String,java.lang.String)[39m

@LoanFeature @TestRailId:C3068 @AdvancedPaymentAllocation
[1mScenario:[22m Verify that Fraud flag can be applied on loan is its every status                                                                                            [90m# fineract-e2e-tests-runner/src/test/resources/features/Loan-Part3.feature:1975[39m
  [32m✔[39m [32m[1mWhen [22mAdmin sets the business date to [1m"01 February 2024"[22m[39m                                                                                                            [90m# org.apache.fineract.test.stepdef.common.BusinessDateStepDef.setBusinessDate(java.lang.String)[39m
  [32m✔[39m [32m[1mWhen [22mAdmin creates a client with random data[39m                                                                                                                       [90m# org.apache.fineract.test.stepdef.common.ClientStepDef.createClientRandomFirstNameLastName()[39m
  [32m✔[39m [32m[1mWhen [22mAdmin set [1m"LP2_DOWNPAYMENT_AUTO_ADVANCED_PAYMENT_ALLOCATION"[22m loan product [1m"DEFAULT"[22m transaction type to [1m"NEXT_INSTALLMENT"[22m future installment allocation rule[39m [90m# org.apache.fineract.test.stepdef.loan.LoanStepDef.editFutureInstallmentAllocationTypeForLoanProduct(java.lang.String,java.lang.String,java.lang.String)[39m
  [32m✔[39m [32m[1mWhen [22mAdmin creates a fully customized loan with the following data:[39m                                                                                                [90m# org.apache.fineract.test.stepdef.loan.LoanStepDef.createFullyCustomizedLoan(io.cucumber.datatable.DataTable)[39m
      | LoanProduct                                      | submitted on date | with Principal | ANNUAL interest rate % | interest type | interest calculation period | amortization type  | loanTermFrequency | loanTermFrequencyType | repaymentEvery | repaymentFrequencyType | numberOfRepayments | graceOnPrincipalPayment | graceOnInterestPayment | interest free period | Payment strategy            |
      | LP2_DOWNPAYMENT_AUTO_ADVANCED_PAYMENT_ALLOCATION | 01 February 2024  | 1000           | 0                      | FLAT          | SAME_AS_REPAYMENT_PERIOD    | EQUAL_INSTALLMENTS | 45                | DAYS                  | 15             | DAYS                   | 3                  | 0                       | 0                      | 0                    | ADVANCED_PAYMENT_ALLOCATION |
  [32m✔[39m [32m[1mThen [22mLoan status will be [1m"SUBMITTED_AND_PENDING_APPROVAL"[22m[39m                                                                                                          [90m# org.apache.fineract.test.stepdef.loan.LoanStepDef.loanStatus(java.lang.String)[39m
  [32m✔[39m [32m[1mThen [22mAdmin can successfully set Fraud flag to the loan[39m                                                                                                             [90m# org.apache.fineract.test.stepdef.loan.LoanStepDef.setFraud()[39m
  [32m✔[39m [32m[1mThen [22mAdmin can successfully unset Fraud flag to the loan[39m                                                                                                           [90m# org.apache.fineract.test.stepdef.loan.LoanStepDef.unsetFraud()[39m
  [32m✔[39m [32m[1mAnd [22mAdmin successfully approves the loan on [1m"01 February 2024"[22m with [1m"1000"[22m amount and expected disbursement date on [1m"01 February 2024"[22m[39m                             [90m# org.apache.fineract.test.stepdef.loan.LoanStepDef.approveLoan(java.lang.String,java.lang.String,java.lang.String)[39m
  [32m✔[39m [32m[1mThen [22mLoan status will be [1m"APPROVED"[22m[39m                                                                                                                                [90m# org.apache.fineract.test.stepdef.loan.LoanStepDef.loanStatus(java.lang.String)[39m
  [32m✔[39m [32m[1mThen [22mAdmin can successfully set Fraud flag to the loan[39m                                                                                                             [90m# org.apache.fineract.test.stepdef.loan.LoanStepDef.setFraud()[39m
  [32m✔[39m [32m[1mThen [22mAdmin can successfully unset Fraud flag to the loan[39m                                                                                                           [90m# org.apache.fineract.test.stepdef.loan.LoanStepDef.unsetFraud()[39m
  [32m✔[39m [32m[1mWhen [22mAdmin successfully disburse the loan on [1m"01 February 2024"[22m with [1m"1000"[22m EUR transaction amount[39m                                                                 [90m# org.apache.fineract.test.stepdef.loan.LoanStepDef.disburseLoan(java.lang.String,java.lang.String)[39m
  [32m✔[39m [32m[1mThen [22mLoan status will be [1m"ACTIVE"[22m[39m                                                                                                                                  [90m# org.apache.fineract.test.stepdef.loan.LoanStepDef.loanStatus(java.lang.String)[39m
  [32m✔[39m [32m[1mThen [22mAdmin can successfully set Fraud flag to the loan[39m                                                                                                             [90m# org.apache.fineract.test.stepdef.loan.LoanStepDef.setFraud()[39m
  [32m✔[39m [32m[1mThen [22mAdmin can successfully unset Fraud flag to the loan[39m                                                                                                           [90m# org.apache.fineract.test.stepdef.loan.LoanStepDef.unsetFraud()[39m
  [32m✔[39m [32m[1mWhen [22mAdmin sets the business date to [1m"02 February 2024"[22m[39m                                                                                                            [90m# org.apache.fineract.test.stepdef.common.BusinessDateStepDef.setBusinessDate(java.lang.String)[39m
  [32m✔[39m [32m[1mAnd [22mCustomer makes [1m"AUTOPAY"[22m repayment on [1m"02 February 2024"[22m with [1m100[22m EUR transaction amount[39m                                                                       [90m# org.apache.fineract.test.stepdef.loan.LoanRepaymentStepDef.makeLoanRepayment(java.lang.String,java.lang.String,double)[39m
  [32m✔[39m [32m[1mThen [22mLoan status will be [1m"ACTIVE"[22m[39m                                                                                                                                  [90m# org.apache.fineract.test.stepdef.loan.LoanStepDef.loanStatus(java.lang.String)[39m
  [32m✔[39m [32m[1mThen [22mAdmin can successfully set Fraud flag to the loan[39m                                                                                                             [90m# org.apache.fineract.test.stepdef.loan.LoanStepDef.setFraud()[39m
  [32m✔[39m [32m[1mThen [22mAdmin can successfully unset Fraud flag to the loan[39m                                                                                                           [90m# org.apache.fineract.test.stepdef.loan.LoanStepDef.unsetFraud()[39m
  [32m✔[39m [32m[1mWhen [22mAdmin sets the business date to [1m"03 February 2024"[22m[39m                                                                                                            [90m# org.apache.fineract.test.stepdef.common.BusinessDateStepDef.setBusinessDate(java.lang.String)[39m
  [32m✔[39m [32m[1mAnd [22mCustomer makes [1m"AUTOPAY"[22m repayment on [1m"03 February 2024"[22m with [1m750[22m EUR transaction amount[39m                                                                       [90m# org.apache.fineract.test.stepdef.loan.LoanRepaymentStepDef.makeLoanRepayment(java.lang.String,java.lang.String,double)[39m
  [32m✔[39m [32m[1mThen [22mLoan status will be [1m"OVERPAID"[22m[39m                                                                                                                                [90m# org.apache.fineract.test.stepdef.loan.LoanStepDef.loanStatus(java.lang.String)[39m
  [32m✔[39m [32m[1mThen [22mLoan has [1m100[22m overpaid amount[39m                                                                                                                                  [90m# org.apache.fineract.test.stepdef.loan.LoanStepDef.loanOverpaid(double)[39m
  [32m✔[39m [32m[1mThen [22mAdmin can successfully set Fraud flag to the loan[39m                                                                                                             [90m# org.apache.fineract.test.stepdef.loan.LoanStepDef.setFraud()[39m
  [32m✔[39m [32m[1mThen [22mAdmin can successfully unset Fraud flag to the loan[39m                                                                                                           [90m# org.apache.fineract.test.stepdef.loan.LoanStepDef.unsetFraud()[39m
  [32m✔[39m [32m[1mWhen [22mAdmin sets the business date to [1m"04 February 2024"[22m[39m                                                                                                            [90m# org.apache.fineract.test.stepdef.common.BusinessDateStepDef.setBusinessDate(java.lang.String)[39m
  [32m✔[39m [32m[1mWhen [22mCustomer undo [1m"1"[22mth [1m"Repayment"[22m transaction made on [1m"02 February 2024"[22m[39m                                                                                        [90m# org.apache.fineract.test.stepdef.loan.LoanRepaymentStepDef.undoNthTransactionType(java.lang.String,java.lang.String,java.lang.String)[39m
  [32m✔[39m [32m[1mThen [22mLoan status will be [1m"CLOSED_OBLIGATIONS_MET"[22m[39m                                                                                                                  [90m# org.apache.fineract.test.stepdef.loan.LoanStepDef.loanStatus(java.lang.String)[39m
  [32m✔[39m [32m[1mThen [22mAdmin can successfully set Fraud flag to the loan[39m                                                                                                             [90m# org.apache.fineract.test.stepdef.loan.LoanStepDef.setFraud()[39m
  [32m✔[39m [32m[1mThen [22mAdmin can successfully unset Fraud flag to the loan[39m                                                                                                           [90m# org.apache.fineract.test.stepdef.loan.LoanStepDef.unsetFraud()[39m

@LoanFeature @TestRailId:C3090
[1mScenario:[22m Verify that disbursement can be done on overpaid loan in case of cummulative loan schedule                                                                   [90m# fineract-e2e-tests-runner/src/test/resources/features/Loan-Part3.feature:2011[39m
  [32m✔[39m [32m[1mWhen [22mAdmin sets the business date to [1m"01 February 2024"[22m[39m                                                                                                            [90m# org.apache.fineract.test.stepdef.common.BusinessDateStepDef.setBusinessDate(java.lang.String)[39m
  [32m✔[39m [32m[1mWhen [22mAdmin creates a client with random data[39m                                                                                                                       [90m# org.apache.fineract.test.stepdef.common.ClientStepDef.createClientRandomFirstNameLastName()[39m
  [32m✔[39m [32m[1mWhen [22mAdmin set [1m"LP2_DOWNPAYMENT_AUTO_ADVANCED_PAYMENT_ALLOCATION"[22m loan product [1m"DEFAULT"[22m transaction type to [1m"NEXT_INSTALLMENT"[22m future installment allocation rule[39m [90m# org.apache.fineract.test.stepdef.loan.LoanStepDef.editFutureInstallmentAllocationTypeForLoanProduct(java.lang.String,java.lang.String,java.lang.String)[39m
  [32m✔[39m [32m[1mWhen [22mAdmin creates a fully customized loan with the following data:[39m                                                                                                [90m# org.apache.fineract.test.stepdef.loan.LoanStepDef.createFullyCustomizedLoan(io.cucumber.datatable.DataTable)[39m
      | LoanProduct          | submitted on date | with Principal | ANNUAL interest rate % | interest type     | interest calculation period | amortization type  | loanTermFrequency | loanTermFrequencyType | repaymentEvery | repaymentFrequencyType | numberOfRepayments | graceOnPrincipalPayment | graceOnInterestPayment | interest free period | Payment strategy                                                             |
      | LP2_DOWNPAYMENT_AUTO | 01 February 2024  | 1000           | 0                      | DECLINING_BALANCE | SAME_AS_REPAYMENT_PERIOD    | EQUAL_INSTALLMENTS | 3                 | MONTHS                | 1              | MONTHS                 | 3                  | 0                       | 0                      | 0                    | DUE_PENALTY_INTEREST_PRINCIPAL_FEE_IN_ADVANCE_PENALTY_INTEREST_PRINCIPAL_FEE |
  [32m✔[39m [32m[1mAnd [22mAdmin successfully approves the loan on [1m"01 February 2024"[22m with [1m"1000"[22m amount and expected disbursement date on [1m"01 February 2024"[22m[39m                             [90m# org.apache.fineract.test.stepdef.loan.LoanStepDef.approveLoan(java.lang.String,java.lang.String,java.lang.String)[39m
  [32m✔[39m [32m[1mWhen [22mAdmin successfully disburse the loan on [1m"01 February 2024"[22m with [1m"1000"[22m EUR transaction amount[39m                                                                 [90m# org.apache.fineract.test.stepdef.loan.LoanStepDef.disburseLoan(java.lang.String,java.lang.String)[39m
  [32m✔[39m [32m[1mWhen [22mAdmin sets the business date to [1m"02 February 2024"[22m[39m                                                                                                            [90m# org.apache.fineract.test.stepdef.common.BusinessDateStepDef.setBusinessDate(java.lang.String)[39m
  [32m✔[39m [32m[1mAnd [22mCustomer makes [1m"AUTOPAY"[22m repayment on [1m"02 February 2024"[22m with [1m800[22m EUR transaction amount[39m                                                                       [90m# org.apache.fineract.test.stepdef.loan.LoanRepaymentStepDef.makeLoanRepayment(java.lang.String,java.lang.String,double)[39m
  [32m✔[39m [32m[1mThen [22mLoan status will be [1m"OVERPAID"[22m[39m                                                                                                                                [90m# org.apache.fineract.test.stepdef.loan.LoanStepDef.loanStatus(java.lang.String)[39m
  [32m✔[39m [32m[1mThen [22mLoan has [1m50[22m overpaid amount[39m                                                                                                                                   [90m# org.apache.fineract.test.stepdef.loan.LoanStepDef.loanOverpaid(double)[39m
  [32m✔[39m [32m[1mWhen [22mAdmin sets the business date to [1m"03 February 2024"[22m[39m                                                                                                            [90m# org.apache.fineract.test.stepdef.common.BusinessDateStepDef.setBusinessDate(java.lang.String)[39m
  [32m✔[39m [32m[1mWhen [22mAdmin successfully disburse the loan on [1m"03 February 2024"[22m with [1m"20"[22m EUR transaction amount[39m                                                                   [90m# org.apache.fineract.test.stepdef.loan.LoanStepDef.disburseLoan(java.lang.String,java.lang.String)[39m
  [32m✔[39m [32m[1mThen [22mLoan status will be [1m"OVERPAID"[22m[39m                                                                                                                                [90m# org.apache.fineract.test.stepdef.loan.LoanStepDef.loanStatus(java.lang.String)[39m
  [32m✔[39m [32m[1mThen [22mLoan has [1m30[22m overpaid amount[39m                                                                                                                                   [90m# org.apache.fineract.test.stepdef.loan.LoanStepDef.loanOverpaid(double)[39m
  [32m✔[39m [32m[1mThen [22mLoan Repayment schedule has [1m5[22m periods, with the following data for periods:[39m                                                                                   [90m# org.apache.fineract.test.stepdef.loan.LoanStepDef.loanRepaymentSchedulePeriodsCheck(int,io.cucumber.datatable.DataTable)[39m
      | Nr | Days | Date             | Paid date        | Balance of loan | Principal due | Interest | Fees | Penalties | Due   | Paid  | In advance | Late | Outstanding |
      |    |      | 01 February 2024 |                  | 1000.0          |               |          | 0.0  |           | 0.0   | 0.0   |            |      |             |
      | 1  | 0    | 01 February 2024 | 01 February 2024 | 750.0           | 250.0         | 0.0      | 0.0  | 0.0       | 250.0 | 250.0 | 0.0        | 0.0  | 0.0         |
      |    |      | 03 February 2024 |                  | 20.0            |               |          | 0.0  |           | 0.0   | 0.0   |            |      |             |
      | 2  | 0    | 03 February 2024 | 02 February 2024 | 765.0           | 5.0           | 0.0      | 0.0  | 0.0       | 5.0   | 5.0   | 5.0        | 0.0  | 0.0         |
      | 3  | 29   | 01 March 2024    | 02 February 2024 | 510.0           | 255.0         | 0.0      | 0.0  | 0.0       | 255.0 | 255.0 | 255.0      | 0.0  | 0.0         |
      | 4  | 31   | 01 April 2024    | 02 February 2024 | 255.0           | 255.0         | 0.0      | 0.0  | 0.0       | 255.0 | 255.0 | 255.0      | 0.0  | 0.0         |
      | 5  | 30   | 01 May 2024      | 02 February 2024 | 0.0             | 255.0         | 0.0      | 0.0  | 0.0       | 255.0 | 255.0 | 255.0      | 0.0  | 0.0         |
  [32m✔[39m [32m[1mThen [22mLoan Repayment schedule has the following data in Total row:[39m                                                                                                  [90m# org.apache.fineract.test.stepdef.loan.LoanStepDef.loanRepaymentScheduleAmountCheck(io.cucumber.datatable.DataTable)[39m
      | Principal due | Interest | Fees | Penalties | Due    | Paid   | In advance | Late | Outstanding |
      | 1020.0        | 0        | 0.0  | 0         | 1020.0 | 1020.0 | 770.0      | 0    | 0.0         |
  [32m✔[39m [32m[1mThen [22mLoan Transactions tab has the following data:[39m                                                                                                                 [90m# org.apache.fineract.test.stepdef.loan.LoanStepDef.loanTransactionsTabCheck(io.cucumber.datatable.DataTable)[39m
      | Transaction date | Transaction Type | Amount | Principal | Interest | Fees | Penalties | Loan Balance |
      | 01 February 2024 | Disbursement     | 1000.0 | 0.0       | 0.0      | 0.0  | 0.0       | 1000.0       |
      | 01 February 2024 | Down Payment     | 250.0  | 250.0     | 0.0      | 0.0  | 0.0       | 750.0        |
      | 02 February 2024 | Repayment        | 800.0  | 770.0     | 0.0      | 0.0  | 0.0       | 0.0          |
      | 03 February 2024 | Disbursement     | 20.0   | 0.0       | 0.0      | 0.0  | 0.0       | 0.0          |
  [32m✔[39m [32m[1mWhen [22mAdmin sets the business date to [1m"04 February 2024"[22m[39m                                                                                                            [90m# org.apache.fineract.test.stepdef.common.BusinessDateStepDef.setBusinessDate(java.lang.String)[39m
  [32m✔[39m [32m[1mWhen [22mAdmin successfully disburse the loan on [1m"04 February 2024"[22m with [1m"30"[22m EUR transaction amount[39m                                                                   [90m# org.apache.fineract.test.stepdef.loan.LoanStepDef.disburseLoan(java.lang.String,java.lang.String)[39m
  [32m✔[39m [32m[1mThen [22mLoan status will be [1m"CLOSED_OBLIGATIONS_MET"[22m[39m                                                                                                                  [90m# org.apache.fineract.test.stepdef.loan.LoanStepDef.loanStatus(java.lang.String)[39m
  [31m✘[39m [31m[1mThen [22mLoan Repayment schedule has [1m6[22m periods, with the following data for periods:[39m                                                                                   [90m# org.apache.fineract.test.stepdef.loan.LoanStepDef.loanRepaymentSchedulePeriodsCheck(int,io.cucumber.datatable.DataTable)[39m
      | Nr | Days | Date             | Paid date        | Balance of loan | Principal due | Interest | Fees | Penalties | Due   | Paid  | In advance | Late | Outstanding |
      |    |      | 01 February 2024 |                  | 1000.0          |               |          | 0.0  |           | 0.0   | 0.0   |            |      |             |
      | 1  | 0    | 01 February 2024 | 01 February 2024 | 750.0           | 250.0         | 0.0      | 0.0  | 0.0       | 250.0 | 250.0 | 0.0        | 0.0  | 0.0         |
      |    |      | 03 February 2024 |                  | 20.0            |               |          | 0.0  |           | 0.0   | 0.0   |            |      |             |
      | 2  | 0    | 03 February 2024 | 02 February 2024 | 765.0           | 5.0           | 0.0      | 0.0  | 0.0       | 5.0   | 5.0   | 5.0        | 0.0  | 0.0         |
      |    |      | 04 February 2024 |                  | 30.0            |               |          | 0.0  |           | 0.0   | 0.0   |            |      |             |
      | 3  | 0    | 04 February 2024 | 02 February 2024 | 787.0           | 8.0           | 0.0      | 0.0  | 0.0       | 8.0   | 8.0   | 8.0        | 0.0  | 0.0         |
      | 4  | 29   | 01 March 2024    | 02 February 2024 | 524.0           | 263.0         | 0.0      | 0.0  | 0.0       | 263.0 | 263.0 | 263.0      | 0.0  | 0.0         |
      | 5  | 31   | 01 April 2024    | 02 February 2024 | 261.0           | 263.0         | 0.0      | 0.0  | 0.0       | 263.0 | 263.0 | 263.0      | 0.0  | 0.0         |
      | 6  | 30   | 01 May 2024      | 02 February 2024 | 0.0             | 261.0         | 0.0      | 0.0  | 0.0       | 261.0 | 261.0 | 261.0      | 0.0  | 0.0         |
        [31morg.opentest4j.AssertionFailedError: [[39m
        [31mWrong value in Repayment schedule of resource 25 tab line 7.[39m
        [31mActual values in line (with the same due date) are: [39m
        [31m[4, 29, 01 March 2024, 02 February 2024, 525.0, 262.0, 0.0, 0.0, 0.0, 262.0, 262.0, 262.0, 0.0, 0.0] - [39m
        [31mBut expected values in line: [39m
        [31m[4, 29, 01 March 2024, 02 February 2024, 524.0, 263.0, 0.0, 0.0, 0.0, 263.0, 263.0, 263.0, 0.0, 0.0]] [39m
        [31mExpecting value to be true but was false[39m
        [31m	at org.apache.fineract.test.stepdef.loan.LoanStepDef.loanRepaymentSchedulePeriodsCheck(LoanStepDef.java:2312)[39m
        [31m	at ✽.Loan Repayment schedule has 6 periods, with the following data for periods:(file:///work/fineract-e2e-tests-runner/src/test/resources/features/Loan-Part3.feature:2049)[39m
  [36m↷[39m [36m[1mThen [22mLoan Repayment schedule has the following data in Total row:[39m                                                                                                  [90m# org.apache.fineract.test.stepdef.loan.LoanStepDef.loanRepaymentScheduleAmountCheck(io.cucumber.datatable.DataTable)[39m
      | Principal due | Interest | Fees | Penalties | Due    | Paid   | In advance | Late | Outstanding |
      | 1050.0        | 0        | 0.0  | 0         | 1050.0 | 1050.0 | 800.0      | 0    | 0.0         |
  [36m↷[39m [36m[1mThen [22mLoan Transactions tab has the following data:[39m                                                                                                                 [90m# org.apache.fineract.test.stepdef.loan.LoanStepDef.loanTransactionsTabCheck(io.cucumber.datatable.DataTable)[39m
      | Transaction date | Transaction Type | Amount | Principal | Interest | Fees | Penalties | Loan Balance |
      | 01 February 2024 | Disbursement     | 1000.0 | 0.0       | 0.0      | 0.0  | 0.0       | 1000.0       |
      | 01 February 2024 | Down Payment     | 250.0  | 250.0     | 0.0      | 0.0  | 0.0       | 750.0        |
      | 02 February 2024 | Repayment        | 800.0  | 800.0     | 0.0      | 0.0  | 0.0       | 0.0          |
      | 03 February 2024 | Disbursement     | 20.0   | 0.0       | 0.0      | 0.0  | 0.0       | 0.0          |
      | 04 February 2024 | Disbursement     | 30.0   | 0.0       | 0.0      | 0.0  | 0.0       | 0.0          |
  [36m↷[39m [36m[1mWhen [22mAdmin sets the business date to [1m"05 February 2024"[22m[39m                                                                                                            [90m# org.apache.fineract.test.stepdef.common.BusinessDateStepDef.setBusinessDate(java.lang.String)[39m
  [36m↷[39m [36m[1mWhen [22mAdmin successfully disburse the loan on [1m"05 February 2024"[22m with [1m"40"[22m EUR transaction amount[39m                                                                   [90m# org.apache.fineract.test.stepdef.loan.LoanStepDef.disburseLoan(java.lang.String,java.lang.String)[39m
  [36m↷[39m [36m[1mThen [22mLoan status will be [1m"ACTIVE"[22m[39m                                                                                                                                  [90m# org.apache.fineract.test.stepdef.loan.LoanStepDef.loanStatus(java.lang.String)[39m
  [36m↷[39m [36m[1mThen [22mLoan has [1m30[22m outstanding amount[39m                                                                                                                                [90m# org.apache.fineract.test.stepdef.loan.LoanStepDef.loanOutstanding(double)[39m
  [36m↷[39m [36m[1mThen [22mLoan Repayment schedule has [1m7[22m periods, with the following data for periods:[39m                                                                                   [90m# org.apache.fineract.test.stepdef.loan.LoanStepDef.loanRepaymentSchedulePeriodsCheck(int,io.cucumber.datatable.DataTable)[39m
      | Nr | Days | Date             | Paid date        | Balance of loan | Principal due | Interest | Fees | Penalties | Due   | Paid  | In advance | Late | Outstanding |
      |    |      | 01 February 2024 |                  | 1000.0          |               |          | 0.0  |           | 0.0   | 0.0   |            |      |             |
      | 1  | 0    | 01 February 2024 | 01 February 2024 | 750.0           | 250.0         | 0.0      | 0.0  | 0.0       | 250.0 | 250.0 | 0.0        | 0.0  | 0.0         |
      |    |      | 03 February 2024 |                  | 20.0            |               |          | 0.0  |           | 0.0   | 0.0   |            |      |             |
      | 2  | 0    | 03 February 2024 | 02 February 2024 | 765.0           | 5.0           | 0.0      | 0.0  | 0.0       | 5.0   | 5.0   | 5.0        | 0.0  | 0.0         |
      |    |      | 04 February 2024 |                  | 30.0            |               |          | 0.0  |           | 0.0   | 0.0   |            |      |             |
      | 3  | 0    | 04 February 2024 | 02 February 2024 | 787.0           | 8.0           | 0.0      | 0.0  | 0.0       | 8.0   | 8.0   | 8.0        | 0.0  | 0.0         |
      |    |      | 05 February 2024 |                  | 40.0            |               |          | 0.0  |           | 0.0   | 0.0   |            |      |             |
      | 4  | 0    | 05 February 2024 | 02 February 2024 | 817.0           | 10.0          | 0.0      | 0.0  | 0.0       | 10.0  | 10.0  | 10.0       | 0.0  | 0.0         |
      | 5  | 29   | 01 March 2024    | 02 February 2024 | 544.0           | 273.0         | 0.0      | 0.0  | 0.0       | 273.0 | 273.0 | 273.0      | 0.0  | 0.0         |
      | 6  | 31   | 01 April 2024    | 02 February 2024 | 271.0           | 273.0         | 0.0      | 0.0  | 0.0       | 273.0 | 273.0 | 273.0      | 0.0  | 0.0         |
      | 7  | 30   | 01 May 2024      |                  | 0.0             | 271.0         | 0.0      | 0.0  | 0.0       | 271.0 | 241.0 | 241.0      | 0.0  | 30.0        |
  [36m↷[39m [36m[1mThen [22mLoan Repayment schedule has the following data in Total row:[39m                                                                                                  [90m# org.apache.fineract.test.stepdef.loan.LoanStepDef.loanRepaymentScheduleAmountCheck(io.cucumber.datatable.DataTable)[39m
      | Principal due | Interest | Fees | Penalties | Due    | Paid   | In advance | Late | Outstanding |
      | 1090.0        | 0        | 0.0  | 0         | 1090.0 | 1060.0 | 810.0      | 0    | 30.0        |
  [36m↷[39m [36m[1mThen [22mLoan Transactions tab has the following data:[39m                                                                                                                 [90m# org.apache.fineract.test.stepdef.loan.LoanStepDef.loanTransactionsTabCheck(io.cucumber.datatable.DataTable)[39m
      | Transaction date | Transaction Type | Amount | Principal | Interest | Fees | Penalties | Loan Balance |
      | 01 February 2024 | Disbursement     | 1000.0 | 0.0       | 0.0      | 0.0  | 0.0       | 1000.0       |
      | 01 February 2024 | Down Payment     | 250.0  | 250.0     | 0.0      | 0.0  | 0.0       | 750.0        |
      | 02 February 2024 | Repayment        | 800.0  | 800.0     | 0.0      | 0.0  | 0.0       | 0.0          |
      | 03 February 2024 | Disbursement     | 20.0   | 0.0       | 0.0      | 0.0  | 0.0       | 0.0          |
      | 04 February 2024 | Disbursement     | 30.0   | 0.0       | 0.0      | 0.0  | 0.0       | 0.0          |
      | 05 February 2024 | Disbursement     | 40.0   | 0.0       | 0.0      | 0.0  | 0.0       | 40.0         |
      | 05 February 2024 | Down Payment     | 10.0   | 10.0      | 0.0      | 0.0  | 0.0       | 30.0         |

@LoanFeature @TestRailId:C3103
[1mScenario:[22m Verify that fixed length in loan product is inherited by loan account                                                                                        [90m# fineract-e2e-tests-runner/src/test/resources/features/Loan-Part3.feature:2101[39m
  [32m✔[39m [32m[1mWhen [22mAdmin sets the business date to [1m"01 February 2024"[22m[39m                                                                                                            [90m# org.apache.fineract.test.stepdef.common.BusinessDateStepDef.setBusinessDate(java.lang.String)[39m
  [32m✔[39m [32m[1mWhen [22mAdmin creates a client with random data[39m                                                                                                                       [90m# org.apache.fineract.test.stepdef.common.ClientStepDef.createClientRandomFirstNameLastName()[39m
  [32m✔[39m [32m[1mWhen [22mAdmin set [1m"LP2_DOWNPAYMENT_AUTO_ADVANCED_PAYMENT_ALLOCATION"[22m loan product [1m"DEFAULT"[22m transaction type to [1m"NEXT_INSTALLMENT"[22m future installment allocation rule[39m [90m# org.apache.fineract.test.stepdef.loan.LoanStepDef.editFutureInstallmentAllocationTypeForLoanProduct(java.lang.String,java.lang.String,java.lang.String)[39m
  [32m✔[39m [32m[1mWhen [22mAdmin creates a fully customized loan with the following data:[39m                                                                                                [90m# org.apache.fineract.test.stepdef.loan.LoanStepDef.createFullyCustomizedLoan(io.cucumber.datatable.DataTable)[39m
      | LoanProduct                                | submitted on date | with Principal | ANNUAL interest rate % | interest type | interest calculation period | amortization type  | loanTermFrequency | loanTermFrequencyType | repaymentEvery | repaymentFrequencyType | numberOfRepayments | graceOnPrincipalPayment | graceOnInterestPayment | interest free period | Payment strategy            |
      | LP2_DOWNPAYMENT_ADV_PMT_ALLOC_FIXED_LENGTH | 01 February 2024  | 1000           | 0                      | FLAT          | SAME_AS_REPAYMENT_PERIOD    | EQUAL_INSTALLMENTS | 3                 | MONTHS                | 1              | MONTHS                 | 3                  | 0                       | 0                      | 0                    | ADVANCED_PAYMENT_ALLOCATION |
  [32m✔[39m [32m[1mAnd [22mAdmin successfully approves the loan on [1m"01 February 2024"[22m with [1m"1000"[22m amount and expected disbursement date on [1m"01 February 2024"[22m[39m                             [90m# org.apache.fineract.test.stepdef.loan.LoanStepDef.approveLoan(java.lang.String,java.lang.String,java.lang.String)[39m
  [32m✔[39m [32m[1mWhen [22mAdmin successfully disburse the loan on [1m"01 February 2024"[22m with [1m"1000"[22m EUR transaction amount[39m                                                                 [90m# org.apache.fineract.test.stepdef.loan.LoanStepDef.disburseLoan(java.lang.String,java.lang.String)[39m
  [32m✔[39m [32m[1mThen [22mLoanDetails has fixedLength field with int value: [1m90[22m[39m                                                                                                          [90m# org.apache.fineract.test.stepdef.loan.LoanStepDef.checkLoanDetailsFieldAndValueInt(int)[39m

@LoanFeature @TestRailId:C3104
[1mScenario:[22m Verify that fixed length in loan product can be overwrote upon loan account creation                                                                         [90m# fineract-e2e-tests-runner/src/test/resources/features/Loan-Part3.feature:2113[39m
  [32m✔[39m [32m[1mWhen [22mAdmin sets the business date to [1m"01 February 2024"[22m[39m                                                                                                            [90m# org.apache.fineract.test.stepdef.common.BusinessDateStepDef.setBusinessDate(java.lang.String)[39m
  [32m✔[39m [32m[1mWhen [22mAdmin creates a client with random data[39m                                                                                                                       [90m# org.apache.fineract.test.stepdef.common.ClientStepDef.createClientRandomFirstNameLastName()[39m
  [32m✔[39m [32m[1mWhen [22mAdmin set [1m"LP2_DOWNPAYMENT_AUTO_ADVANCED_PAYMENT_ALLOCATION"[22m loan product [1m"DEFAULT"[22m transaction type to [1m"NEXT_INSTALLMENT"[22m future installment allocation rule[39m [90m# org.apache.fineract.test.stepdef.loan.LoanStepDef.editFutureInstallmentAllocationTypeForLoanProduct(java.lang.String,java.lang.String,java.lang.String)[39m
  [32m✔[39m [32m[1mWhen [22mAdmin creates a fully customized loan with fixed length [1m60[22m and with the following data:[39m                                                                       [90m# org.apache.fineract.test.stepdef.loan.LoanStepDef.createFullyCustomizedLoanFixedLength(int,io.cucumber.datatable.DataTable)[39m
      | LoanProduct                                | submitted on date | with Principal | ANNUAL interest rate % | interest type | interest calculation period | amortization type  | loanTermFrequency | loanTermFrequencyType | repaymentEvery | repaymentFrequencyType | numberOfRepayments | graceOnPrincipalPayment | graceOnInterestPayment | interest free period | Payment strategy            |
      | LP2_DOWNPAYMENT_ADV_PMT_ALLOC_FIXED_LENGTH | 01 February 2024  | 1000           | 0                      | FLAT          | SAME_AS_REPAYMENT_PERIOD    | EQUAL_INSTALLMENTS | 3                 | MONTHS                | 1              | MONTHS                 | 3                  | 0                       | 0                      | 0                    | ADVANCED_PAYMENT_ALLOCATION |
  [32m✔[39m [32m[1mAnd [22mAdmin successfully approves the loan on [1m"01 February 2024"[22m with [1m"1000"[22m amount and expected disbursement date on [1m"01 February 2024"[22m[39m                             [90m# org.apache.fineract.test.stepdef.loan.LoanStepDef.approveLoan(java.lang.String,java.lang.String,java.lang.String)[39m
  [32m✔[39m [32m[1mWhen [22mAdmin successfully disburse the loan on [1m"01 February 2024"[22m with [1m"1000"[22m EUR transaction amount[39m                                                                 [90m# org.apache.fineract.test.stepdef.loan.LoanStepDef.disburseLoan(java.lang.String,java.lang.String)[39m
  [32m✔[39m [32m[1mThen [22mLoanDetails has fixedLength field with int value: [1m60[22m[39m                                                                                                          [90m# org.apache.fineract.test.stepdef.loan.LoanStepDef.checkLoanDetailsFieldAndValueInt(int)[39m

@LoanFeature @TestRailId:C3119
[1mScenario:[22m Verify fixed length loan account Loan schedule - UC1: loan account with fixed length of 40 days (loanTermFrequency: 45 days)     [90m# fineract-e2e-tests-runner/src/test/resources/features/Loan-Part3.feature:2125[39m
  [32m✔[39m [32m[1mWhen [22mAdmin sets the business date to [1m"01 February 2024"[22m[39m                                                                                [90m# org.apache.fineract.test.stepdef.common.BusinessDateStepDef.setBusinessDate(java.lang.String)[39m
  [32m✔[39m [32m[1mWhen [22mAdmin creates a client with random data[39m                                                                                           [90m# org.apache.fineract.test.stepdef.common.ClientStepDef.createClientRandomFirstNameLastName()[39m
  [32m✔[39m [32m[1mWhen [22mAdmin creates a fully customized loan with fixed length [1m40[22m and with the following data:[39m                                           [90m# org.apache.fineract.test.stepdef.loan.LoanStepDef.createFullyCustomizedLoanFixedLength(int,io.cucumber.datatable.DataTable)[39m
      | LoanProduct                                | submitted on date | with Principal | ANNUAL interest rate % | interest type | interest calculation period | amortization type  | loanTermFrequency | loanTermFrequencyType | repaymentEvery | repaymentFrequencyType | numberOfRepayments | graceOnPrincipalPayment | graceOnInterestPayment | interest free period | Payment strategy            |
      | LP2_DOWNPAYMENT_ADV_PMT_ALLOC_FIXED_LENGTH | 01 February 2024  | 1000           | 0                      | FLAT          | SAME_AS_REPAYMENT_PERIOD    | EQUAL_INSTALLMENTS | 45                | DAYS                  | 15             | DAYS                   | 3                  | 0                       | 0                      | 0                    | ADVANCED_PAYMENT_ALLOCATION |
  [32m✔[39m [32m[1mAnd [22mAdmin successfully approves the loan on [1m"01 February 2024"[22m with [1m"1000"[22m amount and expected disbursement date on [1m"01 February 2024"[22m[39m [90m# org.apache.fineract.test.stepdef.loan.LoanStepDef.approveLoan(java.lang.String,java.lang.String,java.lang.String)[39m
  [32m✔[39m [32m[1mWhen [22mAdmin successfully disburse the loan on [1m"01 February 2024"[22m with [1m"1000"[22m EUR transaction amount[39m                                     [90m# org.apache.fineract.test.stepdef.loan.LoanStepDef.disburseLoan(java.lang.String,java.lang.String)[39m
  [32m✔[39m [32m[1mThen [22mLoan Repayment schedule has [1m4[22m periods, with the following data for periods:[39m                                                       [90m# org.apache.fineract.test.stepdef.loan.LoanStepDef.loanRepaymentSchedulePeriodsCheck(int,io.cucumber.datatable.DataTable)[39m
      | Nr | Days | Date             | Paid date | Balance of loan | Principal due | Interest | Fees | Penalties | Due   | Paid | In advance | Late | Outstanding |
      |    |      | 01 February 2024 |           | 1000.0          |               |          | 0.0  |           | 0.0   | 0.0  |            |      |             |
      | 1  | 0    | 01 February 2024 |           | 750.0           | 250.0         | 0.0      | 0.0  | 0.0       | 250.0 | 0.0  | 0.0        | 0.0  | 250.0       |
      | 2  | 15   | 16 February 2024 |           | 500.0           | 250.0         | 0.0      | 0.0  | 0.0       | 250.0 | 0.0  | 0.0        | 0.0  | 250.0       |
      | 3  | 15   | 02 March 2024    |           | 250.0           | 250.0         | 0.0      | 0.0  | 0.0       | 250.0 | 0.0  | 0.0        | 0.0  | 250.0       |
      | 4  | 10   | 12 March 2024    |           | 0.0             | 250.0         | 0.0      | 0.0  | 0.0       | 250.0 | 0.0  | 0.0        | 0.0  | 250.0       |
  [32m✔[39m [32m[1mThen [22mLoan Repayment schedule has the following data in Total row:[39m                                                                      [90m# org.apache.fineract.test.stepdef.loan.LoanStepDef.loanRepaymentScheduleAmountCheck(io.cucumber.datatable.DataTable)[39m
      | Principal due | Interest | Fees | Penalties | Due    | Paid | In advance | Late | Outstanding |
      | 1000.0        | 0        | 0.0  | 0         | 1000.0 | 0.0  | 0.0        | 0    | 1000.0      |
  [32m✔[39m [32m[1mThen [22mLoan Transactions tab has the following data:[39m                                                                                     [90m# org.apache.fineract.test.stepdef.loan.LoanStepDef.loanTransactionsTabCheck(io.cucumber.datatable.DataTable)[39m
      | Transaction date | Transaction Type | Amount | Principal | Interest | Fees | Penalties | Loan Balance |
      | 01 February 2024 | Disbursement     | 1000.0 | 0.0       | 0.0      | 0.0  | 0.0       | 1000.0       |

@LoanFeature @TestRailId:C3120
[1mScenario:[22m Verify fixed length loan account Loan schedule - UC2: loan account with fixed length of 50 days (loanTermFrequency: 45 days)     [90m# fineract-e2e-tests-runner/src/test/resources/features/Loan-Part3.feature:2148[39m
  [32m✔[39m [32m[1mWhen [22mAdmin sets the business date to [1m"01 February 2024"[22m[39m                                                                                [90m# org.apache.fineract.test.stepdef.common.BusinessDateStepDef.setBusinessDate(java.lang.String)[39m
  [32m✔[39m [32m[1mWhen [22mAdmin creates a client with random data[39m                                                                                           [90m# org.apache.fineract.test.stepdef.common.ClientStepDef.createClientRandomFirstNameLastName()[39m
  [32m✔[39m [32m[1mWhen [22mAdmin creates a fully customized loan with fixed length [1m50[22m and with the following data:[39m                                           [90m# org.apache.fineract.test.stepdef.loan.LoanStepDef.createFullyCustomizedLoanFixedLength(int,io.cucumber.datatable.DataTable)[39m
      | LoanProduct                                | submitted on date | with Principal | ANNUAL interest rate % | interest type | interest calculation period | amortization type  | loanTermFrequency | loanTermFrequencyType | repaymentEvery | repaymentFrequencyType | numberOfRepayments | graceOnPrincipalPayment | graceOnInterestPayment | interest free period | Payment strategy            |
      | LP2_DOWNPAYMENT_ADV_PMT_ALLOC_FIXED_LENGTH | 01 February 2024  | 1000           | 0                      | FLAT          | SAME_AS_REPAYMENT_PERIOD    | EQUAL_INSTALLMENTS | 45                | DAYS                  | 15             | DAYS                   | 3                  | 0                       | 0                      | 0                    | ADVANCED_PAYMENT_ALLOCATION |
  [32m✔[39m [32m[1mAnd [22mAdmin successfully approves the loan on [1m"01 February 2024"[22m with [1m"1000"[22m amount and expected disbursement date on [1m"01 February 2024"[22m[39m [90m# org.apache.fineract.test.stepdef.loan.LoanStepDef.approveLoan(java.lang.String,java.lang.String,java.lang.String)[39m
  [32m✔[39m [32m[1mWhen [22mAdmin successfully disburse the loan on [1m"01 February 2024"[22m with [1m"1000"[22m EUR transaction amount[39m                                     [90m# org.apache.fineract.test.stepdef.loan.LoanStepDef.disburseLoan(java.lang.String,java.lang.String)[39m
  [32m✔[39m [32m[1mThen [22mLoanDetails has fixedLength field with int value: [1m50[22m[39m                                                                              [90m# org.apache.fineract.test.stepdef.loan.LoanStepDef.checkLoanDetailsFieldAndValueInt(int)[39m
  [32m✔[39m [32m[1mThen [22mLoan Repayment schedule has [1m4[22m periods, with the following data for periods:[39m                                                       [90m# org.apache.fineract.test.stepdef.loan.LoanStepDef.loanRepaymentSchedulePeriodsCheck(int,io.cucumber.datatable.DataTable)[39m
      | Nr | Days | Date             | Paid date | Balance of loan | Principal due | Interest | Fees | Penalties | Due   | Paid | In advance | Late | Outstanding |
      |    |      | 01 February 2024 |           | 1000.0          |               |          | 0.0  |           | 0.0   | 0.0  |            |      |             |
      | 1  | 0    | 01 February 2024 |           | 750.0           | 250.0         | 0.0      | 0.0  | 0.0       | 250.0 | 0.0  | 0.0        | 0.0  | 250.0       |
      | 2  | 15   | 16 February 2024 |           | 500.0           | 250.0         | 0.0      | 0.0  | 0.0       | 250.0 | 0.0  | 0.0        | 0.0  | 250.0       |
      | 3  | 15   | 02 March 2024    |           | 250.0           | 250.0         | 0.0      | 0.0  | 0.0       | 250.0 | 0.0  | 0.0        | 0.0  | 250.0       |
      | 4  | 20   | 22 March 2024    |           | 0.0             | 250.0         | 0.0      | 0.0  | 0.0       | 250.0 | 0.0  | 0.0        | 0.0  | 250.0       |
  [32m✔[39m [32m[1mThen [22mLoan Repayment schedule has the following data in Total row:[39m                                                                      [90m# org.apache.fineract.test.stepdef.loan.LoanStepDef.loanRepaymentScheduleAmountCheck(io.cucumber.datatable.DataTable)[39m
      | Principal due | Interest | Fees | Penalties | Due    | Paid | In advance | Late | Outstanding |
      | 1000.0        | 0        | 0.0  | 0         | 1000.0 | 0.0  | 0.0        | 0    | 1000.0      |
  [32m✔[39m [32m[1mThen [22mLoan Transactions tab has the following data:[39m                                                                                     [90m# org.apache.fineract.test.stepdef.loan.LoanStepDef.loanTransactionsTabCheck(io.cucumber.datatable.DataTable)[39m
      | Transaction date | Transaction Type | Amount | Principal | Interest | Fees | Penalties | Loan Balance |
      | 01 February 2024 | Disbursement     | 1000.0 | 0.0       | 0.0      | 0.0  | 0.0       | 1000.0       |

@LoanFeature @TestRailId:C3121
[1mScenario:[22m Verify fixed length loan account Loan schedule - UC3: loan account with fixed length of 5 weeks (loanTermFrequency: 6 weeks)     [90m# fineract-e2e-tests-runner/src/test/resources/features/Loan-Part3.feature:2172[39m
  [32m✔[39m [32m[1mWhen [22mAdmin sets the business date to [1m"01 February 2024"[22m[39m                                                                                [90m# org.apache.fineract.test.stepdef.common.BusinessDateStepDef.setBusinessDate(java.lang.String)[39m
  [32m✔[39m [32m[1mWhen [22mAdmin creates a client with random data[39m                                                                                           [90m# org.apache.fineract.test.stepdef.common.ClientStepDef.createClientRandomFirstNameLastName()[39m
  [32m✔[39m [32m[1mWhen [22mAdmin creates a fully customized loan with fixed length [1m5[22m and with the following data:[39m                                            [90m# org.apache.fineract.test.stepdef.loan.LoanStepDef.createFullyCustomizedLoanFixedLength(int,io.cucumber.datatable.DataTable)[39m
      | LoanProduct                                | submitted on date | with Principal | ANNUAL interest rate % | interest type | interest calculation period | amortization type  | loanTermFrequency | loanTermFrequencyType | repaymentEvery | repaymentFrequencyType | numberOfRepayments | graceOnPrincipalPayment | graceOnInterestPayment | interest free period | Payment strategy            |
      | LP2_DOWNPAYMENT_ADV_PMT_ALLOC_FIXED_LENGTH | 01 February 2024  | 1000           | 0                      | FLAT          | SAME_AS_REPAYMENT_PERIOD    | EQUAL_INSTALLMENTS | 6                 | WEEKS                 | 2              | WEEKS                  | 3                  | 0                       | 0                      | 0                    | ADVANCED_PAYMENT_ALLOCATION |
  [32m✔[39m [32m[1mAnd [22mAdmin successfully approves the loan on [1m"01 February 2024"[22m with [1m"1000"[22m amount and expected disbursement date on [1m"01 February 2024"[22m[39m [90m# org.apache.fineract.test.stepdef.loan.LoanStepDef.approveLoan(java.lang.String,java.lang.String,java.lang.String)[39m
  [32m✔[39m [32m[1mWhen [22mAdmin successfully disburse the loan on [1m"01 February 2024"[22m with [1m"1000"[22m EUR transaction amount[39m                                     [90m# org.apache.fineract.test.stepdef.loan.LoanStepDef.disburseLoan(java.lang.String,java.lang.String)[39m
  [32m✔[39m [32m[1mThen [22mLoanDetails has fixedLength field with int value: [1m5[22m[39m                                                                               [90m# org.apache.fineract.test.stepdef.loan.LoanStepDef.checkLoanDetailsFieldAndValueInt(int)[39m
  [32m✔[39m [32m[1mThen [22mLoan Repayment schedule has [1m4[22m periods, with the following data for periods:[39m                                                       [90m# org.apache.fineract.test.stepdef.loan.LoanStepDef.loanRepaymentSchedulePeriodsCheck(int,io.cucumber.datatable.DataTable)[39m
      | Nr | Days | Date             | Paid date | Balance of loan | Principal due | Interest | Fees | Penalties | Due   | Paid | In advance | Late | Outstanding |
      |    |      | 01 February 2024 |           | 1000.0          |               |          | 0.0  |           | 0.0   | 0.0  |            |      |             |
      | 1  | 0    | 01 February 2024 |           | 750.0           | 250.0         | 0.0      | 0.0  | 0.0       | 250.0 | 0.0  | 0.0        | 0.0  | 250.0       |
      | 2  | 14   | 15 February 2024 |           | 500.0           | 250.0         | 0.0      | 0.0  | 0.0       | 250.0 | 0.0  | 0.0        | 0.0  | 250.0       |
      | 3  | 14   | 29 February 2024 |           | 250.0           | 250.0         | 0.0      | 0.0  | 0.0       | 250.0 | 0.0  | 0.0        | 0.0  | 250.0       |
      | 4  | 7    | 07 March 2024    |           | 0.0             | 250.0         | 0.0      | 0.0  | 0.0       | 250.0 | 0.0  | 0.0        | 0.0  | 250.0       |
  [32m✔[39m [32m[1mThen [22mLoan Repayment schedule has the following data in Total row:[39m                                                                      [90m# org.apache.fineract.test.stepdef.loan.LoanStepDef.loanRepaymentScheduleAmountCheck(io.cucumber.datatable.DataTable)[39m
      | Principal due | Interest | Fees | Penalties | Due    | Paid | In advance | Late | Outstanding |
      | 1000.0        | 0        | 0.0  | 0         | 1000.0 | 0.0  | 0.0        | 0    | 1000.0      |
  [32m✔[39m [32m[1mThen [22mLoan Transactions tab has the following data:[39m                                                                                     [90m# org.apache.fineract.test.stepdef.loan.LoanStepDef.loanTransactionsTabCheck(io.cucumber.datatable.DataTable)[39m
      | Transaction date | Transaction Type | Amount | Principal | Interest | Fees | Penalties | Loan Balance |
      | 01 February 2024 | Disbursement     | 1000.0 | 0.0       | 0.0      | 0.0  | 0.0       | 1000.0       |

@LoanFeature @TestRailId:C3122
[1mScenario:[22m Verify fixed length loan account Loan schedule - UC4: loan account with fixed length of 7 weeks (loanTermFrequency: 6 weeks)     [90m# fineract-e2e-tests-runner/src/test/resources/features/Loan-Part3.feature:2196[39m
  [32m✔[39m [32m[1mWhen [22mAdmin sets the business date to [1m"01 February 2024"[22m[39m                                                                                [90m# org.apache.fineract.test.stepdef.common.BusinessDateStepDef.setBusinessDate(java.lang.String)[39m
  [32m✔[39m [32m[1mWhen [22mAdmin creates a client with random data[39m                                                                                           [90m# org.apache.fineract.test.stepdef.common.ClientStepDef.createClientRandomFirstNameLastName()[39m
  [32m✔[39m [32m[1mWhen [22mAdmin creates a fully customized loan with fixed length [1m7[22m and with the following data:[39m                                            [90m# org.apache.fineract.test.stepdef.loan.LoanStepDef.createFullyCustomizedLoanFixedLength(int,io.cucumber.datatable.DataTable)[39m
      | LoanProduct                                | submitted on date | with Principal | ANNUAL interest rate % | interest type | interest calculation period | amortization type  | loanTermFrequency | loanTermFrequencyType | repaymentEvery | repaymentFrequencyType | numberOfRepayments | graceOnPrincipalPayment | graceOnInterestPayment | interest free period | Payment strategy            |
      | LP2_DOWNPAYMENT_ADV_PMT_ALLOC_FIXED_LENGTH | 01 February 2024  | 1000           | 0                      | FLAT          | SAME_AS_REPAYMENT_PERIOD    | EQUAL_INSTALLMENTS | 6                 | WEEKS                 | 2              | WEEKS                  | 3                  | 0                       | 0                      | 0                    | ADVANCED_PAYMENT_ALLOCATION |
  [32m✔[39m [32m[1mAnd [22mAdmin successfully approves the loan on [1m"01 February 2024"[22m with [1m"1000"[22m amount and expected disbursement date on [1m"01 February 2024"[22m[39m [90m# org.apache.fineract.test.stepdef.loan.LoanStepDef.approveLoan(java.lang.String,java.lang.String,java.lang.String)[39m
  [32m✔[39m [32m[1mWhen [22mAdmin successfully disburse the loan on [1m"01 February 2024"[22m with [1m"1000"[22m EUR transaction amount[39m                                     [90m# org.apache.fineract.test.stepdef.loan.LoanStepDef.disburseLoan(java.lang.String,java.lang.String)[39m
  [32m✔[39m [32m[1mThen [22mLoanDetails has fixedLength field with int value: [1m7[22m[39m                                                                               [90m# org.apache.fineract.test.stepdef.loan.LoanStepDef.checkLoanDetailsFieldAndValueInt(int)[39m
  [32m✔[39m [32m[1mThen [22mLoan Repayment schedule has [1m4[22m periods, with the following data for periods:[39m                                                       [90m# org.apache.fineract.test.stepdef.loan.LoanStepDef.loanRepaymentSchedulePeriodsCheck(int,io.cucumber.datatable.DataTable)[39m
      | Nr | Days | Date             | Paid date | Balance of loan | Principal due | Interest | Fees | Penalties | Due   | Paid | In advance | Late | Outstanding |
      |    |      | 01 February 2024 |           | 1000.0          |               |          | 0.0  |           | 0.0   | 0.0  |            |      |             |
      | 1  | 0    | 01 February 2024 |           | 750.0           | 250.0         | 0.0      | 0.0  | 0.0       | 250.0 | 0.0  | 0.0        | 0.0  | 250.0       |
      | 2  | 14   | 15 February 2024 |           | 500.0           | 250.0         | 0.0      | 0.0  | 0.0       | 250.0 | 0.0  | 0.0        | 0.0  | 250.0       |
      | 3  | 14   | 29 February 2024 |           | 250.0           | 250.0         | 0.0      | 0.0  | 0.0       | 250.0 | 0.0  | 0.0        | 0.0  | 250.0       |
      | 4  | 21   | 21 March 2024    |           | 0.0             | 250.0         | 0.0      | 0.0  | 0.0       | 250.0 | 0.0  | 0.0        | 0.0  | 250.0       |
  [32m✔[39m [32m[1mThen [22mLoan Repayment schedule has the following data in Total row:[39m                                                                      [90m# org.apache.fineract.test.stepdef.loan.LoanStepDef.loanRepaymentScheduleAmountCheck(io.cucumber.datatable.DataTable)[39m
      | Principal due | Interest | Fees | Penalties | Due    | Paid | In advance | Late | Outstanding |
      | 1000.0        | 0        | 0.0  | 0         | 1000.0 | 0.0  | 0.0        | 0    | 1000.0      |
  [32m✔[39m [32m[1mThen [22mLoan Transactions tab has the following data:[39m                                                                                     [90m# org.apache.fineract.test.stepdef.loan.LoanStepDef.loanTransactionsTabCheck(io.cucumber.datatable.DataTable)[39m
      | Transaction date | Transaction Type | Amount | Principal | Interest | Fees | Penalties | Loan Balance |
      | 01 February 2024 | Disbursement     | 1000.0 | 0.0       | 0.0      | 0.0  | 0.0       | 1000.0       |

@LoanFeature @TestRailId:C3123
[1mScenario:[22m Verify fixed length loan account Loan schedule - UC5: loan account with fixed length of 5 months (loanTermFrequency: 6 months)   [90m# fineract-e2e-tests-runner/src/test/resources/features/Loan-Part3.feature:2220[39m
  [32m✔[39m [32m[1mWhen [22mAdmin sets the business date to [1m"01 February 2024"[22m[39m                                                                                [90m# org.apache.fineract.test.stepdef.common.BusinessDateStepDef.setBusinessDate(java.lang.String)[39m
  [32m✔[39m [32m[1mWhen [22mAdmin creates a client with random data[39m                                                                                           [90m# org.apache.fineract.test.stepdef.common.ClientStepDef.createClientRandomFirstNameLastName()[39m
  [32m✔[39m [32m[1mWhen [22mAdmin creates a fully customized loan with fixed length [1m5[22m and with the following data:[39m                                            [90m# org.apache.fineract.test.stepdef.loan.LoanStepDef.createFullyCustomizedLoanFixedLength(int,io.cucumber.datatable.DataTable)[39m
      | LoanProduct                                | submitted on date | with Principal | ANNUAL interest rate % | interest type | interest calculation period | amortization type  | loanTermFrequency | loanTermFrequencyType | repaymentEvery | repaymentFrequencyType | numberOfRepayments | graceOnPrincipalPayment | graceOnInterestPayment | interest free period | Payment strategy            |
      | LP2_DOWNPAYMENT_ADV_PMT_ALLOC_FIXED_LENGTH | 01 February 2024  | 1000           | 0                      | FLAT          | SAME_AS_REPAYMENT_PERIOD    | EQUAL_INSTALLMENTS | 6                 | MONTHS                | 2              | MONTHS                 | 3                  | 0                       | 0                      | 0                    | ADVANCED_PAYMENT_ALLOCATION |
  [32m✔[39m [32m[1mAnd [22mAdmin successfully approves the loan on [1m"01 February 2024"[22m with [1m"1000"[22m amount and expected disbursement date on [1m"01 February 2024"[22m[39m [90m# org.apache.fineract.test.stepdef.loan.LoanStepDef.approveLoan(java.lang.String,java.lang.String,java.lang.String)[39m
  [32m✔[39m [32m[1mWhen [22mAdmin successfully disburse the loan on [1m"01 February 2024"[22m with [1m"1000"[22m EUR transaction amount[39m                                     [90m# org.apache.fineract.test.stepdef.loan.LoanStepDef.disburseLoan(java.lang.String,java.lang.String)[39m
  [32m✔[39m [32m[1mThen [22mLoanDetails has fixedLength field with int value: [1m5[22m[39m                                                                               [90m# org.apache.fineract.test.stepdef.loan.LoanStepDef.checkLoanDetailsFieldAndValueInt(int)[39m
  [32m✔[39m [32m[1mThen [22mLoan Repayment schedule has [1m4[22m periods, with the following data for periods:[39m                                                       [90m# org.apache.fineract.test.stepdef.loan.LoanStepDef.loanRepaymentSchedulePeriodsCheck(int,io.cucumber.datatable.DataTable)[39m
      | Nr | Days | Date             | Paid date | Balance of loan | Principal due | Interest | Fees | Penalties | Due   | Paid | In advance | Late | Outstanding |
      |    |      | 01 February 2024 |           | 1000.0          |               |          | 0.0  |           | 0.0   | 0.0  |            |      |             |
      | 1  | 0    | 01 February 2024 |           | 750.0           | 250.0         | 0.0      | 0.0  | 0.0       | 250.0 | 0.0  | 0.0        | 0.0  | 250.0       |
      | 2  | 60   | 01 April 2024    |           | 500.0           | 250.0         | 0.0      | 0.0  | 0.0       | 250.0 | 0.0  | 0.0        | 0.0  | 250.0       |
      | 3  | 61   | 01 June 2024     |           | 250.0           | 250.0         | 0.0      | 0.0  | 0.0       | 250.0 | 0.0  | 0.0        | 0.0  | 250.0       |
      | 4  | 30   | 01 July 2024     |           | 0.0             | 250.0         | 0.0      | 0.0  | 0.0       | 250.0 | 0.0  | 0.0        | 0.0  | 250.0       |
  [32m✔[39m [32m[1mThen [22mLoan Repayment schedule has the following data in Total row:[39m                                                                      [90m# org.apache.fineract.test.stepdef.loan.LoanStepDef.loanRepaymentScheduleAmountCheck(io.cucumber.datatable.DataTable)[39m
      | Principal due | Interest | Fees | Penalties | Due    | Paid | In advance | Late | Outstanding |
      | 1000.0        | 0        | 0.0  | 0         | 1000.0 | 0.0  | 0.0        | 0    | 1000.0      |
  [32m✔[39m [32m[1mThen [22mLoan Transactions tab has the following data:[39m                                                                                     [90m# org.apache.fineract.test.stepdef.loan.LoanStepDef.loanTransactionsTabCheck(io.cucumber.datatable.DataTable)[39m
      | Transaction date | Transaction Type | Amount | Principal | Interest | Fees | Penalties | Loan Balance |
      | 01 February 2024 | Disbursement     | 1000.0 | 0.0       | 0.0      | 0.0  | 0.0       | 1000.0       |

@LoanFeature @TestRailId:C3124
[1mScenario:[22m Verify fixed length loan account Loan schedule - UC6: loan account with fixed length of 7 months (loanTermFrequency: 6 months)   [90m# fineract-e2e-tests-runner/src/test/resources/features/Loan-Part3.feature:2244[39m
  [32m✔[39m [32m[1mWhen [22mAdmin sets the business date to [1m"01 February 2024"[22m[39m                                                                                [90m# org.apache.fineract.test.stepdef.common.BusinessDateStepDef.setBusinessDate(java.lang.String)[39m
  [32m✔[39m [32m[1mWhen [22mAdmin creates a client with random data[39m                                                                                           [90m# org.apache.fineract.test.stepdef.common.ClientStepDef.createClientRandomFirstNameLastName()[39m
  [32m✔[39m [32m[1mWhen [22mAdmin creates a fully customized loan with fixed length [1m7[22m and with the following data:[39m                                            [90m# org.apache.fineract.test.stepdef.loan.LoanStepDef.createFullyCustomizedLoanFixedLength(int,io.cucumber.datatable.DataTable)[39m
      | LoanProduct                                | submitted on date | with Principal | ANNUAL interest rate % | interest type | interest calculation period | amortization type  | loanTermFrequency | loanTermFrequencyType | repaymentEvery | repaymentFrequencyType | numberOfRepayments | graceOnPrincipalPayment | graceOnInterestPayment | interest free period | Payment strategy            |
      | LP2_DOWNPAYMENT_ADV_PMT_ALLOC_FIXED_LENGTH | 01 February 2024  | 1000           | 0                      | FLAT          | SAME_AS_REPAYMENT_PERIOD    | EQUAL_INSTALLMENTS | 6                 | MONTHS                | 2              | MONTHS                 | 3                  | 0                       | 0                      | 0                    | ADVANCED_PAYMENT_ALLOCATION |
  [32m✔[39m [32m[1mAnd [22mAdmin successfully approves the loan on [1m"01 February 2024"[22m with [1m"1000"[22m amount and expected disbursement date on [1m"01 February 2024"[22m[39m [90m# org.apache.fineract.test.stepdef.loan.LoanStepDef.approveLoan(java.lang.String,java.lang.String,java.lang.String)[39m
  [32m✔[39m [32m[1mWhen [22mAdmin successfully disburse the loan on [1m"01 February 2024"[22m with [1m"1000"[22m EUR transaction amount[39m                                     [90m# org.apache.fineract.test.stepdef.loan.LoanStepDef.disburseLoan(java.lang.String,java.lang.String)[39m
  [32m✔[39m [32m[1mThen [22mLoanDetails has fixedLength field with int value: [1m7[22m[39m                                                                               [90m# org.apache.fineract.test.stepdef.loan.LoanStepDef.checkLoanDetailsFieldAndValueInt(int)[39m
  [32m✔[39m [32m[1mThen [22mLoan Repayment schedule has [1m4[22m periods, with the following data for periods:[39m                                                       [90m# org.apache.fineract.test.stepdef.loan.LoanStepDef.loanRepaymentSchedulePeriodsCheck(int,io.cucumber.datatable.DataTable)[39m
      | Nr | Days | Date              | Paid date | Balance of loan | Principal due | Interest | Fees | Penalties | Due   | Paid | In advance | Late | Outstanding |
      |    |      | 01 February 2024  |           | 1000.0          |               |          | 0.0  |           | 0.0   | 0.0  |            |      |             |
      | 1  | 0    | 01 February 2024  |           | 750.0           | 250.0         | 0.0      | 0.0  | 0.0       | 250.0 | 0.0  | 0.0        | 0.0  | 250.0       |
      | 2  | 60   | 01 April 2024     |           | 500.0           | 250.0         | 0.0      | 0.0  | 0.0       | 250.0 | 0.0  | 0.0        | 0.0  | 250.0       |
      | 3  | 61   | 01 June 2024      |           | 250.0           | 250.0         | 0.0      | 0.0  | 0.0       | 250.0 | 0.0  | 0.0        | 0.0  | 250.0       |
      | 4  | 92   | 01 September 2024 |           | 0.0             | 250.0         | 0.0      | 0.0  | 0.0       | 250.0 | 0.0  | 0.0        | 0.0  | 250.0       |
  [32m✔[39m [32m[1mThen [22mLoan Repayment schedule has the following data in Total row:[39m                                                                      [90m# org.apache.fineract.test.stepdef.loan.LoanStepDef.loanRepaymentScheduleAmountCheck(io.cucumber.datatable.DataTable)[39m
      | Principal due | Interest | Fees | Penalties | Due    | Paid | In advance | Late | Outstanding |
      | 1000.0        | 0        | 0.0  | 0         | 1000.0 | 0.0  | 0.0        | 0    | 1000.0      |
  [32m✔[39m [32m[1mThen [22mLoan Transactions tab has the following data:[39m                                                                                     [90m# org.apache.fineract.test.stepdef.loan.LoanStepDef.loanTransactionsTabCheck(io.cucumber.datatable.DataTable)[39m
      | Transaction date | Transaction Type | Amount | Principal | Interest | Fees | Penalties | Loan Balance |
      | 01 February 2024 | Disbursement     | 1000.0 | 0.0       | 0.0      | 0.0  | 0.0       | 1000.0       |

@LoanFeature @TestRailId:C3125
[1mScenario:[22m Verify fixed length loan account Loan schedule - UC7: loan account with fixed length of 5 months but 6 month period / repayment in every 1 month results an ERROR [90m# fineract-e2e-tests-runner/src/test/resources/features/Loan-Part3.feature:2268[39m
  [32m✔[39m [32m[1mWhen [22mAdmin sets the business date to [1m"01 February 2024"[22m[39m                                                                                                                 [90m# org.apache.fineract.test.stepdef.common.BusinessDateStepDef.setBusinessDate(java.lang.String)[39m
  [32m✔[39m [32m[1mWhen [22mAdmin creates a client with random data[39m                                                                                                                            [90m# org.apache.fineract.test.stepdef.common.ClientStepDef.createClientRandomFirstNameLastName()[39m
  [32m✔[39m [32m[1mWhen [22mTrying to create a fully customized loan with fixed length [1m5[22m and with the following data will result a [1m403[22m ERROR:[39m                                                  [90m# org.apache.fineract.test.stepdef.loan.LoanStepDef.createFullyCustomizedLoanFixedLengthError(int,int,io.cucumber.datatable.DataTable)[39m
      | LoanProduct                                | submitted on date | with Principal | ANNUAL interest rate % | interest type | interest calculation period | amortization type  | loanTermFrequency | loanTermFrequencyType | repaymentEvery | repaymentFrequencyType | numberOfRepayments | graceOnPrincipalPayment | graceOnInterestPayment | interest free period | Payment strategy            |
      | LP2_DOWNPAYMENT_ADV_PMT_ALLOC_FIXED_LENGTH | 01 February 2024  | 1000           | 0                      | FLAT          | SAME_AS_REPAYMENT_PERIOD    | EQUAL_INSTALLMENTS | 6                 | MONTHS                | 1              | MONTHS                 | 6                  | 0                       | 0                      | 0                    | ADVANCED_PAYMENT_ALLOCATION |

@LoanFeature @TestRailId:C3126
[1mScenario:[22m Verify fixed length loan account Loan schedule - UC8: Reschedule by date a loan account with fixed length of 40 days             [90m# fineract-e2e-tests-runner/src/test/resources/features/Loan-Part3.feature:2276[39m
  [32m✔[39m [32m[1mWhen [22mAdmin sets the business date to [1m"01 February 2024"[22m[39m                                                                                [90m# org.apache.fineract.test.stepdef.common.BusinessDateStepDef.setBusinessDate(java.lang.String)[39m
  [32m✔[39m [32m[1mWhen [22mAdmin creates a client with random data[39m                                                                                           [90m# org.apache.fineract.test.stepdef.common.ClientStepDef.createClientRandomFirstNameLastName()[39m
  [32m✔[39m [32m[1mWhen [22mAdmin creates a fully customized loan with fixed length [1m40[22m and with the following data:[39m                                           [90m# org.apache.fineract.test.stepdef.loan.LoanStepDef.createFullyCustomizedLoanFixedLength(int,io.cucumber.datatable.DataTable)[39m
      | LoanProduct                                | submitted on date | with Principal | ANNUAL interest rate % | interest type | interest calculation period | amortization type  | loanTermFrequency | loanTermFrequencyType | repaymentEvery | repaymentFrequencyType | numberOfRepayments | graceOnPrincipalPayment | graceOnInterestPayment | interest free period | Payment strategy            |
      | LP2_DOWNPAYMENT_ADV_PMT_ALLOC_FIXED_LENGTH | 01 February 2024  | 1000           | 0                      | FLAT          | SAME_AS_REPAYMENT_PERIOD    | EQUAL_INSTALLMENTS | 45                | DAYS                  | 15             | DAYS                   | 3                  | 0                       | 0                      | 0                    | ADVANCED_PAYMENT_ALLOCATION |
  [32m✔[39m [32m[1mAnd [22mAdmin successfully approves the loan on [1m"01 February 2024"[22m with [1m"1000"[22m amount and expected disbursement date on [1m"01 February 2024"[22m[39m [90m# org.apache.fineract.test.stepdef.loan.LoanStepDef.approveLoan(java.lang.String,java.lang.String,java.lang.String)[39m
  [32m✔[39m [32m[1mWhen [22mAdmin successfully disburse the loan on [1m"01 February 2024"[22m with [1m"1000"[22m EUR transaction amount[39m                                     [90m# org.apache.fineract.test.stepdef.loan.LoanStepDef.disburseLoan(java.lang.String,java.lang.String)[39m
  [32m✔[39m [32m[1mThen [22mLoan Repayment schedule has [1m4[22m periods, with the following data for periods:[39m                                                       [90m# org.apache.fineract.test.stepdef.loan.LoanStepDef.loanRepaymentSchedulePeriodsCheck(int,io.cucumber.datatable.DataTable)[39m
      | Nr | Days | Date             | Paid date | Balance of loan | Principal due | Interest | Fees | Penalties | Due   | Paid | In advance | Late | Outstanding |
      |    |      | 01 February 2024 |           | 1000.0          |               |          | 0.0  |           | 0.0   | 0.0  |            |      |             |
      | 1  | 0    | 01 February 2024 |           | 750.0           | 250.0         | 0.0      | 0.0  | 0.0       | 250.0 | 0.0  | 0.0        | 0.0  | 250.0       |
      | 2  | 15   | 16 February 2024 |           | 500.0           | 250.0         | 0.0      | 0.0  | 0.0       | 250.0 | 0.0  | 0.0        | 0.0  | 250.0       |
      | 3  | 15   | 02 March 2024    |           | 250.0           | 250.0         | 0.0      | 0.0  | 0.0       | 250.0 | 0.0  | 0.0        | 0.0  | 250.0       |
      | 4  | 10   | 12 March 2024    |           | 0.0             | 250.0         | 0.0      | 0.0  | 0.0       | 250.0 | 0.0  | 0.0        | 0.0  | 250.0       |
  [32m✔[39m [32m[1mThen [22mLoan Repayment schedule has the following data in Total row:[39m                                                                      [90m# org.apache.fineract.test.stepdef.loan.LoanStepDef.loanRepaymentScheduleAmountCheck(io.cucumber.datatable.DataTable)[39m
      | Principal due | Interest | Fees | Penalties | Due    | Paid | In advance | Late | Outstanding |
      | 1000.0        | 0        | 0.0  | 0         | 1000.0 | 0.0  | 0.0        | 0    | 1000.0      |
  [32m✔[39m [32m[1mThen [22mLoan Transactions tab has the following data:[39m                                                                                     [90m# org.apache.fineract.test.stepdef.loan.LoanStepDef.loanTransactionsTabCheck(io.cucumber.datatable.DataTable)[39m
      | Transaction date | Transaction Type | Amount | Principal | Interest | Fees | Penalties | Loan Balance |
      | 01 February 2024 | Disbursement     | 1000.0 | 0.0       | 0.0      | 0.0  | 0.0       | 1000.0       |
  [32m✔[39m [32m[1mWhen [22mAdmin sets the business date to [1m"02 March 2024"[22m[39m                                                                                   [90m# org.apache.fineract.test.stepdef.common.BusinessDateStepDef.setBusinessDate(java.lang.String)[39m
  [32m✔[39m [32m[1mWhen [22mAdmin creates and approves Loan reschedule with the following data:[39m                                                               [90m# org.apache.fineract.test.stepdef.loan.LoanRescheduleStepDef.createAndApproveLoanReschedule(io.cucumber.datatable.DataTable)[39m
      | rescheduleFromDate | submittedOnDate | adjustedDueDate | graceOnPrincipal | graceOnInterest | extraTerms | newInterestRate |
      | 02 March 2024      | 02 March 2024   | 20 March 2024   |                  |                 |            |                 |
  [32m✔[39m [32m[1mThen [22mLoan Repayment schedule has [1m4[22m periods, with the following data for periods:[39m                                                       [90m# org.apache.fineract.test.stepdef.loan.LoanStepDef.loanRepaymentSchedulePeriodsCheck(int,io.cucumber.datatable.DataTable)[39m
      | Nr | Days | Date             | Paid date | Balance of loan | Principal due | Interest | Fees | Penalties | Due   | Paid | In advance | Late | Outstanding |
      |    |      | 01 February 2024 |           | 1000.0          |               |          | 0.0  |           | 0.0   | 0.0  |            |      |             |
      | 1  | 0    | 01 February 2024 |           | 750.0           | 250.0         | 0.0      | 0.0  | 0.0       | 250.0 | 0.0  | 0.0        | 0.0  | 250.0       |
      | 2  | 15   | 16 February 2024 |           | 500.0           | 250.0         | 0.0      | 0.0  | 0.0       | 250.0 | 0.0  | 0.0        | 0.0  | 250.0       |
      | 3  | 33   | 20 March 2024    |           | 250.0           | 250.0         | 0.0      | 0.0  | 0.0       | 250.0 | 0.0  | 0.0        | 0.0  | 250.0       |
      | 4  | 10   | 30 March 2024    |           | 0.0             | 250.0         | 0.0      | 0.0  | 0.0       | 250.0 | 0.0  | 0.0        | 0.0  | 250.0       |
  [32m✔[39m [32m[1mThen [22mLoan Repayment schedule has the following data in Total row:[39m                                                                      [90m# org.apache.fineract.test.stepdef.loan.LoanStepDef.loanRepaymentScheduleAmountCheck(io.cucumber.datatable.DataTable)[39m
      | Principal due | Interest | Fees | Penalties | Due    | Paid | In advance | Late | Outstanding |
      | 1000.0        | 0        | 0.0  | 0         | 1000.0 | 0.0  | 0.0        | 0    | 1000.0      |
  [32m✔[39m [32m[1mThen [22mLoan Transactions tab has the following data:[39m                                                                                     [90m# org.apache.fineract.test.stepdef.loan.LoanStepDef.loanTransactionsTabCheck(io.cucumber.datatable.DataTable)[39m
      | Transaction date | Transaction Type | Amount | Principal | Interest | Fees | Penalties | Loan Balance |
      | 01 February 2024 | Disbursement     | 1000.0 | 0.0       | 0.0      | 0.0  | 0.0       | 1000.0       |

@LoanFeature @TestRailId:C3127
[1mScenario:[22m Verify fixed length loan account Loan schedule - UC9: Reschedule by extra terms a loan account with fixed length of 40 days      [90m# fineract-e2e-tests-runner/src/test/resources/features/Loan-Part3.feature:2316[39m
  [32m✔[39m [32m[1mWhen [22mAdmin sets the business date to [1m"01 February 2024"[22m[39m                                                                                [90m# org.apache.fineract.test.stepdef.common.BusinessDateStepDef.setBusinessDate(java.lang.String)[39m
  [32m✔[39m [32m[1mWhen [22mAdmin creates a client with random data[39m                                                                                           [90m# org.apache.fineract.test.stepdef.common.ClientStepDef.createClientRandomFirstNameLastName()[39m
  [32m✔[39m [32m[1mWhen [22mAdmin creates a fully customized loan with fixed length [1m40[22m and with the following data:[39m                                           [90m# org.apache.fineract.test.stepdef.loan.LoanStepDef.createFullyCustomizedLoanFixedLength(int,io.cucumber.datatable.DataTable)[39m
      | LoanProduct                                | submitted on date | with Principal | ANNUAL interest rate % | interest type | interest calculation period | amortization type  | loanTermFrequency | loanTermFrequencyType | repaymentEvery | repaymentFrequencyType | numberOfRepayments | graceOnPrincipalPayment | graceOnInterestPayment | interest free period | Payment strategy            |
      | LP2_DOWNPAYMENT_ADV_PMT_ALLOC_FIXED_LENGTH | 01 February 2024  | 1000           | 0                      | FLAT          | SAME_AS_REPAYMENT_PERIOD    | EQUAL_INSTALLMENTS | 45                | DAYS                  | 15             | DAYS                   | 3                  | 0                       | 0                      | 0                    | ADVANCED_PAYMENT_ALLOCATION |
  [32m✔[39m [32m[1mAnd [22mAdmin successfully approves the loan on [1m"01 February 2024"[22m with [1m"1000"[22m amount and expected disbursement date on [1m"01 February 2024"[22m[39m [90m# org.apache.fineract.test.stepdef.loan.LoanStepDef.approveLoan(java.lang.String,java.lang.String,java.lang.String)[39m
  [32m✔[39m [32m[1mWhen [22mAdmin successfully disburse the loan on [1m"01 February 2024"[22m with [1m"1000"[22m EUR transaction amount[39m                                     [90m# org.apache.fineract.test.stepdef.loan.LoanStepDef.disburseLoan(java.lang.String,java.lang.String)[39m
  [32m✔[39m [32m[1mThen [22mLoan Repayment schedule has [1m4[22m periods, with the following data for periods:[39m                                                       [90m# org.apache.fineract.test.stepdef.loan.LoanStepDef.loanRepaymentSchedulePeriodsCheck(int,io.cucumber.datatable.DataTable)[39m
      | Nr | Days | Date             | Paid date | Balance of loan | Principal due | Interest | Fees | Penalties | Due   | Paid | In advance | Late | Outstanding |
      |    |      | 01 February 2024 |           | 1000.0          |               |          | 0.0  |           | 0.0   | 0.0  |            |      |             |
      | 1  | 0    | 01 February 2024 |           | 750.0           | 250.0         | 0.0      | 0.0  | 0.0       | 250.0 | 0.0  | 0.0        | 0.0  | 250.0       |
      | 2  | 15   | 16 February 2024 |           | 500.0           | 250.0         | 0.0      | 0.0  | 0.0       | 250.0 | 0.0  | 0.0        | 0.0  | 250.0       |
      | 3  | 15   | 02 March 2024    |           | 250.0           | 250.0         | 0.0      | 0.0  | 0.0       | 250.0 | 0.0  | 0.0        | 0.0  | 250.0       |
      | 4  | 10   | 12 March 2024    |           | 0.0             | 250.0         | 0.0      | 0.0  | 0.0       | 250.0 | 0.0  | 0.0        | 0.0  | 250.0       |
  [32m✔[39m [32m[1mThen [22mLoan Repayment schedule has the following data in Total row:[39m                                                                      [90m# org.apache.fineract.test.stepdef.loan.LoanStepDef.loanRepaymentScheduleAmountCheck(io.cucumber.datatable.DataTable)[39m
      | Principal due | Interest | Fees | Penalties | Due    | Paid | In advance | Late | Outstanding |
      | 1000.0        | 0        | 0.0  | 0         | 1000.0 | 0.0  | 0.0        | 0    | 1000.0      |
  [32m✔[39m [32m[1mThen [22mLoan Transactions tab has the following data:[39m                                                                                     [90m# org.apache.fineract.test.stepdef.loan.LoanStepDef.loanTransactionsTabCheck(io.cucumber.datatable.DataTable)[39m
      | Transaction date | Transaction Type | Amount | Principal | Interest | Fees | Penalties | Loan Balance |
      | 01 February 2024 | Disbursement     | 1000.0 | 0.0       | 0.0      | 0.0  | 0.0       | 1000.0       |
  [32m✔[39m [32m[1mWhen [22mAdmin sets the business date to [1m"16 February 2024"[22m[39m                                                                                [90m# org.apache.fineract.test.stepdef.common.BusinessDateStepDef.setBusinessDate(java.lang.String)[39m
  [32m✔[39m [32m[1mWhen [22mAdmin creates and approves Loan reschedule with the following data:[39m                                                               [90m# org.apache.fineract.test.stepdef.loan.LoanRescheduleStepDef.createAndApproveLoanReschedule(io.cucumber.datatable.DataTable)[39m
      | rescheduleFromDate | submittedOnDate  | adjustedDueDate | graceOnPrincipal | graceOnInterest | extraTerms | newInterestRate |
      | 16 February 2024   | 16 February 2024 |                 |                  |                 | 2          |                 |
  [32m✔[39m [32m[1mThen [22mLoan Repayment schedule has [1m6[22m periods, with the following data for periods:[39m                                                       [90m# org.apache.fineract.test.stepdef.loan.LoanStepDef.loanRepaymentSchedulePeriodsCheck(int,io.cucumber.datatable.DataTable)[39m
      | Nr | Days | Date             | Paid date | Balance of loan | Principal due | Interest | Fees | Penalties | Due   | Paid | In advance | Late | Outstanding |
      |    |      | 01 February 2024 |           | 1000.0          |               |          | 0.0  |           | 0.0   | 0.0  |            |      |             |
      | 1  | 0    | 01 February 2024 |           | 750.0           | 250.0         | 0.0      | 0.0  | 0.0       | 250.0 | 0.0  | 0.0        | 0.0  | 250.0       |
      | 2  | 15   | 16 February 2024 |           | 600.0           | 150.0         | 0.0      | 0.0  | 0.0       | 150.0 | 0.0  | 0.0        | 0.0  | 150.0       |
      | 3  | 15   | 02 March 2024    |           | 450.0           | 150.0         | 0.0      | 0.0  | 0.0       | 150.0 | 0.0  | 0.0        | 0.0  | 150.0       |
      | 4  | 10   | 12 March 2024    |           | 300.0           | 150.0         | 0.0      | 0.0  | 0.0       | 150.0 | 0.0  | 0.0        | 0.0  | 150.0       |
      | 5  | 20   | 01 April 2024    |           | 150.0           | 150.0         | 0.0      | 0.0  | 0.0       | 150.0 | 0.0  | 0.0        | 0.0  | 150.0       |
      | 6  | 15   | 16 April 2024    |           | 0.0             | 150.0         | 0.0      | 0.0  | 0.0       | 150.0 | 0.0  | 0.0        | 0.0  | 150.0       |
  [32m✔[39m [32m[1mThen [22mLoan Repayment schedule has the following data in Total row:[39m                                                                      [90m# org.apache.fineract.test.stepdef.loan.LoanStepDef.loanRepaymentScheduleAmountCheck(io.cucumber.datatable.DataTable)[39m
      | Principal due | Interest | Fees | Penalties | Due    | Paid | In advance | Late | Outstanding |
      | 1000.0        | 0        | 0.0  | 0         | 1000.0 | 0.0  | 0.0        | 0    | 1000.0      |
  [32m✔[39m [32m[1mThen [22mLoan Transactions tab has the following data:[39m                                                                                     [90m# org.apache.fineract.test.stepdef.loan.LoanStepDef.loanTransactionsTabCheck(io.cucumber.datatable.DataTable)[39m
      | Transaction date | Transaction Type | Amount | Principal | Interest | Fees | Penalties | Loan Balance |
      | 01 February 2024 | Disbursement     | 1000.0 | 0.0       | 0.0      | 0.0  | 0.0       | 1000.0       |

@LoanFeature @TestRailId:C3192
[1mScenario:[22m Verify that the error message is correct in case of the actual disbursement date is in the past with advanced payment allocation product + submitted on date repaymentStartDateType [90m# fineract-e2e-tests-runner/src/test/resources/features/Loan-Part3.feature:2359[39m
  [32m✔[39m [32m[1mWhen [22mAdmin sets repaymentStartDateType for [1m"LP2_DOWNPAYMENT_AUTO_ADVANCED_PAYMENT_ALLOCATION"[22m loan product to [1m"SUBMITTED_ON_DATE"[22m[39m                                                         [90m# org.apache.fineract.test.stepdef.loan.LoanStepDef.editRepaymentStartDateType(java.lang.String,java.lang.String)[39m
  [32m✔[39m [32m[1mWhen [22mAdmin set [1m"LP2_DOWNPAYMENT_AUTO_ADVANCED_PAYMENT_ALLOCATION"[22m loan product [1m"DEFAULT"[22m transaction type to [1m"NEXT_INSTALLMENT"[22m future installment allocation rule[39m                        [90m# org.apache.fineract.test.stepdef.loan.LoanStepDef.editFutureInstallmentAllocationTypeForLoanProduct(java.lang.String,java.lang.String,java.lang.String)[39m
  [32m✔[39m [32m[1mWhen [22mAdmin sets the business date to [1m"01 January 2023"[22m[39m                                                                                                                                    [90m# org.apache.fineract.test.stepdef.common.BusinessDateStepDef.setBusinessDate(java.lang.String)[39m
  [32m✔[39m [32m[1mAnd [22mAdmin creates a client with random data[39m                                                                                                                                               [90m# org.apache.fineract.test.stepdef.common.ClientStepDef.createClientRandomFirstNameLastName()[39m
  [32m✔[39m [32m[1mWhen [22mAdmin creates a fully customized loan with the following data:[39m                                                                                                                       [90m# org.apache.fineract.test.stepdef.loan.LoanStepDef.createFullyCustomizedLoan(io.cucumber.datatable.DataTable)[39m
      | LoanProduct                                      | submitted on date | with Principal | ANNUAL interest rate % | interest type | interest calculation period | amortization type  | loanTermFrequency | loanTermFrequencyType | repaymentEvery | repaymentFrequencyType | numberOfRepayments | graceOnPrincipalPayment | graceOnInterestPayment | interest free period | Payment strategy            |
      | LP2_DOWNPAYMENT_AUTO_ADVANCED_PAYMENT_ALLOCATION | 01 January 2023   | 500            | 0                      | FLAT          | SAME_AS_REPAYMENT_PERIOD    | EQUAL_INSTALLMENTS | 45                | DAYS                  | 15             | DAYS                   | 3                  | 0                       | 0                      | 0                    | ADVANCED_PAYMENT_ALLOCATION |
  [32m✔[39m [32m[1mAnd [22mAdmin successfully approves the loan on [1m"01 January 2023"[22m with [1m"500"[22m amount and expected disbursement date on [1m"01 January 2023"[22m[39m                                                       [90m# org.apache.fineract.test.stepdef.loan.LoanStepDef.approveLoan(java.lang.String,java.lang.String,java.lang.String)[39m
  [32m✔[39m [32m[1mThen [22mLoan status has changed to [1m"Approved"[22m[39m                                                                                                                                                [90m# org.apache.fineract.test.stepdef.loan.LoanStepDef.loanStatusHasChangedTo(java.lang.String)[39m
  [32m✔[39m [32m[1mThen [22mAdmin fails to disburse the loan on [1m"31 December 2022"[22m with [1m"500"[22m EUR transaction amount because disbursement date is earlier than [1m"01 January 2023"[22m[39m                                 [90m# org.apache.fineract.test.stepdef.loan.LoanStepDef.disburseLoanFailureWithPastDate(java.lang.String,java.lang.String,java.lang.String)[39m
  [32m✔[39m [32m[1mWhen [22mAdmin sets repaymentStartDateType for [1m"LP2_DOWNPAYMENT_AUTO_ADVANCED_PAYMENT_ALLOCATION"[22m loan product to [1m"DISBURSEMENT_DATE"[22m[39m                                                         [90m# org.apache.fineract.test.stepdef.loan.LoanStepDef.editRepaymentStartDateType(java.lang.String,java.lang.String)[39m

@LoanFeature @TestRailId:C3242
[1mScenario:[22m Verify that there are no restriction on repayment reversal for overpaid loan for interest bearing product                                                                [90m# fineract-e2e-tests-runner/src/test/resources/features/Loan-Part3.feature:2373[39m
  [32m✔[39m [32m[1mWhen [22mAdmin sets the business date to [1m"23 June 2024"[22m[39m                                                                                                                            [90m# org.apache.fineract.test.stepdef.common.BusinessDateStepDef.setBusinessDate(java.lang.String)[39m
  [32m✔[39m [32m[1mWhen [22mAdmin creates a client with random data[39m                                                                                                                                   [90m# org.apache.fineract.test.stepdef.common.ClientStepDef.createClientRandomFirstNameLastName()[39m
  [32m✔[39m [32m[1mWhen [22mAdmin creates a fully customized loan with the following data:[39m                                                                                                            [90m# org.apache.fineract.test.stepdef.loan.LoanStepDef.createFullyCustomizedLoan(io.cucumber.datatable.DataTable)[39m
      | LoanProduct                                                                        | submitted on date | with Principal | ANNUAL interest rate % | interest type     | interest calculation period | amortization type  | loanTermFrequency | loanTermFrequencyType | repaymentEvery | repaymentFrequencyType | numberOfRepayments | graceOnPrincipalPayment | graceOnInterestPayment | interest free period | Payment strategy            |
      | LP2_ADV_PYMNT_INTEREST_DAILY_EMI_360_30_INTEREST_RECALCULATION_DAILY_TILL_PRECLOSE | 23 Jun 2024       | 400            | 0                      | DECLINING_BALANCE | DAILY                       | EQUAL_INSTALLMENTS | 30                | DAYS                  | 30             | DAYS                   | 1                  | 0                       | 0                      | 0                    | ADVANCED_PAYMENT_ALLOCATION |
  [32m✔[39m [32m[1mAnd [22mAdmin successfully approves the loan on [1m"23 June 2024"[22m with [1m"400"[22m amount and expected disbursement date on [1m"23 June 2024"[22m[39m                                                  [90m# org.apache.fineract.test.stepdef.loan.LoanStepDef.approveLoan(java.lang.String,java.lang.String,java.lang.String)[39m
  [32m✔[39m [32m[1mWhen [22mAdmin successfully disburse the loan on [1m"23 June 2024"[22m with [1m"400"[22m EUR transaction amount[39m                                                                                  [90m# org.apache.fineract.test.stepdef.loan.LoanStepDef.disburseLoan(java.lang.String,java.lang.String)[39m
  [32m✔[39m [32m[1mAnd [22mAdmin sets the business date to [1m"24 June 2024"[22m[39m                                                                                                                             [90m# org.apache.fineract.test.stepdef.common.BusinessDateStepDef.setBusinessDate(java.lang.String)[39m
  [32m✔[39m [32m[1mAnd [22mCustomer makes [1m"AUTOPAY"[22m repayment on [1m"24 June 2024"[22m with [1m100[22m EUR transaction amount[39m                                                                                       [90m# org.apache.fineract.test.stepdef.loan.LoanRepaymentStepDef.makeLoanRepayment(java.lang.String,java.lang.String,double)[39m
  [32m✔[39m [32m[1mThen [22mLoan Repayment schedule has [1m1[22m periods, with the following data for periods:[39m                                                                                               [90m# org.apache.fineract.test.stepdef.loan.LoanStepDef.loanRepaymentSchedulePeriodsCheck(int,io.cucumber.datatable.DataTable)[39m
      | Nr | Days | Date         | Paid date | Balance of loan | Principal due | Interest | Fees | Penalties | Due   | Paid  | In advance | Late | Outstanding |
      |    |      | 23 June 2024 |           | 400.0           |               |          | 0.0  |           | 0.0   | 0.0   |            |      |             |
      | 1  | 30   | 23 July 2024 |           | 0.0             | 400.0         | 0.0      | 0.0  | 0.0       | 400.0 | 100.0 | 100.0      | 0.0  | 300.0       |
  [32m✔[39m [32m[1mThen [22mLoan Repayment schedule has the following data in Total row:[39m                                                                                                              [90m# org.apache.fineract.test.stepdef.loan.LoanStepDef.loanRepaymentScheduleAmountCheck(io.cucumber.datatable.DataTable)[39m
      | Principal due | Interest | Fees | Penalties | Due   | Paid  | In advance | Late | Outstanding |
      | 400.0         | 0.0      | 0.0  | 0.0       | 400.0 | 100.0 | 100.0      | 0.0  | 300.0       |
  [32m✔[39m [32m[1mThen [22mLoan Transactions tab has the following data:[39m                                                                                                                             [90m# org.apache.fineract.test.stepdef.loan.LoanStepDef.loanTransactionsTabCheck(io.cucumber.datatable.DataTable)[39m
      | Transaction date | Transaction Type | Amount | Principal | Interest | Fees | Penalties | Loan Balance |
      | 23 June 2024     | Disbursement     | 400.0  | 0.0       | 0.0      | 0.0  | 0.0       | 400.0        |
      | 24 June 2024     | Repayment        | 100.0  | 100.0     | 0.0      | 0.0  | 0.0       | 300.0        |
  [32m✔[39m [32m[1mAnd [22mAdmin sets the business date to [1m"10 September 2024"[22m[39m                                                                                                                        [90m# org.apache.fineract.test.stepdef.common.BusinessDateStepDef.setBusinessDate(java.lang.String)[39m
  [32m✔[39m [32m[1mWhen [22mCustomer makes [1m"MERCHANT_ISSUED_REFUND"[22m transaction with [1m"AUTOPAY"[22m payment type on [1m"10 September 2024"[22m with [1m400[22m EUR transaction amount and self-generated Idempotency key[39m [90m# org.apache.fineract.test.stepdef.loan.LoanStepDef.createTransactionWithIdempotencyKey(java.lang.String,java.lang.String,java.lang.String,double)[39m
  [32m✔[39m [32m[1mThen [22mLoan Repayment schedule has [1m1[22m periods, with the following data for periods:[39m                                                                                               [90m# org.apache.fineract.test.stepdef.loan.LoanStepDef.loanRepaymentSchedulePeriodsCheck(int,io.cucumber.datatable.DataTable)[39m
      | Nr | Days | Date         | Paid date         | Balance of loan | Principal due | Interest | Fees | Penalties | Due   | Paid  | In advance | Late  | Outstanding |
      |    |      | 23 June 2024 |                   | 400.0           |               |          | 0.0  |           | 0.0   | 0.0   |            |       |             |
      | 1  | 30   | 23 July 2024 | 10 September 2024 | 0.0             | 400.0         | 0.0      | 0.0  | 0.0       | 400.0 | 400.0 | 100.0      | 300.0 | 0.0         |
  [32m✔[39m [32m[1mThen [22mLoan Repayment schedule has the following data in Total row:[39m                                                                                                              [90m# org.apache.fineract.test.stepdef.loan.LoanStepDef.loanRepaymentScheduleAmountCheck(io.cucumber.datatable.DataTable)[39m
      | Principal due | Interest | Fees | Penalties | Due   | Paid  | In advance | Late  | Outstanding |
      | 400.0         | 0.0      | 0.0  | 0.0       | 400.0 | 400.0 | 100.0      | 300.0 | 0.0         |
  [32m✔[39m [32m[1mThen [22mLoan Transactions tab has the following data:[39m                                                                                                                             [90m# org.apache.fineract.test.stepdef.loan.LoanStepDef.loanTransactionsTabCheck(io.cucumber.datatable.DataTable)[39m
      | Transaction date  | Transaction Type       | Amount | Principal | Interest | Fees | Penalties | Loan Balance |
      | 23 June 2024      | Disbursement           | 400.0  | 0.0       | 0.0      | 0.0  | 0.0       | 400.0        |
      | 24 June 2024      | Repayment              | 100.0  | 100.0     | 0.0      | 0.0  | 0.0       | 300.0        |
      | 10 September 2024 | Merchant Issued Refund | 400.0  | 300.0     | 0.0      | 0.0  | 0.0       | 0.0          |
  [32m✔[39m [32m[1mThen [22mLoan status will be [1m"OVERPAID"[22m[39m                                                                                                                                            [90m# org.apache.fineract.test.stepdef.loan.LoanStepDef.loanStatus(java.lang.String)[39m
  [32m✔[39m [32m[1mWhen [22mAdmin makes Credit Balance Refund transaction on [1m"10 September 2024"[22m with [1m91.21[22m EUR transaction amount[39m                                                                    [90m# org.apache.fineract.test.stepdef.loan.LoanStepDef.createCBR(java.lang.String,double)[39m
  [32m✔[39m [32m[1mThen [22mLoan Repayment schedule has [1m1[22m periods, with the following data for periods:[39m                                                                                               [90m# org.apache.fineract.test.stepdef.loan.LoanStepDef.loanRepaymentSchedulePeriodsCheck(int,io.cucumber.datatable.DataTable)[39m
      | Nr | Days | Date         | Paid date         | Balance of loan | Principal due | Interest | Fees | Penalties | Due   | Paid  | In advance | Late  | Outstanding |
      |    |      | 23 June 2024 |                   | 400.0           |               |          | 0.0  |           | 0.0   | 0.0   |            |       |             |
      | 1  | 30   | 23 July 2024 | 10 September 2024 | 0.0             | 400.0         | 0.0      | 0.0  | 0.0       | 400.0 | 400.0 | 100.0      | 300.0 | 0.0         |
  [32m✔[39m [32m[1mThen [22mLoan Repayment schedule has the following data in Total row:[39m                                                                                                              [90m# org.apache.fineract.test.stepdef.loan.LoanStepDef.loanRepaymentScheduleAmountCheck(io.cucumber.datatable.DataTable)[39m
      | Principal due | Interest | Fees | Penalties | Due   | Paid  | In advance | Late  | Outstanding |
      | 400.0         | 0.0      | 0.0  | 0.0       | 400.0 | 400.0 | 100.0      | 300.0 | 0.0         |
  [32m✔[39m [32m[1mThen [22mLoan Transactions tab has the following data:[39m                                                                                                                             [90m# org.apache.fineract.test.stepdef.loan.LoanStepDef.loanTransactionsTabCheck(io.cucumber.datatable.DataTable)[39m
      | Transaction date  | Transaction Type       | Amount | Principal | Interest | Fees | Penalties | Loan Balance |
      | 23 June 2024      | Disbursement           | 400.0  | 0.0       | 0.0      | 0.0  | 0.0       | 400.0        |
      | 24 June 2024      | Repayment              | 100.0  | 100.0     | 0.0      | 0.0  | 0.0       | 300.0        |
      | 10 September 2024 | Merchant Issued Refund | 400.0  | 300.0     | 0.0      | 0.0  | 0.0       | 0.0          |
      | 10 September 2024 | Credit Balance Refund  | 91.21  | 0.0       | 0.0      | 0.0  | 0.0       | 0.0          |
  [32m✔[39m [32m[1mWhen [22mCustomer undo [1m"1"[22mth repayment on [1m"24 June 2024"[22m[39m                                                                                                                           [90m# org.apache.fineract.test.stepdef.loan.LoanRepaymentStepDef.undoNthRepayment(java.lang.String,java.lang.String)[39m
  [32m✔[39m [32m[1mThen [22mLoan Repayment schedule has [1m2[22m periods, with the following data for periods:[39m                                                                                               [90m# org.apache.fineract.test.stepdef.loan.LoanStepDef.loanRepaymentSchedulePeriodsCheck(int,io.cucumber.datatable.DataTable)[39m
      | Nr | Days | Date              | Paid date         | Balance of loan | Principal due | Interest | Fees | Penalties | Due   | Paid  | In advance | Late  | Outstanding |
      |    |      | 23 June 2024      |                   | 400.0           |               |          | 0.0  |           | 0.0   | 0.0   |            |       |             |
      | 1  | 30   | 23 July 2024      | 10 September 2024 | 0.0             | 400.0         | 0.0      | 0.0  | 0.0       | 400.0 | 400.0 | 0.0        | 400.0 | 0.0         |
      | 2  | 49   | 10 September 2024 |                   | 0.0             | 91.21         | 0.0      | 0.0  | 0.0       | 91.21 | 0.0   | 0.0        | 0.0   | 91.21       |
  [32m✔[39m [32m[1mThen [22mLoan Repayment schedule has the following data in Total row:[39m                                                                                                              [90m# org.apache.fineract.test.stepdef.loan.LoanStepDef.loanRepaymentScheduleAmountCheck(io.cucumber.datatable.DataTable)[39m
      | Principal due | Interest | Fees | Penalties | Due    | Paid  | In advance | Late  | Outstanding |
      | 491.21        | 0.0      | 0.0  | 0.0       | 491.21 | 400.0 | 0.0        | 400.0 | 91.21       |
  [32m✔[39m [32m[1mThen [22mLoan Transactions tab has the following data:[39m                                                                                                                             [90m# org.apache.fineract.test.stepdef.loan.LoanStepDef.loanTransactionsTabCheck(io.cucumber.datatable.DataTable)[39m
      | Transaction date  | Transaction Type       | Amount | Principal | Interest | Fees | Penalties | Loan Balance |
      | 23 June 2024      | Disbursement           | 400.0  | 0.0       | 0.0      | 0.0  | 0.0       | 400.0        |
      | 24 June 2024      | Repayment              | 100.0  | 100.0     | 0.0      | 0.0  | 0.0       | 300.0        |
      | 10 September 2024 | Merchant Issued Refund | 400.0  | 400.0     | 0.0      | 0.0  | 0.0       | 0.0          |
      | 10 September 2024 | Credit Balance Refund  | 91.21  | 91.21     | 0.0      | 0.0  | 0.0       | 91.21        |
  [32m✔[39m [32m[1mThen [22mIn Loan Transactions the [1m"2"[22mth Transaction has Transaction type=[1m"Repayment"[22m and is reverted[39m                                                                               [90m# org.apache.fineract.test.stepdef.loan.LoanStepDef.loanTransactionsLatestTransactionReverted(java.lang.String,java.lang.String)[39m

@LoanFeature @TestRailId:C3282
[1mScenario:[22m Verify reversal of related interest refund transaction after merchant issued refund transactions is reversed                                                             [90m# fineract-e2e-tests-runner/src/test/resources/features/Loan-Part3.feature:2441[39m
  [32m✔[39m [32m[1mWhen [22mAdmin sets the business date to [1m"01 January 2024"[22m[39m                                                                                                                         [90m# org.apache.fineract.test.stepdef.common.BusinessDateStepDef.setBusinessDate(java.lang.String)[39m
  [32m✔[39m [32m[1mWhen [22mAdmin creates a client with random data[39m                                                                                                                                   [90m# org.apache.fineract.test.stepdef.common.ClientStepDef.createClientRandomFirstNameLastName()[39m
  [32m✔[39m [32m[1mWhen [22mAdmin creates a fully customized loan with the following data:[39m                                                                                                            [90m# org.apache.fineract.test.stepdef.loan.LoanStepDef.createFullyCustomizedLoan(io.cucumber.datatable.DataTable)[39m
      | LoanProduct                                                         | submitted on date | with Principal | ANNUAL interest rate % | interest type     | interest calculation period | amortization type  | loanTermFrequency | loanTermFrequencyType | repaymentEvery | repaymentFrequencyType | numberOfRepayments | graceOnPrincipalPayment | graceOnInterestPayment | interest free period | Payment strategy            |
      | LP2_ADV_PYMNT_INTEREST_DAILY_EMI_ACTUAL_ACTUAL_INTEREST_REFUND_FULL | 01 January 2024   | 1000           | 9.9                    | DECLINING_BALANCE | DAILY                       | EQUAL_INSTALLMENTS | 4                 | MONTHS                | 1              | MONTHS                 | 4                  | 0                       | 0                      | 0                    | ADVANCED_PAYMENT_ALLOCATION |
  [32m✔[39m [32m[1mAnd [22mAdmin successfully approves the loan on [1m"01 January 2024"[22m with [1m"1000"[22m amount and expected disbursement date on [1m"01 January 2024"[22m[39m                                           [90m# org.apache.fineract.test.stepdef.loan.LoanStepDef.approveLoan(java.lang.String,java.lang.String,java.lang.String)[39m
  [32m✔[39m [32m[1mWhen [22mAdmin successfully disburse the loan on [1m"01 January 2024"[22m with [1m"1000"[22m EUR transaction amount[39m                                                                              [90m# org.apache.fineract.test.stepdef.loan.LoanStepDef.disburseLoan(java.lang.String,java.lang.String)[39m
  [32m✔[39m [32m[1mWhen [22mAdmin sets the business date to [1m"22 January 2024"[22m[39m                                                                                                                         [90m# org.apache.fineract.test.stepdef.common.BusinessDateStepDef.setBusinessDate(java.lang.String)[39m
  [32m✔[39m [32m[1mWhen [22mCustomer makes [1m"MERCHANT_ISSUED_REFUND"[22m transaction with [1m"AUTOPAY"[22m payment type on [1m"22 January 2024"[22m with [1m100[22m EUR transaction amount and system-generated Idempotency key[39m [90m# org.apache.fineract.test.stepdef.loan.LoanStepDef.createTransactionWithAutoIdempotencyKey(java.lang.String,java.lang.String,java.lang.String,double)[39m
  [32m✔[39m [32m[1mThen [22mLoan Repayment schedule has [1m4[22m periods, with the following data for periods:[39m                                                                                               [90m# org.apache.fineract.test.stepdef.loan.LoanStepDef.loanRepaymentSchedulePeriodsCheck(int,io.cucumber.datatable.DataTable)[39m
      | Nr | Days | Date             | Paid date | Balance of loan | Principal due | Interest | Fees | Penalties | Due    | Paid   | In advance | Late | Outstanding |
      |    |      | 01 January 2024  |           | 1000.0          |               |          | 0.0  |           | 0.0    | 0.0    |            |      |             |
      | 1  | 31   | 01 February 2024 |           | 752.97          | 247.03        | 8.11     | 0.0  | 0.0       | 255.14 | 100.57 | 100.57     | 0.0  | 154.57      |
      | 2  | 29   | 01 March 2024    |           | 503.74          | 249.23        | 5.91     | 0.0  | 0.0       | 255.14 | 0.0    | 0.0        | 0.0  | 255.14      |
      | 3  | 31   | 01 April 2024    |           | 252.82          | 250.92        | 4.22     | 0.0  | 0.0       | 255.14 | 0.0    | 0.0        | 0.0  | 255.14      |
      | 4  | 30   | 01 May 2024      |           | 0.0             | 252.82        | 2.05     | 0.0  | 0.0       | 254.87 | 0.0    | 0.0        | 0.0  | 254.87      |
  [32m✔[39m [32m[1mThen [22mLoan Repayment schedule has the following data in Total row:[39m                                                                                                              [90m# org.apache.fineract.test.stepdef.loan.LoanStepDef.loanRepaymentScheduleAmountCheck(io.cucumber.datatable.DataTable)[39m
      | Principal due | Interest | Fees | Penalties | Due     | Paid   | In advance | Late | Outstanding |
      | 1000.0        | 20.29    | 0.0  | 0.0       | 1020.29 | 100.57 | 100.57     | 0.0  | 919.72      |
  [32m✔[39m [32m[1mThen [22mLoan Transactions tab has the following data:[39m                                                                                                                             [90m# org.apache.fineract.test.stepdef.loan.LoanStepDef.loanTransactionsTabCheck(io.cucumber.datatable.DataTable)[39m
      | Transaction date | Transaction Type       | Amount | Principal | Interest | Fees | Penalties | Loan Balance | Reverted | Replayed |
      | 01 January 2024  | Disbursement           | 1000.0 | 0.0       | 0.0      | 0.0  | 0.0       | 1000.0       | false    | false    |
      | 22 January 2024  | Merchant Issued Refund | 100.0  | 100.0     | 0.0      | 0.0  | 0.0       | 900.0        | false    | false    |
      | 22 January 2024  | Interest Refund        | 0.57   | 0.57      | 0.0      | 0.0  | 0.0       | 899.43       | false    | false    |
  [32m✔[39m [32m[1mWhen [22mCustomer undo [1m"1"[22mth [1m"Merchant Issued Refund"[22m transaction made on [1m"22 January 2024"[22m with linked [1m"Interest Refund"[22m transaction[39m                                              [90m# org.apache.fineract.test.stepdef.loan.LoanRepaymentStepDef.checkNthTransactionType(java.lang.String,java.lang.String,java.lang.String,java.lang.String)[39m
  [32m✔[39m [32m[1mThen [22mLoan Repayment schedule has [1m4[22m periods, with the following data for periods:[39m                                                                                               [90m# org.apache.fineract.test.stepdef.loan.LoanStepDef.loanRepaymentSchedulePeriodsCheck(int,io.cucumber.datatable.DataTable)[39m
      | Nr | Days | Date             | Paid date | Balance of loan | Principal due | Interest | Fees | Penalties | Due    | Paid | In advance | Late | Outstanding |
      |    |      | 01 January 2024  |           | 1000.0          |               |          | 0.0  |           | 0.0    | 0.0  |            |      |             |
      | 1  | 31   | 01 February 2024 |           | 753.25          | 246.75        | 8.39     | 0.0  | 0.0       | 255.14 | 0.0  | 0.0        | 0.0  | 255.14      |
      | 2  | 29   | 01 March 2024    |           | 504.02          | 249.23        | 5.91     | 0.0  | 0.0       | 255.14 | 0.0  | 0.0        | 0.0  | 255.14      |
      | 3  | 31   | 01 April 2024    |           | 253.11          | 250.91        | 4.23     | 0.0  | 0.0       | 255.14 | 0.0  | 0.0        | 0.0  | 255.14      |
      | 4  | 30   | 01 May 2024      |           | 0.0             | 253.11        | 2.05     | 0.0  | 0.0       | 255.16 | 0.0  | 0.0        | 0.0  | 255.16      |
  [32m✔[39m [32m[1mThen [22mLoan Repayment schedule has the following data in Total row:[39m                                                                                                              [90m# org.apache.fineract.test.stepdef.loan.LoanStepDef.loanRepaymentScheduleAmountCheck(io.cucumber.datatable.DataTable)[39m
      | Principal due | Interest | Fees | Penalties | Due     | Paid | In advance | Late | Outstanding |
      | 1000.0        | 20.58    | 0.0  | 0.0       | 1020.58 | 0.0  | 0.0        | 0.0  | 1020.58     |
  [32m✔[39m [32m[1mThen [22mLoan Transactions tab has the following data:[39m                                                                                                                             [90m# org.apache.fineract.test.stepdef.loan.LoanStepDef.loanTransactionsTabCheck(io.cucumber.datatable.DataTable)[39m
      | Transaction date | Transaction Type       | Amount | Principal | Interest | Fees | Penalties | Loan Balance | Reverted | Replayed |
      | 01 January 2024  | Disbursement           | 1000.0 | 0.0       | 0.0      | 0.0  | 0.0       | 1000.0       | false    | false    |
      | 22 January 2024  | Merchant Issued Refund | 100.0  | 100.0     | 0.0      | 0.0  | 0.0       | 900.0        | true     | false    |
      | 22 January 2024  | Interest Refund        | 0.57   | 0.57      | 0.0      | 0.0  | 0.0       | 899.43       | true     | false    |
  [32m✔[39m [32m[1mThen [22mIn Loan Transactions the [1m"3"[22mth Transaction has Transaction type=[1m"Interest Refund"[22m and is reverted[39m                                                                         [90m# org.apache.fineract.test.stepdef.loan.LoanStepDef.loanTransactionsLatestTransactionReverted(java.lang.String,java.lang.String)[39m

@LoanFeature @TestRailId:C3283
[1mScenario:[22m Verify reversal of related interest refund transaction after payout refund transactions is reversed                            [90m# fineract-e2e-tests-runner/src/test/resources/features/Loan-Part3.feature:2485[39m
  [32m✔[39m [32m[1mWhen [22mAdmin sets the business date to [1m"01 January 2024"[22m[39m                                                                               [90m# org.apache.fineract.test.stepdef.common.BusinessDateStepDef.setBusinessDate(java.lang.String)[39m
  [32m✔[39m [32m[1mWhen [22mAdmin creates a client with random data[39m                                                                                         [90m# org.apache.fineract.test.stepdef.common.ClientStepDef.createClientRandomFirstNameLastName()[39m
  [32m✔[39m [32m[1mWhen [22mAdmin creates a fully customized loan with the following data:[39m                                                                  [90m# org.apache.fineract.test.stepdef.loan.LoanStepDef.createFullyCustomizedLoan(io.cucumber.datatable.DataTable)[39m
      | LoanProduct                                                         | submitted on date | with Principal | ANNUAL interest rate % | interest type     | interest calculation period | amortization type  | loanTermFrequency | loanTermFrequencyType | repaymentEvery | repaymentFrequencyType | numberOfRepayments | graceOnPrincipalPayment | graceOnInterestPayment | interest free period | Payment strategy            |
      | LP2_ADV_PYMNT_INTEREST_DAILY_EMI_ACTUAL_ACTUAL_INTEREST_REFUND_FULL | 01 January 2024   | 1000           | 9.9                    | DECLINING_BALANCE | DAILY                       | EQUAL_INSTALLMENTS | 4                 | MONTHS                | 1              | MONTHS                 | 4                  | 0                       | 0                      | 0                    | ADVANCED_PAYMENT_ALLOCATION |
  [32m✔[39m [32m[1mAnd [22mAdmin successfully approves the loan on [1m"01 January 2024"[22m with [1m"1000"[22m amount and expected disbursement date on [1m"01 January 2024"[22m[39m [90m# org.apache.fineract.test.stepdef.loan.LoanStepDef.approveLoan(java.lang.String,java.lang.String,java.lang.String)[39m
  [32m✔[39m [32m[1mWhen [22mAdmin successfully disburse the loan on [1m"01 January 2024"[22m with [1m"1000"[22m EUR transaction amount[39m                                    [90m# org.apache.fineract.test.stepdef.loan.LoanStepDef.disburseLoan(java.lang.String,java.lang.String)[39m
  [32m✔[39m [32m[1mWhen [22mAdmin sets the business date to [1m"22 January 2024"[22m[39m                                                                               [90m# org.apache.fineract.test.stepdef.common.BusinessDateStepDef.setBusinessDate(java.lang.String)[39m
  [32m✔[39m [32m[1mWhen [22mAdmin makes [1m"PAYOUT_REFUND"[22m transaction with [1m"AUTOPAY"[22m payment type on [1m"22 January 2024"[22m with [1m100[22m EUR transaction amount[39m        [90m# org.apache.fineract.test.stepdef.loan.LoanStepDef.createTransactionForRefund(java.lang.String,java.lang.String,java.lang.String,double)[39m
  [32m✔[39m [32m[1mThen [22mLoan Repayment schedule has [1m4[22m periods, with the following data for periods:[39m                                                     [90m# org.apache.fineract.test.stepdef.loan.LoanStepDef.loanRepaymentSchedulePeriodsCheck(int,io.cucumber.datatable.DataTable)[39m
      | Nr | Days | Date             | Paid date | Balance of loan | Principal due | Interest | Fees | Penalties | Due    | Paid   | In advance | Late | Outstanding |
      |    |      | 01 January 2024  |           | 1000.0          |               |          | 0.0  |           | 0.0    | 0.0    |            |      |             |
      | 1  | 31   | 01 February 2024 |           | 752.97          | 247.03        | 8.11     | 0.0  | 0.0       | 255.14 | 100.57 | 100.57     | 0.0  | 154.57      |
      | 2  | 29   | 01 March 2024    |           | 503.74          | 249.23        | 5.91     | 0.0  | 0.0       | 255.14 | 0.0    | 0.0        | 0.0  | 255.14      |
      | 3  | 31   | 01 April 2024    |           | 252.82          | 250.92        | 4.22     | 0.0  | 0.0       | 255.14 | 0.0    | 0.0        | 0.0  | 255.14      |
      | 4  | 30   | 01 May 2024      |           | 0.0             | 252.82        | 2.05     | 0.0  | 0.0       | 254.87 | 0.0    | 0.0        | 0.0  | 254.87      |
  [32m✔[39m [32m[1mThen [22mLoan Repayment schedule has the following data in Total row:[39m                                                                    [90m# org.apache.fineract.test.stepdef.loan.LoanStepDef.loanRepaymentScheduleAmountCheck(io.cucumber.datatable.DataTable)[39m
      | Principal due | Interest | Fees | Penalties | Due     | Paid   | In advance | Late | Outstanding |
      | 1000.0        | 20.29    | 0.0  | 0.0       | 1020.29 | 100.57 | 100.57     | 0.0  | 919.72      |
  [32m✔[39m [32m[1mThen [22mLoan Transactions tab has the following data:[39m                                                                                   [90m# org.apache.fineract.test.stepdef.loan.LoanStepDef.loanTransactionsTabCheck(io.cucumber.datatable.DataTable)[39m
      | Transaction date | Transaction Type | Amount | Principal | Interest | Fees | Penalties | Loan Balance | Reverted | Replayed |
      | 01 January 2024  | Disbursement     | 1000.0 | 0.0       | 0.0      | 0.0  | 0.0       | 1000.0       | false    | false    |
      | 22 January 2024  | Payout Refund    | 100.0  | 100.0     | 0.0      | 0.0  | 0.0       | 900.0        | false    | false    |
      | 22 January 2024  | Interest Refund  | 0.57   | 0.57      | 0.0      | 0.0  | 0.0       | 899.43       | false    | false    |
  [32m✔[39m [32m[1mWhen [22mCustomer undo [1m"1"[22mth [1m"Payout Refund"[22m transaction made on [1m"22 January 2024"[22m with linked [1m"Interest Refund"[22m transaction[39m             [90m# org.apache.fineract.test.stepdef.loan.LoanRepaymentStepDef.checkNthTransactionType(java.lang.String,java.lang.String,java.lang.String,java.lang.String)[39m
  [32m✔[39m [32m[1mThen [22mLoan Repayment schedule has [1m4[22m periods, with the following data for periods:[39m                                                     [90m# org.apache.fineract.test.stepdef.loan.LoanStepDef.loanRepaymentSchedulePeriodsCheck(int,io.cucumber.datatable.DataTable)[39m
      | Nr | Days | Date             | Paid date | Balance of loan | Principal due | Interest | Fees | Penalties | Due    | Paid | In advance | Late | Outstanding |
      |    |      | 01 January 2024  |           | 1000.0          |               |          | 0.0  |           | 0.0    | 0.0  |            |      |             |
      | 1  | 31   | 01 February 2024 |           | 753.25          | 246.75        | 8.39     | 0.0  | 0.0       | 255.14 | 0.0  | 0.0        | 0.0  | 255.14      |
      | 2  | 29   | 01 March 2024    |           | 504.02          | 249.23        | 5.91     | 0.0  | 0.0       | 255.14 | 0.0  | 0.0        | 0.0  | 255.14      |
      | 3  | 31   | 01 April 2024    |           | 253.11          | 250.91        | 4.23     | 0.0  | 0.0       | 255.14 | 0.0  | 0.0        | 0.0  | 255.14      |
      | 4  | 30   | 01 May 2024      |           | 0.0             | 253.11        | 2.05     | 0.0  | 0.0       | 255.16 | 0.0  | 0.0        | 0.0  | 255.16      |
  [32m✔[39m [32m[1mThen [22mLoan Repayment schedule has the following data in Total row:[39m                                                                    [90m# org.apache.fineract.test.stepdef.loan.LoanStepDef.loanRepaymentScheduleAmountCheck(io.cucumber.datatable.DataTable)[39m
      | Principal due | Interest | Fees | Penalties | Due     | Paid | In advance | Late | Outstanding |
      | 1000.0        | 20.58    | 0.0  | 0.0       | 1020.58 | 0.0  | 0.0        | 0.0  | 1020.58     |
  [32m✔[39m [32m[1mThen [22mLoan Transactions tab has the following data:[39m                                                                                   [90m# org.apache.fineract.test.stepdef.loan.LoanStepDef.loanTransactionsTabCheck(io.cucumber.datatable.DataTable)[39m
      | Transaction date | Transaction Type | Amount | Principal | Interest | Fees | Penalties | Loan Balance | Reverted | Replayed |
      | 01 January 2024  | Disbursement     | 1000.0 | 0.0       | 0.0      | 0.0  | 0.0       | 1000.0       | false    | false    |
      | 22 January 2024  | Payout Refund    | 100.0  | 100.0     | 0.0      | 0.0  | 0.0       | 900.0        | true     | false    |
      | 22 January 2024  | Interest Refund  | 0.57   | 0.57      | 0.0      | 0.0  | 0.0       | 899.43       | true     | false    |
  [32m✔[39m [32m[1mThen [22mIn Loan Transactions the [1m"3"[22mth Transaction has Transaction type=[1m"Interest Refund"[22m and is reverted[39m                               [90m# org.apache.fineract.test.stepdef.loan.LoanStepDef.loanTransactionsLatestTransactionReverted(java.lang.String,java.lang.String)[39m

@LoanFeature @TestRailId:C3324
[1mScenario:[22m Verify interest refund transaction after merchant issued refund transactions is forbidden to be reversed                                                                 [90m# fineract-e2e-tests-runner/src/test/resources/features/Loan-Part3.feature:2529[39m
  [32m✔[39m [32m[1mWhen [22mAdmin sets the business date to [1m"01 January 2024"[22m[39m                                                                                                                         [90m# org.apache.fineract.test.stepdef.common.BusinessDateStepDef.setBusinessDate(java.lang.String)[39m
  [32m✔[39m [32m[1mWhen [22mAdmin creates a client with random data[39m                                                                                                                                   [90m# org.apache.fineract.test.stepdef.common.ClientStepDef.createClientRandomFirstNameLastName()[39m
  [32m✔[39m [32m[1mWhen [22mAdmin creates a fully customized loan with the following data:[39m                                                                                                            [90m# org.apache.fineract.test.stepdef.loan.LoanStepDef.createFullyCustomizedLoan(io.cucumber.datatable.DataTable)[39m
      | LoanProduct                                                         | submitted on date | with Principal | ANNUAL interest rate % | interest type     | interest calculation period | amortization type  | loanTermFrequency | loanTermFrequencyType | repaymentEvery | repaymentFrequencyType | numberOfRepayments | graceOnPrincipalPayment | graceOnInterestPayment | interest free period | Payment strategy            |
      | LP2_ADV_PYMNT_INTEREST_DAILY_EMI_ACTUAL_ACTUAL_INTEREST_REFUND_FULL | 01 January 2024   | 1000           | 9.9                    | DECLINING_BALANCE | DAILY                       | EQUAL_INSTALLMENTS | 4                 | MONTHS                | 1              | MONTHS                 | 4                  | 0                       | 0                      | 0                    | ADVANCED_PAYMENT_ALLOCATION |
  [32m✔[39m [32m[1mAnd [22mAdmin successfully approves the loan on [1m"01 January 2024"[22m with [1m"1000"[22m amount and expected disbursement date on [1m"01 January 2024"[22m[39m                                           [90m# org.apache.fineract.test.stepdef.loan.LoanStepDef.approveLoan(java.lang.String,java.lang.String,java.lang.String)[39m
  [32m✔[39m [32m[1mWhen [22mAdmin successfully disburse the loan on [1m"01 January 2024"[22m with [1m"1000"[22m EUR transaction amount[39m                                                                              [90m# org.apache.fineract.test.stepdef.loan.LoanStepDef.disburseLoan(java.lang.String,java.lang.String)[39m
  [32m✔[39m [32m[1mWhen [22mAdmin sets the business date to [1m"22 January 2024"[22m[39m                                                                                                                         [90m# org.apache.fineract.test.stepdef.common.BusinessDateStepDef.setBusinessDate(java.lang.String)[39m
  [32m✔[39m [32m[1mWhen [22mCustomer makes [1m"MERCHANT_ISSUED_REFUND"[22m transaction with [1m"AUTOPAY"[22m payment type on [1m"22 January 2024"[22m with [1m100[22m EUR transaction amount and system-generated Idempotency key[39m [90m# org.apache.fineract.test.stepdef.loan.LoanStepDef.createTransactionWithAutoIdempotencyKey(java.lang.String,java.lang.String,java.lang.String,double)[39m
  [32m✔[39m [32m[1mThen [22mLoan Repayment schedule has [1m4[22m periods, with the following data for periods:[39m                                                                                               [90m# org.apache.fineract.test.stepdef.loan.LoanStepDef.loanRepaymentSchedulePeriodsCheck(int,io.cucumber.datatable.DataTable)[39m
      | Nr | Days | Date             | Paid date | Balance of loan | Principal due | Interest | Fees | Penalties | Due    | Paid   | In advance | Late | Outstanding |
      |    |      | 01 January 2024  |           | 1000.0          |               |          | 0.0  |           | 0.0    | 0.0    |            |      |             |
      | 1  | 31   | 01 February 2024 |           | 752.97          | 247.03        | 8.11     | 0.0  | 0.0       | 255.14 | 100.57 | 100.57     | 0.0  | 154.57      |
      | 2  | 29   | 01 March 2024    |           | 503.74          | 249.23        | 5.91     | 0.0  | 0.0       | 255.14 | 0.0    | 0.0        | 0.0  | 255.14      |
      | 3  | 31   | 01 April 2024    |           | 252.82          | 250.92        | 4.22     | 0.0  | 0.0       | 255.14 | 0.0    | 0.0        | 0.0  | 255.14      |
      | 4  | 30   | 01 May 2024      |           | 0.0             | 252.82        | 2.05     | 0.0  | 0.0       | 254.87 | 0.0    | 0.0        | 0.0  | 254.87      |
  [32m✔[39m [32m[1mThen [22mLoan Repayment schedule has the following data in Total row:[39m                                                                                                              [90m# org.apache.fineract.test.stepdef.loan.LoanStepDef.loanRepaymentScheduleAmountCheck(io.cucumber.datatable.DataTable)[39m
      | Principal due | Interest | Fees | Penalties | Due     | Paid   | In advance | Late | Outstanding |
      | 1000.0        | 20.29    | 0.0  | 0.0       | 1020.29 | 100.57 | 100.57     | 0.0  | 919.72      |
  [32m✔[39m [32m[1mThen [22mLoan Transactions tab has the following data:[39m                                                                                                                             [90m# org.apache.fineract.test.stepdef.loan.LoanStepDef.loanTransactionsTabCheck(io.cucumber.datatable.DataTable)[39m
      | Transaction date | Transaction Type       | Amount | Principal | Interest | Fees | Penalties | Loan Balance | Reverted | Replayed |
      | 01 January 2024  | Disbursement           | 1000.0 | 0.0       | 0.0      | 0.0  | 0.0       | 1000.0       | false    | false    |
      | 22 January 2024  | Merchant Issued Refund | 100.0  | 100.0     | 0.0      | 0.0  | 0.0       | 900.0        | false    | false    |
      | 22 January 2024  | Interest Refund        | 0.57   | 0.57      | 0.0      | 0.0  | 0.0       | 899.43       | false    | false    |
  [32m✔[39m [32m[1mWhen [22mCustomer is forbidden to undo [1m"1"[22mth [1m"Interest Refund"[22m transaction made on [1m"22 January 2024"[22m[39m                                                                               [90m# org.apache.fineract.test.stepdef.loan.LoanRepaymentStepDef.makeTransactionUndoForbidden(java.lang.String,java.lang.String,java.lang.String)[39m
  [32m✔[39m [32m[1mThen [22mLoan Repayment schedule has [1m4[22m periods, with the following data for periods:[39m                                                                                               [90m# org.apache.fineract.test.stepdef.loan.LoanStepDef.loanRepaymentSchedulePeriodsCheck(int,io.cucumber.datatable.DataTable)[39m
      | Nr | Days | Date             | Paid date | Balance of loan | Principal due | Interest | Fees | Penalties | Due    | Paid   | In advance | Late | Outstanding |
      |    |      | 01 January 2024  |           | 1000.0          |               |          | 0.0  |           | 0.0    | 0.0    |            |      |             |
      | 1  | 31   | 01 February 2024 |           | 752.97          | 247.03        | 8.11     | 0.0  | 0.0       | 255.14 | 100.57 | 100.57     | 0.0  | 154.57      |
      | 2  | 29   | 01 March 2024    |           | 503.74          | 249.23        | 5.91     | 0.0  | 0.0       | 255.14 | 0.0    | 0.0        | 0.0  | 255.14      |
      | 3  | 31   | 01 April 2024    |           | 252.82          | 250.92        | 4.22     | 0.0  | 0.0       | 255.14 | 0.0    | 0.0        | 0.0  | 255.14      |
      | 4  | 30   | 01 May 2024      |           | 0.0             | 252.82        | 2.05     | 0.0  | 0.0       | 254.87 | 0.0    | 0.0        | 0.0  | 254.87      |
  [32m✔[39m [32m[1mThen [22mLoan Repayment schedule has the following data in Total row:[39m                                                                                                              [90m# org.apache.fineract.test.stepdef.loan.LoanStepDef.loanRepaymentScheduleAmountCheck(io.cucumber.datatable.DataTable)[39m
      | Principal due | Interest | Fees | Penalties | Due     | Paid   | In advance | Late | Outstanding |
      | 1000.0        | 20.29    | 0.0  | 0.0       | 1020.29 | 100.57 | 100.57     | 0.0  | 919.72      |
  [32m✔[39m [32m[1mThen [22mLoan Transactions tab has the following data:[39m                                                                                                                             [90m# org.apache.fineract.test.stepdef.loan.LoanStepDef.loanTransactionsTabCheck(io.cucumber.datatable.DataTable)[39m
      | Transaction date | Transaction Type       | Amount | Principal | Interest | Fees | Penalties | Loan Balance | Reverted | Replayed |
      | 01 January 2024  | Disbursement           | 1000.0 | 0.0       | 0.0      | 0.0  | 0.0       | 1000.0       | false    | false    |
      | 22 January 2024  | Merchant Issued Refund | 100.0  | 100.0     | 0.0      | 0.0  | 0.0       | 900.0        | false    | false    |
      | 22 January 2024  | Interest Refund        | 0.57   | 0.57      | 0.0      | 0.0  | 0.0       | 899.43       | false    | false    |

@LoanFeature @TestRailId:C3325
[1mScenario:[22m Verify interest refund transaction after payout refund transactions is forbidden to be reversed                                [90m# fineract-e2e-tests-runner/src/test/resources/features/Loan-Part3.feature:2572[39m
  [32m✔[39m [32m[1mWhen [22mAdmin sets the business date to [1m"01 January 2024"[22m[39m                                                                               [90m# org.apache.fineract.test.stepdef.common.BusinessDateStepDef.setBusinessDate(java.lang.String)[39m
  [32m✔[39m [32m[1mWhen [22mAdmin creates a client with random data[39m                                                                                         [90m# org.apache.fineract.test.stepdef.common.ClientStepDef.createClientRandomFirstNameLastName()[39m
  [32m✔[39m [32m[1mWhen [22mAdmin creates a fully customized loan with the following data:[39m                                                                  [90m# org.apache.fineract.test.stepdef.loan.LoanStepDef.createFullyCustomizedLoan(io.cucumber.datatable.DataTable)[39m
      | LoanProduct                                                         | submitted on date | with Principal | ANNUAL interest rate % | interest type     | interest calculation period | amortization type  | loanTermFrequency | loanTermFrequencyType | repaymentEvery | repaymentFrequencyType | numberOfRepayments | graceOnPrincipalPayment | graceOnInterestPayment | interest free period | Payment strategy            |
      | LP2_ADV_PYMNT_INTEREST_DAILY_EMI_ACTUAL_ACTUAL_INTEREST_REFUND_FULL | 01 January 2024   | 1000           | 9.9                    | DECLINING_BALANCE | DAILY                       | EQUAL_INSTALLMENTS | 4                 | MONTHS                | 1              | MONTHS                 | 4                  | 0                       | 0                      | 0                    | ADVANCED_PAYMENT_ALLOCATION |
  [32m✔[39m [32m[1mAnd [22mAdmin successfully approves the loan on [1m"01 January 2024"[22m with [1m"1000"[22m amount and expected disbursement date on [1m"01 January 2024"[22m[39m [90m# org.apache.fineract.test.stepdef.loan.LoanStepDef.approveLoan(java.lang.String,java.lang.String,java.lang.String)[39m
  [32m✔[39m [32m[1mWhen [22mAdmin successfully disburse the loan on [1m"01 January 2024"[22m with [1m"1000"[22m EUR transaction amount[39m                                    [90m# org.apache.fineract.test.stepdef.loan.LoanStepDef.disburseLoan(java.lang.String,java.lang.String)[39m
  [32m✔[39m [32m[1mWhen [22mAdmin sets the business date to [1m"22 January 2024"[22m[39m                                                                               [90m# org.apache.fineract.test.stepdef.common.BusinessDateStepDef.setBusinessDate(java.lang.String)[39m
  [32m✔[39m [32m[1mWhen [22mAdmin makes [1m"PAYOUT_REFUND"[22m transaction with [1m"AUTOPAY"[22m payment type on [1m"22 January 2024"[22m with [1m100[22m EUR transaction amount[39m        [90m# org.apache.fineract.test.stepdef.loan.LoanStepDef.createTransactionForRefund(java.lang.String,java.lang.String,java.lang.String,double)[39m
  [32m✔[39m [32m[1mThen [22mLoan Repayment schedule has [1m4[22m periods, with the following data for periods:[39m                                                     [90m# org.apache.fineract.test.stepdef.loan.LoanStepDef.loanRepaymentSchedulePeriodsCheck(int,io.cucumber.datatable.DataTable)[39m
      | Nr | Days | Date             | Paid date | Balance of loan | Principal due | Interest | Fees | Penalties | Due    | Paid   | In advance | Late | Outstanding |
      |    |      | 01 January 2024  |           | 1000.0          |               |          | 0.0  |           | 0.0    | 0.0    |            |      |             |
      | 1  | 31   | 01 February 2024 |           | 752.97          | 247.03        | 8.11     | 0.0  | 0.0       | 255.14 | 100.57 | 100.57     | 0.0  | 154.57      |
      | 2  | 29   | 01 March 2024    |           | 503.74          | 249.23        | 5.91     | 0.0  | 0.0       | 255.14 | 0.0    | 0.0        | 0.0  | 255.14      |
      | 3  | 31   | 01 April 2024    |           | 252.82          | 250.92        | 4.22     | 0.0  | 0.0       | 255.14 | 0.0    | 0.0        | 0.0  | 255.14      |
      | 4  | 30   | 01 May 2024      |           | 0.0             | 252.82        | 2.05     | 0.0  | 0.0       | 254.87 | 0.0    | 0.0        | 0.0  | 254.87      |
  [32m✔[39m [32m[1mThen [22mLoan Repayment schedule has the following data in Total row:[39m                                                                    [90m# org.apache.fineract.test.stepdef.loan.LoanStepDef.loanRepaymentScheduleAmountCheck(io.cucumber.datatable.DataTable)[39m
      | Principal due | Interest | Fees | Penalties | Due     | Paid   | In advance | Late | Outstanding |
      | 1000.0        | 20.29    | 0.0  | 0.0       | 1020.29 | 100.57 | 100.57     | 0.0  | 919.72      |
  [32m✔[39m [32m[1mThen [22mLoan Transactions tab has the following data:[39m                                                                                   [90m# org.apache.fineract.test.stepdef.loan.LoanStepDef.loanTransactionsTabCheck(io.cucumber.datatable.DataTable)[39m
      | Transaction date | Transaction Type | Amount | Principal | Interest | Fees | Penalties | Loan Balance | Reverted | Replayed |
      | 01 January 2024  | Disbursement     | 1000.0 | 0.0       | 0.0      | 0.0  | 0.0       | 1000.0       | false    | false    |
      | 22 January 2024  | Payout Refund    | 100.0  | 100.0     | 0.0      | 0.0  | 0.0       | 900.0        | false    | false    |
      | 22 January 2024  | Interest Refund  | 0.57   | 0.57      | 0.0      | 0.0  | 0.0       | 899.43       | false    | false    |
  [32m✔[39m [32m[1mWhen [22mCustomer is forbidden to undo [1m"1"[22mth [1m"Interest Refund"[22m transaction made on [1m"22 January 2024"[22m[39m                                     [90m# org.apache.fineract.test.stepdef.loan.LoanRepaymentStepDef.makeTransactionUndoForbidden(java.lang.String,java.lang.String,java.lang.String)[39m
  [32m✔[39m [32m[1mThen [22mLoan Repayment schedule has [1m4[22m periods, with the following data for periods:[39m                                                     [90m# org.apache.fineract.test.stepdef.loan.LoanStepDef.loanRepaymentSchedulePeriodsCheck(int,io.cucumber.datatable.DataTable)[39m
      | Nr | Days | Date             | Paid date | Balance of loan | Principal due | Interest | Fees | Penalties | Due    | Paid   | In advance | Late | Outstanding |
      |    |      | 01 January 2024  |           | 1000.0          |               |          | 0.0  |           | 0.0    | 0.0    |            |      |             |
      | 1  | 31   | 01 February 2024 |           | 752.97          | 247.03        | 8.11     | 0.0  | 0.0       | 255.14 | 100.57 | 100.57     | 0.0  | 154.57      |
      | 2  | 29   | 01 March 2024    |           | 503.74          | 249.23        | 5.91     | 0.0  | 0.0       | 255.14 | 0.0    | 0.0        | 0.0  | 255.14      |
      | 3  | 31   | 01 April 2024    |           | 252.82          | 250.92        | 4.22     | 0.0  | 0.0       | 255.14 | 0.0    | 0.0        | 0.0  | 255.14      |
      | 4  | 30   | 01 May 2024      |           | 0.0             | 252.82        | 2.05     | 0.0  | 0.0       | 254.87 | 0.0    | 0.0        | 0.0  | 254.87      |
  [32m✔[39m [32m[1mThen [22mLoan Repayment schedule has the following data in Total row:[39m                                                                    [90m# org.apache.fineract.test.stepdef.loan.LoanStepDef.loanRepaymentScheduleAmountCheck(io.cucumber.datatable.DataTable)[39m
      | Principal due | Interest | Fees | Penalties | Due     | Paid   | In advance | Late | Outstanding |
      | 1000.0        | 20.29    | 0.0  | 0.0       | 1020.29 | 100.57 | 100.57     | 0.0  | 919.72      |
  [32m✔[39m [32m[1mThen [22mLoan Transactions tab has the following data:[39m                                                                                   [90m# org.apache.fineract.test.stepdef.loan.LoanStepDef.loanTransactionsTabCheck(io.cucumber.datatable.DataTable)[39m
      | Transaction date | Transaction Type | Amount | Principal | Interest | Fees | Penalties | Loan Balance | Reverted | Replayed |
      | 01 January 2024  | Disbursement     | 1000.0 | 0.0       | 0.0      | 0.0  | 0.0       | 1000.0       | false    | false    |
      | 22 January 2024  | Payout Refund    | 100.0  | 100.0     | 0.0      | 0.0  | 0.0       | 900.0        | false    | false    |
      | 22 January 2024  | Interest Refund  | 0.57   | 0.57      | 0.0      | 0.0  | 0.0       | 899.43       | false    | false    |

@LoanFeature @TestRailId:C3300
[1mScenario:[22m Early pay-off loan with interest, TILL_PRECLOSE product                                                                                                                                        [90m# fineract-e2e-tests-runner/src/test/resources/features/Loan-Part3.feature:2615[39m
  [32m✔[39m [32m[1mWhen [22mAdmin sets the business date to [1m"01 January 2024"[22m[39m                                                                                                                                               [90m# org.apache.fineract.test.stepdef.common.BusinessDateStepDef.setBusinessDate(java.lang.String)[39m
  [32m✔[39m [32m[1mWhen [22mAdmin creates a client with random data[39m                                                                                                                                                         [90m# org.apache.fineract.test.stepdef.common.ClientStepDef.createClientRandomFirstNameLastName()[39m
  [32m✔[39m [32m[1mWhen [22mAdmin set [1m"LP2_ADV_PYMNT_INTEREST_DAILY_EMI_360_30_INTEREST_RECALCULATION_DAILY_TILL_PRECLOSE"[22m loan product [1m"DEFAULT"[22m transaction type to [1m"NEXT_INSTALLMENT"[22m future installment allocation rule[39m [90m# org.apache.fineract.test.stepdef.loan.LoanStepDef.editFutureInstallmentAllocationTypeForLoanProduct(java.lang.String,java.lang.String,java.lang.String)[39m
  [32m✔[39m [32m[1mWhen [22mAdmin creates a fully customized loan with the following data:[39m                                                                                                                                  [90m# org.apache.fineract.test.stepdef.loan.LoanStepDef.createFullyCustomizedLoan(io.cucumber.datatable.DataTable)[39m
      | LoanProduct                                                                        | submitted on date | with Principal | ANNUAL interest rate % | interest type     | interest calculation period | amortization type  | loanTermFrequency | loanTermFrequencyType | repaymentEvery | repaymentFrequencyType | numberOfRepayments | graceOnPrincipalPayment | graceOnInterestPayment | interest free period | Payment strategy            |
      | LP2_ADV_PYMNT_INTEREST_DAILY_EMI_360_30_INTEREST_RECALCULATION_DAILY_TILL_PRECLOSE | 01 January 2024   | 100            | 7                      | DECLINING_BALANCE | DAILY                       | EQUAL_INSTALLMENTS | 6                 | MONTHS                | 1              | MONTHS                 | 6                  | 0                       | 0                      | 0                    | ADVANCED_PAYMENT_ALLOCATION |
  [32m✔[39m [32m[1mAnd [22mAdmin successfully approves the loan on [1m"01 January 2024"[22m with [1m"100"[22m amount and expected disbursement date on [1m"01 January 2024"[22m[39m                                                                  [90m# org.apache.fineract.test.stepdef.loan.LoanStepDef.approveLoan(java.lang.String,java.lang.String,java.lang.String)[39m
  [32m✔[39m [32m[1mWhen [22mAdmin successfully disburse the loan on [1m"01 January 2024"[22m with [1m"100"[22m EUR transaction amount[39m                                                                                                     [90m# org.apache.fineract.test.stepdef.loan.LoanStepDef.disburseLoan(java.lang.String,java.lang.String)[39m
  [32m✔[39m [32m[1mThen [22mLoan Repayment schedule has [1m6[22m periods, with the following data for periods:[39m                                                                                                                     [90m# org.apache.fineract.test.stepdef.loan.LoanStepDef.loanRepaymentSchedulePeriodsCheck(int,io.cucumber.datatable.DataTable)[39m
      | Nr | Days | Date             | Paid date | Balance of loan | Principal due | Interest | Fees | Penalties | Due   | Paid | In advance | Late | Outstanding |
      |    |      | 01 January 2024  |           | 100.0           |               |          | 0.0  |           | 0.0   | 0.0  |            |      |             |
      | 1  | 31   | 01 February 2024 |           | 83.57           | 16.43         | 0.58     | 0.0  | 0.0       | 17.01 | 0.0  | 0.0        | 0.0  | 17.01       |
      | 2  | 29   | 01 March 2024    |           | 67.05           | 16.52         | 0.49     | 0.0  | 0.0       | 17.01 | 0.0  | 0.0        | 0.0  | 17.01       |
      | 3  | 31   | 01 April 2024    |           | 50.43           | 16.62         | 0.39     | 0.0  | 0.0       | 17.01 | 0.0  | 0.0        | 0.0  | 17.01       |
      | 4  | 30   | 01 May 2024      |           | 33.71           | 16.72         | 0.29     | 0.0  | 0.0       | 17.01 | 0.0  | 0.0        | 0.0  | 17.01       |
      | 5  | 31   | 01 June 2024     |           | 16.9            | 16.81         | 0.2      | 0.0  | 0.0       | 17.01 | 0.0  | 0.0        | 0.0  | 17.01       |
      | 6  | 30   | 01 July 2024     |           | 0.0             | 16.9          | 0.1      | 0.0  | 0.0       | 17.0  | 0.0  | 0.0        | 0.0  | 17.0        |
  [32m✔[39m [32m[1mThen [22mLoan Repayment schedule has the following data in Total row:[39m                                                                                                                                    [90m# org.apache.fineract.test.stepdef.loan.LoanStepDef.loanRepaymentScheduleAmountCheck(io.cucumber.datatable.DataTable)[39m
      | Principal due | Interest | Fees | Penalties | Due    | Paid | In advance | Late | Outstanding |
      | 100.0         | 2.05     | 0.0  | 0.0       | 102.05 | 0.0  | 0.0        | 0.0  | 102.05      |
  [32m✔[39m [32m[1mThen [22mLoan Transactions tab has the following data:[39m                                                                                                                                                   [90m# org.apache.fineract.test.stepdef.loan.LoanStepDef.loanTransactionsTabCheck(io.cucumber.datatable.DataTable)[39m
      | Transaction date | Transaction Type | Amount | Principal | Interest | Fees | Penalties | Loan Balance | Reverted |
      | 01 January 2024  | Disbursement     | 100.0  | 0.0       | 0.0      | 0.0  | 0.0       | 100.0        | false    |
  [32m✔[39m [32m[1mWhen [22mAdmin sets the business date to [1m"01 February 2024"[22m[39m                                                                                                                                              [90m# org.apache.fineract.test.stepdef.common.BusinessDateStepDef.setBusinessDate(java.lang.String)[39m
  [32m✔[39m [32m[1mAnd [22mCustomer makes [1m"AUTOPAY"[22m repayment on [1m"01 February 2024"[22m with [1m17.01[22m EUR transaction amount[39m                                                                                                       [90m# org.apache.fineract.test.stepdef.loan.LoanRepaymentStepDef.makeLoanRepayment(java.lang.String,java.lang.String,double)[39m
  [32m✔[39m [32m[1mThen [22mLoan Repayment schedule has [1m6[22m periods, with the following data for periods:[39m                                                                                                                     [90m# org.apache.fineract.test.stepdef.loan.LoanStepDef.loanRepaymentSchedulePeriodsCheck(int,io.cucumber.datatable.DataTable)[39m
      | Nr | Days | Date             | Paid date        | Balance of loan | Principal due | Interest | Fees | Penalties | Due   | Paid  | In advance | Late | Outstanding |
      |    |      | 01 January 2024  |                  | 100.0           |               |          | 0.0  |           | 0.0   | 0.0   |            |      |             |
      | 1  | 31   | 01 February 2024 | 01 February 2024 | 83.57           | 16.43         | 0.58     | 0.0  | 0.0       | 17.01 | 17.01 | 0.0        | 0.0  | 0.0         |
      | 2  | 29   | 01 March 2024    |                  | 67.05           | 16.52         | 0.49     | 0.0  | 0.0       | 17.01 | 0.0   | 0.0        | 0.0  | 17.01       |
      | 3  | 31   | 01 April 2024    |                  | 50.43           | 16.62         | 0.39     | 0.0  | 0.0       | 17.01 | 0.0   | 0.0        | 0.0  | 17.01       |
      | 4  | 30   | 01 May 2024      |                  | 33.71           | 16.72         | 0.29     | 0.0  | 0.0       | 17.01 | 0.0   | 0.0        | 0.0  | 17.01       |
      | 5  | 31   | 01 June 2024     |                  | 16.9            | 16.81         | 0.2      | 0.0  | 0.0       | 17.01 | 0.0   | 0.0        | 0.0  | 17.01       |
      | 6  | 30   | 01 July 2024     |                  | 0.0             | 16.9          | 0.1      | 0.0  | 0.0       | 17.0  | 0.0   | 0.0        | 0.0  | 17.0        |
  [32m✔[39m [32m[1mThen [22mLoan Repayment schedule has the following data in Total row:[39m                                                                                                                                    [90m# org.apache.fineract.test.stepdef.loan.LoanStepDef.loanRepaymentScheduleAmountCheck(io.cucumber.datatable.DataTable)[39m
      | Principal due | Interest | Fees | Penalties | Due    | Paid  | In advance | Late | Outstanding |
      | 100.0         | 2.05     | 0.0  | 0.0       | 102.05 | 17.01 | 0.0        | 0.0  | 85.04       |
  [32m✔[39m [32m[1mThen [22mLoan Transactions tab has the following data:[39m                                                                                                                                                   [90m# org.apache.fineract.test.stepdef.loan.LoanStepDef.loanTransactionsTabCheck(io.cucumber.datatable.DataTable)[39m
      | Transaction date | Transaction Type | Amount | Principal | Interest | Fees | Penalties | Loan Balance | Reverted |
      | 01 January 2024  | Disbursement     | 100.0  | 0.0       | 0.0      | 0.0  | 0.0       | 100.0        | false    |
      | 01 February 2024 | Repayment        | 17.01  | 16.43     | 0.58     | 0.0  | 0.0       | 83.57        | false    |
  [32m✔[39m [32m[1mWhen [22mAdmin sets the business date to [1m"15 February 2024"[22m[39m                                                                                                                                              [90m# org.apache.fineract.test.stepdef.common.BusinessDateStepDef.setBusinessDate(java.lang.String)[39m
  [32m✔[39m [32m[1mWhen [22mLoan Pay-off is made on [1m"15 February 2024"[22m[39m                                                                                                                                                      [90m# org.apache.fineract.test.stepdef.loan.LoanRepaymentStepDef.makeLoanPayOff(java.lang.String)[39m
  [32m✔[39m [32m[1mThen [22mLoan Repayment schedule has [1m6[22m periods, with the following data for periods:[39m                                                                                                                     [90m# org.apache.fineract.test.stepdef.loan.LoanStepDef.loanRepaymentSchedulePeriodsCheck(int,io.cucumber.datatable.DataTable)[39m
      | Nr | Days | Date             | Paid date        | Balance of loan | Principal due | Interest | Fees | Penalties | Due   | Paid  | In advance | Late | Outstanding |
      |    |      | 01 January 2024  |                  | 100.0           |               |          | 0.0  |           | 0.0   | 0.0   |            |      |             |
      | 1  | 31   | 01 February 2024 | 01 February 2024 | 83.57           | 16.43         | 0.58     | 0.0  | 0.0       | 17.01 | 17.01 | 0.0        | 0.0  | 0.0         |
      | 2  | 29   | 01 March 2024    | 15 February 2024 | 66.8            | 16.77         | 0.24     | 0.0  | 0.0       | 17.01 | 17.01 | 17.01      | 0.0  | 0.0         |
      | 3  | 31   | 01 April 2024    | 15 February 2024 | 49.79           | 17.01         | 0.0      | 0.0  | 0.0       | 17.01 | 17.01 | 17.01      | 0.0  | 0.0         |
      | 4  | 30   | 01 May 2024      | 15 February 2024 | 32.78           | 17.01         | 0.0      | 0.0  | 0.0       | 17.01 | 17.01 | 17.01      | 0.0  | 0.0         |
      | 5  | 31   | 01 June 2024     | 15 February 2024 | 15.77           | 17.01         | 0.0      | 0.0  | 0.0       | 17.01 | 17.01 | 17.01      | 0.0  | 0.0         |
      | 6  | 30   | 01 July 2024     | 15 February 2024 | 0.0             | 15.77         | 0.0      | 0.0  | 0.0       | 15.77 | 15.77 | 15.77      | 0.0  | 0.0         |
  [32m✔[39m [32m[1mThen [22mLoan Transactions tab has the following data:[39m                                                                                                                                                   [90m# org.apache.fineract.test.stepdef.loan.LoanStepDef.loanTransactionsTabCheck(io.cucumber.datatable.DataTable)[39m
      | Transaction date | Transaction Type | Amount | Principal | Interest | Fees | Penalties | Loan Balance | Reverted |
      | 01 January 2024  | Disbursement     | 100.0  | 0.0       | 0.0      | 0.0  | 0.0       | 100.0        | false    |
      | 01 February 2024 | Repayment        | 17.01  | 16.43     | 0.58     | 0.0  | 0.0       | 83.57        | false    |
      | 15 February 2024 | Repayment        | 83.81  | 83.57     | 0.24     | 0.0  | 0.0       | 0.0          | false    |
      | 15 February 2024 | Accrual          | 0.82   | 0.0       | 0.82     | 0.0  | 0.0       | 0.0          | false    |
  [32m✔[39m [32m[1mThen [22mLoan's all installments have obligations met[39m                                                                                                                                                    [90m# org.apache.fineract.test.stepdef.loan.LoanStepDef.loanInstallmentsObligationsMet()[39m

@LoanFeature @TestRailId:C3483
[1mScenario:[22m Early pay-off loan with interest, TILL_REST_FREQUENCY_DATE product                                                            [90m# fineract-e2e-tests-runner/src/test/resources/features/Loan-Part3.feature:2677[39m
  [32m✔[39m [32m[1mWhen [22mAdmin sets the business date to [1m"01 January 2024"[22m[39m                                                                              [90m# org.apache.fineract.test.stepdef.common.BusinessDateStepDef.setBusinessDate(java.lang.String)[39m
  [32m✔[39m [32m[1mWhen [22mAdmin creates a client with random data[39m                                                                                        [90m# org.apache.fineract.test.stepdef.common.ClientStepDef.createClientRandomFirstNameLastName()[39m
  [32m✔[39m [32m[1mWhen [22mAdmin creates a fully customized loan with the following data:[39m                                                                 [90m# org.apache.fineract.test.stepdef.loan.LoanStepDef.createFullyCustomizedLoan(io.cucumber.datatable.DataTable)[39m
      | LoanProduct                                                                                   | submitted on date | with Principal | ANNUAL interest rate % | interest type     | interest calculation period | amortization type  | loanTermFrequency | loanTermFrequencyType | repaymentEvery | repaymentFrequencyType | numberOfRepayments | graceOnPrincipalPayment | graceOnInterestPayment | interest free period | Payment strategy            |
      | LP2_ADV_PYMNT_INTEREST_DAILY_EMI_360_30_INTEREST_RECALCULATION_DAILY_TILL_REST_FREQUENCY_DATE | 01 January 2024   | 100            | 7                      | DECLINING_BALANCE | DAILY                       | EQUAL_INSTALLMENTS | 6                 | MONTHS                | 1              | MONTHS                 | 6                  | 0                       | 0                      | 0                    | ADVANCED_PAYMENT_ALLOCATION |
  [32m✔[39m [32m[1mAnd [22mAdmin successfully approves the loan on [1m"01 January 2024"[22m with [1m"100"[22m amount and expected disbursement date on [1m"01 January 2024"[22m[39m [90m# org.apache.fineract.test.stepdef.loan.LoanStepDef.approveLoan(java.lang.String,java.lang.String,java.lang.String)[39m
  [32m✔[39m [32m[1mWhen [22mAdmin successfully disburse the loan on [1m"01 January 2024"[22m with [1m"100"[22m EUR transaction amount[39m                                    [90m# org.apache.fineract.test.stepdef.loan.LoanStepDef.disburseLoan(java.lang.String,java.lang.String)[39m
  [32m✔[39m [32m[1mThen [22mLoan Repayment schedule has [1m6[22m periods, with the following data for periods:[39m                                                    [90m# org.apache.fineract.test.stepdef.loan.LoanStepDef.loanRepaymentSchedulePeriodsCheck(int,io.cucumber.datatable.DataTable)[39m
      | Nr | Days | Date             | Paid date | Balance of loan | Principal due | Interest | Fees | Penalties | Due   | Paid | In advance | Late | Outstanding |
      |    |      | 01 January 2024  |           | 100.0           |               |          | 0.0  |           | 0.0   | 0.0  |            |      |             |
      | 1  | 31   | 01 February 2024 |           | 83.57           | 16.43         | 0.58     | 0.0  | 0.0       | 17.01 | 0.0  | 0.0        | 0.0  | 17.01       |
      | 2  | 29   | 01 March 2024    |           | 67.05           | 16.52         | 0.49     | 0.0  | 0.0       | 17.01 | 0.0  | 0.0        | 0.0  | 17.01       |
      | 3  | 31   | 01 April 2024    |           | 50.43           | 16.62         | 0.39     | 0.0  | 0.0       | 17.01 | 0.0  | 0.0        | 0.0  | 17.01       |
      | 4  | 30   | 01 May 2024      |           | 33.71           | 16.72         | 0.29     | 0.0  | 0.0       | 17.01 | 0.0  | 0.0        | 0.0  | 17.01       |
      | 5  | 31   | 01 June 2024     |           | 16.9            | 16.81         | 0.2      | 0.0  | 0.0       | 17.01 | 0.0  | 0.0        | 0.0  | 17.01       |
      | 6  | 30   | 01 July 2024     |           | 0.0             | 16.9          | 0.1      | 0.0  | 0.0       | 17.0  | 0.0  | 0.0        | 0.0  | 17.0        |
  [32m✔[39m [32m[1mThen [22mLoan Repayment schedule has the following data in Total row:[39m                                                                   [90m# org.apache.fineract.test.stepdef.loan.LoanStepDef.loanRepaymentScheduleAmountCheck(io.cucumber.datatable.DataTable)[39m
      | Principal due | Interest | Fees | Penalties | Due    | Paid | In advance | Late | Outstanding |
      | 100.0         | 2.05     | 0.0  | 0.0       | 102.05 | 0.0  | 0.0        | 0.0  | 102.05      |
  [32m✔[39m [32m[1mThen [22mLoan Transactions tab has the following data:[39m                                                                                  [90m# org.apache.fineract.test.stepdef.loan.LoanStepDef.loanTransactionsTabCheck(io.cucumber.datatable.DataTable)[39m
      | Transaction date | Transaction Type | Amount | Principal | Interest | Fees | Penalties | Loan Balance | Reverted |
      | 01 January 2024  | Disbursement     | 100.0  | 0.0       | 0.0      | 0.0  | 0.0       | 100.0        | false    |
  [32m✔[39m [32m[1mWhen [22mAdmin sets the business date to [1m"01 February 2024"[22m[39m                                                                             [90m# org.apache.fineract.test.stepdef.common.BusinessDateStepDef.setBusinessDate(java.lang.String)[39m
  [32m✔[39m [32m[1mAnd [22mCustomer makes [1m"AUTOPAY"[22m repayment on [1m"01 February 2024"[22m with [1m17.01[22m EUR transaction amount[39m                                      [90m# org.apache.fineract.test.stepdef.loan.LoanRepaymentStepDef.makeLoanRepayment(java.lang.String,java.lang.String,double)[39m
  [32m✔[39m [32m[1mThen [22mLoan Repayment schedule has [1m6[22m periods, with the following data for periods:[39m                                                    [90m# org.apache.fineract.test.stepdef.loan.LoanStepDef.loanRepaymentSchedulePeriodsCheck(int,io.cucumber.datatable.DataTable)[39m
      | Nr | Days | Date             | Paid date        | Balance of loan | Principal due | Interest | Fees | Penalties | Due   | Paid  | In advance | Late | Outstanding |
      |    |      | 01 January 2024  |                  | 100.0           |               |          | 0.0  |           | 0.0   | 0.0   |            |      |             |
      | 1  | 31   | 01 February 2024 | 01 February 2024 | 83.57           | 16.43         | 0.58     | 0.0  | 0.0       | 17.01 | 17.01 | 0.0        | 0.0  | 0.0         |
      | 2  | 29   | 01 March 2024    |                  | 67.05           | 16.52         | 0.49     | 0.0  | 0.0       | 17.01 | 0.0   | 0.0        | 0.0  | 17.01       |
      | 3  | 31   | 01 April 2024    |                  | 50.43           | 16.62         | 0.39     | 0.0  | 0.0       | 17.01 | 0.0   | 0.0        | 0.0  | 17.01       |
      | 4  | 30   | 01 May 2024      |                  | 33.71           | 16.72         | 0.29     | 0.0  | 0.0       | 17.01 | 0.0   | 0.0        | 0.0  | 17.01       |
      | 5  | 31   | 01 June 2024     |                  | 16.9            | 16.81         | 0.2      | 0.0  | 0.0       | 17.01 | 0.0   | 0.0        | 0.0  | 17.01       |
      | 6  | 30   | 01 July 2024     |                  | 0.0             | 16.9          | 0.1      | 0.0  | 0.0       | 17.0  | 0.0   | 0.0        | 0.0  | 17.0        |
  [32m✔[39m [32m[1mThen [22mLoan Repayment schedule has the following data in Total row:[39m                                                                   [90m# org.apache.fineract.test.stepdef.loan.LoanStepDef.loanRepaymentScheduleAmountCheck(io.cucumber.datatable.DataTable)[39m
      | Principal due | Interest | Fees | Penalties | Due    | Paid  | In advance | Late | Outstanding |
      | 100.0         | 2.05     | 0.0  | 0.0       | 102.05 | 17.01 | 0.0        | 0.0  | 85.04       |
  [32m✔[39m [32m[1mThen [22mLoan Transactions tab has the following data:[39m                                                                                  [90m# org.apache.fineract.test.stepdef.loan.LoanStepDef.loanTransactionsTabCheck(io.cucumber.datatable.DataTable)[39m
      | Transaction date | Transaction Type | Amount | Principal | Interest | Fees | Penalties | Loan Balance | Reverted |
      | 01 January 2024  | Disbursement     | 100.0  | 0.0       | 0.0      | 0.0  | 0.0       | 100.0        | false    |
      | 01 February 2024 | Repayment        | 17.01  | 16.43     | 0.58     | 0.0  | 0.0       | 83.57        | false    |
  [32m✔[39m [32m[1mWhen [22mAdmin sets the business date to [1m"15 February 2024"[22m[39m                                                                             [90m# org.apache.fineract.test.stepdef.common.BusinessDateStepDef.setBusinessDate(java.lang.String)[39m
  [32m✔[39m [32m[1mWhen [22mLoan Pay-off is made on [1m"15 February 2024"[22m[39m                                                                                     [90m# org.apache.fineract.test.stepdef.loan.LoanRepaymentStepDef.makeLoanPayOff(java.lang.String)[39m
  [32m✔[39m [32m[1mThen [22mLoan Repayment schedule has [1m6[22m periods, with the following data for periods:[39m                                                    [90m# org.apache.fineract.test.stepdef.loan.LoanStepDef.loanRepaymentSchedulePeriodsCheck(int,io.cucumber.datatable.DataTable)[39m
      | Nr | Days | Date             | Paid date        | Balance of loan | Principal due | Interest | Fees | Penalties | Due   | Paid  | In advance | Late | Outstanding |
      |    |      | 01 January 2024  |                  | 100.0           |               |          | 0.0  |           | 0.0   | 0.0   |            |      |             |
      | 1  | 31   | 01 February 2024 | 01 February 2024 | 83.57           | 16.43         | 0.58     | 0.0  | 0.0       | 17.01 | 17.01 | 0.0        | 0.0  | 0.0         |
      | 2  | 29   | 01 March 2024    | 15 February 2024 | 67.05           | 16.52         | 0.49     | 0.0  | 0.0       | 17.01 | 17.01 | 17.01      | 0.0  | 0.0         |
      | 3  | 31   | 01 April 2024    | 15 February 2024 | 50.04           | 17.01         | 0.0      | 0.0  | 0.0       | 17.01 | 17.01 | 17.01      | 0.0  | 0.0         |
      | 4  | 30   | 01 May 2024      | 15 February 2024 | 33.03           | 17.01         | 0.0      | 0.0  | 0.0       | 17.01 | 17.01 | 17.01      | 0.0  | 0.0         |
      | 5  | 31   | 01 June 2024     | 15 February 2024 | 16.02           | 17.01         | 0.0      | 0.0  | 0.0       | 17.01 | 17.01 | 17.01      | 0.0  | 0.0         |
      | 6  | 30   | 01 July 2024     | 15 February 2024 | 0.0             | 16.02         | 0.0      | 0.0  | 0.0       | 16.02 | 16.02 | 16.02      | 0.0  | 0.0         |
  [32m✔[39m [32m[1mThen [22mLoan Transactions tab has the following data:[39m                                                                                  [90m# org.apache.fineract.test.stepdef.loan.LoanStepDef.loanTransactionsTabCheck(io.cucumber.datatable.DataTable)[39m
      | Transaction date | Transaction Type | Amount | Principal | Interest | Fees | Penalties | Loan Balance | Reverted |
      | 01 January 2024  | Disbursement     | 100.0  | 0.0       | 0.0      | 0.0  | 0.0       | 100.0        | false    |
      | 01 February 2024 | Repayment        | 17.01  | 16.43     | 0.58     | 0.0  | 0.0       | 83.57        | false    |
      | 15 February 2024 | Repayment        | 84.06  | 83.57     | 0.49     | 0.0  | 0.0       | 0.0          | false    |
      | 15 February 2024 | Accrual          | 1.07   | 0.0       | 1.07     | 0.0  | 0.0       | 0.0          | false    |
  [32m✔[39m [32m[1mThen [22mLoan's all installments have obligations met[39m                                                                                   [90m# org.apache.fineract.test.stepdef.loan.LoanStepDef.loanInstallmentsObligationsMet()[39m

@LoanFeature @TestRailId:C3484
[1mScenario:[22m Interest recalculation - S1 daily for overdue loan                                                                          [90m# fineract-e2e-tests-runner/src/test/resources/features/Loan-Part3.feature:2738[39m
  [32m✔[39m [32m[1mGiven [22mGlobal configuration [1m"enable-business-date"[22m is enabled[39m                                                                      [90m# org.apache.fineract.test.stepdef.common.GlobalConfigurationStepDef.enableGlobalConfiguration(java.lang.String)[39m
  [32m✔[39m [32m[1mWhen [22mAdmin sets the business date to [1m"1 January 2024"[22m[39m                                                                             [90m# org.apache.fineract.test.stepdef.common.BusinessDateStepDef.setBusinessDate(java.lang.String)[39m
  [32m✔[39m [32m[1mWhen [22mAdmin creates a client with random data[39m                                                                                      [90m# org.apache.fineract.test.stepdef.common.ClientStepDef.createClientRandomFirstNameLastName()[39m
  [32m✔[39m [32m[1mWhen [22mAdmin creates a fully customized loan with the following data:[39m                                                               [90m# org.apache.fineract.test.stepdef.loan.LoanStepDef.createFullyCustomizedLoan(io.cucumber.datatable.DataTable)[39m
      | LoanProduct                                                                        | submitted on date | with Principal | ANNUAL interest rate % | interest type     | interest calculation period | amortization type  | loanTermFrequency | loanTermFrequencyType | repaymentEvery | repaymentFrequencyType | numberOfRepayments | graceOnPrincipalPayment | graceOnInterestPayment | interest free period | Payment strategy            |
      | LP2_ADV_PYMNT_INTEREST_DAILY_EMI_360_30_INTEREST_RECALCULATION_DAILY_TILL_PRECLOSE | 01 January 2024   | 100            | 7.0                    | DECLINING_BALANCE | DAILY                       | EQUAL_INSTALLMENTS | 6                 | MONTHS                | 1              | MONTHS                 | 6                  | 0                       | 0                      | 0                    | ADVANCED_PAYMENT_ALLOCATION |
  [32m✔[39m [32m[1mAnd [22mAdmin successfully approves the loan on [1m"1 January 2024"[22m with [1m"100"[22m amount and expected disbursement date on [1m"1 January 2024"[22m[39m [90m# org.apache.fineract.test.stepdef.loan.LoanStepDef.approveLoan(java.lang.String,java.lang.String,java.lang.String)[39m
  [32m✔[39m [32m[1mWhen [22mAdmin successfully disburse the loan on [1m"1 January 2024"[22m with [1m"100"[22m EUR transaction amount[39m                                   [90m# org.apache.fineract.test.stepdef.loan.LoanStepDef.disburseLoan(java.lang.String,java.lang.String)[39m
  [32m✔[39m [32m[1mWhen [22mAdmin sets the business date to [1m"15 July 2024"[22m[39m                                                                               [90m# org.apache.fineract.test.stepdef.common.BusinessDateStepDef.setBusinessDate(java.lang.String)[39m
  [32m✔[39m [32m[1mWhen [22mAdmin runs inline COB job for Loan[39m                                                                                           [90m# org.apache.fineract.test.stepdef.loan.InlineCOBStepDef.runInlineCOB()[39m
  [32m✔[39m [32m[1mThen [22mLoan Repayment schedule has [1m6[22m periods, with the following data for periods:[39m                                                  [90m# org.apache.fineract.test.stepdef.loan.LoanStepDef.loanRepaymentSchedulePeriodsCheck(int,io.cucumber.datatable.DataTable)[39m
      | Nr | Days | Date             | Paid date | Balance of loan | Principal due | Interest | Fees | Penalties | Due   | Paid | In advance | Late | Outstanding |
      |    |      | 01 January 2024  |           | 100.0           |               |          | 0.0  |           | 0.0   | 0.0  |            |      |             |
      | 1  | 31   | 01 February 2024 |           | 83.57           | 16.43         | 0.58     | 0.0  | 0.0       | 17.01 | 0.0  | 0.0        | 0.0  | 17.01       |
      | 2  | 29   | 01 March 2024    |           | 67.14           | 16.43         | 0.58     | 0.0  | 0.0       | 17.01 | 0.0  | 0.0        | 0.0  | 17.01       |
      | 3  | 31   | 01 April 2024    |           | 50.71           | 16.43         | 0.58     | 0.0  | 0.0       | 17.01 | 0.0  | 0.0        | 0.0  | 17.01       |
      | 4  | 30   | 01 May 2024      |           | 34.28           | 16.43         | 0.58     | 0.0  | 0.0       | 17.01 | 0.0  | 0.0        | 0.0  | 17.01       |
      | 5  | 31   | 01 June 2024     |           | 17.85           | 16.43         | 0.58     | 0.0  | 0.0       | 17.01 | 0.0  | 0.0        | 0.0  | 17.01       |
      | 6  | 30   | 01 July 2024     |           | 0.0             | 17.85         | 0.58     | 0.0  | 0.0       | 18.43 | 0.0  | 0.0        | 0.0  | 18.43       |

@LoanFeature @TestRailId:C3485
[1mScenario:[22m Interest recalculation - S2 2 overdue                                                                                       [90m# fineract-e2e-tests-runner/src/test/resources/features/Loan-Part3.feature:2760[39m
  [32m✔[39m [32m[1mGiven [22mGlobal configuration [1m"enable-business-date"[22m is enabled[39m                                                                      [90m# org.apache.fineract.test.stepdef.common.GlobalConfigurationStepDef.enableGlobalConfiguration(java.lang.String)[39m
  [32m✔[39m [32m[1mWhen [22mAdmin sets the business date to [1m"1 January 2024"[22m[39m                                                                             [90m# org.apache.fineract.test.stepdef.common.BusinessDateStepDef.setBusinessDate(java.lang.String)[39m
  [32m✔[39m [32m[1mWhen [22mAdmin creates a client with random data[39m                                                                                      [90m# org.apache.fineract.test.stepdef.common.ClientStepDef.createClientRandomFirstNameLastName()[39m
  [32m✔[39m [32m[1mWhen [22mAdmin creates a fully customized loan with the following data:[39m                                                               [90m# org.apache.fineract.test.stepdef.loan.LoanStepDef.createFullyCustomizedLoan(io.cucumber.datatable.DataTable)[39m
      | LoanProduct                                                                        | submitted on date | with Principal | ANNUAL interest rate % | interest type     | interest calculation period | amortization type  | loanTermFrequency | loanTermFrequencyType | repaymentEvery | repaymentFrequencyType | numberOfRepayments | graceOnPrincipalPayment | graceOnInterestPayment | interest free period | Payment strategy            |
      | LP2_ADV_PYMNT_INTEREST_DAILY_EMI_360_30_INTEREST_RECALCULATION_DAILY_TILL_PRECLOSE | 01 January 2024   | 100            | 7.0                    | DECLINING_BALANCE | DAILY                       | EQUAL_INSTALLMENTS | 6                 | MONTHS                | 1              | MONTHS                 | 6                  | 0                       | 0                      | 0                    | ADVANCED_PAYMENT_ALLOCATION |
  [32m✔[39m [32m[1mAnd [22mAdmin successfully approves the loan on [1m"1 January 2024"[22m with [1m"100"[22m amount and expected disbursement date on [1m"1 January 2024"[22m[39m [90m# org.apache.fineract.test.stepdef.loan.LoanStepDef.approveLoan(java.lang.String,java.lang.String,java.lang.String)[39m
  [32m✔[39m [32m[1mWhen [22mAdmin successfully disburse the loan on [1m"1 January 2024"[22m with [1m"100"[22m EUR transaction amount[39m                                   [90m# org.apache.fineract.test.stepdef.loan.LoanStepDef.disburseLoan(java.lang.String,java.lang.String)[39m
  [32m✔[39m [32m[1mWhen [22mAdmin sets the business date to [1m"10 March 2024"[22m[39m                                                                              [90m# org.apache.fineract.test.stepdef.common.BusinessDateStepDef.setBusinessDate(java.lang.String)[39m
  [32m✔[39m [32m[1mWhen [22mAdmin runs inline COB job for Loan[39m                                                                                           [90m# org.apache.fineract.test.stepdef.loan.InlineCOBStepDef.runInlineCOB()[39m
  [32m✔[39m [32m[1mThen [22mLoan Repayment schedule has [1m6[22m periods, with the following data for periods:[39m                                                  [90m# org.apache.fineract.test.stepdef.loan.LoanStepDef.loanRepaymentSchedulePeriodsCheck(int,io.cucumber.datatable.DataTable)[39m
      | Nr | Days | Date             | Paid date | Balance of loan | Principal due | Interest | Fees | Penalties | Due   | Paid | In advance | Late | Outstanding |
      |    |      | 01 January 2024  |           | 100.0           |               |          | 0.0  |           | 0.0   | 0.0  |            |      |             |
      | 1  | 31   | 01 February 2024 |           | 83.57           | 16.43         | 0.58     | 0.0  | 0.0       | 17.01 | 0.0  | 0.0        | 0.0  | 17.01       |
      | 2  | 29   | 01 March 2024    |           | 67.14           | 16.43         | 0.58     | 0.0  | 0.0       | 17.01 | 0.0  | 0.0        | 0.0  | 17.01       |
      | 3  | 31   | 01 April 2024    |           | 50.58           | 16.56         | 0.45     | 0.0  | 0.0       | 17.01 | 0.0  | 0.0        | 0.0  | 17.01       |
      | 4  | 30   | 01 May 2024      |           | 33.87           | 16.71         | 0.3      | 0.0  | 0.0       | 17.01 | 0.0  | 0.0        | 0.0  | 17.01       |
      | 5  | 31   | 01 June 2024     |           | 17.06           | 16.81         | 0.2      | 0.0  | 0.0       | 17.01 | 0.0  | 0.0        | 0.0  | 17.01       |
      | 6  | 30   | 01 July 2024     |           | 0.0             | 17.06         | 0.1      | 0.0  | 0.0       | 17.16 | 0.0  | 0.0        | 0.0  | 17.16       |

@LoanFeature @TestRailId:C3486
[1mScenario:[22m Interest recalculation - S3 1 paid, 1 overdue                                                                               [90m# fineract-e2e-tests-runner/src/test/resources/features/Loan-Part3.feature:2782[39m
  [32m✔[39m [32m[1mGiven [22mGlobal configuration [1m"enable-business-date"[22m is enabled[39m                                                                      [90m# org.apache.fineract.test.stepdef.common.GlobalConfigurationStepDef.enableGlobalConfiguration(java.lang.String)[39m
  [32m✔[39m [32m[1mWhen [22mAdmin sets the business date to [1m"1 January 2024"[22m[39m                                                                             [90m# org.apache.fineract.test.stepdef.common.BusinessDateStepDef.setBusinessDate(java.lang.String)[39m
  [32m✔[39m [32m[1mWhen [22mAdmin creates a client with random data[39m                                                                                      [90m# org.apache.fineract.test.stepdef.common.ClientStepDef.createClientRandomFirstNameLastName()[39m
  [32m✔[39m [32m[1mWhen [22mAdmin creates a fully customized loan with the following data:[39m                                                               [90m# org.apache.fineract.test.stepdef.loan.LoanStepDef.createFullyCustomizedLoan(io.cucumber.datatable.DataTable)[39m
      | LoanProduct                                                                        | submitted on date | with Principal | ANNUAL interest rate % | interest type     | interest calculation period | amortization type  | loanTermFrequency | loanTermFrequencyType | repaymentEvery | repaymentFrequencyType | numberOfRepayments | graceOnPrincipalPayment | graceOnInterestPayment | interest free period | Payment strategy            |
      | LP2_ADV_PYMNT_INTEREST_DAILY_EMI_360_30_INTEREST_RECALCULATION_DAILY_TILL_PRECLOSE | 01 January 2024   | 100            | 7.0                    | DECLINING_BALANCE | DAILY                       | EQUAL_INSTALLMENTS | 6                 | MONTHS                | 1              | MONTHS                 | 6                  | 0                       | 0                      | 0                    | ADVANCED_PAYMENT_ALLOCATION |
  [32m✔[39m [32m[1mAnd [22mAdmin successfully approves the loan on [1m"1 January 2024"[22m with [1m"100"[22m amount and expected disbursement date on [1m"1 January 2024"[22m[39m [90m# org.apache.fineract.test.stepdef.loan.LoanStepDef.approveLoan(java.lang.String,java.lang.String,java.lang.String)[39m
  [32m✔[39m [32m[1mWhen [22mAdmin successfully disburse the loan on [1m"1 January 2024"[22m with [1m"100"[22m EUR transaction amount[39m                                   [90m# org.apache.fineract.test.stepdef.loan.LoanStepDef.disburseLoan(java.lang.String,java.lang.String)[39m
  [32m✔[39m [32m[1mWhen [22mAdmin sets the business date to [1m"1 February 2024"[22m[39m                                                                            [90m# org.apache.fineract.test.stepdef.common.BusinessDateStepDef.setBusinessDate(java.lang.String)[39m
  [32m✔[39m [32m[1mAnd [22mCustomer makes [1m"AUTOPAY"[22m repayment on [1m"01 February 2024"[22m with [1m17.01[22m EUR transaction amount[39m                                    [90m# org.apache.fineract.test.stepdef.loan.LoanRepaymentStepDef.makeLoanRepayment(java.lang.String,java.lang.String,double)[39m
  [32m✔[39m [32m[1mWhen [22mAdmin sets the business date to [1m"10 March 2024"[22m[39m                                                                              [90m# org.apache.fineract.test.stepdef.common.BusinessDateStepDef.setBusinessDate(java.lang.String)[39m
  [32m✔[39m [32m[1mWhen [22mAdmin runs inline COB job for Loan[39m                                                                                           [90m# org.apache.fineract.test.stepdef.loan.InlineCOBStepDef.runInlineCOB()[39m
  [32m✔[39m [32m[1mThen [22mLoan Repayment schedule has [1m6[22m periods, with the following data for periods:[39m                                                  [90m# org.apache.fineract.test.stepdef.loan.LoanStepDef.loanRepaymentSchedulePeriodsCheck(int,io.cucumber.datatable.DataTable)[39m
      | Nr | Days | Date             | Paid date        | Balance of loan | Principal due | Interest | Fees | Penalties | Due   | Paid  | In advance | Late | Outstanding |
      |    |      | 01 January 2024  |                  | 100.0           |               |          | 0.0  |           | 0.0   | 0.0   |            |      |             |
      | 1  | 31   | 01 February 2024 | 01 February 2024 | 83.57           | 16.43         | 0.58     | 0.0  | 0.0       | 17.01 | 17.01 | 0.0        | 0.0  | 0.0         |
      | 2  | 29   | 01 March 2024    |                  | 67.05           | 16.52         | 0.49     | 0.0  | 0.0       | 17.01 | 0.0   | 0.0        | 0.0  | 17.01       |
      | 3  | 31   | 01 April 2024    |                  | 50.46           | 16.59         | 0.42     | 0.0  | 0.0       | 17.01 | 0.0   | 0.0        | 0.0  | 17.01       |
      | 4  | 30   | 01 May 2024      |                  | 33.74           | 16.72         | 0.29     | 0.0  | 0.0       | 17.01 | 0.0   | 0.0        | 0.0  | 17.01       |
      | 5  | 31   | 01 June 2024     |                  | 16.93           | 16.81         | 0.2      | 0.0  | 0.0       | 17.01 | 0.0   | 0.0        | 0.0  | 17.01       |
      | 6  | 30   | 01 July 2024     |                  | 0.0             | 16.93         | 0.1      | 0.0  | 0.0       | 17.03 | 0.0   | 0.0        | 0.0  | 17.03       |

@LoanFeature @TestRailId:C3487
[1mScenario:[22m Loan Details Emi Amount Variations - AssociationsAll                                                                        [90m# fineract-e2e-tests-runner/src/test/resources/features/Loan-Part3.feature:2806[39m
  [32m✔[39m [32m[1mGiven [22mGlobal configuration [1m"is-interest-to-be-recovered-first-when-greater-than-emi"[22m is enabled[39m                                   [90m# org.apache.fineract.test.stepdef.common.GlobalConfigurationStepDef.enableGlobalConfiguration(java.lang.String)[39m
  [32m✔[39m [32m[1mGiven [22mGlobal configuration [1m"enable-business-date"[22m is enabled[39m                                                                      [90m# org.apache.fineract.test.stepdef.common.GlobalConfigurationStepDef.enableGlobalConfiguration(java.lang.String)[39m
  [32m✔[39m [32m[1mWhen [22mAdmin sets the business date to [1m"1 January 2023"[22m[39m                                                                             [90m# org.apache.fineract.test.stepdef.common.BusinessDateStepDef.setBusinessDate(java.lang.String)[39m
  [32m✔[39m [32m[1mWhen [22mAdmin creates a client with random data[39m                                                                                      [90m# org.apache.fineract.test.stepdef.common.ClientStepDef.createClientRandomFirstNameLastName()[39m
  [32m✔[39m [32m[1mWhen [22mAdmin creates a fully customized loan with [1m"555"[22m emi and the following data:[39m                                                 [90m# org.apache.fineract.test.stepdef.loan.LoanStepDef.createFullyCustomizedLoanWithEmi(java.lang.String,io.cucumber.datatable.DataTable)[39m
      | LoanProduct                                                                                   | submitted on date | with Principal | ANNUAL interest rate % | interest type     | interest calculation period | amortization type  | loanTermFrequency | loanTermFrequencyType | repaymentEvery | repaymentFrequencyType | numberOfRepayments | graceOnPrincipalPayment | graceOnInterestPayment | interest free period | Payment strategy                        |
      | LP1_INTEREST_DECLINING_BALANCE_SAR_RECALCULATION_SAME_AS_REPAYMENT_COMPOUNDING_NONE_MULTIDISB | 01 January 2023   | 10000          | 12                     | DECLINING_BALANCE | SAME_AS_REPAYMENT_PERIOD    | EQUAL_INSTALLMENTS | 6                 | MONTHS                | 1              | MONTHS                 | 6                  | 0                       | 0                      | 0                    | PENALTIES_FEES_INTEREST_PRINCIPAL_ORDER |
  [32m✔[39m [32m[1mAnd [22mAdmin successfully approves the loan on [1m"1 January 2023"[22m with [1m"100"[22m amount and expected disbursement date on [1m"1 January 2023"[22m[39m [90m# org.apache.fineract.test.stepdef.loan.LoanStepDef.approveLoan(java.lang.String,java.lang.String,java.lang.String)[39m
  [32m✔[39m [32m[1mAnd [22mAdmin successfully disburse the loan on [1m"1 January 2023"[22m with [1m"100"[22m EUR transaction amount and [1m"50"[22m fixed emi amount[39m          [90m# org.apache.fineract.test.stepdef.loan.LoanStepDef.disburseLoanWithFixedEmiAmount(java.lang.String,java.lang.String,java.lang.String)[39m
  [32m✔[39m [32m[1mThen [22mLoan emi amount variations has [1m1[22m variation, with the following data:[39m                                                         [90m# org.apache.fineract.test.stepdef.loan.LoanStepDef.loanEmiAmountVariationsCheck(int,io.cucumber.datatable.DataTable)[39m
      | Term Type Id | Term Type Code         | Term Type Value | Applicable From | Decimal Value | Date Value | Is Specific To Installment | Is Processed |
      | 1            | loanTermType.emiAmount | emiAmount       | 01 January 2023 | 50.0          |            | false                      |              |

@LoanFeature @TestRailId:C3488
[1mScenario:[22m Loan Details Loan Term Variations                                                                                                                                  [90m# fineract-e2e-tests-runner/src/test/resources/features/Loan-Part3.feature:2821[39m
  [32m✔[39m [32m[1mGiven [22mGlobal configuration [1m"is-interest-to-be-recovered-first-when-greater-than-emi"[22m is enabled[39m                                                                          [90m# org.apache.fineract.test.stepdef.common.GlobalConfigurationStepDef.enableGlobalConfiguration(java.lang.String)[39m
  [32m✔[39m [32m[1mGiven [22mGlobal configuration [1m"enable-business-date"[22m is enabled[39m                                                                                                             [90m# org.apache.fineract.test.stepdef.common.GlobalConfigurationStepDef.enableGlobalConfiguration(java.lang.String)[39m
  [32m✔[39m [32m[1mWhen [22mAdmin sets the business date to [1m"1 January 2023"[22m[39m                                                                                                                    [90m# org.apache.fineract.test.stepdef.common.BusinessDateStepDef.setBusinessDate(java.lang.String)[39m
  [32m✔[39m [32m[1mWhen [22mAdmin creates a client with random data[39m                                                                                                                             [90m# org.apache.fineract.test.stepdef.common.ClientStepDef.createClientRandomFirstNameLastName()[39m
  [32m✔[39m [32m[1mWhen [22mAdmin creates a fully customized loan with [1m"555"[22m emi and the following data:[39m                                                                                        [90m# org.apache.fineract.test.stepdef.loan.LoanStepDef.createFullyCustomizedLoanWithEmi(java.lang.String,io.cucumber.datatable.DataTable)[39m
      | LoanProduct                                                                                   | submitted on date | with Principal | ANNUAL interest rate % | interest type     | interest calculation period | amortization type  | loanTermFrequency | loanTermFrequencyType | repaymentEvery | repaymentFrequencyType | numberOfRepayments | graceOnPrincipalPayment | graceOnInterestPayment | interest free period | Payment strategy                        |
      | LP1_INTEREST_DECLINING_BALANCE_SAR_RECALCULATION_SAME_AS_REPAYMENT_COMPOUNDING_NONE_MULTIDISB | 01 January 2023   | 10000          | 12                     | DECLINING_BALANCE | SAME_AS_REPAYMENT_PERIOD    | EQUAL_INSTALLMENTS | 6                 | MONTHS                | 1              | MONTHS                 | 6                  | 0                       | 0                      | 0                    | PENALTIES_FEES_INTEREST_PRINCIPAL_ORDER |
  [32m✔[39m [32m[1mAnd [22mAdmin successfully approves the loan on [1m"1 January 2023"[22m with [1m"100"[22m amount and expected disbursement date on [1m"1 January 2023"[22m[39m                                        [90m# org.apache.fineract.test.stepdef.loan.LoanStepDef.approveLoan(java.lang.String,java.lang.String,java.lang.String)[39m
  [32m✔[39m [32m[1mAnd [22mAdmin successfully disburse the loan on [1m"1 January 2023"[22m with [1m"100"[22m EUR transaction amount, [1m"50"[22m EUR fixed emi amount and adjust repayment date on [1m"15 January 2023"[22m[39m [90m# org.apache.fineract.test.stepdef.loan.LoanStepDef.disburseLoanWithFixedEmiAmountAndAdjustRepaymentDate(java.lang.String,java.lang.String,java.lang.String,java.lang.String)[39m
  [32m✔[39m [32m[1mThen [22mLoan term variations has [1m2[22m variation, with the following data:[39m                                                                                                      [90m# org.apache.fineract.test.stepdef.loan.LoanStepDef.loanTermVariationsCheck(int,io.cucumber.datatable.DataTable)[39m
      | Term Type Id | Term Type Code         | Term Type Value | Applicable From  | Decimal Value | Date Value      | Is Specific To Installment | Is Processed |
      | 1            | loanTermType.emiAmount | emiAmount       | 01 January 2023  | 50.0          |                 | false                      |              |
      | 4            | loanTermType.dueDate   | dueDate         | 01 February 2023 | 50.0          | 15 January 2023 | false                      |              |

@LoanFeature @TestRailId:C3489
[1mScenario:[22m EMI calculation with 360/30 Early repayment - Last installment strategy - UC1: Multiple early repayment                       [90m# fineract-e2e-tests-runner/src/test/resources/features/Loan-Part3.feature:2837[39m
  [32m✔[39m [32m[1mWhen [22mAdmin sets the business date to [1m"01 January 2024"[22m[39m                                                                              [90m# org.apache.fineract.test.stepdef.common.BusinessDateStepDef.setBusinessDate(java.lang.String)[39m
  [32m✔[39m [32m[1mWhen [22mAdmin creates a client with random data[39m                                                                                        [90m# org.apache.fineract.test.stepdef.common.ClientStepDef.createClientRandomFirstNameLastName()[39m
  [32m✔[39m [32m[1mWhen [22mAdmin creates a fully customized loan with the following data:[39m                                                                 [90m# org.apache.fineract.test.stepdef.loan.LoanStepDef.createFullyCustomizedLoan(io.cucumber.datatable.DataTable)[39m
      | LoanProduct                                                                              | submitted on date | with Principal | ANNUAL interest rate % | interest type     | interest calculation period | amortization type  | loanTermFrequency | loanTermFrequencyType | repaymentEvery | repaymentFrequencyType | numberOfRepayments | graceOnPrincipalPayment | graceOnInterestPayment | interest free period | Payment strategy            |
      | LP2_ADV_PYMNT_INTEREST_DAILY_EMI_360_30_IR_DAILY_TILL_PRECLOSE_LAST_INSTALLMENT_STRATEGY | 01 January 2024   | 100            | 7.0                    | DECLINING_BALANCE | DAILY                       | EQUAL_INSTALLMENTS | 6                 | MONTHS                | 1              | MONTHS                 | 6                  | 0                       | 0                      | 0                    | ADVANCED_PAYMENT_ALLOCATION |
  [32m✔[39m [32m[1mAnd [22mAdmin successfully approves the loan on [1m"01 January 2024"[22m with [1m"100"[22m amount and expected disbursement date on [1m"01 January 2024"[22m[39m [90m# org.apache.fineract.test.stepdef.loan.LoanStepDef.approveLoan(java.lang.String,java.lang.String,java.lang.String)[39m
  [32m✔[39m [32m[1mWhen [22mAdmin successfully disburse the loan on [1m"01 January 2024"[22m with [1m"100"[22m EUR transaction amount[39m                                    [90m# org.apache.fineract.test.stepdef.loan.LoanStepDef.disburseLoan(java.lang.String,java.lang.String)[39m
  [32m✔[39m [32m[1mThen [22mLoan Repayment schedule has [1m6[22m periods, with the following data for periods:[39m                                                    [90m# org.apache.fineract.test.stepdef.loan.LoanStepDef.loanRepaymentSchedulePeriodsCheck(int,io.cucumber.datatable.DataTable)[39m
      | Nr | Days | Date             | Paid date | Balance of loan | Principal due | Interest | Fees | Penalties | Due   | Paid | In advance | Late | Outstanding |
      |    |      | 01 January 2024  |           | 100.0           |               |          | 0.0  |           | 0.0   | 0.0  |            |      |             |
      | 1  | 31   | 01 February 2024 |           | 83.57           | 16.43         | 0.58     | 0.0  | 0.0       | 17.01 | 0.0  | 0.0        | 0.0  | 17.01       |
      | 2  | 29   | 01 March 2024    |           | 67.05           | 16.52         | 0.49     | 0.0  | 0.0       | 17.01 | 0.0  | 0.0        | 0.0  | 17.01       |
      | 3  | 31   | 01 April 2024    |           | 50.43           | 16.62         | 0.39     | 0.0  | 0.0       | 17.01 | 0.0  | 0.0        | 0.0  | 17.01       |
      | 4  | 30   | 01 May 2024      |           | 33.71           | 16.72         | 0.29     | 0.0  | 0.0       | 17.01 | 0.0  | 0.0        | 0.0  | 17.01       |
      | 5  | 31   | 01 June 2024     |           | 16.9            | 16.81         | 0.2      | 0.0  | 0.0       | 17.01 | 0.0  | 0.0        | 0.0  | 17.01       |
      | 6  | 30   | 01 July 2024     |           | 0.0             | 16.9          | 0.1      | 0.0  | 0.0       | 17.0  | 0.0  | 0.0        | 0.0  | 17.0        |
  [32m✔[39m [32m[1mThen [22mLoan Repayment schedule has the following data in Total row:[39m                                                                   [90m# org.apache.fineract.test.stepdef.loan.LoanStepDef.loanRepaymentScheduleAmountCheck(io.cucumber.datatable.DataTable)[39m
      | Principal due | Interest | Fees | Penalties | Due    | Paid | In advance | Late | Outstanding |
      | 100.0         | 2.05     | 0.0  | 0.0       | 102.05 | 0.0  | 0.0        | 0.0  | 102.05      |
  [32m✔[39m [32m[1mThen [22mLoan Transactions tab has the following data:[39m                                                                                  [90m# org.apache.fineract.test.stepdef.loan.LoanStepDef.loanTransactionsTabCheck(io.cucumber.datatable.DataTable)[39m
      | Transaction date | Transaction Type | Amount | Principal | Interest | Fees | Penalties | Loan Balance |
      | 01 January 2024  | Disbursement     | 100.0  | 0.0       | 0.0      | 0.0  | 0.0       | 100.0        |
  [32m✔[39m [32m[1mWhen [22mAdmin sets the business date to [1m"15 January 2024"[22m[39m                                                                              [90m# org.apache.fineract.test.stepdef.common.BusinessDateStepDef.setBusinessDate(java.lang.String)[39m
  [32m✔[39m [32m[1mAnd [22mCustomer makes [1m"AUTOPAY"[22m repayment on [1m"15 January 2024"[22m with [1m15.00[22m EUR transaction amount[39m                                       [90m# org.apache.fineract.test.stepdef.loan.LoanRepaymentStepDef.makeLoanRepayment(java.lang.String,java.lang.String,double)[39m
  [32m✔[39m [32m[1mThen [22mLoan Repayment schedule has [1m6[22m periods, with the following data for periods:[39m                                                    [90m# org.apache.fineract.test.stepdef.loan.LoanStepDef.loanRepaymentSchedulePeriodsCheck(int,io.cucumber.datatable.DataTable)[39m
      | Nr | Days | Date             | Paid date | Balance of loan | Principal due | Interest | Fees | Penalties | Due   | Paid | In advance | Late | Outstanding |
      |    |      | 01 January 2024  |           | 100.0           |               |          | 0.0  |           | 0.0   | 0.0  |            |      |             |
      | 1  | 31   | 01 February 2024 |           | 83.53           | 16.47         | 0.54     | 0.0  | 0.0       | 17.01 | 0.0  | 0.0        | 0.0  | 17.01       |
      | 2  | 29   | 01 March 2024    |           | 66.92           | 16.61         | 0.4      | 0.0  | 0.0       | 17.01 | 0.0  | 0.0        | 0.0  | 17.01       |
      | 3  | 31   | 01 April 2024    |           | 50.21           | 16.71         | 0.3      | 0.0  | 0.0       | 17.01 | 0.0  | 0.0        | 0.0  | 17.01       |
      | 4  | 30   | 01 May 2024      |           | 33.41           | 16.8          | 0.21     | 0.0  | 0.0       | 17.01 | 0.0  | 0.0        | 0.0  | 17.01       |
      | 5  | 31   | 01 June 2024     |           | 16.51           | 16.9          | 0.11     | 0.0  | 0.0       | 17.01 | 0.0  | 0.0        | 0.0  | 17.01       |
      | 6  | 30   | 01 July 2024     |           | 0.0             | 16.51         | 0.01     | 0.0  | 0.0       | 16.52 | 15.0 | 15.0       | 0.0  | 1.52        |
  [32m✔[39m [32m[1mThen [22mLoan Repayment schedule has the following data in Total row:[39m                                                                   [90m# org.apache.fineract.test.stepdef.loan.LoanStepDef.loanRepaymentScheduleAmountCheck(io.cucumber.datatable.DataTable)[39m
      | Principal due | Interest | Fees | Penalties | Due    | Paid | In advance | Late | Outstanding |
      | 100.0         | 1.57     | 0.0  | 0.0       | 101.57 | 15.0 | 15.0       | 0.0  | 86.57       |
  [32m✔[39m [32m[1mThen [22mLoan Transactions tab has the following data:[39m                                                                                  [90m# org.apache.fineract.test.stepdef.loan.LoanStepDef.loanTransactionsTabCheck(io.cucumber.datatable.DataTable)[39m
      | Transaction date | Transaction Type | Amount | Principal | Interest | Fees | Penalties | Loan Balance |
      | 01 January 2024  | Disbursement     | 100.0  | 0.0       | 0.0      | 0.0  | 0.0       | 100.0        |
      | 15 January 2024  | Repayment        | 15.0   | 15.0      | 0.0      | 0.0  | 0.0       | 85.0         |
  [32m✔[39m [32m[1mAnd [22mCustomer makes [1m"AUTOPAY"[22m repayment on [1m"15 January 2024"[22m with [1m1.50[22m EUR transaction amount[39m                                        [90m# org.apache.fineract.test.stepdef.loan.LoanRepaymentStepDef.makeLoanRepayment(java.lang.String,java.lang.String,double)[39m
  [32m✔[39m [32m[1mThen [22mLoan Repayment schedule has [1m6[22m periods, with the following data for periods:[39m                                                    [90m# org.apache.fineract.test.stepdef.loan.LoanStepDef.loanRepaymentSchedulePeriodsCheck(int,io.cucumber.datatable.DataTable)[39m
      | Nr | Days | Date             | Paid date       | Balance of loan | Principal due | Interest | Fees | Penalties | Due   | Paid | In advance | Late | Outstanding |
      |    |      | 01 January 2024  |                 | 100.0           |               |          | 0.0  |           | 0.0   | 0.0  |            |      |             |
      | 1  | 31   | 01 February 2024 |                 | 83.52           | 16.48         | 0.53     | 0.0  | 0.0       | 17.01 | 0.0  | 0.0        | 0.0  | 17.01       |
      | 2  | 29   | 01 March 2024    |                 | 66.9            | 16.62         | 0.39     | 0.0  | 0.0       | 17.01 | 0.0  | 0.0        | 0.0  | 17.01       |
      | 3  | 31   | 01 April 2024    |                 | 50.18           | 16.72         | 0.29     | 0.0  | 0.0       | 17.01 | 0.0  | 0.0        | 0.0  | 17.01       |
      | 4  | 30   | 01 May 2024      |                 | 33.37           | 16.81         | 0.2      | 0.0  | 0.0       | 17.01 | 0.0  | 0.0        | 0.0  | 17.01       |
      | 5  | 31   | 01 June 2024     |                 | 16.5            | 16.87         | 0.1      | 0.0  | 0.0       | 16.97 | 0.0  | 0.0        | 0.0  | 16.97       |
      | 6  | 30   | 01 July 2024     | 15 January 2024 | 0.0             | 16.5          | 0.0      | 0.0  | 0.0       | 16.5  | 16.5 | 16.5       | 0.0  | 0.0         |
  [32m✔[39m [32m[1mThen [22mLoan Repayment schedule has the following data in Total row:[39m                                                                   [90m# org.apache.fineract.test.stepdef.loan.LoanStepDef.loanRepaymentScheduleAmountCheck(io.cucumber.datatable.DataTable)[39m
      | Principal due | Interest | Fees | Penalties | Due    | Paid | In advance | Late | Outstanding |
      | 100.0         | 1.51     | 0.0  | 0.0       | 101.51 | 16.5 | 16.5       | 0.0  | 85.01       |
  [32m✔[39m [32m[1mThen [22mLoan Transactions tab has the following data:[39m                                                                                  [90m# org.apache.fineract.test.stepdef.loan.LoanStepDef.loanTransactionsTabCheck(io.cucumber.datatable.DataTable)[39m
      | Transaction date | Transaction Type | Amount | Principal | Interest | Fees | Penalties | Loan Balance |
      | 01 January 2024  | Disbursement     | 100.0  | 0.0       | 0.0      | 0.0  | 0.0       | 100.0        |
      | 15 January 2024  | Repayment        | 15.0   | 15.0      | 0.0      | 0.0  | 0.0       | 85.0         |
      | 15 January 2024  | Repayment        | 1.5    | 1.5       | 0.0      | 0.0  | 0.0       | 83.5         |
  [32m✔[39m [32m[1mAnd [22mCustomer makes [1m"AUTOPAY"[22m repayment on [1m"15 January 2024"[22m with [1m83.76[22m EUR transaction amount[39m                                       [90m# org.apache.fineract.test.stepdef.loan.LoanRepaymentStepDef.makeLoanRepayment(java.lang.String,java.lang.String,double)[39m
  [32m✔[39m [32m[1mThen [22mLoan Repayment schedule has [1m6[22m periods, with the following data for periods:[39m                                                    [90m# org.apache.fineract.test.stepdef.loan.LoanStepDef.loanRepaymentSchedulePeriodsCheck(int,io.cucumber.datatable.DataTable)[39m
      | Nr | Days | Date             | Paid date       | Balance of loan | Principal due | Interest | Fees | Penalties | Due   | Paid  | In advance | Late | Outstanding |
      |    |      | 01 January 2024  |                 | 100.0           |               |          | 0.0  |           | 0.0   | 0.0   |            |      |             |
      | 1  | 31   | 01 February 2024 | 15 January 2024 | 84.54           | 15.46         | 0.26     | 0.0  | 0.0       | 15.72 | 15.72 | 15.72      | 0.0  | 0.0         |
      | 2  | 29   | 01 March 2024    | 15 January 2024 | 67.53           | 17.01         | 0.0      | 0.0  | 0.0       | 17.01 | 17.01 | 17.01      | 0.0  | 0.0         |
      | 3  | 31   | 01 April 2024    | 15 January 2024 | 50.52           | 17.01         | 0.0      | 0.0  | 0.0       | 17.01 | 17.01 | 17.01      | 0.0  | 0.0         |
      | 4  | 30   | 01 May 2024      | 15 January 2024 | 33.51           | 17.01         | 0.0      | 0.0  | 0.0       | 17.01 | 17.01 | 17.01      | 0.0  | 0.0         |
      | 5  | 31   | 01 June 2024     | 15 January 2024 | 16.5            | 17.01         | 0.0      | 0.0  | 0.0       | 17.01 | 17.01 | 17.01      | 0.0  | 0.0         |
      | 6  | 30   | 01 July 2024     | 15 January 2024 | 0.0             | 16.5          | 0.0      | 0.0  | 0.0       | 16.5  | 16.5  | 16.5       | 0.0  | 0.0         |
  [32m✔[39m [32m[1mThen [22mLoan Repayment schedule has the following data in Total row:[39m                                                                   [90m# org.apache.fineract.test.stepdef.loan.LoanStepDef.loanRepaymentScheduleAmountCheck(io.cucumber.datatable.DataTable)[39m
      | Principal due | Interest | Fees | Penalties | Due    | Paid   | In advance | Late | Outstanding |
      | 100.0         | 0.26     | 0.0  | 0.0       | 100.26 | 100.26 | 100.26     | 0.0  | 0.0         |
  [32m✔[39m [32m[1mThen [22mLoan Transactions tab has the following data:[39m                                                                                  [90m# org.apache.fineract.test.stepdef.loan.LoanStepDef.loanTransactionsTabCheck(io.cucumber.datatable.DataTable)[39m
      | Transaction date | Transaction Type | Amount | Principal | Interest | Fees | Penalties | Loan Balance |
      | 01 January 2024  | Disbursement     | 100.0  | 0.0       | 0.0      | 0.0  | 0.0       | 100.0        |
      | 15 January 2024  | Repayment        | 15.0   | 15.0      | 0.0      | 0.0  | 0.0       | 85.0         |
      | 15 January 2024  | Repayment        | 1.5    | 1.5       | 0.0      | 0.0  | 0.0       | 83.5         |
      | 15 January 2024  | Repayment        | 83.76  | 83.5      | 0.26     | 0.0  | 0.0       | 0.0          |
      | 15 January 2024  | Accrual          | 0.26   | 0.0       | 0.26     | 0.0  | 0.0       | 0.0          |
  [32m✔[39m [32m[1mThen [22mLoan status will be [1m"CLOSED_OBLIGATIONS_MET"[22m[39m                                                                                   [90m# org.apache.fineract.test.stepdef.loan.LoanStepDef.loanStatus(java.lang.String)[39m

[31mFailed scenarios:[39m
  1) Verify that second disbursement is working on overpaid accounts in case of NEXT_INSTALLMENT future installment allocation rule [90m# file:///work/fineract-e2e-tests-runner/src/test/resources/features/Loan-Part3.feature:1829[39m
       [31morg.opentest4j.AssertionFailedError: [[39m
       [31mWrong value in Repayment schedule of resource 20 tab line 6.[39m
       [31mActual values in line (with the same due date) are: [39m
       [31m[4, 15, 31 January 2024, null, 312.0, 313.0, 0.0, 0.0, 0.0, 313.0, 125.0, 125.0, 0.0, 188.0] - [39m
       [31mBut expected values in line: [39m
       [31m[4, 15, 31 January 2024, null, 313.0, 312.0, 0.0, 0.0, 0.0, 312.0, 125.0, 125.0, 0.0, 187.0]] [39m
       [31mExpecting value to be true but was false[39m
       [31m	at org.apache.fineract.test.stepdef.loan.LoanStepDef.loanRepaymentSchedulePeriodsCheck(LoanStepDef.java:2312)[39m
       [31m	at ✽.Loan Repayment schedule has 5 periods, with the following data for periods:(file:///work/fineract-e2e-tests-runner/src/test/resources/features/Loan-Part3.feature:1845)[39m

  2) Verify that second disbursement is working on overpaid accounts in case of REAMORTIZATION future installment allocation rule [90m# file:///work/fineract-e2e-tests-runner/src/test/resources/features/Loan-Part3.feature:1866[39m
       [31morg.opentest4j.AssertionFailedError: [[39m
       [31mWrong value in Repayment schedule of resource 21 tab line 6.[39m
       [31mActual values in line (with the same due date) are: [39m
       [31m[4, 15, 31 January 2024, null, 312.0, 313.0, 0.0, 0.0, 0.0, 313.0, 125.0, 125.0, 0.0, 188.0] - [39m
       [31mBut expected values in line: [39m
       [31m[4, 15, 31 January 2024, null, 313.0, 312.0, 0.0, 0.0, 0.0, 312.0, 125.0, 125.0, 0.0, 187.0]] [39m
       [31mExpecting value to be true but was false[39m
       [31m	at org.apache.fineract.test.stepdef.loan.LoanStepDef.loanRepaymentSchedulePeriodsCheck(LoanStepDef.java:2312)[39m
       [31m	at ✽.Loan Repayment schedule has 5 periods, with the following data for periods:(file:///work/fineract-e2e-tests-runner/src/test/resources/features/Loan-Part3.feature:1882)[39m

  3) Verify that disbursement can be done on overpaid loan in case of cummulative loan schedule [90m# file:///work/fineract-e2e-tests-runner/src/test/resources/features/Loan-Part3.feature:2011[39m
       [31morg.opentest4j.AssertionFailedError: [[39m
       [31mWrong value in Repayment schedule of resource 25 tab line 7.[39m
       [31mActual values in line (with the same due date) are: [39m
       [31m[4, 29, 01 March 2024, 02 February 2024, 525.0, 262.0, 0.0, 0.0, 0.0, 262.0, 262.0, 262.0, 0.0, 0.0] - [39m
       [31mBut expected values in line: [39m
       [31m[4, 29, 01 March 2024, 02 February 2024, 524.0, 263.0, 0.0, 0.0, 0.0, 263.0, 263.0, 263.0, 0.0, 0.0]] [39m
       [31mExpecting value to be true but was false[39m
       [31m	at org.apache.fineract.test.stepdef.loan.LoanStepDef.loanRepaymentSchedulePeriodsCheck(LoanStepDef.java:2312)[39m
       [31m	at ✽.Loan Repayment schedule has 6 periods, with the following data for periods:(file:///work/fineract-e2e-tests-runner/src/test/resources/features/Loan-Part3.feature:2049)[39m


50 scenarios ([32m47 passed[39m, [31m3 failed[39m)
1244 steps ([32m1226 passed[39m, [36m15 skipped[39m, [31m3 failed[39m)
1m 10.447s

> Task :fineract-e2e-tests-runner:cucumber FAILED

FAILURE: Build failed with an exception.

* What went wrong:
Execution failed for task ':fineract-e2e-tests-runner:cucumber'.
> java.lang.RuntimeException: The execution failed

* Try:
> Run with --stacktrace option to get the stack trace.
> Run with --info or --debug option to get more log output.
> Get more help at https://help.gradle.org.

BUILD FAILED in 1m 23s

[Incubating] Problems report is available at: file:///work/build/reports/problems/problems-report.html

Deprecated Gradle features were used in this build, making it incompatible with Gradle 9.0.

You can use '--warning-mode all' to show the individual deprecation warnings and determine if they come from your own scripts or plugins.

For more on this, please refer to https://docs.gradle.org/8.14.5/userguide/command_line_interface.html#sec:command_line_warnings in the Gradle documentation.
24 actionable tasks: 1 executed, 23 up-to-date
=== run end 2026-09-12T14:29:15Z rc=1 ===
